img,variant,klass,pixel_identical,max_abs_diff,vllm_prod_hit,vllm_prod_sha_hit,vllm_pil_hit,sglang_hit
img_0000.png,L1_png_reopt,lossless,1,0,0,0,1,1
img_0000.png,L1b_png_recompress0,lossless,1,0,0,0,1,1
img_0000.png,L2_exif_strip,lossless,1,0,0,0,1,1
img_0000.png,L3_lossless_webp,lossless,1,0,0,0,1,1
img_0000.png,L4_base64_rewrap,lossless,1,0,1,1,1,1
img_0000.png,L5_client_resave_tiff,lossless,1,0,0,0,1,1
img_0000.png,Y1_jpeg_q90,lossy,0,7,0,0,0,0
img_0000.png,Y2_jpeg_q95,lossy,0,6,0,0,0,0
img_0000.png,Y3_resize99,lossy,0,3,0,0,0,0
img_0001.png,L1_png_reopt,lossless,1,0,0,0,1,1
img_0001.png,L1b_png_recompress0,lossless,1,0,0,0,1,1
img_0001.png,L2_exif_strip,lossless,1,0,0,0,1,1
img_0001.png,L3_lossless_webp,lossless,1,0,0,0,1,1
img_0001.png,L4_base64_rewrap,lossless,1,0,1,1,1,1
img_0001.png,L5_client_resave_tiff,lossless,1,0,0,0,1,1
img_0001.png,Y1_jpeg_q90,lossy,0,6,0,0,0,0
img_0001.png,Y2_jpeg_q95,lossy,0,6,0,0,0,0
img_0001.png,Y3_resize99,lossy,0,3,0,0,0,0
img_0002.png,L1_png_reopt,lossless,1,0,0,0,1,1
img_0002.png,L1b_png_recompress0,lossless,1,0,0,0,1,1
img_0002.png,L2_exif_strip,lossless,1,0,0,0,1,1
img_0002.png,L3_lossless_webp,lossless,1,0,0,0,1,1
img_0002.png,L4_base64_rewrap,lossless,1,0,1,1,1,1
img_0002.png,L5_client_resave_tiff,lossless,1,0,0,0,1,1
img_0002.png,Y1_jpeg_q90,lossy,0,7,0,0,0,0
img_0002.png,Y2_jpeg_q95,lossy,0,6,0,0,0,0
img_0002.png,Y3_resize99,lossy,0,3,0,0,0,0
img_0003.png,L1_png_reopt,lossless,1,0,0,0,1,1
img_0003.png,L1b_png_recompress0,lossless,1,0,0,0,1,1
img_0003.png,L2_exif_strip,lossless,1,0,0,0,1,1
img_0003.png,L3_lossless_webp,lossless,1,0,0,0,1,1
img_0003.png,L4_base64_rewrap,lossless,1,0,1,1,1,1
img_0003.png,L5_client_resave_tiff,lossless,1,0,0,0,1,1
img_0003.png,Y1_jpeg_q90,lossy,0,7,0,0,0,0
img_0003.png,Y2_jpeg_q95,lossy,0,5,0,0,0,0
img_0003.png,Y3_resize99,lossy,0,4,0,0,0,0
img_0004.png,L1_png_reopt,lossless,1,0,0,0,1,1
img_0004.png,L1b_png_recompress0,lossless,1,0,0,0,1,1
img_0004.png,L2_exif_strip,lossless,1,0,0,0,1,1
img_0004.png,L3_lossless_webp,lossless,1,0,0,0,1,1
img_0004.png,L4_base64_rewrap,lossless,1,0,1,1,1,1
img_0004.png,L5_client_resave_tiff,lossless,1,0,0,0,1,1
img_0004.png,Y1_jpeg_q90,lossy,0,6,0,0,0,0
img_0004.png,Y2_jpeg_q95,lossy,0,5,0,0,0,0
img_0004.png,Y3_resize99,lossy,0,3,0,0,0,0
img_0005.png,L1_png_reopt,lossless,1,0,0,0,1,1
img_0005.png,L1b_png_recompress0,lossless,1,0,0,0,1,1
img_0005.png,L2_exif_strip,lossless,1,0,0,0,1,1
img_0005.png,L3_lossless_webp,lossless,1,0,0,0,1,1
img_0005.png,L4_base64_rewrap,lossless,1,0,1,1,1,1
img_0005.png,L5_client_resave_tiff,lossless,1,0,0,0,1,1
img_0005.png,Y1_jpeg_q90,lossy,0,5,0,0,0,0
img_0005.png,Y2_jpeg_q95,lossy,0,4,0,0,0,0
img_0005.png,Y3_resize99,lossy,0,2,0,0,0,0
img_0006.png,L1_png_reopt,lossless,1,0,0,0,1,1
img_0006.png,L1b_png_recompress0,lossless,1,0,0,0,1,1
img_0006.png,L2_exif_strip,lossless,1,0,0,0,1,1
img_0006.png,L3_lossless_webp,lossless,1,0,0,0,1,1
img_0006.png,L4_base64_rewrap,lossless,1,0,1,1,1,1
img_0006.png,L5_client_resave_tiff,lossless,1,0,0,0,1,1
img_0006.png,Y1_jpeg_q90,lossy,0,9,0,0,0,0
img_0006.png,Y2_jpeg_q95,lossy,0,7,0,0,0,0
img_0006.png,Y3_resize99,lossy,0,4,0,0,0,0
img_0007.png,L1_png_reopt,lossless,1,0,0,0,1,1
img_0007.png,L1b_png_recompress0,lossless,1,0,0,0,1,1
img_0007.png,L2_exif_strip,lossless,1,0,0,0,1,1
img_0007.png,L3_lossless_webp,lossless,1,0,0,0,1,1
img_0007.png,L4_base64_rewrap,lossless,1,0,1,1,1,1
img_0007.png,L5_client_resave_tiff,lossless,1,0,0,0,1,1
img_0007.png,Y1_jpeg_q90,lossy,0,7,0,0,0,0
img_0007.png,Y2_jpeg_q95,lossy,0,5,0,0,0,0
img_0007.png,Y3_resize99,lossy,0,3,0,0,0,0
img_0008.png,L1_png_reopt,lossless,1,0,0,0,1,1
img_0008.png,L1b_png_recompress0,lossless,1,0,0,0,1,1
img_0008.png,L2_exif_strip,lossless,1,0,0,0,1,1
img_0008.png,L3_lossless_webp,lossless,1,0,0,0,1,1
img_0008.png,L4_base64_rewrap,lossless,1,0,1,1,1,1
img_0008.png,L5_client_resave_tiff,lossless,1,0,0,0,1,1
img_0008.png,Y1_jpeg_q90,lossy,0,6,0,0,0,0
img_0008.png,Y2_jpeg_q95,lossy,0,5,0,0,0,0
img_0008.png,Y3_resize99,lossy,0,3,0,0,0,0
img_0009.png,L1_png_reopt,lossless,1,0,0,0,1,1
img_0009.png,L1b_png_recompress0,lossless,1,0,0,0,1,1
img_0009.png,L2_exif_strip,lossless,1,0,0,0,1,1
img_0009.png,L3_lossless_webp,lossless,1,0,0,0,1,1
img_0009.png,L4_base64_rewrap,lossless,1,0,1,1,1,1
img_0009.png,L5_client_resave_tiff,lossless,1,0,0,0,1,1
img_0009.png,Y1_jpeg_q90,lossy,0,7,0,0,0,0
img_0009.png,Y2_jpeg_q95,lossy,0,6,0,0,0,0
img_0009.png,Y3_resize99,lossy,0,4,0,0,0,0
img_0010.png,L1_png_reopt,lossless,1,0,0,0,1,1
img_0010.png,L1b_png_recompress0,lossless,1,0,0,0,1,1
img_0010.png,L2_exif_strip,lossless,1,0,0,0,1,1
img_0010.png,L3_lossless_webp,lossless,1,0,0,0,1,1
img_0010.png,L4_base64_rewrap,lossless,1,0,1,1,1,1
img_0010.png,L5_client_resave_tiff,lossless,1,0,0,0,1,1
img_0010.png,Y1_jpeg_q90,lossy,0,8,0,0,0,0
img_0010.png,Y2_jpeg_q95,lossy,0,5,0,0,0,0
img_0010.png,Y3_resize99,lossy,0,3,0,0,0,0
img_0011.png,L1_png_reopt,lossless,1,0,0,0,1,1
img_0011.png,L1b_png_recompress0,lossless,1,0,0,0,1,1
img_0011.png,L2_exif_strip,lossless,1,0,0,0,1,1
img_0011.png,L3_lossless_webp,lossless,1,0,0,0,1,1
img_0011.png,L4_base64_rewrap,lossless,1,0,1,1,1,1
img_0011.png,L5_client_resave_tiff,lossless,1,0,0,0,1,1
img_0011.png,Y1_jpeg_q90,lossy,0,9,0,0,0,0
img_0011.png,Y2_jpeg_q95,lossy,0,7,0,0,0,0
img_0011.png,Y3_resize99,lossy,0,4,0,0,0,0
img_0012.png,L1_png_reopt,lossless,1,0,0,0,1,1
img_0012.png,L1b_png_recompress0,lossless,1,0,0,0,1,1
img_0012.png,L2_exif_strip,lossless,1,0,0,0,1,1
img_0012.png,L3_lossless_webp,lossless,1,0,0,0,1,1
img_0012.png,L4_base64_rewrap,lossless,1,0,1,1,1,1
img_0012.png,L5_client_resave_tiff,lossless,1,0,0,0,1,1
img_0012.png,Y1_jpeg_q90,lossy,0,7,0,0,0,0
img_0012.png,Y2_jpeg_q95,lossy,0,5,0,0,0,0
img_0012.png,Y3_resize99,lossy,0,4,0,0,0,0
img_0013.png,L1_png_reopt,lossless,1,0,0,0,1,1
img_0013.png,L1b_png_recompress0,lossless,1,0,0,0,1,1
img_0013.png,L2_exif_strip,lossless,1,0,0,0,1,1
img_0013.png,L3_lossless_webp,lossless,1,0,0,0,1,1
img_0013.png,L4_base64_rewrap,lossless,1,0,1,1,1,1
img_0013.png,L5_client_resave_tiff,lossless,1,0,0,0,1,1
img_0013.png,Y1_jpeg_q90,lossy,0,6,0,0,0,0
img_0013.png,Y2_jpeg_q95,lossy,0,5,0,0,0,0
img_0013.png,Y3_resize99,lossy,0,3,0,0,0,0
img_0014.png,L1_png_reopt,lossless,1,0,0,0,1,1
img_0014.png,L1b_png_recompress0,lossless,1,0,0,0,1,1
img_0014.png,L2_exif_strip,lossless,1,0,0,0,1,1
img_0014.png,L3_lossless_webp,lossless,1,0,0,0,1,1
img_0014.png,L4_base64_rewrap,lossless,1,0,1,1,1,1
img_0014.png,L5_client_resave_tiff,lossless,1,0,0,0,1,1
img_0014.png,Y1_jpeg_q90,lossy,0,7,0,0,0,0
img_0014.png,Y2_jpeg_q95,lossy,0,6,0,0,0,0
img_0014.png,Y3_resize99,lossy,0,3,0,0,0,0
img_0015.png,L1_png_reopt,lossless,1,0,0,0,1,1
img_0015.png,L1b_png_recompress0,lossless,1,0,0,0,1,1
img_0015.png,L2_exif_strip,lossless,1,0,0,0,1,1
img_0015.png,L3_lossless_webp,lossless,1,0,0,0,1,1
img_0015.png,L4_base64_rewrap,lossless,1,0,1,1,1,1
img_0015.png,L5_client_resave_tiff,lossless,1,0,0,0,1,1
img_0015.png,Y1_jpeg_q90,lossy,0,7,0,0,0,0
img_0015.png,Y2_jpeg_q95,lossy,0,6,0,0,0,0
img_0015.png,Y3_resize99,lossy,0,4,0,0,0,0
img_0016.png,L1_png_reopt,lossless,1,0,0,0,1,1
img_0016.png,L1b_png_recompress0,lossless,1,0,0,0,1,1
img_0016.png,L2_exif_strip,lossless,1,0,0,0,1,1
img_0016.png,L3_lossless_webp,lossless,1,0,0,0,1,1
img_0016.png,L4_base64_rewrap,lossless,1,0,1,1,1,1
img_0016.png,L5_client_resave_tiff,lossless,1,0,0,0,1,1
img_0016.png,Y1_jpeg_q90,lossy,0,5,0,0,0,0
img_0016.png,Y2_jpeg_q95,lossy,0,4,0,0,0,0
img_0016.png,Y3_resize99,lossy,0,3,0,0,0,0
img_0017.png,L1_png_reopt,lossless,1,0,0,0,1,1
img_0017.png,L1b_png_recompress0,lossless,1,0,0,0,1,1
img_0017.png,L2_exif_strip,lossless,1,0,0,0,1,1
img_0017.png,L3_lossless_webp,lossless,1,0,0,0,1,1
img_0017.png,L4_base64_rewrap,lossless,1,0,1,1,1,1
img_0017.png,L5_client_resave_tiff,lossless,1,0,0,0,1,1
img_0017.png,Y1_jpeg_q90,lossy,0,6,0,0,0,0
img_0017.png,Y2_jpeg_q95,lossy,0,5,0,0,0,0
img_0017.png,Y3_resize99,lossy,0,3,0,0,0,0
img_0018.png,L1_png_reopt,lossless,1,0,0,0,1,1
img_0018.png,L1b_png_recompress0,lossless,1,0,0,0,1,1
img_0018.png,L2_exif_strip,lossless,1,0,0,0,1,1
img_0018.png,L3_lossless_webp,lossless,1,0,0,0,1,1
img_0018.png,L4_base64_rewrap,lossless,1,0,1,1,1,1
img_0018.png,L5_client_resave_tiff,lossless,1,0,0,0,1,1
img_0018.png,Y1_jpeg_q90,lossy,0,6,0,0,0,0
img_0018.png,Y2_jpeg_q95,lossy,0,5,0,0,0,0
img_0018.png,Y3_resize99,lossy,0,3,0,0,0,0
img_0019.png,L1_png_reopt,lossless,1,0,0,0,1,1
img_0019.png,L1b_png_recompress0,lossless,1,0,0,0,1,1
img_0019.png,L2_exif_strip,lossless,1,0,0,0,1,1
img_0019.png,L3_lossless_webp,lossless,1,0,0,0,1,1
img_0019.png,L4_base64_rewrap,lossless,1,0,1,1,1,1
img_0019.png,L5_client_resave_tiff,lossless,1,0,0,0,1,1
img_0019.png,Y1_jpeg_q90,lossy,0,6,0,0,0,0
img_0019.png,Y2_jpeg_q95,lossy,0,5,0,0,0,0
img_0019.png,Y3_resize99,lossy,0,3,0,0,0,0
img_0020.png,L1_png_reopt,lossless,1,0,0,0,1,1
img_0020.png,L1b_png_recompress0,lossless,1,0,0,0,1,1
img_0020.png,L2_exif_strip,lossless,1,0,0,0,1,1
img_0020.png,L3_lossless_webp,lossless,1,0,0,0,1,1
img_0020.png,L4_base64_rewrap,lossless,1,0,1,1,1,1
img_0020.png,L5_client_resave_tiff,lossless,1,0,0,0,1,1
img_0020.png,Y1_jpeg_q90,lossy,0,9,0,0,0,0
img_0020.png,Y2_jpeg_q95,lossy,0,6,0,0,0,0
img_0020.png,Y3_resize99,lossy,0,3,0,0,0,0
img_0021.png,L1_png_reopt,lossless,1,0,0,0,1,1
img_0021.png,L1b_png_recompress0,lossless,1,0,0,0,1,1
img_0021.png,L2_exif_strip,lossless,1,0,0,0,1,1
img_0021.png,L3_lossless_webp,lossless,1,0,0,0,1,1
img_0021.png,L4_base64_rewrap,lossless,1,0,1,1,1,1
img_0021.png,L5_client_resave_tiff,lossless,1,0,0,0,1,1
img_0021.png,Y1_jpeg_q90,lossy,0,6,0,0,0,0
img_0021.png,Y2_jpeg_q95,lossy,0,6,0,0,0,0
img_0021.png,Y3_resize99,lossy,0,3,0,0,0,0
img_0022.png,L1_png_reopt,lossless,1,0,0,0,1,1
img_0022.png,L1b_png_recompress0,lossless,1,0,0,0,1,1
img_0022.png,L2_exif_strip,lossless,1,0,0,0,1,1
img_0022.png,L3_lossless_webp,lossless,1,0,0,0,1,1
img_0022.png,L4_base64_rewrap,lossless,1,0,1,1,1,1
img_0022.png,L5_client_resave_tiff,lossless,1,0,0,0,1,1
img_0022.png,Y1_jpeg_q90,lossy,0,6,0,0,0,0
img_0022.png,Y2_jpeg_q95,lossy,0,4,0,0,0,0
img_0022.png,Y3_resize99,lossy,0,3,0,0,0,0
img_0023.png,L1_png_reopt,lossless,1,0,0,0,1,1
img_0023.png,L1b_png_recompress0,lossless,1,0,0,0,1,1
img_0023.png,L2_exif_strip,lossless,1,0,0,0,1,1
img_0023.png,L3_lossless_webp,lossless,1,0,0,0,1,1
img_0023.png,L4_base64_rewrap,lossless,1,0,1,1,1,1
img_0023.png,L5_client_resave_tiff,lossless,1,0,0,0,1,1
img_0023.png,Y1_jpeg_q90,lossy,0,8,0,0,0,0
img_0023.png,Y2_jpeg_q95,lossy,0,7,0,0,0,0
img_0023.png,Y3_resize99,lossy,0,4,0,0,0,0
img_0024.png,L1_png_reopt,lossless,1,0,0,0,1,1
img_0024.png,L1b_png_recompress0,lossless,1,0,0,0,1,1
img_0024.png,L2_exif_strip,lossless,1,0,0,0,1,1
img_0024.png,L3_lossless_webp,lossless,1,0,0,0,1,1
img_0024.png,L4_base64_rewrap,lossless,1,0,1,1,1,1
img_0024.png,L5_client_resave_tiff,lossless,1,0,0,0,1,1
img_0024.png,Y1_jpeg_q90,lossy,0,6,0,0,0,0
img_0024.png,Y2_jpeg_q95,lossy,0,5,0,0,0,0
img_0024.png,Y3_resize99,lossy,0,3,0,0,0,0
img_0025.png,L1_png_reopt,lossless,1,0,0,0,1,1
img_0025.png,L1b_png_recompress0,lossless,1,0,0,0,1,1
img_0025.png,L2_exif_strip,lossless,1,0,0,0,1,1
img_0025.png,L3_lossless_webp,lossless,1,0,0,0,1,1
img_0025.png,L4_base64_rewrap,lossless,1,0,1,1,1,1
img_0025.png,L5_client_resave_tiff,lossless,1,0,0,0,1,1
img_0025.png,Y1_jpeg_q90,lossy,0,6,0,0,0,0
img_0025.png,Y2_jpeg_q95,lossy,0,5,0,0,0,0
img_0025.png,Y3_resize99,lossy,0,2,0,0,0,0
img_0026.png,L1_png_reopt,lossless,1,0,0,0,1,1
img_0026.png,L1b_png_recompress0,lossless,1,0,0,0,1,1
img_0026.png,L2_exif_strip,lossless,1,0,0,0,1,1
img_0026.png,L3_lossless_webp,lossless,1,0,0,0,1,1
img_0026.png,L4_base64_rewrap,lossless,1,0,1,1,1,1
img_0026.png,L5_client_resave_tiff,lossless,1,0,0,0,1,1
img_0026.png,Y1_jpeg_q90,lossy,0,5,0,0,0,0
img_0026.png,Y2_jpeg_q95,lossy,0,4,0,0,0,0
img_0026.png,Y3_resize99,lossy,0,2,0,0,0,0
img_0027.png,L1_png_reopt,lossless,1,0,0,0,1,1
img_0027.png,L1b_png_recompress0,lossless,1,0,0,0,1,1
img_0027.png,L2_exif_strip,lossless,1,0,0,0,1,1
img_0027.png,L3_lossless_webp,lossless,1,0,0,0,1,1
img_0027.png,L4_base64_rewrap,lossless,1,0,1,1,1,1
img_0027.png,L5_client_resave_tiff,lossless,1,0,0,0,1,1
img_0027.png,Y1_jpeg_q90,lossy,0,7,0,0,0,0
img_0027.png,Y2_jpeg_q95,lossy,0,7,0,0,0,0
img_0027.png,Y3_resize99,lossy,0,4,0,0,0,0
img_0028.png,L1_png_reopt,lossless,1,0,0,0,1,1
img_0028.png,L1b_png_recompress0,lossless,1,0,0,0,1,1
img_0028.png,L2_exif_strip,lossless,1,0,0,0,1,1
img_0028.png,L3_lossless_webp,lossless,1,0,0,0,1,1
img_0028.png,L4_base64_rewrap,lossless,1,0,1,1,1,1
img_0028.png,L5_client_resave_tiff,lossless,1,0,0,0,1,1
img_0028.png,Y1_jpeg_q90,lossy,0,6,0,0,0,0
img_0028.png,Y2_jpeg_q95,lossy,0,4,0,0,0,0
img_0028.png,Y3_resize99,lossy,0,3,0,0,0,0
img_0029.png,L1_png_reopt,lossless,1,0,0,0,1,1
img_0029.png,L1b_png_recompress0,lossless,1,0,0,0,1,1
img_0029.png,L2_exif_strip,lossless,1,0,0,0,1,1
img_0029.png,L3_lossless_webp,lossless,1,0,0,0,1,1
img_0029.png,L4_base64_rewrap,lossless,1,0,1,1,1,1
img_0029.png,L5_client_resave_tiff,lossless,1,0,0,0,1,1
img_0029.png,Y1_jpeg_q90,lossy,0,12,0,0,0,0
img_0029.png,Y2_jpeg_q95,lossy,0,10,0,0,0,0
img_0029.png,Y3_resize99,lossy,0,4,0,0,0,0
img_0030.png,L1_png_reopt,lossless,1,0,0,0,1,1
img_0030.png,L1b_png_recompress0,lossless,1,0,0,0,1,1
img_0030.png,L2_exif_strip,lossless,1,0,0,0,1,1
img_0030.png,L3_lossless_webp,lossless,1,0,0,0,1,1
img_0030.png,L4_base64_rewrap,lossless,1,0,1,1,1,1
img_0030.png,L5_client_resave_tiff,lossless,1,0,0,0,1,1
img_0030.png,Y1_jpeg_q90,lossy,0,9,0,0,0,0
img_0030.png,Y2_jpeg_q95,lossy,0,7,0,0,0,0
img_0030.png,Y3_resize99,lossy,0,3,0,0,0,0
img_0031.png,L1_png_reopt,lossless,1,0,0,0,1,1
img_0031.png,L1b_png_recompress0,lossless,1,0,0,0,1,1
img_0031.png,L2_exif_strip,lossless,1,0,0,0,1,1
img_0031.png,L3_lossless_webp,lossless,1,0,0,0,1,1
img_0031.png,L4_base64_rewrap,lossless,1,0,1,1,1,1
img_0031.png,L5_client_resave_tiff,lossless,1,0,0,0,1,1
img_0031.png,Y1_jpeg_q90,lossy,0,6,0,0,0,0
img_0031.png,Y2_jpeg_q95,lossy,0,4,0,0,0,0
img_0031.png,Y3_resize99,lossy,0,2,0,0,0,0
img_0032.png,L1_png_reopt,lossless,1,0,0,0,1,1
img_0032.png,L1b_png_recompress0,lossless,1,0,0,0,1,1
img_0032.png,L2_exif_strip,lossless,1,0,0,0,1,1
img_0032.png,L3_lossless_webp,lossless,1,0,0,0,1,1
img_0032.png,L4_base64_rewrap,lossless,1,0,1,1,1,1
img_0032.png,L5_client_resave_tiff,lossless,1,0,0,0,1,1
img_0032.png,Y1_jpeg_q90,lossy,0,6,0,0,0,0
img_0032.png,Y2_jpeg_q95,lossy,0,6,0,0,0,0
img_0032.png,Y3_resize99,lossy,0,3,0,0,0,0
img_0033.png,L1_png_reopt,lossless,1,0,0,0,1,1
img_0033.png,L1b_png_recompress0,lossless,1,0,0,0,1,1
img_0033.png,L2_exif_strip,lossless,1,0,0,0,1,1
img_0033.png,L3_lossless_webp,lossless,1,0,0,0,1,1
img_0033.png,L4_base64_rewrap,lossless,1,0,1,1,1,1
img_0033.png,L5_client_resave_tiff,lossless,1,0,0,0,1,1
img_0033.png,Y1_jpeg_q90,lossy,0,6,0,0,0,0
img_0033.png,Y2_jpeg_q95,lossy,0,5,0,0,0,0
img_0033.png,Y3_resize99,lossy,0,3,0,0,0,0
img_0034.png,L1_png_reopt,lossless,1,0,0,0,1,1
img_0034.png,L1b_png_recompress0,lossless,1,0,0,0,1,1
img_0034.png,L2_exif_strip,lossless,1,0,0,0,1,1
img_0034.png,L3_lossless_webp,lossless,1,0,0,0,1,1
img_0034.png,L4_base64_rewrap,lossless,1,0,1,1,1,1
img_0034.png,L5_client_resave_tiff,lossless,1,0,0,0,1,1
img_0034.png,Y1_jpeg_q90,lossy,0,6,0,0,0,0
img_0034.png,Y2_jpeg_q95,lossy,0,5,0,0,0,0
img_0034.png,Y3_resize99,lossy,0,3,0,0,0,0
img_0035.png,L1_png_reopt,lossless,1,0,0,0,1,1
img_0035.png,L1b_png_recompress0,lossless,1,0,0,0,1,1
img_0035.png,L2_exif_strip,lossless,1,0,0,0,1,1
img_0035.png,L3_lossless_webp,lossless,1,0,0,0,1,1
img_0035.png,L4_base64_rewrap,lossless,1,0,1,1,1,1
img_0035.png,L5_client_resave_tiff,lossless,1,0,0,0,1,1
img_0035.png,Y1_jpeg_q90,lossy,0,7,0,0,0,0
img_0035.png,Y2_jpeg_q95,lossy,0,6,0,0,0,0
img_0035.png,Y3_resize99,lossy,0,4,0,0,0,0
img_0036.png,L1_png_reopt,lossless,1,0,0,0,1,1
img_0036.png,L1b_png_recompress0,lossless,1,0,0,0,1,1
img_0036.png,L2_exif_strip,lossless,1,0,0,0,1,1
img_0036.png,L3_lossless_webp,lossless,1,0,0,0,1,1
img_0036.png,L4_base64_rewrap,lossless,1,0,1,1,1,1
img_0036.png,L5_client_resave_tiff,lossless,1,0,0,0,1,1
img_0036.png,Y1_jpeg_q90,lossy,0,6,0,0,0,0
img_0036.png,Y2_jpeg_q95,lossy,0,5,0,0,0,0
img_0036.png,Y3_resize99,lossy,0,4,0,0,0,0
img_0037.png,L1_png_reopt,lossless,1,0,0,0,1,1
img_0037.png,L1b_png_recompress0,lossless,1,0,0,0,1,1
img_0037.png,L2_exif_strip,lossless,1,0,0,0,1,1
img_0037.png,L3_lossless_webp,lossless,1,0,0,0,1,1
img_0037.png,L4_base64_rewrap,lossless,1,0,1,1,1,1
img_0037.png,L5_client_resave_tiff,lossless,1,0,0,0,1,1
img_0037.png,Y1_jpeg_q90,lossy,0,6,0,0,0,0
img_0037.png,Y2_jpeg_q95,lossy,0,5,0,0,0,0
img_0037.png,Y3_resize99,lossy,0,3,0,0,0,0
img_0038.png,L1_png_reopt,lossless,1,0,0,0,1,1
img_0038.png,L1b_png_recompress0,lossless,1,0,0,0,1,1
img_0038.png,L2_exif_strip,lossless,1,0,0,0,1,1
img_0038.png,L3_lossless_webp,lossless,1,0,0,0,1,1
img_0038.png,L4_base64_rewrap,lossless,1,0,1,1,1,1
img_0038.png,L5_client_resave_tiff,lossless,1,0,0,0,1,1
img_0038.png,Y1_jpeg_q90,lossy,0,5,0,0,0,0
img_0038.png,Y2_jpeg_q95,lossy,0,5,0,0,0,0
img_0038.png,Y3_resize99,lossy,0,3,0,0,0,0
img_0039.png,L1_png_reopt,lossless,1,0,0,0,1,1
img_0039.png,L1b_png_recompress0,lossless,1,0,0,0,1,1
img_0039.png,L2_exif_strip,lossless,1,0,0,0,1,1
img_0039.png,L3_lossless_webp,lossless,1,0,0,0,1,1
img_0039.png,L4_base64_rewrap,lossless,1,0,1,1,1,1
img_0039.png,L5_client_resave_tiff,lossless,1,0,0,0,1,1
img_0039.png,Y1_jpeg_q90,lossy,0,9,0,0,0,0
img_0039.png,Y2_jpeg_q95,lossy,0,7,0,0,0,0
img_0039.png,Y3_resize99,lossy,0,4,0,0,0,0
img_0040.png,L1_png_reopt,lossless,1,0,0,0,1,1
img_0040.png,L1b_png_recompress0,lossless,1,0,0,0,1,1
img_0040.png,L2_exif_strip,lossless,1,0,0,0,1,1
img_0040.png,L3_lossless_webp,lossless,1,0,0,0,1,1
img_0040.png,L4_base64_rewrap,lossless,1,0,1,1,1,1
img_0040.png,L5_client_resave_tiff,lossless,1,0,0,0,1,1
img_0040.png,Y1_jpeg_q90,lossy,0,7,0,0,0,0
img_0040.png,Y2_jpeg_q95,lossy,0,6,0,0,0,0
img_0040.png,Y3_resize99,lossy,0,3,0,0,0,0
img_0041.png,L1_png_reopt,lossless,1,0,0,0,1,1
img_0041.png,L1b_png_recompress0,lossless,1,0,0,0,1,1
img_0041.png,L2_exif_strip,lossless,1,0,0,0,1,1
img_0041.png,L3_lossless_webp,lossless,1,0,0,0,1,1
img_0041.png,L4_base64_rewrap,lossless,1,0,1,1,1,1
img_0041.png,L5_client_resave_tiff,lossless,1,0,0,0,1,1
img_0041.png,Y1_jpeg_q90,lossy,0,6,0,0,0,0
img_0041.png,Y2_jpeg_q95,lossy,0,5,0,0,0,0
img_0041.png,Y3_resize99,lossy,0,3,0,0,0,0
img_0042.png,L1_png_reopt,lossless,1,0,0,0,1,1
img_0042.png,L1b_png_recompress0,lossless,1,0,0,0,1,1
img_0042.png,L2_exif_strip,lossless,1,0,0,0,1,1
img_0042.png,L3_lossless_webp,lossless,1,0,0,0,1,1
img_0042.png,L4_base64_rewrap,lossless,1,0,1,1,1,1
img_0042.png,L5_client_resave_tiff,lossless,1,0,0,0,1,1
img_0042.png,Y1_jpeg_q90,lossy,0,6,0,0,0,0
img_0042.png,Y2_jpeg_q95,lossy,0,5,0,0,0,0
img_0042.png,Y3_resize99,lossy,0,3,0,0,0,0
img_0043.png,L1_png_reopt,lossless,1,0,0,0,1,1
img_0043.png,L1b_png_recompress0,lossless,1,0,0,0,1,1
img_0043.png,L2_exif_strip,lossless,1,0,0,0,1,1
img_0043.png,L3_lossless_webp,lossless,1,0,0,0,1,1
img_0043.png,L4_base64_rewrap,lossless,1,0,1,1,1,1
img_0043.png,L5_client_resave_tiff,lossless,1,0,0,0,1,1
img_0043.png,Y1_jpeg_q90,lossy,0,7,0,0,0,0
img_0043.png,Y2_jpeg_q95,lossy,0,5,0,0,0,0
img_0043.png,Y3_resize99,lossy,0,4,0,0,0,0
img_0044.png,L1_png_reopt,lossless,1,0,0,0,1,1
img_0044.png,L1b_png_recompress0,lossless,1,0,0,0,1,1
img_0044.png,L2_exif_strip,lossless,1,0,0,0,1,1
img_0044.png,L3_lossless_webp,lossless,1,0,0,0,1,1
img_0044.png,L4_base64_rewrap,lossless,1,0,1,1,1,1
img_0044.png,L5_client_resave_tiff,lossless,1,0,0,0,1,1
img_0044.png,Y1_jpeg_q90,lossy,0,5,0,0,0,0
img_0044.png,Y2_jpeg_q95,lossy,0,4,0,0,0,0
img_0044.png,Y3_resize99,lossy,0,2,0,0,0,0
img_0045.png,L1_png_reopt,lossless,1,0,0,0,1,1
img_0045.png,L1b_png_recompress0,lossless,1,0,0,0,1,1
img_0045.png,L2_exif_strip,lossless,1,0,0,0,1,1
img_0045.png,L3_lossless_webp,lossless,1,0,0,0,1,1
img_0045.png,L4_base64_rewrap,lossless,1,0,1,1,1,1
img_0045.png,L5_client_resave_tiff,lossless,1,0,0,0,1,1
img_0045.png,Y1_jpeg_q90,lossy,0,7,0,0,0,0
img_0045.png,Y2_jpeg_q95,lossy,0,7,0,0,0,0
img_0045.png,Y3_resize99,lossy,0,3,0,0,0,0
img_0046.png,L1_png_reopt,lossless,1,0,0,0,1,1
img_0046.png,L1b_png_recompress0,lossless,1,0,0,0,1,1
img_0046.png,L2_exif_strip,lossless,1,0,0,0,1,1
img_0046.png,L3_lossless_webp,lossless,1,0,0,0,1,1
img_0046.png,L4_base64_rewrap,lossless,1,0,1,1,1,1
img_0046.png,L5_client_resave_tiff,lossless,1,0,0,0,1,1
img_0046.png,Y1_jpeg_q90,lossy,0,7,0,0,0,0
img_0046.png,Y2_jpeg_q95,lossy,0,5,0,0,0,0
img_0046.png,Y3_resize99,lossy,0,3,0,0,0,0
img_0047.png,L1_png_reopt,lossless,1,0,0,0,1,1
img_0047.png,L1b_png_recompress0,lossless,1,0,0,0,1,1
img_0047.png,L2_exif_strip,lossless,1,0,0,0,1,1
img_0047.png,L3_lossless_webp,lossless,1,0,0,0,1,1
img_0047.png,L4_base64_rewrap,lossless,1,0,1,1,1,1
img_0047.png,L5_client_resave_tiff,lossless,1,0,0,0,1,1
img_0047.png,Y1_jpeg_q90,lossy,0,5,0,0,0,0
img_0047.png,Y2_jpeg_q95,lossy,0,4,0,0,0,0
img_0047.png,Y3_resize99,lossy,0,3,0,0,0,0
img_0048.png,L1_png_reopt,lossless,1,0,0,0,1,1
img_0048.png,L1b_png_recompress0,lossless,1,0,0,0,1,1
img_0048.png,L2_exif_strip,lossless,1,0,0,0,1,1
img_0048.png,L3_lossless_webp,lossless,1,0,0,0,1,1
img_0048.png,L4_base64_rewrap,lossless,1,0,1,1,1,1
img_0048.png,L5_client_resave_tiff,lossless,1,0,0,0,1,1
img_0048.png,Y1_jpeg_q90,lossy,0,6,0,0,0,0
img_0048.png,Y2_jpeg_q95,lossy,0,5,0,0,0,0
img_0048.png,Y3_resize99,lossy,0,3,0,0,0,0
img_0049.png,L1_png_reopt,lossless,1,0,0,0,1,1
img_0049.png,L1b_png_recompress0,lossless,1,0,0,0,1,1
img_0049.png,L2_exif_strip,lossless,1,0,0,0,1,1
img_0049.png,L3_lossless_webp,lossless,1,0,0,0,1,1
img_0049.png,L4_base64_rewrap,lossless,1,0,1,1,1,1
img_0049.png,L5_client_resave_tiff,lossless,1,0,0,0,1,1
img_0049.png,Y1_jpeg_q90,lossy,0,10,0,0,0,0
img_0049.png,Y2_jpeg_q95,lossy,0,7,0,0,0,0
img_0049.png,Y3_resize99,lossy,0,3,0,0,0,0
img_0050.png,L1_png_reopt,lossless,1,0,0,0,1,1
img_0050.png,L1b_png_recompress0,lossless,1,0,0,0,1,1
img_0050.png,L2_exif_strip,lossless,1,0,0,0,1,1
img_0050.png,L3_lossless_webp,lossless,1,0,0,0,1,1
img_0050.png,L4_base64_rewrap,lossless,1,0,1,1,1,1
img_0050.png,L5_client_resave_tiff,lossless,1,0,0,0,1,1
img_0050.png,Y1_jpeg_q90,lossy,0,6,0,0,0,0
img_0050.png,Y2_jpeg_q95,lossy,0,5,0,0,0,0
img_0050.png,Y3_resize99,lossy,0,4,0,0,0,0
img_0051.png,L1_png_reopt,lossless,1,0,0,0,1,1
img_0051.png,L1b_png_recompress0,lossless,1,0,0,0,1,1
img_0051.png,L2_exif_strip,lossless,1,0,0,0,1,1
img_0051.png,L3_lossless_webp,lossless,1,0,0,0,1,1
img_0051.png,L4_base64_rewrap,lossless,1,0,1,1,1,1
img_0051.png,L5_client_resave_tiff,lossless,1,0,0,0,1,1
img_0051.png,Y1_jpeg_q90,lossy,0,5,0,0,0,0
img_0051.png,Y2_jpeg_q95,lossy,0,4,0,0,0,0
img_0051.png,Y3_resize99,lossy,0,3,0,0,0,0
img_0052.png,L1_png_reopt,lossless,1,0,0,0,1,1
img_0052.png,L1b_png_recompress0,lossless,1,0,0,0,1,1
img_0052.png,L2_exif_strip,lossless,1,0,0,0,1,1
img_0052.png,L3_lossless_webp,lossless,1,0,0,0,1,1
img_0052.png,L4_base64_rewrap,lossless,1,0,1,1,1,1
img_0052.png,L5_client_resave_tiff,lossless,1,0,0,0,1,1
img_0052.png,Y1_jpeg_q90,lossy,0,6,0,0,0,0
img_0052.png,Y2_jpeg_q95,lossy,0,5,0,0,0,0
img_0052.png,Y3_resize99,lossy,0,3,0,0,0,0
img_0053.png,L1_png_reopt,lossless,1,0,0,0,1,1
img_0053.png,L1b_png_recompress0,lossless,1,0,0,0,1,1
img_0053.png,L2_exif_strip,lossless,1,0,0,0,1,1
img_0053.png,L3_lossless_webp,lossless,1,0,0,0,1,1
img_0053.png,L4_base64_rewrap,lossless,1,0,1,1,1,1
img_0053.png,L5_client_resave_tiff,lossless,1,0,0,0,1,1
img_0053.png,Y1_jpeg_q90,lossy,0,7,0,0,0,0
img_0053.png,Y2_jpeg_q95,lossy,0,5,0,0,0,0
img_0053.png,Y3_resize99,lossy,0,3,0,0,0,0
img_0054.png,L1_png_reopt,lossless,1,0,0,0,1,1
img_0054.png,L1b_png_recompress0,lossless,1,0,0,0,1,1
img_0054.png,L2_exif_strip,lossless,1,0,0,0,1,1
img_0054.png,L3_lossless_webp,lossless,1,0,0,0,1,1
img_0054.png,L4_base64_rewrap,lossless,1,0,1,1,1,1
img_0054.png,L5_client_resave_tiff,lossless,1,0,0,0,1,1
img_0054.png,Y1_jpeg_q90,lossy,0,8,0,0,0,0
img_0054.png,Y2_jpeg_q95,lossy,0,6,0,0,0,0
img_0054.png,Y3_resize99,lossy,0,4,0,0,0,0
img_0055.png,L1_png_reopt,lossless,1,0,0,0,1,1
img_0055.png,L1b_png_recompress0,lossless,1,0,0,0,1,1
img_0055.png,L2_exif_strip,lossless,1,0,0,0,1,1
img_0055.png,L3_lossless_webp,lossless,1,0,0,0,1,1
img_0055.png,L4_base64_rewrap,lossless,1,0,1,1,1,1
img_0055.png,L5_client_resave_tiff,lossless,1,0,0,0,1,1
img_0055.png,Y1_jpeg_q90,lossy,0,6,0,0,0,0
img_0055.png,Y2_jpeg_q95,lossy,0,5,0,0,0,0
img_0055.png,Y3_resize99,lossy,0,3,0,0,0,0
img_0056.png,L1_png_reopt,lossless,1,0,0,0,1,1
img_0056.png,L1b_png_recompress0,lossless,1,0,0,0,1,1
img_0056.png,L2_exif_strip,lossless,1,0,0,0,1,1
img_0056.png,L3_lossless_webp,lossless,1,0,0,0,1,1
img_0056.png,L4_base64_rewrap,lossless,1,0,1,1,1,1
img_0056.png,L5_client_resave_tiff,lossless,1,0,0,0,1,1
img_0056.png,Y1_jpeg_q90,lossy,0,6,0,0,0,0
img_0056.png,Y2_jpeg_q95,lossy,0,4,0,0,0,0
img_0056.png,Y3_resize99,lossy,0,3,0,0,0,0
img_0057.png,L1_png_reopt,lossless,1,0,0,0,1,1
img_0057.png,L1b_png_recompress0,lossless,1,0,0,0,1,1
img_0057.png,L2_exif_strip,lossless,1,0,0,0,1,1
img_0057.png,L3_lossless_webp,lossless,1,0,0,0,1,1
img_0057.png,L4_base64_rewrap,lossless,1,0,1,1,1,1
img_0057.png,L5_client_resave_tiff,lossless,1,0,0,0,1,1
img_0057.png,Y1_jpeg_q90,lossy,0,6,0,0,0,0
img_0057.png,Y2_jpeg_q95,lossy,0,5,0,0,0,0
img_0057.png,Y3_resize99,lossy,0,3,0,0,0,0
img_0058.png,L1_png_reopt,lossless,1,0,0,0,1,1
img_0058.png,L1b_png_recompress0,lossless,1,0,0,0,1,1
img_0058.png,L2_exif_strip,lossless,1,0,0,0,1,1
img_0058.png,L3_lossless_webp,lossless,1,0,0,0,1,1
img_0058.png,L4_base64_rewrap,lossless,1,0,1,1,1,1
img_0058.png,L5_client_resave_tiff,lossless,1,0,0,0,1,1
img_0058.png,Y1_jpeg_q90,lossy,0,5,0,0,0,0
img_0058.png,Y2_jpeg_q95,lossy,0,4,0,0,0,0
img_0058.png,Y3_resize99,lossy,0,3,0,0,0,0
img_0059.png,L1_png_reopt,lossless,1,0,0,0,1,1
img_0059.png,L1b_png_recompress0,lossless,1,0,0,0,1,1
img_0059.png,L2_exif_strip,lossless,1,0,0,0,1,1
img_0059.png,L3_lossless_webp,lossless,1,0,0,0,1,1
img_0059.png,L4_base64_rewrap,lossless,1,0,1,1,1,1
img_0059.png,L5_client_resave_tiff,lossless,1,0,0,0,1,1
img_0059.png,Y1_jpeg_q90,lossy,0,6,0,0,0,0
img_0059.png,Y2_jpeg_q95,lossy,0,5,0,0,0,0
img_0059.png,Y3_resize99,lossy,0,3,0,0,0,0
img_0060.png,L1_png_reopt,lossless,1,0,0,0,1,1
img_0060.png,L1b_png_recompress0,lossless,1,0,0,0,1,1
img_0060.png,L2_exif_strip,lossless,1,0,0,0,1,1
img_0060.png,L3_lossless_webp,lossless,1,0,0,0,1,1
img_0060.png,L4_base64_rewrap,lossless,1,0,1,1,1,1
img_0060.png,L5_client_resave_tiff,lossless,1,0,0,0,1,1
img_0060.png,Y1_jpeg_q90,lossy,0,6,0,0,0,0
img_0060.png,Y2_jpeg_q95,lossy,0,5,0,0,0,0
img_0060.png,Y3_resize99,lossy,0,3,0,0,0,0
img_0061.png,L1_png_reopt,lossless,1,0,0,0,1,1
img_0061.png,L1b_png_recompress0,lossless,1,0,0,0,1,1
img_0061.png,L2_exif_strip,lossless,1,0,0,0,1,1
img_0061.png,L3_lossless_webp,lossless,1,0,0,0,1,1
img_0061.png,L4_base64_rewrap,lossless,1,0,1,1,1,1
img_0061.png,L5_client_resave_tiff,lossless,1,0,0,0,1,1
img_0061.png,Y1_jpeg_q90,lossy,0,7,0,0,0,0
img_0061.png,Y2_jpeg_q95,lossy,0,7,0,0,0,0
img_0061.png,Y3_resize99,lossy,0,5,0,0,0,0
img_0062.png,L1_png_reopt,lossless,1,0,0,0,1,1
img_0062.png,L1b_png_recompress0,lossless,1,0,0,0,1,1
img_0062.png,L2_exif_strip,lossless,1,0,0,0,1,1
img_0062.png,L3_lossless_webp,lossless,1,0,0,0,1,1
img_0062.png,L4_base64_rewrap,lossless,1,0,1,1,1,1
img_0062.png,L5_client_resave_tiff,lossless,1,0,0,0,1,1
img_0062.png,Y1_jpeg_q90,lossy,0,6,0,0,0,0
img_0062.png,Y2_jpeg_q95,lossy,0,4,0,0,0,0
img_0062.png,Y3_resize99,lossy,0,3,0,0,0,0
img_0063.png,L1_png_reopt,lossless,1,0,0,0,1,1
img_0063.png,L1b_png_recompress0,lossless,1,0,0,0,1,1
img_0063.png,L2_exif_strip,lossless,1,0,0,0,1,1
img_0063.png,L3_lossless_webp,lossless,1,0,0,0,1,1
img_0063.png,L4_base64_rewrap,lossless,1,0,1,1,1,1
img_0063.png,L5_client_resave_tiff,lossless,1,0,0,0,1,1
img_0063.png,Y1_jpeg_q90,lossy,0,9,0,0,0,0
img_0063.png,Y2_jpeg_q95,lossy,0,7,0,0,0,0
img_0063.png,Y3_resize99,lossy,0,3,0,0,0,0
img_0064.png,L1_png_reopt,lossless,1,0,0,0,1,1
img_0064.png,L1b_png_recompress0,lossless,1,0,0,0,1,1
img_0064.png,L2_exif_strip,lossless,1,0,0,0,1,1
img_0064.png,L3_lossless_webp,lossless,1,0,0,0,1,1
img_0064.png,L4_base64_rewrap,lossless,1,0,1,1,1,1
img_0064.png,L5_client_resave_tiff,lossless,1,0,0,0,1,1
img_0064.png,Y1_jpeg_q90,lossy,0,6,0,0,0,0
img_0064.png,Y2_jpeg_q95,lossy,0,4,0,0,0,0
img_0064.png,Y3_resize99,lossy,0,3,0,0,0,0
img_0065.png,L1_png_reopt,lossless,1,0,0,0,1,1
img_0065.png,L1b_png_recompress0,lossless,1,0,0,0,1,1
img_0065.png,L2_exif_strip,lossless,1,0,0,0,1,1
img_0065.png,L3_lossless_webp,lossless,1,0,0,0,1,1
img_0065.png,L4_base64_rewrap,lossless,1,0,1,1,1,1
img_0065.png,L5_client_resave_tiff,lossless,1,0,0,0,1,1
img_0065.png,Y1_jpeg_q90,lossy,0,8,0,0,0,0
img_0065.png,Y2_jpeg_q95,lossy,0,6,0,0,0,0
img_0065.png,Y3_resize99,lossy,0,3,0,0,0,0
img_0066.png,L1_png_reopt,lossless,1,0,0,0,1,1
img_0066.png,L1b_png_recompress0,lossless,1,0,0,0,1,1
img_0066.png,L2_exif_strip,lossless,1,0,0,0,1,1
img_0066.png,L3_lossless_webp,lossless,1,0,0,0,1,1
img_0066.png,L4_base64_rewrap,lossless,1,0,1,1,1,1
img_0066.png,L5_client_resave_tiff,lossless,1,0,0,0,1,1
img_0066.png,Y1_jpeg_q90,lossy,0,6,0,0,0,0
img_0066.png,Y2_jpeg_q95,lossy,0,5,0,0,0,0
img_0066.png,Y3_resize99,lossy,0,3,0,0,0,0
img_0067.png,L1_png_reopt,lossless,1,0,0,0,1,1
img_0067.png,L1b_png_recompress0,lossless,1,0,0,0,1,1
img_0067.png,L2_exif_strip,lossless,1,0,0,0,1,1
img_0067.png,L3_lossless_webp,lossless,1,0,0,0,1,1
img_0067.png,L4_base64_rewrap,lossless,1,0,1,1,1,1
img_0067.png,L5_client_resave_tiff,lossless,1,0,0,0,1,1
img_0067.png,Y1_jpeg_q90,lossy,0,6,0,0,0,0
img_0067.png,Y2_jpeg_q95,lossy,0,5,0,0,0,0
img_0067.png,Y3_resize99,lossy,0,2,0,0,0,0
img_0068.png,L1_png_reopt,lossless,1,0,0,0,1,1
img_0068.png,L1b_png_recompress0,lossless,1,0,0,0,1,1
img_0068.png,L2_exif_strip,lossless,1,0,0,0,1,1
img_0068.png,L3_lossless_webp,lossless,1,0,0,0,1,1
img_0068.png,L4_base64_rewrap,lossless,1,0,1,1,1,1
img_0068.png,L5_client_resave_tiff,lossless,1,0,0,0,1,1
img_0068.png,Y1_jpeg_q90,lossy,0,6,0,0,0,0
img_0068.png,Y2_jpeg_q95,lossy,0,6,0,0,0,0
img_0068.png,Y3_resize99,lossy,0,3,0,0,0,0
img_0069.png,L1_png_reopt,lossless,1,0,0,0,1,1
img_0069.png,L1b_png_recompress0,lossless,1,0,0,0,1,1
img_0069.png,L2_exif_strip,lossless,1,0,0,0,1,1
img_0069.png,L3_lossless_webp,lossless,1,0,0,0,1,1
img_0069.png,L4_base64_rewrap,lossless,1,0,1,1,1,1
img_0069.png,L5_client_resave_tiff,lossless,1,0,0,0,1,1
img_0069.png,Y1_jpeg_q90,lossy,0,5,0,0,0,0
img_0069.png,Y2_jpeg_q95,lossy,0,4,0,0,0,0
img_0069.png,Y3_resize99,lossy,0,4,0,0,0,0
img_0070.png,L1_png_reopt,lossless,1,0,0,0,1,1
img_0070.png,L1b_png_recompress0,lossless,1,0,0,0,1,1
img_0070.png,L2_exif_strip,lossless,1,0,0,0,1,1
img_0070.png,L3_lossless_webp,lossless,1,0,0,0,1,1
img_0070.png,L4_base64_rewrap,lossless,1,0,1,1,1,1
img_0070.png,L5_client_resave_tiff,lossless,1,0,0,0,1,1
img_0070.png,Y1_jpeg_q90,lossy,0,9,0,0,0,0
img_0070.png,Y2_jpeg_q95,lossy,0,7,0,0,0,0
img_0070.png,Y3_resize99,lossy,0,3,0,0,0,0
img_0071.png,L1_png_reopt,lossless,1,0,0,0,1,1
img_0071.png,L1b_png_recompress0,lossless,1,0,0,0,1,1
img_0071.png,L2_exif_strip,lossless,1,0,0,0,1,1
img_0071.png,L3_lossless_webp,lossless,1,0,0,0,1,1
img_0071.png,L4_base64_rewrap,lossless,1,0,1,1,1,1
img_0071.png,L5_client_resave_tiff,lossless,1,0,0,0,1,1
img_0071.png,Y1_jpeg_q90,lossy,0,6,0,0,0,0
img_0071.png,Y2_jpeg_q95,lossy,0,5,0,0,0,0
img_0071.png,Y3_resize99,lossy,0,4,0,0,0,0
img_0072.png,L1_png_reopt,lossless,1,0,0,0,1,1
img_0072.png,L1b_png_recompress0,lossless,1,0,0,0,1,1
img_0072.png,L2_exif_strip,lossless,1,0,0,0,1,1
img_0072.png,L3_lossless_webp,lossless,1,0,0,0,1,1
img_0072.png,L4_base64_rewrap,lossless,1,0,1,1,1,1
img_0072.png,L5_client_resave_tiff,lossless,1,0,0,0,1,1
img_0072.png,Y1_jpeg_q90,lossy,0,8,0,0,0,0
img_0072.png,Y2_jpeg_q95,lossy,0,7,0,0,0,0
img_0072.png,Y3_resize99,lossy,0,3,0,0,0,0
img_0073.png,L1_png_reopt,lossless,1,0,0,0,1,1
img_0073.png,L1b_png_recompress0,lossless,1,0,0,0,1,1
img_0073.png,L2_exif_strip,lossless,1,0,0,0,1,1
img_0073.png,L3_lossless_webp,lossless,1,0,0,0,1,1
img_0073.png,L4_base64_rewrap,lossless,1,0,1,1,1,1
img_0073.png,L5_client_resave_tiff,lossless,1,0,0,0,1,1
img_0073.png,Y1_jpeg_q90,lossy,0,6,0,0,0,0
img_0073.png,Y2_jpeg_q95,lossy,0,6,0,0,0,0
img_0073.png,Y3_resize99,lossy,0,3,0,0,0,0
img_0074.png,L1_png_reopt,lossless,1,0,0,0,1,1
img_0074.png,L1b_png_recompress0,lossless,1,0,0,0,1,1
img_0074.png,L2_exif_strip,lossless,1,0,0,0,1,1
img_0074.png,L3_lossless_webp,lossless,1,0,0,0,1,1
img_0074.png,L4_base64_rewrap,lossless,1,0,1,1,1,1
img_0074.png,L5_client_resave_tiff,lossless,1,0,0,0,1,1
img_0074.png,Y1_jpeg_q90,lossy,0,7,0,0,0,0
img_0074.png,Y2_jpeg_q95,lossy,0,5,0,0,0,0
img_0074.png,Y3_resize99,lossy,0,3,0,0,0,0
img_0075.png,L1_png_reopt,lossless,1,0,0,0,1,1
img_0075.png,L1b_png_recompress0,lossless,1,0,0,0,1,1
img_0075.png,L2_exif_strip,lossless,1,0,0,0,1,1
img_0075.png,L3_lossless_webp,lossless,1,0,0,0,1,1
img_0075.png,L4_base64_rewrap,lossless,1,0,1,1,1,1
img_0075.png,L5_client_resave_tiff,lossless,1,0,0,0,1,1
img_0075.png,Y1_jpeg_q90,lossy,0,8,0,0,0,0
img_0075.png,Y2_jpeg_q95,lossy,0,5,0,0,0,0
img_0075.png,Y3_resize99,lossy,0,4,0,0,0,0
img_0076.png,L1_png_reopt,lossless,1,0,0,0,1,1
img_0076.png,L1b_png_recompress0,lossless,1,0,0,0,1,1
img_0076.png,L2_exif_strip,lossless,1,0,0,0,1,1
img_0076.png,L3_lossless_webp,lossless,1,0,0,0,1,1
img_0076.png,L4_base64_rewrap,lossless,1,0,1,1,1,1
img_0076.png,L5_client_resave_tiff,lossless,1,0,0,0,1,1
img_0076.png,Y1_jpeg_q90,lossy,0,6,0,0,0,0
img_0076.png,Y2_jpeg_q95,lossy,0,5,0,0,0,0
img_0076.png,Y3_resize99,lossy,0,3,0,0,0,0
img_0077.png,L1_png_reopt,lossless,1,0,0,0,1,1
img_0077.png,L1b_png_recompress0,lossless,1,0,0,0,1,1
img_0077.png,L2_exif_strip,lossless,1,0,0,0,1,1
img_0077.png,L3_lossless_webp,lossless,1,0,0,0,1,1
img_0077.png,L4_base64_rewrap,lossless,1,0,1,1,1,1
img_0077.png,L5_client_resave_tiff,lossless,1,0,0,0,1,1
img_0077.png,Y1_jpeg_q90,lossy,0,7,0,0,0,0
img_0077.png,Y2_jpeg_q95,lossy,0,5,0,0,0,0
img_0077.png,Y3_resize99,lossy,0,3,0,0,0,0
img_0078.png,L1_png_reopt,lossless,1,0,0,0,1,1
img_0078.png,L1b_png_recompress0,lossless,1,0,0,0,1,1
img_0078.png,L2_exif_strip,lossless,1,0,0,0,1,1
img_0078.png,L3_lossless_webp,lossless,1,0,0,0,1,1
img_0078.png,L4_base64_rewrap,lossless,1,0,1,1,1,1
img_0078.png,L5_client_resave_tiff,lossless,1,0,0,0,1,1
img_0078.png,Y1_jpeg_q90,lossy,0,6,0,0,0,0
img_0078.png,Y2_jpeg_q95,lossy,0,5,0,0,0,0
img_0078.png,Y3_resize99,lossy,0,3,0,0,0,0
img_0079.png,L1_png_reopt,lossless,1,0,0,0,1,1
img_0079.png,L1b_png_recompress0,lossless,1,0,0,0,1,1
img_0079.png,L2_exif_strip,lossless,1,0,0,0,1,1
img_0079.png,L3_lossless_webp,lossless,1,0,0,0,1,1
img_0079.png,L4_base64_rewrap,lossless,1,0,1,1,1,1
img_0079.png,L5_client_resave_tiff,lossless,1,0,0,0,1,1
img_0079.png,Y1_jpeg_q90,lossy,0,7,0,0,0,0
img_0079.png,Y2_jpeg_q95,lossy,0,6,0,0,0,0
img_0079.png,Y3_resize99,lossy,0,4,0,0,0,0
img_0080.png,L1_png_reopt,lossless,1,0,0,0,1,1
img_0080.png,L1b_png_recompress0,lossless,1,0,0,0,1,1
img_0080.png,L2_exif_strip,lossless,1,0,0,0,1,1
img_0080.png,L3_lossless_webp,lossless,1,0,0,0,1,1
img_0080.png,L4_base64_rewrap,lossless,1,0,1,1,1,1
img_0080.png,L5_client_resave_tiff,lossless,1,0,0,0,1,1
img_0080.png,Y1_jpeg_q90,lossy,0,6,0,0,0,0
img_0080.png,Y2_jpeg_q95,lossy,0,4,0,0,0,0
img_0080.png,Y3_resize99,lossy,0,3,0,0,0,0
img_0081.png,L1_png_reopt,lossless,1,0,0,0,1,1
img_0081.png,L1b_png_recompress0,lossless,1,0,0,0,1,1
img_0081.png,L2_exif_strip,lossless,1,0,0,0,1,1
img_0081.png,L3_lossless_webp,lossless,1,0,0,0,1,1
img_0081.png,L4_base64_rewrap,lossless,1,0,1,1,1,1
img_0081.png,L5_client_resave_tiff,lossless,1,0,0,0,1,1
img_0081.png,Y1_jpeg_q90,lossy,0,8,0,0,0,0
img_0081.png,Y2_jpeg_q95,lossy,0,6,0,0,0,0
img_0081.png,Y3_resize99,lossy,0,3,0,0,0,0
img_0082.png,L1_png_reopt,lossless,1,0,0,0,1,1
img_0082.png,L1b_png_recompress0,lossless,1,0,0,0,1,1
img_0082.png,L2_exif_strip,lossless,1,0,0,0,1,1
img_0082.png,L3_lossless_webp,lossless,1,0,0,0,1,1
img_0082.png,L4_base64_rewrap,lossless,1,0,1,1,1,1
img_0082.png,L5_client_resave_tiff,lossless,1,0,0,0,1,1
img_0082.png,Y1_jpeg_q90,lossy,0,8,0,0,0,0
img_0082.png,Y2_jpeg_q95,lossy,0,5,0,0,0,0
img_0082.png,Y3_resize99,lossy,0,4,0,0,0,0
img_0083.png,L1_png_reopt,lossless,1,0,0,0,1,1
img_0083.png,L1b_png_recompress0,lossless,1,0,0,0,1,1
img_0083.png,L2_exif_strip,lossless,1,0,0,0,1,1
img_0083.png,L3_lossless_webp,lossless,1,0,0,0,1,1
img_0083.png,L4_base64_rewrap,lossless,1,0,1,1,1,1
img_0083.png,L5_client_resave_tiff,lossless,1,0,0,0,1,1
img_0083.png,Y1_jpeg_q90,lossy,0,6,0,0,0,0
img_0083.png,Y2_jpeg_q95,lossy,0,5,0,0,0,0
img_0083.png,Y3_resize99,lossy,0,4,0,0,0,0
img_0084.png,L1_png_reopt,lossless,1,0,0,0,1,1
img_0084.png,L1b_png_recompress0,lossless,1,0,0,0,1,1
img_0084.png,L2_exif_strip,lossless,1,0,0,0,1,1
img_0084.png,L3_lossless_webp,lossless,1,0,0,0,1,1
img_0084.png,L4_base64_rewrap,lossless,1,0,1,1,1,1
img_0084.png,L5_client_resave_tiff,lossless,1,0,0,0,1,1
img_0084.png,Y1_jpeg_q90,lossy,0,6,0,0,0,0
img_0084.png,Y2_jpeg_q95,lossy,0,4,0,0,0,0
img_0084.png,Y3_resize99,lossy,0,5,0,0,0,0
img_0085.png,L1_png_reopt,lossless,1,0,0,0,1,1
img_0085.png,L1b_png_recompress0,lossless,1,0,0,0,1,1
img_0085.png,L2_exif_strip,lossless,1,0,0,0,1,1
img_0085.png,L3_lossless_webp,lossless,1,0,0,0,1,1
img_0085.png,L4_base64_rewrap,lossless,1,0,1,1,1,1
img_0085.png,L5_client_resave_tiff,lossless,1,0,0,0,1,1
img_0085.png,Y1_jpeg_q90,lossy,0,6,0,0,0,0
img_0085.png,Y2_jpeg_q95,lossy,0,4,0,0,0,0
img_0085.png,Y3_resize99,lossy,0,3,0,0,0,0
img_0086.png,L1_png_reopt,lossless,1,0,0,0,1,1
img_0086.png,L1b_png_recompress0,lossless,1,0,0,0,1,1
img_0086.png,L2_exif_strip,lossless,1,0,0,0,1,1
img_0086.png,L3_lossless_webp,lossless,1,0,0,0,1,1
img_0086.png,L4_base64_rewrap,lossless,1,0,1,1,1,1
img_0086.png,L5_client_resave_tiff,lossless,1,0,0,0,1,1
img_0086.png,Y1_jpeg_q90,lossy,0,6,0,0,0,0
img_0086.png,Y2_jpeg_q95,lossy,0,5,0,0,0,0
img_0086.png,Y3_resize99,lossy,0,3,0,0,0,0
img_0087.png,L1_png_reopt,lossless,1,0,0,0,1,1
img_0087.png,L1b_png_recompress0,lossless,1,0,0,0,1,1
img_0087.png,L2_exif_strip,lossless,1,0,0,0,1,1
img_0087.png,L3_lossless_webp,lossless,1,0,0,0,1,1
img_0087.png,L4_base64_rewrap,lossless,1,0,1,1,1,1
img_0087.png,L5_client_resave_tiff,lossless,1,0,0,0,1,1
img_0087.png,Y1_jpeg_q90,lossy,0,6,0,0,0,0
img_0087.png,Y2_jpeg_q95,lossy,0,5,0,0,0,0
img_0087.png,Y3_resize99,lossy,0,2,0,0,0,0
img_0088.png,L1_png_reopt,lossless,1,0,0,0,1,1
img_0088.png,L1b_png_recompress0,lossless,1,0,0,0,1,1
img_0088.png,L2_exif_strip,lossless,1,0,0,0,1,1
img_0088.png,L3_lossless_webp,lossless,1,0,0,0,1,1
img_0088.png,L4_base64_rewrap,lossless,1,0,1,1,1,1
img_0088.png,L5_client_resave_tiff,lossless,1,0,0,0,1,1
img_0088.png,Y1_jpeg_q90,lossy,0,6,0,0,0,0
img_0088.png,Y2_jpeg_q95,lossy,0,5,0,0,0,0
img_0088.png,Y3_resize99,lossy,0,4,0,0,0,0
img_0089.png,L1_png_reopt,lossless,1,0,0,0,1,1
img_0089.png,L1b_png_recompress0,lossless,1,0,0,0,1,1
img_0089.png,L2_exif_strip,lossless,1,0,0,0,1,1
img_0089.png,L3_lossless_webp,lossless,1,0,0,0,1,1
img_0089.png,L4_base64_rewrap,lossless,1,0,1,1,1,1
img_0089.png,L5_client_resave_tiff,lossless,1,0,0,0,1,1
img_0089.png,Y1_jpeg_q90,lossy,0,7,0,0,0,0
img_0089.png,Y2_jpeg_q95,lossy,0,5,0,0,0,0
img_0089.png,Y3_resize99,lossy,0,4,0,0,0,0
img_0090.png,L1_png_reopt,lossless,1,0,0,0,1,1
img_0090.png,L1b_png_recompress0,lossless,1,0,0,0,1,1
img_0090.png,L2_exif_strip,lossless,1,0,0,0,1,1
img_0090.png,L3_lossless_webp,lossless,1,0,0,0,1,1
img_0090.png,L4_base64_rewrap,lossless,1,0,1,1,1,1
img_0090.png,L5_client_resave_tiff,lossless,1,0,0,0,1,1
img_0090.png,Y1_jpeg_q90,lossy,0,7,0,0,0,0
img_0090.png,Y2_jpeg_q95,lossy,0,5,0,0,0,0
img_0090.png,Y3_resize99,lossy,0,3,0,0,0,0
img_0091.png,L1_png_reopt,lossless,1,0,0,0,1,1
img_0091.png,L1b_png_recompress0,lossless,1,0,0,0,1,1
img_0091.png,L2_exif_strip,lossless,1,0,0,0,1,1
img_0091.png,L3_lossless_webp,lossless,1,0,0,0,1,1
img_0091.png,L4_base64_rewrap,lossless,1,0,1,1,1,1
img_0091.png,L5_client_resave_tiff,lossless,1,0,0,0,1,1
img_0091.png,Y1_jpeg_q90,lossy,0,8,0,0,0,0
img_0091.png,Y2_jpeg_q95,lossy,0,7,0,0,0,0
img_0091.png,Y3_resize99,lossy,0,4,0,0,0,0
img_0092.png,L1_png_reopt,lossless,1,0,0,0,1,1
img_0092.png,L1b_png_recompress0,lossless,1,0,0,0,1,1
img_0092.png,L2_exif_strip,lossless,1,0,0,0,1,1
img_0092.png,L3_lossless_webp,lossless,1,0,0,0,1,1
img_0092.png,L4_base64_rewrap,lossless,1,0,1,1,1,1
img_0092.png,L5_client_resave_tiff,lossless,1,0,0,0,1,1
img_0092.png,Y1_jpeg_q90,lossy,0,7,0,0,0,0
img_0092.png,Y2_jpeg_q95,lossy,0,6,0,0,0,0
img_0092.png,Y3_resize99,lossy,0,4,0,0,0,0
img_0093.png,L1_png_reopt,lossless,1,0,0,0,1,1
img_0093.png,L1b_png_recompress0,lossless,1,0,0,0,1,1
img_0093.png,L2_exif_strip,lossless,1,0,0,0,1,1
img_0093.png,L3_lossless_webp,lossless,1,0,0,0,1,1
img_0093.png,L4_base64_rewrap,lossless,1,0,1,1,1,1
img_0093.png,L5_client_resave_tiff,lossless,1,0,0,0,1,1
img_0093.png,Y1_jpeg_q90,lossy,0,8,0,0,0,0
img_0093.png,Y2_jpeg_q95,lossy,0,6,0,0,0,0
img_0093.png,Y3_resize99,lossy,0,3,0,0,0,0
img_0094.png,L1_png_reopt,lossless,1,0,0,0,1,1
img_0094.png,L1b_png_recompress0,lossless,1,0,0,0,1,1
img_0094.png,L2_exif_strip,lossless,1,0,0,0,1,1
img_0094.png,L3_lossless_webp,lossless,1,0,0,0,1,1
img_0094.png,L4_base64_rewrap,lossless,1,0,1,1,1,1
img_0094.png,L5_client_resave_tiff,lossless,1,0,0,0,1,1
img_0094.png,Y1_jpeg_q90,lossy,0,5,0,0,0,0
img_0094.png,Y2_jpeg_q95,lossy,0,5,0,0,0,0
img_0094.png,Y3_resize99,lossy,0,3,0,0,0,0
img_0095.png,L1_png_reopt,lossless,1,0,0,0,1,1
img_0095.png,L1b_png_recompress0,lossless,1,0,0,0,1,1
img_0095.png,L2_exif_strip,lossless,1,0,0,0,1,1
img_0095.png,L3_lossless_webp,lossless,1,0,0,0,1,1
img_0095.png,L4_base64_rewrap,lossless,1,0,1,1,1,1
img_0095.png,L5_client_resave_tiff,lossless,1,0,0,0,1,1
img_0095.png,Y1_jpeg_q90,lossy,0,6,0,0,0,0
img_0095.png,Y2_jpeg_q95,lossy,0,5,0,0,0,0
img_0095.png,Y3_resize99,lossy,0,3,0,0,0,0
img_0096.png,L1_png_reopt,lossless,1,0,0,0,1,1
img_0096.png,L1b_png_recompress0,lossless,1,0,0,0,1,1
img_0096.png,L2_exif_strip,lossless,1,0,0,0,1,1
img_0096.png,L3_lossless_webp,lossless,1,0,0,0,1,1
img_0096.png,L4_base64_rewrap,lossless,1,0,1,1,1,1
img_0096.png,L5_client_resave_tiff,lossless,1,0,0,0,1,1
img_0096.png,Y1_jpeg_q90,lossy,0,7,0,0,0,0
img_0096.png,Y2_jpeg_q95,lossy,0,5,0,0,0,0
img_0096.png,Y3_resize99,lossy,0,3,0,0,0,0
img_0097.png,L1_png_reopt,lossless,1,0,0,0,1,1
img_0097.png,L1b_png_recompress0,lossless,1,0,0,0,1,1
img_0097.png,L2_exif_strip,lossless,1,0,0,0,1,1
img_0097.png,L3_lossless_webp,lossless,1,0,0,0,1,1
img_0097.png,L4_base64_rewrap,lossless,1,0,1,1,1,1
img_0097.png,L5_client_resave_tiff,lossless,1,0,0,0,1,1
img_0097.png,Y1_jpeg_q90,lossy,0,7,0,0,0,0
img_0097.png,Y2_jpeg_q95,lossy,0,5,0,0,0,0
img_0097.png,Y3_resize99,lossy,0,3,0,0,0,0
img_0098.png,L1_png_reopt,lossless,1,0,0,0,1,1
img_0098.png,L1b_png_recompress0,lossless,1,0,0,0,1,1
img_0098.png,L2_exif_strip,lossless,1,0,0,0,1,1
img_0098.png,L3_lossless_webp,lossless,1,0,0,0,1,1
img_0098.png,L4_base64_rewrap,lossless,1,0,1,1,1,1
img_0098.png,L5_client_resave_tiff,lossless,1,0,0,0,1,1
img_0098.png,Y1_jpeg_q90,lossy,0,6,0,0,0,0
img_0098.png,Y2_jpeg_q95,lossy,0,5,0,0,0,0
img_0098.png,Y3_resize99,lossy,0,3,0,0,0,0
img_0099.png,L1_png_reopt,lossless,1,0,0,0,1,1
img_0099.png,L1b_png_recompress0,lossless,1,0,0,0,1,1
img_0099.png,L2_exif_strip,lossless,1,0,0,0,1,1
img_0099.png,L3_lossless_webp,lossless,1,0,0,0,1,1
img_0099.png,L4_base64_rewrap,lossless,1,0,1,1,1,1
img_0099.png,L5_client_resave_tiff,lossless,1,0,0,0,1,1
img_0099.png,Y1_jpeg_q90,lossy,0,7,0,0,0,0
img_0099.png,Y2_jpeg_q95,lossy,0,5,0,0,0,0
img_0099.png,Y3_resize99,lossy,0,4,0,0,0,0
img_0100.png,L1_png_reopt,lossless,1,0,0,0,1,1
img_0100.png,L1b_png_recompress0,lossless,1,0,0,0,1,1
img_0100.png,L2_exif_strip,lossless,1,0,0,0,1,1
img_0100.png,L3_lossless_webp,lossless,1,0,0,0,1,1
img_0100.png,L4_base64_rewrap,lossless,1,0,1,1,1,1
img_0100.png,L5_client_resave_tiff,lossless,1,0,0,0,1,1
img_0100.png,Y1_jpeg_q90,lossy,0,8,0,0,0,0
img_0100.png,Y2_jpeg_q95,lossy,0,7,0,0,0,0
img_0100.png,Y3_resize99,lossy,0,3,0,0,0,0
img_0101.png,L1_png_reopt,lossless,1,0,0,0,1,1
img_0101.png,L1b_png_recompress0,lossless,1,0,0,0,1,1
img_0101.png,L2_exif_strip,lossless,1,0,0,0,1,1
img_0101.png,L3_lossless_webp,lossless,1,0,0,0,1,1
img_0101.png,L4_base64_rewrap,lossless,1,0,1,1,1,1
img_0101.png,L5_client_resave_tiff,lossless,1,0,0,0,1,1
img_0101.png,Y1_jpeg_q90,lossy,0,9,0,0,0,0
img_0101.png,Y2_jpeg_q95,lossy,0,7,0,0,0,0
img_0101.png,Y3_resize99,lossy,0,4,0,0,0,0
img_0102.png,L1_png_reopt,lossless,1,0,0,0,1,1
img_0102.png,L1b_png_recompress0,lossless,1,0,0,0,1,1
img_0102.png,L2_exif_strip,lossless,1,0,0,0,1,1
img_0102.png,L3_lossless_webp,lossless,1,0,0,0,1,1
img_0102.png,L4_base64_rewrap,lossless,1,0,1,1,1,1
img_0102.png,L5_client_resave_tiff,lossless,1,0,0,0,1,1
img_0102.png,Y1_jpeg_q90,lossy,0,6,0,0,0,0
img_0102.png,Y2_jpeg_q95,lossy,0,5,0,0,0,0
img_0102.png,Y3_resize99,lossy,0,3,0,0,0,0
img_0103.png,L1_png_reopt,lossless,1,0,0,0,1,1
img_0103.png,L1b_png_recompress0,lossless,1,0,0,0,1,1
img_0103.png,L2_exif_strip,lossless,1,0,0,0,1,1
img_0103.png,L3_lossless_webp,lossless,1,0,0,0,1,1
img_0103.png,L4_base64_rewrap,lossless,1,0,1,1,1,1
img_0103.png,L5_client_resave_tiff,lossless,1,0,0,0,1,1
img_0103.png,Y1_jpeg_q90,lossy,0,7,0,0,0,0
img_0103.png,Y2_jpeg_q95,lossy,0,6,0,0,0,0
img_0103.png,Y3_resize99,lossy,0,3,0,0,0,0
img_0104.png,L1_png_reopt,lossless,1,0,0,0,1,1
img_0104.png,L1b_png_recompress0,lossless,1,0,0,0,1,1
img_0104.png,L2_exif_strip,lossless,1,0,0,0,1,1
img_0104.png,L3_lossless_webp,lossless,1,0,0,0,1,1
img_0104.png,L4_base64_rewrap,lossless,1,0,1,1,1,1
img_0104.png,L5_client_resave_tiff,lossless,1,0,0,0,1,1
img_0104.png,Y1_jpeg_q90,lossy,0,6,0,0,0,0
img_0104.png,Y2_jpeg_q95,lossy,0,4,0,0,0,0
img_0104.png,Y3_resize99,lossy,0,3,0,0,0,0
img_0105.png,L1_png_reopt,lossless,1,0,0,0,1,1
img_0105.png,L1b_png_recompress0,lossless,1,0,0,0,1,1
img_0105.png,L2_exif_strip,lossless,1,0,0,0,1,1
img_0105.png,L3_lossless_webp,lossless,1,0,0,0,1,1
img_0105.png,L4_base64_rewrap,lossless,1,0,1,1,1,1
img_0105.png,L5_client_resave_tiff,lossless,1,0,0,0,1,1
img_0105.png,Y1_jpeg_q90,lossy,0,5,0,0,0,0
img_0105.png,Y2_jpeg_q95,lossy,0,4,0,0,0,0
img_0105.png,Y3_resize99,lossy,0,2,0,0,0,0
img_0106.png,L1_png_reopt,lossless,1,0,0,0,1,1
img_0106.png,L1b_png_recompress0,lossless,1,0,0,0,1,1
img_0106.png,L2_exif_strip,lossless,1,0,0,0,1,1
img_0106.png,L3_lossless_webp,lossless,1,0,0,0,1,1
img_0106.png,L4_base64_rewrap,lossless,1,0,1,1,1,1
img_0106.png,L5_client_resave_tiff,lossless,1,0,0,0,1,1
img_0106.png,Y1_jpeg_q90,lossy,0,6,0,0,0,0
img_0106.png,Y2_jpeg_q95,lossy,0,5,0,0,0,0
img_0106.png,Y3_resize99,lossy,0,5,0,0,0,0
img_0107.png,L1_png_reopt,lossless,1,0,0,0,1,1
img_0107.png,L1b_png_recompress0,lossless,1,0,0,0,1,1
img_0107.png,L2_exif_strip,lossless,1,0,0,0,1,1
img_0107.png,L3_lossless_webp,lossless,1,0,0,0,1,1
img_0107.png,L4_base64_rewrap,lossless,1,0,1,1,1,1
img_0107.png,L5_client_resave_tiff,lossless,1,0,0,0,1,1
img_0107.png,Y1_jpeg_q90,lossy,0,6,0,0,0,0
img_0107.png,Y2_jpeg_q95,lossy,0,5,0,0,0,0
img_0107.png,Y3_resize99,lossy,0,3,0,0,0,0
img_0108.png,L1_png_reopt,lossless,1,0,0,0,1,1
img_0108.png,L1b_png_recompress0,lossless,1,0,0,0,1,1
img_0108.png,L2_exif_strip,lossless,1,0,0,0,1,1
img_0108.png,L3_lossless_webp,lossless,1,0,0,0,1,1
img_0108.png,L4_base64_rewrap,lossless,1,0,1,1,1,1
img_0108.png,L5_client_resave_tiff,lossless,1,0,0,0,1,1
img_0108.png,Y1_jpeg_q90,lossy,0,5,0,0,0,0
img_0108.png,Y2_jpeg_q95,lossy,0,5,0,0,0,0
img_0108.png,Y3_resize99,lossy,0,3,0,0,0,0
img_0109.png,L1_png_reopt,lossless,1,0,0,0,1,1
img_0109.png,L1b_png_recompress0,lossless,1,0,0,0,1,1
img_0109.png,L2_exif_strip,lossless,1,0,0,0,1,1
img_0109.png,L3_lossless_webp,lossless,1,0,0,0,1,1
img_0109.png,L4_base64_rewrap,lossless,1,0,1,1,1,1
img_0109.png,L5_client_resave_tiff,lossless,1,0,0,0,1,1
img_0109.png,Y1_jpeg_q90,lossy,0,10,0,0,0,0
img_0109.png,Y2_jpeg_q95,lossy,0,7,0,0,0,0
img_0109.png,Y3_resize99,lossy,0,3,0,0,0,0
img_0110.png,L1_png_reopt,lossless,1,0,0,0,1,1
img_0110.png,L1b_png_recompress0,lossless,1,0,0,0,1,1
img_0110.png,L2_exif_strip,lossless,1,0,0,0,1,1
img_0110.png,L3_lossless_webp,lossless,1,0,0,0,1,1
img_0110.png,L4_base64_rewrap,lossless,1,0,1,1,1,1
img_0110.png,L5_client_resave_tiff,lossless,1,0,0,0,1,1
img_0110.png,Y1_jpeg_q90,lossy,0,7,0,0,0,0
img_0110.png,Y2_jpeg_q95,lossy,0,5,0,0,0,0
img_0110.png,Y3_resize99,lossy,0,2,0,0,0,0
img_0111.png,L1_png_reopt,lossless,1,0,0,0,1,1
img_0111.png,L1b_png_recompress0,lossless,1,0,0,0,1,1
img_0111.png,L2_exif_strip,lossless,1,0,0,0,1,1
img_0111.png,L3_lossless_webp,lossless,1,0,0,0,1,1
img_0111.png,L4_base64_rewrap,lossless,1,0,1,1,1,1
img_0111.png,L5_client_resave_tiff,lossless,1,0,0,0,1,1
img_0111.png,Y1_jpeg_q90,lossy,0,6,0,0,0,0
img_0111.png,Y2_jpeg_q95,lossy,0,5,0,0,0,0
img_0111.png,Y3_resize99,lossy,0,3,0,0,0,0
img_0112.png,L1_png_reopt,lossless,1,0,0,0,1,1
img_0112.png,L1b_png_recompress0,lossless,1,0,0,0,1,1
img_0112.png,L2_exif_strip,lossless,1,0,0,0,1,1
img_0112.png,L3_lossless_webp,lossless,1,0,0,0,1,1
img_0112.png,L4_base64_rewrap,lossless,1,0,1,1,1,1
img_0112.png,L5_client_resave_tiff,lossless,1,0,0,0,1,1
img_0112.png,Y1_jpeg_q90,lossy,0,8,0,0,0,0
img_0112.png,Y2_jpeg_q95,lossy,0,6,0,0,0,0
img_0112.png,Y3_resize99,lossy,0,4,0,0,0,0
img_0113.png,L1_png_reopt,lossless,1,0,0,0,1,1
img_0113.png,L1b_png_recompress0,lossless,1,0,0,0,1,1
img_0113.png,L2_exif_strip,lossless,1,0,0,0,1,1
img_0113.png,L3_lossless_webp,lossless,1,0,0,0,1,1
img_0113.png,L4_base64_rewrap,lossless,1,0,1,1,1,1
img_0113.png,L5_client_resave_tiff,lossless,1,0,0,0,1,1
img_0113.png,Y1_jpeg_q90,lossy,0,7,0,0,0,0
img_0113.png,Y2_jpeg_q95,lossy,0,5,0,0,0,0
img_0113.png,Y3_resize99,lossy,0,3,0,0,0,0
img_0114.png,L1_png_reopt,lossless,1,0,0,0,1,1
img_0114.png,L1b_png_recompress0,lossless,1,0,0,0,1,1
img_0114.png,L2_exif_strip,lossless,1,0,0,0,1,1
img_0114.png,L3_lossless_webp,lossless,1,0,0,0,1,1
img_0114.png,L4_base64_rewrap,lossless,1,0,1,1,1,1
img_0114.png,L5_client_resave_tiff,lossless,1,0,0,0,1,1
img_0114.png,Y1_jpeg_q90,lossy,0,7,0,0,0,0
img_0114.png,Y2_jpeg_q95,lossy,0,5,0,0,0,0
img_0114.png,Y3_resize99,lossy,0,3,0,0,0,0
img_0115.png,L1_png_reopt,lossless,1,0,0,0,1,1
img_0115.png,L1b_png_recompress0,lossless,1,0,0,0,1,1
img_0115.png,L2_exif_strip,lossless,1,0,0,0,1,1
img_0115.png,L3_lossless_webp,lossless,1,0,0,0,1,1
img_0115.png,L4_base64_rewrap,lossless,1,0,1,1,1,1
img_0115.png,L5_client_resave_tiff,lossless,1,0,0,0,1,1
img_0115.png,Y1_jpeg_q90,lossy,0,5,0,0,0,0
img_0115.png,Y2_jpeg_q95,lossy,0,4,0,0,0,0
img_0115.png,Y3_resize99,lossy,0,3,0,0,0,0
img_0116.png,L1_png_reopt,lossless,1,0,0,0,1,1
img_0116.png,L1b_png_recompress0,lossless,1,0,0,0,1,1
img_0116.png,L2_exif_strip,lossless,1,0,0,0,1,1
img_0116.png,L3_lossless_webp,lossless,1,0,0,0,1,1
img_0116.png,L4_base64_rewrap,lossless,1,0,1,1,1,1
img_0116.png,L5_client_resave_tiff,lossless,1,0,0,0,1,1
img_0116.png,Y1_jpeg_q90,lossy,0,5,0,0,0,0
img_0116.png,Y2_jpeg_q95,lossy,0,4,0,0,0,0
img_0116.png,Y3_resize99,lossy,0,4,0,0,0,0
img_0117.png,L1_png_reopt,lossless,1,0,0,0,1,1
img_0117.png,L1b_png_recompress0,lossless,1,0,0,0,1,1
img_0117.png,L2_exif_strip,lossless,1,0,0,0,1,1
img_0117.png,L3_lossless_webp,lossless,1,0,0,0,1,1
img_0117.png,L4_base64_rewrap,lossless,1,0,1,1,1,1
img_0117.png,L5_client_resave_tiff,lossless,1,0,0,0,1,1
img_0117.png,Y1_jpeg_q90,lossy,0,7,0,0,0,0
img_0117.png,Y2_jpeg_q95,lossy,0,5,0,0,0,0
img_0117.png,Y3_resize99,lossy,0,3,0,0,0,0
img_0118.png,L1_png_reopt,lossless,1,0,0,0,1,1
img_0118.png,L1b_png_recompress0,lossless,1,0,0,0,1,1
img_0118.png,L2_exif_strip,lossless,1,0,0,0,1,1
img_0118.png,L3_lossless_webp,lossless,1,0,0,0,1,1
img_0118.png,L4_base64_rewrap,lossless,1,0,1,1,1,1
img_0118.png,L5_client_resave_tiff,lossless,1,0,0,0,1,1
img_0118.png,Y1_jpeg_q90,lossy,0,7,0,0,0,0
img_0118.png,Y2_jpeg_q95,lossy,0,6,0,0,0,0
img_0118.png,Y3_resize99,lossy,0,4,0,0,0,0
img_0119.png,L1_png_reopt,lossless,1,0,0,0,1,1
img_0119.png,L1b_png_recompress0,lossless,1,0,0,0,1,1
img_0119.png,L2_exif_strip,lossless,1,0,0,0,1,1
img_0119.png,L3_lossless_webp,lossless,1,0,0,0,1,1
img_0119.png,L4_base64_rewrap,lossless,1,0,1,1,1,1
img_0119.png,L5_client_resave_tiff,lossless,1,0,0,0,1,1
img_0119.png,Y1_jpeg_q90,lossy,0,6,0,0,0,0
img_0119.png,Y2_jpeg_q95,lossy,0,7,0,0,0,0
img_0119.png,Y3_resize99,lossy,0,4,0,0,0,0
img_0120.png,L1_png_reopt,lossless,1,0,0,0,1,1
img_0120.png,L1b_png_recompress0,lossless,1,0,0,0,1,1
img_0120.png,L2_exif_strip,lossless,1,0,0,0,1,1
img_0120.png,L3_lossless_webp,lossless,1,0,0,0,1,1
img_0120.png,L4_base64_rewrap,lossless,1,0,1,1,1,1
img_0120.png,L5_client_resave_tiff,lossless,1,0,0,0,1,1
img_0120.png,Y1_jpeg_q90,lossy,0,6,0,0,0,0
img_0120.png,Y2_jpeg_q95,lossy,0,5,0,0,0,0
img_0120.png,Y3_resize99,lossy,0,3,0,0,0,0
img_0121.png,L1_png_reopt,lossless,1,0,0,0,1,1
img_0121.png,L1b_png_recompress0,lossless,1,0,0,0,1,1
img_0121.png,L2_exif_strip,lossless,1,0,0,0,1,1
img_0121.png,L3_lossless_webp,lossless,1,0,0,0,1,1
img_0121.png,L4_base64_rewrap,lossless,1,0,1,1,1,1
img_0121.png,L5_client_resave_tiff,lossless,1,0,0,0,1,1
img_0121.png,Y1_jpeg_q90,lossy,0,6,0,0,0,0
img_0121.png,Y2_jpeg_q95,lossy,0,5,0,0,0,0
img_0121.png,Y3_resize99,lossy,0,3,0,0,0,0
img_0122.png,L1_png_reopt,lossless,1,0,0,0,1,1
img_0122.png,L1b_png_recompress0,lossless,1,0,0,0,1,1
img_0122.png,L2_exif_strip,lossless,1,0,0,0,1,1
img_0122.png,L3_lossless_webp,lossless,1,0,0,0,1,1
img_0122.png,L4_base64_rewrap,lossless,1,0,1,1,1,1
img_0122.png,L5_client_resave_tiff,lossless,1,0,0,0,1,1
img_0122.png,Y1_jpeg_q90,lossy,0,6,0,0,0,0
img_0122.png,Y2_jpeg_q95,lossy,0,5,0,0,0,0
img_0122.png,Y3_resize99,lossy,0,3,0,0,0,0
img_0123.png,L1_png_reopt,lossless,1,0,0,0,1,1
img_0123.png,L1b_png_recompress0,lossless,1,0,0,0,1,1
img_0123.png,L2_exif_strip,lossless,1,0,0,0,1,1
img_0123.png,L3_lossless_webp,lossless,1,0,0,0,1,1
img_0123.png,L4_base64_rewrap,lossless,1,0,1,1,1,1
img_0123.png,L5_client_resave_tiff,lossless,1,0,0,0,1,1
img_0123.png,Y1_jpeg_q90,lossy,0,6,0,0,0,0
img_0123.png,Y2_jpeg_q95,lossy,0,5,0,0,0,0
img_0123.png,Y3_resize99,lossy,0,3,0,0,0,0
img_0124.png,L1_png_reopt,lossless,1,0,0,0,1,1
img_0124.png,L1b_png_recompress0,lossless,1,0,0,0,1,1
img_0124.png,L2_exif_strip,lossless,1,0,0,0,1,1
img_0124.png,L3_lossless_webp,lossless,1,0,0,0,1,1
img_0124.png,L4_base64_rewrap,lossless,1,0,1,1,1,1
img_0124.png,L5_client_resave_tiff,lossless,1,0,0,0,1,1
img_0124.png,Y1_jpeg_q90,lossy,0,5,0,0,0,0
img_0124.png,Y2_jpeg_q95,lossy,0,4,0,0,0,0
img_0124.png,Y3_resize99,lossy,0,3,0,0,0,0
img_0125.png,L1_png_reopt,lossless,1,0,0,0,1,1
img_0125.png,L1b_png_recompress0,lossless,1,0,0,0,1,1
img_0125.png,L2_exif_strip,lossless,1,0,0,0,1,1
img_0125.png,L3_lossless_webp,lossless,1,0,0,0,1,1
img_0125.png,L4_base64_rewrap,lossless,1,0,1,1,1,1
img_0125.png,L5_client_resave_tiff,lossless,1,0,0,0,1,1
img_0125.png,Y1_jpeg_q90,lossy,0,5,0,0,0,0
img_0125.png,Y2_jpeg_q95,lossy,0,5,0,0,0,0
img_0125.png,Y3_resize99,lossy,0,3,0,0,0,0
img_0126.png,L1_png_reopt,lossless,1,0,0,0,1,1
img_0126.png,L1b_png_recompress0,lossless,1,0,0,0,1,1
img_0126.png,L2_exif_strip,lossless,1,0,0,0,1,1
img_0126.png,L3_lossless_webp,lossless,1,0,0,0,1,1
img_0126.png,L4_base64_rewrap,lossless,1,0,1,1,1,1
img_0126.png,L5_client_resave_tiff,lossless,1,0,0,0,1,1
img_0126.png,Y1_jpeg_q90,lossy,0,8,0,0,0,0
img_0126.png,Y2_jpeg_q95,lossy,0,6,0,0,0,0
img_0126.png,Y3_resize99,lossy,0,3,0,0,0,0
img_0127.png,L1_png_reopt,lossless,1,0,0,0,1,1
img_0127.png,L1b_png_recompress0,lossless,1,0,0,0,1,1
img_0127.png,L2_exif_strip,lossless,1,0,0,0,1,1
img_0127.png,L3_lossless_webp,lossless,1,0,0,0,1,1
img_0127.png,L4_base64_rewrap,lossless,1,0,1,1,1,1
img_0127.png,L5_client_resave_tiff,lossless,1,0,0,0,1,1
img_0127.png,Y1_jpeg_q90,lossy,0,6,0,0,0,0
img_0127.png,Y2_jpeg_q95,lossy,0,5,0,0,0,0
img_0127.png,Y3_resize99,lossy,0,3,0,0,0,0
img_0128.png,L1_png_reopt,lossless,1,0,0,0,1,1
img_0128.png,L1b_png_recompress0,lossless,1,0,0,0,1,1
img_0128.png,L2_exif_strip,lossless,1,0,0,0,1,1
img_0128.png,L3_lossless_webp,lossless,1,0,0,0,1,1
img_0128.png,L4_base64_rewrap,lossless,1,0,1,1,1,1
img_0128.png,L5_client_resave_tiff,lossless,1,0,0,0,1,1
img_0128.png,Y1_jpeg_q90,lossy,0,8,0,0,0,0
img_0128.png,Y2_jpeg_q95,lossy,0,5,0,0,0,0
img_0128.png,Y3_resize99,lossy,0,3,0,0,0,0
img_0129.png,L1_png_reopt,lossless,1,0,0,0,1,1
img_0129.png,L1b_png_recompress0,lossless,1,0,0,0,1,1
img_0129.png,L2_exif_strip,lossless,1,0,0,0,1,1
img_0129.png,L3_lossless_webp,lossless,1,0,0,0,1,1
img_0129.png,L4_base64_rewrap,lossless,1,0,1,1,1,1
img_0129.png,L5_client_resave_tiff,lossless,1,0,0,0,1,1
img_0129.png,Y1_jpeg_q90,lossy,0,8,0,0,0,0
img_0129.png,Y2_jpeg_q95,lossy,0,7,0,0,0,0
img_0129.png,Y3_resize99,lossy,0,3,0,0,0,0
img_0130.png,L1_png_reopt,lossless,1,0,0,0,1,1
img_0130.png,L1b_png_recompress0,lossless,1,0,0,0,1,1
img_0130.png,L2_exif_strip,lossless,1,0,0,0,1,1
img_0130.png,L3_lossless_webp,lossless,1,0,0,0,1,1
img_0130.png,L4_base64_rewrap,lossless,1,0,1,1,1,1
img_0130.png,L5_client_resave_tiff,lossless,1,0,0,0,1,1
img_0130.png,Y1_jpeg_q90,lossy,0,7,0,0,0,0
img_0130.png,Y2_jpeg_q95,lossy,0,7,0,0,0,0
img_0130.png,Y3_resize99,lossy,0,3,0,0,0,0
img_0131.png,L1_png_reopt,lossless,1,0,0,0,1,1
img_0131.png,L1b_png_recompress0,lossless,1,0,0,0,1,1
img_0131.png,L2_exif_strip,lossless,1,0,0,0,1,1
img_0131.png,L3_lossless_webp,lossless,1,0,0,0,1,1
img_0131.png,L4_base64_rewrap,lossless,1,0,1,1,1,1
img_0131.png,L5_client_resave_tiff,lossless,1,0,0,0,1,1
img_0131.png,Y1_jpeg_q90,lossy,0,7,0,0,0,0
img_0131.png,Y2_jpeg_q95,lossy,0,7,0,0,0,0
img_0131.png,Y3_resize99,lossy,0,3,0,0,0,0
img_0132.png,L1_png_reopt,lossless,1,0,0,0,1,1
img_0132.png,L1b_png_recompress0,lossless,1,0,0,0,1,1
img_0132.png,L2_exif_strip,lossless,1,0,0,0,1,1
img_0132.png,L3_lossless_webp,lossless,1,0,0,0,1,1
img_0132.png,L4_base64_rewrap,lossless,1,0,1,1,1,1
img_0132.png,L5_client_resave_tiff,lossless,1,0,0,0,1,1
img_0132.png,Y1_jpeg_q90,lossy,0,6,0,0,0,0
img_0132.png,Y2_jpeg_q95,lossy,0,5,0,0,0,0
img_0132.png,Y3_resize99,lossy,0,3,0,0,0,0
img_0133.png,L1_png_reopt,lossless,1,0,0,0,1,1
img_0133.png,L1b_png_recompress0,lossless,1,0,0,0,1,1
img_0133.png,L2_exif_strip,lossless,1,0,0,0,1,1
img_0133.png,L3_lossless_webp,lossless,1,0,0,0,1,1
img_0133.png,L4_base64_rewrap,lossless,1,0,1,1,1,1
img_0133.png,L5_client_resave_tiff,lossless,1,0,0,0,1,1
img_0133.png,Y1_jpeg_q90,lossy,0,7,0,0,0,0
img_0133.png,Y2_jpeg_q95,lossy,0,6,0,0,0,0
img_0133.png,Y3_resize99,lossy,0,3,0,0,0,0
img_0134.png,L1_png_reopt,lossless,1,0,0,0,1,1
img_0134.png,L1b_png_recompress0,lossless,1,0,0,0,1,1
img_0134.png,L2_exif_strip,lossless,1,0,0,0,1,1
img_0134.png,L3_lossless_webp,lossless,1,0,0,0,1,1
img_0134.png,L4_base64_rewrap,lossless,1,0,1,1,1,1
img_0134.png,L5_client_resave_tiff,lossless,1,0,0,0,1,1
img_0134.png,Y1_jpeg_q90,lossy,0,8,0,0,0,0
img_0134.png,Y2_jpeg_q95,lossy,0,5,0,0,0,0
img_0134.png,Y3_resize99,lossy,0,3,0,0,0,0
img_0135.png,L1_png_reopt,lossless,1,0,0,0,1,1
img_0135.png,L1b_png_recompress0,lossless,1,0,0,0,1,1
img_0135.png,L2_exif_strip,lossless,1,0,0,0,1,1
img_0135.png,L3_lossless_webp,lossless,1,0,0,0,1,1
img_0135.png,L4_base64_rewrap,lossless,1,0,1,1,1,1
img_0135.png,L5_client_resave_tiff,lossless,1,0,0,0,1,1
img_0135.png,Y1_jpeg_q90,lossy,0,7,0,0,0,0
img_0135.png,Y2_jpeg_q95,lossy,0,5,0,0,0,0
img_0135.png,Y3_resize99,lossy,0,3,0,0,0,0
img_0136.png,L1_png_reopt,lossless,1,0,0,0,1,1
img_0136.png,L1b_png_recompress0,lossless,1,0,0,0,1,1
img_0136.png,L2_exif_strip,lossless,1,0,0,0,1,1
img_0136.png,L3_lossless_webp,lossless,1,0,0,0,1,1
img_0136.png,L4_base64_rewrap,lossless,1,0,1,1,1,1
img_0136.png,L5_client_resave_tiff,lossless,1,0,0,0,1,1
img_0136.png,Y1_jpeg_q90,lossy,0,7,0,0,0,0
img_0136.png,Y2_jpeg_q95,lossy,0,5,0,0,0,0
img_0136.png,Y3_resize99,lossy,0,4,0,0,0,0
img_0137.png,L1_png_reopt,lossless,1,0,0,0,1,1
img_0137.png,L1b_png_recompress0,lossless,1,0,0,0,1,1
img_0137.png,L2_exif_strip,lossless,1,0,0,0,1,1
img_0137.png,L3_lossless_webp,lossless,1,0,0,0,1,1
img_0137.png,L4_base64_rewrap,lossless,1,0,1,1,1,1
img_0137.png,L5_client_resave_tiff,lossless,1,0,0,0,1,1
img_0137.png,Y1_jpeg_q90,lossy,0,7,0,0,0,0
img_0137.png,Y2_jpeg_q95,lossy,0,5,0,0,0,0
img_0137.png,Y3_resize99,lossy,0,3,0,0,0,0
img_0138.png,L1_png_reopt,lossless,1,0,0,0,1,1
img_0138.png,L1b_png_recompress0,lossless,1,0,0,0,1,1
img_0138.png,L2_exif_strip,lossless,1,0,0,0,1,1
img_0138.png,L3_lossless_webp,lossless,1,0,0,0,1,1
img_0138.png,L4_base64_rewrap,lossless,1,0,1,1,1,1
img_0138.png,L5_client_resave_tiff,lossless,1,0,0,0,1,1
img_0138.png,Y1_jpeg_q90,lossy,0,10,0,0,0,0
img_0138.png,Y2_jpeg_q95,lossy,0,8,0,0,0,0
img_0138.png,Y3_resize99,lossy,0,3,0,0,0,0
img_0139.png,L1_png_reopt,lossless,1,0,0,0,1,1
img_0139.png,L1b_png_recompress0,lossless,1,0,0,0,1,1
img_0139.png,L2_exif_strip,lossless,1,0,0,0,1,1
img_0139.png,L3_lossless_webp,lossless,1,0,0,0,1,1
img_0139.png,L4_base64_rewrap,lossless,1,0,1,1,1,1
img_0139.png,L5_client_resave_tiff,lossless,1,0,0,0,1,1
img_0139.png,Y1_jpeg_q90,lossy,0,8,0,0,0,0
img_0139.png,Y2_jpeg_q95,lossy,0,6,0,0,0,0
img_0139.png,Y3_resize99,lossy,0,3,0,0,0,0
img_0140.png,L1_png_reopt,lossless,1,0,0,0,1,1
img_0140.png,L1b_png_recompress0,lossless,1,0,0,0,1,1
img_0140.png,L2_exif_strip,lossless,1,0,0,0,1,1
img_0140.png,L3_lossless_webp,lossless,1,0,0,0,1,1
img_0140.png,L4_base64_rewrap,lossless,1,0,1,1,1,1
img_0140.png,L5_client_resave_tiff,lossless,1,0,0,0,1,1
img_0140.png,Y1_jpeg_q90,lossy,0,6,0,0,0,0
img_0140.png,Y2_jpeg_q95,lossy,0,5,0,0,0,0
img_0140.png,Y3_resize99,lossy,0,3,0,0,0,0
img_0141.png,L1_png_reopt,lossless,1,0,0,0,1,1
img_0141.png,L1b_png_recompress0,lossless,1,0,0,0,1,1
img_0141.png,L2_exif_strip,lossless,1,0,0,0,1,1
img_0141.png,L3_lossless_webp,lossless,1,0,0,0,1,1
img_0141.png,L4_base64_rewrap,lossless,1,0,1,1,1,1
img_0141.png,L5_client_resave_tiff,lossless,1,0,0,0,1,1
img_0141.png,Y1_jpeg_q90,lossy,0,5,0,0,0,0
img_0141.png,Y2_jpeg_q95,lossy,0,5,0,0,0,0
img_0141.png,Y3_resize99,lossy,0,3,0,0,0,0
img_0142.png,L1_png_reopt,lossless,1,0,0,0,1,1
img_0142.png,L1b_png_recompress0,lossless,1,0,0,0,1,1
img_0142.png,L2_exif_strip,lossless,1,0,0,0,1,1
img_0142.png,L3_lossless_webp,lossless,1,0,0,0,1,1
img_0142.png,L4_base64_rewrap,lossless,1,0,1,1,1,1
img_0142.png,L5_client_resave_tiff,lossless,1,0,0,0,1,1
img_0142.png,Y1_jpeg_q90,lossy,0,7,0,0,0,0
img_0142.png,Y2_jpeg_q95,lossy,0,5,0,0,0,0
img_0142.png,Y3_resize99,lossy,0,4,0,0,0,0
img_0143.png,L1_png_reopt,lossless,1,0,0,0,1,1
img_0143.png,L1b_png_recompress0,lossless,1,0,0,0,1,1
img_0143.png,L2_exif_strip,lossless,1,0,0,0,1,1
img_0143.png,L3_lossless_webp,lossless,1,0,0,0,1,1
img_0143.png,L4_base64_rewrap,lossless,1,0,1,1,1,1
img_0143.png,L5_client_resave_tiff,lossless,1,0,0,0,1,1
img_0143.png,Y1_jpeg_q90,lossy,0,7,0,0,0,0
img_0143.png,Y2_jpeg_q95,lossy,0,5,0,0,0,0
img_0143.png,Y3_resize99,lossy,0,4,0,0,0,0
img_0144.png,L1_png_reopt,lossless,1,0,0,0,1,1
img_0144.png,L1b_png_recompress0,lossless,1,0,0,0,1,1
img_0144.png,L2_exif_strip,lossless,1,0,0,0,1,1
img_0144.png,L3_lossless_webp,lossless,1,0,0,0,1,1
img_0144.png,L4_base64_rewrap,lossless,1,0,1,1,1,1
img_0144.png,L5_client_resave_tiff,lossless,1,0,0,0,1,1
img_0144.png,Y1_jpeg_q90,lossy,0,6,0,0,0,0
img_0144.png,Y2_jpeg_q95,lossy,0,5,0,0,0,0
img_0144.png,Y3_resize99,lossy,0,3,0,0,0,0
img_0145.png,L1_png_reopt,lossless,1,0,0,0,1,1
img_0145.png,L1b_png_recompress0,lossless,1,0,0,0,1,1
img_0145.png,L2_exif_strip,lossless,1,0,0,0,1,1
img_0145.png,L3_lossless_webp,lossless,1,0,0,0,1,1
img_0145.png,L4_base64_rewrap,lossless,1,0,1,1,1,1
img_0145.png,L5_client_resave_tiff,lossless,1,0,0,0,1,1
img_0145.png,Y1_jpeg_q90,lossy,0,7,0,0,0,0
img_0145.png,Y2_jpeg_q95,lossy,0,5,0,0,0,0
img_0145.png,Y3_resize99,lossy,0,3,0,0,0,0
img_0146.png,L1_png_reopt,lossless,1,0,0,0,1,1
img_0146.png,L1b_png_recompress0,lossless,1,0,0,0,1,1
img_0146.png,L2_exif_strip,lossless,1,0,0,0,1,1
img_0146.png,L3_lossless_webp,lossless,1,0,0,0,1,1
img_0146.png,L4_base64_rewrap,lossless,1,0,1,1,1,1
img_0146.png,L5_client_resave_tiff,lossless,1,0,0,0,1,1
img_0146.png,Y1_jpeg_q90,lossy,0,6,0,0,0,0
img_0146.png,Y2_jpeg_q95,lossy,0,5,0,0,0,0
img_0146.png,Y3_resize99,lossy,0,2,0,0,0,0
img_0147.png,L1_png_reopt,lossless,1,0,0,0,1,1
img_0147.png,L1b_png_recompress0,lossless,1,0,0,0,1,1
img_0147.png,L2_exif_strip,lossless,1,0,0,0,1,1
img_0147.png,L3_lossless_webp,lossless,1,0,0,0,1,1
img_0147.png,L4_base64_rewrap,lossless,1,0,1,1,1,1
img_0147.png,L5_client_resave_tiff,lossless,1,0,0,0,1,1
img_0147.png,Y1_jpeg_q90,lossy,0,6,0,0,0,0
img_0147.png,Y2_jpeg_q95,lossy,0,5,0,0,0,0
img_0147.png,Y3_resize99,lossy,0,3,0,0,0,0
img_0148.png,L1_png_reopt,lossless,1,0,0,0,1,1
img_0148.png,L1b_png_recompress0,lossless,1,0,0,0,1,1
img_0148.png,L2_exif_strip,lossless,1,0,0,0,1,1
img_0148.png,L3_lossless_webp,lossless,1,0,0,0,1,1
img_0148.png,L4_base64_rewrap,lossless,1,0,1,1,1,1
img_0148.png,L5_client_resave_tiff,lossless,1,0,0,0,1,1
img_0148.png,Y1_jpeg_q90,lossy,0,7,0,0,0,0
img_0148.png,Y2_jpeg_q95,lossy,0,5,0,0,0,0
img_0148.png,Y3_resize99,lossy,0,3,0,0,0,0
img_0149.png,L1_png_reopt,lossless,1,0,0,0,1,1
img_0149.png,L1b_png_recompress0,lossless,1,0,0,0,1,1
img_0149.png,L2_exif_strip,lossless,1,0,0,0,1,1
img_0149.png,L3_lossless_webp,lossless,1,0,0,0,1,1
img_0149.png,L4_base64_rewrap,lossless,1,0,1,1,1,1
img_0149.png,L5_client_resave_tiff,lossless,1,0,0,0,1,1
img_0149.png,Y1_jpeg_q90,lossy,0,9,0,0,0,0
img_0149.png,Y2_jpeg_q95,lossy,0,7,0,0,0,0
img_0149.png,Y3_resize99,lossy,0,4,0,0,0,0
img_0150.png,L1_png_reopt,lossless,1,0,0,0,1,1
img_0150.png,L1b_png_recompress0,lossless,1,0,0,0,1,1
img_0150.png,L2_exif_strip,lossless,1,0,0,0,1,1
img_0150.png,L3_lossless_webp,lossless,1,0,0,0,1,1
img_0150.png,L4_base64_rewrap,lossless,1,0,1,1,1,1
img_0150.png,L5_client_resave_tiff,lossless,1,0,0,0,1,1
img_0150.png,Y1_jpeg_q90,lossy,0,7,0,0,0,0
img_0150.png,Y2_jpeg_q95,lossy,0,6,0,0,0,0
img_0150.png,Y3_resize99,lossy,0,3,0,0,0,0
img_0151.png,L1_png_reopt,lossless,1,0,0,0,1,1
img_0151.png,L1b_png_recompress0,lossless,1,0,0,0,1,1
img_0151.png,L2_exif_strip,lossless,1,0,0,0,1,1
img_0151.png,L3_lossless_webp,lossless,1,0,0,0,1,1
img_0151.png,L4_base64_rewrap,lossless,1,0,1,1,1,1
img_0151.png,L5_client_resave_tiff,lossless,1,0,0,0,1,1
img_0151.png,Y1_jpeg_q90,lossy,0,10,0,0,0,0
img_0151.png,Y2_jpeg_q95,lossy,0,7,0,0,0,0
img_0151.png,Y3_resize99,lossy,0,4,0,0,0,0
img_0152.png,L1_png_reopt,lossless,1,0,0,0,1,1
img_0152.png,L1b_png_recompress0,lossless,1,0,0,0,1,1
img_0152.png,L2_exif_strip,lossless,1,0,0,0,1,1
img_0152.png,L3_lossless_webp,lossless,1,0,0,0,1,1
img_0152.png,L4_base64_rewrap,lossless,1,0,1,1,1,1
img_0152.png,L5_client_resave_tiff,lossless,1,0,0,0,1,1
img_0152.png,Y1_jpeg_q90,lossy,0,4,0,0,0,0
img_0152.png,Y2_jpeg_q95,lossy,0,4,0,0,0,0
img_0152.png,Y3_resize99,lossy,0,3,0,0,0,0
img_0153.png,L1_png_reopt,lossless,1,0,0,0,1,1
img_0153.png,L1b_png_recompress0,lossless,1,0,0,0,1,1
img_0153.png,L2_exif_strip,lossless,1,0,0,0,1,1
img_0153.png,L3_lossless_webp,lossless,1,0,0,0,1,1
img_0153.png,L4_base64_rewrap,lossless,1,0,1,1,1,1
img_0153.png,L5_client_resave_tiff,lossless,1,0,0,0,1,1
img_0153.png,Y1_jpeg_q90,lossy,0,7,0,0,0,0
img_0153.png,Y2_jpeg_q95,lossy,0,6,0,0,0,0
img_0153.png,Y3_resize99,lossy,0,4,0,0,0,0
img_0154.png,L1_png_reopt,lossless,1,0,0,0,1,1
img_0154.png,L1b_png_recompress0,lossless,1,0,0,0,1,1
img_0154.png,L2_exif_strip,lossless,1,0,0,0,1,1
img_0154.png,L3_lossless_webp,lossless,1,0,0,0,1,1
img_0154.png,L4_base64_rewrap,lossless,1,0,1,1,1,1
img_0154.png,L5_client_resave_tiff,lossless,1,0,0,0,1,1
img_0154.png,Y1_jpeg_q90,lossy,0,6,0,0,0,0
img_0154.png,Y2_jpeg_q95,lossy,0,4,0,0,0,0
img_0154.png,Y3_resize99,lossy,0,3,0,0,0,0
img_0155.png,L1_png_reopt,lossless,1,0,0,0,1,1
img_0155.png,L1b_png_recompress0,lossless,1,0,0,0,1,1
img_0155.png,L2_exif_strip,lossless,1,0,0,0,1,1
img_0155.png,L3_lossless_webp,lossless,1,0,0,0,1,1
img_0155.png,L4_base64_rewrap,lossless,1,0,1,1,1,1
img_0155.png,L5_client_resave_tiff,lossless,1,0,0,0,1,1
img_0155.png,Y1_jpeg_q90,lossy,0,6,0,0,0,0
img_0155.png,Y2_jpeg_q95,lossy,0,5,0,0,0,0
img_0155.png,Y3_resize99,lossy,0,3,0,0,0,0
img_0156.png,L1_png_reopt,lossless,1,0,0,0,1,1
img_0156.png,L1b_png_recompress0,lossless,1,0,0,0,1,1
img_0156.png,L2_exif_strip,lossless,1,0,0,0,1,1
img_0156.png,L3_lossless_webp,lossless,1,0,0,0,1,1
img_0156.png,L4_base64_rewrap,lossless,1,0,1,1,1,1
img_0156.png,L5_client_resave_tiff,lossless,1,0,0,0,1,1
img_0156.png,Y1_jpeg_q90,lossy,0,6,0,0,0,0
img_0156.png,Y2_jpeg_q95,lossy,0,4,0,0,0,0
img_0156.png,Y3_resize99,lossy,0,3,0,0,0,0
img_0157.png,L1_png_reopt,lossless,1,0,0,0,1,1
img_0157.png,L1b_png_recompress0,lossless,1,0,0,0,1,1
img_0157.png,L2_exif_strip,lossless,1,0,0,0,1,1
img_0157.png,L3_lossless_webp,lossless,1,0,0,0,1,1
img_0157.png,L4_base64_rewrap,lossless,1,0,1,1,1,1
img_0157.png,L5_client_resave_tiff,lossless,1,0,0,0,1,1
img_0157.png,Y1_jpeg_q90,lossy,0,5,0,0,0,0
img_0157.png,Y2_jpeg_q95,lossy,0,4,0,0,0,0
img_0157.png,Y3_resize99,lossy,0,3,0,0,0,0
img_0158.png,L1_png_reopt,lossless,1,0,0,0,1,1
img_0158.png,L1b_png_recompress0,lossless,1,0,0,0,1,1
img_0158.png,L2_exif_strip,lossless,1,0,0,0,1,1
img_0158.png,L3_lossless_webp,lossless,1,0,0,0,1,1
img_0158.png,L4_base64_rewrap,lossless,1,0,1,1,1,1
img_0158.png,L5_client_resave_tiff,lossless,1,0,0,0,1,1
img_0158.png,Y1_jpeg_q90,lossy,0,9,0,0,0,0
img_0158.png,Y2_jpeg_q95,lossy,0,8,0,0,0,0
img_0158.png,Y3_resize99,lossy,0,3,0,0,0,0
img_0159.png,L1_png_reopt,lossless,1,0,0,0,1,1
img_0159.png,L1b_png_recompress0,lossless,1,0,0,0,1,1
img_0159.png,L2_exif_strip,lossless,1,0,0,0,1,1
img_0159.png,L3_lossless_webp,lossless,1,0,0,0,1,1
img_0159.png,L4_base64_rewrap,lossless,1,0,1,1,1,1
img_0159.png,L5_client_resave_tiff,lossless,1,0,0,0,1,1
img_0159.png,Y1_jpeg_q90,lossy,0,6,0,0,0,0
img_0159.png,Y2_jpeg_q95,lossy,0,5,0,0,0,0
img_0159.png,Y3_resize99,lossy,0,4,0,0,0,0
img_0160.png,L1_png_reopt,lossless,1,0,0,0,1,1
img_0160.png,L1b_png_recompress0,lossless,1,0,0,0,1,1
img_0160.png,L2_exif_strip,lossless,1,0,0,0,1,1
img_0160.png,L3_lossless_webp,lossless,1,0,0,0,1,1
img_0160.png,L4_base64_rewrap,lossless,1,0,1,1,1,1
img_0160.png,L5_client_resave_tiff,lossless,1,0,0,0,1,1
img_0160.png,Y1_jpeg_q90,lossy,0,7,0,0,0,0
img_0160.png,Y2_jpeg_q95,lossy,0,6,0,0,0,0
img_0160.png,Y3_resize99,lossy,0,3,0,0,0,0
img_0161.png,L1_png_reopt,lossless,1,0,0,0,1,1
img_0161.png,L1b_png_recompress0,lossless,1,0,0,0,1,1
img_0161.png,L2_exif_strip,lossless,1,0,0,0,1,1
img_0161.png,L3_lossless_webp,lossless,1,0,0,0,1,1
img_0161.png,L4_base64_rewrap,lossless,1,0,1,1,1,1
img_0161.png,L5_client_resave_tiff,lossless,1,0,0,0,1,1
img_0161.png,Y1_jpeg_q90,lossy,0,7,0,0,0,0
img_0161.png,Y2_jpeg_q95,lossy,0,6,0,0,0,0
img_0161.png,Y3_resize99,lossy,0,3,0,0,0,0
img_0162.png,L1_png_reopt,lossless,1,0,0,0,1,1
img_0162.png,L1b_png_recompress0,lossless,1,0,0,0,1,1
img_0162.png,L2_exif_strip,lossless,1,0,0,0,1,1
img_0162.png,L3_lossless_webp,lossless,1,0,0,0,1,1
img_0162.png,L4_base64_rewrap,lossless,1,0,1,1,1,1
img_0162.png,L5_client_resave_tiff,lossless,1,0,0,0,1,1
img_0162.png,Y1_jpeg_q90,lossy,0,6,0,0,0,0
img_0162.png,Y2_jpeg_q95,lossy,0,5,0,0,0,0
img_0162.png,Y3_resize99,lossy,0,4,0,0,0,0
img_0163.png,L1_png_reopt,lossless,1,0,0,0,1,1
img_0163.png,L1b_png_recompress0,lossless,1,0,0,0,1,1
img_0163.png,L2_exif_strip,lossless,1,0,0,0,1,1
img_0163.png,L3_lossless_webp,lossless,1,0,0,0,1,1
img_0163.png,L4_base64_rewrap,lossless,1,0,1,1,1,1
img_0163.png,L5_client_resave_tiff,lossless,1,0,0,0,1,1
img_0163.png,Y1_jpeg_q90,lossy,0,8,0,0,0,0
img_0163.png,Y2_jpeg_q95,lossy,0,8,0,0,0,0
img_0163.png,Y3_resize99,lossy,0,4,0,0,0,0
img_0164.png,L1_png_reopt,lossless,1,0,0,0,1,1
img_0164.png,L1b_png_recompress0,lossless,1,0,0,0,1,1
img_0164.png,L2_exif_strip,lossless,1,0,0,0,1,1
img_0164.png,L3_lossless_webp,lossless,1,0,0,0,1,1
img_0164.png,L4_base64_rewrap,lossless,1,0,1,1,1,1
img_0164.png,L5_client_resave_tiff,lossless,1,0,0,0,1,1
img_0164.png,Y1_jpeg_q90,lossy,0,6,0,0,0,0
img_0164.png,Y2_jpeg_q95,lossy,0,6,0,0,0,0
img_0164.png,Y3_resize99,lossy,0,3,0,0,0,0
img_0165.png,L1_png_reopt,lossless,1,0,0,0,1,1
img_0165.png,L1b_png_recompress0,lossless,1,0,0,0,1,1
img_0165.png,L2_exif_strip,lossless,1,0,0,0,1,1
img_0165.png,L3_lossless_webp,lossless,1,0,0,0,1,1
img_0165.png,L4_base64_rewrap,lossless,1,0,1,1,1,1
img_0165.png,L5_client_resave_tiff,lossless,1,0,0,0,1,1
img_0165.png,Y1_jpeg_q90,lossy,0,7,0,0,0,0
img_0165.png,Y2_jpeg_q95,lossy,0,7,0,0,0,0
img_0165.png,Y3_resize99,lossy,0,3,0,0,0,0
img_0166.png,L1_png_reopt,lossless,1,0,0,0,1,1
img_0166.png,L1b_png_recompress0,lossless,1,0,0,0,1,1
img_0166.png,L2_exif_strip,lossless,1,0,0,0,1,1
img_0166.png,L3_lossless_webp,lossless,1,0,0,0,1,1
img_0166.png,L4_base64_rewrap,lossless,1,0,1,1,1,1
img_0166.png,L5_client_resave_tiff,lossless,1,0,0,0,1,1
img_0166.png,Y1_jpeg_q90,lossy,0,7,0,0,0,0
img_0166.png,Y2_jpeg_q95,lossy,0,5,0,0,0,0
img_0166.png,Y3_resize99,lossy,0,3,0,0,0,0
img_0167.png,L1_png_reopt,lossless,1,0,0,0,1,1
img_0167.png,L1b_png_recompress0,lossless,1,0,0,0,1,1
img_0167.png,L2_exif_strip,lossless,1,0,0,0,1,1
img_0167.png,L3_lossless_webp,lossless,1,0,0,0,1,1
img_0167.png,L4_base64_rewrap,lossless,1,0,1,1,1,1
img_0167.png,L5_client_resave_tiff,lossless,1,0,0,0,1,1
img_0167.png,Y1_jpeg_q90,lossy,0,7,0,0,0,0
img_0167.png,Y2_jpeg_q95,lossy,0,4,0,0,0,0
img_0167.png,Y3_resize99,lossy,0,3,0,0,0,0
img_0168.png,L1_png_reopt,lossless,1,0,0,0,1,1
img_0168.png,L1b_png_recompress0,lossless,1,0,0,0,1,1
img_0168.png,L2_exif_strip,lossless,1,0,0,0,1,1
img_0168.png,L3_lossless_webp,lossless,1,0,0,0,1,1
img_0168.png,L4_base64_rewrap,lossless,1,0,1,1,1,1
img_0168.png,L5_client_resave_tiff,lossless,1,0,0,0,1,1
img_0168.png,Y1_jpeg_q90,lossy,0,6,0,0,0,0
img_0168.png,Y2_jpeg_q95,lossy,0,5,0,0,0,0
img_0168.png,Y3_resize99,lossy,0,3,0,0,0,0
img_0169.png,L1_png_reopt,lossless,1,0,0,0,1,1
img_0169.png,L1b_png_recompress0,lossless,1,0,0,0,1,1
img_0169.png,L2_exif_strip,lossless,1,0,0,0,1,1
img_0169.png,L3_lossless_webp,lossless,1,0,0,0,1,1
img_0169.png,L4_base64_rewrap,lossless,1,0,1,1,1,1
img_0169.png,L5_client_resave_tiff,lossless,1,0,0,0,1,1
img_0169.png,Y1_jpeg_q90,lossy,0,5,0,0,0,0
img_0169.png,Y2_jpeg_q95,lossy,0,4,0,0,0,0
img_0169.png,Y3_resize99,lossy,0,3,0,0,0,0
img_0170.png,L1_png_reopt,lossless,1,0,0,0,1,1
img_0170.png,L1b_png_recompress0,lossless,1,0,0,0,1,1
img_0170.png,L2_exif_strip,lossless,1,0,0,0,1,1
img_0170.png,L3_lossless_webp,lossless,1,0,0,0,1,1
img_0170.png,L4_base64_rewrap,lossless,1,0,1,1,1,1
img_0170.png,L5_client_resave_tiff,lossless,1,0,0,0,1,1
img_0170.png,Y1_jpeg_q90,lossy,0,5,0,0,0,0
img_0170.png,Y2_jpeg_q95,lossy,0,4,0,0,0,0
img_0170.png,Y3_resize99,lossy,0,3,0,0,0,0
img_0171.png,L1_png_reopt,lossless,1,0,0,0,1,1
img_0171.png,L1b_png_recompress0,lossless,1,0,0,0,1,1
img_0171.png,L2_exif_strip,lossless,1,0,0,0,1,1
img_0171.png,L3_lossless_webp,lossless,1,0,0,0,1,1
img_0171.png,L4_base64_rewrap,lossless,1,0,1,1,1,1
img_0171.png,L5_client_resave_tiff,lossless,1,0,0,0,1,1
img_0171.png,Y1_jpeg_q90,lossy,0,7,0,0,0,0
img_0171.png,Y2_jpeg_q95,lossy,0,6,0,0,0,0
img_0171.png,Y3_resize99,lossy,0,3,0,0,0,0
img_0172.png,L1_png_reopt,lossless,1,0,0,0,1,1
img_0172.png,L1b_png_recompress0,lossless,1,0,0,0,1,1
img_0172.png,L2_exif_strip,lossless,1,0,0,0,1,1
img_0172.png,L3_lossless_webp,lossless,1,0,0,0,1,1
img_0172.png,L4_base64_rewrap,lossless,1,0,1,1,1,1
img_0172.png,L5_client_resave_tiff,lossless,1,0,0,0,1,1
img_0172.png,Y1_jpeg_q90,lossy,0,6,0,0,0,0
img_0172.png,Y2_jpeg_q95,lossy,0,5,0,0,0,0
img_0172.png,Y3_resize99,lossy,0,3,0,0,0,0
img_0173.png,L1_png_reopt,lossless,1,0,0,0,1,1
img_0173.png,L1b_png_recompress0,lossless,1,0,0,0,1,1
img_0173.png,L2_exif_strip,lossless,1,0,0,0,1,1
img_0173.png,L3_lossless_webp,lossless,1,0,0,0,1,1
img_0173.png,L4_base64_rewrap,lossless,1,0,1,1,1,1
img_0173.png,L5_client_resave_tiff,lossless,1,0,0,0,1,1
img_0173.png,Y1_jpeg_q90,lossy,0,8,0,0,0,0
img_0173.png,Y2_jpeg_q95,lossy,0,7,0,0,0,0
img_0173.png,Y3_resize99,lossy,0,5,0,0,0,0
img_0174.png,L1_png_reopt,lossless,1,0,0,0,1,1
img_0174.png,L1b_png_recompress0,lossless,1,0,0,0,1,1
img_0174.png,L2_exif_strip,lossless,1,0,0,0,1,1
img_0174.png,L3_lossless_webp,lossless,1,0,0,0,1,1
img_0174.png,L4_base64_rewrap,lossless,1,0,1,1,1,1
img_0174.png,L5_client_resave_tiff,lossless,1,0,0,0,1,1
img_0174.png,Y1_jpeg_q90,lossy,0,6,0,0,0,0
img_0174.png,Y2_jpeg_q95,lossy,0,5,0,0,0,0
img_0174.png,Y3_resize99,lossy,0,3,0,0,0,0
img_0175.png,L1_png_reopt,lossless,1,0,0,0,1,1
img_0175.png,L1b_png_recompress0,lossless,1,0,0,0,1,1
img_0175.png,L2_exif_strip,lossless,1,0,0,0,1,1
img_0175.png,L3_lossless_webp,lossless,1,0,0,0,1,1
img_0175.png,L4_base64_rewrap,lossless,1,0,1,1,1,1
img_0175.png,L5_client_resave_tiff,lossless,1,0,0,0,1,1
img_0175.png,Y1_jpeg_q90,lossy,0,7,0,0,0,0
img_0175.png,Y2_jpeg_q95,lossy,0,5,0,0,0,0
img_0175.png,Y3_resize99,lossy,0,3,0,0,0,0
img_0176.png,L1_png_reopt,lossless,1,0,0,0,1,1
img_0176.png,L1b_png_recompress0,lossless,1,0,0,0,1,1
img_0176.png,L2_exif_strip,lossless,1,0,0,0,1,1
img_0176.png,L3_lossless_webp,lossless,1,0,0,0,1,1
img_0176.png,L4_base64_rewrap,lossless,1,0,1,1,1,1
img_0176.png,L5_client_resave_tiff,lossless,1,0,0,0,1,1
img_0176.png,Y1_jpeg_q90,lossy,0,8,0,0,0,0
img_0176.png,Y2_jpeg_q95,lossy,0,8,0,0,0,0
img_0176.png,Y3_resize99,lossy,0,4,0,0,0,0
img_0177.png,L1_png_reopt,lossless,1,0,0,0,1,1
img_0177.png,L1b_png_recompress0,lossless,1,0,0,0,1,1
img_0177.png,L2_exif_strip,lossless,1,0,0,0,1,1
img_0177.png,L3_lossless_webp,lossless,1,0,0,0,1,1
img_0177.png,L4_base64_rewrap,lossless,1,0,1,1,1,1
img_0177.png,L5_client_resave_tiff,lossless,1,0,0,0,1,1
img_0177.png,Y1_jpeg_q90,lossy,0,7,0,0,0,0
img_0177.png,Y2_jpeg_q95,lossy,0,5,0,0,0,0
img_0177.png,Y3_resize99,lossy,0,3,0,0,0,0
img_0178.png,L1_png_reopt,lossless,1,0,0,0,1,1
img_0178.png,L1b_png_recompress0,lossless,1,0,0,0,1,1
img_0178.png,L2_exif_strip,lossless,1,0,0,0,1,1
img_0178.png,L3_lossless_webp,lossless,1,0,0,0,1,1
img_0178.png,L4_base64_rewrap,lossless,1,0,1,1,1,1
img_0178.png,L5_client_resave_tiff,lossless,1,0,0,0,1,1
img_0178.png,Y1_jpeg_q90,lossy,0,9,0,0,0,0
img_0178.png,Y2_jpeg_q95,lossy,0,7,0,0,0,0
img_0178.png,Y3_resize99,lossy,0,3,0,0,0,0
img_0179.png,L1_png_reopt,lossless,1,0,0,0,1,1
img_0179.png,L1b_png_recompress0,lossless,1,0,0,0,1,1
img_0179.png,L2_exif_strip,lossless,1,0,0,0,1,1
img_0179.png,L3_lossless_webp,lossless,1,0,0,0,1,1
img_0179.png,L4_base64_rewrap,lossless,1,0,1,1,1,1
img_0179.png,L5_client_resave_tiff,lossless,1,0,0,0,1,1
img_0179.png,Y1_jpeg_q90,lossy,0,6,0,0,0,0
img_0179.png,Y2_jpeg_q95,lossy,0,5,0,0,0,0
img_0179.png,Y3_resize99,lossy,0,3,0,0,0,0
img_0180.png,L1_png_reopt,lossless,1,0,0,0,1,1
img_0180.png,L1b_png_recompress0,lossless,1,0,0,0,1,1
img_0180.png,L2_exif_strip,lossless,1,0,0,0,1,1
img_0180.png,L3_lossless_webp,lossless,1,0,0,0,1,1
img_0180.png,L4_base64_rewrap,lossless,1,0,1,1,1,1
img_0180.png,L5_client_resave_tiff,lossless,1,0,0,0,1,1
img_0180.png,Y1_jpeg_q90,lossy,0,8,0,0,0,0
img_0180.png,Y2_jpeg_q95,lossy,0,6,0,0,0,0
img_0180.png,Y3_resize99,lossy,0,3,0,0,0,0
img_0181.png,L1_png_reopt,lossless,1,0,0,0,1,1
img_0181.png,L1b_png_recompress0,lossless,1,0,0,0,1,1
img_0181.png,L2_exif_strip,lossless,1,0,0,0,1,1
img_0181.png,L3_lossless_webp,lossless,1,0,0,0,1,1
img_0181.png,L4_base64_rewrap,lossless,1,0,1,1,1,1
img_0181.png,L5_client_resave_tiff,lossless,1,0,0,0,1,1
img_0181.png,Y1_jpeg_q90,lossy,0,11,0,0,0,0
img_0181.png,Y2_jpeg_q95,lossy,0,10,0,0,0,0
img_0181.png,Y3_resize99,lossy,0,3,0,0,0,0
img_0182.png,L1_png_reopt,lossless,1,0,0,0,1,1
img_0182.png,L1b_png_recompress0,lossless,1,0,0,0,1,1
img_0182.png,L2_exif_strip,lossless,1,0,0,0,1,1
img_0182.png,L3_lossless_webp,lossless,1,0,0,0,1,1
img_0182.png,L4_base64_rewrap,lossless,1,0,1,1,1,1
img_0182.png,L5_client_resave_tiff,lossless,1,0,0,0,1,1
img_0182.png,Y1_jpeg_q90,lossy,0,8,0,0,0,0
img_0182.png,Y2_jpeg_q95,lossy,0,7,0,0,0,0
img_0182.png,Y3_resize99,lossy,0,3,0,0,0,0
img_0183.png,L1_png_reopt,lossless,1,0,0,0,1,1
img_0183.png,L1b_png_recompress0,lossless,1,0,0,0,1,1
img_0183.png,L2_exif_strip,lossless,1,0,0,0,1,1
img_0183.png,L3_lossless_webp,lossless,1,0,0,0,1,1
img_0183.png,L4_base64_rewrap,lossless,1,0,1,1,1,1
img_0183.png,L5_client_resave_tiff,lossless,1,0,0,0,1,1
img_0183.png,Y1_jpeg_q90,lossy,0,5,0,0,0,0
img_0183.png,Y2_jpeg_q95,lossy,0,5,0,0,0,0
img_0183.png,Y3_resize99,lossy,0,4,0,0,0,0
img_0184.png,L1_png_reopt,lossless,1,0,0,0,1,1
img_0184.png,L1b_png_recompress0,lossless,1,0,0,0,1,1
img_0184.png,L2_exif_strip,lossless,1,0,0,0,1,1
img_0184.png,L3_lossless_webp,lossless,1,0,0,0,1,1
img_0184.png,L4_base64_rewrap,lossless,1,0,1,1,1,1
img_0184.png,L5_client_resave_tiff,lossless,1,0,0,0,1,1
img_0184.png,Y1_jpeg_q90,lossy,0,6,0,0,0,0
img_0184.png,Y2_jpeg_q95,lossy,0,5,0,0,0,0
img_0184.png,Y3_resize99,lossy,0,4,0,0,0,0
img_0185.png,L1_png_reopt,lossless,1,0,0,0,1,1
img_0185.png,L1b_png_recompress0,lossless,1,0,0,0,1,1
img_0185.png,L2_exif_strip,lossless,1,0,0,0,1,1
img_0185.png,L3_lossless_webp,lossless,1,0,0,0,1,1
img_0185.png,L4_base64_rewrap,lossless,1,0,1,1,1,1
img_0185.png,L5_client_resave_tiff,lossless,1,0,0,0,1,1
img_0185.png,Y1_jpeg_q90,lossy,0,5,0,0,0,0
img_0185.png,Y2_jpeg_q95,lossy,0,4,0,0,0,0
img_0185.png,Y3_resize99,lossy,0,3,0,0,0,0
img_0186.png,L1_png_reopt,lossless,1,0,0,0,1,1
img_0186.png,L1b_png_recompress0,lossless,1,0,0,0,1,1
img_0186.png,L2_exif_strip,lossless,1,0,0,0,1,1
img_0186.png,L3_lossless_webp,lossless,1,0,0,0,1,1
img_0186.png,L4_base64_rewrap,lossless,1,0,1,1,1,1
img_0186.png,L5_client_resave_tiff,lossless,1,0,0,0,1,1
img_0186.png,Y1_jpeg_q90,lossy,0,7,0,0,0,0
img_0186.png,Y2_jpeg_q95,lossy,0,5,0,0,0,0
img_0186.png,Y3_resize99,lossy,0,3,0,0,0,0
img_0187.png,L1_png_reopt,lossless,1,0,0,0,1,1
img_0187.png,L1b_png_recompress0,lossless,1,0,0,0,1,1
img_0187.png,L2_exif_strip,lossless,1,0,0,0,1,1
img_0187.png,L3_lossless_webp,lossless,1,0,0,0,1,1
img_0187.png,L4_base64_rewrap,lossless,1,0,1,1,1,1
img_0187.png,L5_client_resave_tiff,lossless,1,0,0,0,1,1
img_0187.png,Y1_jpeg_q90,lossy,0,7,0,0,0,0
img_0187.png,Y2_jpeg_q95,lossy,0,5,0,0,0,0
img_0187.png,Y3_resize99,lossy,0,3,0,0,0,0
img_0188.png,L1_png_reopt,lossless,1,0,0,0,1,1
img_0188.png,L1b_png_recompress0,lossless,1,0,0,0,1,1
img_0188.png,L2_exif_strip,lossless,1,0,0,0,1,1
img_0188.png,L3_lossless_webp,lossless,1,0,0,0,1,1
img_0188.png,L4_base64_rewrap,lossless,1,0,1,1,1,1
img_0188.png,L5_client_resave_tiff,lossless,1,0,0,0,1,1
img_0188.png,Y1_jpeg_q90,lossy,0,6,0,0,0,0
img_0188.png,Y2_jpeg_q95,lossy,0,5,0,0,0,0
img_0188.png,Y3_resize99,lossy,0,3,0,0,0,0
img_0189.png,L1_png_reopt,lossless,1,0,0,0,1,1
img_0189.png,L1b_png_recompress0,lossless,1,0,0,0,1,1
img_0189.png,L2_exif_strip,lossless,1,0,0,0,1,1
img_0189.png,L3_lossless_webp,lossless,1,0,0,0,1,1
img_0189.png,L4_base64_rewrap,lossless,1,0,1,1,1,1
img_0189.png,L5_client_resave_tiff,lossless,1,0,0,0,1,1
img_0189.png,Y1_jpeg_q90,lossy,0,8,0,0,0,0
img_0189.png,Y2_jpeg_q95,lossy,0,6,0,0,0,0
img_0189.png,Y3_resize99,lossy,0,2,0,0,0,0
img_0190.png,L1_png_reopt,lossless,1,0,0,0,1,1
img_0190.png,L1b_png_recompress0,lossless,1,0,0,0,1,1
img_0190.png,L2_exif_strip,lossless,1,0,0,0,1,1
img_0190.png,L3_lossless_webp,lossless,1,0,0,0,1,1
img_0190.png,L4_base64_rewrap,lossless,1,0,1,1,1,1
img_0190.png,L5_client_resave_tiff,lossless,1,0,0,0,1,1
img_0190.png,Y1_jpeg_q90,lossy,0,7,0,0,0,0
img_0190.png,Y2_jpeg_q95,lossy,0,5,0,0,0,0
img_0190.png,Y3_resize99,lossy,0,4,0,0,0,0
img_0191.png,L1_png_reopt,lossless,1,0,0,0,1,1
img_0191.png,L1b_png_recompress0,lossless,1,0,0,0,1,1
img_0191.png,L2_exif_strip,lossless,1,0,0,0,1,1
img_0191.png,L3_lossless_webp,lossless,1,0,0,0,1,1
img_0191.png,L4_base64_rewrap,lossless,1,0,1,1,1,1
img_0191.png,L5_client_resave_tiff,lossless,1,0,0,0,1,1
img_0191.png,Y1_jpeg_q90,lossy,0,8,0,0,0,0
img_0191.png,Y2_jpeg_q95,lossy,0,6,0,0,0,0
img_0191.png,Y3_resize99,lossy,0,4,0,0,0,0
img_0192.png,L1_png_reopt,lossless,1,0,0,0,1,1
img_0192.png,L1b_png_recompress0,lossless,1,0,0,0,1,1
img_0192.png,L2_exif_strip,lossless,1,0,0,0,1,1
img_0192.png,L3_lossless_webp,lossless,1,0,0,0,1,1
img_0192.png,L4_base64_rewrap,lossless,1,0,1,1,1,1
img_0192.png,L5_client_resave_tiff,lossless,1,0,0,0,1,1
img_0192.png,Y1_jpeg_q90,lossy,0,6,0,0,0,0
img_0192.png,Y2_jpeg_q95,lossy,0,5,0,0,0,0
img_0192.png,Y3_resize99,lossy,0,3,0,0,0,0
img_0193.png,L1_png_reopt,lossless,1,0,0,0,1,1
img_0193.png,L1b_png_recompress0,lossless,1,0,0,0,1,1
img_0193.png,L2_exif_strip,lossless,1,0,0,0,1,1
img_0193.png,L3_lossless_webp,lossless,1,0,0,0,1,1
img_0193.png,L4_base64_rewrap,lossless,1,0,1,1,1,1
img_0193.png,L5_client_resave_tiff,lossless,1,0,0,0,1,1
img_0193.png,Y1_jpeg_q90,lossy,0,5,0,0,0,0
img_0193.png,Y2_jpeg_q95,lossy,0,4,0,0,0,0
img_0193.png,Y3_resize99,lossy,0,4,0,0,0,0
img_0194.png,L1_png_reopt,lossless,1,0,0,0,1,1
img_0194.png,L1b_png_recompress0,lossless,1,0,0,0,1,1
img_0194.png,L2_exif_strip,lossless,1,0,0,0,1,1
img_0194.png,L3_lossless_webp,lossless,1,0,0,0,1,1
img_0194.png,L4_base64_rewrap,lossless,1,0,1,1,1,1
img_0194.png,L5_client_resave_tiff,lossless,1,0,0,0,1,1
img_0194.png,Y1_jpeg_q90,lossy,0,6,0,0,0,0
img_0194.png,Y2_jpeg_q95,lossy,0,5,0,0,0,0
img_0194.png,Y3_resize99,lossy,0,4,0,0,0,0
img_0195.png,L1_png_reopt,lossless,1,0,0,0,1,1
img_0195.png,L1b_png_recompress0,lossless,1,0,0,0,1,1
img_0195.png,L2_exif_strip,lossless,1,0,0,0,1,1
img_0195.png,L3_lossless_webp,lossless,1,0,0,0,1,1
img_0195.png,L4_base64_rewrap,lossless,1,0,1,1,1,1
img_0195.png,L5_client_resave_tiff,lossless,1,0,0,0,1,1
img_0195.png,Y1_jpeg_q90,lossy,0,7,0,0,0,0
img_0195.png,Y2_jpeg_q95,lossy,0,6,0,0,0,0
img_0195.png,Y3_resize99,lossy,0,4,0,0,0,0
img_0196.png,L1_png_reopt,lossless,1,0,0,0,1,1
img_0196.png,L1b_png_recompress0,lossless,1,0,0,0,1,1
img_0196.png,L2_exif_strip,lossless,1,0,0,0,1,1
img_0196.png,L3_lossless_webp,lossless,1,0,0,0,1,1
img_0196.png,L4_base64_rewrap,lossless,1,0,1,1,1,1
img_0196.png,L5_client_resave_tiff,lossless,1,0,0,0,1,1
img_0196.png,Y1_jpeg_q90,lossy,0,9,0,0,0,0
img_0196.png,Y2_jpeg_q95,lossy,0,7,0,0,0,0
img_0196.png,Y3_resize99,lossy,0,3,0,0,0,0
img_0197.png,L1_png_reopt,lossless,1,0,0,0,1,1
img_0197.png,L1b_png_recompress0,lossless,1,0,0,0,1,1
img_0197.png,L2_exif_strip,lossless,1,0,0,0,1,1
img_0197.png,L3_lossless_webp,lossless,1,0,0,0,1,1
img_0197.png,L4_base64_rewrap,lossless,1,0,1,1,1,1
img_0197.png,L5_client_resave_tiff,lossless,1,0,0,0,1,1
img_0197.png,Y1_jpeg_q90,lossy,0,5,0,0,0,0
img_0197.png,Y2_jpeg_q95,lossy,0,5,0,0,0,0
img_0197.png,Y3_resize99,lossy,0,3,0,0,0,0
img_0198.png,L1_png_reopt,lossless,1,0,0,0,1,1
img_0198.png,L1b_png_recompress0,lossless,1,0,0,0,1,1
img_0198.png,L2_exif_strip,lossless,1,0,0,0,1,1
img_0198.png,L3_lossless_webp,lossless,1,0,0,0,1,1
img_0198.png,L4_base64_rewrap,lossless,1,0,1,1,1,1
img_0198.png,L5_client_resave_tiff,lossless,1,0,0,0,1,1
img_0198.png,Y1_jpeg_q90,lossy,0,6,0,0,0,0
img_0198.png,Y2_jpeg_q95,lossy,0,6,0,0,0,0
img_0198.png,Y3_resize99,lossy,0,4,0,0,0,0
img_0199.png,L1_png_reopt,lossless,1,0,0,0,1,1
img_0199.png,L1b_png_recompress0,lossless,1,0,0,0,1,1
img_0199.png,L2_exif_strip,lossless,1,0,0,0,1,1
img_0199.png,L3_lossless_webp,lossless,1,0,0,0,1,1
img_0199.png,L4_base64_rewrap,lossless,1,0,1,1,1,1
img_0199.png,L5_client_resave_tiff,lossless,1,0,0,0,1,1
img_0199.png,Y1_jpeg_q90,lossy,0,8,0,0,0,0
img_0199.png,Y2_jpeg_q95,lossy,0,6,0,0,0,0
img_0199.png,Y3_resize99,lossy,0,4,0,0,0,0
img_0200.png,L1_png_reopt,lossless,1,0,0,0,1,1
img_0200.png,L1b_png_recompress0,lossless,1,0,0,0,1,1
img_0200.png,L2_exif_strip,lossless,1,0,0,0,1,1
img_0200.png,L3_lossless_webp,lossless,1,0,0,0,1,1
img_0200.png,L4_base64_rewrap,lossless,1,0,1,1,1,1
img_0200.png,L5_client_resave_tiff,lossless,1,0,0,0,1,1
img_0200.png,Y1_jpeg_q90,lossy,0,8,0,0,0,0
img_0200.png,Y2_jpeg_q95,lossy,0,6,0,0,0,0
img_0200.png,Y3_resize99,lossy,0,4,0,0,0,0
img_0201.png,L1_png_reopt,lossless,1,0,0,0,1,1
img_0201.png,L1b_png_recompress0,lossless,1,0,0,0,1,1
img_0201.png,L2_exif_strip,lossless,1,0,0,0,1,1
img_0201.png,L3_lossless_webp,lossless,1,0,0,0,1,1
img_0201.png,L4_base64_rewrap,lossless,1,0,1,1,1,1
img_0201.png,L5_client_resave_tiff,lossless,1,0,0,0,1,1
img_0201.png,Y1_jpeg_q90,lossy,0,6,0,0,0,0
img_0201.png,Y2_jpeg_q95,lossy,0,5,0,0,0,0
img_0201.png,Y3_resize99,lossy,0,3,0,0,0,0
img_0202.png,L1_png_reopt,lossless,1,0,0,0,1,1
img_0202.png,L1b_png_recompress0,lossless,1,0,0,0,1,1
img_0202.png,L2_exif_strip,lossless,1,0,0,0,1,1
img_0202.png,L3_lossless_webp,lossless,1,0,0,0,1,1
img_0202.png,L4_base64_rewrap,lossless,1,0,1,1,1,1
img_0202.png,L5_client_resave_tiff,lossless,1,0,0,0,1,1
img_0202.png,Y1_jpeg_q90,lossy,0,6,0,0,0,0
img_0202.png,Y2_jpeg_q95,lossy,0,5,0,0,0,0
img_0202.png,Y3_resize99,lossy,0,5,0,0,0,0
img_0203.png,L1_png_reopt,lossless,1,0,0,0,1,1
img_0203.png,L1b_png_recompress0,lossless,1,0,0,0,1,1
img_0203.png,L2_exif_strip,lossless,1,0,0,0,1,1
img_0203.png,L3_lossless_webp,lossless,1,0,0,0,1,1
img_0203.png,L4_base64_rewrap,lossless,1,0,1,1,1,1
img_0203.png,L5_client_resave_tiff,lossless,1,0,0,0,1,1
img_0203.png,Y1_jpeg_q90,lossy,0,9,0,0,0,0
img_0203.png,Y2_jpeg_q95,lossy,0,6,0,0,0,0
img_0203.png,Y3_resize99,lossy,0,4,0,0,0,0
img_0204.png,L1_png_reopt,lossless,1,0,0,0,1,1
img_0204.png,L1b_png_recompress0,lossless,1,0,0,0,1,1
img_0204.png,L2_exif_strip,lossless,1,0,0,0,1,1
img_0204.png,L3_lossless_webp,lossless,1,0,0,0,1,1
img_0204.png,L4_base64_rewrap,lossless,1,0,1,1,1,1
img_0204.png,L5_client_resave_tiff,lossless,1,0,0,0,1,1
img_0204.png,Y1_jpeg_q90,lossy,0,5,0,0,0,0
img_0204.png,Y2_jpeg_q95,lossy,0,5,0,0,0,0
img_0204.png,Y3_resize99,lossy,0,3,0,0,0,0
img_0205.png,L1_png_reopt,lossless,1,0,0,0,1,1
img_0205.png,L1b_png_recompress0,lossless,1,0,0,0,1,1
img_0205.png,L2_exif_strip,lossless,1,0,0,0,1,1
img_0205.png,L3_lossless_webp,lossless,1,0,0,0,1,1
img_0205.png,L4_base64_rewrap,lossless,1,0,1,1,1,1
img_0205.png,L5_client_resave_tiff,lossless,1,0,0,0,1,1
img_0205.png,Y1_jpeg_q90,lossy,0,6,0,0,0,0
img_0205.png,Y2_jpeg_q95,lossy,0,5,0,0,0,0
img_0205.png,Y3_resize99,lossy,0,3,0,0,0,0
img_0206.png,L1_png_reopt,lossless,1,0,0,0,1,1
img_0206.png,L1b_png_recompress0,lossless,1,0,0,0,1,1
img_0206.png,L2_exif_strip,lossless,1,0,0,0,1,1
img_0206.png,L3_lossless_webp,lossless,1,0,0,0,1,1
img_0206.png,L4_base64_rewrap,lossless,1,0,1,1,1,1
img_0206.png,L5_client_resave_tiff,lossless,1,0,0,0,1,1
img_0206.png,Y1_jpeg_q90,lossy,0,6,0,0,0,0
img_0206.png,Y2_jpeg_q95,lossy,0,5,0,0,0,0
img_0206.png,Y3_resize99,lossy,0,3,0,0,0,0
img_0207.png,L1_png_reopt,lossless,1,0,0,0,1,1
img_0207.png,L1b_png_recompress0,lossless,1,0,0,0,1,1
img_0207.png,L2_exif_strip,lossless,1,0,0,0,1,1
img_0207.png,L3_lossless_webp,lossless,1,0,0,0,1,1
img_0207.png,L4_base64_rewrap,lossless,1,0,1,1,1,1
img_0207.png,L5_client_resave_tiff,lossless,1,0,0,0,1,1
img_0207.png,Y1_jpeg_q90,lossy,0,8,0,0,0,0
img_0207.png,Y2_jpeg_q95,lossy,0,7,0,0,0,0
img_0207.png,Y3_resize99,lossy,0,3,0,0,0,0
img_0208.png,L1_png_reopt,lossless,1,0,0,0,1,1
img_0208.png,L1b_png_recompress0,lossless,1,0,0,0,1,1
img_0208.png,L2_exif_strip,lossless,1,0,0,0,1,1
img_0208.png,L3_lossless_webp,lossless,1,0,0,0,1,1
img_0208.png,L4_base64_rewrap,lossless,1,0,1,1,1,1
img_0208.png,L5_client_resave_tiff,lossless,1,0,0,0,1,1
img_0208.png,Y1_jpeg_q90,lossy,0,7,0,0,0,0
img_0208.png,Y2_jpeg_q95,lossy,0,5,0,0,0,0
img_0208.png,Y3_resize99,lossy,0,4,0,0,0,0
img_0209.png,L1_png_reopt,lossless,1,0,0,0,1,1
img_0209.png,L1b_png_recompress0,lossless,1,0,0,0,1,1
img_0209.png,L2_exif_strip,lossless,1,0,0,0,1,1
img_0209.png,L3_lossless_webp,lossless,1,0,0,0,1,1
img_0209.png,L4_base64_rewrap,lossless,1,0,1,1,1,1
img_0209.png,L5_client_resave_tiff,lossless,1,0,0,0,1,1
img_0209.png,Y1_jpeg_q90,lossy,0,9,0,0,0,0
img_0209.png,Y2_jpeg_q95,lossy,0,7,0,0,0,0
img_0209.png,Y3_resize99,lossy,0,3,0,0,0,0
img_0210.png,L1_png_reopt,lossless,1,0,0,0,1,1
img_0210.png,L1b_png_recompress0,lossless,1,0,0,0,1,1
img_0210.png,L2_exif_strip,lossless,1,0,0,0,1,1
img_0210.png,L3_lossless_webp,lossless,1,0,0,0,1,1
img_0210.png,L4_base64_rewrap,lossless,1,0,1,1,1,1
img_0210.png,L5_client_resave_tiff,lossless,1,0,0,0,1,1
img_0210.png,Y1_jpeg_q90,lossy,0,5,0,0,0,0
img_0210.png,Y2_jpeg_q95,lossy,0,4,0,0,0,0
img_0210.png,Y3_resize99,lossy,0,3,0,0,0,0
img_0211.png,L1_png_reopt,lossless,1,0,0,0,1,1
img_0211.png,L1b_png_recompress0,lossless,1,0,0,0,1,1
img_0211.png,L2_exif_strip,lossless,1,0,0,0,1,1
img_0211.png,L3_lossless_webp,lossless,1,0,0,0,1,1
img_0211.png,L4_base64_rewrap,lossless,1,0,1,1,1,1
img_0211.png,L5_client_resave_tiff,lossless,1,0,0,0,1,1
img_0211.png,Y1_jpeg_q90,lossy,0,5,0,0,0,0
img_0211.png,Y2_jpeg_q95,lossy,0,4,0,0,0,0
img_0211.png,Y3_resize99,lossy,0,3,0,0,0,0
img_0212.png,L1_png_reopt,lossless,1,0,0,0,1,1
img_0212.png,L1b_png_recompress0,lossless,1,0,0,0,1,1
img_0212.png,L2_exif_strip,lossless,1,0,0,0,1,1
img_0212.png,L3_lossless_webp,lossless,1,0,0,0,1,1
img_0212.png,L4_base64_rewrap,lossless,1,0,1,1,1,1
img_0212.png,L5_client_resave_tiff,lossless,1,0,0,0,1,1
img_0212.png,Y1_jpeg_q90,lossy,0,7,0,0,0,0
img_0212.png,Y2_jpeg_q95,lossy,0,5,0,0,0,0
img_0212.png,Y3_resize99,lossy,0,3,0,0,0,0
img_0213.png,L1_png_reopt,lossless,1,0,0,0,1,1
img_0213.png,L1b_png_recompress0,lossless,1,0,0,0,1,1
img_0213.png,L2_exif_strip,lossless,1,0,0,0,1,1
img_0213.png,L3_lossless_webp,lossless,1,0,0,0,1,1
img_0213.png,L4_base64_rewrap,lossless,1,0,1,1,1,1
img_0213.png,L5_client_resave_tiff,lossless,1,0,0,0,1,1
img_0213.png,Y1_jpeg_q90,lossy,0,6,0,0,0,0
img_0213.png,Y2_jpeg_q95,lossy,0,4,0,0,0,0
img_0213.png,Y3_resize99,lossy,0,3,0,0,0,0
img_0214.png,L1_png_reopt,lossless,1,0,0,0,1,1
img_0214.png,L1b_png_recompress0,lossless,1,0,0,0,1,1
img_0214.png,L2_exif_strip,lossless,1,0,0,0,1,1
img_0214.png,L3_lossless_webp,lossless,1,0,0,0,1,1
img_0214.png,L4_base64_rewrap,lossless,1,0,1,1,1,1
img_0214.png,L5_client_resave_tiff,lossless,1,0,0,0,1,1
img_0214.png,Y1_jpeg_q90,lossy,0,10,0,0,0,0
img_0214.png,Y2_jpeg_q95,lossy,0,7,0,0,0,0
img_0214.png,Y3_resize99,lossy,0,4,0,0,0,0
img_0215.png,L1_png_reopt,lossless,1,0,0,0,1,1
img_0215.png,L1b_png_recompress0,lossless,1,0,0,0,1,1
img_0215.png,L2_exif_strip,lossless,1,0,0,0,1,1
img_0215.png,L3_lossless_webp,lossless,1,0,0,0,1,1
img_0215.png,L4_base64_rewrap,lossless,1,0,1,1,1,1
img_0215.png,L5_client_resave_tiff,lossless,1,0,0,0,1,1
img_0215.png,Y1_jpeg_q90,lossy,0,8,0,0,0,0
img_0215.png,Y2_jpeg_q95,lossy,0,5,0,0,0,0
img_0215.png,Y3_resize99,lossy,0,4,0,0,0,0
img_0216.png,L1_png_reopt,lossless,1,0,0,0,1,1
img_0216.png,L1b_png_recompress0,lossless,1,0,0,0,1,1
img_0216.png,L2_exif_strip,lossless,1,0,0,0,1,1
img_0216.png,L3_lossless_webp,lossless,1,0,0,0,1,1
img_0216.png,L4_base64_rewrap,lossless,1,0,1,1,1,1
img_0216.png,L5_client_resave_tiff,lossless,1,0,0,0,1,1
img_0216.png,Y1_jpeg_q90,lossy,0,6,0,0,0,0
img_0216.png,Y2_jpeg_q95,lossy,0,5,0,0,0,0
img_0216.png,Y3_resize99,lossy,0,4,0,0,0,0
img_0217.png,L1_png_reopt,lossless,1,0,0,0,1,1
img_0217.png,L1b_png_recompress0,lossless,1,0,0,0,1,1
img_0217.png,L2_exif_strip,lossless,1,0,0,0,1,1
img_0217.png,L3_lossless_webp,lossless,1,0,0,0,1,1
img_0217.png,L4_base64_rewrap,lossless,1,0,1,1,1,1
img_0217.png,L5_client_resave_tiff,lossless,1,0,0,0,1,1
img_0217.png,Y1_jpeg_q90,lossy,0,8,0,0,0,0
img_0217.png,Y2_jpeg_q95,lossy,0,7,0,0,0,0
img_0217.png,Y3_resize99,lossy,0,5,0,0,0,0
img_0218.png,L1_png_reopt,lossless,1,0,0,0,1,1
img_0218.png,L1b_png_recompress0,lossless,1,0,0,0,1,1
img_0218.png,L2_exif_strip,lossless,1,0,0,0,1,1
img_0218.png,L3_lossless_webp,lossless,1,0,0,0,1,1
img_0218.png,L4_base64_rewrap,lossless,1,0,1,1,1,1
img_0218.png,L5_client_resave_tiff,lossless,1,0,0,0,1,1
img_0218.png,Y1_jpeg_q90,lossy,0,6,0,0,0,0
img_0218.png,Y2_jpeg_q95,lossy,0,5,0,0,0,0
img_0218.png,Y3_resize99,lossy,0,3,0,0,0,0
img_0219.png,L1_png_reopt,lossless,1,0,0,0,1,1
img_0219.png,L1b_png_recompress0,lossless,1,0,0,0,1,1
img_0219.png,L2_exif_strip,lossless,1,0,0,0,1,1
img_0219.png,L3_lossless_webp,lossless,1,0,0,0,1,1
img_0219.png,L4_base64_rewrap,lossless,1,0,1,1,1,1
img_0219.png,L5_client_resave_tiff,lossless,1,0,0,0,1,1
img_0219.png,Y1_jpeg_q90,lossy,0,6,0,0,0,0
img_0219.png,Y2_jpeg_q95,lossy,0,5,0,0,0,0
img_0219.png,Y3_resize99,lossy,0,3,0,0,0,0
img_0220.png,L1_png_reopt,lossless,1,0,0,0,1,1
img_0220.png,L1b_png_recompress0,lossless,1,0,0,0,1,1
img_0220.png,L2_exif_strip,lossless,1,0,0,0,1,1
img_0220.png,L3_lossless_webp,lossless,1,0,0,0,1,1
img_0220.png,L4_base64_rewrap,lossless,1,0,1,1,1,1
img_0220.png,L5_client_resave_tiff,lossless,1,0,0,0,1,1
img_0220.png,Y1_jpeg_q90,lossy,0,7,0,0,0,0
img_0220.png,Y2_jpeg_q95,lossy,0,5,0,0,0,0
img_0220.png,Y3_resize99,lossy,0,4,0,0,0,0
img_0221.png,L1_png_reopt,lossless,1,0,0,0,1,1
img_0221.png,L1b_png_recompress0,lossless,1,0,0,0,1,1
img_0221.png,L2_exif_strip,lossless,1,0,0,0,1,1
img_0221.png,L3_lossless_webp,lossless,1,0,0,0,1,1
img_0221.png,L4_base64_rewrap,lossless,1,0,1,1,1,1
img_0221.png,L5_client_resave_tiff,lossless,1,0,0,0,1,1
img_0221.png,Y1_jpeg_q90,lossy,0,7,0,0,0,0
img_0221.png,Y2_jpeg_q95,lossy,0,4,0,0,0,0
img_0221.png,Y3_resize99,lossy,0,3,0,0,0,0
img_0222.png,L1_png_reopt,lossless,1,0,0,0,1,1
img_0222.png,L1b_png_recompress0,lossless,1,0,0,0,1,1
img_0222.png,L2_exif_strip,lossless,1,0,0,0,1,1
img_0222.png,L3_lossless_webp,lossless,1,0,0,0,1,1
img_0222.png,L4_base64_rewrap,lossless,1,0,1,1,1,1
img_0222.png,L5_client_resave_tiff,lossless,1,0,0,0,1,1
img_0222.png,Y1_jpeg_q90,lossy,0,5,0,0,0,0
img_0222.png,Y2_jpeg_q95,lossy,0,5,0,0,0,0
img_0222.png,Y3_resize99,lossy,0,3,0,0,0,0
img_0223.png,L1_png_reopt,lossless,1,0,0,0,1,1
img_0223.png,L1b_png_recompress0,lossless,1,0,0,0,1,1
img_0223.png,L2_exif_strip,lossless,1,0,0,0,1,1
img_0223.png,L3_lossless_webp,lossless,1,0,0,0,1,1
img_0223.png,L4_base64_rewrap,lossless,1,0,1,1,1,1
img_0223.png,L5_client_resave_tiff,lossless,1,0,0,0,1,1
img_0223.png,Y1_jpeg_q90,lossy,0,7,0,0,0,0
img_0223.png,Y2_jpeg_q95,lossy,0,6,0,0,0,0
img_0223.png,Y3_resize99,lossy,0,3,0,0,0,0
img_0224.png,L1_png_reopt,lossless,1,0,0,0,1,1
img_0224.png,L1b_png_recompress0,lossless,1,0,0,0,1,1
img_0224.png,L2_exif_strip,lossless,1,0,0,0,1,1
img_0224.png,L3_lossless_webp,lossless,1,0,0,0,1,1
img_0224.png,L4_base64_rewrap,lossless,1,0,1,1,1,1
img_0224.png,L5_client_resave_tiff,lossless,1,0,0,0,1,1
img_0224.png,Y1_jpeg_q90,lossy,0,7,0,0,0,0
img_0224.png,Y2_jpeg_q95,lossy,0,6,0,0,0,0
img_0224.png,Y3_resize99,lossy,0,3,0,0,0,0
img_0225.png,L1_png_reopt,lossless,1,0,0,0,1,1
img_0225.png,L1b_png_recompress0,lossless,1,0,0,0,1,1
img_0225.png,L2_exif_strip,lossless,1,0,0,0,1,1
img_0225.png,L3_lossless_webp,lossless,1,0,0,0,1,1
img_0225.png,L4_base64_rewrap,lossless,1,0,1,1,1,1
img_0225.png,L5_client_resave_tiff,lossless,1,0,0,0,1,1
img_0225.png,Y1_jpeg_q90,lossy,0,6,0,0,0,0
img_0225.png,Y2_jpeg_q95,lossy,0,5,0,0,0,0
img_0225.png,Y3_resize99,lossy,0,3,0,0,0,0
img_0226.png,L1_png_reopt,lossless,1,0,0,0,1,1
img_0226.png,L1b_png_recompress0,lossless,1,0,0,0,1,1
img_0226.png,L2_exif_strip,lossless,1,0,0,0,1,1
img_0226.png,L3_lossless_webp,lossless,1,0,0,0,1,1
img_0226.png,L4_base64_rewrap,lossless,1,0,1,1,1,1
img_0226.png,L5_client_resave_tiff,lossless,1,0,0,0,1,1
img_0226.png,Y1_jpeg_q90,lossy,0,7,0,0,0,0
img_0226.png,Y2_jpeg_q95,lossy,0,5,0,0,0,0
img_0226.png,Y3_resize99,lossy,0,3,0,0,0,0
img_0227.png,L1_png_reopt,lossless,1,0,0,0,1,1
img_0227.png,L1b_png_recompress0,lossless,1,0,0,0,1,1
img_0227.png,L2_exif_strip,lossless,1,0,0,0,1,1
img_0227.png,L3_lossless_webp,lossless,1,0,0,0,1,1
img_0227.png,L4_base64_rewrap,lossless,1,0,1,1,1,1
img_0227.png,L5_client_resave_tiff,lossless,1,0,0,0,1,1
img_0227.png,Y1_jpeg_q90,lossy,0,8,0,0,0,0
img_0227.png,Y2_jpeg_q95,lossy,0,6,0,0,0,0
img_0227.png,Y3_resize99,lossy,0,4,0,0,0,0
img_0228.png,L1_png_reopt,lossless,1,0,0,0,1,1
img_0228.png,L1b_png_recompress0,lossless,1,0,0,0,1,1
img_0228.png,L2_exif_strip,lossless,1,0,0,0,1,1
img_0228.png,L3_lossless_webp,lossless,1,0,0,0,1,1
img_0228.png,L4_base64_rewrap,lossless,1,0,1,1,1,1
img_0228.png,L5_client_resave_tiff,lossless,1,0,0,0,1,1
img_0228.png,Y1_jpeg_q90,lossy,0,6,0,0,0,0
img_0228.png,Y2_jpeg_q95,lossy,0,4,0,0,0,0
img_0228.png,Y3_resize99,lossy,0,3,0,0,0,0
img_0229.png,L1_png_reopt,lossless,1,0,0,0,1,1
img_0229.png,L1b_png_recompress0,lossless,1,0,0,0,1,1
img_0229.png,L2_exif_strip,lossless,1,0,0,0,1,1
img_0229.png,L3_lossless_webp,lossless,1,0,0,0,1,1
img_0229.png,L4_base64_rewrap,lossless,1,0,1,1,1,1
img_0229.png,L5_client_resave_tiff,lossless,1,0,0,0,1,1
img_0229.png,Y1_jpeg_q90,lossy,0,4,0,0,0,0
img_0229.png,Y2_jpeg_q95,lossy,0,3,0,0,0,0
img_0229.png,Y3_resize99,lossy,0,2,0,0,0,0
img_0230.png,L1_png_reopt,lossless,1,0,0,0,1,1
img_0230.png,L1b_png_recompress0,lossless,1,0,0,0,1,1
img_0230.png,L2_exif_strip,lossless,1,0,0,0,1,1
img_0230.png,L3_lossless_webp,lossless,1,0,0,0,1,1
img_0230.png,L4_base64_rewrap,lossless,1,0,1,1,1,1
img_0230.png,L5_client_resave_tiff,lossless,1,0,0,0,1,1
img_0230.png,Y1_jpeg_q90,lossy,0,6,0,0,0,0
img_0230.png,Y2_jpeg_q95,lossy,0,5,0,0,0,0
img_0230.png,Y3_resize99,lossy,0,3,0,0,0,0
img_0231.png,L1_png_reopt,lossless,1,0,0,0,1,1
img_0231.png,L1b_png_recompress0,lossless,1,0,0,0,1,1
img_0231.png,L2_exif_strip,lossless,1,0,0,0,1,1
img_0231.png,L3_lossless_webp,lossless,1,0,0,0,1,1
img_0231.png,L4_base64_rewrap,lossless,1,0,1,1,1,1
img_0231.png,L5_client_resave_tiff,lossless,1,0,0,0,1,1
img_0231.png,Y1_jpeg_q90,lossy,0,6,0,0,0,0
img_0231.png,Y2_jpeg_q95,lossy,0,5,0,0,0,0
img_0231.png,Y3_resize99,lossy,0,3,0,0,0,0
img_0232.png,L1_png_reopt,lossless,1,0,0,0,1,1
img_0232.png,L1b_png_recompress0,lossless,1,0,0,0,1,1
img_0232.png,L2_exif_strip,lossless,1,0,0,0,1,1
img_0232.png,L3_lossless_webp,lossless,1,0,0,0,1,1
img_0232.png,L4_base64_rewrap,lossless,1,0,1,1,1,1
img_0232.png,L5_client_resave_tiff,lossless,1,0,0,0,1,1
img_0232.png,Y1_jpeg_q90,lossy,0,7,0,0,0,0
img_0232.png,Y2_jpeg_q95,lossy,0,5,0,0,0,0
img_0232.png,Y3_resize99,lossy,0,3,0,0,0,0
img_0233.png,L1_png_reopt,lossless,1,0,0,0,1,1
img_0233.png,L1b_png_recompress0,lossless,1,0,0,0,1,1
img_0233.png,L2_exif_strip,lossless,1,0,0,0,1,1
img_0233.png,L3_lossless_webp,lossless,1,0,0,0,1,1
img_0233.png,L4_base64_rewrap,lossless,1,0,1,1,1,1
img_0233.png,L5_client_resave_tiff,lossless,1,0,0,0,1,1
img_0233.png,Y1_jpeg_q90,lossy,0,7,0,0,0,0
img_0233.png,Y2_jpeg_q95,lossy,0,6,0,0,0,0
img_0233.png,Y3_resize99,lossy,0,3,0,0,0,0
img_0234.png,L1_png_reopt,lossless,1,0,0,0,1,1
img_0234.png,L1b_png_recompress0,lossless,1,0,0,0,1,1
img_0234.png,L2_exif_strip,lossless,1,0,0,0,1,1
img_0234.png,L3_lossless_webp,lossless,1,0,0,0,1,1
img_0234.png,L4_base64_rewrap,lossless,1,0,1,1,1,1
img_0234.png,L5_client_resave_tiff,lossless,1,0,0,0,1,1
img_0234.png,Y1_jpeg_q90,lossy,0,7,0,0,0,0
img_0234.png,Y2_jpeg_q95,lossy,0,7,0,0,0,0
img_0234.png,Y3_resize99,lossy,0,3,0,0,0,0
img_0235.png,L1_png_reopt,lossless,1,0,0,0,1,1
img_0235.png,L1b_png_recompress0,lossless,1,0,0,0,1,1
img_0235.png,L2_exif_strip,lossless,1,0,0,0,1,1
img_0235.png,L3_lossless_webp,lossless,1,0,0,0,1,1
img_0235.png,L4_base64_rewrap,lossless,1,0,1,1,1,1
img_0235.png,L5_client_resave_tiff,lossless,1,0,0,0,1,1
img_0235.png,Y1_jpeg_q90,lossy,0,6,0,0,0,0
img_0235.png,Y2_jpeg_q95,lossy,0,5,0,0,0,0
img_0235.png,Y3_resize99,lossy,0,3,0,0,0,0
img_0236.png,L1_png_reopt,lossless,1,0,0,0,1,1
img_0236.png,L1b_png_recompress0,lossless,1,0,0,0,1,1
img_0236.png,L2_exif_strip,lossless,1,0,0,0,1,1
img_0236.png,L3_lossless_webp,lossless,1,0,0,0,1,1
img_0236.png,L4_base64_rewrap,lossless,1,0,1,1,1,1
img_0236.png,L5_client_resave_tiff,lossless,1,0,0,0,1,1
img_0236.png,Y1_jpeg_q90,lossy,0,8,0,0,0,0
img_0236.png,Y2_jpeg_q95,lossy,0,8,0,0,0,0
img_0236.png,Y3_resize99,lossy,0,5,0,0,0,0
img_0237.png,L1_png_reopt,lossless,1,0,0,0,1,1
img_0237.png,L1b_png_recompress0,lossless,1,0,0,0,1,1
img_0237.png,L2_exif_strip,lossless,1,0,0,0,1,1
img_0237.png,L3_lossless_webp,lossless,1,0,0,0,1,1
img_0237.png,L4_base64_rewrap,lossless,1,0,1,1,1,1
img_0237.png,L5_client_resave_tiff,lossless,1,0,0,0,1,1
img_0237.png,Y1_jpeg_q90,lossy,0,5,0,0,0,0
img_0237.png,Y2_jpeg_q95,lossy,0,4,0,0,0,0
img_0237.png,Y3_resize99,lossy,0,3,0,0,0,0
img_0238.png,L1_png_reopt,lossless,1,0,0,0,1,1
img_0238.png,L1b_png_recompress0,lossless,1,0,0,0,1,1
img_0238.png,L2_exif_strip,lossless,1,0,0,0,1,1
img_0238.png,L3_lossless_webp,lossless,1,0,0,0,1,1
img_0238.png,L4_base64_rewrap,lossless,1,0,1,1,1,1
img_0238.png,L5_client_resave_tiff,lossless,1,0,0,0,1,1
img_0238.png,Y1_jpeg_q90,lossy,0,8,0,0,0,0
img_0238.png,Y2_jpeg_q95,lossy,0,7,0,0,0,0
img_0238.png,Y3_resize99,lossy,0,3,0,0,0,0
img_0239.png,L1_png_reopt,lossless,1,0,0,0,1,1
img_0239.png,L1b_png_recompress0,lossless,1,0,0,0,1,1
img_0239.png,L2_exif_strip,lossless,1,0,0,0,1,1
img_0239.png,L3_lossless_webp,lossless,1,0,0,0,1,1
img_0239.png,L4_base64_rewrap,lossless,1,0,1,1,1,1
img_0239.png,L5_client_resave_tiff,lossless,1,0,0,0,1,1
img_0239.png,Y1_jpeg_q90,lossy,0,7,0,0,0,0
img_0239.png,Y2_jpeg_q95,lossy,0,6,0,0,0,0
img_0239.png,Y3_resize99,lossy,0,3,0,0,0,0
img_0240.png,L1_png_reopt,lossless,1,0,0,0,1,1
img_0240.png,L1b_png_recompress0,lossless,1,0,0,0,1,1
img_0240.png,L2_exif_strip,lossless,1,0,0,0,1,1
img_0240.png,L3_lossless_webp,lossless,1,0,0,0,1,1
img_0240.png,L4_base64_rewrap,lossless,1,0,1,1,1,1
img_0240.png,L5_client_resave_tiff,lossless,1,0,0,0,1,1
img_0240.png,Y1_jpeg_q90,lossy,0,8,0,0,0,0
img_0240.png,Y2_jpeg_q95,lossy,0,7,0,0,0,0
img_0240.png,Y3_resize99,lossy,0,4,0,0,0,0
img_0241.png,L1_png_reopt,lossless,1,0,0,0,1,1
img_0241.png,L1b_png_recompress0,lossless,1,0,0,0,1,1
img_0241.png,L2_exif_strip,lossless,1,0,0,0,1,1
img_0241.png,L3_lossless_webp,lossless,1,0,0,0,1,1
img_0241.png,L4_base64_rewrap,lossless,1,0,1,1,1,1
img_0241.png,L5_client_resave_tiff,lossless,1,0,0,0,1,1
img_0241.png,Y1_jpeg_q90,lossy,0,7,0,0,0,0
img_0241.png,Y2_jpeg_q95,lossy,0,5,0,0,0,0
img_0241.png,Y3_resize99,lossy,0,3,0,0,0,0
img_0242.png,L1_png_reopt,lossless,1,0,0,0,1,1
img_0242.png,L1b_png_recompress0,lossless,1,0,0,0,1,1
img_0242.png,L2_exif_strip,lossless,1,0,0,0,1,1
img_0242.png,L3_lossless_webp,lossless,1,0,0,0,1,1
img_0242.png,L4_base64_rewrap,lossless,1,0,1,1,1,1
img_0242.png,L5_client_resave_tiff,lossless,1,0,0,0,1,1
img_0242.png,Y1_jpeg_q90,lossy,0,6,0,0,0,0
img_0242.png,Y2_jpeg_q95,lossy,0,5,0,0,0,0
img_0242.png,Y3_resize99,lossy,0,3,0,0,0,0
img_0243.png,L1_png_reopt,lossless,1,0,0,0,1,1
img_0243.png,L1b_png_recompress0,lossless,1,0,0,0,1,1
img_0243.png,L2_exif_strip,lossless,1,0,0,0,1,1
img_0243.png,L3_lossless_webp,lossless,1,0,0,0,1,1
img_0243.png,L4_base64_rewrap,lossless,1,0,1,1,1,1
img_0243.png,L5_client_resave_tiff,lossless,1,0,0,0,1,1
img_0243.png,Y1_jpeg_q90,lossy,0,5,0,0,0,0
img_0243.png,Y2_jpeg_q95,lossy,0,4,0,0,0,0
img_0243.png,Y3_resize99,lossy,0,2,0,0,0,0
img_0244.png,L1_png_reopt,lossless,1,0,0,0,1,1
img_0244.png,L1b_png_recompress0,lossless,1,0,0,0,1,1
img_0244.png,L2_exif_strip,lossless,1,0,0,0,1,1
img_0244.png,L3_lossless_webp,lossless,1,0,0,0,1,1
img_0244.png,L4_base64_rewrap,lossless,1,0,1,1,1,1
img_0244.png,L5_client_resave_tiff,lossless,1,0,0,0,1,1
img_0244.png,Y1_jpeg_q90,lossy,0,8,0,0,0,0
img_0244.png,Y2_jpeg_q95,lossy,0,6,0,0,0,0
img_0244.png,Y3_resize99,lossy,0,3,0,0,0,0
img_0245.png,L1_png_reopt,lossless,1,0,0,0,1,1
img_0245.png,L1b_png_recompress0,lossless,1,0,0,0,1,1
img_0245.png,L2_exif_strip,lossless,1,0,0,0,1,1
img_0245.png,L3_lossless_webp,lossless,1,0,0,0,1,1
img_0245.png,L4_base64_rewrap,lossless,1,0,1,1,1,1
img_0245.png,L5_client_resave_tiff,lossless,1,0,0,0,1,1
img_0245.png,Y1_jpeg_q90,lossy,0,6,0,0,0,0
img_0245.png,Y2_jpeg_q95,lossy,0,5,0,0,0,0
img_0245.png,Y3_resize99,lossy,0,3,0,0,0,0
img_0246.png,L1_png_reopt,lossless,1,0,0,0,1,1
img_0246.png,L1b_png_recompress0,lossless,1,0,0,0,1,1
img_0246.png,L2_exif_strip,lossless,1,0,0,0,1,1
img_0246.png,L3_lossless_webp,lossless,1,0,0,0,1,1
img_0246.png,L4_base64_rewrap,lossless,1,0,1,1,1,1
img_0246.png,L5_client_resave_tiff,lossless,1,0,0,0,1,1
img_0246.png,Y1_jpeg_q90,lossy,0,7,0,0,0,0
img_0246.png,Y2_jpeg_q95,lossy,0,5,0,0,0,0
img_0246.png,Y3_resize99,lossy,0,3,0,0,0,0
img_0247.png,L1_png_reopt,lossless,1,0,0,0,1,1
img_0247.png,L1b_png_recompress0,lossless,1,0,0,0,1,1
img_0247.png,L2_exif_strip,lossless,1,0,0,0,1,1
img_0247.png,L3_lossless_webp,lossless,1,0,0,0,1,1
img_0247.png,L4_base64_rewrap,lossless,1,0,1,1,1,1
img_0247.png,L5_client_resave_tiff,lossless,1,0,0,0,1,1
img_0247.png,Y1_jpeg_q90,lossy,0,6,0,0,0,0
img_0247.png,Y2_jpeg_q95,lossy,0,6,0,0,0,0
img_0247.png,Y3_resize99,lossy,0,4,0,0,0,0
img_0248.png,L1_png_reopt,lossless,1,0,0,0,1,1
img_0248.png,L1b_png_recompress0,lossless,1,0,0,0,1,1
img_0248.png,L2_exif_strip,lossless,1,0,0,0,1,1
img_0248.png,L3_lossless_webp,lossless,1,0,0,0,1,1
img_0248.png,L4_base64_rewrap,lossless,1,0,1,1,1,1
img_0248.png,L5_client_resave_tiff,lossless,1,0,0,0,1,1
img_0248.png,Y1_jpeg_q90,lossy,0,5,0,0,0,0
img_0248.png,Y2_jpeg_q95,lossy,0,5,0,0,0,0
img_0248.png,Y3_resize99,lossy,0,4,0,0,0,0
img_0249.png,L1_png_reopt,lossless,1,0,0,0,1,1
img_0249.png,L1b_png_recompress0,lossless,1,0,0,0,1,1
img_0249.png,L2_exif_strip,lossless,1,0,0,0,1,1
img_0249.png,L3_lossless_webp,lossless,1,0,0,0,1,1
img_0249.png,L4_base64_rewrap,lossless,1,0,1,1,1,1
img_0249.png,L5_client_resave_tiff,lossless,1,0,0,0,1,1
img_0249.png,Y1_jpeg_q90,lossy,0,6,0,0,0,0
img_0249.png,Y2_jpeg_q95,lossy,0,5,0,0,0,0
img_0249.png,Y3_resize99,lossy,0,3,0,0,0,0
img_0250.png,L1_png_reopt,lossless,1,0,0,0,1,1
img_0250.png,L1b_png_recompress0,lossless,1,0,0,0,1,1
img_0250.png,L2_exif_strip,lossless,1,0,0,0,1,1
img_0250.png,L3_lossless_webp,lossless,1,0,0,0,1,1
img_0250.png,L4_base64_rewrap,lossless,1,0,1,1,1,1
img_0250.png,L5_client_resave_tiff,lossless,1,0,0,0,1,1
img_0250.png,Y1_jpeg_q90,lossy,0,6,0,0,0,0
img_0250.png,Y2_jpeg_q95,lossy,0,5,0,0,0,0
img_0250.png,Y3_resize99,lossy,0,3,0,0,0,0
img_0251.png,L1_png_reopt,lossless,1,0,0,0,1,1
img_0251.png,L1b_png_recompress0,lossless,1,0,0,0,1,1
img_0251.png,L2_exif_strip,lossless,1,0,0,0,1,1
img_0251.png,L3_lossless_webp,lossless,1,0,0,0,1,1
img_0251.png,L4_base64_rewrap,lossless,1,0,1,1,1,1
img_0251.png,L5_client_resave_tiff,lossless,1,0,0,0,1,1
img_0251.png,Y1_jpeg_q90,lossy,0,5,0,0,0,0
img_0251.png,Y2_jpeg_q95,lossy,0,4,0,0,0,0
img_0251.png,Y3_resize99,lossy,0,2,0,0,0,0
img_0252.png,L1_png_reopt,lossless,1,0,0,0,1,1
img_0252.png,L1b_png_recompress0,lossless,1,0,0,0,1,1
img_0252.png,L2_exif_strip,lossless,1,0,0,0,1,1
img_0252.png,L3_lossless_webp,lossless,1,0,0,0,1,1
img_0252.png,L4_base64_rewrap,lossless,1,0,1,1,1,1
img_0252.png,L5_client_resave_tiff,lossless,1,0,0,0,1,1
img_0252.png,Y1_jpeg_q90,lossy,0,6,0,0,0,0
img_0252.png,Y2_jpeg_q95,lossy,0,6,0,0,0,0
img_0252.png,Y3_resize99,lossy,0,3,0,0,0,0
img_0253.png,L1_png_reopt,lossless,1,0,0,0,1,1
img_0253.png,L1b_png_recompress0,lossless,1,0,0,0,1,1
img_0253.png,L2_exif_strip,lossless,1,0,0,0,1,1
img_0253.png,L3_lossless_webp,lossless,1,0,0,0,1,1
img_0253.png,L4_base64_rewrap,lossless,1,0,1,1,1,1
img_0253.png,L5_client_resave_tiff,lossless,1,0,0,0,1,1
img_0253.png,Y1_jpeg_q90,lossy,0,4,0,0,0,0
img_0253.png,Y2_jpeg_q95,lossy,0,2,0,0,0,0
img_0253.png,Y3_resize99,lossy,0,3,0,0,0,0
img_0254.png,L1_png_reopt,lossless,1,0,0,0,1,1
img_0254.png,L1b_png_recompress0,lossless,1,0,0,0,1,1
img_0254.png,L2_exif_strip,lossless,1,0,0,0,1,1
img_0254.png,L3_lossless_webp,lossless,1,0,0,0,1,1
img_0254.png,L4_base64_rewrap,lossless,1,0,1,1,1,1
img_0254.png,L5_client_resave_tiff,lossless,1,0,0,0,1,1
img_0254.png,Y1_jpeg_q90,lossy,0,7,0,0,0,0
img_0254.png,Y2_jpeg_q95,lossy,0,5,0,0,0,0
img_0254.png,Y3_resize99,lossy,0,3,0,0,0,0
img_0255.png,L1_png_reopt,lossless,1,0,0,0,1,1
img_0255.png,L1b_png_recompress0,lossless,1,0,0,0,1,1
img_0255.png,L2_exif_strip,lossless,1,0,0,0,1,1
img_0255.png,L3_lossless_webp,lossless,1,0,0,0,1,1
img_0255.png,L4_base64_rewrap,lossless,1,0,1,1,1,1
img_0255.png,L5_client_resave_tiff,lossless,1,0,0,0,1,1
img_0255.png,Y1_jpeg_q90,lossy,0,6,0,0,0,0
img_0255.png,Y2_jpeg_q95,lossy,0,5,0,0,0,0
img_0255.png,Y3_resize99,lossy,0,4,0,0,0,0
img_0256.png,L1_png_reopt,lossless,1,0,0,0,1,1
img_0256.png,L1b_png_recompress0,lossless,1,0,0,0,1,1
img_0256.png,L2_exif_strip,lossless,1,0,0,0,1,1
img_0256.png,L3_lossless_webp,lossless,1,0,0,0,1,1
img_0256.png,L4_base64_rewrap,lossless,1,0,1,1,1,1
img_0256.png,L5_client_resave_tiff,lossless,1,0,0,0,1,1
img_0256.png,Y1_jpeg_q90,lossy,0,6,0,0,0,0
img_0256.png,Y2_jpeg_q95,lossy,0,5,0,0,0,0
img_0256.png,Y3_resize99,lossy,0,3,0,0,0,0
img_0257.png,L1_png_reopt,lossless,1,0,0,0,1,1
img_0257.png,L1b_png_recompress0,lossless,1,0,0,0,1,1
img_0257.png,L2_exif_strip,lossless,1,0,0,0,1,1
img_0257.png,L3_lossless_webp,lossless,1,0,0,0,1,1
img_0257.png,L4_base64_rewrap,lossless,1,0,1,1,1,1
img_0257.png,L5_client_resave_tiff,lossless,1,0,0,0,1,1
img_0257.png,Y1_jpeg_q90,lossy,0,6,0,0,0,0
img_0257.png,Y2_jpeg_q95,lossy,0,6,0,0,0,0
img_0257.png,Y3_resize99,lossy,0,4,0,0,0,0
img_0258.png,L1_png_reopt,lossless,1,0,0,0,1,1
img_0258.png,L1b_png_recompress0,lossless,1,0,0,0,1,1
img_0258.png,L2_exif_strip,lossless,1,0,0,0,1,1
img_0258.png,L3_lossless_webp,lossless,1,0,0,0,1,1
img_0258.png,L4_base64_rewrap,lossless,1,0,1,1,1,1
img_0258.png,L5_client_resave_tiff,lossless,1,0,0,0,1,1
img_0258.png,Y1_jpeg_q90,lossy,0,7,0,0,0,0
img_0258.png,Y2_jpeg_q95,lossy,0,6,0,0,0,0
img_0258.png,Y3_resize99,lossy,0,3,0,0,0,0
img_0259.png,L1_png_reopt,lossless,1,0,0,0,1,1
img_0259.png,L1b_png_recompress0,lossless,1,0,0,0,1,1
img_0259.png,L2_exif_strip,lossless,1,0,0,0,1,1
img_0259.png,L3_lossless_webp,lossless,1,0,0,0,1,1
img_0259.png,L4_base64_rewrap,lossless,1,0,1,1,1,1
img_0259.png,L5_client_resave_tiff,lossless,1,0,0,0,1,1
img_0259.png,Y1_jpeg_q90,lossy,0,6,0,0,0,0
img_0259.png,Y2_jpeg_q95,lossy,0,5,0,0,0,0
img_0259.png,Y3_resize99,lossy,0,3,0,0,0,0
img_0260.png,L1_png_reopt,lossless,1,0,0,0,1,1
img_0260.png,L1b_png_recompress0,lossless,1,0,0,0,1,1
img_0260.png,L2_exif_strip,lossless,1,0,0,0,1,1
img_0260.png,L3_lossless_webp,lossless,1,0,0,0,1,1
img_0260.png,L4_base64_rewrap,lossless,1,0,1,1,1,1
img_0260.png,L5_client_resave_tiff,lossless,1,0,0,0,1,1
img_0260.png,Y1_jpeg_q90,lossy,0,7,0,0,0,0
img_0260.png,Y2_jpeg_q95,lossy,0,6,0,0,0,0
img_0260.png,Y3_resize99,lossy,0,3,0,0,0,0
img_0261.png,L1_png_reopt,lossless,1,0,0,0,1,1
img_0261.png,L1b_png_recompress0,lossless,1,0,0,0,1,1
img_0261.png,L2_exif_strip,lossless,1,0,0,0,1,1
img_0261.png,L3_lossless_webp,lossless,1,0,0,0,1,1
img_0261.png,L4_base64_rewrap,lossless,1,0,1,1,1,1
img_0261.png,L5_client_resave_tiff,lossless,1,0,0,0,1,1
img_0261.png,Y1_jpeg_q90,lossy,0,6,0,0,0,0
img_0261.png,Y2_jpeg_q95,lossy,0,6,0,0,0,0
img_0261.png,Y3_resize99,lossy,0,3,0,0,0,0
img_0262.png,L1_png_reopt,lossless,1,0,0,0,1,1
img_0262.png,L1b_png_recompress0,lossless,1,0,0,0,1,1
img_0262.png,L2_exif_strip,lossless,1,0,0,0,1,1
img_0262.png,L3_lossless_webp,lossless,1,0,0,0,1,1
img_0262.png,L4_base64_rewrap,lossless,1,0,1,1,1,1
img_0262.png,L5_client_resave_tiff,lossless,1,0,0,0,1,1
img_0262.png,Y1_jpeg_q90,lossy,0,6,0,0,0,0
img_0262.png,Y2_jpeg_q95,lossy,0,5,0,0,0,0
img_0262.png,Y3_resize99,lossy,0,3,0,0,0,0
img_0263.png,L1_png_reopt,lossless,1,0,0,0,1,1
img_0263.png,L1b_png_recompress0,lossless,1,0,0,0,1,1
img_0263.png,L2_exif_strip,lossless,1,0,0,0,1,1
img_0263.png,L3_lossless_webp,lossless,1,0,0,0,1,1
img_0263.png,L4_base64_rewrap,lossless,1,0,1,1,1,1
img_0263.png,L5_client_resave_tiff,lossless,1,0,0,0,1,1
img_0263.png,Y1_jpeg_q90,lossy,0,6,0,0,0,0
img_0263.png,Y2_jpeg_q95,lossy,0,5,0,0,0,0
img_0263.png,Y3_resize99,lossy,0,4,0,0,0,0
img_0264.png,L1_png_reopt,lossless,1,0,0,0,1,1
img_0264.png,L1b_png_recompress0,lossless,1,0,0,0,1,1
img_0264.png,L2_exif_strip,lossless,1,0,0,0,1,1
img_0264.png,L3_lossless_webp,lossless,1,0,0,0,1,1
img_0264.png,L4_base64_rewrap,lossless,1,0,1,1,1,1
img_0264.png,L5_client_resave_tiff,lossless,1,0,0,0,1,1
img_0264.png,Y1_jpeg_q90,lossy,0,7,0,0,0,0
img_0264.png,Y2_jpeg_q95,lossy,0,5,0,0,0,0
img_0264.png,Y3_resize99,lossy,0,3,0,0,0,0
img_0265.png,L1_png_reopt,lossless,1,0,0,0,1,1
img_0265.png,L1b_png_recompress0,lossless,1,0,0,0,1,1
img_0265.png,L2_exif_strip,lossless,1,0,0,0,1,1
img_0265.png,L3_lossless_webp,lossless,1,0,0,0,1,1
img_0265.png,L4_base64_rewrap,lossless,1,0,1,1,1,1
img_0265.png,L5_client_resave_tiff,lossless,1,0,0,0,1,1
img_0265.png,Y1_jpeg_q90,lossy,0,5,0,0,0,0
img_0265.png,Y2_jpeg_q95,lossy,0,4,0,0,0,0
img_0265.png,Y3_resize99,lossy,0,2,0,0,0,0
img_0266.png,L1_png_reopt,lossless,1,0,0,0,1,1
img_0266.png,L1b_png_recompress0,lossless,1,0,0,0,1,1
img_0266.png,L2_exif_strip,lossless,1,0,0,0,1,1
img_0266.png,L3_lossless_webp,lossless,1,0,0,0,1,1
img_0266.png,L4_base64_rewrap,lossless,1,0,1,1,1,1
img_0266.png,L5_client_resave_tiff,lossless,1,0,0,0,1,1
img_0266.png,Y1_jpeg_q90,lossy,0,6,0,0,0,0
img_0266.png,Y2_jpeg_q95,lossy,0,5,0,0,0,0
img_0266.png,Y3_resize99,lossy,0,3,0,0,0,0
img_0267.png,L1_png_reopt,lossless,1,0,0,0,1,1
img_0267.png,L1b_png_recompress0,lossless,1,0,0,0,1,1
img_0267.png,L2_exif_strip,lossless,1,0,0,0,1,1
img_0267.png,L3_lossless_webp,lossless,1,0,0,0,1,1
img_0267.png,L4_base64_rewrap,lossless,1,0,1,1,1,1
img_0267.png,L5_client_resave_tiff,lossless,1,0,0,0,1,1
img_0267.png,Y1_jpeg_q90,lossy,0,5,0,0,0,0
img_0267.png,Y2_jpeg_q95,lossy,0,5,0,0,0,0
img_0267.png,Y3_resize99,lossy,0,3,0,0,0,0
img_0268.png,L1_png_reopt,lossless,1,0,0,0,1,1
img_0268.png,L1b_png_recompress0,lossless,1,0,0,0,1,1
img_0268.png,L2_exif_strip,lossless,1,0,0,0,1,1
img_0268.png,L3_lossless_webp,lossless,1,0,0,0,1,1
img_0268.png,L4_base64_rewrap,lossless,1,0,1,1,1,1
img_0268.png,L5_client_resave_tiff,lossless,1,0,0,0,1,1
img_0268.png,Y1_jpeg_q90,lossy,0,7,0,0,0,0
img_0268.png,Y2_jpeg_q95,lossy,0,6,0,0,0,0
img_0268.png,Y3_resize99,lossy,0,3,0,0,0,0
img_0269.png,L1_png_reopt,lossless,1,0,0,0,1,1
img_0269.png,L1b_png_recompress0,lossless,1,0,0,0,1,1
img_0269.png,L2_exif_strip,lossless,1,0,0,0,1,1
img_0269.png,L3_lossless_webp,lossless,1,0,0,0,1,1
img_0269.png,L4_base64_rewrap,lossless,1,0,1,1,1,1
img_0269.png,L5_client_resave_tiff,lossless,1,0,0,0,1,1
img_0269.png,Y1_jpeg_q90,lossy,0,6,0,0,0,0
img_0269.png,Y2_jpeg_q95,lossy,0,5,0,0,0,0
img_0269.png,Y3_resize99,lossy,0,4,0,0,0,0
img_0270.png,L1_png_reopt,lossless,1,0,0,0,1,1
img_0270.png,L1b_png_recompress0,lossless,1,0,0,0,1,1
img_0270.png,L2_exif_strip,lossless,1,0,0,0,1,1
img_0270.png,L3_lossless_webp,lossless,1,0,0,0,1,1
img_0270.png,L4_base64_rewrap,lossless,1,0,1,1,1,1
img_0270.png,L5_client_resave_tiff,lossless,1,0,0,0,1,1
img_0270.png,Y1_jpeg_q90,lossy,0,7,0,0,0,0
img_0270.png,Y2_jpeg_q95,lossy,0,6,0,0,0,0
img_0270.png,Y3_resize99,lossy,0,4,0,0,0,0
img_0271.png,L1_png_reopt,lossless,1,0,0,0,1,1
img_0271.png,L1b_png_recompress0,lossless,1,0,0,0,1,1
img_0271.png,L2_exif_strip,lossless,1,0,0,0,1,1
img_0271.png,L3_lossless_webp,lossless,1,0,0,0,1,1
img_0271.png,L4_base64_rewrap,lossless,1,0,1,1,1,1
img_0271.png,L5_client_resave_tiff,lossless,1,0,0,0,1,1
img_0271.png,Y1_jpeg_q90,lossy,0,7,0,0,0,0
img_0271.png,Y2_jpeg_q95,lossy,0,5,0,0,0,0
img_0271.png,Y3_resize99,lossy,0,3,0,0,0,0
img_0272.png,L1_png_reopt,lossless,1,0,0,0,1,1
img_0272.png,L1b_png_recompress0,lossless,1,0,0,0,1,1
img_0272.png,L2_exif_strip,lossless,1,0,0,0,1,1
img_0272.png,L3_lossless_webp,lossless,1,0,0,0,1,1
img_0272.png,L4_base64_rewrap,lossless,1,0,1,1,1,1
img_0272.png,L5_client_resave_tiff,lossless,1,0,0,0,1,1
img_0272.png,Y1_jpeg_q90,lossy,0,8,0,0,0,0
img_0272.png,Y2_jpeg_q95,lossy,0,8,0,0,0,0
img_0272.png,Y3_resize99,lossy,0,5,0,0,0,0
img_0273.png,L1_png_reopt,lossless,1,0,0,0,1,1
img_0273.png,L1b_png_recompress0,lossless,1,0,0,0,1,1
img_0273.png,L2_exif_strip,lossless,1,0,0,0,1,1
img_0273.png,L3_lossless_webp,lossless,1,0,0,0,1,1
img_0273.png,L4_base64_rewrap,lossless,1,0,1,1,1,1
img_0273.png,L5_client_resave_tiff,lossless,1,0,0,0,1,1
img_0273.png,Y1_jpeg_q90,lossy,0,7,0,0,0,0
img_0273.png,Y2_jpeg_q95,lossy,0,5,0,0,0,0
img_0273.png,Y3_resize99,lossy,0,3,0,0,0,0
img_0274.png,L1_png_reopt,lossless,1,0,0,0,1,1
img_0274.png,L1b_png_recompress0,lossless,1,0,0,0,1,1
img_0274.png,L2_exif_strip,lossless,1,0,0,0,1,1
img_0274.png,L3_lossless_webp,lossless,1,0,0,0,1,1
img_0274.png,L4_base64_rewrap,lossless,1,0,1,1,1,1
img_0274.png,L5_client_resave_tiff,lossless,1,0,0,0,1,1
img_0274.png,Y1_jpeg_q90,lossy,0,7,0,0,0,0
img_0274.png,Y2_jpeg_q95,lossy,0,5,0,0,0,0
img_0274.png,Y3_resize99,lossy,0,3,0,0,0,0
img_0275.png,L1_png_reopt,lossless,1,0,0,0,1,1
img_0275.png,L1b_png_recompress0,lossless,1,0,0,0,1,1
img_0275.png,L2_exif_strip,lossless,1,0,0,0,1,1
img_0275.png,L3_lossless_webp,lossless,1,0,0,0,1,1
img_0275.png,L4_base64_rewrap,lossless,1,0,1,1,1,1
img_0275.png,L5_client_resave_tiff,lossless,1,0,0,0,1,1
img_0275.png,Y1_jpeg_q90,lossy,0,5,0,0,0,0
img_0275.png,Y2_jpeg_q95,lossy,0,5,0,0,0,0
img_0275.png,Y3_resize99,lossy,0,3,0,0,0,0
img_0276.png,L1_png_reopt,lossless,1,0,0,0,1,1
img_0276.png,L1b_png_recompress0,lossless,1,0,0,0,1,1
img_0276.png,L2_exif_strip,lossless,1,0,0,0,1,1
img_0276.png,L3_lossless_webp,lossless,1,0,0,0,1,1
img_0276.png,L4_base64_rewrap,lossless,1,0,1,1,1,1
img_0276.png,L5_client_resave_tiff,lossless,1,0,0,0,1,1
img_0276.png,Y1_jpeg_q90,lossy,0,8,0,0,0,0
img_0276.png,Y2_jpeg_q95,lossy,0,5,0,0,0,0
img_0276.png,Y3_resize99,lossy,0,3,0,0,0,0
img_0277.png,L1_png_reopt,lossless,1,0,0,0,1,1
img_0277.png,L1b_png_recompress0,lossless,1,0,0,0,1,1
img_0277.png,L2_exif_strip,lossless,1,0,0,0,1,1
img_0277.png,L3_lossless_webp,lossless,1,0,0,0,1,1
img_0277.png,L4_base64_rewrap,lossless,1,0,1,1,1,1
img_0277.png,L5_client_resave_tiff,lossless,1,0,0,0,1,1
img_0277.png,Y1_jpeg_q90,lossy,0,7,0,0,0,0
img_0277.png,Y2_jpeg_q95,lossy,0,5,0,0,0,0
img_0277.png,Y3_resize99,lossy,0,3,0,0,0,0
img_0278.png,L1_png_reopt,lossless,1,0,0,0,1,1
img_0278.png,L1b_png_recompress0,lossless,1,0,0,0,1,1
img_0278.png,L2_exif_strip,lossless,1,0,0,0,1,1
img_0278.png,L3_lossless_webp,lossless,1,0,0,0,1,1
img_0278.png,L4_base64_rewrap,lossless,1,0,1,1,1,1
img_0278.png,L5_client_resave_tiff,lossless,1,0,0,0,1,1
img_0278.png,Y1_jpeg_q90,lossy,0,7,0,0,0,0
img_0278.png,Y2_jpeg_q95,lossy,0,5,0,0,0,0
img_0278.png,Y3_resize99,lossy,0,3,0,0,0,0
img_0279.png,L1_png_reopt,lossless,1,0,0,0,1,1
img_0279.png,L1b_png_recompress0,lossless,1,0,0,0,1,1
img_0279.png,L2_exif_strip,lossless,1,0,0,0,1,1
img_0279.png,L3_lossless_webp,lossless,1,0,0,0,1,1
img_0279.png,L4_base64_rewrap,lossless,1,0,1,1,1,1
img_0279.png,L5_client_resave_tiff,lossless,1,0,0,0,1,1
img_0279.png,Y1_jpeg_q90,lossy,0,7,0,0,0,0
img_0279.png,Y2_jpeg_q95,lossy,0,5,0,0,0,0
img_0279.png,Y3_resize99,lossy,0,3,0,0,0,0
img_0280.png,L1_png_reopt,lossless,1,0,0,0,1,1
img_0280.png,L1b_png_recompress0,lossless,1,0,0,0,1,1
img_0280.png,L2_exif_strip,lossless,1,0,0,0,1,1
img_0280.png,L3_lossless_webp,lossless,1,0,0,0,1,1
img_0280.png,L4_base64_rewrap,lossless,1,0,1,1,1,1
img_0280.png,L5_client_resave_tiff,lossless,1,0,0,0,1,1
img_0280.png,Y1_jpeg_q90,lossy,0,7,0,0,0,0
img_0280.png,Y2_jpeg_q95,lossy,0,6,0,0,0,0
img_0280.png,Y3_resize99,lossy,0,3,0,0,0,0
img_0281.png,L1_png_reopt,lossless,1,0,0,0,1,1
img_0281.png,L1b_png_recompress0,lossless,1,0,0,0,1,1
img_0281.png,L2_exif_strip,lossless,1,0,0,0,1,1
img_0281.png,L3_lossless_webp,lossless,1,0,0,0,1,1
img_0281.png,L4_base64_rewrap,lossless,1,0,1,1,1,1
img_0281.png,L5_client_resave_tiff,lossless,1,0,0,0,1,1
img_0281.png,Y1_jpeg_q90,lossy,0,6,0,0,0,0
img_0281.png,Y2_jpeg_q95,lossy,0,5,0,0,0,0
img_0281.png,Y3_resize99,lossy,0,3,0,0,0,0
img_0282.png,L1_png_reopt,lossless,1,0,0,0,1,1
img_0282.png,L1b_png_recompress0,lossless,1,0,0,0,1,1
img_0282.png,L2_exif_strip,lossless,1,0,0,0,1,1
img_0282.png,L3_lossless_webp,lossless,1,0,0,0,1,1
img_0282.png,L4_base64_rewrap,lossless,1,0,1,1,1,1
img_0282.png,L5_client_resave_tiff,lossless,1,0,0,0,1,1
img_0282.png,Y1_jpeg_q90,lossy,0,5,0,0,0,0
img_0282.png,Y2_jpeg_q95,lossy,0,5,0,0,0,0
img_0282.png,Y3_resize99,lossy,0,2,0,0,0,0
img_0283.png,L1_png_reopt,lossless,1,0,0,0,1,1
img_0283.png,L1b_png_recompress0,lossless,1,0,0,0,1,1
img_0283.png,L2_exif_strip,lossless,1,0,0,0,1,1
img_0283.png,L3_lossless_webp,lossless,1,0,0,0,1,1
img_0283.png,L4_base64_rewrap,lossless,1,0,1,1,1,1
img_0283.png,L5_client_resave_tiff,lossless,1,0,0,0,1,1
img_0283.png,Y1_jpeg_q90,lossy,0,6,0,0,0,0
img_0283.png,Y2_jpeg_q95,lossy,0,5,0,0,0,0
img_0283.png,Y3_resize99,lossy,0,4,0,0,0,0
img_0284.png,L1_png_reopt,lossless,1,0,0,0,1,1
img_0284.png,L1b_png_recompress0,lossless,1,0,0,0,1,1
img_0284.png,L2_exif_strip,lossless,1,0,0,0,1,1
img_0284.png,L3_lossless_webp,lossless,1,0,0,0,1,1
img_0284.png,L4_base64_rewrap,lossless,1,0,1,1,1,1
img_0284.png,L5_client_resave_tiff,lossless,1,0,0,0,1,1
img_0284.png,Y1_jpeg_q90,lossy,0,5,0,0,0,0
img_0284.png,Y2_jpeg_q95,lossy,0,4,0,0,0,0
img_0284.png,Y3_resize99,lossy,0,3,0,0,0,0
img_0285.png,L1_png_reopt,lossless,1,0,0,0,1,1
img_0285.png,L1b_png_recompress0,lossless,1,0,0,0,1,1
img_0285.png,L2_exif_strip,lossless,1,0,0,0,1,1
img_0285.png,L3_lossless_webp,lossless,1,0,0,0,1,1
img_0285.png,L4_base64_rewrap,lossless,1,0,1,1,1,1
img_0285.png,L5_client_resave_tiff,lossless,1,0,0,0,1,1
img_0285.png,Y1_jpeg_q90,lossy,0,7,0,0,0,0
img_0285.png,Y2_jpeg_q95,lossy,0,5,0,0,0,0
img_0285.png,Y3_resize99,lossy,0,2,0,0,0,0
img_0286.png,L1_png_reopt,lossless,1,0,0,0,1,1
img_0286.png,L1b_png_recompress0,lossless,1,0,0,0,1,1
img_0286.png,L2_exif_strip,lossless,1,0,0,0,1,1
img_0286.png,L3_lossless_webp,lossless,1,0,0,0,1,1
img_0286.png,L4_base64_rewrap,lossless,1,0,1,1,1,1
img_0286.png,L5_client_resave_tiff,lossless,1,0,0,0,1,1
img_0286.png,Y1_jpeg_q90,lossy,0,6,0,0,0,0
img_0286.png,Y2_jpeg_q95,lossy,0,6,0,0,0,0
img_0286.png,Y3_resize99,lossy,0,3,0,0,0,0
img_0287.png,L1_png_reopt,lossless,1,0,0,0,1,1
img_0287.png,L1b_png_recompress0,lossless,1,0,0,0,1,1
img_0287.png,L2_exif_strip,lossless,1,0,0,0,1,1
img_0287.png,L3_lossless_webp,lossless,1,0,0,0,1,1
img_0287.png,L4_base64_rewrap,lossless,1,0,1,1,1,1
img_0287.png,L5_client_resave_tiff,lossless,1,0,0,0,1,1
img_0287.png,Y1_jpeg_q90,lossy,0,6,0,0,0,0
img_0287.png,Y2_jpeg_q95,lossy,0,5,0,0,0,0
img_0287.png,Y3_resize99,lossy,0,3,0,0,0,0
img_0288.png,L1_png_reopt,lossless,1,0,0,0,1,1
img_0288.png,L1b_png_recompress0,lossless,1,0,0,0,1,1
img_0288.png,L2_exif_strip,lossless,1,0,0,0,1,1
img_0288.png,L3_lossless_webp,lossless,1,0,0,0,1,1
img_0288.png,L4_base64_rewrap,lossless,1,0,1,1,1,1
img_0288.png,L5_client_resave_tiff,lossless,1,0,0,0,1,1
img_0288.png,Y1_jpeg_q90,lossy,0,9,0,0,0,0
img_0288.png,Y2_jpeg_q95,lossy,0,7,0,0,0,0
img_0288.png,Y3_resize99,lossy,0,3,0,0,0,0
img_0289.png,L1_png_reopt,lossless,1,0,0,0,1,1
img_0289.png,L1b_png_recompress0,lossless,1,0,0,0,1,1
img_0289.png,L2_exif_strip,lossless,1,0,0,0,1,1
img_0289.png,L3_lossless_webp,lossless,1,0,0,0,1,1
img_0289.png,L4_base64_rewrap,lossless,1,0,1,1,1,1
img_0289.png,L5_client_resave_tiff,lossless,1,0,0,0,1,1
img_0289.png,Y1_jpeg_q90,lossy,0,6,0,0,0,0
img_0289.png,Y2_jpeg_q95,lossy,0,5,0,0,0,0
img_0289.png,Y3_resize99,lossy,0,3,0,0,0,0
img_0290.png,L1_png_reopt,lossless,1,0,0,0,1,1
img_0290.png,L1b_png_recompress0,lossless,1,0,0,0,1,1
img_0290.png,L2_exif_strip,lossless,1,0,0,0,1,1
img_0290.png,L3_lossless_webp,lossless,1,0,0,0,1,1
img_0290.png,L4_base64_rewrap,lossless,1,0,1,1,1,1
img_0290.png,L5_client_resave_tiff,lossless,1,0,0,0,1,1
img_0290.png,Y1_jpeg_q90,lossy,0,6,0,0,0,0
img_0290.png,Y2_jpeg_q95,lossy,0,4,0,0,0,0
img_0290.png,Y3_resize99,lossy,0,4,0,0,0,0
img_0291.png,L1_png_reopt,lossless,1,0,0,0,1,1
img_0291.png,L1b_png_recompress0,lossless,1,0,0,0,1,1
img_0291.png,L2_exif_strip,lossless,1,0,0,0,1,1
img_0291.png,L3_lossless_webp,lossless,1,0,0,0,1,1
img_0291.png,L4_base64_rewrap,lossless,1,0,1,1,1,1
img_0291.png,L5_client_resave_tiff,lossless,1,0,0,0,1,1
img_0291.png,Y1_jpeg_q90,lossy,0,6,0,0,0,0
img_0291.png,Y2_jpeg_q95,lossy,0,5,0,0,0,0
img_0291.png,Y3_resize99,lossy,0,3,0,0,0,0
img_0292.png,L1_png_reopt,lossless,1,0,0,0,1,1
img_0292.png,L1b_png_recompress0,lossless,1,0,0,0,1,1
img_0292.png,L2_exif_strip,lossless,1,0,0,0,1,1
img_0292.png,L3_lossless_webp,lossless,1,0,0,0,1,1
img_0292.png,L4_base64_rewrap,lossless,1,0,1,1,1,1
img_0292.png,L5_client_resave_tiff,lossless,1,0,0,0,1,1
img_0292.png,Y1_jpeg_q90,lossy,0,7,0,0,0,0
img_0292.png,Y2_jpeg_q95,lossy,0,6,0,0,0,0
img_0292.png,Y3_resize99,lossy,0,3,0,0,0,0
img_0293.png,L1_png_reopt,lossless,1,0,0,0,1,1
img_0293.png,L1b_png_recompress0,lossless,1,0,0,0,1,1
img_0293.png,L2_exif_strip,lossless,1,0,0,0,1,1
img_0293.png,L3_lossless_webp,lossless,1,0,0,0,1,1
img_0293.png,L4_base64_rewrap,lossless,1,0,1,1,1,1
img_0293.png,L5_client_resave_tiff,lossless,1,0,0,0,1,1
img_0293.png,Y1_jpeg_q90,lossy,0,7,0,0,0,0
img_0293.png,Y2_jpeg_q95,lossy,0,7,0,0,0,0
img_0293.png,Y3_resize99,lossy,0,4,0,0,0,0
img_0294.png,L1_png_reopt,lossless,1,0,0,0,1,1
img_0294.png,L1b_png_recompress0,lossless,1,0,0,0,1,1
img_0294.png,L2_exif_strip,lossless,1,0,0,0,1,1
img_0294.png,L3_lossless_webp,lossless,1,0,0,0,1,1
img_0294.png,L4_base64_rewrap,lossless,1,0,1,1,1,1
img_0294.png,L5_client_resave_tiff,lossless,1,0,0,0,1,1
img_0294.png,Y1_jpeg_q90,lossy,0,7,0,0,0,0
img_0294.png,Y2_jpeg_q95,lossy,0,5,0,0,0,0
img_0294.png,Y3_resize99,lossy,0,3,0,0,0,0
img_0295.png,L1_png_reopt,lossless,1,0,0,0,1,1
img_0295.png,L1b_png_recompress0,lossless,1,0,0,0,1,1
img_0295.png,L2_exif_strip,lossless,1,0,0,0,1,1
img_0295.png,L3_lossless_webp,lossless,1,0,0,0,1,1
img_0295.png,L4_base64_rewrap,lossless,1,0,1,1,1,1
img_0295.png,L5_client_resave_tiff,lossless,1,0,0,0,1,1
img_0295.png,Y1_jpeg_q90,lossy,0,6,0,0,0,0
img_0295.png,Y2_jpeg_q95,lossy,0,5,0,0,0,0
img_0295.png,Y3_resize99,lossy,0,3,0,0,0,0
img_0296.png,L1_png_reopt,lossless,1,0,0,0,1,1
img_0296.png,L1b_png_recompress0,lossless,1,0,0,0,1,1
img_0296.png,L2_exif_strip,lossless,1,0,0,0,1,1
img_0296.png,L3_lossless_webp,lossless,1,0,0,0,1,1
img_0296.png,L4_base64_rewrap,lossless,1,0,1,1,1,1
img_0296.png,L5_client_resave_tiff,lossless,1,0,0,0,1,1
img_0296.png,Y1_jpeg_q90,lossy,0,6,0,0,0,0
img_0296.png,Y2_jpeg_q95,lossy,0,4,0,0,0,0
img_0296.png,Y3_resize99,lossy,0,4,0,0,0,0
img_0297.png,L1_png_reopt,lossless,1,0,0,0,1,1
img_0297.png,L1b_png_recompress0,lossless,1,0,0,0,1,1
img_0297.png,L2_exif_strip,lossless,1,0,0,0,1,1
img_0297.png,L3_lossless_webp,lossless,1,0,0,0,1,1
img_0297.png,L4_base64_rewrap,lossless,1,0,1,1,1,1
img_0297.png,L5_client_resave_tiff,lossless,1,0,0,0,1,1
img_0297.png,Y1_jpeg_q90,lossy,0,6,0,0,0,0
img_0297.png,Y2_jpeg_q95,lossy,0,5,0,0,0,0
img_0297.png,Y3_resize99,lossy,0,3,0,0,0,0
img_0298.png,L1_png_reopt,lossless,1,0,0,0,1,1
img_0298.png,L1b_png_recompress0,lossless,1,0,0,0,1,1
img_0298.png,L2_exif_strip,lossless,1,0,0,0,1,1
img_0298.png,L3_lossless_webp,lossless,1,0,0,0,1,1
img_0298.png,L4_base64_rewrap,lossless,1,0,1,1,1,1
img_0298.png,L5_client_resave_tiff,lossless,1,0,0,0,1,1
img_0298.png,Y1_jpeg_q90,lossy,0,7,0,0,0,0
img_0298.png,Y2_jpeg_q95,lossy,0,5,0,0,0,0
img_0298.png,Y3_resize99,lossy,0,4,0,0,0,0
img_0299.png,L1_png_reopt,lossless,1,0,0,0,1,1
img_0299.png,L1b_png_recompress0,lossless,1,0,0,0,1,1
img_0299.png,L2_exif_strip,lossless,1,0,0,0,1,1
img_0299.png,L3_lossless_webp,lossless,1,0,0,0,1,1
img_0299.png,L4_base64_rewrap,lossless,1,0,1,1,1,1
img_0299.png,L5_client_resave_tiff,lossless,1,0,0,0,1,1
img_0299.png,Y1_jpeg_q90,lossy,0,3,0,0,0,0
img_0299.png,Y2_jpeg_q95,lossy,0,2,0,0,0,0
img_0299.png,Y3_resize99,lossy,0,3,0,0,0,0
img_0300.png,L1_png_reopt,lossless,1,0,0,0,1,1
img_0300.png,L1b_png_recompress0,lossless,1,0,0,0,1,1
img_0300.png,L2_exif_strip,lossless,1,0,0,0,1,1
img_0300.png,L3_lossless_webp,lossless,1,0,0,0,1,1
img_0300.png,L4_base64_rewrap,lossless,1,0,1,1,1,1
img_0300.png,L5_client_resave_tiff,lossless,1,0,0,0,1,1
img_0300.png,Y1_jpeg_q90,lossy,0,7,0,0,0,0
img_0300.png,Y2_jpeg_q95,lossy,0,6,0,0,0,0
img_0300.png,Y3_resize99,lossy,0,3,0,0,0,0
img_0301.png,L1_png_reopt,lossless,1,0,0,0,1,1
img_0301.png,L1b_png_recompress0,lossless,1,0,0,0,1,1
img_0301.png,L2_exif_strip,lossless,1,0,0,0,1,1
img_0301.png,L3_lossless_webp,lossless,1,0,0,0,1,1
img_0301.png,L4_base64_rewrap,lossless,1,0,1,1,1,1
img_0301.png,L5_client_resave_tiff,lossless,1,0,0,0,1,1
img_0301.png,Y1_jpeg_q90,lossy,0,7,0,0,0,0
img_0301.png,Y2_jpeg_q95,lossy,0,6,0,0,0,0
img_0301.png,Y3_resize99,lossy,0,3,0,0,0,0
img_0302.png,L1_png_reopt,lossless,1,0,0,0,1,1
img_0302.png,L1b_png_recompress0,lossless,1,0,0,0,1,1
img_0302.png,L2_exif_strip,lossless,1,0,0,0,1,1
img_0302.png,L3_lossless_webp,lossless,1,0,0,0,1,1
img_0302.png,L4_base64_rewrap,lossless,1,0,1,1,1,1
img_0302.png,L5_client_resave_tiff,lossless,1,0,0,0,1,1
img_0302.png,Y1_jpeg_q90,lossy,0,6,0,0,0,0
img_0302.png,Y2_jpeg_q95,lossy,0,5,0,0,0,0
img_0302.png,Y3_resize99,lossy,0,3,0,0,0,0
img_0303.png,L1_png_reopt,lossless,1,0,0,0,1,1
img_0303.png,L1b_png_recompress0,lossless,1,0,0,0,1,1
img_0303.png,L2_exif_strip,lossless,1,0,0,0,1,1
img_0303.png,L3_lossless_webp,lossless,1,0,0,0,1,1
img_0303.png,L4_base64_rewrap,lossless,1,0,1,1,1,1
img_0303.png,L5_client_resave_tiff,lossless,1,0,0,0,1,1
img_0303.png,Y1_jpeg_q90,lossy,0,5,0,0,0,0
img_0303.png,Y2_jpeg_q95,lossy,0,5,0,0,0,0
img_0303.png,Y3_resize99,lossy,0,3,0,0,0,0
img_0304.png,L1_png_reopt,lossless,1,0,0,0,1,1
img_0304.png,L1b_png_recompress0,lossless,1,0,0,0,1,1
img_0304.png,L2_exif_strip,lossless,1,0,0,0,1,1
img_0304.png,L3_lossless_webp,lossless,1,0,0,0,1,1
img_0304.png,L4_base64_rewrap,lossless,1,0,1,1,1,1
img_0304.png,L5_client_resave_tiff,lossless,1,0,0,0,1,1
img_0304.png,Y1_jpeg_q90,lossy,0,7,0,0,0,0
img_0304.png,Y2_jpeg_q95,lossy,0,5,0,0,0,0
img_0304.png,Y3_resize99,lossy,0,3,0,0,0,0
img_0305.png,L1_png_reopt,lossless,1,0,0,0,1,1
img_0305.png,L1b_png_recompress0,lossless,1,0,0,0,1,1
img_0305.png,L2_exif_strip,lossless,1,0,0,0,1,1
img_0305.png,L3_lossless_webp,lossless,1,0,0,0,1,1
img_0305.png,L4_base64_rewrap,lossless,1,0,1,1,1,1
img_0305.png,L5_client_resave_tiff,lossless,1,0,0,0,1,1
img_0305.png,Y1_jpeg_q90,lossy,0,7,0,0,0,0
img_0305.png,Y2_jpeg_q95,lossy,0,5,0,0,0,0
img_0305.png,Y3_resize99,lossy,0,3,0,0,0,0
img_0306.png,L1_png_reopt,lossless,1,0,0,0,1,1
img_0306.png,L1b_png_recompress0,lossless,1,0,0,0,1,1
img_0306.png,L2_exif_strip,lossless,1,0,0,0,1,1
img_0306.png,L3_lossless_webp,lossless,1,0,0,0,1,1
img_0306.png,L4_base64_rewrap,lossless,1,0,1,1,1,1
img_0306.png,L5_client_resave_tiff,lossless,1,0,0,0,1,1
img_0306.png,Y1_jpeg_q90,lossy,0,6,0,0,0,0
img_0306.png,Y2_jpeg_q95,lossy,0,4,0,0,0,0
img_0306.png,Y3_resize99,lossy,0,3,0,0,0,0
img_0307.png,L1_png_reopt,lossless,1,0,0,0,1,1
img_0307.png,L1b_png_recompress0,lossless,1,0,0,0,1,1
img_0307.png,L2_exif_strip,lossless,1,0,0,0,1,1
img_0307.png,L3_lossless_webp,lossless,1,0,0,0,1,1
img_0307.png,L4_base64_rewrap,lossless,1,0,1,1,1,1
img_0307.png,L5_client_resave_tiff,lossless,1,0,0,0,1,1
img_0307.png,Y1_jpeg_q90,lossy,0,7,0,0,0,0
img_0307.png,Y2_jpeg_q95,lossy,0,5,0,0,0,0
img_0307.png,Y3_resize99,lossy,0,3,0,0,0,0
img_0308.png,L1_png_reopt,lossless,1,0,0,0,1,1
img_0308.png,L1b_png_recompress0,lossless,1,0,0,0,1,1
img_0308.png,L2_exif_strip,lossless,1,0,0,0,1,1
img_0308.png,L3_lossless_webp,lossless,1,0,0,0,1,1
img_0308.png,L4_base64_rewrap,lossless,1,0,1,1,1,1
img_0308.png,L5_client_resave_tiff,lossless,1,0,0,0,1,1
img_0308.png,Y1_jpeg_q90,lossy,0,6,0,0,0,0
img_0308.png,Y2_jpeg_q95,lossy,0,5,0,0,0,0
img_0308.png,Y3_resize99,lossy,0,3,0,0,0,0
img_0309.png,L1_png_reopt,lossless,1,0,0,0,1,1
img_0309.png,L1b_png_recompress0,lossless,1,0,0,0,1,1
img_0309.png,L2_exif_strip,lossless,1,0,0,0,1,1
img_0309.png,L3_lossless_webp,lossless,1,0,0,0,1,1
img_0309.png,L4_base64_rewrap,lossless,1,0,1,1,1,1
img_0309.png,L5_client_resave_tiff,lossless,1,0,0,0,1,1
img_0309.png,Y1_jpeg_q90,lossy,0,7,0,0,0,0
img_0309.png,Y2_jpeg_q95,lossy,0,6,0,0,0,0
img_0309.png,Y3_resize99,lossy,0,3,0,0,0,0
img_0310.png,L1_png_reopt,lossless,1,0,0,0,1,1
img_0310.png,L1b_png_recompress0,lossless,1,0,0,0,1,1
img_0310.png,L2_exif_strip,lossless,1,0,0,0,1,1
img_0310.png,L3_lossless_webp,lossless,1,0,0,0,1,1
img_0310.png,L4_base64_rewrap,lossless,1,0,1,1,1,1
img_0310.png,L5_client_resave_tiff,lossless,1,0,0,0,1,1
img_0310.png,Y1_jpeg_q90,lossy,0,7,0,0,0,0
img_0310.png,Y2_jpeg_q95,lossy,0,5,0,0,0,0
img_0310.png,Y3_resize99,lossy,0,3,0,0,0,0
img_0311.png,L1_png_reopt,lossless,1,0,0,0,1,1
img_0311.png,L1b_png_recompress0,lossless,1,0,0,0,1,1
img_0311.png,L2_exif_strip,lossless,1,0,0,0,1,1
img_0311.png,L3_lossless_webp,lossless,1,0,0,0,1,1
img_0311.png,L4_base64_rewrap,lossless,1,0,1,1,1,1
img_0311.png,L5_client_resave_tiff,lossless,1,0,0,0,1,1
img_0311.png,Y1_jpeg_q90,lossy,0,10,0,0,0,0
img_0311.png,Y2_jpeg_q95,lossy,0,7,0,0,0,0
img_0311.png,Y3_resize99,lossy,0,3,0,0,0,0
img_0312.png,L1_png_reopt,lossless,1,0,0,0,1,1
img_0312.png,L1b_png_recompress0,lossless,1,0,0,0,1,1
img_0312.png,L2_exif_strip,lossless,1,0,0,0,1,1
img_0312.png,L3_lossless_webp,lossless,1,0,0,0,1,1
img_0312.png,L4_base64_rewrap,lossless,1,0,1,1,1,1
img_0312.png,L5_client_resave_tiff,lossless,1,0,0,0,1,1
img_0312.png,Y1_jpeg_q90,lossy,0,8,0,0,0,0
img_0312.png,Y2_jpeg_q95,lossy,0,6,0,0,0,0
img_0312.png,Y3_resize99,lossy,0,4,0,0,0,0
img_0313.png,L1_png_reopt,lossless,1,0,0,0,1,1
img_0313.png,L1b_png_recompress0,lossless,1,0,0,0,1,1
img_0313.png,L2_exif_strip,lossless,1,0,0,0,1,1
img_0313.png,L3_lossless_webp,lossless,1,0,0,0,1,1
img_0313.png,L4_base64_rewrap,lossless,1,0,1,1,1,1
img_0313.png,L5_client_resave_tiff,lossless,1,0,0,0,1,1
img_0313.png,Y1_jpeg_q90,lossy,0,5,0,0,0,0
img_0313.png,Y2_jpeg_q95,lossy,0,5,0,0,0,0
img_0313.png,Y3_resize99,lossy,0,3,0,0,0,0
img_0314.png,L1_png_reopt,lossless,1,0,0,0,1,1
img_0314.png,L1b_png_recompress0,lossless,1,0,0,0,1,1
img_0314.png,L2_exif_strip,lossless,1,0,0,0,1,1
img_0314.png,L3_lossless_webp,lossless,1,0,0,0,1,1
img_0314.png,L4_base64_rewrap,lossless,1,0,1,1,1,1
img_0314.png,L5_client_resave_tiff,lossless,1,0,0,0,1,1
img_0314.png,Y1_jpeg_q90,lossy,0,5,0,0,0,0
img_0314.png,Y2_jpeg_q95,lossy,0,5,0,0,0,0
img_0314.png,Y3_resize99,lossy,0,3,0,0,0,0
img_0315.png,L1_png_reopt,lossless,1,0,0,0,1,1
img_0315.png,L1b_png_recompress0,lossless,1,0,0,0,1,1
img_0315.png,L2_exif_strip,lossless,1,0,0,0,1,1
img_0315.png,L3_lossless_webp,lossless,1,0,0,0,1,1
img_0315.png,L4_base64_rewrap,lossless,1,0,1,1,1,1
img_0315.png,L5_client_resave_tiff,lossless,1,0,0,0,1,1
img_0315.png,Y1_jpeg_q90,lossy,0,6,0,0,0,0
img_0315.png,Y2_jpeg_q95,lossy,0,5,0,0,0,0
img_0315.png,Y3_resize99,lossy,0,3,0,0,0,0
img_0316.png,L1_png_reopt,lossless,1,0,0,0,1,1
img_0316.png,L1b_png_recompress0,lossless,1,0,0,0,1,1
img_0316.png,L2_exif_strip,lossless,1,0,0,0,1,1
img_0316.png,L3_lossless_webp,lossless,1,0,0,0,1,1
img_0316.png,L4_base64_rewrap,lossless,1,0,1,1,1,1
img_0316.png,L5_client_resave_tiff,lossless,1,0,0,0,1,1
img_0316.png,Y1_jpeg_q90,lossy,0,5,0,0,0,0
img_0316.png,Y2_jpeg_q95,lossy,0,5,0,0,0,0
img_0316.png,Y3_resize99,lossy,0,3,0,0,0,0
img_0317.png,L1_png_reopt,lossless,1,0,0,0,1,1
img_0317.png,L1b_png_recompress0,lossless,1,0,0,0,1,1
img_0317.png,L2_exif_strip,lossless,1,0,0,0,1,1
img_0317.png,L3_lossless_webp,lossless,1,0,0,0,1,1
img_0317.png,L4_base64_rewrap,lossless,1,0,1,1,1,1
img_0317.png,L5_client_resave_tiff,lossless,1,0,0,0,1,1
img_0317.png,Y1_jpeg_q90,lossy,0,8,0,0,0,0
img_0317.png,Y2_jpeg_q95,lossy,0,5,0,0,0,0
img_0317.png,Y3_resize99,lossy,0,3,0,0,0,0
img_0318.png,L1_png_reopt,lossless,1,0,0,0,1,1
img_0318.png,L1b_png_recompress0,lossless,1,0,0,0,1,1
img_0318.png,L2_exif_strip,lossless,1,0,0,0,1,1
img_0318.png,L3_lossless_webp,lossless,1,0,0,0,1,1
img_0318.png,L4_base64_rewrap,lossless,1,0,1,1,1,1
img_0318.png,L5_client_resave_tiff,lossless,1,0,0,0,1,1
img_0318.png,Y1_jpeg_q90,lossy,0,7,0,0,0,0
img_0318.png,Y2_jpeg_q95,lossy,0,7,0,0,0,0
img_0318.png,Y3_resize99,lossy,0,3,0,0,0,0
img_0319.png,L1_png_reopt,lossless,1,0,0,0,1,1
img_0319.png,L1b_png_recompress0,lossless,1,0,0,0,1,1
img_0319.png,L2_exif_strip,lossless,1,0,0,0,1,1
img_0319.png,L3_lossless_webp,lossless,1,0,0,0,1,1
img_0319.png,L4_base64_rewrap,lossless,1,0,1,1,1,1
img_0319.png,L5_client_resave_tiff,lossless,1,0,0,0,1,1
img_0319.png,Y1_jpeg_q90,lossy,0,6,0,0,0,0
img_0319.png,Y2_jpeg_q95,lossy,0,5,0,0,0,0
img_0319.png,Y3_resize99,lossy,0,3,0,0,0,0
