f_fl,remainder_mix,acc,rho,W,fire_mode,d_fixed,seed,n,L_base,E_early,dL,pct_reduction,n_fire,n_win,n_wrong,n_hold,frac_front_actual,p_correct_given_fire,win
0.1,uniform_heavy,0.5,0.25,0.5,blind,0.2,0,2500,1.25,1.6122,-0.3622,-28.979,2500,492,2008,0,0.1064,0.1968,0
0.1,uniform_heavy,0.5,0.25,0.5,blind,0.2,1,2500,1.25,1.622,-0.372,-29.763,2500,457,2043,0,0.0896,0.1828,0
0.1,uniform_heavy,0.5,0.25,0.5,blind,0.2,2,2500,1.25,1.6206,-0.3706,-29.651,2500,462,2038,0,0.0924,0.1848,0
0.1,uniform_heavy,0.5,0.25,0.5,blind,0.2,3,2500,1.25,1.6248,-0.3748,-29.987,2500,447,2053,0,0.0972,0.1788,0
0.1,uniform_heavy,0.5,0.25,0.5,blind,0.2,4,2500,1.25,1.6103,-0.3603,-28.822,2500,499,2001,0,0.0988,0.1996,0
0.1,uniform_heavy,0.5,0.25,0.5,blind,0.2,5,2500,1.25,1.6257,-0.3757,-30.054,2500,444,2056,0,0.0948,0.1776,0
0.1,uniform_heavy,0.5,0.25,0.5,blind,0.2,6,2500,1.25,1.6204,-0.3704,-29.629,2500,463,2037,0,0.1072,0.1852,0
0.1,uniform_heavy,0.5,0.25,0.5,blind,0.3,0,2500,1.25,1.5659,-0.3159,-25.269,2500,682,1818,0,0.1028,0.2728,0
0.1,uniform_heavy,0.5,0.25,0.5,blind,0.3,1,2500,1.25,1.5783,-0.3283,-26.262,2500,636,1864,0,0.1008,0.2544,0
0.1,uniform_heavy,0.5,0.25,0.5,blind,0.3,2,2500,1.25,1.5723,-0.3223,-25.787,2500,658,1842,0,0.0904,0.2632,0
0.1,uniform_heavy,0.5,0.25,0.5,blind,0.3,3,2500,1.25,1.5715,-0.3215,-25.722,2500,661,1839,0,0.1068,0.2644,0
0.1,uniform_heavy,0.5,0.25,0.5,blind,0.3,4,2500,1.25,1.5794,-0.3294,-26.349,2500,632,1868,0,0.09,0.2528,0
0.1,uniform_heavy,0.5,0.25,0.5,blind,0.3,5,2500,1.25,1.5642,-0.3142,-25.139,2500,688,1812,0,0.0952,0.2752,0
0.1,uniform_heavy,0.5,0.25,0.5,blind,0.3,6,2500,1.25,1.5721,-0.3221,-25.766,2500,659,1841,0,0.1056,0.2636,0
0.1,uniform_heavy,0.5,0.25,0.5,blind,0.5,0,2500,1.25,1.4872,-0.2372,-18.98,2500,1051,1449,0,0.0996,0.4204,0
0.1,uniform_heavy,0.5,0.25,0.5,blind,0.5,1,2500,1.25,1.4923,-0.2423,-19.38,2500,1031,1469,0,0.1012,0.4124,0
0.1,uniform_heavy,0.5,0.25,0.5,blind,0.5,2,2500,1.25,1.4795,-0.2295,-18.36,2500,1082,1418,0,0.1004,0.4328,0
0.1,uniform_heavy,0.5,0.25,0.5,blind,0.5,3,2500,1.25,1.494,-0.244,-19.52,2500,1024,1476,0,0.1092,0.4096,0
0.1,uniform_heavy,0.5,0.25,0.5,blind,0.5,4,2500,1.25,1.488,-0.238,-19.04,2500,1048,1452,0,0.1088,0.4192,0
0.1,uniform_heavy,0.5,0.25,0.5,blind,0.5,5,2500,1.25,1.5008,-0.2508,-20.06,2500,997,1503,0,0.0912,0.3988,0
0.1,uniform_heavy,0.5,0.25,0.5,blind,0.5,6,2500,1.25,1.4888,-0.2388,-19.1,2500,1045,1455,0,0.094,0.418,0
0.1,uniform_heavy,0.5,0.25,1.0,blind,0.2,0,2500,1.25,2.0086,-0.7586,-60.685,2500,503,1997,0,0.1044,0.2012,0
0.1,uniform_heavy,0.5,0.25,1.0,blind,0.2,1,2500,1.25,2.0364,-0.7864,-62.912,2500,445,2055,0,0.1044,0.178,0
0.1,uniform_heavy,0.5,0.25,1.0,blind,0.2,2,2500,1.25,2.0282,-0.7782,-62.259,2500,462,2038,0,0.106,0.1848,0
0.1,uniform_heavy,0.5,0.25,1.0,blind,0.2,3,2500,1.25,2.0441,-0.7941,-63.526,2500,429,2071,0,0.1008,0.1716,0
0.1,uniform_heavy,0.5,0.25,1.0,blind,0.2,4,2500,1.25,2.0158,-0.7658,-61.261,2500,488,2012,0,0.1092,0.1952,0
0.1,uniform_heavy,0.5,0.25,1.0,blind,0.2,5,2500,1.25,2.0302,-0.7802,-62.413,2500,458,2042,0,0.0968,0.1832,0
0.1,uniform_heavy,0.5,0.25,1.0,blind,0.2,6,2500,1.25,2.0239,-0.7739,-61.914,2500,471,2029,0,0.0948,0.1884,0
0.1,uniform_heavy,0.5,0.25,1.0,blind,0.3,0,2500,1.25,1.937,-0.687,-54.958,2500,666,1834,0,0.0992,0.2664,0
0.1,uniform_heavy,0.5,0.25,1.0,blind,0.3,1,2500,1.25,1.9313,-0.6813,-54.507,2500,678,1822,0,0.0984,0.2712,0
0.1,uniform_heavy,0.5,0.25,1.0,blind,0.3,2,2500,1.25,1.9337,-0.6837,-54.695,2500,673,1827,0,0.0992,0.2692,0
0.1,uniform_heavy,0.5,0.25,1.0,blind,0.3,3,2500,1.25,1.9285,-0.6785,-54.282,2500,684,1816,0,0.1008,0.2736,0
0.1,uniform_heavy,0.5,0.25,1.0,blind,0.3,4,2500,1.25,1.9154,-0.6654,-53.229,2500,712,1788,0,0.102,0.2848,0
0.1,uniform_heavy,0.5,0.25,1.0,blind,0.3,5,2500,1.25,1.921,-0.671,-53.68,2500,700,1800,0,0.1136,0.28,0
0.1,uniform_heavy,0.5,0.25,1.0,blind,0.3,6,2500,1.25,1.9398,-0.6898,-55.184,2500,660,1840,0,0.0964,0.264,0
0.1,uniform_heavy,0.5,0.25,1.0,blind,0.5,0,2500,1.25,1.7627,-0.5127,-41.012,2500,1083,1417,0,0.1016,0.4332,0
0.1,uniform_heavy,0.5,0.25,1.0,blind,0.5,1,2500,1.25,1.7676,-0.5176,-41.408,2500,1072,1428,0,0.1144,0.4288,0
0.1,uniform_heavy,0.5,0.25,1.0,blind,0.5,2,2500,1.25,1.7671,-0.5171,-41.372,2500,1073,1427,0,0.094,0.4292,0
0.1,uniform_heavy,0.5,0.25,1.0,blind,0.5,3,2500,1.25,1.7649,-0.5149,-41.192,2500,1078,1422,0,0.102,0.4312,0
0.1,uniform_heavy,0.5,0.25,1.0,blind,0.5,4,2500,1.25,1.7815,-0.5315,-42.524,2500,1041,1459,0,0.1004,0.4164,0
0.1,uniform_heavy,0.5,0.25,1.0,blind,0.5,5,2500,1.25,1.7865,-0.5365,-42.92,2500,1030,1470,0,0.0968,0.412,0
0.1,uniform_heavy,0.5,0.25,1.0,blind,0.5,6,2500,1.25,1.7833,-0.5333,-42.668,2500,1037,1463,0,0.1088,0.4148,0
0.1,uniform_heavy,0.5,0.25,2.0,blind,0.2,0,2500,1.25,2.8505,-1.6005,-128.038,2500,454,2046,0,0.098,0.1816,0
0.1,uniform_heavy,0.5,0.25,2.0,blind,0.2,1,2500,1.25,2.8725,-1.6225,-129.798,2500,429,2071,0,0.0984,0.1716,0
0.1,uniform_heavy,0.5,0.25,2.0,blind,0.2,2,2500,1.25,2.8294,-1.5794,-126.349,2500,478,2022,0,0.1064,0.1912,0
0.1,uniform_heavy,0.5,0.25,2.0,blind,0.2,3,2500,1.25,2.8126,-1.5626,-125.011,2500,497,2003,0,0.0976,0.1988,0
0.1,uniform_heavy,0.5,0.25,2.0,blind,0.2,4,2500,1.25,2.8531,-1.6031,-128.25,2500,451,2049,0,0.1032,0.1804,0
0.1,uniform_heavy,0.5,0.25,2.0,blind,0.2,5,2500,1.25,2.8619,-1.6119,-128.954,2500,441,2059,0,0.0932,0.1764,0
0.1,uniform_heavy,0.5,0.25,2.0,blind,0.2,6,2500,1.25,2.8505,-1.6005,-128.038,2500,454,2046,0,0.1008,0.1816,0
0.1,uniform_heavy,0.5,0.25,2.0,blind,0.3,0,2500,1.25,2.6419,-1.3919,-111.35,2500,699,1801,0,0.1048,0.2796,0
0.1,uniform_heavy,0.5,0.25,2.0,blind,0.3,1,2500,1.25,2.6784,-1.4284,-114.273,2500,657,1843,0,0.0864,0.2628,0
0.1,uniform_heavy,0.5,0.25,2.0,blind,0.3,2,2500,1.25,2.668,-1.418,-113.438,2500,669,1831,0,0.1076,0.2676,0
0.1,uniform_heavy,0.5,0.25,2.0,blind,0.3,3,2500,1.25,2.6688,-1.4188,-113.507,2500,668,1832,0,0.0936,0.2672,0
0.1,uniform_heavy,0.5,0.25,2.0,blind,0.3,4,2500,1.25,2.6767,-1.4267,-114.134,2500,659,1841,0,0.1052,0.2636,0
0.1,uniform_heavy,0.5,0.25,2.0,blind,0.3,5,2500,1.25,2.6741,-1.4241,-113.925,2500,662,1838,0,0.106,0.2648,0
0.1,uniform_heavy,0.5,0.25,2.0,blind,0.3,6,2500,1.25,2.6558,-1.4058,-112.463,2500,683,1817,0,0.098,0.2732,0
0.1,uniform_heavy,0.5,0.25,2.0,blind,0.5,0,2500,1.25,2.3082,-1.0582,-84.656,2500,1108,1392,0,0.1064,0.4432,0
0.1,uniform_heavy,0.5,0.25,2.0,blind,0.5,1,2500,1.25,2.3711,-1.1211,-89.688,2500,1034,1466,0,0.0996,0.4136,0
0.1,uniform_heavy,0.5,0.25,2.0,blind,0.5,2,2500,1.25,2.3609,-1.1109,-88.872,2500,1046,1454,0,0.1004,0.4184,0
0.1,uniform_heavy,0.5,0.25,2.0,blind,0.5,3,2500,1.25,2.3609,-1.1109,-88.872,2500,1046,1454,0,0.0964,0.4184,0
0.1,uniform_heavy,0.5,0.25,2.0,blind,0.5,4,2500,1.25,2.366,-1.116,-89.28,2500,1040,1460,0,0.0996,0.416,0
0.1,uniform_heavy,0.5,0.25,2.0,blind,0.5,5,2500,1.25,2.3906,-1.1406,-91.252,2500,1011,1489,0,0.0956,0.4044,0
0.1,uniform_heavy,0.5,0.25,2.0,blind,0.5,6,2500,1.25,2.3813,-1.1313,-90.504,2500,1022,1478,0,0.0944,0.4088,0
0.1,uniform_heavy,0.5,0.5,0.5,blind,0.2,0,2500,1.5,1.8301,-0.3301,-22.005,2500,472,2028,0,0.0984,0.1888,0
0.1,uniform_heavy,0.5,0.5,0.5,blind,0.2,1,2500,1.5,1.8373,-0.3373,-22.485,2500,452,2048,0,0.0928,0.1808,0
0.1,uniform_heavy,0.5,0.5,0.5,blind,0.2,2,2500,1.5,1.8297,-0.3297,-21.981,2500,473,2027,0,0.1008,0.1892,0
0.1,uniform_heavy,0.5,0.5,0.5,blind,0.2,3,2500,1.5,1.8463,-0.3463,-23.085,2500,427,2073,0,0.0936,0.1708,0
0.1,uniform_heavy,0.5,0.5,0.5,blind,0.2,4,2500,1.5,1.8402,-0.3402,-22.677,2500,444,2056,0,0.1072,0.1776,0
0.1,uniform_heavy,0.5,0.5,0.5,blind,0.2,5,2500,1.5,1.8358,-0.3358,-22.389,2500,456,2044,0,0.108,0.1824,0
0.1,uniform_heavy,0.5,0.5,0.5,blind,0.2,6,2500,1.5,1.829,-0.329,-21.933,2500,475,2025,0,0.1008,0.19,0
0.1,uniform_heavy,0.5,0.5,0.5,blind,0.3,0,2500,1.5,1.7878,-0.2878,-19.189,2500,624,1876,0,0.0956,0.2496,0
0.1,uniform_heavy,0.5,0.5,0.5,blind,0.3,1,2500,1.5,1.7688,-0.2688,-17.92,2500,680,1820,0,0.0992,0.272,0
0.1,uniform_heavy,0.5,0.5,0.5,blind,0.3,2,2500,1.5,1.7586,-0.2586,-17.24,2500,710,1790,0,0.1128,0.284,0
0.1,uniform_heavy,0.5,0.5,0.5,blind,0.3,3,2500,1.5,1.7732,-0.2732,-18.215,2500,667,1833,0,0.0948,0.2668,0
0.1,uniform_heavy,0.5,0.5,0.5,blind,0.3,4,2500,1.5,1.7637,-0.2637,-17.58,2500,695,1805,0,0.1024,0.278,0
0.1,uniform_heavy,0.5,0.5,0.5,blind,0.3,5,2500,1.5,1.7661,-0.2661,-17.739,2500,688,1812,0,0.0948,0.2752,0
0.1,uniform_heavy,0.5,0.5,0.5,blind,0.3,6,2500,1.5,1.7776,-0.2776,-18.509,2500,654,1846,0,0.1036,0.2616,0
0.1,uniform_heavy,0.5,0.5,0.5,blind,0.5,0,2500,1.5,1.6784,-0.1784,-11.893,2500,1072,1428,0,0.1032,0.4288,0
0.1,uniform_heavy,0.5,0.5,0.5,blind,0.5,1,2500,1.5,1.6865,-0.1865,-12.433,2500,1045,1455,0,0.0996,0.418,0
0.1,uniform_heavy,0.5,0.5,0.5,blind,0.5,2,2500,1.5,1.6757,-0.1757,-11.713,2500,1081,1419,0,0.1004,0.4324,0
0.1,uniform_heavy,0.5,0.5,0.5,blind,0.5,3,2500,1.5,1.6805,-0.1805,-12.033,2500,1065,1435,0,0.0972,0.426,0
0.1,uniform_heavy,0.5,0.5,0.5,blind,0.5,4,2500,1.5,1.6829,-0.1829,-12.193,2500,1057,1443,0,0.0904,0.4228,0
0.1,uniform_heavy,0.5,0.5,0.5,blind,0.5,5,2500,1.5,1.6754,-0.1754,-11.693,2500,1082,1418,0,0.1076,0.4328,0
0.1,uniform_heavy,0.5,0.5,0.5,blind,0.5,6,2500,1.5,1.6853,-0.1853,-12.353,2500,1049,1451,0,0.0984,0.4196,0
0.1,uniform_heavy,0.5,0.5,1.0,blind,0.2,0,2500,1.5,2.2407,-0.7407,-49.381,2500,463,2037,0,0.0892,0.1852,0
0.1,uniform_heavy,0.5,0.5,1.0,blind,0.2,1,2500,1.5,2.2368,-0.7368,-49.12,2500,470,2030,0,0.0864,0.188,0
0.1,uniform_heavy,0.5,0.5,1.0,blind,0.2,2,2500,1.5,2.243,-0.743,-49.531,2500,459,2041,0,0.0984,0.1836,0
0.1,uniform_heavy,0.5,0.5,1.0,blind,0.2,3,2500,1.5,2.2267,-0.7267,-48.448,2500,488,2012,0,0.0968,0.1952,0
0.1,uniform_heavy,0.5,0.5,1.0,blind,0.2,4,2500,1.5,2.2407,-0.7407,-49.381,2500,463,2037,0,0.0956,0.1852,0
0.1,uniform_heavy,0.5,0.5,1.0,blind,0.2,5,2500,1.5,2.2452,-0.7452,-49.68,2500,455,2045,0,0.09,0.182,0
0.1,uniform_heavy,0.5,0.5,1.0,blind,0.2,6,2500,1.5,2.2396,-0.7396,-49.307,2500,465,2035,0,0.0984,0.186,0
0.1,uniform_heavy,0.5,0.5,1.0,blind,0.3,0,2500,1.5,2.1279,-0.6279,-41.863,2500,689,1811,0,0.0992,0.2756,0
0.1,uniform_heavy,0.5,0.5,1.0,blind,0.3,1,2500,1.5,2.1215,-0.6215,-41.431,2500,701,1799,0,0.1056,0.2804,0
0.1,uniform_heavy,0.5,0.5,1.0,blind,0.3,2,2500,1.5,2.1263,-0.6263,-41.755,2500,692,1808,0,0.104,0.2768,0
0.1,uniform_heavy,0.5,0.5,1.0,blind,0.3,3,2500,1.5,2.1317,-0.6317,-42.115,2500,682,1818,0,0.1008,0.2728,0
0.1,uniform_heavy,0.5,0.5,1.0,blind,0.3,4,2500,1.5,2.1463,-0.6463,-43.087,2500,655,1845,0,0.094,0.262,0
0.1,uniform_heavy,0.5,0.5,1.0,blind,0.3,5,2500,1.5,2.1414,-0.6414,-42.763,2500,664,1836,0,0.0988,0.2656,0
0.1,uniform_heavy,0.5,0.5,1.0,blind,0.3,6,2500,1.5,2.1323,-0.6323,-42.151,2500,681,1819,0,0.0956,0.2724,0
0.1,uniform_heavy,0.5,0.5,1.0,blind,0.5,0,2500,1.5,1.956,-0.456,-30.4,2500,1088,1412,0,0.0988,0.4352,0
0.1,uniform_heavy,0.5,0.5,1.0,blind,0.5,1,2500,1.5,1.9755,-0.4755,-31.7,2500,1049,1451,0,0.1096,0.4196,0
0.1,uniform_heavy,0.5,0.5,1.0,blind,0.5,2,2500,1.5,1.9885,-0.4885,-32.567,2500,1023,1477,0,0.0916,0.4092,0
0.1,uniform_heavy,0.5,0.5,1.0,blind,0.5,3,2500,1.5,1.9885,-0.4885,-32.567,2500,1023,1477,0,0.0984,0.4092,0
0.1,uniform_heavy,0.5,0.5,1.0,blind,0.5,4,2500,1.5,1.978,-0.478,-31.867,2500,1044,1456,0,0.1008,0.4176,0
0.1,uniform_heavy,0.5,0.5,1.0,blind,0.5,5,2500,1.5,1.9985,-0.4985,-33.233,2500,1003,1497,0,0.0984,0.4012,0
0.1,uniform_heavy,0.5,0.5,1.0,blind,0.5,6,2500,1.5,1.988,-0.488,-32.533,2500,1024,1476,0,0.0976,0.4096,0
0.1,uniform_heavy,0.5,0.5,2.0,blind,0.2,0,2500,1.5,3.091,-1.591,-106.069,2500,426,2074,0,0.0936,0.1704,0
0.1,uniform_heavy,0.5,0.5,2.0,blind,0.2,1,2500,1.5,3.0747,-1.5747,-104.981,2500,443,2057,0,0.0968,0.1772,0
0.1,uniform_heavy,0.5,0.5,2.0,blind,0.2,2,2500,1.5,3.069,-1.569,-104.597,2500,449,2051,0,0.092,0.1796,0
0.1,uniform_heavy,0.5,0.5,2.0,blind,0.2,3,2500,1.5,3.0536,-1.5536,-103.573,2500,465,2035,0,0.0952,0.186,0
0.1,uniform_heavy,0.5,0.5,2.0,blind,0.2,4,2500,1.5,3.0699,-1.5699,-104.661,2500,448,2052,0,0.0868,0.1792,0
0.1,uniform_heavy,0.5,0.5,2.0,blind,0.2,5,2500,1.5,3.0642,-1.5642,-104.277,2500,454,2046,0,0.1092,0.1816,0
0.1,uniform_heavy,0.5,0.5,2.0,blind,0.2,6,2500,1.5,3.044,-1.544,-102.933,2500,475,2025,0,0.1108,0.19,0
0.1,uniform_heavy,0.5,0.5,2.0,blind,0.3,0,2500,1.5,2.8768,-1.3768,-91.785,2500,663,1837,0,0.0928,0.2652,0
0.1,uniform_heavy,0.5,0.5,2.0,blind,0.3,1,2500,1.5,2.8448,-1.3448,-89.655,2500,697,1803,0,0.1056,0.2788,0
0.1,uniform_heavy,0.5,0.5,2.0,blind,0.3,2,2500,1.5,2.8533,-1.3533,-90.219,2500,688,1812,0,0.0996,0.2752,0
0.1,uniform_heavy,0.5,0.5,2.0,blind,0.3,3,2500,1.5,2.8796,-1.3796,-91.973,2500,660,1840,0,0.1012,0.264,0
0.1,uniform_heavy,0.5,0.5,2.0,blind,0.3,4,2500,1.5,2.8749,-1.3749,-91.66,2500,665,1835,0,0.0892,0.266,0
0.1,uniform_heavy,0.5,0.5,2.0,blind,0.3,5,2500,1.5,2.8655,-1.3655,-91.033,2500,675,1825,0,0.1,0.27,0
0.1,uniform_heavy,0.5,0.5,2.0,blind,0.3,6,2500,1.5,2.9191,-1.4191,-94.605,2500,618,1882,0,0.1012,0.2472,0
0.1,uniform_heavy,0.5,0.5,2.0,blind,0.5,0,2500,1.5,2.5334,-1.0334,-68.893,2500,1074,1426,0,0.112,0.4296,0
0.1,uniform_heavy,0.5,0.5,2.0,blind,0.5,1,2500,1.5,2.5163,-1.0163,-67.753,2500,1093,1407,0,0.118,0.4372,0
0.1,uniform_heavy,0.5,0.5,2.0,blind,0.5,2,2500,1.5,2.5379,-1.0379,-69.193,2500,1069,1431,0,0.1024,0.4276,0
0.1,uniform_heavy,0.5,0.5,2.0,blind,0.5,3,2500,1.5,2.5136,-1.0136,-67.573,2500,1096,1404,0,0.1076,0.4384,0
0.1,uniform_heavy,0.5,0.5,2.0,blind,0.5,4,2500,1.5,2.5316,-1.0316,-68.773,2500,1076,1424,0,0.0964,0.4304,0
0.1,uniform_heavy,0.5,0.5,2.0,blind,0.5,5,2500,1.5,2.5226,-1.0226,-68.173,2500,1086,1414,0,0.106,0.4344,0
0.1,uniform_heavy,0.5,0.5,2.0,blind,0.5,6,2500,1.5,2.5361,-1.0361,-69.073,2500,1071,1429,0,0.104,0.4284,0
0.1,uniform_heavy,0.5,1,0.5,blind,0.2,0,2500,2.0,2.2759,-0.2759,-13.794,2500,431,2069,0,0.0928,0.1724,0
0.1,uniform_heavy,0.5,1,0.5,blind,0.2,1,2500,2.0,2.2743,-0.2743,-13.716,2500,434,2066,0,0.11,0.1736,0
0.1,uniform_heavy,0.5,1,0.5,blind,0.2,2,2500,2.0,2.2478,-0.2478,-12.39,2500,485,2015,0,0.1008,0.194,0
0.1,uniform_heavy,0.5,1,0.5,blind,0.2,3,2500,2.0,2.2436,-0.2436,-12.182,2500,493,2007,0,0.102,0.1972,0
0.1,uniform_heavy,0.5,1,0.5,blind,0.2,4,2500,2.0,2.2665,-0.2665,-13.326,2500,449,2051,0,0.1076,0.1796,0
0.1,uniform_heavy,0.5,1,0.5,blind,0.2,5,2500,2.0,2.2499,-0.2499,-12.494,2500,481,2019,0,0.092,0.1924,0
0.1,uniform_heavy,0.5,1,0.5,blind,0.2,6,2500,2.0,2.252,-0.252,-12.598,2500,477,2023,0,0.0956,0.1908,0
0.1,uniform_heavy,0.5,1,0.5,blind,0.3,0,2500,2.0,2.1645,-0.1645,-8.224,2500,699,1801,0,0.0936,0.2796,0
0.1,uniform_heavy,0.5,1,0.5,blind,0.3,1,2500,2.0,2.1582,-0.1582,-7.912,2500,712,1788,0,0.1064,0.2848,0
0.1,uniform_heavy,0.5,1,0.5,blind,0.3,2,2500,2.0,2.1765,-0.1765,-8.824,2500,674,1826,0,0.092,0.2696,0
0.1,uniform_heavy,0.5,1,0.5,blind,0.3,3,2500,2.0,2.1755,-0.1755,-8.776,2500,676,1824,0,0.1004,0.2704,0
0.1,uniform_heavy,0.5,1,0.5,blind,0.3,4,2500,2.0,2.1894,-0.1894,-9.472,2500,647,1853,0,0.1016,0.2588,0
0.1,uniform_heavy,0.5,1,0.5,blind,0.3,5,2500,2.0,2.1779,-0.1779,-8.896,2500,671,1829,0,0.0944,0.2684,0
0.1,uniform_heavy,0.5,1,0.5,blind,0.3,6,2500,2.0,2.1851,-0.1851,-9.256,2500,656,1844,0,0.1004,0.2624,0
0.1,uniform_heavy,0.5,1,0.5,blind,0.5,0,2500,2.0,2.078,-0.078,-3.9,2500,1055,1445,0,0.106,0.422,0
0.1,uniform_heavy,0.5,1,0.5,blind,0.5,1,2500,2.0,2.09,-0.09,-4.5,2500,1025,1475,0,0.1016,0.41,0
0.1,uniform_heavy,0.5,1,0.5,blind,0.5,2,2500,2.0,2.074,-0.074,-3.7,2500,1065,1435,0,0.0988,0.426,0
0.1,uniform_heavy,0.5,1,0.5,blind,0.5,3,2500,2.0,2.0836,-0.0836,-4.18,2500,1041,1459,0,0.1,0.4164,0
0.1,uniform_heavy,0.5,1,0.5,blind,0.5,4,2500,2.0,2.0672,-0.0672,-3.36,2500,1082,1418,0,0.104,0.4328,0
0.1,uniform_heavy,0.5,1,0.5,blind,0.5,5,2500,2.0,2.0824,-0.0824,-4.12,2500,1044,1456,0,0.0996,0.4176,0
0.1,uniform_heavy,0.5,1,0.5,blind,0.5,6,2500,2.0,2.0848,-0.0848,-4.24,2500,1038,1462,0,0.1,0.4152,0
0.1,uniform_heavy,0.5,1,1.0,blind,0.2,0,2500,2.0,2.6659,-0.6659,-33.296,2500,464,2036,0,0.092,0.1856,0
0.1,uniform_heavy,0.5,1,1.0,blind,0.2,1,2500,2.0,2.6933,-0.6933,-34.664,2500,426,2074,0,0.0916,0.1704,0
0.1,uniform_heavy,0.5,1,1.0,blind,0.2,2,2500,2.0,2.6594,-0.6594,-32.972,2500,473,2027,0,0.1044,0.1892,0
0.1,uniform_heavy,0.5,1,1.0,blind,0.2,3,2500,2.0,2.6825,-0.6825,-34.124,2500,441,2059,0,0.1004,0.1764,0
0.1,uniform_heavy,0.5,1,1.0,blind,0.2,4,2500,2.0,2.6638,-0.6638,-33.188,2500,467,2033,0,0.0976,0.1868,0
0.1,uniform_heavy,0.5,1,1.0,blind,0.2,5,2500,2.0,2.6738,-0.6738,-33.692,2500,453,2047,0,0.1024,0.1812,0
0.1,uniform_heavy,0.5,1,1.0,blind,0.2,6,2500,2.0,2.6645,-0.6645,-33.224,2500,466,2034,0,0.0928,0.1864,0
0.1,uniform_heavy,0.5,1,1.0,blind,0.3,0,2500,2.0,2.5696,-0.5696,-28.478,2500,633,1867,0,0.0996,0.2532,0
0.1,uniform_heavy,0.5,1,1.0,blind,0.3,1,2500,2.0,2.5621,-0.5621,-28.104,2500,644,1856,0,0.0956,0.2576,0
0.1,uniform_heavy,0.5,1,1.0,blind,0.3,2,2500,2.0,2.5145,-0.5145,-25.724,2500,714,1786,0,0.1164,0.2856,0
0.1,uniform_heavy,0.5,1,1.0,blind,0.3,3,2500,2.0,2.5471,-0.5471,-27.356,2500,666,1834,0,0.0984,0.2664,0
0.1,uniform_heavy,0.5,1,1.0,blind,0.3,4,2500,2.0,2.5131,-0.5131,-25.656,2500,716,1784,0,0.1088,0.2864,0
0.1,uniform_heavy,0.5,1,1.0,blind,0.3,5,2500,2.0,2.5764,-0.5764,-28.818,2500,623,1877,0,0.0956,0.2492,0
0.1,uniform_heavy,0.5,1,1.0,blind,0.3,6,2500,2.0,2.5328,-0.5328,-26.642,2500,687,1813,0,0.096,0.2748,0
0.1,uniform_heavy,0.5,1,1.0,blind,0.5,0,2500,2.0,2.3688,-0.3688,-18.44,2500,1052,1448,0,0.0928,0.4208,0
0.1,uniform_heavy,0.5,1,1.0,blind,0.5,1,2500,2.0,2.3304,-0.3304,-16.52,2500,1116,1384,0,0.1,0.4464,0
0.1,uniform_heavy,0.5,1,1.0,blind,0.5,2,2500,2.0,2.3808,-0.3808,-19.04,2500,1032,1468,0,0.1076,0.4128,0
0.1,uniform_heavy,0.5,1,1.0,blind,0.5,3,2500,2.0,2.3808,-0.3808,-19.04,2500,1032,1468,0,0.0836,0.4128,0
0.1,uniform_heavy,0.5,1,1.0,blind,0.5,4,2500,2.0,2.3574,-0.3574,-17.87,2500,1071,1429,0,0.0964,0.4284,0
0.1,uniform_heavy,0.5,1,1.0,blind,0.5,5,2500,2.0,2.3808,-0.3808,-19.04,2500,1032,1468,0,0.0868,0.4128,0
0.1,uniform_heavy,0.5,1,1.0,blind,0.5,6,2500,2.0,2.3334,-0.3334,-16.67,2500,1111,1389,0,0.1072,0.4444,0
0.1,uniform_heavy,0.5,1,2.0,blind,0.2,0,2500,2.0,3.4691,-1.4691,-73.456,2500,474,2026,0,0.1044,0.1896,0
0.1,uniform_heavy,0.5,1,2.0,blind,0.2,1,2500,2.0,3.4938,-1.4938,-74.688,2500,452,2048,0,0.0976,0.1808,0
0.1,uniform_heavy,0.5,1,2.0,blind,0.2,2,2500,2.0,3.4837,-1.4837,-74.184,2500,461,2039,0,0.0956,0.1844,0
0.1,uniform_heavy,0.5,1,2.0,blind,0.2,3,2500,2.0,3.5352,-1.5352,-76.76,2500,415,2085,0,0.0988,0.166,0
0.1,uniform_heavy,0.5,1,2.0,blind,0.2,4,2500,2.0,3.4915,-1.4915,-74.576,2500,454,2046,0,0.1016,0.1816,0
0.1,uniform_heavy,0.5,1,2.0,blind,0.2,5,2500,2.0,3.4904,-1.4904,-74.52,2500,455,2045,0,0.1012,0.182,0
0.1,uniform_heavy,0.5,1,2.0,blind,0.2,6,2500,2.0,3.5061,-1.5061,-75.304,2500,441,2059,0,0.1036,0.1764,0
0.1,uniform_heavy,0.5,1,2.0,blind,0.3,0,2500,2.0,3.271,-1.271,-63.55,2500,675,1825,0,0.0984,0.27,0
0.1,uniform_heavy,0.5,1,2.0,blind,0.3,1,2500,2.0,3.2634,-1.2634,-63.172,2500,682,1818,0,0.1016,0.2728,0
0.1,uniform_heavy,0.5,1,2.0,blind,0.3,2,2500,2.0,3.2634,-1.2634,-63.172,2500,682,1818,0,0.0912,0.2728,0
0.1,uniform_heavy,0.5,1,2.0,blind,0.3,3,2500,2.0,3.2894,-1.2894,-64.468,2500,658,1842,0,0.104,0.2632,0
0.1,uniform_heavy,0.5,1,2.0,blind,0.3,4,2500,2.0,3.2742,-1.2742,-63.712,2500,672,1828,0,0.0996,0.2688,0
0.1,uniform_heavy,0.5,1,2.0,blind,0.3,5,2500,2.0,3.2764,-1.2764,-63.82,2500,670,1830,0,0.1032,0.268,0
0.1,uniform_heavy,0.5,1,2.0,blind,0.3,6,2500,2.0,3.2926,-1.2926,-64.63,2500,655,1845,0,0.102,0.262,0
0.1,uniform_heavy,0.5,1,2.0,blind,0.5,0,2500,2.0,2.95,-0.95,-47.5,2500,1050,1450,0,0.1028,0.42,0
0.1,uniform_heavy,0.5,1,2.0,blind,0.5,1,2500,2.0,2.937,-0.937,-46.85,2500,1063,1437,0,0.1016,0.4252,0
0.1,uniform_heavy,0.5,1,2.0,blind,0.5,2,2500,2.0,2.967,-0.967,-48.35,2500,1033,1467,0,0.0976,0.4132,0
0.1,uniform_heavy,0.5,1,2.0,blind,0.5,3,2500,2.0,2.922,-0.922,-46.1,2500,1078,1422,0,0.1108,0.4312,0
0.1,uniform_heavy,0.5,1,2.0,blind,0.5,4,2500,2.0,2.993,-0.993,-49.65,2500,1007,1493,0,0.0892,0.4028,0
0.1,uniform_heavy,0.5,1,2.0,blind,0.5,5,2500,2.0,2.935,-0.935,-46.75,2500,1065,1435,0,0.0948,0.426,0
0.1,uniform_heavy,0.5,1,2.0,blind,0.5,6,2500,2.0,2.963,-0.963,-48.15,2500,1037,1463,0,0.0964,0.4148,0
0.1,uniform_heavy,0.5,2,0.5,blind,0.2,0,2500,3.0,3.117,-0.117,-3.899,2500,456,2044,0,0.1036,0.1824,0
0.1,uniform_heavy,0.5,2,0.5,blind,0.2,1,2500,3.0,3.0783,-0.0783,-2.611,2500,502,1998,0,0.1016,0.2008,0
0.1,uniform_heavy,0.5,2,0.5,blind,0.2,2,2500,3.0,3.1287,-0.1287,-4.291,2500,442,2058,0,0.0896,0.1768,0
0.1,uniform_heavy,0.5,2,0.5,blind,0.2,3,2500,3.0,3.1119,-0.1119,-3.731,2500,462,2038,0,0.1144,0.1848,0
0.1,uniform_heavy,0.5,2,0.5,blind,0.2,4,2500,3.0,3.1304,-0.1304,-4.347,2500,440,2060,0,0.1136,0.176,0
0.1,uniform_heavy,0.5,2,0.5,blind,0.2,5,2500,3.0,3.0792,-0.0792,-2.639,2500,501,1999,0,0.1084,0.2004,0
0.1,uniform_heavy,0.5,2,0.5,blind,0.2,6,2500,3.0,3.1018,-0.1018,-3.395,2500,474,2026,0,0.0888,0.1896,0
0.1,uniform_heavy,0.5,2,0.5,blind,0.3,0,2500,3.0,3.0159,-0.0159,-0.529,2500,637,1863,0,0.0976,0.2548,0
0.1,uniform_heavy,0.5,2,0.5,blind,0.3,1,2500,3.0,3.006,-0.006,-0.2,2500,650,1850,0,0.1056,0.26,0
0.1,uniform_heavy,0.5,2,0.5,blind,0.3,2,2500,3.0,2.9916,0.0084,0.281,2500,669,1831,0,0.0968,0.2676,1
0.1,uniform_heavy,0.5,2,0.5,blind,0.3,3,2500,3.0,2.9794,0.0206,0.687,2500,685,1815,0,0.0968,0.274,1
0.1,uniform_heavy,0.5,2,0.5,blind,0.3,4,2500,3.0,2.9954,0.0046,0.155,2500,664,1836,0,0.0924,0.2656,1
0.1,uniform_heavy,0.5,2,0.5,blind,0.3,5,2500,3.0,3.0068,-0.0068,-0.225,2500,649,1851,0,0.1004,0.2596,0
0.1,uniform_heavy,0.5,2,0.5,blind,0.3,6,2500,3.0,3.0258,-0.0258,-0.859,2500,624,1876,0,0.1044,0.2496,0
0.1,uniform_heavy,0.5,2,0.5,blind,0.5,0,2500,3.0,2.8712,0.1288,4.293,2500,1048,1452,0,0.0984,0.4192,1
0.1,uniform_heavy,0.5,2,0.5,blind,0.5,1,2500,3.0,2.8904,0.1096,3.653,2500,1016,1484,0,0.1032,0.4064,1
0.1,uniform_heavy,0.5,2,0.5,blind,0.5,2,2500,3.0,2.8694,0.1306,4.353,2500,1051,1449,0,0.0928,0.4204,1
0.1,uniform_heavy,0.5,2,0.5,blind,0.5,3,2500,3.0,2.8904,0.1096,3.653,2500,1016,1484,0,0.102,0.4064,1
0.1,uniform_heavy,0.5,2,0.5,blind,0.5,4,2500,3.0,2.8808,0.1192,3.973,2500,1032,1468,0,0.1,0.4128,1
0.1,uniform_heavy,0.5,2,0.5,blind,0.5,5,2500,3.0,2.8772,0.1228,4.093,2500,1038,1462,0,0.096,0.4152,1
0.1,uniform_heavy,0.5,2,0.5,blind,0.5,6,2500,3.0,2.8802,0.1198,3.993,2500,1033,1467,0,0.0924,0.4132,1
0.1,uniform_heavy,0.5,2,1.0,blind,0.2,0,2500,3.0,3.5091,-0.5091,-16.971,2500,472,2028,0,0.092,0.1888,0
0.1,uniform_heavy,0.5,2,1.0,blind,0.2,1,2500,3.0,3.5185,-0.5185,-17.283,2500,463,2037,0,0.0988,0.1852,0
0.1,uniform_heavy,0.5,2,1.0,blind,0.2,2,2500,3.0,3.5226,-0.5226,-17.421,2500,459,2041,0,0.0928,0.1836,0
0.1,uniform_heavy,0.5,2,1.0,blind,0.2,3,2500,3.0,3.5278,-0.5278,-17.595,2500,454,2046,0,0.1044,0.1816,0
0.1,uniform_heavy,0.5,2,1.0,blind,0.2,4,2500,3.0,3.5684,-0.5684,-18.947,2500,415,2085,0,0.102,0.166,0
0.1,uniform_heavy,0.5,2,1.0,blind,0.2,5,2500,3.0,3.5299,-0.5299,-17.664,2500,452,2048,0,0.0976,0.1808,0
0.1,uniform_heavy,0.5,2,1.0,blind,0.2,6,2500,3.0,3.5237,-0.5237,-17.456,2500,458,2042,0,0.1,0.1832,0
0.1,uniform_heavy,0.5,2,1.0,blind,0.3,0,2500,3.0,3.3184,-0.3184,-10.613,2500,710,1790,0,0.1092,0.284,0
0.1,uniform_heavy,0.5,2,1.0,blind,0.3,1,2500,3.0,3.3549,-0.3549,-11.829,2500,672,1828,0,0.0968,0.2688,0
0.1,uniform_heavy,0.5,2,1.0,blind,0.3,2,2500,3.0,3.3165,-0.3165,-10.549,2500,712,1788,0,0.1,0.2848,0
0.1,uniform_heavy,0.5,2,1.0,blind,0.3,3,2500,3.0,3.3558,-0.3558,-11.861,2500,671,1829,0,0.0912,0.2684,0
0.1,uniform_heavy,0.5,2,1.0,blind,0.3,4,2500,3.0,3.3136,-0.3136,-10.453,2500,715,1785,0,0.1096,0.286,0
0.1,uniform_heavy,0.5,2,1.0,blind,0.3,5,2500,3.0,3.3741,-0.3741,-12.469,2500,652,1848,0,0.094,0.2608,0
0.1,uniform_heavy,0.5,2,1.0,blind,0.3,6,2500,3.0,3.3261,-0.3261,-10.869,2500,702,1798,0,0.1032,0.2808,0
0.1,uniform_heavy,0.5,2,1.0,blind,0.5,0,2500,3.0,3.1936,-0.1936,-6.453,2500,1008,1492,0,0.1008,0.4032,0
0.1,uniform_heavy,0.5,2,1.0,blind,0.5,1,2500,3.0,3.1616,-0.1616,-5.387,2500,1048,1452,0,0.0956,0.4192,0
0.1,uniform_heavy,0.5,2,1.0,blind,0.5,2,2500,3.0,3.1528,-0.1528,-5.093,2500,1059,1441,0,0.108,0.4236,0
0.1,uniform_heavy,0.5,2,1.0,blind,0.5,3,2500,3.0,3.1976,-0.1976,-6.587,2500,1003,1497,0,0.1016,0.4012,0
0.1,uniform_heavy,0.5,2,1.0,blind,0.5,4,2500,3.0,3.1832,-0.1832,-6.107,2500,1021,1479,0,0.0908,0.4084,0
0.1,uniform_heavy,0.5,2,1.0,blind,0.5,5,2500,3.0,3.1304,-0.1304,-4.347,2500,1087,1413,0,0.0932,0.4348,0
0.1,uniform_heavy,0.5,2,1.0,blind,0.5,6,2500,3.0,3.184,-0.184,-6.133,2500,1020,1480,0,0.084,0.408,0
0.1,uniform_heavy,0.5,2,2.0,blind,0.2,0,2500,3.0,4.365,-1.365,-45.499,2500,441,2059,0,0.0972,0.1764,0
0.1,uniform_heavy,0.5,2,2.0,blind,0.2,1,2500,3.0,4.2973,-1.2973,-43.243,2500,488,2012,0,0.1072,0.1952,0
0.1,uniform_heavy,0.5,2,2.0,blind,0.2,2,2500,3.0,4.3405,-1.3405,-44.683,2500,458,2042,0,0.1028,0.1832,0
0.1,uniform_heavy,0.5,2,2.0,blind,0.2,3,2500,3.0,4.2872,-1.2872,-42.907,2500,495,2005,0,0.1036,0.198,0
0.1,uniform_heavy,0.5,2,2.0,blind,0.2,4,2500,3.0,4.3318,-1.3318,-44.395,2500,464,2036,0,0.096,0.1856,0
0.1,uniform_heavy,0.5,2,2.0,blind,0.2,5,2500,3.0,4.339,-1.339,-44.635,2500,459,2041,0,0.0948,0.1836,0
0.1,uniform_heavy,0.5,2,2.0,blind,0.2,6,2500,3.0,4.3606,-1.3606,-45.355,2500,444,2056,0,0.1,0.1776,0
0.1,uniform_heavy,0.5,2,2.0,blind,0.3,0,2500,3.0,4.0806,-1.0806,-36.021,2500,676,1824,0,0.0984,0.2704,0
0.1,uniform_heavy,0.5,2,2.0,blind,0.3,1,2500,3.0,4.0874,-1.0874,-36.248,2500,671,1829,0,0.1004,0.2684,0
0.1,uniform_heavy,0.5,2,2.0,blind,0.3,2,2500,3.0,4.0262,-1.0262,-34.208,2500,716,1784,0,0.1,0.2864,0
0.1,uniform_heavy,0.5,2,2.0,blind,0.3,3,2500,3.0,4.1255,-1.1255,-37.517,2500,643,1857,0,0.0892,0.2572,0
0.1,uniform_heavy,0.5,2,2.0,blind,0.3,4,2500,3.0,4.0983,-1.0983,-36.611,2500,663,1837,0,0.096,0.2652,0
0.1,uniform_heavy,0.5,2,2.0,blind,0.3,5,2500,3.0,4.0766,-1.0766,-35.885,2500,679,1821,0,0.106,0.2716,0
0.1,uniform_heavy,0.5,2,2.0,blind,0.3,6,2500,3.0,4.101,-1.101,-36.701,2500,661,1839,0,0.0992,0.2644,0
0.1,uniform_heavy,0.5,2,2.0,blind,0.5,0,2500,3.0,3.686,-0.686,-22.867,2500,1095,1405,0,0.0996,0.438,0
0.1,uniform_heavy,0.5,2,2.0,blind,0.5,1,2500,3.0,3.7376,-0.7376,-24.587,2500,1052,1448,0,0.0968,0.4208,0
0.1,uniform_heavy,0.5,2,2.0,blind,0.5,2,2500,3.0,3.7412,-0.7412,-24.707,2500,1049,1451,0,0.11,0.4196,0
0.1,uniform_heavy,0.5,2,2.0,blind,0.5,3,2500,3.0,3.7424,-0.7424,-24.747,2500,1048,1452,0,0.0904,0.4192,0
0.1,uniform_heavy,0.5,2,2.0,blind,0.5,4,2500,3.0,3.7172,-0.7172,-23.907,2500,1069,1431,0,0.1072,0.4276,0
0.1,uniform_heavy,0.5,2,2.0,blind,0.5,5,2500,3.0,3.6908,-0.6908,-23.027,2500,1091,1409,0,0.1088,0.4364,0
0.1,uniform_heavy,0.5,2,2.0,blind,0.5,6,2500,3.0,3.74,-0.74,-24.667,2500,1050,1450,0,0.108,0.42,0
0.1,uniform_heavy,0.5,4,0.5,blind,0.2,0,2500,5.0,4.8414,0.1586,3.172,2500,445,2055,0,0.104,0.178,1
0.1,uniform_heavy,0.5,4,0.5,blind,0.2,1,2500,5.0,4.8133,0.1867,3.734,2500,464,2036,0,0.0908,0.1856,1
0.1,uniform_heavy,0.5,4,0.5,blind,0.2,2,2500,5.0,4.8384,0.1616,3.231,2500,447,2053,0,0.1048,0.1788,1
0.1,uniform_heavy,0.5,4,0.5,blind,0.2,3,2500,5.0,4.8059,0.1941,3.882,2500,469,2031,0,0.098,0.1876,1
0.1,uniform_heavy,0.5,4,0.5,blind,0.2,4,2500,5.0,4.8222,0.1778,3.557,2500,458,2042,0,0.1044,0.1832,1
0.1,uniform_heavy,0.5,4,0.5,blind,0.2,5,2500,5.0,4.868,0.132,2.639,2500,427,2073,0,0.0988,0.1708,1
0.1,uniform_heavy,0.5,4,0.5,blind,0.2,6,2500,5.0,4.7674,0.2326,4.652,2500,495,2005,0,0.1084,0.198,1
0.1,uniform_heavy,0.5,4,0.5,blind,0.3,0,2500,5.0,4.6328,0.3672,7.345,2500,657,1843,0,0.0884,0.2628,1
0.1,uniform_heavy,0.5,4,0.5,blind,0.3,1,2500,5.0,4.5918,0.4082,8.163,2500,688,1812,0,0.1068,0.2752,1
0.1,uniform_heavy,0.5,4,0.5,blind,0.3,2,2500,5.0,4.547,0.453,9.061,2500,722,1778,0,0.1052,0.2888,1
0.1,uniform_heavy,0.5,4,0.5,blind,0.3,3,2500,5.0,4.6354,0.3646,7.292,2500,655,1845,0,0.0928,0.262,1
0.1,uniform_heavy,0.5,4,0.5,blind,0.3,4,2500,5.0,4.5602,0.4398,8.797,2500,712,1788,0,0.1104,0.2848,1
0.1,uniform_heavy,0.5,4,0.5,blind,0.3,5,2500,5.0,4.642,0.358,7.16,2500,650,1850,0,0.1032,0.26,1
0.1,uniform_heavy,0.5,4,0.5,blind,0.3,6,2500,5.0,4.6314,0.3686,7.371,2500,658,1842,0,0.104,0.2632,1
0.1,uniform_heavy,0.5,4,0.5,blind,0.5,0,2500,5.0,4.499,0.501,10.02,2500,1001,1499,0,0.098,0.4004,1
0.1,uniform_heavy,0.5,4,0.5,blind,0.5,1,2500,5.0,4.478,0.522,10.44,2500,1022,1478,0,0.0968,0.4088,1
0.1,uniform_heavy,0.5,4,0.5,blind,0.5,2,2500,5.0,4.399,0.601,12.02,2500,1101,1399,0,0.1096,0.4404,1
0.1,uniform_heavy,0.5,4,0.5,blind,0.5,3,2500,5.0,4.443,0.557,11.14,2500,1057,1443,0,0.1088,0.4228,1
0.1,uniform_heavy,0.5,4,0.5,blind,0.5,4,2500,5.0,4.468,0.532,10.64,2500,1032,1468,0,0.0952,0.4128,1
0.1,uniform_heavy,0.5,4,0.5,blind,0.5,5,2500,5.0,4.473,0.527,10.54,2500,1027,1473,0,0.0924,0.4108,1
0.1,uniform_heavy,0.5,4,0.5,blind,0.5,6,2500,5.0,4.413,0.587,11.74,2500,1087,1413,0,0.1156,0.4348,1
0.1,uniform_heavy,0.5,4,1.0,blind,0.2,0,2500,5.0,5.2675,-0.2675,-5.35,2500,436,2064,0,0.0892,0.1744,0
0.1,uniform_heavy,0.5,4,1.0,blind,0.2,1,2500,5.0,5.2474,-0.2474,-4.947,2500,448,2052,0,0.0952,0.1792,0
0.1,uniform_heavy,0.5,4,1.0,blind,0.2,2,2500,5.0,5.2793,-0.2793,-5.586,2500,429,2071,0,0.1028,0.1716,0
0.1,uniform_heavy,0.5,4,1.0,blind,0.2,3,2500,5.0,5.3095,-0.3095,-6.19,2500,411,2089,0,0.0884,0.1644,0
0.1,uniform_heavy,0.5,4,1.0,blind,0.2,4,2500,5.0,5.2121,-0.2121,-4.242,2500,469,2031,0,0.0996,0.1876,0
0.1,uniform_heavy,0.5,4,1.0,blind,0.2,5,2500,5.0,5.2558,-0.2558,-5.115,2500,443,2057,0,0.1004,0.1772,0
0.1,uniform_heavy,0.5,4,1.0,blind,0.2,6,2500,5.0,5.2222,-0.2222,-4.443,2500,463,2037,0,0.1048,0.1852,0
0.1,uniform_heavy,0.5,4,1.0,blind,0.3,0,2500,5.0,4.974,0.026,0.52,2500,675,1825,0,0.0932,0.27,1
0.1,uniform_heavy,0.5,4,1.0,blind,0.3,1,2500,5.0,5.0257,-0.0257,-0.514,2500,641,1859,0,0.0972,0.2564,0
0.1,uniform_heavy,0.5,4,1.0,blind,0.3,2,2500,5.0,4.9603,0.0397,0.794,2500,684,1816,0,0.0972,0.2736,1
0.1,uniform_heavy,0.5,4,1.0,blind,0.3,3,2500,5.0,4.9193,0.0807,1.614,2500,711,1789,0,0.0952,0.2844,1
0.1,uniform_heavy,0.5,4,1.0,blind,0.3,4,2500,5.0,5.0302,-0.0302,-0.605,2500,638,1862,0,0.096,0.2552,0
0.1,uniform_heavy,0.5,4,1.0,blind,0.3,5,2500,5.0,4.9846,0.0154,0.307,2500,668,1832,0,0.1096,0.2672,1
0.1,uniform_heavy,0.5,4,1.0,blind,0.3,6,2500,5.0,4.9421,0.0579,1.158,2500,696,1804,0,0.1104,0.2784,1
0.1,uniform_heavy,0.5,4,1.0,blind,0.5,0,2500,5.0,4.7076,0.2924,5.848,2500,1077,1423,0,0.1044,0.4308,1
0.1,uniform_heavy,0.5,4,1.0,blind,0.5,1,2500,5.0,4.7916,0.2084,4.168,2500,1007,1493,0,0.098,0.4028,1
0.1,uniform_heavy,0.5,4,1.0,blind,0.5,2,2500,5.0,4.7856,0.2144,4.288,2500,1012,1488,0,0.092,0.4048,1
0.1,uniform_heavy,0.5,4,1.0,blind,0.5,3,2500,5.0,4.7604,0.2396,4.792,2500,1033,1467,0,0.09,0.4132,1
0.1,uniform_heavy,0.5,4,1.0,blind,0.5,4,2500,5.0,4.7376,0.2624,5.248,2500,1052,1448,0,0.0992,0.4208,1
0.1,uniform_heavy,0.5,4,1.0,blind,0.5,5,2500,5.0,4.7544,0.2456,4.912,2500,1038,1462,0,0.0984,0.4152,1
0.1,uniform_heavy,0.5,4,1.0,blind,0.5,6,2500,5.0,4.7148,0.2852,5.704,2500,1071,1429,0,0.0996,0.4284,1
0.1,uniform_heavy,0.5,4,2.0,blind,0.2,0,2500,5.0,6.0931,-1.0931,-21.862,2500,436,2064,0,0.098,0.1744,0
0.1,uniform_heavy,0.5,4,2.0,blind,0.2,1,2500,5.0,5.9974,-0.9974,-19.949,2500,482,2018,0,0.0992,0.1928,0
0.1,uniform_heavy,0.5,4,2.0,blind,0.2,2,2500,5.0,6.0432,-1.0432,-20.864,2500,460,2040,0,0.0972,0.184,0
0.1,uniform_heavy,0.5,4,2.0,blind,0.2,3,2500,5.0,6.0411,-1.0411,-20.822,2500,461,2039,0,0.102,0.1844,0
0.1,uniform_heavy,0.5,4,2.0,blind,0.2,4,2500,5.0,6.0037,-1.0037,-20.074,2500,479,2021,0,0.0984,0.1916,0
0.1,uniform_heavy,0.5,4,2.0,blind,0.2,5,2500,5.0,6.0723,-1.0723,-21.446,2500,446,2054,0,0.1072,0.1784,0
0.1,uniform_heavy,0.5,4,2.0,blind,0.2,6,2500,5.0,6.0994,-1.0994,-21.987,2500,433,2067,0,0.1,0.1732,0
0.1,uniform_heavy,0.5,4,2.0,blind,0.3,0,2500,5.0,5.6752,-0.6752,-13.504,2500,690,1810,0,0.1088,0.276,0
0.1,uniform_heavy,0.5,4,2.0,blind,0.3,1,2500,5.0,5.7443,-0.7443,-14.886,2500,654,1846,0,0.0988,0.2616,0
0.1,uniform_heavy,0.5,4,2.0,blind,0.3,2,2500,5.0,5.6656,-0.6656,-13.312,2500,695,1805,0,0.1036,0.278,0
0.1,uniform_heavy,0.5,4,2.0,blind,0.3,3,2500,5.0,5.7213,-0.7213,-14.426,2500,666,1834,0,0.1,0.2664,0
0.1,uniform_heavy,0.5,4,2.0,blind,0.3,4,2500,5.0,5.6714,-0.6714,-13.427,2500,692,1808,0,0.1108,0.2768,0
0.1,uniform_heavy,0.5,4,2.0,blind,0.3,5,2500,5.0,5.7558,-0.7558,-15.117,2500,648,1852,0,0.1072,0.2592,0
0.1,uniform_heavy,0.5,4,2.0,blind,0.3,6,2500,5.0,5.7635,-0.7635,-15.27,2500,644,1856,0,0.0968,0.2576,0
0.1,uniform_heavy,0.5,4,2.0,blind,0.5,0,2500,5.0,5.3424,-0.3424,-6.848,2500,1036,1464,0,0.1,0.4144,0
0.1,uniform_heavy,0.5,4,2.0,blind,0.5,1,2500,5.0,5.2736,-0.2736,-5.472,2500,1079,1421,0,0.1024,0.4316,0
0.1,uniform_heavy,0.5,4,2.0,blind,0.5,2,2500,5.0,5.3968,-0.3968,-7.936,2500,1002,1498,0,0.0884,0.4008,0
0.1,uniform_heavy,0.5,4,2.0,blind,0.5,3,2500,5.0,5.28,-0.28,-5.6,2500,1075,1425,0,0.0892,0.43,0
0.1,uniform_heavy,0.5,4,2.0,blind,0.5,4,2500,5.0,5.4032,-0.4032,-8.064,2500,998,1502,0,0.0928,0.3992,0
0.1,uniform_heavy,0.5,4,2.0,blind,0.5,5,2500,5.0,5.2528,-0.2528,-5.056,2500,1092,1408,0,0.0964,0.4368,0
0.1,uniform_heavy,0.5,4,2.0,blind,0.5,6,2500,5.0,5.336,-0.336,-6.72,2500,1040,1460,0,0.1076,0.416,0
0.1,uniform_heavy,0.5,8,0.5,blind,0.2,0,2500,9.0,8.1669,0.8331,9.256,2500,483,2017,0,0.1064,0.1932,1
0.1,uniform_heavy,0.5,8,0.5,blind,0.2,1,2500,9.0,8.2773,0.7227,8.03,2500,443,2057,0,0.0976,0.1772,1
0.1,uniform_heavy,0.5,8,0.5,blind,0.2,2,2500,9.0,8.2387,0.7613,8.459,2500,457,2043,0,0.104,0.1828,1
0.1,uniform_heavy,0.5,8,0.5,blind,0.2,3,2500,9.0,8.1145,0.8855,9.839,2500,502,1998,0,0.1124,0.2008,1
0.1,uniform_heavy,0.5,8,0.5,blind,0.2,4,2500,9.0,8.269,0.731,8.122,2500,446,2054,0,0.0972,0.1784,1
0.1,uniform_heavy,0.5,8,0.5,blind,0.2,5,2500,9.0,8.1918,0.8082,8.98,2500,474,2026,0,0.104,0.1896,1
0.1,uniform_heavy,0.5,8,0.5,blind,0.2,6,2500,9.0,8.269,0.731,8.122,2500,446,2054,0,0.0992,0.1784,1
0.1,uniform_heavy,0.5,8,0.5,blind,0.3,0,2500,9.0,7.953,1.047,11.633,2500,634,1866,0,0.1028,0.2536,1
0.1,uniform_heavy,0.5,8,0.5,blind,0.3,1,2500,9.0,7.792,1.208,13.422,2500,700,1800,0,0.1044,0.28,1
0.1,uniform_heavy,0.5,8,0.5,blind,0.3,2,2500,9.0,7.9213,1.0787,11.985,2500,647,1853,0,0.1004,0.2588,1
0.1,uniform_heavy,0.5,8,0.5,blind,0.3,3,2500,9.0,7.914,1.086,12.067,2500,650,1850,0,0.098,0.26,1
0.1,uniform_heavy,0.5,8,0.5,blind,0.3,4,2500,9.0,7.9189,1.0811,12.012,2500,648,1852,0,0.0968,0.2592,1
0.1,uniform_heavy,0.5,8,0.5,blind,0.3,5,2500,9.0,7.8359,1.1641,12.934,2500,682,1818,0,0.1008,0.2728,1
0.1,uniform_heavy,0.5,8,0.5,blind,0.3,6,2500,9.0,7.9262,1.0738,11.931,2500,645,1855,0,0.102,0.258,1
0.1,uniform_heavy,0.5,8,0.5,blind,0.5,0,2500,9.0,7.5614,1.4386,15.984,2500,1077,1423,0,0.1028,0.4308,1
0.1,uniform_heavy,0.5,8,0.5,blind,0.5,1,2500,9.0,7.6136,1.3864,15.404,2500,1048,1452,0,0.1016,0.4192,1
0.1,uniform_heavy,0.5,8,0.5,blind,0.5,2,2500,9.0,7.6082,1.3918,15.464,2500,1051,1449,0,0.0944,0.4204,1
0.1,uniform_heavy,0.5,8,0.5,blind,0.5,3,2500,9.0,7.6784,1.3216,14.684,2500,1012,1488,0,0.102,0.4048,1
0.1,uniform_heavy,0.5,8,0.5,blind,0.5,4,2500,9.0,7.6514,1.3486,14.984,2500,1027,1473,0,0.0984,0.4108,1
0.1,uniform_heavy,0.5,8,0.5,blind,0.5,5,2500,9.0,7.61,1.39,15.444,2500,1050,1450,0,0.102,0.42,1
0.1,uniform_heavy,0.5,8,0.5,blind,0.5,6,2500,9.0,7.5992,1.4008,15.564,2500,1056,1444,0,0.098,0.4224,1
0.1,uniform_heavy,0.5,8,1.0,blind,0.2,0,2500,9.0,8.594,0.406,4.511,2500,475,2025,0,0.0988,0.19,1
0.1,uniform_heavy,0.5,8,1.0,blind,0.2,1,2500,9.0,8.6591,0.3409,3.788,2500,453,2047,0,0.0992,0.1812,1
0.1,uniform_heavy,0.5,8,1.0,blind,0.2,2,2500,9.0,8.6177,0.3823,4.248,2500,467,2033,0,0.0996,0.1868,1
0.1,uniform_heavy,0.5,8,1.0,blind,0.2,3,2500,9.0,8.6443,0.3557,3.952,2500,458,2042,0,0.106,0.1832,1
0.1,uniform_heavy,0.5,8,1.0,blind,0.2,4,2500,9.0,8.6532,0.3468,3.853,2500,455,2045,0,0.0996,0.182,1
0.1,uniform_heavy,0.5,8,1.0,blind,0.2,5,2500,9.0,8.5762,0.4238,4.708,2500,481,2019,0,0.1004,0.1924,1
0.1,uniform_heavy,0.5,8,1.0,blind,0.2,6,2500,9.0,8.6976,0.3024,3.36,2500,440,2060,0,0.1016,0.176,1
0.1,uniform_heavy,0.5,8,1.0,blind,0.3,0,2500,9.0,8.2312,0.7688,8.542,2500,670,1830,0,0.1,0.268,1
0.1,uniform_heavy,0.5,8,1.0,blind,0.3,1,2500,9.0,8.2602,0.7398,8.22,2500,659,1841,0,0.0984,0.2636,1
0.1,uniform_heavy,0.5,8,1.0,blind,0.3,2,2500,9.0,8.1441,0.8559,9.51,2500,703,1797,0,0.106,0.2812,1
0.1,uniform_heavy,0.5,8,1.0,blind,0.3,3,2500,9.0,8.284,0.716,7.956,2500,650,1850,0,0.0964,0.26,1
0.1,uniform_heavy,0.5,8,1.0,blind,0.3,4,2500,9.0,8.1124,0.8876,9.862,2500,715,1785,0,0.1156,0.286,1
0.1,uniform_heavy,0.5,8,1.0,blind,0.3,5,2500,9.0,8.1705,0.8295,9.217,2500,693,1807,0,0.1016,0.2772,1
0.1,uniform_heavy,0.5,8,1.0,blind,0.3,6,2500,9.0,8.2629,0.7371,8.19,2500,658,1842,0,0.106,0.2632,1
0.1,uniform_heavy,0.5,8,1.0,blind,0.5,0,2500,9.0,7.87,1.13,12.556,2500,1065,1435,0,0.1052,0.426,1
0.1,uniform_heavy,0.5,8,1.0,blind,0.5,1,2500,9.0,7.898,1.102,12.244,2500,1051,1449,0,0.0872,0.4204,1
0.1,uniform_heavy,0.5,8,1.0,blind,0.5,2,2500,9.0,7.91,1.09,12.111,2500,1045,1455,0,0.0872,0.418,1
0.1,uniform_heavy,0.5,8,1.0,blind,0.5,3,2500,9.0,7.992,1.008,11.2,2500,1004,1496,0,0.1016,0.4016,1
0.1,uniform_heavy,0.5,8,1.0,blind,0.5,4,2500,9.0,7.822,1.178,13.089,2500,1089,1411,0,0.1012,0.4356,1
0.1,uniform_heavy,0.5,8,1.0,blind,0.5,5,2500,9.0,7.862,1.138,12.644,2500,1069,1431,0,0.1064,0.4276,1
0.1,uniform_heavy,0.5,8,1.0,blind,0.5,6,2500,9.0,7.878,1.122,12.467,2500,1061,1439,0,0.1068,0.4244,1
0.1,uniform_heavy,0.5,8,2.0,blind,0.2,0,2500,9.0,9.5014,-0.5014,-5.572,2500,446,2054,0,0.1076,0.1784,0
0.1,uniform_heavy,0.5,8,2.0,blind,0.2,1,2500,9.0,9.3838,-0.3838,-4.265,2500,481,2019,0,0.1104,0.1924,0
0.1,uniform_heavy,0.5,8,2.0,blind,0.2,2,2500,9.0,9.4443,-0.4443,-4.937,2500,463,2037,0,0.1076,0.1852,0
0.1,uniform_heavy,0.5,8,2.0,blind,0.2,3,2500,9.0,9.5283,-0.5283,-5.87,2500,438,2062,0,0.0932,0.1752,0
0.1,uniform_heavy,0.5,8,2.0,blind,0.2,4,2500,9.0,9.5216,-0.5216,-5.796,2500,440,2060,0,0.0988,0.176,0
0.1,uniform_heavy,0.5,8,2.0,blind,0.2,5,2500,9.0,9.4006,-0.4006,-4.452,2500,476,2024,0,0.1104,0.1904,0
0.1,uniform_heavy,0.5,8,2.0,blind,0.2,6,2500,9.0,9.4006,-0.4006,-4.452,2500,476,2024,0,0.1016,0.1904,0
0.1,uniform_heavy,0.5,8,2.0,blind,0.3,0,2500,9.0,8.945,0.055,0.612,2500,676,1824,0,0.1008,0.2704,1
0.1,uniform_heavy,0.5,8,2.0,blind,0.3,1,2500,9.0,8.9054,0.0946,1.051,2500,689,1811,0,0.1164,0.2756,1
0.1,uniform_heavy,0.5,8,2.0,blind,0.3,2,2500,9.0,9.0362,-0.0362,-0.402,2500,646,1854,0,0.0996,0.2584,0
0.1,uniform_heavy,0.5,8,2.0,blind,0.3,3,2500,9.0,8.7808,0.2192,2.436,2500,730,1770,0,0.0976,0.292,1
0.1,uniform_heavy,0.5,8,2.0,blind,0.3,4,2500,9.0,8.9206,0.0794,0.882,2500,684,1816,0,0.1048,0.2736,1
0.1,uniform_heavy,0.5,8,2.0,blind,0.3,5,2500,9.0,9.1395,-0.1395,-1.55,2500,612,1888,0,0.088,0.2448,0
0.1,uniform_heavy,0.5,8,2.0,blind,0.3,6,2500,9.0,8.9632,0.0368,0.409,2500,670,1830,0,0.102,0.268,1
0.1,uniform_heavy,0.5,8,2.0,blind,0.5,0,2500,9.0,8.456,0.544,6.044,2500,1060,1440,0,0.1032,0.424,1
0.1,uniform_heavy,0.5,8,2.0,blind,0.5,1,2500,9.0,8.3696,0.6304,7.004,2500,1096,1404,0,0.098,0.4384,1
0.1,uniform_heavy,0.5,8,2.0,blind,0.5,2,2500,9.0,8.3384,0.6616,7.351,2500,1109,1391,0,0.1056,0.4436,1
0.1,uniform_heavy,0.5,8,2.0,blind,0.5,3,2500,9.0,8.4704,0.5296,5.884,2500,1054,1446,0,0.092,0.4216,1
0.1,uniform_heavy,0.5,8,2.0,blind,0.5,4,2500,9.0,8.4224,0.5776,6.418,2500,1074,1426,0,0.0928,0.4296,1
0.1,uniform_heavy,0.5,8,2.0,blind,0.5,5,2500,9.0,8.3024,0.6976,7.751,2500,1124,1376,0,0.1152,0.4496,1
0.1,uniform_heavy,0.5,8,2.0,blind,0.5,6,2500,9.0,8.4728,0.5272,5.858,2500,1053,1447,0,0.0984,0.4212,1
0.1,tail_heavy,0.5,0.25,0.5,blind,0.2,0,2500,1.25,1.6708,-0.4208,-33.661,2500,283,2217,0,0.0972,0.1132,0
0.1,tail_heavy,0.5,0.25,0.5,blind,0.2,1,2500,1.25,1.668,-0.418,-33.437,2500,293,2207,0,0.104,0.1172,0
0.1,tail_heavy,0.5,0.25,0.5,blind,0.2,2,2500,1.25,1.671,-0.421,-33.683,2500,282,2218,0,0.0948,0.1128,0
0.1,tail_heavy,0.5,0.25,0.5,blind,0.2,3,2500,1.25,1.6775,-0.4275,-34.198,2500,259,2241,0,0.1012,0.1036,0
0.1,tail_heavy,0.5,0.25,0.5,blind,0.2,4,2500,1.25,1.6727,-0.4227,-33.818,2500,276,2224,0,0.0948,0.1104,0
0.1,tail_heavy,0.5,0.25,0.5,blind,0.2,5,2500,1.25,1.675,-0.425,-33.997,2500,268,2232,0,0.0984,0.1072,0
0.1,tail_heavy,0.5,0.25,0.5,blind,0.2,6,2500,1.25,1.6713,-0.4213,-33.706,2500,281,2219,0,0.1044,0.1124,0
0.1,tail_heavy,0.5,0.25,0.5,blind,0.3,0,2500,1.25,1.6558,-0.4058,-32.462,2500,349,2151,0,0.0832,0.1396,0
0.1,tail_heavy,0.5,0.25,0.5,blind,0.3,1,2500,1.25,1.645,-0.395,-31.598,2500,389,2111,0,0.0996,0.1556,0
0.1,tail_heavy,0.5,0.25,0.5,blind,0.3,2,2500,1.25,1.6463,-0.3963,-31.706,2500,384,2116,0,0.0936,0.1536,0
0.1,tail_heavy,0.5,0.25,0.5,blind,0.3,3,2500,1.25,1.6447,-0.3947,-31.576,2500,390,2110,0,0.1028,0.156,0
0.1,tail_heavy,0.5,0.25,0.5,blind,0.3,4,2500,1.25,1.6366,-0.3866,-30.928,2500,420,2080,0,0.1016,0.168,0
0.1,tail_heavy,0.5,0.25,0.5,blind,0.3,5,2500,1.25,1.6409,-0.3909,-31.274,2500,404,2096,0,0.1088,0.1616,0
0.1,tail_heavy,0.5,0.25,0.5,blind,0.3,6,2500,1.25,1.6325,-0.3825,-30.604,2500,435,2065,0,0.1056,0.174,0
0.1,tail_heavy,0.5,0.25,0.5,blind,0.5,0,2500,1.25,1.59,-0.34,-27.2,2500,640,1860,0,0.1052,0.256,0
0.1,tail_heavy,0.5,0.25,0.5,blind,0.5,1,2500,1.25,1.596,-0.346,-27.68,2500,616,1884,0,0.0992,0.2464,0
0.1,tail_heavy,0.5,0.25,0.5,blind,0.5,2,2500,1.25,1.5895,-0.3395,-27.16,2500,642,1858,0,0.104,0.2568,0
0.1,tail_heavy,0.5,0.25,0.5,blind,0.5,3,2500,1.25,1.5845,-0.3345,-26.76,2500,662,1838,0,0.1024,0.2648,0
0.1,tail_heavy,0.5,0.25,0.5,blind,0.5,4,2500,1.25,1.5928,-0.3428,-27.42,2500,629,1871,0,0.0936,0.2516,0
0.1,tail_heavy,0.5,0.25,0.5,blind,0.5,5,2500,1.25,1.587,-0.337,-26.96,2500,652,1848,0,0.094,0.2608,0
0.1,tail_heavy,0.5,0.25,0.5,blind,0.5,6,2500,1.25,1.5828,-0.3328,-26.62,2500,669,1831,0,0.1056,0.2676,0
0.1,tail_heavy,0.5,0.25,1.0,blind,0.2,0,2500,1.25,2.1127,-0.8627,-69.018,2500,286,2214,0,0.0972,0.1144,0
0.1,tail_heavy,0.5,0.25,1.0,blind,0.2,1,2500,1.25,2.1214,-0.8714,-69.709,2500,268,2232,0,0.1004,0.1072,0
0.1,tail_heavy,0.5,0.25,1.0,blind,0.2,2,2500,1.25,2.1041,-0.8541,-68.326,2500,304,2196,0,0.1032,0.1216,0
0.1,tail_heavy,0.5,0.25,1.0,blind,0.2,3,2500,1.25,2.1319,-0.8819,-70.554,2500,246,2254,0,0.0952,0.0984,0
0.1,tail_heavy,0.5,0.25,1.0,blind,0.2,4,2500,1.25,2.1151,-0.8651,-69.21,2500,281,2219,0,0.0956,0.1124,0
0.1,tail_heavy,0.5,0.25,1.0,blind,0.2,5,2500,1.25,2.1223,-0.8723,-69.786,2500,266,2234,0,0.0912,0.1064,0
0.1,tail_heavy,0.5,0.25,1.0,blind,0.2,6,2500,1.25,2.1137,-0.8637,-69.094,2500,284,2216,0,0.1028,0.1136,0
0.1,tail_heavy,0.5,0.25,1.0,blind,0.3,0,2500,1.25,2.0695,-0.8195,-65.562,2500,384,2116,0,0.0996,0.1536,0
0.1,tail_heavy,0.5,0.25,1.0,blind,0.3,1,2500,1.25,2.0658,-0.8158,-65.261,2500,392,2108,0,0.1008,0.1568,0
0.1,tail_heavy,0.5,0.25,1.0,blind,0.3,2,2500,1.25,2.0615,-0.8115,-64.922,2500,401,2099,0,0.096,0.1604,0
0.1,tail_heavy,0.5,0.25,1.0,blind,0.3,3,2500,1.25,2.0658,-0.8158,-65.261,2500,392,2108,0,0.1,0.1568,0
0.1,tail_heavy,0.5,0.25,1.0,blind,0.3,4,2500,1.25,2.0596,-0.8096,-64.772,2500,405,2095,0,0.0976,0.162,0
0.1,tail_heavy,0.5,0.25,1.0,blind,0.3,5,2500,1.25,2.0648,-0.8148,-65.186,2500,394,2106,0,0.1008,0.1576,0
0.1,tail_heavy,0.5,0.25,1.0,blind,0.3,6,2500,1.25,2.0742,-0.8242,-65.938,2500,374,2126,0,0.0928,0.1496,0
0.1,tail_heavy,0.5,0.25,1.0,blind,0.5,0,2500,1.25,1.9863,-0.7363,-58.904,2500,586,1914,0,0.1024,0.2344,0
0.1,tail_heavy,0.5,0.25,1.0,blind,0.5,1,2500,1.25,1.9566,-0.7066,-56.528,2500,652,1848,0,0.102,0.2608,0
0.1,tail_heavy,0.5,0.25,1.0,blind,0.5,2,2500,1.25,1.9764,-0.7264,-58.112,2500,608,1892,0,0.0956,0.2432,0
0.1,tail_heavy,0.5,0.25,1.0,blind,0.5,3,2500,1.25,1.9692,-0.7192,-57.536,2500,624,1876,0,0.0992,0.2496,0
0.1,tail_heavy,0.5,0.25,1.0,blind,0.5,4,2500,1.25,1.9746,-0.7246,-57.968,2500,612,1888,0,0.1,0.2448,0
0.1,tail_heavy,0.5,0.25,1.0,blind,0.5,5,2500,1.25,1.9584,-0.7084,-56.672,2500,648,1852,0,0.0948,0.2592,0
0.1,tail_heavy,0.5,0.25,1.0,blind,0.5,6,2500,1.25,1.9607,-0.7107,-56.852,2500,643,1857,0,0.098,0.2572,0
0.1,tail_heavy,0.5,0.25,2.0,blind,0.2,0,2500,1.25,2.9904,-1.7404,-139.232,2500,295,2205,0,0.1048,0.118,0
0.1,tail_heavy,0.5,0.25,2.0,blind,0.2,1,2500,1.25,3.0027,-1.7527,-140.218,2500,281,2219,0,0.1052,0.1124,0
0.1,tail_heavy,0.5,0.25,2.0,blind,0.2,2,2500,1.25,3.0089,-1.7589,-140.71,2500,274,2226,0,0.1032,0.1096,0
0.1,tail_heavy,0.5,0.25,2.0,blind,0.2,3,2500,1.25,2.9957,-1.7457,-139.654,2500,289,2211,0,0.0948,0.1156,0
0.1,tail_heavy,0.5,0.25,2.0,blind,0.2,4,2500,1.25,3.0221,-1.7721,-141.766,2500,259,2241,0,0.0972,0.1036,0
0.1,tail_heavy,0.5,0.25,2.0,blind,0.2,5,2500,1.25,3.0036,-1.7536,-140.288,2500,280,2220,0,0.104,0.112,0
0.1,tail_heavy,0.5,0.25,2.0,blind,0.2,6,2500,1.25,3.0133,-1.7633,-141.062,2500,269,2231,0,0.0944,0.1076,0
0.1,tail_heavy,0.5,0.25,2.0,blind,0.3,0,2500,1.25,2.9211,-1.6711,-133.691,2500,378,2122,0,0.1,0.1512,0
0.1,tail_heavy,0.5,0.25,2.0,blind,0.3,1,2500,1.25,2.8785,-1.6285,-130.281,2500,427,2073,0,0.1112,0.1708,0
0.1,tail_heavy,0.5,0.25,2.0,blind,0.3,2,2500,1.25,2.9072,-1.6572,-132.578,2500,394,2106,0,0.0984,0.1576,0
0.1,tail_heavy,0.5,0.25,2.0,blind,0.3,3,2500,1.25,2.8942,-1.6442,-131.534,2500,409,2091,0,0.0928,0.1636,0
0.1,tail_heavy,0.5,0.25,2.0,blind,0.3,4,2500,1.25,2.9046,-1.6546,-132.369,2500,397,2103,0,0.1016,0.1588,0
0.1,tail_heavy,0.5,0.25,2.0,blind,0.3,5,2500,1.25,2.9046,-1.6546,-132.369,2500,397,2103,0,0.1032,0.1588,0
0.1,tail_heavy,0.5,0.25,2.0,blind,0.3,6,2500,1.25,2.9203,-1.6703,-133.622,2500,379,2121,0,0.094,0.1516,0
0.1,tail_heavy,0.5,0.25,2.0,blind,0.5,0,2500,1.25,2.6915,-1.4415,-115.324,2500,657,1843,0,0.106,0.2628,0
0.1,tail_heavy,0.5,0.25,2.0,blind,0.5,1,2500,1.25,2.7264,-1.4764,-118.112,2500,616,1884,0,0.0904,0.2464,0
0.1,tail_heavy,0.5,0.25,2.0,blind,0.5,2,2500,1.25,2.7281,-1.4781,-118.248,2500,614,1886,0,0.0992,0.2456,0
0.1,tail_heavy,0.5,0.25,2.0,blind,0.5,3,2500,1.25,2.7298,-1.4798,-118.384,2500,612,1888,0,0.098,0.2448,0
0.1,tail_heavy,0.5,0.25,2.0,blind,0.5,4,2500,1.25,2.7213,-1.4713,-117.704,2500,622,1878,0,0.0988,0.2488,0
0.1,tail_heavy,0.5,0.25,2.0,blind,0.5,5,2500,1.25,2.7273,-1.4773,-118.18,2500,615,1885,0,0.0988,0.246,0
0.1,tail_heavy,0.5,0.25,2.0,blind,0.5,6,2500,1.25,2.7001,-1.4501,-116.004,2500,647,1853,0,0.0988,0.2588,0
0.1,tail_heavy,0.5,0.5,0.5,blind,0.2,0,2500,1.5,1.8974,-0.3974,-26.493,2500,285,2215,0,0.11,0.114,0
0.1,tail_heavy,0.5,0.5,0.5,blind,0.2,1,2500,1.5,1.8992,-0.3992,-26.613,2500,280,2220,0,0.1,0.112,0
0.1,tail_heavy,0.5,0.5,0.5,blind,0.2,2,2500,1.5,1.8999,-0.3999,-26.661,2500,278,2222,0,0.0988,0.1112,0
0.1,tail_heavy,0.5,0.5,0.5,blind,0.2,3,2500,1.5,1.905,-0.405,-26.997,2500,264,2236,0,0.0972,0.1056,0
0.1,tail_heavy,0.5,0.5,0.5,blind,0.2,4,2500,1.5,1.896,-0.396,-26.397,2500,289,2211,0,0.1084,0.1156,0
0.1,tail_heavy,0.5,0.5,0.5,blind,0.2,5,2500,1.5,1.8981,-0.3981,-26.541,2500,283,2217,0,0.11,0.1132,0
0.1,tail_heavy,0.5,0.5,0.5,blind,0.2,6,2500,1.5,1.896,-0.396,-26.397,2500,289,2211,0,0.0956,0.1156,0
0.1,tail_heavy,0.5,0.5,0.5,blind,0.3,0,2500,1.5,1.864,-0.364,-24.267,2500,400,2100,0,0.0988,0.16,0
0.1,tail_heavy,0.5,0.5,0.5,blind,0.3,1,2500,1.5,1.8582,-0.3582,-23.881,2500,417,2083,0,0.1136,0.1668,0
0.1,tail_heavy,0.5,0.5,0.5,blind,0.3,2,2500,1.5,1.8603,-0.3603,-24.017,2500,411,2089,0,0.0992,0.1644,0
0.1,tail_heavy,0.5,0.5,0.5,blind,0.3,3,2500,1.5,1.8626,-0.3626,-24.176,2500,404,2096,0,0.1012,0.1616,0
0.1,tail_heavy,0.5,0.5,0.5,blind,0.3,4,2500,1.5,1.8507,-0.3507,-23.383,2500,439,2061,0,0.112,0.1756,0
0.1,tail_heavy,0.5,0.5,0.5,blind,0.3,5,2500,1.5,1.8657,-0.3657,-24.38,2500,395,2105,0,0.0952,0.158,0
0.1,tail_heavy,0.5,0.5,0.5,blind,0.3,6,2500,1.5,1.8643,-0.3643,-24.289,2500,399,2101,0,0.0996,0.1596,0
0.1,tail_heavy,0.5,0.5,0.5,blind,0.5,0,2500,1.5,1.8158,-0.3158,-21.053,2500,614,1886,0,0.1116,0.2456,0
0.1,tail_heavy,0.5,0.5,0.5,blind,0.5,1,2500,1.5,1.8095,-0.3095,-20.633,2500,635,1865,0,0.0888,0.254,0
0.1,tail_heavy,0.5,0.5,0.5,blind,0.5,2,2500,1.5,1.8005,-0.3005,-20.033,2500,665,1835,0,0.1132,0.266,0
0.1,tail_heavy,0.5,0.5,0.5,blind,0.5,3,2500,1.5,1.811,-0.311,-20.733,2500,630,1870,0,0.0984,0.252,0
0.1,tail_heavy,0.5,0.5,0.5,blind,0.5,4,2500,1.5,1.8017,-0.3017,-20.113,2500,661,1839,0,0.1012,0.2644,0
0.1,tail_heavy,0.5,0.5,0.5,blind,0.5,5,2500,1.5,1.8188,-0.3188,-21.253,2500,604,1896,0,0.086,0.2416,0
0.1,tail_heavy,0.5,0.5,0.5,blind,0.5,6,2500,1.5,1.8215,-0.3215,-21.433,2500,595,1905,0,0.1,0.238,0
0.1,tail_heavy,0.5,0.5,1.0,blind,0.2,0,2500,1.5,2.3359,-0.8359,-55.728,2500,293,2207,0,0.0968,0.1172,0
0.1,tail_heavy,0.5,0.5,1.0,blind,0.2,1,2500,1.5,2.3482,-0.8482,-56.549,2500,271,2229,0,0.1072,0.1084,0
0.1,tail_heavy,0.5,0.5,1.0,blind,0.2,2,2500,1.5,2.3393,-0.8393,-55.952,2500,287,2213,0,0.114,0.1148,0
0.1,tail_heavy,0.5,0.5,1.0,blind,0.2,3,2500,1.5,2.3538,-0.8538,-56.923,2500,261,2239,0,0.0904,0.1044,0
0.1,tail_heavy,0.5,0.5,1.0,blind,0.2,4,2500,1.5,2.346,-0.846,-56.4,2500,275,2225,0,0.1072,0.11,0
0.1,tail_heavy,0.5,0.5,1.0,blind,0.2,5,2500,1.5,2.3466,-0.8466,-56.437,2500,274,2226,0,0.0944,0.1096,0
0.1,tail_heavy,0.5,0.5,1.0,blind,0.2,6,2500,1.5,2.3376,-0.8376,-55.84,2500,290,2210,0,0.0976,0.116,0
0.1,tail_heavy,0.5,0.5,1.0,blind,0.3,0,2500,1.5,2.2673,-0.7673,-51.151,2500,431,2069,0,0.11,0.1724,0
0.1,tail_heavy,0.5,0.5,1.0,blind,0.3,1,2500,1.5,2.2732,-0.7732,-51.547,2500,420,2080,0,0.1032,0.168,0
0.1,tail_heavy,0.5,0.5,1.0,blind,0.3,2,2500,1.5,2.2889,-0.7889,-52.591,2500,391,2109,0,0.0948,0.1564,0
0.1,tail_heavy,0.5,0.5,1.0,blind,0.3,3,2500,1.5,2.2835,-0.7835,-52.231,2500,401,2099,0,0.102,0.1604,0
0.1,tail_heavy,0.5,0.5,1.0,blind,0.3,4,2500,1.5,2.2818,-0.7818,-52.123,2500,404,2096,0,0.102,0.1616,0
0.1,tail_heavy,0.5,0.5,1.0,blind,0.3,5,2500,1.5,2.2878,-0.7878,-52.519,2500,393,2107,0,0.0972,0.1572,0
0.1,tail_heavy,0.5,0.5,1.0,blind,0.3,6,2500,1.5,2.2802,-0.7802,-52.015,2500,407,2093,0,0.1096,0.1628,0
0.1,tail_heavy,0.5,0.5,1.0,blind,0.5,0,2500,1.5,2.1895,-0.6895,-45.967,2500,621,1879,0,0.0968,0.2484,0
0.1,tail_heavy,0.5,0.5,1.0,blind,0.5,1,2500,1.5,2.174,-0.674,-44.933,2500,652,1848,0,0.1048,0.2608,0
0.1,tail_heavy,0.5,0.5,1.0,blind,0.5,2,2500,1.5,2.179,-0.679,-45.267,2500,642,1858,0,0.0932,0.2568,0
0.1,tail_heavy,0.5,0.5,1.0,blind,0.5,3,2500,1.5,2.182,-0.682,-45.467,2500,636,1864,0,0.0936,0.2544,0
0.1,tail_heavy,0.5,0.5,1.0,blind,0.5,4,2500,1.5,2.1975,-0.6975,-46.5,2500,605,1895,0,0.0992,0.242,0
0.1,tail_heavy,0.5,0.5,1.0,blind,0.5,5,2500,1.5,2.1765,-0.6765,-45.1,2500,647,1853,0,0.0968,0.2588,0
0.1,tail_heavy,0.5,0.5,1.0,blind,0.5,6,2500,1.5,2.1725,-0.6725,-44.833,2500,655,1845,0,0.102,0.262,0
0.1,tail_heavy,0.5,0.5,2.0,blind,0.2,0,2500,1.5,3.2341,-1.7341,-115.605,2500,277,2223,0,0.1072,0.1108,0
0.1,tail_heavy,0.5,0.5,2.0,blind,0.2,1,2500,1.5,3.211,-1.711,-114.069,2500,301,2199,0,0.1076,0.1204,0
0.1,tail_heavy,0.5,0.5,2.0,blind,0.2,2,2500,1.5,3.2245,-1.7245,-114.965,2500,287,2213,0,0.1016,0.1148,0
0.1,tail_heavy,0.5,0.5,2.0,blind,0.2,3,2500,1.5,3.2168,-1.7168,-114.453,2500,295,2205,0,0.1044,0.118,0
0.1,tail_heavy,0.5,0.5,2.0,blind,0.2,4,2500,1.5,3.2514,-1.7514,-116.757,2500,259,2241,0,0.0996,0.1036,0
0.1,tail_heavy,0.5,0.5,2.0,blind,0.2,5,2500,1.5,3.2389,-1.7389,-115.925,2500,272,2228,0,0.0932,0.1088,0
0.1,tail_heavy,0.5,0.5,2.0,blind,0.2,6,2500,1.5,3.2101,-1.7101,-114.005,2500,302,2198,0,0.1036,0.1208,0
0.1,tail_heavy,0.5,0.5,2.0,blind,0.3,0,2500,1.5,3.1155,-1.6155,-107.703,2500,409,2091,0,0.0944,0.1636,0
0.1,tail_heavy,0.5,0.5,2.0,blind,0.3,1,2500,1.5,3.1146,-1.6146,-107.64,2500,410,2090,0,0.1128,0.164,0
0.1,tail_heavy,0.5,0.5,2.0,blind,0.3,2,2500,1.5,3.1099,-1.6099,-107.327,2500,415,2085,0,0.1028,0.166,0
0.1,tail_heavy,0.5,0.5,2.0,blind,0.3,3,2500,1.5,3.1268,-1.6268,-108.455,2500,397,2103,0,0.1036,0.1588,0
0.1,tail_heavy,0.5,0.5,2.0,blind,0.3,4,2500,1.5,3.1372,-1.6372,-109.144,2500,386,2114,0,0.0944,0.1544,0
0.1,tail_heavy,0.5,0.5,2.0,blind,0.3,5,2500,1.5,3.139,-1.639,-109.269,2500,384,2116,0,0.0948,0.1536,0
0.1,tail_heavy,0.5,0.5,2.0,blind,0.3,6,2500,1.5,3.1184,-1.6184,-107.891,2500,406,2094,0,0.0916,0.1624,0
0.1,tail_heavy,0.5,0.5,2.0,blind,0.5,0,2500,1.5,2.9186,-1.4186,-94.573,2500,646,1854,0,0.1056,0.2584,0
0.1,tail_heavy,0.5,0.5,2.0,blind,0.5,1,2500,1.5,2.9321,-1.4321,-95.473,2500,631,1869,0,0.0996,0.2524,0
0.1,tail_heavy,0.5,0.5,2.0,blind,0.5,2,2500,1.5,2.9501,-1.4501,-96.673,2500,611,1889,0,0.0952,0.2444,0
0.1,tail_heavy,0.5,0.5,2.0,blind,0.5,3,2500,1.5,2.9474,-1.4474,-96.493,2500,614,1886,0,0.0892,0.2456,0
0.1,tail_heavy,0.5,0.5,2.0,blind,0.5,4,2500,1.5,2.9321,-1.4321,-95.473,2500,631,1869,0,0.0968,0.2524,0
0.1,tail_heavy,0.5,0.5,2.0,blind,0.5,5,2500,1.5,2.9186,-1.4186,-94.573,2500,646,1854,0,0.0992,0.2584,0
0.1,tail_heavy,0.5,0.5,2.0,blind,0.5,6,2500,1.5,2.951,-1.451,-96.733,2500,610,1890,0,0.0964,0.244,0
0.1,tail_heavy,0.5,1,0.5,blind,0.2,0,2500,2.0,2.3612,-0.3612,-18.058,2500,267,2233,0,0.1008,0.1068,0
0.1,tail_heavy,0.5,1,0.5,blind,0.2,1,2500,2.0,2.3679,-0.3679,-18.396,2500,254,2246,0,0.0992,0.1016,0
0.1,tail_heavy,0.5,1,0.5,blind,0.2,2,2500,2.0,2.3523,-0.3523,-17.616,2500,284,2216,0,0.0932,0.1136,0
0.1,tail_heavy,0.5,1,0.5,blind,0.2,3,2500,2.0,2.3757,-0.3757,-18.786,2500,239,2261,0,0.0968,0.0956,0
0.1,tail_heavy,0.5,1,0.5,blind,0.2,4,2500,2.0,2.3492,-0.3492,-17.46,2500,290,2210,0,0.1068,0.116,0
0.1,tail_heavy,0.5,1,0.5,blind,0.2,5,2500,2.0,2.345,-0.345,-17.252,2500,298,2202,0,0.108,0.1192,0
0.1,tail_heavy,0.5,1,0.5,blind,0.2,6,2500,2.0,2.3539,-0.3539,-17.694,2500,281,2219,0,0.1084,0.1124,0
0.1,tail_heavy,0.5,1,0.5,blind,0.3,0,2500,2.0,2.3051,-0.3051,-15.256,2500,406,2094,0,0.098,0.1624,0
0.1,tail_heavy,0.5,1,0.5,blind,0.3,1,2500,2.0,2.3142,-0.3142,-15.712,2500,387,2113,0,0.0988,0.1548,0
0.1,tail_heavy,0.5,1,0.5,blind,0.3,2,2500,2.0,2.3104,-0.3104,-15.52,2500,395,2105,0,0.1056,0.158,0
0.1,tail_heavy,0.5,1,0.5,blind,0.3,3,2500,2.0,2.3037,-0.3037,-15.184,2500,409,2091,0,0.1016,0.1636,0
0.1,tail_heavy,0.5,1,0.5,blind,0.3,4,2500,2.0,2.297,-0.297,-14.848,2500,423,2077,0,0.1036,0.1692,0
0.1,tail_heavy,0.5,1,0.5,blind,0.3,5,2500,2.0,2.3099,-0.3099,-15.496,2500,396,2104,0,0.1028,0.1584,0
0.1,tail_heavy,0.5,1,0.5,blind,0.3,6,2500,2.0,2.3027,-0.3027,-15.136,2500,411,2089,0,0.1064,0.1644,0
0.1,tail_heavy,0.5,1,0.5,blind,0.5,0,2500,2.0,2.2572,-0.2572,-12.86,2500,607,1893,0,0.088,0.2428,0
0.1,tail_heavy,0.5,1,0.5,blind,0.5,1,2500,2.0,2.2532,-0.2532,-12.66,2500,617,1883,0,0.1068,0.2468,0
0.1,tail_heavy,0.5,1,0.5,blind,0.5,2,2500,2.0,2.2484,-0.2484,-12.42,2500,629,1871,0,0.0932,0.2516,0
0.1,tail_heavy,0.5,1,0.5,blind,0.5,3,2500,2.0,2.25,-0.25,-12.5,2500,625,1875,0,0.0972,0.25,0
0.1,tail_heavy,0.5,1,0.5,blind,0.5,4,2500,2.0,2.244,-0.244,-12.2,2500,640,1860,0,0.0976,0.256,0
0.1,tail_heavy,0.5,1,0.5,blind,0.5,5,2500,2.0,2.2472,-0.2472,-12.36,2500,632,1868,0,0.0952,0.2528,0
0.1,tail_heavy,0.5,1,0.5,blind,0.5,6,2500,2.0,2.2444,-0.2444,-12.22,2500,639,1861,0,0.1116,0.2556,0
0.1,tail_heavy,0.5,1,1.0,blind,0.2,0,2500,2.0,2.7862,-0.7862,-39.308,2500,297,2203,0,0.1028,0.1188,0
0.1,tail_heavy,0.5,1,1.0,blind,0.2,1,2500,2.0,2.7818,-0.7818,-39.092,2500,303,2197,0,0.1044,0.1212,0
0.1,tail_heavy,0.5,1,1.0,blind,0.2,2,2500,2.0,2.8142,-0.8142,-40.712,2500,258,2242,0,0.0936,0.1032,0
0.1,tail_heavy,0.5,1,1.0,blind,0.2,3,2500,2.0,2.8085,-0.8085,-40.424,2500,266,2234,0,0.098,0.1064,0
0.1,tail_heavy,0.5,1,1.0,blind,0.2,4,2500,2.0,2.8006,-0.8006,-40.028,2500,277,2223,0,0.0964,0.1108,0
0.1,tail_heavy,0.5,1,1.0,blind,0.2,5,2500,2.0,2.7782,-0.7782,-38.912,2500,308,2192,0,0.0932,0.1232,0
0.1,tail_heavy,0.5,1,1.0,blind,0.2,6,2500,2.0,2.8013,-0.8013,-40.064,2500,276,2224,0,0.1016,0.1104,0
0.1,tail_heavy,0.5,1,1.0,blind,0.3,0,2500,2.0,2.7375,-0.7375,-36.876,2500,386,2114,0,0.1004,0.1544,0
0.1,tail_heavy,0.5,1,1.0,blind,0.3,1,2500,2.0,2.7423,-0.7423,-37.114,2500,379,2121,0,0.0972,0.1516,0
0.1,tail_heavy,0.5,1,1.0,blind,0.3,2,2500,2.0,2.7096,-0.7096,-35.482,2500,427,2073,0,0.0948,0.1708,0
0.1,tail_heavy,0.5,1,1.0,blind,0.3,3,2500,2.0,2.7334,-0.7334,-36.672,2500,392,2108,0,0.0956,0.1568,0
0.1,tail_heavy,0.5,1,1.0,blind,0.3,4,2500,2.0,2.7328,-0.7328,-36.638,2500,393,2107,0,0.0976,0.1572,0
0.1,tail_heavy,0.5,1,1.0,blind,0.3,5,2500,2.0,2.7375,-0.7375,-36.876,2500,386,2114,0,0.098,0.1544,0
0.1,tail_heavy,0.5,1,1.0,blind,0.3,6,2500,2.0,2.7362,-0.7362,-36.808,2500,388,2112,0,0.104,0.1552,0
0.1,tail_heavy,0.5,1,1.0,blind,0.5,0,2500,2.0,2.6358,-0.6358,-31.79,2500,607,1893,0,0.0944,0.2428,0
0.1,tail_heavy,0.5,1,1.0,blind,0.5,1,2500,2.0,2.6178,-0.6178,-30.89,2500,637,1863,0,0.1064,0.2548,0
0.1,tail_heavy,0.5,1,1.0,blind,0.5,2,2500,2.0,2.6262,-0.6262,-31.31,2500,623,1877,0,0.0996,0.2492,0
0.1,tail_heavy,0.5,1,1.0,blind,0.5,3,2500,2.0,2.6262,-0.6262,-31.31,2500,623,1877,0,0.0884,0.2492,0
0.1,tail_heavy,0.5,1,1.0,blind,0.5,4,2500,2.0,2.6172,-0.6172,-30.86,2500,638,1862,0,0.1016,0.2552,0
0.1,tail_heavy,0.5,1,1.0,blind,0.5,5,2500,2.0,2.6214,-0.6214,-31.07,2500,631,1869,0,0.0972,0.2524,0
0.1,tail_heavy,0.5,1,1.0,blind,0.5,6,2500,2.0,2.634,-0.634,-31.7,2500,610,1890,0,0.0996,0.244,0
0.1,tail_heavy,0.5,1,2.0,blind,0.2,0,2500,2.0,3.6853,-1.6853,-84.264,2500,281,2219,0,0.0964,0.1124,0
0.1,tail_heavy,0.5,1,2.0,blind,0.2,1,2500,2.0,3.7122,-1.7122,-85.608,2500,257,2243,0,0.0996,0.1028,0
0.1,tail_heavy,0.5,1,2.0,blind,0.2,2,2500,2.0,3.6562,-1.6562,-82.808,2500,307,2193,0,0.106,0.1228,0
0.1,tail_heavy,0.5,1,2.0,blind,0.2,3,2500,2.0,3.6774,-1.6774,-83.872,2500,288,2212,0,0.0964,0.1152,0
0.1,tail_heavy,0.5,1,2.0,blind,0.2,4,2500,2.0,3.6898,-1.6898,-84.488,2500,277,2223,0,0.0928,0.1108,0
0.1,tail_heavy,0.5,1,2.0,blind,0.2,5,2500,2.0,3.6651,-1.6651,-83.256,2500,299,2201,0,0.1084,0.1196,0
0.1,tail_heavy,0.5,1,2.0,blind,0.2,6,2500,2.0,3.7077,-1.7077,-85.384,2500,261,2239,0,0.1008,0.1044,0
0.1,tail_heavy,0.5,1,2.0,blind,0.3,0,2500,2.0,3.5399,-1.5399,-76.996,2500,426,2074,0,0.102,0.1704,0
0.1,tail_heavy,0.5,1,2.0,blind,0.3,1,2500,2.0,3.5604,-1.5604,-78.022,2500,407,2093,0,0.1,0.1628,0
0.1,tail_heavy,0.5,1,2.0,blind,0.3,2,2500,2.0,3.5583,-1.5583,-77.914,2500,409,2091,0,0.106,0.1636,0
0.1,tail_heavy,0.5,1,2.0,blind,0.3,3,2500,2.0,3.5702,-1.5702,-78.508,2500,398,2102,0,0.1012,0.1592,0
0.1,tail_heavy,0.5,1,2.0,blind,0.3,4,2500,2.0,3.5464,-1.5464,-77.32,2500,420,2080,0,0.1096,0.168,0
0.1,tail_heavy,0.5,1,2.0,blind,0.3,5,2500,2.0,3.582,-1.582,-79.102,2500,387,2113,0,0.1004,0.1548,0
0.1,tail_heavy,0.5,1,2.0,blind,0.3,6,2500,2.0,3.5529,-1.5529,-77.644,2500,414,2086,0,0.1024,0.1656,0
0.1,tail_heavy,0.5,1,2.0,blind,0.5,0,2500,2.0,3.354,-1.354,-67.7,2500,646,1854,0,0.0996,0.2584,0
0.1,tail_heavy,0.5,1,2.0,blind,0.5,1,2500,2.0,3.353,-1.353,-67.65,2500,647,1853,0,0.0976,0.2588,0
0.1,tail_heavy,0.5,1,2.0,blind,0.5,2,2500,2.0,3.352,-1.352,-67.6,2500,648,1852,0,0.106,0.2592,0
0.1,tail_heavy,0.5,1,2.0,blind,0.5,3,2500,2.0,3.392,-1.392,-69.6,2500,608,1892,0,0.0932,0.2432,0
0.1,tail_heavy,0.5,1,2.0,blind,0.5,4,2500,2.0,3.379,-1.379,-68.95,2500,621,1879,0,0.09,0.2484,0
0.1,tail_heavy,0.5,1,2.0,blind,0.5,5,2500,2.0,3.374,-1.374,-68.7,2500,626,1874,0,0.1012,0.2504,0
0.1,tail_heavy,0.5,1,2.0,blind,0.5,6,2500,2.0,3.366,-1.366,-68.3,2500,634,1866,0,0.1,0.2536,0
0.1,tail_heavy,0.5,2,0.5,blind,0.2,0,2500,3.0,3.2757,-0.2757,-9.191,2500,267,2233,0,0.0848,0.1068,0
0.1,tail_heavy,0.5,2,0.5,blind,0.2,1,2500,3.0,3.2648,-0.2648,-8.827,2500,280,2220,0,0.1032,0.112,0
0.1,tail_heavy,0.5,2,0.5,blind,0.2,2,2500,3.0,3.274,-0.274,-9.135,2500,269,2231,0,0.098,0.1076,0
0.1,tail_heavy,0.5,2,0.5,blind,0.2,3,2500,3.0,3.274,-0.274,-9.135,2500,269,2231,0,0.0868,0.1076,0
0.1,tail_heavy,0.5,2,0.5,blind,0.2,4,2500,3.0,3.2791,-0.2791,-9.303,2500,263,2237,0,0.0872,0.1052,0
0.1,tail_heavy,0.5,2,0.5,blind,0.2,5,2500,3.0,3.2488,-0.2488,-8.295,2500,299,2201,0,0.104,0.1196,0
0.1,tail_heavy,0.5,2,0.5,blind,0.2,6,2500,3.0,3.2547,-0.2547,-8.491,2500,292,2208,0,0.1012,0.1168,0
0.1,tail_heavy,0.5,2,0.5,blind,0.3,0,2500,3.0,3.1968,-0.1968,-6.559,2500,399,2101,0,0.0996,0.1596,0
0.1,tail_heavy,0.5,2,0.5,blind,0.3,1,2500,3.0,3.2294,-0.2294,-7.648,2500,356,2144,0,0.0876,0.1424,0
0.1,tail_heavy,0.5,2,0.5,blind,0.3,2,2500,3.0,3.2036,-0.2036,-6.787,2500,390,2110,0,0.1008,0.156,0
0.1,tail_heavy,0.5,2,0.5,blind,0.3,3,2500,3.0,3.2142,-0.2142,-7.141,2500,376,2124,0,0.096,0.1504,0
0.1,tail_heavy,0.5,2,0.5,blind,0.3,4,2500,3.0,3.2097,-0.2097,-6.989,2500,382,2118,0,0.0952,0.1528,0
0.1,tail_heavy,0.5,2,0.5,blind,0.3,5,2500,3.0,3.1808,-0.1808,-6.027,2500,420,2080,0,0.1028,0.168,0
0.1,tail_heavy,0.5,2,0.5,blind,0.3,6,2500,3.0,3.1686,-0.1686,-5.621,2500,436,2064,0,0.1132,0.1744,0
0.1,tail_heavy,0.5,2,0.5,blind,0.5,0,2500,3.0,3.1052,-0.1052,-3.507,2500,658,1842,0,0.098,0.2632,0
0.1,tail_heavy,0.5,2,0.5,blind,0.5,1,2500,3.0,3.1316,-0.1316,-4.387,2500,614,1886,0,0.0908,0.2456,0
0.1,tail_heavy,0.5,2,0.5,blind,0.5,2,2500,3.0,3.1118,-0.1118,-3.727,2500,647,1853,0,0.0948,0.2588,0
0.1,tail_heavy,0.5,2,0.5,blind,0.5,3,2500,3.0,3.104,-0.104,-3.467,2500,660,1840,0,0.106,0.264,0
0.1,tail_heavy,0.5,2,0.5,blind,0.5,4,2500,3.0,3.1172,-0.1172,-3.907,2500,638,1862,0,0.0976,0.2552,0
0.1,tail_heavy,0.5,2,0.5,blind,0.5,5,2500,3.0,3.1244,-0.1244,-4.147,2500,626,1874,0,0.1008,0.2504,0
0.1,tail_heavy,0.5,2,0.5,blind,0.5,6,2500,3.0,3.1352,-0.1352,-4.507,2500,608,1892,0,0.09,0.2432,0
0.1,tail_heavy,0.5,2,1.0,blind,0.2,0,2500,3.0,3.7369,-0.7369,-24.563,2500,253,2247,0,0.0892,0.1012,0
0.1,tail_heavy,0.5,2,1.0,blind,0.2,1,2500,3.0,3.6901,-0.6901,-23.003,2500,298,2202,0,0.1016,0.1192,0
0.1,tail_heavy,0.5,2,1.0,blind,0.2,2,2500,3.0,3.7078,-0.7078,-23.592,2500,281,2219,0,0.106,0.1124,0
0.1,tail_heavy,0.5,2,1.0,blind,0.2,3,2500,3.0,3.689,-0.689,-22.968,2500,299,2201,0,0.104,0.1196,0
0.1,tail_heavy,0.5,2,1.0,blind,0.2,4,2500,3.0,3.6974,-0.6974,-23.245,2500,291,2209,0,0.1124,0.1164,0
0.1,tail_heavy,0.5,2,1.0,blind,0.2,5,2500,3.0,3.687,-0.687,-22.899,2500,301,2199,0,0.1052,0.1204,0
0.1,tail_heavy,0.5,2,1.0,blind,0.2,6,2500,3.0,3.7286,-0.7286,-24.285,2500,261,2239,0,0.0956,0.1044,0
0.1,tail_heavy,0.5,2,1.0,blind,0.3,0,2500,3.0,3.6198,-0.6198,-20.661,2500,396,2104,0,0.0964,0.1584,0
0.1,tail_heavy,0.5,2,1.0,blind,0.3,1,2500,3.0,3.6006,-0.6006,-20.021,2500,416,2084,0,0.096,0.1664,0
0.1,tail_heavy,0.5,2,1.0,blind,0.3,2,2500,3.0,3.5939,-0.5939,-19.797,2500,423,2077,0,0.1112,0.1692,0
0.1,tail_heavy,0.5,2,1.0,blind,0.3,3,2500,3.0,3.6534,-0.6534,-21.781,2500,361,2139,0,0.0944,0.1444,0
0.1,tail_heavy,0.5,2,1.0,blind,0.3,4,2500,3.0,3.5786,-0.5786,-19.285,2500,439,2061,0,0.1108,0.1756,0
0.1,tail_heavy,0.5,2,1.0,blind,0.3,5,2500,3.0,3.639,-0.639,-21.301,2500,376,2124,0,0.0924,0.1504,0
0.1,tail_heavy,0.5,2,1.0,blind,0.3,6,2500,3.0,3.6256,-0.6256,-20.853,2500,390,2110,0,0.0924,0.156,0
0.1,tail_heavy,0.5,2,1.0,blind,0.5,0,2500,3.0,3.532,-0.532,-17.733,2500,585,1915,0,0.0928,0.234,0
0.1,tail_heavy,0.5,2,1.0,blind,0.5,1,2500,3.0,3.4976,-0.4976,-16.587,2500,628,1872,0,0.0956,0.2512,0
0.1,tail_heavy,0.5,2,1.0,blind,0.5,2,2500,3.0,3.484,-0.484,-16.133,2500,645,1855,0,0.1008,0.258,0
0.1,tail_heavy,0.5,2,1.0,blind,0.5,3,2500,3.0,3.48,-0.48,-16.0,2500,650,1850,0,0.0952,0.26,0
0.1,tail_heavy,0.5,2,1.0,blind,0.5,4,2500,3.0,3.5208,-0.5208,-17.36,2500,599,1901,0,0.0948,0.2396,0
0.1,tail_heavy,0.5,2,1.0,blind,0.5,5,2500,3.0,3.52,-0.52,-17.333,2500,600,1900,0,0.1008,0.24,0
0.1,tail_heavy,0.5,2,1.0,blind,0.5,6,2500,3.0,3.5072,-0.5072,-16.907,2500,616,1884,0,0.0968,0.2464,0
0.1,tail_heavy,0.5,2,2.0,blind,0.2,0,2500,3.0,4.6155,-1.6155,-53.851,2500,267,2233,0,0.102,0.1068,0
0.1,tail_heavy,0.5,2,2.0,blind,0.2,1,2500,3.0,4.6069,-1.6069,-53.563,2500,273,2227,0,0.0952,0.1092,0
0.1,tail_heavy,0.5,2,2.0,blind,0.2,2,2500,3.0,4.6083,-1.6083,-53.611,2500,272,2228,0,0.098,0.1088,0
0.1,tail_heavy,0.5,2,2.0,blind,0.2,3,2500,3.0,4.591,-1.591,-53.035,2500,284,2216,0,0.0912,0.1136,0
0.1,tail_heavy,0.5,2,2.0,blind,0.2,4,2500,3.0,4.6011,-1.6011,-53.371,2500,277,2223,0,0.108,0.1108,0
0.1,tail_heavy,0.5,2,2.0,blind,0.2,5,2500,3.0,4.6242,-1.6242,-54.139,2500,261,2239,0,0.0992,0.1044,0
0.1,tail_heavy,0.5,2,2.0,blind,0.2,6,2500,3.0,4.5968,-1.5968,-53.227,2500,280,2220,0,0.1032,0.112,0
0.1,tail_heavy,0.5,2,2.0,blind,0.3,0,2500,3.0,4.422,-1.422,-47.4,2500,425,2075,0,0.1052,0.17,0
0.1,tail_heavy,0.5,2,2.0,blind,0.3,1,2500,3.0,4.4533,-1.4533,-48.443,2500,402,2098,0,0.1112,0.1608,0
0.1,tail_heavy,0.5,2,2.0,blind,0.3,2,2500,3.0,4.5009,-1.5009,-50.029,2500,367,2133,0,0.0928,0.1468,0
0.1,tail_heavy,0.5,2,2.0,blind,0.3,3,2500,3.0,4.422,-1.422,-47.4,2500,425,2075,0,0.1076,0.17,0
0.1,tail_heavy,0.5,2,2.0,blind,0.3,4,2500,3.0,4.4424,-1.4424,-48.08,2500,410,2090,0,0.0904,0.164,0
0.1,tail_heavy,0.5,2,2.0,blind,0.3,5,2500,3.0,4.4614,-1.4614,-48.715,2500,396,2104,0,0.0972,0.1584,0
0.1,tail_heavy,0.5,2,2.0,blind,0.3,6,2500,3.0,4.4954,-1.4954,-49.848,2500,371,2129,0,0.0964,0.1484,0
0.1,tail_heavy,0.5,2,2.0,blind,0.5,0,2500,3.0,4.2356,-1.2356,-41.187,2500,637,1863,0,0.0884,0.2548,0
0.1,tail_heavy,0.5,2,2.0,blind,0.5,1,2500,3.0,4.2356,-1.2356,-41.187,2500,637,1863,0,0.1036,0.2548,0
0.1,tail_heavy,0.5,2,2.0,blind,0.5,2,2500,3.0,4.2488,-1.2488,-41.627,2500,626,1874,0,0.0948,0.2504,0
0.1,tail_heavy,0.5,2,2.0,blind,0.5,3,2500,3.0,4.2452,-1.2452,-41.507,2500,629,1871,0,0.0948,0.2516,0
0.1,tail_heavy,0.5,2,2.0,blind,0.5,4,2500,3.0,4.2848,-1.2848,-42.827,2500,596,1904,0,0.0964,0.2384,0
0.1,tail_heavy,0.5,2,2.0,blind,0.5,5,2500,3.0,4.256,-1.256,-41.867,2500,620,1880,0,0.0924,0.248,0
0.1,tail_heavy,0.5,2,2.0,blind,0.5,6,2500,3.0,4.2164,-1.2164,-40.547,2500,653,1847,0,0.104,0.2612,0
0.1,tail_heavy,0.5,4,0.5,blind,0.2,0,2500,5.0,5.1182,-0.1182,-2.363,2500,258,2242,0,0.0996,0.1032,0
0.1,tail_heavy,0.5,4,0.5,blind,0.2,1,2500,5.0,5.1093,-0.1093,-2.186,2500,264,2236,0,0.1,0.1056,0
0.1,tail_heavy,0.5,4,0.5,blind,0.2,2,2500,5.0,5.1182,-0.1182,-2.363,2500,258,2242,0,0.096,0.1032,0
0.1,tail_heavy,0.5,4,0.5,blind,0.2,3,2500,5.0,5.0856,-0.0856,-1.712,2500,280,2220,0,0.1024,0.112,0
0.1,tail_heavy,0.5,4,0.5,blind,0.2,4,2500,5.0,5.1078,-0.1078,-2.156,2500,265,2235,0,0.1036,0.106,0
0.1,tail_heavy,0.5,4,0.5,blind,0.2,5,2500,5.0,5.1137,-0.1137,-2.274,2500,261,2239,0,0.0928,0.1044,0
0.1,tail_heavy,0.5,4,0.5,blind,0.2,6,2500,5.0,5.053,-0.053,-1.061,2500,302,2198,0,0.0908,0.1208,0
0.1,tail_heavy,0.5,4,0.5,blind,0.3,0,2500,5.0,4.9786,0.0214,0.428,2500,395,2105,0,0.0956,0.158,1
0.1,tail_heavy,0.5,4,0.5,blind,0.3,1,2500,5.0,4.9535,0.0465,0.93,2500,414,2086,0,0.0984,0.1656,1
0.1,tail_heavy,0.5,4,0.5,blind,0.3,2,2500,5.0,4.9786,0.0214,0.428,2500,395,2105,0,0.1,0.158,1
0.1,tail_heavy,0.5,4,0.5,blind,0.3,3,2500,5.0,5.0063,-0.0063,-0.126,2500,374,2126,0,0.0956,0.1496,0
0.1,tail_heavy,0.5,4,0.5,blind,0.3,4,2500,5.0,4.9918,0.0082,0.164,2500,385,2115,0,0.0912,0.154,1
0.1,tail_heavy,0.5,4,0.5,blind,0.3,5,2500,5.0,4.9826,0.0174,0.349,2500,392,2108,0,0.0944,0.1568,1
0.1,tail_heavy,0.5,4,0.5,blind,0.3,6,2500,5.0,4.9944,0.0056,0.111,2500,383,2117,0,0.0964,0.1532,1
0.1,tail_heavy,0.5,4,0.5,blind,0.5,0,2500,5.0,4.871,0.129,2.58,2500,629,1871,0,0.0888,0.2516,1
0.1,tail_heavy,0.5,4,0.5,blind,0.5,1,2500,5.0,4.87,0.13,2.6,2500,630,1870,0,0.096,0.252,1
0.1,tail_heavy,0.5,4,0.5,blind,0.5,2,2500,5.0,4.862,0.138,2.76,2500,638,1862,0,0.1064,0.2552,1
0.1,tail_heavy,0.5,4,0.5,blind,0.5,3,2500,5.0,4.895,0.105,2.1,2500,605,1895,0,0.0924,0.242,1
0.1,tail_heavy,0.5,4,0.5,blind,0.5,4,2500,5.0,4.834,0.166,3.32,2500,666,1834,0,0.1072,0.2664,1
0.1,tail_heavy,0.5,4,0.5,blind,0.5,5,2500,5.0,4.863,0.137,2.74,2500,637,1863,0,0.0916,0.2548,1
0.1,tail_heavy,0.5,4,0.5,blind,0.5,6,2500,5.0,4.852,0.148,2.96,2500,648,1852,0,0.1012,0.2592,1
0.1,tail_heavy,0.5,4,1.0,blind,0.2,0,2500,5.0,5.5397,-0.5397,-10.794,2500,274,2226,0,0.0976,0.1096,0
0.1,tail_heavy,0.5,4,1.0,blind,0.2,1,2500,5.0,5.5061,-0.5061,-10.122,2500,294,2206,0,0.1104,0.1176,0
0.1,tail_heavy,0.5,4,1.0,blind,0.2,2,2500,5.0,5.5313,-0.5313,-10.626,2500,279,2221,0,0.1032,0.1116,0
0.1,tail_heavy,0.5,4,1.0,blind,0.2,3,2500,5.0,5.5195,-0.5195,-10.39,2500,286,2214,0,0.1012,0.1144,0
0.1,tail_heavy,0.5,4,1.0,blind,0.2,4,2500,5.0,5.5498,-0.5498,-10.995,2500,268,2232,0,0.1028,0.1072,0
0.1,tail_heavy,0.5,4,1.0,blind,0.2,5,2500,5.0,5.5212,-0.5212,-10.424,2500,285,2215,0,0.0904,0.114,0
0.1,tail_heavy,0.5,4,1.0,blind,0.2,6,2500,5.0,5.5111,-0.5111,-10.222,2500,291,2209,0,0.1112,0.1164,0
0.1,tail_heavy,0.5,4,1.0,blind,0.3,0,2500,5.0,5.3616,-0.3616,-7.232,2500,420,2080,0,0.104,0.168,0
0.1,tail_heavy,0.5,4,1.0,blind,0.3,1,2500,5.0,5.3996,-0.3996,-7.992,2500,395,2105,0,0.106,0.158,0
0.1,tail_heavy,0.5,4,1.0,blind,0.3,2,2500,5.0,5.3844,-0.3844,-7.688,2500,405,2095,0,0.1036,0.162,0
0.1,tail_heavy,0.5,4,1.0,blind,0.3,3,2500,5.0,5.3768,-0.3768,-7.536,2500,410,2090,0,0.104,0.164,0
0.1,tail_heavy,0.5,4,1.0,blind,0.3,4,2500,5.0,5.4133,-0.4133,-8.266,2500,386,2114,0,0.1,0.1544,0
0.1,tail_heavy,0.5,4,1.0,blind,0.3,5,2500,5.0,5.4057,-0.4057,-8.114,2500,391,2109,0,0.0976,0.1564,0
0.1,tail_heavy,0.5,4,1.0,blind,0.3,6,2500,5.0,5.4893,-0.4893,-9.786,2500,336,2164,0,0.0836,0.1344,0
0.1,tail_heavy,0.5,4,1.0,blind,0.5,0,2500,5.0,5.2092,-0.2092,-4.184,2500,659,1841,0,0.1068,0.2636,0
0.1,tail_heavy,0.5,4,1.0,blind,0.5,1,2500,5.0,5.2368,-0.2368,-4.736,2500,636,1864,0,0.0992,0.2544,0
0.1,tail_heavy,0.5,4,1.0,blind,0.5,2,2500,5.0,5.22,-0.22,-4.4,2500,650,1850,0,0.1088,0.26,0
0.1,tail_heavy,0.5,4,1.0,blind,0.5,3,2500,5.0,5.274,-0.274,-5.48,2500,605,1895,0,0.0996,0.242,0
0.1,tail_heavy,0.5,4,1.0,blind,0.5,4,2500,5.0,5.2632,-0.2632,-5.264,2500,614,1886,0,0.0968,0.2456,0
0.1,tail_heavy,0.5,4,1.0,blind,0.5,5,2500,5.0,5.2488,-0.2488,-4.976,2500,626,1874,0,0.0952,0.2504,0
0.1,tail_heavy,0.5,4,1.0,blind,0.5,6,2500,5.0,5.2524,-0.2524,-5.048,2500,623,1877,0,0.0908,0.2492,0
0.1,tail_heavy,0.5,4,2.0,blind,0.2,0,2500,5.0,6.4093,-1.4093,-28.186,2500,284,2216,0,0.0996,0.1136,0
0.1,tail_heavy,0.5,4,2.0,blind,0.2,1,2500,5.0,6.3926,-1.3926,-27.853,2500,292,2208,0,0.0988,0.1168,0
0.1,tail_heavy,0.5,4,2.0,blind,0.2,2,2500,5.0,6.3885,-1.3885,-27.77,2500,294,2206,0,0.1012,0.1176,0
0.1,tail_heavy,0.5,4,2.0,blind,0.2,3,2500,5.0,6.4342,-1.4342,-28.685,2500,272,2228,0,0.0932,0.1088,0
0.1,tail_heavy,0.5,4,2.0,blind,0.2,4,2500,5.0,6.3926,-1.3926,-27.853,2500,292,2208,0,0.1052,0.1168,0
0.1,tail_heavy,0.5,4,2.0,blind,0.2,5,2500,5.0,6.4322,-1.4322,-28.643,2500,273,2227,0,0.1024,0.1092,0
0.1,tail_heavy,0.5,4,2.0,blind,0.2,6,2500,5.0,6.3573,-1.3573,-27.146,2500,309,2191,0,0.1088,0.1236,0
0.1,tail_heavy,0.5,4,2.0,blind,0.3,0,2500,5.0,6.184,-1.184,-23.68,2500,425,2075,0,0.1144,0.17,0
0.1,tail_heavy,0.5,4,2.0,blind,0.3,1,2500,5.0,6.2416,-1.2416,-24.832,2500,395,2105,0,0.0972,0.158,0
0.1,tail_heavy,0.5,4,2.0,blind,0.3,2,2500,5.0,6.2435,-1.2435,-24.87,2500,394,2106,0,0.0996,0.1576,0
0.1,tail_heavy,0.5,4,2.0,blind,0.3,3,2500,5.0,6.2358,-1.2358,-24.717,2500,398,2102,0,0.1,0.1592,0
0.1,tail_heavy,0.5,4,2.0,blind,0.3,4,2500,5.0,6.159,-1.159,-23.181,2500,438,2062,0,0.1092,0.1752,0
0.1,tail_heavy,0.5,4,2.0,blind,0.3,5,2500,5.0,6.2032,-1.2032,-24.064,2500,415,2085,0,0.1052,0.166,0
0.1,tail_heavy,0.5,4,2.0,blind,0.3,6,2500,5.0,6.2762,-1.2762,-25.523,2500,377,2123,0,0.0964,0.1508,0
0.1,tail_heavy,0.5,4,2.0,blind,0.5,0,2500,5.0,6.0144,-1.0144,-20.288,2500,616,1884,0,0.0976,0.2464,0
0.1,tail_heavy,0.5,4,2.0,blind,0.5,1,2500,5.0,6.0464,-1.0464,-20.928,2500,596,1904,0,0.0912,0.2384,0
0.1,tail_heavy,0.5,4,2.0,blind,0.5,2,2500,5.0,5.9328,-0.9328,-18.656,2500,667,1833,0,0.0948,0.2668,0
0.1,tail_heavy,0.5,4,2.0,blind,0.5,3,2500,5.0,5.9648,-0.9648,-19.296,2500,647,1853,0,0.0984,0.2588,0
0.1,tail_heavy,0.5,4,2.0,blind,0.5,4,2500,5.0,6.0144,-1.0144,-20.288,2500,616,1884,0,0.1016,0.2464,0
0.1,tail_heavy,0.5,4,2.0,blind,0.5,5,2500,5.0,5.9968,-0.9968,-19.936,2500,627,1873,0,0.0916,0.2508,0
0.1,tail_heavy,0.5,4,2.0,blind,0.5,6,2500,5.0,6.0048,-1.0048,-20.096,2500,622,1878,0,0.0976,0.2488,0
0.1,tail_heavy,0.5,8,0.5,blind,0.2,0,2500,9.0,8.7162,0.2838,3.154,2500,284,2216,0,0.1052,0.1136,1
0.1,tail_heavy,0.5,8,0.5,blind,0.2,1,2500,9.0,8.7079,0.2921,3.246,2500,287,2213,0,0.1108,0.1148,1
0.1,tail_heavy,0.5,8,0.5,blind,0.2,2,2500,9.0,8.7852,0.2148,2.387,2500,259,2241,0,0.0872,0.1036,1
0.1,tail_heavy,0.5,8,0.5,blind,0.2,3,2500,9.0,8.6996,0.3004,3.338,2500,290,2210,0,0.0964,0.116,1
0.1,tail_heavy,0.5,8,0.5,blind,0.2,4,2500,9.0,8.8045,0.1955,2.172,2500,252,2248,0,0.0972,0.1008,1
0.1,tail_heavy,0.5,8,0.5,blind,0.2,5,2500,9.0,8.7658,0.2342,2.602,2500,266,2234,0,0.0944,0.1064,1
0.1,tail_heavy,0.5,8,0.5,blind,0.2,6,2500,9.0,8.7106,0.2894,3.215,2500,286,2214,0,0.1112,0.1144,1
0.1,tail_heavy,0.5,8,0.5,blind,0.3,0,2500,9.0,8.5826,0.4174,4.638,2500,376,2124,0,0.0924,0.1504,1
0.1,tail_heavy,0.5,8,0.5,blind,0.3,1,2500,9.0,8.4459,0.5541,6.156,2500,432,2068,0,0.104,0.1728,1
0.1,tail_heavy,0.5,8,0.5,blind,0.3,2,2500,9.0,8.485,0.515,5.723,2500,416,2084,0,0.0992,0.1664,1
0.1,tail_heavy,0.5,8,0.5,blind,0.3,3,2500,9.0,8.485,0.515,5.723,2500,416,2084,0,0.1076,0.1664,1
0.1,tail_heavy,0.5,8,0.5,blind,0.3,4,2500,9.0,8.485,0.515,5.723,2500,416,2084,0,0.1128,0.1664,1
0.1,tail_heavy,0.5,8,0.5,blind,0.3,5,2500,9.0,8.5801,0.4199,4.665,2500,377,2123,0,0.094,0.1508,1
0.1,tail_heavy,0.5,8,0.5,blind,0.3,6,2500,9.0,8.5118,0.4882,5.424,2500,405,2095,0,0.0988,0.162,1
0.1,tail_heavy,0.5,8,0.5,blind,0.5,0,2500,9.0,8.4146,0.5854,6.504,2500,603,1897,0,0.1004,0.2412,1
0.1,tail_heavy,0.5,8,0.5,blind,0.5,1,2500,9.0,8.3858,0.6142,6.824,2500,619,1881,0,0.096,0.2476,1
0.1,tail_heavy,0.5,8,0.5,blind,0.5,2,2500,9.0,8.3984,0.6016,6.684,2500,612,1888,0,0.0908,0.2448,1
0.1,tail_heavy,0.5,8,0.5,blind,0.5,3,2500,9.0,8.339,0.661,7.344,2500,645,1855,0,0.1092,0.258,1
0.1,tail_heavy,0.5,8,0.5,blind,0.5,4,2500,9.0,8.3714,0.6286,6.984,2500,627,1873,0,0.1052,0.2508,1
0.1,tail_heavy,0.5,8,0.5,blind,0.5,5,2500,9.0,8.3426,0.6574,7.304,2500,643,1857,0,0.0956,0.2572,1
0.1,tail_heavy,0.5,8,0.5,blind,0.5,6,2500,9.0,8.402,0.598,6.644,2500,610,1890,0,0.0984,0.244,1
0.1,tail_heavy,0.5,8,1.0,blind,0.2,0,2500,9.0,9.2955,-0.2955,-3.284,2500,238,2262,0,0.0924,0.0952,0
0.1,tail_heavy,0.5,8,1.0,blind,0.2,1,2500,9.0,9.1742,-0.1742,-1.935,2500,279,2221,0,0.0948,0.1116,0
0.1,tail_heavy,0.5,8,1.0,blind,0.2,2,2500,9.0,9.1179,-0.1179,-1.31,2500,298,2202,0,0.1024,0.1192,0
0.1,tail_heavy,0.5,8,1.0,blind,0.2,3,2500,9.0,9.1949,-0.1949,-2.165,2500,272,2228,0,0.0952,0.1088,0
0.1,tail_heavy,0.5,8,1.0,blind,0.2,4,2500,9.0,9.1327,-0.1327,-1.475,2500,293,2207,0,0.1124,0.1172,0
0.1,tail_heavy,0.5,8,1.0,blind,0.2,5,2500,9.0,9.2156,-0.2156,-2.396,2500,265,2235,0,0.106,0.106,0
0.1,tail_heavy,0.5,8,1.0,blind,0.2,6,2500,9.0,9.1712,-0.1712,-1.902,2500,280,2220,0,0.096,0.112,0
0.1,tail_heavy,0.5,8,1.0,blind,0.3,0,2500,9.0,8.9414,0.0586,0.652,2500,401,2099,0,0.0996,0.1604,1
0.1,tail_heavy,0.5,8,1.0,blind,0.3,1,2500,9.0,9.0338,-0.0338,-0.375,2500,366,2134,0,0.0904,0.1464,0
0.1,tail_heavy,0.5,8,1.0,blind,0.3,2,2500,9.0,8.9572,0.0428,0.476,2500,395,2105,0,0.094,0.158,1
0.1,tail_heavy,0.5,8,1.0,blind,0.3,3,2500,9.0,8.8754,0.1246,1.385,2500,426,2074,0,0.0952,0.1704,1
0.1,tail_heavy,0.5,8,1.0,blind,0.3,4,2500,9.0,8.915,0.085,0.945,2500,411,2089,0,0.1084,0.1644,1
0.1,tail_heavy,0.5,8,1.0,blind,0.3,5,2500,9.0,8.9466,0.0534,0.593,2500,399,2101,0,0.0964,0.1596,1
0.1,tail_heavy,0.5,8,1.0,blind,0.3,6,2500,9.0,8.9519,0.0481,0.534,2500,397,2103,0,0.0984,0.1588,1
0.1,tail_heavy,0.5,8,1.0,blind,0.5,0,2500,9.0,8.76,0.24,2.667,2500,620,1880,0,0.0972,0.248,1
0.1,tail_heavy,0.5,8,1.0,blind,0.5,1,2500,9.0,8.7,0.3,3.333,2500,650,1850,0,0.098,0.26,1
0.1,tail_heavy,0.5,8,1.0,blind,0.5,2,2500,9.0,8.708,0.292,3.244,2500,646,1854,0,0.102,0.2584,1
0.1,tail_heavy,0.5,8,1.0,blind,0.5,3,2500,9.0,8.778,0.222,2.467,2500,611,1889,0,0.098,0.2444,1
0.1,tail_heavy,0.5,8,1.0,blind,0.5,4,2500,9.0,8.692,0.308,3.422,2500,654,1846,0,0.1056,0.2616,1
0.1,tail_heavy,0.5,8,1.0,blind,0.5,5,2500,9.0,8.764,0.236,2.622,2500,618,1882,0,0.0924,0.2472,1
0.1,tail_heavy,0.5,8,1.0,blind,0.5,6,2500,9.0,8.722,0.278,3.089,2500,639,1861,0,0.0996,0.2556,1
0.1,tail_heavy,0.5,8,2.0,blind,0.2,0,2500,9.0,10.1197,-1.1197,-12.441,2500,262,2238,0,0.0944,0.1048,0
0.1,tail_heavy,0.5,8,2.0,blind,0.2,1,2500,9.0,10.1062,-1.1062,-12.292,2500,266,2234,0,0.1,0.1064,0
0.1,tail_heavy,0.5,8,2.0,blind,0.2,2,2500,9.0,10.0491,-1.0491,-11.657,2500,283,2217,0,0.1056,0.1132,0
0.1,tail_heavy,0.5,8,2.0,blind,0.2,3,2500,9.0,10.1634,-1.1634,-12.926,2500,249,2251,0,0.0972,0.0996,0
0.1,tail_heavy,0.5,8,2.0,blind,0.2,4,2500,9.0,10.1029,-1.1029,-12.254,2500,267,2233,0,0.1088,0.1068,0
0.1,tail_heavy,0.5,8,2.0,blind,0.2,5,2500,9.0,9.9886,-0.9886,-10.985,2500,301,2199,0,0.1056,0.1204,0
0.1,tail_heavy,0.5,8,2.0,blind,0.2,6,2500,9.0,10.0626,-1.0626,-11.806,2500,279,2221,0,0.1056,0.1116,0
0.1,tail_heavy,0.5,8,2.0,blind,0.3,0,2500,9.0,9.8722,-0.8722,-9.691,2500,371,2129,0,0.0948,0.1484,0
0.1,tail_heavy,0.5,8,2.0,blind,0.3,1,2500,9.0,9.7718,-0.7718,-8.576,2500,404,2096,0,0.0988,0.1616,0
0.1,tail_heavy,0.5,8,2.0,blind,0.3,2,2500,9.0,9.7658,-0.7658,-8.508,2500,406,2094,0,0.104,0.1624,0
0.1,tail_heavy,0.5,8,2.0,blind,0.3,3,2500,9.0,9.781,-0.781,-8.677,2500,401,2099,0,0.1072,0.1604,0
0.1,tail_heavy,0.5,8,2.0,blind,0.3,4,2500,9.0,9.8448,-0.8448,-9.387,2500,380,2120,0,0.0912,0.152,0
0.1,tail_heavy,0.5,8,2.0,blind,0.3,5,2500,9.0,9.7506,-0.7506,-8.34,2500,411,2089,0,0.1048,0.1644,0
0.1,tail_heavy,0.5,8,2.0,blind,0.3,6,2500,9.0,9.7202,-0.7202,-8.002,2500,421,2079,0,0.0992,0.1684,0
0.1,tail_heavy,0.5,8,2.0,blind,0.5,0,2500,9.0,9.5024,-0.5024,-5.582,2500,624,1876,0,0.1024,0.2496,0
0.1,tail_heavy,0.5,8,2.0,blind,0.5,1,2500,9.0,9.4904,-0.4904,-5.449,2500,629,1871,0,0.0912,0.2516,0
0.1,tail_heavy,0.5,8,2.0,blind,0.5,2,2500,9.0,9.4928,-0.4928,-5.476,2500,628,1872,0,0.0936,0.2512,0
0.1,tail_heavy,0.5,8,2.0,blind,0.5,3,2500,9.0,9.4712,-0.4712,-5.236,2500,637,1863,0,0.0956,0.2548,0
0.1,tail_heavy,0.5,8,2.0,blind,0.5,4,2500,9.0,9.536,-0.536,-5.956,2500,610,1890,0,0.1056,0.244,0
0.1,tail_heavy,0.5,8,2.0,blind,0.5,5,2500,9.0,9.5024,-0.5024,-5.582,2500,624,1876,0,0.104,0.2496,0
0.1,tail_heavy,0.5,8,2.0,blind,0.5,6,2500,9.0,9.4976,-0.4976,-5.529,2500,626,1874,0,0.0992,0.2504,0
0.3,uniform_heavy,0.5,0.25,0.5,blind,0.2,0,2500,1.25,1.5616,-0.3116,-24.925,2500,673,1827,0,0.3092,0.2692,0
0.3,uniform_heavy,0.5,0.25,0.5,blind,0.2,1,2500,1.25,1.5652,-0.3152,-25.216,2500,660,1840,0,0.3012,0.264,0
0.3,uniform_heavy,0.5,0.25,0.5,blind,0.2,2,2500,1.25,1.5574,-0.3074,-24.589,2500,688,1812,0,0.3096,0.2752,0
0.3,uniform_heavy,0.5,0.25,0.5,blind,0.2,3,2500,1.25,1.575,-0.325,-26.0,2500,625,1875,0,0.2984,0.25,0
0.3,uniform_heavy,0.5,0.25,0.5,blind,0.2,4,2500,1.25,1.5585,-0.3085,-24.678,2500,684,1816,0,0.3128,0.2736,0
0.3,uniform_heavy,0.5,0.25,0.5,blind,0.2,5,2500,1.25,1.5641,-0.3141,-25.126,2500,664,1836,0,0.3052,0.2656,0
0.3,uniform_heavy,0.5,0.25,0.5,blind,0.2,6,2500,1.25,1.5562,-0.3062,-24.499,2500,692,1808,0,0.2992,0.2768,0
0.3,uniform_heavy,0.5,0.25,0.5,blind,0.3,0,2500,1.25,1.4884,-0.2384,-19.07,2500,969,1531,0,0.3016,0.3876,0
0.3,uniform_heavy,0.5,0.25,0.5,blind,0.3,1,2500,1.25,1.493,-0.243,-19.437,2500,952,1548,0,0.3044,0.3808,0
0.3,uniform_heavy,0.5,0.25,0.5,blind,0.3,2,2500,1.25,1.4886,-0.2386,-19.091,2500,968,1532,0,0.2988,0.3872,0
0.3,uniform_heavy,0.5,0.25,0.5,blind,0.3,3,2500,1.25,1.4973,-0.2473,-19.782,2500,936,1564,0,0.2932,0.3744,0
0.3,uniform_heavy,0.5,0.25,0.5,blind,0.3,4,2500,1.25,1.4992,-0.2492,-19.934,2500,929,1571,0,0.2876,0.3716,0
0.3,uniform_heavy,0.5,0.25,0.5,blind,0.3,5,2500,1.25,1.4897,-0.2397,-19.178,2500,964,1536,0,0.308,0.3856,0
0.3,uniform_heavy,0.5,0.25,0.5,blind,0.3,6,2500,1.25,1.4849,-0.2349,-18.789,2500,982,1518,0,0.32,0.3928,0
0.3,uniform_heavy,0.5,0.25,0.5,blind,0.5,0,2500,1.25,1.4158,-0.1658,-13.26,2500,1337,1163,0,0.2924,0.5348,0
0.3,uniform_heavy,0.5,0.25,0.5,blind,0.5,1,2500,1.25,1.406,-0.156,-12.48,2500,1376,1124,0,0.302,0.5504,0
0.3,uniform_heavy,0.5,0.25,0.5,blind,0.5,2,2500,1.25,1.4083,-0.1583,-12.66,2500,1367,1133,0,0.3004,0.5468,0
0.3,uniform_heavy,0.5,0.25,0.5,blind,0.5,3,2500,1.25,1.41,-0.16,-12.8,2500,1360,1140,0,0.3072,0.544,0
0.3,uniform_heavy,0.5,0.25,0.5,blind,0.5,4,2500,1.25,1.4158,-0.1658,-13.26,2500,1337,1163,0,0.2764,0.5348,0
0.3,uniform_heavy,0.5,0.25,0.5,blind,0.5,5,2500,1.25,1.4165,-0.1665,-13.32,2500,1334,1166,0,0.2824,0.5336,0
0.3,uniform_heavy,0.5,0.25,0.5,blind,0.5,6,2500,1.25,1.4112,-0.1612,-12.9,2500,1355,1145,0,0.294,0.542,0
0.3,uniform_heavy,0.5,0.25,1.0,blind,0.2,0,2500,1.25,1.9298,-0.6798,-54.387,2500,667,1833,0,0.282,0.2668,0
0.3,uniform_heavy,0.5,0.25,1.0,blind,0.2,1,2500,1.25,1.9274,-0.6774,-54.195,2500,672,1828,0,0.302,0.2688,0
0.3,uniform_heavy,0.5,0.25,1.0,blind,0.2,2,2500,1.25,1.9414,-0.6914,-55.309,2500,643,1857,0,0.2932,0.2572,0
0.3,uniform_heavy,0.5,0.25,1.0,blind,0.2,3,2500,1.25,1.9078,-0.6578,-52.621,2500,713,1787,0,0.314,0.2852,0
0.3,uniform_heavy,0.5,0.25,1.0,blind,0.2,4,2500,1.25,1.9356,-0.6856,-54.848,2500,655,1845,0,0.3128,0.262,0
0.3,uniform_heavy,0.5,0.25,1.0,blind,0.2,5,2500,1.25,1.9183,-0.6683,-53.466,2500,691,1809,0,0.2996,0.2764,0
0.3,uniform_heavy,0.5,0.25,1.0,blind,0.2,6,2500,1.25,1.939,-0.689,-55.117,2500,648,1852,0,0.29,0.2592,0
0.3,uniform_heavy,0.5,0.25,1.0,blind,0.3,0,2500,1.25,1.7988,-0.5488,-43.904,2500,960,1540,0,0.29,0.384,0
0.3,uniform_heavy,0.5,0.25,1.0,blind,0.3,1,2500,1.25,1.787,-0.537,-42.964,2500,985,1515,0,0.3056,0.394,0
0.3,uniform_heavy,0.5,0.25,1.0,blind,0.3,2,2500,1.25,1.7974,-0.5474,-43.791,2500,963,1537,0,0.3096,0.3852,0
0.3,uniform_heavy,0.5,0.25,1.0,blind,0.3,3,2500,1.25,1.7964,-0.5464,-43.716,2500,965,1535,0,0.2888,0.386,0
0.3,uniform_heavy,0.5,0.25,1.0,blind,0.3,4,2500,1.25,1.8124,-0.5624,-44.994,2500,931,1569,0,0.284,0.3724,0
0.3,uniform_heavy,0.5,0.25,1.0,blind,0.3,5,2500,1.25,1.8007,-0.5507,-44.054,2500,956,1544,0,0.2944,0.3824,0
0.3,uniform_heavy,0.5,0.25,1.0,blind,0.3,6,2500,1.25,1.8021,-0.5521,-44.167,2500,953,1547,0,0.2816,0.3812,0
0.3,uniform_heavy,0.5,0.25,1.0,blind,0.5,0,2500,1.25,1.6429,-0.3929,-31.436,2500,1349,1151,0,0.304,0.5396,0
0.3,uniform_heavy,0.5,0.25,1.0,blind,0.5,1,2500,1.25,1.6366,-0.3866,-30.932,2500,1363,1137,0,0.3,0.5452,0
0.3,uniform_heavy,0.5,0.25,1.0,blind,0.5,2,2500,1.25,1.6384,-0.3884,-31.076,2500,1359,1141,0,0.2972,0.5436,0
0.3,uniform_heavy,0.5,0.25,1.0,blind,0.5,3,2500,1.25,1.6358,-0.3858,-30.86,2500,1365,1135,0,0.2956,0.546,0
0.3,uniform_heavy,0.5,0.25,1.0,blind,0.5,4,2500,1.25,1.6421,-0.3921,-31.364,2500,1351,1149,0,0.2912,0.5404,0
0.3,uniform_heavy,0.5,0.25,1.0,blind,0.5,5,2500,1.25,1.6546,-0.4046,-32.372,2500,1323,1177,0,0.2964,0.5292,0
0.3,uniform_heavy,0.5,0.25,1.0,blind,0.5,6,2500,1.25,1.6528,-0.4028,-32.228,2500,1327,1173,0,0.2912,0.5308,0
0.3,uniform_heavy,0.5,0.25,2.0,blind,0.2,0,2500,1.25,2.6402,-1.3902,-111.213,2500,693,1807,0,0.314,0.2772,0
0.3,uniform_heavy,0.5,0.25,2.0,blind,0.2,1,2500,1.25,2.6481,-1.3981,-111.846,2500,684,1816,0,0.3112,0.2736,0
0.3,uniform_heavy,0.5,0.25,2.0,blind,0.2,2,2500,1.25,2.663,-1.413,-113.043,2500,667,1833,0,0.29,0.2668,0
0.3,uniform_heavy,0.5,0.25,2.0,blind,0.2,3,2500,1.25,2.685,-1.435,-114.803,2500,642,1858,0,0.292,0.2568,0
0.3,uniform_heavy,0.5,0.25,2.0,blind,0.2,4,2500,1.25,2.6648,-1.4148,-113.184,2500,665,1835,0,0.292,0.266,0
0.3,uniform_heavy,0.5,0.25,2.0,blind,0.2,5,2500,1.25,2.6824,-1.4324,-114.592,2500,645,1855,0,0.306,0.258,0
0.3,uniform_heavy,0.5,0.25,2.0,blind,0.2,6,2500,1.25,2.6331,-1.3831,-110.65,2500,701,1799,0,0.3012,0.2804,0
0.3,uniform_heavy,0.5,0.25,2.0,blind,0.3,0,2500,1.25,2.4365,-1.1865,-94.924,2500,935,1565,0,0.2876,0.374,0
0.3,uniform_heavy,0.5,0.25,2.0,blind,0.3,1,2500,1.25,2.4722,-1.2222,-97.778,2500,894,1606,0,0.2952,0.3576,0
0.3,uniform_heavy,0.5,0.25,2.0,blind,0.3,2,2500,1.25,2.4165,-1.1665,-93.323,2500,958,1542,0,0.3056,0.3832,0
0.3,uniform_heavy,0.5,0.25,2.0,blind,0.3,3,2500,1.25,2.4131,-1.1631,-93.045,2500,962,1538,0,0.3048,0.3848,0
0.3,uniform_heavy,0.5,0.25,2.0,blind,0.3,4,2500,1.25,2.4044,-1.1544,-92.349,2500,972,1528,0,0.284,0.3888,0
0.3,uniform_heavy,0.5,0.25,2.0,blind,0.3,5,2500,1.25,2.4261,-1.1761,-94.089,2500,947,1553,0,0.2904,0.3788,0
0.3,uniform_heavy,0.5,0.25,2.0,blind,0.3,6,2500,1.25,2.3774,-1.1274,-90.191,2500,1003,1497,0,0.3076,0.4012,0
0.3,uniform_heavy,0.5,0.25,2.0,blind,0.5,0,2500,1.25,2.0897,-0.8397,-67.18,2500,1365,1135,0,0.304,0.546,0
0.3,uniform_heavy,0.5,0.25,2.0,blind,0.5,1,2500,1.25,2.1136,-0.8636,-69.084,2500,1337,1163,0,0.3024,0.5348,0
0.3,uniform_heavy,0.5,0.25,2.0,blind,0.5,2,2500,1.25,2.1136,-0.8636,-69.084,2500,1337,1163,0,0.2836,0.5348,0
0.3,uniform_heavy,0.5,0.25,2.0,blind,0.5,3,2500,1.25,2.0829,-0.8329,-66.636,2500,1373,1127,0,0.3048,0.5492,0
0.3,uniform_heavy,0.5,0.25,2.0,blind,0.5,4,2500,1.25,2.0574,-0.8074,-64.596,2500,1403,1097,0,0.3032,0.5612,0
0.3,uniform_heavy,0.5,0.25,2.0,blind,0.5,5,2500,1.25,2.1374,-0.8874,-70.988,2500,1309,1191,0,0.2868,0.5236,0
0.3,uniform_heavy,0.5,0.25,2.0,blind,0.5,6,2500,1.25,2.0728,-0.8228,-65.82,2500,1385,1115,0,0.322,0.554,0
0.3,uniform_heavy,0.5,0.5,0.5,blind,0.2,0,2500,1.5,1.7484,-0.2484,-16.557,2500,699,1801,0,0.2956,0.2796,0
0.3,uniform_heavy,0.5,0.5,0.5,blind,0.2,1,2500,1.5,1.7484,-0.2484,-16.557,2500,699,1801,0,0.31,0.2796,0
0.3,uniform_heavy,0.5,0.5,0.5,blind,0.2,2,2500,1.5,1.7563,-0.2563,-17.085,2500,677,1823,0,0.3104,0.2708,0
0.3,uniform_heavy,0.5,0.5,0.5,blind,0.2,3,2500,1.5,1.7682,-0.2682,-17.877,2500,644,1856,0,0.3012,0.2576,0
0.3,uniform_heavy,0.5,0.5,0.5,blind,0.2,4,2500,1.5,1.7574,-0.2574,-17.157,2500,674,1826,0,0.3012,0.2696,0
0.3,uniform_heavy,0.5,0.5,0.5,blind,0.2,5,2500,1.5,1.743,-0.243,-16.197,2500,714,1786,0,0.3112,0.2856,0
0.3,uniform_heavy,0.5,0.5,0.5,blind,0.2,6,2500,1.5,1.7563,-0.2563,-17.085,2500,677,1823,0,0.3084,0.2708,0
0.3,uniform_heavy,0.5,0.5,0.5,blind,0.3,0,2500,1.5,1.6841,-0.1841,-12.276,2500,929,1571,0,0.2928,0.3716,0
0.3,uniform_heavy,0.5,0.5,0.5,blind,0.3,1,2500,1.5,1.6855,-0.1855,-12.367,2500,925,1575,0,0.2908,0.37,0
0.3,uniform_heavy,0.5,0.5,0.5,blind,0.3,2,2500,1.5,1.6736,-0.1736,-11.573,2500,960,1540,0,0.2992,0.384,0
0.3,uniform_heavy,0.5,0.5,0.5,blind,0.3,3,2500,1.5,1.6716,-0.1716,-11.437,2500,966,1534,0,0.2992,0.3864,0
0.3,uniform_heavy,0.5,0.5,0.5,blind,0.3,4,2500,1.5,1.6821,-0.1821,-12.14,2500,935,1565,0,0.3072,0.374,0
0.3,uniform_heavy,0.5,0.5,0.5,blind,0.3,5,2500,1.5,1.6614,-0.1614,-10.757,2500,996,1504,0,0.3096,0.3984,0
0.3,uniform_heavy,0.5,0.5,0.5,blind,0.3,6,2500,1.5,1.6889,-0.1889,-12.593,2500,915,1585,0,0.2948,0.366,0
0.3,uniform_heavy,0.5,0.5,0.5,blind,0.5,0,2500,1.5,1.6034,-0.1034,-6.893,2500,1322,1178,0,0.314,0.5288,0
0.3,uniform_heavy,0.5,0.5,0.5,blind,0.5,1,2500,1.5,1.5929,-0.0929,-6.193,2500,1357,1143,0,0.3008,0.5428,0
0.3,uniform_heavy,0.5,0.5,0.5,blind,0.5,2,2500,1.5,1.5767,-0.0767,-5.113,2500,1411,1089,0,0.3176,0.5644,0
0.3,uniform_heavy,0.5,0.5,0.5,blind,0.5,3,2500,1.5,1.592,-0.092,-6.133,2500,1360,1140,0,0.3044,0.544,0
0.3,uniform_heavy,0.5,0.5,0.5,blind,0.5,4,2500,1.5,1.6031,-0.1031,-6.873,2500,1323,1177,0,0.2884,0.5292,0
0.3,uniform_heavy,0.5,0.5,0.5,blind,0.5,5,2500,1.5,1.592,-0.092,-6.133,2500,1360,1140,0,0.3,0.544,0
0.3,uniform_heavy,0.5,0.5,0.5,blind,0.5,6,2500,1.5,1.5911,-0.0911,-6.073,2500,1363,1137,0,0.2976,0.5452,0
0.3,uniform_heavy,0.5,0.5,1.0,blind,0.2,0,2500,1.5,2.1276,-0.6276,-41.84,2500,665,1835,0,0.3024,0.266,0
0.3,uniform_heavy,0.5,0.5,1.0,blind,0.2,1,2500,1.5,2.1399,-0.6399,-42.661,2500,643,1857,0,0.2984,0.2572,0
0.3,uniform_heavy,0.5,0.5,1.0,blind,0.2,2,2500,1.5,2.1209,-0.6209,-41.392,2500,677,1823,0,0.3088,0.2708,0
0.3,uniform_heavy,0.5,0.5,1.0,blind,0.2,3,2500,1.5,2.1287,-0.6287,-41.915,2500,663,1837,0,0.3076,0.2652,0
0.3,uniform_heavy,0.5,0.5,1.0,blind,0.2,4,2500,1.5,2.1377,-0.6377,-42.512,2500,647,1853,0,0.2948,0.2588,0
0.3,uniform_heavy,0.5,0.5,1.0,blind,0.2,5,2500,1.5,2.131,-0.631,-42.064,2500,659,1841,0,0.2884,0.2636,0
0.3,uniform_heavy,0.5,0.5,1.0,blind,0.2,6,2500,1.5,2.113,-0.613,-40.869,2500,691,1809,0,0.3048,0.2764,0
0.3,uniform_heavy,0.5,0.5,1.0,blind,0.3,0,2500,1.5,1.9654,-0.4654,-31.027,2500,990,1510,0,0.294,0.396,0
0.3,uniform_heavy,0.5,0.5,1.0,blind,0.3,1,2500,1.5,1.9589,-0.4589,-30.595,2500,1002,1498,0,0.3116,0.4008,0
0.3,uniform_heavy,0.5,0.5,1.0,blind,0.3,2,2500,1.5,1.9843,-0.4843,-32.287,2500,955,1545,0,0.2816,0.382,0
0.3,uniform_heavy,0.5,0.5,1.0,blind,0.3,3,2500,1.5,1.9951,-0.4951,-33.007,2500,935,1565,0,0.2864,0.374,0
0.3,uniform_heavy,0.5,0.5,1.0,blind,0.3,4,2500,1.5,1.9789,-0.4789,-31.927,2500,965,1535,0,0.3076,0.386,0
0.3,uniform_heavy,0.5,0.5,1.0,blind,0.3,5,2500,1.5,1.9848,-0.4848,-32.323,2500,954,1546,0,0.298,0.3816,0
0.3,uniform_heavy,0.5,0.5,1.0,blind,0.3,6,2500,1.5,1.9994,-0.4994,-33.295,2500,927,1573,0,0.2928,0.3708,0
0.3,uniform_heavy,0.5,0.5,1.0,blind,0.5,0,2500,1.5,1.8155,-0.3155,-21.033,2500,1369,1131,0,0.3008,0.5476,0
0.3,uniform_heavy,0.5,0.5,1.0,blind,0.5,1,2500,1.5,1.8315,-0.3315,-22.1,2500,1337,1163,0,0.2912,0.5348,0
0.3,uniform_heavy,0.5,0.5,1.0,blind,0.5,2,2500,1.5,1.8245,-0.3245,-21.633,2500,1351,1149,0,0.304,0.5404,0
0.3,uniform_heavy,0.5,0.5,1.0,blind,0.5,3,2500,1.5,1.837,-0.337,-22.467,2500,1326,1174,0,0.2968,0.5304,0
0.3,uniform_heavy,0.5,0.5,1.0,blind,0.5,4,2500,1.5,1.8345,-0.3345,-22.3,2500,1331,1169,0,0.3056,0.5324,0
0.3,uniform_heavy,0.5,0.5,1.0,blind,0.5,5,2500,1.5,1.841,-0.341,-22.733,2500,1318,1182,0,0.2988,0.5272,0
0.3,uniform_heavy,0.5,0.5,1.0,blind,0.5,6,2500,1.5,1.829,-0.329,-21.933,2500,1342,1158,0,0.3052,0.5368,0
0.3,uniform_heavy,0.5,0.5,2.0,blind,0.2,0,2500,1.5,2.8414,-1.3414,-89.429,2500,686,1814,0,0.3,0.2744,0
0.3,uniform_heavy,0.5,0.5,2.0,blind,0.2,1,2500,1.5,2.8395,-1.3395,-89.301,2500,688,1812,0,0.2928,0.2752,0
0.3,uniform_heavy,0.5,0.5,2.0,blind,0.2,2,2500,1.5,2.8386,-1.3386,-89.237,2500,689,1811,0,0.3012,0.2756,0
0.3,uniform_heavy,0.5,0.5,2.0,blind,0.2,3,2500,1.5,2.8338,-1.3338,-88.917,2500,694,1806,0,0.2932,0.2776,0
0.3,uniform_heavy,0.5,0.5,2.0,blind,0.2,4,2500,1.5,2.877,-1.377,-91.797,2500,649,1851,0,0.2996,0.2596,0
0.3,uniform_heavy,0.5,0.5,2.0,blind,0.2,5,2500,1.5,2.8174,-1.3174,-87.829,2500,711,1789,0,0.3112,0.2844,0
0.3,uniform_heavy,0.5,0.5,2.0,blind,0.2,6,2500,1.5,2.876,-1.376,-91.733,2500,650,1850,0,0.2988,0.26,0
0.3,uniform_heavy,0.5,0.5,2.0,blind,0.3,0,2500,1.5,2.5891,-1.0891,-72.609,2500,969,1531,0,0.2948,0.3876,0
0.3,uniform_heavy,0.5,0.5,2.0,blind,0.3,1,2500,1.5,2.575,-1.075,-71.669,2500,984,1516,0,0.3172,0.3936,0
0.3,uniform_heavy,0.5,0.5,2.0,blind,0.3,2,2500,1.5,2.6042,-1.1042,-73.612,2500,953,1547,0,0.3028,0.3812,0
0.3,uniform_heavy,0.5,0.5,2.0,blind,0.3,3,2500,1.5,2.6155,-1.1155,-74.364,2500,941,1559,0,0.288,0.3764,0
0.3,uniform_heavy,0.5,0.5,2.0,blind,0.3,4,2500,1.5,2.5985,-1.0985,-73.236,2500,959,1541,0,0.288,0.3836,0
0.3,uniform_heavy,0.5,0.5,2.0,blind,0.3,5,2500,1.5,2.6061,-1.1061,-73.737,2500,951,1549,0,0.3048,0.3804,0
0.3,uniform_heavy,0.5,0.5,2.0,blind,0.3,6,2500,1.5,2.6173,-1.1173,-74.489,2500,939,1561,0,0.2936,0.3756,0
0.3,uniform_heavy,0.5,0.5,2.0,blind,0.5,0,2500,1.5,2.2787,-0.7787,-51.913,2500,1357,1143,0,0.3004,0.5428,0
0.3,uniform_heavy,0.5,0.5,2.0,blind,0.5,1,2500,1.5,2.3111,-0.8111,-54.073,2500,1321,1179,0,0.3032,0.5284,0
0.3,uniform_heavy,0.5,0.5,2.0,blind,0.5,2,2500,1.5,2.2958,-0.7958,-53.053,2500,1338,1162,0,0.308,0.5352,0
0.3,uniform_heavy,0.5,0.5,2.0,blind,0.5,3,2500,1.5,2.2445,-0.7445,-49.633,2500,1395,1105,0,0.3132,0.558,0
0.3,uniform_heavy,0.5,0.5,2.0,blind,0.5,4,2500,1.5,2.3219,-0.8219,-54.793,2500,1309,1191,0,0.2856,0.5236,0
0.3,uniform_heavy,0.5,0.5,2.0,blind,0.5,5,2500,1.5,2.2652,-0.7652,-51.013,2500,1372,1128,0,0.282,0.5488,0
0.3,uniform_heavy,0.5,0.5,2.0,blind,0.5,6,2500,1.5,2.3111,-0.8111,-54.073,2500,1321,1179,0,0.2824,0.5284,0
0.3,uniform_heavy,0.5,1,0.5,blind,0.2,0,2500,2.0,2.1766,-0.1766,-8.828,2500,622,1878,0,0.296,0.2488,0
0.3,uniform_heavy,0.5,1,0.5,blind,0.2,1,2500,2.0,2.1532,-0.1532,-7.658,2500,667,1833,0,0.2904,0.2668,0
0.3,uniform_heavy,0.5,1,0.5,blind,0.2,2,2500,2.0,2.1495,-0.1495,-7.476,2500,674,1826,0,0.2992,0.2696,0
0.3,uniform_heavy,0.5,1,0.5,blind,0.2,3,2500,2.0,2.1474,-0.1474,-7.372,2500,678,1822,0,0.29,0.2712,0
0.3,uniform_heavy,0.5,1,0.5,blind,0.2,4,2500,2.0,2.1334,-0.1334,-6.67,2500,705,1795,0,0.2984,0.282,0
0.3,uniform_heavy,0.5,1,0.5,blind,0.2,5,2500,2.0,2.163,-0.163,-8.152,2500,648,1852,0,0.3056,0.2592,0
0.3,uniform_heavy,0.5,1,0.5,blind,0.2,6,2500,2.0,2.149,-0.149,-7.45,2500,675,1825,0,0.2904,0.27,0
0.3,uniform_heavy,0.5,1,0.5,blind,0.3,0,2500,2.0,2.0411,-0.0411,-2.056,2500,956,1544,0,0.3072,0.3824,0
0.3,uniform_heavy,0.5,1,0.5,blind,0.3,1,2500,2.0,2.0277,-0.0277,-1.384,2500,984,1516,0,0.3004,0.3936,0
0.3,uniform_heavy,0.5,1,0.5,blind,0.3,2,2500,2.0,2.0368,-0.0368,-1.84,2500,965,1535,0,0.2992,0.386,0
0.3,uniform_heavy,0.5,1,0.5,blind,0.3,3,2500,2.0,2.0286,-0.0286,-1.432,2500,982,1518,0,0.2972,0.3928,0
0.3,uniform_heavy,0.5,1,0.5,blind,0.3,4,2500,2.0,2.0267,-0.0267,-1.336,2500,986,1514,0,0.3128,0.3944,0
0.3,uniform_heavy,0.5,1,0.5,blind,0.3,5,2500,2.0,2.0162,-0.0162,-0.808,2500,1008,1492,0,0.3204,0.4032,0
0.3,uniform_heavy,0.5,1,0.5,blind,0.3,6,2500,2.0,2.0387,-0.0387,-1.936,2500,961,1539,0,0.296,0.3844,0
0.3,uniform_heavy,0.5,1,0.5,blind,0.5,0,2500,2.0,1.9668,0.0332,1.66,2500,1333,1167,0,0.3052,0.5332,1
0.3,uniform_heavy,0.5,1,0.5,blind,0.5,1,2500,2.0,1.9608,0.0392,1.96,2500,1348,1152,0,0.3012,0.5392,1
0.3,uniform_heavy,0.5,1,0.5,blind,0.5,2,2500,2.0,1.9552,0.0448,2.24,2500,1362,1138,0,0.3096,0.5448,1
0.3,uniform_heavy,0.5,1,0.5,blind,0.5,3,2500,2.0,1.9576,0.0424,2.12,2500,1356,1144,0,0.2992,0.5424,1
0.3,uniform_heavy,0.5,1,0.5,blind,0.5,4,2500,2.0,1.9408,0.0592,2.96,2500,1398,1102,0,0.3136,0.5592,1
0.3,uniform_heavy,0.5,1,0.5,blind,0.5,5,2500,2.0,1.9708,0.0292,1.46,2500,1323,1177,0,0.3016,0.5292,1
0.3,uniform_heavy,0.5,1,0.5,blind,0.5,6,2500,2.0,1.95,0.05,2.5,2500,1375,1125,0,0.2932,0.55,1
0.3,uniform_heavy,0.5,1,1.0,blind,0.2,0,2500,2.0,2.5104,-0.5104,-25.52,2500,680,1820,0,0.2996,0.272,0
0.3,uniform_heavy,0.5,1,1.0,blind,0.2,1,2500,2.0,2.5198,-0.5198,-25.988,2500,667,1833,0,0.2944,0.2668,0
0.3,uniform_heavy,0.5,1,1.0,blind,0.2,2,2500,2.0,2.5262,-0.5262,-26.312,2500,658,1842,0,0.2952,0.2632,0
0.3,uniform_heavy,0.5,1,1.0,blind,0.2,3,2500,2.0,2.5176,-0.5176,-25.88,2500,670,1830,0,0.3008,0.268,0
0.3,uniform_heavy,0.5,1,1.0,blind,0.2,4,2500,2.0,2.5154,-0.5154,-25.772,2500,673,1827,0,0.2956,0.2692,0
0.3,uniform_heavy,0.5,1,1.0,blind,0.2,5,2500,2.0,2.5241,-0.5241,-26.204,2500,661,1839,0,0.2868,0.2644,0
0.3,uniform_heavy,0.5,1,1.0,blind,0.2,6,2500,2.0,2.4895,-0.4895,-24.476,2500,709,1791,0,0.298,0.2836,0
0.3,uniform_heavy,0.5,1,1.0,blind,0.3,0,2500,2.0,2.356,-0.356,-17.802,2500,947,1553,0,0.2868,0.3788,0
0.3,uniform_heavy,0.5,1,1.0,blind,0.3,1,2500,2.0,2.3785,-0.3785,-18.924,2500,914,1586,0,0.29,0.3656,0
0.3,uniform_heavy,0.5,1,1.0,blind,0.3,2,2500,2.0,2.3628,-0.3628,-18.142,2500,937,1563,0,0.2952,0.3748,0
0.3,uniform_heavy,0.5,1,1.0,blind,0.3,3,2500,2.0,2.3499,-0.3499,-17.496,2500,956,1544,0,0.2996,0.3824,0
0.3,uniform_heavy,0.5,1,1.0,blind,0.3,4,2500,2.0,2.356,-0.356,-17.802,2500,947,1553,0,0.3,0.3788,0
0.3,uniform_heavy,0.5,1,1.0,blind,0.3,5,2500,2.0,2.3261,-0.3261,-16.306,2500,991,1509,0,0.3044,0.3964,0
0.3,uniform_heavy,0.5,1,1.0,blind,0.3,6,2500,2.0,2.339,-0.339,-16.952,2500,972,1528,0,0.2988,0.3888,0
0.3,uniform_heavy,0.5,1,1.0,blind,0.5,0,2500,2.0,2.2038,-0.2038,-10.19,2500,1327,1173,0,0.2968,0.5308,0
0.3,uniform_heavy,0.5,1,1.0,blind,0.5,1,2500,2.0,2.1942,-0.1942,-9.71,2500,1343,1157,0,0.3044,0.5372,0
0.3,uniform_heavy,0.5,1,1.0,blind,0.5,2,2500,2.0,2.1684,-0.1684,-8.42,2500,1386,1114,0,0.2992,0.5544,0
0.3,uniform_heavy,0.5,1,1.0,blind,0.5,3,2500,2.0,2.196,-0.196,-9.8,2500,1340,1160,0,0.3,0.536,0
0.3,uniform_heavy,0.5,1,1.0,blind,0.5,4,2500,2.0,2.1948,-0.1948,-9.74,2500,1342,1158,0,0.2984,0.5368,0
0.3,uniform_heavy,0.5,1,1.0,blind,0.5,5,2500,2.0,2.1852,-0.1852,-9.26,2500,1358,1142,0,0.304,0.5432,0
0.3,uniform_heavy,0.5,1,1.0,blind,0.5,6,2500,2.0,2.175,-0.175,-8.75,2500,1375,1125,0,0.3148,0.55,0
0.3,uniform_heavy,0.5,1,2.0,blind,0.2,0,2500,2.0,3.2339,-1.2339,-61.696,2500,684,1816,0,0.306,0.2736,0
0.3,uniform_heavy,0.5,1,2.0,blind,0.2,1,2500,2.0,3.2485,-1.2485,-62.424,2500,671,1829,0,0.304,0.2684,0
0.3,uniform_heavy,0.5,1,2.0,blind,0.2,2,2500,2.0,3.2541,-1.2541,-62.704,2500,666,1834,0,0.2908,0.2664,0
0.3,uniform_heavy,0.5,1,2.0,blind,0.2,3,2500,2.0,3.2518,-1.2518,-62.592,2500,668,1832,0,0.288,0.2672,0
0.3,uniform_heavy,0.5,1,2.0,blind,0.2,4,2500,2.0,3.2216,-1.2216,-61.08,2500,695,1805,0,0.294,0.278,0
0.3,uniform_heavy,0.5,1,2.0,blind,0.2,5,2500,2.0,3.2586,-1.2586,-62.928,2500,662,1838,0,0.2932,0.2648,0
0.3,uniform_heavy,0.5,1,2.0,blind,0.2,6,2500,2.0,3.2664,-1.2664,-63.32,2500,655,1845,0,0.29,0.262,0
0.3,uniform_heavy,0.5,1,2.0,blind,0.3,0,2500,2.0,2.9621,-0.9621,-48.106,2500,961,1539,0,0.2916,0.3844,0
0.3,uniform_heavy,0.5,1,2.0,blind,0.3,1,2500,2.0,2.9891,-0.9891,-49.456,2500,936,1564,0,0.2976,0.3744,0
0.3,uniform_heavy,0.5,1,2.0,blind,0.3,2,2500,2.0,2.9837,-0.9837,-49.186,2500,941,1559,0,0.284,0.3764,0
0.3,uniform_heavy,0.5,1,2.0,blind,0.3,3,2500,2.0,2.933,-0.933,-46.648,2500,988,1512,0,0.3148,0.3952,0
0.3,uniform_heavy,0.5,1,2.0,blind,0.3,4,2500,2.0,2.9848,-0.9848,-49.24,2500,940,1560,0,0.3008,0.376,0
0.3,uniform_heavy,0.5,1,2.0,blind,0.3,5,2500,2.0,3.0053,-1.0053,-50.266,2500,921,1579,0,0.2904,0.3684,0
0.3,uniform_heavy,0.5,1,2.0,blind,0.3,6,2500,2.0,2.9632,-0.9632,-48.16,2500,960,1540,0,0.2892,0.384,0
0.3,uniform_heavy,0.5,1,2.0,blind,0.5,0,2500,2.0,2.625,-0.625,-31.25,2500,1375,1125,0,0.2968,0.55,0
0.3,uniform_heavy,0.5,1,2.0,blind,0.5,1,2500,2.0,2.653,-0.653,-32.65,2500,1347,1153,0,0.3004,0.5388,0
0.3,uniform_heavy,0.5,1,2.0,blind,0.5,2,2500,2.0,2.596,-0.596,-29.8,2500,1404,1096,0,0.3152,0.5616,0
0.3,uniform_heavy,0.5,1,2.0,blind,0.5,3,2500,2.0,2.697,-0.697,-34.85,2500,1303,1197,0,0.2828,0.5212,0
0.3,uniform_heavy,0.5,1,2.0,blind,0.5,4,2500,2.0,2.64,-0.64,-32.0,2500,1360,1140,0,0.2932,0.544,0
0.3,uniform_heavy,0.5,1,2.0,blind,0.5,5,2500,2.0,2.606,-0.606,-30.3,2500,1394,1106,0,0.3116,0.5576,0
0.3,uniform_heavy,0.5,1,2.0,blind,0.5,6,2500,2.0,2.617,-0.617,-30.85,2500,1383,1117,0,0.3248,0.5532,0
0.3,uniform_heavy,0.5,2,0.5,blind,0.2,0,2500,3.0,2.9263,0.0737,2.457,2500,683,1817,0,0.2988,0.2732,1
0.3,uniform_heavy,0.5,2,0.5,blind,0.2,1,2500,3.0,2.9145,0.0855,2.849,2500,697,1803,0,0.3036,0.2788,1
0.3,uniform_heavy,0.5,2,0.5,blind,0.2,2,2500,3.0,2.9187,0.0813,2.709,2500,692,1808,0,0.3016,0.2768,1
0.3,uniform_heavy,0.5,2,0.5,blind,0.2,3,2500,3.0,2.9439,0.0561,1.869,2500,662,1838,0,0.28,0.2648,1
0.3,uniform_heavy,0.5,2,0.5,blind,0.2,4,2500,3.0,2.98,0.02,0.665,2500,619,1881,0,0.2916,0.2476,1
0.3,uniform_heavy,0.5,2,0.5,blind,0.2,5,2500,3.0,2.949,0.051,1.701,2500,656,1844,0,0.2936,0.2624,1
0.3,uniform_heavy,0.5,2,0.5,blind,0.2,6,2500,3.0,2.9599,0.0401,1.337,2500,643,1857,0,0.3028,0.2572,1
0.3,uniform_heavy,0.5,2,0.5,blind,0.3,0,2500,3.0,2.7772,0.2228,7.425,2500,951,1549,0,0.2928,0.3804,1
0.3,uniform_heavy,0.5,2,0.5,blind,0.3,1,2500,3.0,2.7537,0.2463,8.211,2500,982,1518,0,0.3132,0.3928,1
0.3,uniform_heavy,0.5,2,0.5,blind,0.3,2,2500,3.0,2.797,0.203,6.767,2500,925,1575,0,0.296,0.37,1
0.3,uniform_heavy,0.5,2,0.5,blind,0.3,3,2500,3.0,2.7856,0.2144,7.147,2500,940,1560,0,0.288,0.376,1
0.3,uniform_heavy,0.5,2,0.5,blind,0.3,4,2500,3.0,2.7689,0.2311,7.704,2500,962,1538,0,0.3088,0.3848,1
0.3,uniform_heavy,0.5,2,0.5,blind,0.3,5,2500,3.0,2.7309,0.2691,8.971,2500,1012,1488,0,0.3096,0.4048,1
0.3,uniform_heavy,0.5,2,0.5,blind,0.3,6,2500,3.0,2.7324,0.2676,8.92,2500,1010,1490,0,0.3196,0.404,1
0.3,uniform_heavy,0.5,2,0.5,blind,0.5,0,2500,3.0,2.6864,0.3136,10.453,2500,1356,1144,0,0.2916,0.5424,1
0.3,uniform_heavy,0.5,2,0.5,blind,0.5,1,2500,3.0,2.7116,0.2884,9.613,2500,1314,1186,0,0.2836,0.5256,1
0.3,uniform_heavy,0.5,2,0.5,blind,0.5,2,2500,3.0,2.702,0.298,9.933,2500,1330,1170,0,0.3048,0.532,1
0.3,uniform_heavy,0.5,2,0.5,blind,0.5,3,2500,3.0,2.7008,0.2992,9.973,2500,1332,1168,0,0.3092,0.5328,1
0.3,uniform_heavy,0.5,2,0.5,blind,0.5,4,2500,3.0,2.6834,0.3166,10.553,2500,1361,1139,0,0.2988,0.5444,1
0.3,uniform_heavy,0.5,2,0.5,blind,0.5,5,2500,3.0,2.6768,0.3232,10.773,2500,1372,1128,0,0.3196,0.5488,1
0.3,uniform_heavy,0.5,2,0.5,blind,0.5,6,2500,3.0,2.687,0.313,10.433,2500,1355,1145,0,0.296,0.542,1
0.3,uniform_heavy,0.5,2,1.0,blind,0.2,0,2500,3.0,3.325,-0.325,-10.835,2500,649,1851,0,0.298,0.2596,0
0.3,uniform_heavy,0.5,2,1.0,blind,0.2,1,2500,3.0,3.2647,-0.2647,-8.824,2500,707,1793,0,0.3164,0.2828,0
0.3,uniform_heavy,0.5,2,1.0,blind,0.2,2,2500,3.0,3.2606,-0.2606,-8.685,2500,711,1789,0,0.316,0.2844,0
0.3,uniform_heavy,0.5,2,1.0,blind,0.2,3,2500,3.0,3.3094,-0.3094,-10.315,2500,664,1836,0,0.3076,0.2656,0
0.3,uniform_heavy,0.5,2,1.0,blind,0.2,4,2500,3.0,3.2658,-0.2658,-8.859,2500,706,1794,0,0.3004,0.2824,0
0.3,uniform_heavy,0.5,2,1.0,blind,0.2,5,2500,3.0,3.247,-0.247,-8.235,2500,724,1776,0,0.3104,0.2896,0
0.3,uniform_heavy,0.5,2,1.0,blind,0.2,6,2500,3.0,3.2751,-0.2751,-9.171,2500,697,1803,0,0.3064,0.2788,0
0.3,uniform_heavy,0.5,2,1.0,blind,0.3,0,2500,3.0,3.0256,-0.0256,-0.853,2500,1015,1485,0,0.3032,0.406,0
0.3,uniform_heavy,0.5,2,1.0,blind,0.3,1,2500,3.0,3.0928,-0.0928,-3.093,2500,945,1555,0,0.3068,0.378,0
0.3,uniform_heavy,0.5,2,1.0,blind,0.3,2,2500,3.0,3.0755,-0.0755,-2.517,2500,963,1537,0,0.3024,0.3852,0
0.3,uniform_heavy,0.5,2,1.0,blind,0.3,3,2500,3.0,3.0602,-0.0602,-2.005,2500,979,1521,0,0.2992,0.3916,0
0.3,uniform_heavy,0.5,2,1.0,blind,0.3,4,2500,3.0,3.0755,-0.0755,-2.517,2500,963,1537,0,0.3,0.3852,0
0.3,uniform_heavy,0.5,2,1.0,blind,0.3,5,2500,3.0,3.0381,-0.0381,-1.269,2500,1002,1498,0,0.2984,0.4008,0
0.3,uniform_heavy,0.5,2,1.0,blind,0.3,6,2500,3.0,3.1168,-0.1168,-3.893,2500,920,1580,0,0.2884,0.368,0
0.3,uniform_heavy,0.5,2,1.0,blind,0.5,0,2500,3.0,2.912,0.088,2.933,2500,1360,1140,0,0.3004,0.544,1
0.3,uniform_heavy,0.5,2,1.0,blind,0.5,1,2500,3.0,2.9064,0.0936,3.12,2500,1367,1133,0,0.314,0.5468,1
0.3,uniform_heavy,0.5,2,1.0,blind,0.5,2,2500,3.0,2.9144,0.0856,2.853,2500,1357,1143,0,0.3008,0.5428,1
0.3,uniform_heavy,0.5,2,1.0,blind,0.5,3,2500,3.0,2.908,0.092,3.067,2500,1365,1135,0,0.2988,0.546,1
0.3,uniform_heavy,0.5,2,1.0,blind,0.5,4,2500,3.0,2.9184,0.0816,2.72,2500,1352,1148,0,0.2904,0.5408,1
0.3,uniform_heavy,0.5,2,1.0,blind,0.5,5,2500,3.0,2.9264,0.0736,2.453,2500,1342,1158,0,0.2936,0.5368,1
0.3,uniform_heavy,0.5,2,1.0,blind,0.5,6,2500,3.0,2.9064,0.0936,3.12,2500,1367,1133,0,0.2944,0.5468,1
0.3,uniform_heavy,0.5,2,2.0,blind,0.2,0,2500,3.0,4.1202,-1.1202,-37.339,2500,611,1889,0,0.2896,0.2444,0
0.3,uniform_heavy,0.5,2,2.0,blind,0.2,1,2500,3.0,4.0381,-1.0381,-34.603,2500,668,1832,0,0.3016,0.2672,0
0.3,uniform_heavy,0.5,2,2.0,blind,0.2,2,2500,3.0,3.9934,-0.9934,-33.115,2500,699,1801,0,0.3068,0.2796,0
0.3,uniform_heavy,0.5,2,2.0,blind,0.2,3,2500,3.0,4.0237,-1.0237,-34.123,2500,678,1822,0,0.302,0.2712,0
0.3,uniform_heavy,0.5,2,2.0,blind,0.2,4,2500,3.0,4.0064,-1.0064,-33.547,2500,690,1810,0,0.3056,0.276,0
0.3,uniform_heavy,0.5,2,2.0,blind,0.2,5,2500,3.0,3.9862,-0.9862,-32.875,2500,704,1796,0,0.3164,0.2816,0
0.3,uniform_heavy,0.5,2,2.0,blind,0.2,6,2500,3.0,4.0568,-1.0568,-35.227,2500,655,1845,0,0.2956,0.262,0
0.3,uniform_heavy,0.5,2,2.0,blind,0.3,0,2500,3.0,3.761,-0.761,-25.368,2500,911,1589,0,0.2988,0.3644,0
0.3,uniform_heavy,0.5,2,2.0,blind,0.3,1,2500,3.0,3.7393,-0.7393,-24.643,2500,927,1573,0,0.29,0.3708,0
0.3,uniform_heavy,0.5,2,2.0,blind,0.3,2,2500,3.0,3.7434,-0.7434,-24.779,2500,924,1576,0,0.2996,0.3696,0
0.3,uniform_heavy,0.5,2,2.0,blind,0.3,3,2500,3.0,3.7202,-0.7202,-24.008,2500,941,1559,0,0.2888,0.3764,0
0.3,uniform_heavy,0.5,2,2.0,blind,0.3,4,2500,3.0,3.6672,-0.6672,-22.24,2500,980,1520,0,0.3104,0.392,0
0.3,uniform_heavy,0.5,2,2.0,blind,0.3,5,2500,3.0,3.655,-0.655,-21.832,2500,989,1511,0,0.2936,0.3956,0
0.3,uniform_heavy,0.5,2,2.0,blind,0.3,6,2500,3.0,3.727,-0.727,-24.235,2500,936,1564,0,0.306,0.3744,0
0.3,uniform_heavy,0.5,2,2.0,blind,0.5,0,2500,3.0,3.3488,-0.3488,-11.627,2500,1376,1124,0,0.292,0.5504,0
0.3,uniform_heavy,0.5,2,2.0,blind,0.5,1,2500,3.0,3.386,-0.386,-12.867,2500,1345,1155,0,0.302,0.538,0
0.3,uniform_heavy,0.5,2,2.0,blind,0.5,2,2500,3.0,3.3548,-0.3548,-11.827,2500,1371,1129,0,0.2936,0.5484,0
0.3,uniform_heavy,0.5,2,2.0,blind,0.5,3,2500,3.0,3.3788,-0.3788,-12.627,2500,1351,1149,0,0.2888,0.5404,0
0.3,uniform_heavy,0.5,2,2.0,blind,0.5,4,2500,3.0,3.3476,-0.3476,-11.587,2500,1377,1123,0,0.3112,0.5508,0
0.3,uniform_heavy,0.5,2,2.0,blind,0.5,5,2500,3.0,3.404,-0.404,-13.467,2500,1330,1170,0,0.296,0.532,0
0.3,uniform_heavy,0.5,2,2.0,blind,0.5,6,2500,3.0,3.3716,-0.3716,-12.387,2500,1357,1143,0,0.2944,0.5428,0
0.3,uniform_heavy,0.5,4,0.5,blind,0.2,0,2500,5.0,4.5084,0.4916,9.832,2500,670,1830,0,0.302,0.268,1
0.3,uniform_heavy,0.5,4,0.5,blind,0.2,1,2500,5.0,4.4433,0.5567,11.134,2500,714,1786,0,0.3008,0.2856,1
0.3,uniform_heavy,0.5,4,0.5,blind,0.2,2,2500,5.0,4.5587,0.4413,8.826,2500,636,1864,0,0.2948,0.2544,1
0.3,uniform_heavy,0.5,4,0.5,blind,0.2,3,2500,5.0,4.461,0.539,10.779,2500,702,1798,0,0.3028,0.2808,1
0.3,uniform_heavy,0.5,4,0.5,blind,0.2,4,2500,5.0,4.5632,0.4368,8.737,2500,633,1867,0,0.288,0.2532,1
0.3,uniform_heavy,0.5,4,0.5,blind,0.2,5,2500,5.0,4.5025,0.4975,9.95,2500,674,1826,0,0.2928,0.2696,1
0.3,uniform_heavy,0.5,4,0.5,blind,0.2,6,2500,5.0,4.5054,0.4946,9.891,2500,672,1828,0,0.3076,0.2688,1
0.3,uniform_heavy,0.5,4,0.5,blind,0.3,0,2500,5.0,4.2566,0.7434,14.869,2500,942,1558,0,0.2948,0.3768,1
0.3,uniform_heavy,0.5,4,0.5,blind,0.3,1,2500,5.0,4.1945,0.8055,16.11,2500,989,1511,0,0.3108,0.3956,1
0.3,uniform_heavy,0.5,4,0.5,blind,0.3,2,2500,5.0,4.217,0.783,15.661,2500,972,1528,0,0.3056,0.3888,1
0.3,uniform_heavy,0.5,4,0.5,blind,0.3,3,2500,5.0,4.2922,0.7078,14.156,2500,915,1585,0,0.2944,0.366,1
0.3,uniform_heavy,0.5,4,0.5,blind,0.3,4,2500,5.0,4.2632,0.7368,14.737,2500,937,1563,0,0.3072,0.3748,1
0.3,uniform_heavy,0.5,4,0.5,blind,0.3,5,2500,5.0,4.2407,0.7593,15.186,2500,954,1546,0,0.2952,0.3816,1
0.3,uniform_heavy,0.5,4,0.5,blind,0.3,6,2500,5.0,4.2566,0.7434,14.869,2500,942,1558,0,0.286,0.3768,1
0.3,uniform_heavy,0.5,4,0.5,blind,0.5,0,2500,5.0,4.138,0.862,17.24,2500,1362,1138,0,0.3012,0.5448,1
0.3,uniform_heavy,0.5,4,0.5,blind,0.5,1,2500,5.0,4.111,0.889,17.78,2500,1389,1111,0,0.302,0.5556,1
0.3,uniform_heavy,0.5,4,0.5,blind,0.5,2,2500,5.0,4.15,0.85,17.0,2500,1350,1150,0,0.2952,0.54,1
0.3,uniform_heavy,0.5,4,0.5,blind,0.5,3,2500,5.0,4.139,0.861,17.22,2500,1361,1139,0,0.3196,0.5444,1
0.3,uniform_heavy,0.5,4,0.5,blind,0.5,4,2500,5.0,4.119,0.881,17.62,2500,1381,1119,0,0.2948,0.5524,1
0.3,uniform_heavy,0.5,4,0.5,blind,0.5,5,2500,5.0,4.161,0.839,16.78,2500,1339,1161,0,0.2824,0.5356,1
0.3,uniform_heavy,0.5,4,0.5,blind,0.5,6,2500,5.0,4.111,0.889,17.78,2500,1389,1111,0,0.304,0.5556,1
0.3,uniform_heavy,0.5,4,1.0,blind,0.2,0,2500,5.0,4.8862,0.1138,2.277,2500,663,1837,0,0.306,0.2652,1
0.3,uniform_heavy,0.5,4,1.0,blind,0.2,1,2500,5.0,4.8862,0.1138,2.277,2500,663,1837,0,0.2964,0.2652,1
0.3,uniform_heavy,0.5,4,1.0,blind,0.2,2,2500,5.0,4.8946,0.1054,2.109,2500,658,1842,0,0.296,0.2632,1
0.3,uniform_heavy,0.5,4,1.0,blind,0.2,3,2500,5.0,4.9214,0.0786,1.571,2500,642,1858,0,0.2908,0.2568,1
0.3,uniform_heavy,0.5,4,1.0,blind,0.2,4,2500,5.0,4.908,0.092,1.84,2500,650,1850,0,0.308,0.26,1
0.3,uniform_heavy,0.5,4,1.0,blind,0.2,5,2500,5.0,4.8274,0.1726,3.453,2500,698,1802,0,0.3084,0.2792,1
0.3,uniform_heavy,0.5,4,1.0,blind,0.2,6,2500,5.0,4.9433,0.0567,1.134,2500,629,1871,0,0.2944,0.2516,1
0.3,uniform_heavy,0.5,4,1.0,blind,0.3,0,2500,5.0,4.5621,0.4379,8.758,2500,946,1554,0,0.308,0.3784,1
0.3,uniform_heavy,0.5,4,1.0,blind,0.3,1,2500,5.0,4.5727,0.4273,8.546,2500,939,1561,0,0.2832,0.3756,1
0.3,uniform_heavy,0.5,4,1.0,blind,0.3,2,2500,5.0,4.6077,0.3923,7.846,2500,916,1584,0,0.2916,0.3664,1
0.3,uniform_heavy,0.5,4,1.0,blind,0.3,3,2500,5.0,4.5469,0.4531,9.062,2500,956,1544,0,0.2912,0.3824,1
0.3,uniform_heavy,0.5,4,1.0,blind,0.3,4,2500,5.0,4.5317,0.4683,9.366,2500,966,1534,0,0.3084,0.3864,1
0.3,uniform_heavy,0.5,4,1.0,blind,0.3,5,2500,5.0,4.6062,0.3938,7.877,2500,917,1583,0,0.304,0.3668,1
0.3,uniform_heavy,0.5,4,1.0,blind,0.3,6,2500,5.0,4.6016,0.3984,7.968,2500,920,1580,0,0.296,0.368,1
0.3,uniform_heavy,0.5,4,1.0,blind,0.5,0,2500,5.0,4.4376,0.5624,11.248,2500,1302,1198,0,0.2996,0.5208,1
0.3,uniform_heavy,0.5,4,1.0,blind,0.5,1,2500,5.0,4.3584,0.6416,12.832,2500,1368,1132,0,0.3124,0.5472,1
0.3,uniform_heavy,0.5,4,1.0,blind,0.5,2,2500,5.0,4.3416,0.6584,13.168,2500,1382,1118,0,0.3076,0.5528,1
0.3,uniform_heavy,0.5,4,1.0,blind,0.5,3,2500,5.0,4.3788,0.6212,12.424,2500,1351,1149,0,0.3,0.5404,1
0.3,uniform_heavy,0.5,4,1.0,blind,0.5,4,2500,5.0,4.422,0.578,11.56,2500,1315,1185,0,0.2892,0.526,1
0.3,uniform_heavy,0.5,4,1.0,blind,0.5,5,2500,5.0,4.3512,0.6488,12.976,2500,1374,1126,0,0.3032,0.5496,1
0.3,uniform_heavy,0.5,4,1.0,blind,0.5,6,2500,5.0,4.3692,0.6308,12.616,2500,1359,1141,0,0.292,0.5436,1
0.3,uniform_heavy,0.5,4,2.0,blind,0.2,0,2500,5.0,5.6064,-0.6064,-12.128,2500,670,1830,0,0.2828,0.268,0
0.3,uniform_heavy,0.5,4,2.0,blind,0.2,1,2500,5.0,5.519,-0.519,-10.381,2500,712,1788,0,0.3044,0.2848,0
0.3,uniform_heavy,0.5,4,2.0,blind,0.2,2,2500,5.0,5.6251,-0.6251,-12.502,2500,661,1839,0,0.2896,0.2644,0
0.3,uniform_heavy,0.5,4,2.0,blind,0.2,3,2500,5.0,5.5648,-0.5648,-11.296,2500,690,1810,0,0.3152,0.276,0
0.3,uniform_heavy,0.5,4,2.0,blind,0.2,4,2500,5.0,5.5794,-0.5794,-11.587,2500,683,1817,0,0.3048,0.2732,0
0.3,uniform_heavy,0.5,4,2.0,blind,0.2,5,2500,5.0,5.5128,-0.5128,-10.256,2500,715,1785,0,0.3032,0.286,0
0.3,uniform_heavy,0.5,4,2.0,blind,0.2,6,2500,5.0,5.6834,-0.6834,-13.667,2500,633,1867,0,0.2964,0.2532,0
0.3,uniform_heavy,0.5,4,2.0,blind,0.3,0,2500,5.0,5.2797,-0.2797,-5.594,2500,896,1604,0,0.3004,0.3584,0
0.3,uniform_heavy,0.5,4,2.0,blind,0.3,1,2500,5.0,5.1261,-0.1261,-2.522,2500,976,1524,0,0.3096,0.3904,0
0.3,uniform_heavy,0.5,4,2.0,blind,0.3,2,2500,5.0,5.1664,-0.1664,-3.328,2500,955,1545,0,0.2836,0.382,0
0.3,uniform_heavy,0.5,4,2.0,blind,0.3,3,2500,5.0,5.2451,-0.2451,-4.902,2500,914,1586,0,0.2872,0.3656,0
0.3,uniform_heavy,0.5,4,2.0,blind,0.3,4,2500,5.0,5.1683,-0.1683,-3.366,2500,954,1546,0,0.2848,0.3816,0
0.3,uniform_heavy,0.5,4,2.0,blind,0.3,5,2500,5.0,5.1683,-0.1683,-3.366,2500,954,1546,0,0.3192,0.3816,0
0.3,uniform_heavy,0.5,4,2.0,blind,0.3,6,2500,5.0,5.1299,-0.1299,-2.598,2500,974,1526,0,0.2976,0.3896,0
0.3,uniform_heavy,0.5,4,2.0,blind,0.5,0,2500,5.0,4.8672,0.1328,2.656,2500,1333,1167,0,0.2916,0.5332,1
0.3,uniform_heavy,0.5,4,2.0,blind,0.5,1,2500,5.0,4.8288,0.1712,3.424,2500,1357,1143,0,0.3144,0.5428,1
0.3,uniform_heavy,0.5,4,2.0,blind,0.5,2,2500,5.0,4.9152,0.0848,1.696,2500,1303,1197,0,0.2936,0.5212,1
0.3,uniform_heavy,0.5,4,2.0,blind,0.5,3,2500,5.0,4.768,0.232,4.64,2500,1395,1105,0,0.3016,0.558,1
0.3,uniform_heavy,0.5,4,2.0,blind,0.5,4,2500,5.0,4.864,0.136,2.72,2500,1335,1165,0,0.306,0.534,1
0.3,uniform_heavy,0.5,4,2.0,blind,0.5,5,2500,5.0,4.8528,0.1472,2.944,2500,1342,1158,0,0.2956,0.5368,1
0.3,uniform_heavy,0.5,4,2.0,blind,0.5,6,2500,5.0,4.816,0.184,3.68,2500,1365,1135,0,0.2932,0.546,1
0.3,uniform_heavy,0.5,8,0.5,blind,0.2,0,2500,9.0,7.6508,1.3492,14.991,2500,670,1830,0,0.3072,0.268,1
0.3,uniform_heavy,0.5,8,0.5,blind,0.2,1,2500,9.0,7.6591,1.3409,14.899,2500,667,1833,0,0.3048,0.2668,1
0.3,uniform_heavy,0.5,8,0.5,blind,0.2,2,2500,9.0,7.6894,1.3106,14.562,2500,656,1844,0,0.31,0.2624,1
0.3,uniform_heavy,0.5,8,0.5,blind,0.2,3,2500,9.0,7.6563,1.3437,14.93,2500,668,1832,0,0.2992,0.2672,1
0.3,uniform_heavy,0.5,8,0.5,blind,0.2,4,2500,9.0,7.5238,1.4762,16.402,2500,716,1784,0,0.3068,0.2864,1
0.3,uniform_heavy,0.5,8,0.5,blind,0.2,5,2500,9.0,7.5404,1.4596,16.218,2500,710,1790,0,0.3068,0.284,1
0.3,uniform_heavy,0.5,8,0.5,blind,0.2,6,2500,9.0,7.6922,1.3078,14.531,2500,655,1845,0,0.2788,0.262,1
0.3,uniform_heavy,0.5,8,0.5,blind,0.3,0,2500,9.0,7.1625,1.8375,20.417,2500,958,1542,0,0.3172,0.3832,1
0.3,uniform_heavy,0.5,8,0.5,blind,0.3,1,2500,9.0,7.1942,1.8058,20.064,2500,945,1555,0,0.2932,0.378,1
0.3,uniform_heavy,0.5,8,0.5,blind,0.3,2,2500,9.0,7.2894,1.7106,19.007,2500,906,1594,0,0.2924,0.3624,1
0.3,uniform_heavy,0.5,8,0.5,blind,0.3,3,2500,9.0,7.1161,1.8839,20.932,2500,977,1523,0,0.308,0.3908,1
0.3,uniform_heavy,0.5,8,0.5,blind,0.3,4,2500,9.0,7.1576,1.8424,20.471,2500,960,1540,0,0.3084,0.384,1
0.3,uniform_heavy,0.5,8,0.5,blind,0.3,5,2500,9.0,7.2942,1.7058,18.953,2500,904,1596,0,0.2884,0.3616,1
0.3,uniform_heavy,0.5,8,0.5,blind,0.3,6,2500,9.0,7.2625,1.7375,19.305,2500,917,1583,0,0.2968,0.3668,1
0.3,uniform_heavy,0.5,8,0.5,blind,0.5,0,2500,9.0,7.043,1.957,21.744,2500,1365,1135,0,0.3196,0.546,1
0.3,uniform_heavy,0.5,8,0.5,blind,0.5,1,2500,9.0,7.0268,1.9732,21.924,2500,1374,1126,0,0.306,0.5496,1
0.3,uniform_heavy,0.5,8,0.5,blind,0.5,2,2500,9.0,7.0898,1.9102,21.224,2500,1339,1161,0,0.2984,0.5356,1
0.3,uniform_heavy,0.5,8,0.5,blind,0.5,3,2500,9.0,7.1258,1.8742,20.824,2500,1319,1181,0,0.2996,0.5276,1
0.3,uniform_heavy,0.5,8,0.5,blind,0.5,4,2500,9.0,7.0592,1.9408,21.564,2500,1356,1144,0,0.3044,0.5424,1
0.3,uniform_heavy,0.5,8,0.5,blind,0.5,5,2500,9.0,7.0988,1.9012,21.124,2500,1334,1166,0,0.2948,0.5336,1
0.3,uniform_heavy,0.5,8,0.5,blind,0.5,6,2500,9.0,7.0304,1.9696,21.884,2500,1372,1128,0,0.2972,0.5488,1
0.3,uniform_heavy,0.5,8,1.0,blind,0.2,0,2500,9.0,8.1056,0.8944,9.938,2500,640,1860,0,0.3032,0.256,1
0.3,uniform_heavy,0.5,8,1.0,blind,0.2,1,2500,9.0,7.9931,1.0069,11.188,2500,678,1822,0,0.3116,0.2712,1
0.3,uniform_heavy,0.5,8,1.0,blind,0.2,2,2500,9.0,7.9635,1.0365,11.516,2500,688,1812,0,0.2964,0.2752,1
0.3,uniform_heavy,0.5,8,1.0,blind,0.2,3,2500,9.0,7.9931,1.0069,11.188,2500,678,1822,0,0.314,0.2712,1
0.3,uniform_heavy,0.5,8,1.0,blind,0.2,4,2500,9.0,7.9665,1.0335,11.484,2500,687,1813,0,0.2932,0.2748,1
0.3,uniform_heavy,0.5,8,1.0,blind,0.2,5,2500,9.0,8.0138,0.9862,10.957,2500,671,1829,0,0.2936,0.2684,1
0.3,uniform_heavy,0.5,8,1.0,blind,0.2,6,2500,9.0,7.9902,1.0098,11.22,2500,679,1821,0,0.3116,0.2716,1
0.3,uniform_heavy,0.5,8,1.0,blind,0.3,0,2500,9.0,7.4814,1.5186,16.873,2500,954,1546,0,0.3072,0.3816,1
0.3,uniform_heavy,0.5,8,1.0,blind,0.3,1,2500,9.0,7.6002,1.3998,15.553,2500,909,1591,0,0.288,0.3636,1
0.3,uniform_heavy,0.5,8,1.0,blind,0.3,2,2500,9.0,7.492,1.508,16.756,2500,950,1550,0,0.2964,0.38,1
0.3,uniform_heavy,0.5,8,1.0,blind,0.3,3,2500,9.0,7.3653,1.6347,18.164,2500,998,1502,0,0.3192,0.3992,1
0.3,uniform_heavy,0.5,8,1.0,blind,0.3,4,2500,9.0,7.3785,1.6215,18.017,2500,993,1507,0,0.312,0.3972,1
0.3,uniform_heavy,0.5,8,1.0,blind,0.3,5,2500,9.0,7.4656,1.5344,17.049,2500,960,1540,0,0.304,0.384,1
0.3,uniform_heavy,0.5,8,1.0,blind,0.3,6,2500,9.0,7.3996,1.6004,17.782,2500,985,1515,0,0.298,0.394,1
0.3,uniform_heavy,0.5,8,1.0,blind,0.5,0,2500,9.0,7.37,1.63,18.111,2500,1315,1185,0,0.294,0.526,1
0.3,uniform_heavy,0.5,8,1.0,blind,0.5,1,2500,9.0,7.326,1.674,18.6,2500,1337,1163,0,0.302,0.5348,1
0.3,uniform_heavy,0.5,8,1.0,blind,0.5,2,2500,9.0,7.232,1.768,19.644,2500,1384,1116,0,0.308,0.5536,1
0.3,uniform_heavy,0.5,8,1.0,blind,0.5,3,2500,9.0,7.328,1.672,18.578,2500,1336,1164,0,0.2976,0.5344,1
0.3,uniform_heavy,0.5,8,1.0,blind,0.5,4,2500,9.0,7.238,1.762,19.578,2500,1381,1119,0,0.2856,0.5524,1
0.3,uniform_heavy,0.5,8,1.0,blind,0.5,5,2500,9.0,7.324,1.676,18.622,2500,1338,1162,0,0.306,0.5352,1
0.3,uniform_heavy,0.5,8,1.0,blind,0.5,6,2500,9.0,7.212,1.788,19.867,2500,1394,1106,0,0.316,0.5576,1
0.3,uniform_heavy,0.5,8,2.0,blind,0.2,0,2500,9.0,8.8093,0.1907,2.119,2500,652,1848,0,0.2852,0.2608,1
0.3,uniform_heavy,0.5,8,2.0,blind,0.2,1,2500,9.0,8.6883,0.3117,3.463,2500,688,1812,0,0.2936,0.2752,1
0.3,uniform_heavy,0.5,8,2.0,blind,0.2,2,2500,9.0,8.8294,0.1706,1.895,2500,646,1854,0,0.2904,0.2584,1
0.3,uniform_heavy,0.5,8,2.0,blind,0.2,3,2500,9.0,8.6178,0.3822,4.247,2500,709,1791,0,0.298,0.2836,1
0.3,uniform_heavy,0.5,8,2.0,blind,0.2,4,2500,9.0,8.6984,0.3016,3.351,2500,685,1815,0,0.2844,0.274,1
0.3,uniform_heavy,0.5,8,2.0,blind,0.2,5,2500,9.0,8.695,0.305,3.388,2500,686,1814,0,0.318,0.2744,1
0.3,uniform_heavy,0.5,8,2.0,blind,0.2,6,2500,9.0,8.7186,0.2814,3.127,2500,679,1821,0,0.3024,0.2716,1
0.3,uniform_heavy,0.5,8,2.0,blind,0.3,0,2500,9.0,8.1302,0.8698,9.664,2500,944,1556,0,0.2904,0.3776,1
0.3,uniform_heavy,0.5,8,2.0,blind,0.3,1,2500,9.0,8.1242,0.8758,9.732,2500,946,1554,0,0.2964,0.3784,1
0.3,uniform_heavy,0.5,8,2.0,blind,0.3,2,2500,9.0,8.1394,0.8606,9.563,2500,941,1559,0,0.2996,0.3764,1
0.3,uniform_heavy,0.5,8,2.0,blind,0.3,3,2500,9.0,8.039,0.961,10.677,2500,974,1526,0,0.3096,0.3896,1
0.3,uniform_heavy,0.5,8,2.0,blind,0.3,4,2500,9.0,8.1029,0.8971,9.968,2500,953,1547,0,0.2888,0.3812,1
0.3,uniform_heavy,0.5,8,2.0,blind,0.3,5,2500,9.0,8.2275,0.7725,8.583,2500,912,1588,0,0.2884,0.3648,1
0.3,uniform_heavy,0.5,8,2.0,blind,0.3,6,2500,9.0,8.0026,0.9974,11.083,2500,986,1514,0,0.3044,0.3944,1
0.3,uniform_heavy,0.5,8,2.0,blind,0.5,0,2500,9.0,7.8224,1.1776,13.084,2500,1324,1176,0,0.296,0.5296,1
0.3,uniform_heavy,0.5,8,2.0,blind,0.5,1,2500,9.0,7.7792,1.2208,13.564,2500,1342,1158,0,0.2856,0.5368,1
0.3,uniform_heavy,0.5,8,2.0,blind,0.5,2,2500,9.0,7.7504,1.2496,13.884,2500,1354,1146,0,0.3052,0.5416,1
0.3,uniform_heavy,0.5,8,2.0,blind,0.5,3,2500,9.0,7.7096,1.2904,14.338,2500,1371,1129,0,0.3052,0.5484,1
0.3,uniform_heavy,0.5,8,2.0,blind,0.5,4,2500,9.0,7.7168,1.2832,14.258,2500,1368,1132,0,0.302,0.5472,1
0.3,uniform_heavy,0.5,8,2.0,blind,0.5,5,2500,9.0,7.748,1.252,13.911,2500,1355,1145,0,0.2972,0.542,1
0.3,uniform_heavy,0.5,8,2.0,blind,0.5,6,2500,9.0,7.7312,1.2688,14.098,2500,1362,1138,0,0.2992,0.5448,1
0.3,tail_heavy,0.5,0.25,0.5,blind,0.2,0,2500,1.25,1.6008,-0.3508,-28.061,2500,533,1967,0,0.2968,0.2132,0
0.3,tail_heavy,0.5,0.25,0.5,blind,0.2,1,2500,1.25,1.6069,-0.3569,-28.554,2500,511,1989,0,0.2892,0.2044,0
0.3,tail_heavy,0.5,0.25,0.5,blind,0.2,2,2500,1.25,1.6038,-0.3538,-28.307,2500,522,1978,0,0.2956,0.2088,0
0.3,tail_heavy,0.5,0.25,0.5,blind,0.2,3,2500,1.25,1.6027,-0.3527,-28.218,2500,526,1974,0,0.2996,0.2104,0
0.3,tail_heavy,0.5,0.25,0.5,blind,0.2,4,2500,1.25,1.6072,-0.3572,-28.576,2500,510,1990,0,0.308,0.204,0
0.3,tail_heavy,0.5,0.25,0.5,blind,0.2,5,2500,1.25,1.5946,-0.3446,-27.568,2500,555,1945,0,0.2924,0.222,0
0.3,tail_heavy,0.5,0.25,0.5,blind,0.2,6,2500,1.25,1.6128,-0.3628,-29.024,2500,490,2010,0,0.2916,0.196,0
0.3,tail_heavy,0.5,0.25,0.5,blind,0.3,0,2500,1.25,1.5434,-0.2934,-23.476,2500,765,1735,0,0.3064,0.306,0
0.3,tail_heavy,0.5,0.25,0.5,blind,0.3,1,2500,1.25,1.5499,-0.2999,-23.994,2500,741,1759,0,0.302,0.2964,0
0.3,tail_heavy,0.5,0.25,0.5,blind,0.3,2,2500,1.25,1.5407,-0.2907,-23.26,2500,775,1725,0,0.3144,0.31,0
0.3,tail_heavy,0.5,0.25,0.5,blind,0.3,3,2500,1.25,1.548,-0.298,-23.843,2500,748,1752,0,0.3056,0.2992,0
0.3,tail_heavy,0.5,0.25,0.5,blind,0.3,4,2500,1.25,1.5426,-0.2926,-23.411,2500,768,1732,0,0.3132,0.3072,0
0.3,tail_heavy,0.5,0.25,0.5,blind,0.3,5,2500,1.25,1.5621,-0.3121,-24.966,2500,696,1804,0,0.2936,0.2784,0
0.3,tail_heavy,0.5,0.25,0.5,blind,0.3,6,2500,1.25,1.5359,-0.2859,-22.871,2500,793,1707,0,0.3088,0.3172,0
0.3,tail_heavy,0.5,0.25,0.5,blind,0.5,0,2500,1.25,1.4857,-0.2357,-18.86,2500,1057,1443,0,0.302,0.4228,0
0.3,tail_heavy,0.5,0.25,0.5,blind,0.5,1,2500,1.25,1.504,-0.254,-20.32,2500,984,1516,0,0.29,0.3936,0
0.3,tail_heavy,0.5,0.25,0.5,blind,0.5,2,2500,1.25,1.4912,-0.2412,-19.3,2500,1035,1465,0,0.3032,0.414,0
0.3,tail_heavy,0.5,0.25,0.5,blind,0.5,3,2500,1.25,1.4865,-0.2365,-18.92,2500,1054,1446,0,0.302,0.4216,0
0.3,tail_heavy,0.5,0.25,0.5,blind,0.5,4,2500,1.25,1.49,-0.24,-19.2,2500,1040,1460,0,0.2924,0.416,0
0.3,tail_heavy,0.5,0.25,0.5,blind,0.5,5,2500,1.25,1.49,-0.24,-19.2,2500,1040,1460,0,0.2908,0.416,0
0.3,tail_heavy,0.5,0.25,0.5,blind,0.5,6,2500,1.25,1.4763,-0.2263,-18.1,2500,1095,1405,0,0.3168,0.438,0
0.3,tail_heavy,0.5,0.25,1.0,blind,0.2,0,2500,1.25,1.987,-0.737,-58.957,2500,548,1952,0,0.3176,0.2192,0
0.3,tail_heavy,0.5,0.25,1.0,blind,0.2,1,2500,1.25,1.9918,-0.7418,-59.341,2500,538,1962,0,0.3024,0.2152,0
0.3,tail_heavy,0.5,0.25,1.0,blind,0.2,2,2500,1.25,2.0057,-0.7557,-60.454,2500,509,1991,0,0.3088,0.2036,0
0.3,tail_heavy,0.5,0.25,1.0,blind,0.2,3,2500,1.25,2.0124,-0.7624,-60.992,2500,495,2005,0,0.2792,0.198,0
0.3,tail_heavy,0.5,0.25,1.0,blind,0.2,4,2500,1.25,2.0057,-0.7557,-60.454,2500,509,1991,0,0.2884,0.2036,0
0.3,tail_heavy,0.5,0.25,1.0,blind,0.2,5,2500,1.25,1.999,-0.749,-59.917,2500,523,1977,0,0.3032,0.2092,0
0.3,tail_heavy,0.5,0.25,1.0,blind,0.2,6,2500,1.25,1.9908,-0.7408,-59.264,2500,540,1960,0,0.3,0.216,0
0.3,tail_heavy,0.5,0.25,1.0,blind,0.3,0,2500,1.25,1.8872,-0.6372,-50.973,2500,772,1728,0,0.3064,0.3088,0
0.3,tail_heavy,0.5,0.25,1.0,blind,0.3,1,2500,1.25,1.9022,-0.6522,-52.176,2500,740,1760,0,0.3084,0.296,0
0.3,tail_heavy,0.5,0.25,1.0,blind,0.3,2,2500,1.25,1.9097,-0.6597,-52.778,2500,724,1776,0,0.2816,0.2896,0
0.3,tail_heavy,0.5,0.25,1.0,blind,0.3,3,2500,1.25,1.8933,-0.6433,-51.462,2500,759,1741,0,0.3104,0.3036,0
0.3,tail_heavy,0.5,0.25,1.0,blind,0.3,4,2500,1.25,1.8895,-0.6395,-51.161,2500,767,1733,0,0.318,0.3068,0
0.3,tail_heavy,0.5,0.25,1.0,blind,0.3,5,2500,1.25,1.9149,-0.6649,-53.191,2500,713,1787,0,0.2916,0.2852,0
0.3,tail_heavy,0.5,0.25,1.0,blind,0.3,6,2500,1.25,1.8975,-0.6475,-51.8,2500,750,1750,0,0.3164,0.3,0
0.3,tail_heavy,0.5,0.25,1.0,blind,0.5,0,2500,1.25,1.8009,-0.5509,-44.072,2500,998,1502,0,0.2876,0.3992,0
0.3,tail_heavy,0.5,0.25,1.0,blind,0.5,1,2500,1.25,1.7568,-0.5068,-40.544,2500,1096,1404,0,0.3124,0.4384,0
0.3,tail_heavy,0.5,0.25,1.0,blind,0.5,2,2500,1.25,1.7874,-0.5374,-42.992,2500,1028,1472,0,0.2944,0.4112,0
0.3,tail_heavy,0.5,0.25,1.0,blind,0.5,3,2500,1.25,1.7924,-0.5424,-43.388,2500,1017,1483,0,0.2956,0.4068,0
0.3,tail_heavy,0.5,0.25,1.0,blind,0.5,4,2500,1.25,1.7888,-0.5388,-43.1,2500,1025,1475,0,0.2912,0.41,0
0.3,tail_heavy,0.5,0.25,1.0,blind,0.5,5,2500,1.25,1.7906,-0.5406,-43.244,2500,1021,1479,0,0.3016,0.4084,0
0.3,tail_heavy,0.5,0.25,1.0,blind,0.5,6,2500,1.25,1.7708,-0.5208,-41.66,2500,1065,1435,0,0.3032,0.426,0
0.3,tail_heavy,0.5,0.25,2.0,blind,0.2,0,2500,1.25,2.7766,-1.5266,-122.125,2500,538,1962,0,0.2876,0.2152,0
0.3,tail_heavy,0.5,0.25,2.0,blind,0.2,1,2500,1.25,2.7766,-1.5266,-122.125,2500,538,1962,0,0.2996,0.2152,0
0.3,tail_heavy,0.5,0.25,2.0,blind,0.2,2,2500,1.25,2.7748,-1.5248,-121.984,2500,540,1960,0,0.3096,0.216,0
0.3,tail_heavy,0.5,0.25,2.0,blind,0.2,3,2500,1.25,2.7651,-1.5151,-121.21,2500,551,1949,0,0.2964,0.2204,0
0.3,tail_heavy,0.5,0.25,2.0,blind,0.2,4,2500,1.25,2.7924,-1.5424,-123.392,2500,520,1980,0,0.3136,0.208,0
0.3,tail_heavy,0.5,0.25,2.0,blind,0.2,5,2500,1.25,2.7678,-1.5178,-121.421,2500,548,1952,0,0.308,0.2192,0
0.3,tail_heavy,0.5,0.25,2.0,blind,0.2,6,2500,1.25,2.7959,-1.5459,-123.674,2500,516,1984,0,0.2976,0.2064,0
0.3,tail_heavy,0.5,0.25,2.0,blind,0.3,0,2500,1.25,2.5853,-1.3353,-106.826,2500,764,1736,0,0.3076,0.3056,0
0.3,tail_heavy,0.5,0.25,2.0,blind,0.3,1,2500,1.25,2.6027,-1.3527,-108.218,2500,744,1756,0,0.2908,0.2976,0
0.3,tail_heavy,0.5,0.25,2.0,blind,0.3,2,2500,1.25,2.5879,-1.3379,-107.034,2500,761,1739,0,0.3044,0.3044,0
0.3,tail_heavy,0.5,0.25,2.0,blind,0.3,3,2500,1.25,2.6062,-1.3562,-108.496,2500,740,1760,0,0.2912,0.296,0
0.3,tail_heavy,0.5,0.25,2.0,blind,0.3,4,2500,1.25,2.6045,-1.3545,-108.357,2500,742,1758,0,0.296,0.2968,0
0.3,tail_heavy,0.5,0.25,2.0,blind,0.3,5,2500,1.25,2.6071,-1.3571,-108.566,2500,739,1761,0,0.3,0.2956,0
0.3,tail_heavy,0.5,0.25,2.0,blind,0.3,6,2500,1.25,2.6297,-1.3797,-110.375,2500,713,1787,0,0.2884,0.2852,0
0.3,tail_heavy,0.5,0.25,2.0,blind,0.5,0,2500,1.25,2.3855,-1.1355,-90.844,2500,1017,1483,0,0.2888,0.4068,0
0.3,tail_heavy,0.5,0.25,2.0,blind,0.5,1,2500,1.25,2.3524,-1.1024,-88.192,2500,1056,1444,0,0.3024,0.4224,0
0.3,tail_heavy,0.5,0.25,2.0,blind,0.5,2,2500,1.25,2.3889,-1.1389,-91.116,2500,1013,1487,0,0.2872,0.4052,0
0.3,tail_heavy,0.5,0.25,2.0,blind,0.5,3,2500,1.25,2.4017,-1.1517,-92.136,2500,998,1502,0,0.2952,0.3992,0
0.3,tail_heavy,0.5,0.25,2.0,blind,0.5,4,2500,1.25,2.3745,-1.1245,-89.96,2500,1030,1470,0,0.3064,0.412,0
0.3,tail_heavy,0.5,0.25,2.0,blind,0.5,5,2500,1.25,2.3889,-1.1389,-91.116,2500,1013,1487,0,0.3116,0.4052,0
0.3,tail_heavy,0.5,0.25,2.0,blind,0.5,6,2500,1.25,2.343,-1.093,-87.444,2500,1067,1433,0,0.308,0.4268,0
0.3,tail_heavy,0.5,0.5,0.5,blind,0.2,0,2500,1.5,1.7988,-0.2988,-19.917,2500,559,1941,0,0.2968,0.2236,0
0.3,tail_heavy,0.5,0.5,0.5,blind,0.2,1,2500,1.5,1.8106,-0.3106,-20.709,2500,526,1974,0,0.3044,0.2104,0
0.3,tail_heavy,0.5,0.5,0.5,blind,0.2,2,2500,1.5,1.8034,-0.3034,-20.229,2500,546,1954,0,0.292,0.2184,0
0.3,tail_heavy,0.5,0.5,0.5,blind,0.2,3,2500,1.5,1.798,-0.298,-19.869,2500,561,1939,0,0.3012,0.2244,0
0.3,tail_heavy,0.5,0.5,0.5,blind,0.2,4,2500,1.5,1.807,-0.307,-20.469,2500,536,1964,0,0.2992,0.2144,0
0.3,tail_heavy,0.5,0.5,0.5,blind,0.2,5,2500,1.5,1.815,-0.315,-20.997,2500,514,1986,0,0.292,0.2056,0
0.3,tail_heavy,0.5,0.5,0.5,blind,0.2,6,2500,1.5,1.8204,-0.3204,-21.357,2500,499,2001,0,0.2884,0.1996,0
0.3,tail_heavy,0.5,0.5,0.5,blind,0.3,0,2500,1.5,1.743,-0.243,-16.197,2500,756,1744,0,0.3156,0.3024,0
0.3,tail_heavy,0.5,0.5,0.5,blind,0.3,1,2500,1.5,1.7338,-0.2338,-15.585,2500,783,1717,0,0.3092,0.3132,0
0.3,tail_heavy,0.5,0.5,0.5,blind,0.3,2,2500,1.5,1.7494,-0.2494,-16.628,2500,737,1763,0,0.2932,0.2948,0
0.3,tail_heavy,0.5,0.5,0.5,blind,0.3,3,2500,1.5,1.7545,-0.2545,-16.968,2500,722,1778,0,0.29,0.2888,0
0.3,tail_heavy,0.5,0.5,0.5,blind,0.3,4,2500,1.5,1.7396,-0.2396,-15.971,2500,766,1734,0,0.3032,0.3064,0
0.3,tail_heavy,0.5,0.5,0.5,blind,0.3,5,2500,1.5,1.746,-0.246,-16.401,2500,747,1753,0,0.2972,0.2988,0
0.3,tail_heavy,0.5,0.5,0.5,blind,0.3,6,2500,1.5,1.7467,-0.2467,-16.447,2500,745,1755,0,0.2896,0.298,0
0.3,tail_heavy,0.5,0.5,0.5,blind,0.5,0,2500,1.5,1.697,-0.197,-13.133,2500,1010,1490,0,0.2964,0.404,0
0.3,tail_heavy,0.5,0.5,0.5,blind,0.5,1,2500,1.5,1.6889,-0.1889,-12.593,2500,1037,1463,0,0.3008,0.4148,0
0.3,tail_heavy,0.5,0.5,0.5,blind,0.5,2,2500,1.5,1.6838,-0.1838,-12.253,2500,1054,1446,0,0.3128,0.4216,0
0.3,tail_heavy,0.5,0.5,0.5,blind,0.5,3,2500,1.5,1.6877,-0.1877,-12.513,2500,1041,1459,0,0.3024,0.4164,0
0.3,tail_heavy,0.5,0.5,0.5,blind,0.5,4,2500,1.5,1.6853,-0.1853,-12.353,2500,1049,1451,0,0.3152,0.4196,0
0.3,tail_heavy,0.5,0.5,0.5,blind,0.5,5,2500,1.5,1.6886,-0.1886,-12.573,2500,1038,1462,0,0.3072,0.4152,0
0.3,tail_heavy,0.5,0.5,0.5,blind,0.5,6,2500,1.5,1.6772,-0.1772,-11.813,2500,1076,1424,0,0.3036,0.4304,0
0.3,tail_heavy,0.5,0.5,1.0,blind,0.2,0,2500,1.5,2.1937,-0.6937,-46.245,2500,547,1953,0,0.2884,0.2188,0
0.3,tail_heavy,0.5,0.5,1.0,blind,0.2,1,2500,1.5,2.1836,-0.6836,-45.573,2500,565,1935,0,0.318,0.226,0
0.3,tail_heavy,0.5,0.5,1.0,blind,0.2,2,2500,1.5,2.1892,-0.6892,-45.947,2500,555,1945,0,0.3128,0.222,0
0.3,tail_heavy,0.5,0.5,1.0,blind,0.2,3,2500,1.5,2.1942,-0.6942,-46.283,2500,546,1954,0,0.2944,0.2184,0
0.3,tail_heavy,0.5,0.5,1.0,blind,0.2,4,2500,1.5,2.2032,-0.7032,-46.88,2500,530,1970,0,0.3048,0.212,0
0.3,tail_heavy,0.5,0.5,1.0,blind,0.2,5,2500,1.5,2.2038,-0.7038,-46.917,2500,529,1971,0,0.2956,0.2116,0
0.3,tail_heavy,0.5,0.5,1.0,blind,0.2,6,2500,1.5,2.1942,-0.6942,-46.283,2500,546,1954,0,0.2984,0.2184,0
0.3,tail_heavy,0.5,0.5,1.0,blind,0.3,0,2500,1.5,2.0934,-0.5934,-39.559,2500,753,1747,0,0.3152,0.3012,0
0.3,tail_heavy,0.5,0.5,1.0,blind,0.3,1,2500,1.5,2.1193,-0.6193,-41.287,2500,705,1795,0,0.278,0.282,0
0.3,tail_heavy,0.5,0.5,1.0,blind,0.3,2,2500,1.5,2.0837,-0.5837,-38.911,2500,771,1729,0,0.304,0.3084,0
0.3,tail_heavy,0.5,0.5,1.0,blind,0.3,3,2500,1.5,2.0858,-0.5858,-39.055,2500,767,1733,0,0.3108,0.3068,0
0.3,tail_heavy,0.5,0.5,1.0,blind,0.3,4,2500,1.5,2.0853,-0.5853,-39.019,2500,768,1732,0,0.312,0.3072,0
0.3,tail_heavy,0.5,0.5,1.0,blind,0.3,5,2500,1.5,2.0793,-0.5793,-38.623,2500,779,1721,0,0.3092,0.3116,0
0.3,tail_heavy,0.5,0.5,1.0,blind,0.3,6,2500,1.5,2.0804,-0.5804,-38.695,2500,777,1723,0,0.304,0.3108,0
0.3,tail_heavy,0.5,0.5,1.0,blind,0.5,0,2500,1.5,1.9815,-0.4815,-32.1,2500,1037,1463,0,0.3112,0.4148,0
0.3,tail_heavy,0.5,0.5,1.0,blind,0.5,1,2500,1.5,2.0105,-0.5105,-34.033,2500,979,1521,0,0.2816,0.3916,0
0.3,tail_heavy,0.5,0.5,1.0,blind,0.5,2,2500,1.5,1.9905,-0.4905,-32.7,2500,1019,1481,0,0.3012,0.4076,0
0.3,tail_heavy,0.5,0.5,1.0,blind,0.5,3,2500,1.5,2.0005,-0.5005,-33.367,2500,999,1501,0,0.288,0.3996,0
0.3,tail_heavy,0.5,0.5,1.0,blind,0.5,4,2500,1.5,1.9905,-0.4905,-32.7,2500,1019,1481,0,0.2988,0.4076,0
0.3,tail_heavy,0.5,0.5,1.0,blind,0.5,5,2500,1.5,1.9845,-0.4845,-32.3,2500,1031,1469,0,0.2944,0.4124,0
0.3,tail_heavy,0.5,0.5,1.0,blind,0.5,6,2500,1.5,1.9825,-0.4825,-32.167,2500,1035,1465,0,0.292,0.414,0
0.3,tail_heavy,0.5,0.5,2.0,blind,0.2,0,2500,1.5,3.0027,-1.5027,-100.181,2500,518,1982,0,0.2872,0.2072,0
0.3,tail_heavy,0.5,0.5,2.0,blind,0.2,1,2500,1.5,3.0066,-1.5066,-100.437,2500,514,1986,0,0.2904,0.2056,0
0.3,tail_heavy,0.5,0.5,2.0,blind,0.2,2,2500,1.5,2.9854,-1.4854,-99.029,2500,536,1964,0,0.306,0.2144,0
0.3,tail_heavy,0.5,0.5,2.0,blind,0.2,3,2500,1.5,2.9893,-1.4893,-99.285,2500,532,1968,0,0.2912,0.2128,0
0.3,tail_heavy,0.5,0.5,2.0,blind,0.2,4,2500,1.5,2.9854,-1.4854,-99.029,2500,536,1964,0,0.3112,0.2144,0
0.3,tail_heavy,0.5,0.5,2.0,blind,0.2,5,2500,1.5,2.9653,-1.4653,-97.685,2500,557,1943,0,0.3112,0.2228,0
0.3,tail_heavy,0.5,0.5,2.0,blind,0.2,6,2500,1.5,3.0056,-1.5056,-100.373,2500,515,1985,0,0.302,0.206,0
0.3,tail_heavy,0.5,0.5,2.0,blind,0.3,0,2500,1.5,2.795,-1.295,-86.333,2500,750,1750,0,0.3032,0.3,0
0.3,tail_heavy,0.5,0.5,2.0,blind,0.3,1,2500,1.5,2.7696,-1.2696,-84.641,2500,777,1723,0,0.3076,0.3108,0
0.3,tail_heavy,0.5,0.5,2.0,blind,0.3,2,2500,1.5,2.7621,-1.2621,-84.14,2500,785,1715,0,0.31,0.314,0
0.3,tail_heavy,0.5,0.5,2.0,blind,0.3,3,2500,1.5,2.81,-1.31,-87.336,2500,734,1766,0,0.296,0.2936,0
0.3,tail_heavy,0.5,0.5,2.0,blind,0.3,4,2500,1.5,2.7743,-1.2743,-84.955,2500,772,1728,0,0.3056,0.3088,0
0.3,tail_heavy,0.5,0.5,2.0,blind,0.3,5,2500,1.5,2.8063,-1.3063,-87.085,2500,738,1762,0,0.2856,0.2952,0
0.3,tail_heavy,0.5,0.5,2.0,blind,0.3,6,2500,1.5,2.8166,-1.3166,-87.775,2500,727,1773,0,0.2816,0.2908,0
0.3,tail_heavy,0.5,0.5,2.0,blind,0.5,0,2500,1.5,2.6054,-1.1054,-73.693,2500,994,1506,0,0.294,0.3976,0
0.3,tail_heavy,0.5,0.5,2.0,blind,0.5,1,2500,1.5,2.5883,-1.0883,-72.553,2500,1013,1487,0,0.298,0.4052,0
0.3,tail_heavy,0.5,0.5,2.0,blind,0.5,2,2500,1.5,2.6009,-1.1009,-73.393,2500,999,1501,0,0.2888,0.3996,0
0.3,tail_heavy,0.5,0.5,2.0,blind,0.5,3,2500,1.5,2.6054,-1.1054,-73.693,2500,994,1506,0,0.294,0.3976,0
0.3,tail_heavy,0.5,0.5,2.0,blind,0.5,4,2500,1.5,2.5388,-1.0388,-69.253,2500,1068,1432,0,0.3152,0.4272,0
0.3,tail_heavy,0.5,0.5,2.0,blind,0.5,5,2500,1.5,2.5703,-1.0703,-71.353,2500,1033,1467,0,0.308,0.4132,0
0.3,tail_heavy,0.5,0.5,2.0,blind,0.5,6,2500,1.5,2.564,-1.064,-70.933,2500,1040,1460,0,0.2948,0.416,0
0.3,tail_heavy,0.5,1,0.5,blind,0.2,0,2500,2.0,2.2353,-0.2353,-11.766,2500,509,1991,0,0.3004,0.2036,0
0.3,tail_heavy,0.5,1,0.5,blind,0.2,1,2500,2.0,2.2286,-0.2286,-11.428,2500,522,1978,0,0.3044,0.2088,0
0.3,tail_heavy,0.5,1,0.5,blind,0.2,2,2500,2.0,2.2067,-0.2067,-10.336,2500,564,1936,0,0.2976,0.2256,0
0.3,tail_heavy,0.5,1,0.5,blind,0.2,3,2500,2.0,2.2306,-0.2306,-11.532,2500,518,1982,0,0.2844,0.2072,0
0.3,tail_heavy,0.5,1,0.5,blind,0.2,4,2500,2.0,2.2208,-0.2208,-11.038,2500,537,1963,0,0.2952,0.2148,0
0.3,tail_heavy,0.5,1,0.5,blind,0.2,5,2500,2.0,2.2182,-0.2182,-10.908,2500,542,1958,0,0.2924,0.2168,0
0.3,tail_heavy,0.5,1,0.5,blind,0.2,6,2500,2.0,2.2213,-0.2213,-11.064,2500,536,1964,0,0.3056,0.2144,0
0.3,tail_heavy,0.5,1,0.5,blind,0.3,0,2500,2.0,2.1654,-0.1654,-8.272,2500,697,1803,0,0.282,0.2788,0
0.3,tail_heavy,0.5,1,0.5,blind,0.3,1,2500,2.0,2.141,-0.141,-7.048,2500,748,1752,0,0.2872,0.2992,0
0.3,tail_heavy,0.5,1,0.5,blind,0.3,2,2500,2.0,2.1621,-0.1621,-8.104,2500,704,1796,0,0.298,0.2816,0
0.3,tail_heavy,0.5,1,0.5,blind,0.3,3,2500,2.0,2.1602,-0.1602,-8.008,2500,708,1792,0,0.2924,0.2832,0
0.3,tail_heavy,0.5,1,0.5,blind,0.3,4,2500,2.0,2.1472,-0.1472,-7.36,2500,735,1765,0,0.3012,0.294,0
0.3,tail_heavy,0.5,1,0.5,blind,0.3,5,2500,2.0,2.1554,-0.1554,-7.768,2500,718,1782,0,0.2912,0.2872,0
0.3,tail_heavy,0.5,1,0.5,blind,0.3,6,2500,2.0,2.1472,-0.1472,-7.36,2500,735,1765,0,0.306,0.294,0
0.3,tail_heavy,0.5,1,0.5,blind,0.5,0,2500,2.0,2.0844,-0.0844,-4.22,2500,1039,1461,0,0.3072,0.4156,0
0.3,tail_heavy,0.5,1,0.5,blind,0.5,1,2500,2.0,2.092,-0.092,-4.6,2500,1020,1480,0,0.3076,0.408,0
0.3,tail_heavy,0.5,1,0.5,blind,0.5,2,2500,2.0,2.0932,-0.0932,-4.66,2500,1017,1483,0,0.2908,0.4068,0
0.3,tail_heavy,0.5,1,0.5,blind,0.5,3,2500,2.0,2.0976,-0.0976,-4.88,2500,1006,1494,0,0.2912,0.4024,0
0.3,tail_heavy,0.5,1,0.5,blind,0.5,4,2500,2.0,2.09,-0.09,-4.5,2500,1025,1475,0,0.2968,0.41,0
0.3,tail_heavy,0.5,1,0.5,blind,0.5,5,2500,2.0,2.0816,-0.0816,-4.08,2500,1046,1454,0,0.3008,0.4184,0
0.3,tail_heavy,0.5,1,0.5,blind,0.5,6,2500,2.0,2.0916,-0.0916,-4.58,2500,1021,1479,0,0.2984,0.4084,0
0.3,tail_heavy,0.5,1,1.0,blind,0.2,0,2500,2.0,2.6076,-0.6076,-30.38,2500,545,1955,0,0.3236,0.218,0
0.3,tail_heavy,0.5,1,1.0,blind,0.2,1,2500,2.0,2.6357,-0.6357,-31.784,2500,506,1994,0,0.3004,0.2024,0
0.3,tail_heavy,0.5,1,1.0,blind,0.2,2,2500,2.0,2.6328,-0.6328,-31.64,2500,510,1990,0,0.2876,0.204,0
0.3,tail_heavy,0.5,1,1.0,blind,0.2,3,2500,2.0,2.6364,-0.6364,-31.82,2500,505,1995,0,0.3,0.202,0
0.3,tail_heavy,0.5,1,1.0,blind,0.2,4,2500,2.0,2.6126,-0.6126,-30.632,2500,538,1962,0,0.2976,0.2152,0
0.3,tail_heavy,0.5,1,1.0,blind,0.2,5,2500,2.0,2.6249,-0.6249,-31.244,2500,521,1979,0,0.3052,0.2084,0
0.3,tail_heavy,0.5,1,1.0,blind,0.2,6,2500,2.0,2.6155,-0.6155,-30.776,2500,534,1966,0,0.2936,0.2136,0
0.3,tail_heavy,0.5,1,1.0,blind,0.3,0,2500,2.0,2.5077,-0.5077,-25.384,2500,724,1776,0,0.3036,0.2896,0
0.3,tail_heavy,0.5,1,1.0,blind,0.3,1,2500,2.0,2.4648,-0.4648,-23.242,2500,787,1713,0,0.3068,0.3148,0
0.3,tail_heavy,0.5,1,1.0,blind,0.3,2,2500,2.0,2.4798,-0.4798,-23.99,2500,765,1735,0,0.304,0.306,0
0.3,tail_heavy,0.5,1,1.0,blind,0.3,3,2500,2.0,2.5152,-0.5152,-25.758,2500,713,1787,0,0.3012,0.2852,0
0.3,tail_heavy,0.5,1,1.0,blind,0.3,4,2500,2.0,2.488,-0.488,-24.398,2500,753,1747,0,0.292,0.3012,0
0.3,tail_heavy,0.5,1,1.0,blind,0.3,5,2500,2.0,2.4852,-0.4852,-24.262,2500,757,1743,0,0.3064,0.3028,0
0.3,tail_heavy,0.5,1,1.0,blind,0.3,6,2500,2.0,2.4927,-0.4927,-24.636,2500,746,1754,0,0.3024,0.2984,0
0.3,tail_heavy,0.5,1,1.0,blind,0.5,0,2500,2.0,2.3658,-0.3658,-18.29,2500,1057,1443,0,0.3088,0.4228,0
0.3,tail_heavy,0.5,1,1.0,blind,0.5,1,2500,2.0,2.3976,-0.3976,-19.88,2500,1004,1496,0,0.3004,0.4016,0
0.3,tail_heavy,0.5,1,1.0,blind,0.5,2,2500,2.0,2.3652,-0.3652,-18.26,2500,1058,1442,0,0.3072,0.4232,0
0.3,tail_heavy,0.5,1,1.0,blind,0.5,3,2500,2.0,2.4066,-0.4066,-20.33,2500,989,1511,0,0.2864,0.3956,0
0.3,tail_heavy,0.5,1,1.0,blind,0.5,4,2500,2.0,2.3838,-0.3838,-19.19,2500,1027,1473,0,0.3012,0.4108,0
0.3,tail_heavy,0.5,1,1.0,blind,0.5,5,2500,2.0,2.376,-0.376,-18.8,2500,1040,1460,0,0.2964,0.416,0
0.3,tail_heavy,0.5,1,1.0,blind,0.5,6,2500,2.0,2.3844,-0.3844,-19.22,2500,1026,1474,0,0.2996,0.4104,0
0.3,tail_heavy,0.5,1,2.0,blind,0.2,0,2500,2.0,3.4086,-1.4086,-70.432,2500,528,1972,0,0.304,0.2112,0
0.3,tail_heavy,0.5,1,2.0,blind,0.2,1,2500,2.0,3.3627,-1.3627,-68.136,2500,569,1931,0,0.3092,0.2276,0
0.3,tail_heavy,0.5,1,2.0,blind,0.2,2,2500,2.0,3.3683,-1.3683,-68.416,2500,564,1936,0,0.3092,0.2256,0
0.3,tail_heavy,0.5,1,2.0,blind,0.2,3,2500,2.0,3.3997,-1.3997,-69.984,2500,536,1964,0,0.3064,0.2144,0
0.3,tail_heavy,0.5,1,2.0,blind,0.2,4,2500,2.0,3.4266,-1.4266,-71.328,2500,512,1988,0,0.3012,0.2048,0
0.3,tail_heavy,0.5,1,2.0,blind,0.2,5,2500,2.0,3.3952,-1.3952,-69.76,2500,540,1960,0,0.2968,0.216,0
0.3,tail_heavy,0.5,1,2.0,blind,0.2,6,2500,2.0,3.4221,-1.4221,-71.104,2500,516,1984,0,0.2968,0.2064,0
0.3,tail_heavy,0.5,1,2.0,blind,0.3,0,2500,2.0,3.1706,-1.1706,-58.528,2500,768,1732,0,0.308,0.3072,0
0.3,tail_heavy,0.5,1,2.0,blind,0.3,1,2500,2.0,3.2429,-1.2429,-62.146,2500,701,1799,0,0.2912,0.2804,0
0.3,tail_heavy,0.5,1,2.0,blind,0.3,2,2500,2.0,3.1835,-1.1835,-59.176,2500,756,1744,0,0.3036,0.3024,0
0.3,tail_heavy,0.5,1,2.0,blind,0.3,3,2500,2.0,3.2462,-1.2462,-62.308,2500,698,1802,0,0.2776,0.2792,0
0.3,tail_heavy,0.5,1,2.0,blind,0.3,4,2500,2.0,3.2051,-1.2051,-60.256,2500,736,1764,0,0.2948,0.2944,0
0.3,tail_heavy,0.5,1,2.0,blind,0.3,5,2500,2.0,3.2051,-1.2051,-60.256,2500,736,1764,0,0.3064,0.2944,0
0.3,tail_heavy,0.5,1,2.0,blind,0.3,6,2500,2.0,3.2483,-1.2483,-62.416,2500,696,1804,0,0.2784,0.2784,0
0.3,tail_heavy,0.5,1,2.0,blind,0.5,0,2500,2.0,2.925,-0.925,-46.25,2500,1075,1425,0,0.3128,0.43,0
0.3,tail_heavy,0.5,1,2.0,blind,0.5,1,2500,2.0,2.967,-0.967,-48.35,2500,1033,1467,0,0.296,0.4132,0
0.3,tail_heavy,0.5,1,2.0,blind,0.5,2,2500,2.0,2.97,-0.97,-48.5,2500,1030,1470,0,0.3052,0.412,0
0.3,tail_heavy,0.5,1,2.0,blind,0.5,3,2500,2.0,2.967,-0.967,-48.35,2500,1033,1467,0,0.3028,0.4132,0
0.3,tail_heavy,0.5,1,2.0,blind,0.5,4,2500,2.0,2.958,-0.958,-47.9,2500,1042,1458,0,0.3016,0.4168,0
0.3,tail_heavy,0.5,1,2.0,blind,0.5,5,2500,2.0,3.007,-1.007,-50.35,2500,993,1507,0,0.2864,0.3972,0
0.3,tail_heavy,0.5,1,2.0,blind,0.5,6,2500,2.0,2.953,-0.953,-47.65,2500,1047,1453,0,0.3012,0.4188,0
0.3,tail_heavy,0.5,2,0.5,blind,0.2,0,2500,3.0,3.0212,-0.0212,-0.707,2500,570,1930,0,0.3016,0.228,0
0.3,tail_heavy,0.5,2,0.5,blind,0.2,1,2500,3.0,3.0246,-0.0246,-0.819,2500,566,1934,0,0.3044,0.2264,0
0.3,tail_heavy,0.5,2,0.5,blind,0.2,2,2500,3.0,3.043,-0.043,-1.435,2500,544,1956,0,0.294,0.2176,0
0.3,tail_heavy,0.5,2,0.5,blind,0.2,3,2500,3.0,3.0666,-0.0666,-2.219,2500,516,1984,0,0.2884,0.2064,0
0.3,tail_heavy,0.5,2,0.5,blind,0.2,4,2500,3.0,3.0565,-0.0565,-1.883,2500,528,1972,0,0.2848,0.2112,0
0.3,tail_heavy,0.5,2,0.5,blind,0.2,5,2500,3.0,3.022,-0.022,-0.735,2500,569,1931,0,0.3056,0.2276,0
0.3,tail_heavy,0.5,2,0.5,blind,0.2,6,2500,3.0,3.0052,-0.0052,-0.175,2500,589,1911,0,0.3264,0.2356,0
0.3,tail_heavy,0.5,2,0.5,blind,0.3,0,2500,3.0,2.9665,0.0335,1.117,2500,702,1798,0,0.2896,0.2808,1
0.3,tail_heavy,0.5,2,0.5,blind,0.3,1,2500,3.0,2.9558,0.0442,1.472,2500,716,1784,0,0.2936,0.2864,1
0.3,tail_heavy,0.5,2,0.5,blind,0.3,2,2500,3.0,2.914,0.086,2.865,2500,771,1729,0,0.3076,0.3084,1
0.3,tail_heavy,0.5,2,0.5,blind,0.3,3,2500,3.0,2.9285,0.0715,2.384,2500,752,1748,0,0.2948,0.3008,1
0.3,tail_heavy,0.5,2,0.5,blind,0.3,4,2500,3.0,2.9133,0.0867,2.891,2500,772,1728,0,0.3112,0.3088,1
0.3,tail_heavy,0.5,2,0.5,blind,0.3,5,2500,3.0,2.9376,0.0624,2.08,2500,740,1760,0,0.3084,0.296,1
0.3,tail_heavy,0.5,2,0.5,blind,0.3,6,2500,3.0,2.9444,0.0556,1.852,2500,731,1769,0,0.3,0.2924,1
0.3,tail_heavy,0.5,2,0.5,blind,0.5,0,2500,3.0,2.8676,0.1324,4.413,2500,1054,1446,0,0.312,0.4216,1
0.3,tail_heavy,0.5,2,0.5,blind,0.5,1,2500,3.0,2.8934,0.1066,3.553,2500,1011,1489,0,0.2916,0.4044,1
0.3,tail_heavy,0.5,2,0.5,blind,0.5,2,2500,3.0,2.9036,0.0964,3.213,2500,994,1506,0,0.2992,0.3976,1
0.3,tail_heavy,0.5,2,0.5,blind,0.5,3,2500,3.0,2.8934,0.1066,3.553,2500,1011,1489,0,0.2956,0.4044,1
0.3,tail_heavy,0.5,2,0.5,blind,0.5,4,2500,3.0,2.8658,0.1342,4.473,2500,1057,1443,0,0.3144,0.4228,1
0.3,tail_heavy,0.5,2,0.5,blind,0.5,5,2500,3.0,2.8904,0.1096,3.653,2500,1016,1484,0,0.2976,0.4064,1
0.3,tail_heavy,0.5,2,0.5,blind,0.5,6,2500,3.0,2.864,0.136,4.533,2500,1060,1440,0,0.3216,0.424,1
0.3,tail_heavy,0.5,2,1.0,blind,0.2,0,2500,3.0,3.4509,-0.4509,-15.029,2500,528,1972,0,0.2948,0.2112,0
0.3,tail_heavy,0.5,2,1.0,blind,0.2,1,2500,3.0,3.453,-0.453,-15.099,2500,526,1974,0,0.2952,0.2104,0
0.3,tail_heavy,0.5,2,1.0,blind,0.2,2,2500,3.0,3.4093,-0.4093,-13.643,2500,568,1932,0,0.3,0.2272,0
0.3,tail_heavy,0.5,2,1.0,blind,0.2,3,2500,3.0,3.4415,-0.4415,-14.717,2500,537,1963,0,0.3052,0.2148,0
0.3,tail_heavy,0.5,2,1.0,blind,0.2,4,2500,3.0,3.4259,-0.4259,-14.197,2500,552,1948,0,0.2844,0.2208,0
0.3,tail_heavy,0.5,2,1.0,blind,0.2,5,2500,3.0,3.455,-0.455,-15.168,2500,524,1976,0,0.2952,0.2096,0
0.3,tail_heavy,0.5,2,1.0,blind,0.2,6,2500,3.0,3.4883,-0.4883,-16.277,2500,492,2008,0,0.2952,0.1968,0
0.3,tail_heavy,0.5,2,1.0,blind,0.3,0,2500,3.0,3.2589,-0.2589,-8.629,2500,772,1728,0,0.3076,0.3088,0
0.3,tail_heavy,0.5,2,1.0,blind,0.3,1,2500,3.0,3.2426,-0.2426,-8.085,2500,789,1711,0,0.31,0.3156,0
0.3,tail_heavy,0.5,2,1.0,blind,0.3,2,2500,3.0,3.3213,-0.3213,-10.709,2500,707,1793,0,0.2968,0.2828,0
0.3,tail_heavy,0.5,2,1.0,blind,0.3,3,2500,3.0,3.2704,-0.2704,-9.013,2500,760,1740,0,0.3044,0.304,0
0.3,tail_heavy,0.5,2,1.0,blind,0.3,4,2500,3.0,3.281,-0.281,-9.365,2500,749,1751,0,0.3068,0.2996,0
0.3,tail_heavy,0.5,2,1.0,blind,0.3,5,2500,3.0,3.3366,-0.3366,-11.221,2500,691,1809,0,0.2848,0.2764,0
0.3,tail_heavy,0.5,2,1.0,blind,0.3,6,2500,3.0,3.2934,-0.2934,-9.781,2500,736,1764,0,0.2984,0.2944,0
0.3,tail_heavy,0.5,2,1.0,blind,0.5,0,2500,3.0,3.1736,-0.1736,-5.787,2500,1033,1467,0,0.3064,0.4132,0
0.3,tail_heavy,0.5,2,1.0,blind,0.5,1,2500,3.0,3.1704,-0.1704,-5.68,2500,1037,1463,0,0.298,0.4148,0
0.3,tail_heavy,0.5,2,1.0,blind,0.5,2,2500,3.0,3.1872,-0.1872,-6.24,2500,1016,1484,0,0.3004,0.4064,0
0.3,tail_heavy,0.5,2,1.0,blind,0.5,3,2500,3.0,3.1472,-0.1472,-4.907,2500,1066,1434,0,0.2996,0.4264,0
0.3,tail_heavy,0.5,2,1.0,blind,0.5,4,2500,3.0,3.2008,-0.2008,-6.693,2500,999,1501,0,0.2976,0.3996,0
0.3,tail_heavy,0.5,2,1.0,blind,0.5,5,2500,3.0,3.2008,-0.2008,-6.693,2500,999,1501,0,0.292,0.3996,0
0.3,tail_heavy,0.5,2,1.0,blind,0.5,6,2500,3.0,3.1856,-0.1856,-6.187,2500,1018,1482,0,0.2988,0.4072,0
0.3,tail_heavy,0.5,2,2.0,blind,0.2,0,2500,3.0,4.2354,-1.2354,-41.179,2500,531,1969,0,0.2932,0.2124,0
0.3,tail_heavy,0.5,2,2.0,blind,0.2,1,2500,3.0,4.2742,-1.2742,-42.475,2500,504,1996,0,0.2908,0.2016,0
0.3,tail_heavy,0.5,2,2.0,blind,0.2,2,2500,3.0,4.2642,-1.2642,-42.139,2500,511,1989,0,0.3052,0.2044,0
0.3,tail_heavy,0.5,2,2.0,blind,0.2,3,2500,3.0,4.185,-1.185,-39.499,2500,566,1934,0,0.3088,0.2264,0
0.3,tail_heavy,0.5,2,2.0,blind,0.2,4,2500,3.0,4.1806,-1.1806,-39.355,2500,569,1931,0,0.3088,0.2276,0
0.3,tail_heavy,0.5,2,2.0,blind,0.2,5,2500,3.0,4.2829,-1.2829,-42.763,2500,498,2002,0,0.2988,0.1992,0
0.3,tail_heavy,0.5,2,2.0,blind,0.2,6,2500,3.0,4.231,-1.231,-41.035,2500,534,1966,0,0.2928,0.2136,0
0.3,tail_heavy,0.5,2,2.0,blind,0.3,0,2500,3.0,3.9922,-0.9922,-33.075,2500,741,1759,0,0.2896,0.2964,0
0.3,tail_heavy,0.5,2,2.0,blind,0.3,1,2500,3.0,4.0616,-1.0616,-35.387,2500,690,1810,0,0.2896,0.276,0
0.3,tail_heavy,0.5,2,2.0,blind,0.3,2,2500,3.0,3.9596,-0.9596,-31.987,2500,765,1735,0,0.2988,0.306,0
0.3,tail_heavy,0.5,2,2.0,blind,0.3,3,2500,3.0,3.9977,-0.9977,-33.256,2500,737,1763,0,0.3128,0.2948,0
0.3,tail_heavy,0.5,2,2.0,blind,0.3,4,2500,3.0,4.0194,-1.0194,-33.981,2500,721,1779,0,0.3028,0.2884,0
0.3,tail_heavy,0.5,2,2.0,blind,0.3,5,2500,3.0,4.0371,-1.0371,-34.571,2500,708,1792,0,0.2976,0.2832,0
0.3,tail_heavy,0.5,2,2.0,blind,0.3,6,2500,3.0,3.999,-0.999,-33.301,2500,736,1764,0,0.3012,0.2944,0
0.3,tail_heavy,0.5,2,2.0,blind,0.5,0,2500,3.0,3.7484,-0.7484,-24.947,2500,1043,1457,0,0.2996,0.4172,0
0.3,tail_heavy,0.5,2,2.0,blind,0.5,1,2500,3.0,3.794,-0.794,-26.467,2500,1005,1495,0,0.296,0.402,0
0.3,tail_heavy,0.5,2,2.0,blind,0.5,2,2500,3.0,3.7244,-0.7244,-24.147,2500,1063,1437,0,0.3128,0.4252,0
0.3,tail_heavy,0.5,2,2.0,blind,0.5,3,2500,3.0,3.7928,-0.7928,-26.427,2500,1006,1494,0,0.3048,0.4024,0
0.3,tail_heavy,0.5,2,2.0,blind,0.5,4,2500,3.0,3.7796,-0.7796,-25.987,2500,1017,1483,0,0.2992,0.4068,0
0.3,tail_heavy,0.5,2,2.0,blind,0.5,5,2500,3.0,3.728,-0.728,-24.267,2500,1060,1440,0,0.3012,0.424,0
0.3,tail_heavy,0.5,2,2.0,blind,0.5,6,2500,3.0,3.758,-0.758,-25.267,2500,1035,1465,0,0.3112,0.414,0
0.3,tail_heavy,0.5,4,0.5,blind,0.2,0,2500,5.0,4.6875,0.3125,6.25,2500,549,1951,0,0.3016,0.2196,1
0.3,tail_heavy,0.5,4,0.5,blind,0.2,1,2500,5.0,4.7467,0.2533,5.066,2500,509,1991,0,0.29,0.2036,1
0.3,tail_heavy,0.5,4,0.5,blind,0.2,2,2500,5.0,4.7304,0.2696,5.392,2500,520,1980,0,0.3004,0.208,1
0.3,tail_heavy,0.5,4,0.5,blind,0.2,3,2500,5.0,4.686,0.314,6.28,2500,550,1950,0,0.3068,0.22,1
0.3,tail_heavy,0.5,4,0.5,blind,0.2,4,2500,5.0,4.7482,0.2518,5.037,2500,508,1992,0,0.2812,0.2032,1
0.3,tail_heavy,0.5,4,0.5,blind,0.2,5,2500,5.0,4.7141,0.2859,5.718,2500,531,1969,0,0.2892,0.2124,1
0.3,tail_heavy,0.5,4,0.5,blind,0.2,6,2500,5.0,4.7156,0.2844,5.688,2500,530,1970,0,0.2892,0.212,1
0.3,tail_heavy,0.5,4,0.5,blind,0.3,0,2500,5.0,4.5192,0.4808,9.615,2500,743,1757,0,0.3024,0.2972,1
0.3,tail_heavy,0.5,4,0.5,blind,0.3,1,2500,5.0,4.4823,0.5177,10.354,2500,771,1729,0,0.3008,0.3084,1
0.3,tail_heavy,0.5,4,0.5,blind,0.3,2,2500,5.0,4.5628,0.4372,8.744,2500,710,1790,0,0.292,0.284,1
0.3,tail_heavy,0.5,4,0.5,blind,0.3,3,2500,5.0,4.5153,0.4847,9.694,2500,746,1754,0,0.2868,0.2984,1
0.3,tail_heavy,0.5,4,0.5,blind,0.3,4,2500,5.0,4.5087,0.4913,9.826,2500,751,1749,0,0.284,0.3004,1
0.3,tail_heavy,0.5,4,0.5,blind,0.3,5,2500,5.0,4.514,0.486,9.721,2500,747,1753,0,0.3016,0.2988,1
0.3,tail_heavy,0.5,4,0.5,blind,0.3,6,2500,5.0,4.5126,0.4874,9.747,2500,748,1752,0,0.3036,0.2992,1
0.3,tail_heavy,0.5,4,0.5,blind,0.5,0,2500,5.0,4.468,0.532,10.64,2500,1032,1468,0,0.2992,0.4128,1
0.3,tail_heavy,0.5,4,0.5,blind,0.5,1,2500,5.0,4.449,0.551,11.02,2500,1051,1449,0,0.3012,0.4204,1
0.3,tail_heavy,0.5,4,0.5,blind,0.5,2,2500,5.0,4.53,0.47,9.4,2500,970,1530,0,0.2928,0.388,1
0.3,tail_heavy,0.5,4,0.5,blind,0.5,3,2500,5.0,4.461,0.539,10.78,2500,1039,1461,0,0.3,0.4156,1
0.3,tail_heavy,0.5,4,0.5,blind,0.5,4,2500,5.0,4.521,0.479,9.58,2500,979,1521,0,0.2872,0.3916,1
0.3,tail_heavy,0.5,4,0.5,blind,0.5,5,2500,5.0,4.486,0.514,10.28,2500,1014,1486,0,0.3036,0.4056,1
0.3,tail_heavy,0.5,4,0.5,blind,0.5,6,2500,5.0,4.447,0.553,11.06,2500,1053,1447,0,0.3032,0.4212,1
0.3,tail_heavy,0.5,4,1.0,blind,0.2,0,2500,5.0,5.1046,-0.1046,-2.091,2500,533,1967,0,0.2864,0.2132,0
0.3,tail_heavy,0.5,4,1.0,blind,0.2,1,2500,5.0,5.0609,-0.0609,-1.218,2500,559,1941,0,0.2956,0.2236,0
0.3,tail_heavy,0.5,4,1.0,blind,0.2,2,2500,5.0,5.0794,-0.0794,-1.587,2500,548,1952,0,0.3004,0.2192,0
0.3,tail_heavy,0.5,4,1.0,blind,0.2,3,2500,5.0,5.0743,-0.0743,-1.486,2500,551,1949,0,0.3044,0.2204,0
0.3,tail_heavy,0.5,4,1.0,blind,0.2,4,2500,5.0,5.1432,-0.1432,-2.864,2500,510,1990,0,0.304,0.204,0
0.3,tail_heavy,0.5,4,1.0,blind,0.2,5,2500,5.0,5.1466,-0.1466,-2.931,2500,508,1992,0,0.3088,0.2032,0
0.3,tail_heavy,0.5,4,1.0,blind,0.2,6,2500,5.0,5.123,-0.123,-2.461,2500,522,1978,0,0.298,0.2088,0
0.3,tail_heavy,0.5,4,1.0,blind,0.3,0,2500,5.0,4.8433,0.1567,3.134,2500,761,1739,0,0.3144,0.3044,1
0.3,tail_heavy,0.5,4,1.0,blind,0.3,1,2500,5.0,4.8874,0.1126,2.253,2500,732,1768,0,0.2988,0.2928,1
0.3,tail_heavy,0.5,4,1.0,blind,0.3,2,2500,5.0,4.8159,0.1841,3.682,2500,779,1721,0,0.3132,0.3116,1
0.3,tail_heavy,0.5,4,1.0,blind,0.3,3,2500,5.0,4.8524,0.1476,2.952,2500,755,1745,0,0.314,0.302,1
0.3,tail_heavy,0.5,4,1.0,blind,0.3,4,2500,5.0,4.8661,0.1339,2.678,2500,746,1754,0,0.2888,0.2984,1
0.3,tail_heavy,0.5,4,1.0,blind,0.3,5,2500,5.0,4.9208,0.0792,1.584,2500,710,1790,0,0.2856,0.284,1
0.3,tail_heavy,0.5,4,1.0,blind,0.3,6,2500,5.0,4.819,0.181,3.621,2500,777,1723,0,0.3116,0.3108,1
0.3,tail_heavy,0.5,4,1.0,blind,0.5,0,2500,5.0,4.7472,0.2528,5.056,2500,1044,1456,0,0.2988,0.4176,1
0.3,tail_heavy,0.5,4,1.0,blind,0.5,1,2500,5.0,4.7424,0.2576,5.152,2500,1048,1452,0,0.3172,0.4192,1
0.3,tail_heavy,0.5,4,1.0,blind,0.5,2,2500,5.0,4.7568,0.2432,4.864,2500,1036,1464,0,0.2916,0.4144,1
0.3,tail_heavy,0.5,4,1.0,blind,0.5,3,2500,5.0,4.7808,0.2192,4.384,2500,1016,1484,0,0.2912,0.4064,1
0.3,tail_heavy,0.5,4,1.0,blind,0.5,4,2500,5.0,4.7616,0.2384,4.768,2500,1032,1468,0,0.2996,0.4128,1
0.3,tail_heavy,0.5,4,1.0,blind,0.5,5,2500,5.0,4.8084,0.1916,3.832,2500,993,1507,0,0.2876,0.3972,1
0.3,tail_heavy,0.5,4,1.0,blind,0.5,6,2500,5.0,4.7904,0.2096,4.192,2500,1008,1492,0,0.2944,0.4032,1
0.3,tail_heavy,0.5,4,2.0,blind,0.2,0,2500,5.0,5.8165,-0.8165,-16.33,2500,569,1931,0,0.31,0.2276,0
0.3,tail_heavy,0.5,4,2.0,blind,0.2,1,2500,5.0,5.8643,-0.8643,-17.286,2500,546,1954,0,0.2832,0.2184,0
0.3,tail_heavy,0.5,4,2.0,blind,0.2,2,2500,5.0,5.9267,-0.9267,-18.534,2500,516,1984,0,0.3132,0.2064,0
0.3,tail_heavy,0.5,4,2.0,blind,0.2,3,2500,5.0,5.9538,-0.9538,-19.075,2500,503,1997,0,0.294,0.2012,0
0.3,tail_heavy,0.5,4,2.0,blind,0.2,4,2500,5.0,5.9038,-0.9038,-18.077,2500,527,1973,0,0.302,0.2108,0
0.3,tail_heavy,0.5,4,2.0,blind,0.2,5,2500,5.0,5.9184,-0.9184,-18.368,2500,520,1980,0,0.3036,0.208,0
0.3,tail_heavy,0.5,4,2.0,blind,0.2,6,2500,5.0,5.8498,-0.8498,-16.995,2500,553,1947,0,0.2992,0.2212,0
0.3,tail_heavy,0.5,4,2.0,blind,0.3,0,2500,5.0,5.6042,-0.6042,-12.083,2500,727,1773,0,0.296,0.2908,0
0.3,tail_heavy,0.5,4,2.0,blind,0.3,1,2500,5.0,5.6042,-0.6042,-12.083,2500,727,1773,0,0.3088,0.2908,0
0.3,tail_heavy,0.5,4,2.0,blind,0.3,2,2500,5.0,5.704,-0.704,-14.08,2500,675,1825,0,0.2756,0.27,0
0.3,tail_heavy,0.5,4,2.0,blind,0.3,3,2500,5.0,5.4755,-0.4755,-9.51,2500,794,1706,0,0.3092,0.3176,0
0.3,tail_heavy,0.5,4,2.0,blind,0.3,4,2500,5.0,5.5274,-0.5274,-10.547,2500,767,1733,0,0.3092,0.3068,0
0.3,tail_heavy,0.5,4,2.0,blind,0.3,5,2500,5.0,5.5446,-0.5446,-10.893,2500,758,1742,0,0.3052,0.3032,0
0.3,tail_heavy,0.5,4,2.0,blind,0.3,6,2500,5.0,5.5062,-0.5062,-10.125,2500,778,1722,0,0.302,0.3112,0
0.3,tail_heavy,0.5,4,2.0,blind,0.5,0,2500,5.0,5.3904,-0.3904,-7.808,2500,1006,1494,0,0.2968,0.4024,0
0.3,tail_heavy,0.5,4,2.0,blind,0.5,1,2500,5.0,5.3872,-0.3872,-7.744,2500,1008,1492,0,0.3004,0.4032,0
0.3,tail_heavy,0.5,4,2.0,blind,0.5,2,2500,5.0,5.392,-0.392,-7.84,2500,1005,1495,0,0.296,0.402,0
0.3,tail_heavy,0.5,4,2.0,blind,0.5,3,2500,5.0,5.3152,-0.3152,-6.304,2500,1053,1447,0,0.3016,0.4212,0
0.3,tail_heavy,0.5,4,2.0,blind,0.5,4,2500,5.0,5.3504,-0.3504,-7.008,2500,1031,1469,0,0.3036,0.4124,0
0.3,tail_heavy,0.5,4,2.0,blind,0.5,5,2500,5.0,5.3184,-0.3184,-6.368,2500,1051,1449,0,0.3116,0.4204,0
0.3,tail_heavy,0.5,4,2.0,blind,0.5,6,2500,5.0,5.3568,-0.3568,-7.136,2500,1027,1473,0,0.3096,0.4108,0
0.3,tail_heavy,0.5,8,0.5,blind,0.2,0,2500,9.0,7.9599,1.0401,11.556,2500,558,1942,0,0.3068,0.2232,1
0.3,tail_heavy,0.5,8,0.5,blind,0.2,1,2500,9.0,7.9323,1.0677,11.863,2500,568,1932,0,0.3072,0.2272,1
0.3,tail_heavy,0.5,8,0.5,blind,0.2,2,2500,9.0,8.0151,0.9849,10.943,2500,538,1962,0,0.2968,0.2152,1
0.3,tail_heavy,0.5,8,0.5,blind,0.2,3,2500,9.0,8.109,0.891,9.9,2500,504,1996,0,0.2824,0.2016,1
0.3,tail_heavy,0.5,8,0.5,blind,0.2,4,2500,9.0,8.0952,0.9048,10.054,2500,509,1991,0,0.296,0.2036,1
0.3,tail_heavy,0.5,8,0.5,blind,0.2,5,2500,9.0,8.0731,0.9269,10.299,2500,517,1983,0,0.3168,0.2068,1
0.3,tail_heavy,0.5,8,0.5,blind,0.2,6,2500,9.0,7.9765,1.0235,11.372,2500,552,1948,0,0.3008,0.2208,1
0.3,tail_heavy,0.5,8,0.5,blind,0.3,0,2500,9.0,7.7115,1.2885,14.317,2500,733,1767,0,0.3012,0.2932,1
0.3,tail_heavy,0.5,8,0.5,blind,0.3,1,2500,9.0,7.5846,1.4154,15.727,2500,785,1715,0,0.3172,0.314,1
0.3,tail_heavy,0.5,8,0.5,blind,0.3,2,2500,9.0,7.7042,1.2958,14.398,2500,736,1764,0,0.2968,0.2944,1
0.3,tail_heavy,0.5,8,0.5,blind,0.3,3,2500,9.0,7.731,1.269,14.1,2500,725,1775,0,0.3004,0.29,1
0.3,tail_heavy,0.5,8,0.5,blind,0.3,4,2500,9.0,7.731,1.269,14.1,2500,725,1775,0,0.2896,0.29,1
0.3,tail_heavy,0.5,8,0.5,blind,0.3,5,2500,9.0,7.7164,1.2836,14.263,2500,731,1769,0,0.3052,0.2924,1
0.3,tail_heavy,0.5,8,0.5,blind,0.3,6,2500,9.0,7.6529,1.3471,14.968,2500,757,1743,0,0.2916,0.3028,1
0.3,tail_heavy,0.5,8,0.5,blind,0.5,0,2500,9.0,7.5884,1.4116,15.684,2500,1062,1438,0,0.3044,0.4248,1
0.3,tail_heavy,0.5,8,0.5,blind,0.5,1,2500,9.0,7.6478,1.3522,15.024,2500,1029,1471,0,0.2996,0.4116,1
0.3,tail_heavy,0.5,8,0.5,blind,0.5,2,2500,9.0,7.6586,1.3414,14.904,2500,1023,1477,0,0.3004,0.4092,1
0.3,tail_heavy,0.5,8,0.5,blind,0.5,3,2500,9.0,7.7252,1.2748,14.164,2500,986,1514,0,0.272,0.3944,1
0.3,tail_heavy,0.5,8,0.5,blind,0.5,4,2500,9.0,7.6586,1.3414,14.904,2500,1023,1477,0,0.3056,0.4092,1
0.3,tail_heavy,0.5,8,0.5,blind,0.5,5,2500,9.0,7.7198,1.2802,14.224,2500,989,1511,0,0.2948,0.3956,1
0.3,tail_heavy,0.5,8,0.5,blind,0.5,6,2500,9.0,7.6172,1.3828,15.364,2500,1046,1454,0,0.3012,0.4184,1
0.3,tail_heavy,0.5,8,1.0,blind,0.2,0,2500,9.0,8.4549,0.5451,6.057,2500,522,1978,0,0.2896,0.2088,1
0.3,tail_heavy,0.5,8,1.0,blind,0.2,1,2500,9.0,8.4608,0.5392,5.991,2500,520,1980,0,0.31,0.208,1
0.3,tail_heavy,0.5,8,1.0,blind,0.2,2,2500,9.0,8.446,0.554,6.156,2500,525,1975,0,0.3072,0.21,1
0.3,tail_heavy,0.5,8,1.0,blind,0.2,3,2500,9.0,8.3927,0.6073,6.748,2500,543,1957,0,0.3,0.2172,1
0.3,tail_heavy,0.5,8,1.0,blind,0.2,4,2500,9.0,8.4963,0.5037,5.596,2500,508,1992,0,0.2868,0.2032,1
0.3,tail_heavy,0.5,8,1.0,blind,0.2,5,2500,9.0,8.4046,0.5954,6.616,2500,539,1961,0,0.302,0.2156,1
0.3,tail_heavy,0.5,8,1.0,blind,0.2,6,2500,9.0,8.3898,0.6102,6.78,2500,544,1956,0,0.3092,0.2176,1
0.3,tail_heavy,0.5,8,1.0,blind,0.3,0,2500,9.0,8.0174,0.9826,10.918,2500,751,1749,0,0.2872,0.3004,1
0.3,tail_heavy,0.5,8,1.0,blind,0.3,1,2500,9.0,8.0385,0.9615,10.684,2500,743,1757,0,0.3032,0.2972,1
0.3,tail_heavy,0.5,8,1.0,blind,0.3,2,2500,9.0,8.1071,0.8929,9.921,2500,717,1783,0,0.298,0.2868,1
0.3,tail_heavy,0.5,8,1.0,blind,0.3,3,2500,9.0,8.02,0.98,10.889,2500,750,1750,0,0.3064,0.3,1
0.3,tail_heavy,0.5,8,1.0,blind,0.3,4,2500,9.0,7.9778,1.0222,11.358,2500,766,1734,0,0.298,0.3064,1
0.3,tail_heavy,0.5,8,1.0,blind,0.3,5,2500,9.0,7.9778,1.0222,11.358,2500,766,1734,0,0.302,0.3064,1
0.3,tail_heavy,0.5,8,1.0,blind,0.3,6,2500,9.0,8.0094,0.9906,11.006,2500,754,1746,0,0.3104,0.3016,1
0.3,tail_heavy,0.5,8,1.0,blind,0.5,0,2500,9.0,7.928,1.072,11.911,2500,1036,1464,0,0.3048,0.4144,1
0.3,tail_heavy,0.5,8,1.0,blind,0.5,1,2500,9.0,7.894,1.106,12.289,2500,1053,1447,0,0.3072,0.4212,1
0.3,tail_heavy,0.5,8,1.0,blind,0.5,2,2500,9.0,7.886,1.114,12.378,2500,1057,1443,0,0.3024,0.4228,1
0.3,tail_heavy,0.5,8,1.0,blind,0.5,3,2500,9.0,7.944,1.056,11.733,2500,1028,1472,0,0.2956,0.4112,1
0.3,tail_heavy,0.5,8,1.0,blind,0.5,4,2500,9.0,7.99,1.01,11.222,2500,1005,1495,0,0.296,0.402,1
0.3,tail_heavy,0.5,8,1.0,blind,0.5,5,2500,9.0,7.904,1.096,12.178,2500,1048,1452,0,0.3084,0.4192,1
0.3,tail_heavy,0.5,8,1.0,blind,0.5,6,2500,9.0,7.984,1.016,11.289,2500,1008,1492,0,0.2848,0.4032,1
0.3,tail_heavy,0.5,8,2.0,blind,0.2,0,2500,9.0,9.2629,-0.2629,-2.921,2500,517,1983,0,0.304,0.2068,0
0.3,tail_heavy,0.5,8,2.0,blind,0.2,1,2500,9.0,9.2024,-0.2024,-2.249,2500,535,1965,0,0.3036,0.214,0
0.3,tail_heavy,0.5,8,2.0,blind,0.2,2,2500,9.0,9.1486,-0.1486,-1.652,2500,551,1949,0,0.3108,0.2204,0
0.3,tail_heavy,0.5,8,2.0,blind,0.2,3,2500,9.0,9.1318,-0.1318,-1.465,2500,556,1944,0,0.3092,0.2224,0
0.3,tail_heavy,0.5,8,2.0,blind,0.2,4,2500,9.0,9.2226,-0.2226,-2.473,2500,529,1971,0,0.3044,0.2116,0
0.3,tail_heavy,0.5,8,2.0,blind,0.2,5,2500,9.0,9.2058,-0.2058,-2.286,2500,534,1966,0,0.2852,0.2136,0
0.3,tail_heavy,0.5,8,2.0,blind,0.2,6,2500,9.0,9.1218,-0.1218,-1.353,2500,559,1941,0,0.3116,0.2236,0
0.3,tail_heavy,0.5,8,2.0,blind,0.3,0,2500,9.0,8.72,0.28,3.111,2500,750,1750,0,0.2924,0.3,1
0.3,tail_heavy,0.5,8,2.0,blind,0.3,1,2500,9.0,8.72,0.28,3.111,2500,750,1750,0,0.3044,0.3,1
0.3,tail_heavy,0.5,8,2.0,blind,0.3,2,2500,9.0,8.7291,0.2709,3.01,2500,747,1753,0,0.302,0.2988,1
0.3,tail_heavy,0.5,8,2.0,blind,0.3,3,2500,9.0,8.6774,0.3226,3.584,2500,764,1736,0,0.3116,0.3056,1
0.3,tail_heavy,0.5,8,2.0,blind,0.3,4,2500,9.0,8.7626,0.2374,2.638,2500,736,1764,0,0.2992,0.2944,1
0.3,tail_heavy,0.5,8,2.0,blind,0.3,5,2500,9.0,8.6349,0.3651,4.057,2500,778,1722,0,0.3036,0.3112,1
0.3,tail_heavy,0.5,8,2.0,blind,0.3,6,2500,9.0,8.7838,0.2162,2.402,2500,729,1771,0,0.2836,0.2916,1
0.3,tail_heavy,0.5,8,2.0,blind,0.5,0,2500,9.0,8.4224,0.5776,6.418,2500,1074,1426,0,0.3172,0.4296,1
0.3,tail_heavy,0.5,8,2.0,blind,0.5,1,2500,9.0,8.6072,0.3928,4.364,2500,997,1503,0,0.2892,0.3988,1
0.3,tail_heavy,0.5,8,2.0,blind,0.5,2,2500,9.0,8.5592,0.4408,4.898,2500,1017,1483,0,0.298,0.4068,1
0.3,tail_heavy,0.5,8,2.0,blind,0.5,3,2500,9.0,8.5208,0.4792,5.324,2500,1033,1467,0,0.3052,0.4132,1
0.3,tail_heavy,0.5,8,2.0,blind,0.5,4,2500,9.0,8.5952,0.4048,4.498,2500,1002,1498,0,0.2984,0.4008,1
0.3,tail_heavy,0.5,8,2.0,blind,0.5,5,2500,9.0,8.5592,0.4408,4.898,2500,1017,1483,0,0.292,0.4068,1
0.3,tail_heavy,0.5,8,2.0,blind,0.5,6,2500,9.0,8.5496,0.4504,5.004,2500,1021,1479,0,0.3012,0.4084,1
0.5,uniform_heavy,0.5,0.25,0.5,blind,0.2,0,2500,1.25,1.4946,-0.2446,-19.571,2500,912,1588,0,0.5112,0.3648,0
0.5,uniform_heavy,0.5,0.25,0.5,blind,0.2,1,2500,1.25,1.5081,-0.2581,-20.646,2500,864,1636,0,0.4948,0.3456,0
0.5,uniform_heavy,0.5,0.25,0.5,blind,0.2,2,2500,1.25,1.5084,-0.2584,-20.669,2500,863,1637,0,0.4904,0.3452,0
0.5,uniform_heavy,0.5,0.25,0.5,blind,0.2,3,2500,1.25,1.505,-0.255,-20.4,2500,875,1625,0,0.5036,0.35,0
0.5,uniform_heavy,0.5,0.25,0.5,blind,0.2,4,2500,1.25,1.4918,-0.2418,-19.347,2500,922,1578,0,0.4796,0.3688,0
0.5,uniform_heavy,0.5,0.25,0.5,blind,0.2,5,2500,1.25,1.5042,-0.2542,-20.333,2500,878,1622,0,0.5036,0.3512,0
0.5,uniform_heavy,0.5,0.25,0.5,blind,0.2,6,2500,1.25,1.5134,-0.2634,-21.072,2500,845,1655,0,0.4756,0.338,0
0.5,uniform_heavy,0.5,0.25,0.5,blind,0.3,0,2500,1.25,1.4117,-0.1617,-12.935,2500,1253,1247,0,0.5084,0.5012,0
0.5,uniform_heavy,0.5,0.25,0.5,blind,0.3,1,2500,1.25,1.4214,-0.1714,-13.713,2500,1217,1283,0,0.4908,0.4868,0
0.5,uniform_heavy,0.5,0.25,0.5,blind,0.3,2,2500,1.25,1.4157,-0.1657,-13.259,2500,1238,1262,0,0.5128,0.4952,0
0.5,uniform_heavy,0.5,0.25,0.5,blind,0.3,3,2500,1.25,1.4057,-0.1557,-12.46,2500,1275,1225,0,0.5036,0.51,0
0.5,uniform_heavy,0.5,0.25,0.5,blind,0.3,4,2500,1.25,1.4012,-0.1512,-12.093,2500,1292,1208,0,0.5032,0.5168,0
0.5,uniform_heavy,0.5,0.25,0.5,blind,0.3,5,2500,1.25,1.4195,-0.1695,-13.562,2500,1224,1276,0,0.4992,0.4896,0
0.5,uniform_heavy,0.5,0.25,0.5,blind,0.3,6,2500,1.25,1.4144,-0.1644,-13.151,2500,1243,1257,0,0.4992,0.4972,0
0.5,uniform_heavy,0.5,0.25,0.5,blind,0.5,0,2500,1.25,1.336,-0.086,-6.88,2500,1656,844,0,0.502,0.6624,0
0.5,uniform_heavy,0.5,0.25,0.5,blind,0.5,1,2500,1.25,1.3313,-0.0813,-6.5,2500,1675,825,0,0.5064,0.67,0
0.5,uniform_heavy,0.5,0.25,0.5,blind,0.5,2,2500,1.25,1.321,-0.071,-5.68,2500,1716,784,0,0.51,0.6864,0
0.5,uniform_heavy,0.5,0.25,0.5,blind,0.5,3,2500,1.25,1.3285,-0.0785,-6.28,2500,1686,814,0,0.4992,0.6744,0
0.5,uniform_heavy,0.5,0.25,0.5,blind,0.5,4,2500,1.25,1.3335,-0.0835,-6.68,2500,1666,834,0,0.5064,0.6664,0
0.5,uniform_heavy,0.5,0.25,0.5,blind,0.5,5,2500,1.25,1.3268,-0.0768,-6.14,2500,1693,807,0,0.5232,0.6772,0
0.5,uniform_heavy,0.5,0.25,0.5,blind,0.5,6,2500,1.25,1.329,-0.079,-6.32,2500,1684,816,0,0.4996,0.6736,0
0.5,uniform_heavy,0.5,0.25,1.0,blind,0.2,0,2500,1.25,1.8262,-0.5762,-46.093,2500,883,1617,0,0.4908,0.3532,0
0.5,uniform_heavy,0.5,0.25,1.0,blind,0.2,1,2500,1.25,1.7998,-0.5498,-43.981,2500,938,1562,0,0.5104,0.3752,0
0.5,uniform_heavy,0.5,0.25,1.0,blind,0.2,2,2500,1.25,1.8396,-0.5896,-47.168,2500,855,1645,0,0.4856,0.342,0
0.5,uniform_heavy,0.5,0.25,1.0,blind,0.2,3,2500,1.25,1.8132,-0.5632,-45.056,2500,910,1590,0,0.4924,0.364,0
0.5,uniform_heavy,0.5,0.25,1.0,blind,0.2,4,2500,1.25,1.8142,-0.5642,-45.133,2500,908,1592,0,0.5032,0.3632,0
0.5,uniform_heavy,0.5,0.25,1.0,blind,0.2,5,2500,1.25,1.8295,-0.5795,-46.362,2500,876,1624,0,0.494,0.3504,0
0.5,uniform_heavy,0.5,0.25,1.0,blind,0.2,6,2500,1.25,1.8175,-0.5675,-45.402,2500,901,1599,0,0.4972,0.3604,0
0.5,uniform_heavy,0.5,0.25,1.0,blind,0.3,0,2500,1.25,1.6362,-0.3862,-30.894,2500,1306,1194,0,0.5072,0.5224,0
0.5,uniform_heavy,0.5,0.25,1.0,blind,0.3,1,2500,1.25,1.6653,-0.4153,-33.226,2500,1244,1256,0,0.4896,0.4976,0
0.5,uniform_heavy,0.5,0.25,1.0,blind,0.3,2,2500,1.25,1.6569,-0.4069,-32.549,2500,1262,1238,0,0.5076,0.5048,0
0.5,uniform_heavy,0.5,0.25,1.0,blind,0.3,3,2500,1.25,1.6818,-0.4318,-34.542,2500,1209,1291,0,0.4996,0.4836,0
0.5,uniform_heavy,0.5,0.25,1.0,blind,0.3,4,2500,1.25,1.6583,-0.4083,-32.662,2500,1259,1241,0,0.5016,0.5036,0
0.5,uniform_heavy,0.5,0.25,1.0,blind,0.3,5,2500,1.25,1.671,-0.421,-33.677,2500,1232,1268,0,0.4992,0.4928,0
0.5,uniform_heavy,0.5,0.25,1.0,blind,0.3,6,2500,1.25,1.663,-0.413,-33.038,2500,1249,1251,0,0.4924,0.4996,0
0.5,uniform_heavy,0.5,0.25,1.0,blind,0.5,0,2500,1.25,1.4913,-0.2413,-19.304,2500,1686,814,0,0.5232,0.6744,0
0.5,uniform_heavy,0.5,0.25,1.0,blind,0.5,1,2500,1.25,1.5048,-0.2548,-20.384,2500,1656,844,0,0.5044,0.6624,0
0.5,uniform_heavy,0.5,0.25,1.0,blind,0.5,2,2500,1.25,1.5016,-0.2516,-20.132,2500,1663,837,0,0.5,0.6652,0
0.5,uniform_heavy,0.5,0.25,1.0,blind,0.5,3,2500,1.25,1.5075,-0.2575,-20.6,2500,1650,850,0,0.488,0.66,0
0.5,uniform_heavy,0.5,0.25,1.0,blind,0.5,4,2500,1.25,1.4963,-0.2463,-19.7,2500,1675,825,0,0.51,0.67,0
0.5,uniform_heavy,0.5,0.25,1.0,blind,0.5,5,2500,1.25,1.5115,-0.2615,-20.924,2500,1641,859,0,0.4912,0.6564,0
0.5,uniform_heavy,0.5,0.25,1.0,blind,0.5,6,2500,1.25,1.4953,-0.2453,-19.628,2500,1677,823,0,0.5032,0.6708,0
0.5,uniform_heavy,0.5,0.25,2.0,blind,0.2,0,2500,1.25,2.4826,-1.2326,-98.611,2500,872,1628,0,0.4856,0.3488,0
0.5,uniform_heavy,0.5,0.25,2.0,blind,0.2,1,2500,1.25,2.4738,-1.2238,-97.907,2500,882,1618,0,0.51,0.3528,0
0.5,uniform_heavy,0.5,0.25,2.0,blind,0.2,2,2500,1.25,2.4703,-1.2203,-97.626,2500,886,1614,0,0.5096,0.3544,0
0.5,uniform_heavy,0.5,0.25,2.0,blind,0.2,3,2500,1.25,2.4659,-1.2159,-97.274,2500,891,1609,0,0.4892,0.3564,0
0.5,uniform_heavy,0.5,0.25,2.0,blind,0.2,4,2500,1.25,2.4826,-1.2326,-98.611,2500,872,1628,0,0.482,0.3488,0
0.5,uniform_heavy,0.5,0.25,2.0,blind,0.2,5,2500,1.25,2.465,-1.215,-97.203,2500,892,1608,0,0.4916,0.3568,0
0.5,uniform_heavy,0.5,0.25,2.0,blind,0.2,6,2500,1.25,2.4316,-1.1816,-94.528,2500,930,1570,0,0.5096,0.372,0
0.5,uniform_heavy,0.5,0.25,2.0,blind,0.3,0,2500,1.25,2.1729,-0.9229,-73.835,2500,1238,1262,0,0.5,0.4952,0
0.5,uniform_heavy,0.5,0.25,2.0,blind,0.3,1,2500,1.25,2.1799,-0.9299,-74.392,2500,1230,1270,0,0.4816,0.492,0
0.5,uniform_heavy,0.5,0.25,2.0,blind,0.3,2,2500,1.25,2.1477,-0.8977,-71.817,2500,1267,1233,0,0.5072,0.5068,0
0.5,uniform_heavy,0.5,0.25,2.0,blind,0.3,3,2500,1.25,2.1834,-0.9334,-74.67,2500,1226,1274,0,0.5008,0.4904,0
0.5,uniform_heavy,0.5,0.25,2.0,blind,0.3,4,2500,1.25,2.1381,-0.8881,-71.051,2500,1278,1222,0,0.496,0.5112,0
0.5,uniform_heavy,0.5,0.25,2.0,blind,0.3,5,2500,1.25,2.1242,-0.8742,-69.938,2500,1294,1206,0,0.5024,0.5176,0
0.5,uniform_heavy,0.5,0.25,2.0,blind,0.3,6,2500,1.25,2.1338,-0.8838,-70.703,2500,1283,1217,0,0.5032,0.5132,0
0.5,uniform_heavy,0.5,0.25,2.0,blind,0.5,0,2500,1.25,1.8492,-0.5992,-47.936,2500,1648,852,0,0.5012,0.6592,0
0.5,uniform_heavy,0.5,0.25,2.0,blind,0.5,1,2500,1.25,1.8237,-0.5737,-45.896,2500,1678,822,0,0.5044,0.6712,0
0.5,uniform_heavy,0.5,0.25,2.0,blind,0.5,2,2500,1.25,1.8016,-0.5516,-44.128,2500,1704,796,0,0.5056,0.6816,0
0.5,uniform_heavy,0.5,0.25,2.0,blind,0.5,3,2500,1.25,1.8518,-0.6018,-48.14,2500,1645,855,0,0.4976,0.658,0
0.5,uniform_heavy,0.5,0.25,2.0,blind,0.5,4,2500,1.25,1.8356,-0.5856,-46.848,2500,1664,836,0,0.4952,0.6656,0
0.5,uniform_heavy,0.5,0.25,2.0,blind,0.5,5,2500,1.25,1.7906,-0.5406,-43.244,2500,1717,783,0,0.5028,0.6868,0
0.5,uniform_heavy,0.5,0.25,2.0,blind,0.5,6,2500,1.25,1.8373,-0.5873,-46.984,2500,1662,838,0,0.4972,0.6648,0
0.5,uniform_heavy,0.5,0.5,0.5,blind,0.2,0,2500,1.5,1.6609,-0.1609,-10.725,2500,942,1558,0,0.4996,0.3768,0
0.5,uniform_heavy,0.5,0.5,0.5,blind,0.2,1,2500,1.5,1.6857,-0.1857,-12.381,2500,873,1627,0,0.5024,0.3492,0
0.5,uniform_heavy,0.5,0.5,0.5,blind,0.2,2,2500,1.5,1.6764,-0.1764,-11.757,2500,899,1601,0,0.4912,0.3596,0
0.5,uniform_heavy,0.5,0.5,0.5,blind,0.2,3,2500,1.5,1.6789,-0.1789,-11.925,2500,892,1608,0,0.5056,0.3568,0
0.5,uniform_heavy,0.5,0.5,0.5,blind,0.2,4,2500,1.5,1.6764,-0.1764,-11.757,2500,899,1601,0,0.5136,0.3596,0
0.5,uniform_heavy,0.5,0.5,0.5,blind,0.2,5,2500,1.5,1.6756,-0.1756,-11.709,2500,901,1599,0,0.5048,0.3604,0
0.5,uniform_heavy,0.5,0.5,0.5,blind,0.2,6,2500,1.5,1.6558,-0.1558,-10.389,2500,956,1544,0,0.5192,0.3824,0
0.5,uniform_heavy,0.5,0.5,0.5,blind,0.3,0,2500,1.5,1.5774,-0.0774,-5.159,2500,1243,1257,0,0.502,0.4972,0
0.5,uniform_heavy,0.5,0.5,0.5,blind,0.3,1,2500,1.5,1.5893,-0.0893,-5.952,2500,1208,1292,0,0.4796,0.4832,0
0.5,uniform_heavy,0.5,0.5,0.5,blind,0.3,2,2500,1.5,1.5784,-0.0784,-5.227,2500,1240,1260,0,0.494,0.496,0
0.5,uniform_heavy,0.5,0.5,0.5,blind,0.3,3,2500,1.5,1.5651,-0.0651,-4.343,2500,1279,1221,0,0.502,0.5116,0
0.5,uniform_heavy,0.5,0.5,0.5,blind,0.3,4,2500,1.5,1.5876,-0.0876,-5.839,2500,1213,1287,0,0.4984,0.4852,0
0.5,uniform_heavy,0.5,0.5,0.5,blind,0.3,5,2500,1.5,1.5706,-0.0706,-4.705,2500,1263,1237,0,0.502,0.5052,0
0.5,uniform_heavy,0.5,0.5,0.5,blind,0.3,6,2500,1.5,1.5855,-0.0855,-5.703,2500,1219,1281,0,0.5012,0.4876,0
0.5,uniform_heavy,0.5,0.5,0.5,blind,0.5,0,2500,1.5,1.5071,-0.0071,-0.473,2500,1643,857,0,0.49,0.6572,0
0.5,uniform_heavy,0.5,0.5,0.5,blind,0.5,1,2500,1.5,1.4996,0.0004,0.027,2500,1668,832,0,0.5068,0.6672,1
0.5,uniform_heavy,0.5,0.5,0.5,blind,0.5,2,2500,1.5,1.5047,-0.0047,-0.313,2500,1651,849,0,0.5068,0.6604,0
0.5,uniform_heavy,0.5,0.5,0.5,blind,0.5,3,2500,1.5,1.5017,-0.0017,-0.113,2500,1661,839,0,0.5032,0.6644,0
0.5,uniform_heavy,0.5,0.5,0.5,blind,0.5,4,2500,1.5,1.4999,0.0001,0.007,2500,1667,833,0,0.5056,0.6668,1
0.5,uniform_heavy,0.5,0.5,0.5,blind,0.5,5,2500,1.5,1.5005,-0.0005,-0.033,2500,1665,835,0,0.5104,0.666,0
0.5,uniform_heavy,0.5,0.5,0.5,blind,0.5,6,2500,1.5,1.5065,-0.0065,-0.433,2500,1645,855,0,0.492,0.658,0
0.5,uniform_heavy,0.5,0.5,1.0,blind,0.2,0,2500,1.5,1.9977,-0.4977,-33.179,2500,897,1603,0,0.4816,0.3588,0
0.5,uniform_heavy,0.5,0.5,1.0,blind,0.2,1,2500,1.5,1.9697,-0.4697,-31.312,2500,947,1553,0,0.5184,0.3788,0
0.5,uniform_heavy,0.5,0.5,1.0,blind,0.2,2,2500,1.5,2.0083,-0.5083,-33.888,2500,878,1622,0,0.486,0.3512,0
0.5,uniform_heavy,0.5,0.5,1.0,blind,0.2,3,2500,1.5,2.0005,-0.5005,-33.365,2500,892,1608,0,0.4968,0.3568,0
0.5,uniform_heavy,0.5,0.5,1.0,blind,0.2,4,2500,1.5,1.9809,-0.4809,-32.059,2500,927,1573,0,0.5096,0.3708,0
0.5,uniform_heavy,0.5,0.5,1.0,blind,0.2,5,2500,1.5,1.991,-0.491,-32.731,2500,909,1591,0,0.5,0.3636,0
0.5,uniform_heavy,0.5,0.5,1.0,blind,0.2,6,2500,1.5,1.977,-0.477,-31.797,2500,934,1566,0,0.5184,0.3736,0
0.5,uniform_heavy,0.5,0.5,1.0,blind,0.3,0,2500,1.5,1.818,-0.318,-21.199,2500,1263,1237,0,0.4984,0.5052,0
0.5,uniform_heavy,0.5,0.5,1.0,blind,0.3,1,2500,1.5,1.8477,-0.3477,-23.179,2500,1208,1292,0,0.5072,0.4832,0
0.5,uniform_heavy,0.5,0.5,1.0,blind,0.3,2,2500,1.5,1.8336,-0.3336,-22.243,2500,1234,1266,0,0.5,0.4936,0
0.5,uniform_heavy,0.5,0.5,1.0,blind,0.3,3,2500,1.5,1.8266,-0.3266,-21.775,2500,1247,1253,0,0.5032,0.4988,0
0.5,uniform_heavy,0.5,0.5,1.0,blind,0.3,4,2500,1.5,1.8304,-0.3304,-22.027,2500,1240,1260,0,0.5028,0.496,0
0.5,uniform_heavy,0.5,0.5,1.0,blind,0.3,5,2500,1.5,1.8477,-0.3477,-23.179,2500,1208,1292,0,0.4768,0.4832,0
0.5,uniform_heavy,0.5,0.5,1.0,blind,0.3,6,2500,1.5,1.8552,-0.3552,-23.683,2500,1194,1306,0,0.4812,0.4776,0
0.5,uniform_heavy,0.5,0.5,1.0,blind,0.5,0,2500,1.5,1.665,-0.165,-11.0,2500,1670,830,0,0.506,0.668,0
0.5,uniform_heavy,0.5,0.5,1.0,blind,0.5,1,2500,1.5,1.679,-0.179,-11.933,2500,1642,858,0,0.5008,0.6568,0
0.5,uniform_heavy,0.5,0.5,1.0,blind,0.5,2,2500,1.5,1.6795,-0.1795,-11.967,2500,1641,859,0,0.4796,0.6564,0
0.5,uniform_heavy,0.5,0.5,1.0,blind,0.5,3,2500,1.5,1.6835,-0.1835,-12.233,2500,1633,867,0,0.5032,0.6532,0
0.5,uniform_heavy,0.5,0.5,1.0,blind,0.5,4,2500,1.5,1.666,-0.166,-11.067,2500,1668,832,0,0.5072,0.6672,0
0.5,uniform_heavy,0.5,0.5,1.0,blind,0.5,5,2500,1.5,1.6715,-0.1715,-11.433,2500,1657,843,0,0.5136,0.6628,0
0.5,uniform_heavy,0.5,0.5,1.0,blind,0.5,6,2500,1.5,1.682,-0.182,-12.133,2500,1636,864,0,0.49,0.6544,0
0.5,uniform_heavy,0.5,0.5,2.0,blind,0.2,0,2500,1.5,2.6216,-1.1216,-74.773,2500,915,1585,0,0.4984,0.366,0
0.5,uniform_heavy,0.5,0.5,2.0,blind,0.2,1,2500,1.5,2.6542,-1.1542,-76.949,2500,881,1619,0,0.4992,0.3524,0
0.5,uniform_heavy,0.5,0.5,2.0,blind,0.2,2,2500,1.5,2.6024,-1.1024,-73.493,2500,935,1565,0,0.4996,0.374,0
0.5,uniform_heavy,0.5,0.5,2.0,blind,0.2,3,2500,1.5,2.6706,-1.1706,-78.037,2500,864,1636,0,0.5068,0.3456,0
0.5,uniform_heavy,0.5,0.5,2.0,blind,0.2,4,2500,1.5,2.6101,-1.1101,-74.005,2500,927,1573,0,0.5132,0.3708,0
0.5,uniform_heavy,0.5,0.5,2.0,blind,0.2,5,2500,1.5,2.6302,-1.1302,-75.349,2500,906,1594,0,0.5036,0.3624,0
0.5,uniform_heavy,0.5,0.5,2.0,blind,0.2,6,2500,1.5,2.6274,-1.1274,-75.157,2500,909,1591,0,0.5164,0.3636,0
0.5,uniform_heavy,0.5,0.5,2.0,blind,0.3,0,2500,1.5,2.3353,-0.8353,-55.689,2500,1239,1261,0,0.4928,0.4956,0
0.5,uniform_heavy,0.5,0.5,2.0,blind,0.3,1,2500,1.5,2.3391,-0.8391,-55.94,2500,1235,1265,0,0.5084,0.494,0
0.5,uniform_heavy,0.5,0.5,2.0,blind,0.3,2,2500,1.5,2.3485,-0.8485,-56.567,2500,1225,1275,0,0.5064,0.49,0
0.5,uniform_heavy,0.5,0.5,2.0,blind,0.3,3,2500,1.5,2.3485,-0.8485,-56.567,2500,1225,1275,0,0.4992,0.49,0
0.5,uniform_heavy,0.5,0.5,2.0,blind,0.3,4,2500,1.5,2.34,-0.84,-56.003,2500,1234,1266,0,0.5036,0.4936,0
0.5,uniform_heavy,0.5,0.5,2.0,blind,0.3,5,2500,1.5,2.34,-0.84,-56.003,2500,1234,1266,0,0.5108,0.4936,0
0.5,uniform_heavy,0.5,0.5,2.0,blind,0.3,6,2500,1.5,2.2912,-0.7912,-52.744,2500,1286,1214,0,0.506,0.5144,0
0.5,uniform_heavy,0.5,0.5,2.0,blind,0.5,0,2500,1.5,1.9961,-0.4961,-33.073,2500,1671,829,0,0.514,0.6684,0
0.5,uniform_heavy,0.5,0.5,2.0,blind,0.5,1,2500,1.5,2.0321,-0.5321,-35.473,2500,1631,869,0,0.4872,0.6524,0
0.5,uniform_heavy,0.5,0.5,2.0,blind,0.5,2,2500,1.5,2.0078,-0.5078,-33.853,2500,1658,842,0,0.508,0.6632,0
0.5,uniform_heavy,0.5,0.5,2.0,blind,0.5,3,2500,1.5,2.006,-0.506,-33.733,2500,1660,840,0,0.4992,0.664,0
0.5,uniform_heavy,0.5,0.5,2.0,blind,0.5,4,2500,1.5,1.9898,-0.4898,-32.653,2500,1678,822,0,0.4972,0.6712,0
0.5,uniform_heavy,0.5,0.5,2.0,blind,0.5,5,2500,1.5,1.9916,-0.4916,-32.773,2500,1676,824,0,0.5112,0.6704,0
0.5,uniform_heavy,0.5,0.5,2.0,blind,0.5,6,2500,1.5,1.9862,-0.4862,-32.413,2500,1682,818,0,0.5044,0.6728,0
0.5,uniform_heavy,0.5,1,0.5,blind,0.2,0,2500,2.0,2.0336,-0.0336,-1.678,2500,897,1603,0,0.4968,0.3588,0
0.5,uniform_heavy,0.5,1,0.5,blind,0.2,1,2500,2.0,2.0232,-0.0232,-1.158,2500,917,1583,0,0.5112,0.3668,0
0.5,uniform_heavy,0.5,1,0.5,blind,0.2,2,2500,2.0,2.0237,-0.0237,-1.184,2500,916,1584,0,0.5036,0.3664,0
0.5,uniform_heavy,0.5,1,0.5,blind,0.2,3,2500,2.0,2.0419,-0.0419,-2.094,2500,881,1619,0,0.5168,0.3524,0
0.5,uniform_heavy,0.5,1,0.5,blind,0.2,4,2500,2.0,2.0195,-0.0195,-0.976,2500,924,1576,0,0.5044,0.3696,0
0.5,uniform_heavy,0.5,1,0.5,blind,0.2,5,2500,2.0,2.0424,-0.0424,-2.12,2500,880,1620,0,0.4904,0.352,0
0.5,uniform_heavy,0.5,1,0.5,blind,0.2,6,2500,2.0,2.0278,-0.0278,-1.392,2500,908,1592,0,0.502,0.3632,0
0.5,uniform_heavy,0.5,1,0.5,blind,0.3,0,2500,2.0,1.9101,0.0899,4.496,2500,1229,1271,0,0.5028,0.4916,1
0.5,uniform_heavy,0.5,1,0.5,blind,0.3,1,2500,2.0,1.9125,0.0875,4.376,2500,1224,1276,0,0.5012,0.4896,1
0.5,uniform_heavy,0.5,1,0.5,blind,0.3,2,2500,2.0,1.9024,0.0976,4.88,2500,1245,1255,0,0.5032,0.498,1
0.5,uniform_heavy,0.5,1,0.5,blind,0.3,3,2500,2.0,1.9072,0.0928,4.64,2500,1235,1265,0,0.5036,0.494,1
0.5,uniform_heavy,0.5,1,0.5,blind,0.3,4,2500,2.0,1.8981,0.1019,5.096,2500,1254,1246,0,0.5048,0.5016,1
0.5,uniform_heavy,0.5,1,0.5,blind,0.3,5,2500,2.0,1.8856,0.1144,5.72,2500,1280,1220,0,0.5196,0.512,1
0.5,uniform_heavy,0.5,1,0.5,blind,0.3,6,2500,2.0,1.9182,0.0818,4.088,2500,1212,1288,0,0.5052,0.4848,1
0.5,uniform_heavy,0.5,1,0.5,blind,0.5,0,2500,2.0,1.8308,0.1692,8.46,2500,1673,827,0,0.5056,0.6692,1
0.5,uniform_heavy,0.5,1,0.5,blind,0.5,1,2500,2.0,1.8304,0.1696,8.48,2500,1674,826,0,0.496,0.6696,1
0.5,uniform_heavy,0.5,1,0.5,blind,0.5,2,2500,2.0,1.8392,0.1608,8.04,2500,1652,848,0,0.5016,0.6608,1
0.5,uniform_heavy,0.5,1,0.5,blind,0.5,3,2500,2.0,1.8164,0.1836,9.18,2500,1709,791,0,0.5184,0.6836,1
0.5,uniform_heavy,0.5,1,0.5,blind,0.5,4,2500,2.0,1.8372,0.1628,8.14,2500,1657,843,0,0.4912,0.6628,1
0.5,uniform_heavy,0.5,1,0.5,blind,0.5,5,2500,2.0,1.8444,0.1556,7.78,2500,1639,861,0,0.494,0.6556,1
0.5,uniform_heavy,0.5,1,0.5,blind,0.5,6,2500,2.0,1.8384,0.1616,8.08,2500,1654,846,0,0.5008,0.6616,1
0.5,uniform_heavy,0.5,1,1.0,blind,0.2,0,2500,2.0,2.3455,-0.3455,-17.276,2500,909,1591,0,0.5004,0.3636,0
0.5,uniform_heavy,0.5,1,1.0,blind,0.2,1,2500,2.0,2.3434,-0.3434,-17.168,2500,912,1588,0,0.5148,0.3648,0
0.5,uniform_heavy,0.5,1,1.0,blind,0.2,2,2500,2.0,2.37,-0.37,-18.5,2500,875,1625,0,0.4896,0.35,0
0.5,uniform_heavy,0.5,1,1.0,blind,0.2,3,2500,2.0,2.3419,-0.3419,-17.096,2500,914,1586,0,0.5016,0.3656,0
0.5,uniform_heavy,0.5,1,1.0,blind,0.2,4,2500,2.0,2.3758,-0.3758,-18.788,2500,867,1633,0,0.482,0.3468,0
0.5,uniform_heavy,0.5,1,1.0,blind,0.2,5,2500,2.0,2.3405,-0.3405,-17.024,2500,916,1584,0,0.5028,0.3664,0
0.5,uniform_heavy,0.5,1,1.0,blind,0.2,6,2500,2.0,2.3722,-0.3722,-18.608,2500,872,1628,0,0.494,0.3488,0
0.5,uniform_heavy,0.5,1,1.0,blind,0.3,0,2500,2.0,2.1656,-0.1656,-8.282,2500,1227,1273,0,0.4956,0.4908,0
0.5,uniform_heavy,0.5,1,1.0,blind,0.3,1,2500,2.0,2.1235,-0.1235,-6.174,2500,1289,1211,0,0.5064,0.5156,0
0.5,uniform_heavy,0.5,1,1.0,blind,0.3,2,2500,2.0,2.1412,-0.1412,-7.058,2500,1263,1237,0,0.5112,0.5052,0
0.5,uniform_heavy,0.5,1,1.0,blind,0.3,3,2500,2.0,2.1412,-0.1412,-7.058,2500,1263,1237,0,0.5104,0.5052,0
0.5,uniform_heavy,0.5,1,1.0,blind,0.3,4,2500,2.0,2.1881,-0.1881,-9.404,2500,1194,1306,0,0.4884,0.4776,0
0.5,uniform_heavy,0.5,1,1.0,blind,0.3,5,2500,2.0,2.15,-0.15,-7.5,2500,1250,1250,0,0.4836,0.5,0
0.5,uniform_heavy,0.5,1,1.0,blind,0.3,6,2500,2.0,2.167,-0.167,-8.35,2500,1225,1275,0,0.4816,0.49,0
0.5,uniform_heavy,0.5,1,1.0,blind,0.5,0,2500,2.0,1.9974,0.0026,0.13,2500,1671,829,0,0.5084,0.6684,1
0.5,uniform_heavy,0.5,1,1.0,blind,0.5,1,2500,2.0,2.0142,-0.0142,-0.71,2500,1643,857,0,0.4804,0.6572,0
0.5,uniform_heavy,0.5,1,1.0,blind,0.5,2,2500,2.0,2.0016,-0.0016,-0.08,2500,1664,836,0,0.5024,0.6656,0
0.5,uniform_heavy,0.5,1,1.0,blind,0.5,3,2500,2.0,1.998,0.002,0.1,2500,1670,830,0,0.5016,0.668,1
0.5,uniform_heavy,0.5,1,1.0,blind,0.5,4,2500,2.0,2.007,-0.007,-0.35,2500,1655,845,0,0.4908,0.662,0
0.5,uniform_heavy,0.5,1,1.0,blind,0.5,5,2500,2.0,2.0418,-0.0418,-2.09,2500,1597,903,0,0.4668,0.6388,0
0.5,uniform_heavy,0.5,1,1.0,blind,0.5,6,2500,2.0,2.004,-0.004,-0.2,2500,1660,840,0,0.4964,0.664,0
0.5,uniform_heavy,0.5,1,2.0,blind,0.2,0,2500,2.0,3.0256,-1.0256,-51.28,2500,870,1630,0,0.5088,0.348,0
0.5,uniform_heavy,0.5,1,2.0,blind,0.2,1,2500,2.0,2.9741,-0.9741,-48.704,2500,916,1584,0,0.4956,0.3664,0
0.5,uniform_heavy,0.5,1,2.0,blind,0.2,2,2500,2.0,3.0245,-1.0245,-51.224,2500,871,1629,0,0.4872,0.3484,0
0.5,uniform_heavy,0.5,1,2.0,blind,0.2,3,2500,2.0,3.0043,-1.0043,-50.216,2500,889,1611,0,0.5136,0.3556,0
0.5,uniform_heavy,0.5,1,2.0,blind,0.2,4,2500,2.0,2.9942,-0.9942,-49.712,2500,898,1602,0,0.4972,0.3592,0
0.5,uniform_heavy,0.5,1,2.0,blind,0.2,5,2500,2.0,3.039,-1.039,-51.952,2500,858,1642,0,0.5008,0.3432,0
0.5,uniform_heavy,0.5,1,2.0,blind,0.2,6,2500,2.0,2.9875,-0.9875,-49.376,2500,904,1596,0,0.512,0.3616,0
0.5,uniform_heavy,0.5,1,2.0,blind,0.3,0,2500,2.0,2.6284,-0.6284,-31.42,2500,1270,1230,0,0.504,0.508,0
0.5,uniform_heavy,0.5,1,2.0,blind,0.3,1,2500,2.0,2.6684,-0.6684,-33.418,2500,1233,1267,0,0.496,0.4932,0
0.5,uniform_heavy,0.5,1,2.0,blind,0.3,2,2500,2.0,2.6889,-0.6889,-34.444,2500,1214,1286,0,0.5016,0.4856,0
0.5,uniform_heavy,0.5,1,2.0,blind,0.3,3,2500,2.0,2.6468,-0.6468,-32.338,2500,1253,1247,0,0.5036,0.5012,0
0.5,uniform_heavy,0.5,1,2.0,blind,0.3,4,2500,2.0,2.6608,-0.6608,-33.04,2500,1240,1260,0,0.4964,0.496,0
0.5,uniform_heavy,0.5,1,2.0,blind,0.3,5,2500,2.0,2.6144,-0.6144,-30.718,2500,1283,1217,0,0.5112,0.5132,0
0.5,uniform_heavy,0.5,1,2.0,blind,0.3,6,2500,2.0,2.6543,-0.6543,-32.716,2500,1246,1254,0,0.5056,0.4984,0
0.5,uniform_heavy,0.5,1,2.0,blind,0.5,0,2500,2.0,2.316,-0.316,-15.8,2500,1684,816,0,0.4984,0.6736,0
0.5,uniform_heavy,0.5,1,2.0,blind,0.5,1,2500,2.0,2.343,-0.343,-17.15,2500,1657,843,0,0.5016,0.6628,0
0.5,uniform_heavy,0.5,1,2.0,blind,0.5,2,2500,2.0,2.316,-0.316,-15.8,2500,1684,816,0,0.5056,0.6736,0
0.5,uniform_heavy,0.5,1,2.0,blind,0.5,3,2500,2.0,2.363,-0.363,-18.15,2500,1637,863,0,0.4964,0.6548,0
0.5,uniform_heavy,0.5,1,2.0,blind,0.5,4,2500,2.0,2.357,-0.357,-17.85,2500,1643,857,0,0.5104,0.6572,0
0.5,uniform_heavy,0.5,1,2.0,blind,0.5,5,2500,2.0,2.353,-0.353,-17.65,2500,1647,853,0,0.4972,0.6588,0
0.5,uniform_heavy,0.5,1,2.0,blind,0.5,6,2500,2.0,2.355,-0.355,-17.75,2500,1645,855,0,0.504,0.658,0
0.5,uniform_heavy,0.5,2,0.5,blind,0.2,0,2500,3.0,2.7264,0.2736,9.121,2500,921,1579,0,0.518,0.3684,1
0.5,uniform_heavy,0.5,2,0.5,blind,0.2,1,2500,3.0,2.744,0.256,8.533,2500,900,1600,0,0.502,0.36,1
0.5,uniform_heavy,0.5,2,0.5,blind,0.2,2,2500,3.0,2.728,0.272,9.065,2500,919,1581,0,0.4932,0.3676,1
0.5,uniform_heavy,0.5,2,0.5,blind,0.2,3,2500,3.0,2.765,0.235,7.833,2500,875,1625,0,0.4836,0.35,1
0.5,uniform_heavy,0.5,2,0.5,blind,0.2,4,2500,3.0,2.7465,0.2535,8.449,2500,897,1603,0,0.4968,0.3588,1
0.5,uniform_heavy,0.5,2,0.5,blind,0.2,5,2500,3.0,2.7289,0.2711,9.037,2500,918,1582,0,0.508,0.3672,1
0.5,uniform_heavy,0.5,2,0.5,blind,0.2,6,2500,3.0,2.7474,0.2526,8.421,2500,896,1604,0,0.4864,0.3584,1
0.5,uniform_heavy,0.5,2,0.5,blind,0.3,0,2500,3.0,2.5318,0.4682,15.608,2500,1274,1226,0,0.5076,0.5096,1
0.5,uniform_heavy,0.5,2,0.5,blind,0.3,1,2500,3.0,2.5614,0.4386,14.62,2500,1235,1265,0,0.5004,0.494,1
0.5,uniform_heavy,0.5,2,0.5,blind,0.3,2,2500,3.0,2.5713,0.4287,14.291,2500,1222,1278,0,0.5016,0.4888,1
0.5,uniform_heavy,0.5,2,0.5,blind,0.3,3,2500,3.0,2.5394,0.4606,15.355,2500,1264,1236,0,0.5012,0.5056,1
0.5,uniform_heavy,0.5,2,0.5,blind,0.3,4,2500,3.0,2.5553,0.4447,14.823,2500,1243,1257,0,0.4956,0.4972,1
0.5,uniform_heavy,0.5,2,0.5,blind,0.3,5,2500,3.0,2.5986,0.4014,13.379,2500,1186,1314,0,0.48,0.4744,1
0.5,uniform_heavy,0.5,2,0.5,blind,0.3,6,2500,3.0,2.5462,0.4538,15.127,2500,1255,1245,0,0.5056,0.502,1
0.5,uniform_heavy,0.5,2,0.5,blind,0.5,0,2500,3.0,2.5184,0.4816,16.053,2500,1636,864,0,0.4876,0.6544,1
0.5,uniform_heavy,0.5,2,0.5,blind,0.5,1,2500,3.0,2.5202,0.4798,15.993,2500,1633,867,0,0.4916,0.6532,1
0.5,uniform_heavy,0.5,2,0.5,blind,0.5,2,2500,3.0,2.4986,0.5014,16.713,2500,1669,831,0,0.4964,0.6676,1
0.5,uniform_heavy,0.5,2,0.5,blind,0.5,3,2500,3.0,2.5004,0.4996,16.653,2500,1666,834,0,0.4908,0.6664,1
0.5,uniform_heavy,0.5,2,0.5,blind,0.5,4,2500,3.0,2.4788,0.5212,17.373,2500,1702,798,0,0.5156,0.6808,1
0.5,uniform_heavy,0.5,2,0.5,blind,0.5,5,2500,3.0,2.5058,0.4942,16.473,2500,1657,843,0,0.502,0.6628,1
0.5,uniform_heavy,0.5,2,0.5,blind,0.5,6,2500,3.0,2.5184,0.4816,16.053,2500,1636,864,0,0.5056,0.6544,1
0.5,uniform_heavy,0.5,2,1.0,blind,0.2,0,2500,3.0,3.0682,-0.0682,-2.272,2500,896,1604,0,0.4996,0.3584,0
0.5,uniform_heavy,0.5,2,1.0,blind,0.2,1,2500,3.0,3.0723,-0.0723,-2.411,2500,892,1608,0,0.4836,0.3568,0
0.5,uniform_heavy,0.5,2,1.0,blind,0.2,2,2500,3.0,3.0973,-0.0973,-3.243,2500,868,1632,0,0.494,0.3472,0
0.5,uniform_heavy,0.5,2,1.0,blind,0.2,3,2500,3.0,3.063,-0.063,-2.099,2500,901,1599,0,0.5192,0.3604,0
0.5,uniform_heavy,0.5,2,1.0,blind,0.2,4,2500,3.0,3.0754,-0.0754,-2.515,2500,889,1611,0,0.4892,0.3556,0
0.5,uniform_heavy,0.5,2,1.0,blind,0.2,5,2500,3.0,3.1056,-0.1056,-3.52,2500,860,1640,0,0.4992,0.344,0
0.5,uniform_heavy,0.5,2,1.0,blind,0.2,6,2500,3.0,3.0536,-0.0536,-1.787,2500,910,1590,0,0.5084,0.364,0
0.5,uniform_heavy,0.5,2,1.0,blind,0.3,0,2500,3.0,2.7914,0.2086,6.955,2500,1259,1241,0,0.4984,0.5036,1
0.5,uniform_heavy,0.5,2,1.0,blind,0.3,1,2500,3.0,2.8106,0.1894,6.315,2500,1239,1261,0,0.5032,0.4956,1
0.5,uniform_heavy,0.5,2,1.0,blind,0.3,2,2500,3.0,2.8346,0.1654,5.515,2500,1214,1286,0,0.4932,0.4856,1
0.5,uniform_heavy,0.5,2,1.0,blind,0.3,3,2500,3.0,2.8538,0.1462,4.875,2500,1194,1306,0,0.4944,0.4776,1
0.5,uniform_heavy,0.5,2,1.0,blind,0.3,4,2500,3.0,2.8298,0.1702,5.675,2500,1219,1281,0,0.4912,0.4876,1
0.5,uniform_heavy,0.5,2,1.0,blind,0.3,5,2500,3.0,2.7798,0.2202,7.339,2500,1271,1229,0,0.4972,0.5084,1
0.5,uniform_heavy,0.5,2,1.0,blind,0.3,6,2500,3.0,2.7952,0.2048,6.827,2500,1255,1245,0,0.498,0.502,1
0.5,uniform_heavy,0.5,2,1.0,blind,0.5,0,2500,3.0,2.648,0.352,11.733,2500,1690,810,0,0.5224,0.676,1
0.5,uniform_heavy,0.5,2,1.0,blind,0.5,1,2500,3.0,2.6808,0.3192,10.64,2500,1649,851,0,0.5108,0.6596,1
0.5,uniform_heavy,0.5,2,1.0,blind,0.5,2,2500,3.0,2.6592,0.3408,11.36,2500,1676,824,0,0.514,0.6704,1
0.5,uniform_heavy,0.5,2,1.0,blind,0.5,3,2500,3.0,2.7128,0.2872,9.573,2500,1609,891,0,0.4892,0.6436,1
0.5,uniform_heavy,0.5,2,1.0,blind,0.5,4,2500,3.0,2.6824,0.3176,10.587,2500,1647,853,0,0.496,0.6588,1
0.5,uniform_heavy,0.5,2,1.0,blind,0.5,5,2500,3.0,2.6904,0.3096,10.32,2500,1637,863,0,0.4852,0.6548,1
0.5,uniform_heavy,0.5,2,1.0,blind,0.5,6,2500,3.0,2.6904,0.3096,10.32,2500,1637,863,0,0.4948,0.6548,1
0.5,uniform_heavy,0.5,2,2.0,blind,0.2,0,2500,3.0,3.717,-0.717,-23.899,2500,891,1609,0,0.504,0.3564,0
0.5,uniform_heavy,0.5,2,2.0,blind,0.2,1,2500,3.0,3.7155,-0.7155,-23.851,2500,892,1608,0,0.512,0.3568,0
0.5,uniform_heavy,0.5,2,2.0,blind,0.2,2,2500,3.0,3.6954,-0.6954,-23.179,2500,906,1594,0,0.4908,0.3624,0
0.5,uniform_heavy,0.5,2,2.0,blind,0.2,3,2500,3.0,3.7443,-0.7443,-24.811,2500,872,1628,0,0.4924,0.3488,0
0.5,uniform_heavy,0.5,2,2.0,blind,0.2,4,2500,3.0,3.7386,-0.7386,-24.619,2500,876,1624,0,0.484,0.3504,0
0.5,uniform_heavy,0.5,2,2.0,blind,0.2,5,2500,3.0,3.7227,-0.7227,-24.091,2500,887,1613,0,0.5044,0.3548,0
0.5,uniform_heavy,0.5,2,2.0,blind,0.2,6,2500,3.0,3.7472,-0.7472,-24.907,2500,870,1630,0,0.4908,0.348,0
0.5,uniform_heavy,0.5,2,2.0,blind,0.3,0,2500,3.0,3.3054,-0.3054,-10.181,2500,1246,1254,0,0.5056,0.4984,0
0.5,uniform_heavy,0.5,2,2.0,blind,0.3,1,2500,3.0,3.3381,-0.3381,-11.269,2500,1222,1278,0,0.4832,0.4888,0
0.5,uniform_heavy,0.5,2,2.0,blind,0.3,2,2500,3.0,3.3136,-0.3136,-10.453,2500,1240,1260,0,0.5052,0.496,0
0.5,uniform_heavy,0.5,2,2.0,blind,0.3,3,2500,3.0,3.3177,-0.3177,-10.589,2500,1237,1263,0,0.4856,0.4948,0
0.5,uniform_heavy,0.5,2,2.0,blind,0.3,4,2500,3.0,3.3218,-0.3218,-10.725,2500,1234,1266,0,0.4848,0.4936,0
0.5,uniform_heavy,0.5,2,2.0,blind,0.3,5,2500,3.0,3.2891,-0.2891,-9.637,2500,1258,1242,0,0.5028,0.5032,0
0.5,uniform_heavy,0.5,2,2.0,blind,0.3,6,2500,3.0,3.3326,-0.3326,-11.088,2500,1226,1274,0,0.488,0.4904,0
0.5,uniform_heavy,0.5,2,2.0,blind,0.5,0,2500,3.0,2.9864,0.0136,0.453,2500,1678,822,0,0.5108,0.6712,1
0.5,uniform_heavy,0.5,2,2.0,blind,0.5,1,2500,3.0,3.0572,-0.0572,-1.907,2500,1619,881,0,0.4868,0.6476,0
0.5,uniform_heavy,0.5,2,2.0,blind,0.5,2,2500,3.0,3.008,-0.008,-0.267,2500,1660,840,0,0.5036,0.664,0
0.5,uniform_heavy,0.5,2,2.0,blind,0.5,3,2500,3.0,3.0368,-0.0368,-1.227,2500,1636,864,0,0.5008,0.6544,0
0.5,uniform_heavy,0.5,2,2.0,blind,0.5,4,2500,3.0,3.0428,-0.0428,-1.427,2500,1631,869,0,0.4936,0.6524,0
0.5,uniform_heavy,0.5,2,2.0,blind,0.5,5,2500,3.0,3.0248,-0.0248,-0.827,2500,1646,854,0,0.4964,0.6584,0
0.5,uniform_heavy,0.5,2,2.0,blind,0.5,6,2500,3.0,2.9948,0.0052,0.173,2500,1671,829,0,0.5004,0.6684,1
0.5,uniform_heavy,0.5,4,0.5,blind,0.2,0,2500,5.0,4.1547,0.8453,16.906,2500,909,1591,0,0.5124,0.3636,1
0.5,uniform_heavy,0.5,4,0.5,blind,0.2,1,2500,5.0,4.1769,0.8231,16.462,2500,894,1606,0,0.4892,0.3576,1
0.5,uniform_heavy,0.5,4,0.5,blind,0.2,2,2500,5.0,4.1902,0.8098,16.196,2500,885,1615,0,0.4992,0.354,1
0.5,uniform_heavy,0.5,4,0.5,blind,0.2,3,2500,5.0,4.1458,0.8542,17.084,2500,915,1585,0,0.5064,0.366,1
0.5,uniform_heavy,0.5,4,0.5,blind,0.2,4,2500,5.0,4.2198,0.7802,15.604,2500,865,1635,0,0.4928,0.346,1
0.5,uniform_heavy,0.5,4,0.5,blind,0.2,5,2500,5.0,4.1902,0.8098,16.196,2500,885,1615,0,0.4988,0.354,1
0.5,uniform_heavy,0.5,4,0.5,blind,0.2,6,2500,5.0,4.1502,0.8498,16.995,2500,912,1588,0,0.5168,0.3648,1
0.5,uniform_heavy,0.5,4,0.5,blind,0.3,0,2500,5.0,3.8579,1.1421,22.842,2500,1244,1256,0,0.5136,0.4976,1
0.5,uniform_heavy,0.5,4,0.5,blind,0.3,1,2500,5.0,3.8606,1.1394,22.789,2500,1242,1258,0,0.4948,0.4968,1
0.5,uniform_heavy,0.5,4,0.5,blind,0.3,2,2500,5.0,3.8922,1.1078,22.155,2500,1218,1282,0,0.498,0.4872,1
0.5,uniform_heavy,0.5,4,0.5,blind,0.3,3,2500,5.0,3.9015,1.0985,21.97,2500,1211,1289,0,0.4916,0.4844,1
0.5,uniform_heavy,0.5,4,0.5,blind,0.3,4,2500,5.0,3.8487,1.1513,23.026,2500,1251,1249,0,0.5056,0.5004,1
0.5,uniform_heavy,0.5,4,0.5,blind,0.3,5,2500,5.0,3.8632,1.1368,22.736,2500,1240,1260,0,0.4864,0.496,1
0.5,uniform_heavy,0.5,4,0.5,blind,0.3,6,2500,5.0,3.8236,1.1764,23.528,2500,1270,1230,0,0.5028,0.508,1
0.5,uniform_heavy,0.5,4,0.5,blind,0.5,0,2500,5.0,3.89,1.11,22.2,2500,1610,890,0,0.4852,0.644,1
0.5,uniform_heavy,0.5,4,0.5,blind,0.5,1,2500,5.0,3.857,1.143,22.86,2500,1643,857,0,0.5044,0.6572,1
0.5,uniform_heavy,0.5,4,0.5,blind,0.5,2,2500,5.0,3.838,1.162,23.24,2500,1662,838,0,0.4944,0.6648,1
0.5,uniform_heavy,0.5,4,0.5,blind,0.5,3,2500,5.0,3.865,1.135,22.7,2500,1635,865,0,0.5036,0.654,1
0.5,uniform_heavy,0.5,4,0.5,blind,0.5,4,2500,5.0,3.878,1.122,22.44,2500,1622,878,0,0.4996,0.6488,1
0.5,uniform_heavy,0.5,4,0.5,blind,0.5,5,2500,5.0,3.849,1.151,23.02,2500,1651,849,0,0.496,0.6604,1
0.5,uniform_heavy,0.5,4,0.5,blind,0.5,6,2500,5.0,3.849,1.151,23.02,2500,1651,849,0,0.4864,0.6604,1
0.5,uniform_heavy,0.5,4,1.0,blind,0.2,0,2500,5.0,4.5955,0.4045,8.09,2500,836,1664,0,0.4716,0.3344,1
0.5,uniform_heavy,0.5,4,1.0,blind,0.2,1,2500,5.0,4.4964,0.5036,10.072,2500,895,1605,0,0.5116,0.358,1
0.5,uniform_heavy,0.5,4,1.0,blind,0.2,2,2500,5.0,4.5737,0.4263,8.526,2500,849,1651,0,0.4932,0.3396,1
0.5,uniform_heavy,0.5,4,1.0,blind,0.2,3,2500,5.0,4.5182,0.4818,9.635,2500,882,1618,0,0.5144,0.3528,1
0.5,uniform_heavy,0.5,4,1.0,blind,0.2,4,2500,5.0,4.4947,0.5053,10.106,2500,896,1604,0,0.5076,0.3584,1
0.5,uniform_heavy,0.5,4,1.0,blind,0.2,5,2500,5.0,4.4746,0.5254,10.509,2500,908,1592,0,0.508,0.3632,1
0.5,uniform_heavy,0.5,4,1.0,blind,0.2,6,2500,5.0,4.4645,0.5355,10.71,2500,914,1586,0,0.5108,0.3656,1
0.5,uniform_heavy,0.5,4,1.0,blind,0.3,0,2500,5.0,4.0301,0.9699,19.398,2500,1296,1204,0,0.5128,0.5184,1
0.5,uniform_heavy,0.5,4,1.0,blind,0.3,1,2500,5.0,4.0726,0.9274,18.547,2500,1268,1232,0,0.5056,0.5072,1
0.5,uniform_heavy,0.5,4,1.0,blind,0.3,2,2500,5.0,4.0954,0.9046,18.091,2500,1253,1247,0,0.5088,0.5012,1
0.5,uniform_heavy,0.5,4,1.0,blind,0.3,3,2500,5.0,4.1334,0.8666,17.331,2500,1228,1272,0,0.4996,0.4912,1
0.5,uniform_heavy,0.5,4,1.0,blind,0.3,4,2500,5.0,4.0726,0.9274,18.547,2500,1268,1232,0,0.506,0.5072,1
0.5,uniform_heavy,0.5,4,1.0,blind,0.3,5,2500,5.0,4.1623,0.8377,16.754,2500,1209,1291,0,0.4912,0.4836,1
0.5,uniform_heavy,0.5,4,1.0,blind,0.3,6,2500,5.0,4.1395,0.8605,17.21,2500,1224,1276,0,0.4828,0.4896,1
0.5,uniform_heavy,0.5,4,1.0,blind,0.5,0,2500,5.0,3.9744,1.0256,20.512,2500,1688,812,0,0.5076,0.6752,1
0.5,uniform_heavy,0.5,4,1.0,blind,0.5,1,2500,5.0,4.0632,0.9368,18.736,2500,1614,886,0,0.4928,0.6456,1
0.5,uniform_heavy,0.5,4,1.0,blind,0.5,2,2500,5.0,3.9948,1.0052,20.104,2500,1671,829,0,0.4884,0.6684,1
0.5,uniform_heavy,0.5,4,1.0,blind,0.5,3,2500,5.0,4.0152,0.9848,19.696,2500,1654,846,0,0.4828,0.6616,1
0.5,uniform_heavy,0.5,4,1.0,blind,0.5,4,2500,5.0,3.9756,1.0244,20.488,2500,1687,813,0,0.5124,0.6748,1
0.5,uniform_heavy,0.5,4,1.0,blind,0.5,5,2500,5.0,4.0344,0.9656,19.312,2500,1638,862,0,0.4876,0.6552,1
0.5,uniform_heavy,0.5,4,1.0,blind,0.5,6,2500,5.0,4.026,0.974,19.48,2500,1645,855,0,0.4888,0.658,1
0.5,uniform_heavy,0.5,4,2.0,blind,0.2,0,2500,5.0,5.1738,-0.1738,-3.475,2500,878,1622,0,0.5124,0.3512,0
0.5,uniform_heavy,0.5,4,2.0,blind,0.2,1,2500,5.0,5.1592,-0.1592,-3.184,2500,885,1615,0,0.4988,0.354,0
0.5,uniform_heavy,0.5,4,2.0,blind,0.2,2,2500,5.0,5.1717,-0.1717,-3.434,2500,879,1621,0,0.4784,0.3516,0
0.5,uniform_heavy,0.5,4,2.0,blind,0.2,3,2500,5.0,5.1446,-0.1446,-2.893,2500,892,1608,0,0.492,0.3568,0
0.5,uniform_heavy,0.5,4,2.0,blind,0.2,4,2500,5.0,5.051,-0.051,-1.021,2500,937,1563,0,0.5056,0.3748,0
0.5,uniform_heavy,0.5,4,2.0,blind,0.2,5,2500,5.0,5.1134,-0.1134,-2.269,2500,907,1593,0,0.4852,0.3628,0
0.5,uniform_heavy,0.5,4,2.0,blind,0.2,6,2500,5.0,5.1946,-0.1946,-3.891,2500,868,1632,0,0.496,0.3472,0
0.5,uniform_heavy,0.5,4,2.0,blind,0.3,0,2500,5.0,4.5885,0.4115,8.23,2500,1256,1244,0,0.5008,0.5024,1
0.5,uniform_heavy,0.5,4,2.0,blind,0.3,1,2500,5.0,4.6538,0.3462,6.925,2500,1222,1278,0,0.4928,0.4888,1
0.5,uniform_heavy,0.5,4,2.0,blind,0.3,2,2500,5.0,4.4675,0.5325,10.65,2500,1319,1181,0,0.5144,0.5276,1
0.5,uniform_heavy,0.5,4,2.0,blind,0.3,3,2500,5.0,4.6941,0.3059,6.118,2500,1201,1299,0,0.4932,0.4804,1
0.5,uniform_heavy,0.5,4,2.0,blind,0.3,4,2500,5.0,4.5866,0.4134,8.269,2500,1257,1243,0,0.4904,0.5028,1
0.5,uniform_heavy,0.5,4,2.0,blind,0.3,5,2500,5.0,4.6326,0.3674,7.347,2500,1233,1267,0,0.5176,0.4932,1
0.5,uniform_heavy,0.5,4,2.0,blind,0.3,6,2500,5.0,4.6346,0.3654,7.309,2500,1232,1268,0,0.5008,0.4928,1
0.5,uniform_heavy,0.5,4,2.0,blind,0.5,0,2500,5.0,4.3584,0.6416,12.832,2500,1651,849,0,0.4976,0.6604,1
0.5,uniform_heavy,0.5,4,2.0,blind,0.5,1,2500,5.0,4.368,0.632,12.64,2500,1645,855,0,0.5092,0.658,1
0.5,uniform_heavy,0.5,4,2.0,blind,0.5,2,2500,5.0,4.3328,0.6672,13.344,2500,1667,833,0,0.5024,0.6668,1
0.5,uniform_heavy,0.5,4,2.0,blind,0.5,3,2500,5.0,4.2832,0.7168,14.336,2500,1698,802,0,0.5024,0.6792,1
0.5,uniform_heavy,0.5,4,2.0,blind,0.5,4,2500,5.0,4.3488,0.6512,13.024,2500,1657,843,0,0.504,0.6628,1
0.5,uniform_heavy,0.5,4,2.0,blind,0.5,5,2500,5.0,4.3568,0.6432,12.864,2500,1652,848,0,0.488,0.6608,1
0.5,uniform_heavy,0.5,4,2.0,blind,0.5,6,2500,5.0,4.3776,0.6224,12.448,2500,1639,861,0,0.4956,0.6556,1
0.5,uniform_heavy,0.5,8,0.5,blind,0.2,0,2500,9.0,6.9636,2.0364,22.627,2500,919,1581,0,0.5052,0.3676,1
0.5,uniform_heavy,0.5,8,0.5,blind,0.2,1,2500,9.0,6.9967,2.0033,22.259,2500,907,1593,0,0.4968,0.3628,1
0.5,uniform_heavy,0.5,8,0.5,blind,0.2,2,2500,9.0,7.1899,1.8101,20.112,2500,837,1663,0,0.4996,0.3348,1
0.5,uniform_heavy,0.5,8,0.5,blind,0.2,3,2500,9.0,6.9912,2.0088,22.32,2500,909,1591,0,0.5204,0.3636,1
0.5,uniform_heavy,0.5,8,0.5,blind,0.2,4,2500,9.0,7.0243,1.9757,21.952,2500,897,1603,0,0.4984,0.3588,1
0.5,uniform_heavy,0.5,8,0.5,blind,0.2,5,2500,9.0,7.0326,1.9674,21.86,2500,894,1606,0,0.4948,0.3576,1
0.5,uniform_heavy,0.5,8,0.5,blind,0.2,6,2500,9.0,7.0491,1.9509,21.676,2500,888,1612,0,0.5032,0.3552,1
0.5,uniform_heavy,0.5,8,0.5,blind,0.3,0,2500,9.0,6.5354,2.4646,27.384,2500,1215,1285,0,0.5052,0.486,1
0.5,uniform_heavy,0.5,8,0.5,blind,0.3,1,2500,9.0,6.5647,2.4353,27.059,2500,1203,1297,0,0.4984,0.4812,1
0.5,uniform_heavy,0.5,8,0.5,blind,0.3,2,2500,9.0,6.5891,2.4109,26.788,2500,1193,1307,0,0.4828,0.4772,1
0.5,uniform_heavy,0.5,8,0.5,blind,0.3,3,2500,9.0,6.4671,2.5329,28.144,2500,1243,1257,0,0.5036,0.4972,1
0.5,uniform_heavy,0.5,8,0.5,blind,0.3,4,2500,9.0,6.4451,2.5549,28.388,2500,1252,1248,0,0.5056,0.5008,1
0.5,uniform_heavy,0.5,8,0.5,blind,0.3,5,2500,9.0,6.4549,2.5451,28.279,2500,1248,1252,0,0.4964,0.4992,1
0.5,uniform_heavy,0.5,8,0.5,blind,0.3,6,2500,9.0,6.4744,2.5256,28.062,2500,1240,1260,0,0.4944,0.496,1
0.5,uniform_heavy,0.5,8,0.5,blind,0.5,0,2500,9.0,6.5534,2.4466,27.184,2500,1637,863,0,0.4812,0.6548,1
0.5,uniform_heavy,0.5,8,0.5,blind,0.5,1,2500,9.0,6.6092,2.3908,26.564,2500,1606,894,0,0.4868,0.6424,1
0.5,uniform_heavy,0.5,8,0.5,blind,0.5,2,2500,9.0,6.512,2.488,27.644,2500,1660,840,0,0.4932,0.664,1
0.5,uniform_heavy,0.5,8,0.5,blind,0.5,3,2500,9.0,6.5282,2.4718,27.464,2500,1651,849,0,0.4968,0.6604,1
0.5,uniform_heavy,0.5,8,0.5,blind,0.5,4,2500,9.0,6.512,2.488,27.644,2500,1660,840,0,0.5024,0.664,1
0.5,uniform_heavy,0.5,8,0.5,blind,0.5,5,2500,9.0,6.53,2.47,27.444,2500,1650,850,0,0.5068,0.66,1
0.5,uniform_heavy,0.5,8,0.5,blind,0.5,6,2500,9.0,6.512,2.488,27.644,2500,1660,840,0,0.5152,0.664,1
0.5,uniform_heavy,0.5,8,1.0,blind,0.2,0,2500,9.0,7.2679,1.7321,19.245,2500,923,1577,0,0.518,0.3692,1
0.5,uniform_heavy,0.5,8,1.0,blind,0.2,1,2500,9.0,7.3271,1.6729,18.588,2500,903,1597,0,0.4992,0.3612,1
0.5,uniform_heavy,0.5,8,1.0,blind,0.2,2,2500,9.0,7.2798,1.7202,19.114,2500,919,1581,0,0.5084,0.3676,1
0.5,uniform_heavy,0.5,8,1.0,blind,0.2,3,2500,9.0,7.4248,1.5752,17.502,2500,870,1630,0,0.5032,0.348,1
0.5,uniform_heavy,0.5,8,1.0,blind,0.2,4,2500,9.0,7.185,1.815,20.166,2500,951,1549,0,0.5092,0.3804,1
0.5,uniform_heavy,0.5,8,1.0,blind,0.2,5,2500,9.0,7.3922,1.6078,17.864,2500,881,1619,0,0.4992,0.3524,1
0.5,uniform_heavy,0.5,8,1.0,blind,0.2,6,2500,9.0,7.3034,1.6966,18.851,2500,911,1589,0,0.4888,0.3644,1
0.5,uniform_heavy,0.5,8,1.0,blind,0.3,0,2500,9.0,6.6076,2.3924,26.582,2500,1285,1215,0,0.5008,0.514,1
0.5,uniform_heavy,0.5,8,1.0,blind,0.3,1,2500,9.0,6.6789,2.3211,25.79,2500,1258,1242,0,0.5036,0.5032,1
0.5,uniform_heavy,0.5,8,1.0,blind,0.3,2,2500,9.0,6.737,2.263,25.145,2500,1236,1264,0,0.512,0.4944,1
0.5,uniform_heavy,0.5,8,1.0,blind,0.3,3,2500,9.0,6.6868,2.3132,25.702,2500,1255,1245,0,0.4992,0.502,1
0.5,uniform_heavy,0.5,8,1.0,blind,0.3,4,2500,9.0,6.8294,2.1706,24.118,2500,1201,1299,0,0.4936,0.4804,1
0.5,uniform_heavy,0.5,8,1.0,blind,0.3,5,2500,9.0,6.6446,2.3554,26.172,2500,1271,1229,0,0.4996,0.5084,1
0.5,uniform_heavy,0.5,8,1.0,blind,0.3,6,2500,9.0,6.7185,2.2815,25.35,2500,1243,1257,0,0.506,0.4972,1
0.5,uniform_heavy,0.5,8,1.0,blind,0.5,0,2500,9.0,6.674,2.326,25.844,2500,1663,837,0,0.5032,0.6652,1
0.5,uniform_heavy,0.5,8,1.0,blind,0.5,1,2500,9.0,6.71,2.29,25.444,2500,1645,855,0,0.5032,0.658,1
0.5,uniform_heavy,0.5,8,1.0,blind,0.5,2,2500,9.0,6.722,2.278,25.311,2500,1639,861,0,0.502,0.6556,1
0.5,uniform_heavy,0.5,8,1.0,blind,0.5,3,2500,9.0,6.656,2.344,26.044,2500,1672,828,0,0.51,0.6688,1
0.5,uniform_heavy,0.5,8,1.0,blind,0.5,4,2500,9.0,6.692,2.308,25.644,2500,1654,846,0,0.4992,0.6616,1
0.5,uniform_heavy,0.5,8,1.0,blind,0.5,5,2500,9.0,6.65,2.35,26.111,2500,1675,825,0,0.4868,0.67,1
0.5,uniform_heavy,0.5,8,1.0,blind,0.5,6,2500,9.0,6.768,2.232,24.8,2500,1616,884,0,0.4956,0.6464,1
0.5,uniform_heavy,0.5,8,2.0,blind,0.2,0,2500,9.0,7.9491,1.0509,11.676,2500,908,1592,0,0.5156,0.3632,1
0.5,uniform_heavy,0.5,8,2.0,blind,0.2,1,2500,9.0,7.9054,1.0946,12.162,2500,921,1579,0,0.5004,0.3684,1
0.5,uniform_heavy,0.5,8,2.0,blind,0.2,2,2500,9.0,7.9626,1.0374,11.527,2500,904,1596,0,0.504,0.3616,1
0.5,uniform_heavy,0.5,8,2.0,blind,0.2,3,2500,9.0,7.9928,1.0072,11.191,2500,895,1605,0,0.4952,0.358,1
0.5,uniform_heavy,0.5,8,2.0,blind,0.2,4,2500,9.0,7.9861,1.0139,11.266,2500,897,1603,0,0.5116,0.3588,1
0.5,uniform_heavy,0.5,8,2.0,blind,0.2,5,2500,9.0,8.1138,0.8862,9.847,2500,859,1641,0,0.4892,0.3436,1
0.5,uniform_heavy,0.5,8,2.0,blind,0.2,6,2500,9.0,8.0667,0.9333,10.37,2500,873,1627,0,0.4976,0.3492,1
0.5,uniform_heavy,0.5,8,2.0,blind,0.3,0,2500,9.0,7.1909,1.8091,20.101,2500,1253,1247,0,0.5036,0.5012,1
0.5,uniform_heavy,0.5,8,2.0,blind,0.3,1,2500,9.0,7.1939,1.8061,20.068,2500,1252,1248,0,0.4984,0.5008,1
0.5,uniform_heavy,0.5,8,2.0,blind,0.3,2,2500,9.0,7.1848,1.8152,20.169,2500,1255,1245,0,0.5084,0.502,1
0.5,uniform_heavy,0.5,8,2.0,blind,0.3,3,2500,9.0,7.279,1.721,19.122,2500,1224,1276,0,0.4968,0.4896,1
0.5,uniform_heavy,0.5,8,2.0,blind,0.3,4,2500,9.0,7.1574,1.8426,20.473,2500,1264,1236,0,0.5116,0.5056,1
0.5,uniform_heavy,0.5,8,2.0,blind,0.3,5,2500,9.0,7.1392,1.8608,20.676,2500,1270,1230,0,0.4988,0.508,1
0.5,uniform_heavy,0.5,8,2.0,blind,0.3,6,2500,9.0,7.352,1.648,18.311,2500,1200,1300,0,0.498,0.48,1
0.5,uniform_heavy,0.5,8,2.0,blind,0.5,0,2500,9.0,7.0712,1.9288,21.431,2500,1637,863,0,0.4936,0.6548,1
0.5,uniform_heavy,0.5,8,2.0,blind,0.5,1,2500,9.0,6.9944,2.0056,22.284,2500,1669,831,0,0.496,0.6676,1
0.5,uniform_heavy,0.5,8,2.0,blind,0.5,2,2500,9.0,6.9632,2.0368,22.631,2500,1682,818,0,0.5116,0.6728,1
0.5,uniform_heavy,0.5,8,2.0,blind,0.5,3,2500,9.0,6.9584,2.0416,22.684,2500,1684,816,0,0.51,0.6736,1
0.5,uniform_heavy,0.5,8,2.0,blind,0.5,4,2500,9.0,7.1192,1.8808,20.898,2500,1617,883,0,0.4864,0.6468,1
0.5,uniform_heavy,0.5,8,2.0,blind,0.5,5,2500,9.0,6.9512,2.0488,22.764,2500,1687,813,0,0.5076,0.6748,1
0.5,uniform_heavy,0.5,8,2.0,blind,0.5,6,2500,9.0,7.052,1.948,21.644,2500,1645,855,0,0.492,0.658,1
0.5,tail_heavy,0.5,0.25,0.5,blind,0.2,0,2500,1.25,1.5361,-0.2861,-22.886,2500,764,1736,0,0.4908,0.3056,0
0.5,tail_heavy,0.5,0.25,0.5,blind,0.2,1,2500,1.25,1.5232,-0.2732,-21.856,2500,810,1690,0,0.5024,0.324,0
0.5,tail_heavy,0.5,0.25,0.5,blind,0.2,2,2500,1.25,1.5285,-0.2785,-22.282,2500,791,1709,0,0.5012,0.3164,0
0.5,tail_heavy,0.5,0.25,0.5,blind,0.2,3,2500,1.25,1.5417,-0.2917,-23.334,2500,744,1756,0,0.4752,0.2976,0
0.5,tail_heavy,0.5,0.25,0.5,blind,0.2,4,2500,1.25,1.5254,-0.2754,-22.035,2500,802,1698,0,0.4988,0.3208,0
0.5,tail_heavy,0.5,0.25,0.5,blind,0.2,5,2500,1.25,1.5246,-0.2746,-21.968,2500,805,1695,0,0.5,0.322,0
0.5,tail_heavy,0.5,0.25,0.5,blind,0.2,6,2500,1.25,1.5179,-0.2679,-21.43,2500,829,1671,0,0.5088,0.3316,0
0.5,tail_heavy,0.5,0.25,0.5,blind,0.3,0,2500,1.25,1.4468,-0.1968,-15.743,2500,1123,1377,0,0.5012,0.4492,0
0.5,tail_heavy,0.5,0.25,0.5,blind,0.3,1,2500,1.25,1.463,-0.213,-17.039,2500,1063,1437,0,0.4952,0.4252,0
0.5,tail_heavy,0.5,0.25,0.5,blind,0.3,2,2500,1.25,1.4435,-0.1935,-15.484,2500,1135,1365,0,0.506,0.454,0
0.5,tail_heavy,0.5,0.25,0.5,blind,0.3,3,2500,1.25,1.4573,-0.2073,-16.586,2500,1084,1416,0,0.5032,0.4336,0
0.5,tail_heavy,0.5,0.25,0.5,blind,0.3,4,2500,1.25,1.4476,-0.1976,-15.808,2500,1120,1380,0,0.5208,0.448,0
0.5,tail_heavy,0.5,0.25,0.5,blind,0.3,5,2500,1.25,1.4541,-0.2041,-16.326,2500,1096,1404,0,0.4964,0.4384,0
0.5,tail_heavy,0.5,0.25,0.5,blind,0.3,6,2500,1.25,1.4573,-0.2073,-16.586,2500,1084,1416,0,0.4956,0.4336,0
0.5,tail_heavy,0.5,0.25,0.5,blind,0.5,0,2500,1.25,1.395,-0.145,-11.6,2500,1420,1080,0,0.5008,0.568,0
0.5,tail_heavy,0.5,0.25,0.5,blind,0.5,1,2500,1.25,1.392,-0.142,-11.36,2500,1432,1068,0,0.4984,0.5728,0
0.5,tail_heavy,0.5,0.25,0.5,blind,0.5,2,2500,1.25,1.398,-0.148,-11.84,2500,1408,1092,0,0.5032,0.5632,0
0.5,tail_heavy,0.5,0.25,0.5,blind,0.5,3,2500,1.25,1.4058,-0.1558,-12.46,2500,1377,1123,0,0.4868,0.5508,0
0.5,tail_heavy,0.5,0.25,0.5,blind,0.5,4,2500,1.25,1.3887,-0.1387,-11.1,2500,1445,1055,0,0.5068,0.578,0
0.5,tail_heavy,0.5,0.25,0.5,blind,0.5,5,2500,1.25,1.397,-0.147,-11.76,2500,1412,1088,0,0.4952,0.5648,0
0.5,tail_heavy,0.5,0.25,0.5,blind,0.5,6,2500,1.25,1.3893,-0.1393,-11.14,2500,1443,1057,0,0.5072,0.5772,0
0.5,tail_heavy,0.5,0.25,1.0,blind,0.2,0,2500,1.25,1.867,-0.617,-49.357,2500,798,1702,0,0.504,0.3192,0
0.5,tail_heavy,0.5,0.25,1.0,blind,0.2,1,2500,1.25,1.8602,-0.6102,-48.819,2500,812,1688,0,0.504,0.3248,0
0.5,tail_heavy,0.5,0.25,1.0,blind,0.2,2,2500,1.25,1.8526,-0.6026,-48.205,2500,828,1672,0,0.5,0.3312,0
0.5,tail_heavy,0.5,0.25,1.0,blind,0.2,3,2500,1.25,1.8583,-0.6083,-48.666,2500,816,1684,0,0.5076,0.3264,0
0.5,tail_heavy,0.5,0.25,1.0,blind,0.2,4,2500,1.25,1.8847,-0.6347,-50.778,2500,761,1739,0,0.4864,0.3044,0
0.5,tail_heavy,0.5,0.25,1.0,blind,0.2,5,2500,1.25,1.8881,-0.6381,-51.046,2500,754,1746,0,0.4864,0.3016,0
0.5,tail_heavy,0.5,0.25,1.0,blind,0.2,6,2500,1.25,1.8751,-0.6251,-50.01,2500,781,1719,0,0.4888,0.3124,0
0.5,tail_heavy,0.5,0.25,1.0,blind,0.3,0,2500,1.25,1.7396,-0.4896,-39.166,2500,1086,1414,0,0.4884,0.4344,0
0.5,tail_heavy,0.5,0.25,1.0,blind,0.3,1,2500,1.25,1.7259,-0.4759,-38.076,2500,1115,1385,0,0.5036,0.446,0
0.5,tail_heavy,0.5,0.25,1.0,blind,0.3,2,2500,1.25,1.7339,-0.4839,-38.715,2500,1098,1402,0,0.4972,0.4392,0
0.5,tail_heavy,0.5,0.25,1.0,blind,0.3,3,2500,1.25,1.7264,-0.4764,-38.114,2500,1114,1386,0,0.5084,0.4456,0
0.5,tail_heavy,0.5,0.25,1.0,blind,0.3,4,2500,1.25,1.7259,-0.4759,-38.076,2500,1115,1385,0,0.508,0.446,0
0.5,tail_heavy,0.5,0.25,1.0,blind,0.3,5,2500,1.25,1.7241,-0.4741,-37.926,2500,1119,1381,0,0.5052,0.4476,0
0.5,tail_heavy,0.5,0.25,1.0,blind,0.3,6,2500,1.25,1.7353,-0.4853,-38.828,2500,1095,1405,0,0.4968,0.438,0
0.5,tail_heavy,0.5,0.25,1.0,blind,0.5,0,2500,1.25,1.5971,-0.3471,-27.764,2500,1451,1049,0,0.516,0.5804,0
0.5,tail_heavy,0.5,0.25,1.0,blind,0.5,1,2500,1.25,1.6052,-0.3552,-28.412,2500,1433,1067,0,0.504,0.5732,0
0.5,tail_heavy,0.5,0.25,1.0,blind,0.5,2,2500,1.25,1.5998,-0.3498,-27.98,2500,1445,1055,0,0.508,0.578,0
0.5,tail_heavy,0.5,0.25,1.0,blind,0.5,3,2500,1.25,1.593,-0.343,-27.44,2500,1460,1040,0,0.5172,0.584,0
0.5,tail_heavy,0.5,0.25,1.0,blind,0.5,4,2500,1.25,1.6277,-0.3777,-30.212,2500,1383,1117,0,0.4812,0.5532,0
0.5,tail_heavy,0.5,0.25,1.0,blind,0.5,5,2500,1.25,1.6191,-0.3691,-29.528,2500,1402,1098,0,0.4844,0.5608,0
0.5,tail_heavy,0.5,0.25,1.0,blind,0.5,6,2500,1.25,1.6065,-0.3565,-28.52,2500,1430,1070,0,0.4964,0.572,0
0.5,tail_heavy,0.5,0.25,2.0,blind,0.2,0,2500,1.25,2.5618,-1.3118,-104.947,2500,782,1718,0,0.4872,0.3128,0
0.5,tail_heavy,0.5,0.25,2.0,blind,0.2,1,2500,1.25,2.524,-1.274,-101.92,2500,825,1675,0,0.5172,0.33,0
0.5,tail_heavy,0.5,0.25,2.0,blind,0.2,2,2500,1.25,2.5328,-1.2828,-102.624,2500,815,1685,0,0.5064,0.326,0
0.5,tail_heavy,0.5,0.25,2.0,blind,0.2,3,2500,1.25,2.5803,-1.3303,-106.426,2500,761,1739,0,0.4948,0.3044,0
0.5,tail_heavy,0.5,0.25,2.0,blind,0.2,4,2500,1.25,2.5407,-1.2907,-103.258,2500,806,1694,0,0.5228,0.3224,0
0.5,tail_heavy,0.5,0.25,2.0,blind,0.2,5,2500,1.25,2.539,-1.289,-103.117,2500,808,1692,0,0.5144,0.3232,0
0.5,tail_heavy,0.5,0.25,2.0,blind,0.2,6,2500,1.25,2.5372,-1.2872,-102.976,2500,810,1690,0,0.5036,0.324,0
0.5,tail_heavy,0.5,0.25,2.0,blind,0.3,0,2500,1.25,2.3121,-1.0621,-84.971,2500,1078,1422,0,0.4952,0.4312,0
0.5,tail_heavy,0.5,0.25,2.0,blind,0.3,1,2500,1.25,2.3165,-1.0665,-85.319,2500,1073,1427,0,0.49,0.4292,0
0.5,tail_heavy,0.5,0.25,2.0,blind,0.3,2,2500,1.25,2.2913,-1.0413,-83.301,2500,1102,1398,0,0.4932,0.4408,0
0.5,tail_heavy,0.5,0.25,2.0,blind,0.3,3,2500,1.25,2.2852,-1.0352,-82.814,2500,1109,1391,0,0.494,0.4436,0
0.5,tail_heavy,0.5,0.25,2.0,blind,0.3,4,2500,1.25,2.3208,-1.0708,-85.667,2500,1068,1432,0,0.492,0.4272,0
0.5,tail_heavy,0.5,0.25,2.0,blind,0.3,5,2500,1.25,2.2947,-1.0447,-83.579,2500,1098,1402,0,0.5092,0.4392,0
0.5,tail_heavy,0.5,0.25,2.0,blind,0.3,6,2500,1.25,2.3095,-1.0595,-84.762,2500,1081,1419,0,0.4848,0.4324,0
0.5,tail_heavy,0.5,0.25,2.0,blind,0.5,0,2500,1.25,2.0447,-0.7947,-63.576,2500,1418,1082,0,0.4896,0.5672,0
0.5,tail_heavy,0.5,0.25,2.0,blind,0.5,1,2500,1.25,2.0507,-0.8007,-64.052,2500,1411,1089,0,0.4912,0.5644,0
0.5,tail_heavy,0.5,0.25,2.0,blind,0.5,2,2500,1.25,2.049,-0.799,-63.916,2500,1413,1087,0,0.4988,0.5652,0
0.5,tail_heavy,0.5,0.25,2.0,blind,0.5,3,2500,1.25,2.009,-0.759,-60.72,2500,1460,1040,0,0.5144,0.584,0
0.5,tail_heavy,0.5,0.25,2.0,blind,0.5,4,2500,1.25,2.0354,-0.7854,-62.828,2500,1429,1071,0,0.4884,0.5716,0
0.5,tail_heavy,0.5,0.25,2.0,blind,0.5,5,2500,1.25,2.0354,-0.7854,-62.828,2500,1429,1071,0,0.5156,0.5716,0
0.5,tail_heavy,0.5,0.25,2.0,blind,0.5,6,2500,1.25,2.0558,-0.8058,-64.46,2500,1405,1095,0,0.4912,0.562,0
0.5,tail_heavy,0.5,0.5,0.5,blind,0.2,0,2500,1.5,1.7181,-0.2181,-14.541,2500,783,1717,0,0.5116,0.3132,0
0.5,tail_heavy,0.5,0.5,0.5,blind,0.2,1,2500,1.5,1.7221,-0.2221,-14.805,2500,772,1728,0,0.5032,0.3088,0
0.5,tail_heavy,0.5,0.5,0.5,blind,0.2,2,2500,1.5,1.7221,-0.2221,-14.805,2500,772,1728,0,0.4992,0.3088,0
0.5,tail_heavy,0.5,0.5,0.5,blind,0.2,3,2500,1.5,1.6958,-0.1958,-13.053,2500,845,1655,0,0.5128,0.338,0
0.5,tail_heavy,0.5,0.5,0.5,blind,0.2,4,2500,1.5,1.7116,-0.2116,-14.109,2500,801,1699,0,0.5112,0.3204,0
0.5,tail_heavy,0.5,0.5,0.5,blind,0.2,5,2500,1.5,1.7167,-0.2167,-14.445,2500,787,1713,0,0.4992,0.3148,0
0.5,tail_heavy,0.5,0.5,0.5,blind,0.2,6,2500,1.5,1.716,-0.216,-14.397,2500,789,1711,0,0.4976,0.3156,0
0.5,tail_heavy,0.5,0.5,0.5,blind,0.3,0,2500,1.5,1.6195,-0.1195,-7.969,2500,1119,1381,0,0.502,0.4476,0
0.5,tail_heavy,0.5,0.5,0.5,blind,0.3,1,2500,1.5,1.6389,-0.1389,-9.261,2500,1062,1438,0,0.4948,0.4248,0
0.5,tail_heavy,0.5,0.5,0.5,blind,0.3,2,2500,1.5,1.6246,-0.1246,-8.309,2500,1104,1396,0,0.5028,0.4416,0
0.5,tail_heavy,0.5,0.5,0.5,blind,0.3,3,2500,1.5,1.6461,-0.1461,-9.737,2500,1041,1459,0,0.4776,0.4164,0
0.5,tail_heavy,0.5,0.5,0.5,blind,0.3,4,2500,1.5,1.6284,-0.1284,-8.559,2500,1093,1407,0,0.4872,0.4372,0
0.5,tail_heavy,0.5,0.5,0.5,blind,0.3,5,2500,1.5,1.6484,-0.1484,-9.896,2500,1034,1466,0,0.4796,0.4136,0
0.5,tail_heavy,0.5,0.5,0.5,blind,0.3,6,2500,1.5,1.6314,-0.1314,-8.763,2500,1084,1416,0,0.4972,0.4336,0
0.5,tail_heavy,0.5,0.5,0.5,blind,0.5,0,2500,1.5,1.5572,-0.0572,-3.813,2500,1476,1024,0,0.5156,0.5904,0
0.5,tail_heavy,0.5,0.5,0.5,blind,0.5,1,2500,1.5,1.5818,-0.0818,-5.453,2500,1394,1106,0,0.4812,0.5576,0
0.5,tail_heavy,0.5,0.5,0.5,blind,0.5,2,2500,1.5,1.5704,-0.0704,-4.693,2500,1432,1068,0,0.5012,0.5728,0
0.5,tail_heavy,0.5,0.5,0.5,blind,0.5,3,2500,1.5,1.568,-0.068,-4.533,2500,1440,1060,0,0.5056,0.576,0
0.5,tail_heavy,0.5,0.5,0.5,blind,0.5,4,2500,1.5,1.5761,-0.0761,-5.073,2500,1413,1087,0,0.4916,0.5652,0
0.5,tail_heavy,0.5,0.5,0.5,blind,0.5,5,2500,1.5,1.5584,-0.0584,-3.893,2500,1472,1028,0,0.5192,0.5888,0
0.5,tail_heavy,0.5,0.5,0.5,blind,0.5,6,2500,1.5,1.5593,-0.0593,-3.953,2500,1469,1031,0,0.5176,0.5876,0
0.5,tail_heavy,0.5,0.5,1.0,blind,0.2,0,2500,1.5,2.052,-0.552,-36.8,2500,800,1700,0,0.4844,0.32,0
0.5,tail_heavy,0.5,0.5,1.0,blind,0.2,1,2500,1.5,2.0615,-0.5615,-37.435,2500,783,1717,0,0.5004,0.3132,0
0.5,tail_heavy,0.5,0.5,1.0,blind,0.2,2,2500,1.5,2.0531,-0.5531,-36.875,2500,798,1702,0,0.5168,0.3192,0
0.5,tail_heavy,0.5,0.5,1.0,blind,0.2,3,2500,1.5,2.0419,-0.5419,-36.128,2500,818,1682,0,0.5016,0.3272,0
0.5,tail_heavy,0.5,0.5,1.0,blind,0.2,4,2500,1.5,2.0677,-0.5677,-37.845,2500,772,1728,0,0.4804,0.3088,0
0.5,tail_heavy,0.5,0.5,1.0,blind,0.2,5,2500,1.5,2.0453,-0.5453,-36.352,2500,812,1688,0,0.508,0.3248,0
0.5,tail_heavy,0.5,0.5,1.0,blind,0.2,6,2500,1.5,2.0374,-0.5374,-35.829,2500,826,1674,0,0.5036,0.3304,0
0.5,tail_heavy,0.5,0.5,1.0,blind,0.3,0,2500,1.5,1.9017,-0.4017,-26.779,2500,1108,1392,0,0.5,0.4432,0
0.5,tail_heavy,0.5,0.5,1.0,blind,0.3,1,2500,1.5,1.9033,-0.4033,-26.887,2500,1105,1395,0,0.4908,0.442,0
0.5,tail_heavy,0.5,0.5,1.0,blind,0.3,2,2500,1.5,1.8952,-0.3952,-26.347,2500,1120,1380,0,0.5112,0.448,0
0.5,tail_heavy,0.5,0.5,1.0,blind,0.3,3,2500,1.5,1.9125,-0.4125,-27.499,2500,1088,1412,0,0.51,0.4352,0
0.5,tail_heavy,0.5,0.5,1.0,blind,0.3,4,2500,1.5,1.8941,-0.3941,-26.275,2500,1122,1378,0,0.5048,0.4488,0
0.5,tail_heavy,0.5,0.5,1.0,blind,0.3,5,2500,1.5,1.9049,-0.4049,-26.995,2500,1102,1398,0,0.498,0.4408,0
0.5,tail_heavy,0.5,0.5,1.0,blind,0.3,6,2500,1.5,1.9303,-0.4303,-28.687,2500,1055,1445,0,0.4856,0.422,0
0.5,tail_heavy,0.5,0.5,1.0,blind,0.5,0,2500,1.5,1.792,-0.292,-19.467,2500,1416,1084,0,0.4848,0.5664,0
0.5,tail_heavy,0.5,0.5,1.0,blind,0.5,1,2500,1.5,1.7675,-0.2675,-17.833,2500,1465,1035,0,0.5064,0.586,0
0.5,tail_heavy,0.5,0.5,1.0,blind,0.5,2,2500,1.5,1.788,-0.288,-19.2,2500,1424,1076,0,0.5008,0.5696,0
0.5,tail_heavy,0.5,0.5,1.0,blind,0.5,3,2500,1.5,1.8015,-0.3015,-20.1,2500,1397,1103,0,0.4956,0.5588,0
0.5,tail_heavy,0.5,0.5,1.0,blind,0.5,4,2500,1.5,1.7735,-0.2735,-18.233,2500,1453,1047,0,0.5028,0.5812,0
0.5,tail_heavy,0.5,0.5,1.0,blind,0.5,5,2500,1.5,1.7965,-0.2965,-19.767,2500,1407,1093,0,0.4948,0.5628,0
0.5,tail_heavy,0.5,0.5,1.0,blind,0.5,6,2500,1.5,1.779,-0.279,-18.6,2500,1442,1058,0,0.5144,0.5768,0
0.5,tail_heavy,0.5,0.5,2.0,blind,0.2,0,2500,1.5,2.7474,-1.2474,-83.157,2500,784,1716,0,0.5,0.3136,0
0.5,tail_heavy,0.5,0.5,2.0,blind,0.2,1,2500,1.5,2.7368,-1.2368,-82.453,2500,795,1705,0,0.498,0.318,0
0.5,tail_heavy,0.5,0.5,2.0,blind,0.2,2,2500,1.5,2.7262,-1.2262,-81.749,2500,806,1694,0,0.49,0.3224,0
0.5,tail_heavy,0.5,0.5,2.0,blind,0.2,3,2500,1.5,2.7128,-1.2128,-80.853,2500,820,1680,0,0.5076,0.328,0
0.5,tail_heavy,0.5,0.5,2.0,blind,0.2,4,2500,1.5,2.7502,-1.2502,-83.349,2500,781,1719,0,0.5024,0.3124,0
0.5,tail_heavy,0.5,0.5,2.0,blind,0.2,5,2500,1.5,2.7838,-1.2838,-85.589,2500,746,1754,0,0.4788,0.2984,0
0.5,tail_heavy,0.5,0.5,2.0,blind,0.2,6,2500,1.5,2.707,-1.207,-80.469,2500,826,1674,0,0.5112,0.3304,0
0.5,tail_heavy,0.5,0.5,2.0,blind,0.3,0,2500,1.5,2.435,-0.935,-62.332,2500,1133,1367,0,0.5012,0.4532,0
0.5,tail_heavy,0.5,0.5,2.0,blind,0.3,1,2500,1.5,2.4857,-0.9857,-65.716,2500,1079,1421,0,0.5076,0.4316,0
0.5,tail_heavy,0.5,0.5,2.0,blind,0.3,2,2500,1.5,2.4538,-0.9538,-63.585,2500,1113,1387,0,0.5144,0.4452,0
0.5,tail_heavy,0.5,0.5,2.0,blind,0.3,3,2500,1.5,2.4463,-0.9463,-63.084,2500,1121,1379,0,0.5072,0.4484,0
0.5,tail_heavy,0.5,0.5,2.0,blind,0.3,4,2500,1.5,2.481,-0.981,-65.403,2500,1084,1416,0,0.5136,0.4336,0
0.5,tail_heavy,0.5,0.5,2.0,blind,0.3,5,2500,1.5,2.4763,-0.9763,-65.089,2500,1089,1411,0,0.486,0.4356,0
0.5,tail_heavy,0.5,0.5,2.0,blind,0.3,6,2500,1.5,2.4209,-0.9209,-61.392,2500,1148,1352,0,0.5204,0.4592,0
0.5,tail_heavy,0.5,0.5,2.0,blind,0.5,0,2500,1.5,2.1995,-0.6995,-46.633,2500,1445,1055,0,0.5088,0.578,0
0.5,tail_heavy,0.5,0.5,2.0,blind,0.5,1,2500,1.5,2.2175,-0.7175,-47.833,2500,1425,1075,0,0.4932,0.57,0
0.5,tail_heavy,0.5,0.5,2.0,blind,0.5,2,2500,1.5,2.195,-0.695,-46.333,2500,1450,1050,0,0.5072,0.58,0
0.5,tail_heavy,0.5,0.5,2.0,blind,0.5,3,2500,1.5,2.1914,-0.6914,-46.093,2500,1454,1046,0,0.5096,0.5816,0
0.5,tail_heavy,0.5,0.5,2.0,blind,0.5,4,2500,1.5,2.2139,-0.7139,-47.593,2500,1429,1071,0,0.502,0.5716,0
0.5,tail_heavy,0.5,0.5,2.0,blind,0.5,5,2500,1.5,2.1923,-0.6923,-46.153,2500,1453,1047,0,0.5192,0.5812,0
0.5,tail_heavy,0.5,0.5,2.0,blind,0.5,6,2500,1.5,2.2184,-0.7184,-47.893,2500,1424,1076,0,0.4904,0.5696,0
0.5,tail_heavy,0.5,1,0.5,blind,0.2,0,2500,2.0,2.0965,-0.0965,-4.824,2500,776,1724,0,0.4992,0.3104,0
0.5,tail_heavy,0.5,1,0.5,blind,0.2,1,2500,2.0,2.0918,-0.0918,-4.59,2500,785,1715,0,0.5056,0.314,0
0.5,tail_heavy,0.5,1,0.5,blind,0.2,2,2500,2.0,2.0939,-0.0939,-4.694,2500,781,1719,0,0.5024,0.3124,0
0.5,tail_heavy,0.5,1,0.5,blind,0.2,3,2500,2.0,2.072,-0.072,-3.602,2500,823,1677,0,0.4988,0.3292,0
0.5,tail_heavy,0.5,1,0.5,blind,0.2,4,2500,2.0,2.0934,-0.0934,-4.668,2500,782,1718,0,0.4984,0.3128,0
0.5,tail_heavy,0.5,1,0.5,blind,0.2,5,2500,2.0,2.0767,-0.0767,-3.836,2500,814,1686,0,0.508,0.3256,0
0.5,tail_heavy,0.5,1,0.5,blind,0.2,6,2500,2.0,2.0824,-0.0824,-4.122,2500,803,1697,0,0.5064,0.3212,0
0.5,tail_heavy,0.5,1,0.5,blind,0.3,0,2500,2.0,1.9845,0.0155,0.776,2500,1074,1426,0,0.4916,0.4296,1
0.5,tail_heavy,0.5,1,0.5,blind,0.3,1,2500,2.0,1.959,0.041,2.048,2500,1127,1373,0,0.496,0.4508,1
0.5,tail_heavy,0.5,1,0.5,blind,0.3,2,2500,2.0,1.9672,0.0328,1.64,2500,1110,1390,0,0.4976,0.444,1
0.5,tail_heavy,0.5,1,0.5,blind,0.3,3,2500,2.0,1.9763,0.0237,1.184,2500,1091,1409,0,0.4924,0.4364,1
0.5,tail_heavy,0.5,1,0.5,blind,0.3,4,2500,2.0,1.9734,0.0266,1.328,2500,1097,1403,0,0.5096,0.4388,1
0.5,tail_heavy,0.5,1,0.5,blind,0.3,5,2500,2.0,1.9629,0.0371,1.856,2500,1119,1381,0,0.51,0.4476,1
0.5,tail_heavy,0.5,1,0.5,blind,0.3,6,2500,2.0,1.9826,0.0174,0.872,2500,1078,1422,0,0.5096,0.4312,1
0.5,tail_heavy,0.5,1,0.5,blind,0.5,0,2500,2.0,1.942,0.058,2.9,2500,1395,1105,0,0.4848,0.558,1
0.5,tail_heavy,0.5,1,0.5,blind,0.5,1,2500,2.0,1.9356,0.0644,3.22,2500,1411,1089,0,0.4968,0.5644,1
0.5,tail_heavy,0.5,1,0.5,blind,0.5,2,2500,2.0,1.9348,0.0652,3.26,2500,1413,1087,0,0.4992,0.5652,1
0.5,tail_heavy,0.5,1,0.5,blind,0.5,3,2500,2.0,1.9152,0.0848,4.24,2500,1462,1038,0,0.5096,0.5848,1
0.5,tail_heavy,0.5,1,0.5,blind,0.5,4,2500,2.0,1.9348,0.0652,3.26,2500,1413,1087,0,0.4948,0.5652,1
0.5,tail_heavy,0.5,1,0.5,blind,0.5,5,2500,2.0,1.9184,0.0816,4.08,2500,1454,1046,0,0.5088,0.5816,1
0.5,tail_heavy,0.5,1,0.5,blind,0.5,6,2500,2.0,1.9352,0.0648,3.24,2500,1412,1088,0,0.4936,0.5648,1
0.5,tail_heavy,0.5,1,1.0,blind,0.2,0,2500,2.0,2.4132,-0.4132,-20.66,2500,815,1685,0,0.5156,0.326,0
0.5,tail_heavy,0.5,1,1.0,blind,0.2,1,2500,2.0,2.4384,-0.4384,-21.92,2500,780,1720,0,0.4976,0.312,0
0.5,tail_heavy,0.5,1,1.0,blind,0.2,2,2500,2.0,2.4312,-0.4312,-21.56,2500,790,1710,0,0.4988,0.316,0
0.5,tail_heavy,0.5,1,1.0,blind,0.2,3,2500,2.0,2.4125,-0.4125,-20.624,2500,816,1684,0,0.5156,0.3264,0
0.5,tail_heavy,0.5,1,1.0,blind,0.2,4,2500,2.0,2.429,-0.429,-21.452,2500,793,1707,0,0.4988,0.3172,0
0.5,tail_heavy,0.5,1,1.0,blind,0.2,5,2500,2.0,2.4204,-0.4204,-21.02,2500,805,1695,0,0.4928,0.322,0
0.5,tail_heavy,0.5,1,1.0,blind,0.2,6,2500,2.0,2.424,-0.424,-21.2,2500,800,1700,0,0.4964,0.32,0
0.5,tail_heavy,0.5,1,1.0,blind,0.3,0,2500,2.0,2.2547,-0.2547,-12.736,2500,1096,1404,0,0.5044,0.4384,0
0.5,tail_heavy,0.5,1,1.0,blind,0.3,1,2500,2.0,2.2697,-0.2697,-13.484,2500,1074,1426,0,0.5024,0.4296,0
0.5,tail_heavy,0.5,1,1.0,blind,0.3,2,2500,2.0,2.2357,-0.2357,-11.784,2500,1124,1376,0,0.5052,0.4496,0
0.5,tail_heavy,0.5,1,1.0,blind,0.3,3,2500,2.0,2.2438,-0.2438,-12.192,2500,1112,1388,0,0.5024,0.4448,0
0.5,tail_heavy,0.5,1,1.0,blind,0.3,4,2500,2.0,2.2697,-0.2697,-13.484,2500,1074,1426,0,0.5024,0.4296,0
0.5,tail_heavy,0.5,1,1.0,blind,0.3,5,2500,2.0,2.2466,-0.2466,-12.328,2500,1108,1392,0,0.4948,0.4432,0
0.5,tail_heavy,0.5,1,1.0,blind,0.3,6,2500,2.0,2.286,-0.286,-14.3,2500,1050,1450,0,0.4824,0.42,0
0.5,tail_heavy,0.5,1,1.0,blind,0.5,0,2500,2.0,2.1378,-0.1378,-6.89,2500,1437,1063,0,0.5036,0.5748,0
0.5,tail_heavy,0.5,1,1.0,blind,0.5,1,2500,2.0,2.1312,-0.1312,-6.56,2500,1448,1052,0,0.506,0.5792,0
0.5,tail_heavy,0.5,1,1.0,blind,0.5,2,2500,2.0,2.1612,-0.1612,-8.06,2500,1398,1102,0,0.4944,0.5592,0
0.5,tail_heavy,0.5,1,1.0,blind,0.5,3,2500,2.0,2.1534,-0.1534,-7.67,2500,1411,1089,0,0.4976,0.5644,0
0.5,tail_heavy,0.5,1,1.0,blind,0.5,4,2500,2.0,2.1444,-0.1444,-7.22,2500,1426,1074,0,0.5008,0.5704,0
0.5,tail_heavy,0.5,1,1.0,blind,0.5,5,2500,2.0,2.1552,-0.1552,-7.76,2500,1408,1092,0,0.5028,0.5632,0
0.5,tail_heavy,0.5,1,1.0,blind,0.5,6,2500,2.0,2.133,-0.133,-6.65,2500,1445,1055,0,0.5088,0.578,0
0.5,tail_heavy,0.5,1,2.0,blind,0.2,0,2500,2.0,3.1118,-1.1118,-55.592,2500,793,1707,0,0.5032,0.3172,0
0.5,tail_heavy,0.5,1,2.0,blind,0.2,1,2500,2.0,3.1152,-1.1152,-55.76,2500,790,1710,0,0.4836,0.316,0
0.5,tail_heavy,0.5,1,2.0,blind,0.2,2,2500,2.0,3.104,-1.104,-55.2,2500,800,1700,0,0.5076,0.32,0
0.5,tail_heavy,0.5,1,2.0,blind,0.2,3,2500,2.0,3.1051,-1.1051,-55.256,2500,799,1701,0,0.4988,0.3196,0
0.5,tail_heavy,0.5,1,2.0,blind,0.2,4,2500,2.0,3.0794,-1.0794,-53.968,2500,822,1678,0,0.5036,0.3288,0
0.5,tail_heavy,0.5,1,2.0,blind,0.2,5,2500,2.0,3.0682,-1.0682,-53.408,2500,832,1668,0,0.5076,0.3328,0
0.5,tail_heavy,0.5,1,2.0,blind,0.2,6,2500,2.0,3.0872,-1.0872,-54.36,2500,815,1685,0,0.5084,0.326,0
0.5,tail_heavy,0.5,1,2.0,blind,0.3,0,2500,2.0,2.8325,-0.8325,-41.626,2500,1081,1419,0,0.4944,0.4324,0
0.5,tail_heavy,0.5,1,2.0,blind,0.3,1,2500,2.0,2.8034,-0.8034,-40.168,2500,1108,1392,0,0.496,0.4432,0
0.5,tail_heavy,0.5,1,2.0,blind,0.3,2,2500,2.0,2.8736,-0.8736,-43.678,2500,1043,1457,0,0.4932,0.4172,0
0.5,tail_heavy,0.5,1,2.0,blind,0.3,3,2500,2.0,2.8196,-0.8196,-40.978,2500,1093,1407,0,0.5032,0.4372,0
0.5,tail_heavy,0.5,1,2.0,blind,0.3,4,2500,2.0,2.8109,-0.8109,-40.546,2500,1101,1399,0,0.5012,0.4404,0
0.5,tail_heavy,0.5,1,2.0,blind,0.3,5,2500,2.0,2.8617,-0.8617,-43.084,2500,1054,1446,0,0.5012,0.4216,0
0.5,tail_heavy,0.5,1,2.0,blind,0.3,6,2500,2.0,2.8422,-0.8422,-42.112,2500,1072,1428,0,0.5008,0.4288,0
0.5,tail_heavy,0.5,1,2.0,blind,0.5,0,2500,2.0,2.553,-0.553,-27.65,2500,1447,1053,0,0.5152,0.5788,0
0.5,tail_heavy,0.5,1,2.0,blind,0.5,1,2500,2.0,2.601,-0.601,-30.05,2500,1399,1101,0,0.4932,0.5596,0
0.5,tail_heavy,0.5,1,2.0,blind,0.5,2,2500,2.0,2.574,-0.574,-28.7,2500,1426,1074,0,0.5004,0.5704,0
0.5,tail_heavy,0.5,1,2.0,blind,0.5,3,2500,2.0,2.602,-0.602,-30.1,2500,1398,1102,0,0.4956,0.5592,0
0.5,tail_heavy,0.5,1,2.0,blind,0.5,4,2500,2.0,2.573,-0.573,-28.65,2500,1427,1073,0,0.5084,0.5708,0
0.5,tail_heavy,0.5,1,2.0,blind,0.5,5,2500,2.0,2.611,-0.611,-30.55,2500,1389,1111,0,0.4852,0.5556,0
0.5,tail_heavy,0.5,1,2.0,blind,0.5,6,2500,2.0,2.605,-0.605,-30.25,2500,1395,1105,0,0.4896,0.558,0
0.5,tail_heavy,0.5,2,0.5,blind,0.2,0,2500,3.0,2.8255,0.1745,5.817,2500,803,1697,0,0.4972,0.3212,1
0.5,tail_heavy,0.5,2,0.5,blind,0.2,1,2500,3.0,2.8347,0.1653,5.509,2500,792,1708,0,0.5024,0.3168,1
0.5,tail_heavy,0.5,2,0.5,blind,0.2,2,2500,3.0,2.8104,0.1896,6.321,2500,821,1679,0,0.5028,0.3284,1
0.5,tail_heavy,0.5,2,0.5,blind,0.2,3,2500,3.0,2.8288,0.1712,5.705,2500,799,1701,0,0.4928,0.3196,1
0.5,tail_heavy,0.5,2,0.5,blind,0.2,4,2500,3.0,2.8255,0.1745,5.817,2500,803,1697,0,0.504,0.3212,1
0.5,tail_heavy,0.5,2,0.5,blind,0.2,5,2500,3.0,2.8591,0.1409,4.697,2500,763,1737,0,0.4868,0.3052,1
0.5,tail_heavy,0.5,2,0.5,blind,0.2,6,2500,3.0,2.8238,0.1762,5.873,2500,805,1695,0,0.5084,0.322,1
0.5,tail_heavy,0.5,2,0.5,blind,0.3,0,2500,3.0,2.6587,0.3413,11.377,2500,1107,1393,0,0.5072,0.4428,1
0.5,tail_heavy,0.5,2,0.5,blind,0.3,1,2500,3.0,2.6617,0.3383,11.276,2500,1103,1397,0,0.4988,0.4412,1
0.5,tail_heavy,0.5,2,0.5,blind,0.3,2,2500,3.0,2.6693,0.3307,11.023,2500,1093,1407,0,0.5008,0.4372,1
0.5,tail_heavy,0.5,2,0.5,blind,0.3,3,2500,3.0,2.6625,0.3375,11.251,2500,1102,1398,0,0.5012,0.4408,1
0.5,tail_heavy,0.5,2,0.5,blind,0.3,4,2500,3.0,2.6724,0.3276,10.921,2500,1089,1411,0,0.4872,0.4356,1
0.5,tail_heavy,0.5,2,0.5,blind,0.3,5,2500,3.0,2.6397,0.3603,12.011,2500,1132,1368,0,0.5152,0.4528,1
0.5,tail_heavy,0.5,2,0.5,blind,0.3,6,2500,3.0,2.6716,0.3284,10.947,2500,1090,1410,0,0.5148,0.436,1
0.5,tail_heavy,0.5,2,0.5,blind,0.5,0,2500,3.0,2.636,0.364,12.133,2500,1440,1060,0,0.5136,0.576,1
0.5,tail_heavy,0.5,2,0.5,blind,0.5,1,2500,3.0,2.6462,0.3538,11.793,2500,1423,1077,0,0.4964,0.5692,1
0.5,tail_heavy,0.5,2,0.5,blind,0.5,2,2500,3.0,2.6504,0.3496,11.653,2500,1416,1084,0,0.5032,0.5664,1
0.5,tail_heavy,0.5,2,0.5,blind,0.5,3,2500,3.0,2.6528,0.3472,11.573,2500,1412,1088,0,0.5028,0.5648,1
0.5,tail_heavy,0.5,2,0.5,blind,0.5,4,2500,3.0,2.6378,0.3622,12.073,2500,1437,1063,0,0.5028,0.5748,1
0.5,tail_heavy,0.5,2,0.5,blind,0.5,5,2500,3.0,2.6534,0.3466,11.553,2500,1411,1089,0,0.502,0.5644,1
0.5,tail_heavy,0.5,2,0.5,blind,0.5,6,2500,3.0,2.657,0.343,11.433,2500,1405,1095,0,0.4948,0.562,1
0.5,tail_heavy,0.5,2,1.0,blind,0.2,0,2500,3.0,3.1888,-0.1888,-6.293,2500,780,1720,0,0.4984,0.312,0
0.5,tail_heavy,0.5,2,1.0,blind,0.2,1,2500,3.0,3.2002,-0.2002,-6.675,2500,769,1731,0,0.5152,0.3076,0
0.5,tail_heavy,0.5,2,1.0,blind,0.2,2,2500,3.0,3.1732,-0.1732,-5.773,2500,795,1705,0,0.5,0.318,0
0.5,tail_heavy,0.5,2,1.0,blind,0.2,3,2500,3.0,3.1555,-0.1555,-5.184,2500,812,1688,0,0.4996,0.3248,0
0.5,tail_heavy,0.5,2,1.0,blind,0.2,4,2500,3.0,3.1992,-0.1992,-6.64,2500,770,1730,0,0.504,0.308,0
0.5,tail_heavy,0.5,2,1.0,blind,0.2,5,2500,3.0,3.1399,-0.1399,-4.664,2500,827,1673,0,0.5064,0.3308,0
0.5,tail_heavy,0.5,2,1.0,blind,0.2,6,2500,3.0,3.169,-0.169,-5.635,2500,799,1701,0,0.4884,0.3196,0
0.5,tail_heavy,0.5,2,1.0,blind,0.3,0,2500,3.0,2.9517,0.0483,1.611,2500,1092,1408,0,0.5032,0.4368,1
0.5,tail_heavy,0.5,2,1.0,blind,0.3,1,2500,3.0,2.9594,0.0406,1.355,2500,1084,1416,0,0.5128,0.4336,1
0.5,tail_heavy,0.5,2,1.0,blind,0.3,2,2500,3.0,2.991,0.009,0.299,2500,1051,1449,0,0.4724,0.4204,1
0.5,tail_heavy,0.5,2,1.0,blind,0.3,3,2500,3.0,2.9814,0.0186,0.619,2500,1061,1439,0,0.48,0.4244,1
0.5,tail_heavy,0.5,2,1.0,blind,0.3,4,2500,3.0,2.9632,0.0368,1.227,2500,1080,1420,0,0.482,0.432,1
0.5,tail_heavy,0.5,2,1.0,blind,0.3,5,2500,3.0,2.9776,0.0224,0.747,2500,1065,1435,0,0.4932,0.426,1
0.5,tail_heavy,0.5,2,1.0,blind,0.3,6,2500,3.0,2.9162,0.0838,2.795,2500,1129,1371,0,0.5108,0.4516,1
0.5,tail_heavy,0.5,2,1.0,blind,0.5,0,2500,3.0,2.8408,0.1592,5.307,2500,1449,1051,0,0.512,0.5796,1
0.5,tail_heavy,0.5,2,1.0,blind,0.5,1,2500,3.0,2.8512,0.1488,4.96,2500,1436,1064,0,0.498,0.5744,1
0.5,tail_heavy,0.5,2,1.0,blind,0.5,2,2500,3.0,2.8288,0.1712,5.707,2500,1464,1036,0,0.5048,0.5856,1
0.5,tail_heavy,0.5,2,1.0,blind,0.5,3,2500,3.0,2.8248,0.1752,5.84,2500,1469,1031,0,0.518,0.5876,1
0.5,tail_heavy,0.5,2,1.0,blind,0.5,4,2500,3.0,2.8832,0.1168,3.893,2500,1396,1104,0,0.4844,0.5584,1
0.5,tail_heavy,0.5,2,1.0,blind,0.5,5,2500,3.0,2.8776,0.1224,4.08,2500,1403,1097,0,0.496,0.5612,1
0.5,tail_heavy,0.5,2,1.0,blind,0.5,6,2500,3.0,2.8344,0.1656,5.52,2500,1457,1043,0,0.5096,0.5828,1
0.5,tail_heavy,0.5,2,2.0,blind,0.2,0,2500,3.0,3.8725,-0.8725,-29.083,2500,783,1717,0,0.5052,0.3132,0
0.5,tail_heavy,0.5,2,2.0,blind,0.2,1,2500,3.0,3.8336,-0.8336,-27.787,2500,810,1690,0,0.5116,0.324,0
0.5,tail_heavy,0.5,2,2.0,blind,0.2,2,2500,3.0,3.8984,-0.8984,-29.947,2500,765,1735,0,0.4972,0.306,0
0.5,tail_heavy,0.5,2,2.0,blind,0.2,3,2500,3.0,3.8883,-0.8883,-29.611,2500,772,1728,0,0.4936,0.3088,0
0.5,tail_heavy,0.5,2,2.0,blind,0.2,4,2500,3.0,3.8466,-0.8466,-28.219,2500,801,1699,0,0.5156,0.3204,0
0.5,tail_heavy,0.5,2,2.0,blind,0.2,5,2500,3.0,3.8667,-0.8667,-28.891,2500,787,1713,0,0.5072,0.3148,0
0.5,tail_heavy,0.5,2,2.0,blind,0.2,6,2500,3.0,3.8264,-0.8264,-27.547,2500,815,1685,0,0.5108,0.326,0
0.5,tail_heavy,0.5,2,2.0,blind,0.3,0,2500,3.0,3.5761,-0.5761,-19.203,2500,1047,1453,0,0.478,0.4188,0
0.5,tail_heavy,0.5,2,2.0,blind,0.3,1,2500,3.0,3.4918,-0.4918,-16.392,2500,1109,1391,0,0.5016,0.4436,0
0.5,tail_heavy,0.5,2,2.0,blind,0.3,2,2500,3.0,3.4972,-0.4972,-16.573,2500,1105,1395,0,0.5068,0.442,0
0.5,tail_heavy,0.5,2,2.0,blind,0.3,3,2500,3.0,3.5271,-0.5271,-17.571,2500,1083,1417,0,0.4956,0.4332,0
0.5,tail_heavy,0.5,2,2.0,blind,0.3,4,2500,3.0,3.4768,-0.4768,-15.893,2500,1120,1380,0,0.5112,0.448,0
0.5,tail_heavy,0.5,2,2.0,blind,0.3,5,2500,3.0,3.5094,-0.5094,-16.981,2500,1096,1404,0,0.5032,0.4384,0
0.5,tail_heavy,0.5,2,2.0,blind,0.3,6,2500,3.0,3.5638,-0.5638,-18.795,2500,1056,1444,0,0.502,0.4224,0
0.5,tail_heavy,0.5,2,2.0,blind,0.5,0,2500,3.0,3.2336,-0.2336,-7.787,2500,1472,1028,0,0.5156,0.5888,0
0.5,tail_heavy,0.5,2,2.0,blind,0.5,1,2500,3.0,3.2816,-0.2816,-9.387,2500,1432,1068,0,0.5048,0.5728,0
0.5,tail_heavy,0.5,2,2.0,blind,0.5,2,2500,3.0,3.2972,-0.2972,-9.907,2500,1419,1081,0,0.4984,0.5676,0
0.5,tail_heavy,0.5,2,2.0,blind,0.5,3,2500,3.0,3.2816,-0.2816,-9.387,2500,1432,1068,0,0.498,0.5728,0
0.5,tail_heavy,0.5,2,2.0,blind,0.5,4,2500,3.0,3.2612,-0.2612,-8.707,2500,1449,1051,0,0.5156,0.5796,0
0.5,tail_heavy,0.5,2,2.0,blind,0.5,5,2500,3.0,3.2588,-0.2588,-8.627,2500,1451,1049,0,0.4976,0.5804,0
0.5,tail_heavy,0.5,2,2.0,blind,0.5,6,2500,3.0,3.2612,-0.2612,-8.707,2500,1449,1051,0,0.5012,0.5796,0
0.5,tail_heavy,0.5,4,0.5,blind,0.2,0,2500,5.0,4.353,0.647,12.94,2500,775,1725,0,0.4892,0.31,1
0.5,tail_heavy,0.5,4,0.5,blind,0.2,1,2500,5.0,4.3412,0.6588,13.177,2500,783,1717,0,0.492,0.3132,1
0.5,tail_heavy,0.5,4,0.5,blind,0.2,2,2500,5.0,4.3278,0.6722,13.443,2500,792,1708,0,0.512,0.3168,1
0.5,tail_heavy,0.5,4,0.5,blind,0.2,3,2500,5.0,4.3219,0.6781,13.562,2500,796,1704,0,0.4988,0.3184,1
0.5,tail_heavy,0.5,4,0.5,blind,0.2,4,2500,5.0,4.3056,0.6944,13.887,2500,807,1693,0,0.506,0.3228,1
0.5,tail_heavy,0.5,4,0.5,blind,0.2,5,2500,5.0,4.3426,0.6574,13.147,2500,782,1718,0,0.4996,0.3128,1
0.5,tail_heavy,0.5,4,0.5,blind,0.2,6,2500,5.0,4.3634,0.6366,12.733,2500,768,1732,0,0.494,0.3072,1
0.5,tail_heavy,0.5,4,0.5,blind,0.3,0,2500,5.0,4.0374,0.9626,19.251,2500,1108,1392,0,0.4896,0.4432,1
0.5,tail_heavy,0.5,4,0.5,blind,0.3,1,2500,5.0,4.0678,0.9322,18.644,2500,1085,1415,0,0.4896,0.434,1
0.5,tail_heavy,0.5,4,0.5,blind,0.3,2,2500,5.0,4.0229,0.9771,19.542,2500,1119,1381,0,0.5108,0.4476,1
0.5,tail_heavy,0.5,4,0.5,blind,0.3,3,2500,5.0,4.0427,0.9573,19.146,2500,1104,1396,0,0.504,0.4416,1
0.5,tail_heavy,0.5,4,0.5,blind,0.3,4,2500,5.0,4.044,0.956,19.119,2500,1103,1397,0,0.5052,0.4412,1
0.5,tail_heavy,0.5,4,0.5,blind,0.3,5,2500,5.0,4.1246,0.8754,17.509,2500,1042,1458,0,0.484,0.4168,1
0.5,tail_heavy,0.5,4,0.5,blind,0.3,6,2500,5.0,4.0863,0.9137,18.274,2500,1071,1429,0,0.4856,0.4284,1
0.5,tail_heavy,0.5,4,0.5,blind,0.5,0,2500,5.0,4.076,0.924,18.48,2500,1424,1076,0,0.5004,0.5696,1
0.5,tail_heavy,0.5,4,0.5,blind,0.5,1,2500,5.0,4.044,0.956,19.12,2500,1456,1044,0,0.508,0.5824,1
0.5,tail_heavy,0.5,4,0.5,blind,0.5,2,2500,5.0,4.083,0.917,18.34,2500,1417,1083,0,0.4984,0.5668,1
0.5,tail_heavy,0.5,4,0.5,blind,0.5,3,2500,5.0,4.112,0.888,17.76,2500,1388,1112,0,0.4924,0.5552,1
0.5,tail_heavy,0.5,4,0.5,blind,0.5,4,2500,5.0,4.094,0.906,18.12,2500,1406,1094,0,0.4964,0.5624,1
0.5,tail_heavy,0.5,4,0.5,blind,0.5,5,2500,5.0,4.047,0.953,19.06,2500,1453,1047,0,0.5076,0.5812,1
0.5,tail_heavy,0.5,4,0.5,blind,0.5,6,2500,5.0,4.018,0.982,19.64,2500,1482,1018,0,0.5128,0.5928,1
0.5,tail_heavy,0.5,4,1.0,blind,0.2,0,2500,5.0,4.6678,0.3322,6.645,2500,793,1707,0,0.4936,0.3172,1
0.5,tail_heavy,0.5,4,1.0,blind,0.2,1,2500,5.0,4.6543,0.3457,6.914,2500,801,1699,0,0.5032,0.3204,1
0.5,tail_heavy,0.5,4,1.0,blind,0.2,2,2500,5.0,4.6258,0.3742,7.485,2500,818,1682,0,0.5032,0.3272,1
0.5,tail_heavy,0.5,4,1.0,blind,0.2,3,2500,5.0,4.7299,0.2701,5.402,2500,756,1744,0,0.4868,0.3024,1
0.5,tail_heavy,0.5,4,1.0,blind,0.2,4,2500,5.0,4.6913,0.3087,6.174,2500,779,1721,0,0.502,0.3116,1
0.5,tail_heavy,0.5,4,1.0,blind,0.2,5,2500,5.0,4.7501,0.2499,4.998,2500,744,1756,0,0.4976,0.2976,1
0.5,tail_heavy,0.5,4,1.0,blind,0.2,6,2500,5.0,4.7148,0.2852,5.704,2500,765,1735,0,0.5056,0.306,1
0.5,tail_heavy,0.5,4,1.0,blind,0.3,0,2500,5.0,4.3341,0.6659,13.318,2500,1096,1404,0,0.4912,0.4384,1
0.5,tail_heavy,0.5,4,1.0,blind,0.3,1,2500,5.0,4.3827,0.6173,12.346,2500,1064,1436,0,0.492,0.4256,1
0.5,tail_heavy,0.5,4,1.0,blind,0.3,2,2500,5.0,4.3478,0.6522,13.045,2500,1087,1413,0,0.49,0.4348,1
0.5,tail_heavy,0.5,4,1.0,blind,0.3,3,2500,5.0,4.3402,0.6598,13.197,2500,1092,1408,0,0.5052,0.4368,1
0.5,tail_heavy,0.5,4,1.0,blind,0.3,4,2500,5.0,4.3706,0.6294,12.589,2500,1072,1428,0,0.4984,0.4288,1
0.5,tail_heavy,0.5,4,1.0,blind,0.3,5,2500,5.0,4.3614,0.6386,12.771,2500,1078,1422,0,0.4924,0.4312,1
0.5,tail_heavy,0.5,4,1.0,blind,0.3,6,2500,5.0,4.328,0.672,13.44,2500,1100,1400,0,0.5044,0.44,1
0.5,tail_heavy,0.5,4,1.0,blind,0.5,0,2500,5.0,4.2612,0.7388,14.776,2500,1449,1051,0,0.5076,0.5796,1
0.5,tail_heavy,0.5,4,1.0,blind,0.5,1,2500,5.0,4.3404,0.6596,13.192,2500,1383,1117,0,0.4992,0.5532,1
0.5,tail_heavy,0.5,4,1.0,blind,0.5,2,2500,5.0,4.29,0.71,14.2,2500,1425,1075,0,0.5016,0.57,1
0.5,tail_heavy,0.5,4,1.0,blind,0.5,3,2500,5.0,4.3428,0.6572,13.144,2500,1381,1119,0,0.492,0.5524,1
0.5,tail_heavy,0.5,4,1.0,blind,0.5,4,2500,5.0,4.2576,0.7424,14.848,2500,1452,1048,0,0.4984,0.5808,1
0.5,tail_heavy,0.5,4,1.0,blind,0.5,5,2500,5.0,4.3224,0.6776,13.552,2500,1398,1102,0,0.4944,0.5592,1
0.5,tail_heavy,0.5,4,1.0,blind,0.5,6,2500,5.0,4.2708,0.7292,14.584,2500,1441,1059,0,0.502,0.5764,1
0.5,tail_heavy,0.5,4,2.0,blind,0.2,0,2500,5.0,5.3672,-0.3672,-7.344,2500,785,1715,0,0.4964,0.314,0
0.5,tail_heavy,0.5,4,2.0,blind,0.2,1,2500,5.0,5.3235,-0.3235,-6.47,2500,806,1694,0,0.5104,0.3224,0
0.5,tail_heavy,0.5,4,2.0,blind,0.2,2,2500,5.0,5.2466,-0.2466,-4.931,2500,843,1657,0,0.4996,0.3372,0
0.5,tail_heavy,0.5,4,2.0,blind,0.2,3,2500,5.0,5.2757,-0.2757,-5.514,2500,829,1671,0,0.5028,0.3316,0
0.5,tail_heavy,0.5,4,2.0,blind,0.2,4,2500,5.0,5.4067,-0.4067,-8.134,2500,766,1734,0,0.4924,0.3064,0
0.5,tail_heavy,0.5,4,2.0,blind,0.2,5,2500,5.0,5.3422,-0.3422,-6.845,2500,797,1703,0,0.496,0.3188,0
0.5,tail_heavy,0.5,4,2.0,blind,0.2,6,2500,5.0,5.3672,-0.3672,-7.344,2500,785,1715,0,0.5004,0.314,0
0.5,tail_heavy,0.5,4,2.0,blind,0.3,0,2500,5.0,4.9283,0.0717,1.434,2500,1079,1421,0,0.4916,0.4316,1
0.5,tail_heavy,0.5,4,2.0,blind,0.3,1,2500,5.0,4.9763,0.0237,0.474,2500,1054,1446,0,0.4796,0.4216,1
0.5,tail_heavy,0.5,4,2.0,blind,0.3,2,2500,5.0,4.8304,0.1696,3.392,2500,1130,1370,0,0.5068,0.452,1
0.5,tail_heavy,0.5,4,2.0,blind,0.3,3,2500,5.0,4.9168,0.0832,1.664,2500,1085,1415,0,0.4904,0.434,1
0.5,tail_heavy,0.5,4,2.0,blind,0.3,4,2500,5.0,4.8803,0.1197,2.394,2500,1104,1396,0,0.5036,0.4416,1
0.5,tail_heavy,0.5,4,2.0,blind,0.3,5,2500,5.0,4.9072,0.0928,1.856,2500,1090,1410,0,0.4948,0.436,1
0.5,tail_heavy,0.5,4,2.0,blind,0.3,6,2500,5.0,4.7632,0.2368,4.736,2500,1165,1335,0,0.5172,0.466,1
0.5,tail_heavy,0.5,4,2.0,blind,0.5,0,2500,5.0,4.6896,0.3104,6.208,2500,1444,1056,0,0.5028,0.5776,1
0.5,tail_heavy,0.5,4,2.0,blind,0.5,1,2500,5.0,4.7248,0.2752,5.504,2500,1422,1078,0,0.51,0.5688,1
0.5,tail_heavy,0.5,4,2.0,blind,0.5,2,2500,5.0,4.7664,0.2336,4.672,2500,1396,1104,0,0.502,0.5584,1
0.5,tail_heavy,0.5,4,2.0,blind,0.5,3,2500,5.0,4.6768,0.3232,6.464,2500,1452,1048,0,0.4932,0.5808,1
0.5,tail_heavy,0.5,4,2.0,blind,0.5,4,2500,5.0,4.6496,0.3504,7.008,2500,1469,1031,0,0.5224,0.5876,1
0.5,tail_heavy,0.5,4,2.0,blind,0.5,5,2500,5.0,4.7376,0.2624,5.248,2500,1414,1086,0,0.496,0.5656,1
0.5,tail_heavy,0.5,4,2.0,blind,0.5,6,2500,5.0,4.6544,0.3456,6.912,2500,1466,1034,0,0.524,0.5864,1
0.5,tail_heavy,0.5,8,0.5,blind,0.2,0,2500,9.0,7.292,1.708,18.978,2500,800,1700,0,0.504,0.32,1
0.5,tail_heavy,0.5,8,0.5,blind,0.2,1,2500,9.0,7.361,1.639,18.211,2500,775,1725,0,0.5004,0.31,1
0.5,tail_heavy,0.5,8,0.5,blind,0.2,2,2500,9.0,7.372,1.628,18.088,2500,771,1729,0,0.488,0.3084,1
0.5,tail_heavy,0.5,8,0.5,blind,0.2,3,2500,9.0,7.3306,1.6694,18.548,2500,786,1714,0,0.51,0.3144,1
0.5,tail_heavy,0.5,8,0.5,blind,0.2,4,2500,9.0,7.3251,1.6749,18.61,2500,788,1712,0,0.4896,0.3152,1
0.5,tail_heavy,0.5,8,0.5,blind,0.2,5,2500,9.0,7.292,1.708,18.978,2500,800,1700,0,0.51,0.32,1
0.5,tail_heavy,0.5,8,0.5,blind,0.2,6,2500,9.0,7.2782,1.7218,19.131,2500,805,1695,0,0.5156,0.322,1
0.5,tail_heavy,0.5,8,0.5,blind,0.3,0,2500,9.0,6.8843,2.1157,23.508,2500,1072,1428,0,0.4944,0.4288,1
0.5,tail_heavy,0.5,8,0.5,blind,0.3,1,2500,9.0,6.8184,2.1816,24.24,2500,1099,1401,0,0.508,0.4396,1
0.5,tail_heavy,0.5,8,0.5,blind,0.3,2,2500,9.0,6.8209,2.1791,24.212,2500,1098,1402,0,0.4908,0.4392,1
0.5,tail_heavy,0.5,8,0.5,blind,0.3,3,2500,9.0,6.777,2.223,24.7,2500,1116,1384,0,0.5112,0.4464,1
0.5,tail_heavy,0.5,8,0.5,blind,0.3,4,2500,9.0,6.8526,2.1474,23.86,2500,1085,1415,0,0.4936,0.434,1
0.5,tail_heavy,0.5,8,0.5,blind,0.3,5,2500,9.0,6.9014,2.0986,23.318,2500,1065,1435,0,0.502,0.426,1
0.5,tail_heavy,0.5,8,0.5,blind,0.3,6,2500,9.0,6.7111,2.2889,25.432,2500,1143,1357,0,0.51,0.4572,1
0.5,tail_heavy,0.5,8,0.5,blind,0.5,0,2500,9.0,7.007,1.993,22.144,2500,1385,1115,0,0.4904,0.554,1
0.5,tail_heavy,0.5,8,0.5,blind,0.5,1,2500,9.0,6.944,2.056,22.844,2500,1420,1080,0,0.5024,0.568,1
0.5,tail_heavy,0.5,8,0.5,blind,0.5,2,2500,9.0,6.9008,2.0992,23.324,2500,1444,1056,0,0.5208,0.5776,1
0.5,tail_heavy,0.5,8,0.5,blind,0.5,3,2500,9.0,6.9386,2.0614,22.904,2500,1423,1077,0,0.512,0.5692,1
0.5,tail_heavy,0.5,8,0.5,blind,0.5,4,2500,9.0,7.0232,1.9768,21.964,2500,1376,1124,0,0.4856,0.5504,1
0.5,tail_heavy,0.5,8,0.5,blind,0.5,5,2500,9.0,6.9368,2.0632,22.924,2500,1424,1076,0,0.5064,0.5696,1
0.5,tail_heavy,0.5,8,0.5,blind,0.5,6,2500,9.0,6.9224,2.0776,23.084,2500,1432,1068,0,0.5076,0.5728,1
0.5,tail_heavy,0.5,8,1.0,blind,0.2,0,2500,9.0,7.7001,1.2999,14.444,2500,777,1723,0,0.4972,0.3108,1
0.5,tail_heavy,0.5,8,1.0,blind,0.2,1,2500,9.0,7.6438,1.3562,15.068,2500,796,1704,0,0.49,0.3184,1
0.5,tail_heavy,0.5,8,1.0,blind,0.2,2,2500,9.0,7.703,1.297,14.411,2500,776,1724,0,0.4956,0.3104,1
0.5,tail_heavy,0.5,8,1.0,blind,0.2,3,2500,9.0,7.561,1.439,15.989,2500,824,1676,0,0.522,0.3296,1
0.5,tail_heavy,0.5,8,1.0,blind,0.2,4,2500,9.0,7.6616,1.3384,14.871,2500,790,1710,0,0.4928,0.316,1
0.5,tail_heavy,0.5,8,1.0,blind,0.2,5,2500,9.0,7.6646,1.3354,14.838,2500,789,1711,0,0.5012,0.3156,1
0.5,tail_heavy,0.5,8,1.0,blind,0.2,6,2500,9.0,7.5906,1.4094,15.66,2500,814,1686,0,0.4964,0.3256,1
0.5,tail_heavy,0.5,8,1.0,blind,0.3,0,2500,9.0,7.1303,1.8697,20.774,2500,1087,1413,0,0.4852,0.4348,1
0.5,tail_heavy,0.5,8,1.0,blind,0.3,1,2500,9.0,7.133,1.867,20.745,2500,1086,1414,0,0.5056,0.4344,1
0.5,tail_heavy,0.5,8,1.0,blind,0.3,2,2500,9.0,7.1092,1.8908,21.009,2500,1095,1405,0,0.5028,0.438,1
0.5,tail_heavy,0.5,8,1.0,blind,0.3,3,2500,9.0,7.162,1.838,20.422,2500,1075,1425,0,0.4968,0.43,1
0.5,tail_heavy,0.5,8,1.0,blind,0.3,4,2500,9.0,7.1303,1.8697,20.774,2500,1087,1413,0,0.4916,0.4348,1
0.5,tail_heavy,0.5,8,1.0,blind,0.3,5,2500,9.0,7.1198,1.8802,20.892,2500,1091,1409,0,0.5084,0.4364,1
0.5,tail_heavy,0.5,8,1.0,blind,0.3,6,2500,9.0,7.0854,1.9146,21.273,2500,1104,1396,0,0.5084,0.4416,1
0.5,tail_heavy,0.5,8,1.0,blind,0.5,0,2500,9.0,7.126,1.874,20.822,2500,1437,1063,0,0.5044,0.5748,1
0.5,tail_heavy,0.5,8,1.0,blind,0.5,1,2500,9.0,7.126,1.874,20.822,2500,1437,1063,0,0.5012,0.5748,1
0.5,tail_heavy,0.5,8,1.0,blind,0.5,2,2500,9.0,7.212,1.788,19.867,2500,1394,1106,0,0.49,0.5576,1
0.5,tail_heavy,0.5,8,1.0,blind,0.5,3,2500,9.0,7.092,1.908,21.2,2500,1454,1046,0,0.5116,0.5816,1
0.5,tail_heavy,0.5,8,1.0,blind,0.5,4,2500,9.0,7.164,1.836,20.4,2500,1418,1082,0,0.4948,0.5672,1
0.5,tail_heavy,0.5,8,1.0,blind,0.5,5,2500,9.0,7.098,1.902,21.133,2500,1451,1049,0,0.5132,0.5804,1
0.5,tail_heavy,0.5,8,1.0,blind,0.5,6,2500,9.0,7.174,1.826,20.289,2500,1413,1087,0,0.5008,0.5652,1
0.5,tail_heavy,0.5,8,2.0,blind,0.2,0,2500,9.0,8.3658,0.6342,7.047,2500,784,1716,0,0.5028,0.3136,1
0.5,tail_heavy,0.5,8,2.0,blind,0.2,1,2500,9.0,8.3254,0.6746,7.495,2500,796,1704,0,0.5008,0.3184,1
0.5,tail_heavy,0.5,8,2.0,blind,0.2,2,2500,9.0,8.2515,0.7485,8.316,2500,818,1682,0,0.4944,0.3272,1
0.5,tail_heavy,0.5,8,2.0,blind,0.2,3,2500,9.0,8.3288,0.6712,7.458,2500,795,1705,0,0.4908,0.318,1
0.5,tail_heavy,0.5,8,2.0,blind,0.2,4,2500,9.0,8.3019,0.6981,7.756,2500,803,1697,0,0.5008,0.3212,1
0.5,tail_heavy,0.5,8,2.0,blind,0.2,5,2500,9.0,8.3086,0.6914,7.682,2500,801,1699,0,0.5224,0.3204,1
0.5,tail_heavy,0.5,8,2.0,blind,0.2,6,2500,9.0,8.3523,0.6477,7.196,2500,788,1712,0,0.4908,0.3152,1
0.5,tail_heavy,0.5,8,2.0,blind,0.3,0,2500,9.0,7.729,1.271,14.123,2500,1076,1424,0,0.4968,0.4304,1
0.5,tail_heavy,0.5,8,2.0,blind,0.3,1,2500,9.0,7.6469,1.3531,15.035,2500,1103,1397,0,0.5088,0.4412,1
0.5,tail_heavy,0.5,8,2.0,blind,0.3,2,2500,9.0,7.6286,1.3714,15.237,2500,1109,1391,0,0.5192,0.4436,1
0.5,tail_heavy,0.5,8,2.0,blind,0.3,3,2500,9.0,7.583,1.417,15.744,2500,1124,1376,0,0.5,0.4496,1
0.5,tail_heavy,0.5,8,2.0,blind,0.3,4,2500,9.0,7.6773,1.3227,14.697,2500,1093,1407,0,0.5024,0.4372,1
0.5,tail_heavy,0.5,8,2.0,blind,0.3,5,2500,9.0,7.8141,1.1859,13.177,2500,1048,1452,0,0.498,0.4192,1
0.5,tail_heavy,0.5,8,2.0,blind,0.3,6,2500,9.0,7.7168,1.2832,14.258,2500,1080,1420,0,0.4876,0.432,1
0.5,tail_heavy,0.5,8,2.0,blind,0.5,0,2500,9.0,7.5608,1.4392,15.991,2500,1433,1067,0,0.514,0.5732,1
0.5,tail_heavy,0.5,8,2.0,blind,0.5,1,2500,9.0,7.5248,1.4752,16.391,2500,1448,1052,0,0.5144,0.5792,1
0.5,tail_heavy,0.5,8,2.0,blind,0.5,2,2500,9.0,7.5296,1.4704,16.338,2500,1446,1054,0,0.512,0.5784,1
0.5,tail_heavy,0.5,8,2.0,blind,0.5,3,2500,9.0,7.6208,1.3792,15.324,2500,1408,1092,0,0.4832,0.5632,1
0.5,tail_heavy,0.5,8,2.0,blind,0.5,4,2500,9.0,7.6328,1.3672,15.191,2500,1403,1097,0,0.4852,0.5612,1
0.5,tail_heavy,0.5,8,2.0,blind,0.5,5,2500,9.0,7.5656,1.4344,15.938,2500,1431,1069,0,0.5036,0.5724,1
0.5,tail_heavy,0.5,8,2.0,blind,0.5,6,2500,9.0,7.6064,1.3936,15.484,2500,1414,1086,0,0.5028,0.5656,1
0.7,uniform_heavy,0.5,0.25,0.5,blind,0.2,0,2500,1.25,1.4322,-0.1822,-14.576,2500,1135,1365,0,0.6996,0.454,0
0.7,uniform_heavy,0.5,0.25,0.5,blind,0.2,1,2500,1.25,1.4336,-0.1836,-14.688,2500,1130,1370,0,0.71,0.452,0
0.7,uniform_heavy,0.5,0.25,0.5,blind,0.2,2,2500,1.25,1.4501,-0.2001,-16.01,2500,1071,1429,0,0.6892,0.4284,0
0.7,uniform_heavy,0.5,0.25,0.5,blind,0.2,3,2500,1.25,1.4445,-0.1945,-15.562,2500,1091,1409,0,0.6772,0.4364,0
0.7,uniform_heavy,0.5,0.25,0.5,blind,0.2,4,2500,1.25,1.4389,-0.1889,-15.114,2500,1111,1389,0,0.7016,0.4444,0
0.7,uniform_heavy,0.5,0.25,0.5,blind,0.2,5,2500,1.25,1.449,-0.199,-15.92,2500,1075,1425,0,0.7076,0.43,0
0.7,uniform_heavy,0.5,0.25,0.5,blind,0.2,6,2500,1.25,1.4372,-0.1872,-14.979,2500,1117,1383,0,0.6984,0.4468,0
0.7,uniform_heavy,0.5,0.25,0.5,blind,0.3,0,2500,1.25,1.3523,-0.1023,-8.183,2500,1473,1027,0,0.6964,0.5892,0
0.7,uniform_heavy,0.5,0.25,0.5,blind,0.3,1,2500,1.25,1.3469,-0.0969,-7.751,2500,1493,1007,0,0.6956,0.5972,0
0.7,uniform_heavy,0.5,0.25,0.5,blind,0.3,2,2500,1.25,1.3301,-0.0801,-6.412,2500,1555,945,0,0.72,0.622,0
0.7,uniform_heavy,0.5,0.25,0.5,blind,0.3,3,2500,1.25,1.3385,-0.0885,-7.082,2500,1524,976,0,0.6984,0.6096,0
0.7,uniform_heavy,0.5,0.25,0.5,blind,0.3,4,2500,1.25,1.3393,-0.0893,-7.146,2500,1521,979,0,0.6988,0.6084,0
0.7,uniform_heavy,0.5,0.25,0.5,blind,0.3,5,2500,1.25,1.331,-0.081,-6.477,2500,1552,948,0,0.7016,0.6208,0
0.7,uniform_heavy,0.5,0.25,0.5,blind,0.3,6,2500,1.25,1.3388,-0.0888,-7.103,2500,1523,977,0,0.6844,0.6092,0
0.7,uniform_heavy,0.5,0.25,0.5,blind,0.5,0,2500,1.25,1.2615,-0.0115,-0.92,2500,1954,546,0,0.696,0.7816,0
0.7,uniform_heavy,0.5,0.25,0.5,blind,0.5,1,2500,1.25,1.2592,-0.0092,-0.74,2500,1963,537,0,0.6972,0.7852,0
0.7,uniform_heavy,0.5,0.25,0.5,blind,0.5,2,2500,1.25,1.2483,0.0017,0.14,2500,2007,493,0,0.7268,0.8028,1
0.7,uniform_heavy,0.5,0.25,0.5,blind,0.5,3,2500,1.25,1.2555,-0.0055,-0.44,2500,1978,522,0,0.706,0.7912,0
0.7,uniform_heavy,0.5,0.25,0.5,blind,0.5,4,2500,1.25,1.2643,-0.0143,-1.14,2500,1943,557,0,0.7096,0.7772,0
0.7,uniform_heavy,0.5,0.25,0.5,blind,0.5,5,2500,1.25,1.2557,-0.0057,-0.46,2500,1977,523,0,0.71,0.7908,0
0.7,uniform_heavy,0.5,0.25,0.5,blind,0.5,6,2500,1.25,1.2665,-0.0165,-1.32,2500,1934,566,0,0.6868,0.7736,0
0.7,uniform_heavy,0.5,0.25,1.0,blind,0.2,0,2500,1.25,1.7388,-0.4888,-39.104,2500,1065,1435,0,0.6896,0.426,0
0.7,uniform_heavy,0.5,0.25,1.0,blind,0.2,1,2500,1.25,1.7148,-0.4648,-37.184,2500,1115,1385,0,0.694,0.446,0
0.7,uniform_heavy,0.5,0.25,1.0,blind,0.2,2,2500,1.25,1.7254,-0.4754,-38.029,2500,1093,1407,0,0.6996,0.4372,0
0.7,uniform_heavy,0.5,0.25,1.0,blind,0.2,3,2500,1.25,1.7297,-0.4797,-38.374,2500,1084,1416,0,0.7156,0.4336,0
0.7,uniform_heavy,0.5,0.25,1.0,blind,0.2,4,2500,1.25,1.7095,-0.4595,-36.762,2500,1126,1374,0,0.6968,0.4504,0
0.7,uniform_heavy,0.5,0.25,1.0,blind,0.2,5,2500,1.25,1.71,-0.46,-36.8,2500,1125,1375,0,0.6944,0.45,0
0.7,uniform_heavy,0.5,0.25,1.0,blind,0.2,6,2500,1.25,1.6918,-0.4418,-35.341,2500,1163,1337,0,0.7044,0.4652,0
0.7,uniform_heavy,0.5,0.25,1.0,blind,0.3,0,2500,1.25,1.5549,-0.3049,-24.39,2500,1479,1021,0,0.6804,0.5916,0
0.7,uniform_heavy,0.5,0.25,1.0,blind,0.3,1,2500,1.25,1.5243,-0.2743,-21.946,2500,1544,956,0,0.696,0.6176,0
0.7,uniform_heavy,0.5,0.25,1.0,blind,0.3,2,2500,1.25,1.5229,-0.2729,-21.833,2500,1547,953,0,0.7008,0.6188,0
0.7,uniform_heavy,0.5,0.25,1.0,blind,0.3,3,2500,1.25,1.5243,-0.2743,-21.946,2500,1544,956,0,0.6952,0.6176,0
0.7,uniform_heavy,0.5,0.25,1.0,blind,0.3,4,2500,1.25,1.5238,-0.2738,-21.908,2500,1545,955,0,0.6944,0.618,0
0.7,uniform_heavy,0.5,0.25,1.0,blind,0.3,5,2500,1.25,1.5196,-0.2696,-21.57,2500,1554,946,0,0.7016,0.6216,0
0.7,uniform_heavy,0.5,0.25,1.0,blind,0.3,6,2500,1.25,1.506,-0.256,-20.479,2500,1583,917,0,0.71,0.6332,0
0.7,uniform_heavy,0.5,0.25,1.0,blind,0.5,0,2500,1.25,1.3608,-0.1108,-8.864,2500,1976,524,0,0.7056,0.7904,0
0.7,uniform_heavy,0.5,0.25,1.0,blind,0.5,1,2500,1.25,1.382,-0.132,-10.556,2500,1929,571,0,0.6912,0.7716,0
0.7,uniform_heavy,0.5,0.25,1.0,blind,0.5,2,2500,1.25,1.3653,-0.1153,-9.224,2500,1966,534,0,0.7136,0.7864,0
0.7,uniform_heavy,0.5,0.25,1.0,blind,0.5,3,2500,1.25,1.3702,-0.1202,-9.62,2500,1955,545,0,0.7004,0.782,0
0.7,uniform_heavy,0.5,0.25,1.0,blind,0.5,4,2500,1.25,1.3662,-0.1162,-9.296,2500,1964,536,0,0.7072,0.7856,0
0.7,uniform_heavy,0.5,0.25,1.0,blind,0.5,5,2500,1.25,1.3752,-0.1252,-10.016,2500,1944,556,0,0.7096,0.7776,0
0.7,uniform_heavy,0.5,0.25,1.0,blind,0.5,6,2500,1.25,1.3608,-0.1108,-8.864,2500,1976,524,0,0.7104,0.7904,0
0.7,uniform_heavy,0.5,0.25,2.0,blind,0.2,0,2500,1.25,2.2741,-1.0241,-81.926,2500,1109,1391,0,0.6928,0.4436,0
0.7,uniform_heavy,0.5,0.25,2.0,blind,0.2,1,2500,1.25,2.3172,-1.0672,-85.376,2500,1060,1440,0,0.702,0.424,0
0.7,uniform_heavy,0.5,0.25,2.0,blind,0.2,2,2500,1.25,2.2873,-1.0373,-82.982,2500,1094,1406,0,0.694,0.4376,0
0.7,uniform_heavy,0.5,0.25,2.0,blind,0.2,3,2500,1.25,2.2582,-1.0082,-80.659,2500,1127,1373,0,0.712,0.4508,0
0.7,uniform_heavy,0.5,0.25,2.0,blind,0.2,4,2500,1.25,2.275,-1.025,-81.997,2500,1108,1392,0,0.7024,0.4432,0
0.7,uniform_heavy,0.5,0.25,2.0,blind,0.2,5,2500,1.25,2.2996,-1.0496,-83.968,2500,1080,1420,0,0.6952,0.432,0
0.7,uniform_heavy,0.5,0.25,2.0,blind,0.2,6,2500,1.25,2.2609,-1.0109,-80.87,2500,1124,1376,0,0.7004,0.4496,0
0.7,uniform_heavy,0.5,0.25,2.0,blind,0.3,0,2500,1.25,1.8684,-0.6184,-49.475,2500,1588,912,0,0.7144,0.6352,0
0.7,uniform_heavy,0.5,0.25,2.0,blind,0.3,1,2500,1.25,1.8963,-0.6463,-51.702,2500,1556,944,0,0.7148,0.6224,0
0.7,uniform_heavy,0.5,0.25,2.0,blind,0.3,2,2500,1.25,1.9041,-0.6541,-52.329,2500,1547,953,0,0.696,0.6188,0
0.7,uniform_heavy,0.5,0.25,2.0,blind,0.3,3,2500,1.25,1.925,-0.675,-53.999,2500,1523,977,0,0.6972,0.6092,0
0.7,uniform_heavy,0.5,0.25,2.0,blind,0.3,4,2500,1.25,1.8963,-0.6463,-51.702,2500,1556,944,0,0.7168,0.6224,0
0.7,uniform_heavy,0.5,0.25,2.0,blind,0.3,5,2500,1.25,1.9085,-0.6585,-52.677,2500,1542,958,0,0.708,0.6168,0
0.7,uniform_heavy,0.5,0.25,2.0,blind,0.3,6,2500,1.25,1.9346,-0.6846,-54.765,2500,1512,988,0,0.7016,0.6048,0
0.7,uniform_heavy,0.5,0.25,2.0,blind,0.5,0,2500,1.25,1.5959,-0.3459,-27.672,2500,1946,554,0,0.6984,0.7784,0
0.7,uniform_heavy,0.5,0.25,2.0,blind,0.5,1,2500,1.25,1.5755,-0.3255,-26.04,2500,1970,530,0,0.7036,0.788,0
0.7,uniform_heavy,0.5,0.25,2.0,blind,0.5,2,2500,1.25,1.5678,-0.3178,-25.428,2500,1979,521,0,0.708,0.7916,0
0.7,uniform_heavy,0.5,0.25,2.0,blind,0.5,3,2500,1.25,1.5899,-0.3399,-27.196,2500,1953,547,0,0.686,0.7812,0
0.7,uniform_heavy,0.5,0.25,2.0,blind,0.5,4,2500,1.25,1.5696,-0.3196,-25.564,2500,1977,523,0,0.6936,0.7908,0
0.7,uniform_heavy,0.5,0.25,2.0,blind,0.5,5,2500,1.25,1.5865,-0.3365,-26.924,2500,1957,543,0,0.7044,0.7828,0
0.7,uniform_heavy,0.5,0.25,2.0,blind,0.5,6,2500,1.25,1.5738,-0.3238,-25.904,2500,1972,528,0,0.7108,0.7888,0
0.7,uniform_heavy,0.5,0.5,0.5,blind,0.2,0,2500,1.5,1.6072,-0.1072,-7.149,2500,1091,1409,0,0.6976,0.4364,0
0.7,uniform_heavy,0.5,0.5,0.5,blind,0.2,1,2500,1.5,1.5867,-0.0867,-5.781,2500,1148,1352,0,0.714,0.4592,0
0.7,uniform_heavy,0.5,0.5,0.5,blind,0.2,2,2500,1.5,1.6026,-0.1026,-6.837,2500,1104,1396,0,0.7064,0.4416,0
0.7,uniform_heavy,0.5,0.5,0.5,blind,0.2,3,2500,1.5,1.6051,-0.1051,-7.005,2500,1097,1403,0,0.702,0.4388,0
0.7,uniform_heavy,0.5,0.5,0.5,blind,0.2,4,2500,1.5,1.6087,-0.1087,-7.245,2500,1087,1413,0,0.6992,0.4348,0
0.7,uniform_heavy,0.5,0.5,0.5,blind,0.2,5,2500,1.5,1.6094,-0.1094,-7.293,2500,1085,1415,0,0.7032,0.434,0
0.7,uniform_heavy,0.5,0.5,0.5,blind,0.2,6,2500,1.5,1.6105,-0.1105,-7.365,2500,1082,1418,0,0.6988,0.4328,0
0.7,uniform_heavy,0.5,0.5,0.5,blind,0.3,0,2500,1.5,1.4767,0.0233,1.551,2500,1539,961,0,0.6972,0.6156,1
0.7,uniform_heavy,0.5,0.5,0.5,blind,0.3,1,2500,1.5,1.4832,0.0168,1.12,2500,1520,980,0,0.7048,0.608,1
0.7,uniform_heavy,0.5,0.5,0.5,blind,0.3,2,2500,1.5,1.4706,0.0294,1.959,2500,1557,943,0,0.6908,0.6228,1
0.7,uniform_heavy,0.5,0.5,0.5,blind,0.3,3,2500,1.5,1.4798,0.0202,1.347,2500,1530,970,0,0.6912,0.612,1
0.7,uniform_heavy,0.5,0.5,0.5,blind,0.3,4,2500,1.5,1.4774,0.0226,1.505,2500,1537,963,0,0.7064,0.6148,1
0.7,uniform_heavy,0.5,0.5,0.5,blind,0.3,5,2500,1.5,1.4859,0.0141,0.939,2500,1512,988,0,0.714,0.6048,1
0.7,uniform_heavy,0.5,0.5,0.5,blind,0.3,6,2500,1.5,1.4764,0.0236,1.573,2500,1540,960,0,0.7052,0.616,1
0.7,uniform_heavy,0.5,0.5,0.5,blind,0.5,0,2500,1.5,1.4093,0.0907,6.047,2500,1969,531,0,0.7132,0.7876,1
0.7,uniform_heavy,0.5,0.5,0.5,blind,0.5,1,2500,1.5,1.406,0.094,6.267,2500,1980,520,0,0.7168,0.792,1
0.7,uniform_heavy,0.5,0.5,0.5,blind,0.5,2,2500,1.5,1.4162,0.0838,5.587,2500,1946,554,0,0.6976,0.7784,1
0.7,uniform_heavy,0.5,0.5,0.5,blind,0.5,3,2500,1.5,1.4033,0.0967,6.447,2500,1989,511,0,0.7036,0.7956,1
0.7,uniform_heavy,0.5,0.5,0.5,blind,0.5,4,2500,1.5,1.4063,0.0937,6.247,2500,1979,521,0,0.6916,0.7916,1
0.7,uniform_heavy,0.5,0.5,0.5,blind,0.5,5,2500,1.5,1.412,0.088,5.867,2500,1960,540,0,0.7008,0.784,1
0.7,uniform_heavy,0.5,0.5,0.5,blind,0.5,6,2500,1.5,1.406,0.094,6.267,2500,1980,520,0,0.6988,0.792,1
0.7,uniform_heavy,0.5,0.5,1.0,blind,0.2,0,2500,1.5,1.8902,-0.3902,-26.011,2500,1089,1411,0,0.6996,0.4356,0
0.7,uniform_heavy,0.5,0.5,1.0,blind,0.2,1,2500,1.5,1.8762,-0.3762,-25.077,2500,1114,1386,0,0.7148,0.4456,0
0.7,uniform_heavy,0.5,0.5,1.0,blind,0.2,2,2500,1.5,1.8554,-0.3554,-23.696,2500,1151,1349,0,0.7028,0.4604,0
0.7,uniform_heavy,0.5,0.5,1.0,blind,0.2,3,2500,1.5,1.8902,-0.3902,-26.011,2500,1089,1411,0,0.6976,0.4356,0
0.7,uniform_heavy,0.5,0.5,1.0,blind,0.2,4,2500,1.5,1.893,-0.393,-26.197,2500,1084,1416,0,0.7012,0.4336,0
0.7,uniform_heavy,0.5,0.5,1.0,blind,0.2,5,2500,1.5,1.893,-0.393,-26.197,2500,1084,1416,0,0.7056,0.4336,0
0.7,uniform_heavy,0.5,0.5,1.0,blind,0.2,6,2500,1.5,1.898,-0.398,-26.533,2500,1075,1425,0,0.7032,0.43,0
0.7,uniform_heavy,0.5,0.5,1.0,blind,0.3,0,2500,1.5,1.6749,-0.1749,-11.659,2500,1528,972,0,0.6996,0.6112,0
0.7,uniform_heavy,0.5,0.5,1.0,blind,0.3,1,2500,1.5,1.6333,-0.1333,-8.887,2500,1605,895,0,0.7176,0.642,0
0.7,uniform_heavy,0.5,0.5,1.0,blind,0.3,2,2500,1.5,1.6722,-0.1722,-11.479,2500,1533,967,0,0.6968,0.6132,0
0.7,uniform_heavy,0.5,0.5,1.0,blind,0.3,3,2500,1.5,1.683,-0.183,-12.199,2500,1513,987,0,0.6892,0.6052,0
0.7,uniform_heavy,0.5,0.5,1.0,blind,0.3,4,2500,1.5,1.6706,-0.1706,-11.371,2500,1536,964,0,0.7012,0.6144,0
0.7,uniform_heavy,0.5,0.5,1.0,blind,0.3,5,2500,1.5,1.6835,-0.1835,-12.235,2500,1512,988,0,0.694,0.6048,0
0.7,uniform_heavy,0.5,0.5,1.0,blind,0.3,6,2500,1.5,1.6814,-0.1814,-12.091,2500,1516,984,0,0.6952,0.6064,0
0.7,uniform_heavy,0.5,0.5,1.0,blind,0.5,0,2500,1.5,1.5245,-0.0245,-1.633,2500,1951,549,0,0.6936,0.7804,0
0.7,uniform_heavy,0.5,0.5,1.0,blind,0.5,1,2500,1.5,1.51,-0.01,-0.667,2500,1980,520,0,0.7112,0.792,0
0.7,uniform_heavy,0.5,0.5,1.0,blind,0.5,2,2500,1.5,1.499,0.001,0.067,2500,2002,498,0,0.7192,0.8008,1
0.7,uniform_heavy,0.5,0.5,1.0,blind,0.5,3,2500,1.5,1.5095,-0.0095,-0.633,2500,1981,519,0,0.7204,0.7924,0
0.7,uniform_heavy,0.5,0.5,1.0,blind,0.5,4,2500,1.5,1.524,-0.024,-1.6,2500,1952,548,0,0.7004,0.7808,0
0.7,uniform_heavy,0.5,0.5,1.0,blind,0.5,5,2500,1.5,1.5155,-0.0155,-1.033,2500,1969,531,0,0.6868,0.7876,0
0.7,uniform_heavy,0.5,0.5,1.0,blind,0.5,6,2500,1.5,1.522,-0.022,-1.467,2500,1956,544,0,0.696,0.7824,0
0.7,uniform_heavy,0.5,0.5,2.0,blind,0.2,0,2500,1.5,2.4181,-0.9181,-61.205,2500,1127,1373,0,0.7096,0.4508,0
0.7,uniform_heavy,0.5,0.5,2.0,blind,0.2,1,2500,1.5,2.4469,-0.9469,-63.125,2500,1097,1403,0,0.692,0.4388,0
0.7,uniform_heavy,0.5,0.5,2.0,blind,0.2,2,2500,1.5,2.4123,-0.9123,-60.821,2500,1133,1367,0,0.718,0.4532,0
0.7,uniform_heavy,0.5,0.5,2.0,blind,0.2,3,2500,1.5,2.421,-0.921,-61.397,2500,1124,1376,0,0.7072,0.4496,0
0.7,uniform_heavy,0.5,0.5,2.0,blind,0.2,4,2500,1.5,2.4142,-0.9142,-60.949,2500,1131,1369,0,0.6988,0.4524,0
0.7,uniform_heavy,0.5,0.5,2.0,blind,0.2,5,2500,1.5,2.4046,-0.9046,-60.309,2500,1141,1359,0,0.704,0.4564,0
0.7,uniform_heavy,0.5,0.5,2.0,blind,0.2,6,2500,1.5,2.4574,-0.9574,-63.829,2500,1086,1414,0,0.702,0.4344,0
0.7,uniform_heavy,0.5,0.5,2.0,blind,0.3,0,2500,1.5,2.0797,-0.5797,-38.644,2500,1511,989,0,0.6932,0.6044,0
0.7,uniform_heavy,0.5,0.5,2.0,blind,0.3,1,2500,1.5,2.0458,-0.5458,-36.388,2500,1547,953,0,0.704,0.6188,0
0.7,uniform_heavy,0.5,0.5,2.0,blind,0.3,2,2500,1.5,2.0364,-0.5364,-35.761,2500,1557,943,0,0.6908,0.6228,0
0.7,uniform_heavy,0.5,0.5,2.0,blind,0.3,3,2500,1.5,2.075,-0.575,-38.331,2500,1516,984,0,0.6976,0.6064,0
0.7,uniform_heavy,0.5,0.5,2.0,blind,0.3,4,2500,1.5,2.0355,-0.5355,-35.699,2500,1558,942,0,0.6992,0.6232,0
0.7,uniform_heavy,0.5,0.5,2.0,blind,0.3,5,2500,1.5,2.0891,-0.5891,-39.271,2500,1501,999,0,0.7036,0.6004,0
0.7,uniform_heavy,0.5,0.5,2.0,blind,0.3,6,2500,1.5,2.0477,-0.5477,-36.513,2500,1545,955,0,0.7052,0.618,0
0.7,uniform_heavy,0.5,0.5,2.0,blind,0.5,0,2500,1.5,1.7441,-0.2441,-16.273,2500,1951,549,0,0.7076,0.7804,0
0.7,uniform_heavy,0.5,0.5,2.0,blind,0.5,1,2500,1.5,1.7378,-0.2378,-15.853,2500,1958,542,0,0.698,0.7832,0
0.7,uniform_heavy,0.5,0.5,2.0,blind,0.5,2,2500,1.5,1.7648,-0.2648,-17.653,2500,1928,572,0,0.6812,0.7712,0
0.7,uniform_heavy,0.5,0.5,2.0,blind,0.5,3,2500,1.5,1.7288,-0.2288,-15.253,2500,1968,532,0,0.6956,0.7872,0
0.7,uniform_heavy,0.5,0.5,2.0,blind,0.5,4,2500,1.5,1.7756,-0.2756,-18.373,2500,1916,584,0,0.6796,0.7664,0
0.7,uniform_heavy,0.5,0.5,2.0,blind,0.5,5,2500,1.5,1.7378,-0.2378,-15.853,2500,1958,542,0,0.6904,0.7832,0
0.7,uniform_heavy,0.5,0.5,2.0,blind,0.5,6,2500,1.5,1.7522,-0.2522,-16.813,2500,1942,558,0,0.698,0.7768,0
0.7,uniform_heavy,0.5,1,0.5,blind,0.2,0,2500,2.0,1.9119,0.0881,4.406,2500,1131,1369,0,0.6896,0.4524,1
0.7,uniform_heavy,0.5,1,0.5,blind,0.2,1,2500,2.0,1.9275,0.0725,3.626,2500,1101,1399,0,0.7104,0.4404,1
0.7,uniform_heavy,0.5,1,0.5,blind,0.2,2,2500,2.0,1.9389,0.0611,3.054,2500,1079,1421,0,0.6972,0.4316,1
0.7,uniform_heavy,0.5,1,0.5,blind,0.2,3,2500,2.0,1.9072,0.0928,4.64,2500,1140,1360,0,0.7028,0.456,1
0.7,uniform_heavy,0.5,1,0.5,blind,0.2,4,2500,2.0,1.9181,0.0819,4.094,2500,1119,1381,0,0.702,0.4476,1
0.7,uniform_heavy,0.5,1,0.5,blind,0.2,5,2500,2.0,1.9431,0.0569,2.846,2500,1071,1429,0,0.694,0.4284,1
0.7,uniform_heavy,0.5,1,0.5,blind,0.2,6,2500,2.0,1.9004,0.0996,4.978,2500,1153,1347,0,0.698,0.4612,1
0.7,uniform_heavy,0.5,1,0.5,blind,0.3,0,2500,2.0,1.7642,0.2358,11.792,2500,1533,967,0,0.7032,0.6132,1
0.7,uniform_heavy,0.5,1,0.5,blind,0.3,1,2500,2.0,1.7435,0.2565,12.824,2500,1576,924,0,0.724,0.6304,1
0.7,uniform_heavy,0.5,1,0.5,blind,0.3,2,2500,2.0,1.7546,0.2454,12.272,2500,1553,947,0,0.7212,0.6212,1
0.7,uniform_heavy,0.5,1,0.5,blind,0.3,3,2500,2.0,1.768,0.232,11.6,2500,1525,975,0,0.7024,0.61,1
0.7,uniform_heavy,0.5,1,0.5,blind,0.3,4,2500,2.0,1.7848,0.2152,10.76,2500,1490,1010,0,0.6916,0.596,1
0.7,uniform_heavy,0.5,1,0.5,blind,0.3,5,2500,2.0,1.7536,0.2464,12.32,2500,1555,945,0,0.7168,0.622,1
0.7,uniform_heavy,0.5,1,0.5,blind,0.3,6,2500,2.0,1.779,0.221,11.048,2500,1502,998,0,0.6912,0.6008,1
0.7,uniform_heavy,0.5,1,0.5,blind,0.5,0,2500,2.0,1.7112,0.2888,14.44,2500,1972,528,0,0.7,0.7888,1
0.7,uniform_heavy,0.5,1,0.5,blind,0.5,1,2500,2.0,1.7148,0.2852,14.26,2500,1963,537,0,0.7024,0.7852,1
0.7,uniform_heavy,0.5,1,0.5,blind,0.5,2,2500,2.0,1.7292,0.2708,13.54,2500,1927,573,0,0.6892,0.7708,1
0.7,uniform_heavy,0.5,1,0.5,blind,0.5,3,2500,2.0,1.7088,0.2912,14.56,2500,1978,522,0,0.7156,0.7912,1
0.7,uniform_heavy,0.5,1,0.5,blind,0.5,4,2500,2.0,1.7148,0.2852,14.26,2500,1963,537,0,0.6948,0.7852,1
0.7,uniform_heavy,0.5,1,0.5,blind,0.5,5,2500,2.0,1.7268,0.2732,13.66,2500,1933,567,0,0.686,0.7732,1
0.7,uniform_heavy,0.5,1,0.5,blind,0.5,6,2500,2.0,1.702,0.298,14.9,2500,1995,505,0,0.71,0.798,1
0.7,uniform_heavy,0.5,1,1.0,blind,0.2,0,2500,2.0,2.1691,-0.1691,-8.456,2500,1154,1346,0,0.7028,0.4616,0
0.7,uniform_heavy,0.5,1,1.0,blind,0.2,1,2500,2.0,2.1972,-0.1972,-9.86,2500,1115,1385,0,0.6892,0.446,0
0.7,uniform_heavy,0.5,1,1.0,blind,0.2,2,2500,2.0,2.2015,-0.2015,-10.076,2500,1109,1391,0,0.7024,0.4436,0
0.7,uniform_heavy,0.5,1,1.0,blind,0.2,3,2500,2.0,2.203,-0.203,-10.148,2500,1107,1393,0,0.6936,0.4428,0
0.7,uniform_heavy,0.5,1,1.0,blind,0.2,4,2500,2.0,2.2361,-0.2361,-11.804,2500,1061,1439,0,0.702,0.4244,0
0.7,uniform_heavy,0.5,1,1.0,blind,0.2,5,2500,2.0,2.1821,-0.1821,-9.104,2500,1136,1364,0,0.7048,0.4544,0
0.7,uniform_heavy,0.5,1,1.0,blind,0.2,6,2500,2.0,2.1763,-0.1763,-8.816,2500,1144,1356,0,0.7056,0.4576,0
0.7,uniform_heavy,0.5,1,1.0,blind,0.3,0,2500,2.0,1.9814,0.0186,0.932,2500,1498,1002,0,0.6844,0.5992,1
0.7,uniform_heavy,0.5,1,1.0,blind,0.3,1,2500,2.0,1.9548,0.0452,2.258,2500,1537,963,0,0.698,0.6148,1
0.7,uniform_heavy,0.5,1,1.0,blind,0.3,2,2500,2.0,1.9746,0.0254,1.272,2500,1508,992,0,0.6988,0.6032,1
0.7,uniform_heavy,0.5,1,1.0,blind,0.3,3,2500,2.0,1.9841,0.0159,0.796,2500,1494,1006,0,0.6928,0.5976,1
0.7,uniform_heavy,0.5,1,1.0,blind,0.3,4,2500,2.0,1.9684,0.0316,1.578,2500,1517,983,0,0.6844,0.6068,1
0.7,uniform_heavy,0.5,1,1.0,blind,0.3,5,2500,2.0,1.9827,0.0173,0.864,2500,1496,1004,0,0.684,0.5984,1
0.7,uniform_heavy,0.5,1,1.0,blind,0.3,6,2500,2.0,1.9596,0.0404,2.02,2500,1530,970,0,0.7032,0.612,1
0.7,uniform_heavy,0.5,1,1.0,blind,0.5,0,2500,2.0,1.8006,0.1994,9.97,2500,1999,501,0,0.7188,0.7996,1
0.7,uniform_heavy,0.5,1,1.0,blind,0.5,1,2500,2.0,1.7994,0.2006,10.03,2500,2001,499,0,0.7204,0.8004,1
0.7,uniform_heavy,0.5,1,1.0,blind,0.5,2,2500,2.0,1.8354,0.1646,8.23,2500,1941,559,0,0.688,0.7764,1
0.7,uniform_heavy,0.5,1,1.0,blind,0.5,3,2500,2.0,1.8264,0.1736,8.68,2500,1956,544,0,0.708,0.7824,1
0.7,uniform_heavy,0.5,1,1.0,blind,0.5,4,2500,2.0,1.8156,0.1844,9.22,2500,1974,526,0,0.6988,0.7896,1
0.7,uniform_heavy,0.5,1,1.0,blind,0.5,5,2500,2.0,1.8228,0.1772,8.86,2500,1962,538,0,0.6984,0.7848,1
0.7,uniform_heavy,0.5,1,1.0,blind,0.5,6,2500,2.0,1.8192,0.1808,9.04,2500,1968,532,0,0.7076,0.7872,1
0.7,uniform_heavy,0.5,1,2.0,blind,0.2,0,2500,2.0,2.8016,-0.8016,-40.08,2500,1070,1430,0,0.6968,0.428,0
0.7,uniform_heavy,0.5,1,2.0,blind,0.2,1,2500,2.0,2.7814,-0.7814,-39.072,2500,1088,1412,0,0.7048,0.4352,0
0.7,uniform_heavy,0.5,1,2.0,blind,0.2,2,2500,2.0,2.6963,-0.6963,-34.816,2500,1164,1336,0,0.7104,0.4656,0
0.7,uniform_heavy,0.5,1,2.0,blind,0.2,3,2500,2.0,2.7938,-0.7938,-39.688,2500,1077,1423,0,0.7064,0.4308,0
0.7,uniform_heavy,0.5,1,2.0,blind,0.2,4,2500,2.0,2.7725,-0.7725,-38.624,2500,1096,1404,0,0.7076,0.4384,0
0.7,uniform_heavy,0.5,1,2.0,blind,0.2,5,2500,2.0,2.8038,-0.8038,-40.192,2500,1068,1432,0,0.6948,0.4272,0
0.7,uniform_heavy,0.5,1,2.0,blind,0.2,6,2500,2.0,2.7221,-0.7221,-36.104,2500,1141,1359,0,0.716,0.4564,0
0.7,uniform_heavy,0.5,1,2.0,blind,0.3,0,2500,2.0,2.3714,-0.3714,-18.568,2500,1508,992,0,0.6952,0.6032,0
0.7,uniform_heavy,0.5,1,2.0,blind,0.3,1,2500,2.0,2.3087,-0.3087,-15.436,2500,1566,934,0,0.7176,0.6264,0
0.7,uniform_heavy,0.5,1,2.0,blind,0.3,2,2500,2.0,2.3638,-0.3638,-18.19,2500,1515,985,0,0.7092,0.606,0
0.7,uniform_heavy,0.5,1,2.0,blind,0.3,3,2500,2.0,2.3238,-0.3238,-16.192,2500,1552,948,0,0.6972,0.6208,0
0.7,uniform_heavy,0.5,1,2.0,blind,0.3,4,2500,2.0,2.3368,-0.3368,-16.84,2500,1540,960,0,0.7044,0.616,0
0.7,uniform_heavy,0.5,1,2.0,blind,0.3,5,2500,2.0,2.3303,-0.3303,-16.516,2500,1546,954,0,0.7004,0.6184,0
0.7,uniform_heavy,0.5,1,2.0,blind,0.3,6,2500,2.0,2.3433,-0.3433,-17.164,2500,1534,966,0,0.7004,0.6136,0
0.7,uniform_heavy,0.5,1,2.0,blind,0.5,0,2500,2.0,2.043,-0.043,-2.15,2500,1957,543,0,0.7044,0.7828,0
0.7,uniform_heavy,0.5,1,2.0,blind,0.5,1,2500,2.0,2.064,-0.064,-3.2,2500,1936,564,0,0.7004,0.7744,0
0.7,uniform_heavy,0.5,1,2.0,blind,0.5,2,2500,2.0,2.058,-0.058,-2.9,2500,1942,558,0,0.69,0.7768,0
0.7,uniform_heavy,0.5,1,2.0,blind,0.5,3,2500,2.0,2.014,-0.014,-0.7,2500,1986,514,0,0.7068,0.7944,0
0.7,uniform_heavy,0.5,1,2.0,blind,0.5,4,2500,2.0,2.024,-0.024,-1.2,2500,1976,524,0,0.706,0.7904,0
0.7,uniform_heavy,0.5,1,2.0,blind,0.5,5,2500,2.0,2.055,-0.055,-2.75,2500,1945,555,0,0.7056,0.778,0
0.7,uniform_heavy,0.5,1,2.0,blind,0.5,6,2500,2.0,2.015,-0.015,-0.75,2500,1985,515,0,0.6996,0.794,0
0.7,uniform_heavy,0.5,2,0.5,blind,0.2,0,2500,3.0,2.5701,0.4299,14.329,2500,1107,1393,0,0.704,0.4428,1
0.7,uniform_heavy,0.5,2,0.5,blind,0.2,1,2500,3.0,2.5987,0.4013,13.377,2500,1073,1427,0,0.7164,0.4292,1
0.7,uniform_heavy,0.5,2,0.5,blind,0.2,2,2500,3.0,2.5852,0.4148,13.825,2500,1089,1411,0,0.7072,0.4356,1
0.7,uniform_heavy,0.5,2,0.5,blind,0.2,3,2500,3.0,2.5676,0.4324,14.413,2500,1110,1390,0,0.7036,0.444,1
0.7,uniform_heavy,0.5,2,0.5,blind,0.2,4,2500,3.0,2.5886,0.4114,13.713,2500,1085,1415,0,0.686,0.434,1
0.7,uniform_heavy,0.5,2,0.5,blind,0.2,5,2500,3.0,2.5726,0.4274,14.245,2500,1104,1396,0,0.6928,0.4416,1
0.7,uniform_heavy,0.5,2,0.5,blind,0.2,6,2500,3.0,2.6298,0.3702,12.341,2500,1036,1464,0,0.6912,0.4144,1
0.7,uniform_heavy,0.5,2,0.5,blind,0.3,0,2500,3.0,2.3372,0.6628,22.093,2500,1530,970,0,0.7024,0.612,1
0.7,uniform_heavy,0.5,2,0.5,blind,0.3,1,2500,3.0,2.3304,0.6696,22.321,2500,1539,961,0,0.6996,0.6156,1
0.7,uniform_heavy,0.5,2,0.5,blind,0.3,2,2500,3.0,2.3577,0.6423,21.409,2500,1503,997,0,0.6848,0.6012,1
0.7,uniform_heavy,0.5,2,0.5,blind,0.3,3,2500,3.0,2.3463,0.6537,21.789,2500,1518,982,0,0.6844,0.6072,1
0.7,uniform_heavy,0.5,2,0.5,blind,0.3,4,2500,3.0,2.3372,0.6628,22.093,2500,1530,970,0,0.694,0.612,1
0.7,uniform_heavy,0.5,2,0.5,blind,0.3,5,2500,3.0,2.3091,0.6909,23.031,2500,1567,933,0,0.7076,0.6268,1
0.7,uniform_heavy,0.5,2,0.5,blind,0.3,6,2500,3.0,2.3387,0.6613,22.043,2500,1528,972,0,0.71,0.6112,1
0.7,uniform_heavy,0.5,2,0.5,blind,0.5,0,2500,3.0,2.3282,0.6718,22.393,2500,1953,547,0,0.706,0.7812,1
0.7,uniform_heavy,0.5,2,0.5,blind,0.5,1,2500,3.0,2.3288,0.6712,22.373,2500,1952,548,0,0.7104,0.7808,1
0.7,uniform_heavy,0.5,2,0.5,blind,0.5,2,2500,3.0,2.3312,0.6688,22.293,2500,1948,552,0,0.6908,0.7792,1
0.7,uniform_heavy,0.5,2,0.5,blind,0.5,3,2500,3.0,2.327,0.673,22.433,2500,1955,545,0,0.6948,0.782,1
0.7,uniform_heavy,0.5,2,0.5,blind,0.5,4,2500,3.0,2.3246,0.6754,22.513,2500,1959,541,0,0.7,0.7836,1
0.7,uniform_heavy,0.5,2,0.5,blind,0.5,5,2500,3.0,2.3312,0.6688,22.293,2500,1948,552,0,0.7004,0.7792,1
0.7,uniform_heavy,0.5,2,0.5,blind,0.5,6,2500,3.0,2.3324,0.6676,22.253,2500,1946,554,0,0.692,0.7784,1
0.7,uniform_heavy,0.5,2,1.0,blind,0.2,0,2500,3.0,2.8404,0.1596,5.32,2500,1115,1385,0,0.7068,0.446,1
0.7,uniform_heavy,0.5,2,1.0,blind,0.2,1,2500,3.0,2.8602,0.1398,4.661,2500,1096,1404,0,0.6884,0.4384,1
0.7,uniform_heavy,0.5,2,1.0,blind,0.2,2,2500,3.0,2.8581,0.1419,4.731,2500,1098,1402,0,0.6992,0.4392,1
0.7,uniform_heavy,0.5,2,1.0,blind,0.2,3,2500,3.0,2.8529,0.1471,4.904,2500,1103,1397,0,0.7028,0.4412,1
0.7,uniform_heavy,0.5,2,1.0,blind,0.2,4,2500,3.0,2.8446,0.1554,5.181,2500,1111,1389,0,0.6968,0.4444,1
0.7,uniform_heavy,0.5,2,1.0,blind,0.2,5,2500,3.0,2.8602,0.1398,4.661,2500,1096,1404,0,0.708,0.4384,1
0.7,uniform_heavy,0.5,2,1.0,blind,0.2,6,2500,3.0,2.8269,0.1731,5.771,2500,1128,1372,0,0.6984,0.4512,1
0.7,uniform_heavy,0.5,2,1.0,blind,0.3,0,2500,3.0,2.536,0.464,15.467,2500,1525,975,0,0.6876,0.61,1
0.7,uniform_heavy,0.5,2,1.0,blind,0.3,1,2500,3.0,2.5226,0.4774,15.915,2500,1539,961,0,0.72,0.6156,1
0.7,uniform_heavy,0.5,2,1.0,blind,0.3,2,2500,3.0,2.5283,0.4717,15.723,2500,1533,967,0,0.7076,0.6132,1
0.7,uniform_heavy,0.5,2,1.0,blind,0.3,3,2500,3.0,2.5283,0.4717,15.723,2500,1533,967,0,0.6952,0.6132,1
0.7,uniform_heavy,0.5,2,1.0,blind,0.3,4,2500,3.0,2.4966,0.5034,16.779,2500,1566,934,0,0.706,0.6264,1
0.7,uniform_heavy,0.5,2,1.0,blind,0.3,5,2500,3.0,2.511,0.489,16.299,2500,1551,949,0,0.6992,0.6204,1
0.7,uniform_heavy,0.5,2,1.0,blind,0.3,6,2500,3.0,2.5197,0.4803,16.011,2500,1542,958,0,0.708,0.6168,1
0.7,uniform_heavy,0.5,2,1.0,blind,0.5,0,2500,3.0,2.4224,0.5776,19.253,2500,1972,528,0,0.7012,0.7888,1
0.7,uniform_heavy,0.5,2,1.0,blind,0.5,1,2500,3.0,2.4272,0.5728,19.093,2500,1966,534,0,0.708,0.7864,1
0.7,uniform_heavy,0.5,2,1.0,blind,0.5,2,2500,3.0,2.4416,0.5584,18.613,2500,1948,552,0,0.69,0.7792,1
0.7,uniform_heavy,0.5,2,1.0,blind,0.5,3,2500,3.0,2.4264,0.5736,19.12,2500,1967,533,0,0.704,0.7868,1
0.7,uniform_heavy,0.5,2,1.0,blind,0.5,4,2500,3.0,2.4424,0.5576,18.587,2500,1947,553,0,0.704,0.7788,1
0.7,uniform_heavy,0.5,2,1.0,blind,0.5,5,2500,3.0,2.4272,0.5728,19.093,2500,1966,534,0,0.698,0.7864,1
0.7,uniform_heavy,0.5,2,1.0,blind,0.5,6,2500,3.0,2.4408,0.5592,18.64,2500,1949,551,0,0.6848,0.7796,1
0.7,uniform_heavy,0.5,2,2.0,blind,0.2,0,2500,3.0,3.4203,-0.4203,-14.011,2500,1097,1403,0,0.6844,0.4388,0
0.7,uniform_heavy,0.5,2,2.0,blind,0.2,1,2500,3.0,3.3973,-0.3973,-13.243,2500,1113,1387,0,0.6904,0.4452,0
0.7,uniform_heavy,0.5,2,2.0,blind,0.2,2,2500,3.0,3.3742,-0.3742,-12.475,2500,1129,1371,0,0.712,0.4516,0
0.7,uniform_heavy,0.5,2,2.0,blind,0.2,3,2500,3.0,3.3325,-0.3325,-11.083,2500,1158,1342,0,0.7164,0.4632,0
0.7,uniform_heavy,0.5,2,2.0,blind,0.2,4,2500,3.0,3.4074,-0.4074,-13.579,2500,1106,1394,0,0.7108,0.4424,0
0.7,uniform_heavy,0.5,2,2.0,blind,0.2,5,2500,3.0,3.367,-0.367,-12.235,2500,1134,1366,0,0.7,0.4536,0
0.7,uniform_heavy,0.5,2,2.0,blind,0.2,6,2500,3.0,3.4722,-0.4722,-15.739,2500,1061,1439,0,0.692,0.4244,0
0.7,uniform_heavy,0.5,2,2.0,blind,0.3,0,2500,3.0,2.9722,0.0278,0.925,2500,1491,1009,0,0.694,0.5964,1
0.7,uniform_heavy,0.5,2,2.0,blind,0.3,1,2500,3.0,2.9654,0.0346,1.152,2500,1496,1004,0,0.6876,0.5984,1
0.7,uniform_heavy,0.5,2,2.0,blind,0.3,2,2500,3.0,2.9491,0.0509,1.696,2500,1508,992,0,0.6892,0.6032,1
0.7,uniform_heavy,0.5,2,2.0,blind,0.3,3,2500,3.0,2.8798,0.1202,4.008,2500,1559,941,0,0.7028,0.6236,1
0.7,uniform_heavy,0.5,2,2.0,blind,0.3,4,2500,3.0,2.8825,0.1175,3.917,2500,1557,943,0,0.7032,0.6228,1
0.7,uniform_heavy,0.5,2,2.0,blind,0.3,5,2500,3.0,2.9233,0.0767,2.557,2500,1527,973,0,0.6844,0.6108,1
0.7,uniform_heavy,0.5,2,2.0,blind,0.3,6,2500,3.0,2.911,0.089,2.965,2500,1536,964,0,0.6924,0.6144,1
0.7,uniform_heavy,0.5,2,2.0,blind,0.5,0,2500,3.0,2.666,0.334,11.133,2500,1945,555,0,0.7016,0.778,1
0.7,uniform_heavy,0.5,2,2.0,blind,0.5,1,2500,3.0,2.6504,0.3496,11.653,2500,1958,542,0,0.7088,0.7832,1
0.7,uniform_heavy,0.5,2,2.0,blind,0.5,2,2500,3.0,2.6648,0.3352,11.173,2500,1946,554,0,0.6952,0.7784,1
0.7,uniform_heavy,0.5,2,2.0,blind,0.5,3,2500,3.0,2.6348,0.3652,12.173,2500,1971,529,0,0.7112,0.7884,1
0.7,uniform_heavy,0.5,2,2.0,blind,0.5,4,2500,3.0,2.6588,0.3412,11.373,2500,1951,549,0,0.6972,0.7804,1
0.7,uniform_heavy,0.5,2,2.0,blind,0.5,5,2500,3.0,2.7128,0.2872,9.573,2500,1906,594,0,0.6856,0.7624,1
0.7,uniform_heavy,0.5,2,2.0,blind,0.5,6,2500,3.0,2.6252,0.3748,12.493,2500,1979,521,0,0.716,0.7916,1
0.7,uniform_heavy,0.5,4,0.5,blind,0.2,0,2500,5.0,3.8616,1.1384,22.767,2500,1107,1393,0,0.702,0.4428,1
0.7,uniform_heavy,0.5,4,0.5,blind,0.2,1,2500,5.0,3.8439,1.1561,23.122,2500,1119,1381,0,0.7116,0.4476,1
0.7,uniform_heavy,0.5,4,0.5,blind,0.2,2,2500,5.0,3.8483,1.1517,23.034,2500,1116,1384,0,0.7032,0.4464,1
0.7,uniform_heavy,0.5,4,0.5,blind,0.2,3,2500,5.0,3.8513,1.1487,22.974,2500,1114,1386,0,0.71,0.4456,1
0.7,uniform_heavy,0.5,4,0.5,blind,0.2,4,2500,5.0,3.8616,1.1384,22.767,2500,1107,1393,0,0.7076,0.4428,1
0.7,uniform_heavy,0.5,4,0.5,blind,0.2,5,2500,5.0,3.8764,1.1236,22.471,2500,1097,1403,0,0.6896,0.4388,1
0.7,uniform_heavy,0.5,4,0.5,blind,0.2,6,2500,5.0,3.8927,1.1073,22.146,2500,1086,1414,0,0.6996,0.4344,1
0.7,uniform_heavy,0.5,4,0.5,blind,0.3,0,2500,5.0,3.45,1.55,30.999,2500,1553,947,0,0.7052,0.6212,1
0.7,uniform_heavy,0.5,4,0.5,blind,0.3,1,2500,5.0,3.4448,1.5552,31.105,2500,1557,943,0,0.7108,0.6228,1
0.7,uniform_heavy,0.5,4,0.5,blind,0.3,2,2500,5.0,3.3959,1.6041,32.082,2500,1594,906,0,0.7056,0.6376,1
0.7,uniform_heavy,0.5,4,0.5,blind,0.3,3,2500,5.0,3.4712,1.5288,30.577,2500,1537,963,0,0.7032,0.6148,1
0.7,uniform_heavy,0.5,4,0.5,blind,0.3,4,2500,5.0,3.4844,1.5156,30.313,2500,1527,973,0,0.6964,0.6108,1
0.7,uniform_heavy,0.5,4,0.5,blind,0.3,5,2500,5.0,3.4751,1.5249,30.498,2500,1534,966,0,0.706,0.6136,1
0.7,uniform_heavy,0.5,4,0.5,blind,0.3,6,2500,5.0,3.4685,1.5315,30.63,2500,1539,961,0,0.7068,0.6156,1
0.7,uniform_heavy,0.5,4,0.5,blind,0.5,0,2500,5.0,3.545,1.455,29.1,2500,1955,545,0,0.6984,0.782,1
0.7,uniform_heavy,0.5,4,0.5,blind,0.5,1,2500,5.0,3.522,1.478,29.56,2500,1978,522,0,0.7076,0.7912,1
0.7,uniform_heavy,0.5,4,0.5,blind,0.5,2,2500,5.0,3.563,1.437,28.74,2500,1937,563,0,0.692,0.7748,1
0.7,uniform_heavy,0.5,4,0.5,blind,0.5,3,2500,5.0,3.528,1.472,29.44,2500,1972,528,0,0.7,0.7888,1
0.7,uniform_heavy,0.5,4,0.5,blind,0.5,4,2500,5.0,3.537,1.463,29.26,2500,1963,537,0,0.7048,0.7852,1
0.7,uniform_heavy,0.5,4,0.5,blind,0.5,5,2500,5.0,3.545,1.455,29.1,2500,1955,545,0,0.7028,0.782,1
0.7,uniform_heavy,0.5,4,0.5,blind,0.5,6,2500,5.0,3.555,1.445,28.9,2500,1945,555,0,0.6968,0.778,1
0.7,uniform_heavy,0.5,4,1.0,blind,0.2,0,2500,5.0,4.1738,0.8262,16.523,2500,1087,1413,0,0.684,0.4348,1
0.7,uniform_heavy,0.5,4,1.0,blind,0.2,1,2500,5.0,4.1772,0.8228,16.456,2500,1085,1415,0,0.6872,0.434,1
0.7,uniform_heavy,0.5,4,1.0,blind,0.2,2,2500,5.0,4.1453,0.8547,17.094,2500,1104,1396,0,0.6848,0.4416,1
0.7,uniform_heavy,0.5,4,1.0,blind,0.2,3,2500,5.0,4.2494,0.7506,15.011,2500,1042,1458,0,0.682,0.4168,1
0.7,uniform_heavy,0.5,4,1.0,blind,0.2,4,2500,5.0,4.0562,0.9438,18.875,2500,1157,1343,0,0.7084,0.4628,1
0.7,uniform_heavy,0.5,4,1.0,blind,0.2,5,2500,5.0,4.0932,0.9068,18.136,2500,1135,1365,0,0.694,0.454,1
0.7,uniform_heavy,0.5,4,1.0,blind,0.2,6,2500,5.0,4.105,0.895,17.901,2500,1128,1372,0,0.7068,0.4512,1
0.7,uniform_heavy,0.5,4,1.0,blind,0.3,0,2500,5.0,3.755,1.245,24.901,2500,1477,1023,0,0.684,0.5908,1
0.7,uniform_heavy,0.5,4,1.0,blind,0.3,1,2500,5.0,3.6957,1.3043,26.086,2500,1516,984,0,0.7096,0.6064,1
0.7,uniform_heavy,0.5,4,1.0,blind,0.3,2,2500,5.0,3.7154,1.2846,25.691,2500,1503,997,0,0.6944,0.6012,1
0.7,uniform_heavy,0.5,4,1.0,blind,0.3,3,2500,5.0,3.6562,1.3438,26.877,2500,1542,958,0,0.706,0.6168,1
0.7,uniform_heavy,0.5,4,1.0,blind,0.3,4,2500,5.0,3.7458,1.2542,25.083,2500,1483,1017,0,0.6748,0.5932,1
0.7,uniform_heavy,0.5,4,1.0,blind,0.3,5,2500,5.0,3.7367,1.2633,25.266,2500,1489,1011,0,0.6896,0.5956,1
0.7,uniform_heavy,0.5,4,1.0,blind,0.3,6,2500,5.0,3.6166,1.3834,27.667,2500,1568,932,0,0.7044,0.6272,1
0.7,uniform_heavy,0.5,4,1.0,blind,0.5,0,2500,5.0,3.6384,1.3616,27.232,2500,1968,532,0,0.6976,0.7872,1
0.7,uniform_heavy,0.5,4,1.0,blind,0.5,1,2500,5.0,3.6696,1.3304,26.608,2500,1942,558,0,0.6872,0.7768,1
0.7,uniform_heavy,0.5,4,1.0,blind,0.5,2,2500,5.0,3.6444,1.3556,27.112,2500,1963,537,0,0.7052,0.7852,1
0.7,uniform_heavy,0.5,4,1.0,blind,0.5,3,2500,5.0,3.6468,1.3532,27.064,2500,1961,539,0,0.7068,0.7844,1
0.7,uniform_heavy,0.5,4,1.0,blind,0.5,4,2500,5.0,3.6324,1.3676,27.352,2500,1973,527,0,0.7032,0.7892,1
0.7,uniform_heavy,0.5,4,1.0,blind,0.5,5,2500,5.0,3.654,1.346,26.92,2500,1955,545,0,0.7036,0.782,1
0.7,uniform_heavy,0.5,4,1.0,blind,0.5,6,2500,5.0,3.6636,1.3364,26.728,2500,1947,553,0,0.708,0.7788,1
0.7,uniform_heavy,0.5,4,2.0,blind,0.2,0,2500,5.0,4.6392,0.3608,7.216,2500,1135,1365,0,0.71,0.454,1
0.7,uniform_heavy,0.5,4,2.0,blind,0.2,1,2500,5.0,4.6579,0.3421,6.842,2500,1126,1374,0,0.7016,0.4504,1
0.7,uniform_heavy,0.5,4,2.0,blind,0.2,2,2500,5.0,4.6808,0.3192,6.384,2500,1115,1385,0,0.7176,0.446,1
0.7,uniform_heavy,0.5,4,2.0,blind,0.2,3,2500,5.0,4.7557,0.2443,4.886,2500,1079,1421,0,0.6948,0.4316,1
0.7,uniform_heavy,0.5,4,2.0,blind,0.2,4,2500,5.0,4.7869,0.2131,4.262,2500,1064,1436,0,0.6892,0.4256,1
0.7,uniform_heavy,0.5,4,2.0,blind,0.2,5,2500,5.0,4.6746,0.3254,6.509,2500,1118,1382,0,0.6916,0.4472,1
0.7,uniform_heavy,0.5,4,2.0,blind,0.2,6,2500,5.0,4.7016,0.2984,5.968,2500,1105,1395,0,0.6944,0.442,1
0.7,uniform_heavy,0.5,4,2.0,blind,0.3,0,2500,5.0,4.0374,0.9626,19.251,2500,1543,957,0,0.7052,0.6172,1
0.7,uniform_heavy,0.5,4,2.0,blind,0.3,1,2500,5.0,4.1219,0.8781,17.562,2500,1499,1001,0,0.6924,0.5996,1
0.7,uniform_heavy,0.5,4,2.0,blind,0.3,2,2500,5.0,4.0682,0.9318,18.637,2500,1527,973,0,0.6988,0.6108,1
0.7,uniform_heavy,0.5,4,2.0,blind,0.3,3,2500,5.0,4.0432,0.9568,19.136,2500,1540,960,0,0.6968,0.616,1
0.7,uniform_heavy,0.5,4,2.0,blind,0.3,4,2500,5.0,4.072,0.928,18.56,2500,1525,975,0,0.6916,0.61,1
0.7,uniform_heavy,0.5,4,2.0,blind,0.3,5,2500,5.0,4.1104,0.8896,17.792,2500,1505,995,0,0.6988,0.602,1
0.7,uniform_heavy,0.5,4,2.0,blind,0.3,6,2500,5.0,4.0931,0.9069,18.138,2500,1514,986,0,0.6892,0.6056,1
0.7,uniform_heavy,0.5,4,2.0,blind,0.5,0,2500,5.0,3.912,1.088,21.76,2500,1930,570,0,0.686,0.772,1
0.7,uniform_heavy,0.5,4,2.0,blind,0.5,1,2500,5.0,3.8576,1.1424,22.848,2500,1964,536,0,0.7132,0.7856,1
0.7,uniform_heavy,0.5,4,2.0,blind,0.5,2,2500,5.0,3.9072,1.0928,21.856,2500,1933,567,0,0.688,0.7732,1
0.7,uniform_heavy,0.5,4,2.0,blind,0.5,3,2500,5.0,3.8432,1.1568,23.136,2500,1973,527,0,0.6992,0.7892,1
0.7,uniform_heavy,0.5,4,2.0,blind,0.5,4,2500,5.0,3.8688,1.1312,22.624,2500,1957,543,0,0.6944,0.7828,1
0.7,uniform_heavy,0.5,4,2.0,blind,0.5,5,2500,5.0,3.8848,1.1152,22.304,2500,1947,553,0,0.7084,0.7788,1
0.7,uniform_heavy,0.5,4,2.0,blind,0.5,6,2500,5.0,3.8992,1.1008,22.016,2500,1938,562,0,0.6892,0.7752,1
0.7,uniform_heavy,0.5,8,0.5,blind,0.2,0,2500,9.0,6.4833,2.5167,27.963,2500,1093,1407,0,0.694,0.4372,1
0.7,uniform_heavy,0.5,8,0.5,blind,0.2,1,2500,9.0,6.5661,2.4339,27.043,2500,1063,1437,0,0.6972,0.4252,1
0.7,uniform_heavy,0.5,8,0.5,blind,0.2,2,2500,9.0,6.4695,2.5305,28.116,2500,1098,1402,0,0.696,0.4392,1
0.7,uniform_heavy,0.5,8,0.5,blind,0.2,3,2500,9.0,6.5799,2.4201,26.89,2500,1058,1442,0,0.6936,0.4232,1
0.7,uniform_heavy,0.5,8,0.5,blind,0.2,4,2500,9.0,6.384,2.616,29.067,2500,1129,1371,0,0.7024,0.4516,1
0.7,uniform_heavy,0.5,8,0.5,blind,0.2,5,2500,9.0,6.453,2.547,28.3,2500,1104,1396,0,0.6896,0.4416,1
0.7,uniform_heavy,0.5,8,0.5,blind,0.2,6,2500,9.0,6.4916,2.5084,27.871,2500,1090,1410,0,0.7068,0.436,1
0.7,uniform_heavy,0.5,8,0.5,blind,0.3,0,2500,9.0,5.862,3.138,34.867,2500,1491,1009,0,0.6832,0.5964,1
0.7,uniform_heavy,0.5,8,0.5,blind,0.3,1,2500,9.0,5.8058,3.1942,35.491,2500,1514,986,0,0.698,0.6056,1
0.7,uniform_heavy,0.5,8,0.5,blind,0.3,2,2500,9.0,5.7278,3.2722,36.358,2500,1546,954,0,0.6908,0.6184,1
0.7,uniform_heavy,0.5,8,0.5,blind,0.3,3,2500,9.0,5.7546,3.2454,36.06,2500,1535,965,0,0.6936,0.614,1
0.7,uniform_heavy,0.5,8,0.5,blind,0.3,4,2500,9.0,5.7375,3.2625,36.25,2500,1542,958,0,0.714,0.6168,1
0.7,uniform_heavy,0.5,8,0.5,blind,0.3,5,2500,9.0,5.7253,3.2747,36.385,2500,1547,953,0,0.6932,0.6188,1
0.7,uniform_heavy,0.5,8,0.5,blind,0.3,6,2500,9.0,5.8132,3.1868,35.409,2500,1511,989,0,0.7028,0.6044,1
0.7,uniform_heavy,0.5,8,0.5,blind,0.5,0,2500,9.0,5.9486,3.0514,33.904,2500,1973,527,0,0.7148,0.7892,1
0.7,uniform_heavy,0.5,8,0.5,blind,0.5,1,2500,9.0,5.9972,3.0028,33.364,2500,1946,554,0,0.6932,0.7784,1
0.7,uniform_heavy,0.5,8,0.5,blind,0.5,2,2500,9.0,5.9216,3.0784,34.204,2500,1988,512,0,0.7064,0.7952,1
0.7,uniform_heavy,0.5,8,0.5,blind,0.5,3,2500,9.0,6.0224,2.9776,33.084,2500,1932,568,0,0.6904,0.7728,1
0.7,uniform_heavy,0.5,8,0.5,blind,0.5,4,2500,9.0,5.9774,3.0226,33.584,2500,1957,543,0,0.696,0.7828,1
0.7,uniform_heavy,0.5,8,0.5,blind,0.5,5,2500,9.0,5.9792,3.0208,33.564,2500,1956,544,0,0.6888,0.7824,1
0.7,uniform_heavy,0.5,8,0.5,blind,0.5,6,2500,9.0,6.0314,2.9686,32.984,2500,1927,573,0,0.6848,0.7708,1
0.7,uniform_heavy,0.5,8,1.0,blind,0.2,0,2500,9.0,6.6937,2.3063,25.626,2500,1117,1383,0,0.7108,0.4468,1
0.7,uniform_heavy,0.5,8,1.0,blind,0.2,1,2500,9.0,6.6374,2.3626,26.251,2500,1136,1364,0,0.7104,0.4544,1
0.7,uniform_heavy,0.5,8,1.0,blind,0.2,2,2500,9.0,6.7292,2.2708,25.231,2500,1105,1395,0,0.7028,0.442,1
0.7,uniform_heavy,0.5,8,1.0,blind,0.2,3,2500,9.0,6.6138,2.3862,26.514,2500,1144,1356,0,0.694,0.4576,1
0.7,uniform_heavy,0.5,8,1.0,blind,0.2,4,2500,9.0,6.8506,2.1494,23.883,2500,1064,1436,0,0.704,0.4256,1
0.7,uniform_heavy,0.5,8,1.0,blind,0.2,5,2500,9.0,6.8446,2.1554,23.948,2500,1066,1434,0,0.702,0.4264,1
0.7,uniform_heavy,0.5,8,1.0,blind,0.2,6,2500,9.0,6.6434,2.3566,26.185,2500,1134,1366,0,0.7076,0.4536,1
0.7,uniform_heavy,0.5,8,1.0,blind,0.3,0,2500,9.0,5.9186,3.0814,34.238,2500,1546,954,0,0.6924,0.6184,1
0.7,uniform_heavy,0.5,8,1.0,blind,0.3,1,2500,9.0,6.0189,2.9811,33.124,2500,1508,992,0,0.6924,0.6032,1
0.7,uniform_heavy,0.5,8,1.0,blind,0.3,2,2500,9.0,5.9951,3.0049,33.388,2500,1517,983,0,0.702,0.6068,1
0.7,uniform_heavy,0.5,8,1.0,blind,0.3,3,2500,9.0,5.9978,3.0022,33.358,2500,1516,984,0,0.6972,0.6064,1
0.7,uniform_heavy,0.5,8,1.0,blind,0.3,4,2500,9.0,5.9106,3.0894,34.326,2500,1549,951,0,0.7024,0.6196,1
0.7,uniform_heavy,0.5,8,1.0,blind,0.3,5,2500,9.0,5.8446,3.1554,35.06,2500,1574,926,0,0.7144,0.6296,1
0.7,uniform_heavy,0.5,8,1.0,blind,0.3,6,2500,9.0,5.9925,3.0075,33.417,2500,1518,982,0,0.7008,0.6072,1
0.7,uniform_heavy,0.5,8,1.0,blind,0.5,0,2500,9.0,6.018,2.982,33.133,2500,1991,509,0,0.706,0.7964,1
0.7,uniform_heavy,0.5,8,1.0,blind,0.5,1,2500,9.0,6.046,2.954,32.822,2500,1977,523,0,0.7,0.7908,1
0.7,uniform_heavy,0.5,8,1.0,blind,0.5,2,2500,9.0,6.118,2.882,32.022,2500,1941,559,0,0.6864,0.7764,1
0.7,uniform_heavy,0.5,8,1.0,blind,0.5,3,2500,9.0,6.018,2.982,33.133,2500,1991,509,0,0.7128,0.7964,1
0.7,uniform_heavy,0.5,8,1.0,blind,0.5,4,2500,9.0,6.078,2.922,32.467,2500,1961,539,0,0.7056,0.7844,1
0.7,uniform_heavy,0.5,8,1.0,blind,0.5,5,2500,9.0,6.114,2.886,32.067,2500,1943,557,0,0.6908,0.7772,1
0.7,uniform_heavy,0.5,8,1.0,blind,0.5,6,2500,9.0,6.018,2.982,33.133,2500,1991,509,0,0.6972,0.7964,1
0.7,uniform_heavy,0.5,8,2.0,blind,0.2,0,2500,9.0,7.1696,1.8304,20.338,2500,1140,1360,0,0.6904,0.456,1
0.7,uniform_heavy,0.5,8,2.0,blind,0.2,1,2500,9.0,7.3107,1.6893,18.77,2500,1098,1402,0,0.7004,0.4392,1
0.7,uniform_heavy,0.5,8,2.0,blind,0.2,2,2500,9.0,7.257,1.743,19.367,2500,1114,1386,0,0.7064,0.4456,1
0.7,uniform_heavy,0.5,8,2.0,blind,0.2,3,2500,9.0,7.2133,1.7867,19.852,2500,1127,1373,0,0.7132,0.4508,1
0.7,uniform_heavy,0.5,8,2.0,blind,0.2,4,2500,9.0,7.351,1.649,18.322,2500,1086,1414,0,0.6872,0.4344,1
0.7,uniform_heavy,0.5,8,2.0,blind,0.2,5,2500,9.0,7.1998,1.8002,20.002,2500,1131,1369,0,0.708,0.4524,1
0.7,uniform_heavy,0.5,8,2.0,blind,0.2,6,2500,9.0,7.2133,1.7867,19.852,2500,1127,1373,0,0.7064,0.4508,1
0.7,uniform_heavy,0.5,8,2.0,blind,0.3,0,2500,9.0,6.4613,2.5387,28.208,2500,1493,1007,0,0.6924,0.5972,1
0.7,uniform_heavy,0.5,8,2.0,blind,0.3,1,2500,9.0,6.3093,2.6907,29.897,2500,1543,957,0,0.7036,0.6172,1
0.7,uniform_heavy,0.5,8,2.0,blind,0.3,2,2500,9.0,6.3579,2.6421,29.356,2500,1527,973,0,0.7036,0.6108,1
0.7,uniform_heavy,0.5,8,2.0,blind,0.3,3,2500,9.0,6.2698,2.7302,30.336,2500,1556,944,0,0.7056,0.6224,1
0.7,uniform_heavy,0.5,8,2.0,blind,0.3,4,2500,9.0,6.3458,2.6542,29.492,2500,1531,969,0,0.692,0.6124,1
0.7,uniform_heavy,0.5,8,2.0,blind,0.3,5,2500,9.0,6.3093,2.6907,29.897,2500,1543,957,0,0.6924,0.6172,1
0.7,uniform_heavy,0.5,8,2.0,blind,0.3,6,2500,9.0,6.2576,2.7424,30.471,2500,1560,940,0,0.7144,0.624,1
0.7,uniform_heavy,0.5,8,2.0,blind,0.5,0,2500,9.0,6.3704,2.6296,29.218,2500,1929,571,0,0.6832,0.7716,1
0.7,uniform_heavy,0.5,8,2.0,blind,0.5,1,2500,9.0,6.2888,2.7112,30.124,2500,1963,537,0,0.7252,0.7852,1
0.7,uniform_heavy,0.5,8,2.0,blind,0.5,2,2500,9.0,6.3344,2.6656,29.618,2500,1944,556,0,0.6992,0.7776,1
0.7,uniform_heavy,0.5,8,2.0,blind,0.5,3,2500,9.0,6.3032,2.6968,29.964,2500,1957,543,0,0.6932,0.7828,1
0.7,uniform_heavy,0.5,8,2.0,blind,0.5,4,2500,9.0,6.2888,2.7112,30.124,2500,1963,537,0,0.7012,0.7852,1
0.7,uniform_heavy,0.5,8,2.0,blind,0.5,5,2500,9.0,6.284,2.716,30.178,2500,1965,535,0,0.712,0.786,1
0.7,uniform_heavy,0.5,8,2.0,blind,0.5,6,2500,9.0,6.3056,2.6944,29.938,2500,1956,544,0,0.708,0.7824,1
0.7,tail_heavy,0.5,0.25,0.5,blind,0.2,0,2500,1.25,1.4395,-0.1895,-15.158,2500,1109,1391,0,0.696,0.4436,0
0.7,tail_heavy,0.5,0.25,0.5,blind,0.2,1,2500,1.25,1.44,-0.19,-15.203,2500,1107,1393,0,0.7128,0.4428,0
0.7,tail_heavy,0.5,0.25,0.5,blind,0.2,2,2500,1.25,1.4672,-0.2172,-17.376,2500,1010,1490,0,0.7016,0.404,0
0.7,tail_heavy,0.5,0.25,0.5,blind,0.2,3,2500,1.25,1.4703,-0.2203,-17.622,2500,999,1501,0,0.6888,0.3996,0
0.7,tail_heavy,0.5,0.25,0.5,blind,0.2,4,2500,1.25,1.461,-0.211,-16.883,2500,1032,1468,0,0.696,0.4128,0
0.7,tail_heavy,0.5,0.25,0.5,blind,0.2,5,2500,1.25,1.4672,-0.2172,-17.376,2500,1010,1490,0,0.694,0.404,0
0.7,tail_heavy,0.5,0.25,0.5,blind,0.2,6,2500,1.25,1.456,-0.206,-16.48,2500,1050,1450,0,0.7008,0.42,0
0.7,tail_heavy,0.5,0.25,0.5,blind,0.3,0,2500,1.25,1.3636,-0.1136,-9.09,2500,1431,1069,0,0.7048,0.5724,0
0.7,tail_heavy,0.5,0.25,0.5,blind,0.3,1,2500,1.25,1.3596,-0.1096,-8.766,2500,1446,1054,0,0.7092,0.5784,0
0.7,tail_heavy,0.5,0.25,0.5,blind,0.3,2,2500,1.25,1.3671,-0.1171,-9.371,2500,1418,1082,0,0.6868,0.5672,0
0.7,tail_heavy,0.5,0.25,0.5,blind,0.3,3,2500,1.25,1.3642,-0.1142,-9.134,2500,1429,1071,0,0.692,0.5716,0
0.7,tail_heavy,0.5,0.25,0.5,blind,0.3,4,2500,1.25,1.359,-0.109,-8.723,2500,1448,1052,0,0.6924,0.5792,0
0.7,tail_heavy,0.5,0.25,0.5,blind,0.3,5,2500,1.25,1.3604,-0.1104,-8.831,2500,1443,1057,0,0.6948,0.5772,0
0.7,tail_heavy,0.5,0.25,0.5,blind,0.3,6,2500,1.25,1.3704,-0.1204,-9.63,2500,1406,1094,0,0.692,0.5624,0
0.7,tail_heavy,0.5,0.25,0.5,blind,0.5,0,2500,1.25,1.3028,-0.0528,-4.22,2500,1789,711,0,0.7,0.7156,0
0.7,tail_heavy,0.5,0.25,0.5,blind,0.5,1,2500,1.25,1.2945,-0.0445,-3.56,2500,1822,678,0,0.7036,0.7288,0
0.7,tail_heavy,0.5,0.25,0.5,blind,0.5,2,2500,1.25,1.2848,-0.0348,-2.78,2500,1861,639,0,0.7188,0.7444,0
0.7,tail_heavy,0.5,0.25,0.5,blind,0.5,3,2500,1.25,1.2962,-0.0462,-3.7,2500,1815,685,0,0.7108,0.726,0
0.7,tail_heavy,0.5,0.25,0.5,blind,0.5,4,2500,1.25,1.2905,-0.0405,-3.24,2500,1838,662,0,0.7156,0.7352,0
0.7,tail_heavy,0.5,0.25,0.5,blind,0.5,5,2500,1.25,1.2857,-0.0357,-2.86,2500,1857,643,0,0.7176,0.7428,0
0.7,tail_heavy,0.5,0.25,0.5,blind,0.5,6,2500,1.25,1.297,-0.047,-3.76,2500,1812,688,0,0.694,0.7248,0
0.7,tail_heavy,0.5,0.25,1.0,blind,0.2,0,2500,1.25,1.7354,-0.4854,-38.835,2500,1072,1428,0,0.7024,0.4288,0
0.7,tail_heavy,0.5,0.25,1.0,blind,0.2,1,2500,1.25,1.7398,-0.4898,-39.181,2500,1063,1437,0,0.708,0.4252,0
0.7,tail_heavy,0.5,0.25,1.0,blind,0.2,2,2500,1.25,1.7652,-0.5152,-41.216,2500,1010,1490,0,0.6844,0.404,0
0.7,tail_heavy,0.5,0.25,1.0,blind,0.2,3,2500,1.25,1.7426,-0.4926,-39.411,2500,1057,1443,0,0.6952,0.4228,0
0.7,tail_heavy,0.5,0.25,1.0,blind,0.2,4,2500,1.25,1.7719,-0.5219,-41.754,2500,996,1504,0,0.6968,0.3984,0
0.7,tail_heavy,0.5,0.25,1.0,blind,0.2,5,2500,1.25,1.7234,-0.4734,-37.875,2500,1097,1403,0,0.7112,0.4388,0
0.7,tail_heavy,0.5,0.25,1.0,blind,0.2,6,2500,1.25,1.7484,-0.4984,-39.872,2500,1045,1455,0,0.7124,0.418,0
0.7,tail_heavy,0.5,0.25,1.0,blind,0.3,0,2500,1.25,1.5887,-0.3387,-27.097,2500,1407,1093,0,0.7012,0.5628,0
0.7,tail_heavy,0.5,0.25,1.0,blind,0.3,1,2500,1.25,1.5685,-0.3185,-25.48,2500,1450,1050,0,0.7028,0.58,0
0.7,tail_heavy,0.5,0.25,1.0,blind,0.3,2,2500,1.25,1.5741,-0.3241,-25.931,2500,1438,1062,0,0.7028,0.5752,0
0.7,tail_heavy,0.5,0.25,1.0,blind,0.3,3,2500,1.25,1.5948,-0.3448,-27.586,2500,1394,1106,0,0.69,0.5576,0
0.7,tail_heavy,0.5,0.25,1.0,blind,0.3,4,2500,1.25,1.5746,-0.3246,-25.969,2500,1437,1063,0,0.7028,0.5748,0
0.7,tail_heavy,0.5,0.25,1.0,blind,0.3,5,2500,1.25,1.5737,-0.3237,-25.894,2500,1439,1061,0,0.704,0.5756,0
0.7,tail_heavy,0.5,0.25,1.0,blind,0.3,6,2500,1.25,1.5652,-0.3152,-25.217,2500,1457,1043,0,0.7024,0.5828,0
0.7,tail_heavy,0.5,0.25,1.0,blind,0.5,0,2500,1.25,1.4517,-0.2017,-16.136,2500,1774,726,0,0.6804,0.7096,0
0.7,tail_heavy,0.5,0.25,1.0,blind,0.5,1,2500,1.25,1.4287,-0.1787,-14.3,2500,1825,675,0,0.7052,0.73,0
0.7,tail_heavy,0.5,0.25,1.0,blind,0.5,2,2500,1.25,1.4423,-0.1923,-15.38,2500,1795,705,0,0.6932,0.718,0
0.7,tail_heavy,0.5,0.25,1.0,blind,0.5,3,2500,1.25,1.4256,-0.1756,-14.048,2500,1832,668,0,0.6984,0.7328,0
0.7,tail_heavy,0.5,0.25,1.0,blind,0.5,4,2500,1.25,1.4256,-0.1756,-14.048,2500,1832,668,0,0.708,0.7328,0
0.7,tail_heavy,0.5,0.25,1.0,blind,0.5,5,2500,1.25,1.4256,-0.1756,-14.048,2500,1832,668,0,0.7116,0.7328,0
0.7,tail_heavy,0.5,0.25,1.0,blind,0.5,6,2500,1.25,1.436,-0.186,-14.876,2500,1809,691,0,0.6984,0.7236,0
0.7,tail_heavy,0.5,0.25,2.0,blind,0.2,0,2500,1.25,2.3603,-1.1103,-88.826,2500,1011,1489,0,0.7036,0.4044,0
0.7,tail_heavy,0.5,0.25,2.0,blind,0.2,1,2500,1.25,2.333,-1.083,-86.643,2500,1042,1458,0,0.7072,0.4168,0
0.7,tail_heavy,0.5,0.25,2.0,blind,0.2,2,2500,1.25,2.3313,-1.0813,-86.502,2500,1044,1456,0,0.6968,0.4176,0
0.7,tail_heavy,0.5,0.25,2.0,blind,0.2,3,2500,1.25,2.3102,-1.0602,-84.813,2500,1068,1432,0,0.71,0.4272,0
0.7,tail_heavy,0.5,0.25,2.0,blind,0.2,4,2500,1.25,2.3753,-1.1253,-90.022,2500,994,1506,0,0.6888,0.3976,0
0.7,tail_heavy,0.5,0.25,2.0,blind,0.2,5,2500,1.25,2.2996,-1.0496,-83.968,2500,1080,1420,0,0.7032,0.432,0
0.7,tail_heavy,0.5,0.25,2.0,blind,0.2,6,2500,1.25,2.2767,-1.0267,-82.138,2500,1106,1394,0,0.7096,0.4424,0
0.7,tail_heavy,0.5,0.25,2.0,blind,0.3,0,2500,1.25,2.0216,-0.7716,-61.725,2500,1412,1088,0,0.698,0.5648,0
0.7,tail_heavy,0.5,0.25,2.0,blind,0.3,1,2500,1.25,2.0111,-0.7611,-60.89,2500,1424,1076,0,0.6952,0.5696,0
0.7,tail_heavy,0.5,0.25,2.0,blind,0.3,2,2500,1.25,1.9876,-0.7376,-59.01,2500,1451,1049,0,0.704,0.5804,0
0.7,tail_heavy,0.5,0.25,2.0,blind,0.3,3,2500,1.25,2.0085,-0.7585,-60.681,2500,1427,1073,0,0.6948,0.5708,0
0.7,tail_heavy,0.5,0.25,2.0,blind,0.3,4,2500,1.25,2.0033,-0.7533,-60.263,2500,1433,1067,0,0.6984,0.5732,0
0.7,tail_heavy,0.5,0.25,2.0,blind,0.3,5,2500,1.25,2.0076,-0.7576,-60.611,2500,1428,1072,0,0.7012,0.5712,0
0.7,tail_heavy,0.5,0.25,2.0,blind,0.3,6,2500,1.25,2.039,-0.789,-63.117,2500,1392,1108,0,0.6856,0.5568,0
0.7,tail_heavy,0.5,0.25,2.0,blind,0.5,0,2500,1.25,1.6732,-0.4232,-33.86,2500,1855,645,0,0.7116,0.742,0
0.7,tail_heavy,0.5,0.25,2.0,blind,0.5,1,2500,1.25,1.7378,-0.4878,-39.028,2500,1779,721,0,0.6892,0.7116,0
0.7,tail_heavy,0.5,0.25,2.0,blind,0.5,2,2500,1.25,1.6987,-0.4487,-35.9,2500,1825,675,0,0.694,0.73,0
0.7,tail_heavy,0.5,0.25,2.0,blind,0.5,3,2500,1.25,1.7115,-0.4615,-36.92,2500,1810,690,0,0.6972,0.724,0
0.7,tail_heavy,0.5,0.25,2.0,blind,0.5,4,2500,1.25,1.6979,-0.4479,-35.832,2500,1826,674,0,0.6984,0.7304,0
0.7,tail_heavy,0.5,0.25,2.0,blind,0.5,5,2500,1.25,1.731,-0.481,-38.484,2500,1787,713,0,0.694,0.7148,0
0.7,tail_heavy,0.5,0.25,2.0,blind,0.5,6,2500,1.25,1.72,-0.47,-37.6,2500,1800,700,0,0.6884,0.72,0
0.7,tail_heavy,0.5,0.5,0.5,blind,0.2,0,2500,1.5,1.6314,-0.1314,-8.757,2500,1024,1476,0,0.688,0.4096,0
0.7,tail_heavy,0.5,0.5,0.5,blind,0.2,1,2500,1.5,1.6191,-0.1191,-7.941,2500,1058,1442,0,0.6984,0.4232,0
0.7,tail_heavy,0.5,0.5,0.5,blind,0.2,2,2500,1.5,1.6368,-0.1368,-9.117,2500,1009,1491,0,0.6876,0.4036,0
0.7,tail_heavy,0.5,0.5,0.5,blind,0.2,3,2500,1.5,1.6188,-0.1188,-7.917,2500,1059,1441,0,0.6912,0.4236,0
0.7,tail_heavy,0.5,0.5,0.5,blind,0.2,4,2500,1.5,1.6198,-0.1198,-7.989,2500,1056,1444,0,0.702,0.4224,0
0.7,tail_heavy,0.5,0.5,0.5,blind,0.2,5,2500,1.5,1.6206,-0.1206,-8.037,2500,1054,1446,0,0.6828,0.4216,0
0.7,tail_heavy,0.5,0.5,0.5,blind,0.2,6,2500,1.5,1.6144,-0.1144,-7.629,2500,1071,1429,0,0.7124,0.4284,0
0.7,tail_heavy,0.5,0.5,0.5,blind,0.3,0,2500,1.5,1.5267,-0.0267,-1.781,2500,1392,1108,0,0.692,0.5568,0
0.7,tail_heavy,0.5,0.5,0.5,blind,0.3,1,2500,1.5,1.5094,-0.0094,-0.625,2500,1443,1057,0,0.7036,0.5772,0
0.7,tail_heavy,0.5,0.5,0.5,blind,0.3,2,2500,1.5,1.5111,-0.0111,-0.739,2500,1438,1062,0,0.7032,0.5752,0
0.7,tail_heavy,0.5,0.5,0.5,blind,0.3,3,2500,1.5,1.5274,-0.0274,-1.827,2500,1390,1110,0,0.6792,0.556,0
0.7,tail_heavy,0.5,0.5,0.5,blind,0.3,4,2500,1.5,1.4985,0.0015,0.1,2500,1475,1025,0,0.7024,0.59,1
0.7,tail_heavy,0.5,0.5,0.5,blind,0.3,5,2500,1.5,1.5097,-0.0097,-0.648,2500,1442,1058,0,0.6972,0.5768,0
0.7,tail_heavy,0.5,0.5,0.5,blind,0.3,6,2500,1.5,1.5111,-0.0111,-0.739,2500,1438,1062,0,0.712,0.5752,0
0.7,tail_heavy,0.5,0.5,0.5,blind,0.5,0,2500,1.5,1.457,0.043,2.867,2500,1810,690,0,0.7076,0.724,1
0.7,tail_heavy,0.5,0.5,0.5,blind,0.5,1,2500,1.5,1.4597,0.0403,2.687,2500,1801,699,0,0.6944,0.7204,1
0.7,tail_heavy,0.5,0.5,0.5,blind,0.5,2,2500,1.5,1.4507,0.0493,3.287,2500,1831,669,0,0.716,0.7324,1
0.7,tail_heavy,0.5,0.5,0.5,blind,0.5,3,2500,1.5,1.4726,0.0274,1.827,2500,1758,742,0,0.6768,0.7032,1
0.7,tail_heavy,0.5,0.5,0.5,blind,0.5,4,2500,1.5,1.4582,0.0418,2.787,2500,1806,694,0,0.6972,0.7224,1
0.7,tail_heavy,0.5,0.5,0.5,blind,0.5,5,2500,1.5,1.451,0.049,3.267,2500,1830,670,0,0.708,0.732,1
0.7,tail_heavy,0.5,0.5,0.5,blind,0.5,6,2500,1.5,1.4543,0.0457,3.047,2500,1819,681,0,0.702,0.7276,1
0.7,tail_heavy,0.5,0.5,1.0,blind,0.2,0,2500,1.5,1.9103,-0.4103,-27.355,2500,1053,1447,0,0.7064,0.4212,0
0.7,tail_heavy,0.5,0.5,1.0,blind,0.2,1,2500,1.5,1.9131,-0.4131,-27.541,2500,1048,1452,0,0.6964,0.4192,0
0.7,tail_heavy,0.5,0.5,1.0,blind,0.2,2,2500,1.5,1.9086,-0.4086,-27.243,2500,1056,1444,0,0.6988,0.4224,0
0.7,tail_heavy,0.5,0.5,1.0,blind,0.2,3,2500,1.5,1.9271,-0.4271,-28.475,2500,1023,1477,0,0.6948,0.4092,0
0.7,tail_heavy,0.5,0.5,1.0,blind,0.2,4,2500,1.5,1.8952,-0.3952,-26.347,2500,1080,1420,0,0.716,0.432,0
0.7,tail_heavy,0.5,0.5,1.0,blind,0.2,5,2500,1.5,1.912,-0.412,-27.467,2500,1050,1450,0,0.7164,0.42,0
0.7,tail_heavy,0.5,0.5,1.0,blind,0.2,6,2500,1.5,1.926,-0.426,-28.4,2500,1025,1475,0,0.7004,0.41,0
0.7,tail_heavy,0.5,0.5,1.0,blind,0.3,0,2500,1.5,1.7251,-0.2251,-15.007,2500,1435,1065,0,0.694,0.574,0
0.7,tail_heavy,0.5,0.5,1.0,blind,0.3,1,2500,1.5,1.7273,-0.2273,-15.151,2500,1431,1069,0,0.686,0.5724,0
0.7,tail_heavy,0.5,0.5,1.0,blind,0.3,2,2500,1.5,1.7208,-0.2208,-14.719,2500,1443,1057,0,0.702,0.5772,0
0.7,tail_heavy,0.5,0.5,1.0,blind,0.3,3,2500,1.5,1.7143,-0.2143,-14.287,2500,1455,1045,0,0.7004,0.582,0
0.7,tail_heavy,0.5,0.5,1.0,blind,0.3,4,2500,1.5,1.6976,-0.1976,-13.171,2500,1486,1014,0,0.7116,0.5944,0
0.7,tail_heavy,0.5,0.5,1.0,blind,0.3,5,2500,1.5,1.7316,-0.2316,-15.439,2500,1423,1077,0,0.686,0.5692,0
0.7,tail_heavy,0.5,0.5,1.0,blind,0.3,6,2500,1.5,1.7046,-0.2046,-13.639,2500,1473,1027,0,0.7172,0.5892,0
0.7,tail_heavy,0.5,0.5,1.0,blind,0.5,0,2500,1.5,1.578,-0.078,-5.2,2500,1844,656,0,0.7116,0.7376,0
0.7,tail_heavy,0.5,0.5,1.0,blind,0.5,1,2500,1.5,1.588,-0.088,-5.867,2500,1824,676,0,0.6976,0.7296,0
0.7,tail_heavy,0.5,0.5,1.0,blind,0.5,2,2500,1.5,1.606,-0.106,-7.067,2500,1788,712,0,0.6872,0.7152,0
0.7,tail_heavy,0.5,0.5,1.0,blind,0.5,3,2500,1.5,1.5795,-0.0795,-5.3,2500,1841,659,0,0.6968,0.7364,0
0.7,tail_heavy,0.5,0.5,1.0,blind,0.5,4,2500,1.5,1.596,-0.096,-6.4,2500,1808,692,0,0.696,0.7232,0
0.7,tail_heavy,0.5,0.5,1.0,blind,0.5,5,2500,1.5,1.5935,-0.0935,-6.233,2500,1813,687,0,0.7016,0.7252,0
0.7,tail_heavy,0.5,0.5,1.0,blind,0.5,6,2500,1.5,1.5815,-0.0815,-5.433,2500,1837,663,0,0.7008,0.7348,0
0.7,tail_heavy,0.5,0.5,2.0,blind,0.2,0,2500,1.5,2.4949,-0.9949,-66.325,2500,1047,1453,0,0.6852,0.4188,0
0.7,tail_heavy,0.5,0.5,2.0,blind,0.2,1,2500,1.5,2.5131,-1.0131,-67.541,2500,1028,1472,0,0.6868,0.4112,0
0.7,tail_heavy,0.5,0.5,2.0,blind,0.2,2,2500,1.5,2.4574,-0.9574,-63.829,2500,1086,1414,0,0.712,0.4344,0
0.7,tail_heavy,0.5,0.5,2.0,blind,0.2,3,2500,1.5,2.5352,-1.0352,-69.013,2500,1005,1495,0,0.6908,0.402,0
0.7,tail_heavy,0.5,0.5,2.0,blind,0.2,4,2500,1.5,2.4747,-0.9747,-64.981,2500,1068,1432,0,0.7152,0.4272,0
0.7,tail_heavy,0.5,0.5,2.0,blind,0.2,5,2500,1.5,2.4738,-0.9738,-64.917,2500,1069,1431,0,0.7024,0.4276,0
0.7,tail_heavy,0.5,0.5,2.0,blind,0.2,6,2500,1.5,2.5054,-1.0054,-67.029,2500,1036,1464,0,0.6992,0.4144,0
0.7,tail_heavy,0.5,0.5,2.0,blind,0.3,0,2500,1.5,2.1483,-0.6483,-43.219,2500,1438,1062,0,0.704,0.5752,0
0.7,tail_heavy,0.5,0.5,2.0,blind,0.3,1,2500,1.5,2.152,-0.652,-43.469,2500,1434,1066,0,0.6928,0.5736,0
0.7,tail_heavy,0.5,0.5,2.0,blind,0.3,2,2500,1.5,2.1455,-0.6455,-43.031,2500,1441,1059,0,0.7008,0.5764,0
0.7,tail_heavy,0.5,0.5,2.0,blind,0.3,3,2500,1.5,2.1361,-0.6361,-42.404,2500,1451,1049,0,0.7028,0.5804,0
0.7,tail_heavy,0.5,0.5,2.0,blind,0.3,4,2500,1.5,2.1379,-0.6379,-42.529,2500,1449,1051,0,0.6952,0.5796,0
0.7,tail_heavy,0.5,0.5,2.0,blind,0.3,5,2500,1.5,2.1229,-0.6229,-41.527,2500,1465,1035,0,0.708,0.586,0
0.7,tail_heavy,0.5,0.5,2.0,blind,0.3,6,2500,1.5,2.1003,-0.6003,-40.023,2500,1489,1011,0,0.722,0.5956,0
0.7,tail_heavy,0.5,0.5,2.0,blind,0.5,0,2500,1.5,1.8656,-0.3656,-24.373,2500,1816,684,0,0.6988,0.7264,0
0.7,tail_heavy,0.5,0.5,2.0,blind,0.5,1,2500,1.5,1.907,-0.407,-27.133,2500,1770,730,0,0.6892,0.708,0
0.7,tail_heavy,0.5,0.5,2.0,blind,0.5,2,2500,1.5,1.853,-0.353,-23.533,2500,1830,670,0,0.6964,0.732,0
0.7,tail_heavy,0.5,0.5,2.0,blind,0.5,3,2500,1.5,1.8395,-0.3395,-22.633,2500,1845,655,0,0.7088,0.738,0
0.7,tail_heavy,0.5,0.5,2.0,blind,0.5,4,2500,1.5,1.9061,-0.4061,-27.073,2500,1771,729,0,0.6844,0.7084,0
0.7,tail_heavy,0.5,0.5,2.0,blind,0.5,5,2500,1.5,1.8611,-0.3611,-24.073,2500,1821,679,0,0.7052,0.7284,0
0.7,tail_heavy,0.5,0.5,2.0,blind,0.5,6,2500,1.5,1.88,-0.38,-25.333,2500,1800,700,0,0.6852,0.72,0
0.7,tail_heavy,0.5,1,0.5,blind,0.2,0,2500,2.0,1.9394,0.0606,3.028,2500,1078,1422,0,0.71,0.4312,1
0.7,tail_heavy,0.5,1,0.5,blind,0.2,1,2500,2.0,1.9706,0.0294,1.468,2500,1018,1482,0,0.6916,0.4072,1
0.7,tail_heavy,0.5,1,0.5,blind,0.2,2,2500,2.0,1.9696,0.0304,1.52,2500,1020,1480,0,0.69,0.408,1
0.7,tail_heavy,0.5,1,0.5,blind,0.2,3,2500,2.0,1.9332,0.0668,3.34,2500,1090,1410,0,0.694,0.436,1
0.7,tail_heavy,0.5,1,0.5,blind,0.2,4,2500,2.0,1.9774,0.0226,1.13,2500,1005,1495,0,0.68,0.402,1
0.7,tail_heavy,0.5,1,0.5,blind,0.2,5,2500,2.0,1.9686,0.0314,1.572,2500,1022,1478,0,0.6912,0.4088,1
0.7,tail_heavy,0.5,1,0.5,blind,0.2,6,2500,2.0,1.9426,0.0574,2.872,2500,1072,1428,0,0.7088,0.4288,1
0.7,tail_heavy,0.5,1,0.5,blind,0.3,0,2500,2.0,1.827,0.173,8.648,2500,1402,1098,0,0.6804,0.5608,1
0.7,tail_heavy,0.5,1,0.5,blind,0.3,1,2500,2.0,1.8117,0.1883,9.416,2500,1434,1066,0,0.6896,0.5736,1
0.7,tail_heavy,0.5,1,0.5,blind,0.3,2,2500,2.0,1.8208,0.1792,8.96,2500,1415,1085,0,0.688,0.566,1
0.7,tail_heavy,0.5,1,0.5,blind,0.3,3,2500,2.0,1.7958,0.2042,10.208,2500,1467,1033,0,0.7032,0.5868,1
0.7,tail_heavy,0.5,1,0.5,blind,0.3,4,2500,2.0,1.829,0.171,8.552,2500,1398,1102,0,0.6956,0.5592,1
0.7,tail_heavy,0.5,1,0.5,blind,0.3,5,2500,2.0,1.803,0.197,9.848,2500,1452,1048,0,0.716,0.5808,1
0.7,tail_heavy,0.5,1,0.5,blind,0.3,6,2500,2.0,1.7901,0.2099,10.496,2500,1479,1021,0,0.714,0.5916,1
0.7,tail_heavy,0.5,1,0.5,blind,0.5,0,2500,2.0,1.7692,0.2308,11.54,2500,1827,673,0,0.698,0.7308,1
0.7,tail_heavy,0.5,1,0.5,blind,0.5,1,2500,2.0,1.7776,0.2224,11.12,2500,1806,694,0,0.6944,0.7224,1
0.7,tail_heavy,0.5,1,0.5,blind,0.5,2,2500,2.0,1.7732,0.2268,11.34,2500,1817,683,0,0.6924,0.7268,1
0.7,tail_heavy,0.5,1,0.5,blind,0.5,3,2500,2.0,1.774,0.226,11.3,2500,1815,685,0,0.7,0.726,1
0.7,tail_heavy,0.5,1,0.5,blind,0.5,4,2500,2.0,1.7696,0.2304,11.52,2500,1826,674,0,0.696,0.7304,1
0.7,tail_heavy,0.5,1,0.5,blind,0.5,5,2500,2.0,1.7748,0.2252,11.26,2500,1813,687,0,0.6964,0.7252,1
0.7,tail_heavy,0.5,1,0.5,blind,0.5,6,2500,2.0,1.7848,0.2152,10.76,2500,1788,712,0,0.6764,0.7152,1
0.7,tail_heavy,0.5,1,1.0,blind,0.2,0,2500,2.0,2.2404,-0.2404,-12.02,2500,1055,1445,0,0.6944,0.422,0
0.7,tail_heavy,0.5,1,1.0,blind,0.2,1,2500,2.0,2.2548,-0.2548,-12.74,2500,1035,1465,0,0.7052,0.414,0
0.7,tail_heavy,0.5,1,1.0,blind,0.2,2,2500,2.0,2.249,-0.249,-12.452,2500,1043,1457,0,0.704,0.4172,0
0.7,tail_heavy,0.5,1,1.0,blind,0.2,3,2500,2.0,2.226,-0.226,-11.3,2500,1075,1425,0,0.7,0.43,0
0.7,tail_heavy,0.5,1,1.0,blind,0.2,4,2500,2.0,2.2447,-0.2447,-12.236,2500,1049,1451,0,0.694,0.4196,0
0.7,tail_heavy,0.5,1,1.0,blind,0.2,5,2500,2.0,2.2447,-0.2447,-12.236,2500,1049,1451,0,0.7028,0.4196,0
0.7,tail_heavy,0.5,1,1.0,blind,0.2,6,2500,2.0,2.2231,-0.2231,-11.156,2500,1079,1421,0,0.706,0.4316,0
0.7,tail_heavy,0.5,1,1.0,blind,0.3,0,2500,2.0,2.012,-0.012,-0.598,2500,1453,1047,0,0.7108,0.5812,0
0.7,tail_heavy,0.5,1,1.0,blind,0.3,1,2500,2.0,2.0147,-0.0147,-0.734,2500,1449,1051,0,0.7052,0.5796,0
0.7,tail_heavy,0.5,1,1.0,blind,0.3,2,2500,2.0,2.0337,-0.0337,-1.686,2500,1421,1079,0,0.6896,0.5684,0
0.7,tail_heavy,0.5,1,1.0,blind,0.3,3,2500,2.0,2.0439,-0.0439,-2.196,2500,1406,1094,0,0.6896,0.5624,0
0.7,tail_heavy,0.5,1,1.0,blind,0.3,4,2500,2.0,2.0364,-0.0364,-1.822,2500,1417,1083,0,0.6948,0.5668,0
0.7,tail_heavy,0.5,1,1.0,blind,0.3,5,2500,2.0,2.0181,-0.0181,-0.904,2500,1444,1056,0,0.6904,0.5776,0
0.7,tail_heavy,0.5,1,1.0,blind,0.3,6,2500,2.0,2.0412,-0.0412,-2.06,2500,1410,1090,0,0.7068,0.564,0
0.7,tail_heavy,0.5,1,1.0,blind,0.5,0,2500,2.0,1.9122,0.0878,4.39,2500,1813,687,0,0.7004,0.7252,1
0.7,tail_heavy,0.5,1,1.0,blind,0.5,1,2500,2.0,1.9254,0.0746,3.73,2500,1791,709,0,0.6844,0.7164,1
0.7,tail_heavy,0.5,1,1.0,blind,0.5,2,2500,2.0,1.9068,0.0932,4.66,2500,1822,678,0,0.6996,0.7288,1
0.7,tail_heavy,0.5,1,1.0,blind,0.5,3,2500,2.0,1.8978,0.1022,5.11,2500,1837,663,0,0.7028,0.7348,1
0.7,tail_heavy,0.5,1,1.0,blind,0.5,4,2500,2.0,1.8954,0.1046,5.23,2500,1841,659,0,0.7024,0.7364,1
0.7,tail_heavy,0.5,1,1.0,blind,0.5,5,2500,2.0,1.8882,0.1118,5.59,2500,1853,647,0,0.7116,0.7412,1
0.7,tail_heavy,0.5,1,1.0,blind,0.5,6,2500,2.0,1.9158,0.0842,4.21,2500,1807,693,0,0.6896,0.7228,1
0.7,tail_heavy,0.5,1,2.0,blind,0.2,0,2500,2.0,2.8778,-0.8778,-43.888,2500,1002,1498,0,0.6852,0.4008,0
0.7,tail_heavy,0.5,1,2.0,blind,0.2,1,2500,2.0,2.8274,-0.8274,-41.368,2500,1047,1453,0,0.7116,0.4188,0
0.7,tail_heavy,0.5,1,2.0,blind,0.2,2,2500,2.0,2.8307,-0.8307,-41.536,2500,1044,1456,0,0.708,0.4176,0
0.7,tail_heavy,0.5,1,2.0,blind,0.2,3,2500,2.0,2.8408,-0.8408,-42.04,2500,1035,1465,0,0.6976,0.414,0
0.7,tail_heavy,0.5,1,2.0,blind,0.2,4,2500,2.0,2.7747,-0.7747,-38.736,2500,1094,1406,0,0.7044,0.4376,0
0.7,tail_heavy,0.5,1,2.0,blind,0.2,5,2500,2.0,2.8195,-0.8195,-40.976,2500,1054,1446,0,0.6936,0.4216,0
0.7,tail_heavy,0.5,1,2.0,blind,0.2,6,2500,2.0,2.7904,-0.7904,-39.52,2500,1080,1420,0,0.7116,0.432,0
0.7,tail_heavy,0.5,1,2.0,blind,0.3,0,2500,2.0,2.4459,-0.4459,-22.294,2500,1439,1061,0,0.7036,0.5756,0
0.7,tail_heavy,0.5,1,2.0,blind,0.3,1,2500,2.0,2.4243,-0.4243,-21.214,2500,1459,1041,0,0.7056,0.5836,0
0.7,tail_heavy,0.5,1,2.0,blind,0.3,2,2500,2.0,2.447,-0.447,-22.348,2500,1438,1062,0,0.702,0.5752,0
0.7,tail_heavy,0.5,1,2.0,blind,0.3,3,2500,2.0,2.4578,-0.4578,-22.888,2500,1428,1072,0,0.712,0.5712,0
0.7,tail_heavy,0.5,1,2.0,blind,0.3,4,2500,2.0,2.4416,-0.4416,-22.078,2500,1443,1057,0,0.6984,0.5772,0
0.7,tail_heavy,0.5,1,2.0,blind,0.3,5,2500,2.0,2.4264,-0.4264,-21.322,2500,1457,1043,0,0.7048,0.5828,0
0.7,tail_heavy,0.5,1,2.0,blind,0.3,6,2500,2.0,2.4664,-0.4664,-23.32,2500,1420,1080,0,0.6912,0.568,0
0.7,tail_heavy,0.5,1,2.0,blind,0.5,0,2500,2.0,2.155,-0.155,-7.75,2500,1845,655,0,0.7068,0.738,0
0.7,tail_heavy,0.5,1,2.0,blind,0.5,1,2500,2.0,2.186,-0.186,-9.3,2500,1814,686,0,0.704,0.7256,0
0.7,tail_heavy,0.5,1,2.0,blind,0.5,2,2500,2.0,2.149,-0.149,-7.45,2500,1851,649,0,0.7084,0.7404,0
0.7,tail_heavy,0.5,1,2.0,blind,0.5,3,2500,2.0,2.172,-0.172,-8.6,2500,1828,672,0,0.7,0.7312,0
0.7,tail_heavy,0.5,1,2.0,blind,0.5,4,2500,2.0,2.176,-0.176,-8.8,2500,1824,676,0,0.7108,0.7296,0
0.7,tail_heavy,0.5,1,2.0,blind,0.5,5,2500,2.0,2.206,-0.206,-10.3,2500,1794,706,0,0.6868,0.7176,0
0.7,tail_heavy,0.5,1,2.0,blind,0.5,6,2500,2.0,2.228,-0.228,-11.4,2500,1772,728,0,0.6856,0.7088,0
0.7,tail_heavy,0.5,2,0.5,blind,0.2,0,2500,3.0,2.6079,0.3921,13.069,2500,1062,1438,0,0.7032,0.4248,1
0.7,tail_heavy,0.5,2,0.5,blind,0.2,1,2500,3.0,2.6037,0.3963,13.209,2500,1067,1433,0,0.7008,0.4268,1
0.7,tail_heavy,0.5,2,0.5,blind,0.2,2,2500,3.0,2.602,0.398,13.265,2500,1069,1431,0,0.7112,0.4276,1
0.7,tail_heavy,0.5,2,0.5,blind,0.2,3,2500,3.0,2.6239,0.3761,12.537,2500,1043,1457,0,0.7084,0.4172,1
0.7,tail_heavy,0.5,2,0.5,blind,0.2,4,2500,3.0,2.6121,0.3879,12.929,2500,1057,1443,0,0.7028,0.4228,1
0.7,tail_heavy,0.5,2,0.5,blind,0.2,5,2500,3.0,2.6062,0.3938,13.125,2500,1064,1436,0,0.724,0.4256,1
0.7,tail_heavy,0.5,2,0.5,blind,0.2,6,2500,3.0,2.5995,0.4005,13.349,2500,1072,1428,0,0.7032,0.4288,1
0.7,tail_heavy,0.5,2,0.5,blind,0.3,0,2500,3.0,2.4314,0.5686,18.952,2500,1406,1094,0,0.6904,0.5624,1
0.7,tail_heavy,0.5,2,0.5,blind,0.3,1,2500,3.0,2.4345,0.5655,18.851,2500,1402,1098,0,0.6828,0.5608,1
0.7,tail_heavy,0.5,2,0.5,blind,0.3,2,2500,3.0,2.4071,0.5929,19.763,2500,1438,1062,0,0.7016,0.5752,1
0.7,tail_heavy,0.5,2,0.5,blind,0.3,3,2500,3.0,2.3866,0.6134,20.447,2500,1465,1035,0,0.7128,0.586,1
0.7,tail_heavy,0.5,2,0.5,blind,0.3,4,2500,3.0,2.4596,0.5404,18.015,2500,1369,1131,0,0.6844,0.5476,1
0.7,tail_heavy,0.5,2,0.5,blind,0.3,5,2500,3.0,2.4026,0.5974,19.915,2500,1444,1056,0,0.7108,0.5776,1
0.7,tail_heavy,0.5,2,0.5,blind,0.3,6,2500,3.0,2.4048,0.5952,19.839,2500,1441,1059,0,0.6884,0.5764,1
0.7,tail_heavy,0.5,2,0.5,blind,0.5,0,2500,3.0,2.3924,0.6076,20.253,2500,1846,654,0,0.7096,0.7384,1
0.7,tail_heavy,0.5,2,0.5,blind,0.5,1,2500,3.0,2.4224,0.5776,19.253,2500,1796,704,0,0.6864,0.7184,1
0.7,tail_heavy,0.5,2,0.5,blind,0.5,2,2500,3.0,2.4098,0.5902,19.673,2500,1817,683,0,0.7004,0.7268,1
0.7,tail_heavy,0.5,2,0.5,blind,0.5,3,2500,3.0,2.417,0.583,19.433,2500,1805,695,0,0.6976,0.722,1
0.7,tail_heavy,0.5,2,0.5,blind,0.5,4,2500,3.0,2.405,0.595,19.833,2500,1825,675,0,0.7092,0.73,1
0.7,tail_heavy,0.5,2,0.5,blind,0.5,5,2500,3.0,2.42,0.58,19.333,2500,1800,700,0,0.6892,0.72,1
0.7,tail_heavy,0.5,2,0.5,blind,0.5,6,2500,3.0,2.3858,0.6142,20.473,2500,1857,643,0,0.706,0.7428,1
0.7,tail_heavy,0.5,2,1.0,blind,0.2,0,2500,3.0,2.9194,0.0806,2.685,2500,1039,1461,0,0.6916,0.4156,1
0.7,tail_heavy,0.5,2,1.0,blind,0.2,1,2500,3.0,2.8872,0.1128,3.76,2500,1070,1430,0,0.6988,0.428,1
0.7,tail_heavy,0.5,2,1.0,blind,0.2,2,2500,3.0,2.9621,0.0379,1.264,2500,998,1502,0,0.684,0.3992,1
0.7,tail_heavy,0.5,2,1.0,blind,0.2,3,2500,3.0,2.8778,0.1222,4.072,2500,1079,1421,0,0.7168,0.4316,1
0.7,tail_heavy,0.5,2,1.0,blind,0.2,4,2500,3.0,2.8591,0.1409,4.696,2500,1097,1403,0,0.7148,0.4388,1
0.7,tail_heavy,0.5,2,1.0,blind,0.2,5,2500,3.0,2.935,0.065,2.165,2500,1024,1476,0,0.6964,0.4096,1
0.7,tail_heavy,0.5,2,1.0,blind,0.2,6,2500,3.0,2.9506,0.0494,1.645,2500,1009,1491,0,0.6816,0.4036,1
0.7,tail_heavy,0.5,2,1.0,blind,0.3,0,2500,3.0,2.6618,0.3382,11.275,2500,1394,1106,0,0.6796,0.5576,1
0.7,tail_heavy,0.5,2,1.0,blind,0.3,1,2500,3.0,2.6426,0.3574,11.915,2500,1414,1086,0,0.6816,0.5656,1
0.7,tail_heavy,0.5,2,1.0,blind,0.3,2,2500,3.0,2.6214,0.3786,12.619,2500,1436,1064,0,0.7076,0.5744,1
0.7,tail_heavy,0.5,2,1.0,blind,0.3,3,2500,3.0,2.5763,0.4237,14.123,2500,1483,1017,0,0.7136,0.5932,1
0.7,tail_heavy,0.5,2,1.0,blind,0.3,4,2500,3.0,2.6022,0.3978,13.259,2500,1456,1044,0,0.6956,0.5824,1
0.7,tail_heavy,0.5,2,1.0,blind,0.3,5,2500,3.0,2.6646,0.3354,11.179,2500,1391,1109,0,0.674,0.5564,1
0.7,tail_heavy,0.5,2,1.0,blind,0.3,6,2500,3.0,2.584,0.416,13.867,2500,1475,1025,0,0.7072,0.59,1
0.7,tail_heavy,0.5,2,1.0,blind,0.5,0,2500,3.0,2.544,0.456,15.2,2500,1820,680,0,0.708,0.728,1
0.7,tail_heavy,0.5,2,1.0,blind,0.5,1,2500,3.0,2.5752,0.4248,14.16,2500,1781,719,0,0.6892,0.7124,1
0.7,tail_heavy,0.5,2,1.0,blind,0.5,2,2500,3.0,2.5736,0.4264,14.213,2500,1783,717,0,0.6868,0.7132,1
0.7,tail_heavy,0.5,2,1.0,blind,0.5,3,2500,3.0,2.5216,0.4784,15.947,2500,1848,652,0,0.7068,0.7392,1
0.7,tail_heavy,0.5,2,1.0,blind,0.5,4,2500,3.0,2.5432,0.4568,15.227,2500,1821,679,0,0.7156,0.7284,1
0.7,tail_heavy,0.5,2,1.0,blind,0.5,5,2500,3.0,2.5176,0.4824,16.08,2500,1853,647,0,0.7144,0.7412,1
0.7,tail_heavy,0.5,2,1.0,blind,0.5,6,2500,3.0,2.5496,0.4504,15.013,2500,1813,687,0,0.706,0.7252,1
0.7,tail_heavy,0.5,2,2.0,blind,0.2,0,2500,3.0,3.4362,-0.4362,-14.539,2500,1086,1414,0,0.7084,0.4344,0
0.7,tail_heavy,0.5,2,2.0,blind,0.2,1,2500,3.0,3.4693,-0.4693,-15.643,2500,1063,1437,0,0.712,0.4252,0
0.7,tail_heavy,0.5,2,2.0,blind,0.2,2,2500,3.0,3.4837,-0.4837,-16.123,2500,1053,1447,0,0.6948,0.4212,0
0.7,tail_heavy,0.5,2,2.0,blind,0.2,3,2500,3.0,3.5082,-0.5082,-16.939,2500,1036,1464,0,0.6904,0.4144,0
0.7,tail_heavy,0.5,2,2.0,blind,0.2,4,2500,3.0,3.5398,-0.5398,-17.995,2500,1014,1486,0,0.6864,0.4056,0
0.7,tail_heavy,0.5,2,2.0,blind,0.2,5,2500,3.0,3.4448,-0.4448,-14.827,2500,1080,1420,0,0.6964,0.432,0
0.7,tail_heavy,0.5,2,2.0,blind,0.2,6,2500,3.0,3.475,-0.475,-15.835,2500,1059,1441,0,0.6884,0.4236,0
0.7,tail_heavy,0.5,2,2.0,blind,0.3,0,2500,3.0,3.0566,-0.0566,-1.885,2500,1429,1071,0,0.6952,0.5716,0
0.7,tail_heavy,0.5,2,2.0,blind,0.3,1,2500,3.0,3.0579,-0.0579,-1.931,2500,1428,1072,0,0.7076,0.5712,0
0.7,tail_heavy,0.5,2,2.0,blind,0.3,2,2500,3.0,3.0824,-0.0824,-2.747,2500,1410,1090,0,0.6784,0.564,0
0.7,tail_heavy,0.5,2,2.0,blind,0.3,3,2500,3.0,3.0266,-0.0266,-0.888,2500,1451,1049,0,0.7048,0.5804,0
0.7,tail_heavy,0.5,2,2.0,blind,0.3,4,2500,3.0,3.0239,-0.0239,-0.797,2500,1453,1047,0,0.7104,0.5812,0
0.7,tail_heavy,0.5,2,2.0,blind,0.3,5,2500,3.0,3.043,-0.043,-1.432,2500,1439,1061,0,0.6896,0.5756,0
0.7,tail_heavy,0.5,2,2.0,blind,0.3,6,2500,3.0,2.9668,0.0332,1.107,2500,1495,1005,0,0.7208,0.598,1
0.7,tail_heavy,0.5,2,2.0,blind,0.5,0,2500,3.0,2.8352,0.1648,5.493,2500,1804,696,0,0.6896,0.7216,1
0.7,tail_heavy,0.5,2,2.0,blind,0.5,1,2500,3.0,2.8172,0.1828,6.093,2500,1819,681,0,0.7024,0.7276,1
0.7,tail_heavy,0.5,2,2.0,blind,0.5,2,2500,3.0,2.8304,0.1696,5.653,2500,1808,692,0,0.696,0.7232,1
0.7,tail_heavy,0.5,2,2.0,blind,0.5,3,2500,3.0,2.8004,0.1996,6.653,2500,1833,667,0,0.6972,0.7332,1
0.7,tail_heavy,0.5,2,2.0,blind,0.5,4,2500,3.0,2.8244,0.1756,5.853,2500,1813,687,0,0.7,0.7252,1
0.7,tail_heavy,0.5,2,2.0,blind,0.5,5,2500,3.0,2.81,0.19,6.333,2500,1825,675,0,0.7024,0.73,1
0.7,tail_heavy,0.5,2,2.0,blind,0.5,6,2500,3.0,2.8604,0.1396,4.653,2500,1783,717,0,0.6796,0.7132,1
0.7,tail_heavy,0.5,4,0.5,blind,0.2,0,2500,5.0,4.0067,0.9933,19.866,2500,1009,1491,0,0.698,0.4036,1
0.7,tail_heavy,0.5,4,0.5,blind,0.2,1,2500,5.0,3.9282,1.0718,21.435,2500,1062,1438,0,0.7408,0.4248,1
0.7,tail_heavy,0.5,4,0.5,blind,0.2,2,2500,5.0,3.9475,1.0525,21.05,2500,1049,1451,0,0.6964,0.4196,1
0.7,tail_heavy,0.5,4,0.5,blind,0.2,3,2500,5.0,3.8868,1.1132,22.264,2500,1090,1410,0,0.7152,0.436,1
0.7,tail_heavy,0.5,4,0.5,blind,0.2,4,2500,5.0,3.9815,1.0185,20.37,2500,1026,1474,0,0.7084,0.4104,1
0.7,tail_heavy,0.5,4,0.5,blind,0.2,5,2500,5.0,4.0126,0.9874,19.748,2500,1005,1495,0,0.684,0.402,1
0.7,tail_heavy,0.5,4,0.5,blind,0.2,6,2500,5.0,3.9194,1.0806,21.613,2500,1068,1432,0,0.718,0.4272,1
0.7,tail_heavy,0.5,4,0.5,blind,0.3,0,2500,5.0,3.5715,1.4285,28.57,2500,1461,1039,0,0.7024,0.5844,1
0.7,tail_heavy,0.5,4,0.5,blind,0.3,1,2500,5.0,3.5662,1.4338,28.676,2500,1465,1035,0,0.7156,0.586,1
0.7,tail_heavy,0.5,4,0.5,blind,0.3,2,2500,5.0,3.656,1.344,26.881,2500,1397,1103,0,0.6844,0.5588,1
0.7,tail_heavy,0.5,4,0.5,blind,0.3,3,2500,5.0,3.619,1.381,27.62,2500,1425,1075,0,0.696,0.57,1
0.7,tail_heavy,0.5,4,0.5,blind,0.3,4,2500,5.0,3.6401,1.3599,27.198,2500,1409,1091,0,0.7004,0.5636,1
0.7,tail_heavy,0.5,4,0.5,blind,0.3,5,2500,5.0,3.6269,1.3731,27.462,2500,1419,1081,0,0.7068,0.5676,1
0.7,tail_heavy,0.5,4,0.5,blind,0.3,6,2500,5.0,3.615,1.385,27.699,2500,1428,1072,0,0.7016,0.5712,1
0.7,tail_heavy,0.5,4,0.5,blind,0.5,0,2500,5.0,3.668,1.332,26.64,2500,1832,668,0,0.7032,0.7328,1
0.7,tail_heavy,0.5,4,0.5,blind,0.5,1,2500,5.0,3.71,1.29,25.8,2500,1790,710,0,0.6856,0.716,1
0.7,tail_heavy,0.5,4,0.5,blind,0.5,2,2500,5.0,3.663,1.337,26.74,2500,1837,663,0,0.6984,0.7348,1
0.7,tail_heavy,0.5,4,0.5,blind,0.5,3,2500,5.0,3.667,1.333,26.66,2500,1833,667,0,0.7068,0.7332,1
0.7,tail_heavy,0.5,4,0.5,blind,0.5,4,2500,5.0,3.633,1.367,27.34,2500,1867,633,0,0.708,0.7468,1
0.7,tail_heavy,0.5,4,0.5,blind,0.5,5,2500,5.0,3.699,1.301,26.02,2500,1801,699,0,0.6948,0.7204,1
0.7,tail_heavy,0.5,4,0.5,blind,0.5,6,2500,5.0,3.682,1.318,26.36,2500,1818,682,0,0.6936,0.7272,1
0.7,tail_heavy,0.5,4,1.0,blind,0.2,0,2500,5.0,4.2427,0.7573,15.146,2500,1046,1454,0,0.698,0.4184,1
0.7,tail_heavy,0.5,4,1.0,blind,0.2,1,2500,5.0,4.2562,0.7438,14.877,2500,1038,1462,0,0.6996,0.4152,1
0.7,tail_heavy,0.5,4,1.0,blind,0.2,2,2500,5.0,4.2091,0.7909,15.818,2500,1066,1434,0,0.706,0.4264,1
0.7,tail_heavy,0.5,4,1.0,blind,0.2,3,2500,5.0,4.1537,0.8463,16.926,2500,1099,1401,0,0.6924,0.4396,1
0.7,tail_heavy,0.5,4,1.0,blind,0.2,4,2500,5.0,4.2797,0.7203,14.406,2500,1024,1476,0,0.684,0.4096,1
0.7,tail_heavy,0.5,4,1.0,blind,0.2,5,2500,5.0,4.2377,0.7623,15.246,2500,1049,1451,0,0.6984,0.4196,1
0.7,tail_heavy,0.5,4,1.0,blind,0.2,6,2500,5.0,4.2898,0.7102,14.205,2500,1018,1482,0,0.6892,0.4072,1
0.7,tail_heavy,0.5,4,1.0,blind,0.3,0,2500,5.0,3.8826,1.1174,22.347,2500,1393,1107,0,0.69,0.5572,1
0.7,tail_heavy,0.5,4,1.0,blind,0.3,1,2500,5.0,3.8553,1.1447,22.894,2500,1411,1089,0,0.6948,0.5644,1
0.7,tail_heavy,0.5,4,1.0,blind,0.3,2,2500,5.0,3.799,1.201,24.019,2500,1448,1052,0,0.7084,0.5792,1
0.7,tail_heavy,0.5,4,1.0,blind,0.3,3,2500,5.0,3.837,1.163,23.259,2500,1423,1077,0,0.69,0.5692,1
0.7,tail_heavy,0.5,4,1.0,blind,0.3,4,2500,5.0,3.7519,1.2481,24.962,2500,1479,1021,0,0.7108,0.5916,1
0.7,tail_heavy,0.5,4,1.0,blind,0.3,5,2500,5.0,3.8112,1.1888,23.776,2500,1440,1060,0,0.7036,0.576,1
0.7,tail_heavy,0.5,4,1.0,blind,0.3,6,2500,5.0,3.7261,1.2739,25.478,2500,1496,1004,0,0.708,0.5984,1
0.7,tail_heavy,0.5,4,1.0,blind,0.5,0,2500,5.0,3.798,1.202,24.04,2500,1835,665,0,0.7128,0.734,1
0.7,tail_heavy,0.5,4,1.0,blind,0.5,1,2500,5.0,3.7812,1.2188,24.376,2500,1849,651,0,0.7124,0.7396,1
0.7,tail_heavy,0.5,4,1.0,blind,0.5,2,2500,5.0,3.8304,1.1696,23.392,2500,1808,692,0,0.6988,0.7232,1
0.7,tail_heavy,0.5,4,1.0,blind,0.5,3,2500,5.0,3.8556,1.1444,22.888,2500,1787,713,0,0.6916,0.7148,1
0.7,tail_heavy,0.5,4,1.0,blind,0.5,4,2500,5.0,3.8208,1.1792,23.584,2500,1816,684,0,0.6988,0.7264,1
0.7,tail_heavy,0.5,4,1.0,blind,0.5,5,2500,5.0,3.8136,1.1864,23.728,2500,1822,678,0,0.6992,0.7288,1
0.7,tail_heavy,0.5,4,1.0,blind,0.5,6,2500,5.0,3.8568,1.1432,22.864,2500,1786,714,0,0.6816,0.7144,1
0.7,tail_heavy,0.5,4,2.0,blind,0.2,0,2500,5.0,4.7806,0.2194,4.387,2500,1067,1433,0,0.6964,0.4268,1
0.7,tail_heavy,0.5,4,2.0,blind,0.2,1,2500,5.0,4.8784,0.1216,2.432,2500,1020,1480,0,0.6836,0.408,1
0.7,tail_heavy,0.5,4,2.0,blind,0.2,2,2500,5.0,4.843,0.157,3.139,2500,1037,1463,0,0.7132,0.4148,1
0.7,tail_heavy,0.5,4,2.0,blind,0.2,3,2500,5.0,4.764,0.236,4.72,2500,1075,1425,0,0.7092,0.43,1
0.7,tail_heavy,0.5,4,2.0,blind,0.2,4,2500,5.0,4.8826,0.1174,2.349,2500,1018,1482,0,0.6748,0.4072,1
0.7,tail_heavy,0.5,4,2.0,blind,0.2,5,2500,5.0,4.791,0.209,4.179,2500,1062,1438,0,0.7,0.4248,1
0.7,tail_heavy,0.5,4,2.0,blind,0.2,6,2500,5.0,4.8888,0.1112,2.224,2500,1015,1485,0,0.6904,0.406,1
0.7,tail_heavy,0.5,4,2.0,blind,0.3,0,2500,5.0,4.2755,0.7245,14.49,2500,1419,1081,0,0.698,0.5676,1
0.7,tail_heavy,0.5,4,2.0,blind,0.3,1,2500,5.0,4.2736,0.7264,14.528,2500,1420,1080,0,0.6996,0.568,1
0.7,tail_heavy,0.5,4,2.0,blind,0.3,2,2500,5.0,4.287,0.713,14.259,2500,1413,1087,0,0.6956,0.5652,1
0.7,tail_heavy,0.5,4,2.0,blind,0.3,3,2500,5.0,4.2832,0.7168,14.336,2500,1415,1085,0,0.6976,0.566,1
0.7,tail_heavy,0.5,4,2.0,blind,0.3,4,2500,5.0,4.2544,0.7456,14.912,2500,1430,1070,0,0.694,0.572,1
0.7,tail_heavy,0.5,4,2.0,blind,0.3,5,2500,5.0,4.2928,0.7072,14.144,2500,1410,1090,0,0.708,0.564,1
0.7,tail_heavy,0.5,4,2.0,blind,0.3,6,2500,5.0,4.239,0.761,15.219,2500,1438,1062,0,0.6976,0.5752,1
0.7,tail_heavy,0.5,4,2.0,blind,0.5,0,2500,5.0,4.0384,0.9616,19.232,2500,1851,649,0,0.7004,0.7404,1
0.7,tail_heavy,0.5,4,2.0,blind,0.5,1,2500,5.0,4.1232,0.8768,17.536,2500,1798,702,0,0.698,0.7192,1
0.7,tail_heavy,0.5,4,2.0,blind,0.5,2,2500,5.0,4.1344,0.8656,17.312,2500,1791,709,0,0.6884,0.7164,1
0.7,tail_heavy,0.5,4,2.0,blind,0.5,3,2500,5.0,4.0688,0.9312,18.624,2500,1832,668,0,0.7056,0.7328,1
0.7,tail_heavy,0.5,4,2.0,blind,0.5,4,2500,5.0,4.0912,0.9088,18.176,2500,1818,682,0,0.7004,0.7272,1
0.7,tail_heavy,0.5,4,2.0,blind,0.5,5,2500,5.0,4.0976,0.9024,18.048,2500,1814,686,0,0.7004,0.7256,1
0.7,tail_heavy,0.5,4,2.0,blind,0.5,6,2500,5.0,4.0848,0.9152,18.304,2500,1822,678,0,0.6996,0.7288,1
0.7,tail_heavy,0.5,8,0.5,blind,0.2,0,2500,9.0,6.6324,2.3676,26.307,2500,1039,1461,0,0.692,0.4156,1
0.7,tail_heavy,0.5,8,0.5,blind,0.2,1,2500,9.0,6.5827,2.4173,26.859,2500,1057,1443,0,0.69,0.4228,1
0.7,tail_heavy,0.5,8,0.5,blind,0.2,2,2500,9.0,6.5468,2.4532,27.258,2500,1070,1430,0,0.702,0.428,1
0.7,tail_heavy,0.5,8,0.5,blind,0.2,3,2500,9.0,6.6572,2.3428,26.031,2500,1030,1470,0,0.6844,0.412,1
0.7,tail_heavy,0.5,8,0.5,blind,0.2,4,2500,9.0,6.5799,2.4201,26.89,2500,1058,1442,0,0.6932,0.4232,1
0.7,tail_heavy,0.5,8,0.5,blind,0.2,5,2500,9.0,6.5937,2.4063,26.736,2500,1053,1447,0,0.6972,0.4212,1
0.7,tail_heavy,0.5,8,0.5,blind,0.2,6,2500,9.0,6.406,2.594,28.822,2500,1121,1379,0,0.7184,0.4484,1
0.7,tail_heavy,0.5,8,0.5,blind,0.3,0,2500,9.0,6.0645,2.9355,32.617,2500,1408,1092,0,0.6968,0.5632,1
0.7,tail_heavy,0.5,8,0.5,blind,0.3,1,2500,9.0,5.8766,3.1234,34.704,2500,1485,1015,0,0.7052,0.594,1
0.7,tail_heavy,0.5,8,0.5,blind,0.3,2,2500,9.0,5.9693,3.0307,33.674,2500,1447,1053,0,0.702,0.5788,1
0.7,tail_heavy,0.5,8,0.5,blind,0.3,3,2500,9.0,6.045,2.955,32.834,2500,1416,1084,0,0.696,0.5664,1
0.7,tail_heavy,0.5,8,0.5,blind,0.3,4,2500,9.0,6.0254,2.9746,33.051,2500,1424,1076,0,0.7028,0.5696,1
0.7,tail_heavy,0.5,8,0.5,blind,0.3,5,2500,9.0,5.901,3.099,34.433,2500,1475,1025,0,0.7028,0.59,1
0.7,tail_heavy,0.5,8,0.5,blind,0.3,6,2500,9.0,5.9864,3.0136,33.484,2500,1440,1060,0,0.6996,0.576,1
0.7,tail_heavy,0.5,8,0.5,blind,0.5,0,2500,9.0,6.278,2.722,30.244,2500,1790,710,0,0.688,0.716,1
0.7,tail_heavy,0.5,8,0.5,blind,0.5,1,2500,9.0,6.2438,2.7562,30.624,2500,1809,691,0,0.696,0.7236,1
0.7,tail_heavy,0.5,8,0.5,blind,0.5,2,2500,9.0,6.1754,2.8246,31.384,2500,1847,653,0,0.7168,0.7388,1
0.7,tail_heavy,0.5,8,0.5,blind,0.5,3,2500,9.0,6.2366,2.7634,30.704,2500,1813,687,0,0.7052,0.7252,1
0.7,tail_heavy,0.5,8,0.5,blind,0.5,4,2500,9.0,6.2654,2.7346,30.384,2500,1797,703,0,0.6944,0.7188,1
0.7,tail_heavy,0.5,8,0.5,blind,0.5,5,2500,9.0,6.2492,2.7508,30.564,2500,1806,694,0,0.6916,0.7224,1
0.7,tail_heavy,0.5,8,0.5,blind,0.5,6,2500,9.0,6.2204,2.7796,30.884,2500,1822,678,0,0.7024,0.7288,1
0.7,tail_heavy,0.5,8,1.0,blind,0.2,0,2500,9.0,6.8683,2.1317,23.685,2500,1058,1442,0,0.6944,0.4232,1
0.7,tail_heavy,0.5,8,1.0,blind,0.2,1,2500,9.0,6.9038,2.0962,23.291,2500,1046,1454,0,0.6956,0.4184,1
0.7,tail_heavy,0.5,8,1.0,blind,0.2,2,2500,9.0,6.8861,2.1139,23.488,2500,1052,1448,0,0.7008,0.4208,1
0.7,tail_heavy,0.5,8,1.0,blind,0.2,3,2500,9.0,6.9009,2.0991,23.324,2500,1047,1453,0,0.6916,0.4188,1
0.7,tail_heavy,0.5,8,1.0,blind,0.2,4,2500,9.0,6.895,2.105,23.389,2500,1049,1451,0,0.6944,0.4196,1
0.7,tail_heavy,0.5,8,1.0,blind,0.2,5,2500,9.0,6.9364,2.0636,22.929,2500,1035,1465,0,0.6868,0.414,1
0.7,tail_heavy,0.5,8,1.0,blind,0.2,6,2500,9.0,6.9098,2.0902,23.225,2500,1044,1456,0,0.7048,0.4176,1
0.7,tail_heavy,0.5,8,1.0,blind,0.3,0,2500,9.0,6.106,2.894,32.156,2500,1475,1025,0,0.7052,0.59,1
0.7,tail_heavy,0.5,8,1.0,blind,0.3,1,2500,9.0,6.1509,2.8491,31.657,2500,1458,1042,0,0.7076,0.5832,1
0.7,tail_heavy,0.5,8,1.0,blind,0.3,2,2500,9.0,6.0347,2.9653,32.948,2500,1502,998,0,0.7148,0.6008,1
0.7,tail_heavy,0.5,8,1.0,blind,0.3,3,2500,9.0,6.209,2.791,31.012,2500,1436,1064,0,0.7056,0.5744,1
0.7,tail_heavy,0.5,8,1.0,blind,0.3,4,2500,9.0,6.2618,2.7382,30.425,2500,1416,1084,0,0.6884,0.5664,1
0.7,tail_heavy,0.5,8,1.0,blind,0.3,5,2500,9.0,6.2037,2.7963,31.07,2500,1438,1062,0,0.7056,0.5752,1
0.7,tail_heavy,0.5,8,1.0,blind,0.3,6,2500,9.0,6.1535,2.8465,31.628,2500,1457,1043,0,0.7032,0.5828,1
0.7,tail_heavy,0.5,8,1.0,blind,0.5,0,2500,9.0,6.328,2.672,29.689,2500,1836,664,0,0.7048,0.7344,1
0.7,tail_heavy,0.5,8,1.0,blind,0.5,1,2500,9.0,6.358,2.642,29.356,2500,1821,679,0,0.6968,0.7284,1
0.7,tail_heavy,0.5,8,1.0,blind,0.5,2,2500,9.0,6.322,2.678,29.756,2500,1839,661,0,0.702,0.7356,1
0.7,tail_heavy,0.5,8,1.0,blind,0.5,3,2500,9.0,6.448,2.552,28.356,2500,1776,724,0,0.6884,0.7104,1
0.7,tail_heavy,0.5,8,1.0,blind,0.5,4,2500,9.0,6.392,2.608,28.978,2500,1804,696,0,0.7012,0.7216,1
0.7,tail_heavy,0.5,8,1.0,blind,0.5,5,2500,9.0,6.386,2.614,29.044,2500,1807,693,0,0.6948,0.7228,1
0.7,tail_heavy,0.5,8,1.0,blind,0.5,6,2500,9.0,6.326,2.674,29.711,2500,1837,663,0,0.7056,0.7348,1
0.7,tail_heavy,0.5,8,2.0,blind,0.2,0,2500,9.0,7.3914,1.6086,17.874,2500,1074,1426,0,0.7092,0.4296,1
0.7,tail_heavy,0.5,8,2.0,blind,0.2,1,2500,9.0,7.519,1.481,16.455,2500,1036,1464,0,0.6992,0.4144,1
0.7,tail_heavy,0.5,8,2.0,blind,0.2,2,2500,9.0,7.4216,1.5784,17.538,2500,1065,1435,0,0.7212,0.426,1
0.7,tail_heavy,0.5,8,2.0,blind,0.2,3,2500,9.0,7.5325,1.4675,16.306,2500,1032,1468,0,0.6928,0.4128,1
0.7,tail_heavy,0.5,8,2.0,blind,0.2,4,2500,9.0,7.5862,1.4138,15.708,2500,1016,1484,0,0.6964,0.4064,1
0.7,tail_heavy,0.5,8,2.0,blind,0.2,5,2500,9.0,7.6366,1.3634,15.148,2500,1001,1499,0,0.6928,0.4004,1
0.7,tail_heavy,0.5,8,2.0,blind,0.2,6,2500,9.0,7.5123,1.4877,16.53,2500,1038,1462,0,0.6992,0.4152,1
0.7,tail_heavy,0.5,8,2.0,blind,0.3,0,2500,9.0,6.7166,2.2834,25.371,2500,1409,1091,0,0.6996,0.5636,1
0.7,tail_heavy,0.5,8,2.0,blind,0.3,1,2500,9.0,6.6832,2.3168,25.742,2500,1420,1080,0,0.7032,0.568,1
0.7,tail_heavy,0.5,8,2.0,blind,0.3,2,2500,9.0,6.595,2.405,26.722,2500,1449,1051,0,0.6928,0.5796,1
0.7,tail_heavy,0.5,8,2.0,blind,0.3,3,2500,9.0,6.516,2.484,27.6,2500,1475,1025,0,0.7128,0.59,1
0.7,tail_heavy,0.5,8,2.0,blind,0.3,4,2500,9.0,6.6042,2.3958,26.62,2500,1446,1054,0,0.692,0.5784,1
0.7,tail_heavy,0.5,8,2.0,blind,0.3,5,2500,9.0,6.5981,2.4019,26.688,2500,1448,1052,0,0.702,0.5792,1
0.7,tail_heavy,0.5,8,2.0,blind,0.3,6,2500,9.0,6.6619,2.3381,25.979,2500,1427,1073,0,0.7,0.5708,1
0.7,tail_heavy,0.5,8,2.0,blind,0.5,0,2500,9.0,6.6536,2.3464,26.071,2500,1811,689,0,0.6948,0.7244,1
0.7,tail_heavy,0.5,8,2.0,blind,0.5,1,2500,9.0,6.6824,2.3176,25.751,2500,1799,701,0,0.6976,0.7196,1
0.7,tail_heavy,0.5,8,2.0,blind,0.5,2,2500,9.0,6.6944,2.3056,25.618,2500,1794,706,0,0.6976,0.7176,1
0.7,tail_heavy,0.5,8,2.0,blind,0.5,3,2500,9.0,6.6224,2.3776,26.418,2500,1824,676,0,0.708,0.7296,1
0.7,tail_heavy,0.5,8,2.0,blind,0.5,4,2500,9.0,6.6728,2.3272,25.858,2500,1803,697,0,0.6956,0.7212,1
0.7,tail_heavy,0.5,8,2.0,blind,0.5,5,2500,9.0,6.6176,2.3824,26.471,2500,1826,674,0,0.7024,0.7304,1
0.7,tail_heavy,0.5,8,2.0,blind,0.5,6,2500,9.0,6.6392,2.3608,26.231,2500,1817,683,0,0.6912,0.7268,1
0.9,uniform_heavy,0.5,0.25,0.5,blind,0.2,0,2500,1.25,1.3759,-0.1259,-10.074,2500,1336,1164,0,0.8968,0.5344,0
0.9,uniform_heavy,0.5,0.25,0.5,blind,0.2,1,2500,1.25,1.3835,-0.1335,-10.678,2500,1309,1191,0,0.8912,0.5236,0
0.9,uniform_heavy,0.5,0.25,0.5,blind,0.2,2,2500,1.25,1.3754,-0.1254,-10.029,2500,1338,1162,0,0.9052,0.5352,0
0.9,uniform_heavy,0.5,0.25,0.5,blind,0.2,3,2500,1.25,1.3672,-0.1172,-9.379,2500,1367,1133,0,0.896,0.5468,0
0.9,uniform_heavy,0.5,0.25,0.5,blind,0.2,4,2500,1.25,1.3656,-0.1156,-9.245,2500,1373,1127,0,0.9052,0.5492,0
0.9,uniform_heavy,0.5,0.25,0.5,blind,0.2,5,2500,1.25,1.3818,-0.1318,-10.544,2500,1315,1185,0,0.9068,0.526,0
0.9,uniform_heavy,0.5,0.25,0.5,blind,0.2,6,2500,1.25,1.3754,-0.1254,-10.029,2500,1338,1162,0,0.898,0.5352,0
0.9,uniform_heavy,0.5,0.25,0.5,blind,0.3,0,2500,1.25,1.2567,-0.0067,-0.537,2500,1827,673,0,0.91,0.7308,0
0.9,uniform_heavy,0.5,0.25,0.5,blind,0.3,1,2500,1.25,1.2599,-0.0099,-0.796,2500,1815,685,0,0.8852,0.726,0
0.9,uniform_heavy,0.5,0.25,0.5,blind,0.3,2,2500,1.25,1.2556,-0.0056,-0.45,2500,1831,669,0,0.9004,0.7324,0
0.9,uniform_heavy,0.5,0.25,0.5,blind,0.3,3,2500,1.25,1.2575,-0.0075,-0.602,2500,1824,676,0,0.9028,0.7296,0
0.9,uniform_heavy,0.5,0.25,0.5,blind,0.3,4,2500,1.25,1.2618,-0.0118,-0.947,2500,1808,692,0,0.9056,0.7232,0
0.9,uniform_heavy,0.5,0.25,0.5,blind,0.3,5,2500,1.25,1.2608,-0.0108,-0.861,2500,1812,688,0,0.9016,0.7248,0
0.9,uniform_heavy,0.5,0.25,0.5,blind,0.3,6,2500,1.25,1.2621,-0.0121,-0.969,2500,1807,693,0,0.8956,0.7228,0
0.9,uniform_heavy,0.5,0.25,0.5,blind,0.5,0,2500,1.25,1.1887,0.0613,4.9,2500,2245,255,0,0.902,0.898,1
0.9,uniform_heavy,0.5,0.25,0.5,blind,0.5,1,2500,1.25,1.1858,0.0642,5.14,2500,2257,243,0,0.9024,0.9028,1
0.9,uniform_heavy,0.5,0.25,0.5,blind,0.5,2,2500,1.25,1.1832,0.0668,5.34,2500,2267,233,0,0.896,0.9068,1
0.9,uniform_heavy,0.5,0.25,0.5,blind,0.5,3,2500,1.25,1.1805,0.0695,5.56,2500,2278,222,0,0.9036,0.9112,1
0.9,uniform_heavy,0.5,0.25,0.5,blind,0.5,4,2500,1.25,1.1872,0.0628,5.02,2500,2251,249,0,0.898,0.9004,1
0.9,uniform_heavy,0.5,0.25,0.5,blind,0.5,5,2500,1.25,1.1845,0.0655,5.24,2500,2262,238,0,0.9004,0.9048,1
0.9,uniform_heavy,0.5,0.25,0.5,blind,0.5,6,2500,1.25,1.184,0.066,5.28,2500,2264,236,0,0.9064,0.9056,1
0.9,uniform_heavy,0.5,0.25,1.0,blind,0.2,0,2500,1.25,1.5991,-0.3491,-27.93,2500,1356,1144,0,0.9068,0.5424,0
0.9,uniform_heavy,0.5,0.25,1.0,blind,0.2,1,2500,1.25,1.6183,-0.3683,-29.466,2500,1316,1184,0,0.9036,0.5264,0
0.9,uniform_heavy,0.5,0.25,1.0,blind,0.2,2,2500,1.25,1.6226,-0.3726,-29.811,2500,1307,1193,0,0.9012,0.5228,0
0.9,uniform_heavy,0.5,0.25,1.0,blind,0.2,3,2500,1.25,1.6217,-0.3717,-29.734,2500,1309,1191,0,0.894,0.5236,0
0.9,uniform_heavy,0.5,0.25,1.0,blind,0.2,4,2500,1.25,1.6198,-0.3698,-29.581,2500,1313,1187,0,0.9064,0.5252,0
0.9,uniform_heavy,0.5,0.25,1.0,blind,0.2,5,2500,1.25,1.6106,-0.3606,-28.851,2500,1332,1168,0,0.8988,0.5328,0
0.9,uniform_heavy,0.5,0.25,1.0,blind,0.2,6,2500,1.25,1.5866,-0.3366,-26.931,2500,1382,1118,0,0.902,0.5528,0
0.9,uniform_heavy,0.5,0.25,1.0,blind,0.3,0,2500,1.25,1.3918,-0.1418,-11.342,2500,1826,674,0,0.8936,0.7304,0
0.9,uniform_heavy,0.5,0.25,1.0,blind,0.3,1,2500,1.25,1.4016,-0.1516,-12.132,2500,1805,695,0,0.9008,0.722,0
0.9,uniform_heavy,0.5,0.25,1.0,blind,0.3,2,2500,1.25,1.4247,-0.1747,-13.974,2500,1756,744,0,0.892,0.7024,0
0.9,uniform_heavy,0.5,0.25,1.0,blind,0.3,3,2500,1.25,1.3678,-0.1178,-9.425,2500,1877,623,0,0.9104,0.7508,0
0.9,uniform_heavy,0.5,0.25,1.0,blind,0.3,4,2500,1.25,1.4012,-0.1512,-12.094,2500,1806,694,0,0.8972,0.7224,0
0.9,uniform_heavy,0.5,0.25,1.0,blind,0.3,5,2500,1.25,1.3932,-0.1432,-11.455,2500,1823,677,0,0.8948,0.7292,0
0.9,uniform_heavy,0.5,0.25,1.0,blind,0.3,6,2500,1.25,1.3885,-0.1385,-11.079,2500,1833,667,0,0.8996,0.7332,0
0.9,uniform_heavy,0.5,0.25,1.0,blind,0.5,0,2500,1.25,1.2213,0.0287,2.296,2500,2286,214,0,0.9048,0.9144,1
0.9,uniform_heavy,0.5,0.25,1.0,blind,0.5,1,2500,1.25,1.2249,0.0251,2.008,2500,2278,222,0,0.9036,0.9112,1
0.9,uniform_heavy,0.5,0.25,1.0,blind,0.5,2,2500,1.25,1.2312,0.0188,1.504,2500,2264,236,0,0.9,0.9056,1
0.9,uniform_heavy,0.5,0.25,1.0,blind,0.5,3,2500,1.25,1.2249,0.0251,2.008,2500,2278,222,0,0.9032,0.9112,1
0.9,uniform_heavy,0.5,0.25,1.0,blind,0.5,4,2500,1.25,1.2357,0.0143,1.144,2500,2254,246,0,0.8976,0.9016,1
0.9,uniform_heavy,0.5,0.25,1.0,blind,0.5,5,2500,1.25,1.2326,0.0174,1.396,2500,2261,239,0,0.9028,0.9044,1
0.9,uniform_heavy,0.5,0.25,1.0,blind,0.5,6,2500,1.25,1.2334,0.0166,1.324,2500,2259,241,0,0.9008,0.9036,1
0.9,uniform_heavy,0.5,0.25,2.0,blind,0.2,0,2500,1.25,2.1007,-0.8507,-68.058,2500,1306,1194,0,0.9016,0.5224,0
0.9,uniform_heavy,0.5,0.25,2.0,blind,0.2,1,2500,1.25,2.0488,-0.7988,-63.904,2500,1365,1135,0,0.9076,0.546,0
0.9,uniform_heavy,0.5,0.25,2.0,blind,0.2,2,2500,1.25,2.0972,-0.8472,-67.776,2500,1310,1190,0,0.8916,0.524,0
0.9,uniform_heavy,0.5,0.25,2.0,blind,0.2,3,2500,1.25,2.0928,-0.8428,-67.424,2500,1315,1185,0,0.9076,0.526,0
0.9,uniform_heavy,0.5,0.25,2.0,blind,0.2,4,2500,1.25,2.0796,-0.8296,-66.368,2500,1330,1170,0,0.8932,0.532,0
0.9,uniform_heavy,0.5,0.25,2.0,blind,0.2,5,2500,1.25,2.0796,-0.8296,-66.368,2500,1330,1170,0,0.8992,0.532,0
0.9,uniform_heavy,0.5,0.25,2.0,blind,0.2,6,2500,1.25,2.0761,-0.8261,-66.086,2500,1334,1166,0,0.9088,0.5336,0
0.9,uniform_heavy,0.5,0.25,2.0,blind,0.3,0,2500,1.25,1.6405,-0.3905,-31.24,2500,1850,650,0,0.9044,0.74,0
0.9,uniform_heavy,0.5,0.25,2.0,blind,0.3,1,2500,1.25,1.6883,-0.4383,-35.068,2500,1795,705,0,0.8992,0.718,0
0.9,uniform_heavy,0.5,0.25,2.0,blind,0.3,2,2500,1.25,1.6631,-0.4131,-33.05,2500,1824,676,0,0.9056,0.7296,0
0.9,uniform_heavy,0.5,0.25,2.0,blind,0.3,3,2500,1.25,1.7005,-0.4505,-36.042,2500,1781,719,0,0.8912,0.7124,0
0.9,uniform_heavy,0.5,0.25,2.0,blind,0.3,4,2500,1.25,1.6596,-0.4096,-32.771,2500,1828,672,0,0.8992,0.7312,0
0.9,uniform_heavy,0.5,0.25,2.0,blind,0.3,5,2500,1.25,1.6475,-0.3975,-31.797,2500,1842,658,0,0.906,0.7368,0
0.9,uniform_heavy,0.5,0.25,2.0,blind,0.3,6,2500,1.25,1.6927,-0.4427,-35.416,2500,1790,710,0,0.8936,0.716,0
0.9,uniform_heavy,0.5,0.25,2.0,blind,0.5,0,2500,1.25,1.3222,-0.0722,-5.776,2500,2268,232,0,0.8964,0.9072,0
0.9,uniform_heavy,0.5,0.25,2.0,blind,0.5,1,2500,1.25,1.3205,-0.0705,-5.64,2500,2270,230,0,0.9032,0.908,0
0.9,uniform_heavy,0.5,0.25,2.0,blind,0.5,2,2500,1.25,1.3188,-0.0688,-5.504,2500,2272,228,0,0.8968,0.9088,0
0.9,uniform_heavy,0.5,0.25,2.0,blind,0.5,3,2500,1.25,1.3214,-0.0714,-5.708,2500,2269,231,0,0.9004,0.9076,0
0.9,uniform_heavy,0.5,0.25,2.0,blind,0.5,4,2500,1.25,1.3027,-0.0527,-4.212,2500,2291,209,0,0.904,0.9164,0
0.9,uniform_heavy,0.5,0.25,2.0,blind,0.5,5,2500,1.25,1.329,-0.079,-6.32,2500,2260,240,0,0.9024,0.904,0
0.9,uniform_heavy,0.5,0.25,2.0,blind,0.5,6,2500,1.25,1.312,-0.062,-4.96,2500,2280,220,0,0.898,0.912,0
0.9,uniform_heavy,0.5,0.5,0.5,blind,0.2,0,2500,1.5,1.5255,-0.0255,-1.701,2500,1318,1182,0,0.906,0.5272,0
0.9,uniform_heavy,0.5,0.5,0.5,blind,0.2,1,2500,1.5,1.5237,-0.0237,-1.581,2500,1323,1177,0,0.906,0.5292,0
0.9,uniform_heavy,0.5,0.5,0.5,blind,0.2,2,2500,1.5,1.5169,-0.0169,-1.125,2500,1342,1158,0,0.8932,0.5368,0
0.9,uniform_heavy,0.5,0.5,0.5,blind,0.2,3,2500,1.5,1.5183,-0.0183,-1.221,2500,1338,1162,0,0.8916,0.5352,0
0.9,uniform_heavy,0.5,0.5,0.5,blind,0.2,4,2500,1.5,1.5169,-0.0169,-1.125,2500,1342,1158,0,0.8888,0.5368,0
0.9,uniform_heavy,0.5,0.5,0.5,blind,0.2,5,2500,1.5,1.5147,-0.0147,-0.981,2500,1348,1152,0,0.9044,0.5392,0
0.9,uniform_heavy,0.5,0.5,0.5,blind,0.2,6,2500,1.5,1.5306,-0.0306,-2.037,2500,1304,1196,0,0.9056,0.5216,0
0.9,uniform_heavy,0.5,0.5,0.5,blind,0.3,0,2500,1.5,1.3832,0.1168,7.784,2500,1814,686,0,0.9112,0.7256,1
0.9,uniform_heavy,0.5,0.5,0.5,blind,0.3,1,2500,1.5,1.3741,0.1259,8.396,2500,1841,659,0,0.9076,0.7364,1
0.9,uniform_heavy,0.5,0.5,0.5,blind,0.3,2,2500,1.5,1.3907,0.1093,7.285,2500,1792,708,0,0.9004,0.7168,1
0.9,uniform_heavy,0.5,0.5,0.5,blind,0.3,3,2500,1.5,1.3883,0.1117,7.444,2500,1799,701,0,0.8836,0.7196,1
0.9,uniform_heavy,0.5,0.5,0.5,blind,0.3,4,2500,1.5,1.3921,0.1079,7.195,2500,1788,712,0,0.8964,0.7152,1
0.9,uniform_heavy,0.5,0.5,0.5,blind,0.3,5,2500,1.5,1.389,0.111,7.399,2500,1797,703,0,0.8824,0.7188,1
0.9,uniform_heavy,0.5,0.5,0.5,blind,0.3,6,2500,1.5,1.388,0.112,7.467,2500,1800,700,0,0.8912,0.72,1
0.9,uniform_heavy,0.5,0.5,0.5,blind,0.5,0,2500,1.5,1.3214,0.1786,11.907,2500,2262,238,0,0.9004,0.9048,1
0.9,uniform_heavy,0.5,0.5,0.5,blind,0.5,1,2500,1.5,1.3136,0.1864,12.427,2500,2288,212,0,0.9096,0.9152,1
0.9,uniform_heavy,0.5,0.5,0.5,blind,0.5,2,2500,1.5,1.3133,0.1867,12.447,2500,2289,211,0,0.8996,0.9156,1
0.9,uniform_heavy,0.5,0.5,0.5,blind,0.5,3,2500,1.5,1.3229,0.1771,11.807,2500,2257,243,0,0.8988,0.9028,1
0.9,uniform_heavy,0.5,0.5,0.5,blind,0.5,4,2500,1.5,1.3223,0.1777,11.847,2500,2259,241,0,0.8996,0.9036,1
0.9,uniform_heavy,0.5,0.5,0.5,blind,0.5,5,2500,1.5,1.3208,0.1792,11.947,2500,2264,236,0,0.9056,0.9056,1
0.9,uniform_heavy,0.5,0.5,0.5,blind,0.5,6,2500,1.5,1.3232,0.1768,11.787,2500,2256,244,0,0.8956,0.9024,1
0.9,uniform_heavy,0.5,0.5,1.0,blind,0.2,0,2500,1.5,1.753,-0.253,-16.864,2500,1334,1166,0,0.8956,0.5336,0
0.9,uniform_heavy,0.5,0.5,1.0,blind,0.2,1,2500,1.5,1.7625,-0.2625,-17.499,2500,1317,1183,0,0.898,0.5268,0
0.9,uniform_heavy,0.5,0.5,1.0,blind,0.2,2,2500,1.5,1.7563,-0.2563,-17.088,2500,1328,1172,0,0.9008,0.5312,0
0.9,uniform_heavy,0.5,0.5,1.0,blind,0.2,3,2500,1.5,1.7474,-0.2474,-16.491,2500,1344,1156,0,0.9052,0.5376,0
0.9,uniform_heavy,0.5,0.5,1.0,blind,0.2,4,2500,1.5,1.7468,-0.2468,-16.453,2500,1345,1155,0,0.902,0.538,0
0.9,uniform_heavy,0.5,0.5,1.0,blind,0.2,5,2500,1.5,1.7619,-0.2619,-17.461,2500,1318,1182,0,0.8948,0.5272,0
0.9,uniform_heavy,0.5,0.5,1.0,blind,0.2,6,2500,1.5,1.7468,-0.2468,-16.453,2500,1345,1155,0,0.9012,0.538,0
0.9,uniform_heavy,0.5,0.5,1.0,blind,0.3,0,2500,1.5,1.5053,-0.0053,-0.355,2500,1842,658,0,0.8912,0.7368,0
0.9,uniform_heavy,0.5,0.5,1.0,blind,0.3,1,2500,1.5,1.535,-0.035,-2.335,2500,1787,713,0,0.9012,0.7148,0
0.9,uniform_heavy,0.5,0.5,1.0,blind,0.3,2,2500,1.5,1.5307,-0.0307,-2.047,2500,1795,705,0,0.906,0.718,0
0.9,uniform_heavy,0.5,0.5,1.0,blind,0.3,3,2500,1.5,1.4853,0.0147,0.977,2500,1879,621,0,0.912,0.7516,1
0.9,uniform_heavy,0.5,0.5,1.0,blind,0.3,4,2500,1.5,1.5145,-0.0145,-0.967,2500,1825,675,0,0.9016,0.73,0
0.9,uniform_heavy,0.5,0.5,1.0,blind,0.3,5,2500,1.5,1.5123,-0.0123,-0.823,2500,1829,671,0,0.9008,0.7316,0
0.9,uniform_heavy,0.5,0.5,1.0,blind,0.3,6,2500,1.5,1.5264,-0.0264,-1.759,2500,1803,697,0,0.9056,0.7212,0
0.9,uniform_heavy,0.5,0.5,1.0,blind,0.5,0,2500,1.5,1.3635,0.1365,9.1,2500,2273,227,0,0.9004,0.9092,1
0.9,uniform_heavy,0.5,0.5,1.0,blind,0.5,1,2500,1.5,1.3785,0.1215,8.1,2500,2243,257,0,0.8916,0.8972,1
0.9,uniform_heavy,0.5,0.5,1.0,blind,0.5,2,2500,1.5,1.372,0.128,8.533,2500,2256,244,0,0.8944,0.9024,1
0.9,uniform_heavy,0.5,0.5,1.0,blind,0.5,3,2500,1.5,1.3675,0.1325,8.833,2500,2265,235,0,0.9156,0.906,1
0.9,uniform_heavy,0.5,0.5,1.0,blind,0.5,4,2500,1.5,1.3705,0.1295,8.633,2500,2259,241,0,0.9064,0.9036,1
0.9,uniform_heavy,0.5,0.5,1.0,blind,0.5,5,2500,1.5,1.3605,0.1395,9.3,2500,2279,221,0,0.906,0.9116,1
0.9,uniform_heavy,0.5,0.5,1.0,blind,0.5,6,2500,1.5,1.3695,0.1305,8.7,2500,2261,239,0,0.8908,0.9044,1
0.9,uniform_heavy,0.5,0.5,2.0,blind,0.2,0,2500,1.5,2.2578,-0.7578,-50.517,2500,1294,1206,0,0.8848,0.5176,0
0.9,uniform_heavy,0.5,0.5,2.0,blind,0.2,1,2500,1.5,2.275,-0.775,-51.669,2500,1276,1224,0,0.8968,0.5104,0
0.9,uniform_heavy,0.5,0.5,2.0,blind,0.2,2,2500,1.5,2.2357,-0.7357,-49.045,2500,1317,1183,0,0.9084,0.5268,0
0.9,uniform_heavy,0.5,0.5,2.0,blind,0.2,3,2500,1.5,2.2011,-0.7011,-46.741,2500,1353,1147,0,0.8976,0.5412,0
0.9,uniform_heavy,0.5,0.5,2.0,blind,0.2,4,2500,1.5,2.2002,-0.7002,-46.677,2500,1354,1146,0,0.906,0.5416,0
0.9,uniform_heavy,0.5,0.5,2.0,blind,0.2,5,2500,1.5,2.2501,-0.7501,-50.005,2500,1302,1198,0,0.8904,0.5208,0
0.9,uniform_heavy,0.5,0.5,2.0,blind,0.2,6,2500,1.5,2.1877,-0.6877,-45.845,2500,1367,1133,0,0.8944,0.5468,0
0.9,uniform_heavy,0.5,0.5,2.0,blind,0.3,0,2500,1.5,1.7967,-0.2967,-19.781,2500,1812,688,0,0.8988,0.7248,0
0.9,uniform_heavy,0.5,0.5,2.0,blind,0.3,1,2500,1.5,1.8136,-0.3136,-20.909,2500,1794,706,0,0.8956,0.7176,0
0.9,uniform_heavy,0.5,0.5,2.0,blind,0.3,2,2500,1.5,1.7958,-0.2958,-19.719,2500,1813,687,0,0.902,0.7252,0
0.9,uniform_heavy,0.5,0.5,2.0,blind,0.3,3,2500,1.5,1.8381,-0.3381,-22.539,2500,1768,732,0,0.8928,0.7072,0
0.9,uniform_heavy,0.5,0.5,2.0,blind,0.3,4,2500,1.5,1.8061,-0.3061,-20.408,2500,1802,698,0,0.9072,0.7208,0
0.9,uniform_heavy,0.5,0.5,2.0,blind,0.3,5,2500,1.5,1.8353,-0.3353,-22.351,2500,1771,729,0,0.904,0.7084,0
0.9,uniform_heavy,0.5,0.5,2.0,blind,0.3,6,2500,1.5,1.8033,-0.3033,-20.22,2500,1805,695,0,0.8908,0.722,0
0.9,uniform_heavy,0.5,0.5,2.0,blind,0.5,0,2500,1.5,1.4849,0.0151,1.007,2500,2239,261,0,0.8888,0.8956,1
0.9,uniform_heavy,0.5,0.5,2.0,blind,0.5,1,2500,1.5,1.4669,0.0331,2.207,2500,2259,241,0,0.8928,0.9036,1
0.9,uniform_heavy,0.5,0.5,2.0,blind,0.5,2,2500,1.5,1.4732,0.0268,1.787,2500,2252,248,0,0.9012,0.9008,1
0.9,uniform_heavy,0.5,0.5,2.0,blind,0.5,3,2500,1.5,1.4678,0.0322,2.147,2500,2258,242,0,0.9004,0.9032,1
0.9,uniform_heavy,0.5,0.5,2.0,blind,0.5,4,2500,1.5,1.484,0.016,1.067,2500,2240,260,0,0.8904,0.896,1
0.9,uniform_heavy,0.5,0.5,2.0,blind,0.5,5,2500,1.5,1.4561,0.0439,2.927,2500,2271,229,0,0.9076,0.9084,1
0.9,uniform_heavy,0.5,0.5,2.0,blind,0.5,6,2500,1.5,1.4507,0.0493,3.287,2500,2277,223,0,0.89,0.9108,1
0.9,uniform_heavy,0.5,1,0.5,blind,0.2,0,2500,2.0,1.8089,0.1911,9.554,2500,1329,1171,0,0.9008,0.5316,1
0.9,uniform_heavy,0.5,1,0.5,blind,0.2,1,2500,2.0,1.8193,0.1807,9.034,2500,1309,1191,0,0.904,0.5236,1
0.9,uniform_heavy,0.5,1,0.5,blind,0.2,2,2500,2.0,1.7918,0.2082,10.412,2500,1362,1138,0,0.9036,0.5448,1
0.9,uniform_heavy,0.5,1,0.5,blind,0.2,3,2500,2.0,1.8094,0.1906,9.528,2500,1328,1172,0,0.8988,0.5312,1
0.9,uniform_heavy,0.5,1,0.5,blind,0.2,4,2500,2.0,1.785,0.215,10.75,2500,1375,1125,0,0.9056,0.55,1
0.9,uniform_heavy,0.5,1,0.5,blind,0.2,5,2500,2.0,1.8094,0.1906,9.528,2500,1328,1172,0,0.9072,0.5312,1
0.9,uniform_heavy,0.5,1,0.5,blind,0.2,6,2500,2.0,1.8188,0.1812,9.06,2500,1310,1190,0,0.8968,0.524,1
0.9,uniform_heavy,0.5,1,0.5,blind,0.3,0,2500,2.0,1.6542,0.3458,17.288,2500,1762,738,0,0.892,0.7048,1
0.9,uniform_heavy,0.5,1,0.5,blind,0.3,1,2500,2.0,1.6274,0.3726,18.632,2500,1818,682,0,0.906,0.7272,1
0.9,uniform_heavy,0.5,1,0.5,blind,0.3,2,2500,2.0,1.6202,0.3798,18.992,2500,1833,667,0,0.9028,0.7332,1
0.9,uniform_heavy,0.5,1,0.5,blind,0.3,3,2500,2.0,1.613,0.387,19.352,2500,1848,652,0,0.9112,0.7392,1
0.9,uniform_heavy,0.5,1,0.5,blind,0.3,4,2500,2.0,1.6269,0.3731,18.656,2500,1819,681,0,0.8976,0.7276,1
0.9,uniform_heavy,0.5,1,0.5,blind,0.3,5,2500,2.0,1.6182,0.3818,19.088,2500,1837,663,0,0.894,0.7348,1
0.9,uniform_heavy,0.5,1,0.5,blind,0.3,6,2500,2.0,1.637,0.363,18.152,2500,1798,702,0,0.9052,0.7192,1
0.9,uniform_heavy,0.5,1,0.5,blind,0.5,0,2500,2.0,1.5972,0.4028,20.14,2500,2257,243,0,0.8916,0.9028,1
0.9,uniform_heavy,0.5,1,0.5,blind,0.5,1,2500,2.0,1.5872,0.4128,20.64,2500,2282,218,0,0.8976,0.9128,1
0.9,uniform_heavy,0.5,1,0.5,blind,0.5,2,2500,2.0,1.5988,0.4012,20.06,2500,2253,247,0,0.9008,0.9012,1
0.9,uniform_heavy,0.5,1,0.5,blind,0.5,3,2500,2.0,1.6048,0.3952,19.76,2500,2238,262,0,0.9096,0.8952,1
0.9,uniform_heavy,0.5,1,0.5,blind,0.5,4,2500,2.0,1.5964,0.4036,20.18,2500,2259,241,0,0.8992,0.9036,1
0.9,uniform_heavy,0.5,1,0.5,blind,0.5,5,2500,2.0,1.592,0.408,20.4,2500,2270,230,0,0.9052,0.908,1
0.9,uniform_heavy,0.5,1,0.5,blind,0.5,6,2500,2.0,1.59,0.41,20.5,2500,2275,225,0,0.9008,0.91,1
0.9,uniform_heavy,0.5,1,1.0,blind,0.2,0,2500,2.0,2.0546,-0.0546,-2.732,2500,1313,1187,0,0.896,0.5252,0
0.9,uniform_heavy,0.5,1,1.0,blind,0.2,1,2500,2.0,2.0568,-0.0568,-2.84,2500,1310,1190,0,0.906,0.524,0
0.9,uniform_heavy,0.5,1,1.0,blind,0.2,2,2500,2.0,2.0309,-0.0309,-1.544,2500,1346,1154,0,0.8992,0.5384,0
0.9,uniform_heavy,0.5,1,1.0,blind,0.2,3,2500,2.0,2.046,-0.046,-2.3,2500,1325,1175,0,0.9076,0.53,0
0.9,uniform_heavy,0.5,1,1.0,blind,0.2,4,2500,2.0,2.0482,-0.0482,-2.408,2500,1322,1178,0,0.9,0.5288,0
0.9,uniform_heavy,0.5,1,1.0,blind,0.2,5,2500,2.0,2.0546,-0.0546,-2.732,2500,1313,1187,0,0.9076,0.5252,0
0.9,uniform_heavy,0.5,1,1.0,blind,0.2,6,2500,2.0,2.0294,-0.0294,-1.472,2500,1348,1152,0,0.8956,0.5392,0
0.9,uniform_heavy,0.5,1,1.0,blind,0.3,0,2500,2.0,1.7733,0.2267,11.336,2500,1804,696,0,0.908,0.7216,1
0.9,uniform_heavy,0.5,1,1.0,blind,0.3,1,2500,2.0,1.7583,0.2417,12.084,2500,1826,674,0,0.9116,0.7304,1
0.9,uniform_heavy,0.5,1,1.0,blind,0.3,2,2500,2.0,1.7434,0.2566,12.832,2500,1848,652,0,0.8968,0.7392,1
0.9,uniform_heavy,0.5,1,1.0,blind,0.3,3,2500,2.0,1.7848,0.2152,10.758,2500,1787,713,0,0.8988,0.7148,1
0.9,uniform_heavy,0.5,1,1.0,blind,0.3,4,2500,2.0,1.7522,0.2478,12.39,2500,1835,665,0,0.9064,0.734,1
0.9,uniform_heavy,0.5,1,1.0,blind,0.3,5,2500,2.0,1.7624,0.2376,11.88,2500,1820,680,0,0.8948,0.728,1
0.9,uniform_heavy,0.5,1,1.0,blind,0.3,6,2500,2.0,1.7842,0.2158,10.792,2500,1788,712,0,0.894,0.7152,1
0.9,uniform_heavy,0.5,1,1.0,blind,0.5,0,2500,2.0,1.6482,0.3518,17.59,2500,2253,247,0,0.8948,0.9012,1
0.9,uniform_heavy,0.5,1,1.0,blind,0.5,1,2500,2.0,1.6542,0.3458,17.29,2500,2243,257,0,0.8956,0.8972,1
0.9,uniform_heavy,0.5,1,1.0,blind,0.5,2,2500,2.0,1.6338,0.3662,18.31,2500,2277,223,0,0.9044,0.9108,1
0.9,uniform_heavy,0.5,1,1.0,blind,0.5,3,2500,2.0,1.6452,0.3548,17.74,2500,2258,242,0,0.8944,0.9032,1
0.9,uniform_heavy,0.5,1,1.0,blind,0.5,4,2500,2.0,1.6386,0.3614,18.07,2500,2269,231,0,0.9076,0.9076,1
0.9,uniform_heavy,0.5,1,1.0,blind,0.5,5,2500,2.0,1.6536,0.3464,17.32,2500,2244,256,0,0.8876,0.8976,1
0.9,uniform_heavy,0.5,1,1.0,blind,0.5,6,2500,2.0,1.6386,0.3614,18.07,2500,2269,231,0,0.8988,0.9076,1
0.9,uniform_heavy,0.5,1,2.0,blind,0.2,0,2500,2.0,2.5003,-0.5003,-25.016,2500,1339,1161,0,0.9096,0.5356,0
0.9,uniform_heavy,0.5,1,2.0,blind,0.2,1,2500,2.0,2.5082,-0.5082,-25.408,2500,1332,1168,0,0.9008,0.5328,0
0.9,uniform_heavy,0.5,1,2.0,blind,0.2,2,2500,2.0,2.4835,-0.4835,-24.176,2500,1354,1146,0,0.9044,0.5416,0
0.9,uniform_heavy,0.5,1,2.0,blind,0.2,3,2500,2.0,2.5182,-0.5182,-25.912,2500,1323,1177,0,0.9012,0.5292,0
0.9,uniform_heavy,0.5,1,2.0,blind,0.2,4,2500,2.0,2.4936,-0.4936,-24.68,2500,1345,1155,0,0.8964,0.538,0
0.9,uniform_heavy,0.5,1,2.0,blind,0.2,5,2500,2.0,2.5518,-0.5518,-27.592,2500,1293,1207,0,0.9024,0.5172,0
0.9,uniform_heavy,0.5,1,2.0,blind,0.2,6,2500,2.0,2.497,-0.497,-24.848,2500,1342,1158,0,0.916,0.5368,0
0.9,uniform_heavy,0.5,1,2.0,blind,0.3,0,2500,2.0,2.0538,-0.0538,-2.692,2500,1802,698,0,0.8956,0.7208,0
0.9,uniform_heavy,0.5,1,2.0,blind,0.3,1,2500,2.0,2.0366,-0.0366,-1.828,2500,1818,682,0,0.8996,0.7272,0
0.9,uniform_heavy,0.5,1,2.0,blind,0.3,2,2500,2.0,2.056,-0.056,-2.8,2500,1800,700,0,0.9052,0.72,0
0.9,uniform_heavy,0.5,1,2.0,blind,0.3,3,2500,2.0,2.0538,-0.0538,-2.692,2500,1802,698,0,0.8984,0.7208,0
0.9,uniform_heavy,0.5,1,2.0,blind,0.3,4,2500,2.0,2.0484,-0.0484,-2.422,2500,1807,693,0,0.8992,0.7228,0
0.9,uniform_heavy,0.5,1,2.0,blind,0.3,5,2500,2.0,2.0506,-0.0506,-2.53,2500,1805,695,0,0.8976,0.722,0
0.9,uniform_heavy,0.5,1,2.0,blind,0.3,6,2500,2.0,2.0506,-0.0506,-2.53,2500,1805,695,0,0.902,0.722,0
0.9,uniform_heavy,0.5,1,2.0,blind,0.5,0,2500,2.0,1.718,0.282,14.1,2500,2282,218,0,0.908,0.9128,1
0.9,uniform_heavy,0.5,1,2.0,blind,0.5,1,2500,2.0,1.71,0.29,14.5,2500,2290,210,0,0.9016,0.916,1
0.9,uniform_heavy,0.5,1,2.0,blind,0.5,2,2500,2.0,1.732,0.268,13.4,2500,2268,232,0,0.9088,0.9072,1
0.9,uniform_heavy,0.5,1,2.0,blind,0.5,3,2500,2.0,1.719,0.281,14.05,2500,2281,219,0,0.9036,0.9124,1
0.9,uniform_heavy,0.5,1,2.0,blind,0.5,4,2500,2.0,1.738,0.262,13.1,2500,2262,238,0,0.8944,0.9048,1
0.9,uniform_heavy,0.5,1,2.0,blind,0.5,5,2500,2.0,1.72,0.28,14.0,2500,2280,220,0,0.9084,0.912,1
0.9,uniform_heavy,0.5,1,2.0,blind,0.5,6,2500,2.0,1.712,0.288,14.4,2500,2288,212,0,0.9128,0.9152,1
0.9,uniform_heavy,0.5,2,0.5,blind,0.2,0,2500,3.0,2.3752,0.6248,20.825,2500,1339,1161,0,0.8988,0.5356,1
0.9,uniform_heavy,0.5,2,0.5,blind,0.2,1,2500,3.0,2.387,0.613,20.433,2500,1325,1175,0,0.8932,0.53,1
0.9,uniform_heavy,0.5,2,0.5,blind,0.2,2,2500,3.0,2.3794,0.6206,20.685,2500,1334,1166,0,0.9128,0.5336,1
0.9,uniform_heavy,0.5,2,0.5,blind,0.2,3,2500,3.0,2.3946,0.6054,20.181,2500,1316,1184,0,0.9,0.5264,1
0.9,uniform_heavy,0.5,2,0.5,blind,0.2,4,2500,3.0,2.4324,0.5676,18.921,2500,1271,1229,0,0.8976,0.5084,1
0.9,uniform_heavy,0.5,2,0.5,blind,0.2,5,2500,3.0,2.3752,0.6248,20.825,2500,1339,1161,0,0.9008,0.5356,1
0.9,uniform_heavy,0.5,2,0.5,blind,0.2,6,2500,3.0,2.3895,0.6105,20.349,2500,1322,1178,0,0.8956,0.5288,1
0.9,uniform_heavy,0.5,2,0.5,blind,0.3,0,2500,3.0,2.1366,0.8634,28.781,2500,1794,706,0,0.9016,0.7176,1
0.9,uniform_heavy,0.5,2,0.5,blind,0.3,1,2500,3.0,2.0986,0.9014,30.048,2500,1844,656,0,0.9036,0.7376,1
0.9,uniform_heavy,0.5,2,0.5,blind,0.3,2,2500,3.0,2.1221,0.8779,29.263,2500,1813,687,0,0.898,0.7252,1
0.9,uniform_heavy,0.5,2,0.5,blind,0.3,3,2500,3.0,2.1381,0.8619,28.731,2500,1792,708,0,0.8976,0.7168,1
0.9,uniform_heavy,0.5,2,0.5,blind,0.3,4,2500,3.0,2.1168,0.8832,29.44,2500,1820,680,0,0.8964,0.728,1
0.9,uniform_heavy,0.5,2,0.5,blind,0.3,5,2500,3.0,2.1563,0.8437,28.123,2500,1768,732,0,0.8892,0.7072,1
0.9,uniform_heavy,0.5,2,0.5,blind,0.3,6,2500,3.0,2.1396,0.8604,28.68,2500,1790,710,0,0.9056,0.716,1
0.9,uniform_heavy,0.5,2,0.5,blind,0.5,0,2500,3.0,2.1452,0.8548,28.493,2500,2258,242,0,0.8952,0.9032,1
0.9,uniform_heavy,0.5,2,0.5,blind,0.5,1,2500,3.0,2.138,0.862,28.733,2500,2270,230,0,0.9124,0.908,1
0.9,uniform_heavy,0.5,2,0.5,blind,0.5,2,2500,3.0,2.147,0.853,28.433,2500,2255,245,0,0.9048,0.902,1
0.9,uniform_heavy,0.5,2,0.5,blind,0.5,3,2500,3.0,2.1362,0.8638,28.793,2500,2273,227,0,0.9012,0.9092,1
0.9,uniform_heavy,0.5,2,0.5,blind,0.5,4,2500,3.0,2.1404,0.8596,28.653,2500,2266,234,0,0.8988,0.9064,1
0.9,uniform_heavy,0.5,2,0.5,blind,0.5,5,2500,3.0,2.1476,0.8524,28.413,2500,2254,246,0,0.9028,0.9016,1
0.9,uniform_heavy,0.5,2,0.5,blind,0.5,6,2500,3.0,2.1344,0.8656,28.853,2500,2276,224,0,0.9064,0.9104,1
0.9,uniform_heavy,0.5,2,1.0,blind,0.2,0,2500,3.0,2.6334,0.3666,12.219,2500,1314,1186,0,0.8928,0.5256,1
0.9,uniform_heavy,0.5,2,1.0,blind,0.2,1,2500,3.0,2.6137,0.3863,12.877,2500,1333,1167,0,0.9096,0.5332,1
0.9,uniform_heavy,0.5,2,1.0,blind,0.2,2,2500,3.0,2.6314,0.3686,12.288,2500,1316,1184,0,0.91,0.5264,1
0.9,uniform_heavy,0.5,2,1.0,blind,0.2,3,2500,3.0,2.622,0.378,12.6,2500,1325,1175,0,0.8996,0.53,1
0.9,uniform_heavy,0.5,2,1.0,blind,0.2,4,2500,3.0,2.5898,0.4102,13.675,2500,1356,1144,0,0.9016,0.5424,1
0.9,uniform_heavy,0.5,2,1.0,blind,0.2,5,2500,3.0,2.6189,0.3811,12.704,2500,1328,1172,0,0.904,0.5312,1
0.9,uniform_heavy,0.5,2,1.0,blind,0.2,6,2500,3.0,2.595,0.405,13.501,2500,1351,1149,0,0.8948,0.5404,1
0.9,uniform_heavy,0.5,2,1.0,blind,0.3,0,2500,3.0,2.2403,0.7597,25.323,2500,1833,667,0,0.9076,0.7332,1
0.9,uniform_heavy,0.5,2,1.0,blind,0.3,1,2500,3.0,2.2787,0.7213,24.043,2500,1793,707,0,0.9024,0.7172,1
0.9,uniform_heavy,0.5,2,1.0,blind,0.3,2,2500,3.0,2.2538,0.7462,24.875,2500,1819,681,0,0.8924,0.7276,1
0.9,uniform_heavy,0.5,2,1.0,blind,0.3,3,2500,3.0,2.2442,0.7558,25.195,2500,1829,671,0,0.8968,0.7316,1
0.9,uniform_heavy,0.5,2,1.0,blind,0.3,4,2500,3.0,2.2144,0.7856,26.187,2500,1860,640,0,0.9028,0.744,1
0.9,uniform_heavy,0.5,2,1.0,blind,0.3,5,2500,3.0,2.2653,0.7347,24.491,2500,1807,693,0,0.9008,0.7228,1
0.9,uniform_heavy,0.5,2,1.0,blind,0.3,6,2500,3.0,2.2922,0.7078,23.595,2500,1779,721,0,0.8932,0.7116,1
0.9,uniform_heavy,0.5,2,1.0,blind,0.5,0,2500,3.0,2.1952,0.8048,26.827,2500,2256,244,0,0.8996,0.9024,1
0.9,uniform_heavy,0.5,2,1.0,blind,0.5,1,2500,3.0,2.188,0.812,27.067,2500,2265,235,0,0.89,0.906,1
0.9,uniform_heavy,0.5,2,1.0,blind,0.5,2,2500,3.0,2.1888,0.8112,27.04,2500,2264,236,0,0.9012,0.9056,1
0.9,uniform_heavy,0.5,2,1.0,blind,0.5,3,2500,3.0,2.2,0.8,26.667,2500,2250,250,0,0.892,0.9,1
0.9,uniform_heavy,0.5,2,1.0,blind,0.5,4,2500,3.0,2.1912,0.8088,26.96,2500,2261,239,0,0.8912,0.9044,1
0.9,uniform_heavy,0.5,2,1.0,blind,0.5,5,2500,3.0,2.1552,0.8448,28.16,2500,2306,194,0,0.9124,0.9224,1
0.9,uniform_heavy,0.5,2,1.0,blind,0.5,6,2500,3.0,2.1936,0.8064,26.88,2500,2258,242,0,0.8952,0.9032,1
0.9,uniform_heavy,0.5,2,2.0,blind,0.2,0,2500,3.0,3.0675,-0.0675,-2.251,2500,1342,1158,0,0.9052,0.5368,0
0.9,uniform_heavy,0.5,2,2.0,blind,0.2,1,2500,3.0,3.1496,-0.1496,-4.987,2500,1285,1215,0,0.8924,0.514,0
0.9,uniform_heavy,0.5,2,2.0,blind,0.2,2,2500,3.0,3.1222,-0.1222,-4.075,2500,1304,1196,0,0.9012,0.5216,0
0.9,uniform_heavy,0.5,2,2.0,blind,0.2,3,2500,3.0,3.0258,-0.0258,-0.859,2500,1371,1129,0,0.904,0.5484,0
0.9,uniform_heavy,0.5,2,2.0,blind,0.2,4,2500,3.0,3.1122,-0.1122,-3.739,2500,1311,1189,0,0.9064,0.5244,0
0.9,uniform_heavy,0.5,2,2.0,blind,0.2,5,2500,3.0,3.0747,-0.0747,-2.491,2500,1337,1163,0,0.9028,0.5348,0
0.9,uniform_heavy,0.5,2,2.0,blind,0.2,6,2500,3.0,3.0776,-0.0776,-2.587,2500,1335,1165,0,0.896,0.534,0
0.9,uniform_heavy,0.5,2,2.0,blind,0.3,0,2500,3.0,2.5112,0.4888,16.293,2500,1830,670,0,0.9164,0.732,1
0.9,uniform_heavy,0.5,2,2.0,blind,0.3,1,2500,3.0,2.537,0.463,15.432,2500,1811,689,0,0.9,0.7244,1
0.9,uniform_heavy,0.5,2,2.0,blind,0.3,2,2500,3.0,2.484,0.516,17.2,2500,1850,650,0,0.8932,0.74,1
0.9,uniform_heavy,0.5,2,2.0,blind,0.3,3,2500,3.0,2.5561,0.4439,14.797,2500,1797,703,0,0.892,0.7188,1
0.9,uniform_heavy,0.5,2,2.0,blind,0.3,4,2500,3.0,2.533,0.467,15.568,2500,1814,686,0,0.9056,0.7256,1
0.9,uniform_heavy,0.5,2,2.0,blind,0.3,5,2500,3.0,2.435,0.565,18.832,2500,1886,614,0,0.9036,0.7544,1
0.9,uniform_heavy,0.5,2,2.0,blind,0.3,6,2500,3.0,2.5289,0.4711,15.704,2500,1817,683,0,0.9012,0.7268,1
0.9,uniform_heavy,0.5,2,2.0,blind,0.5,0,2500,3.0,2.276,0.724,24.133,2500,2270,230,0,0.9068,0.908,1
0.9,uniform_heavy,0.5,2,2.0,blind,0.5,1,2500,3.0,2.3096,0.6904,23.013,2500,2242,258,0,0.8892,0.8968,1
0.9,uniform_heavy,0.5,2,2.0,blind,0.5,2,2500,3.0,2.2688,0.7312,24.373,2500,2276,224,0,0.904,0.9104,1
0.9,uniform_heavy,0.5,2,2.0,blind,0.5,3,2500,3.0,2.2748,0.7252,24.173,2500,2271,229,0,0.9072,0.9084,1
0.9,uniform_heavy,0.5,2,2.0,blind,0.5,4,2500,3.0,2.2736,0.7264,24.213,2500,2272,228,0,0.9028,0.9088,1
0.9,uniform_heavy,0.5,2,2.0,blind,0.5,5,2500,3.0,2.3084,0.6916,23.053,2500,2243,257,0,0.8868,0.8972,1
0.9,uniform_heavy,0.5,2,2.0,blind,0.5,6,2500,3.0,2.3012,0.6988,23.293,2500,2249,251,0,0.8968,0.8996,1
0.9,uniform_heavy,0.5,4,0.5,blind,0.2,0,2500,5.0,3.5923,1.4077,28.154,2500,1289,1211,0,0.8976,0.5156,1
0.9,uniform_heavy,0.5,4,0.5,blind,0.2,1,2500,5.0,3.5597,1.4403,28.806,2500,1311,1189,0,0.9092,0.5244,1
0.9,uniform_heavy,0.5,4,0.5,blind,0.2,2,2500,5.0,3.5138,1.4862,29.723,2500,1342,1158,0,0.9128,0.5368,1
0.9,uniform_heavy,0.5,4,0.5,blind,0.2,3,2500,5.0,3.5642,1.4358,28.717,2500,1308,1192,0,0.8964,0.5232,1
0.9,uniform_heavy,0.5,4,0.5,blind,0.2,4,2500,5.0,3.502,1.498,29.96,2500,1350,1150,0,0.8932,0.54,1
0.9,uniform_heavy,0.5,4,0.5,blind,0.2,5,2500,5.0,3.5405,1.4595,29.19,2500,1324,1176,0,0.8988,0.5296,1
0.9,uniform_heavy,0.5,4,0.5,blind,0.2,6,2500,5.0,3.4976,1.5024,30.049,2500,1353,1147,0,0.9064,0.5412,1
0.9,uniform_heavy,0.5,4,0.5,blind,0.3,0,2500,5.0,3.1266,1.8734,37.467,2500,1798,702,0,0.8992,0.7192,1
0.9,uniform_heavy,0.5,4,0.5,blind,0.3,1,2500,5.0,3.1055,1.8945,37.89,2500,1814,686,0,0.8968,0.7256,1
0.9,uniform_heavy,0.5,4,0.5,blind,0.3,2,2500,5.0,3.0923,1.9077,38.154,2500,1824,676,0,0.8996,0.7296,1
0.9,uniform_heavy,0.5,4,0.5,blind,0.3,3,2500,5.0,3.1055,1.8945,37.89,2500,1814,686,0,0.9012,0.7256,1
0.9,uniform_heavy,0.5,4,0.5,blind,0.3,4,2500,5.0,3.0633,1.9367,38.734,2500,1846,654,0,0.9116,0.7384,1
0.9,uniform_heavy,0.5,4,0.5,blind,0.3,5,2500,5.0,3.1055,1.8945,37.89,2500,1814,686,0,0.906,0.7256,1
0.9,uniform_heavy,0.5,4,0.5,blind,0.3,6,2500,5.0,3.1412,1.8588,37.177,2500,1787,713,0,0.902,0.7148,1
0.9,uniform_heavy,0.5,4,0.5,blind,0.5,0,2500,5.0,3.248,1.752,35.04,2500,2252,248,0,0.8992,0.9008,1
0.9,uniform_heavy,0.5,4,0.5,blind,0.5,1,2500,5.0,3.252,1.748,34.96,2500,2248,252,0,0.8956,0.8992,1
0.9,uniform_heavy,0.5,4,0.5,blind,0.5,2,2500,5.0,3.232,1.768,35.36,2500,2268,232,0,0.9084,0.9072,1
0.9,uniform_heavy,0.5,4,0.5,blind,0.5,3,2500,5.0,3.232,1.768,35.36,2500,2268,232,0,0.9024,0.9072,1
0.9,uniform_heavy,0.5,4,0.5,blind,0.5,4,2500,5.0,3.233,1.767,35.34,2500,2267,233,0,0.9108,0.9068,1
0.9,uniform_heavy,0.5,4,0.5,blind,0.5,5,2500,5.0,3.228,1.772,35.44,2500,2272,228,0,0.9016,0.9088,1
0.9,uniform_heavy,0.5,4,0.5,blind,0.5,6,2500,5.0,3.238,1.762,35.24,2500,2262,238,0,0.894,0.9048,1
0.9,uniform_heavy,0.5,4,1.0,blind,0.2,0,2500,5.0,3.7286,1.2714,25.427,2500,1352,1148,0,0.914,0.5408,1
0.9,uniform_heavy,0.5,4,1.0,blind,0.2,1,2500,5.0,3.7219,1.2781,25.562,2500,1356,1144,0,0.8932,0.5424,1
0.9,uniform_heavy,0.5,4,1.0,blind,0.2,2,2500,5.0,3.7606,1.2394,24.789,2500,1333,1167,0,0.8828,0.5332,1
0.9,uniform_heavy,0.5,4,1.0,blind,0.2,3,2500,5.0,3.8177,1.1823,23.646,2500,1299,1201,0,0.904,0.5196,1
0.9,uniform_heavy,0.5,4,1.0,blind,0.2,4,2500,5.0,3.7622,1.2378,24.755,2500,1332,1168,0,0.8972,0.5328,1
0.9,uniform_heavy,0.5,4,1.0,blind,0.2,5,2500,5.0,3.7774,1.2226,24.453,2500,1323,1177,0,0.8984,0.5292,1
0.9,uniform_heavy,0.5,4,1.0,blind,0.2,6,2500,5.0,3.7774,1.2226,24.453,2500,1323,1177,0,0.9088,0.5292,1
0.9,uniform_heavy,0.5,4,1.0,blind,0.3,0,2500,5.0,3.2853,1.7147,34.294,2500,1786,714,0,0.9036,0.7144,1
0.9,uniform_heavy,0.5,4,1.0,blind,0.3,1,2500,5.0,3.1637,1.8363,36.726,2500,1866,634,0,0.8968,0.7464,1
0.9,uniform_heavy,0.5,4,1.0,blind,0.3,2,2500,5.0,3.2746,1.7254,34.507,2500,1793,707,0,0.9028,0.7172,1
0.9,uniform_heavy,0.5,4,1.0,blind,0.3,3,2500,5.0,3.2184,1.7816,35.632,2500,1830,670,0,0.8964,0.732,1
0.9,uniform_heavy,0.5,4,1.0,blind,0.3,4,2500,5.0,3.2594,1.7406,34.811,2500,1803,697,0,0.8992,0.7212,1
0.9,uniform_heavy,0.5,4,1.0,blind,0.3,5,2500,5.0,3.2503,1.7497,34.994,2500,1809,691,0,0.8944,0.7236,1
0.9,uniform_heavy,0.5,4,1.0,blind,0.3,6,2500,5.0,3.2275,1.7725,35.45,2500,1824,676,0,0.9024,0.7296,1
0.9,uniform_heavy,0.5,4,1.0,blind,0.5,0,2500,5.0,3.27,1.73,34.6,2500,2275,225,0,0.8944,0.91,1
0.9,uniform_heavy,0.5,4,1.0,blind,0.5,1,2500,5.0,3.288,1.712,34.24,2500,2260,240,0,0.9,0.904,1
0.9,uniform_heavy,0.5,4,1.0,blind,0.5,2,2500,5.0,3.3096,1.6904,33.808,2500,2242,258,0,0.8852,0.8968,1
0.9,uniform_heavy,0.5,4,1.0,blind,0.5,3,2500,5.0,3.2496,1.7504,35.008,2500,2292,208,0,0.9096,0.9168,1
0.9,uniform_heavy,0.5,4,1.0,blind,0.5,4,2500,5.0,3.3024,1.6976,33.952,2500,2248,252,0,0.9004,0.8992,1
0.9,uniform_heavy,0.5,4,1.0,blind,0.5,5,2500,5.0,3.3012,1.6988,33.976,2500,2249,251,0,0.89,0.8996,1
0.9,uniform_heavy,0.5,4,1.0,blind,0.5,6,2500,5.0,3.282,1.718,34.36,2500,2265,235,0,0.8944,0.906,1
0.9,uniform_heavy,0.5,4,2.0,blind,0.2,0,2500,5.0,4.2752,0.7248,14.496,2500,1310,1190,0,0.9044,0.524,1
0.9,uniform_heavy,0.5,4,2.0,blind,0.2,1,2500,5.0,4.2107,0.7893,15.786,2500,1341,1159,0,0.9072,0.5364,1
0.9,uniform_heavy,0.5,4,2.0,blind,0.2,2,2500,5.0,4.2253,0.7747,15.494,2500,1334,1166,0,0.9088,0.5336,1
0.9,uniform_heavy,0.5,4,2.0,blind,0.2,3,2500,5.0,4.1442,0.8558,17.117,2500,1373,1127,0,0.9008,0.5492,1
0.9,uniform_heavy,0.5,4,2.0,blind,0.2,4,2500,5.0,4.3064,0.6936,13.872,2500,1295,1205,0,0.894,0.518,1
0.9,uniform_heavy,0.5,4,2.0,blind,0.2,5,2500,5.0,4.3688,0.6312,12.624,2500,1265,1235,0,0.8848,0.506,1
0.9,uniform_heavy,0.5,4,2.0,blind,0.2,6,2500,5.0,4.1275,0.8725,17.45,2500,1381,1119,0,0.906,0.5524,1
0.9,uniform_heavy,0.5,4,2.0,blind,0.3,0,2500,5.0,3.4998,1.5002,30.003,2500,1823,677,0,0.9012,0.7292,1
0.9,uniform_heavy,0.5,4,2.0,blind,0.3,1,2500,5.0,3.5958,1.4042,28.083,2500,1773,727,0,0.8896,0.7092,1
0.9,uniform_heavy,0.5,4,2.0,blind,0.3,2,2500,5.0,3.5421,1.4579,29.158,2500,1801,699,0,0.904,0.7204,1
0.9,uniform_heavy,0.5,4,2.0,blind,0.3,3,2500,5.0,3.5075,1.4925,29.85,2500,1819,681,0,0.8944,0.7276,1
0.9,uniform_heavy,0.5,4,2.0,blind,0.3,4,2500,5.0,3.6016,1.3984,27.968,2500,1770,730,0,0.8972,0.708,1
0.9,uniform_heavy,0.5,4,2.0,blind,0.3,5,2500,5.0,3.4595,1.5405,30.81,2500,1844,656,0,0.91,0.7376,1
0.9,uniform_heavy,0.5,4,2.0,blind,0.3,6,2500,5.0,3.5632,1.4368,28.736,2500,1790,710,0,0.9052,0.716,1
0.9,uniform_heavy,0.5,4,2.0,blind,0.5,0,2500,5.0,3.3792,1.6208,32.416,2500,2263,237,0,0.908,0.9052,1
0.9,uniform_heavy,0.5,4,2.0,blind,0.5,1,2500,5.0,3.3488,1.6512,33.024,2500,2282,218,0,0.9084,0.9128,1
0.9,uniform_heavy,0.5,4,2.0,blind,0.5,2,2500,5.0,3.3536,1.6464,32.928,2500,2279,221,0,0.9008,0.9116,1
0.9,uniform_heavy,0.5,4,2.0,blind,0.5,3,2500,5.0,3.416,1.584,31.68,2500,2240,260,0,0.898,0.896,1
0.9,uniform_heavy,0.5,4,2.0,blind,0.5,4,2500,5.0,3.3728,1.6272,32.544,2500,2267,233,0,0.9012,0.9068,1
0.9,uniform_heavy,0.5,4,2.0,blind,0.5,5,2500,5.0,3.384,1.616,32.32,2500,2260,240,0,0.9008,0.904,1
0.9,uniform_heavy,0.5,4,2.0,blind,0.5,6,2500,5.0,3.3776,1.6224,32.448,2500,2264,236,0,0.9028,0.9056,1
0.9,uniform_heavy,0.5,8,0.5,blind,0.2,0,2500,9.0,5.6636,3.3364,37.071,2500,1390,1110,0,0.906,0.556,1
0.9,uniform_heavy,0.5,8,0.5,blind,0.2,1,2500,9.0,5.9286,3.0714,34.127,2500,1294,1206,0,0.9084,0.5176,1
0.9,uniform_heavy,0.5,8,0.5,blind,0.2,2,2500,9.0,5.7492,3.2508,36.12,2500,1359,1141,0,0.904,0.5436,1
0.9,uniform_heavy,0.5,8,0.5,blind,0.2,3,2500,9.0,5.8899,3.1101,34.556,2500,1308,1192,0,0.8996,0.5232,1
0.9,uniform_heavy,0.5,8,0.5,blind,0.2,4,2500,9.0,5.8982,3.1018,34.464,2500,1305,1195,0,0.9024,0.522,1
0.9,uniform_heavy,0.5,8,0.5,blind,0.2,5,2500,9.0,5.8513,3.1487,34.986,2500,1322,1178,0,0.898,0.5288,1
0.9,uniform_heavy,0.5,8,0.5,blind,0.2,6,2500,9.0,5.8927,3.1073,34.526,2500,1307,1193,0,0.8892,0.5228,1
0.9,uniform_heavy,0.5,8,0.5,blind,0.3,0,2500,9.0,5.1324,3.8676,42.973,2500,1790,710,0,0.9016,0.716,1
0.9,uniform_heavy,0.5,8,0.5,blind,0.3,1,2500,9.0,5.0812,3.9188,43.543,2500,1811,689,0,0.8976,0.7244,1
0.9,uniform_heavy,0.5,8,0.5,blind,0.3,2,2500,9.0,5.0592,3.9408,43.787,2500,1820,680,0,0.908,0.728,1
0.9,uniform_heavy,0.5,8,0.5,blind,0.3,3,2500,9.0,5.0616,3.9384,43.76,2500,1819,681,0,0.9036,0.7276,1
0.9,uniform_heavy,0.5,8,0.5,blind,0.3,4,2500,9.0,5.0885,3.9115,43.461,2500,1808,692,0,0.8996,0.7232,1
0.9,uniform_heavy,0.5,8,0.5,blind,0.3,5,2500,9.0,5.108,3.892,43.244,2500,1800,700,0,0.8972,0.72,1
0.9,uniform_heavy,0.5,8,0.5,blind,0.3,6,2500,9.0,5.1373,3.8627,42.919,2500,1788,712,0,0.8968,0.7152,1
0.9,uniform_heavy,0.5,8,0.5,blind,0.5,0,2500,9.0,5.4086,3.5914,39.904,2500,2273,227,0,0.8944,0.9092,1
0.9,uniform_heavy,0.5,8,0.5,blind,0.5,1,2500,9.0,5.477,3.523,39.144,2500,2235,265,0,0.8948,0.894,1
0.9,uniform_heavy,0.5,8,0.5,blind,0.5,2,2500,9.0,5.4356,3.5644,39.604,2500,2258,242,0,0.89,0.9032,1
0.9,uniform_heavy,0.5,8,0.5,blind,0.5,3,2500,9.0,5.4014,3.5986,39.984,2500,2277,223,0,0.8968,0.9108,1
0.9,uniform_heavy,0.5,8,0.5,blind,0.5,4,2500,9.0,5.4356,3.5644,39.604,2500,2258,242,0,0.8968,0.9032,1
0.9,uniform_heavy,0.5,8,0.5,blind,0.5,5,2500,9.0,5.4482,3.5518,39.464,2500,2251,249,0,0.9008,0.9004,1
0.9,uniform_heavy,0.5,8,0.5,blind,0.5,6,2500,9.0,5.4446,3.5554,39.504,2500,2253,247,0,0.8912,0.9012,1
0.9,uniform_heavy,0.5,8,1.0,blind,0.2,0,2500,9.0,6.152,2.848,31.644,2500,1300,1200,0,0.8944,0.52,1
0.9,uniform_heavy,0.5,8,1.0,blind,0.2,1,2500,9.0,6.0721,2.9279,32.532,2500,1327,1173,0,0.8952,0.5308,1
0.9,uniform_heavy,0.5,8,1.0,blind,0.2,2,2500,9.0,6.1579,2.8421,31.579,2500,1298,1202,0,0.8976,0.5192,1
0.9,uniform_heavy,0.5,8,1.0,blind,0.2,3,2500,9.0,6.1875,2.8125,31.25,2500,1288,1212,0,0.9048,0.5152,1
0.9,uniform_heavy,0.5,8,1.0,blind,0.2,4,2500,9.0,6.0306,2.9694,32.993,2500,1341,1159,0,0.894,0.5364,1
0.9,uniform_heavy,0.5,8,1.0,blind,0.2,5,2500,9.0,6.1017,2.8983,32.204,2500,1317,1183,0,0.9004,0.5268,1
0.9,uniform_heavy,0.5,8,1.0,blind,0.2,6,2500,9.0,6.0277,2.9723,33.026,2500,1342,1158,0,0.8892,0.5368,1
0.9,uniform_heavy,0.5,8,1.0,blind,0.3,0,2500,9.0,5.3114,3.6886,40.985,2500,1776,724,0,0.8872,0.7104,1
0.9,uniform_heavy,0.5,8,1.0,blind,0.3,1,2500,9.0,5.1846,3.8154,42.393,2500,1824,676,0,0.9036,0.7296,1
0.9,uniform_heavy,0.5,8,1.0,blind,0.3,2,2500,9.0,5.1081,3.8919,43.244,2500,1853,647,0,0.9028,0.7412,1
0.9,uniform_heavy,0.5,8,1.0,blind,0.3,3,2500,9.0,5.1582,3.8418,42.686,2500,1834,666,0,0.912,0.7336,1
0.9,uniform_heavy,0.5,8,1.0,blind,0.3,4,2500,9.0,5.2295,3.7705,41.894,2500,1807,693,0,0.8924,0.7228,1
0.9,uniform_heavy,0.5,8,1.0,blind,0.3,5,2500,9.0,5.2691,3.7309,41.454,2500,1792,708,0,0.8952,0.7168,1
0.9,uniform_heavy,0.5,8,1.0,blind,0.3,6,2500,9.0,5.1609,3.8391,42.657,2500,1833,667,0,0.9056,0.7332,1
0.9,uniform_heavy,0.5,8,1.0,blind,0.5,0,2500,9.0,5.452,3.548,39.422,2500,2274,226,0,0.9044,0.9096,1
0.9,uniform_heavy,0.5,8,1.0,blind,0.5,1,2500,9.0,5.44,3.56,39.556,2500,2280,220,0,0.8992,0.912,1
0.9,uniform_heavy,0.5,8,1.0,blind,0.5,2,2500,9.0,5.45,3.55,39.444,2500,2275,225,0,0.9008,0.91,1
0.9,uniform_heavy,0.5,8,1.0,blind,0.5,3,2500,9.0,5.456,3.544,39.378,2500,2272,228,0,0.9008,0.9088,1
0.9,uniform_heavy,0.5,8,1.0,blind,0.5,4,2500,9.0,5.47,3.53,39.222,2500,2265,235,0,0.9092,0.906,1
0.9,uniform_heavy,0.5,8,1.0,blind,0.5,5,2500,9.0,5.458,3.542,39.356,2500,2271,229,0,0.898,0.9084,1
0.9,uniform_heavy,0.5,8,1.0,blind,0.5,6,2500,9.0,5.488,3.512,39.022,2500,2256,244,0,0.8996,0.9024,1
0.9,uniform_heavy,0.5,8,2.0,blind,0.2,0,2500,9.0,6.5346,2.4654,27.394,2500,1329,1171,0,0.8996,0.5316,1
0.9,uniform_heavy,0.5,8,2.0,blind,0.2,1,2500,9.0,6.5749,2.4251,26.946,2500,1317,1183,0,0.9084,0.5268,1
0.9,uniform_heavy,0.5,8,2.0,blind,0.2,2,2500,9.0,6.548,2.452,27.244,2500,1325,1175,0,0.8932,0.53,1
0.9,uniform_heavy,0.5,8,2.0,blind,0.2,3,2500,9.0,6.6622,2.3378,25.975,2500,1291,1209,0,0.8988,0.5164,1
0.9,uniform_heavy,0.5,8,2.0,blind,0.2,4,2500,9.0,6.5043,2.4957,27.73,2500,1338,1162,0,0.8956,0.5352,1
0.9,uniform_heavy,0.5,8,2.0,blind,0.2,5,2500,9.0,6.5043,2.4957,27.73,2500,1338,1162,0,0.9024,0.5352,1
0.9,uniform_heavy,0.5,8,2.0,blind,0.2,6,2500,9.0,6.4237,2.5763,28.626,2500,1362,1138,0,0.898,0.5448,1
0.9,uniform_heavy,0.5,8,2.0,blind,0.3,0,2500,9.0,5.5006,3.4994,38.882,2500,1809,691,0,0.9016,0.7236,1
0.9,uniform_heavy,0.5,8,2.0,blind,0.3,1,2500,9.0,5.4946,3.5054,38.949,2500,1811,689,0,0.9024,0.7244,1
0.9,uniform_heavy,0.5,8,2.0,blind,0.3,2,2500,9.0,5.4733,3.5267,39.186,2500,1818,682,0,0.8964,0.7272,1
0.9,uniform_heavy,0.5,8,2.0,blind,0.3,3,2500,9.0,5.449,3.551,39.456,2500,1826,674,0,0.9032,0.7304,1
0.9,uniform_heavy,0.5,8,2.0,blind,0.3,4,2500,9.0,5.4642,3.5358,39.287,2500,1821,679,0,0.8968,0.7284,1
0.9,uniform_heavy,0.5,8,2.0,blind,0.3,5,2500,9.0,5.4246,3.5754,39.726,2500,1834,666,0,0.9116,0.7336,1
0.9,uniform_heavy,0.5,8,2.0,blind,0.3,6,2500,9.0,5.5675,3.4325,38.139,2500,1787,713,0,0.8972,0.7148,1
0.9,uniform_heavy,0.5,8,2.0,blind,0.5,0,2500,9.0,5.5424,3.4576,38.418,2500,2274,226,0,0.9084,0.9096,1
0.9,uniform_heavy,0.5,8,2.0,blind,0.5,1,2500,9.0,5.5544,3.4456,38.284,2500,2269,231,0,0.9024,0.9076,1
0.9,uniform_heavy,0.5,8,2.0,blind,0.5,2,2500,9.0,5.5496,3.4504,38.338,2500,2271,229,0,0.9004,0.9084,1
0.9,uniform_heavy,0.5,8,2.0,blind,0.5,3,2500,9.0,5.5592,3.4408,38.231,2500,2267,233,0,0.9052,0.9068,1
0.9,uniform_heavy,0.5,8,2.0,blind,0.5,4,2500,9.0,5.624,3.376,37.511,2500,2240,260,0,0.894,0.896,1
0.9,uniform_heavy,0.5,8,2.0,blind,0.5,5,2500,9.0,5.6048,3.3952,37.724,2500,2248,252,0,0.8972,0.8992,1
0.9,uniform_heavy,0.5,8,2.0,blind,0.5,6,2500,9.0,5.6096,3.3904,37.671,2500,2246,254,0,0.8876,0.8984,1
0.9,tail_heavy,0.5,0.25,0.5,blind,0.2,0,2500,1.25,1.3698,-0.1198,-9.581,2500,1358,1142,0,0.9024,0.5432,0
0.9,tail_heavy,0.5,0.25,0.5,blind,0.2,1,2500,1.25,1.3936,-0.1436,-11.485,2500,1273,1227,0,0.8956,0.5092,0
0.9,tail_heavy,0.5,0.25,0.5,blind,0.2,2,2500,1.25,1.3838,-0.1338,-10.701,2500,1308,1192,0,0.8976,0.5232,0
0.9,tail_heavy,0.5,0.25,0.5,blind,0.2,3,2500,1.25,1.3812,-0.1312,-10.499,2500,1317,1183,0,0.9012,0.5268,0
0.9,tail_heavy,0.5,0.25,0.5,blind,0.2,4,2500,1.25,1.3882,-0.1382,-11.059,2500,1292,1208,0,0.9064,0.5168,0
0.9,tail_heavy,0.5,0.25,0.5,blind,0.2,5,2500,1.25,1.3913,-0.1413,-11.306,2500,1281,1219,0,0.8988,0.5124,0
0.9,tail_heavy,0.5,0.25,0.5,blind,0.2,6,2500,1.25,1.3849,-0.1349,-10.79,2500,1304,1196,0,0.8972,0.5216,0
0.9,tail_heavy,0.5,0.25,0.5,blind,0.3,0,2500,1.25,1.2764,-0.0264,-2.114,2500,1754,746,0,0.8956,0.7016,0
0.9,tail_heavy,0.5,0.25,0.5,blind,0.3,1,2500,1.25,1.277,-0.027,-2.157,2500,1752,748,0,0.8848,0.7008,0
0.9,tail_heavy,0.5,0.25,0.5,blind,0.3,2,2500,1.25,1.2691,-0.0191,-1.53,2500,1781,719,0,0.9096,0.7124,0
0.9,tail_heavy,0.5,0.25,0.5,blind,0.3,3,2500,1.25,1.2707,-0.0207,-1.66,2500,1775,725,0,0.894,0.71,0
0.9,tail_heavy,0.5,0.25,0.5,blind,0.3,4,2500,1.25,1.2761,-0.0261,-2.092,2500,1755,745,0,0.904,0.702,0
0.9,tail_heavy,0.5,0.25,0.5,blind,0.3,5,2500,1.25,1.2745,-0.0245,-1.962,2500,1761,739,0,0.8992,0.7044,0
0.9,tail_heavy,0.5,0.25,0.5,blind,0.3,6,2500,1.25,1.2656,-0.0156,-1.25,2500,1794,706,0,0.8952,0.7176,0
0.9,tail_heavy,0.5,0.25,0.5,blind,0.5,0,2500,1.25,1.196,0.054,4.32,2500,2216,284,0,0.9008,0.8864,1
0.9,tail_heavy,0.5,0.25,0.5,blind,0.5,1,2500,1.25,1.1865,0.0635,5.08,2500,2254,246,0,0.91,0.9016,1
0.9,tail_heavy,0.5,0.25,0.5,blind,0.5,2,2500,1.25,1.1952,0.0548,4.38,2500,2219,281,0,0.8976,0.8876,1
0.9,tail_heavy,0.5,0.25,0.5,blind,0.5,3,2500,1.25,1.1985,0.0515,4.12,2500,2206,294,0,0.8956,0.8824,1
0.9,tail_heavy,0.5,0.25,0.5,blind,0.5,4,2500,1.25,1.2003,0.0497,3.98,2500,2199,301,0,0.8908,0.8796,1
0.9,tail_heavy,0.5,0.25,0.5,blind,0.5,5,2500,1.25,1.197,0.053,4.24,2500,2212,288,0,0.8996,0.8848,1
0.9,tail_heavy,0.5,0.25,0.5,blind,0.5,6,2500,1.25,1.1972,0.0528,4.22,2500,2211,289,0,0.8924,0.8844,1
0.9,tail_heavy,0.5,0.25,1.0,blind,0.2,0,2500,1.25,1.6159,-0.3659,-29.274,2500,1321,1179,0,0.8984,0.5284,0
0.9,tail_heavy,0.5,0.25,1.0,blind,0.2,1,2500,1.25,1.6178,-0.3678,-29.427,2500,1317,1183,0,0.9156,0.5268,0
0.9,tail_heavy,0.5,0.25,1.0,blind,0.2,2,2500,1.25,1.6423,-0.3923,-31.386,2500,1266,1234,0,0.9008,0.5064,0
0.9,tail_heavy,0.5,0.25,1.0,blind,0.2,3,2500,1.25,1.6154,-0.3654,-29.235,2500,1322,1178,0,0.8924,0.5288,0
0.9,tail_heavy,0.5,0.25,1.0,blind,0.2,4,2500,1.25,1.6447,-0.3947,-31.578,2500,1261,1239,0,0.9008,0.5044,0
0.9,tail_heavy,0.5,0.25,1.0,blind,0.2,5,2500,1.25,1.639,-0.389,-31.117,2500,1273,1227,0,0.8868,0.5092,0
0.9,tail_heavy,0.5,0.25,1.0,blind,0.2,6,2500,1.25,1.6346,-0.3846,-30.771,2500,1282,1218,0,0.9008,0.5128,0
0.9,tail_heavy,0.5,0.25,1.0,blind,0.3,0,2500,1.25,1.4134,-0.1634,-13.072,2500,1780,720,0,0.9008,0.712,0
0.9,tail_heavy,0.5,0.25,1.0,blind,0.3,1,2500,1.25,1.4181,-0.1681,-13.448,2500,1770,730,0,0.898,0.708,0
0.9,tail_heavy,0.5,0.25,1.0,blind,0.3,2,2500,1.25,1.4237,-0.1737,-13.899,2500,1758,742,0,0.8924,0.7032,0
0.9,tail_heavy,0.5,0.25,1.0,blind,0.3,3,2500,1.25,1.4261,-0.1761,-14.087,2500,1753,747,0,0.8964,0.7012,0
0.9,tail_heavy,0.5,0.25,1.0,blind,0.3,4,2500,1.25,1.4073,-0.1573,-12.583,2500,1793,707,0,0.8992,0.7172,0
0.9,tail_heavy,0.5,0.25,1.0,blind,0.3,5,2500,1.25,1.4148,-0.1648,-13.185,2500,1777,723,0,0.8932,0.7108,0
0.9,tail_heavy,0.5,0.25,1.0,blind,0.3,6,2500,1.25,1.3993,-0.1493,-11.944,2500,1810,690,0,0.9072,0.724,0
0.9,tail_heavy,0.5,0.25,1.0,blind,0.5,0,2500,1.25,1.2438,0.0062,0.496,2500,2236,264,0,0.9056,0.8944,1
0.9,tail_heavy,0.5,0.25,1.0,blind,0.5,1,2500,1.25,1.2623,-0.0123,-0.98,2500,2195,305,0,0.8912,0.878,0
0.9,tail_heavy,0.5,0.25,1.0,blind,0.5,2,2500,1.25,1.251,-0.001,-0.08,2500,2220,280,0,0.9096,0.888,0
0.9,tail_heavy,0.5,0.25,1.0,blind,0.5,3,2500,1.25,1.2618,-0.0118,-0.944,2500,2196,304,0,0.892,0.8784,0
0.9,tail_heavy,0.5,0.25,1.0,blind,0.5,4,2500,1.25,1.2739,-0.0239,-1.916,2500,2169,331,0,0.8876,0.8676,0
0.9,tail_heavy,0.5,0.25,1.0,blind,0.5,5,2500,1.25,1.2438,0.0062,0.496,2500,2236,264,0,0.9028,0.8944,1
0.9,tail_heavy,0.5,0.25,1.0,blind,0.5,6,2500,1.25,1.2577,-0.0077,-0.62,2500,2205,295,0,0.8956,0.882,0
0.9,tail_heavy,0.5,0.25,2.0,blind,0.2,0,2500,1.25,2.0646,-0.8146,-65.171,2500,1347,1153,0,0.9056,0.5388,0
0.9,tail_heavy,0.5,0.25,2.0,blind,0.2,1,2500,1.25,2.0822,-0.8322,-66.579,2500,1327,1173,0,0.904,0.5308,0
0.9,tail_heavy,0.5,0.25,2.0,blind,0.2,2,2500,1.25,2.1025,-0.8525,-68.198,2500,1304,1196,0,0.9084,0.5216,0
0.9,tail_heavy,0.5,0.25,2.0,blind,0.2,3,2500,1.25,2.0998,-0.8498,-67.987,2500,1307,1193,0,0.9012,0.5228,0
0.9,tail_heavy,0.5,0.25,2.0,blind,0.2,4,2500,1.25,2.1042,-0.8542,-68.339,2500,1302,1198,0,0.9088,0.5208,0
0.9,tail_heavy,0.5,0.25,2.0,blind,0.2,5,2500,1.25,2.1078,-0.8578,-68.621,2500,1298,1202,0,0.904,0.5192,0
0.9,tail_heavy,0.5,0.25,2.0,blind,0.2,6,2500,1.25,2.0884,-0.8384,-67.072,2500,1320,1180,0,0.8908,0.528,0
0.9,tail_heavy,0.5,0.25,2.0,blind,0.3,0,2500,1.25,1.6927,-0.4427,-35.416,2500,1790,710,0,0.9,0.716,0
0.9,tail_heavy,0.5,0.25,2.0,blind,0.3,1,2500,1.25,1.7249,-0.4749,-37.991,2500,1753,747,0,0.8928,0.7012,0
0.9,tail_heavy,0.5,0.25,2.0,blind,0.3,2,2500,1.25,1.7023,-0.4523,-36.182,2500,1779,721,0,0.898,0.7116,0
0.9,tail_heavy,0.5,0.25,2.0,blind,0.3,3,2500,1.25,1.6997,-0.4497,-35.973,2500,1782,718,0,0.9056,0.7128,0
0.9,tail_heavy,0.5,0.25,2.0,blind,0.3,4,2500,1.25,1.711,-0.461,-36.878,2500,1769,731,0,0.8896,0.7076,0
0.9,tail_heavy,0.5,0.25,2.0,blind,0.3,5,2500,1.25,1.7005,-0.4505,-36.042,2500,1781,719,0,0.8984,0.7124,0
0.9,tail_heavy,0.5,0.25,2.0,blind,0.3,6,2500,1.25,1.7066,-0.4566,-36.53,2500,1774,726,0,0.9056,0.7096,0
0.9,tail_heavy,0.5,0.25,2.0,blind,0.5,0,2500,1.25,1.3613,-0.1113,-8.904,2500,2222,278,0,0.896,0.8888,0
0.9,tail_heavy,0.5,0.25,2.0,blind,0.5,1,2500,1.25,1.3698,-0.1198,-9.584,2500,2212,288,0,0.8996,0.8848,0
0.9,tail_heavy,0.5,0.25,2.0,blind,0.5,2,2500,1.25,1.3749,-0.1249,-9.992,2500,2206,294,0,0.896,0.8824,0
0.9,tail_heavy,0.5,0.25,2.0,blind,0.5,3,2500,1.25,1.3808,-0.1308,-10.468,2500,2199,301,0,0.8968,0.8796,0
0.9,tail_heavy,0.5,0.25,2.0,blind,0.5,4,2500,1.25,1.3749,-0.1249,-9.992,2500,2206,294,0,0.9016,0.8824,0
0.9,tail_heavy,0.5,0.25,2.0,blind,0.5,5,2500,1.25,1.3604,-0.1104,-8.836,2500,2223,277,0,0.8972,0.8892,0
0.9,tail_heavy,0.5,0.25,2.0,blind,0.5,6,2500,1.25,1.374,-0.124,-9.924,2500,2207,293,0,0.8948,0.8828,0
0.9,tail_heavy,0.5,0.5,0.5,blind,0.2,0,2500,1.5,1.523,-0.023,-1.533,2500,1325,1175,0,0.9016,0.53,0
0.9,tail_heavy,0.5,0.5,0.5,blind,0.2,1,2500,1.5,1.5298,-0.0298,-1.989,2500,1306,1194,0,0.8936,0.5224,0
0.9,tail_heavy,0.5,0.5,0.5,blind,0.2,2,2500,1.5,1.5432,-0.0432,-2.877,2500,1269,1231,0,0.8932,0.5076,0
0.9,tail_heavy,0.5,0.5,0.5,blind,0.2,3,2500,1.5,1.532,-0.032,-2.133,2500,1300,1200,0,0.906,0.52,0
0.9,tail_heavy,0.5,0.5,0.5,blind,0.2,4,2500,1.5,1.5403,-0.0403,-2.685,2500,1277,1223,0,0.8916,0.5108,0
0.9,tail_heavy,0.5,0.5,0.5,blind,0.2,5,2500,1.5,1.5248,-0.0248,-1.653,2500,1320,1180,0,0.9068,0.528,0
0.9,tail_heavy,0.5,0.5,0.5,blind,0.2,6,2500,1.5,1.5464,-0.0464,-3.093,2500,1260,1240,0,0.894,0.504,0
0.9,tail_heavy,0.5,0.5,0.5,blind,0.3,0,2500,1.5,1.4002,0.0998,6.651,2500,1764,736,0,0.8996,0.7056,1
0.9,tail_heavy,0.5,0.5,0.5,blind,0.3,1,2500,1.5,1.3928,0.1072,7.149,2500,1786,714,0,0.8972,0.7144,1
0.9,tail_heavy,0.5,0.5,0.5,blind,0.3,2,2500,1.5,1.386,0.114,7.603,2500,1806,694,0,0.9016,0.7224,1
0.9,tail_heavy,0.5,0.5,0.5,blind,0.3,3,2500,1.5,1.388,0.112,7.467,2500,1800,700,0,0.8984,0.72,1
0.9,tail_heavy,0.5,0.5,0.5,blind,0.3,4,2500,1.5,1.3856,0.1144,7.625,2500,1807,693,0,0.9044,0.7228,1
0.9,tail_heavy,0.5,0.5,0.5,blind,0.3,5,2500,1.5,1.3907,0.1093,7.285,2500,1792,708,0,0.9084,0.7168,1
0.9,tail_heavy,0.5,0.5,0.5,blind,0.3,6,2500,1.5,1.4094,0.0906,6.039,2500,1737,763,0,0.8936,0.6948,1
0.9,tail_heavy,0.5,0.5,0.5,blind,0.5,0,2500,1.5,1.3313,0.1687,11.247,2500,2229,271,0,0.9012,0.8916,1
0.9,tail_heavy,0.5,0.5,0.5,blind,0.5,1,2500,1.5,1.3322,0.1678,11.187,2500,2226,274,0,0.9088,0.8904,1
0.9,tail_heavy,0.5,0.5,0.5,blind,0.5,2,2500,1.5,1.3394,0.1606,10.707,2500,2202,298,0,0.8984,0.8808,1
0.9,tail_heavy,0.5,0.5,0.5,blind,0.5,3,2500,1.5,1.3367,0.1633,10.887,2500,2211,289,0,0.8984,0.8844,1
0.9,tail_heavy,0.5,0.5,0.5,blind,0.5,4,2500,1.5,1.3325,0.1675,11.167,2500,2225,275,0,0.9048,0.89,1
0.9,tail_heavy,0.5,0.5,0.5,blind,0.5,5,2500,1.5,1.3319,0.1681,11.207,2500,2227,273,0,0.9048,0.8908,1
0.9,tail_heavy,0.5,0.5,0.5,blind,0.5,6,2500,1.5,1.3346,0.1654,11.027,2500,2218,282,0,0.8996,0.8872,1
0.9,tail_heavy,0.5,0.5,1.0,blind,0.2,0,2500,1.5,1.7714,-0.2714,-18.096,2500,1301,1199,0,0.9104,0.5204,0
0.9,tail_heavy,0.5,0.5,1.0,blind,0.2,1,2500,1.5,1.7978,-0.2978,-19.851,2500,1254,1246,0,0.8932,0.5016,0
0.9,tail_heavy,0.5,0.5,1.0,blind,0.2,2,2500,1.5,1.7709,-0.2709,-18.059,2500,1302,1198,0,0.8944,0.5208,0
0.9,tail_heavy,0.5,0.5,1.0,blind,0.2,3,2500,1.5,1.7653,-0.2653,-17.685,2500,1312,1188,0,0.8988,0.5248,0
0.9,tail_heavy,0.5,0.5,1.0,blind,0.2,4,2500,1.5,1.7927,-0.2927,-19.515,2500,1263,1237,0,0.8928,0.5052,0
0.9,tail_heavy,0.5,0.5,1.0,blind,0.2,5,2500,1.5,1.772,-0.272,-18.133,2500,1300,1200,0,0.9,0.52,0
0.9,tail_heavy,0.5,0.5,1.0,blind,0.2,6,2500,1.5,1.7686,-0.2686,-17.909,2500,1306,1194,0,0.902,0.5224,0
0.9,tail_heavy,0.5,0.5,1.0,blind,0.3,0,2500,1.5,1.5642,-0.0642,-4.279,2500,1733,767,0,0.8976,0.6932,0
0.9,tail_heavy,0.5,0.5,1.0,blind,0.3,1,2500,1.5,1.5388,-0.0388,-2.587,2500,1780,720,0,0.9,0.712,0
0.9,tail_heavy,0.5,0.5,1.0,blind,0.3,2,2500,1.5,1.5183,-0.0183,-1.219,2500,1818,682,0,0.9136,0.7272,0
0.9,tail_heavy,0.5,0.5,1.0,blind,0.3,3,2500,1.5,1.5356,-0.0356,-2.371,2500,1786,714,0,0.9044,0.7144,0
0.9,tail_heavy,0.5,0.5,1.0,blind,0.3,4,2500,1.5,1.5204,-0.0204,-1.363,2500,1814,686,0,0.8988,0.7256,0
0.9,tail_heavy,0.5,0.5,1.0,blind,0.3,5,2500,1.5,1.5188,-0.0188,-1.255,2500,1817,683,0,0.8996,0.7268,0
0.9,tail_heavy,0.5,0.5,1.0,blind,0.3,6,2500,1.5,1.5291,-0.0291,-1.939,2500,1798,702,0,0.9096,0.7192,0
0.9,tail_heavy,0.5,0.5,1.0,blind,0.5,0,2500,1.5,1.392,0.108,7.2,2500,2216,284,0,0.9024,0.8864,1
0.9,tail_heavy,0.5,0.5,1.0,blind,0.5,1,2500,1.5,1.4005,0.0995,6.633,2500,2199,301,0,0.8928,0.8796,1
0.9,tail_heavy,0.5,0.5,1.0,blind,0.5,2,2500,1.5,1.3965,0.1035,6.9,2500,2207,293,0,0.8956,0.8828,1
0.9,tail_heavy,0.5,0.5,1.0,blind,0.5,3,2500,1.5,1.3955,0.1045,6.967,2500,2209,291,0,0.9024,0.8836,1
0.9,tail_heavy,0.5,0.5,1.0,blind,0.5,4,2500,1.5,1.3935,0.1065,7.1,2500,2213,287,0,0.898,0.8852,1
0.9,tail_heavy,0.5,0.5,1.0,blind,0.5,5,2500,1.5,1.411,0.089,5.933,2500,2178,322,0,0.8904,0.8712,1
0.9,tail_heavy,0.5,0.5,1.0,blind,0.5,6,2500,1.5,1.383,0.117,7.8,2500,2234,266,0,0.8976,0.8936,1
0.9,tail_heavy,0.5,0.5,2.0,blind,0.2,0,2500,1.5,2.2837,-0.7837,-52.245,2500,1267,1233,0,0.8956,0.5068,0
0.9,tail_heavy,0.5,0.5,2.0,blind,0.2,1,2500,1.5,2.3202,-0.8202,-54.677,2500,1229,1271,0,0.8816,0.4916,0
0.9,tail_heavy,0.5,0.5,2.0,blind,0.2,2,2500,1.5,2.2366,-0.7366,-49.109,2500,1316,1184,0,0.8972,0.5264,0
0.9,tail_heavy,0.5,0.5,2.0,blind,0.2,3,2500,1.5,2.2472,-0.7472,-49.813,2500,1305,1195,0,0.9,0.522,0
0.9,tail_heavy,0.5,0.5,2.0,blind,0.2,4,2500,1.5,2.2242,-0.7242,-48.277,2500,1329,1171,0,0.9004,0.5316,0
0.9,tail_heavy,0.5,0.5,2.0,blind,0.2,5,2500,1.5,2.227,-0.727,-48.469,2500,1326,1174,0,0.898,0.5304,0
0.9,tail_heavy,0.5,0.5,2.0,blind,0.2,6,2500,1.5,2.2702,-0.7702,-51.349,2500,1281,1219,0,0.9108,0.5124,0
0.9,tail_heavy,0.5,0.5,2.0,blind,0.3,0,2500,1.5,1.8353,-0.3353,-22.351,2500,1771,729,0,0.9024,0.7084,0
0.9,tail_heavy,0.5,0.5,2.0,blind,0.3,1,2500,1.5,1.8221,-0.3221,-21.473,2500,1785,715,0,0.902,0.714,0
0.9,tail_heavy,0.5,0.5,2.0,blind,0.3,2,2500,1.5,1.8136,-0.3136,-20.909,2500,1794,706,0,0.8964,0.7176,0
0.9,tail_heavy,0.5,0.5,2.0,blind,0.3,3,2500,1.5,1.8155,-0.3155,-21.035,2500,1792,708,0,0.9048,0.7168,0
0.9,tail_heavy,0.5,0.5,2.0,blind,0.3,4,2500,1.5,1.8362,-0.3362,-22.413,2500,1770,730,0,0.902,0.708,0
0.9,tail_heavy,0.5,0.5,2.0,blind,0.3,5,2500,1.5,1.8155,-0.3155,-21.035,2500,1792,708,0,0.8968,0.7168,0
0.9,tail_heavy,0.5,0.5,2.0,blind,0.3,6,2500,1.5,1.8099,-0.3099,-20.659,2500,1798,702,0,0.8988,0.7192,0
0.9,tail_heavy,0.5,0.5,2.0,blind,0.5,0,2500,1.5,1.5065,-0.0065,-0.433,2500,2215,285,0,0.9088,0.886,0
0.9,tail_heavy,0.5,0.5,2.0,blind,0.5,1,2500,1.5,1.5128,-0.0128,-0.853,2500,2208,292,0,0.8956,0.8832,0
0.9,tail_heavy,0.5,0.5,2.0,blind,0.5,2,2500,1.5,1.5209,-0.0209,-1.393,2500,2199,301,0,0.8972,0.8796,0
0.9,tail_heavy,0.5,0.5,2.0,blind,0.5,3,2500,1.5,1.5119,-0.0119,-0.793,2500,2209,291,0,0.8984,0.8836,0
0.9,tail_heavy,0.5,0.5,2.0,blind,0.5,4,2500,1.5,1.4939,0.0061,0.407,2500,2229,271,0,0.9068,0.8916,1
0.9,tail_heavy,0.5,0.5,2.0,blind,0.5,5,2500,1.5,1.4984,0.0016,0.107,2500,2224,276,0,0.8984,0.8896,1
0.9,tail_heavy,0.5,0.5,2.0,blind,0.5,6,2500,1.5,1.5047,-0.0047,-0.313,2500,2217,283,0,0.8984,0.8868,0
0.9,tail_heavy,0.5,1,0.5,blind,0.2,0,2500,2.0,1.823,0.177,8.852,2500,1302,1198,0,0.89,0.5208,1
0.9,tail_heavy,0.5,1,0.5,blind,0.2,1,2500,2.0,1.8146,0.1854,9.268,2500,1318,1182,0,0.9032,0.5272,1
0.9,tail_heavy,0.5,1,0.5,blind,0.2,2,2500,2.0,1.8443,0.1557,7.786,2500,1261,1239,0,0.8996,0.5044,1
0.9,tail_heavy,0.5,1,0.5,blind,0.2,3,2500,2.0,1.8146,0.1854,9.268,2500,1318,1182,0,0.896,0.5272,1
0.9,tail_heavy,0.5,1,0.5,blind,0.2,4,2500,2.0,1.8198,0.1802,9.008,2500,1308,1192,0,0.8964,0.5232,1
0.9,tail_heavy,0.5,1,0.5,blind,0.2,5,2500,2.0,1.8037,0.1963,9.814,2500,1339,1161,0,0.9052,0.5356,1
0.9,tail_heavy,0.5,1,0.5,blind,0.2,6,2500,2.0,1.8172,0.1828,9.138,2500,1313,1187,0,0.9072,0.5252,1
0.9,tail_heavy,0.5,1,0.5,blind,0.3,0,2500,2.0,1.6355,0.3645,18.224,2500,1801,699,0,0.9084,0.7204,1
0.9,tail_heavy,0.5,1,0.5,blind,0.3,1,2500,2.0,1.6614,0.3386,16.928,2500,1747,753,0,0.902,0.6988,1
0.9,tail_heavy,0.5,1,0.5,blind,0.3,2,2500,2.0,1.636,0.364,18.2,2500,1800,700,0,0.906,0.72,1
0.9,tail_heavy,0.5,1,0.5,blind,0.3,3,2500,2.0,1.6451,0.3549,17.744,2500,1781,719,0,0.8992,0.7124,1
0.9,tail_heavy,0.5,1,0.5,blind,0.3,4,2500,2.0,1.636,0.364,18.2,2500,1800,700,0,0.8948,0.72,1
0.9,tail_heavy,0.5,1,0.5,blind,0.3,5,2500,2.0,1.6566,0.3434,17.168,2500,1757,743,0,0.8888,0.7028,1
0.9,tail_heavy,0.5,1,0.5,blind,0.3,6,2500,2.0,1.6485,0.3515,17.576,2500,1774,726,0,0.8984,0.7096,1
0.9,tail_heavy,0.5,1,0.5,blind,0.5,0,2500,2.0,1.6028,0.3972,19.86,2500,2243,257,0,0.9124,0.8972,1
0.9,tail_heavy,0.5,1,0.5,blind,0.5,1,2500,2.0,1.6072,0.3928,19.64,2500,2232,268,0,0.9024,0.8928,1
0.9,tail_heavy,0.5,1,0.5,blind,0.5,2,2500,2.0,1.6184,0.3816,19.08,2500,2204,296,0,0.8952,0.8816,1
0.9,tail_heavy,0.5,1,0.5,blind,0.5,3,2500,2.0,1.5984,0.4016,20.08,2500,2254,246,0,0.9156,0.9016,1
0.9,tail_heavy,0.5,1,0.5,blind,0.5,4,2500,2.0,1.6052,0.3948,19.74,2500,2237,263,0,0.91,0.8948,1
0.9,tail_heavy,0.5,1,0.5,blind,0.5,5,2500,2.0,1.614,0.386,19.3,2500,2215,285,0,0.8984,0.886,1
0.9,tail_heavy,0.5,1,0.5,blind,0.5,6,2500,2.0,1.62,0.38,19.0,2500,2200,300,0,0.9024,0.88,1
0.9,tail_heavy,0.5,1,1.0,blind,0.2,0,2500,2.0,2.041,-0.041,-2.048,2500,1332,1168,0,0.8988,0.5328,0
0.9,tail_heavy,0.5,1,1.0,blind,0.2,1,2500,2.0,2.0777,-0.0777,-3.884,2500,1281,1219,0,0.8884,0.5124,0
0.9,tail_heavy,0.5,1,1.0,blind,0.2,2,2500,2.0,2.0906,-0.0906,-4.532,2500,1263,1237,0,0.8932,0.5052,0
0.9,tail_heavy,0.5,1,1.0,blind,0.2,3,2500,2.0,2.0654,-0.0654,-3.272,2500,1298,1202,0,0.906,0.5192,0
0.9,tail_heavy,0.5,1,1.0,blind,0.2,4,2500,2.0,2.0381,-0.0381,-1.904,2500,1336,1164,0,0.8932,0.5344,0
0.9,tail_heavy,0.5,1,1.0,blind,0.2,5,2500,2.0,2.0345,-0.0345,-1.724,2500,1341,1159,0,0.9012,0.5364,0
0.9,tail_heavy,0.5,1,1.0,blind,0.2,6,2500,2.0,2.0791,-0.0791,-3.956,2500,1279,1221,0,0.9096,0.5116,0
0.9,tail_heavy,0.5,1,1.0,blind,0.3,0,2500,2.0,1.7746,0.2254,11.268,2500,1802,698,0,0.8984,0.7208,1
0.9,tail_heavy,0.5,1,1.0,blind,0.3,1,2500,2.0,1.7896,0.2104,10.52,2500,1780,720,0,0.892,0.712,1
0.9,tail_heavy,0.5,1,1.0,blind,0.3,2,2500,2.0,1.7733,0.2267,11.336,2500,1804,696,0,0.8996,0.7216,1
0.9,tail_heavy,0.5,1,1.0,blind,0.3,3,2500,2.0,1.7753,0.2247,11.234,2500,1801,699,0,0.908,0.7204,1
0.9,tail_heavy,0.5,1,1.0,blind,0.3,4,2500,2.0,1.791,0.209,10.452,2500,1778,722,0,0.9024,0.7112,1
0.9,tail_heavy,0.5,1,1.0,blind,0.3,5,2500,2.0,1.7774,0.2226,11.132,2500,1798,702,0,0.898,0.7192,1
0.9,tail_heavy,0.5,1,1.0,blind,0.3,6,2500,2.0,1.7903,0.2097,10.486,2500,1779,721,0,0.8996,0.7116,1
0.9,tail_heavy,0.5,1,1.0,blind,0.5,0,2500,2.0,1.671,0.329,16.45,2500,2215,285,0,0.8968,0.886,1
0.9,tail_heavy,0.5,1,1.0,blind,0.5,1,2500,2.0,1.6758,0.3242,16.21,2500,2207,293,0,0.9016,0.8828,1
0.9,tail_heavy,0.5,1,1.0,blind,0.5,2,2500,2.0,1.6704,0.3296,16.48,2500,2216,284,0,0.9008,0.8864,1
0.9,tail_heavy,0.5,1,1.0,blind,0.5,3,2500,2.0,1.6836,0.3164,15.82,2500,2194,306,0,0.8948,0.8776,1
0.9,tail_heavy,0.5,1,1.0,blind,0.5,4,2500,2.0,1.6638,0.3362,16.81,2500,2227,273,0,0.898,0.8908,1
0.9,tail_heavy,0.5,1,1.0,blind,0.5,5,2500,2.0,1.6698,0.3302,16.51,2500,2217,283,0,0.8984,0.8868,1
0.9,tail_heavy,0.5,1,1.0,blind,0.5,6,2500,2.0,1.6674,0.3326,16.63,2500,2221,279,0,0.904,0.8884,1
0.9,tail_heavy,0.5,1,2.0,blind,0.2,0,2500,2.0,2.4936,-0.4936,-24.68,2500,1345,1155,0,0.9004,0.538,0
0.9,tail_heavy,0.5,1,2.0,blind,0.2,1,2500,2.0,2.5395,-0.5395,-26.976,2500,1304,1196,0,0.89,0.5216,0
0.9,tail_heavy,0.5,1,2.0,blind,0.2,2,2500,2.0,2.4958,-0.4958,-24.792,2500,1343,1157,0,0.9004,0.5372,0
0.9,tail_heavy,0.5,1,2.0,blind,0.2,3,2500,2.0,2.5261,-0.5261,-26.304,2500,1316,1184,0,0.8876,0.5264,0
0.9,tail_heavy,0.5,1,2.0,blind,0.2,4,2500,2.0,2.5194,-0.5194,-25.968,2500,1322,1178,0,0.8912,0.5288,0
0.9,tail_heavy,0.5,1,2.0,blind,0.2,5,2500,2.0,2.5686,-0.5686,-28.432,2500,1278,1222,0,0.8908,0.5112,0
0.9,tail_heavy,0.5,1,2.0,blind,0.2,6,2500,2.0,2.5966,-0.5966,-29.832,2500,1253,1247,0,0.8972,0.5012,0
0.9,tail_heavy,0.5,1,2.0,blind,0.3,0,2500,2.0,2.11,-0.11,-5.5,2500,1750,750,0,0.892,0.7,0
0.9,tail_heavy,0.5,1,2.0,blind,0.3,1,2500,2.0,2.0625,-0.0625,-3.124,2500,1794,706,0,0.8992,0.7176,0
0.9,tail_heavy,0.5,1,2.0,blind,0.3,2,2500,2.0,2.0636,-0.0636,-3.178,2500,1793,707,0,0.9008,0.7172,0
0.9,tail_heavy,0.5,1,2.0,blind,0.3,3,2500,2.0,2.0884,-0.0884,-4.42,2500,1770,730,0,0.9,0.708,0
0.9,tail_heavy,0.5,1,2.0,blind,0.3,4,2500,2.0,2.0938,-0.0938,-4.69,2500,1765,735,0,0.8948,0.706,0
0.9,tail_heavy,0.5,1,2.0,blind,0.3,5,2500,2.0,2.0938,-0.0938,-4.69,2500,1765,735,0,0.8996,0.706,0
0.9,tail_heavy,0.5,1,2.0,blind,0.3,6,2500,2.0,2.0506,-0.0506,-2.53,2500,1805,695,0,0.9004,0.722,0
0.9,tail_heavy,0.5,1,2.0,blind,0.5,0,2500,2.0,1.771,0.229,11.45,2500,2229,271,0,0.9044,0.8916,1
0.9,tail_heavy,0.5,1,2.0,blind,0.5,1,2500,2.0,1.788,0.212,10.6,2500,2212,288,0,0.9032,0.8848,1
0.9,tail_heavy,0.5,1,2.0,blind,0.5,2,2500,2.0,1.762,0.238,11.9,2500,2238,262,0,0.9068,0.8952,1
0.9,tail_heavy,0.5,1,2.0,blind,0.5,3,2500,2.0,1.792,0.208,10.4,2500,2208,292,0,0.8996,0.8832,1
0.9,tail_heavy,0.5,1,2.0,blind,0.5,4,2500,2.0,1.792,0.208,10.4,2500,2208,292,0,0.9028,0.8832,1
0.9,tail_heavy,0.5,1,2.0,blind,0.5,5,2500,2.0,1.801,0.199,9.95,2500,2199,301,0,0.9008,0.8796,1
0.9,tail_heavy,0.5,1,2.0,blind,0.5,6,2500,2.0,1.77,0.23,11.5,2500,2230,270,0,0.9024,0.892,1
0.9,tail_heavy,0.5,2,0.5,blind,0.2,0,2500,3.0,2.3996,0.6004,20.013,2500,1310,1190,0,0.9072,0.524,1
0.9,tail_heavy,0.5,2,0.5,blind,0.2,1,2500,3.0,2.4181,0.5819,19.397,2500,1288,1212,0,0.9064,0.5152,1
0.9,tail_heavy,0.5,2,0.5,blind,0.2,2,2500,3.0,2.3962,0.6038,20.125,2500,1314,1186,0,0.9024,0.5256,1
0.9,tail_heavy,0.5,2,0.5,blind,0.2,3,2500,3.0,2.4198,0.5802,19.341,2500,1286,1214,0,0.8968,0.5144,1
0.9,tail_heavy,0.5,2,0.5,blind,0.2,4,2500,3.0,2.4282,0.5718,19.061,2500,1276,1224,0,0.9032,0.5104,1
0.9,tail_heavy,0.5,2,0.5,blind,0.2,5,2500,3.0,2.4198,0.5802,19.341,2500,1286,1214,0,0.9032,0.5144,1
0.9,tail_heavy,0.5,2,0.5,blind,0.2,6,2500,3.0,2.4164,0.5836,19.453,2500,1290,1210,0,0.8976,0.516,1
0.9,tail_heavy,0.5,2,0.5,blind,0.3,0,2500,3.0,2.1495,0.8505,28.351,2500,1777,723,0,0.9056,0.7108,1
0.9,tail_heavy,0.5,2,0.5,blind,0.3,1,2500,3.0,2.1723,0.8277,27.591,2500,1747,753,0,0.8996,0.6988,1
0.9,tail_heavy,0.5,2,0.5,blind,0.3,2,2500,3.0,2.0872,0.9128,30.428,2500,1859,641,0,0.9112,0.7436,1
0.9,tail_heavy,0.5,2,0.5,blind,0.3,3,2500,3.0,2.1282,0.8718,29.06,2500,1805,695,0,0.9076,0.722,1
0.9,tail_heavy,0.5,2,0.5,blind,0.3,4,2500,3.0,2.1518,0.8482,28.275,2500,1774,726,0,0.9008,0.7096,1
0.9,tail_heavy,0.5,2,0.5,blind,0.3,5,2500,3.0,2.135,0.865,28.832,2500,1796,704,0,0.9004,0.7184,1
0.9,tail_heavy,0.5,2,0.5,blind,0.3,6,2500,3.0,2.1464,0.8536,28.452,2500,1781,719,0,0.8968,0.7124,1
0.9,tail_heavy,0.5,2,0.5,blind,0.5,0,2500,3.0,2.1704,0.8296,27.653,2500,2216,284,0,0.8976,0.8864,1
0.9,tail_heavy,0.5,2,0.5,blind,0.5,1,2500,3.0,2.1662,0.8338,27.793,2500,2223,277,0,0.9012,0.8892,1
0.9,tail_heavy,0.5,2,0.5,blind,0.5,2,2500,3.0,2.18,0.82,27.333,2500,2200,300,0,0.9012,0.88,1
0.9,tail_heavy,0.5,2,0.5,blind,0.5,3,2500,3.0,2.1848,0.8152,27.173,2500,2192,308,0,0.888,0.8768,1
0.9,tail_heavy,0.5,2,0.5,blind,0.5,4,2500,3.0,2.1668,0.8332,27.773,2500,2222,278,0,0.9016,0.8888,1
0.9,tail_heavy,0.5,2,0.5,blind,0.5,5,2500,3.0,2.1644,0.8356,27.853,2500,2226,274,0,0.9016,0.8904,1
0.9,tail_heavy,0.5,2,0.5,blind,0.5,6,2500,3.0,2.1632,0.8368,27.893,2500,2228,272,0,0.9032,0.8912,1
0.9,tail_heavy,0.5,2,1.0,blind,0.2,0,2500,3.0,2.6116,0.3884,12.947,2500,1335,1165,0,0.8964,0.534,1
0.9,tail_heavy,0.5,2,1.0,blind,0.2,1,2500,3.0,2.6418,0.3582,11.941,2500,1306,1194,0,0.89,0.5224,1
0.9,tail_heavy,0.5,2,1.0,blind,0.2,2,2500,3.0,2.6189,0.3811,12.704,2500,1328,1172,0,0.9064,0.5312,1
0.9,tail_heavy,0.5,2,1.0,blind,0.2,3,2500,3.0,2.6324,0.3676,12.253,2500,1315,1185,0,0.9168,0.526,1
0.9,tail_heavy,0.5,2,1.0,blind,0.2,4,2500,3.0,2.7135,0.2865,9.549,2500,1237,1263,0,0.8936,0.4948,1
0.9,tail_heavy,0.5,2,1.0,blind,0.2,5,2500,3.0,2.6376,0.3624,12.08,2500,1310,1190,0,0.9028,0.524,1
0.9,tail_heavy,0.5,2,1.0,blind,0.2,6,2500,3.0,2.6563,0.3437,11.456,2500,1292,1208,0,0.9004,0.5168,1
0.9,tail_heavy,0.5,2,1.0,blind,0.3,0,2500,3.0,2.2874,0.7126,23.755,2500,1784,716,0,0.8892,0.7136,1
0.9,tail_heavy,0.5,2,1.0,blind,0.3,1,2500,3.0,2.2845,0.7155,23.851,2500,1787,713,0,0.8988,0.7148,1
0.9,tail_heavy,0.5,2,1.0,blind,0.3,2,2500,3.0,2.2566,0.7434,24.779,2500,1816,684,0,0.9048,0.7264,1
0.9,tail_heavy,0.5,2,1.0,blind,0.3,3,2500,3.0,2.3104,0.6896,22.987,2500,1760,740,0,0.9032,0.704,1
0.9,tail_heavy,0.5,2,1.0,blind,0.3,4,2500,3.0,2.295,0.705,23.499,2500,1776,724,0,0.9004,0.7104,1
0.9,tail_heavy,0.5,2,1.0,blind,0.3,5,2500,3.0,2.2624,0.7376,24.587,2500,1810,690,0,0.8992,0.724,1
0.9,tail_heavy,0.5,2,1.0,blind,0.3,6,2500,3.0,2.2912,0.7088,23.627,2500,1780,720,0,0.9012,0.712,1
0.9,tail_heavy,0.5,2,1.0,blind,0.5,0,2500,3.0,2.2224,0.7776,25.92,2500,2222,278,0,0.8988,0.8888,1
0.9,tail_heavy,0.5,2,1.0,blind,0.5,1,2500,3.0,2.236,0.764,25.467,2500,2205,295,0,0.8924,0.882,1
0.9,tail_heavy,0.5,2,1.0,blind,0.5,2,2500,3.0,2.2032,0.7968,26.56,2500,2246,254,0,0.9108,0.8984,1
0.9,tail_heavy,0.5,2,1.0,blind,0.5,3,2500,3.0,2.2232,0.7768,25.893,2500,2221,279,0,0.9064,0.8884,1
0.9,tail_heavy,0.5,2,1.0,blind,0.5,4,2500,3.0,2.2384,0.7616,25.387,2500,2202,298,0,0.8912,0.8808,1
0.9,tail_heavy,0.5,2,1.0,blind,0.5,5,2500,3.0,2.2152,0.7848,26.16,2500,2231,269,0,0.9008,0.8924,1
0.9,tail_heavy,0.5,2,1.0,blind,0.5,6,2500,3.0,2.2304,0.7696,25.653,2500,2212,288,0,0.8948,0.8848,1
0.9,tail_heavy,0.5,2,2.0,blind,0.2,0,2500,3.0,3.223,-0.223,-7.435,2500,1234,1266,0,0.9032,0.4936,0
0.9,tail_heavy,0.5,2,2.0,blind,0.2,1,2500,3.0,3.0862,-0.0862,-2.875,2500,1329,1171,0,0.9064,0.5316,0
0.9,tail_heavy,0.5,2,2.0,blind,0.2,2,2500,3.0,3.1309,-0.1309,-4.363,2500,1298,1202,0,0.9072,0.5192,0
0.9,tail_heavy,0.5,2,2.0,blind,0.2,3,2500,3.0,3.1107,-0.1107,-3.691,2500,1312,1188,0,0.9052,0.5248,0
0.9,tail_heavy,0.5,2,2.0,blind,0.2,4,2500,3.0,3.1482,-0.1482,-4.939,2500,1286,1214,0,0.8988,0.5144,0
0.9,tail_heavy,0.5,2,2.0,blind,0.2,5,2500,3.0,3.0992,-0.0992,-3.307,2500,1320,1180,0,0.898,0.528,0
0.9,tail_heavy,0.5,2,2.0,blind,0.2,6,2500,3.0,3.0891,-0.0891,-2.971,2500,1327,1173,0,0.9064,0.5308,0
0.9,tail_heavy,0.5,2,2.0,blind,0.3,0,2500,3.0,2.5316,0.4684,15.613,2500,1815,685,0,0.904,0.726,1
0.9,tail_heavy,0.5,2,2.0,blind,0.3,1,2500,3.0,2.537,0.463,15.432,2500,1811,689,0,0.898,0.7244,1
0.9,tail_heavy,0.5,2,2.0,blind,0.3,2,2500,3.0,2.5316,0.4684,15.613,2500,1815,685,0,0.9096,0.726,1
0.9,tail_heavy,0.5,2,2.0,blind,0.3,3,2500,3.0,2.567,0.433,14.435,2500,1789,711,0,0.8936,0.7156,1
0.9,tail_heavy,0.5,2,2.0,blind,0.3,4,2500,3.0,2.5275,0.4725,15.749,2500,1818,682,0,0.8968,0.7272,1
0.9,tail_heavy,0.5,2,2.0,blind,0.3,5,2500,3.0,2.5751,0.4249,14.163,2500,1783,717,0,0.9008,0.7132,1
0.9,tail_heavy,0.5,2,2.0,blind,0.3,6,2500,3.0,2.5452,0.4548,15.16,2500,1805,695,0,0.8884,0.722,1
0.9,tail_heavy,0.5,2,2.0,blind,0.5,0,2500,3.0,2.3984,0.6016,20.053,2500,2168,332,0,0.8852,0.8672,1
0.9,tail_heavy,0.5,2,2.0,blind,0.5,1,2500,3.0,2.3264,0.6736,22.453,2500,2228,272,0,0.8984,0.8912,1
0.9,tail_heavy,0.5,2,2.0,blind,0.5,2,2500,3.0,2.3324,0.6676,22.253,2500,2223,277,0,0.8956,0.8892,1
0.9,tail_heavy,0.5,2,2.0,blind,0.5,3,2500,3.0,2.3204,0.6796,22.653,2500,2233,267,0,0.91,0.8932,1
0.9,tail_heavy,0.5,2,2.0,blind,0.5,4,2500,3.0,2.3552,0.6448,21.493,2500,2204,296,0,0.892,0.8816,1
0.9,tail_heavy,0.5,2,2.0,blind,0.5,5,2500,3.0,2.3384,0.6616,22.053,2500,2218,282,0,0.8964,0.8872,1
0.9,tail_heavy,0.5,2,2.0,blind,0.5,6,2500,3.0,2.3276,0.6724,22.413,2500,2227,273,0,0.902,0.8908,1
0.9,tail_heavy,0.5,4,0.5,blind,0.2,0,2500,5.0,3.5701,1.4299,28.598,2500,1304,1196,0,0.9028,0.5216,1
0.9,tail_heavy,0.5,4,0.5,blind,0.2,1,2500,5.0,3.6574,1.3426,26.852,2500,1245,1255,0,0.8928,0.498,1
0.9,tail_heavy,0.5,4,0.5,blind,0.2,2,2500,5.0,3.5804,1.4196,28.391,2500,1297,1203,0,0.8968,0.5188,1
0.9,tail_heavy,0.5,4,0.5,blind,0.2,3,2500,5.0,3.5257,1.4743,29.486,2500,1334,1166,0,0.8944,0.5336,1
0.9,tail_heavy,0.5,4,0.5,blind,0.2,4,2500,5.0,3.5434,1.4566,29.131,2500,1322,1178,0,0.9056,0.5288,1
0.9,tail_heavy,0.5,4,0.5,blind,0.2,5,2500,5.0,3.5967,1.4033,28.066,2500,1286,1214,0,0.8948,0.5144,1
0.9,tail_heavy,0.5,4,0.5,blind,0.2,6,2500,5.0,3.6026,1.3974,27.947,2500,1282,1218,0,0.8984,0.5128,1
0.9,tail_heavy,0.5,4,0.5,blind,0.3,0,2500,5.0,3.1266,1.8734,37.467,2500,1798,702,0,0.9,0.7192,1
0.9,tail_heavy,0.5,4,0.5,blind,0.3,1,2500,5.0,3.1398,1.8602,37.203,2500,1788,712,0,0.898,0.7152,1
0.9,tail_heavy,0.5,4,0.5,blind,0.3,2,2500,5.0,3.1398,1.8602,37.203,2500,1788,712,0,0.906,0.7152,1
0.9,tail_heavy,0.5,4,0.5,blind,0.3,3,2500,5.0,3.1583,1.8417,36.834,2500,1774,726,0,0.8908,0.7096,1
0.9,tail_heavy,0.5,4,0.5,blind,0.3,4,2500,5.0,3.1148,1.8852,37.705,2500,1807,693,0,0.906,0.7228,1
0.9,tail_heavy,0.5,4,0.5,blind,0.3,5,2500,5.0,3.1161,1.8839,37.678,2500,1806,694,0,0.8956,0.7224,1
0.9,tail_heavy,0.5,4,0.5,blind,0.3,6,2500,5.0,3.1108,1.8892,37.784,2500,1810,690,0,0.8952,0.724,1
0.9,tail_heavy,0.5,4,0.5,blind,0.5,0,2500,5.0,3.277,1.723,34.46,2500,2223,277,0,0.9016,0.8892,1
0.9,tail_heavy,0.5,4,0.5,blind,0.5,1,2500,5.0,3.289,1.711,34.22,2500,2211,289,0,0.9,0.8844,1
0.9,tail_heavy,0.5,4,0.5,blind,0.5,2,2500,5.0,3.288,1.712,34.24,2500,2212,288,0,0.9,0.8848,1
0.9,tail_heavy,0.5,4,0.5,blind,0.5,3,2500,5.0,3.297,1.703,34.06,2500,2203,297,0,0.8956,0.8812,1
0.9,tail_heavy,0.5,4,0.5,blind,0.5,4,2500,5.0,3.295,1.705,34.1,2500,2205,295,0,0.9076,0.882,1
0.9,tail_heavy,0.5,4,0.5,blind,0.5,5,2500,5.0,3.288,1.712,34.24,2500,2212,288,0,0.8996,0.8848,1
0.9,tail_heavy,0.5,4,0.5,blind,0.5,6,2500,5.0,3.311,1.689,33.78,2500,2189,311,0,0.8944,0.8756,1
0.9,tail_heavy,0.5,4,1.0,blind,0.2,0,2500,5.0,3.8328,1.1672,23.344,2500,1290,1210,0,0.9016,0.516,1
0.9,tail_heavy,0.5,4,1.0,blind,0.2,1,2500,5.0,3.8294,1.1706,23.411,2500,1292,1208,0,0.8992,0.5168,1
0.9,tail_heavy,0.5,4,1.0,blind,0.2,2,2500,5.0,3.8126,1.1874,23.747,2500,1302,1198,0,0.8912,0.5208,1
0.9,tail_heavy,0.5,4,1.0,blind,0.2,3,2500,5.0,3.7572,1.2428,24.856,2500,1335,1165,0,0.8964,0.534,1
0.9,tail_heavy,0.5,4,1.0,blind,0.2,4,2500,5.0,3.8076,1.1924,23.848,2500,1305,1195,0,0.8968,0.522,1
0.9,tail_heavy,0.5,4,1.0,blind,0.2,5,2500,5.0,3.7723,1.2277,24.554,2500,1326,1174,0,0.8968,0.5304,1
0.9,tail_heavy,0.5,4,1.0,blind,0.2,6,2500,5.0,3.7622,1.2378,24.755,2500,1332,1168,0,0.9048,0.5328,1
0.9,tail_heavy,0.5,4,1.0,blind,0.3,0,2500,5.0,3.2792,1.7208,34.416,2500,1790,710,0,0.9,0.716,1
0.9,tail_heavy,0.5,4,1.0,blind,0.3,1,2500,5.0,3.3126,1.6874,33.747,2500,1768,732,0,0.9032,0.7072,1
0.9,tail_heavy,0.5,4,1.0,blind,0.3,2,2500,5.0,3.3035,1.6965,33.93,2500,1774,726,0,0.9048,0.7096,1
0.9,tail_heavy,0.5,4,1.0,blind,0.3,3,2500,5.0,3.1926,1.8074,36.149,2500,1847,653,0,0.9124,0.7388,1
0.9,tail_heavy,0.5,4,1.0,blind,0.3,4,2500,5.0,3.2746,1.7254,34.507,2500,1793,707,0,0.9004,0.7172,1
0.9,tail_heavy,0.5,4,1.0,blind,0.3,5,2500,5.0,3.2655,1.7345,34.69,2500,1799,701,0,0.896,0.7196,1
0.9,tail_heavy,0.5,4,1.0,blind,0.3,6,2500,5.0,3.2549,1.7451,34.902,2500,1806,694,0,0.8992,0.7224,1
0.9,tail_heavy,0.5,4,1.0,blind,0.5,0,2500,5.0,3.3156,1.6844,33.688,2500,2237,263,0,0.9028,0.8948,1
0.9,tail_heavy,0.5,4,1.0,blind,0.5,1,2500,5.0,3.3456,1.6544,33.088,2500,2212,288,0,0.9028,0.8848,1
0.9,tail_heavy,0.5,4,1.0,blind,0.5,2,2500,5.0,3.3588,1.6412,32.824,2500,2201,299,0,0.8952,0.8804,1
0.9,tail_heavy,0.5,4,1.0,blind,0.5,3,2500,5.0,3.384,1.616,32.32,2500,2180,320,0,0.8864,0.872,1
0.9,tail_heavy,0.5,4,1.0,blind,0.5,4,2500,5.0,3.342,1.658,33.16,2500,2215,285,0,0.902,0.886,1
0.9,tail_heavy,0.5,4,1.0,blind,0.5,5,2500,5.0,3.3384,1.6616,33.232,2500,2218,282,0,0.8976,0.8872,1
0.9,tail_heavy,0.5,4,1.0,blind,0.5,6,2500,5.0,3.3804,1.6196,32.392,2500,2183,317,0,0.9008,0.8732,1
0.9,tail_heavy,0.5,4,2.0,blind,0.2,0,2500,5.0,4.2731,0.7269,14.538,2500,1311,1189,0,0.8964,0.5244,1
0.9,tail_heavy,0.5,4,2.0,blind,0.2,1,2500,5.0,4.3688,0.6312,12.624,2500,1265,1235,0,0.896,0.506,1
0.9,tail_heavy,0.5,4,2.0,blind,0.2,2,2500,5.0,4.3605,0.6395,12.79,2500,1269,1231,0,0.892,0.5076,1
0.9,tail_heavy,0.5,4,2.0,blind,0.2,3,2500,5.0,4.3605,0.6395,12.79,2500,1269,1231,0,0.9004,0.5076,1
0.9,tail_heavy,0.5,4,2.0,blind,0.2,4,2500,5.0,4.3251,0.6749,13.498,2500,1286,1214,0,0.8948,0.5144,1
0.9,tail_heavy,0.5,4,2.0,blind,0.2,5,2500,5.0,4.2669,0.7331,14.662,2500,1314,1186,0,0.904,0.5256,1
0.9,tail_heavy,0.5,4,2.0,blind,0.2,6,2500,5.0,4.2211,0.7789,15.578,2500,1336,1164,0,0.9036,0.5344,1
0.9,tail_heavy,0.5,4,2.0,blind,0.3,0,2500,5.0,3.5958,1.4042,28.083,2500,1773,727,0,0.8884,0.7092,1
0.9,tail_heavy,0.5,4,2.0,blind,0.3,1,2500,5.0,3.4691,1.5309,30.618,2500,1839,661,0,0.8968,0.7356,1
0.9,tail_heavy,0.5,4,2.0,blind,0.3,2,2500,5.0,3.5267,1.4733,29.466,2500,1809,691,0,0.8996,0.7236,1
0.9,tail_heavy,0.5,4,2.0,blind,0.3,3,2500,5.0,3.5267,1.4733,29.466,2500,1809,691,0,0.91,0.7236,1
0.9,tail_heavy,0.5,4,2.0,blind,0.3,4,2500,5.0,3.569,1.431,28.621,2500,1787,713,0,0.9056,0.7148,1
0.9,tail_heavy,0.5,4,2.0,blind,0.3,5,2500,5.0,3.5536,1.4464,28.928,2500,1795,705,0,0.8948,0.718,1
0.9,tail_heavy,0.5,4,2.0,blind,0.3,6,2500,5.0,3.6246,1.3754,27.507,2500,1758,742,0,0.894,0.7032,1
0.9,tail_heavy,0.5,4,2.0,blind,0.5,0,2500,5.0,3.4496,1.5504,31.008,2500,2219,281,0,0.8996,0.8876,1
0.9,tail_heavy,0.5,4,2.0,blind,0.5,1,2500,5.0,3.4496,1.5504,31.008,2500,2219,281,0,0.9008,0.8876,1
0.9,tail_heavy,0.5,4,2.0,blind,0.5,2,2500,5.0,3.4576,1.5424,30.848,2500,2214,286,0,0.8936,0.8856,1
0.9,tail_heavy,0.5,4,2.0,blind,0.5,3,2500,5.0,3.4208,1.5792,31.584,2500,2237,263,0,0.9052,0.8948,1
0.9,tail_heavy,0.5,4,2.0,blind,0.5,4,2500,5.0,3.4624,1.5376,30.752,2500,2211,289,0,0.9012,0.8844,1
0.9,tail_heavy,0.5,4,2.0,blind,0.5,5,2500,5.0,3.4688,1.5312,30.624,2500,2207,293,0,0.8936,0.8828,1
0.9,tail_heavy,0.5,4,2.0,blind,0.5,6,2500,5.0,3.4608,1.5392,30.784,2500,2212,288,0,0.9012,0.8848,1
0.9,tail_heavy,0.5,8,0.5,blind,0.2,0,2500,9.0,5.8264,3.1736,35.262,2500,1331,1169,0,0.906,0.5324,1
0.9,tail_heavy,0.5,8,0.5,blind,0.2,1,2500,9.0,5.9037,3.0963,34.403,2500,1303,1197,0,0.8884,0.5212,1
0.9,tail_heavy,0.5,8,0.5,blind,0.2,2,2500,9.0,5.9782,3.0218,33.575,2500,1276,1224,0,0.904,0.5104,1
0.9,tail_heavy,0.5,8,0.5,blind,0.2,3,2500,9.0,5.8568,3.1432,34.924,2500,1320,1180,0,0.9032,0.528,1
0.9,tail_heavy,0.5,8,0.5,blind,0.2,4,2500,9.0,5.9617,3.0383,33.759,2500,1282,1218,0,0.8948,0.5128,1
0.9,tail_heavy,0.5,8,0.5,blind,0.2,5,2500,9.0,5.9286,3.0714,34.127,2500,1294,1206,0,0.892,0.5176,1
0.9,tail_heavy,0.5,8,0.5,blind,0.2,6,2500,9.0,5.9755,3.0245,33.606,2500,1277,1223,0,0.8936,0.5108,1
0.9,tail_heavy,0.5,8,0.5,blind,0.3,0,2500,9.0,5.1885,3.8115,42.35,2500,1767,733,0,0.8976,0.7068,1
0.9,tail_heavy,0.5,8,0.5,blind,0.3,1,2500,9.0,5.1153,3.8847,43.163,2500,1797,703,0,0.8984,0.7188,1
0.9,tail_heavy,0.5,8,0.5,blind,0.3,2,2500,9.0,5.1812,3.8188,42.431,2500,1770,730,0,0.8904,0.708,1
0.9,tail_heavy,0.5,8,0.5,blind,0.3,3,2500,9.0,5.1617,3.8383,42.648,2500,1778,722,0,0.902,0.7112,1
0.9,tail_heavy,0.5,8,0.5,blind,0.3,4,2500,9.0,5.1129,3.8871,43.19,2500,1798,702,0,0.896,0.7192,1
0.9,tail_heavy,0.5,8,0.5,blind,0.3,5,2500,9.0,5.1666,3.8334,42.594,2500,1776,724,0,0.9012,0.7104,1
0.9,tail_heavy,0.5,8,0.5,blind,0.3,6,2500,9.0,5.2129,3.7871,42.079,2500,1757,743,0,0.8976,0.7028,1
0.9,tail_heavy,0.5,8,0.5,blind,0.5,0,2500,9.0,5.5292,3.4708,38.564,2500,2206,294,0,0.8992,0.8824,1
0.9,tail_heavy,0.5,8,0.5,blind,0.5,1,2500,9.0,5.4914,3.5086,38.984,2500,2227,273,0,0.9028,0.8908,1
0.9,tail_heavy,0.5,8,0.5,blind,0.5,2,2500,9.0,5.4932,3.5068,38.964,2500,2226,274,0,0.904,0.8904,1
0.9,tail_heavy,0.5,8,0.5,blind,0.5,3,2500,9.0,5.4932,3.5068,38.964,2500,2226,274,0,0.91,0.8904,1
0.9,tail_heavy,0.5,8,0.5,blind,0.5,4,2500,9.0,5.495,3.505,38.944,2500,2225,275,0,0.9104,0.89,1
0.9,tail_heavy,0.5,8,0.5,blind,0.5,5,2500,9.0,5.5418,3.4582,38.424,2500,2199,301,0,0.9,0.8796,1
0.9,tail_heavy,0.5,8,0.5,blind,0.5,6,2500,9.0,5.5382,3.4618,38.464,2500,2201,299,0,0.8944,0.8804,1
0.9,tail_heavy,0.5,8,1.0,blind,0.2,0,2500,9.0,6.2053,2.7947,31.052,2500,1282,1218,0,0.8952,0.5128,1
0.9,tail_heavy,0.5,8,1.0,blind,0.2,1,2500,9.0,6.1224,2.8776,31.973,2500,1310,1190,0,0.8996,0.524,1
0.9,tail_heavy,0.5,8,1.0,blind,0.2,2,2500,9.0,6.0247,2.9753,33.059,2500,1343,1157,0,0.9128,0.5372,1
0.9,tail_heavy,0.5,8,1.0,blind,0.2,3,2500,9.0,6.1106,2.8894,32.105,2500,1314,1186,0,0.904,0.5256,1
0.9,tail_heavy,0.5,8,1.0,blind,0.2,4,2500,9.0,6.2438,2.7562,30.625,2500,1269,1231,0,0.8992,0.5076,1
0.9,tail_heavy,0.5,8,1.0,blind,0.2,5,2500,9.0,6.2142,2.7858,30.954,2500,1279,1221,0,0.8892,0.5116,1
0.9,tail_heavy,0.5,8,1.0,blind,0.2,6,2500,9.0,6.2142,2.7858,30.954,2500,1279,1221,0,0.9036,0.5116,1
0.9,tail_heavy,0.5,8,1.0,blind,0.3,0,2500,9.0,5.3615,3.6385,40.428,2500,1757,743,0,0.8988,0.7028,1
0.9,tail_heavy,0.5,8,1.0,blind,0.3,1,2500,9.0,5.2137,3.7863,42.07,2500,1813,687,0,0.8956,0.7252,1
0.9,tail_heavy,0.5,8,1.0,blind,0.3,2,2500,9.0,5.2533,3.7467,41.63,2500,1798,702,0,0.8984,0.7192,1
0.9,tail_heavy,0.5,8,1.0,blind,0.3,3,2500,9.0,5.277,3.723,41.366,2500,1789,711,0,0.898,0.7156,1
0.9,tail_heavy,0.5,8,1.0,blind,0.3,4,2500,9.0,5.2559,3.7441,41.601,2500,1797,703,0,0.8956,0.7188,1
0.9,tail_heavy,0.5,8,1.0,blind,0.3,5,2500,9.0,5.3351,3.6649,40.721,2500,1767,733,0,0.8952,0.7068,1
0.9,tail_heavy,0.5,8,1.0,blind,0.3,6,2500,9.0,5.1503,3.8497,42.774,2500,1837,663,0,0.9128,0.7348,1
0.9,tail_heavy,0.5,8,1.0,blind,0.5,0,2500,9.0,5.558,3.442,38.244,2500,2221,279,0,0.9008,0.8884,1
0.9,tail_heavy,0.5,8,1.0,blind,0.5,1,2500,9.0,5.546,3.454,38.378,2500,2227,273,0,0.902,0.8908,1
0.9,tail_heavy,0.5,8,1.0,blind,0.5,2,2500,9.0,5.604,3.396,37.733,2500,2198,302,0,0.8992,0.8792,1
0.9,tail_heavy,0.5,8,1.0,blind,0.5,3,2500,9.0,5.56,3.44,38.222,2500,2220,280,0,0.9028,0.888,1
0.9,tail_heavy,0.5,8,1.0,blind,0.5,4,2500,9.0,5.534,3.466,38.511,2500,2233,267,0,0.91,0.8932,1
0.9,tail_heavy,0.5,8,1.0,blind,0.5,5,2500,9.0,5.556,3.444,38.267,2500,2222,278,0,0.898,0.8888,1
0.9,tail_heavy,0.5,8,1.0,blind,0.5,6,2500,9.0,5.64,3.36,37.333,2500,2180,320,0,0.8856,0.872,1
0.9,tail_heavy,0.5,8,2.0,blind,0.2,0,2500,9.0,6.7597,2.2403,24.892,2500,1262,1238,0,0.8972,0.5048,1
0.9,tail_heavy,0.5,8,2.0,blind,0.2,1,2500,9.0,6.7731,2.2269,24.743,2500,1258,1242,0,0.904,0.5032,1
0.9,tail_heavy,0.5,8,2.0,blind,0.2,2,2500,9.0,6.4405,2.5595,28.439,2500,1357,1143,0,0.908,0.5428,1
0.9,tail_heavy,0.5,8,2.0,blind,0.2,3,2500,9.0,6.6656,2.3344,25.938,2500,1290,1210,0,0.9124,0.516,1
0.9,tail_heavy,0.5,8,2.0,blind,0.2,4,2500,9.0,6.5984,2.4016,26.684,2500,1310,1190,0,0.9092,0.524,1
0.9,tail_heavy,0.5,8,2.0,blind,0.2,5,2500,9.0,6.669,2.331,25.9,2500,1289,1211,0,0.896,0.5156,1
0.9,tail_heavy,0.5,8,2.0,blind,0.2,6,2500,9.0,6.7866,2.2134,24.594,2500,1254,1246,0,0.886,0.5016,1
0.9,tail_heavy,0.5,8,2.0,blind,0.3,0,2500,9.0,5.6587,3.3413,37.125,2500,1757,743,0,0.8992,0.7028,1
0.9,tail_heavy,0.5,8,2.0,blind,0.3,1,2500,9.0,5.5432,3.4568,38.409,2500,1795,705,0,0.9048,0.718,1
0.9,tail_heavy,0.5,8,2.0,blind,0.3,2,2500,9.0,5.6435,3.3565,37.294,2500,1762,738,0,0.9032,0.7048,1
0.9,tail_heavy,0.5,8,2.0,blind,0.3,3,2500,9.0,5.5371,3.4629,38.476,2500,1797,703,0,0.8992,0.7188,1
0.9,tail_heavy,0.5,8,2.0,blind,0.3,4,2500,9.0,5.5006,3.4994,38.882,2500,1809,691,0,0.9008,0.7236,1
0.9,tail_heavy,0.5,8,2.0,blind,0.3,5,2500,9.0,5.6162,3.3838,37.598,2500,1771,729,0,0.8924,0.7084,1
0.9,tail_heavy,0.5,8,2.0,blind,0.3,6,2500,9.0,5.6405,3.3595,37.328,2500,1763,737,0,0.8896,0.7052,1
0.9,tail_heavy,0.5,8,2.0,blind,0.5,0,2500,9.0,5.6624,3.3376,37.084,2500,2224,276,0,0.9004,0.8896,1
0.9,tail_heavy,0.5,8,2.0,blind,0.5,1,2500,9.0,5.7176,3.2824,36.471,2500,2201,299,0,0.9,0.8804,1
0.9,tail_heavy,0.5,8,2.0,blind,0.5,2,2500,9.0,5.6864,3.3136,36.818,2500,2214,286,0,0.8972,0.8856,1
0.9,tail_heavy,0.5,8,2.0,blind,0.5,3,2500,9.0,5.7008,3.2992,36.658,2500,2208,292,0,0.8904,0.8832,1
0.9,tail_heavy,0.5,8,2.0,blind,0.5,4,2500,9.0,5.6768,3.3232,36.924,2500,2218,282,0,0.898,0.8872,1
0.9,tail_heavy,0.5,8,2.0,blind,0.5,5,2500,9.0,5.6696,3.3304,37.004,2500,2221,279,0,0.9028,0.8884,1
0.9,tail_heavy,0.5,8,2.0,blind,0.5,6,2500,9.0,5.672,3.328,36.978,2500,2220,280,0,0.906,0.888,1
