f_fl,remainder_mix,acc,rho,W,fire_mode,d_fixed,seed,n,L_base,E_early,dL,pct_reduction,n_fire,n_win,n_wrong,n_hold,frac_front_actual,p_correct_given_fire,win
0.1,uniform_heavy,0.5,0.25,0.5,smart,0.3,0,4000,1.25,1.353,-0.103,-8.242,2018,869,1149,1982,0.101,0.4306,0
0.1,uniform_heavy,0.5,0.25,0.5,smart,0.3,1,4000,1.25,1.3474,-0.0974,-7.796,2001,889,1112,1999,0.1085,0.4443,0
0.1,uniform_heavy,0.5,0.25,0.5,smart,0.3,2,4000,1.25,1.3576,-0.1076,-8.605,2000,832,1168,2000,0.0953,0.416,0
0.1,uniform_heavy,0.5,0.25,0.5,smart,0.3,3,4000,1.25,1.3611,-0.1111,-8.891,1976,794,1182,2024,0.098,0.4018,0
0.1,uniform_heavy,0.5,0.25,0.5,smart,0.3,4,4000,1.25,1.3439,-0.0939,-7.511,1935,862,1073,2065,0.102,0.4455,0
0.1,uniform_heavy,0.5,0.25,0.5,smart,0.3,5,4000,1.25,1.3619,-0.1119,-8.948,2040,835,1205,1960,0.1017,0.4093,0
0.1,uniform_heavy,0.5,0.25,0.5,smart,0.3,6,4000,1.25,1.3568,-0.1068,-8.548,2000,834,1166,2000,0.092,0.417,0
0.1,uniform_heavy,0.5,0.25,1.0,smart,0.3,0,4000,1.25,1.5157,-0.2657,-21.259,2074,853,1221,1926,0.102,0.4113,0
0.1,uniform_heavy,0.5,0.25,1.0,smart,0.3,1,4000,1.25,1.5006,-0.2506,-20.047,1966,813,1153,2034,0.0978,0.4135,0
0.1,uniform_heavy,0.5,0.25,1.0,smart,0.3,2,4000,1.25,1.5047,-0.2547,-20.376,2017,843,1174,1983,0.0998,0.4179,0
0.1,uniform_heavy,0.5,0.25,1.0,smart,0.3,3,4000,1.25,1.4927,-0.2427,-19.413,2021,886,1135,1979,0.103,0.4384,0
0.1,uniform_heavy,0.5,0.25,1.0,smart,0.3,4,4000,1.25,1.504,-0.254,-20.317,2034,859,1175,1966,0.0948,0.4223,0
0.1,uniform_heavy,0.5,0.25,1.0,smart,0.3,5,4000,1.25,1.5085,-0.2585,-20.68,2020,831,1189,1980,0.1085,0.4114,0
0.1,uniform_heavy,0.5,0.25,1.0,smart,0.3,6,4000,1.25,1.5056,-0.2556,-20.444,2075,890,1185,1925,0.1022,0.4289,0
0.1,uniform_heavy,0.5,0.25,2.0,smart,0.3,0,4000,1.25,1.8153,-0.5653,-45.227,2017,811,1206,1983,0.1008,0.4021,0
0.1,uniform_heavy,0.5,0.25,2.0,smart,0.3,1,4000,1.25,1.8068,-0.5568,-44.544,1970,784,1186,2030,0.096,0.398,0
0.1,uniform_heavy,0.5,0.25,2.0,smart,0.3,2,4000,1.25,1.801,-0.551,-44.08,1987,809,1178,2013,0.095,0.4071,0
0.1,uniform_heavy,0.5,0.25,2.0,smart,0.3,3,4000,1.25,1.7823,-0.5323,-42.581,1970,828,1142,2030,0.0963,0.4203,0
0.1,uniform_heavy,0.5,0.25,2.0,smart,0.3,4,4000,1.25,1.7995,-0.5495,-43.963,2011,835,1176,1989,0.1005,0.4152,0
0.1,uniform_heavy,0.5,0.25,2.0,smart,0.3,5,4000,1.25,1.7934,-0.5434,-43.473,1980,817,1163,2020,0.1042,0.4126,0
0.1,uniform_heavy,0.5,0.25,2.0,smart,0.3,6,4000,1.25,1.8124,-0.5624,-44.989,2002,803,1199,1998,0.0938,0.4011,0
0.1,uniform_heavy,0.5,0.5,0.5,smart,0.3,0,4000,1.5,1.5675,-0.0675,-4.502,2029,856,1173,1971,0.1005,0.4219,0
0.1,uniform_heavy,0.5,0.5,0.5,smart,0.3,1,4000,1.5,1.5671,-0.0671,-4.473,2003,842,1161,1997,0.0968,0.4204,0
0.1,uniform_heavy,0.5,0.5,0.5,smart,0.3,2,4000,1.5,1.5661,-0.0661,-4.406,2001,845,1156,1999,0.0988,0.4223,0
0.1,uniform_heavy,0.5,0.5,0.5,smart,0.3,3,4000,1.5,1.5684,-0.0684,-4.56,1942,805,1137,2058,0.1003,0.4145,0
0.1,uniform_heavy,0.5,0.5,0.5,smart,0.3,4,4000,1.5,1.5589,-0.0589,-3.929,1989,872,1117,2011,0.0973,0.4384,0
0.1,uniform_heavy,0.5,0.5,0.5,smart,0.3,5,4000,1.5,1.5684,-0.0684,-4.558,1973,819,1154,2027,0.1022,0.4151,0
0.1,uniform_heavy,0.5,0.5,0.5,smart,0.3,6,4000,1.5,1.5698,-0.0698,-4.655,2017,839,1178,1983,0.094,0.416,0
0.1,uniform_heavy,0.5,0.5,1.0,smart,0.3,0,4000,1.5,1.7058,-0.2058,-13.722,1986,849,1137,2014,0.0968,0.4275,0
0.1,uniform_heavy,0.5,0.5,1.0,smart,0.3,1,4000,1.5,1.71,-0.21,-14.002,2005,850,1155,1995,0.0985,0.4239,0
0.1,uniform_heavy,0.5,0.5,1.0,smart,0.3,2,4000,1.5,1.7134,-0.2134,-14.226,2065,883,1182,1935,0.093,0.4276,0
0.1,uniform_heavy,0.5,0.5,1.0,smart,0.3,3,4000,1.5,1.699,-0.199,-13.266,1975,863,1112,2025,0.1118,0.437,0
0.1,uniform_heavy,0.5,0.5,1.0,smart,0.3,4,4000,1.5,1.7217,-0.2217,-14.783,2014,822,1192,1986,0.095,0.4081,0
0.1,uniform_heavy,0.5,0.5,1.0,smart,0.3,5,4000,1.5,1.7126,-0.2126,-14.175,1987,829,1158,2013,0.1065,0.4172,0
0.1,uniform_heavy,0.5,0.5,1.0,smart,0.3,6,4000,1.5,1.7073,-0.2073,-13.817,2001,856,1145,1999,0.1045,0.4278,0
0.1,uniform_heavy,0.5,0.5,2.0,smart,0.3,0,4000,1.5,2.0147,-0.5147,-34.313,2010,827,1183,1990,0.1082,0.4114,0
0.1,uniform_heavy,0.5,0.5,2.0,smart,0.3,1,4000,1.5,1.9955,-0.4955,-33.036,1984,838,1146,2016,0.1005,0.4224,0
0.1,uniform_heavy,0.5,0.5,2.0,smart,0.3,2,4000,1.5,2.0002,-0.5002,-33.344,1953,803,1150,2047,0.0993,0.4112,0
0.1,uniform_heavy,0.5,0.5,2.0,smart,0.3,3,4000,1.5,2.012,-0.512,-34.136,1977,803,1174,2023,0.0978,0.4062,0
0.1,uniform_heavy,0.5,0.5,2.0,smart,0.3,4,4000,1.5,2.024,-0.524,-34.933,2022,821,1201,1978,0.0927,0.406,0
0.1,uniform_heavy,0.5,0.5,2.0,smart,0.3,5,4000,1.5,2.0015,-0.5015,-33.434,2049,882,1167,1951,0.0968,0.4305,0
0.1,uniform_heavy,0.5,0.5,2.0,smart,0.3,6,4000,1.5,2.026,-0.526,-35.067,2023,820,1203,1977,0.0887,0.4053,0
0.1,uniform_heavy,0.5,1,0.5,smart,0.3,0,4000,2.0,1.9821,0.0179,0.896,2032,881,1151,1968,0.0963,0.4336,1
0.1,uniform_heavy,0.5,1,0.5,smart,0.3,1,4000,2.0,1.9968,0.0032,0.16,2010,826,1184,1990,0.096,0.4109,1
0.1,uniform_heavy,0.5,1,0.5,smart,0.3,2,4000,2.0,2.0032,-0.0032,-0.158,1920,770,1150,2080,0.0932,0.401,0
0.1,uniform_heavy,0.5,1,0.5,smart,0.3,3,4000,2.0,1.9989,0.0011,0.053,2004,807,1197,1996,0.1005,0.4027,1
0.1,uniform_heavy,0.5,1,0.5,smart,0.3,4,4000,2.0,1.984,0.016,0.801,1990,849,1141,2010,0.104,0.4266,1
0.1,uniform_heavy,0.5,1,0.5,smart,0.3,5,4000,2.0,1.9782,0.0218,1.089,2011,880,1131,1989,0.1025,0.4376,1
0.1,uniform_heavy,0.5,1,0.5,smart,0.3,6,4000,2.0,1.984,0.016,0.8,2033,873,1160,1967,0.1022,0.4294,1
0.1,uniform_heavy,0.5,1,1.0,smart,0.3,0,4000,2.0,2.1357,-0.1357,-6.784,2017,850,1167,1983,0.1027,0.4214,0
0.1,uniform_heavy,0.5,1,1.0,smart,0.3,1,4000,2.0,2.1148,-0.1148,-5.738,1995,882,1113,2005,0.1077,0.4421,0
0.1,uniform_heavy,0.5,1,1.0,smart,0.3,2,4000,2.0,2.1259,-0.1259,-6.296,1985,854,1131,2015,0.096,0.4302,0
0.1,uniform_heavy,0.5,1,1.0,smart,0.3,3,4000,2.0,2.1249,-0.1249,-6.245,2035,882,1153,1965,0.1045,0.4334,0
0.1,uniform_heavy,0.5,1,1.0,smart,0.3,4,4000,2.0,2.142,-0.142,-7.098,1984,812,1172,2016,0.0917,0.4093,0
0.1,uniform_heavy,0.5,1,1.0,smart,0.3,5,4000,2.0,2.1263,-0.1263,-6.316,2000,855,1145,2000,0.1035,0.4275,0
0.1,uniform_heavy,0.5,1,1.0,smart,0.3,6,4000,2.0,2.1287,-0.1287,-6.437,1979,840,1139,2021,0.1125,0.4245,0
0.1,uniform_heavy,0.5,1,2.0,smart,0.3,0,4000,2.0,2.4325,-0.4325,-21.625,1988,819,1169,2012,0.114,0.412,0
0.1,uniform_heavy,0.5,1,2.0,smart,0.3,1,4000,2.0,2.45,-0.45,-22.499,1954,769,1185,2046,0.0965,0.3936,0
0.1,uniform_heavy,0.5,1,2.0,smart,0.3,2,4000,2.0,2.4318,-0.4318,-21.592,2025,847,1178,1975,0.1075,0.4183,0
0.1,uniform_heavy,0.5,1,2.0,smart,0.3,3,4000,2.0,2.4121,-0.4121,-20.606,2015,868,1147,1985,0.096,0.4308,0
0.1,uniform_heavy,0.5,1,2.0,smart,0.3,4,4000,2.0,2.4104,-0.4104,-20.521,2040,888,1152,1960,0.1052,0.4353,0
0.1,uniform_heavy,0.5,1,2.0,smart,0.3,5,4000,2.0,2.4649,-0.4649,-23.246,2031,803,1228,1969,0.0912,0.3954,0
0.1,uniform_heavy,0.5,1,2.0,smart,0.3,6,4000,2.0,2.4259,-0.4259,-21.295,1957,806,1151,2043,0.0993,0.4119,0
0.1,uniform_heavy,0.5,2,0.5,smart,0.3,0,4000,3.0,2.8309,0.1691,5.636,1912,827,1085,2088,0.093,0.4325,1
0.1,uniform_heavy,0.5,2,0.5,smart,0.3,1,4000,3.0,2.8248,0.1752,5.839,1963,846,1117,2037,0.1032,0.431,1
0.1,uniform_heavy,0.5,2,0.5,smart,0.3,2,4000,3.0,2.8282,0.1718,5.727,2054,860,1194,1946,0.1065,0.4187,1
0.1,uniform_heavy,0.5,2,0.5,smart,0.3,3,4000,3.0,2.8311,0.1689,5.631,1951,832,1119,2049,0.1027,0.4264,1
0.1,uniform_heavy,0.5,2,0.5,smart,0.3,4,4000,3.0,2.8297,0.1703,5.676,2040,861,1179,1960,0.1057,0.4221,1
0.1,uniform_heavy,0.5,2,0.5,smart,0.3,5,4000,3.0,2.8397,0.1603,5.344,2030,834,1196,1970,0.1003,0.4108,1
0.1,uniform_heavy,0.5,2,0.5,smart,0.3,6,4000,3.0,2.812,0.188,6.268,2034,895,1139,1966,0.0983,0.44,1
0.1,uniform_heavy,0.5,2,1.0,smart,0.3,0,4000,3.0,3.0002,-0.0002,-0.006,2020,816,1204,1980,0.0945,0.404,0
0.1,uniform_heavy,0.5,2,1.0,smart,0.3,1,4000,3.0,2.9753,0.0247,0.822,1949,827,1122,2051,0.0998,0.4243,1
0.1,uniform_heavy,0.5,2,1.0,smart,0.3,2,4000,3.0,2.9835,0.0165,0.551,1980,819,1161,2020,0.0983,0.4136,1
0.1,uniform_heavy,0.5,2,1.0,smart,0.3,3,4000,3.0,2.9726,0.0274,0.912,2004,848,1156,1996,0.096,0.4232,1
0.1,uniform_heavy,0.5,2,1.0,smart,0.3,4,4000,3.0,2.9779,0.0221,0.737,1985,832,1153,2015,0.098,0.4191,1
0.1,uniform_heavy,0.5,2,1.0,smart,0.3,5,4000,3.0,2.9902,0.0098,0.326,1954,807,1147,2046,0.1008,0.413,1
0.1,uniform_heavy,0.5,2,1.0,smart,0.3,6,4000,3.0,2.9693,0.0307,1.022,2032,866,1166,1968,0.099,0.4262,1
0.1,uniform_heavy,0.5,2,2.0,smart,0.3,0,4000,3.0,3.2812,-0.2812,-9.373,2009,832,1177,1991,0.0988,0.4141,0
0.1,uniform_heavy,0.5,2,2.0,smart,0.3,1,4000,3.0,3.2915,-0.2915,-9.717,2028,831,1197,1972,0.0985,0.4098,0
0.1,uniform_heavy,0.5,2,2.0,smart,0.3,2,4000,3.0,3.2562,-0.2562,-8.538,1962,833,1129,2038,0.108,0.4246,0
0.1,uniform_heavy,0.5,2,2.0,smart,0.3,3,4000,3.0,3.2636,-0.2636,-8.787,1960,822,1138,2040,0.104,0.4194,0
0.1,uniform_heavy,0.5,2,2.0,smart,0.3,4,4000,3.0,3.285,-0.285,-9.499,2018,830,1188,1982,0.107,0.4113,0
0.1,uniform_heavy,0.5,2,2.0,smart,0.3,5,4000,3.0,3.2488,-0.2488,-8.292,1980,853,1127,2020,0.1032,0.4308,0
0.1,uniform_heavy,0.5,2,2.0,smart,0.3,6,4000,3.0,3.2609,-0.2609,-8.697,1988,842,1146,2012,0.1082,0.4235,0
0.1,uniform_heavy,0.5,4,0.5,smart,0.3,0,4000,5.0,4.511,0.489,9.779,2041,868,1173,1959,0.102,0.4253,1
0.1,uniform_heavy,0.5,4,0.5,smart,0.3,1,4000,5.0,4.4952,0.5048,10.097,1991,869,1122,2009,0.1022,0.4365,1
0.1,uniform_heavy,0.5,4,0.5,smart,0.3,2,4000,5.0,4.5488,0.4512,9.024,2008,805,1203,1992,0.0945,0.4009,1
0.1,uniform_heavy,0.5,4,0.5,smart,0.3,3,4000,5.0,4.5286,0.4714,9.427,1994,835,1159,2006,0.0945,0.4188,1
0.1,uniform_heavy,0.5,4,0.5,smart,0.3,4,4000,5.0,4.4918,0.5082,10.164,2019,877,1142,1981,0.0993,0.4344,1
0.1,uniform_heavy,0.5,4,0.5,smart,0.3,5,4000,5.0,4.5381,0.4619,9.239,1982,818,1164,2018,0.1005,0.4127,1
0.1,uniform_heavy,0.5,4,0.5,smart,0.3,6,4000,5.0,4.5452,0.4548,9.096,1944,812,1132,2056,0.102,0.4177,1
0.1,uniform_heavy,0.5,4,1.0,smart,0.3,0,4000,5.0,4.6439,0.3561,7.122,2015,863,1152,1985,0.0978,0.4283,1
0.1,uniform_heavy,0.5,4,1.0,smart,0.3,1,4000,5.0,4.6692,0.3308,6.616,1976,841,1135,2024,0.0963,0.4256,1
0.1,uniform_heavy,0.5,4,1.0,smart,0.3,2,4000,5.0,4.67,0.33,6.599,1968,830,1138,2032,0.0953,0.4217,1
0.1,uniform_heavy,0.5,4,1.0,smart,0.3,3,4000,5.0,4.6859,0.3141,6.282,1991,820,1171,2009,0.0945,0.4119,1
0.1,uniform_heavy,0.5,4,1.0,smart,0.3,4,4000,5.0,4.656,0.344,6.88,1996,847,1149,2004,0.0965,0.4243,1
0.1,uniform_heavy,0.5,4,1.0,smart,0.3,5,4000,5.0,4.6606,0.3394,6.787,1996,854,1142,2004,0.0988,0.4279,1
0.1,uniform_heavy,0.5,4,1.0,smart,0.3,6,4000,5.0,4.6694,0.3306,6.613,2088,864,1224,1912,0.098,0.4138,1
0.1,uniform_heavy,0.5,4,2.0,smart,0.3,0,4000,5.0,4.97,0.03,0.6,2010,831,1179,1990,0.099,0.4134,1
0.1,uniform_heavy,0.5,4,2.0,smart,0.3,1,4000,5.0,4.981,0.019,0.38,2015,827,1188,1985,0.0983,0.4104,1
0.1,uniform_heavy,0.5,4,2.0,smart,0.3,2,4000,5.0,4.9785,0.0215,0.431,1964,804,1160,2036,0.0993,0.4094,1
0.1,uniform_heavy,0.5,4,2.0,smart,0.3,3,4000,5.0,4.9265,0.0735,1.471,1994,866,1128,2006,0.098,0.4343,1
0.1,uniform_heavy,0.5,4,2.0,smart,0.3,4,4000,5.0,4.9436,0.0564,1.127,1995,852,1143,2005,0.1003,0.4271,1
0.1,uniform_heavy,0.5,4,2.0,smart,0.3,5,4000,5.0,4.9627,0.0373,0.746,2001,835,1166,1999,0.0948,0.4173,1
0.1,uniform_heavy,0.5,4,2.0,smart,0.3,6,4000,5.0,4.9615,0.0385,0.771,1934,813,1121,2066,0.0968,0.4204,1
0.1,uniform_heavy,0.5,8,0.5,smart,0.3,0,4000,9.0,7.9095,1.0905,12.117,1967,841,1126,2033,0.0915,0.4276,1
0.1,uniform_heavy,0.5,8,0.5,smart,0.3,1,4000,9.0,7.8261,1.1739,13.044,2026,890,1136,1974,0.1013,0.4393,1
0.1,uniform_heavy,0.5,8,0.5,smart,0.3,2,4000,9.0,7.9312,1.0688,11.876,1956,819,1137,2044,0.0973,0.4187,1
0.1,uniform_heavy,0.5,8,0.5,smart,0.3,3,4000,9.0,7.8934,1.1066,12.296,1985,848,1137,2015,0.1067,0.4272,1
0.1,uniform_heavy,0.5,8,0.5,smart,0.3,4,4000,9.0,7.9662,1.0338,11.487,1949,799,1150,2051,0.0877,0.41,1
0.1,uniform_heavy,0.5,8,0.5,smart,0.3,5,4000,9.0,7.9509,1.0491,11.656,1924,803,1121,2076,0.0943,0.4174,1
0.1,uniform_heavy,0.5,8,0.5,smart,0.3,6,4000,9.0,7.9204,1.0796,11.996,2035,828,1207,1965,0.0973,0.4069,1
0.1,uniform_heavy,0.5,8,1.0,smart,0.3,0,4000,9.0,7.9492,1.0508,11.676,2008,890,1118,1992,0.1042,0.4432,1
0.1,uniform_heavy,0.5,8,1.0,smart,0.3,1,4000,9.0,8.057,0.943,10.478,1981,828,1153,2019,0.1003,0.418,1
0.1,uniform_heavy,0.5,8,1.0,smart,0.3,2,4000,9.0,8.0685,0.9315,10.35,1939,817,1122,2061,0.1055,0.4214,1
0.1,uniform_heavy,0.5,8,1.0,smart,0.3,3,4000,9.0,8.0222,0.9778,10.864,2024,850,1174,1976,0.098,0.42,1
0.1,uniform_heavy,0.5,8,1.0,smart,0.3,4,4000,9.0,8.0221,0.9779,10.866,2015,865,1150,1985,0.0963,0.4293,1
0.1,uniform_heavy,0.5,8,1.0,smart,0.3,5,4000,9.0,8.0411,0.9589,10.654,1986,839,1147,2014,0.094,0.4225,1
0.1,uniform_heavy,0.5,8,1.0,smart,0.3,6,4000,9.0,7.9744,1.0256,11.396,2020,878,1142,1980,0.1035,0.4347,1
0.1,uniform_heavy,0.5,8,2.0,smart,0.3,0,4000,9.0,8.3376,0.6624,7.36,1979,834,1145,2021,0.1013,0.4214,1
0.1,uniform_heavy,0.5,8,2.0,smart,0.3,1,4000,9.0,8.3737,0.6263,6.959,1978,814,1164,2022,0.0895,0.4115,1
0.1,uniform_heavy,0.5,8,2.0,smart,0.3,2,4000,9.0,8.3604,0.6396,7.107,2003,829,1174,1997,0.0985,0.4139,1
0.1,uniform_heavy,0.5,8,2.0,smart,0.3,3,4000,9.0,8.344,0.656,7.289,1962,827,1135,2038,0.1015,0.4215,1
0.1,uniform_heavy,0.5,8,2.0,smart,0.3,4,4000,9.0,8.3004,0.6996,7.773,1980,846,1134,2020,0.1085,0.4273,1
0.1,uniform_heavy,0.5,8,2.0,smart,0.3,5,4000,9.0,8.3081,0.6919,7.687,2022,855,1167,1978,0.0922,0.4228,1
0.1,uniform_heavy,0.5,8,2.0,smart,0.3,6,4000,9.0,8.3742,0.6258,6.953,1966,814,1152,2034,0.094,0.414,1
0.1,uniform_heavy,0.6,0.25,0.5,smart,0.3,0,4000,1.25,1.313,-0.063,-5.037,1909,1026,883,2091,0.1032,0.5375,0
0.1,uniform_heavy,0.6,0.25,0.5,smart,0.3,1,4000,1.25,1.3189,-0.0689,-5.513,1884,973,911,2116,0.1047,0.5165,0
0.1,uniform_heavy,0.6,0.25,0.5,smart,0.3,2,4000,1.25,1.3212,-0.0712,-5.697,1961,1017,944,2039,0.1042,0.5186,0
0.1,uniform_heavy,0.6,0.25,0.5,smart,0.3,3,4000,1.25,1.3131,-0.0631,-5.051,1913,1030,883,2087,0.1087,0.5384,0
0.1,uniform_heavy,0.6,0.25,0.5,smart,0.3,4,4000,1.25,1.3153,-0.0653,-5.226,1912,1015,897,2088,0.0998,0.5309,0
0.1,uniform_heavy,0.6,0.25,0.5,smart,0.3,5,4000,1.25,1.319,-0.069,-5.522,1965,1029,936,2035,0.1082,0.5237,0
0.1,uniform_heavy,0.6,0.25,0.5,smart,0.3,6,4000,1.25,1.323,-0.073,-5.837,1906,966,940,2094,0.109,0.5068,0
0.1,uniform_heavy,0.6,0.25,1.0,smart,0.3,0,4000,1.25,1.43,-0.18,-14.401,1939,1027,912,2061,0.1015,0.5297,0
0.1,uniform_heavy,0.6,0.25,1.0,smart,0.3,1,4000,1.25,1.438,-0.188,-15.042,1890,960,930,2110,0.0998,0.5079,0
0.1,uniform_heavy,0.6,0.25,1.0,smart,0.3,2,4000,1.25,1.4474,-0.1974,-15.79,1943,974,969,2057,0.0978,0.5013,0
0.1,uniform_heavy,0.6,0.25,1.0,smart,0.3,3,4000,1.25,1.4198,-0.1698,-13.585,1900,1031,869,2100,0.1013,0.5426,0
0.1,uniform_heavy,0.6,0.25,1.0,smart,0.3,4,4000,1.25,1.429,-0.179,-14.317,1927,1021,906,2073,0.103,0.5298,0
0.1,uniform_heavy,0.6,0.25,1.0,smart,0.3,5,4000,1.25,1.4323,-0.1823,-14.583,1957,1036,921,2043,0.0973,0.5294,0
0.1,uniform_heavy,0.6,0.25,1.0,smart,0.3,6,4000,1.25,1.4285,-0.1785,-14.28,1930,1026,904,2070,0.108,0.5316,0
0.1,uniform_heavy,0.6,0.25,2.0,smart,0.3,0,4000,1.25,1.6812,-0.4312,-34.5,1991,1033,958,2009,0.0963,0.5188,0
0.1,uniform_heavy,0.6,0.25,2.0,smart,0.3,1,4000,1.25,1.6641,-0.4141,-33.128,1971,1045,926,2029,0.1042,0.5302,0
0.1,uniform_heavy,0.6,0.25,2.0,smart,0.3,2,4000,1.25,1.6658,-0.4158,-33.265,1920,996,924,2080,0.1022,0.5188,0
0.1,uniform_heavy,0.6,0.25,2.0,smart,0.3,3,4000,1.25,1.6687,-0.4187,-33.494,1958,1026,932,2042,0.101,0.524,0
0.1,uniform_heavy,0.6,0.25,2.0,smart,0.3,4,4000,1.25,1.6518,-0.4018,-32.143,1896,1000,896,2104,0.096,0.5274,0
0.1,uniform_heavy,0.6,0.25,2.0,smart,0.3,5,4000,1.25,1.698,-0.448,-35.836,2023,1031,992,1977,0.1075,0.5096,0
0.1,uniform_heavy,0.6,0.25,2.0,smart,0.3,6,4000,1.25,1.682,-0.432,-34.564,1958,1002,956,2042,0.097,0.5117,0
0.1,uniform_heavy,0.6,0.5,0.5,smart,0.3,0,4000,1.5,1.5218,-0.0218,-1.451,1947,1019,928,2053,0.1062,0.5234,0
0.1,uniform_heavy,0.6,0.5,0.5,smart,0.3,1,4000,1.5,1.5248,-0.0248,-1.653,1969,1018,951,2031,0.1057,0.517,0
0.1,uniform_heavy,0.6,0.5,0.5,smart,0.3,2,4000,1.5,1.5205,-0.0205,-1.368,1934,1017,917,2066,0.0885,0.5259,0
0.1,uniform_heavy,0.6,0.5,0.5,smart,0.3,3,4000,1.5,1.5235,-0.0235,-1.568,1955,1017,938,2045,0.0995,0.5202,0
0.1,uniform_heavy,0.6,0.5,0.5,smart,0.3,4,4000,1.5,1.5226,-0.0226,-1.507,1986,1039,947,2014,0.103,0.5232,0
0.1,uniform_heavy,0.6,0.5,0.5,smart,0.3,5,4000,1.5,1.5185,-0.0185,-1.236,1974,1049,925,2026,0.0973,0.5314,0
0.1,uniform_heavy,0.6,0.5,0.5,smart,0.3,6,4000,1.5,1.5324,-0.0324,-2.163,1916,951,965,2084,0.1,0.4963,0
0.1,uniform_heavy,0.6,0.5,1.0,smart,0.3,0,4000,1.5,1.6342,-0.1342,-8.946,1949,1031,918,2051,0.1008,0.529,0
0.1,uniform_heavy,0.6,0.5,1.0,smart,0.3,1,4000,1.5,1.6419,-0.1419,-9.459,1966,1022,944,2034,0.1072,0.5198,0
0.1,uniform_heavy,0.6,0.5,1.0,smart,0.3,2,4000,1.5,1.6376,-0.1376,-9.173,1983,1048,935,2017,0.0988,0.5285,0
0.1,uniform_heavy,0.6,0.5,1.0,smart,0.3,3,4000,1.5,1.6232,-0.1232,-8.216,1936,1055,881,2064,0.1013,0.5449,0
0.1,uniform_heavy,0.6,0.5,1.0,smart,0.3,4,4000,1.5,1.6434,-0.1434,-9.558,1898,968,930,2102,0.089,0.51,0
0.1,uniform_heavy,0.6,0.5,1.0,smart,0.3,5,4000,1.5,1.6279,-0.1279,-8.526,1928,1032,896,2072,0.1057,0.5353,0
0.1,uniform_heavy,0.6,0.5,1.0,smart,0.3,6,4000,1.5,1.6286,-0.1286,-8.576,1872,989,883,2128,0.1037,0.5283,0
0.1,uniform_heavy,0.6,0.5,2.0,smart,0.3,0,4000,1.5,1.8849,-0.3849,-25.661,1946,993,953,2054,0.092,0.5103,0
0.1,uniform_heavy,0.6,0.5,2.0,smart,0.3,1,4000,1.5,1.8882,-0.3882,-25.879,1955,994,961,2045,0.0922,0.5084,0
0.1,uniform_heavy,0.6,0.5,2.0,smart,0.3,2,4000,1.5,1.8672,-0.3672,-24.478,1941,1018,923,2059,0.095,0.5245,0
0.1,uniform_heavy,0.6,0.5,2.0,smart,0.3,3,4000,1.5,1.8548,-0.3548,-23.653,1952,1050,902,2048,0.1085,0.5379,0
0.1,uniform_heavy,0.6,0.5,2.0,smart,0.3,4,4000,1.5,1.8788,-0.3788,-25.252,1913,974,939,2087,0.0978,0.5091,0
0.1,uniform_heavy,0.6,0.5,2.0,smart,0.3,5,4000,1.5,1.8725,-0.3725,-24.833,1918,990,928,2082,0.0978,0.5162,0
0.1,uniform_heavy,0.6,0.5,2.0,smart,0.3,6,4000,1.5,1.8994,-0.3994,-26.628,1971,987,984,2029,0.1095,0.5008,0
0.1,uniform_heavy,0.6,1,0.5,smart,0.3,0,4000,2.0,1.923,0.077,3.851,1963,1040,923,2037,0.101,0.5298,1
0.1,uniform_heavy,0.6,1,0.5,smart,0.3,1,4000,2.0,1.925,0.075,3.748,1975,1038,937,2025,0.0965,0.5256,1
0.1,uniform_heavy,0.6,1,0.5,smart,0.3,2,4000,2.0,1.9351,0.0649,3.245,1900,977,923,2100,0.1005,0.5142,1
0.1,uniform_heavy,0.6,1,0.5,smart,0.3,3,4000,2.0,1.9299,0.0701,3.503,1948,1012,936,2052,0.0935,0.5195,1
0.1,uniform_heavy,0.6,1,0.5,smart,0.3,4,4000,2.0,1.9294,0.0706,3.529,1907,999,908,2093,0.096,0.5239,1
0.1,uniform_heavy,0.6,1,0.5,smart,0.3,5,4000,2.0,1.9314,0.0686,3.431,1925,997,928,2075,0.1,0.5179,1
0.1,uniform_heavy,0.6,1,0.5,smart,0.3,6,4000,2.0,1.9326,0.0674,3.371,1946,1003,943,2054,0.099,0.5154,1
0.1,uniform_heavy,0.6,1,1.0,smart,0.3,0,4000,2.0,2.0495,-0.0495,-2.476,1917,991,926,2083,0.0978,0.517,0
0.1,uniform_heavy,0.6,1,1.0,smart,0.3,1,4000,2.0,2.0478,-0.0478,-2.392,1987,1034,953,2013,0.0932,0.5204,0
0.1,uniform_heavy,0.6,1,1.0,smart,0.3,2,4000,2.0,2.0477,-0.0477,-2.386,1888,974,914,2112,0.1032,0.5159,0
0.1,uniform_heavy,0.6,1,1.0,smart,0.3,3,4000,2.0,2.027,-0.027,-1.35,1904,1032,872,2096,0.106,0.542,0
0.1,uniform_heavy,0.6,1,1.0,smart,0.3,4,4000,2.0,2.0077,-0.0077,-0.385,1922,1084,838,2078,0.1077,0.564,0
0.1,uniform_heavy,0.6,1,1.0,smart,0.3,5,4000,2.0,2.0405,-0.0405,-2.024,1996,1052,944,2004,0.1092,0.5271,0
0.1,uniform_heavy,0.6,1,1.0,smart,0.3,6,4000,2.0,2.0347,-0.0347,-1.734,1907,1012,895,2093,0.105,0.5307,0
0.1,uniform_heavy,0.6,1,2.0,smart,0.3,0,4000,2.0,2.2614,-0.2614,-13.07,1891,997,894,2109,0.1045,0.5272,0
0.1,uniform_heavy,0.6,1,2.0,smart,0.3,1,4000,2.0,2.2692,-0.2692,-13.459,1927,1014,913,2073,0.097,0.5262,0
0.1,uniform_heavy,0.6,1,2.0,smart,0.3,2,4000,2.0,2.2837,-0.2837,-14.185,2009,1053,956,1991,0.1003,0.5241,0
0.1,uniform_heavy,0.6,1,2.0,smart,0.3,3,4000,2.0,2.2738,-0.2738,-13.692,1928,1008,920,2072,0.0978,0.5228,0
0.1,uniform_heavy,0.6,1,2.0,smart,0.3,4,4000,2.0,2.2435,-0.2435,-12.175,1902,1030,872,2098,0.1013,0.5415,0
0.1,uniform_heavy,0.6,1,2.0,smart,0.3,5,4000,2.0,2.3175,-0.3175,-15.874,1944,956,988,2056,0.0927,0.4918,0
0.1,uniform_heavy,0.6,1,2.0,smart,0.3,6,4000,2.0,2.279,-0.279,-13.948,1952,1017,935,2048,0.1067,0.521,0
0.1,uniform_heavy,0.6,2,0.5,smart,0.3,0,4000,3.0,2.7386,0.2614,8.713,1912,1006,906,2088,0.1062,0.5262,1
0.1,uniform_heavy,0.6,2,0.5,smart,0.3,1,4000,3.0,2.7166,0.2834,9.448,1937,1062,875,2063,0.0968,0.5483,1
0.1,uniform_heavy,0.6,2,0.5,smart,0.3,2,4000,3.0,2.7558,0.2442,8.141,1914,973,941,2086,0.1015,0.5084,1
0.1,uniform_heavy,0.6,2,0.5,smart,0.3,3,4000,3.0,2.7559,0.2441,8.135,1925,979,946,2075,0.094,0.5086,1
0.1,uniform_heavy,0.6,2,0.5,smart,0.3,4,4000,3.0,2.7548,0.2452,8.172,1970,996,974,2030,0.102,0.5056,1
0.1,uniform_heavy,0.6,2,0.5,smart,0.3,5,4000,3.0,2.742,0.258,8.6,1943,1018,925,2057,0.0995,0.5239,1
0.1,uniform_heavy,0.6,2,0.5,smart,0.3,6,4000,3.0,2.763,0.237,7.9,1877,949,928,2123,0.1,0.5056,1
0.1,uniform_heavy,0.6,2,1.0,smart,0.3,0,4000,3.0,2.8629,0.1371,4.569,1934,993,941,2066,0.1057,0.5134,1
0.1,uniform_heavy,0.6,2,1.0,smart,0.3,1,4000,3.0,2.8525,0.1475,4.916,1941,1019,922,2059,0.0935,0.525,1
0.1,uniform_heavy,0.6,2,1.0,smart,0.3,2,4000,3.0,2.8714,0.1286,4.286,1898,968,930,2102,0.0935,0.51,1
0.1,uniform_heavy,0.6,2,1.0,smart,0.3,3,4000,3.0,2.8391,0.1609,5.362,1934,1037,897,2066,0.1045,0.5362,1
0.1,uniform_heavy,0.6,2,1.0,smart,0.3,4,4000,3.0,2.8652,0.1348,4.494,1962,1003,959,2038,0.101,0.5112,1
0.1,uniform_heavy,0.6,2,1.0,smart,0.3,5,4000,3.0,2.8492,0.1508,5.026,1894,1002,892,2106,0.0988,0.529,1
0.1,uniform_heavy,0.6,2,1.0,smart,0.3,6,4000,3.0,2.8421,0.1579,5.265,1975,1052,923,2025,0.105,0.5327,1
0.1,uniform_heavy,0.6,2,2.0,smart,0.3,0,4000,3.0,3.0714,-0.0714,-2.382,1955,1041,914,2045,0.0993,0.5325,0
0.1,uniform_heavy,0.6,2,2.0,smart,0.3,1,4000,3.0,3.0467,-0.0467,-1.557,1898,1041,857,2102,0.1017,0.5485,0
0.1,uniform_heavy,0.6,2,2.0,smart,0.3,2,4000,3.0,3.0925,-0.0925,-3.084,1896,985,911,2104,0.0948,0.5195,0
0.1,uniform_heavy,0.6,2,2.0,smart,0.3,3,4000,3.0,3.1158,-0.1158,-3.859,1907,961,946,2093,0.098,0.5039,0
0.1,uniform_heavy,0.6,2,2.0,smart,0.3,4,4000,3.0,3.0813,-0.0813,-2.709,1946,1023,923,2054,0.1055,0.5257,0
0.1,uniform_heavy,0.6,2,2.0,smart,0.3,5,4000,3.0,3.1061,-0.1061,-3.537,1936,990,946,2064,0.0978,0.5114,0
0.1,uniform_heavy,0.6,2,2.0,smart,0.3,6,4000,3.0,3.0913,-0.0913,-3.042,1919,999,920,2081,0.1077,0.5206,0
0.1,uniform_heavy,0.6,4,0.5,smart,0.3,0,4000,5.0,4.3768,0.6232,12.464,1924,999,925,2076,0.101,0.5192,1
0.1,uniform_heavy,0.6,4,0.5,smart,0.3,1,4000,5.0,4.3626,0.6374,12.747,1923,1011,912,2077,0.105,0.5257,1
0.1,uniform_heavy,0.6,4,0.5,smart,0.3,2,4000,5.0,4.3678,0.6322,12.643,1963,1020,943,2037,0.0935,0.5196,1
0.1,uniform_heavy,0.6,4,0.5,smart,0.3,3,4000,5.0,4.3868,0.6132,12.264,1923,989,934,2077,0.1045,0.5143,1
0.1,uniform_heavy,0.6,4,0.5,smart,0.3,4,4000,5.0,4.3658,0.6342,12.684,1970,1021,949,2030,0.1005,0.5183,1
0.1,uniform_heavy,0.6,4,0.5,smart,0.3,5,4000,5.0,4.3513,0.6487,12.974,1963,1038,925,2037,0.1022,0.5288,1
0.1,uniform_heavy,0.6,4,0.5,smart,0.3,6,4000,5.0,4.3774,0.6226,12.452,1946,1008,938,2054,0.103,0.518,1
0.1,uniform_heavy,0.6,4,1.0,smart,0.3,0,4000,5.0,4.4599,0.5401,10.801,1997,1041,956,2003,0.1008,0.5213,1
0.1,uniform_heavy,0.6,4,1.0,smart,0.3,1,4000,5.0,4.4763,0.5237,10.474,1919,1012,907,2081,0.0882,0.5274,1
0.1,uniform_heavy,0.6,4,1.0,smart,0.3,2,4000,5.0,4.4555,0.5445,10.891,1895,1027,868,2105,0.0998,0.542,1
0.1,uniform_heavy,0.6,4,1.0,smart,0.3,3,4000,5.0,4.514,0.486,9.72,1892,965,927,2108,0.1013,0.51,1
0.1,uniform_heavy,0.6,4,1.0,smart,0.3,4,4000,5.0,4.4803,0.5197,10.394,1970,1016,954,2030,0.0988,0.5157,1
0.1,uniform_heavy,0.6,4,1.0,smart,0.3,5,4000,5.0,4.4962,0.5038,10.077,1947,1000,947,2053,0.0985,0.5136,1
0.1,uniform_heavy,0.6,4,1.0,smart,0.3,6,4000,5.0,4.4926,0.5074,10.149,1924,996,928,2076,0.1115,0.5177,1
0.1,uniform_heavy,0.6,4,2.0,smart,0.3,0,4000,5.0,4.7242,0.2758,5.515,1995,1025,970,2005,0.099,0.5138,1
0.1,uniform_heavy,0.6,4,2.0,smart,0.3,1,4000,5.0,4.6947,0.3053,6.106,1942,1028,914,2058,0.0995,0.5294,1
0.1,uniform_heavy,0.6,4,2.0,smart,0.3,2,4000,5.0,4.7124,0.2876,5.752,1988,1031,957,2012,0.0945,0.5186,1
0.1,uniform_heavy,0.6,4,2.0,smart,0.3,3,4000,5.0,4.7714,0.2286,4.571,1916,960,956,2084,0.0922,0.501,1
0.1,uniform_heavy,0.6,4,2.0,smart,0.3,4,4000,5.0,4.7205,0.2795,5.59,1918,999,919,2082,0.1005,0.5209,1
0.1,uniform_heavy,0.6,4,2.0,smart,0.3,5,4000,5.0,4.7221,0.2779,5.557,1934,1002,932,2066,0.0917,0.5181,1
0.1,uniform_heavy,0.6,4,2.0,smart,0.3,6,4000,5.0,4.6956,0.3044,6.088,1893,1002,891,2107,0.1017,0.5293,1
0.1,uniform_heavy,0.6,8,0.5,smart,0.3,0,4000,9.0,7.6619,1.3381,14.868,1935,992,943,2065,0.101,0.5127,1
0.1,uniform_heavy,0.6,8,0.5,smart,0.3,1,4000,9.0,7.6132,1.3868,15.409,1971,1013,958,2029,0.0945,0.514,1
0.1,uniform_heavy,0.6,8,0.5,smart,0.3,2,4000,9.0,7.6338,1.3662,15.181,1945,1006,939,2055,0.1008,0.5172,1
0.1,uniform_heavy,0.6,8,0.5,smart,0.3,3,4000,9.0,7.6207,1.3793,15.326,1900,1011,889,2100,0.106,0.5321,1
0.1,uniform_heavy,0.6,8,0.5,smart,0.3,4,4000,9.0,7.618,1.382,15.356,1930,1010,920,2070,0.1062,0.5233,1
0.1,uniform_heavy,0.6,8,0.5,smart,0.3,5,4000,9.0,7.598,1.402,15.577,1933,1037,896,2067,0.1005,0.5365,1
0.1,uniform_heavy,0.6,8,0.5,smart,0.3,6,4000,9.0,7.6901,1.3099,14.555,1866,979,887,2134,0.1005,0.5247,1
0.1,uniform_heavy,0.6,8,1.0,smart,0.3,0,4000,9.0,7.7843,1.2157,13.507,1931,978,953,2069,0.1052,0.5065,1
0.1,uniform_heavy,0.6,8,1.0,smart,0.3,1,4000,9.0,7.7118,1.2882,14.314,1921,1011,910,2079,0.1037,0.5263,1
0.1,uniform_heavy,0.6,8,1.0,smart,0.3,2,4000,9.0,7.863,1.137,12.633,1864,922,942,2136,0.101,0.4946,1
0.1,uniform_heavy,0.6,8,1.0,smart,0.3,3,4000,9.0,7.7423,1.2577,13.974,1932,1004,928,2068,0.1003,0.5197,1
0.1,uniform_heavy,0.6,8,1.0,smart,0.3,4,4000,9.0,7.7952,1.2048,13.386,1943,980,963,2057,0.096,0.5044,1
0.1,uniform_heavy,0.6,8,1.0,smart,0.3,5,4000,9.0,7.8112,1.1888,13.209,1932,975,957,2068,0.1017,0.5047,1
0.1,uniform_heavy,0.6,8,1.0,smart,0.3,6,4000,9.0,7.711,1.289,14.322,1902,1020,882,2098,0.096,0.5363,1
0.1,uniform_heavy,0.6,8,2.0,smart,0.3,0,4000,9.0,7.9122,1.0878,12.087,1995,1055,940,2005,0.094,0.5288,1
0.1,uniform_heavy,0.6,8,2.0,smart,0.3,1,4000,9.0,7.9275,1.0725,11.917,1942,1034,908,2058,0.1015,0.5324,1
0.1,uniform_heavy,0.6,8,2.0,smart,0.3,2,4000,9.0,8.0113,0.9887,10.985,1897,977,920,2103,0.0993,0.515,1
0.1,uniform_heavy,0.6,8,2.0,smart,0.3,3,4000,9.0,7.9036,1.0964,12.182,1958,1038,920,2042,0.1042,0.5301,1
0.1,uniform_heavy,0.6,8,2.0,smart,0.3,4,4000,9.0,8.0034,0.9966,11.073,1948,994,954,2052,0.103,0.5103,1
0.1,uniform_heavy,0.6,8,2.0,smart,0.3,5,4000,9.0,7.9895,1.0105,11.228,1949,1007,942,2051,0.0927,0.5167,1
0.1,uniform_heavy,0.6,8,2.0,smart,0.3,6,4000,9.0,7.9848,1.0152,11.28,1933,1003,930,2067,0.1005,0.5189,1
0.1,uniform_heavy,0.7,0.25,0.5,smart,0.3,0,4000,1.25,1.2854,-0.0354,-2.83,1886,1172,714,2114,0.099,0.6214,0
0.1,uniform_heavy,0.7,0.25,0.5,smart,0.3,1,4000,1.25,1.2807,-0.0307,-2.457,1864,1176,688,2136,0.104,0.6309,0
0.1,uniform_heavy,0.7,0.25,0.5,smart,0.3,2,4000,1.25,1.2866,-0.0366,-2.926,1855,1138,717,2145,0.0958,0.6135,0
0.1,uniform_heavy,0.7,0.25,0.5,smart,0.3,3,4000,1.25,1.285,-0.035,-2.8,1855,1150,705,2145,0.1017,0.6199,0
0.1,uniform_heavy,0.7,0.25,0.5,smart,0.3,4,4000,1.25,1.2879,-0.0379,-3.033,1883,1156,727,2117,0.0915,0.6139,0
0.1,uniform_heavy,0.7,0.25,0.5,smart,0.3,5,4000,1.25,1.2806,-0.0306,-2.449,1873,1189,684,2127,0.1027,0.6348,0
0.1,uniform_heavy,0.7,0.25,0.5,smart,0.3,6,4000,1.25,1.2842,-0.0342,-2.734,1847,1147,700,2153,0.1035,0.621,0
0.1,uniform_heavy,0.7,0.25,1.0,smart,0.3,0,4000,1.25,1.3672,-0.1172,-9.38,1853,1167,686,2147,0.1037,0.6298,0
0.1,uniform_heavy,0.7,0.25,1.0,smart,0.3,1,4000,1.25,1.3681,-0.1181,-9.446,1878,1186,692,2122,0.1037,0.6315,0
0.1,uniform_heavy,0.7,0.25,1.0,smart,0.3,2,4000,1.25,1.3661,-0.1161,-9.291,1878,1191,687,2122,0.1022,0.6342,0
0.1,uniform_heavy,0.7,0.25,1.0,smart,0.3,3,4000,1.25,1.3644,-0.1144,-9.154,1899,1217,682,2101,0.1057,0.6409,0
0.1,uniform_heavy,0.7,0.25,1.0,smart,0.3,4,4000,1.25,1.3724,-0.1224,-9.793,1871,1167,704,2129,0.096,0.6237,0
0.1,uniform_heavy,0.7,0.25,1.0,smart,0.3,5,4000,1.25,1.3714,-0.1214,-9.709,1874,1172,702,2126,0.0993,0.6254,0
0.1,uniform_heavy,0.7,0.25,1.0,smart,0.3,6,4000,1.25,1.3666,-0.1166,-9.331,1842,1160,682,2158,0.1015,0.6298,0
0.1,uniform_heavy,0.7,0.25,2.0,smart,0.3,0,4000,1.25,1.5542,-0.3042,-24.338,1885,1168,717,2115,0.096,0.6196,0
0.1,uniform_heavy,0.7,0.25,2.0,smart,0.3,1,4000,1.25,1.5559,-0.3059,-24.47,1850,1134,716,2150,0.098,0.613,0
0.1,uniform_heavy,0.7,0.25,2.0,smart,0.3,2,4000,1.25,1.5492,-0.2992,-23.936,1871,1164,707,2129,0.0978,0.6221,0
0.1,uniform_heavy,0.7,0.25,2.0,smart,0.3,3,4000,1.25,1.5415,-0.2915,-23.324,1932,1235,697,2068,0.0935,0.6392,0
0.1,uniform_heavy,0.7,0.25,2.0,smart,0.3,4,4000,1.25,1.5585,-0.3085,-24.681,1839,1119,720,2161,0.1037,0.6085,0
0.1,uniform_heavy,0.7,0.25,2.0,smart,0.3,5,4000,1.25,1.5617,-0.3117,-24.933,1897,1166,731,2103,0.0953,0.6147,0
0.1,uniform_heavy,0.7,0.25,2.0,smart,0.3,6,4000,1.25,1.5508,-0.3008,-24.065,1867,1159,708,2133,0.1105,0.6208,0
0.1,uniform_heavy,0.7,0.5,0.5,smart,0.3,0,4000,1.5,1.4811,0.0189,1.257,1809,1122,687,2191,0.0963,0.6202,1
0.1,uniform_heavy,0.7,0.5,0.5,smart,0.3,1,4000,1.5,1.4807,0.0193,1.285,1860,1160,700,2140,0.1037,0.6237,1
0.1,uniform_heavy,0.7,0.5,0.5,smart,0.3,2,4000,1.5,1.4807,0.0193,1.287,1879,1163,716,2121,0.0978,0.6189,1
0.1,uniform_heavy,0.7,0.5,0.5,smart,0.3,3,4000,1.5,1.4719,0.0281,1.871,1875,1206,669,2125,0.0988,0.6432,1
0.1,uniform_heavy,0.7,0.5,0.5,smart,0.3,4,4000,1.5,1.4858,0.0142,0.944,1856,1132,724,2144,0.0965,0.6099,1
0.1,uniform_heavy,0.7,0.5,0.5,smart,0.3,5,4000,1.5,1.4711,0.0289,1.925,1864,1198,666,2136,0.1008,0.6427,1
0.1,uniform_heavy,0.7,0.5,0.5,smart,0.3,6,4000,1.5,1.4816,0.0184,1.229,1894,1173,721,2106,0.093,0.6193,1
0.1,uniform_heavy,0.7,0.5,1.0,smart,0.3,0,4000,1.5,1.5598,-0.0598,-3.989,1907,1217,690,2093,0.0955,0.6382,0
0.1,uniform_heavy,0.7,0.5,1.0,smart,0.3,1,4000,1.5,1.5686,-0.0686,-4.572,1893,1182,711,2107,0.0973,0.6244,0
0.1,uniform_heavy,0.7,0.5,1.0,smart,0.3,2,4000,1.5,1.5694,-0.0694,-4.63,1857,1153,704,2143,0.1017,0.6209,0
0.1,uniform_heavy,0.7,0.5,1.0,smart,0.3,3,4000,1.5,1.5657,-0.0657,-4.379,1809,1127,682,2191,0.0985,0.623,0
0.1,uniform_heavy,0.7,0.5,1.0,smart,0.3,4,4000,1.5,1.5685,-0.0685,-4.568,1857,1155,702,2143,0.1013,0.622,0
0.1,uniform_heavy,0.7,0.5,1.0,smart,0.3,5,4000,1.5,1.5649,-0.0649,-4.327,1824,1142,682,2176,0.0902,0.6261,0
0.1,uniform_heavy,0.7,0.5,1.0,smart,0.3,6,4000,1.5,1.5635,-0.0635,-4.233,1823,1146,677,2177,0.107,0.6286,0
0.1,uniform_heavy,0.7,0.5,2.0,smart,0.3,0,4000,1.5,1.7191,-0.2191,-14.606,1932,1259,673,2068,0.106,0.6517,0
0.1,uniform_heavy,0.7,0.5,2.0,smart,0.3,1,4000,1.5,1.7284,-0.2284,-15.223,1879,1200,679,2121,0.1042,0.6386,0
0.1,uniform_heavy,0.7,0.5,2.0,smart,0.3,2,4000,1.5,1.7495,-0.2495,-16.635,1865,1151,714,2135,0.102,0.6172,0
0.1,uniform_heavy,0.7,0.5,2.0,smart,0.3,3,4000,1.5,1.7332,-0.2332,-15.548,1869,1183,686,2131,0.0935,0.633,0
0.1,uniform_heavy,0.7,0.5,2.0,smart,0.3,4,4000,1.5,1.7332,-0.2332,-15.546,1863,1179,684,2137,0.1017,0.6329,0
0.1,uniform_heavy,0.7,0.5,2.0,smart,0.3,5,4000,1.5,1.734,-0.234,-15.6,1891,1202,689,2109,0.0998,0.6356,0
0.1,uniform_heavy,0.7,0.5,2.0,smart,0.3,6,4000,1.5,1.7196,-0.2196,-14.639,1838,1181,657,2162,0.1052,0.6425,0
0.1,uniform_heavy,0.7,1,0.5,smart,0.3,0,4000,2.0,1.8682,0.1318,6.59,1945,1210,735,2055,0.0995,0.6221,1
0.1,uniform_heavy,0.7,1,0.5,smart,0.3,1,4000,2.0,1.87,0.13,6.5,1819,1148,671,2181,0.1065,0.6311,1
0.1,uniform_heavy,0.7,1,0.5,smart,0.3,2,4000,2.0,1.8563,0.1437,7.187,1944,1246,698,2056,0.1035,0.6409,1
0.1,uniform_heavy,0.7,1,0.5,smart,0.3,3,4000,2.0,1.8713,0.1287,6.435,1886,1174,712,2114,0.1032,0.6225,1
0.1,uniform_heavy,0.7,1,0.5,smart,0.3,4,4000,2.0,1.8724,0.1276,6.381,1807,1137,670,2193,0.0922,0.6292,1
0.1,uniform_heavy,0.7,1,0.5,smart,0.3,5,4000,2.0,1.868,0.132,6.598,1860,1178,682,2140,0.0927,0.6333,1
0.1,uniform_heavy,0.7,1,0.5,smart,0.3,6,4000,2.0,1.8639,0.1361,6.804,1907,1212,695,2093,0.1045,0.6356,1
0.1,uniform_heavy,0.7,1,1.0,smart,0.3,0,4000,2.0,1.9643,0.0357,1.783,1860,1150,710,2140,0.1,0.6183,1
0.1,uniform_heavy,0.7,1,1.0,smart,0.3,1,4000,2.0,1.942,0.058,2.9,1770,1150,620,2230,0.1035,0.6497,1
0.1,uniform_heavy,0.7,1,1.0,smart,0.3,2,4000,2.0,1.96,0.04,1.998,1869,1165,704,2131,0.0995,0.6233,1
0.1,uniform_heavy,0.7,1,1.0,smart,0.3,3,4000,2.0,1.9557,0.0443,2.215,1844,1159,685,2156,0.101,0.6285,1
0.1,uniform_heavy,0.7,1,1.0,smart,0.3,4,4000,2.0,1.9704,0.0296,1.478,1922,1174,748,2078,0.0973,0.6108,1
0.1,uniform_heavy,0.7,1,1.0,smart,0.3,5,4000,2.0,1.9695,0.0305,1.527,1834,1124,710,2166,0.0932,0.6129,1
0.1,uniform_heavy,0.7,1,1.0,smart,0.3,6,4000,2.0,1.9515,0.0485,2.426,1821,1157,664,2179,0.1065,0.6354,1
0.1,uniform_heavy,0.7,1,2.0,smart,0.3,0,4000,2.0,2.1325,-0.1325,-6.624,1811,1131,680,2189,0.094,0.6245,0
0.1,uniform_heavy,0.7,1,2.0,smart,0.3,1,4000,2.0,2.1212,-0.1212,-6.062,1861,1180,681,2139,0.0983,0.6341,0
0.1,uniform_heavy,0.7,1,2.0,smart,0.3,2,4000,2.0,2.1186,-0.1186,-5.929,1907,1219,688,2093,0.0955,0.6392,0
0.1,uniform_heavy,0.7,1,2.0,smart,0.3,3,4000,2.0,2.1191,-0.1191,-5.956,1847,1174,673,2153,0.1035,0.6356,0
0.1,uniform_heavy,0.7,1,2.0,smart,0.3,4,4000,2.0,2.1351,-0.1351,-6.757,1839,1148,691,2161,0.0945,0.6243,0
0.1,uniform_heavy,0.7,1,2.0,smart,0.3,5,4000,2.0,2.0965,-0.0965,-4.823,1839,1201,638,2161,0.1025,0.6531,0
0.1,uniform_heavy,0.7,1,2.0,smart,0.3,6,4000,2.0,2.1325,-0.1325,-6.625,1890,1187,703,2110,0.102,0.628,0
0.1,uniform_heavy,0.7,2,0.5,smart,0.3,0,4000,3.0,2.6522,0.3478,11.593,1847,1176,671,2153,0.0963,0.6367,1
0.1,uniform_heavy,0.7,2,0.5,smart,0.3,1,4000,3.0,2.6402,0.3598,11.994,1927,1210,717,2073,0.0975,0.6279,1
0.1,uniform_heavy,0.7,2,0.5,smart,0.3,2,4000,3.0,2.6591,0.3409,11.363,1830,1157,673,2170,0.0925,0.6322,1
0.1,uniform_heavy,0.7,2,0.5,smart,0.3,3,4000,3.0,2.6355,0.3645,12.15,1874,1210,664,2126,0.0983,0.6457,1
0.1,uniform_heavy,0.7,2,0.5,smart,0.3,4,4000,3.0,2.6484,0.3516,11.721,1887,1182,705,2113,0.0985,0.6264,1
0.1,uniform_heavy,0.7,2,0.5,smart,0.3,5,4000,3.0,2.6597,0.3403,11.343,1826,1146,680,2174,0.103,0.6276,1
0.1,uniform_heavy,0.7,2,0.5,smart,0.3,6,4000,3.0,2.6329,0.3671,12.237,1898,1225,673,2102,0.1025,0.6454,1
0.1,uniform_heavy,0.7,2,1.0,smart,0.3,0,4000,3.0,2.7122,0.2878,9.593,1905,1232,673,2095,0.0965,0.6467,1
0.1,uniform_heavy,0.7,2,1.0,smart,0.3,1,4000,3.0,2.7555,0.2445,8.15,1880,1155,725,2120,0.0988,0.6144,1
0.1,uniform_heavy,0.7,2,1.0,smart,0.3,2,4000,3.0,2.7308,0.2692,8.973,1893,1199,694,2107,0.101,0.6334,1
0.1,uniform_heavy,0.7,2,1.0,smart,0.3,3,4000,3.0,2.7656,0.2344,7.812,1837,1118,719,2163,0.1,0.6086,1
0.1,uniform_heavy,0.7,2,1.0,smart,0.3,4,4000,3.0,2.7522,0.2478,8.261,1902,1170,732,2098,0.1,0.6151,1
0.1,uniform_heavy,0.7,2,1.0,smart,0.3,5,4000,3.0,2.7308,0.2692,8.974,1907,1200,707,2093,0.1042,0.6293,1
0.1,uniform_heavy,0.7,2,1.0,smart,0.3,6,4000,3.0,2.7529,0.2471,8.236,1887,1160,727,2113,0.0988,0.6147,1
0.1,uniform_heavy,0.7,2,2.0,smart,0.3,0,4000,3.0,2.8977,0.1023,3.409,1913,1214,699,2087,0.0993,0.6346,1
0.1,uniform_heavy,0.7,2,2.0,smart,0.3,1,4000,3.0,2.89,0.11,3.666,1866,1194,672,2134,0.1,0.6399,1
0.1,uniform_heavy,0.7,2,2.0,smart,0.3,2,4000,3.0,2.9348,0.0652,2.175,1882,1159,723,2118,0.0975,0.6158,1
0.1,uniform_heavy,0.7,2,2.0,smart,0.3,3,4000,3.0,2.9458,0.0542,1.807,1841,1125,716,2159,0.104,0.6111,1
0.1,uniform_heavy,0.7,2,2.0,smart,0.3,4,4000,3.0,2.8897,0.1103,3.677,1922,1228,694,2078,0.1042,0.6389,1
0.1,uniform_heavy,0.7,2,2.0,smart,0.3,5,4000,3.0,2.8907,0.1093,3.643,1886,1211,675,2114,0.096,0.6421,1
0.1,uniform_heavy,0.7,2,2.0,smart,0.3,6,4000,3.0,2.9088,0.0912,3.039,1837,1158,679,2163,0.102,0.6304,1
0.1,uniform_heavy,0.7,4,0.5,smart,0.3,0,4000,5.0,4.1988,0.8012,16.023,1879,1190,689,2121,0.0955,0.6333,1
0.1,uniform_heavy,0.7,4,0.5,smart,0.3,1,4000,5.0,4.233,0.767,15.34,1877,1155,722,2123,0.091,0.6153,1
0.1,uniform_heavy,0.7,4,0.5,smart,0.3,2,4000,5.0,4.1969,0.8031,16.063,1900,1209,691,2100,0.1037,0.6363,1
0.1,uniform_heavy,0.7,4,0.5,smart,0.3,3,4000,5.0,4.2424,0.7576,15.152,1858,1124,734,2142,0.0973,0.605,1
0.1,uniform_heavy,0.7,4,0.5,smart,0.3,4,4000,5.0,4.2702,0.7298,14.596,1833,1117,716,2167,0.1,0.6094,1
0.1,uniform_heavy,0.7,4,0.5,smart,0.3,5,4000,5.0,4.2461,0.7539,15.079,1857,1144,713,2143,0.0975,0.616,1
0.1,uniform_heavy,0.7,4,0.5,smart,0.3,6,4000,5.0,4.1982,0.8018,16.036,1849,1191,658,2151,0.0963,0.6441,1
0.1,uniform_heavy,0.7,4,1.0,smart,0.3,0,4000,5.0,4.3105,0.6895,13.789,1866,1165,701,2134,0.1025,0.6243,1
0.1,uniform_heavy,0.7,4,1.0,smart,0.3,1,4000,5.0,4.3364,0.6636,13.273,1841,1138,703,2159,0.1047,0.6181,1
0.1,uniform_heavy,0.7,4,1.0,smart,0.3,2,4000,5.0,4.288,0.712,14.239,1825,1181,644,2175,0.099,0.6471,1
0.1,uniform_heavy,0.7,4,1.0,smart,0.3,3,4000,5.0,4.3043,0.6957,13.914,1871,1171,700,2129,0.1057,0.6259,1
0.1,uniform_heavy,0.7,4,1.0,smart,0.3,4,4000,5.0,4.3025,0.6975,13.951,1870,1172,698,2130,0.1042,0.6267,1
0.1,uniform_heavy,0.7,4,1.0,smart,0.3,5,4000,5.0,4.3155,0.6845,13.69,1846,1158,688,2154,0.0955,0.6273,1
0.1,uniform_heavy,0.7,4,1.0,smart,0.3,6,4000,5.0,4.3395,0.6605,13.209,1831,1141,690,2169,0.0975,0.6232,1
0.1,uniform_heavy,0.7,4,2.0,smart,0.3,0,4000,5.0,4.5001,0.4999,9.998,1874,1161,713,2126,0.0968,0.6195,1
0.1,uniform_heavy,0.7,4,2.0,smart,0.3,1,4000,5.0,4.4715,0.5285,10.57,1895,1185,710,2105,0.1022,0.6253,1
0.1,uniform_heavy,0.7,4,2.0,smart,0.3,2,4000,5.0,4.4844,0.5156,10.313,1882,1175,707,2118,0.1,0.6243,1
0.1,uniform_heavy,0.7,4,2.0,smart,0.3,3,4000,5.0,4.45,0.55,10.999,1863,1192,671,2137,0.1052,0.6398,1
0.1,uniform_heavy,0.7,4,2.0,smart,0.3,4,4000,5.0,4.4709,0.5291,10.582,1893,1193,700,2107,0.097,0.6302,1
0.1,uniform_heavy,0.7,4,2.0,smart,0.3,5,4000,5.0,4.5129,0.4871,9.743,1816,1125,691,2184,0.096,0.6195,1
0.1,uniform_heavy,0.7,4,2.0,smart,0.3,6,4000,5.0,4.4808,0.5192,10.385,1882,1175,707,2118,0.103,0.6243,1
0.1,uniform_heavy,0.7,8,0.5,smart,0.3,0,4000,9.0,7.3901,1.6099,17.888,1844,1145,699,2156,0.0938,0.6209,1
0.1,uniform_heavy,0.7,8,0.5,smart,0.3,1,4000,9.0,7.3169,1.6831,18.702,1897,1195,702,2103,0.1108,0.6299,1
0.1,uniform_heavy,0.7,8,0.5,smart,0.3,2,4000,9.0,7.3195,1.6805,18.672,1874,1207,667,2126,0.098,0.6441,1
0.1,uniform_heavy,0.7,8,0.5,smart,0.3,3,4000,9.0,7.2997,1.7003,18.892,1869,1205,664,2131,0.1105,0.6447,1
0.1,uniform_heavy,0.7,8,0.5,smart,0.3,4,4000,9.0,7.3387,1.6613,18.459,1848,1175,673,2152,0.0988,0.6358,1
0.1,uniform_heavy,0.7,8,0.5,smart,0.3,5,4000,9.0,7.3774,1.6226,18.029,1861,1159,702,2139,0.1087,0.6228,1
0.1,uniform_heavy,0.7,8,0.5,smart,0.3,6,4000,9.0,7.3034,1.6966,18.851,1910,1210,700,2090,0.1035,0.6335,1
0.1,uniform_heavy,0.7,8,1.0,smart,0.3,0,4000,9.0,7.3738,1.6262,18.069,1878,1212,666,2122,0.0925,0.6454,1
0.1,uniform_heavy,0.7,8,1.0,smart,0.3,1,4000,9.0,7.4281,1.5719,17.466,1877,1179,698,2123,0.0955,0.6281,1
0.1,uniform_heavy,0.7,8,1.0,smart,0.3,2,4000,9.0,7.4364,1.5636,17.374,1871,1180,691,2129,0.0993,0.6307,1
0.1,uniform_heavy,0.7,8,1.0,smart,0.3,3,4000,9.0,7.4172,1.5828,17.587,1874,1182,692,2126,0.1005,0.6307,1
0.1,uniform_heavy,0.7,8,1.0,smart,0.3,4,4000,9.0,7.3645,1.6355,18.172,1899,1219,680,2101,0.0965,0.6419,1
0.1,uniform_heavy,0.7,8,1.0,smart,0.3,5,4000,9.0,7.4112,1.5888,17.653,1911,1197,714,2089,0.0968,0.6264,1
0.1,uniform_heavy,0.7,8,1.0,smart,0.3,6,4000,9.0,7.4015,1.5985,17.761,1878,1200,678,2122,0.111,0.639,1
0.1,uniform_heavy,0.7,8,2.0,smart,0.3,0,4000,9.0,7.5093,1.4907,16.563,1912,1227,685,2088,0.1005,0.6417,1
0.1,uniform_heavy,0.7,8,2.0,smart,0.3,1,4000,9.0,7.6018,1.3982,15.535,1889,1189,700,2111,0.0943,0.6294,1
0.1,uniform_heavy,0.7,8,2.0,smart,0.3,2,4000,9.0,7.6004,1.3996,15.551,1859,1178,681,2141,0.105,0.6337,1
0.1,uniform_heavy,0.7,8,2.0,smart,0.3,3,4000,9.0,7.6242,1.3758,15.287,1843,1153,690,2157,0.0932,0.6256,1
0.1,uniform_heavy,0.7,8,2.0,smart,0.3,4,4000,9.0,7.6029,1.3971,15.523,1860,1162,698,2140,0.0998,0.6247,1
0.1,uniform_heavy,0.7,8,2.0,smart,0.3,5,4000,9.0,7.5459,1.4541,16.157,1874,1204,670,2126,0.0998,0.6425,1
0.1,uniform_heavy,0.7,8,2.0,smart,0.3,6,4000,9.0,7.6273,1.3727,15.252,1825,1151,674,2175,0.0975,0.6307,1
0.1,uniform_heavy,0.8,0.25,0.5,smart,0.3,0,4000,1.25,1.2489,0.0011,0.09,1869,1370,499,2131,0.101,0.733,1
0.1,uniform_heavy,0.8,0.25,0.5,smart,0.3,1,4000,1.25,1.2467,0.0033,0.261,1791,1325,466,2209,0.1017,0.7398,1
0.1,uniform_heavy,0.8,0.25,0.5,smart,0.3,2,4000,1.25,1.2435,0.0065,0.518,1808,1354,454,2192,0.0973,0.7489,1
0.1,uniform_heavy,0.8,0.25,0.5,smart,0.3,3,4000,1.25,1.247,0.003,0.244,1849,1365,484,2151,0.1003,0.7382,1
0.1,uniform_heavy,0.8,0.25,0.5,smart,0.3,4,4000,1.25,1.2473,0.0027,0.217,1799,1327,472,2201,0.106,0.7376,1
0.1,uniform_heavy,0.8,0.25,0.5,smart,0.3,5,4000,1.25,1.2467,0.0033,0.265,1832,1355,477,2168,0.105,0.7396,1
0.1,uniform_heavy,0.8,0.25,0.5,smart,0.3,6,4000,1.25,1.2443,0.0057,0.457,1746,1306,440,2254,0.098,0.748,1
0.1,uniform_heavy,0.8,0.25,1.0,smart,0.3,0,4000,1.25,1.3088,-0.0588,-4.702,1826,1341,485,2174,0.1003,0.7344,0
0.1,uniform_heavy,0.8,0.25,1.0,smart,0.3,1,4000,1.25,1.2997,-0.0497,-3.978,1793,1344,449,2207,0.0958,0.7496,0
0.1,uniform_heavy,0.8,0.25,1.0,smart,0.3,2,4000,1.25,1.3064,-0.0564,-4.512,1802,1330,472,2198,0.0955,0.7381,0
0.1,uniform_heavy,0.8,0.25,1.0,smart,0.3,3,4000,1.25,1.3012,-0.0512,-4.094,1809,1353,456,2191,0.0973,0.7479,0
0.1,uniform_heavy,0.8,0.25,1.0,smart,0.3,4,4000,1.25,1.3066,-0.0566,-4.526,1865,1383,482,2135,0.1077,0.7416,0
0.1,uniform_heavy,0.8,0.25,1.0,smart,0.3,5,4000,1.25,1.3073,-0.0573,-4.584,1784,1314,470,2216,0.0953,0.7365,0
0.1,uniform_heavy,0.8,0.25,1.0,smart,0.3,6,4000,1.25,1.3066,-0.0566,-4.528,1817,1343,474,2183,0.0995,0.7391,0
0.1,uniform_heavy,0.8,0.25,2.0,smart,0.3,0,4000,1.25,1.4185,-0.1685,-13.483,1852,1386,466,2148,0.104,0.7484,0
0.1,uniform_heavy,0.8,0.25,2.0,smart,0.3,1,4000,1.25,1.4197,-0.1697,-13.577,1825,1360,465,2175,0.102,0.7452,0
0.1,uniform_heavy,0.8,0.25,2.0,smart,0.3,2,4000,1.25,1.4004,-0.1504,-12.036,1813,1383,430,2187,0.1045,0.7628,0
0.1,uniform_heavy,0.8,0.25,2.0,smart,0.3,3,4000,1.25,1.4123,-0.1623,-12.987,1790,1341,449,2210,0.0988,0.7492,0
0.1,uniform_heavy,0.8,0.25,2.0,smart,0.3,4,4000,1.25,1.4271,-0.1771,-14.169,1855,1374,481,2145,0.1082,0.7407,0
0.1,uniform_heavy,0.8,0.25,2.0,smart,0.3,5,4000,1.25,1.4086,-0.1586,-12.692,1832,1386,446,2168,0.1008,0.7566,0
0.1,uniform_heavy,0.8,0.25,2.0,smart,0.3,6,4000,1.25,1.4064,-0.1564,-12.515,1778,1341,437,2222,0.1098,0.7542,0
0.1,uniform_heavy,0.8,0.5,0.5,smart,0.3,0,4000,1.5,1.4384,0.0616,4.105,1783,1308,475,2217,0.0882,0.7336,1
0.1,uniform_heavy,0.8,0.5,0.5,smart,0.3,1,4000,1.5,1.4295,0.0705,4.699,1838,1379,459,2162,0.0958,0.7503,1
0.1,uniform_heavy,0.8,0.5,0.5,smart,0.3,2,4000,1.5,1.4354,0.0646,4.308,1797,1329,468,2203,0.1008,0.7396,1
0.1,uniform_heavy,0.8,0.5,0.5,smart,0.3,3,4000,1.5,1.4356,0.0644,4.293,1814,1336,478,2186,0.1008,0.7365,1
0.1,uniform_heavy,0.8,0.5,0.5,smart,0.3,4,4000,1.5,1.4378,0.0622,4.148,1807,1320,487,2193,0.098,0.7305,1
0.1,uniform_heavy,0.8,0.5,0.5,smart,0.3,5,4000,1.5,1.4352,0.0648,4.319,1830,1350,480,2170,0.1,0.7377,1
0.1,uniform_heavy,0.8,0.5,0.5,smart,0.3,6,4000,1.5,1.4335,0.0665,4.433,1821,1350,471,2179,0.107,0.7414,1
0.1,uniform_heavy,0.8,0.5,1.0,smart,0.3,0,4000,1.5,1.491,0.009,0.598,1802,1342,460,2198,0.1022,0.7447,1
0.1,uniform_heavy,0.8,0.5,1.0,smart,0.3,1,4000,1.5,1.4993,0.0007,0.047,1789,1305,484,2211,0.0983,0.7295,1
0.1,uniform_heavy,0.8,0.5,1.0,smart,0.3,2,4000,1.5,1.4991,0.0009,0.061,1815,1330,485,2185,0.097,0.7328,1
0.1,uniform_heavy,0.8,0.5,1.0,smart,0.3,3,4000,1.5,1.4939,0.0061,0.403,1852,1370,482,2148,0.1003,0.7397,1
0.1,uniform_heavy,0.8,0.5,1.0,smart,0.3,4,4000,1.5,1.4988,0.0012,0.077,1793,1311,482,2207,0.1057,0.7312,1
0.1,uniform_heavy,0.8,0.5,1.0,smart,0.3,5,4000,1.5,1.4973,0.0027,0.18,1819,1337,482,2181,0.1017,0.735,1
0.1,uniform_heavy,0.8,0.5,1.0,smart,0.3,6,4000,1.5,1.491,0.009,0.601,1790,1329,461,2210,0.102,0.7425,1
0.1,uniform_heavy,0.8,0.5,2.0,smart,0.3,0,4000,1.5,1.6223,-0.1223,-8.15,1833,1341,492,2167,0.0955,0.7316,0
0.1,uniform_heavy,0.8,0.5,2.0,smart,0.3,1,4000,1.5,1.6136,-0.1136,-7.57,1816,1338,478,2184,0.0995,0.7368,0
0.1,uniform_heavy,0.8,0.5,2.0,smart,0.3,2,4000,1.5,1.5913,-0.0913,-6.086,1812,1375,437,2188,0.103,0.7588,0
0.1,uniform_heavy,0.8,0.5,2.0,smart,0.3,3,4000,1.5,1.6204,-0.1204,-8.026,1826,1337,489,2174,0.1042,0.7322,0
0.1,uniform_heavy,0.8,0.5,2.0,smart,0.3,4,4000,1.5,1.6253,-0.1253,-8.351,1804,1312,492,2196,0.0988,0.7273,0
0.1,uniform_heavy,0.8,0.5,2.0,smart,0.3,5,4000,1.5,1.6113,-0.1113,-7.417,1864,1384,480,2136,0.1025,0.7425,0
0.1,uniform_heavy,0.8,0.5,2.0,smart,0.3,6,4000,1.5,1.6063,-0.1063,-7.084,1838,1372,466,2162,0.1037,0.7465,0
0.1,uniform_heavy,0.8,1,0.5,smart,0.3,0,4000,2.0,1.8056,0.1944,9.718,1837,1369,468,2163,0.1005,0.7452,1
0.1,uniform_heavy,0.8,1,0.5,smart,0.3,1,4000,2.0,1.8121,0.1879,9.395,1827,1352,475,2173,0.105,0.74,1
0.1,uniform_heavy,0.8,1,0.5,smart,0.3,2,4000,2.0,1.8091,0.1909,9.543,1815,1346,469,2185,0.1035,0.7416,1
0.1,uniform_heavy,0.8,1,0.5,smart,0.3,3,4000,2.0,1.8164,0.1836,9.179,1779,1314,465,2221,0.101,0.7386,1
0.1,uniform_heavy,0.8,1,0.5,smart,0.3,4,4000,2.0,1.8223,0.1777,8.884,1808,1307,501,2192,0.095,0.7229,1
0.1,uniform_heavy,0.8,1,0.5,smart,0.3,5,4000,2.0,1.8157,0.1843,9.214,1818,1328,490,2182,0.1003,0.7305,1
0.1,uniform_heavy,0.8,1,0.5,smart,0.3,6,4000,2.0,1.8106,0.1894,9.47,1796,1334,462,2204,0.0963,0.7428,1
0.1,uniform_heavy,0.8,1,1.0,smart,0.3,0,4000,2.0,1.8679,0.1321,6.605,1801,1337,464,2199,0.1005,0.7424,1
0.1,uniform_heavy,0.8,1,1.0,smart,0.3,1,4000,2.0,1.8704,0.1296,6.478,1795,1334,461,2205,0.0938,0.7432,1
0.1,uniform_heavy,0.8,1,1.0,smart,0.3,2,4000,2.0,1.8641,0.1359,6.793,1797,1346,451,2203,0.092,0.749,1
0.1,uniform_heavy,0.8,1,1.0,smart,0.3,3,4000,2.0,1.8602,0.1398,6.992,1828,1369,459,2172,0.0975,0.7489,1
0.1,uniform_heavy,0.8,1,1.0,smart,0.3,4,4000,2.0,1.8695,0.1305,6.524,1825,1346,479,2175,0.1005,0.7375,1
0.1,uniform_heavy,0.8,1,1.0,smart,0.3,5,4000,2.0,1.8733,0.1267,6.333,1820,1340,480,2180,0.094,0.7363,1
0.1,uniform_heavy,0.8,1,1.0,smart,0.3,6,4000,2.0,1.8663,0.1337,6.686,1766,1320,446,2234,0.1042,0.7475,1
0.1,uniform_heavy,0.8,1,2.0,smart,0.3,0,4000,2.0,1.9835,0.0165,0.825,1731,1284,447,2269,0.1022,0.7418,1
0.1,uniform_heavy,0.8,1,2.0,smart,0.3,1,4000,2.0,1.9885,0.0115,0.573,1795,1324,471,2205,0.0963,0.7376,1
0.1,uniform_heavy,0.8,1,2.0,smart,0.3,2,4000,2.0,1.9855,0.0145,0.725,1851,1373,478,2149,0.0973,0.7418,1
0.1,uniform_heavy,0.8,1,2.0,smart,0.3,3,4000,2.0,1.9872,0.0128,0.641,1810,1339,471,2190,0.0958,0.7398,1
0.1,uniform_heavy,0.8,1,2.0,smart,0.3,4,4000,2.0,1.9625,0.0375,1.874,1789,1359,430,2211,0.1057,0.7596,1
0.1,uniform_heavy,0.8,1,2.0,smart,0.3,5,4000,2.0,1.9866,0.0134,0.672,1798,1333,465,2202,0.0948,0.7414,1
0.1,uniform_heavy,0.8,1,2.0,smart,0.3,6,4000,2.0,1.9805,0.0195,0.976,1808,1350,458,2192,0.0935,0.7467,1
0.1,uniform_heavy,0.8,2,0.5,smart,0.3,0,4000,3.0,2.539,0.461,15.368,1828,1386,442,2172,0.0948,0.7582,1
0.1,uniform_heavy,0.8,2,0.5,smart,0.3,1,4000,3.0,2.5515,0.4485,14.951,1867,1381,486,2133,0.0963,0.7397,1
0.1,uniform_heavy,0.8,2,0.5,smart,0.3,2,4000,3.0,2.5668,0.4332,14.441,1774,1325,449,2226,0.0963,0.7469,1
0.1,uniform_heavy,0.8,2,0.5,smart,0.3,3,4000,3.0,2.5667,0.4333,14.442,1870,1348,522,2130,0.0988,0.7209,1
0.1,uniform_heavy,0.8,2,0.5,smart,0.3,4,4000,3.0,2.5636,0.4364,14.546,1810,1341,469,2190,0.0955,0.7409,1
0.1,uniform_heavy,0.8,2,0.5,smart,0.3,5,4000,3.0,2.5452,0.4548,15.161,1833,1382,451,2167,0.0945,0.754,1
0.1,uniform_heavy,0.8,2,0.5,smart,0.3,6,4000,3.0,2.5295,0.4705,15.682,1860,1416,444,2140,0.1005,0.7613,1
0.1,uniform_heavy,0.8,2,1.0,smart,0.3,0,4000,3.0,2.5832,0.4168,13.895,1860,1421,439,2140,0.1047,0.764,1
0.1,uniform_heavy,0.8,2,1.0,smart,0.3,1,4000,3.0,2.6165,0.3835,12.783,1821,1349,472,2179,0.0975,0.7408,1
0.1,uniform_heavy,0.8,2,1.0,smart,0.3,2,4000,3.0,2.6011,0.3989,13.297,1812,1380,432,2188,0.0927,0.7616,1
0.1,uniform_heavy,0.8,2,1.0,smart,0.3,3,4000,3.0,2.6097,0.3903,13.01,1893,1398,495,2107,0.0945,0.7385,1
0.1,uniform_heavy,0.8,2,1.0,smart,0.3,4,4000,3.0,2.6207,0.3793,12.644,1849,1353,496,2151,0.0998,0.7317,1
0.1,uniform_heavy,0.8,2,1.0,smart,0.3,5,4000,3.0,2.6262,0.3738,12.46,1820,1331,489,2180,0.1042,0.7313,1
0.1,uniform_heavy,0.8,2,1.0,smart,0.3,6,4000,3.0,2.6139,0.3861,12.868,1819,1357,462,2181,0.1075,0.746,1
0.1,uniform_heavy,0.8,2,2.0,smart,0.3,0,4000,3.0,2.7285,0.2715,9.049,1790,1339,451,2210,0.1003,0.748,1
0.1,uniform_heavy,0.8,2,2.0,smart,0.3,1,4000,3.0,2.7285,0.2715,9.05,1767,1329,438,2233,0.0927,0.7521,1
0.1,uniform_heavy,0.8,2,2.0,smart,0.3,2,4000,3.0,2.7382,0.2618,8.727,1821,1348,473,2179,0.1008,0.7403,1
0.1,uniform_heavy,0.8,2,2.0,smart,0.3,3,4000,3.0,2.7421,0.2579,8.596,1765,1316,449,2235,0.0983,0.7456,1
0.1,uniform_heavy,0.8,2,2.0,smart,0.3,4,4000,3.0,2.7396,0.2604,8.681,1787,1323,464,2213,0.1098,0.7403,1
0.1,uniform_heavy,0.8,2,2.0,smart,0.3,5,4000,3.0,2.7124,0.2876,9.587,1758,1342,416,2242,0.1017,0.7634,1
0.1,uniform_heavy,0.8,2,2.0,smart,0.3,6,4000,3.0,2.7366,0.2634,8.78,1800,1334,466,2200,0.0988,0.7411,1
0.1,uniform_heavy,0.8,4,0.5,smart,0.3,0,4000,5.0,4.1078,0.8922,17.844,1751,1292,459,2249,0.098,0.7379,1
0.1,uniform_heavy,0.8,4,0.5,smart,0.3,1,4000,5.0,4.0497,0.9503,19.005,1793,1352,441,2207,0.1005,0.754,1
0.1,uniform_heavy,0.8,4,0.5,smart,0.3,2,4000,5.0,4.0533,0.9467,18.935,1835,1362,473,2165,0.1003,0.7422,1
0.1,uniform_heavy,0.8,4,0.5,smart,0.3,3,4000,5.0,4.0586,0.9414,18.827,1824,1347,477,2176,0.1042,0.7385,1
0.1,uniform_heavy,0.8,4,0.5,smart,0.3,4,4000,5.0,4.0165,0.9835,19.671,1855,1412,443,2145,0.0985,0.7612,1
0.1,uniform_heavy,0.8,4,0.5,smart,0.3,5,4000,5.0,4.0446,0.9554,19.109,1816,1368,448,2184,0.0978,0.7533,1
0.1,uniform_heavy,0.8,4,0.5,smart,0.3,6,4000,5.0,4.0962,0.9038,18.075,1811,1314,497,2189,0.0848,0.7256,1
0.1,uniform_heavy,0.8,4,1.0,smart,0.3,0,4000,5.0,4.1454,0.8546,17.092,1794,1321,473,2206,0.095,0.7363,1
0.1,uniform_heavy,0.8,4,1.0,smart,0.3,1,4000,5.0,4.1473,0.8527,17.055,1799,1308,491,2201,0.104,0.7271,1
0.1,uniform_heavy,0.8,4,1.0,smart,0.3,2,4000,5.0,4.1603,0.8397,16.794,1803,1306,497,2197,0.0932,0.7243,1
0.1,uniform_heavy,0.8,4,1.0,smart,0.3,3,4000,5.0,4.1156,0.8844,17.688,1821,1344,477,2179,0.101,0.7381,1
0.1,uniform_heavy,0.8,4,1.0,smart,0.3,4,4000,5.0,4.1111,0.8889,17.779,1782,1343,439,2218,0.098,0.7536,1
0.1,uniform_heavy,0.8,4,1.0,smart,0.3,5,4000,5.0,4.1211,0.8789,17.579,1787,1331,456,2213,0.0955,0.7448,1
0.1,uniform_heavy,0.8,4,1.0,smart,0.3,6,4000,5.0,4.0775,0.9225,18.451,1838,1386,452,2162,0.1013,0.7541,1
0.1,uniform_heavy,0.8,4,2.0,smart,0.3,0,4000,5.0,4.2496,0.7504,15.008,1785,1321,464,2215,0.1022,0.7401,1
0.1,uniform_heavy,0.8,4,2.0,smart,0.3,1,4000,5.0,4.2472,0.7528,15.057,1805,1333,472,2195,0.102,0.7385,1
0.1,uniform_heavy,0.8,4,2.0,smart,0.3,2,4000,5.0,4.2503,0.7497,14.994,1812,1333,479,2188,0.098,0.7357,1
0.1,uniform_heavy,0.8,4,2.0,smart,0.3,3,4000,5.0,4.2037,0.7963,15.926,1791,1360,431,2209,0.108,0.7594,1
0.1,uniform_heavy,0.8,4,2.0,smart,0.3,4,4000,5.0,4.2599,0.7401,14.802,1770,1311,459,2230,0.0983,0.7407,1
0.1,uniform_heavy,0.8,4,2.0,smart,0.3,5,4000,5.0,4.2351,0.7649,15.298,1813,1356,457,2187,0.0993,0.7479,1
0.1,uniform_heavy,0.8,4,2.0,smart,0.3,6,4000,5.0,4.2521,0.7479,14.958,1763,1315,448,2237,0.09,0.7459,1
0.1,uniform_heavy,0.8,8,0.5,smart,0.3,0,4000,9.0,7.0643,1.9357,21.508,1815,1345,470,2185,0.096,0.741,1
0.1,uniform_heavy,0.8,8,0.5,smart,0.3,1,4000,9.0,7.089,1.911,21.233,1781,1330,451,2219,0.106,0.7468,1
0.1,uniform_heavy,0.8,8,0.5,smart,0.3,2,4000,9.0,6.9452,2.0548,22.831,1880,1417,463,2120,0.104,0.7537,1
0.1,uniform_heavy,0.8,8,0.5,smart,0.3,3,4000,9.0,7.0396,1.9604,21.782,1806,1354,452,2194,0.1047,0.7497,1
0.1,uniform_heavy,0.8,8,0.5,smart,0.3,4,4000,9.0,7.0922,1.9078,21.197,1832,1334,498,2168,0.0993,0.7282,1
0.1,uniform_heavy,0.8,8,0.5,smart,0.3,5,4000,9.0,7.0593,1.9407,21.563,1821,1347,474,2179,0.0965,0.7397,1
0.1,uniform_heavy,0.8,8,0.5,smart,0.3,6,4000,9.0,7.0669,1.9331,21.479,1823,1346,477,2177,0.0953,0.7383,1
0.1,uniform_heavy,0.8,8,1.0,smart,0.3,0,4000,9.0,7.1087,1.8913,21.015,1766,1334,432,2234,0.1013,0.7554,1
0.1,uniform_heavy,0.8,8,1.0,smart,0.3,1,4000,9.0,7.154,1.846,20.511,1837,1337,500,2163,0.1003,0.7278,1
0.1,uniform_heavy,0.8,8,1.0,smart,0.3,2,4000,9.0,7.1343,1.8657,20.73,1800,1333,467,2200,0.0955,0.7406,1
0.1,uniform_heavy,0.8,8,1.0,smart,0.3,3,4000,9.0,7.0867,1.9133,21.259,1807,1362,445,2193,0.0975,0.7537,1
0.1,uniform_heavy,0.8,8,1.0,smart,0.3,4,4000,9.0,7.1754,1.8246,20.273,1776,1305,471,2224,0.0995,0.7348,1
0.1,uniform_heavy,0.8,8,1.0,smart,0.3,5,4000,9.0,7.1586,1.8414,20.46,1782,1313,469,2218,0.101,0.7368,1
0.1,uniform_heavy,0.8,8,1.0,smart,0.3,6,4000,9.0,7.1975,1.8025,20.028,1799,1300,499,2201,0.0955,0.7226,1
0.1,uniform_heavy,0.8,8,2.0,smart,0.3,0,4000,9.0,7.2592,1.7408,19.342,1832,1337,495,2168,0.1042,0.7298,1
0.1,uniform_heavy,0.8,8,2.0,smart,0.3,1,4000,9.0,7.1887,1.8113,20.125,1842,1379,463,2158,0.1082,0.7486,1
0.1,uniform_heavy,0.8,8,2.0,smart,0.3,2,4000,9.0,7.1993,1.8007,20.007,1817,1365,452,2183,0.093,0.7512,1
0.1,uniform_heavy,0.8,8,2.0,smart,0.3,3,4000,9.0,7.3557,1.6443,18.27,1800,1283,517,2200,0.0907,0.7128,1
0.1,uniform_heavy,0.8,8,2.0,smart,0.3,4,4000,9.0,7.2101,1.7899,19.888,1831,1362,469,2169,0.0963,0.7439,1
0.1,uniform_heavy,0.8,8,2.0,smart,0.3,5,4000,9.0,7.1749,1.8251,20.278,1794,1366,428,2206,0.1047,0.7614,1
0.1,uniform_heavy,0.8,8,2.0,smart,0.3,6,4000,9.0,7.2674,1.7326,19.251,1838,1338,500,2162,0.0983,0.728,1
0.1,uniform_heavy,0.9,0.25,0.5,smart,0.3,0,4000,1.25,1.2097,0.0403,3.227,1700,1473,227,2300,0.103,0.8665,1
0.1,uniform_heavy,0.9,0.25,0.5,smart,0.3,1,4000,1.25,1.2057,0.0443,3.541,1708,1507,201,2292,0.0983,0.8823,1
0.1,uniform_heavy,0.9,0.25,0.5,smart,0.3,2,4000,1.25,1.2124,0.0376,3.007,1720,1476,244,2280,0.0963,0.8581,1
0.1,uniform_heavy,0.9,0.25,0.5,smart,0.3,3,4000,1.25,1.2119,0.0381,3.05,1711,1471,240,2289,0.095,0.8597,1
0.1,uniform_heavy,0.9,0.25,0.5,smart,0.3,4,4000,1.25,1.2104,0.0396,3.171,1750,1508,242,2250,0.096,0.8617,1
0.1,uniform_heavy,0.9,0.25,0.5,smart,0.3,5,4000,1.25,1.2084,0.0416,3.326,1766,1532,234,2234,0.0985,0.8675,1
0.1,uniform_heavy,0.9,0.25,0.5,smart,0.3,6,4000,1.25,1.2061,0.0439,3.509,1783,1563,220,2217,0.1035,0.8766,1
0.1,uniform_heavy,0.9,0.25,1.0,smart,0.3,0,4000,1.25,1.2337,0.0163,1.306,1718,1505,213,2282,0.0985,0.876,1
0.1,uniform_heavy,0.9,0.25,1.0,smart,0.3,1,4000,1.25,1.2402,0.0098,0.785,1736,1496,240,2264,0.0968,0.8618,1
0.1,uniform_heavy,0.9,0.25,1.0,smart,0.3,2,4000,1.25,1.2356,0.0144,1.152,1723,1501,222,2277,0.1005,0.8712,1
0.1,uniform_heavy,0.9,0.25,1.0,smart,0.3,3,4000,1.25,1.2335,0.0165,1.322,1717,1503,214,2283,0.0995,0.8754,1
0.1,uniform_heavy,0.9,0.25,1.0,smart,0.3,4,4000,1.25,1.2401,0.0099,0.793,1699,1466,233,2301,0.1072,0.8629,1
0.1,uniform_heavy,0.9,0.25,1.0,smart,0.3,5,4000,1.25,1.2359,0.0141,1.127,1737,1514,223,2263,0.0985,0.8716,1
0.1,uniform_heavy,0.9,0.25,1.0,smart,0.3,6,4000,1.25,1.2361,0.0139,1.111,1742,1517,225,2258,0.098,0.8708,1
0.1,uniform_heavy,0.9,0.25,2.0,smart,0.3,0,4000,1.25,1.2918,-0.0418,-3.346,1700,1480,220,2300,0.091,0.8706,0
0.1,uniform_heavy,0.9,0.25,2.0,smart,0.3,1,4000,1.25,1.2887,-0.0387,-3.092,1739,1521,218,2261,0.1032,0.8746,0
0.1,uniform_heavy,0.9,0.25,2.0,smart,0.3,2,4000,1.25,1.2929,-0.0429,-3.436,1724,1499,225,2276,0.089,0.8695,0
0.1,uniform_heavy,0.9,0.25,2.0,smart,0.3,3,4000,1.25,1.312,-0.062,-4.962,1765,1502,263,2235,0.1008,0.851,0
0.1,uniform_heavy,0.9,0.25,2.0,smart,0.3,4,4000,1.25,1.298,-0.048,-3.837,1766,1529,237,2234,0.1042,0.8658,0
0.1,uniform_heavy,0.9,0.25,2.0,smart,0.3,5,4000,1.25,1.2907,-0.0407,-3.252,1728,1506,222,2272,0.0993,0.8715,0
0.1,uniform_heavy,0.9,0.25,2.0,smart,0.3,6,4000,1.25,1.2965,-0.0465,-3.722,1733,1501,232,2267,0.101,0.8661,0
0.1,uniform_heavy,0.9,0.5,0.5,smart,0.3,0,4000,1.5,1.3896,0.1104,7.359,1657,1459,198,2343,0.1057,0.8805,1
0.1,uniform_heavy,0.9,0.5,0.5,smart,0.3,1,4000,1.5,1.3844,0.1156,7.704,1775,1547,228,2225,0.1047,0.8715,1
0.1,uniform_heavy,0.9,0.5,0.5,smart,0.3,2,4000,1.5,1.3793,0.1207,8.044,1782,1579,203,2218,0.1062,0.8861,1
0.1,uniform_heavy,0.9,0.5,0.5,smart,0.3,3,4000,1.5,1.3874,0.1126,7.505,1772,1538,234,2228,0.1017,0.8679,1
0.1,uniform_heavy,0.9,0.5,0.5,smart,0.3,4,4000,1.5,1.3936,0.1064,7.092,1741,1492,249,2259,0.0932,0.857,1
0.1,uniform_heavy,0.9,0.5,0.5,smart,0.3,5,4000,1.5,1.3882,0.1118,7.456,1749,1511,238,2251,0.0978,0.8639,1
0.1,uniform_heavy,0.9,0.5,0.5,smart,0.3,6,4000,1.5,1.3927,0.1073,7.154,1694,1468,226,2306,0.0945,0.8666,1
0.1,uniform_heavy,0.9,0.5,1.0,smart,0.3,0,4000,1.5,1.4197,0.0803,5.356,1795,1548,247,2205,0.1003,0.8624,1
0.1,uniform_heavy,0.9,0.5,1.0,smart,0.3,1,4000,1.5,1.4139,0.0861,5.737,1743,1524,219,2257,0.0975,0.8744,1
0.1,uniform_heavy,0.9,0.5,1.0,smart,0.3,2,4000,1.5,1.4256,0.0744,4.957,1786,1520,266,2214,0.1013,0.8511,1
0.1,uniform_heavy,0.9,0.5,1.0,smart,0.3,3,4000,1.5,1.4166,0.0834,5.563,1781,1543,238,2219,0.1022,0.8664,1
0.1,uniform_heavy,0.9,0.5,1.0,smart,0.3,4,4000,1.5,1.4231,0.0769,5.125,1710,1473,237,2290,0.0932,0.8614,1
0.1,uniform_heavy,0.9,0.5,1.0,smart,0.3,5,4000,1.5,1.4131,0.0869,5.792,1774,1545,229,2226,0.1017,0.8709,1
0.1,uniform_heavy,0.9,0.5,1.0,smart,0.3,6,4000,1.5,1.421,0.079,5.264,1774,1527,247,2226,0.1005,0.8608,1
0.1,uniform_heavy,0.9,0.5,2.0,smart,0.3,0,4000,1.5,1.4853,0.0147,0.983,1827,1569,258,2173,0.1003,0.8588,1
0.1,uniform_heavy,0.9,0.5,2.0,smart,0.3,1,4000,1.5,1.4672,0.0328,2.185,1738,1523,215,2262,0.1003,0.8763,1
0.1,uniform_heavy,0.9,0.5,2.0,smart,0.3,2,4000,1.5,1.4542,0.0458,3.053,1721,1529,192,2279,0.104,0.8884,1
0.1,uniform_heavy,0.9,0.5,2.0,smart,0.3,3,4000,1.5,1.491,0.009,0.597,1735,1479,256,2265,0.1052,0.8524,1
0.1,uniform_heavy,0.9,0.5,2.0,smart,0.3,4,4000,1.5,1.4623,0.0377,2.511,1758,1549,209,2242,0.1065,0.8811,1
0.1,uniform_heavy,0.9,0.5,2.0,smart,0.3,5,4000,1.5,1.4804,0.0196,1.306,1747,1505,242,2253,0.0978,0.8615,1
0.1,uniform_heavy,0.9,0.5,2.0,smart,0.3,6,4000,1.5,1.4739,0.0261,1.741,1685,1469,216,2315,0.0902,0.8718,1
0.1,uniform_heavy,0.9,1,0.5,smart,0.3,0,4000,2.0,1.7496,0.2504,12.522,1763,1520,243,2237,0.0932,0.8622,1
0.1,uniform_heavy,0.9,1,0.5,smart,0.3,1,4000,2.0,1.7413,0.2587,12.933,1783,1548,235,2217,0.104,0.8682,1
0.1,uniform_heavy,0.9,1,0.5,smart,0.3,2,4000,2.0,1.7588,0.2412,12.061,1728,1473,255,2272,0.1022,0.8524,1
0.1,uniform_heavy,0.9,1,0.5,smart,0.3,3,4000,2.0,1.7462,0.2538,12.689,1745,1523,222,2255,0.103,0.8728,1
0.1,uniform_heavy,0.9,1,0.5,smart,0.3,4,4000,2.0,1.7488,0.2512,12.558,1773,1528,245,2227,0.0922,0.8618,1
0.1,uniform_heavy,0.9,1,0.5,smart,0.3,5,4000,2.0,1.7431,0.2569,12.844,1751,1531,220,2249,0.0897,0.8744,1
0.1,uniform_heavy,0.9,1,0.5,smart,0.3,6,4000,2.0,1.7496,0.2504,12.522,1748,1517,231,2252,0.099,0.8678,1
0.1,uniform_heavy,0.9,1,1.0,smart,0.3,0,4000,2.0,1.7803,0.2197,10.985,1718,1492,226,2282,0.0953,0.8685,1
0.1,uniform_heavy,0.9,1,1.0,smart,0.3,1,4000,2.0,1.7618,0.2382,11.908,1772,1563,209,2228,0.101,0.8821,1
0.1,uniform_heavy,0.9,1,1.0,smart,0.3,2,4000,2.0,1.7848,0.2152,10.761,1739,1491,248,2261,0.1015,0.8574,1
0.1,uniform_heavy,0.9,1,1.0,smart,0.3,3,4000,2.0,1.7708,0.2292,11.461,1709,1509,200,2291,0.1,0.883,1
0.1,uniform_heavy,0.9,1,1.0,smart,0.3,4,4000,2.0,1.7841,0.2159,10.795,1769,1509,260,2231,0.1035,0.853,1
0.1,uniform_heavy,0.9,1,1.0,smart,0.3,5,4000,2.0,1.7862,0.2138,10.692,1704,1471,233,2296,0.099,0.8633,1
0.1,uniform_heavy,0.9,1,1.0,smart,0.3,6,4000,2.0,1.7758,0.2242,11.211,1708,1495,213,2292,0.0935,0.8753,1
0.1,uniform_heavy,0.9,1,2.0,smart,0.3,0,4000,2.0,1.8281,0.1719,8.596,1726,1507,219,2274,0.103,0.8731,1
0.1,uniform_heavy,0.9,1,2.0,smart,0.3,1,4000,2.0,1.8276,0.1724,8.62,1720,1507,213,2280,0.0948,0.8762,1
0.1,uniform_heavy,0.9,1,2.0,smart,0.3,2,4000,2.0,1.8311,0.1689,8.447,1699,1484,215,2301,0.1037,0.8735,1
0.1,uniform_heavy,0.9,1,2.0,smart,0.3,3,4000,2.0,1.8335,0.1665,8.324,1759,1529,230,2241,0.103,0.8692,1
0.1,uniform_heavy,0.9,1,2.0,smart,0.3,4,4000,2.0,1.8404,0.1596,7.981,1777,1532,245,2223,0.1,0.8621,1
0.1,uniform_heavy,0.9,1,2.0,smart,0.3,5,4000,2.0,1.8304,0.1696,8.479,1789,1550,239,2211,0.1172,0.8664,1
0.1,uniform_heavy,0.9,1,2.0,smart,0.3,6,4000,2.0,1.8314,0.1686,8.431,1764,1534,230,2236,0.0978,0.8696,1
0.1,uniform_heavy,0.9,2,0.5,smart,0.3,0,4000,3.0,2.4632,0.5368,17.895,1756,1523,233,2244,0.0948,0.8673,1
0.1,uniform_heavy,0.9,2,0.5,smart,0.3,1,4000,3.0,2.4543,0.5457,18.192,1787,1543,244,2213,0.1027,0.8635,1
0.1,uniform_heavy,0.9,2,0.5,smart,0.3,2,4000,3.0,2.4744,0.5256,17.521,1701,1501,200,2299,0.092,0.8824,1
0.1,uniform_heavy,0.9,2,0.5,smart,0.3,3,4000,3.0,2.485,0.515,17.167,1695,1465,230,2305,0.104,0.8643,1
0.1,uniform_heavy,0.9,2,0.5,smart,0.3,4,4000,3.0,2.4601,0.5399,17.997,1771,1527,244,2229,0.097,0.8622,1
0.1,uniform_heavy,0.9,2,0.5,smart,0.3,5,4000,3.0,2.4577,0.5423,18.078,1782,1544,238,2218,0.0998,0.8664,1
0.1,uniform_heavy,0.9,2,0.5,smart,0.3,6,4000,3.0,2.464,0.536,17.868,1764,1530,234,2236,0.0998,0.8673,1
0.1,uniform_heavy,0.9,2,1.0,smart,0.3,0,4000,3.0,2.5124,0.4876,16.253,1720,1477,243,2280,0.0965,0.8587,1
0.1,uniform_heavy,0.9,2,1.0,smart,0.3,1,4000,3.0,2.5088,0.4912,16.375,1742,1498,244,2258,0.1027,0.8599,1
0.1,uniform_heavy,0.9,2,1.0,smart,0.3,2,4000,3.0,2.51,0.49,16.332,1736,1487,249,2264,0.0943,0.8566,1
0.1,uniform_heavy,0.9,2,1.0,smart,0.3,3,4000,3.0,2.506,0.494,16.468,1697,1480,217,2303,0.0998,0.8721,1
0.1,uniform_heavy,0.9,2,1.0,smart,0.3,4,4000,3.0,2.5079,0.4921,16.403,1742,1500,242,2258,0.1035,0.8611,1
0.1,uniform_heavy,0.9,2,1.0,smart,0.3,5,4000,3.0,2.4942,0.5058,16.86,1759,1522,237,2241,0.1042,0.8653,1
0.1,uniform_heavy,0.9,2,1.0,smart,0.3,6,4000,3.0,2.4977,0.5023,16.744,1733,1508,225,2267,0.1042,0.8702,1
0.1,uniform_heavy,0.9,2,2.0,smart,0.3,0,4000,3.0,2.5394,0.4606,15.352,1746,1528,218,2254,0.11,0.8751,1
0.1,uniform_heavy,0.9,2,2.0,smart,0.3,1,4000,3.0,2.5531,0.4469,14.896,1752,1518,234,2248,0.0993,0.8664,1
0.1,uniform_heavy,0.9,2,2.0,smart,0.3,2,4000,3.0,2.526,0.474,15.799,1771,1562,209,2229,0.1108,0.882,1
0.1,uniform_heavy,0.9,2,2.0,smart,0.3,3,4000,3.0,2.5604,0.4396,14.652,1744,1504,240,2256,0.1022,0.8624,1
0.1,uniform_heavy,0.9,2,2.0,smart,0.3,4,4000,3.0,2.5825,0.4175,13.916,1667,1439,228,2333,0.1017,0.8632,1
0.1,uniform_heavy,0.9,2,2.0,smart,0.3,5,4000,3.0,2.5497,0.4503,15.01,1781,1536,245,2219,0.0978,0.8624,1
0.1,uniform_heavy,0.9,2,2.0,smart,0.3,6,4000,3.0,2.542,0.458,15.266,1783,1556,227,2217,0.1015,0.8727,1
0.1,uniform_heavy,0.9,4,0.5,smart,0.3,0,4000,5.0,3.8913,1.1087,22.174,1808,1547,261,2192,0.1008,0.8556,1
0.1,uniform_heavy,0.9,4,0.5,smart,0.3,1,4000,5.0,3.9029,1.0971,21.942,1739,1509,230,2261,0.1085,0.8677,1
0.1,uniform_heavy,0.9,4,0.5,smart,0.3,2,4000,5.0,3.8476,1.1524,23.048,1803,1579,224,2197,0.1108,0.8758,1
0.1,uniform_heavy,0.9,4,0.5,smart,0.3,3,4000,5.0,3.8832,1.1168,22.336,1763,1540,223,2237,0.1022,0.8735,1
0.1,uniform_heavy,0.9,4,0.5,smart,0.3,4,4000,5.0,3.9131,1.0869,21.739,1762,1515,247,2238,0.1027,0.8598,1
0.1,uniform_heavy,0.9,4,0.5,smart,0.3,5,4000,5.0,3.8892,1.1108,22.217,1760,1540,220,2240,0.1042,0.875,1
0.1,uniform_heavy,0.9,4,0.5,smart,0.3,6,4000,5.0,3.9379,1.0621,21.242,1731,1476,255,2269,0.0965,0.8527,1
0.1,uniform_heavy,0.9,4,1.0,smart,0.3,0,4000,5.0,3.9519,1.0481,20.962,1742,1498,244,2258,0.1008,0.8599,1
0.1,uniform_heavy,0.9,4,1.0,smart,0.3,1,4000,5.0,3.9537,1.0463,20.927,1715,1488,227,2285,0.101,0.8676,1
0.1,uniform_heavy,0.9,4,1.0,smart,0.3,2,4000,5.0,3.9418,1.0582,21.164,1744,1505,239,2256,0.0897,0.863,1
0.1,uniform_heavy,0.9,4,1.0,smart,0.3,3,4000,5.0,3.9418,1.0582,21.163,1732,1498,234,2268,0.0993,0.8649,1
0.1,uniform_heavy,0.9,4,1.0,smart,0.3,4,4000,5.0,3.9335,1.0665,21.33,1768,1523,245,2232,0.0998,0.8614,1
0.1,uniform_heavy,0.9,4,1.0,smart,0.3,5,4000,5.0,3.9324,1.0676,21.352,1745,1524,221,2255,0.1027,0.8734,1
0.1,uniform_heavy,0.9,4,1.0,smart,0.3,6,4000,5.0,3.9242,1.0758,21.517,1751,1536,215,2249,0.1077,0.8772,1
0.1,uniform_heavy,0.9,4,2.0,smart,0.3,0,4000,5.0,4.016,0.984,19.681,1707,1486,221,2293,0.092,0.8705,1
0.1,uniform_heavy,0.9,4,2.0,smart,0.3,1,4000,5.0,4.0199,0.9801,19.603,1730,1484,246,2270,0.0958,0.8578,1
0.1,uniform_heavy,0.9,4,2.0,smart,0.3,2,4000,5.0,3.9285,1.0715,21.43,1778,1577,201,2222,0.1025,0.887,1
0.1,uniform_heavy,0.9,4,2.0,smart,0.3,3,4000,5.0,4.0256,0.9744,19.488,1719,1482,237,2281,0.098,0.8621,1
0.1,uniform_heavy,0.9,4,2.0,smart,0.3,4,4000,5.0,4.0168,0.9832,19.663,1725,1485,240,2275,0.0975,0.8609,1
0.1,uniform_heavy,0.9,4,2.0,smart,0.3,5,4000,5.0,4.0124,0.9876,19.753,1739,1501,238,2261,0.0968,0.8631,1
0.1,uniform_heavy,0.9,4,2.0,smart,0.3,6,4000,5.0,3.9892,1.0108,20.216,1748,1515,233,2252,0.0965,0.8667,1
0.1,uniform_heavy,0.9,8,0.5,smart,0.3,0,4000,9.0,6.7065,2.2935,25.483,1796,1558,238,2204,0.0935,0.8675,1
0.1,uniform_heavy,0.9,8,0.5,smart,0.3,1,4000,9.0,6.7072,2.2928,25.476,1788,1571,217,2212,0.0963,0.8786,1
0.1,uniform_heavy,0.9,8,0.5,smart,0.3,2,4000,9.0,6.7026,2.2974,25.526,1778,1550,228,2222,0.1067,0.8718,1
0.1,uniform_heavy,0.9,8,0.5,smart,0.3,3,4000,9.0,6.8059,2.1941,24.378,1741,1507,234,2259,0.1013,0.8656,1
0.1,uniform_heavy,0.9,8,0.5,smart,0.3,4,4000,9.0,6.7994,2.2006,24.452,1734,1503,231,2266,0.104,0.8668,1
0.1,uniform_heavy,0.9,8,0.5,smart,0.3,5,4000,9.0,6.7523,2.2477,24.974,1784,1533,251,2216,0.1047,0.8593,1
0.1,uniform_heavy,0.9,8,0.5,smart,0.3,6,4000,9.0,6.7858,2.2142,24.602,1746,1512,234,2254,0.0995,0.866,1
0.1,uniform_heavy,0.9,8,1.0,smart,0.3,0,4000,9.0,6.8462,2.1538,23.931,1724,1490,234,2276,0.093,0.8643,1
0.1,uniform_heavy,0.9,8,1.0,smart,0.3,1,4000,9.0,6.8013,2.1987,24.43,1776,1533,243,2224,0.1032,0.8632,1
0.1,uniform_heavy,0.9,8,1.0,smart,0.3,2,4000,9.0,6.8328,2.1672,24.08,1739,1499,240,2261,0.1017,0.862,1
0.1,uniform_heavy,0.9,8,1.0,smart,0.3,3,4000,9.0,6.8784,2.1216,23.573,1687,1462,225,2313,0.1013,0.8666,1
0.1,uniform_heavy,0.9,8,1.0,smart,0.3,4,4000,9.0,6.8194,2.1806,24.228,1753,1515,238,2247,0.1045,0.8642,1
0.1,uniform_heavy,0.9,8,1.0,smart,0.3,5,4000,9.0,6.8533,2.1467,23.853,1709,1493,216,2291,0.092,0.8736,1
0.1,uniform_heavy,0.9,8,1.0,smart,0.3,6,4000,9.0,6.8189,2.1811,24.234,1733,1504,229,2267,0.1005,0.8679,1
0.1,uniform_heavy,0.9,8,2.0,smart,0.3,0,4000,9.0,6.8553,2.1447,23.83,1730,1514,216,2270,0.0927,0.8751,1
0.1,uniform_heavy,0.9,8,2.0,smart,0.3,1,4000,9.0,6.9473,2.0527,22.808,1711,1470,241,2289,0.0978,0.8591,1
0.1,uniform_heavy,0.9,8,2.0,smart,0.3,2,4000,9.0,6.8563,2.1437,23.818,1722,1510,212,2278,0.1047,0.8769,1
0.1,uniform_heavy,0.9,8,2.0,smart,0.3,3,4000,9.0,6.8004,2.1996,24.44,1758,1544,214,2242,0.1017,0.8783,1
0.1,uniform_heavy,0.9,8,2.0,smart,0.3,4,4000,9.0,6.8204,2.1796,24.218,1782,1556,226,2218,0.1013,0.8732,1
0.1,uniform_heavy,0.9,8,2.0,smart,0.3,5,4000,9.0,6.8488,2.1512,23.903,1717,1516,201,2283,0.099,0.8829,1
0.1,uniform_heavy,0.9,8,2.0,smart,0.3,6,4000,9.0,6.8341,2.1659,24.066,1779,1541,238,2221,0.0993,0.8662,1
0.1,uniform_heavy,0.95,0.25,0.5,smart,0.3,0,4000,1.25,1.1894,0.0606,4.849,1731,1619,112,2269,0.1013,0.9353,1
0.1,uniform_heavy,0.95,0.25,0.5,smart,0.3,1,4000,1.25,1.193,0.057,4.564,1736,1600,136,2264,0.1052,0.9217,1
0.1,uniform_heavy,0.95,0.25,0.5,smart,0.3,2,4000,1.25,1.1872,0.0628,5.022,1739,1637,102,2261,0.1145,0.9413,1
0.1,uniform_heavy,0.95,0.25,0.5,smart,0.3,3,4000,1.25,1.1899,0.0601,4.806,1715,1601,114,2285,0.0958,0.9335,1
0.1,uniform_heavy,0.95,0.25,0.5,smart,0.3,4,4000,1.25,1.1907,0.0593,4.745,1716,1599,117,2284,0.1003,0.9318,1
0.1,uniform_heavy,0.95,0.25,0.5,smart,0.3,5,4000,1.25,1.1938,0.0562,4.499,1715,1582,133,2285,0.0978,0.9224,1
0.1,uniform_heavy,0.95,0.25,0.5,smart,0.3,6,4000,1.25,1.1897,0.0603,4.825,1701,1595,106,2299,0.1008,0.9377,1
0.1,uniform_heavy,0.95,0.25,1.0,smart,0.3,0,4000,1.25,1.2076,0.0424,3.39,1704,1579,125,2296,0.0973,0.9266,1
0.1,uniform_heavy,0.95,0.25,1.0,smart,0.3,1,4000,1.25,1.2013,0.0487,3.899,1707,1605,102,2293,0.0973,0.9402,1
0.1,uniform_heavy,0.95,0.25,1.0,smart,0.3,2,4000,1.25,1.1993,0.0507,4.056,1673,1583,90,2327,0.1025,0.9462,1
0.1,uniform_heavy,0.95,0.25,1.0,smart,0.3,3,4000,1.25,1.2,0.05,4.0,1731,1629,102,2269,0.101,0.9411,1
0.1,uniform_heavy,0.95,0.25,1.0,smart,0.3,4,4000,1.25,1.2073,0.0427,3.419,1700,1577,123,2300,0.0925,0.9276,1
0.1,uniform_heavy,0.95,0.25,1.0,smart,0.3,5,4000,1.25,1.2027,0.0473,3.786,1713,1606,107,2287,0.0958,0.9375,1
0.1,uniform_heavy,0.95,0.25,1.0,smart,0.3,6,4000,1.25,1.2047,0.0453,3.622,1717,1602,115,2283,0.099,0.933,1
0.1,uniform_heavy,0.95,0.25,2.0,smart,0.3,0,4000,1.25,1.2372,0.0128,1.025,1670,1552,118,2330,0.0985,0.9293,1
0.1,uniform_heavy,0.95,0.25,2.0,smart,0.3,1,4000,1.25,1.2231,0.0269,2.152,1729,1631,98,2271,0.1027,0.9433,1
0.1,uniform_heavy,0.95,0.25,2.0,smart,0.3,2,4000,1.25,1.2403,0.0097,0.774,1738,1608,130,2262,0.0965,0.9252,1
0.1,uniform_heavy,0.95,0.25,2.0,smart,0.3,3,4000,1.25,1.2363,0.0137,1.094,1721,1601,120,2279,0.1035,0.9303,1
0.1,uniform_heavy,0.95,0.25,2.0,smart,0.3,4,4000,1.25,1.2369,0.0131,1.044,1710,1589,121,2290,0.094,0.9292,1
0.1,uniform_heavy,0.95,0.25,2.0,smart,0.3,5,4000,1.25,1.2319,0.0181,1.449,1725,1612,113,2275,0.0973,0.9345,1
0.1,uniform_heavy,0.95,0.25,2.0,smart,0.3,6,4000,1.25,1.2305,0.0195,1.561,1693,1585,108,2307,0.1035,0.9362,1
0.1,uniform_heavy,0.95,0.5,0.5,smart,0.3,0,4000,1.5,1.367,0.133,8.867,1714,1598,116,2286,0.0965,0.9323,1
0.1,uniform_heavy,0.95,0.5,0.5,smart,0.3,1,4000,1.5,1.3594,0.1406,9.373,1740,1642,98,2260,0.1025,0.9437,1
0.1,uniform_heavy,0.95,0.5,0.5,smart,0.3,2,4000,1.5,1.3646,0.1354,9.026,1712,1603,109,2288,0.1008,0.9363,1
0.1,uniform_heavy,0.95,0.5,0.5,smart,0.3,3,4000,1.5,1.3741,0.1259,8.391,1627,1511,116,2373,0.0975,0.9287,1
0.1,uniform_heavy,0.95,0.5,0.5,smart,0.3,4,4000,1.5,1.3699,0.1301,8.676,1702,1580,122,2298,0.1008,0.9283,1
0.1,uniform_heavy,0.95,0.5,0.5,smart,0.3,5,4000,1.5,1.3677,0.1323,8.82,1665,1568,97,2335,0.0922,0.9417,1
0.1,uniform_heavy,0.95,0.5,0.5,smart,0.3,6,4000,1.5,1.371,0.129,8.601,1694,1565,129,2306,0.1003,0.9238,1
0.1,uniform_heavy,0.95,0.5,1.0,smart,0.3,0,4000,1.5,1.3717,0.1283,8.556,1789,1677,112,2211,0.1042,0.9374,1
0.1,uniform_heavy,0.95,0.5,1.0,smart,0.3,1,4000,1.5,1.3866,0.1134,7.558,1761,1615,146,2239,0.1022,0.9171,1
0.1,uniform_heavy,0.95,0.5,1.0,smart,0.3,2,4000,1.5,1.3818,0.1182,7.883,1713,1596,117,2287,0.108,0.9317,1
0.1,uniform_heavy,0.95,0.5,1.0,smart,0.3,3,4000,1.5,1.3848,0.1152,7.68,1681,1563,118,2319,0.1013,0.9298,1
0.1,uniform_heavy,0.95,0.5,1.0,smart,0.3,4,4000,1.5,1.3862,0.1138,7.587,1685,1560,125,2315,0.0988,0.9258,1
0.1,uniform_heavy,0.95,0.5,1.0,smart,0.3,5,4000,1.5,1.3832,0.1168,7.785,1702,1583,119,2298,0.0993,0.9301,1
0.1,uniform_heavy,0.95,0.5,1.0,smart,0.3,6,4000,1.5,1.3844,0.1156,7.707,1683,1565,118,2317,0.0945,0.9299,1
0.1,uniform_heavy,0.95,0.5,2.0,smart,0.3,0,4000,1.5,1.408,0.092,6.135,1735,1619,116,2265,0.0973,0.9331,1
0.1,uniform_heavy,0.95,0.5,2.0,smart,0.3,1,4000,1.5,1.4125,0.0875,5.831,1750,1625,125,2250,0.104,0.9286,1
0.1,uniform_heavy,0.95,0.5,2.0,smart,0.3,2,4000,1.5,1.4102,0.0898,5.987,1716,1599,117,2284,0.1022,0.9318,1
0.1,uniform_heavy,0.95,0.5,2.0,smart,0.3,3,4000,1.5,1.4081,0.0919,6.13,1685,1576,109,2315,0.1025,0.9353,1
0.1,uniform_heavy,0.95,0.5,2.0,smart,0.3,4,4000,1.5,1.4077,0.0923,6.151,1699,1589,110,2301,0.1017,0.9353,1
0.1,uniform_heavy,0.95,0.5,2.0,smart,0.3,5,4000,1.5,1.4034,0.0966,6.442,1797,1679,118,2203,0.1072,0.9343,1
0.1,uniform_heavy,0.95,0.5,2.0,smart,0.3,6,4000,1.5,1.4088,0.0912,6.079,1717,1601,116,2283,0.0955,0.9324,1
0.1,uniform_heavy,0.95,1,0.5,smart,0.3,0,4000,2.0,1.7143,0.2857,14.283,1708,1602,106,2292,0.0965,0.9379,1
0.1,uniform_heavy,0.95,1,0.5,smart,0.3,1,4000,2.0,1.7238,0.2762,13.811,1728,1585,143,2272,0.0948,0.9172,1
0.1,uniform_heavy,0.95,1,0.5,smart,0.3,2,4000,2.0,1.7112,0.2888,14.442,1751,1629,122,2249,0.0993,0.9303,1
0.1,uniform_heavy,0.95,1,0.5,smart,0.3,3,4000,2.0,1.718,0.282,14.102,1725,1608,117,2275,0.0953,0.9322,1
0.1,uniform_heavy,0.95,1,0.5,smart,0.3,4,4000,2.0,1.7213,0.2787,13.936,1692,1576,116,2308,0.0995,0.9314,1
0.1,uniform_heavy,0.95,1,0.5,smart,0.3,5,4000,2.0,1.7262,0.2738,13.691,1714,1581,133,2286,0.0948,0.9224,1
0.1,uniform_heavy,0.95,1,0.5,smart,0.3,6,4000,2.0,1.7149,0.2851,14.256,1711,1609,102,2289,0.0988,0.9404,1
0.1,uniform_heavy,0.95,1,1.0,smart,0.3,0,4000,2.0,1.7333,0.2667,13.334,1723,1603,120,2277,0.1067,0.9304,1
0.1,uniform_heavy,0.95,1,1.0,smart,0.3,1,4000,2.0,1.7334,0.2666,13.332,1734,1609,125,2266,0.1077,0.9279,1
0.1,uniform_heavy,0.95,1,1.0,smart,0.3,2,4000,2.0,1.7398,0.2602,13.01,1712,1585,127,2288,0.098,0.9258,1
0.1,uniform_heavy,0.95,1,1.0,smart,0.3,3,4000,2.0,1.7326,0.2674,13.369,1729,1612,117,2271,0.0973,0.9323,1
0.1,uniform_heavy,0.95,1,1.0,smart,0.3,4,4000,2.0,1.7259,0.2741,13.704,1722,1623,99,2278,0.0998,0.9425,1
0.1,uniform_heavy,0.95,1,1.0,smart,0.3,5,4000,2.0,1.7309,0.2691,13.455,1710,1601,109,2290,0.104,0.9363,1
0.1,uniform_heavy,0.95,1,1.0,smart,0.3,6,4000,2.0,1.7146,0.2854,14.27,1817,1698,119,2183,0.1057,0.9345,1
0.1,uniform_heavy,0.95,1,2.0,smart,0.3,0,4000,2.0,1.7719,0.2281,11.404,1665,1548,117,2335,0.0945,0.9297,1
0.1,uniform_heavy,0.95,1,2.0,smart,0.3,1,4000,2.0,1.7586,0.2414,12.071,1759,1636,123,2241,0.105,0.9301,1
0.1,uniform_heavy,0.95,1,2.0,smart,0.3,2,4000,2.0,1.7695,0.2305,11.527,1746,1610,136,2254,0.097,0.9221,1
0.1,uniform_heavy,0.95,1,2.0,smart,0.3,3,4000,2.0,1.7636,0.2364,11.821,1733,1610,123,2267,0.1017,0.929,1
0.1,uniform_heavy,0.95,1,2.0,smart,0.3,4,4000,2.0,1.749,0.251,12.549,1787,1672,115,2213,0.1077,0.9356,1
0.1,uniform_heavy,0.95,1,2.0,smart,0.3,5,4000,2.0,1.7617,0.2383,11.917,1709,1597,112,2291,0.0963,0.9345,1
0.1,uniform_heavy,0.95,1,2.0,smart,0.3,6,4000,2.0,1.7657,0.2343,11.714,1779,1640,139,2221,0.1115,0.9219,1
0.1,uniform_heavy,0.95,2,0.5,smart,0.3,0,4000,3.0,2.409,0.591,19.699,1763,1645,118,2237,0.0978,0.9331,1
0.1,uniform_heavy,0.95,2,0.5,smart,0.3,1,4000,3.0,2.4136,0.5864,19.545,1728,1621,107,2272,0.0963,0.9381,1
0.1,uniform_heavy,0.95,2,0.5,smart,0.3,2,4000,3.0,2.4231,0.5769,19.231,1741,1610,131,2259,0.1003,0.9248,1
0.1,uniform_heavy,0.95,2,0.5,smart,0.3,3,4000,3.0,2.4376,0.5624,18.746,1695,1555,140,2305,0.1035,0.9174,1
0.1,uniform_heavy,0.95,2,0.5,smart,0.3,4,4000,3.0,2.4134,0.5866,19.555,1732,1617,115,2268,0.0968,0.9336,1
0.1,uniform_heavy,0.95,2,0.5,smart,0.3,5,4000,3.0,2.4198,0.5802,19.339,1725,1603,122,2275,0.0985,0.9293,1
0.1,uniform_heavy,0.95,2,0.5,smart,0.3,6,4000,3.0,2.4269,0.5731,19.104,1705,1589,116,2295,0.1022,0.932,1
0.1,uniform_heavy,0.95,2,1.0,smart,0.3,0,4000,3.0,2.419,0.581,19.367,1737,1636,101,2263,0.106,0.9419,1
0.1,uniform_heavy,0.95,2,1.0,smart,0.3,1,4000,3.0,2.4272,0.5728,19.093,1724,1620,104,2276,0.105,0.9397,1
0.1,uniform_heavy,0.95,2,1.0,smart,0.3,2,4000,3.0,2.4654,0.5346,17.82,1646,1535,111,2354,0.0943,0.9326,1
0.1,uniform_heavy,0.95,2,1.0,smart,0.3,3,4000,3.0,2.4317,0.5683,18.943,1726,1615,111,2274,0.0968,0.9357,1
0.1,uniform_heavy,0.95,2,1.0,smart,0.3,4,4000,3.0,2.4167,0.5833,19.442,1756,1648,108,2244,0.1075,0.9385,1
0.1,uniform_heavy,0.95,2,1.0,smart,0.3,5,4000,3.0,2.4313,0.5687,18.958,1733,1615,118,2267,0.1055,0.9319,1
0.1,uniform_heavy,0.95,2,1.0,smart,0.3,6,4000,3.0,2.4269,0.5731,19.105,1752,1625,127,2248,0.0998,0.9275,1
0.1,uniform_heavy,0.95,2,2.0,smart,0.3,0,4000,3.0,2.4686,0.5314,17.714,1730,1606,124,2270,0.0953,0.9283,1
0.1,uniform_heavy,0.95,2,2.0,smart,0.3,1,4000,3.0,2.4655,0.5345,17.817,1732,1609,123,2268,0.1055,0.929,1
0.1,uniform_heavy,0.95,2,2.0,smart,0.3,2,4000,3.0,2.474,0.526,17.533,1692,1579,113,2308,0.0998,0.9332,1
0.1,uniform_heavy,0.95,2,2.0,smart,0.3,3,4000,3.0,2.4522,0.5478,18.259,1760,1643,117,2240,0.0897,0.9335,1
0.1,uniform_heavy,0.95,2,2.0,smart,0.3,4,4000,3.0,2.4672,0.5328,17.759,1685,1579,106,2315,0.0955,0.9371,1
0.1,uniform_heavy,0.95,2,2.0,smart,0.3,5,4000,3.0,2.4748,0.5252,17.508,1734,1604,130,2266,0.095,0.925,1
0.1,uniform_heavy,0.95,2,2.0,smart,0.3,6,4000,3.0,2.471,0.529,17.632,1719,1598,121,2281,0.099,0.9296,1
0.1,uniform_heavy,0.95,4,0.5,smart,0.3,0,4000,5.0,3.8453,1.1547,23.095,1679,1571,108,2321,0.1008,0.9357,1
0.1,uniform_heavy,0.95,4,0.5,smart,0.3,1,4000,5.0,3.805,1.195,23.901,1735,1628,107,2265,0.0958,0.9383,1
0.1,uniform_heavy,0.95,4,0.5,smart,0.3,2,4000,5.0,3.8335,1.1665,23.33,1730,1609,121,2270,0.0963,0.9301,1
0.1,uniform_heavy,0.95,4,0.5,smart,0.3,3,4000,5.0,3.7952,1.2048,24.096,1756,1647,109,2244,0.1015,0.9379,1
0.1,uniform_heavy,0.95,4,0.5,smart,0.3,4,4000,5.0,3.8648,1.1352,22.704,1715,1564,151,2285,0.1008,0.912,1
0.1,uniform_heavy,0.95,4,0.5,smart,0.3,5,4000,5.0,3.8507,1.1493,22.986,1672,1570,102,2328,0.098,0.939,1
0.1,uniform_heavy,0.95,4,0.5,smart,0.3,6,4000,5.0,3.8323,1.1677,23.353,1707,1593,114,2293,0.097,0.9332,1
0.1,uniform_heavy,0.95,4,1.0,smart,0.3,0,4000,5.0,3.8763,1.1237,22.475,1664,1556,108,2336,0.0963,0.9351,1
0.1,uniform_heavy,0.95,4,1.0,smart,0.3,1,4000,5.0,3.8338,1.1662,23.324,1731,1615,116,2269,0.0985,0.933,1
0.1,uniform_heavy,0.95,4,1.0,smart,0.3,2,4000,5.0,3.8553,1.1447,22.893,1676,1581,95,2324,0.0983,0.9433,1
0.1,uniform_heavy,0.95,4,1.0,smart,0.3,3,4000,5.0,3.8476,1.1524,23.049,1706,1589,117,2294,0.0953,0.9314,1
0.1,uniform_heavy,0.95,4,1.0,smart,0.3,4,4000,5.0,3.8415,1.1585,23.17,1743,1614,129,2257,0.1072,0.926,1
0.1,uniform_heavy,0.95,4,1.0,smart,0.3,5,4000,5.0,3.8428,1.1572,23.143,1701,1590,111,2299,0.1,0.9347,1
0.1,uniform_heavy,0.95,4,1.0,smart,0.3,6,4000,5.0,3.8855,1.1145,22.291,1657,1549,108,2343,0.1013,0.9348,1
0.1,uniform_heavy,0.95,4,2.0,smart,0.3,0,4000,5.0,3.8891,1.1109,22.218,1699,1584,115,2301,0.0968,0.9323,1
0.1,uniform_heavy,0.95,4,2.0,smart,0.3,1,4000,5.0,3.8711,1.1289,22.577,1703,1593,110,2297,0.104,0.9354,1
0.1,uniform_heavy,0.95,4,2.0,smart,0.3,2,4000,5.0,3.8884,1.1116,22.233,1709,1584,125,2291,0.105,0.9269,1
0.1,uniform_heavy,0.95,4,2.0,smart,0.3,3,4000,5.0,3.846,1.154,23.08,1711,1614,97,2289,0.104,0.9433,1
0.1,uniform_heavy,0.95,4,2.0,smart,0.3,4,4000,5.0,3.8721,1.1279,22.558,1735,1611,124,2265,0.1047,0.9285,1
0.1,uniform_heavy,0.95,4,2.0,smart,0.3,5,4000,5.0,3.8668,1.1332,22.664,1712,1608,104,2288,0.095,0.9393,1
0.1,uniform_heavy,0.95,4,2.0,smart,0.3,6,4000,5.0,3.9166,1.0834,21.669,1692,1555,137,2308,0.097,0.919,1
0.1,uniform_heavy,0.95,8,0.5,smart,0.3,0,4000,9.0,6.6632,2.3368,25.964,1713,1595,118,2287,0.1045,0.9311,1
0.1,uniform_heavy,0.95,8,0.5,smart,0.3,1,4000,9.0,6.5759,2.4241,26.934,1744,1642,102,2256,0.103,0.9415,1
0.1,uniform_heavy,0.95,8,0.5,smart,0.3,2,4000,9.0,6.6306,2.3694,26.326,1720,1605,115,2280,0.1015,0.9331,1
0.1,uniform_heavy,0.95,8,0.5,smart,0.3,3,4000,9.0,6.6942,2.3058,25.62,1702,1570,132,2298,0.0985,0.9224,1
0.1,uniform_heavy,0.95,8,0.5,smart,0.3,4,4000,9.0,6.6521,2.3479,26.087,1739,1594,145,2261,0.1032,0.9166,1
0.1,uniform_heavy,0.95,8,0.5,smart,0.3,5,4000,9.0,6.6234,2.3766,26.407,1730,1606,124,2270,0.104,0.9283,1
0.1,uniform_heavy,0.95,8,0.5,smart,0.3,6,4000,9.0,6.6812,2.3188,25.765,1700,1581,119,2300,0.0998,0.93,1
0.1,uniform_heavy,0.95,8,1.0,smart,0.3,0,4000,9.0,6.7079,2.2921,25.467,1673,1572,101,2327,0.0983,0.9396,1
0.1,uniform_heavy,0.95,8,1.0,smart,0.3,1,4000,9.0,6.5855,2.4145,26.828,1758,1652,106,2242,0.1027,0.9397,1
0.1,uniform_heavy,0.95,8,1.0,smart,0.3,2,4000,9.0,6.6937,2.3063,25.626,1687,1580,107,2313,0.1013,0.9366,1
0.1,uniform_heavy,0.95,8,1.0,smart,0.3,3,4000,9.0,6.6144,2.3856,26.506,1751,1633,118,2249,0.0988,0.9326,1
0.1,uniform_heavy,0.95,8,1.0,smart,0.3,4,4000,9.0,6.6762,2.3238,25.82,1720,1581,139,2280,0.1005,0.9192,1
0.1,uniform_heavy,0.95,8,1.0,smart,0.3,5,4000,9.0,6.5634,2.4366,27.073,1787,1675,112,2213,0.102,0.9373,1
0.1,uniform_heavy,0.95,8,1.0,smart,0.3,6,4000,9.0,6.6219,2.3781,26.423,1724,1613,111,2276,0.0995,0.9356,1
0.1,uniform_heavy,0.95,8,2.0,smart,0.3,0,4000,9.0,6.6755,2.3245,25.828,1710,1606,104,2290,0.0998,0.9392,1
0.1,uniform_heavy,0.95,8,2.0,smart,0.3,1,4000,9.0,6.6551,2.3449,26.055,1733,1614,119,2267,0.1,0.9313,1
0.1,uniform_heavy,0.95,8,2.0,smart,0.3,2,4000,9.0,6.6881,2.3119,25.688,1713,1597,116,2287,0.0993,0.9323,1
0.1,uniform_heavy,0.95,8,2.0,smart,0.3,3,4000,9.0,6.7017,2.2983,25.537,1691,1586,105,2309,0.097,0.9379,1
0.1,uniform_heavy,0.95,8,2.0,smart,0.3,4,4000,9.0,6.7158,2.2842,25.38,1706,1586,120,2294,0.0958,0.9297,1
0.1,uniform_heavy,0.95,8,2.0,smart,0.3,5,4000,9.0,6.8083,2.1917,24.353,1669,1531,138,2331,0.0935,0.9173,1
0.1,uniform_heavy,0.95,8,2.0,smart,0.3,6,4000,9.0,6.7378,2.2622,25.136,1685,1569,116,2315,0.0985,0.9312,1
0.1,uniform_heavy,1.0,0.25,0.5,smart,0.3,0,4000,1.25,1.1728,0.0772,6.173,1680,1680,0,2320,0.0998,1.0,1
0.1,uniform_heavy,1.0,0.25,0.5,smart,0.3,1,4000,1.25,1.1699,0.0801,6.409,1713,1713,0,2287,0.1092,1.0,1
0.1,uniform_heavy,1.0,0.25,0.5,smart,0.3,2,4000,1.25,1.1733,0.0767,6.132,1671,1671,0,2329,0.0955,1.0,1
0.1,uniform_heavy,1.0,0.25,0.5,smart,0.3,3,4000,1.25,1.1739,0.0761,6.091,1644,1644,0,2356,0.1015,1.0,1
0.1,uniform_heavy,1.0,0.25,0.5,smart,0.3,4,4000,1.25,1.1716,0.0784,6.276,1705,1705,0,2295,0.1013,1.0,1
0.1,uniform_heavy,1.0,0.25,0.5,smart,0.3,5,4000,1.25,1.1754,0.0746,5.968,1599,1599,0,2401,0.0963,1.0,1
0.1,uniform_heavy,1.0,0.25,0.5,smart,0.3,6,4000,1.25,1.1739,0.0761,6.092,1651,1651,0,2349,0.0932,1.0,1
0.1,uniform_heavy,1.0,0.25,1.0,smart,0.3,0,4000,1.25,1.1734,0.0766,6.127,1660,1660,0,2340,0.0968,1.0,1
0.1,uniform_heavy,1.0,0.25,1.0,smart,0.3,1,4000,1.25,1.1711,0.0789,6.312,1713,1713,0,2287,0.0973,1.0,1
0.1,uniform_heavy,1.0,0.25,1.0,smart,0.3,2,4000,1.25,1.172,0.078,6.241,1673,1673,0,2327,0.1017,1.0,1
0.1,uniform_heavy,1.0,0.25,1.0,smart,0.3,3,4000,1.25,1.1737,0.0763,6.106,1644,1644,0,2356,0.1057,1.0,1
0.1,uniform_heavy,1.0,0.25,1.0,smart,0.3,4,4000,1.25,1.1728,0.0772,6.176,1677,1677,0,2323,0.1027,1.0,1
0.1,uniform_heavy,1.0,0.25,1.0,smart,0.3,5,4000,1.25,1.1714,0.0786,6.289,1703,1703,0,2297,0.1,1.0,1
0.1,uniform_heavy,1.0,0.25,1.0,smart,0.3,6,4000,1.25,1.1714,0.0786,6.285,1707,1707,0,2293,0.105,1.0,1
0.1,uniform_heavy,1.0,0.25,2.0,smart,0.3,0,4000,1.25,1.1705,0.0795,6.364,1705,1705,0,2295,0.1008,1.0,1
0.1,uniform_heavy,1.0,0.25,2.0,smart,0.3,1,4000,1.25,1.1719,0.0781,6.25,1688,1688,0,2312,0.093,1.0,1
0.1,uniform_heavy,1.0,0.25,2.0,smart,0.3,2,4000,1.25,1.1705,0.0795,6.358,1706,1706,0,2294,0.1037,1.0,1
0.1,uniform_heavy,1.0,0.25,2.0,smart,0.3,3,4000,1.25,1.1729,0.0771,6.166,1674,1674,0,2326,0.099,1.0,1
0.1,uniform_heavy,1.0,0.25,2.0,smart,0.3,4,4000,1.25,1.1696,0.0804,6.433,1730,1730,0,2270,0.0988,1.0,1
0.1,uniform_heavy,1.0,0.25,2.0,smart,0.3,5,4000,1.25,1.1726,0.0774,6.194,1679,1679,0,2321,0.1082,1.0,1
0.1,uniform_heavy,1.0,0.25,2.0,smart,0.3,6,4000,1.25,1.1706,0.0794,6.351,1727,1727,0,2273,0.1052,1.0,1
0.1,uniform_heavy,1.0,0.5,0.5,smart,0.3,0,4000,1.5,1.3431,0.1569,10.46,1693,1693,0,2307,0.1042,1.0,1
0.1,uniform_heavy,1.0,0.5,0.5,smart,0.3,1,4000,1.5,1.3425,0.1575,10.498,1703,1703,0,2297,0.1133,1.0,1
0.1,uniform_heavy,1.0,0.5,0.5,smart,0.3,2,4000,1.5,1.3454,0.1546,10.309,1666,1666,0,2334,0.0963,1.0,1
0.1,uniform_heavy,1.0,0.5,0.5,smart,0.3,3,4000,1.5,1.3436,0.1564,10.425,1691,1691,0,2309,0.0975,1.0,1
0.1,uniform_heavy,1.0,0.5,0.5,smart,0.3,4,4000,1.5,1.343,0.157,10.465,1701,1701,0,2299,0.098,1.0,1
0.1,uniform_heavy,1.0,0.5,0.5,smart,0.3,5,4000,1.5,1.3433,0.1567,10.45,1695,1695,0,2305,0.1042,1.0,1
0.1,uniform_heavy,1.0,0.5,0.5,smart,0.3,6,4000,1.5,1.3437,0.1563,10.422,1691,1691,0,2309,0.0985,1.0,1
0.1,uniform_heavy,1.0,0.5,1.0,smart,0.3,0,4000,1.5,1.3419,0.1581,10.541,1705,1705,0,2295,0.1037,1.0,1
0.1,uniform_heavy,1.0,0.5,1.0,smart,0.3,1,4000,1.5,1.3458,0.1542,10.279,1670,1670,0,2330,0.0993,1.0,1
0.1,uniform_heavy,1.0,0.5,1.0,smart,0.3,2,4000,1.5,1.347,0.153,10.203,1659,1659,0,2341,0.1008,1.0,1
0.1,uniform_heavy,1.0,0.5,1.0,smart,0.3,3,4000,1.5,1.3425,0.1575,10.5,1700,1700,0,2300,0.1052,1.0,1
0.1,uniform_heavy,1.0,0.5,1.0,smart,0.3,4,4000,1.5,1.3467,0.1533,10.221,1666,1666,0,2334,0.1047,1.0,1
0.1,uniform_heavy,1.0,0.5,1.0,smart,0.3,5,4000,1.5,1.3437,0.1563,10.422,1679,1679,0,2321,0.0915,1.0,1
0.1,uniform_heavy,1.0,0.5,1.0,smart,0.3,6,4000,1.5,1.3439,0.1561,10.405,1672,1672,0,2328,0.0985,1.0,1
0.1,uniform_heavy,1.0,0.5,2.0,smart,0.3,0,4000,1.5,1.3407,0.1593,10.622,1731,1731,0,2269,0.1015,1.0,1
0.1,uniform_heavy,1.0,0.5,2.0,smart,0.3,1,4000,1.5,1.3423,0.1577,10.512,1691,1691,0,2309,0.1032,1.0,1
0.1,uniform_heavy,1.0,0.5,2.0,smart,0.3,2,4000,1.5,1.3448,0.1552,10.344,1667,1667,0,2333,0.1035,1.0,1
0.1,uniform_heavy,1.0,0.5,2.0,smart,0.3,3,4000,1.5,1.344,0.156,10.402,1690,1690,0,2310,0.1008,1.0,1
0.1,uniform_heavy,1.0,0.5,2.0,smart,0.3,4,4000,1.5,1.3484,0.1516,10.108,1640,1640,0,2360,0.0948,1.0,1
0.1,uniform_heavy,1.0,0.5,2.0,smart,0.3,5,4000,1.5,1.3399,0.1601,10.673,1724,1724,0,2276,0.107,1.0,1
0.1,uniform_heavy,1.0,0.5,2.0,smart,0.3,6,4000,1.5,1.3412,0.1588,10.588,1715,1715,0,2285,0.0998,1.0,1
0.1,uniform_heavy,1.0,1,0.5,smart,0.3,0,4000,2.0,1.6865,0.3135,15.675,1699,1699,0,2301,0.1035,1.0,1
0.1,uniform_heavy,1.0,1,0.5,smart,0.3,1,4000,2.0,1.693,0.307,15.35,1661,1661,0,2339,0.0932,1.0,1
0.1,uniform_heavy,1.0,1,0.5,smart,0.3,2,4000,2.0,1.6876,0.3124,15.621,1692,1692,0,2308,0.0943,1.0,1
0.1,uniform_heavy,1.0,1,0.5,smart,0.3,3,4000,2.0,1.6721,0.3279,16.396,1768,1768,0,2232,0.1062,1.0,1
0.1,uniform_heavy,1.0,1,0.5,smart,0.3,4,4000,2.0,1.6805,0.3195,15.976,1725,1725,0,2275,0.103,1.0,1
0.1,uniform_heavy,1.0,1,0.5,smart,0.3,5,4000,2.0,1.6823,0.3177,15.884,1714,1714,0,2286,0.1037,1.0,1
0.1,uniform_heavy,1.0,1,0.5,smart,0.3,6,4000,2.0,1.6902,0.3098,15.491,1682,1682,0,2318,0.0948,1.0,1
0.1,uniform_heavy,1.0,1,1.0,smart,0.3,0,4000,2.0,1.6917,0.3083,15.414,1668,1668,0,2332,0.0927,1.0,1
0.1,uniform_heavy,1.0,1,1.0,smart,0.3,1,4000,2.0,1.6819,0.3181,15.905,1710,1710,0,2290,0.0953,1.0,1
0.1,uniform_heavy,1.0,1,1.0,smart,0.3,2,4000,2.0,1.6813,0.3187,15.933,1722,1722,0,2278,0.1065,1.0,1
0.1,uniform_heavy,1.0,1,1.0,smart,0.3,3,4000,2.0,1.6932,0.3068,15.341,1647,1647,0,2353,0.1008,1.0,1
0.1,uniform_heavy,1.0,1,1.0,smart,0.3,4,4000,2.0,1.6899,0.3101,15.506,1666,1666,0,2334,0.0993,1.0,1
0.1,uniform_heavy,1.0,1,1.0,smart,0.3,5,4000,2.0,1.6772,0.3228,16.141,1737,1737,0,2263,0.102,1.0,1
0.1,uniform_heavy,1.0,1,1.0,smart,0.3,6,4000,2.0,1.6936,0.3064,15.318,1658,1658,0,2342,0.1015,1.0,1
0.1,uniform_heavy,1.0,1,2.0,smart,0.3,0,4000,2.0,1.6895,0.3105,15.527,1687,1687,0,2313,0.1008,1.0,1
0.1,uniform_heavy,1.0,1,2.0,smart,0.3,1,4000,2.0,1.6901,0.3099,15.496,1673,1673,0,2327,0.1008,1.0,1
0.1,uniform_heavy,1.0,1,2.0,smart,0.3,2,4000,2.0,1.6852,0.3148,15.741,1693,1693,0,2307,0.1042,1.0,1
0.1,uniform_heavy,1.0,1,2.0,smart,0.3,3,4000,2.0,1.692,0.308,15.402,1668,1668,0,2332,0.0998,1.0,1
0.1,uniform_heavy,1.0,1,2.0,smart,0.3,4,4000,2.0,1.6773,0.3227,16.133,1731,1731,0,2269,0.1035,1.0,1
0.1,uniform_heavy,1.0,1,2.0,smart,0.3,5,4000,2.0,1.6968,0.3032,15.161,1637,1637,0,2363,0.0975,1.0,1
0.1,uniform_heavy,1.0,1,2.0,smart,0.3,6,4000,2.0,1.6869,0.3131,15.654,1688,1688,0,2312,0.1075,1.0,1
0.1,uniform_heavy,1.0,2,0.5,smart,0.3,0,4000,3.0,2.3657,0.6343,21.142,1712,1712,0,2288,0.1062,1.0,1
0.1,uniform_heavy,1.0,2,0.5,smart,0.3,1,4000,3.0,2.3934,0.6066,20.219,1647,1647,0,2353,0.0895,1.0,1
0.1,uniform_heavy,1.0,2,0.5,smart,0.3,2,4000,3.0,2.3644,0.6356,21.186,1715,1715,0,2285,0.1105,1.0,1
0.1,uniform_heavy,1.0,2,0.5,smart,0.3,3,4000,3.0,2.3816,0.6184,20.615,1687,1687,0,2313,0.091,1.0,1
0.1,uniform_heavy,1.0,2,0.5,smart,0.3,4,4000,3.0,2.3558,0.6442,21.474,1740,1740,0,2260,0.1017,1.0,1
0.1,uniform_heavy,1.0,2,0.5,smart,0.3,5,4000,3.0,2.385,0.615,20.5,1655,1655,0,2345,0.109,1.0,1
0.1,uniform_heavy,1.0,2,0.5,smart,0.3,6,4000,3.0,2.3844,0.6156,20.519,1658,1658,0,2342,0.1032,1.0,1
0.1,uniform_heavy,1.0,2,1.0,smart,0.3,0,4000,3.0,2.3732,0.6268,20.893,1687,1687,0,2313,0.1017,1.0,1
0.1,uniform_heavy,1.0,2,1.0,smart,0.3,1,4000,3.0,2.3846,0.6154,20.515,1666,1666,0,2334,0.1005,1.0,1
0.1,uniform_heavy,1.0,2,1.0,smart,0.3,2,4000,3.0,2.3554,0.6446,21.488,1714,1714,0,2286,0.1072,1.0,1
0.1,uniform_heavy,1.0,2,1.0,smart,0.3,3,4000,3.0,2.3908,0.6092,20.306,1638,1638,0,2362,0.0938,1.0,1
0.1,uniform_heavy,1.0,2,1.0,smart,0.3,4,4000,3.0,2.3809,0.6191,20.638,1681,1681,0,2319,0.104,1.0,1
0.1,uniform_heavy,1.0,2,1.0,smart,0.3,5,4000,3.0,2.3835,0.6165,20.55,1663,1663,0,2337,0.1013,1.0,1
0.1,uniform_heavy,1.0,2,1.0,smart,0.3,6,4000,3.0,2.3831,0.6169,20.565,1669,1669,0,2331,0.1027,1.0,1
0.1,uniform_heavy,1.0,2,2.0,smart,0.3,0,4000,3.0,2.388,0.612,20.401,1664,1664,0,2336,0.0955,1.0,1
0.1,uniform_heavy,1.0,2,2.0,smart,0.3,1,4000,3.0,2.3428,0.6572,21.907,1766,1766,0,2234,0.1037,1.0,1
0.1,uniform_heavy,1.0,2,2.0,smart,0.3,2,4000,3.0,2.3881,0.6119,20.396,1636,1636,0,2364,0.0955,1.0,1
0.1,uniform_heavy,1.0,2,2.0,smart,0.3,3,4000,3.0,2.3807,0.6193,20.643,1664,1664,0,2336,0.102,1.0,1
0.1,uniform_heavy,1.0,2,2.0,smart,0.3,4,4000,3.0,2.3711,0.6289,20.963,1690,1690,0,2310,0.1003,1.0,1
0.1,uniform_heavy,1.0,2,2.0,smart,0.3,5,4000,3.0,2.387,0.613,20.433,1661,1661,0,2339,0.1,1.0,1
0.1,uniform_heavy,1.0,2,2.0,smart,0.3,6,4000,3.0,2.3634,0.6366,21.221,1731,1731,0,2269,0.1057,1.0,1
0.1,uniform_heavy,1.0,4,0.5,smart,0.3,0,4000,5.0,3.7539,1.2461,24.923,1683,1683,0,2317,0.0955,1.0,1
0.1,uniform_heavy,1.0,4,0.5,smart,0.3,1,4000,5.0,3.7545,1.2455,24.911,1685,1685,0,2315,0.096,1.0,1
0.1,uniform_heavy,1.0,4,0.5,smart,0.3,2,4000,5.0,3.7828,1.2172,24.345,1641,1641,0,2359,0.093,1.0,1
0.1,uniform_heavy,1.0,4,0.5,smart,0.3,3,4000,5.0,3.7661,1.2339,24.679,1665,1665,0,2335,0.0975,1.0,1
0.1,uniform_heavy,1.0,4,0.5,smart,0.3,4,4000,5.0,3.7494,1.2506,25.011,1680,1680,0,2320,0.103,1.0,1
0.1,uniform_heavy,1.0,4,0.5,smart,0.3,5,4000,5.0,3.7441,1.2559,25.118,1705,1705,0,2295,0.0983,1.0,1
0.1,uniform_heavy,1.0,4,0.5,smart,0.3,6,4000,5.0,3.7424,1.2576,25.152,1699,1699,0,2301,0.0938,1.0,1
0.1,uniform_heavy,1.0,4,1.0,smart,0.3,0,4000,5.0,3.8125,1.1875,23.75,1597,1597,0,2403,0.099,1.0,1
0.1,uniform_heavy,1.0,4,1.0,smart,0.3,1,4000,5.0,3.7523,1.2477,24.953,1685,1685,0,2315,0.1013,1.0,1
0.1,uniform_heavy,1.0,4,1.0,smart,0.3,2,4000,5.0,3.7688,1.2312,24.624,1664,1664,0,2336,0.0983,1.0,1
0.1,uniform_heavy,1.0,4,1.0,smart,0.3,3,4000,5.0,3.7431,1.2569,25.139,1696,1696,0,2304,0.1075,1.0,1
0.1,uniform_heavy,1.0,4,1.0,smart,0.3,4,4000,5.0,3.7438,1.2562,25.124,1692,1692,0,2308,0.0988,1.0,1
0.1,uniform_heavy,1.0,4,1.0,smart,0.3,5,4000,5.0,3.7639,1.2361,24.723,1667,1667,0,2333,0.0968,1.0,1
0.1,uniform_heavy,1.0,4,1.0,smart,0.3,6,4000,5.0,3.7695,1.2305,24.61,1648,1648,0,2352,0.1035,1.0,1
0.1,uniform_heavy,1.0,4,2.0,smart,0.3,0,4000,5.0,3.7569,1.2431,24.861,1683,1683,0,2317,0.101,1.0,1
0.1,uniform_heavy,1.0,4,2.0,smart,0.3,1,4000,5.0,3.7372,1.2628,25.256,1694,1694,0,2306,0.1042,1.0,1
0.1,uniform_heavy,1.0,4,2.0,smart,0.3,2,4000,5.0,3.7676,1.2324,24.647,1671,1671,0,2329,0.0917,1.0,1
0.1,uniform_heavy,1.0,4,2.0,smart,0.3,3,4000,5.0,3.7721,1.2279,24.558,1662,1662,0,2338,0.0975,1.0,1
0.1,uniform_heavy,1.0,4,2.0,smart,0.3,4,4000,5.0,3.7436,1.2564,25.127,1699,1699,0,2301,0.1,1.0,1
0.1,uniform_heavy,1.0,4,2.0,smart,0.3,5,4000,5.0,3.7185,1.2815,25.629,1718,1718,0,2282,0.103,1.0,1
0.1,uniform_heavy,1.0,4,2.0,smart,0.3,6,4000,5.0,3.7624,1.2376,24.753,1660,1660,0,2340,0.1042,1.0,1
0.1,uniform_heavy,1.0,8,0.5,smart,0.3,0,4000,9.0,6.5231,2.4769,27.521,1678,1678,0,2322,0.1008,1.0,1
0.1,uniform_heavy,1.0,8,0.5,smart,0.3,1,4000,9.0,6.5141,2.4859,27.622,1681,1681,0,2319,0.0912,1.0,1
0.1,uniform_heavy,1.0,8,0.5,smart,0.3,2,4000,9.0,6.4996,2.5004,27.782,1696,1696,0,2304,0.0988,1.0,1
0.1,uniform_heavy,1.0,8,0.5,smart,0.3,3,4000,9.0,6.4824,2.5176,27.974,1692,1692,0,2308,0.0993,1.0,1
0.1,uniform_heavy,1.0,8,0.5,smart,0.3,4,4000,9.0,6.5784,2.4216,26.907,1643,1643,0,2357,0.1047,1.0,1
0.1,uniform_heavy,1.0,8,0.5,smart,0.3,5,4000,9.0,6.5227,2.4773,27.525,1666,1666,0,2334,0.1095,1.0,1
0.1,uniform_heavy,1.0,8,0.5,smart,0.3,6,4000,9.0,6.4526,2.5474,28.305,1715,1715,0,2285,0.111,1.0,1
0.1,uniform_heavy,1.0,8,1.0,smart,0.3,0,4000,9.0,6.5223,2.4777,27.53,1657,1657,0,2343,0.0978,1.0,1
0.1,uniform_heavy,1.0,8,1.0,smart,0.3,1,4000,9.0,6.4818,2.5182,27.98,1689,1689,0,2311,0.1087,1.0,1
0.1,uniform_heavy,1.0,8,1.0,smart,0.3,2,4000,9.0,6.5296,2.4704,27.449,1675,1675,0,2325,0.0985,1.0,1
0.1,uniform_heavy,1.0,8,1.0,smart,0.3,3,4000,9.0,6.4803,2.5197,27.996,1704,1704,0,2296,0.103,1.0,1
0.1,uniform_heavy,1.0,8,1.0,smart,0.3,4,4000,9.0,6.56,2.44,27.111,1654,1654,0,2346,0.101,1.0,1
0.1,uniform_heavy,1.0,8,1.0,smart,0.3,5,4000,9.0,6.5222,2.4778,27.531,1676,1676,0,2324,0.0973,1.0,1
0.1,uniform_heavy,1.0,8,1.0,smart,0.3,6,4000,9.0,6.5193,2.4807,27.563,1676,1676,0,2324,0.1035,1.0,1
0.1,uniform_heavy,1.0,8,2.0,smart,0.3,0,4000,9.0,6.4629,2.5371,28.19,1712,1712,0,2288,0.105,1.0,1
0.1,uniform_heavy,1.0,8,2.0,smart,0.3,1,4000,9.0,6.356,2.644,29.378,1779,1779,0,2221,0.1035,1.0,1
0.1,uniform_heavy,1.0,8,2.0,smart,0.3,2,4000,9.0,6.4363,2.5637,28.486,1725,1725,0,2275,0.1035,1.0,1
0.1,uniform_heavy,1.0,8,2.0,smart,0.3,3,4000,9.0,6.5475,2.4525,27.25,1656,1656,0,2344,0.099,1.0,1
0.1,uniform_heavy,1.0,8,2.0,smart,0.3,4,4000,9.0,6.5042,2.4958,27.731,1677,1677,0,2323,0.0948,1.0,1
0.1,uniform_heavy,1.0,8,2.0,smart,0.3,5,4000,9.0,6.4945,2.5055,27.839,1685,1685,0,2315,0.0983,1.0,1
0.1,uniform_heavy,1.0,8,2.0,smart,0.3,6,4000,9.0,6.4948,2.5052,27.836,1692,1692,0,2308,0.0912,1.0,1
0.1,tail_heavy,0.5,0.25,0.5,smart,0.3,0,4000,1.25,1.4184,-0.1684,-13.468,2022,492,1530,1978,0.0845,0.2433,0
0.1,tail_heavy,0.5,0.25,0.5,smart,0.3,1,4000,1.25,1.4136,-0.1636,-13.086,1961,477,1484,2039,0.097,0.2432,0
0.1,tail_heavy,0.5,0.25,0.5,smart,0.3,2,4000,1.25,1.4079,-0.1579,-12.636,1972,518,1454,2028,0.102,0.2627,0
0.1,tail_heavy,0.5,0.25,0.5,smart,0.3,3,4000,1.25,1.413,-0.163,-13.042,1965,483,1482,2035,0.1017,0.2458,0
0.1,tail_heavy,0.5,0.25,0.5,smart,0.3,4,4000,1.25,1.4136,-0.1636,-13.092,2011,514,1497,1989,0.0978,0.2556,0
0.1,tail_heavy,0.5,0.25,0.5,smart,0.3,5,4000,1.25,1.4115,-0.1615,-12.916,1992,511,1481,2008,0.0975,0.2565,0
0.1,tail_heavy,0.5,0.25,0.5,smart,0.3,6,4000,1.25,1.4205,-0.1705,-13.642,2006,469,1537,1994,0.096,0.2338,0
0.1,tail_heavy,0.5,0.25,1.0,smart,0.3,0,4000,1.25,1.6133,-0.3633,-29.062,2026,482,1544,1974,0.1,0.2379,0
0.1,tail_heavy,0.5,0.25,1.0,smart,0.3,1,4000,1.25,1.608,-0.358,-28.64,1976,459,1517,2024,0.0927,0.2323,0
0.1,tail_heavy,0.5,0.25,1.0,smart,0.3,2,4000,1.25,1.5944,-0.3444,-27.549,1971,501,1470,2029,0.103,0.2542,0
0.1,tail_heavy,0.5,0.25,1.0,smart,0.3,3,4000,1.25,1.5909,-0.3409,-27.271,1995,533,1462,2005,0.1057,0.2672,0
0.1,tail_heavy,0.5,0.25,1.0,smart,0.3,4,4000,1.25,1.6061,-0.3561,-28.487,2049,527,1522,1951,0.102,0.2572,0
0.1,tail_heavy,0.5,0.25,1.0,smart,0.3,5,4000,1.25,1.5862,-0.3362,-26.899,1956,514,1442,2044,0.1022,0.2628,0
0.1,tail_heavy,0.5,0.25,1.0,smart,0.3,6,4000,1.25,1.5911,-0.3411,-27.29,1939,486,1453,2061,0.0938,0.2506,0
0.1,tail_heavy,0.5,0.25,2.0,smart,0.3,0,4000,1.25,1.9819,-0.7319,-58.548,2005,495,1510,1995,0.0983,0.2469,0
0.1,tail_heavy,0.5,0.25,2.0,smart,0.3,1,4000,1.25,2.0041,-0.7541,-60.331,2046,492,1554,1954,0.095,0.2405,0
0.1,tail_heavy,0.5,0.25,2.0,smart,0.3,2,4000,1.25,1.9878,-0.7378,-59.026,2031,508,1523,1969,0.0983,0.2501,0
0.1,tail_heavy,0.5,0.25,2.0,smart,0.3,3,4000,1.25,1.9721,-0.7221,-57.768,2044,549,1495,1956,0.1045,0.2686,0
0.1,tail_heavy,0.5,0.25,2.0,smart,0.3,4,4000,1.25,1.99,-0.74,-59.204,2067,537,1530,1933,0.1113,0.2598,0
0.1,tail_heavy,0.5,0.25,2.0,smart,0.3,5,4000,1.25,1.9577,-0.7077,-56.615,1959,498,1461,2041,0.1032,0.2542,0
0.1,tail_heavy,0.5,0.25,2.0,smart,0.3,6,4000,1.25,1.9738,-0.7238,-57.901,1993,499,1494,2007,0.0995,0.2504,0
0.1,tail_heavy,0.5,0.5,0.5,smart,0.3,0,4000,1.5,1.6368,-0.1368,-9.123,2024,535,1489,1976,0.0998,0.2643,0
0.1,tail_heavy,0.5,0.5,0.5,smart,0.3,1,4000,1.5,1.6417,-0.1417,-9.449,2036,521,1515,1964,0.0978,0.2559,0
0.1,tail_heavy,0.5,0.5,0.5,smart,0.3,2,4000,1.5,1.6379,-0.1379,-9.191,1976,502,1474,2024,0.103,0.254,0
0.1,tail_heavy,0.5,0.5,0.5,smart,0.3,3,4000,1.5,1.6381,-0.1381,-9.207,2014,525,1489,1986,0.1072,0.2607,0
0.1,tail_heavy,0.5,0.5,0.5,smart,0.3,4,4000,1.5,1.6426,-0.1426,-9.508,2001,497,1504,1999,0.1062,0.2484,0
0.1,tail_heavy,0.5,0.5,0.5,smart,0.3,5,4000,1.5,1.6357,-0.1357,-9.049,1983,514,1469,2017,0.1032,0.2592,0
0.1,tail_heavy,0.5,0.5,0.5,smart,0.3,6,4000,1.5,1.6309,-0.1309,-8.728,2037,566,1471,1963,0.1123,0.2779,0
0.1,tail_heavy,0.5,0.5,1.0,smart,0.3,0,4000,1.5,1.8237,-0.3237,-21.578,1965,489,1476,2035,0.106,0.2489,0
0.1,tail_heavy,0.5,0.5,1.0,smart,0.3,1,4000,1.5,1.8501,-0.3501,-23.337,2070,490,1580,1930,0.0955,0.2367,0
0.1,tail_heavy,0.5,0.5,1.0,smart,0.3,2,4000,1.5,1.8275,-0.3275,-21.834,2008,510,1498,1992,0.107,0.254,0
0.1,tail_heavy,0.5,0.5,1.0,smart,0.3,3,4000,1.5,1.8072,-0.3072,-20.481,1940,520,1420,2060,0.1025,0.268,0
0.1,tail_heavy,0.5,0.5,1.0,smart,0.3,4,4000,1.5,1.8279,-0.3279,-21.859,1985,493,1492,2015,0.0905,0.2484,0
0.1,tail_heavy,0.5,0.5,1.0,smart,0.3,5,4000,1.5,1.8354,-0.3354,-22.361,2026,500,1526,1974,0.098,0.2468,0
0.1,tail_heavy,0.5,0.5,1.0,smart,0.3,6,4000,1.5,1.8248,-0.3248,-21.651,2030,534,1496,1970,0.0993,0.2631,0
0.1,tail_heavy,0.5,0.5,2.0,smart,0.3,0,4000,1.5,2.191,-0.691,-46.066,2009,529,1480,1991,0.1017,0.2633,0
0.1,tail_heavy,0.5,0.5,2.0,smart,0.3,1,4000,1.5,2.2027,-0.7027,-46.848,2007,507,1500,1993,0.1025,0.2526,0
0.1,tail_heavy,0.5,0.5,2.0,smart,0.3,2,4000,1.5,2.2088,-0.7088,-47.251,2012,503,1509,1988,0.0932,0.25,0
0.1,tail_heavy,0.5,0.5,2.0,smart,0.3,3,4000,1.5,2.217,-0.717,-47.8,2053,523,1530,1947,0.0895,0.2547,0
0.1,tail_heavy,0.5,0.5,2.0,smart,0.3,4,4000,1.5,2.1674,-0.6674,-44.493,1947,517,1430,2053,0.1005,0.2655,0
0.1,tail_heavy,0.5,0.5,2.0,smart,0.3,5,4000,1.5,2.1832,-0.6832,-45.548,1978,517,1461,2022,0.105,0.2614,0
0.1,tail_heavy,0.5,0.5,2.0,smart,0.3,6,4000,1.5,2.1943,-0.6943,-46.289,1965,486,1479,2035,0.0985,0.2473,0
0.1,tail_heavy,0.5,1,0.5,smart,0.3,0,4000,2.0,2.0993,-0.0993,-4.967,1968,473,1495,2032,0.0953,0.2403,0
0.1,tail_heavy,0.5,1,0.5,smart,0.3,1,4000,2.0,2.0899,-0.0899,-4.493,1982,506,1476,2018,0.1045,0.2553,0
0.1,tail_heavy,0.5,1,0.5,smart,0.3,2,4000,2.0,2.0892,-0.0892,-4.458,1934,487,1447,2066,0.104,0.2518,0
0.1,tail_heavy,0.5,1,0.5,smart,0.3,3,4000,2.0,2.1004,-0.1004,-5.018,1964,469,1495,2036,0.0922,0.2388,0
0.1,tail_heavy,0.5,1,0.5,smart,0.3,4,4000,2.0,2.1008,-0.1008,-5.042,2028,492,1536,1972,0.096,0.2426,0
0.1,tail_heavy,0.5,1,0.5,smart,0.3,5,4000,2.0,2.0917,-0.0917,-4.586,1962,495,1467,2038,0.0988,0.2523,0
0.1,tail_heavy,0.5,1,0.5,smart,0.3,6,4000,2.0,2.089,-0.089,-4.452,1988,512,1476,2012,0.0968,0.2575,0
0.1,tail_heavy,0.5,1,1.0,smart,0.3,0,4000,2.0,2.2865,-0.2865,-14.323,2025,505,1520,1975,0.1065,0.2494,0
0.1,tail_heavy,0.5,1,1.0,smart,0.3,1,4000,2.0,2.2678,-0.2678,-13.392,1975,517,1458,2025,0.1085,0.2618,0
0.1,tail_heavy,0.5,1,1.0,smart,0.3,2,4000,2.0,2.283,-0.283,-14.149,1972,485,1487,2028,0.0988,0.2459,0
0.1,tail_heavy,0.5,1,1.0,smart,0.3,3,4000,2.0,2.2635,-0.2635,-13.175,2003,545,1458,1997,0.0963,0.2721,0
0.1,tail_heavy,0.5,1,1.0,smart,0.3,4,4000,2.0,2.2877,-0.2877,-14.386,2026,504,1522,1974,0.0953,0.2488,0
0.1,tail_heavy,0.5,1,1.0,smart,0.3,5,4000,2.0,2.2951,-0.2951,-14.755,2013,476,1537,1987,0.1013,0.2365,0
0.1,tail_heavy,0.5,1,1.0,smart,0.3,6,4000,2.0,2.2733,-0.2733,-13.665,1975,504,1471,2025,0.095,0.2552,0
0.1,tail_heavy,0.5,1,2.0,smart,0.3,0,4000,2.0,2.6795,-0.6795,-33.975,2021,484,1537,1979,0.0973,0.2395,0
0.1,tail_heavy,0.5,1,2.0,smart,0.3,1,4000,2.0,2.6442,-0.6442,-32.208,1953,484,1469,2047,0.1075,0.2478,0
0.1,tail_heavy,0.5,1,2.0,smart,0.3,2,4000,2.0,2.6676,-0.6676,-33.381,2047,522,1525,1953,0.0973,0.255,0
0.1,tail_heavy,0.5,1,2.0,smart,0.3,3,4000,2.0,2.6712,-0.6712,-33.561,2010,488,1522,1990,0.0932,0.2428,0
0.1,tail_heavy,0.5,1,2.0,smart,0.3,4,4000,2.0,2.6562,-0.6562,-32.808,2027,520,1507,1973,0.1013,0.2565,0
0.1,tail_heavy,0.5,1,2.0,smart,0.3,5,4000,2.0,2.6522,-0.6522,-32.61,1980,494,1486,2020,0.0885,0.2495,0
0.1,tail_heavy,0.5,1,2.0,smart,0.3,6,4000,2.0,2.6664,-0.6664,-33.319,2048,523,1525,1952,0.0943,0.2554,0
0.1,tail_heavy,0.5,2,0.5,smart,0.3,0,4000,3.0,3.0061,-0.0061,-0.202,2008,490,1518,1992,0.0938,0.244,0
0.1,tail_heavy,0.5,2,0.5,smart,0.3,1,4000,3.0,3.0071,-0.0071,-0.237,1989,492,1497,2011,0.0943,0.2474,0
0.1,tail_heavy,0.5,2,0.5,smart,0.3,2,4000,3.0,3.0051,-0.0051,-0.169,1967,487,1480,2033,0.0975,0.2476,0
0.1,tail_heavy,0.5,2,0.5,smart,0.3,3,4000,3.0,2.9833,0.0167,0.556,2006,540,1466,1994,0.1108,0.2692,1
0.1,tail_heavy,0.5,2,0.5,smart,0.3,4,4000,3.0,2.9984,0.0016,0.053,1994,507,1487,2006,0.1017,0.2543,1
0.1,tail_heavy,0.5,2,0.5,smart,0.3,5,4000,3.0,2.9922,0.0078,0.261,2005,520,1485,1995,0.1017,0.2594,1
0.1,tail_heavy,0.5,2,0.5,smart,0.3,6,4000,3.0,3.0047,-0.0047,-0.156,1956,485,1471,2044,0.0885,0.248,0
0.1,tail_heavy,0.5,2,1.0,smart,0.3,0,4000,3.0,3.187,-0.187,-6.232,2033,516,1517,1967,0.0953,0.2538,0
0.1,tail_heavy,0.5,2,1.0,smart,0.3,1,4000,3.0,3.1958,-0.1958,-6.527,2031,506,1525,1969,0.0978,0.2491,0
0.1,tail_heavy,0.5,2,1.0,smart,0.3,2,4000,3.0,3.1947,-0.1947,-6.49,2029,503,1526,1971,0.101,0.2479,0
0.1,tail_heavy,0.5,2,1.0,smart,0.3,3,4000,3.0,3.1771,-0.1771,-5.904,1978,512,1466,2022,0.0988,0.2588,0
0.1,tail_heavy,0.5,2,1.0,smart,0.3,4,4000,3.0,3.1763,-0.1763,-5.875,2024,534,1490,1976,0.108,0.2638,0
0.1,tail_heavy,0.5,2,1.0,smart,0.3,5,4000,3.0,3.1903,-0.1903,-6.343,2077,531,1546,1923,0.101,0.2557,0
0.1,tail_heavy,0.5,2,1.0,smart,0.3,6,4000,3.0,3.1972,-0.1972,-6.574,1978,484,1494,2022,0.0943,0.2447,0
0.1,tail_heavy,0.5,2,2.0,smart,0.3,0,4000,3.0,3.5432,-0.5432,-18.106,1951,499,1452,2049,0.098,0.2558,0
0.1,tail_heavy,0.5,2,2.0,smart,0.3,1,4000,3.0,3.5354,-0.5354,-17.845,1977,523,1454,2023,0.098,0.2645,0
0.1,tail_heavy,0.5,2,2.0,smart,0.3,2,4000,3.0,3.5671,-0.5671,-18.903,2040,522,1518,1960,0.0965,0.2559,0
0.1,tail_heavy,0.5,2,2.0,smart,0.3,3,4000,3.0,3.5734,-0.5734,-19.114,2007,495,1512,1993,0.1013,0.2466,0
0.1,tail_heavy,0.5,2,2.0,smart,0.3,4,4000,3.0,3.5557,-0.5557,-18.525,1966,495,1471,2034,0.0963,0.2518,0
0.1,tail_heavy,0.5,2,2.0,smart,0.3,5,4000,3.0,3.5787,-0.5787,-19.291,2019,497,1522,1981,0.097,0.2462,0
0.1,tail_heavy,0.5,2,2.0,smart,0.3,6,4000,3.0,3.5173,-0.5173,-17.242,1974,541,1433,2026,0.1062,0.2741,0
0.1,tail_heavy,0.5,4,0.5,smart,0.3,0,4000,5.0,4.7999,0.2001,4.002,1998,517,1481,2002,0.1005,0.2588,1
0.1,tail_heavy,0.5,4,0.5,smart,0.3,1,4000,5.0,4.7817,0.2183,4.366,2036,550,1486,1964,0.1105,0.2701,1
0.1,tail_heavy,0.5,4,0.5,smart,0.3,2,4000,5.0,4.8261,0.1739,3.479,2001,490,1511,1999,0.0953,0.2449,1
0.1,tail_heavy,0.5,4,0.5,smart,0.3,3,4000,5.0,4.8324,0.1676,3.353,1969,485,1484,2031,0.099,0.2463,1
0.1,tail_heavy,0.5,4,0.5,smart,0.3,4,4000,5.0,4.84,0.16,3.199,2006,469,1537,1994,0.098,0.2338,1
0.1,tail_heavy,0.5,4,0.5,smart,0.3,5,4000,5.0,4.8371,0.1629,3.257,1955,476,1479,2045,0.0953,0.2435,1
0.1,tail_heavy,0.5,4,0.5,smart,0.3,6,4000,5.0,4.8117,0.1883,3.765,1952,497,1455,2048,0.1057,0.2546,1
0.1,tail_heavy,0.5,4,1.0,smart,0.3,0,4000,5.0,4.9874,0.0126,0.253,2002,516,1486,1998,0.0958,0.2577,1
0.1,tail_heavy,0.5,4,1.0,smart,0.3,1,4000,5.0,5.028,-0.028,-0.56,2045,492,1553,1955,0.105,0.2406,0
0.1,tail_heavy,0.5,4,1.0,smart,0.3,2,4000,5.0,5.023,-0.023,-0.46,1972,482,1490,2028,0.0927,0.2444,0
0.1,tail_heavy,0.5,4,1.0,smart,0.3,3,4000,5.0,4.9876,0.0124,0.248,1970,513,1457,2030,0.0998,0.2604,1
0.1,tail_heavy,0.5,4,1.0,smart,0.3,4,4000,5.0,5.0083,-0.0083,-0.165,2004,501,1503,1996,0.1032,0.25,0
0.1,tail_heavy,0.5,4,1.0,smart,0.3,5,4000,5.0,5.0093,-0.0093,-0.185,1949,485,1464,2051,0.0998,0.2488,0
0.1,tail_heavy,0.5,4,1.0,smart,0.3,6,4000,5.0,4.966,0.034,0.681,1973,528,1445,2027,0.107,0.2676,1
0.1,tail_heavy,0.5,4,2.0,smart,0.3,0,4000,5.0,5.3853,-0.3853,-7.706,1989,490,1499,2011,0.091,0.2464,0
0.1,tail_heavy,0.5,4,2.0,smart,0.3,1,4000,5.0,5.3923,-0.3923,-7.845,1987,486,1501,2013,0.1025,0.2446,0
0.1,tail_heavy,0.5,4,2.0,smart,0.3,2,4000,5.0,5.3952,-0.3952,-7.903,2045,508,1537,1955,0.1082,0.2484,0
0.1,tail_heavy,0.5,4,2.0,smart,0.3,3,4000,5.0,5.3726,-0.3726,-7.451,1981,495,1486,2019,0.103,0.2499,0
0.1,tail_heavy,0.5,4,2.0,smart,0.3,4,4000,5.0,5.3689,-0.3689,-7.378,1969,498,1471,2031,0.1085,0.2529,0
0.1,tail_heavy,0.5,4,2.0,smart,0.3,5,4000,5.0,5.3715,-0.3715,-7.431,2016,511,1505,1984,0.0993,0.2535,0
0.1,tail_heavy,0.5,4,2.0,smart,0.3,6,4000,5.0,5.3851,-0.3851,-7.703,2016,505,1511,1984,0.0945,0.2505,0
0.1,tail_heavy,0.5,8,0.5,smart,0.3,0,4000,9.0,8.4034,0.5966,6.629,2004,525,1479,1996,0.1022,0.262,1
0.1,tail_heavy,0.5,8,0.5,smart,0.3,1,4000,9.0,8.4199,0.5801,6.445,2016,522,1494,1984,0.0978,0.2589,1
0.1,tail_heavy,0.5,8,0.5,smart,0.3,2,4000,9.0,8.4211,0.5789,6.432,1972,514,1458,2028,0.0995,0.2606,1
0.1,tail_heavy,0.5,8,0.5,smart,0.3,3,4000,9.0,8.4381,0.5619,6.243,2000,504,1496,2000,0.1003,0.252,1
0.1,tail_heavy,0.5,8,0.5,smart,0.3,4,4000,9.0,8.3852,0.6148,6.831,2067,548,1519,1933,0.104,0.2651,1
0.1,tail_heavy,0.5,8,0.5,smart,0.3,5,4000,9.0,8.4775,0.5225,5.806,2020,483,1537,1980,0.101,0.2391,1
0.1,tail_heavy,0.5,8,0.5,smart,0.3,6,4000,9.0,8.4112,0.5888,6.543,2041,527,1514,1959,0.0973,0.2582,1
0.1,tail_heavy,0.5,8,1.0,smart,0.3,0,4000,9.0,8.6387,0.3613,4.015,1977,491,1486,2023,0.0975,0.2484,1
0.1,tail_heavy,0.5,8,1.0,smart,0.3,1,4000,9.0,8.5951,0.4049,4.499,1955,517,1438,2045,0.104,0.2645,1
0.1,tail_heavy,0.5,8,1.0,smart,0.3,2,4000,9.0,8.5919,0.4081,4.535,2030,538,1492,1970,0.1035,0.265,1
0.1,tail_heavy,0.5,8,1.0,smart,0.3,3,4000,9.0,8.6448,0.3552,3.947,1971,488,1483,2029,0.105,0.2476,1
0.1,tail_heavy,0.5,8,1.0,smart,0.3,4,4000,9.0,8.6332,0.3668,4.075,1987,501,1486,2013,0.0945,0.2521,1
0.1,tail_heavy,0.5,8,1.0,smart,0.3,5,4000,9.0,8.6038,0.3962,4.402,2023,518,1505,1977,0.0932,0.2561,1
0.1,tail_heavy,0.5,8,1.0,smart,0.3,6,4000,9.0,8.6022,0.3978,4.42,1982,513,1469,2018,0.1037,0.2588,1
0.1,tail_heavy,0.5,8,2.0,smart,0.3,0,4000,9.0,8.9968,0.0032,0.035,1944,495,1449,2056,0.108,0.2546,1
0.1,tail_heavy,0.5,8,2.0,smart,0.3,1,4000,9.0,9.0388,-0.0388,-0.431,1933,468,1465,2067,0.0973,0.2421,0
0.1,tail_heavy,0.5,8,2.0,smart,0.3,2,4000,9.0,9.0135,-0.0135,-0.15,2024,503,1521,1976,0.093,0.2485,0
0.1,tail_heavy,0.5,8,2.0,smart,0.3,3,4000,9.0,9.0072,-0.0072,-0.08,2010,503,1507,1990,0.099,0.2502,0
0.1,tail_heavy,0.5,8,2.0,smart,0.3,4,4000,9.0,9.0109,-0.0109,-0.122,2025,507,1518,1975,0.1003,0.2504,0
0.1,tail_heavy,0.5,8,2.0,smart,0.3,5,4000,9.0,8.9945,0.0055,0.062,2006,509,1497,1994,0.1022,0.2537,1
0.1,tail_heavy,0.5,8,2.0,smart,0.3,6,4000,9.0,9.0331,-0.0331,-0.368,1968,483,1485,2032,0.1017,0.2454,0
0.1,tail_heavy,0.6,0.25,0.5,smart,0.3,0,4000,1.25,1.362,-0.112,-8.963,1721,602,1119,2279,0.0993,0.3498,0
0.1,tail_heavy,0.6,0.25,0.5,smart,0.3,1,4000,1.25,1.366,-0.116,-9.282,1768,613,1155,2232,0.1062,0.3467,0
0.1,tail_heavy,0.6,0.25,0.5,smart,0.3,2,4000,1.25,1.3755,-0.1255,-10.043,1843,612,1231,2157,0.1082,0.3321,0
0.1,tail_heavy,0.6,0.25,0.5,smart,0.3,3,4000,1.25,1.3674,-0.1174,-9.388,1764,604,1160,2236,0.092,0.3424,0
0.1,tail_heavy,0.6,0.25,0.5,smart,0.3,4,4000,1.25,1.3668,-0.1168,-9.347,1788,623,1165,2212,0.0998,0.3484,0
0.1,tail_heavy,0.6,0.25,0.5,smart,0.3,5,4000,1.25,1.3683,-0.1183,-9.466,1777,605,1172,2223,0.1035,0.3405,0
0.1,tail_heavy,0.6,0.25,0.5,smart,0.3,6,4000,1.25,1.3691,-0.1191,-9.53,1838,647,1191,2162,0.0955,0.352,0
0.1,tail_heavy,0.6,0.25,1.0,smart,0.3,0,4000,1.25,1.519,-0.269,-21.519,1830,637,1193,2170,0.1015,0.3481,0
0.1,tail_heavy,0.6,0.25,1.0,smart,0.3,1,4000,1.25,1.5089,-0.2589,-20.711,1777,626,1151,2223,0.103,0.3523,0
0.1,tail_heavy,0.6,0.25,1.0,smart,0.3,2,4000,1.25,1.518,-0.268,-21.439,1785,601,1184,2215,0.1022,0.3367,0
0.1,tail_heavy,0.6,0.25,1.0,smart,0.3,3,4000,1.25,1.5174,-0.2674,-21.388,1766,589,1177,2234,0.096,0.3335,0
0.1,tail_heavy,0.6,0.25,1.0,smart,0.3,4,4000,1.25,1.5272,-0.2772,-22.175,1817,597,1220,2183,0.096,0.3286,0
0.1,tail_heavy,0.6,0.25,1.0,smart,0.3,5,4000,1.25,1.5188,-0.2688,-21.503,1832,640,1192,2168,0.1045,0.3493,0
0.1,tail_heavy,0.6,0.25,1.0,smart,0.3,6,4000,1.25,1.5235,-0.2735,-21.876,1793,589,1204,2207,0.099,0.3285,0
0.1,tail_heavy,0.6,0.25,2.0,smart,0.3,0,4000,1.25,1.8294,-0.5794,-46.355,1846,629,1217,2154,0.1032,0.3407,0
0.1,tail_heavy,0.6,0.25,2.0,smart,0.3,1,4000,1.25,1.7991,-0.5491,-43.927,1751,597,1154,2249,0.1025,0.3409,0
0.1,tail_heavy,0.6,0.25,2.0,smart,0.3,2,4000,1.25,1.804,-0.554,-44.316,1791,625,1166,2209,0.097,0.349,0
0.1,tail_heavy,0.6,0.25,2.0,smart,0.3,3,4000,1.25,1.8195,-0.5695,-45.557,1802,607,1195,2198,0.0998,0.3368,0
0.1,tail_heavy,0.6,0.25,2.0,smart,0.3,4,4000,1.25,1.82,-0.57,-45.597,1799,604,1195,2201,0.1003,0.3357,0
0.1,tail_heavy,0.6,0.25,2.0,smart,0.3,5,4000,1.25,1.8226,-0.5726,-45.806,1817,615,1202,2183,0.109,0.3385,0
0.1,tail_heavy,0.6,0.25,2.0,smart,0.3,6,4000,1.25,1.8082,-0.5582,-44.659,1748,578,1170,2252,0.0945,0.3307,0
0.1,tail_heavy,0.6,0.5,0.5,smart,0.3,0,4000,1.5,1.5893,-0.0893,-5.95,1734,587,1147,2266,0.103,0.3385,0
0.1,tail_heavy,0.6,0.5,0.5,smart,0.3,1,4000,1.5,1.5886,-0.0886,-5.906,1799,623,1176,2201,0.1045,0.3463,0
0.1,tail_heavy,0.6,0.5,0.5,smart,0.3,2,4000,1.5,1.5941,-0.0941,-6.273,1776,590,1186,2224,0.101,0.3322,0
0.1,tail_heavy,0.6,0.5,0.5,smart,0.3,3,4000,1.5,1.5954,-0.0954,-6.358,1778,585,1193,2222,0.1017,0.329,0
0.1,tail_heavy,0.6,0.5,0.5,smart,0.3,4,4000,1.5,1.592,-0.092,-6.132,1811,617,1194,2189,0.098,0.3407,0
0.1,tail_heavy,0.6,0.5,0.5,smart,0.3,5,4000,1.5,1.591,-0.091,-6.067,1811,623,1188,2189,0.1013,0.344,0
0.1,tail_heavy,0.6,0.5,0.5,smart,0.3,6,4000,1.5,1.5915,-0.0915,-6.097,1793,612,1181,2207,0.1,0.3413,0
0.1,tail_heavy,0.6,0.5,1.0,smart,0.3,0,4000,1.5,1.7345,-0.2345,-15.632,1765,603,1162,2235,0.099,0.3416,0
0.1,tail_heavy,0.6,0.5,1.0,smart,0.3,1,4000,1.5,1.7543,-0.2543,-16.954,1806,575,1231,2194,0.0998,0.3184,0
0.1,tail_heavy,0.6,0.5,1.0,smart,0.3,2,4000,1.5,1.747,-0.247,-16.469,1849,627,1222,2151,0.1042,0.3391,0
0.1,tail_heavy,0.6,0.5,1.0,smart,0.3,3,4000,1.5,1.7391,-0.2391,-15.943,1771,594,1177,2229,0.101,0.3354,0
0.1,tail_heavy,0.6,0.5,1.0,smart,0.3,4,4000,1.5,1.7411,-0.2411,-16.072,1806,617,1189,2194,0.1055,0.3416,0
0.1,tail_heavy,0.6,0.5,1.0,smart,0.3,5,4000,1.5,1.7473,-0.2473,-16.489,1768,570,1198,2232,0.0953,0.3224,0
0.1,tail_heavy,0.6,0.5,1.0,smart,0.3,6,4000,1.5,1.7172,-0.2172,-14.483,1831,704,1127,2169,0.1003,0.3845,0
0.1,tail_heavy,0.6,0.5,2.0,smart,0.3,0,4000,1.5,2.0379,-0.5379,-35.858,1806,616,1190,2194,0.1072,0.3411,0
0.1,tail_heavy,0.6,0.5,2.0,smart,0.3,1,4000,1.5,2.0282,-0.5282,-35.212,1779,609,1170,2221,0.101,0.3423,0
0.1,tail_heavy,0.6,0.5,2.0,smart,0.3,2,4000,1.5,2.0425,-0.5425,-36.169,1846,642,1204,2154,0.1003,0.3478,0
0.1,tail_heavy,0.6,0.5,2.0,smart,0.3,3,4000,1.5,2.0458,-0.5458,-36.384,1790,589,1201,2210,0.097,0.3291,0
0.1,tail_heavy,0.6,0.5,2.0,smart,0.3,4,4000,1.5,2.0396,-0.5396,-35.971,1758,573,1185,2242,0.0993,0.3259,0
0.1,tail_heavy,0.6,0.5,2.0,smart,0.3,5,4000,1.5,2.0487,-0.5487,-36.579,1793,587,1206,2207,0.1027,0.3274,0
0.1,tail_heavy,0.6,0.5,2.0,smart,0.3,6,4000,1.5,2.0756,-0.5756,-38.372,1843,584,1259,2157,0.102,0.3169,0
0.1,tail_heavy,0.6,1,0.5,smart,0.3,0,4000,2.0,2.0291,-0.0291,-1.453,1771,619,1152,2229,0.1035,0.3495,0
0.1,tail_heavy,0.6,1,0.5,smart,0.3,1,4000,2.0,2.0345,-0.0345,-1.725,1826,624,1202,2174,0.1045,0.3417,0
0.1,tail_heavy,0.6,1,0.5,smart,0.3,2,4000,2.0,2.0508,-0.0508,-2.539,1821,568,1253,2179,0.0968,0.3119,0
0.1,tail_heavy,0.6,1,0.5,smart,0.3,3,4000,2.0,2.0312,-0.0312,-1.56,1809,626,1183,2191,0.1045,0.346,0
0.1,tail_heavy,0.6,1,0.5,smart,0.3,4,4000,2.0,2.0357,-0.0357,-1.784,1825,617,1208,2175,0.1057,0.3381,0
0.1,tail_heavy,0.6,1,0.5,smart,0.3,5,4000,2.0,2.0508,-0.0508,-2.538,1780,551,1229,2220,0.103,0.3096,0
0.1,tail_heavy,0.6,1,0.5,smart,0.3,6,4000,2.0,2.0353,-0.0353,-1.764,1814,621,1193,2186,0.1027,0.3423,0
0.1,tail_heavy,0.6,1,1.0,smart,0.3,0,4000,2.0,2.1829,-0.1829,-9.145,1775,603,1172,2225,0.103,0.3397,0
0.1,tail_heavy,0.6,1,1.0,smart,0.3,1,4000,2.0,2.1722,-0.1722,-8.611,1771,626,1145,2229,0.0985,0.3535,0
0.1,tail_heavy,0.6,1,1.0,smart,0.3,2,4000,2.0,2.1735,-0.1735,-8.675,1804,639,1165,2196,0.0998,0.3542,0
0.1,tail_heavy,0.6,1,1.0,smart,0.3,3,4000,2.0,2.1942,-0.1942,-9.709,1795,586,1209,2205,0.0975,0.3265,0
0.1,tail_heavy,0.6,1,1.0,smart,0.3,4,4000,2.0,2.1837,-0.1837,-9.186,1778,599,1179,2222,0.0925,0.3369,0
0.1,tail_heavy,0.6,1,1.0,smart,0.3,5,4000,2.0,2.1757,-0.1757,-8.783,1746,597,1149,2254,0.0975,0.3419,0
0.1,tail_heavy,0.6,1,1.0,smart,0.3,6,4000,2.0,2.2054,-0.2054,-10.269,1792,558,1234,2208,0.0965,0.3114,0
0.1,tail_heavy,0.6,1,2.0,smart,0.3,0,4000,2.0,2.5017,-0.5017,-25.086,1826,600,1226,2174,0.1008,0.3286,0
0.1,tail_heavy,0.6,1,2.0,smart,0.3,1,4000,2.0,2.4895,-0.4895,-24.474,1844,632,1212,2156,0.11,0.3427,0
0.1,tail_heavy,0.6,1,2.0,smart,0.3,2,4000,2.0,2.5005,-0.5005,-25.025,1784,571,1213,2216,0.0907,0.3201,0
0.1,tail_heavy,0.6,1,2.0,smart,0.3,3,4000,2.0,2.4975,-0.4975,-24.876,1803,589,1214,2197,0.0985,0.3267,0
0.1,tail_heavy,0.6,1,2.0,smart,0.3,4,4000,2.0,2.4955,-0.4955,-24.777,1812,597,1215,2188,0.103,0.3295,0
0.1,tail_heavy,0.6,1,2.0,smart,0.3,5,4000,2.0,2.4863,-0.4863,-24.313,1810,613,1197,2190,0.0955,0.3387,0
0.1,tail_heavy,0.6,1,2.0,smart,0.3,6,4000,2.0,2.4603,-0.4603,-23.015,1769,618,1151,2231,0.0973,0.3493,0
0.1,tail_heavy,0.6,2,0.5,smart,0.3,0,4000,3.0,2.9171,0.0829,2.763,1851,634,1217,2149,0.1,0.3425,1
0.1,tail_heavy,0.6,2,0.5,smart,0.3,1,4000,3.0,2.9161,0.0839,2.796,1826,632,1194,2174,0.1035,0.3461,1
0.1,tail_heavy,0.6,2,0.5,smart,0.3,2,4000,3.0,2.9233,0.0767,2.556,1831,618,1213,2169,0.0973,0.3375,1
0.1,tail_heavy,0.6,2,0.5,smart,0.3,3,4000,3.0,2.9287,0.0713,2.378,1813,602,1211,2187,0.0945,0.332,1
0.1,tail_heavy,0.6,2,0.5,smart,0.3,4,4000,3.0,2.9391,0.0609,2.029,1823,583,1240,2177,0.0975,0.3198,1
0.1,tail_heavy,0.6,2,0.5,smart,0.3,5,4000,3.0,2.9166,0.0834,2.779,1807,628,1179,2193,0.1005,0.3475,1
0.1,tail_heavy,0.6,2,0.5,smart,0.3,6,4000,3.0,2.9114,0.0886,2.952,1782,631,1151,2218,0.1027,0.3541,1
0.1,tail_heavy,0.6,2,1.0,smart,0.3,0,4000,3.0,3.0524,-0.0524,-1.747,1806,646,1160,2194,0.0932,0.3577,0
0.1,tail_heavy,0.6,2,1.0,smart,0.3,1,4000,3.0,3.0735,-0.0735,-2.451,1818,617,1201,2182,0.099,0.3394,0
0.1,tail_heavy,0.6,2,1.0,smart,0.3,2,4000,3.0,3.0548,-0.0548,-1.826,1822,642,1180,2178,0.104,0.3524,0
0.1,tail_heavy,0.6,2,1.0,smart,0.3,3,4000,3.0,3.0781,-0.0781,-2.604,1812,600,1212,2188,0.108,0.3311,0
0.1,tail_heavy,0.6,2,1.0,smart,0.3,4,4000,3.0,3.0814,-0.0814,-2.712,1767,584,1183,2233,0.0917,0.3305,0
0.1,tail_heavy,0.6,2,1.0,smart,0.3,5,4000,3.0,3.0715,-0.0715,-2.383,1828,622,1206,2172,0.1013,0.3403,0
0.1,tail_heavy,0.6,2,1.0,smart,0.3,6,4000,3.0,3.0928,-0.0928,-3.093,1817,583,1234,2183,0.0945,0.3209,0
0.1,tail_heavy,0.6,2,2.0,smart,0.3,0,4000,3.0,3.3376,-0.3376,-11.252,1775,632,1143,2225,0.1013,0.3561,0
0.1,tail_heavy,0.6,2,2.0,smart,0.3,1,4000,3.0,3.3777,-0.3777,-12.591,1747,572,1175,2253,0.097,0.3274,0
0.1,tail_heavy,0.6,2,2.0,smart,0.3,2,4000,3.0,3.3751,-0.3751,-12.503,1830,622,1208,2170,0.0963,0.3399,0
0.1,tail_heavy,0.6,2,2.0,smart,0.3,3,4000,3.0,3.3432,-0.3432,-11.441,1804,642,1162,2196,0.1015,0.3559,0
0.1,tail_heavy,0.6,2,2.0,smart,0.3,4,4000,3.0,3.3908,-0.3908,-13.025,1766,566,1200,2234,0.098,0.3205,0
0.1,tail_heavy,0.6,2,2.0,smart,0.3,5,4000,3.0,3.3879,-0.3879,-12.931,1830,607,1223,2170,0.095,0.3317,0
0.1,tail_heavy,0.6,2,2.0,smart,0.3,6,4000,3.0,3.3979,-0.3979,-13.263,1816,587,1229,2184,0.0983,0.3232,0
0.1,tail_heavy,0.6,4,0.5,smart,0.3,0,4000,5.0,4.707,0.293,5.86,1794,596,1198,2206,0.1032,0.3322,1
0.1,tail_heavy,0.6,4,0.5,smart,0.3,1,4000,5.0,4.7026,0.2974,5.948,1828,614,1214,2172,0.1008,0.3359,1
0.1,tail_heavy,0.6,4,0.5,smart,0.3,2,4000,5.0,4.7138,0.2862,5.723,1758,583,1175,2242,0.096,0.3316,1
0.1,tail_heavy,0.6,4,0.5,smart,0.3,3,4000,5.0,4.6941,0.3059,6.118,1795,616,1179,2205,0.0973,0.3432,1
0.1,tail_heavy,0.6,4,0.5,smart,0.3,4,4000,5.0,4.6835,0.3165,6.329,1831,633,1198,2169,0.098,0.3457,1
0.1,tail_heavy,0.6,4,0.5,smart,0.3,5,4000,5.0,4.7098,0.2902,5.804,1828,601,1227,2172,0.0935,0.3288,1
0.1,tail_heavy,0.6,4,0.5,smart,0.3,6,4000,5.0,4.7098,0.2902,5.803,1812,603,1209,2188,0.1017,0.3328,1
0.1,tail_heavy,0.6,4,1.0,smart,0.3,0,4000,5.0,4.8696,0.1304,2.609,1832,601,1231,2168,0.1,0.3281,1
0.1,tail_heavy,0.6,4,1.0,smart,0.3,1,4000,5.0,4.8266,0.1734,3.469,1777,626,1151,2223,0.104,0.3523,1
0.1,tail_heavy,0.6,4,1.0,smart,0.3,2,4000,5.0,4.8535,0.1465,2.93,1774,599,1175,2226,0.1017,0.3377,1
0.1,tail_heavy,0.6,4,1.0,smart,0.3,3,4000,5.0,4.8126,0.1874,3.748,1868,660,1208,2132,0.1082,0.3533,1
0.1,tail_heavy,0.6,4,1.0,smart,0.3,4,4000,5.0,4.853,0.147,2.939,1783,606,1177,2217,0.1042,0.3399,1
0.1,tail_heavy,0.6,4,1.0,smart,0.3,5,4000,5.0,4.8756,0.1244,2.489,1756,567,1189,2244,0.0965,0.3229,1
0.1,tail_heavy,0.6,4,1.0,smart,0.3,6,4000,5.0,4.8373,0.1627,3.253,1809,621,1188,2191,0.1035,0.3433,1
0.1,tail_heavy,0.6,4,2.0,smart,0.3,0,4000,5.0,5.1732,-0.1732,-3.465,1799,590,1209,2201,0.103,0.328,0
0.1,tail_heavy,0.6,4,2.0,smart,0.3,1,4000,5.0,5.1195,-0.1195,-2.389,1737,606,1131,2263,0.0973,0.3489,0
0.1,tail_heavy,0.6,4,2.0,smart,0.3,2,4000,5.0,5.1785,-0.1785,-3.57,1802,583,1219,2198,0.1013,0.3235,0
0.1,tail_heavy,0.6,4,2.0,smart,0.3,3,4000,5.0,5.1548,-0.1548,-3.096,1778,598,1180,2222,0.0925,0.3363,0
0.1,tail_heavy,0.6,4,2.0,smart,0.3,4,4000,5.0,5.1295,-0.1295,-2.59,1852,644,1208,2148,0.1052,0.3477,0
0.1,tail_heavy,0.6,4,2.0,smart,0.3,5,4000,5.0,5.1768,-0.1768,-3.536,1841,604,1237,2159,0.0948,0.3281,0
0.1,tail_heavy,0.6,4,2.0,smart,0.3,6,4000,5.0,5.1408,-0.1408,-2.816,1830,625,1205,2170,0.0998,0.3415,0
0.1,tail_heavy,0.6,8,0.5,smart,0.3,0,4000,9.0,8.217,0.783,8.7,1820,630,1190,2180,0.1005,0.3462,1
0.1,tail_heavy,0.6,8,0.5,smart,0.3,1,4000,9.0,8.2,0.8,8.889,1828,639,1189,2172,0.1003,0.3496,1
0.1,tail_heavy,0.6,8,0.5,smart,0.3,2,4000,9.0,8.2228,0.7772,8.636,1804,629,1175,2196,0.0897,0.3487,1
0.1,tail_heavy,0.6,8,0.5,smart,0.3,3,4000,9.0,8.2715,0.7285,8.094,1830,598,1232,2170,0.0973,0.3268,1
0.1,tail_heavy,0.6,8,0.5,smart,0.3,4,4000,9.0,8.2092,0.7908,8.787,1821,635,1186,2179,0.0927,0.3487,1
0.1,tail_heavy,0.6,8,0.5,smart,0.3,5,4000,9.0,8.298,0.702,7.8,1837,588,1249,2163,0.0935,0.3201,1
0.1,tail_heavy,0.6,8,0.5,smart,0.3,6,4000,9.0,8.229,0.771,8.566,1842,622,1220,2158,0.1065,0.3377,1
0.1,tail_heavy,0.6,8,1.0,smart,0.3,0,4000,9.0,8.3974,0.6026,6.696,1832,611,1221,2168,0.1025,0.3335,1
0.1,tail_heavy,0.6,8,1.0,smart,0.3,1,4000,9.0,8.463,0.537,5.967,1759,567,1192,2241,0.0998,0.3223,1
0.1,tail_heavy,0.6,8,1.0,smart,0.3,2,4000,9.0,8.4049,0.5951,6.613,1785,608,1177,2215,0.1057,0.3406,1
0.1,tail_heavy,0.6,8,1.0,smart,0.3,3,4000,9.0,8.381,0.619,6.878,1834,624,1210,2166,0.1075,0.3402,1
0.1,tail_heavy,0.6,8,1.0,smart,0.3,4,4000,9.0,8.3507,0.6493,7.215,1862,648,1214,2138,0.1037,0.348,1
0.1,tail_heavy,0.6,8,1.0,smart,0.3,5,4000,9.0,8.4544,0.5456,6.062,1818,580,1238,2182,0.098,0.319,1
0.1,tail_heavy,0.6,8,1.0,smart,0.3,6,4000,9.0,8.4198,0.5802,6.447,1838,604,1234,2162,0.1017,0.3286,1
0.1,tail_heavy,0.6,8,2.0,smart,0.3,0,4000,9.0,8.7402,0.2598,2.886,1817,588,1229,2183,0.1022,0.3236,1
0.1,tail_heavy,0.6,8,2.0,smart,0.3,1,4000,9.0,8.6099,0.3901,4.334,1822,655,1167,2178,0.1032,0.3595,1
0.1,tail_heavy,0.6,8,2.0,smart,0.3,2,4000,9.0,8.6247,0.3753,4.17,1873,660,1213,2127,0.0925,0.3524,1
0.1,tail_heavy,0.6,8,2.0,smart,0.3,3,4000,9.0,8.745,0.255,2.833,1747,570,1177,2253,0.0968,0.3263,1
0.1,tail_heavy,0.6,8,2.0,smart,0.3,4,4000,9.0,8.6888,0.3112,3.458,1790,601,1189,2210,0.0945,0.3358,1
0.1,tail_heavy,0.6,8,2.0,smart,0.3,5,4000,9.0,8.7041,0.2959,3.288,1810,612,1198,2190,0.0963,0.3381,1
0.1,tail_heavy,0.6,8,2.0,smart,0.3,6,4000,9.0,8.7152,0.2848,3.164,1804,602,1202,2196,0.0998,0.3337,1
0.1,tail_heavy,0.7,0.25,0.5,smart,0.3,0,4000,1.25,1.3357,-0.0857,-6.859,1597,667,930,2403,0.102,0.4177,0
0.1,tail_heavy,0.7,0.25,0.5,smart,0.3,1,4000,1.25,1.3301,-0.0801,-6.409,1609,706,903,2391,0.1047,0.4388,0
0.1,tail_heavy,0.7,0.25,0.5,smart,0.3,2,4000,1.25,1.3339,-0.0839,-6.711,1614,686,928,2386,0.1,0.425,0
0.1,tail_heavy,0.7,0.25,0.5,smart,0.3,3,4000,1.25,1.3326,-0.0826,-6.61,1615,699,916,2385,0.1052,0.4328,0
0.1,tail_heavy,0.7,0.25,0.5,smart,0.3,4,4000,1.25,1.3252,-0.0752,-6.014,1645,761,884,2355,0.0998,0.4626,0
0.1,tail_heavy,0.7,0.25,0.5,smart,0.3,5,4000,1.25,1.3319,-0.0819,-6.555,1623,708,915,2377,0.0963,0.4362,0
0.1,tail_heavy,0.7,0.25,0.5,smart,0.3,6,4000,1.25,1.3283,-0.0783,-6.263,1562,687,875,2438,0.099,0.4398,0
0.1,tail_heavy,0.7,0.25,1.0,smart,0.3,0,4000,1.25,1.4491,-0.1991,-15.926,1637,709,928,2363,0.1042,0.4331,0
0.1,tail_heavy,0.7,0.25,1.0,smart,0.3,1,4000,1.25,1.4378,-0.1878,-15.02,1571,693,878,2429,0.099,0.4411,0
0.1,tail_heavy,0.7,0.25,1.0,smart,0.3,2,4000,1.25,1.4461,-0.1961,-15.691,1623,708,915,2377,0.0963,0.4362,0
0.1,tail_heavy,0.7,0.25,1.0,smart,0.3,3,4000,1.25,1.4375,-0.1875,-15.004,1562,685,877,2438,0.0998,0.4385,0
0.1,tail_heavy,0.7,0.25,1.0,smart,0.3,4,4000,1.25,1.4448,-0.1948,-15.588,1564,663,901,2436,0.1,0.4239,0
0.1,tail_heavy,0.7,0.25,1.0,smart,0.3,5,4000,1.25,1.4397,-0.1897,-15.18,1557,673,884,2443,0.0945,0.4322,0
0.1,tail_heavy,0.7,0.25,1.0,smart,0.3,6,4000,1.25,1.4295,-0.1795,-14.356,1556,707,849,2444,0.095,0.4544,0
0.1,tail_heavy,0.7,0.25,2.0,smart,0.3,0,4000,1.25,1.6456,-0.3956,-31.651,1606,746,860,2394,0.1052,0.4645,0
0.1,tail_heavy,0.7,0.25,2.0,smart,0.3,1,4000,1.25,1.6742,-0.4242,-33.937,1638,723,915,2362,0.1067,0.4414,0
0.1,tail_heavy,0.7,0.25,2.0,smart,0.3,2,4000,1.25,1.6666,-0.4166,-33.326,1636,735,901,2364,0.102,0.4493,0
0.1,tail_heavy,0.7,0.25,2.0,smart,0.3,3,4000,1.25,1.6718,-0.4218,-33.746,1616,707,909,2384,0.1042,0.4375,0
0.1,tail_heavy,0.7,0.25,2.0,smart,0.3,4,4000,1.25,1.6893,-0.4393,-35.147,1651,707,944,2349,0.0955,0.4282,0
0.1,tail_heavy,0.7,0.25,2.0,smart,0.3,5,4000,1.25,1.677,-0.427,-34.156,1595,679,916,2405,0.1032,0.4257,0
0.1,tail_heavy,0.7,0.25,2.0,smart,0.3,6,4000,1.25,1.6596,-0.4096,-32.767,1603,718,885,2397,0.0983,0.4479,0
0.1,tail_heavy,0.7,0.5,0.5,smart,0.3,0,4000,1.5,1.5396,-0.0396,-2.642,1496,676,820,2504,0.1025,0.4519,0
0.1,tail_heavy,0.7,0.5,0.5,smart,0.3,1,4000,1.5,1.5571,-0.0571,-3.81,1635,680,955,2365,0.0938,0.4159,0
0.1,tail_heavy,0.7,0.5,0.5,smart,0.3,2,4000,1.5,1.5491,-0.0491,-3.276,1641,715,926,2359,0.0965,0.4357,0
0.1,tail_heavy,0.7,0.5,0.5,smart,0.3,3,4000,1.5,1.545,-0.045,-3.002,1631,731,900,2369,0.1025,0.4482,0
0.1,tail_heavy,0.7,0.5,0.5,smart,0.3,4,4000,1.5,1.5405,-0.0405,-2.699,1584,728,856,2416,0.102,0.4596,0
0.1,tail_heavy,0.7,0.5,0.5,smart,0.3,5,4000,1.5,1.5451,-0.0451,-3.009,1646,739,907,2354,0.0943,0.449,0
0.1,tail_heavy,0.7,0.5,0.5,smart,0.3,6,4000,1.5,1.5537,-0.0537,-3.581,1567,654,913,2433,0.0973,0.4174,0
0.1,tail_heavy,0.7,0.5,1.0,smart,0.3,0,4000,1.5,1.6546,-0.1546,-10.306,1586,708,878,2414,0.1,0.4464,0
0.1,tail_heavy,0.7,0.5,1.0,smart,0.3,1,4000,1.5,1.6583,-0.1583,-10.553,1597,703,894,2403,0.1008,0.4402,0
0.1,tail_heavy,0.7,0.5,1.0,smart,0.3,2,4000,1.5,1.6543,-0.1543,-10.289,1647,751,896,2353,0.1065,0.456,0
0.1,tail_heavy,0.7,0.5,1.0,smart,0.3,3,4000,1.5,1.6597,-0.1597,-10.644,1597,699,898,2403,0.0975,0.4377,0
0.1,tail_heavy,0.7,0.5,1.0,smart,0.3,4,4000,1.5,1.6563,-0.1563,-10.419,1600,711,889,2400,0.097,0.4444,0
0.1,tail_heavy,0.7,0.5,1.0,smart,0.3,5,4000,1.5,1.6632,-0.1632,-10.883,1625,708,917,2375,0.097,0.4357,0
0.1,tail_heavy,0.7,0.5,1.0,smart,0.3,6,4000,1.5,1.6641,-0.1641,-10.941,1634,715,919,2366,0.0955,0.4376,0
0.1,tail_heavy,0.7,0.5,2.0,smart,0.3,0,4000,1.5,1.8726,-0.3726,-24.839,1579,705,874,2421,0.0998,0.4465,0
0.1,tail_heavy,0.7,0.5,2.0,smart,0.3,1,4000,1.5,1.8636,-0.3636,-24.242,1564,707,857,2436,0.1025,0.452,0
0.1,tail_heavy,0.7,0.5,2.0,smart,0.3,2,4000,1.5,1.8871,-0.3871,-25.808,1632,723,909,2368,0.0963,0.443,0
0.1,tail_heavy,0.7,0.5,2.0,smart,0.3,3,4000,1.5,1.8632,-0.3632,-24.213,1571,712,859,2429,0.1027,0.4532,0
0.1,tail_heavy,0.7,0.5,2.0,smart,0.3,4,4000,1.5,1.8701,-0.3701,-24.672,1574,704,870,2426,0.099,0.4473,0
0.1,tail_heavy,0.7,0.5,2.0,smart,0.3,5,4000,1.5,1.8772,-0.3772,-25.149,1589,705,884,2411,0.104,0.4437,0
0.1,tail_heavy,0.7,0.5,2.0,smart,0.3,6,4000,1.5,1.8729,-0.3729,-24.86,1619,737,882,2381,0.1085,0.4552,0
0.1,tail_heavy,0.7,1,0.5,smart,0.3,0,4000,2.0,1.9829,0.0171,0.854,1611,710,901,2389,0.0953,0.4407,1
0.1,tail_heavy,0.7,1,0.5,smart,0.3,1,4000,2.0,1.9736,0.0264,1.32,1602,727,875,2398,0.099,0.4538,1
0.1,tail_heavy,0.7,1,0.5,smart,0.3,2,4000,2.0,1.9875,0.0125,0.626,1613,691,922,2387,0.1047,0.4284,1
0.1,tail_heavy,0.7,1,0.5,smart,0.3,3,4000,2.0,1.9834,0.0166,0.828,1623,711,912,2377,0.0963,0.4381,1
0.1,tail_heavy,0.7,1,0.5,smart,0.3,4,4000,2.0,1.9773,0.0227,1.136,1638,741,897,2362,0.1017,0.4524,1
0.1,tail_heavy,0.7,1,0.5,smart,0.3,5,4000,2.0,1.9739,0.0261,1.307,1608,737,871,2392,0.1098,0.4583,1
0.1,tail_heavy,0.7,1,0.5,smart,0.3,6,4000,2.0,1.9832,0.0168,0.839,1633,715,918,2367,0.096,0.4378,1
0.1,tail_heavy,0.7,1,1.0,smart,0.3,0,4000,2.0,2.0837,-0.0837,-4.187,1599,730,869,2401,0.0998,0.4565,0
0.1,tail_heavy,0.7,1,1.0,smart,0.3,1,4000,2.0,2.0985,-0.0985,-4.926,1603,697,906,2397,0.0938,0.4348,0
0.1,tail_heavy,0.7,1,1.0,smart,0.3,2,4000,2.0,2.0935,-0.0935,-4.677,1595,706,889,2405,0.0948,0.4426,0
0.1,tail_heavy,0.7,1,1.0,smart,0.3,3,4000,2.0,2.0876,-0.0876,-4.382,1591,713,878,2409,0.1008,0.4481,0
0.1,tail_heavy,0.7,1,1.0,smart,0.3,4,4000,2.0,2.0906,-0.0906,-4.531,1621,723,898,2379,0.1082,0.446,0
0.1,tail_heavy,0.7,1,1.0,smart,0.3,5,4000,2.0,2.0989,-0.0989,-4.944,1573,676,897,2427,0.0887,0.4298,0
0.1,tail_heavy,0.7,1,1.0,smart,0.3,6,4000,2.0,2.0877,-0.0877,-4.383,1566,699,867,2434,0.102,0.4464,0
0.1,tail_heavy,0.7,1,2.0,smart,0.3,0,4000,2.0,2.3105,-0.3105,-15.523,1636,740,896,2364,0.1003,0.4523,0
0.1,tail_heavy,0.7,1,2.0,smart,0.3,1,4000,2.0,2.318,-0.318,-15.901,1606,710,896,2394,0.1013,0.4421,0
0.1,tail_heavy,0.7,1,2.0,smart,0.3,2,4000,2.0,2.3392,-0.3392,-16.96,1605,676,929,2395,0.1017,0.4212,0
0.1,tail_heavy,0.7,1,2.0,smart,0.3,3,4000,2.0,2.3105,-0.3105,-15.527,1619,731,888,2381,0.1082,0.4515,0
0.1,tail_heavy,0.7,1,2.0,smart,0.3,4,4000,2.0,2.3124,-0.3124,-15.622,1620,728,892,2380,0.0955,0.4494,0
0.1,tail_heavy,0.7,1,2.0,smart,0.3,5,4000,2.0,2.3132,-0.3132,-15.658,1604,714,890,2396,0.1062,0.4451,0
0.1,tail_heavy,0.7,1,2.0,smart,0.3,6,4000,2.0,2.3125,-0.3125,-15.627,1564,684,880,2436,0.098,0.4373,0
0.1,tail_heavy,0.7,2,0.5,smart,0.3,0,4000,3.0,2.8565,0.1435,4.784,1627,703,924,2373,0.0905,0.4321,1
0.1,tail_heavy,0.7,2,0.5,smart,0.3,1,4000,3.0,2.847,0.153,5.099,1585,711,874,2415,0.094,0.4486,1
0.1,tail_heavy,0.7,2,0.5,smart,0.3,2,4000,3.0,2.865,0.135,4.502,1561,668,893,2439,0.0995,0.4279,1
0.1,tail_heavy,0.7,2,0.5,smart,0.3,3,4000,3.0,2.8548,0.1452,4.841,1582,694,888,2418,0.1015,0.4387,1
0.1,tail_heavy,0.7,2,0.5,smart,0.3,4,4000,3.0,2.8386,0.1614,5.381,1635,736,899,2365,0.1087,0.4502,1
0.1,tail_heavy,0.7,2,0.5,smart,0.3,5,4000,3.0,2.8573,0.1427,4.757,1561,685,876,2439,0.0983,0.4388,1
0.1,tail_heavy,0.7,2,0.5,smart,0.3,6,4000,3.0,2.8425,0.1575,5.251,1570,721,849,2430,0.106,0.4592,1
0.1,tail_heavy,0.7,2,1.0,smart,0.3,0,4000,3.0,2.9711,0.0289,0.964,1651,716,935,2349,0.0945,0.4337,1
0.1,tail_heavy,0.7,2,1.0,smart,0.3,1,4000,3.0,2.9674,0.0326,1.085,1626,709,917,2374,0.0998,0.436,1
0.1,tail_heavy,0.7,2,1.0,smart,0.3,2,4000,3.0,2.9485,0.0515,1.718,1613,733,880,2387,0.1128,0.4544,1
0.1,tail_heavy,0.7,2,1.0,smart,0.3,3,4000,3.0,2.9719,0.0281,0.938,1590,684,906,2410,0.1017,0.4302,1
0.1,tail_heavy,0.7,2,1.0,smart,0.3,4,4000,3.0,2.9746,0.0254,0.848,1602,690,912,2398,0.0968,0.4307,1
0.1,tail_heavy,0.7,2,1.0,smart,0.3,5,4000,3.0,2.9572,0.0428,1.426,1568,708,860,2432,0.0995,0.4515,1
0.1,tail_heavy,0.7,2,1.0,smart,0.3,6,4000,3.0,2.953,0.047,1.568,1620,733,887,2380,0.1055,0.4525,1
0.1,tail_heavy,0.7,2,2.0,smart,0.3,0,4000,3.0,3.1853,-0.1853,-6.176,1561,683,878,2439,0.1075,0.4375,0
0.1,tail_heavy,0.7,2,2.0,smart,0.3,1,4000,3.0,3.2004,-0.2004,-6.678,1570,677,893,2430,0.0917,0.4312,0
0.1,tail_heavy,0.7,2,2.0,smart,0.3,2,4000,3.0,3.1785,-0.1785,-5.95,1635,733,902,2365,0.101,0.4483,0
0.1,tail_heavy,0.7,2,2.0,smart,0.3,3,4000,3.0,3.2064,-0.2064,-6.881,1579,673,906,2421,0.092,0.4262,0
0.1,tail_heavy,0.7,2,2.0,smart,0.3,4,4000,3.0,3.1832,-0.1832,-6.107,1659,747,912,2341,0.1027,0.4503,0
0.1,tail_heavy,0.7,2,2.0,smart,0.3,5,4000,3.0,3.1904,-0.1904,-6.346,1615,710,905,2385,0.104,0.4396,0
0.1,tail_heavy,0.7,2,2.0,smart,0.3,6,4000,3.0,3.1964,-0.1964,-6.546,1613,702,911,2387,0.0948,0.4352,0
0.1,tail_heavy,0.7,4,0.5,smart,0.3,0,4000,5.0,4.5628,0.4372,8.745,1584,732,852,2416,0.1105,0.4621,1
0.1,tail_heavy,0.7,4,0.5,smart,0.3,1,4000,5.0,4.5917,0.4083,8.165,1616,707,909,2384,0.101,0.4375,1
0.1,tail_heavy,0.7,4,0.5,smart,0.3,2,4000,5.0,4.5616,0.4384,8.768,1653,741,912,2347,0.1003,0.4483,1
0.1,tail_heavy,0.7,4,0.5,smart,0.3,3,4000,5.0,4.5965,0.4035,8.071,1601,704,897,2399,0.094,0.4397,1
0.1,tail_heavy,0.7,4,0.5,smart,0.3,4,4000,5.0,4.5946,0.4054,8.109,1636,705,931,2364,0.0958,0.4309,1
0.1,tail_heavy,0.7,4,0.5,smart,0.3,5,4000,5.0,4.6058,0.3942,7.885,1562,687,875,2438,0.0955,0.4398,1
0.1,tail_heavy,0.7,4,0.5,smart,0.3,6,4000,5.0,4.6137,0.3863,7.726,1580,682,898,2420,0.0978,0.4316,1
0.1,tail_heavy,0.7,4,1.0,smart,0.3,0,4000,5.0,4.7183,0.2817,5.635,1657,702,955,2343,0.0958,0.4237,1
0.1,tail_heavy,0.7,4,1.0,smart,0.3,1,4000,5.0,4.695,0.305,6.101,1590,711,879,2410,0.103,0.4472,1
0.1,tail_heavy,0.7,4,1.0,smart,0.3,2,4000,5.0,4.7196,0.2804,5.608,1563,686,877,2437,0.0905,0.4389,1
0.1,tail_heavy,0.7,4,1.0,smart,0.3,3,4000,5.0,4.6741,0.3259,6.518,1546,723,823,2454,0.1037,0.4677,1
0.1,tail_heavy,0.7,4,1.0,smart,0.3,4,4000,5.0,4.7056,0.2944,5.888,1605,705,900,2395,0.1143,0.4393,1
0.1,tail_heavy,0.7,4,1.0,smart,0.3,5,4000,5.0,4.6985,0.3015,6.031,1624,717,907,2376,0.0965,0.4415,1
0.1,tail_heavy,0.7,4,1.0,smart,0.3,6,4000,5.0,4.7274,0.2726,5.453,1619,683,936,2381,0.0948,0.4219,1
0.1,tail_heavy,0.7,4,2.0,smart,0.3,0,4000,5.0,4.9898,0.0102,0.205,1573,650,923,2427,0.0875,0.4132,1
0.1,tail_heavy,0.7,4,2.0,smart,0.3,1,4000,5.0,4.8906,0.1094,2.189,1628,746,882,2372,0.1065,0.4582,1
0.1,tail_heavy,0.7,4,2.0,smart,0.3,2,4000,5.0,4.8961,0.1039,2.079,1620,741,879,2380,0.1008,0.4574,1
0.1,tail_heavy,0.7,4,2.0,smart,0.3,3,4000,5.0,4.9135,0.0865,1.73,1652,738,914,2348,0.104,0.4467,1
0.1,tail_heavy,0.7,4,2.0,smart,0.3,4,4000,5.0,4.9317,0.0683,1.365,1634,715,919,2366,0.0983,0.4376,1
0.1,tail_heavy,0.7,4,2.0,smart,0.3,5,4000,5.0,4.9713,0.0287,0.574,1626,678,948,2374,0.0915,0.417,1
0.1,tail_heavy,0.7,4,2.0,smart,0.3,6,4000,5.0,4.9509,0.0491,0.982,1585,679,906,2415,0.0975,0.4284,1
0.1,tail_heavy,0.7,8,0.5,smart,0.3,0,4000,9.0,8.0312,0.9688,10.764,1571,732,839,2429,0.102,0.4659,1
0.1,tail_heavy,0.7,8,0.5,smart,0.3,1,4000,9.0,7.9711,1.0289,11.432,1603,759,844,2397,0.1045,0.4735,1
0.1,tail_heavy,0.7,8,0.5,smart,0.3,2,4000,9.0,8.1287,0.8713,9.681,1549,675,874,2451,0.0988,0.4358,1
0.1,tail_heavy,0.7,8,0.5,smart,0.3,3,4000,9.0,8.0695,0.9305,10.339,1572,690,882,2428,0.0943,0.4389,1
0.1,tail_heavy,0.7,8,0.5,smart,0.3,4,4000,9.0,8.1169,0.8831,9.812,1600,676,924,2400,0.0932,0.4225,1
0.1,tail_heavy,0.7,8,0.5,smart,0.3,5,4000,9.0,8.1118,0.8882,9.869,1571,675,896,2429,0.098,0.4297,1
0.1,tail_heavy,0.7,8,0.5,smart,0.3,6,4000,9.0,8.071,0.929,10.322,1613,710,903,2387,0.096,0.4402,1
0.1,tail_heavy,0.7,8,1.0,smart,0.3,0,4000,9.0,8.2177,0.7823,8.692,1596,693,903,2404,0.0887,0.4342,1
0.1,tail_heavy,0.7,8,1.0,smart,0.3,1,4000,9.0,8.1085,0.8915,9.905,1618,752,866,2382,0.0995,0.4648,1
0.1,tail_heavy,0.7,8,1.0,smart,0.3,2,4000,9.0,8.1909,0.8091,8.99,1643,708,935,2357,0.099,0.4309,1
0.1,tail_heavy,0.7,8,1.0,smart,0.3,3,4000,9.0,8.1925,0.8075,8.972,1628,698,930,2372,0.1005,0.4287,1
0.1,tail_heavy,0.7,8,1.0,smart,0.3,4,4000,9.0,8.1058,0.8942,9.935,1622,753,869,2378,0.1067,0.4642,1
0.1,tail_heavy,0.7,8,1.0,smart,0.3,5,4000,9.0,8.2025,0.7975,8.861,1617,692,925,2383,0.094,0.428,1
0.1,tail_heavy,0.7,8,1.0,smart,0.3,6,4000,9.0,8.2221,0.7779,8.643,1583,681,902,2417,0.0968,0.4302,1
0.1,tail_heavy,0.7,8,2.0,smart,0.3,0,4000,9.0,8.3994,0.6006,6.673,1608,714,894,2392,0.094,0.444,1
0.1,tail_heavy,0.7,8,2.0,smart,0.3,1,4000,9.0,8.3553,0.6447,7.164,1568,722,846,2432,0.1022,0.4605,1
0.1,tail_heavy,0.7,8,2.0,smart,0.3,2,4000,9.0,8.4126,0.5874,6.527,1587,696,891,2413,0.096,0.4386,1
0.1,tail_heavy,0.7,8,2.0,smart,0.3,3,4000,9.0,8.3843,0.6157,6.841,1587,718,869,2413,0.102,0.4524,1
0.1,tail_heavy,0.7,8,2.0,smart,0.3,4,4000,9.0,8.389,0.611,6.789,1613,714,899,2387,0.0965,0.4427,1
0.1,tail_heavy,0.7,8,2.0,smart,0.3,5,4000,9.0,8.2556,0.7444,8.271,1705,801,904,2295,0.1118,0.4698,1
0.1,tail_heavy,0.7,8,2.0,smart,0.3,6,4000,9.0,8.4014,0.5986,6.651,1668,717,951,2332,0.1085,0.4299,1
0.1,tail_heavy,0.8,0.25,0.5,smart,0.3,0,4000,1.25,1.2909,-0.0409,-3.269,1456,825,631,2544,0.0995,0.5666,0
0.1,tail_heavy,0.8,0.25,0.5,smart,0.3,1,4000,1.25,1.288,-0.038,-3.041,1432,823,609,2568,0.0915,0.5747,0
0.1,tail_heavy,0.8,0.25,0.5,smart,0.3,2,4000,1.25,1.2848,-0.0348,-2.784,1399,820,579,2601,0.104,0.5861,0
0.1,tail_heavy,0.8,0.25,0.5,smart,0.3,3,4000,1.25,1.2822,-0.0322,-2.572,1358,803,555,2642,0.1027,0.5913,0
0.1,tail_heavy,0.8,0.25,0.5,smart,0.3,4,4000,1.25,1.2934,-0.0434,-3.473,1450,804,646,2550,0.1015,0.5545,0
0.1,tail_heavy,0.8,0.25,0.5,smart,0.3,5,4000,1.25,1.2896,-0.0396,-3.168,1422,810,612,2578,0.1022,0.5696,0
0.1,tail_heavy,0.8,0.25,0.5,smart,0.3,6,4000,1.25,1.2862,-0.0362,-2.899,1362,783,579,2638,0.1,0.5749,0
0.1,tail_heavy,0.8,0.25,1.0,smart,0.3,0,4000,1.25,1.3588,-0.1088,-8.704,1425,835,590,2575,0.1035,0.586,0
0.1,tail_heavy,0.8,0.25,1.0,smart,0.3,1,4000,1.25,1.3656,-0.1156,-9.245,1425,812,613,2575,0.106,0.5698,0
0.1,tail_heavy,0.8,0.25,1.0,smart,0.3,2,4000,1.25,1.3706,-0.1206,-9.649,1481,843,638,2519,0.105,0.5692,0
0.1,tail_heavy,0.8,0.25,1.0,smart,0.3,3,4000,1.25,1.3525,-0.1025,-8.201,1402,838,564,2598,0.0978,0.5977,0
0.1,tail_heavy,0.8,0.25,1.0,smart,0.3,4,4000,1.25,1.3633,-0.1133,-9.066,1422,817,605,2578,0.0968,0.5745,0
0.1,tail_heavy,0.8,0.25,1.0,smart,0.3,5,4000,1.25,1.3564,-0.1064,-8.51,1440,856,584,2560,0.1072,0.5944,0
0.1,tail_heavy,0.8,0.25,1.0,smart,0.3,6,4000,1.25,1.3537,-0.1037,-8.298,1381,816,565,2619,0.1003,0.5909,0
0.1,tail_heavy,0.8,0.25,2.0,smart,0.3,0,4000,1.25,1.492,-0.242,-19.363,1393,832,561,2607,0.1045,0.5973,0
0.1,tail_heavy,0.8,0.25,2.0,smart,0.3,1,4000,1.25,1.5106,-0.2606,-20.849,1456,856,600,2544,0.0968,0.5879,0
0.1,tail_heavy,0.8,0.25,2.0,smart,0.3,2,4000,1.25,1.5297,-0.2797,-22.374,1420,788,632,2580,0.097,0.5549,0
0.1,tail_heavy,0.8,0.25,2.0,smart,0.3,3,4000,1.25,1.5064,-0.2564,-20.509,1380,794,586,2620,0.0978,0.5754,0
0.1,tail_heavy,0.8,0.25,2.0,smart,0.3,4,4000,1.25,1.5142,-0.2642,-21.137,1431,826,605,2569,0.1,0.5772,0
0.1,tail_heavy,0.8,0.25,2.0,smart,0.3,5,4000,1.25,1.505,-0.255,-20.403,1367,784,583,2633,0.101,0.5735,0
0.1,tail_heavy,0.8,0.25,2.0,smart,0.3,6,4000,1.25,1.523,-0.273,-21.836,1409,790,619,2591,0.1022,0.5607,0
0.1,tail_heavy,0.8,0.5,0.5,smart,0.3,0,4000,1.5,1.4973,0.0027,0.178,1362,794,568,2638,0.0998,0.583,1
0.1,tail_heavy,0.8,0.5,0.5,smart,0.3,1,4000,1.5,1.5018,-0.0018,-0.118,1365,776,589,2635,0.1025,0.5685,0
0.1,tail_heavy,0.8,0.5,0.5,smart,0.3,2,4000,1.5,1.5047,-0.0047,-0.314,1391,778,613,2609,0.1003,0.5593,0
0.1,tail_heavy,0.8,0.5,0.5,smart,0.3,3,4000,1.5,1.4973,0.0027,0.177,1454,846,608,2546,0.099,0.5818,1
0.1,tail_heavy,0.8,0.5,0.5,smart,0.3,4,4000,1.5,1.4891,0.0109,0.724,1463,893,570,2537,0.1052,0.6104,1
0.1,tail_heavy,0.8,0.5,0.5,smart,0.3,5,4000,1.5,1.4979,0.0021,0.139,1389,808,581,2611,0.0995,0.5817,1
0.1,tail_heavy,0.8,0.5,0.5,smart,0.3,6,4000,1.5,1.5017,-0.0017,-0.115,1397,797,600,2603,0.0988,0.5705,0
0.1,tail_heavy,0.8,0.5,1.0,smart,0.3,0,4000,1.5,1.5688,-0.0688,-4.587,1380,808,572,2620,0.097,0.5855,0
0.1,tail_heavy,0.8,0.5,1.0,smart,0.3,1,4000,1.5,1.5763,-0.0763,-5.086,1396,796,600,2604,0.0993,0.5702,0
0.1,tail_heavy,0.8,0.5,1.0,smart,0.3,2,4000,1.5,1.5815,-0.0815,-5.433,1432,809,623,2568,0.113,0.5649,0
0.1,tail_heavy,0.8,0.5,1.0,smart,0.3,3,4000,1.5,1.5808,-0.0808,-5.388,1397,785,612,2603,0.0905,0.5619,0
0.1,tail_heavy,0.8,0.5,1.0,smart,0.3,4,4000,1.5,1.5745,-0.0745,-4.969,1331,753,578,2669,0.0953,0.5657,0
0.1,tail_heavy,0.8,0.5,1.0,smart,0.3,5,4000,1.5,1.571,-0.071,-4.731,1419,831,588,2581,0.0968,0.5856,0
0.1,tail_heavy,0.8,0.5,1.0,smart,0.3,6,4000,1.5,1.578,-0.078,-5.201,1444,828,616,2556,0.0905,0.5734,0
0.1,tail_heavy,0.8,0.5,2.0,smart,0.3,0,4000,1.5,1.7382,-0.2382,-15.88,1424,801,623,2576,0.093,0.5625,0
0.1,tail_heavy,0.8,0.5,2.0,smart,0.3,1,4000,1.5,1.7307,-0.2307,-15.38,1393,786,607,2607,0.0935,0.5642,0
0.1,tail_heavy,0.8,0.5,2.0,smart,0.3,2,4000,1.5,1.7433,-0.2433,-16.217,1443,808,635,2557,0.098,0.5599,0
0.1,tail_heavy,0.8,0.5,2.0,smart,0.3,3,4000,1.5,1.7406,-0.2406,-16.04,1427,798,629,2573,0.096,0.5592,0
0.1,tail_heavy,0.8,0.5,2.0,smart,0.3,4,4000,1.5,1.7427,-0.2427,-16.177,1438,803,635,2562,0.0975,0.5584,0
0.1,tail_heavy,0.8,0.5,2.0,smart,0.3,5,4000,1.5,1.7252,-0.2252,-15.011,1415,814,601,2585,0.0938,0.5753,0
0.1,tail_heavy,0.8,0.5,2.0,smart,0.3,6,4000,1.5,1.7063,-0.2063,-13.753,1371,808,563,2629,0.0995,0.5894,0
0.1,tail_heavy,0.8,1,0.5,smart,0.3,0,4000,2.0,1.9244,0.0756,3.778,1404,812,592,2596,0.094,0.5783,1
0.1,tail_heavy,0.8,1,0.5,smart,0.3,1,4000,2.0,1.9258,0.0742,3.709,1396,799,597,2604,0.1003,0.5723,1
0.1,tail_heavy,0.8,1,0.5,smart,0.3,2,4000,2.0,1.9185,0.0815,4.074,1397,828,569,2603,0.1062,0.5927,1
0.1,tail_heavy,0.8,1,0.5,smart,0.3,3,4000,2.0,1.9273,0.0727,3.634,1411,798,613,2589,0.101,0.5656,1
0.1,tail_heavy,0.8,1,0.5,smart,0.3,4,4000,2.0,1.9228,0.0772,3.859,1477,846,631,2523,0.104,0.5728,1
0.1,tail_heavy,0.8,1,0.5,smart,0.3,5,4000,2.0,1.9236,0.0764,3.82,1382,811,571,2618,0.0978,0.5868,1
0.1,tail_heavy,0.8,1,0.5,smart,0.3,6,4000,2.0,1.9242,0.0758,3.788,1357,788,569,2643,0.102,0.5807,1
0.1,tail_heavy,0.8,1,1.0,smart,0.3,0,4000,2.0,2.0042,-0.0042,-0.208,1466,834,632,2534,0.0922,0.5689,0
0.1,tail_heavy,0.8,1,1.0,smart,0.3,1,4000,2.0,1.9919,0.0081,0.403,1429,839,590,2571,0.1055,0.5871,1
0.1,tail_heavy,0.8,1,1.0,smart,0.3,2,4000,2.0,1.9986,0.0014,0.071,1436,826,610,2564,0.0973,0.5752,1
0.1,tail_heavy,0.8,1,1.0,smart,0.3,3,4000,2.0,2.0006,-0.0006,-0.029,1383,790,593,2617,0.1087,0.5712,0
0.1,tail_heavy,0.8,1,1.0,smart,0.3,4,4000,2.0,1.9941,0.0059,0.294,1401,816,585,2599,0.099,0.5824,1
0.1,tail_heavy,0.8,1,1.0,smart,0.3,5,4000,2.0,2.0032,-0.0032,-0.159,1413,805,608,2587,0.0955,0.5697,0
0.1,tail_heavy,0.8,1,1.0,smart,0.3,6,4000,2.0,2.0052,-0.0052,-0.259,1385,786,599,2615,0.0943,0.5675,0
0.1,tail_heavy,0.8,1,2.0,smart,0.3,0,4000,2.0,2.1407,-0.1407,-7.036,1391,808,583,2609,0.095,0.5809,0
0.1,tail_heavy,0.8,1,2.0,smart,0.3,1,4000,2.0,2.1411,-0.1411,-7.056,1400,814,586,2600,0.1045,0.5814,0
0.1,tail_heavy,0.8,1,2.0,smart,0.3,2,4000,2.0,2.1456,-0.1456,-7.279,1383,796,587,2617,0.0895,0.5756,0
0.1,tail_heavy,0.8,1,2.0,smart,0.3,3,4000,2.0,2.1541,-0.1541,-7.703,1365,772,593,2635,0.0922,0.5656,0
0.1,tail_heavy,0.8,1,2.0,smart,0.3,4,4000,2.0,2.1212,-0.1212,-6.062,1365,819,546,2635,0.1022,0.6,0
0.1,tail_heavy,0.8,1,2.0,smart,0.3,5,4000,2.0,2.1479,-0.1479,-7.393,1403,809,594,2597,0.0968,0.5766,0
0.1,tail_heavy,0.8,1,2.0,smart,0.3,6,4000,2.0,2.1774,-0.1774,-8.871,1402,761,641,2598,0.0955,0.5428,0
0.1,tail_heavy,0.8,2,0.5,smart,0.3,0,4000,3.0,2.7873,0.2127,7.091,1359,775,584,2641,0.0905,0.5703,1
0.1,tail_heavy,0.8,2,0.5,smart,0.3,1,4000,3.0,2.7759,0.2241,7.472,1423,816,607,2577,0.1003,0.5734,1
0.1,tail_heavy,0.8,2,0.5,smart,0.3,2,4000,3.0,2.7774,0.2226,7.421,1409,802,607,2591,0.0973,0.5692,1
0.1,tail_heavy,0.8,2,0.5,smart,0.3,3,4000,3.0,2.7574,0.2426,8.087,1438,846,592,2562,0.1055,0.5883,1
0.1,tail_heavy,0.8,2,0.5,smart,0.3,4,4000,3.0,2.7852,0.2148,7.16,1367,778,589,2633,0.0993,0.5691,1
0.1,tail_heavy,0.8,2,0.5,smart,0.3,5,4000,3.0,2.767,0.233,7.766,1450,839,611,2550,0.0985,0.5786,1
0.1,tail_heavy,0.8,2,0.5,smart,0.3,6,4000,3.0,2.7669,0.2331,7.769,1389,819,570,2611,0.1017,0.5896,1
0.1,tail_heavy,0.8,2,1.0,smart,0.3,0,4000,3.0,2.8742,0.1258,4.193,1398,769,629,2602,0.0983,0.5501,1
0.1,tail_heavy,0.8,2,1.0,smart,0.3,1,4000,3.0,2.841,0.159,5.302,1422,829,593,2578,0.1017,0.583,1
0.1,tail_heavy,0.8,2,1.0,smart,0.3,2,4000,3.0,2.8696,0.1304,4.347,1396,776,620,2604,0.0905,0.5559,1
0.1,tail_heavy,0.8,2,1.0,smart,0.3,3,4000,3.0,2.8397,0.1603,5.344,1431,837,594,2569,0.1035,0.5849,1
0.1,tail_heavy,0.8,2,1.0,smart,0.3,4,4000,3.0,2.8407,0.1593,5.31,1409,829,580,2591,0.1015,0.5884,1
0.1,tail_heavy,0.8,2,1.0,smart,0.3,5,4000,3.0,2.857,0.143,4.767,1369,779,590,2631,0.0953,0.569,1
0.1,tail_heavy,0.8,2,1.0,smart,0.3,6,4000,3.0,2.8516,0.1484,4.946,1433,818,615,2567,0.1013,0.5708,1
0.1,tail_heavy,0.8,2,2.0,smart,0.3,0,4000,3.0,3.0222,-0.0222,-0.742,1402,780,622,2598,0.0963,0.5563,0
0.1,tail_heavy,0.8,2,2.0,smart,0.3,1,4000,3.0,3.0066,-0.0066,-0.22,1437,820,617,2563,0.1062,0.5706,0
0.1,tail_heavy,0.8,2,2.0,smart,0.3,2,4000,3.0,3.0106,-0.0106,-0.353,1404,795,609,2596,0.1022,0.5662,0
0.1,tail_heavy,0.8,2,2.0,smart,0.3,3,4000,3.0,3.0139,-0.0139,-0.462,1405,792,613,2595,0.0943,0.5637,0
0.1,tail_heavy,0.8,2,2.0,smart,0.3,4,4000,3.0,2.9857,0.0143,0.477,1419,832,587,2581,0.1062,0.5863,1
0.1,tail_heavy,0.8,2,2.0,smart,0.3,5,4000,3.0,3.0069,-0.0069,-0.231,1400,795,605,2600,0.0995,0.5679,0
0.1,tail_heavy,0.8,2,2.0,smart,0.3,6,4000,3.0,2.9978,0.0022,0.073,1409,816,593,2591,0.1025,0.5791,1
0.1,tail_heavy,0.8,4,0.5,smart,0.3,0,4000,5.0,4.4774,0.5226,10.451,1414,814,600,2586,0.1032,0.5757,1
0.1,tail_heavy,0.8,4,0.5,smart,0.3,1,4000,5.0,4.4719,0.5281,10.562,1415,814,601,2585,0.1017,0.5753,1
0.1,tail_heavy,0.8,4,0.5,smart,0.3,2,4000,5.0,4.4429,0.5571,11.142,1421,851,570,2579,0.1005,0.5989,1
0.1,tail_heavy,0.8,4,0.5,smart,0.3,3,4000,5.0,4.4936,0.5064,10.128,1397,794,603,2603,0.0948,0.5684,1
0.1,tail_heavy,0.8,4,0.5,smart,0.3,4,4000,5.0,4.5038,0.4962,9.923,1356,771,585,2644,0.0998,0.5686,1
0.1,tail_heavy,0.8,4,0.5,smart,0.3,5,4000,5.0,4.4775,0.5225,10.449,1417,805,612,2583,0.097,0.5681,1
0.1,tail_heavy,0.8,4,0.5,smart,0.3,6,4000,5.0,4.44,0.56,11.199,1409,847,562,2591,0.101,0.6011,1
0.1,tail_heavy,0.8,4,1.0,smart,0.3,0,4000,5.0,4.5575,0.4425,8.851,1396,806,590,2604,0.1,0.5774,1
0.1,tail_heavy,0.8,4,1.0,smart,0.3,1,4000,5.0,4.5312,0.4688,9.376,1435,835,600,2565,0.1015,0.5819,1
0.1,tail_heavy,0.8,4,1.0,smart,0.3,2,4000,5.0,4.5726,0.4274,8.548,1378,785,593,2622,0.0975,0.5697,1
0.1,tail_heavy,0.8,4,1.0,smart,0.3,3,4000,5.0,4.5531,0.4469,8.938,1416,807,609,2584,0.0955,0.5699,1
0.1,tail_heavy,0.8,4,1.0,smart,0.3,4,4000,5.0,4.5561,0.4439,8.878,1390,800,590,2610,0.0915,0.5755,1
0.1,tail_heavy,0.8,4,1.0,smart,0.3,5,4000,5.0,4.4831,0.5169,10.337,1419,876,543,2581,0.1042,0.6173,1
0.1,tail_heavy,0.8,4,1.0,smart,0.3,6,4000,5.0,4.5573,0.4427,8.855,1438,811,627,2562,0.097,0.564,1
0.1,tail_heavy,0.8,4,2.0,smart,0.3,0,4000,5.0,4.6894,0.3106,6.213,1385,805,580,2615,0.1022,0.5812,1
0.1,tail_heavy,0.8,4,2.0,smart,0.3,1,4000,5.0,4.6676,0.3324,6.648,1425,839,586,2575,0.1098,0.5888,1
0.1,tail_heavy,0.8,4,2.0,smart,0.3,2,4000,5.0,4.7425,0.2575,5.15,1436,787,649,2564,0.0943,0.5481,1
0.1,tail_heavy,0.8,4,2.0,smart,0.3,3,4000,5.0,4.6901,0.3099,6.197,1400,815,585,2600,0.0955,0.5821,1
0.1,tail_heavy,0.8,4,2.0,smart,0.3,4,4000,5.0,4.6911,0.3089,6.178,1416,818,598,2584,0.106,0.5777,1
0.1,tail_heavy,0.8,4,2.0,smart,0.3,5,4000,5.0,4.6812,0.3188,6.377,1414,827,587,2586,0.095,0.5849,1
0.1,tail_heavy,0.8,4,2.0,smart,0.3,6,4000,5.0,4.6932,0.3068,6.137,1423,819,604,2577,0.1047,0.5755,1
0.1,tail_heavy,0.8,8,0.5,smart,0.3,0,4000,9.0,7.8689,1.1311,12.568,1400,812,588,2600,0.1035,0.58,1
0.1,tail_heavy,0.8,8,0.5,smart,0.3,1,4000,9.0,7.8692,1.1308,12.565,1437,816,621,2563,0.103,0.5678,1
0.1,tail_heavy,0.8,8,0.5,smart,0.3,2,4000,9.0,7.8338,1.1662,12.958,1426,840,586,2574,0.096,0.5891,1
0.1,tail_heavy,0.8,8,0.5,smart,0.3,3,4000,9.0,7.9077,1.0923,12.136,1405,800,605,2595,0.096,0.5694,1
0.1,tail_heavy,0.8,8,0.5,smart,0.3,4,4000,9.0,7.8671,1.1329,12.588,1383,814,569,2617,0.0902,0.5886,1
0.1,tail_heavy,0.8,8,0.5,smart,0.3,5,4000,9.0,7.8206,1.1794,13.104,1430,848,582,2570,0.1027,0.593,1
0.1,tail_heavy,0.8,8,0.5,smart,0.3,6,4000,9.0,7.8828,1.1172,12.413,1391,800,591,2609,0.1003,0.5751,1
0.1,tail_heavy,0.8,8,1.0,smart,0.3,0,4000,9.0,8.0227,0.9773,10.859,1396,771,625,2604,0.0927,0.5523,1
0.1,tail_heavy,0.8,8,1.0,smart,0.3,1,4000,9.0,7.9382,1.0618,11.798,1452,824,628,2548,0.0995,0.5675,1
0.1,tail_heavy,0.8,8,1.0,smart,0.3,2,4000,9.0,7.9548,1.0452,11.613,1348,794,554,2652,0.0973,0.589,1
0.1,tail_heavy,0.8,8,1.0,smart,0.3,3,4000,9.0,7.9488,1.0512,11.68,1424,821,603,2576,0.1027,0.5765,1
0.1,tail_heavy,0.8,8,1.0,smart,0.3,4,4000,9.0,8.0197,0.9803,10.892,1346,767,579,2654,0.0895,0.5698,1
0.1,tail_heavy,0.8,8,1.0,smart,0.3,5,4000,9.0,7.9772,1.0228,11.364,1359,787,572,2641,0.0968,0.5791,1
0.1,tail_heavy,0.8,8,1.0,smart,0.3,6,4000,9.0,7.9262,1.0738,11.931,1393,829,564,2607,0.109,0.5951,1
0.1,tail_heavy,0.8,8,2.0,smart,0.3,0,4000,9.0,8.188,0.812,9.022,1379,765,614,2621,0.0955,0.5547,1
0.1,tail_heavy,0.8,8,2.0,smart,0.3,1,4000,9.0,8.0894,0.9106,10.118,1446,824,622,2554,0.1,0.5698,1
0.1,tail_heavy,0.8,8,2.0,smart,0.3,2,4000,9.0,8.0833,0.9167,10.186,1472,837,635,2528,0.1042,0.5686,1
0.1,tail_heavy,0.8,8,2.0,smart,0.3,3,4000,9.0,8.0791,0.9209,10.232,1404,821,583,2596,0.0973,0.5848,1
0.1,tail_heavy,0.8,8,2.0,smart,0.3,4,4000,9.0,8.0779,0.9221,10.246,1389,809,580,2611,0.093,0.5824,1
0.1,tail_heavy,0.8,8,2.0,smart,0.3,5,4000,9.0,8.0905,0.9095,10.105,1391,809,582,2609,0.0973,0.5816,1
0.1,tail_heavy,0.8,8,2.0,smart,0.3,6,4000,9.0,8.1636,0.8364,9.294,1435,784,651,2565,0.0968,0.5463,1
0.1,tail_heavy,0.9,0.25,0.5,smart,0.3,0,4000,1.25,1.2503,-0.0003,-0.026,1227,897,330,2773,0.0995,0.7311,0
0.1,tail_heavy,0.9,0.25,0.5,smart,0.3,1,4000,1.25,1.2404,0.0096,0.767,1222,948,274,2778,0.1087,0.7758,1
0.1,tail_heavy,0.9,0.25,0.5,smart,0.3,2,4000,1.25,1.2427,0.0073,0.582,1180,906,274,2820,0.0968,0.7678,1
0.1,tail_heavy,0.9,0.25,0.5,smart,0.3,3,4000,1.25,1.2452,0.0048,0.385,1196,899,297,2804,0.1062,0.7517,1
0.1,tail_heavy,0.9,0.25,0.5,smart,0.3,4,4000,1.25,1.2461,0.0039,0.309,1204,902,302,2796,0.103,0.7492,1
0.1,tail_heavy,0.9,0.25,0.5,smart,0.3,5,4000,1.25,1.2453,0.0047,0.374,1182,891,291,2818,0.0938,0.7538,1
0.1,tail_heavy,0.9,0.25,0.5,smart,0.3,6,4000,1.25,1.2471,0.0029,0.233,1244,927,317,2756,0.102,0.7452,1
0.1,tail_heavy,0.9,0.25,1.0,smart,0.3,0,4000,1.25,1.2765,-0.0265,-2.12,1193,916,277,2807,0.1128,0.7678,0
0.1,tail_heavy,0.9,0.25,1.0,smart,0.3,1,4000,1.25,1.2789,-0.0289,-2.312,1218,931,287,2782,0.1017,0.7644,0
0.1,tail_heavy,0.9,0.25,1.0,smart,0.3,2,4000,1.25,1.2833,-0.0333,-2.661,1245,938,307,2755,0.1057,0.7534,0
0.1,tail_heavy,0.9,0.25,1.0,smart,0.3,3,4000,1.25,1.2886,-0.0386,-3.088,1222,900,322,2778,0.1067,0.7365,0
0.1,tail_heavy,0.9,0.25,1.0,smart,0.3,4,4000,1.25,1.2801,-0.0301,-2.405,1241,946,295,2759,0.0975,0.7623,0
0.1,tail_heavy,0.9,0.25,1.0,smart,0.3,5,4000,1.25,1.2898,-0.0398,-3.186,1216,891,325,2784,0.101,0.7327,0
0.1,tail_heavy,0.9,0.25,1.0,smart,0.3,6,4000,1.25,1.2875,-0.0375,-3.003,1220,902,318,2780,0.1015,0.7393,0
0.1,tail_heavy,0.9,0.25,2.0,smart,0.3,0,4000,1.25,1.3481,-0.0981,-7.85,1204,921,283,2796,0.0983,0.765,0
0.1,tail_heavy,0.9,0.25,2.0,smart,0.3,1,4000,1.25,1.3674,-0.1174,-9.395,1224,905,319,2776,0.1013,0.7394,0
0.1,tail_heavy,0.9,0.25,2.0,smart,0.3,2,4000,1.25,1.3528,-0.1028,-8.223,1181,893,288,2819,0.092,0.7561,0
0.1,tail_heavy,0.9,0.25,2.0,smart,0.3,3,4000,1.25,1.353,-0.103,-8.242,1231,939,292,2769,0.0995,0.7628,0
0.1,tail_heavy,0.9,0.25,2.0,smart,0.3,4,4000,1.25,1.3511,-0.1011,-8.088,1209,921,288,2791,0.0943,0.7618,0
0.1,tail_heavy,0.9,0.25,2.0,smart,0.3,5,4000,1.25,1.3595,-0.1095,-8.76,1203,901,302,2797,0.098,0.749,0
0.1,tail_heavy,0.9,0.25,2.0,smart,0.3,6,4000,1.25,1.3792,-0.1292,-10.339,1245,903,342,2755,0.0945,0.7253,0
0.1,tail_heavy,0.9,0.5,0.5,smart,0.3,0,4000,1.5,1.4526,0.0474,3.158,1224,923,301,2776,0.0993,0.7541,1
0.1,tail_heavy,0.9,0.5,0.5,smart,0.3,1,4000,1.5,1.4544,0.0456,3.042,1228,916,312,2772,0.1027,0.7459,1
0.1,tail_heavy,0.9,0.5,0.5,smart,0.3,2,4000,1.5,1.4493,0.0507,3.38,1225,936,289,2775,0.1035,0.7641,1
0.1,tail_heavy,0.9,0.5,0.5,smart,0.3,3,4000,1.5,1.4517,0.0483,3.217,1190,903,287,2810,0.1037,0.7588,1
0.1,tail_heavy,0.9,0.5,0.5,smart,0.3,4,4000,1.5,1.4499,0.0501,3.342,1204,922,282,2796,0.1003,0.7658,1
0.1,tail_heavy,0.9,0.5,0.5,smart,0.3,5,4000,1.5,1.4557,0.0443,2.956,1160,874,286,2840,0.0932,0.7534,1
0.1,tail_heavy,0.9,0.5,0.5,smart,0.3,6,4000,1.5,1.4523,0.0477,3.182,1191,905,286,2809,0.101,0.7599,1
0.1,tail_heavy,0.9,0.5,1.0,smart,0.3,0,4000,1.5,1.4865,0.0135,0.9,1278,972,306,2722,0.109,0.7606,1
0.1,tail_heavy,0.9,0.5,1.0,smart,0.3,1,4000,1.5,1.4931,0.0069,0.46,1220,913,307,2780,0.1015,0.7484,1
0.1,tail_heavy,0.9,0.5,1.0,smart,0.3,2,4000,1.5,1.4904,0.0096,0.639,1274,958,316,2726,0.0998,0.752,1
0.1,tail_heavy,0.9,0.5,1.0,smart,0.3,3,4000,1.5,1.4899,0.0101,0.674,1275,961,314,2725,0.1085,0.7537,1
0.1,tail_heavy,0.9,0.5,1.0,smart,0.3,4,4000,1.5,1.4823,0.0177,1.179,1183,914,269,2817,0.106,0.7726,1
0.1,tail_heavy,0.9,0.5,1.0,smart,0.3,5,4000,1.5,1.4904,0.0096,0.64,1213,916,297,2787,0.0925,0.7552,1
0.1,tail_heavy,0.9,0.5,1.0,smart,0.3,6,4000,1.5,1.4833,0.0167,1.116,1212,935,277,2788,0.0932,0.7715,1
0.1,tail_heavy,0.9,0.5,2.0,smart,0.3,0,4000,1.5,1.5796,-0.0796,-5.305,1240,913,327,2760,0.1062,0.7363,0
0.1,tail_heavy,0.9,0.5,2.0,smart,0.3,1,4000,1.5,1.5519,-0.0519,-3.461,1194,922,272,2806,0.1005,0.7722,0
0.1,tail_heavy,0.9,0.5,2.0,smart,0.3,2,4000,1.5,1.5628,-0.0628,-4.19,1203,910,293,2797,0.1015,0.7564,0
0.1,tail_heavy,0.9,0.5,2.0,smart,0.3,3,4000,1.5,1.5482,-0.0482,-3.21,1180,914,266,2820,0.0978,0.7746,0
0.1,tail_heavy,0.9,0.5,2.0,smart,0.3,4,4000,1.5,1.5583,-0.0583,-3.889,1210,925,285,2790,0.0945,0.7645,0
0.1,tail_heavy,0.9,0.5,2.0,smart,0.3,5,4000,1.5,1.5464,-0.0464,-3.095,1176,914,262,2824,0.093,0.7772,0
0.1,tail_heavy,0.9,0.5,2.0,smart,0.3,6,4000,1.5,1.5714,-0.0714,-4.759,1249,933,316,2751,0.1098,0.747,0
0.1,tail_heavy,0.9,1,0.5,smart,0.3,0,4000,2.0,1.8633,0.1367,6.837,1232,938,294,2768,0.1133,0.7614,1
0.1,tail_heavy,0.9,1,0.5,smart,0.3,1,4000,2.0,1.87,0.13,6.498,1234,917,317,2766,0.099,0.7431,1
0.1,tail_heavy,0.9,1,0.5,smart,0.3,2,4000,2.0,1.8754,0.1246,6.23,1196,883,313,2804,0.0965,0.7383,1
0.1,tail_heavy,0.9,1,0.5,smart,0.3,3,4000,2.0,1.8701,0.1299,6.497,1244,926,318,2756,0.0973,0.7444,1
0.1,tail_heavy,0.9,1,0.5,smart,0.3,4,4000,2.0,1.8721,0.1279,6.395,1226,910,316,2774,0.1042,0.7423,1
0.1,tail_heavy,0.9,1,0.5,smart,0.3,5,4000,2.0,1.8646,0.1354,6.768,1254,944,310,2746,0.1025,0.7528,1
0.1,tail_heavy,0.9,1,0.5,smart,0.3,6,4000,2.0,1.8636,0.1364,6.822,1196,920,276,2804,0.0995,0.7692,1
0.1,tail_heavy,0.9,1,1.0,smart,0.3,0,4000,2.0,1.9147,0.0853,4.263,1228,901,327,2772,0.1065,0.7337,1
0.1,tail_heavy,0.9,1,1.0,smart,0.3,1,4000,2.0,1.907,0.093,4.65,1189,896,293,2811,0.1037,0.7536,1
0.1,tail_heavy,0.9,1,1.0,smart,0.3,2,4000,2.0,1.9192,0.0808,4.04,1186,866,320,2814,0.0965,0.7302,1
0.1,tail_heavy,0.9,1,1.0,smart,0.3,3,4000,2.0,1.9007,0.0993,4.964,1197,921,276,2803,0.1025,0.7694,1
0.1,tail_heavy,0.9,1,1.0,smart,0.3,4,4000,2.0,1.9104,0.0896,4.479,1225,910,315,2775,0.1057,0.7429,1
0.1,tail_heavy,0.9,1,1.0,smart,0.3,5,4000,2.0,1.8965,0.1035,5.177,1271,968,303,2729,0.0998,0.7616,1
0.1,tail_heavy,0.9,1,1.0,smart,0.3,6,4000,2.0,1.8896,0.1104,5.518,1188,938,250,2812,0.1065,0.7896,1
0.1,tail_heavy,0.9,1,2.0,smart,0.3,0,4000,2.0,1.987,0.013,0.652,1218,910,308,2782,0.099,0.7471,1
0.1,tail_heavy,0.9,1,2.0,smart,0.3,1,4000,2.0,1.9794,0.0206,1.029,1235,931,304,2765,0.108,0.7538,1
0.1,tail_heavy,0.9,1,2.0,smart,0.3,2,4000,2.0,1.9778,0.0222,1.111,1217,923,294,2783,0.0922,0.7584,1
0.1,tail_heavy,0.9,1,2.0,smart,0.3,3,4000,2.0,1.9811,0.0189,0.943,1202,903,299,2798,0.1045,0.7512,1
0.1,tail_heavy,0.9,1,2.0,smart,0.3,4,4000,2.0,2.0079,-0.0079,-0.397,1218,877,341,2782,0.0895,0.72,0
0.1,tail_heavy,0.9,1,2.0,smart,0.3,5,4000,2.0,1.9812,0.0188,0.942,1226,921,305,2774,0.1003,0.7512,1
0.1,tail_heavy,0.9,1,2.0,smart,0.3,6,4000,2.0,1.9742,0.0258,1.291,1261,961,300,2739,0.1045,0.7621,1
0.1,tail_heavy,0.9,2,0.5,smart,0.3,0,4000,3.0,2.6937,0.3063,10.209,1232,932,300,2768,0.1057,0.7565,1
0.1,tail_heavy,0.9,2,0.5,smart,0.3,1,4000,3.0,2.7038,0.2962,9.873,1164,895,269,2836,0.0988,0.7689,1
0.1,tail_heavy,0.9,2,0.5,smart,0.3,2,4000,3.0,2.6898,0.3102,10.34,1217,934,283,2783,0.099,0.7675,1
0.1,tail_heavy,0.9,2,0.5,smart,0.3,3,4000,3.0,2.7082,0.2918,9.726,1188,890,298,2812,0.0963,0.7492,1
0.1,tail_heavy,0.9,2,0.5,smart,0.3,4,4000,3.0,2.7009,0.2991,9.971,1219,915,304,2781,0.1135,0.7506,1
0.1,tail_heavy,0.9,2,0.5,smart,0.3,5,4000,3.0,2.7001,0.2999,9.998,1235,920,315,2765,0.1055,0.7449,1
0.1,tail_heavy,0.9,2,0.5,smart,0.3,6,4000,3.0,2.7212,0.2788,9.294,1197,867,330,2803,0.0948,0.7243,1
0.1,tail_heavy,0.9,2,1.0,smart,0.3,0,4000,3.0,2.7212,0.2788,9.294,1226,940,286,2774,0.1032,0.7667,1
0.1,tail_heavy,0.9,2,1.0,smart,0.3,1,4000,3.0,2.7476,0.2524,8.413,1151,872,279,2849,0.0945,0.7576,1
0.1,tail_heavy,0.9,2,1.0,smart,0.3,2,4000,3.0,2.7308,0.2692,8.973,1213,928,285,2787,0.0907,0.765,1
0.1,tail_heavy,0.9,2,1.0,smart,0.3,3,4000,3.0,2.7431,0.2569,8.565,1224,907,317,2776,0.0995,0.741,1
0.1,tail_heavy,0.9,2,1.0,smart,0.3,4,4000,3.0,2.7362,0.2638,8.792,1265,938,327,2735,0.1087,0.7415,1
0.1,tail_heavy,0.9,2,1.0,smart,0.3,5,4000,3.0,2.7541,0.2459,8.197,1208,888,320,2792,0.096,0.7351,1
0.1,tail_heavy,0.9,2,1.0,smart,0.3,6,4000,3.0,2.7394,0.2606,8.685,1194,903,291,2806,0.0965,0.7563,1
0.1,tail_heavy,0.9,2,2.0,smart,0.3,0,4000,3.0,2.7702,0.2298,7.66,1254,986,268,2746,0.107,0.7863,1
0.1,tail_heavy,0.9,2,2.0,smart,0.3,1,4000,3.0,2.8141,0.1859,6.197,1204,900,304,2796,0.0995,0.7475,1
0.1,tail_heavy,0.9,2,2.0,smart,0.3,2,4000,3.0,2.8372,0.1628,5.427,1212,887,325,2788,0.0988,0.7318,1
0.1,tail_heavy,0.9,2,2.0,smart,0.3,3,4000,3.0,2.811,0.189,6.298,1246,937,309,2754,0.1,0.752,1
0.1,tail_heavy,0.9,2,2.0,smart,0.3,4,4000,3.0,2.8312,0.1688,5.625,1219,893,326,2781,0.097,0.7326,1
0.1,tail_heavy,0.9,2,2.0,smart,0.3,5,4000,3.0,2.7971,0.2029,6.764,1238,944,294,2762,0.0993,0.7625,1
0.1,tail_heavy,0.9,2,2.0,smart,0.3,6,4000,3.0,2.804,0.196,6.534,1228,934,294,2772,0.11,0.7606,1
0.1,tail_heavy,0.9,4,0.5,smart,0.3,0,4000,5.0,4.3617,0.6383,12.767,1232,911,321,2768,0.0983,0.7394,1
0.1,tail_heavy,0.9,4,0.5,smart,0.3,1,4000,5.0,4.3835,0.6165,12.329,1144,865,279,2856,0.097,0.7561,1
0.1,tail_heavy,0.9,4,0.5,smart,0.3,2,4000,5.0,4.365,0.635,12.7,1207,911,296,2793,0.0978,0.7548,1
0.1,tail_heavy,0.9,4,0.5,smart,0.3,3,4000,5.0,4.3304,0.6696,13.392,1258,965,293,2742,0.096,0.7671,1
0.1,tail_heavy,0.9,4,0.5,smart,0.3,4,4000,5.0,4.3478,0.6522,13.044,1250,941,309,2750,0.0965,0.7528,1
0.1,tail_heavy,0.9,4,0.5,smart,0.3,5,4000,5.0,4.356,0.644,12.881,1246,914,332,2754,0.108,0.7335,1
0.1,tail_heavy,0.9,4,0.5,smart,0.3,6,4000,5.0,4.3826,0.6174,12.349,1220,893,327,2780,0.099,0.732,1
0.1,tail_heavy,0.9,4,1.0,smart,0.3,0,4000,5.0,4.4206,0.5794,11.587,1183,883,300,2817,0.0953,0.7464,1
0.1,tail_heavy,0.9,4,1.0,smart,0.3,1,4000,5.0,4.3936,0.6064,12.128,1201,908,293,2799,0.1047,0.756,1
0.1,tail_heavy,0.9,4,1.0,smart,0.3,2,4000,5.0,4.4025,0.5975,11.949,1196,897,299,2804,0.1008,0.75,1
0.1,tail_heavy,0.9,4,1.0,smart,0.3,3,4000,5.0,4.397,0.603,12.061,1194,916,278,2806,0.0975,0.7672,1
0.1,tail_heavy,0.9,4,1.0,smart,0.3,4,4000,5.0,4.4224,0.5776,11.552,1152,874,278,2848,0.0993,0.7587,1
0.1,tail_heavy,0.9,4,1.0,smart,0.3,5,4000,5.0,4.4463,0.5537,11.074,1161,851,310,2839,0.0973,0.733,1
0.1,tail_heavy,0.9,4,1.0,smart,0.3,6,4000,5.0,4.4137,0.5863,11.726,1225,905,320,2775,0.1027,0.7388,1
0.1,tail_heavy,0.9,4,2.0,smart,0.3,0,4000,5.0,4.45,0.55,10.999,1228,939,289,2772,0.1045,0.7647,1
0.1,tail_heavy,0.9,4,2.0,smart,0.3,1,4000,5.0,4.5025,0.4975,9.95,1163,875,288,2837,0.1003,0.7524,1
0.1,tail_heavy,0.9,4,2.0,smart,0.3,2,4000,5.0,4.476,0.524,10.481,1219,913,306,2781,0.1005,0.749,1
0.1,tail_heavy,0.9,4,2.0,smart,0.3,3,4000,5.0,4.4563,0.5437,10.875,1197,924,273,2803,0.1027,0.7719,1
0.1,tail_heavy,0.9,4,2.0,smart,0.3,4,4000,5.0,4.4333,0.5667,11.334,1250,959,291,2750,0.1047,0.7672,1
0.1,tail_heavy,0.9,4,2.0,smart,0.3,5,4000,5.0,4.5248,0.4752,9.504,1163,853,310,2837,0.093,0.7334,1
0.1,tail_heavy,0.9,4,2.0,smart,0.3,6,4000,5.0,4.4838,0.5162,10.323,1228,910,318,2772,0.0978,0.741,1
0.1,tail_heavy,0.9,8,0.5,smart,0.3,0,4000,9.0,7.748,1.252,13.911,1193,874,319,2807,0.1015,0.7326,1
0.1,tail_heavy,0.9,8,0.5,smart,0.3,1,4000,9.0,7.6925,1.3075,14.528,1220,920,300,2780,0.0988,0.7541,1
0.1,tail_heavy,0.9,8,0.5,smart,0.3,2,4000,9.0,7.6376,1.3624,15.137,1235,944,291,2765,0.108,0.7644,1
0.1,tail_heavy,0.9,8,0.5,smart,0.3,3,4000,9.0,7.6762,1.3238,14.709,1207,923,284,2793,0.1017,0.7647,1
0.1,tail_heavy,0.9,8,0.5,smart,0.3,4,4000,9.0,7.6511,1.3489,14.988,1211,933,278,2789,0.1008,0.7704,1
0.1,tail_heavy,0.9,8,0.5,smart,0.3,5,4000,9.0,7.6823,1.3177,14.642,1204,914,290,2796,0.1057,0.7591,1
0.1,tail_heavy,0.9,8,0.5,smart,0.3,6,4000,9.0,7.7095,1.2905,14.339,1181,902,279,2819,0.1008,0.7638,1
0.1,tail_heavy,0.9,8,1.0,smart,0.3,0,4000,9.0,7.6914,1.3086,14.54,1252,937,315,2748,0.0907,0.7484,1
0.1,tail_heavy,0.9,8,1.0,smart,0.3,1,4000,9.0,7.7928,1.2072,13.414,1175,877,298,2825,0.0932,0.7464,1
0.1,tail_heavy,0.9,8,1.0,smart,0.3,2,4000,9.0,7.7484,1.2516,13.906,1184,895,289,2816,0.1025,0.7559,1
0.1,tail_heavy,0.9,8,1.0,smart,0.3,3,4000,9.0,7.8253,1.1747,13.052,1152,847,305,2848,0.0955,0.7352,1
0.1,tail_heavy,0.9,8,1.0,smart,0.3,4,4000,9.0,7.6864,1.3136,14.595,1260,943,317,2740,0.1062,0.7484,1
0.1,tail_heavy,0.9,8,1.0,smart,0.3,5,4000,9.0,7.765,1.235,13.722,1173,887,286,2827,0.098,0.7562,1
0.1,tail_heavy,0.9,8,1.0,smart,0.3,6,4000,9.0,7.6972,1.3028,14.476,1205,919,286,2795,0.1035,0.7627,1
0.1,tail_heavy,0.9,8,2.0,smart,0.3,0,4000,9.0,7.8224,1.1776,13.085,1194,894,300,2806,0.1067,0.7487,1
0.1,tail_heavy,0.9,8,2.0,smart,0.3,1,4000,9.0,7.8077,1.1923,13.248,1212,908,304,2788,0.1035,0.7492,1
0.1,tail_heavy,0.9,8,2.0,smart,0.3,2,4000,9.0,7.9336,1.0664,11.849,1171,841,330,2829,0.0953,0.7182,1
0.1,tail_heavy,0.9,8,2.0,smart,0.3,3,4000,9.0,7.8271,1.1729,13.032,1174,891,283,2826,0.0907,0.7589,1
0.1,tail_heavy,0.9,8,2.0,smart,0.3,4,4000,9.0,7.8173,1.1827,13.141,1221,911,310,2779,0.1017,0.7461,1
0.1,tail_heavy,0.9,8,2.0,smart,0.3,5,4000,9.0,7.8718,1.1282,12.536,1171,865,306,2829,0.0965,0.7387,1
0.1,tail_heavy,0.9,8,2.0,smart,0.3,6,4000,9.0,7.7677,1.2323,13.693,1257,944,313,2743,0.1013,0.751,1
0.1,tail_heavy,0.95,0.25,0.5,smart,0.3,0,4000,1.25,1.2212,0.0288,2.301,1176,1025,151,2824,0.1103,0.8716,1
0.1,tail_heavy,0.95,0.25,0.5,smart,0.3,1,4000,1.25,1.227,0.023,1.84,1112,942,170,2888,0.0955,0.8471,1
0.1,tail_heavy,0.95,0.25,0.5,smart,0.3,2,4000,1.25,1.2262,0.0238,1.901,1088,935,153,2912,0.0973,0.8594,1
0.1,tail_heavy,0.95,0.25,0.5,smart,0.3,3,4000,1.25,1.2236,0.0264,2.11,1139,985,154,2861,0.1015,0.8648,1
0.1,tail_heavy,0.95,0.25,0.5,smart,0.3,4,4000,1.25,1.2203,0.0297,2.376,1112,984,128,2888,0.0998,0.8849,1
0.1,tail_heavy,0.95,0.25,0.5,smart,0.3,5,4000,1.25,1.2236,0.0264,2.111,1083,948,135,2917,0.0983,0.8753,1
0.1,tail_heavy,0.95,0.25,0.5,smart,0.3,6,4000,1.25,1.2238,0.0262,2.093,1119,970,149,2881,0.1037,0.8668,1
0.1,tail_heavy,0.95,0.25,1.0,smart,0.3,0,4000,1.25,1.2434,0.0066,0.529,1113,961,152,2887,0.1032,0.8634,1
0.1,tail_heavy,0.95,0.25,1.0,smart,0.3,1,4000,1.25,1.2407,0.0093,0.747,1097,958,139,2903,0.0978,0.8733,1
0.1,tail_heavy,0.95,0.25,1.0,smart,0.3,2,4000,1.25,1.2434,0.0066,0.53,1072,927,145,2928,0.0953,0.8647,1
0.1,tail_heavy,0.95,0.25,1.0,smart,0.3,3,4000,1.25,1.2394,0.0106,0.847,1127,988,139,2873,0.0915,0.8767,1
0.1,tail_heavy,0.95,0.25,1.0,smart,0.3,4,4000,1.25,1.2461,0.0039,0.313,1093,936,157,2907,0.0995,0.8564,1
0.1,tail_heavy,0.95,0.25,1.0,smart,0.3,5,4000,1.25,1.242,0.008,0.642,1060,922,138,2940,0.0948,0.8698,1
0.1,tail_heavy,0.95,0.25,1.0,smart,0.3,6,4000,1.25,1.2464,0.0036,0.284,1088,931,157,2912,0.0978,0.8557,1
0.1,tail_heavy,0.95,0.25,2.0,smart,0.3,0,4000,1.25,1.2816,-0.0316,-2.529,1106,955,151,2894,0.092,0.8635,0
0.1,tail_heavy,0.95,0.25,2.0,smart,0.3,1,4000,1.25,1.2762,-0.0262,-2.093,1116,973,143,2884,0.0943,0.8719,0
0.1,tail_heavy,0.95,0.25,2.0,smart,0.3,2,4000,1.25,1.2841,-0.0341,-2.725,1083,929,154,2917,0.095,0.8578,0
0.1,tail_heavy,0.95,0.25,2.0,smart,0.3,3,4000,1.25,1.2796,-0.0296,-2.371,1129,980,149,2871,0.1008,0.868,0
0.1,tail_heavy,0.95,0.25,2.0,smart,0.3,4,4000,1.25,1.2753,-0.0253,-2.02,1115,974,141,2885,0.0983,0.8735,0
0.1,tail_heavy,0.95,0.25,2.0,smart,0.3,5,4000,1.25,1.2797,-0.0297,-2.374,1109,961,148,2891,0.1025,0.8665,0
0.1,tail_heavy,0.95,0.25,2.0,smart,0.3,6,4000,1.25,1.2797,-0.0297,-2.373,1111,963,148,2889,0.096,0.8668,0
0.1,tail_heavy,0.95,0.5,0.5,smart,0.3,0,4000,1.5,1.4284,0.0716,4.772,1120,974,146,2880,0.1092,0.8696,1
0.1,tail_heavy,0.95,0.5,0.5,smart,0.3,1,4000,1.5,1.4336,0.0664,4.429,1076,924,152,2924,0.0902,0.8587,1
0.1,tail_heavy,0.95,0.5,0.5,smart,0.3,2,4000,1.5,1.4266,0.0734,4.893,1104,971,133,2896,0.1067,0.8795,1
0.1,tail_heavy,0.95,0.5,0.5,smart,0.3,3,4000,1.5,1.4255,0.0745,4.969,1177,1016,161,2823,0.105,0.8632,1
0.1,tail_heavy,0.95,0.5,0.5,smart,0.3,4,4000,1.5,1.432,0.068,4.534,1132,964,168,2868,0.104,0.8516,1
0.1,tail_heavy,0.95,0.5,0.5,smart,0.3,5,4000,1.5,1.4286,0.0714,4.761,1107,963,144,2893,0.1072,0.8699,1
0.1,tail_heavy,0.95,0.5,0.5,smart,0.3,6,4000,1.5,1.4284,0.0716,4.776,1157,999,158,2843,0.1003,0.8634,1
0.1,tail_heavy,0.95,0.5,1.0,smart,0.3,0,4000,1.5,1.4535,0.0465,3.097,1075,922,153,2925,0.1008,0.8577,1
0.1,tail_heavy,0.95,0.5,1.0,smart,0.3,1,4000,1.5,1.4481,0.0519,3.46,1134,981,153,2866,0.0975,0.8651,1
0.1,tail_heavy,0.95,0.5,1.0,smart,0.3,2,4000,1.5,1.4436,0.0564,3.76,1158,1009,149,2842,0.1,0.8713,1
0.1,tail_heavy,0.95,0.5,1.0,smart,0.3,3,4000,1.5,1.4456,0.0544,3.626,1105,966,139,2895,0.107,0.8742,1
0.1,tail_heavy,0.95,0.5,1.0,smart,0.3,4,4000,1.5,1.4517,0.0483,3.218,1151,982,169,2849,0.0988,0.8532,1
0.1,tail_heavy,0.95,0.5,1.0,smart,0.3,5,4000,1.5,1.45,0.05,3.33,1106,955,151,2894,0.0955,0.8635,1
0.1,tail_heavy,0.95,0.5,1.0,smart,0.3,6,4000,1.5,1.4489,0.0511,3.405,1094,947,147,2906,0.088,0.8656,1
0.1,tail_heavy,0.95,0.5,2.0,smart,0.3,0,4000,1.5,1.4844,0.0156,1.042,1153,998,155,2847,0.1057,0.8656,1
0.1,tail_heavy,0.95,0.5,2.0,smart,0.3,1,4000,1.5,1.4837,0.0163,1.089,1126,979,147,2874,0.105,0.8694,1
0.1,tail_heavy,0.95,0.5,2.0,smart,0.3,2,4000,1.5,1.4715,0.0285,1.901,1175,1039,136,2825,0.1052,0.8843,1
0.1,tail_heavy,0.95,0.5,2.0,smart,0.3,3,4000,1.5,1.4856,0.0144,0.957,1099,952,147,2901,0.0975,0.8662,1
0.1,tail_heavy,0.95,0.5,2.0,smart,0.3,4,4000,1.5,1.4899,0.0101,0.673,1105,949,156,2895,0.1072,0.8588,1
0.1,tail_heavy,0.95,0.5,2.0,smart,0.3,5,4000,1.5,1.4837,0.0163,1.088,1063,924,139,2937,0.1047,0.8692,1
0.1,tail_heavy,0.95,0.5,2.0,smart,0.3,6,4000,1.5,1.4887,0.0113,0.754,1095,944,151,2905,0.0897,0.8621,1
0.1,tail_heavy,0.95,1,0.5,smart,0.3,0,4000,2.0,1.8362,0.1638,8.192,1173,1005,168,2827,0.0973,0.8568,1
0.1,tail_heavy,0.95,1,0.5,smart,0.3,1,4000,2.0,1.8454,0.1546,7.73,1102,942,160,2898,0.0988,0.8548,1
0.1,tail_heavy,0.95,1,0.5,smart,0.3,2,4000,2.0,1.8347,0.1653,8.264,1142,997,145,2858,0.1042,0.873,1
0.1,tail_heavy,0.95,1,0.5,smart,0.3,3,4000,2.0,1.8482,0.1518,7.589,1096,933,163,2904,0.103,0.8513,1
0.1,tail_heavy,0.95,1,0.5,smart,0.3,4,4000,2.0,1.8422,0.1578,7.891,1128,962,166,2872,0.104,0.8528,1
0.1,tail_heavy,0.95,1,0.5,smart,0.3,5,4000,2.0,1.8484,0.1516,7.579,1057,917,140,2943,0.0917,0.8675,1
0.1,tail_heavy,0.95,1,0.5,smart,0.3,6,4000,2.0,1.8472,0.1528,7.64,1080,928,152,2920,0.1003,0.8593,1
0.1,tail_heavy,0.95,1,1.0,smart,0.3,0,4000,2.0,1.8579,0.1421,7.103,1139,980,159,2861,0.1035,0.8604,1
0.1,tail_heavy,0.95,1,1.0,smart,0.3,1,4000,2.0,1.8535,0.1465,7.323,1103,968,135,2897,0.0978,0.8776,1
0.1,tail_heavy,0.95,1,1.0,smart,0.3,2,4000,2.0,1.8582,0.1418,7.088,1115,969,146,2885,0.1095,0.8691,1
0.1,tail_heavy,0.95,1,1.0,smart,0.3,3,4000,2.0,1.8574,0.1426,7.13,1104,958,146,2896,0.1032,0.8678,1
0.1,tail_heavy,0.95,1,1.0,smart,0.3,4,4000,2.0,1.8635,0.1365,6.827,1163,984,179,2837,0.1025,0.8461,1
0.1,tail_heavy,0.95,1,1.0,smart,0.3,5,4000,2.0,1.8536,0.1464,7.321,1139,992,147,2861,0.1032,0.8709,1
0.1,tail_heavy,0.95,1,1.0,smart,0.3,6,4000,2.0,1.8602,0.1398,6.99,1123,970,153,2877,0.108,0.8638,1
0.1,tail_heavy,0.95,1,2.0,smart,0.3,0,4000,2.0,1.9057,0.0943,4.714,1077,925,152,2923,0.1013,0.8589,1
0.1,tail_heavy,0.95,1,2.0,smart,0.3,1,4000,2.0,1.9039,0.0961,4.806,1125,962,163,2875,0.104,0.8551,1
0.1,tail_heavy,0.95,1,2.0,smart,0.3,2,4000,2.0,1.8944,0.1056,5.282,1125,974,151,2875,0.0983,0.8658,1
0.1,tail_heavy,0.95,1,2.0,smart,0.3,3,4000,2.0,1.8825,0.1175,5.873,1128,995,133,2872,0.101,0.8821,1
0.1,tail_heavy,0.95,1,2.0,smart,0.3,4,4000,2.0,1.9045,0.0955,4.775,1095,939,156,2905,0.0975,0.8575,1
0.1,tail_heavy,0.95,1,2.0,smart,0.3,5,4000,2.0,1.9017,0.0983,4.913,1090,941,149,2910,0.1042,0.8633,1
0.1,tail_heavy,0.95,1,2.0,smart,0.3,6,4000,2.0,1.8868,0.1132,5.658,1103,969,134,2897,0.105,0.8785,1
0.1,tail_heavy,0.95,2,0.5,smart,0.3,0,4000,3.0,2.6664,0.3336,11.12,1109,961,148,2891,0.0953,0.8665,1
0.1,tail_heavy,0.95,2,0.5,smart,0.3,1,4000,3.0,2.6685,0.3315,11.051,1089,941,148,2911,0.102,0.8641,1
0.1,tail_heavy,0.95,2,0.5,smart,0.3,2,4000,3.0,2.6693,0.3307,11.024,1105,949,156,2895,0.0995,0.8588,1
0.1,tail_heavy,0.95,2,0.5,smart,0.3,3,4000,3.0,2.6632,0.3368,11.227,1107,963,144,2893,0.0915,0.8699,1
0.1,tail_heavy,0.95,2,0.5,smart,0.3,4,4000,3.0,2.6574,0.3426,11.421,1100,966,134,2900,0.0975,0.8782,1
0.1,tail_heavy,0.95,2,0.5,smart,0.3,5,4000,3.0,2.6587,0.3413,11.376,1105,974,131,2895,0.0988,0.8814,1
0.1,tail_heavy,0.95,2,0.5,smart,0.3,6,4000,3.0,2.6467,0.3533,11.775,1133,997,136,2867,0.1075,0.88,1
0.1,tail_heavy,0.95,2,1.0,smart,0.3,0,4000,3.0,2.6866,0.3134,10.446,1110,956,154,2890,0.095,0.8613,1
0.1,tail_heavy,0.95,2,1.0,smart,0.3,1,4000,3.0,2.6779,0.3221,10.738,1122,974,148,2878,0.0948,0.8681,1
0.1,tail_heavy,0.95,2,1.0,smart,0.3,2,4000,3.0,2.6713,0.3287,10.957,1130,981,149,2870,0.1067,0.8681,1
0.1,tail_heavy,0.95,2,1.0,smart,0.3,3,4000,3.0,2.6688,0.3312,11.041,1132,992,140,2868,0.0983,0.8763,1
0.1,tail_heavy,0.95,2,1.0,smart,0.3,4,4000,3.0,2.7015,0.2985,9.949,1106,931,175,2894,0.0943,0.8418,1
0.1,tail_heavy,0.95,2,1.0,smart,0.3,5,4000,3.0,2.6802,0.3198,10.66,1139,973,166,2861,0.1015,0.8543,1
0.1,tail_heavy,0.95,2,1.0,smart,0.3,6,4000,3.0,2.6759,0.3241,10.805,1143,987,156,2857,0.097,0.8635,1
0.1,tail_heavy,0.95,2,2.0,smart,0.3,0,4000,3.0,2.7137,0.2863,9.543,1125,980,145,2875,0.0963,0.8711,1
0.1,tail_heavy,0.95,2,2.0,smart,0.3,1,4000,3.0,2.7195,0.2805,9.35,1118,967,151,2882,0.0995,0.8649,1
0.1,tail_heavy,0.95,2,2.0,smart,0.3,2,4000,3.0,2.721,0.279,9.3,1110,961,149,2890,0.101,0.8658,1
0.1,tail_heavy,0.95,2,2.0,smart,0.3,3,4000,3.0,2.7262,0.2738,9.125,1079,937,142,2921,0.1015,0.8684,1
0.1,tail_heavy,0.95,2,2.0,smart,0.3,4,4000,3.0,2.7056,0.2944,9.815,1124,988,136,2876,0.0968,0.879,1
0.1,tail_heavy,0.95,2,2.0,smart,0.3,5,4000,3.0,2.722,0.278,9.266,1155,984,171,2845,0.0927,0.8519,1
0.1,tail_heavy,0.95,2,2.0,smart,0.3,6,4000,3.0,2.7062,0.2938,9.795,1170,1008,162,2830,0.1008,0.8615,1
0.1,tail_heavy,0.95,4,0.5,smart,0.3,0,4000,5.0,4.3495,0.6505,13.009,1082,923,159,2918,0.0965,0.853,1
0.1,tail_heavy,0.95,4,0.5,smart,0.3,1,4000,5.0,4.326,0.674,13.48,1098,949,149,2902,0.0948,0.8643,1
0.1,tail_heavy,0.95,4,0.5,smart,0.3,2,4000,5.0,4.2765,0.7235,14.469,1129,986,143,2871,0.1037,0.8733,1
0.1,tail_heavy,0.95,4,0.5,smart,0.3,3,4000,5.0,4.3204,0.6796,13.592,1077,941,136,2923,0.096,0.8737,1
0.1,tail_heavy,0.95,4,0.5,smart,0.3,4,4000,5.0,4.292,0.708,14.16,1117,982,135,2883,0.0955,0.8791,1
0.1,tail_heavy,0.95,4,0.5,smart,0.3,5,4000,5.0,4.3037,0.6963,13.925,1112,970,142,2888,0.0927,0.8723,1
0.1,tail_heavy,0.95,4,0.5,smart,0.3,6,4000,5.0,4.3572,0.6428,12.855,1037,893,144,2963,0.0983,0.8611,1
0.1,tail_heavy,0.95,4,1.0,smart,0.3,0,4000,5.0,4.3414,0.6586,13.172,1098,940,158,2902,0.1013,0.8561,1
0.1,tail_heavy,0.95,4,1.0,smart,0.3,1,4000,5.0,4.3421,0.6579,13.158,1111,957,154,2889,0.0955,0.8614,1
0.1,tail_heavy,0.95,4,1.0,smart,0.3,2,4000,5.0,4.3047,0.6953,13.907,1142,994,148,2858,0.0988,0.8704,1
0.1,tail_heavy,0.95,4,1.0,smart,0.3,3,4000,5.0,4.2929,0.7071,14.141,1157,1014,143,2843,0.0998,0.8764,1
0.1,tail_heavy,0.95,4,1.0,smart,0.3,4,4000,5.0,4.2859,0.7141,14.282,1149,1009,140,2851,0.106,0.8782,1
0.1,tail_heavy,0.95,4,1.0,smart,0.3,5,4000,5.0,4.3604,0.6396,12.793,1077,922,155,2923,0.0978,0.8561,1
0.1,tail_heavy,0.95,4,1.0,smart,0.3,6,4000,5.0,4.2959,0.7041,14.082,1147,1001,146,2853,0.109,0.8727,1
0.1,tail_heavy,0.95,4,2.0,smart,0.3,0,4000,5.0,4.3375,0.6625,13.249,1126,988,138,2874,0.1065,0.8774,1
0.1,tail_heavy,0.95,4,2.0,smart,0.3,1,4000,5.0,4.3443,0.6557,13.115,1108,978,130,2892,0.0995,0.8827,1
0.1,tail_heavy,0.95,4,2.0,smart,0.3,2,4000,5.0,4.3786,0.6214,12.428,1110,946,164,2890,0.1017,0.8523,1
0.1,tail_heavy,0.95,4,2.0,smart,0.3,3,4000,5.0,4.3575,0.6425,12.85,1129,981,148,2871,0.093,0.8689,1
0.1,tail_heavy,0.95,4,2.0,smart,0.3,4,4000,5.0,4.3813,0.6187,12.373,1116,945,171,2884,0.103,0.8468,1
0.1,tail_heavy,0.95,4,2.0,smart,0.3,5,4000,5.0,4.3253,0.6747,13.494,1130,997,133,2870,0.1022,0.8823,1
0.1,tail_heavy,0.95,4,2.0,smart,0.3,6,4000,5.0,4.3621,0.6379,12.759,1114,959,155,2886,0.098,0.8609,1
0.1,tail_heavy,0.95,8,0.5,smart,0.3,0,4000,9.0,7.6188,1.3812,15.346,1102,949,153,2898,0.0955,0.8612,1
0.1,tail_heavy,0.95,8,0.5,smart,0.3,1,4000,9.0,7.6344,1.3656,15.173,1107,949,158,2893,0.0975,0.8573,1
0.1,tail_heavy,0.95,8,0.5,smart,0.3,2,4000,9.0,7.637,1.363,15.144,1075,928,147,2925,0.0965,0.8633,1
0.1,tail_heavy,0.95,8,0.5,smart,0.3,3,4000,9.0,7.6195,1.3805,15.338,1122,956,166,2878,0.0993,0.852,1
0.1,tail_heavy,0.95,8,0.5,smart,0.3,4,4000,9.0,7.6367,1.3633,15.148,1095,928,167,2905,0.0983,0.8475,1
0.1,tail_heavy,0.95,8,0.5,smart,0.3,5,4000,9.0,7.6192,1.3808,15.342,1104,946,158,2896,0.0988,0.8569,1
0.1,tail_heavy,0.95,8,0.5,smart,0.3,6,4000,9.0,7.5816,1.4184,15.76,1105,963,142,2895,0.1003,0.8715,1
0.1,tail_heavy,0.95,8,1.0,smart,0.3,0,4000,9.0,7.5956,1.4044,15.604,1127,973,154,2873,0.1037,0.8634,1
0.1,tail_heavy,0.95,8,1.0,smart,0.3,1,4000,9.0,7.6321,1.3679,15.199,1098,955,143,2902,0.101,0.8698,1
0.1,tail_heavy,0.95,8,1.0,smart,0.3,2,4000,9.0,7.6402,1.3598,15.109,1101,944,157,2899,0.0885,0.8574,1
0.1,tail_heavy,0.95,8,1.0,smart,0.3,3,4000,9.0,7.569,1.431,15.9,1150,992,158,2850,0.0998,0.8626,1
0.1,tail_heavy,0.95,8,1.0,smart,0.3,4,4000,9.0,7.6868,1.3132,14.591,1079,920,159,2921,0.0912,0.8526,1
0.1,tail_heavy,0.95,8,1.0,smart,0.3,5,4000,9.0,7.6557,1.3443,14.936,1097,939,158,2903,0.094,0.856,1
0.1,tail_heavy,0.95,8,1.0,smart,0.3,6,4000,9.0,7.598,1.402,15.578,1118,975,143,2882,0.0932,0.8721,1
0.1,tail_heavy,0.95,8,2.0,smart,0.3,0,4000,9.0,7.765,1.235,13.722,1026,881,145,2974,0.0938,0.8587,1
0.1,tail_heavy,0.95,8,2.0,smart,0.3,1,4000,9.0,7.6019,1.3981,15.535,1106,984,122,2894,0.1013,0.8897,1
0.1,tail_heavy,0.95,8,2.0,smart,0.3,2,4000,9.0,7.6954,1.3046,14.496,1075,936,139,2925,0.0998,0.8707,1
0.1,tail_heavy,0.95,8,2.0,smart,0.3,3,4000,9.0,7.7223,1.2777,14.197,1056,909,147,2944,0.0983,0.8608,1
0.1,tail_heavy,0.95,8,2.0,smart,0.3,4,4000,9.0,7.6391,1.3609,15.121,1118,972,146,2882,0.1003,0.8694,1
0.1,tail_heavy,0.95,8,2.0,smart,0.3,5,4000,9.0,7.7058,1.2942,14.38,1075,925,150,2925,0.0925,0.8605,1
0.1,tail_heavy,0.95,8,2.0,smart,0.3,6,4000,9.0,7.652,1.348,14.978,1114,966,148,2886,0.1025,0.8671,1
0.1,tail_heavy,1.0,0.25,0.5,smart,0.3,0,4000,1.25,1.202,0.048,3.837,1035,1035,0,2965,0.1005,1.0,1
0.1,tail_heavy,1.0,0.25,0.5,smart,0.3,1,4000,1.25,1.2054,0.0446,3.571,968,968,0,3032,0.0932,1.0,1
0.1,tail_heavy,1.0,0.25,0.5,smart,0.3,2,4000,1.25,1.2051,0.0449,3.593,978,978,0,3022,0.095,1.0,1
0.1,tail_heavy,1.0,0.25,0.5,smart,0.3,3,4000,1.25,1.2038,0.0462,3.698,1006,1006,0,2994,0.1025,1.0,1
0.1,tail_heavy,1.0,0.25,0.5,smart,0.3,4,4000,1.25,1.2034,0.0466,3.73,1012,1012,0,2988,0.0983,1.0,1
0.1,tail_heavy,1.0,0.25,0.5,smart,0.3,5,4000,1.25,1.2021,0.0479,3.834,1030,1030,0,2970,0.097,1.0,1
0.1,tail_heavy,1.0,0.25,0.5,smart,0.3,6,4000,1.25,1.2029,0.0471,3.772,1028,1028,0,2972,0.1045,1.0,1
0.1,tail_heavy,1.0,0.25,1.0,smart,0.3,0,4000,1.25,1.2051,0.0449,3.59,975,975,0,3025,0.0955,1.0,1
0.1,tail_heavy,1.0,0.25,1.0,smart,0.3,1,4000,1.25,1.2038,0.0462,3.695,997,997,0,3003,0.099,1.0,1
0.1,tail_heavy,1.0,0.25,1.0,smart,0.3,2,4000,1.25,1.2023,0.0477,3.819,1035,1035,0,2965,0.1015,1.0,1
0.1,tail_heavy,1.0,0.25,1.0,smart,0.3,3,4000,1.25,1.2016,0.0484,3.875,1048,1048,0,2952,0.105,1.0,1
0.1,tail_heavy,1.0,0.25,1.0,smart,0.3,4,4000,1.25,1.2026,0.0474,3.793,1032,1032,0,2968,0.0995,1.0,1
0.1,tail_heavy,1.0,0.25,1.0,smart,0.3,5,4000,1.25,1.202,0.048,3.837,1034,1034,0,2966,0.1057,1.0,1
0.1,tail_heavy,1.0,0.25,1.0,smart,0.3,6,4000,1.25,1.2028,0.0472,3.774,1020,1020,0,2980,0.0988,1.0,1
0.1,tail_heavy,1.0,0.25,2.0,smart,0.3,0,4000,1.25,1.204,0.046,3.68,999,999,0,3001,0.0965,1.0,1
0.1,tail_heavy,1.0,0.25,2.0,smart,0.3,1,4000,1.25,1.2061,0.0439,3.514,956,956,0,3044,0.092,1.0,1
0.1,tail_heavy,1.0,0.25,2.0,smart,0.3,2,4000,1.25,1.2036,0.0464,3.714,995,995,0,3005,0.1005,1.0,1
0.1,tail_heavy,1.0,0.25,2.0,smart,0.3,3,4000,1.25,1.2058,0.0442,3.532,959,959,0,3041,0.0915,1.0,1
0.1,tail_heavy,1.0,0.25,2.0,smart,0.3,4,4000,1.25,1.203,0.047,3.758,1013,1013,0,2987,0.106,1.0,1
0.1,tail_heavy,1.0,0.25,2.0,smart,0.3,5,4000,1.25,1.2047,0.0453,3.62,991,991,0,3009,0.0985,1.0,1
0.1,tail_heavy,1.0,0.25,2.0,smart,0.3,6,4000,1.25,1.2042,0.0458,3.665,991,991,0,3009,0.0995,1.0,1
0.1,tail_heavy,1.0,0.5,0.5,smart,0.3,0,4000,1.5,1.4094,0.0906,6.037,978,978,0,3022,0.0975,1.0,1
0.1,tail_heavy,1.0,0.5,0.5,smart,0.3,1,4000,1.5,1.4091,0.0909,6.06,982,982,0,3018,0.0958,1.0,1
0.1,tail_heavy,1.0,0.5,0.5,smart,0.3,2,4000,1.5,1.4066,0.0934,6.225,1006,1006,0,2994,0.1037,1.0,1
0.1,tail_heavy,1.0,0.5,0.5,smart,0.3,3,4000,1.5,1.4041,0.0959,6.395,1041,1041,0,2959,0.098,1.0,1
0.1,tail_heavy,1.0,0.5,0.5,smart,0.3,4,4000,1.5,1.4108,0.0892,5.95,978,978,0,3022,0.0983,1.0,1
0.1,tail_heavy,1.0,0.5,0.5,smart,0.3,5,4000,1.5,1.4078,0.0922,6.144,1007,1007,0,2993,0.098,1.0,1
0.1,tail_heavy,1.0,0.5,0.5,smart,0.3,6,4000,1.5,1.4031,0.0969,6.46,1053,1053,0,2947,0.0953,1.0,1
0.1,tail_heavy,1.0,0.5,1.0,smart,0.3,0,4000,1.5,1.4096,0.0904,6.024,978,978,0,3022,0.1037,1.0,1
0.1,tail_heavy,1.0,0.5,1.0,smart,0.3,1,4000,1.5,1.4038,0.0962,6.411,1042,1042,0,2958,0.0995,1.0,1
0.1,tail_heavy,1.0,0.5,1.0,smart,0.3,2,4000,1.5,1.4048,0.0952,6.35,1037,1037,0,2963,0.1013,1.0,1
0.1,tail_heavy,1.0,0.5,1.0,smart,0.3,3,4000,1.5,1.4042,0.0958,6.386,1035,1035,0,2965,0.0993,1.0,1
0.1,tail_heavy,1.0,0.5,1.0,smart,0.3,4,4000,1.5,1.4056,0.0944,6.291,1021,1021,0,2979,0.1087,1.0,1
0.1,tail_heavy,1.0,0.5,1.0,smart,0.3,5,4000,1.5,1.411,0.089,5.936,962,962,0,3038,0.1003,1.0,1
0.1,tail_heavy,1.0,0.5,1.0,smart,0.3,6,4000,1.5,1.4039,0.0961,6.409,1035,1035,0,2965,0.1032,1.0,1
0.1,tail_heavy,1.0,0.5,2.0,smart,0.3,0,4000,1.5,1.4032,0.0968,6.454,1042,1042,0,2958,0.1045,1.0,1
0.1,tail_heavy,1.0,0.5,2.0,smart,0.3,1,4000,1.5,1.4095,0.0905,6.035,985,985,0,3015,0.0988,1.0,1
0.1,tail_heavy,1.0,0.5,2.0,smart,0.3,2,4000,1.5,1.4042,0.0958,6.389,1043,1043,0,2957,0.1085,1.0,1
0.1,tail_heavy,1.0,0.5,2.0,smart,0.3,3,4000,1.5,1.4041,0.0959,6.392,1039,1039,0,2961,0.096,1.0,1
0.1,tail_heavy,1.0,0.5,2.0,smart,0.3,4,4000,1.5,1.4046,0.0954,6.361,1032,1032,0,2968,0.1042,1.0,1
0.1,tail_heavy,1.0,0.5,2.0,smart,0.3,5,4000,1.5,1.4059,0.0941,6.271,1026,1026,0,2974,0.0973,1.0,1
0.1,tail_heavy,1.0,0.5,2.0,smart,0.3,6,4000,1.5,1.407,0.093,6.203,993,993,0,3007,0.101,1.0,1
0.1,tail_heavy,1.0,1,0.5,smart,0.3,0,4000,2.0,1.8145,0.1855,9.277,1011,1011,0,2989,0.101,1.0,1
0.1,tail_heavy,1.0,1,0.5,smart,0.3,1,4000,2.0,1.815,0.185,9.248,993,993,0,3007,0.0927,1.0,1
0.1,tail_heavy,1.0,1,0.5,smart,0.3,2,4000,2.0,1.8111,0.1889,9.445,1029,1029,0,2971,0.1015,1.0,1
0.1,tail_heavy,1.0,1,0.5,smart,0.3,3,4000,2.0,1.8111,0.1889,9.443,1016,1016,0,2984,0.1052,1.0,1
0.1,tail_heavy,1.0,1,0.5,smart,0.3,4,4000,2.0,1.8154,0.1846,9.231,999,999,0,3001,0.1008,1.0,1
0.1,tail_heavy,1.0,1,0.5,smart,0.3,5,4000,2.0,1.8218,0.1782,8.912,970,970,0,3030,0.0938,1.0,1
0.1,tail_heavy,1.0,1,0.5,smart,0.3,6,4000,2.0,1.8161,0.1839,9.196,988,988,0,3012,0.0953,1.0,1
0.1,tail_heavy,1.0,1,1.0,smart,0.3,0,4000,2.0,1.82,0.18,8.999,976,976,0,3024,0.095,1.0,1
0.1,tail_heavy,1.0,1,1.0,smart,0.3,1,4000,2.0,1.8125,0.1875,9.374,1021,1021,0,2979,0.1008,1.0,1
0.1,tail_heavy,1.0,1,1.0,smart,0.3,2,4000,2.0,1.8146,0.1854,9.272,1008,1008,0,2992,0.097,1.0,1
0.1,tail_heavy,1.0,1,1.0,smart,0.3,3,4000,2.0,1.8118,0.1882,9.411,1016,1016,0,2984,0.1005,1.0,1
0.1,tail_heavy,1.0,1,1.0,smart,0.3,4,4000,2.0,1.8208,0.1792,8.96,964,964,0,3036,0.091,1.0,1
0.1,tail_heavy,1.0,1,1.0,smart,0.3,5,4000,2.0,1.804,0.196,9.802,1044,1044,0,2956,0.1013,1.0,1
0.1,tail_heavy,1.0,1,1.0,smart,0.3,6,4000,2.0,1.8085,0.1915,9.575,1034,1034,0,2966,0.1072,1.0,1
0.1,tail_heavy,1.0,1,2.0,smart,0.3,0,4000,2.0,1.808,0.192,9.6,1042,1042,0,2958,0.101,1.0,1
0.1,tail_heavy,1.0,1,2.0,smart,0.3,1,4000,2.0,1.8113,0.1887,9.435,1026,1026,0,2974,0.0963,1.0,1
0.1,tail_heavy,1.0,1,2.0,smart,0.3,2,4000,2.0,1.8176,0.1824,9.121,992,992,0,3008,0.0925,1.0,1
0.1,tail_heavy,1.0,1,2.0,smart,0.3,3,4000,2.0,1.814,0.186,9.298,1007,1007,0,2993,0.0988,1.0,1
0.1,tail_heavy,1.0,1,2.0,smart,0.3,4,4000,2.0,1.8069,0.1931,9.656,1050,1050,0,2950,0.1045,1.0,1
0.1,tail_heavy,1.0,1,2.0,smart,0.3,5,4000,2.0,1.8122,0.1878,9.39,1019,1019,0,2981,0.1003,1.0,1
0.1,tail_heavy,1.0,1,2.0,smart,0.3,6,4000,2.0,1.8171,0.1829,9.147,994,994,0,3006,0.1055,1.0,1
0.1,tail_heavy,1.0,2,0.5,smart,0.3,0,4000,3.0,2.6332,0.3668,12.226,996,996,0,3004,0.1027,1.0,1
0.1,tail_heavy,1.0,2,0.5,smart,0.3,1,4000,3.0,2.6201,0.3799,12.664,1039,1039,0,2961,0.1055,1.0,1
0.1,tail_heavy,1.0,2,0.5,smart,0.3,2,4000,3.0,2.6325,0.3675,12.251,994,994,0,3006,0.1005,1.0,1
0.1,tail_heavy,1.0,2,0.5,smart,0.3,3,4000,3.0,2.6311,0.3689,12.298,996,996,0,3004,0.0965,1.0,1
0.1,tail_heavy,1.0,2,0.5,smart,0.3,4,4000,3.0,2.6161,0.3839,12.795,1036,1036,0,2964,0.102,1.0,1
0.1,tail_heavy,1.0,2,0.5,smart,0.3,5,4000,3.0,2.6295,0.3705,12.351,999,999,0,3001,0.0968,1.0,1
0.1,tail_heavy,1.0,2,0.5,smart,0.3,6,4000,3.0,2.6323,0.3677,12.255,994,994,0,3006,0.098,1.0,1
0.1,tail_heavy,1.0,2,1.0,smart,0.3,0,4000,3.0,2.6153,0.3847,12.822,1025,1025,0,2975,0.1025,1.0,1
0.1,tail_heavy,1.0,2,1.0,smart,0.3,1,4000,3.0,2.6327,0.3673,12.245,992,992,0,3008,0.0983,1.0,1
0.1,tail_heavy,1.0,2,1.0,smart,0.3,2,4000,3.0,2.6382,0.3618,12.059,986,986,0,3014,0.0953,1.0,1
0.1,tail_heavy,1.0,2,1.0,smart,0.3,3,4000,3.0,2.6346,0.3654,12.18,999,999,0,3001,0.1037,1.0,1
0.1,tail_heavy,1.0,2,1.0,smart,0.3,4,4000,3.0,2.6166,0.3834,12.778,1033,1033,0,2967,0.0993,1.0,1
0.1,tail_heavy,1.0,2,1.0,smart,0.3,5,4000,3.0,2.6271,0.3729,12.43,1002,1002,0,2998,0.1008,1.0,1
0.1,tail_heavy,1.0,2,1.0,smart,0.3,6,4000,3.0,2.643,0.357,11.901,970,970,0,3030,0.0922,1.0,1
0.1,tail_heavy,1.0,2,2.0,smart,0.3,0,4000,3.0,2.6277,0.3723,12.41,1020,1020,0,2980,0.0973,1.0,1
0.1,tail_heavy,1.0,2,2.0,smart,0.3,1,4000,3.0,2.6165,0.3835,12.784,1029,1029,0,2971,0.1082,1.0,1
0.1,tail_heavy,1.0,2,2.0,smart,0.3,2,4000,3.0,2.6327,0.3673,12.245,998,998,0,3002,0.0938,1.0,1
0.1,tail_heavy,1.0,2,2.0,smart,0.3,3,4000,3.0,2.6343,0.3657,12.191,985,985,0,3015,0.0993,1.0,1
0.1,tail_heavy,1.0,2,2.0,smart,0.3,4,4000,3.0,2.6257,0.3743,12.475,1012,1012,0,2988,0.099,1.0,1
0.1,tail_heavy,1.0,2,2.0,smart,0.3,5,4000,3.0,2.6296,0.3704,12.346,1008,1008,0,2992,0.0988,1.0,1
0.1,tail_heavy,1.0,2,2.0,smart,0.3,6,4000,3.0,2.6188,0.3812,12.707,1039,1039,0,2961,0.1022,1.0,1
0.1,tail_heavy,1.0,4,0.5,smart,0.3,0,4000,5.0,4.2503,0.7497,14.994,1014,1014,0,2986,0.1035,1.0,1
0.1,tail_heavy,1.0,4,0.5,smart,0.3,1,4000,5.0,4.2504,0.7496,14.992,1018,1018,0,2982,0.0968,1.0,1
0.1,tail_heavy,1.0,4,0.5,smart,0.3,2,4000,5.0,4.2765,0.7235,14.47,977,977,0,3023,0.0948,1.0,1
0.1,tail_heavy,1.0,4,0.5,smart,0.3,3,4000,5.0,4.2515,0.7485,14.97,1014,1014,0,2986,0.0958,1.0,1
0.1,tail_heavy,1.0,4,0.5,smart,0.3,4,4000,5.0,4.2646,0.7354,14.708,1002,1002,0,2998,0.1005,1.0,1
0.1,tail_heavy,1.0,4,0.5,smart,0.3,5,4000,5.0,4.2566,0.7434,14.868,1000,1000,0,3000,0.1032,1.0,1
0.1,tail_heavy,1.0,4,0.5,smart,0.3,6,4000,5.0,4.262,0.738,14.76,1006,1006,0,2994,0.1085,1.0,1
0.1,tail_heavy,1.0,4,1.0,smart,0.3,0,4000,5.0,4.2192,0.7808,15.615,1064,1064,0,2936,0.105,1.0,1
0.1,tail_heavy,1.0,4,1.0,smart,0.3,1,4000,5.0,4.2469,0.7531,15.063,1021,1021,0,2979,0.0985,1.0,1
0.1,tail_heavy,1.0,4,1.0,smart,0.3,2,4000,5.0,4.2801,0.7199,14.398,977,977,0,3023,0.0945,1.0,1
0.1,tail_heavy,1.0,4,1.0,smart,0.3,3,4000,5.0,4.2617,0.7383,14.766,997,997,0,3003,0.103,1.0,1
0.1,tail_heavy,1.0,4,1.0,smart,0.3,4,4000,5.0,4.2109,0.7891,15.781,1070,1070,0,2930,0.1067,1.0,1
0.1,tail_heavy,1.0,4,1.0,smart,0.3,5,4000,5.0,4.2175,0.7825,15.649,1063,1063,0,2937,0.1027,1.0,1
0.1,tail_heavy,1.0,4,1.0,smart,0.3,6,4000,5.0,4.2484,0.7516,15.032,1020,1020,0,2980,0.0993,1.0,1
0.1,tail_heavy,1.0,4,2.0,smart,0.3,0,4000,5.0,4.2246,0.7754,15.508,1048,1048,0,2952,0.1052,1.0,1
0.1,tail_heavy,1.0,4,2.0,smart,0.3,1,4000,5.0,4.2731,0.7269,14.538,995,995,0,3005,0.0932,1.0,1
0.1,tail_heavy,1.0,4,2.0,smart,0.3,2,4000,5.0,4.2425,0.7575,15.15,1022,1022,0,2978,0.0993,1.0,1
0.1,tail_heavy,1.0,4,2.0,smart,0.3,3,4000,5.0,4.2035,0.7965,15.93,1087,1087,0,2913,0.106,1.0,1
0.1,tail_heavy,1.0,4,2.0,smart,0.3,4,4000,5.0,4.2544,0.7456,14.911,1002,1002,0,2998,0.0948,1.0,1
0.1,tail_heavy,1.0,4,2.0,smart,0.3,5,4000,5.0,4.2449,0.7551,15.102,1030,1030,0,2970,0.0995,1.0,1
0.1,tail_heavy,1.0,4,2.0,smart,0.3,6,4000,5.0,4.2805,0.7195,14.39,979,979,0,3021,0.0892,1.0,1
0.1,tail_heavy,1.0,8,0.5,smart,0.3,0,4000,9.0,7.4716,1.5284,16.982,1034,1034,0,2966,0.1042,1.0,1
0.1,tail_heavy,1.0,8,0.5,smart,0.3,1,4000,9.0,7.472,1.528,16.977,1036,1036,0,2964,0.099,1.0,1
0.1,tail_heavy,1.0,8,0.5,smart,0.3,2,4000,9.0,7.5273,1.4727,16.364,1002,1002,0,2998,0.1055,1.0,1
0.1,tail_heavy,1.0,8,0.5,smart,0.3,3,4000,9.0,7.4935,1.5065,16.739,1018,1018,0,2982,0.1013,1.0,1
0.1,tail_heavy,1.0,8,0.5,smart,0.3,4,4000,9.0,7.5607,1.4393,15.992,973,973,0,3027,0.0963,1.0,1
0.1,tail_heavy,1.0,8,0.5,smart,0.3,5,4000,9.0,7.4857,1.5143,16.826,1026,1026,0,2974,0.1035,1.0,1
0.1,tail_heavy,1.0,8,0.5,smart,0.3,6,4000,9.0,7.4671,1.5329,17.032,1032,1032,0,2968,0.1015,1.0,1
0.1,tail_heavy,1.0,8,1.0,smart,0.3,0,4000,9.0,7.4963,1.5037,16.708,1018,1018,0,2982,0.0935,1.0,1
0.1,tail_heavy,1.0,8,1.0,smart,0.3,1,4000,9.0,7.4155,1.5845,17.606,1069,1069,0,2931,0.107,1.0,1
0.1,tail_heavy,1.0,8,1.0,smart,0.3,2,4000,9.0,7.4952,1.5048,16.72,1011,1011,0,2989,0.1025,1.0,1
0.1,tail_heavy,1.0,8,1.0,smart,0.3,3,4000,9.0,7.4852,1.5148,16.831,1026,1026,0,2974,0.1032,1.0,1
0.1,tail_heavy,1.0,8,1.0,smart,0.3,4,4000,9.0,7.4963,1.5037,16.707,1020,1020,0,2980,0.1025,1.0,1
0.1,tail_heavy,1.0,8,1.0,smart,0.3,5,4000,9.0,7.528,1.472,16.356,995,995,0,3005,0.1025,1.0,1
0.1,tail_heavy,1.0,8,1.0,smart,0.3,6,4000,9.0,7.5918,1.4082,15.647,958,958,0,3042,0.089,1.0,1
0.1,tail_heavy,1.0,8,2.0,smart,0.3,0,4000,9.0,7.4874,1.5126,16.807,1027,1027,0,2973,0.1045,1.0,1
0.1,tail_heavy,1.0,8,2.0,smart,0.3,1,4000,9.0,7.4733,1.5267,16.964,1028,1028,0,2972,0.1013,1.0,1
0.1,tail_heavy,1.0,8,2.0,smart,0.3,2,4000,9.0,7.5152,1.4848,16.498,1008,1008,0,2992,0.0955,1.0,1
0.1,tail_heavy,1.0,8,2.0,smart,0.3,3,4000,9.0,7.4813,1.5187,16.875,1031,1031,0,2969,0.1022,1.0,1
0.1,tail_heavy,1.0,8,2.0,smart,0.3,4,4000,9.0,7.4793,1.5207,16.897,1029,1029,0,2971,0.0975,1.0,1
0.1,tail_heavy,1.0,8,2.0,smart,0.3,5,4000,9.0,7.5401,1.4599,16.221,993,993,0,3007,0.0993,1.0,1
0.1,tail_heavy,1.0,8,2.0,smart,0.3,6,4000,9.0,7.413,1.587,17.634,1061,1061,0,2939,0.1133,1.0,1
0.3,uniform_heavy,0.5,0.25,0.5,smart,0.3,0,4000,1.25,1.3125,-0.0625,-5.004,2018,1104,914,1982,0.2928,0.5471,0
0.3,uniform_heavy,0.5,0.25,0.5,smart,0.3,1,4000,1.25,1.313,-0.063,-5.037,1971,1062,909,2029,0.2988,0.5388,0
0.3,uniform_heavy,0.5,0.25,0.5,smart,0.3,2,4000,1.25,1.3138,-0.0638,-5.101,1966,1056,910,2034,0.2913,0.5371,0
0.3,uniform_heavy,0.5,0.25,0.5,smart,0.3,3,4000,1.25,1.3119,-0.0619,-4.95,1975,1070,905,2025,0.2915,0.5418,0
0.3,uniform_heavy,0.5,0.25,0.5,smart,0.3,4,4000,1.25,1.3113,-0.0613,-4.901,1988,1084,904,2012,0.3095,0.5453,0
0.3,uniform_heavy,0.5,0.25,0.5,smart,0.3,5,4000,1.25,1.3117,-0.0617,-4.937,2017,1101,916,1983,0.3105,0.5459,0
0.3,uniform_heavy,0.5,0.25,0.5,smart,0.3,6,4000,1.25,1.31,-0.06,-4.801,1987,1092,895,2013,0.3085,0.5496,0
0.3,uniform_heavy,0.5,0.25,1.0,smart,0.3,0,4000,1.25,1.4265,-0.1765,-14.117,1984,1074,910,2016,0.3038,0.5413,0
0.3,uniform_heavy,0.5,0.25,1.0,smart,0.3,1,4000,1.25,1.4261,-0.1761,-14.092,2015,1101,914,1985,0.3093,0.5464,0
0.3,uniform_heavy,0.5,0.25,1.0,smart,0.3,2,4000,1.25,1.4277,-0.1777,-14.213,2014,1095,919,1986,0.298,0.5437,0
0.3,uniform_heavy,0.5,0.25,1.0,smart,0.3,3,4000,1.25,1.431,-0.181,-14.479,1949,1031,918,2051,0.283,0.529,0
0.3,uniform_heavy,0.5,0.25,1.0,smart,0.3,4,4000,1.25,1.4246,-0.1746,-13.967,2043,1129,914,1957,0.3152,0.5526,0
0.3,uniform_heavy,0.5,0.25,1.0,smart,0.3,5,4000,1.25,1.4207,-0.1707,-13.656,1956,1070,886,2044,0.296,0.547,0
0.3,uniform_heavy,0.5,0.25,1.0,smart,0.3,6,4000,1.25,1.4347,-0.1847,-14.772,2110,1152,958,1890,0.304,0.546,0
0.3,uniform_heavy,0.5,0.25,2.0,smart,0.3,0,4000,1.25,1.6652,-0.4152,-33.215,1995,1064,931,2005,0.2935,0.5333,0
0.3,uniform_heavy,0.5,0.25,2.0,smart,0.3,1,4000,1.25,1.6404,-0.3904,-31.231,1959,1076,883,2041,0.307,0.5493,0
0.3,uniform_heavy,0.5,0.25,2.0,smart,0.3,2,4000,1.25,1.6841,-0.4341,-34.724,2064,1092,972,1936,0.2963,0.5291,0
0.3,uniform_heavy,0.5,0.25,2.0,smart,0.3,3,4000,1.25,1.6341,-0.3841,-30.728,1987,1114,873,2013,0.303,0.5606,0
0.3,uniform_heavy,0.5,0.25,2.0,smart,0.3,4,4000,1.25,1.6612,-0.4112,-32.892,2024,1097,927,1976,0.2965,0.542,0
0.3,uniform_heavy,0.5,0.25,2.0,smart,0.3,5,4000,1.25,1.6434,-0.3934,-31.475,1984,1093,891,2016,0.3035,0.5509,0
0.3,uniform_heavy,0.5,0.25,2.0,smart,0.3,6,4000,1.25,1.6566,-0.4066,-32.531,2013,1096,917,1987,0.2963,0.5445,0
0.3,uniform_heavy,0.5,0.5,0.5,smart,0.3,0,4000,1.5,1.5072,-0.0072,-0.481,2009,1106,903,1991,0.3058,0.5505,0
0.3,uniform_heavy,0.5,0.5,0.5,smart,0.3,1,4000,1.5,1.5069,-0.0069,-0.457,1993,1100,893,2007,0.2918,0.5519,0
0.3,uniform_heavy,0.5,0.5,0.5,smart,0.3,2,4000,1.5,1.5045,-0.0045,-0.298,2036,1136,900,1964,0.2983,0.558,0
0.3,uniform_heavy,0.5,0.5,0.5,smart,0.3,3,4000,1.5,1.5087,-0.0087,-0.583,2060,1130,930,1940,0.29,0.5485,0
0.3,uniform_heavy,0.5,0.5,0.5,smart,0.3,4,4000,1.5,1.5075,-0.0075,-0.498,1949,1070,879,2051,0.306,0.549,0
0.3,uniform_heavy,0.5,0.5,0.5,smart,0.3,5,4000,1.5,1.5115,-0.0115,-0.767,1957,1058,899,2043,0.3043,0.5406,0
0.3,uniform_heavy,0.5,0.5,0.5,smart,0.3,6,4000,1.5,1.5166,-0.0166,-1.11,2011,1063,948,1989,0.3013,0.5286,0
0.3,uniform_heavy,0.5,0.5,1.0,smart,0.3,0,4000,1.5,1.6307,-0.1307,-8.712,1995,1066,929,2005,0.3108,0.5343,0
0.3,uniform_heavy,0.5,0.5,1.0,smart,0.3,1,4000,1.5,1.631,-0.131,-8.733,2041,1096,945,1959,0.2953,0.537,0
0.3,uniform_heavy,0.5,0.5,1.0,smart,0.3,2,4000,1.5,1.6255,-0.1255,-8.364,1951,1045,906,2049,0.3003,0.5356,0
0.3,uniform_heavy,0.5,0.5,1.0,smart,0.3,3,4000,1.5,1.6112,-0.1112,-7.414,1947,1088,859,2053,0.3093,0.5588,0
0.3,uniform_heavy,0.5,0.5,1.0,smart,0.3,4,4000,1.5,1.6391,-0.1391,-9.273,2000,1045,955,2000,0.3048,0.5225,0
0.3,uniform_heavy,0.5,0.5,1.0,smart,0.3,5,4000,1.5,1.6201,-0.1201,-8.006,1980,1087,893,2020,0.2983,0.549,0
0.3,uniform_heavy,0.5,0.5,1.0,smart,0.3,6,4000,1.5,1.6252,-0.1252,-8.345,1977,1066,911,2023,0.2988,0.5392,0
0.3,uniform_heavy,0.5,0.5,2.0,smart,0.3,0,4000,1.5,1.8687,-0.3687,-24.578,1977,1040,937,2023,0.2918,0.526,0
0.3,uniform_heavy,0.5,0.5,2.0,smart,0.3,1,4000,1.5,1.8474,-0.3474,-23.162,1996,1093,903,2004,0.3025,0.5476,0
0.3,uniform_heavy,0.5,0.5,2.0,smart,0.3,2,4000,1.5,1.8719,-0.3719,-24.796,1950,1013,937,2050,0.3045,0.5195,0
0.3,uniform_heavy,0.5,0.5,2.0,smart,0.3,3,4000,1.5,1.8788,-0.3788,-25.253,2012,1054,958,1988,0.2943,0.5239,0
0.3,uniform_heavy,0.5,0.5,2.0,smart,0.3,4,4000,1.5,1.863,-0.363,-24.201,2039,1103,936,1961,0.31,0.541,0
0.3,uniform_heavy,0.5,0.5,2.0,smart,0.3,5,4000,1.5,1.8661,-0.3661,-24.404,1991,1058,933,2009,0.295,0.5314,0
0.3,uniform_heavy,0.5,0.5,2.0,smart,0.3,6,4000,1.5,1.8689,-0.3689,-24.593,2069,1119,950,1931,0.304,0.5408,0
0.3,uniform_heavy,0.5,1,0.5,smart,0.3,0,4000,2.0,1.9079,0.0921,4.604,1974,1081,893,2026,0.286,0.5476,1
0.3,uniform_heavy,0.5,1,0.5,smart,0.3,1,4000,2.0,1.9119,0.0881,4.404,1997,1075,922,2003,0.2978,0.5383,1
0.3,uniform_heavy,0.5,1,0.5,smart,0.3,2,4000,2.0,1.913,0.087,4.349,1947,1051,896,2053,0.3018,0.5398,1
0.3,uniform_heavy,0.5,1,0.5,smart,0.3,3,4000,2.0,1.91,0.09,4.501,1972,1059,913,2028,0.303,0.537,1
0.3,uniform_heavy,0.5,1,0.5,smart,0.3,4,4000,2.0,1.9089,0.0911,4.554,2026,1087,939,1974,0.3105,0.5365,1
0.3,uniform_heavy,0.5,1,0.5,smart,0.3,5,4000,2.0,1.91,0.09,4.499,2003,1088,915,1997,0.2978,0.5432,1
0.3,uniform_heavy,0.5,1,0.5,smart,0.3,6,4000,2.0,1.9236,0.0764,3.819,1981,1031,950,2019,0.2968,0.5204,1
0.3,uniform_heavy,0.5,1,1.0,smart,0.3,0,4000,2.0,2.0141,-0.0141,-0.704,1973,1088,885,2027,0.309,0.5514,0
0.3,uniform_heavy,0.5,1,1.0,smart,0.3,1,4000,2.0,2.0359,-0.0359,-1.793,2043,1080,963,1957,0.3025,0.5286,0
0.3,uniform_heavy,0.5,1,1.0,smart,0.3,2,4000,2.0,2.0185,-0.0185,-0.923,1944,1058,886,2056,0.3035,0.5442,0
0.3,uniform_heavy,0.5,1,1.0,smart,0.3,3,4000,2.0,2.0194,-0.0194,-0.968,1941,1059,882,2059,0.312,0.5456,0
0.3,uniform_heavy,0.5,1,1.0,smart,0.3,4,4000,2.0,2.027,-0.027,-1.352,1944,1041,903,2056,0.2928,0.5355,0
0.3,uniform_heavy,0.5,1,1.0,smart,0.3,5,4000,2.0,2.0586,-0.0586,-2.928,1997,1001,996,2003,0.294,0.5013,0
0.3,uniform_heavy,0.5,1,1.0,smart,0.3,6,4000,2.0,2.0143,-0.0143,-0.716,1983,1089,894,2017,0.2983,0.5492,0
0.3,uniform_heavy,0.5,1,2.0,smart,0.3,0,4000,2.0,2.2348,-0.2348,-11.739,1959,1080,879,2041,0.3013,0.5513,0
0.3,uniform_heavy,0.5,1,2.0,smart,0.3,1,4000,2.0,2.2751,-0.2751,-13.756,2014,1060,954,1986,0.3043,0.5263,0
0.3,uniform_heavy,0.5,1,2.0,smart,0.3,2,4000,2.0,2.2364,-0.2364,-11.82,2014,1115,899,1986,0.3065,0.5536,0
0.3,uniform_heavy,0.5,1,2.0,smart,0.3,3,4000,2.0,2.2498,-0.2498,-12.491,2005,1090,915,1995,0.295,0.5436,0
0.3,uniform_heavy,0.5,1,2.0,smart,0.3,4,4000,2.0,2.2445,-0.2445,-12.226,2021,1111,910,1979,0.3103,0.5497,0
0.3,uniform_heavy,0.5,1,2.0,smart,0.3,5,4000,2.0,2.2531,-0.2531,-12.655,2010,1091,919,1990,0.2928,0.5428,0
0.3,uniform_heavy,0.5,1,2.0,smart,0.3,6,4000,2.0,2.2473,-0.2473,-12.365,2001,1092,909,1999,0.3043,0.5457,0
0.3,uniform_heavy,0.5,2,0.5,smart,0.3,0,4000,3.0,2.6949,0.3051,10.171,1978,1085,893,2022,0.3118,0.5485,1
0.3,uniform_heavy,0.5,2,0.5,smart,0.3,1,4000,3.0,2.7199,0.2801,9.335,2038,1058,980,1962,0.2905,0.5191,1
0.3,uniform_heavy,0.5,2,0.5,smart,0.3,2,4000,3.0,2.7101,0.2899,9.663,2003,1077,926,1997,0.287,0.5377,1
0.3,uniform_heavy,0.5,2,0.5,smart,0.3,3,4000,3.0,2.7138,0.2862,9.541,1956,1048,908,2044,0.3055,0.5358,1
0.3,uniform_heavy,0.5,2,0.5,smart,0.3,4,4000,3.0,2.6992,0.3008,10.025,1951,1070,881,2049,0.3152,0.5484,1
0.3,uniform_heavy,0.5,2,0.5,smart,0.3,5,4000,3.0,2.6824,0.3176,10.588,2001,1119,882,1999,0.3088,0.5592,1
0.3,uniform_heavy,0.5,2,0.5,smart,0.3,6,4000,3.0,2.7195,0.2805,9.349,2043,1060,983,1957,0.2983,0.5188,1
0.3,uniform_heavy,0.5,2,1.0,smart,0.3,0,4000,3.0,2.8222,0.1778,5.926,1959,1059,900,2041,0.2888,0.5406,1
0.3,uniform_heavy,0.5,2,1.0,smart,0.3,1,4000,3.0,2.805,0.195,6.501,1972,1088,884,2028,0.2988,0.5517,1
0.3,uniform_heavy,0.5,2,1.0,smart,0.3,2,4000,3.0,2.8111,0.1889,6.297,2014,1097,917,1986,0.2965,0.5447,1
0.3,uniform_heavy,0.5,2,1.0,smart,0.3,3,4000,3.0,2.8261,0.1739,5.797,2001,1070,931,1999,0.3018,0.5347,1
0.3,uniform_heavy,0.5,2,1.0,smart,0.3,4,4000,3.0,2.8406,0.1594,5.315,2034,1054,980,1966,0.2988,0.5182,1
0.3,uniform_heavy,0.5,2,1.0,smart,0.3,5,4000,3.0,2.8152,0.1848,6.161,1979,1073,906,2021,0.309,0.5422,1
0.3,uniform_heavy,0.5,2,1.0,smart,0.3,6,4000,3.0,2.7954,0.2046,6.82,1939,1100,839,2061,0.2978,0.5673,1
0.3,uniform_heavy,0.5,2,2.0,smart,0.3,0,4000,3.0,3.0342,-0.0342,-1.142,2036,1116,920,1964,0.302,0.5481,0
0.3,uniform_heavy,0.5,2,2.0,smart,0.3,1,4000,3.0,3.0556,-0.0556,-1.854,2014,1082,932,1986,0.2905,0.5372,0
0.3,uniform_heavy,0.5,2,2.0,smart,0.3,2,4000,3.0,3.0406,-0.0406,-1.355,2015,1100,915,1985,0.3055,0.5459,0
0.3,uniform_heavy,0.5,2,2.0,smart,0.3,3,4000,3.0,3.0381,-0.0381,-1.269,2001,1094,907,1999,0.2958,0.5467,0
0.3,uniform_heavy,0.5,2,2.0,smart,0.3,4,4000,3.0,3.0658,-0.0658,-2.194,1987,1057,930,2013,0.2913,0.532,0
0.3,uniform_heavy,0.5,2,2.0,smart,0.3,5,4000,3.0,3.0315,-0.0315,-1.05,1947,1073,874,2053,0.311,0.5511,0
0.3,uniform_heavy,0.5,2,2.0,smart,0.3,6,4000,3.0,3.0389,-0.0389,-1.298,2020,1101,919,1980,0.3132,0.545,0
0.3,uniform_heavy,0.5,4,0.5,smart,0.3,0,4000,5.0,4.3022,0.6978,13.956,1962,1064,898,2038,0.3113,0.5423,1
0.3,uniform_heavy,0.5,4,0.5,smart,0.3,1,4000,5.0,4.3165,0.6835,13.669,1973,1045,928,2027,0.3035,0.5297,1
0.3,uniform_heavy,0.5,4,0.5,smart,0.3,2,4000,5.0,4.3197,0.6803,13.607,1951,1039,912,2049,0.302,0.5325,1
0.3,uniform_heavy,0.5,4,0.5,smart,0.3,3,4000,5.0,4.2732,0.7268,14.537,2066,1117,949,1934,0.3008,0.5407,1
0.3,uniform_heavy,0.5,4,0.5,smart,0.3,4,4000,5.0,4.2817,0.7183,14.366,2089,1108,981,1911,0.2938,0.5304,1
0.3,uniform_heavy,0.5,4,0.5,smart,0.3,5,4000,5.0,4.2845,0.7155,14.31,2035,1098,937,1965,0.2958,0.5396,1
0.3,uniform_heavy,0.5,4,0.5,smart,0.3,6,4000,5.0,4.2824,0.7176,14.351,2023,1091,932,1977,0.3058,0.5393,1
0.3,uniform_heavy,0.5,4,1.0,smart,0.3,0,4000,5.0,4.3754,0.6246,12.492,2039,1117,922,1961,0.319,0.5478,1
0.3,uniform_heavy,0.5,4,1.0,smart,0.3,1,4000,5.0,4.3556,0.6444,12.887,2035,1129,906,1965,0.313,0.5548,1
0.3,uniform_heavy,0.5,4,1.0,smart,0.3,2,4000,5.0,4.4114,0.5886,11.771,1991,1080,911,2009,0.3003,0.5424,1
0.3,uniform_heavy,0.5,4,1.0,smart,0.3,3,4000,5.0,4.4389,0.5611,11.221,1973,1039,934,2027,0.2995,0.5266,1
0.3,uniform_heavy,0.5,4,1.0,smart,0.3,4,4000,5.0,4.4093,0.5907,11.814,2035,1087,948,1965,0.2935,0.5342,1
0.3,uniform_heavy,0.5,4,1.0,smart,0.3,5,4000,5.0,4.4303,0.5697,11.394,1968,1050,918,2032,0.2858,0.5335,1
0.3,uniform_heavy,0.5,4,1.0,smart,0.3,6,4000,5.0,4.4235,0.5765,11.53,1988,1061,927,2012,0.3108,0.5337,1
0.3,uniform_heavy,0.5,4,2.0,smart,0.3,0,4000,5.0,4.673,0.327,6.539,2033,1064,969,1967,0.285,0.5234,1
0.3,uniform_heavy,0.5,4,2.0,smart,0.3,1,4000,5.0,4.6274,0.3726,7.451,2031,1097,934,1969,0.298,0.5401,1
0.3,uniform_heavy,0.5,4,2.0,smart,0.3,2,4000,5.0,4.5863,0.4137,8.275,1975,1107,868,2025,0.3038,0.5605,1
0.3,uniform_heavy,0.5,4,2.0,smart,0.3,3,4000,5.0,4.6062,0.3938,7.877,2007,1106,901,1993,0.3,0.5511,1
0.3,uniform_heavy,0.5,4,2.0,smart,0.3,4,4000,5.0,4.6301,0.3699,7.398,2037,1101,936,1963,0.2923,0.5405,1
0.3,uniform_heavy,0.5,4,2.0,smart,0.3,5,4000,5.0,4.7011,0.2989,5.978,1987,1030,957,2013,0.287,0.5184,1
0.3,uniform_heavy,0.5,4,2.0,smart,0.3,6,4000,5.0,4.6345,0.3655,7.311,1986,1082,904,2014,0.2978,0.5448,1
0.3,uniform_heavy,0.5,8,0.5,smart,0.3,0,4000,9.0,7.4654,1.5346,17.051,2000,1074,926,2000,0.308,0.537,1
0.3,uniform_heavy,0.5,8,0.5,smart,0.3,1,4000,9.0,7.4543,1.5457,17.175,2007,1091,916,1993,0.3005,0.5436,1
0.3,uniform_heavy,0.5,8,0.5,smart,0.3,2,4000,9.0,7.4478,1.5522,17.247,2023,1105,918,1977,0.2975,0.5462,1
0.3,uniform_heavy,0.5,8,0.5,smart,0.3,3,4000,9.0,7.4386,1.5614,17.349,2005,1095,910,1995,0.3157,0.5461,1
0.3,uniform_heavy,0.5,8,0.5,smart,0.3,4,4000,9.0,7.4621,1.5379,17.088,2056,1086,970,1944,0.2833,0.5282,1
0.3,uniform_heavy,0.5,8,0.5,smart,0.3,5,4000,9.0,7.4445,1.5555,17.283,1993,1088,905,2007,0.3003,0.5459,1
0.3,uniform_heavy,0.5,8,0.5,smart,0.3,6,4000,9.0,7.4551,1.5449,17.166,1989,1089,900,2011,0.3108,0.5475,1
0.3,uniform_heavy,0.5,8,1.0,smart,0.3,0,4000,9.0,7.5569,1.4431,16.035,1988,1094,894,2012,0.302,0.5503,1
0.3,uniform_heavy,0.5,8,1.0,smart,0.3,1,4000,9.0,7.5501,1.4499,16.11,2007,1102,905,1993,0.3033,0.5491,1
0.3,uniform_heavy,0.5,8,1.0,smart,0.3,2,4000,9.0,7.5505,1.4495,16.106,2030,1106,924,1970,0.2945,0.5448,1
0.3,uniform_heavy,0.5,8,1.0,smart,0.3,3,4000,9.0,7.5791,1.4209,15.788,1965,1074,891,2035,0.2938,0.5466,1
0.3,uniform_heavy,0.5,8,1.0,smart,0.3,4,4000,9.0,7.4591,1.5409,17.121,2020,1144,876,1980,0.304,0.5663,1
0.3,uniform_heavy,0.5,8,1.0,smart,0.3,5,4000,9.0,7.6616,1.3384,14.871,1950,1039,911,2050,0.3033,0.5328,1
0.3,uniform_heavy,0.5,8,1.0,smart,0.3,6,4000,9.0,7.5746,1.4254,15.838,1998,1083,915,2002,0.3003,0.542,1
0.3,uniform_heavy,0.5,8,2.0,smart,0.3,0,4000,9.0,7.7756,1.2244,13.605,2020,1100,920,1980,0.3075,0.5446,1
0.3,uniform_heavy,0.5,8,2.0,smart,0.3,1,4000,9.0,7.853,1.147,12.744,2015,1065,950,1985,0.308,0.5285,1
0.3,uniform_heavy,0.5,8,2.0,smart,0.3,2,4000,9.0,7.8758,1.1242,12.491,2010,1058,952,1990,0.301,0.5264,1
0.3,uniform_heavy,0.5,8,2.0,smart,0.3,3,4000,9.0,7.7375,1.2625,14.028,1948,1098,850,2052,0.304,0.5637,1
0.3,uniform_heavy,0.5,8,2.0,smart,0.3,4,4000,9.0,7.7747,1.2253,13.615,1964,1088,876,2036,0.3123,0.554,1
0.3,uniform_heavy,0.5,8,2.0,smart,0.3,5,4000,9.0,7.7993,1.2007,13.342,2036,1102,934,1964,0.3123,0.5413,1
0.3,uniform_heavy,0.5,8,2.0,smart,0.3,6,4000,9.0,7.794,1.206,13.4,1976,1087,889,2024,0.3055,0.5501,1
0.3,uniform_heavy,0.6,0.25,0.5,smart,0.3,0,4000,1.25,1.279,-0.029,-2.317,2031,1303,728,1969,0.2925,0.6416,0
0.3,uniform_heavy,0.6,0.25,0.5,smart,0.3,1,4000,1.25,1.2807,-0.0307,-2.46,2043,1302,741,1957,0.3003,0.6373,0
0.3,uniform_heavy,0.6,0.25,0.5,smart,0.3,2,4000,1.25,1.2806,-0.0306,-2.448,2089,1339,750,1911,0.3005,0.641,0
0.3,uniform_heavy,0.6,0.25,0.5,smart,0.3,3,4000,1.25,1.2842,-0.0342,-2.736,2080,1310,770,1920,0.3008,0.6298,0
0.3,uniform_heavy,0.6,0.25,0.5,smart,0.3,4,4000,1.25,1.2748,-0.0248,-1.982,2023,1322,701,1977,0.307,0.6535,0
0.3,uniform_heavy,0.6,0.25,0.5,smart,0.3,5,4000,1.25,1.2762,-0.0262,-2.095,1998,1295,703,2002,0.2955,0.6481,0
0.3,uniform_heavy,0.6,0.25,0.5,smart,0.3,6,4000,1.25,1.279,-0.029,-2.322,2050,1317,733,1950,0.295,0.6424,0
0.3,uniform_heavy,0.6,0.25,1.0,smart,0.3,0,4000,1.25,1.3666,-0.1166,-9.332,2051,1331,720,1949,0.2965,0.649,0
0.3,uniform_heavy,0.6,0.25,1.0,smart,0.3,1,4000,1.25,1.3764,-0.1264,-10.11,2046,1294,752,1954,0.2963,0.6325,0
0.3,uniform_heavy,0.6,0.25,1.0,smart,0.3,2,4000,1.25,1.3638,-0.1138,-9.103,2002,1299,703,1998,0.309,0.6489,0
0.3,uniform_heavy,0.6,0.25,1.0,smart,0.3,3,4000,1.25,1.3725,-0.1225,-9.804,2045,1307,738,1955,0.3015,0.6391,0
0.3,uniform_heavy,0.6,0.25,1.0,smart,0.3,4,4000,1.25,1.3767,-0.1267,-10.14,2113,1348,765,1887,0.2988,0.638,0
0.3,uniform_heavy,0.6,0.25,1.0,smart,0.3,5,4000,1.25,1.377,-0.127,-10.159,2069,1311,758,1931,0.293,0.6336,0
0.3,uniform_heavy,0.6,0.25,1.0,smart,0.3,6,4000,1.25,1.3772,-0.1272,-10.18,2046,1290,756,1954,0.2993,0.6305,0
0.3,uniform_heavy,0.6,0.25,2.0,smart,0.3,0,4000,1.25,1.5619,-0.3119,-24.951,2058,1309,749,1942,0.298,0.6361,0
0.3,uniform_heavy,0.6,0.25,2.0,smart,0.3,1,4000,1.25,1.5792,-0.3292,-26.338,2005,1230,775,1995,0.2845,0.6135,0
0.3,uniform_heavy,0.6,0.25,2.0,smart,0.3,2,4000,1.25,1.5503,-0.3003,-24.023,1999,1276,723,2001,0.311,0.6383,0
0.3,uniform_heavy,0.6,0.25,2.0,smart,0.3,3,4000,1.25,1.5445,-0.2945,-23.56,2012,1299,713,1988,0.2925,0.6456,0
0.3,uniform_heavy,0.6,0.25,2.0,smart,0.3,4,4000,1.25,1.5456,-0.2956,-23.647,2014,1300,714,1986,0.295,0.6455,0
0.3,uniform_heavy,0.6,0.25,2.0,smart,0.3,5,4000,1.25,1.5575,-0.3075,-24.597,2034,1296,738,1966,0.3195,0.6372,0
0.3,uniform_heavy,0.6,0.25,2.0,smart,0.3,6,4000,1.25,1.5553,-0.3053,-24.425,2016,1284,732,1984,0.3003,0.6369,0
0.3,uniform_heavy,0.6,0.5,0.5,smart,0.3,0,4000,1.5,1.4706,0.0294,1.96,1998,1267,731,2002,0.3043,0.6341,1
0.3,uniform_heavy,0.6,0.5,0.5,smart,0.3,1,4000,1.5,1.4625,0.0375,2.5,2034,1328,706,1966,0.3028,0.6529,1
0.3,uniform_heavy,0.6,0.5,0.5,smart,0.3,2,4000,1.5,1.4711,0.0289,1.926,2042,1289,753,1958,0.297,0.6312,1
0.3,uniform_heavy,0.6,0.5,0.5,smart,0.3,3,4000,1.5,1.4681,0.0319,2.129,2009,1288,721,1991,0.286,0.6411,1
0.3,uniform_heavy,0.6,0.5,0.5,smart,0.3,4,4000,1.5,1.4688,0.0312,2.078,2044,1302,742,1956,0.3003,0.637,1
0.3,uniform_heavy,0.6,0.5,0.5,smart,0.3,5,4000,1.5,1.4714,0.0286,1.906,2022,1280,742,1978,0.2953,0.633,1
0.3,uniform_heavy,0.6,0.5,0.5,smart,0.3,6,4000,1.5,1.47,0.03,1.999,2038,1296,742,1962,0.2935,0.6359,1
0.3,uniform_heavy,0.6,0.5,1.0,smart,0.3,0,4000,1.5,1.5612,-0.0612,-4.082,2010,1281,729,1990,0.2865,0.6373,0
0.3,uniform_heavy,0.6,0.5,1.0,smart,0.3,1,4000,1.5,1.5625,-0.0625,-4.166,2124,1357,767,1876,0.313,0.6389,0
0.3,uniform_heavy,0.6,0.5,1.0,smart,0.3,2,4000,1.5,1.5521,-0.0521,-3.475,2026,1315,711,1974,0.298,0.6491,0
0.3,uniform_heavy,0.6,0.5,1.0,smart,0.3,3,4000,1.5,1.561,-0.061,-4.065,2008,1279,729,1992,0.3045,0.637,0
0.3,uniform_heavy,0.6,0.5,1.0,smart,0.3,4,4000,1.5,1.5719,-0.0719,-4.796,2014,1250,764,1986,0.286,0.6207,0
0.3,uniform_heavy,0.6,0.5,1.0,smart,0.3,5,4000,1.5,1.5649,-0.0649,-4.325,2039,1287,752,1961,0.289,0.6312,0
0.3,uniform_heavy,0.6,0.5,1.0,smart,0.3,6,4000,1.5,1.5517,-0.0517,-3.446,2031,1317,714,1969,0.3088,0.6484,0
0.3,uniform_heavy,0.6,0.5,2.0,smart,0.3,0,4000,1.5,1.7354,-0.2354,-15.694,2003,1288,715,1997,0.2988,0.643,0
0.3,uniform_heavy,0.6,0.5,2.0,smart,0.3,1,4000,1.5,1.739,-0.239,-15.935,2018,1293,725,1982,0.298,0.6407,0
0.3,uniform_heavy,0.6,0.5,2.0,smart,0.3,2,4000,1.5,1.7261,-0.2261,-15.071,2001,1300,701,1999,0.3023,0.6497,0
0.3,uniform_heavy,0.6,0.5,2.0,smart,0.3,3,4000,1.5,1.7627,-0.2627,-17.515,2006,1245,761,1994,0.291,0.6206,0
0.3,uniform_heavy,0.6,0.5,2.0,smart,0.3,4,4000,1.5,1.726,-0.226,-15.069,2033,1328,705,1967,0.3078,0.6532,0
0.3,uniform_heavy,0.6,0.5,2.0,smart,0.3,5,4000,1.5,1.7504,-0.2504,-16.695,1982,1244,738,2018,0.298,0.6276,0
0.3,uniform_heavy,0.6,0.5,2.0,smart,0.3,6,4000,1.5,1.708,-0.208,-13.863,1945,1285,660,2055,0.3058,0.6607,0
0.3,uniform_heavy,0.6,1,0.5,smart,0.3,0,4000,2.0,1.8502,0.1498,7.49,2055,1290,765,1945,0.307,0.6277,1
0.3,uniform_heavy,0.6,1,0.5,smart,0.3,1,4000,2.0,1.8357,0.1643,8.213,2042,1329,713,1958,0.3053,0.6508,1
0.3,uniform_heavy,0.6,1,0.5,smart,0.3,2,4000,2.0,1.8578,0.1422,7.112,1997,1249,748,2003,0.2948,0.6254,1
0.3,uniform_heavy,0.6,1,0.5,smart,0.3,3,4000,2.0,1.8357,0.1643,8.213,2082,1353,729,1918,0.289,0.6499,1
0.3,uniform_heavy,0.6,1,0.5,smart,0.3,4,4000,2.0,1.8487,0.1513,7.567,2054,1294,760,1946,0.2925,0.63,1
0.3,uniform_heavy,0.6,1,0.5,smart,0.3,5,4000,2.0,1.8448,0.1552,7.762,2047,1308,739,1953,0.3068,0.639,1
0.3,uniform_heavy,0.6,1,0.5,smart,0.3,6,4000,2.0,1.854,0.146,7.301,1995,1250,745,2005,0.3053,0.6266,1
0.3,uniform_heavy,0.6,1,1.0,smart,0.3,0,4000,2.0,1.9505,0.0495,2.477,2024,1262,762,1976,0.2885,0.6235,1
0.3,uniform_heavy,0.6,1,1.0,smart,0.3,1,4000,2.0,1.9371,0.0629,3.145,2013,1292,721,1987,0.296,0.6418,1
0.3,uniform_heavy,0.6,1,1.0,smart,0.3,2,4000,2.0,1.936,0.064,3.201,2036,1300,736,1964,0.2963,0.6385,1
0.3,uniform_heavy,0.6,1,1.0,smart,0.3,3,4000,2.0,1.9397,0.0603,3.016,2064,1312,752,1936,0.2913,0.6357,1
0.3,uniform_heavy,0.6,1,1.0,smart,0.3,4,4000,2.0,1.9338,0.0662,3.312,2047,1314,733,1953,0.3035,0.6419,1
0.3,uniform_heavy,0.6,1,1.0,smart,0.3,5,4000,2.0,1.9238,0.0762,3.809,2057,1334,723,1943,0.311,0.6485,1
0.3,uniform_heavy,0.6,1,1.0,smart,0.3,6,4000,2.0,1.9435,0.0565,2.825,1990,1258,732,2010,0.295,0.6322,1
0.3,uniform_heavy,0.6,1,2.0,smart,0.3,0,4000,2.0,2.1203,-0.1203,-6.014,2068,1323,745,1932,0.2988,0.6397,0
0.3,uniform_heavy,0.6,1,2.0,smart,0.3,1,4000,2.0,2.1512,-0.1512,-7.559,2053,1267,786,1947,0.2995,0.6171,0
0.3,uniform_heavy,0.6,1,2.0,smart,0.3,2,4000,2.0,2.1219,-0.1219,-6.097,1993,1267,726,2007,0.3003,0.6357,0
0.3,uniform_heavy,0.6,1,2.0,smart,0.3,3,4000,2.0,2.1192,-0.1192,-5.96,2025,1295,730,1975,0.3,0.6395,0
0.3,uniform_heavy,0.6,1,2.0,smart,0.3,4,4000,2.0,2.1159,-0.1159,-5.796,2011,1289,722,1989,0.2933,0.641,0
0.3,uniform_heavy,0.6,1,2.0,smart,0.3,5,4000,2.0,2.1167,-0.1167,-5.837,2071,1334,737,1929,0.2993,0.6441,0
0.3,uniform_heavy,0.6,1,2.0,smart,0.3,6,4000,2.0,2.133,-0.133,-6.649,2041,1282,759,1959,0.2873,0.6281,0
0.3,uniform_heavy,0.6,2,0.5,smart,0.3,0,4000,3.0,2.5746,0.4254,14.179,2053,1341,712,1947,0.3073,0.6532,1
0.3,uniform_heavy,0.6,2,0.5,smart,0.3,1,4000,3.0,2.6052,0.3948,13.16,2007,1277,730,1993,0.3038,0.6363,1
0.3,uniform_heavy,0.6,2,0.5,smart,0.3,2,4000,3.0,2.6029,0.3971,13.238,2013,1283,730,1987,0.3018,0.6374,1
0.3,uniform_heavy,0.6,2,0.5,smart,0.3,3,4000,3.0,2.5946,0.4054,13.514,2049,1304,745,1951,0.298,0.6364,1
0.3,uniform_heavy,0.6,2,0.5,smart,0.3,4,4000,3.0,2.6075,0.3925,13.083,2011,1280,731,1989,0.295,0.6365,1
0.3,uniform_heavy,0.6,2,0.5,smart,0.3,5,4000,3.0,2.5941,0.4059,13.531,1976,1290,686,2024,0.297,0.6528,1
0.3,uniform_heavy,0.6,2,0.5,smart,0.3,6,4000,3.0,2.593,0.407,13.568,2043,1311,732,1957,0.3098,0.6417,1
0.3,uniform_heavy,0.6,2,1.0,smart,0.3,0,4000,3.0,2.6779,0.3221,10.737,2038,1319,719,1962,0.2958,0.6472,1
0.3,uniform_heavy,0.6,2,1.0,smart,0.3,1,4000,3.0,2.6943,0.3057,10.189,2046,1292,754,1954,0.3,0.6315,1
0.3,uniform_heavy,0.6,2,1.0,smart,0.3,2,4000,3.0,2.6877,0.3123,10.408,2049,1302,747,1951,0.3045,0.6354,1
0.3,uniform_heavy,0.6,2,1.0,smart,0.3,3,4000,3.0,2.6864,0.3136,10.452,1942,1271,671,2058,0.293,0.6545,1
0.3,uniform_heavy,0.6,2,1.0,smart,0.3,4,4000,3.0,2.6957,0.3043,10.144,1998,1279,719,2002,0.2873,0.6401,1
0.3,uniform_heavy,0.6,2,1.0,smart,0.3,5,4000,3.0,2.693,0.307,10.233,2031,1301,730,1969,0.3095,0.6406,1
0.3,uniform_heavy,0.6,2,1.0,smart,0.3,6,4000,3.0,2.7028,0.2972,9.906,2027,1269,758,1973,0.2938,0.626,1
0.3,uniform_heavy,0.6,2,2.0,smart,0.3,0,4000,3.0,2.8794,0.1206,4.021,2007,1278,729,1993,0.3,0.6368,1
0.3,uniform_heavy,0.6,2,2.0,smart,0.3,1,4000,3.0,2.8566,0.1434,4.782,1997,1295,702,2003,0.3068,0.6485,1
0.3,uniform_heavy,0.6,2,2.0,smart,0.3,2,4000,3.0,2.8639,0.1361,4.537,2058,1322,736,1942,0.3003,0.6424,1
0.3,uniform_heavy,0.6,2,2.0,smart,0.3,3,4000,3.0,2.8599,0.1401,4.671,2030,1311,719,1970,0.2975,0.6458,1
0.3,uniform_heavy,0.6,2,2.0,smart,0.3,4,4000,3.0,2.8602,0.1398,4.659,2025,1309,716,1975,0.3053,0.6464,1
0.3,uniform_heavy,0.6,2,2.0,smart,0.3,5,4000,3.0,2.8429,0.1571,5.237,2022,1330,692,1978,0.3055,0.6578,1
0.3,uniform_heavy,0.6,2,2.0,smart,0.3,6,4000,3.0,2.8661,0.1339,4.463,2107,1347,760,1893,0.3098,0.6393,1
0.3,uniform_heavy,0.6,4,0.5,smart,0.3,0,4000,5.0,4.1058,0.8942,17.884,2011,1301,710,1989,0.3023,0.6469,1
0.3,uniform_heavy,0.6,4,0.5,smart,0.3,1,4000,5.0,4.0827,0.9173,18.346,2065,1324,741,1935,0.3123,0.6412,1
0.3,uniform_heavy,0.6,4,0.5,smart,0.3,2,4000,5.0,4.1133,0.8867,17.734,1994,1278,716,2006,0.2943,0.6409,1
0.3,uniform_heavy,0.6,4,0.5,smart,0.3,3,4000,5.0,4.1002,0.8998,17.996,2042,1297,745,1958,0.304,0.6352,1
0.3,uniform_heavy,0.6,4,0.5,smart,0.3,4,4000,5.0,4.1239,0.8761,17.523,2047,1285,762,1953,0.2983,0.6277,1
0.3,uniform_heavy,0.6,4,0.5,smart,0.3,5,4000,5.0,4.1245,0.8755,17.511,1986,1274,712,2014,0.306,0.6415,1
0.3,uniform_heavy,0.6,4,0.5,smart,0.3,6,4000,5.0,4.1176,0.8824,17.647,1963,1274,689,2037,0.3088,0.649,1
0.3,uniform_heavy,0.6,4,1.0,smart,0.3,0,4000,5.0,4.1602,0.8398,16.796,2025,1322,703,1975,0.3073,0.6528,1
0.3,uniform_heavy,0.6,4,1.0,smart,0.3,1,4000,5.0,4.1778,0.8222,16.444,2043,1318,725,1957,0.2995,0.6451,1
0.3,uniform_heavy,0.6,4,1.0,smart,0.3,2,4000,5.0,4.1887,0.8113,16.225,2073,1315,758,1927,0.298,0.6343,1
0.3,uniform_heavy,0.6,4,1.0,smart,0.3,3,4000,5.0,4.188,0.812,16.241,2010,1298,712,1990,0.2943,0.6458,1
0.3,uniform_heavy,0.6,4,1.0,smart,0.3,4,4000,5.0,4.1891,0.8109,16.218,2046,1306,740,1954,0.2885,0.6383,1
0.3,uniform_heavy,0.6,4,1.0,smart,0.3,5,4000,5.0,4.2132,0.7868,15.737,2017,1276,741,1983,0.3013,0.6326,1
0.3,uniform_heavy,0.6,4,1.0,smart,0.3,6,4000,5.0,4.1947,0.8053,16.107,2002,1293,709,1998,0.3103,0.6459,1
0.3,uniform_heavy,0.6,4,2.0,smart,0.3,0,4000,5.0,4.3269,0.6731,13.461,2043,1337,706,1957,0.3038,0.6544,1
0.3,uniform_heavy,0.6,4,2.0,smart,0.3,1,4000,5.0,4.3356,0.6644,13.287,2033,1326,707,1967,0.3045,0.6522,1
0.3,uniform_heavy,0.6,4,2.0,smart,0.3,2,4000,5.0,4.377,0.623,12.461,2071,1318,753,1929,0.303,0.6364,1
0.3,uniform_heavy,0.6,4,2.0,smart,0.3,3,4000,5.0,4.4027,0.5973,11.947,1949,1244,705,2051,0.2998,0.6383,1
0.3,uniform_heavy,0.6,4,2.0,smart,0.3,4,4000,5.0,4.3844,0.6156,12.312,2035,1285,750,1965,0.2958,0.6314,1
0.3,uniform_heavy,0.6,4,2.0,smart,0.3,5,4000,5.0,4.3344,0.6656,13.312,2041,1335,706,1959,0.307,0.6541,1
0.3,uniform_heavy,0.6,4,2.0,smart,0.3,6,4000,5.0,4.4114,0.5886,11.772,1999,1257,742,2001,0.2855,0.6288,1
0.3,uniform_heavy,0.6,8,0.5,smart,0.3,0,4000,9.0,7.1881,1.8119,20.132,1981,1255,726,2019,0.29,0.6335,1
0.3,uniform_heavy,0.6,8,0.5,smart,0.3,1,4000,9.0,7.2238,1.7762,19.736,2005,1239,766,1995,0.287,0.618,1
0.3,uniform_heavy,0.6,8,0.5,smart,0.3,2,4000,9.0,7.1097,1.8903,21.003,2033,1306,727,1967,0.2993,0.6424,1
0.3,uniform_heavy,0.6,8,0.5,smart,0.3,3,4000,9.0,7.1845,1.8155,20.172,1964,1253,711,2036,0.301,0.638,1
0.3,uniform_heavy,0.6,8,0.5,smart,0.3,4,4000,9.0,7.1716,1.8284,20.315,1999,1269,730,2001,0.2928,0.6348,1
0.3,uniform_heavy,0.6,8,0.5,smart,0.3,5,4000,9.0,7.092,1.908,21.2,2025,1310,715,1975,0.3028,0.6469,1
0.3,uniform_heavy,0.6,8,0.5,smart,0.3,6,4000,9.0,7.1284,1.8716,20.795,1995,1286,709,2005,0.296,0.6446,1
0.3,uniform_heavy,0.6,8,1.0,smart,0.3,0,4000,9.0,7.1481,1.8519,20.577,2096,1340,756,1904,0.298,0.6393,1
0.3,uniform_heavy,0.6,8,1.0,smart,0.3,1,4000,9.0,7.1456,1.8544,20.604,2052,1325,727,1948,0.3048,0.6457,1
0.3,uniform_heavy,0.6,8,1.0,smart,0.3,2,4000,9.0,7.2071,1.7929,19.921,2017,1294,723,1983,0.3025,0.6415,1
0.3,uniform_heavy,0.6,8,1.0,smart,0.3,3,4000,9.0,7.1907,1.8093,20.103,2005,1307,698,1995,0.3048,0.6519,1
0.3,uniform_heavy,0.6,8,1.0,smart,0.3,4,4000,9.0,7.2543,1.7457,19.396,2011,1266,745,1989,0.2905,0.6295,1
0.3,uniform_heavy,0.6,8,1.0,smart,0.3,5,4000,9.0,7.209,1.791,19.9,2040,1297,743,1960,0.291,0.6358,1
0.3,uniform_heavy,0.6,8,1.0,smart,0.3,6,4000,9.0,7.153,1.847,20.522,2029,1327,702,1971,0.2958,0.654,1
0.3,uniform_heavy,0.6,8,2.0,smart,0.3,0,4000,9.0,7.3325,1.6675,18.528,2072,1335,737,1928,0.295,0.6443,1
0.3,uniform_heavy,0.6,8,2.0,smart,0.3,1,4000,9.0,7.3659,1.6341,18.157,2061,1311,750,1939,0.2953,0.6361,1
0.3,uniform_heavy,0.6,8,2.0,smart,0.3,2,4000,9.0,7.4504,1.5496,17.217,2037,1266,771,1963,0.3048,0.6215,1
0.3,uniform_heavy,0.6,8,2.0,smart,0.3,3,4000,9.0,7.3553,1.6447,18.274,2025,1307,718,1975,0.302,0.6454,1
0.3,uniform_heavy,0.6,8,2.0,smart,0.3,4,4000,9.0,7.4469,1.5531,17.256,2008,1258,750,1992,0.2858,0.6265,1
0.3,uniform_heavy,0.6,8,2.0,smart,0.3,5,4000,9.0,7.3226,1.6774,18.637,2038,1328,710,1962,0.292,0.6516,1
0.3,uniform_heavy,0.6,8,2.0,smart,0.3,6,4000,9.0,7.374,1.626,18.067,2049,1313,736,1951,0.3085,0.6408,1
0.3,uniform_heavy,0.7,0.25,0.5,smart,0.3,0,4000,1.25,1.2495,0.0005,0.041,2060,1497,563,1940,0.2938,0.7267,1
0.3,uniform_heavy,0.7,0.25,0.5,smart,0.3,1,4000,1.25,1.2396,0.0104,0.835,2066,1556,510,1934,0.308,0.7531,1
0.3,uniform_heavy,0.7,0.25,0.5,smart,0.3,2,4000,1.25,1.2514,-0.0014,-0.112,2005,1444,561,1995,0.3023,0.7202,0
0.3,uniform_heavy,0.7,0.25,0.5,smart,0.3,3,4000,1.25,1.2488,0.0012,0.098,2062,1501,561,1938,0.2978,0.7279,1
0.3,uniform_heavy,0.7,0.25,0.5,smart,0.3,4,4000,1.25,1.245,0.005,0.399,2071,1530,541,1929,0.3035,0.7388,1
0.3,uniform_heavy,0.7,0.25,0.5,smart,0.3,5,4000,1.25,1.2504,-0.0004,-0.031,2092,1511,581,1908,0.3053,0.7223,0
0.3,uniform_heavy,0.7,0.25,0.5,smart,0.3,6,4000,1.25,1.2447,0.0053,0.428,2039,1507,532,1961,0.3053,0.7391,1
0.3,uniform_heavy,0.7,0.25,1.0,smart,0.3,0,4000,1.25,1.3136,-0.0636,-5.084,2077,1531,546,1923,0.287,0.7371,0
0.3,uniform_heavy,0.7,0.25,1.0,smart,0.3,1,4000,1.25,1.3029,-0.0529,-4.229,2052,1545,507,1948,0.3098,0.7529,0
0.3,uniform_heavy,0.7,0.25,1.0,smart,0.3,2,4000,1.25,1.3148,-0.0648,-5.187,2002,1466,536,1998,0.2983,0.7323,0
0.3,uniform_heavy,0.7,0.25,1.0,smart,0.3,3,4000,1.25,1.3237,-0.0737,-5.896,2089,1508,581,1911,0.305,0.7219,0
0.3,uniform_heavy,0.7,0.25,1.0,smart,0.3,4,4000,1.25,1.3079,-0.0579,-4.635,2052,1530,522,1948,0.293,0.7456,0
0.3,uniform_heavy,0.7,0.25,1.0,smart,0.3,5,4000,1.25,1.3108,-0.0608,-4.864,2028,1500,528,1972,0.3003,0.7396,0
0.3,uniform_heavy,0.7,0.25,1.0,smart,0.3,6,4000,1.25,1.3271,-0.0771,-6.166,2059,1471,588,1941,0.2835,0.7144,0
0.3,uniform_heavy,0.7,0.25,2.0,smart,0.3,0,4000,1.25,1.4505,-0.2005,-16.042,2034,1491,543,1966,0.2895,0.733,0
0.3,uniform_heavy,0.7,0.25,2.0,smart,0.3,1,4000,1.25,1.4364,-0.1864,-14.913,2043,1525,518,1957,0.3073,0.7465,0
0.3,uniform_heavy,0.7,0.25,2.0,smart,0.3,2,4000,1.25,1.4679,-0.2179,-17.429,2070,1492,578,1930,0.2835,0.7208,0
0.3,uniform_heavy,0.7,0.25,2.0,smart,0.3,3,4000,1.25,1.4549,-0.2049,-16.395,2162,1600,562,1838,0.312,0.7401,0
0.3,uniform_heavy,0.7,0.25,2.0,smart,0.3,4,4000,1.25,1.4636,-0.2136,-17.087,2108,1535,573,1892,0.2983,0.7282,0
0.3,uniform_heavy,0.7,0.25,2.0,smart,0.3,5,4000,1.25,1.4361,-0.1861,-14.888,2042,1525,517,1958,0.309,0.7468,0
0.3,uniform_heavy,0.7,0.25,2.0,smart,0.3,6,4000,1.25,1.472,-0.222,-17.762,2055,1470,585,1945,0.2883,0.7153,0
0.3,uniform_heavy,0.7,0.5,0.5,smart,0.3,0,4000,1.5,1.4257,0.0743,4.956,2049,1506,543,1951,0.2963,0.735,1
0.3,uniform_heavy,0.7,0.5,0.5,smart,0.3,1,4000,1.5,1.4217,0.0783,5.218,2092,1542,550,1908,0.2903,0.7371,1
0.3,uniform_heavy,0.7,0.5,0.5,smart,0.3,2,4000,1.5,1.4187,0.0813,5.423,2076,1548,528,1924,0.318,0.7457,1
0.3,uniform_heavy,0.7,0.5,0.5,smart,0.3,3,4000,1.5,1.4224,0.0776,5.176,2020,1503,517,1980,0.2955,0.7441,1
0.3,uniform_heavy,0.7,0.5,0.5,smart,0.3,4,4000,1.5,1.429,0.071,4.733,2079,1505,574,1921,0.3025,0.7239,1
0.3,uniform_heavy,0.7,0.5,0.5,smart,0.3,5,4000,1.5,1.4235,0.0765,5.101,2053,1513,540,1947,0.3013,0.737,1
0.3,uniform_heavy,0.7,0.5,0.5,smart,0.3,6,4000,1.5,1.4335,0.0665,4.431,2060,1473,587,1940,0.2948,0.715,1
0.3,uniform_heavy,0.7,0.5,1.0,smart,0.3,0,4000,1.5,1.4888,0.0112,0.748,2057,1522,535,1943,0.3093,0.7399,1
0.3,uniform_heavy,0.7,0.5,1.0,smart,0.3,1,4000,1.5,1.495,0.005,0.336,2113,1543,570,1887,0.2993,0.7302,1
0.3,uniform_heavy,0.7,0.5,1.0,smart,0.3,2,4000,1.5,1.4968,0.0032,0.215,2050,1493,557,1950,0.2978,0.7283,1
0.3,uniform_heavy,0.7,0.5,1.0,smart,0.3,3,4000,1.5,1.5034,-0.0034,-0.223,2076,1493,583,1924,0.306,0.7192,0
0.3,uniform_heavy,0.7,0.5,1.0,smart,0.3,4,4000,1.5,1.487,0.013,0.864,2072,1539,533,1928,0.2898,0.7428,1
0.3,uniform_heavy,0.7,0.5,1.0,smart,0.3,5,4000,1.5,1.4902,0.0098,0.653,2070,1529,541,1930,0.303,0.7386,1
0.3,uniform_heavy,0.7,0.5,1.0,smart,0.3,6,4000,1.5,1.4944,0.0056,0.371,2063,1507,556,1937,0.2885,0.7305,1
0.3,uniform_heavy,0.7,0.5,2.0,smart,0.3,0,4000,1.5,1.6262,-0.1262,-8.415,2064,1521,543,1936,0.297,0.7369,0
0.3,uniform_heavy,0.7,0.5,2.0,smart,0.3,1,4000,1.5,1.6422,-0.1422,-9.483,2019,1457,562,1981,0.2935,0.7216,0
0.3,uniform_heavy,0.7,0.5,2.0,smart,0.3,2,4000,1.5,1.6392,-0.1392,-9.277,2074,1507,567,1926,0.3075,0.7266,0
0.3,uniform_heavy,0.7,0.5,2.0,smart,0.3,3,4000,1.5,1.6313,-0.1313,-8.753,2058,1509,549,1942,0.296,0.7332,0
0.3,uniform_heavy,0.7,0.5,2.0,smart,0.3,4,4000,1.5,1.6462,-0.1462,-9.746,2092,1512,580,1908,0.3008,0.7228,0
0.3,uniform_heavy,0.7,0.5,2.0,smart,0.3,5,4000,1.5,1.6091,-0.1091,-7.275,2057,1544,513,1943,0.3015,0.7506,0
0.3,uniform_heavy,0.7,0.5,2.0,smart,0.3,6,4000,1.5,1.6422,-0.1422,-9.478,2066,1496,570,1934,0.2978,0.7241,0
0.3,uniform_heavy,0.7,1,0.5,smart,0.3,0,4000,2.0,1.7767,0.2233,11.163,2081,1525,556,1919,0.2975,0.7328,1
0.3,uniform_heavy,0.7,1,0.5,smart,0.3,1,4000,2.0,1.7778,0.2222,11.111,2072,1525,547,1928,0.3105,0.736,1
0.3,uniform_heavy,0.7,1,0.5,smart,0.3,2,4000,2.0,1.7868,0.2132,10.659,2028,1478,550,1972,0.3018,0.7288,1
0.3,uniform_heavy,0.7,1,0.5,smart,0.3,3,4000,2.0,1.7813,0.2187,10.934,2083,1528,555,1917,0.3018,0.7336,1
0.3,uniform_heavy,0.7,1,0.5,smart,0.3,4,4000,2.0,1.7871,0.2129,10.645,1988,1470,518,2012,0.2938,0.7394,1
0.3,uniform_heavy,0.7,1,0.5,smart,0.3,5,4000,2.0,1.7809,0.2191,10.954,2061,1506,555,1939,0.307,0.7307,1
0.3,uniform_heavy,0.7,1,0.5,smart,0.3,6,4000,2.0,1.7743,0.2257,11.287,2110,1553,557,1890,0.3147,0.736,1
0.3,uniform_heavy,0.7,1,1.0,smart,0.3,0,4000,2.0,1.8641,0.1359,6.796,2046,1469,577,1954,0.2985,0.718,1
0.3,uniform_heavy,0.7,1,1.0,smart,0.3,1,4000,2.0,1.8479,0.1521,7.604,2092,1536,556,1908,0.2978,0.7342,1
0.3,uniform_heavy,0.7,1,1.0,smart,0.3,2,4000,2.0,1.8265,0.1735,8.675,2077,1572,505,1923,0.3075,0.7569,1
0.3,uniform_heavy,0.7,1,1.0,smart,0.3,3,4000,2.0,1.8568,0.1432,7.161,2059,1487,572,1941,0.2925,0.7222,1
0.3,uniform_heavy,0.7,1,1.0,smart,0.3,4,4000,2.0,1.8497,0.1503,7.515,2048,1501,547,1952,0.299,0.7329,1
0.3,uniform_heavy,0.7,1,1.0,smart,0.3,5,4000,2.0,1.8352,0.1648,8.24,2076,1550,526,1924,0.3058,0.7466,1
0.3,uniform_heavy,0.7,1,1.0,smart,0.3,6,4000,2.0,1.8478,0.1522,7.612,2032,1508,524,1968,0.2985,0.7421,1
0.3,uniform_heavy,0.7,1,2.0,smart,0.3,0,4000,2.0,1.9719,0.0281,1.407,2086,1551,535,1914,0.3023,0.7435,1
0.3,uniform_heavy,0.7,1,2.0,smart,0.3,1,4000,2.0,1.9718,0.0282,1.408,2028,1510,518,1972,0.2945,0.7446,1
0.3,uniform_heavy,0.7,1,2.0,smart,0.3,2,4000,2.0,1.9709,0.0291,1.456,2076,1548,528,1924,0.2948,0.7457,1
0.3,uniform_heavy,0.7,1,2.0,smart,0.3,3,4000,2.0,2.0181,-0.0181,-0.905,2104,1499,605,1896,0.3015,0.7125,0
0.3,uniform_heavy,0.7,1,2.0,smart,0.3,4,4000,2.0,1.9777,0.0223,1.113,2081,1535,546,1919,0.3055,0.7376,1
0.3,uniform_heavy,0.7,1,2.0,smart,0.3,5,4000,2.0,1.9745,0.0255,1.276,2138,1585,553,1862,0.3093,0.7413,1
0.3,uniform_heavy,0.7,1,2.0,smart,0.3,6,4000,2.0,1.9863,0.0137,0.684,2041,1496,545,1959,0.3035,0.733,1
0.3,uniform_heavy,0.7,2,0.5,smart,0.3,0,4000,3.0,2.4921,0.5079,16.932,2082,1520,562,1918,0.302,0.7301,1
0.3,uniform_heavy,0.7,2,0.5,smart,0.3,1,4000,3.0,2.4515,0.5485,18.284,2136,1609,527,1864,0.3078,0.7533,1
0.3,uniform_heavy,0.7,2,0.5,smart,0.3,2,4000,3.0,2.4851,0.5149,17.164,2042,1527,515,1958,0.2995,0.7478,1
0.3,uniform_heavy,0.7,2,0.5,smart,0.3,3,4000,3.0,2.4872,0.5128,17.093,2050,1518,532,1950,0.297,0.7405,1
0.3,uniform_heavy,0.7,2,0.5,smart,0.3,4,4000,3.0,2.4842,0.5158,17.194,2052,1531,521,1948,0.3078,0.7461,1
0.3,uniform_heavy,0.7,2,0.5,smart,0.3,5,4000,3.0,2.4868,0.5132,17.106,2085,1534,551,1915,0.3055,0.7357,1
0.3,uniform_heavy,0.7,2,0.5,smart,0.3,6,4000,3.0,2.4769,0.5231,17.438,2124,1566,558,1876,0.3075,0.7373,1
0.3,uniform_heavy,0.7,2,1.0,smart,0.3,0,4000,3.0,2.5695,0.4305,14.35,2047,1502,545,1953,0.2953,0.7338,1
0.3,uniform_heavy,0.7,2,1.0,smart,0.3,1,4000,3.0,2.5415,0.4585,15.284,2080,1551,529,1920,0.302,0.7457,1
0.3,uniform_heavy,0.7,2,1.0,smart,0.3,2,4000,3.0,2.5648,0.4352,14.507,2065,1511,554,1935,0.2948,0.7317,1
0.3,uniform_heavy,0.7,2,1.0,smart,0.3,3,4000,3.0,2.5676,0.4324,14.414,2041,1489,552,1959,0.3048,0.7295,1
0.3,uniform_heavy,0.7,2,1.0,smart,0.3,4,4000,3.0,2.5767,0.4233,14.108,1978,1453,525,2022,0.291,0.7346,1
0.3,uniform_heavy,0.7,2,1.0,smart,0.3,5,4000,3.0,2.5559,0.4441,14.804,2109,1544,565,1891,0.313,0.7321,1
0.3,uniform_heavy,0.7,2,1.0,smart,0.3,6,4000,3.0,2.5557,0.4443,14.809,2065,1524,541,1935,0.293,0.738,1
0.3,uniform_heavy,0.7,2,2.0,smart,0.3,0,4000,3.0,2.6962,0.3038,10.126,2060,1517,543,1940,0.3015,0.7364,1
0.3,uniform_heavy,0.7,2,2.0,smart,0.3,1,4000,3.0,2.7302,0.2698,8.994,2010,1455,555,1990,0.289,0.7239,1
0.3,uniform_heavy,0.7,2,2.0,smart,0.3,2,4000,3.0,2.7096,0.2904,9.679,2040,1486,554,1960,0.3018,0.7284,1
0.3,uniform_heavy,0.7,2,2.0,smart,0.3,3,4000,3.0,2.6952,0.3048,10.161,2151,1569,582,1849,0.2963,0.7294,1
0.3,uniform_heavy,0.7,2,2.0,smart,0.3,4,4000,3.0,2.7046,0.2954,9.846,2081,1515,566,1919,0.3058,0.728,1
0.3,uniform_heavy,0.7,2,2.0,smart,0.3,5,4000,3.0,2.6824,0.3176,10.586,2059,1528,531,1941,0.2998,0.7421,1
0.3,uniform_heavy,0.7,2,2.0,smart,0.3,6,4000,3.0,2.7204,0.2796,9.319,2084,1502,582,1916,0.2878,0.7207,1
0.3,uniform_heavy,0.7,4,0.5,smart,0.3,0,4000,5.0,3.9227,1.0773,21.546,2041,1497,544,1959,0.2988,0.7335,1
0.3,uniform_heavy,0.7,4,0.5,smart,0.3,1,4000,5.0,3.8728,1.1272,22.543,2102,1573,529,1898,0.3073,0.7483,1
0.3,uniform_heavy,0.7,4,0.5,smart,0.3,2,4000,5.0,3.9033,1.0967,21.934,2056,1530,526,1944,0.3095,0.7442,1
0.3,uniform_heavy,0.7,4,0.5,smart,0.3,3,4000,5.0,3.8866,1.1134,22.268,2074,1542,532,1926,0.2993,0.7435,1
0.3,uniform_heavy,0.7,4,0.5,smart,0.3,4,4000,5.0,3.9232,1.0768,21.535,2097,1519,578,1903,0.3018,0.7244,1
0.3,uniform_heavy,0.7,4,0.5,smart,0.3,5,4000,5.0,3.8801,1.1199,22.399,2115,1562,553,1885,0.3048,0.7385,1
0.3,uniform_heavy,0.7,4,0.5,smart,0.3,6,4000,5.0,3.9301,1.0699,21.398,2093,1499,594,1907,0.2925,0.7162,1
0.3,uniform_heavy,0.7,4,1.0,smart,0.3,0,4000,5.0,3.9766,1.0234,20.469,2046,1509,537,1954,0.3013,0.7375,1
0.3,uniform_heavy,0.7,4,1.0,smart,0.3,1,4000,5.0,3.9619,1.0381,20.763,2087,1543,544,1913,0.2925,0.7393,1
0.3,uniform_heavy,0.7,4,1.0,smart,0.3,2,4000,5.0,3.9735,1.0265,20.531,2046,1514,532,1954,0.2923,0.74,1
0.3,uniform_heavy,0.7,4,1.0,smart,0.3,3,4000,5.0,4.0217,0.9783,19.566,2040,1470,570,1960,0.2915,0.7206,1
0.3,uniform_heavy,0.7,4,1.0,smart,0.3,4,4000,5.0,3.9781,1.0219,20.439,2091,1534,557,1909,0.311,0.7336,1
0.3,uniform_heavy,0.7,4,1.0,smart,0.3,5,4000,5.0,4.0027,0.9973,19.946,2050,1498,552,1950,0.3038,0.7307,1
0.3,uniform_heavy,0.7,4,1.0,smart,0.3,6,4000,5.0,3.989,1.011,20.22,2060,1515,545,1940,0.2963,0.7354,1
0.3,uniform_heavy,0.7,4,2.0,smart,0.3,0,4000,5.0,4.1248,0.8752,17.504,2063,1512,551,1937,0.3048,0.7329,1
0.3,uniform_heavy,0.7,4,2.0,smart,0.3,1,4000,5.0,4.1267,0.8733,17.466,2068,1510,558,1932,0.3008,0.7302,1
0.3,uniform_heavy,0.7,4,2.0,smart,0.3,2,4000,5.0,4.0634,0.9366,18.731,2111,1586,525,1889,0.303,0.7513,1
0.3,uniform_heavy,0.7,4,2.0,smart,0.3,3,4000,5.0,4.0922,0.9078,18.156,2095,1553,542,1905,0.3088,0.7413,1
0.3,uniform_heavy,0.7,4,2.0,smart,0.3,4,4000,5.0,4.154,0.846,16.921,2083,1494,589,1917,0.3028,0.7172,1
0.3,uniform_heavy,0.7,4,2.0,smart,0.3,5,4000,5.0,4.0589,0.9411,18.823,2105,1572,533,1895,0.3033,0.7468,1
0.3,uniform_heavy,0.7,4,2.0,smart,0.3,6,4000,5.0,4.0916,0.9084,18.168,2047,1531,516,1953,0.3147,0.7479,1
0.3,uniform_heavy,0.7,8,0.5,smart,0.3,0,4000,9.0,6.7672,2.2328,24.809,2029,1501,528,1971,0.3118,0.7398,1
0.3,uniform_heavy,0.7,8,0.5,smart,0.3,1,4000,9.0,6.7936,2.2064,24.515,2017,1481,536,1983,0.2978,0.7343,1
0.3,uniform_heavy,0.7,8,0.5,smart,0.3,2,4000,9.0,6.7131,2.2869,25.41,2084,1548,536,1916,0.3118,0.7428,1
0.3,uniform_heavy,0.7,8,0.5,smart,0.3,3,4000,9.0,6.7932,2.2068,24.521,2039,1487,552,1961,0.2888,0.7293,1
0.3,uniform_heavy,0.7,8,0.5,smart,0.3,4,4000,9.0,6.7828,2.2172,24.635,2064,1508,556,1936,0.3038,0.7306,1
0.3,uniform_heavy,0.7,8,0.5,smart,0.3,5,4000,9.0,6.7919,2.2081,24.534,2056,1504,552,1944,0.3005,0.7315,1
0.3,uniform_heavy,0.7,8,0.5,smart,0.3,6,4000,9.0,6.7804,2.2196,24.662,2034,1497,537,1966,0.312,0.736,1
0.3,uniform_heavy,0.7,8,1.0,smart,0.3,0,4000,9.0,6.8504,2.1496,23.885,2045,1508,537,1955,0.2903,0.7374,1
0.3,uniform_heavy,0.7,8,1.0,smart,0.3,1,4000,9.0,6.8527,2.1473,23.859,2075,1505,570,1925,0.3033,0.7253,1
0.3,uniform_heavy,0.7,8,1.0,smart,0.3,2,4000,9.0,6.816,2.184,24.267,2059,1525,534,1941,0.2978,0.7407,1
0.3,uniform_heavy,0.7,8,1.0,smart,0.3,3,4000,9.0,6.8452,2.1548,23.943,2031,1505,526,1969,0.2913,0.741,1
0.3,uniform_heavy,0.7,8,1.0,smart,0.3,4,4000,9.0,6.8447,2.1553,23.947,2038,1507,531,1962,0.295,0.7395,1
0.3,uniform_heavy,0.7,8,1.0,smart,0.3,5,4000,9.0,6.8456,2.1544,23.937,2079,1504,575,1921,0.2915,0.7234,1
0.3,uniform_heavy,0.7,8,1.0,smart,0.3,6,4000,9.0,6.817,2.183,24.256,2050,1512,538,1950,0.2928,0.7376,1
0.3,uniform_heavy,0.7,8,2.0,smart,0.3,0,4000,9.0,6.9147,2.0853,23.17,2085,1531,554,1915,0.287,0.7343,1
0.3,uniform_heavy,0.7,8,2.0,smart,0.3,1,4000,9.0,6.841,2.159,23.989,2113,1592,521,1887,0.3028,0.7534,1
0.3,uniform_heavy,0.7,8,2.0,smart,0.3,2,4000,9.0,6.9474,2.0526,22.806,2060,1526,534,1940,0.295,0.7408,1
0.3,uniform_heavy,0.7,8,2.0,smart,0.3,3,4000,9.0,6.9564,2.0436,22.707,2063,1514,549,1937,0.3025,0.7339,1
0.3,uniform_heavy,0.7,8,2.0,smart,0.3,4,4000,9.0,6.9489,2.0511,22.79,2092,1532,560,1908,0.291,0.7323,1
0.3,uniform_heavy,0.7,8,2.0,smart,0.3,5,4000,9.0,6.9893,2.0107,22.341,2072,1506,566,1928,0.302,0.7268,1
0.3,uniform_heavy,0.7,8,2.0,smart,0.3,6,4000,9.0,6.9938,2.0062,22.291,2003,1479,524,1997,0.3058,0.7384,1
0.3,uniform_heavy,0.8,0.25,0.5,smart,0.3,0,4000,1.25,1.2122,0.0378,3.026,2138,1768,370,1862,0.3048,0.8269,1
0.3,uniform_heavy,0.8,0.25,0.5,smart,0.3,1,4000,1.25,1.2117,0.0383,3.064,2135,1770,365,1865,0.3025,0.829,1
0.3,uniform_heavy,0.8,0.25,0.5,smart,0.3,2,4000,1.25,1.2175,0.0325,2.6,2095,1703,392,1905,0.3123,0.8129,1
0.3,uniform_heavy,0.8,0.25,0.5,smart,0.3,3,4000,1.25,1.2117,0.0383,3.064,2116,1754,362,1884,0.3015,0.8289,1
0.3,uniform_heavy,0.8,0.25,0.5,smart,0.3,4,4000,1.25,1.2141,0.0359,2.874,2066,1702,364,1934,0.2828,0.8238,1
0.3,uniform_heavy,0.8,0.25,0.5,smart,0.3,5,4000,1.25,1.2117,0.0383,3.066,2053,1708,345,1947,0.297,0.832,1
0.3,uniform_heavy,0.8,0.25,0.5,smart,0.3,6,4000,1.25,1.2145,0.0355,2.842,2108,1732,376,1892,0.2948,0.8216,1
0.3,uniform_heavy,0.8,0.25,1.0,smart,0.3,0,4000,1.25,1.263,-0.013,-1.044,2122,1739,383,1878,0.3033,0.8195,0
0.3,uniform_heavy,0.8,0.25,1.0,smart,0.3,1,4000,1.25,1.2571,-0.0071,-0.565,2113,1752,361,1887,0.3043,0.8292,0
0.3,uniform_heavy,0.8,0.25,1.0,smart,0.3,2,4000,1.25,1.2623,-0.0123,-0.982,2097,1720,377,1903,0.3048,0.8202,0
0.3,uniform_heavy,0.8,0.25,1.0,smart,0.3,3,4000,1.25,1.2625,-0.0125,-0.999,2044,1675,369,1956,0.2858,0.8195,0
0.3,uniform_heavy,0.8,0.25,1.0,smart,0.3,4,4000,1.25,1.2624,-0.0124,-0.989,2074,1700,374,1926,0.2923,0.8197,0
0.3,uniform_heavy,0.8,0.25,1.0,smart,0.3,5,4000,1.25,1.259,-0.009,-0.716,2084,1721,363,1916,0.285,0.8258,0
0.3,uniform_heavy,0.8,0.25,1.0,smart,0.3,6,4000,1.25,1.2553,-0.0053,-0.424,2057,1712,345,1943,0.2988,0.8323,0
0.3,uniform_heavy,0.8,0.25,2.0,smart,0.3,0,4000,1.25,1.3492,-0.0992,-7.935,2117,1752,365,1883,0.2953,0.8276,0
0.3,uniform_heavy,0.8,0.25,2.0,smart,0.3,1,4000,1.25,1.3477,-0.0977,-7.818,2030,1675,355,1970,0.303,0.8251,0
0.3,uniform_heavy,0.8,0.25,2.0,smart,0.3,2,4000,1.25,1.3466,-0.0966,-7.73,2112,1753,359,1888,0.2963,0.83,0
0.3,uniform_heavy,0.8,0.25,2.0,smart,0.3,3,4000,1.25,1.36,-0.11,-8.803,2093,1710,383,1907,0.2958,0.817,0
0.3,uniform_heavy,0.8,0.25,2.0,smart,0.3,4,4000,1.25,1.3588,-0.1088,-8.7,2032,1656,376,1968,0.2925,0.815,0
0.3,uniform_heavy,0.8,0.25,2.0,smart,0.3,5,4000,1.25,1.3465,-0.0965,-7.718,2067,1711,356,1933,0.3033,0.8278,0
0.3,uniform_heavy,0.8,0.25,2.0,smart,0.3,6,4000,1.25,1.3486,-0.0986,-7.888,2070,1711,359,1930,0.3023,0.8266,0
0.3,uniform_heavy,0.8,0.5,0.5,smart,0.3,0,4000,1.5,1.3858,0.1142,7.611,2068,1696,372,1932,0.2983,0.8201,1
0.3,uniform_heavy,0.8,0.5,0.5,smart,0.3,1,4000,1.5,1.3821,0.1179,7.861,2065,1706,359,1935,0.2973,0.8262,1
0.3,uniform_heavy,0.8,0.5,0.5,smart,0.3,2,4000,1.5,1.3791,0.1209,8.062,2099,1732,367,1901,0.2993,0.8252,1
0.3,uniform_heavy,0.8,0.5,0.5,smart,0.3,3,4000,1.5,1.3826,0.1174,7.828,2070,1705,365,1930,0.2925,0.8237,1
0.3,uniform_heavy,0.8,0.5,0.5,smart,0.3,4,4000,1.5,1.3798,0.1202,8.014,2059,1717,342,1941,0.3048,0.8339,1
0.3,uniform_heavy,0.8,0.5,0.5,smart,0.3,5,4000,1.5,1.3775,0.1225,8.169,2133,1769,364,1867,0.3013,0.8293,1
0.3,uniform_heavy,0.8,0.5,0.5,smart,0.3,6,4000,1.5,1.3803,0.1197,7.983,2102,1733,369,1898,0.3088,0.8245,1
0.3,uniform_heavy,0.8,0.5,1.0,smart,0.3,0,4000,1.5,1.4192,0.0808,5.386,2138,1781,357,1862,0.3023,0.833,1
0.3,uniform_heavy,0.8,0.5,1.0,smart,0.3,1,4000,1.5,1.4288,0.0712,4.748,2044,1686,358,1956,0.3003,0.8249,1
0.3,uniform_heavy,0.8,0.5,1.0,smart,0.3,2,4000,1.5,1.4295,0.0705,4.703,2107,1729,378,1893,0.307,0.8206,1
0.3,uniform_heavy,0.8,0.5,1.0,smart,0.3,3,4000,1.5,1.4389,0.0611,4.073,2100,1700,400,1900,0.289,0.8095,1
0.3,uniform_heavy,0.8,0.5,1.0,smart,0.3,4,4000,1.5,1.436,0.064,4.267,2103,1708,395,1897,0.296,0.8122,1
0.3,uniform_heavy,0.8,0.5,1.0,smart,0.3,5,4000,1.5,1.4335,0.0665,4.432,2108,1716,392,1892,0.297,0.814,1
0.3,uniform_heavy,0.8,0.5,1.0,smart,0.3,6,4000,1.5,1.4275,0.0725,4.836,2098,1732,366,1902,0.295,0.8255,1
0.3,uniform_heavy,0.8,0.5,2.0,smart,0.3,0,4000,1.5,1.53,-0.03,-2.002,2049,1672,377,1951,0.2835,0.816,0
0.3,uniform_heavy,0.8,0.5,2.0,smart,0.3,1,4000,1.5,1.5082,-0.0082,-0.547,2097,1745,352,1903,0.299,0.8321,0
0.3,uniform_heavy,0.8,0.5,2.0,smart,0.3,2,4000,1.5,1.521,-0.021,-1.403,2109,1737,372,1891,0.2983,0.8236,0
0.3,uniform_heavy,0.8,0.5,2.0,smart,0.3,3,4000,1.5,1.5167,-0.0167,-1.113,2070,1711,359,1930,0.296,0.8266,0
0.3,uniform_heavy,0.8,0.5,2.0,smart,0.3,4,4000,1.5,1.5128,-0.0128,-0.854,2106,1749,357,1894,0.3005,0.8305,0
0.3,uniform_heavy,0.8,0.5,2.0,smart,0.3,5,4000,1.5,1.5363,-0.0363,-2.419,2133,1731,402,1867,0.2923,0.8115,0
0.3,uniform_heavy,0.8,0.5,2.0,smart,0.3,6,4000,1.5,1.5181,-0.0181,-1.209,2114,1746,368,1886,0.302,0.8259,0
0.3,uniform_heavy,0.8,1,0.5,smart,0.3,0,4000,2.0,1.7223,0.2777,13.886,2106,1713,393,1894,0.3063,0.8134,1
0.3,uniform_heavy,0.8,1,0.5,smart,0.3,1,4000,2.0,1.7195,0.2805,14.023,2082,1717,365,1918,0.2873,0.8247,1
0.3,uniform_heavy,0.8,1,0.5,smart,0.3,2,4000,2.0,1.7072,0.2928,14.638,2120,1763,357,1880,0.2925,0.8316,1
0.3,uniform_heavy,0.8,1,0.5,smart,0.3,3,4000,2.0,1.7049,0.2951,14.756,2144,1785,359,1856,0.289,0.8326,1
0.3,uniform_heavy,0.8,1,0.5,smart,0.3,4,4000,2.0,1.7233,0.2767,13.834,2112,1714,398,1888,0.2978,0.8116,1
0.3,uniform_heavy,0.8,1,0.5,smart,0.3,5,4000,2.0,1.7191,0.2809,14.045,2138,1750,388,1862,0.2968,0.8185,1
0.3,uniform_heavy,0.8,1,0.5,smart,0.3,6,4000,2.0,1.7087,0.2913,14.567,2149,1774,375,1851,0.31,0.8255,1
0.3,uniform_heavy,0.8,1,1.0,smart,0.3,0,4000,2.0,1.7624,0.2376,11.882,2099,1735,364,1901,0.293,0.8266,1
0.3,uniform_heavy,0.8,1,1.0,smart,0.3,1,4000,2.0,1.7693,0.2307,11.533,2068,1696,372,1932,0.2878,0.8201,1
0.3,uniform_heavy,0.8,1,1.0,smart,0.3,2,4000,2.0,1.7571,0.2429,12.145,2070,1730,340,1930,0.2953,0.8357,1
0.3,uniform_heavy,0.8,1,1.0,smart,0.3,3,4000,2.0,1.7533,0.2467,12.333,2121,1767,354,1879,0.3038,0.8331,1
0.3,uniform_heavy,0.8,1,1.0,smart,0.3,4,4000,2.0,1.7615,0.2385,11.924,2101,1738,363,1899,0.3068,0.8272,1
0.3,uniform_heavy,0.8,1,1.0,smart,0.3,5,4000,2.0,1.774,0.226,11.3,2068,1686,382,1932,0.302,0.8153,1
0.3,uniform_heavy,0.8,1,1.0,smart,0.3,6,4000,2.0,1.7663,0.2337,11.684,2090,1723,367,1910,0.3063,0.8244,1
0.3,uniform_heavy,0.8,1,2.0,smart,0.3,0,4000,2.0,1.8291,0.1709,8.543,2095,1767,328,1905,0.3068,0.8434,1
0.3,uniform_heavy,0.8,1,2.0,smart,0.3,1,4000,2.0,1.8305,0.1695,8.474,2114,1777,337,1886,0.3073,0.8406,1
0.3,uniform_heavy,0.8,1,2.0,smart,0.3,2,4000,2.0,1.8435,0.1565,7.823,2068,1724,344,1932,0.3068,0.8337,1
0.3,uniform_heavy,0.8,1,2.0,smart,0.3,3,4000,2.0,1.8456,0.1544,7.718,2065,1716,349,1935,0.2975,0.831,1
0.3,uniform_heavy,0.8,1,2.0,smart,0.3,4,4000,2.0,1.8572,0.1428,7.141,2158,1769,389,1842,0.3063,0.8197,1
0.3,uniform_heavy,0.8,1,2.0,smart,0.3,5,4000,2.0,1.8588,0.1412,7.061,2079,1709,370,1921,0.3073,0.822,1
0.3,uniform_heavy,0.8,1,2.0,smart,0.3,6,4000,2.0,1.8377,0.1623,8.115,2049,1720,329,1951,0.3025,0.8394,1
0.3,uniform_heavy,0.8,2,0.5,smart,0.3,0,4000,3.0,2.3655,0.6345,21.15,2124,1770,354,1876,0.2968,0.8333,1
0.3,uniform_heavy,0.8,2,0.5,smart,0.3,1,4000,3.0,2.3755,0.6245,20.818,2148,1762,386,1852,0.3003,0.8203,1
0.3,uniform_heavy,0.8,2,0.5,smart,0.3,2,4000,3.0,2.3672,0.6328,21.095,2090,1768,322,1910,0.2925,0.8459,1
0.3,uniform_heavy,0.8,2,0.5,smart,0.3,3,4000,3.0,2.3784,0.6216,20.72,2137,1757,380,1863,0.298,0.8222,1
0.3,uniform_heavy,0.8,2,0.5,smart,0.3,4,4000,3.0,2.3798,0.6202,20.672,2110,1750,360,1890,0.2885,0.8294,1
0.3,uniform_heavy,0.8,2,0.5,smart,0.3,5,4000,3.0,2.3978,0.6022,20.074,2076,1709,367,1924,0.295,0.8232,1
0.3,uniform_heavy,0.8,2,0.5,smart,0.3,6,4000,3.0,2.3827,0.6173,20.576,2130,1752,378,1870,0.2988,0.8225,1
0.3,uniform_heavy,0.8,2,1.0,smart,0.3,0,4000,3.0,2.4107,0.5893,19.644,2161,1782,379,1839,0.3155,0.8246,1
0.3,uniform_heavy,0.8,2,1.0,smart,0.3,1,4000,3.0,2.429,0.571,19.034,2095,1738,357,1905,0.2928,0.8296,1
0.3,uniform_heavy,0.8,2,1.0,smart,0.3,2,4000,3.0,2.425,0.575,19.165,2055,1715,340,1945,0.2938,0.8345,1
0.3,uniform_heavy,0.8,2,1.0,smart,0.3,3,4000,3.0,2.4411,0.5589,18.629,2093,1717,376,1907,0.2965,0.8204,1
0.3,uniform_heavy,0.8,2,1.0,smart,0.3,4,4000,3.0,2.4434,0.5566,18.553,2099,1716,383,1901,0.314,0.8175,1
0.3,uniform_heavy,0.8,2,1.0,smart,0.3,5,4000,3.0,2.455,0.545,18.165,2087,1692,395,1913,0.2915,0.8107,1
0.3,uniform_heavy,0.8,2,1.0,smart,0.3,6,4000,3.0,2.4392,0.5608,18.693,2102,1722,380,1898,0.2995,0.8192,1
0.3,uniform_heavy,0.8,2,2.0,smart,0.3,0,4000,3.0,2.5337,0.4663,15.545,2112,1729,383,1888,0.2958,0.8187,1
0.3,uniform_heavy,0.8,2,2.0,smart,0.3,1,4000,3.0,2.5448,0.4552,15.172,2044,1674,370,1956,0.2983,0.819,1
0.3,uniform_heavy,0.8,2,2.0,smart,0.3,2,4000,3.0,2.5223,0.4777,15.922,2100,1734,366,1900,0.283,0.8257,1
0.3,uniform_heavy,0.8,2,2.0,smart,0.3,3,4000,3.0,2.5492,0.4508,15.027,2092,1702,390,1908,0.3023,0.8136,1
0.3,uniform_heavy,0.8,2,2.0,smart,0.3,4,4000,3.0,2.5224,0.4776,15.919,2148,1763,385,1852,0.2985,0.8208,1
0.3,uniform_heavy,0.8,2,2.0,smart,0.3,5,4000,3.0,2.5612,0.4388,14.625,2083,1685,398,1917,0.292,0.8089,1
0.3,uniform_heavy,0.8,2,2.0,smart,0.3,6,4000,3.0,2.5335,0.4665,15.551,2097,1720,377,1903,0.3068,0.8202,1
0.3,uniform_heavy,0.8,4,0.5,smart,0.3,0,4000,5.0,3.7331,1.2669,25.337,2122,1732,390,1878,0.3005,0.8162,1
0.3,uniform_heavy,0.8,4,0.5,smart,0.3,1,4000,5.0,3.7446,1.2554,25.108,2097,1714,383,1903,0.3038,0.8174,1
0.3,uniform_heavy,0.8,4,0.5,smart,0.3,2,4000,5.0,3.7136,1.2864,25.728,2090,1740,350,1910,0.299,0.8325,1
0.3,uniform_heavy,0.8,4,0.5,smart,0.3,3,4000,5.0,3.7408,1.2592,25.184,2060,1713,347,1940,0.3043,0.8316,1
0.3,uniform_heavy,0.8,4,0.5,smart,0.3,4,4000,5.0,3.7073,1.2927,25.854,2133,1763,370,1867,0.2935,0.8265,1
0.3,uniform_heavy,0.8,4,0.5,smart,0.3,5,4000,5.0,3.7716,1.2284,24.567,2069,1686,383,1931,0.2925,0.8149,1
0.3,uniform_heavy,0.8,4,0.5,smart,0.3,6,4000,5.0,3.6967,1.3033,26.067,2137,1766,371,1863,0.304,0.8264,1
0.3,uniform_heavy,0.8,4,1.0,smart,0.3,0,4000,5.0,3.8248,1.1752,23.503,2064,1670,394,1936,0.2878,0.8091,1
0.3,uniform_heavy,0.8,4,1.0,smart,0.3,1,4000,5.0,3.7715,1.2285,24.569,2095,1729,366,1905,0.3033,0.8253,1
0.3,uniform_heavy,0.8,4,1.0,smart,0.3,2,4000,5.0,3.7498,1.2502,25.004,2111,1753,358,1889,0.3088,0.8304,1
0.3,uniform_heavy,0.8,4,1.0,smart,0.3,3,4000,5.0,3.7804,1.2196,24.393,2067,1705,362,1933,0.3023,0.8249,1
0.3,uniform_heavy,0.8,4,1.0,smart,0.3,4,4000,5.0,3.7821,1.2179,24.359,2126,1740,386,1874,0.2943,0.8184,1
0.3,uniform_heavy,0.8,4,1.0,smart,0.3,5,4000,5.0,3.7968,1.2032,24.064,2049,1694,355,1951,0.2865,0.8267,1
0.3,uniform_heavy,0.8,4,1.0,smart,0.3,6,4000,5.0,3.7873,1.2127,24.255,2076,1719,357,1924,0.3108,0.828,1
0.3,uniform_heavy,0.8,4,2.0,smart,0.3,0,4000,5.0,3.8071,1.1929,23.859,2085,1765,320,1915,0.312,0.8465,1
0.3,uniform_heavy,0.8,4,2.0,smart,0.3,1,4000,5.0,3.9009,1.0991,21.981,2066,1700,366,1934,0.2833,0.8228,1
0.3,uniform_heavy,0.8,4,2.0,smart,0.3,2,4000,5.0,3.839,1.161,23.219,2126,1762,364,1874,0.302,0.8288,1
0.3,uniform_heavy,0.8,4,2.0,smart,0.3,3,4000,5.0,3.8643,1.1357,22.714,2124,1739,385,1876,0.303,0.8187,1
0.3,uniform_heavy,0.8,4,2.0,smart,0.3,4,4000,5.0,3.866,1.134,22.679,2083,1726,357,1917,0.297,0.8286,1
0.3,uniform_heavy,0.8,4,2.0,smart,0.3,5,4000,5.0,3.8484,1.1516,23.032,2111,1747,364,1889,0.2885,0.8276,1
0.3,uniform_heavy,0.8,4,2.0,smart,0.3,6,4000,5.0,3.8852,1.1148,22.296,2125,1733,392,1875,0.2953,0.8155,1
0.3,uniform_heavy,0.8,8,0.5,smart,0.3,0,4000,9.0,6.3902,2.6098,28.998,2088,1737,351,1912,0.3033,0.8319,1
0.3,uniform_heavy,0.8,8,0.5,smart,0.3,1,4000,9.0,6.3806,2.6194,29.104,2085,1738,347,1915,0.318,0.8336,1
0.3,uniform_heavy,0.8,8,0.5,smart,0.3,2,4000,9.0,6.3373,2.6627,29.586,2146,1778,368,1854,0.3013,0.8285,1
0.3,uniform_heavy,0.8,8,0.5,smart,0.3,3,4000,9.0,6.5007,2.4993,27.77,2048,1672,376,1952,0.2905,0.8164,1
0.3,uniform_heavy,0.8,8,0.5,smart,0.3,4,4000,9.0,6.4888,2.5112,27.902,2069,1687,382,1931,0.3063,0.8154,1
0.3,uniform_heavy,0.8,8,0.5,smart,0.3,5,4000,9.0,6.3875,2.6125,29.027,2154,1752,402,1846,0.2958,0.8134,1
0.3,uniform_heavy,0.8,8,0.5,smart,0.3,6,4000,9.0,6.4271,2.5729,28.588,2113,1716,397,1887,0.2923,0.8121,1
0.3,uniform_heavy,0.8,8,1.0,smart,0.3,0,4000,9.0,6.4468,2.5532,28.369,2122,1740,382,1878,0.2955,0.82,1
0.3,uniform_heavy,0.8,8,1.0,smart,0.3,1,4000,9.0,6.368,2.632,29.245,2171,1792,379,1829,0.3053,0.8254,1
0.3,uniform_heavy,0.8,8,1.0,smart,0.3,2,4000,9.0,6.3975,2.6025,28.916,2138,1768,370,1862,0.3098,0.8269,1
0.3,uniform_heavy,0.8,8,1.0,smart,0.3,3,4000,9.0,6.5023,2.4977,27.753,2088,1704,384,1912,0.3028,0.8161,1
0.3,uniform_heavy,0.8,8,1.0,smart,0.3,4,4000,9.0,6.3792,2.6208,29.12,2139,1785,354,1861,0.3035,0.8345,1
0.3,uniform_heavy,0.8,8,1.0,smart,0.3,5,4000,9.0,6.4656,2.5344,28.16,2086,1726,360,1914,0.305,0.8274,1
0.3,uniform_heavy,0.8,8,1.0,smart,0.3,6,4000,9.0,6.4486,2.5514,28.348,2102,1734,368,1898,0.3045,0.8249,1
0.3,uniform_heavy,0.8,8,2.0,smart,0.3,0,4000,9.0,6.5359,2.4641,27.379,2089,1732,357,1911,0.2958,0.8291,1
0.3,uniform_heavy,0.8,8,2.0,smart,0.3,1,4000,9.0,6.5268,2.4732,27.48,2111,1761,350,1889,0.3155,0.8342,1
0.3,uniform_heavy,0.8,8,2.0,smart,0.3,2,4000,9.0,6.6138,2.3862,26.513,2091,1706,385,1909,0.2925,0.8159,1
0.3,uniform_heavy,0.8,8,2.0,smart,0.3,3,4000,9.0,6.5896,2.4104,26.782,2067,1705,362,1933,0.2885,0.8249,1
0.3,uniform_heavy,0.8,8,2.0,smart,0.3,4,4000,9.0,6.5443,2.4557,27.286,2099,1735,364,1901,0.3125,0.8266,1
0.3,uniform_heavy,0.8,8,2.0,smart,0.3,5,4000,9.0,6.5162,2.4838,27.597,2119,1750,369,1881,0.311,0.8259,1
0.3,uniform_heavy,0.8,8,2.0,smart,0.3,6,4000,9.0,6.506,2.494,27.711,2085,1748,337,1915,0.3023,0.8384,1
0.3,uniform_heavy,0.9,0.25,0.5,smart,0.3,0,4000,1.25,1.1794,0.0706,5.645,2132,1956,176,1868,0.298,0.9174,1
0.3,uniform_heavy,0.9,0.25,0.5,smart,0.3,1,4000,1.25,1.1793,0.0707,5.652,2139,1959,180,1861,0.3165,0.9158,1
0.3,uniform_heavy,0.9,0.25,0.5,smart,0.3,2,4000,1.25,1.1792,0.0708,5.661,2178,1989,189,1822,0.308,0.9132,1
0.3,uniform_heavy,0.9,0.25,0.5,smart,0.3,3,4000,1.25,1.1784,0.0716,5.73,2149,1971,178,1851,0.2938,0.9172,1
0.3,uniform_heavy,0.9,0.25,0.5,smart,0.3,4,4000,1.25,1.181,0.069,5.519,2113,1930,183,1887,0.2895,0.9134,1
0.3,uniform_heavy,0.9,0.25,0.5,smart,0.3,5,4000,1.25,1.1851,0.0649,5.193,2099,1894,205,1901,0.3053,0.9023,1
0.3,uniform_heavy,0.9,0.25,0.5,smart,0.3,6,4000,1.25,1.1793,0.0707,5.654,2174,1986,188,1826,0.3018,0.9135,1
0.3,uniform_heavy,0.9,0.25,1.0,smart,0.3,0,4000,1.25,1.2095,0.0405,3.238,2138,1931,207,1862,0.3038,0.9032,1
0.3,uniform_heavy,0.9,0.25,1.0,smart,0.3,1,4000,1.25,1.1987,0.0513,4.105,2202,2021,181,1798,0.3255,0.9178,1
0.3,uniform_heavy,0.9,0.25,1.0,smart,0.3,2,4000,1.25,1.2033,0.0467,3.738,2119,1940,179,1881,0.2933,0.9155,1
0.3,uniform_heavy,0.9,0.25,1.0,smart,0.3,3,4000,1.25,1.2079,0.0421,3.37,2152,1950,202,1848,0.2978,0.9061,1
0.3,uniform_heavy,0.9,0.25,1.0,smart,0.3,4,4000,1.25,1.1998,0.0502,4.013,2100,1932,168,1900,0.3,0.92,1
0.3,uniform_heavy,0.9,0.25,1.0,smart,0.3,5,4000,1.25,1.2025,0.0475,3.797,2119,1941,178,1881,0.3018,0.916,1
0.3,uniform_heavy,0.9,0.25,1.0,smart,0.3,6,4000,1.25,1.2056,0.0444,3.549,2183,1983,200,1817,0.299,0.9084,1
0.3,uniform_heavy,0.9,0.25,2.0,smart,0.3,0,4000,1.25,1.2542,-0.0042,-0.339,2187,1988,199,1813,0.303,0.909,0
0.3,uniform_heavy,0.9,0.25,2.0,smart,0.3,1,4000,1.25,1.2476,0.0024,0.195,2049,1875,174,1951,0.2855,0.9151,1
0.3,uniform_heavy,0.9,0.25,2.0,smart,0.3,2,4000,1.25,1.2514,-0.0014,-0.113,2080,1897,183,1920,0.2998,0.912,0
0.3,uniform_heavy,0.9,0.25,2.0,smart,0.3,3,4000,1.25,1.2489,0.0011,0.091,2191,2002,189,1809,0.311,0.9137,1
0.3,uniform_heavy,0.9,0.25,2.0,smart,0.3,4,4000,1.25,1.2441,0.0059,0.474,2101,1929,172,1899,0.2965,0.9181,1
0.3,uniform_heavy,0.9,0.25,2.0,smart,0.3,5,4000,1.25,1.2481,0.0019,0.151,2198,2009,189,1802,0.305,0.914,1
0.3,uniform_heavy,0.9,0.25,2.0,smart,0.3,6,4000,1.25,1.2459,0.0041,0.33,2144,1965,179,1856,0.3083,0.9165,1
0.3,uniform_heavy,0.9,0.5,0.5,smart,0.3,0,4000,1.5,1.3424,0.1576,10.505,2127,1924,203,1873,0.2913,0.9046,1
0.3,uniform_heavy,0.9,0.5,0.5,smart,0.3,1,4000,1.5,1.3366,0.1634,10.894,2145,1956,189,1855,0.2985,0.9119,1
0.3,uniform_heavy,0.9,0.5,0.5,smart,0.3,2,4000,1.5,1.3354,0.1646,10.972,2137,1962,175,1863,0.294,0.9181,1
0.3,uniform_heavy,0.9,0.5,0.5,smart,0.3,3,4000,1.5,1.3363,0.1637,10.912,2158,1971,187,1842,0.2965,0.9133,1
0.3,uniform_heavy,0.9,0.5,0.5,smart,0.3,4,4000,1.5,1.3425,0.1575,10.502,2089,1901,188,1911,0.2965,0.91,1
0.3,uniform_heavy,0.9,0.5,0.5,smart,0.3,5,4000,1.5,1.3395,0.1605,10.7,2155,1958,197,1845,0.2765,0.9086,1
0.3,uniform_heavy,0.9,0.5,0.5,smart,0.3,6,4000,1.5,1.3429,0.1571,10.471,2127,1920,207,1873,0.2963,0.9027,1
0.3,uniform_heavy,0.9,0.5,1.0,smart,0.3,0,4000,1.5,1.3639,0.1361,9.075,2116,1924,192,1884,0.2908,0.9093,1
0.3,uniform_heavy,0.9,0.5,1.0,smart,0.3,1,4000,1.5,1.3635,0.1365,9.099,2121,1931,190,1879,0.296,0.9104,1
0.3,uniform_heavy,0.9,0.5,1.0,smart,0.3,2,4000,1.5,1.3631,0.1369,9.127,2097,1915,182,1903,0.2905,0.9132,1
0.3,uniform_heavy,0.9,0.5,1.0,smart,0.3,3,4000,1.5,1.356,0.144,9.597,2140,1965,175,1860,0.299,0.9182,1
0.3,uniform_heavy,0.9,0.5,1.0,smart,0.3,4,4000,1.5,1.3573,0.1427,9.515,2201,2003,198,1799,0.3113,0.91,1
0.3,uniform_heavy,0.9,0.5,1.0,smart,0.3,5,4000,1.5,1.3628,0.1372,9.147,2106,1926,180,1894,0.3013,0.9145,1
0.3,uniform_heavy,0.9,0.5,1.0,smart,0.3,6,4000,1.5,1.365,0.135,9.002,2142,1942,200,1858,0.3028,0.9066,1
0.3,uniform_heavy,0.9,0.5,2.0,smart,0.3,0,4000,1.5,1.4117,0.0883,5.887,2096,1910,186,1904,0.297,0.9113,1
0.3,uniform_heavy,0.9,0.5,2.0,smart,0.3,1,4000,1.5,1.4073,0.0927,6.179,2135,1949,186,1865,0.304,0.9129,1
0.3,uniform_heavy,0.9,0.5,2.0,smart,0.3,2,4000,1.5,1.4034,0.0966,6.438,2122,1944,178,1878,0.3048,0.9161,1
0.3,uniform_heavy,0.9,0.5,2.0,smart,0.3,3,4000,1.5,1.4047,0.0953,6.354,2114,1938,176,1886,0.297,0.9167,1
0.3,uniform_heavy,0.9,0.5,2.0,smart,0.3,4,4000,1.5,1.4013,0.0987,6.579,2132,1955,177,1868,0.293,0.917,1
0.3,uniform_heavy,0.9,0.5,2.0,smart,0.3,5,4000,1.5,1.4027,0.0973,6.488,2127,1951,176,1873,0.2943,0.9173,1
0.3,uniform_heavy,0.9,0.5,2.0,smart,0.3,6,4000,1.5,1.393,0.107,7.131,2145,1981,164,1855,0.2963,0.9235,1
0.3,uniform_heavy,0.9,1,0.5,smart,0.3,0,4000,2.0,1.6498,0.3502,17.512,2172,1978,194,1828,0.2988,0.9107,1
0.3,uniform_heavy,0.9,1,0.5,smart,0.3,1,4000,2.0,1.6513,0.3487,17.434,2118,1943,175,1882,0.29,0.9174,1
0.3,uniform_heavy,0.9,1,0.5,smart,0.3,2,4000,2.0,1.6396,0.3604,18.022,2220,2030,190,1780,0.3098,0.9144,1
0.3,uniform_heavy,0.9,1,0.5,smart,0.3,3,4000,2.0,1.6493,0.3507,17.534,2126,1959,167,1874,0.3013,0.9214,1
0.3,uniform_heavy,0.9,1,0.5,smart,0.3,4,4000,2.0,1.6466,0.3534,17.668,2157,1976,181,1843,0.297,0.9161,1
0.3,uniform_heavy,0.9,1,0.5,smart,0.3,5,4000,2.0,1.6551,0.3449,17.245,2105,1926,179,1895,0.2918,0.915,1
0.3,uniform_heavy,0.9,1,0.5,smart,0.3,6,4000,2.0,1.6506,0.3494,17.47,2142,1965,177,1858,0.303,0.9174,1
0.3,uniform_heavy,0.9,1,1.0,smart,0.3,0,4000,2.0,1.6734,0.3266,16.328,2165,1968,197,1835,0.306,0.909,1
0.3,uniform_heavy,0.9,1,1.0,smart,0.3,1,4000,2.0,1.6746,0.3254,16.271,2136,1954,182,1864,0.301,0.9148,1
0.3,uniform_heavy,0.9,1,1.0,smart,0.3,2,4000,2.0,1.6919,0.3081,15.405,2088,1879,209,1912,0.2923,0.8999,1
0.3,uniform_heavy,0.9,1,1.0,smart,0.3,3,4000,2.0,1.68,0.32,16.002,2118,1928,190,1882,0.297,0.9103,1
0.3,uniform_heavy,0.9,1,1.0,smart,0.3,4,4000,2.0,1.6718,0.3282,16.408,2124,1952,172,1876,0.2923,0.919,1
0.3,uniform_heavy,0.9,1,1.0,smart,0.3,5,4000,2.0,1.6903,0.3097,15.483,2057,1873,184,1943,0.2898,0.9105,1
0.3,uniform_heavy,0.9,1,1.0,smart,0.3,6,4000,2.0,1.6809,0.3191,15.956,2115,1920,195,1885,0.3145,0.9078,1
0.3,uniform_heavy,0.9,1,2.0,smart,0.3,0,4000,2.0,1.7217,0.2783,13.914,2106,1927,179,1894,0.2995,0.915,1
0.3,uniform_heavy,0.9,1,2.0,smart,0.3,1,4000,2.0,1.6962,0.3038,15.189,2136,1986,150,1864,0.313,0.9298,1
0.3,uniform_heavy,0.9,1,2.0,smart,0.3,2,4000,2.0,1.7193,0.2807,14.033,2161,1971,190,1839,0.3125,0.9121,1
0.3,uniform_heavy,0.9,1,2.0,smart,0.3,3,4000,2.0,1.7266,0.2734,13.672,2105,1922,183,1895,0.2983,0.9131,1
0.3,uniform_heavy,0.9,1,2.0,smart,0.3,4,4000,2.0,1.722,0.278,13.902,2087,1912,175,1913,0.2985,0.9161,1
0.3,uniform_heavy,0.9,1,2.0,smart,0.3,5,4000,2.0,1.7015,0.2985,14.926,2142,1978,164,1858,0.312,0.9234,1
0.3,uniform_heavy,0.9,1,2.0,smart,0.3,6,4000,2.0,1.732,0.268,13.4,2079,1895,184,1921,0.2855,0.9115,1
0.3,uniform_heavy,0.9,2,0.5,smart,0.3,0,4000,3.0,2.2745,0.7255,24.182,2117,1952,165,1883,0.2945,0.9221,1
0.3,uniform_heavy,0.9,2,0.5,smart,0.3,1,4000,3.0,2.2757,0.7243,24.143,2144,1957,187,1856,0.291,0.9128,1
0.3,uniform_heavy,0.9,2,0.5,smart,0.3,2,4000,3.0,2.292,0.708,23.599,2087,1909,178,1913,0.2888,0.9147,1
0.3,uniform_heavy,0.9,2,0.5,smart,0.3,3,4000,3.0,2.269,0.731,24.367,2134,1963,171,1866,0.3053,0.9199,1
0.3,uniform_heavy,0.9,2,0.5,smart,0.3,4,4000,3.0,2.2623,0.7377,24.591,2183,1998,185,1817,0.3058,0.9153,1
0.3,uniform_heavy,0.9,2,0.5,smart,0.3,5,4000,3.0,2.2713,0.7287,24.29,2136,1961,175,1864,0.3028,0.9181,1
0.3,uniform_heavy,0.9,2,0.5,smart,0.3,6,4000,3.0,2.2633,0.7367,24.558,2130,1977,153,1870,0.3038,0.9282,1
0.3,uniform_heavy,0.9,2,1.0,smart,0.3,0,4000,3.0,2.306,0.694,23.133,2132,1950,182,1868,0.3043,0.9146,1
0.3,uniform_heavy,0.9,2,1.0,smart,0.3,1,4000,3.0,2.31,0.69,22.999,2075,1914,161,1925,0.3025,0.9224,1
0.3,uniform_heavy,0.9,2,1.0,smart,0.3,2,4000,3.0,2.2995,0.7005,23.35,2151,1961,190,1849,0.2948,0.9117,1
0.3,uniform_heavy,0.9,2,1.0,smart,0.3,3,4000,3.0,2.3083,0.6917,23.057,2120,1938,182,1880,0.3018,0.9142,1
0.3,uniform_heavy,0.9,2,1.0,smart,0.3,4,4000,3.0,2.3193,0.6807,22.69,2130,1928,202,1870,0.2993,0.9052,1
0.3,uniform_heavy,0.9,2,1.0,smart,0.3,5,4000,3.0,2.3093,0.6907,23.025,2142,1948,194,1858,0.2923,0.9094,1
0.3,uniform_heavy,0.9,2,1.0,smart,0.3,6,4000,3.0,2.3229,0.6771,22.57,2085,1902,183,1915,0.296,0.9122,1
0.3,uniform_heavy,0.9,2,2.0,smart,0.3,0,4000,3.0,2.3612,0.6388,21.292,2127,1934,193,1873,0.3003,0.9093,1
0.3,uniform_heavy,0.9,2,2.0,smart,0.3,1,4000,3.0,2.3469,0.6531,21.771,2188,1979,209,1812,0.2953,0.9045,1
0.3,uniform_heavy,0.9,2,2.0,smart,0.3,2,4000,3.0,2.3755,0.6245,20.818,2109,1901,208,1891,0.2975,0.9014,1
0.3,uniform_heavy,0.9,2,2.0,smart,0.3,3,4000,3.0,2.3623,0.6377,21.256,2109,1925,184,1891,0.295,0.9128,1
0.3,uniform_heavy,0.9,2,2.0,smart,0.3,4,4000,3.0,2.337,0.663,22.099,2160,1976,184,1840,0.3025,0.9148,1
0.3,uniform_heavy,0.9,2,2.0,smart,0.3,5,4000,3.0,2.3713,0.6287,20.958,2104,1905,199,1896,0.2963,0.9054,1
0.3,uniform_heavy,0.9,2,2.0,smart,0.3,6,4000,3.0,2.3505,0.6495,21.651,2102,1931,171,1898,0.3035,0.9186,1
0.3,uniform_heavy,0.9,4,0.5,smart,0.3,0,4000,5.0,3.5021,1.4979,29.959,2151,1994,157,1849,0.3083,0.927,1
0.3,uniform_heavy,0.9,4,0.5,smart,0.3,1,4000,5.0,3.5289,1.4711,29.421,2157,1967,190,1843,0.3003,0.9119,1
0.3,uniform_heavy,0.9,4,0.5,smart,0.3,2,4000,5.0,3.5618,1.4382,28.765,2093,1922,171,1907,0.3078,0.9183,1
0.3,uniform_heavy,0.9,4,0.5,smart,0.3,3,4000,5.0,3.5515,1.4485,28.969,2127,1948,179,1873,0.3018,0.9158,1
0.3,uniform_heavy,0.9,4,0.5,smart,0.3,4,4000,5.0,3.5527,1.4473,28.946,2103,1930,173,1897,0.2973,0.9177,1
0.3,uniform_heavy,0.9,4,0.5,smart,0.3,5,4000,5.0,3.5128,1.4872,29.745,2162,1986,176,1838,0.2988,0.9186,1
0.3,uniform_heavy,0.9,4,0.5,smart,0.3,6,4000,5.0,3.5259,1.4741,29.482,2124,1957,167,1876,0.3045,0.9214,1
0.3,uniform_heavy,0.9,4,1.0,smart,0.3,0,4000,5.0,3.5797,1.4203,28.405,2110,1916,194,1890,0.3023,0.9081,1
0.3,uniform_heavy,0.9,4,1.0,smart,0.3,1,4000,5.0,3.5643,1.4357,28.714,2134,1941,193,1866,0.3028,0.9096,1
0.3,uniform_heavy,0.9,4,1.0,smart,0.3,2,4000,5.0,3.5302,1.4698,29.396,2179,1990,189,1821,0.3065,0.9133,1
0.3,uniform_heavy,0.9,4,1.0,smart,0.3,3,4000,5.0,3.5696,1.4304,28.609,2118,1936,182,1882,0.29,0.9141,1
0.3,uniform_heavy,0.9,4,1.0,smart,0.3,4,4000,5.0,3.5402,1.4598,29.196,2150,1977,173,1850,0.293,0.9195,1
0.3,uniform_heavy,0.9,4,1.0,smart,0.3,5,4000,5.0,3.6046,1.3954,27.909,2104,1905,199,1896,0.2928,0.9054,1
0.3,uniform_heavy,0.9,4,1.0,smart,0.3,6,4000,5.0,3.5827,1.4173,28.346,2099,1927,172,1901,0.289,0.9181,1
0.3,uniform_heavy,0.9,4,2.0,smart,0.3,0,4000,5.0,3.5891,1.4109,28.217,2146,1965,181,1854,0.3098,0.9157,1
0.3,uniform_heavy,0.9,4,2.0,smart,0.3,1,4000,5.0,3.644,1.356,27.12,2082,1902,180,1918,0.2928,0.9135,1
0.3,uniform_heavy,0.9,4,2.0,smart,0.3,2,4000,5.0,3.6349,1.3651,27.303,2124,1927,197,1876,0.3008,0.9073,1
0.3,uniform_heavy,0.9,4,2.0,smart,0.3,3,4000,5.0,3.5944,1.4056,28.112,2128,1959,169,1872,0.301,0.9206,1
0.3,uniform_heavy,0.9,4,2.0,smart,0.3,4,4000,5.0,3.5923,1.4077,28.154,2123,1952,171,1877,0.3103,0.9195,1
0.3,uniform_heavy,0.9,4,2.0,smart,0.3,5,4000,5.0,3.6569,1.3431,26.862,2117,1906,211,1883,0.2975,0.9003,1
0.3,uniform_heavy,0.9,4,2.0,smart,0.3,6,4000,5.0,3.6124,1.3876,27.751,2154,1953,201,1846,0.291,0.9067,1
0.3,uniform_heavy,0.9,8,0.5,smart,0.3,0,4000,9.0,6.0171,2.9829,33.143,2136,1971,165,1864,0.3043,0.9228,1
0.3,uniform_heavy,0.9,8,0.5,smart,0.3,1,4000,9.0,6.0552,2.9448,32.72,2144,1956,188,1856,0.2965,0.9123,1
0.3,uniform_heavy,0.9,8,0.5,smart,0.3,2,4000,9.0,5.9978,3.0022,33.358,2149,1983,166,1851,0.3075,0.9228,1
0.3,uniform_heavy,0.9,8,0.5,smart,0.3,3,4000,9.0,6.0155,2.9845,33.162,2146,1973,173,1854,0.307,0.9194,1
0.3,uniform_heavy,0.9,8,0.5,smart,0.3,4,4000,9.0,6.0216,2.9784,33.094,2146,1973,173,1854,0.3083,0.9194,1
0.3,uniform_heavy,0.9,8,0.5,smart,0.3,5,4000,9.0,6.0087,2.9913,33.237,2143,1972,171,1857,0.309,0.9202,1
0.3,uniform_heavy,0.9,8,0.5,smart,0.3,6,4000,9.0,5.9954,3.0046,33.385,2161,1982,179,1839,0.3105,0.9172,1
0.3,uniform_heavy,0.9,8,1.0,smart,0.3,0,4000,9.0,6.0878,2.9122,32.358,2093,1936,157,1907,0.2995,0.925,1
0.3,uniform_heavy,0.9,8,1.0,smart,0.3,1,4000,9.0,6.0504,2.9496,32.773,2172,1965,207,1828,0.3015,0.9047,1
0.3,uniform_heavy,0.9,8,1.0,smart,0.3,2,4000,9.0,6.0345,2.9655,32.95,2127,1972,155,1873,0.3095,0.9271,1
0.3,uniform_heavy,0.9,8,1.0,smart,0.3,3,4000,9.0,6.0338,2.9662,32.958,2151,1965,186,1849,0.2945,0.9135,1
0.3,uniform_heavy,0.9,8,1.0,smart,0.3,4,4000,9.0,6.0534,2.9466,32.74,2137,1954,183,1863,0.31,0.9144,1
0.3,uniform_heavy,0.9,8,1.0,smart,0.3,5,4000,9.0,6.1288,2.8712,31.903,2094,1913,181,1906,0.2973,0.9136,1
0.3,uniform_heavy,0.9,8,1.0,smart,0.3,6,4000,9.0,6.1574,2.8426,31.585,2083,1897,186,1917,0.288,0.9107,1
0.3,uniform_heavy,0.9,8,2.0,smart,0.3,0,4000,9.0,6.0715,2.9285,32.539,2157,1968,189,1843,0.3043,0.9124,1
0.3,uniform_heavy,0.9,8,2.0,smart,0.3,1,4000,9.0,5.9927,3.0073,33.414,2209,2025,184,1791,0.309,0.9167,1
0.3,uniform_heavy,0.9,8,2.0,smart,0.3,2,4000,9.0,6.0582,2.9418,32.686,2156,1988,168,1844,0.3043,0.9221,1
0.3,uniform_heavy,0.9,8,2.0,smart,0.3,3,4000,9.0,6.1572,2.8428,31.587,2124,1932,192,1876,0.3065,0.9096,1
0.3,uniform_heavy,0.9,8,2.0,smart,0.3,4,4000,9.0,6.0929,2.9071,32.301,2153,1968,185,1847,0.301,0.9141,1
0.3,uniform_heavy,0.9,8,2.0,smart,0.3,5,4000,9.0,6.1273,2.8727,31.918,2126,1953,173,1874,0.2978,0.9186,1
0.3,uniform_heavy,0.9,8,2.0,smart,0.3,6,4000,9.0,6.0659,2.9341,32.601,2177,1998,179,1823,0.3095,0.9178,1
0.3,uniform_heavy,0.95,0.25,0.5,smart,0.3,0,4000,1.25,1.1656,0.0844,6.752,2116,2023,93,1884,0.287,0.956,1
0.3,uniform_heavy,0.95,0.25,0.5,smart,0.3,1,4000,1.25,1.1614,0.0886,7.092,2210,2118,92,1790,0.3157,0.9584,1
0.3,uniform_heavy,0.95,0.25,0.5,smart,0.3,2,4000,1.25,1.1626,0.0874,6.991,2171,2079,92,1829,0.3025,0.9576,1
0.3,uniform_heavy,0.95,0.25,0.5,smart,0.3,3,4000,1.25,1.1607,0.0893,7.14,2201,2113,88,1799,0.3018,0.96,1
0.3,uniform_heavy,0.95,0.25,0.5,smart,0.3,4,4000,1.25,1.1656,0.0844,6.755,2128,2030,98,1872,0.2965,0.9539,1
0.3,uniform_heavy,0.95,0.25,0.5,smart,0.3,5,4000,1.25,1.1608,0.0892,7.134,2211,2120,91,1789,0.308,0.9588,1
0.3,uniform_heavy,0.95,0.25,0.5,smart,0.3,6,4000,1.25,1.1647,0.0853,6.822,2152,2050,102,1848,0.3103,0.9526,1
0.3,uniform_heavy,0.95,0.25,1.0,smart,0.3,0,4000,1.25,1.1754,0.0746,5.972,2188,2088,100,1812,0.3192,0.9543,1
0.3,uniform_heavy,0.95,0.25,1.0,smart,0.3,1,4000,1.25,1.176,0.074,5.922,2126,2034,92,1874,0.2918,0.9567,1
0.3,uniform_heavy,0.95,0.25,1.0,smart,0.3,2,4000,1.25,1.168,0.082,6.559,2178,2103,75,1822,0.3045,0.9656,1
0.3,uniform_heavy,0.95,0.25,1.0,smart,0.3,3,4000,1.25,1.1765,0.0735,5.883,2126,2034,92,1874,0.291,0.9567,1
0.3,uniform_heavy,0.95,0.25,1.0,smart,0.3,4,4000,1.25,1.1761,0.0739,5.915,2147,2053,94,1853,0.302,0.9562,1
0.3,uniform_heavy,0.95,0.25,1.0,smart,0.3,5,4000,1.25,1.1766,0.0734,5.873,2120,2027,93,1880,0.2863,0.9561,1
0.3,uniform_heavy,0.95,0.25,1.0,smart,0.3,6,4000,1.25,1.175,0.075,5.997,2194,2095,99,1806,0.3038,0.9549,1
0.3,uniform_heavy,0.95,0.25,2.0,smart,0.3,0,4000,1.25,1.2027,0.0473,3.783,2135,2036,99,1865,0.2973,0.9536,1
0.3,uniform_heavy,0.95,0.25,2.0,smart,0.3,1,4000,1.25,1.1953,0.0547,4.373,2179,2089,90,1821,0.3073,0.9587,1
0.3,uniform_heavy,0.95,0.25,2.0,smart,0.3,2,4000,1.25,1.2053,0.0447,3.579,2147,2044,103,1853,0.297,0.952,1
0.3,uniform_heavy,0.95,0.25,2.0,smart,0.3,3,4000,1.25,1.2017,0.0483,3.865,2178,2076,102,1822,0.3123,0.9532,1
0.3,uniform_heavy,0.95,0.25,2.0,smart,0.3,4,4000,1.25,1.1953,0.0547,4.375,2175,2086,89,1825,0.3105,0.9591,1
0.3,uniform_heavy,0.95,0.25,2.0,smart,0.3,5,4000,1.25,1.1952,0.0548,4.384,2206,2114,92,1794,0.3113,0.9583,1
0.3,uniform_heavy,0.95,0.25,2.0,smart,0.3,6,4000,1.25,1.2003,0.0497,3.977,2135,2040,95,1865,0.2993,0.9555,1
0.3,uniform_heavy,0.95,0.5,0.5,smart,0.3,0,4000,1.5,1.3165,0.1835,12.232,2181,2081,100,1819,0.2955,0.9541,1
0.3,uniform_heavy,0.95,0.5,0.5,smart,0.3,1,4000,1.5,1.3175,0.1825,12.166,2148,2049,99,1852,0.3,0.9539,1
0.3,uniform_heavy,0.95,0.5,0.5,smart,0.3,2,4000,1.5,1.3111,0.1889,12.593,2171,2088,83,1829,0.3108,0.9618,1
0.3,uniform_heavy,0.95,0.5,0.5,smart,0.3,3,4000,1.5,1.3138,0.1862,12.411,2132,2057,75,1868,0.301,0.9648,1
0.3,uniform_heavy,0.95,0.5,0.5,smart,0.3,4,4000,1.5,1.3134,0.1866,12.443,2176,2078,98,1824,0.2973,0.955,1
0.3,uniform_heavy,0.95,0.5,0.5,smart,0.3,5,4000,1.5,1.3097,0.1903,12.69,2177,2098,79,1823,0.314,0.9637,1
0.3,uniform_heavy,0.95,0.5,0.5,smart,0.3,6,4000,1.5,1.3166,0.1834,12.227,2142,2049,93,1858,0.291,0.9566,1
0.3,uniform_heavy,0.95,0.5,1.0,smart,0.3,0,4000,1.5,1.3296,0.1704,11.357,2145,2048,97,1855,0.2978,0.9548,1
0.3,uniform_heavy,0.95,0.5,1.0,smart,0.3,1,4000,1.5,1.327,0.173,11.535,2139,2051,88,1861,0.2893,0.9589,1
0.3,uniform_heavy,0.95,0.5,1.0,smart,0.3,2,4000,1.5,1.3252,0.1748,11.653,2179,2085,94,1821,0.301,0.9569,1
0.3,uniform_heavy,0.95,0.5,1.0,smart,0.3,3,4000,1.5,1.3265,0.1735,11.567,2155,2063,92,1845,0.296,0.9573,1
0.3,uniform_heavy,0.95,0.5,1.0,smart,0.3,4,4000,1.5,1.318,0.182,12.131,2160,2086,74,1840,0.2988,0.9657,1
0.3,uniform_heavy,0.95,0.5,1.0,smart,0.3,5,4000,1.5,1.33,0.17,11.336,2138,2040,98,1862,0.2993,0.9542,1
0.3,uniform_heavy,0.95,0.5,1.0,smart,0.3,6,4000,1.5,1.3273,0.1727,11.513,2102,2025,77,1898,0.2948,0.9634,1
0.3,uniform_heavy,0.95,0.5,2.0,smart,0.3,0,4000,1.5,1.35,0.15,10.0,2147,2057,90,1853,0.2935,0.9581,1
0.3,uniform_heavy,0.95,0.5,2.0,smart,0.3,1,4000,1.5,1.3495,0.1505,10.033,2197,2099,98,1803,0.315,0.9554,1
0.3,uniform_heavy,0.95,0.5,2.0,smart,0.3,2,4000,1.5,1.3441,0.1559,10.395,2180,2095,85,1820,0.303,0.961,1
0.3,uniform_heavy,0.95,0.5,2.0,smart,0.3,3,4000,1.5,1.3534,0.1466,9.772,2158,2058,100,1842,0.3033,0.9537,1
0.3,uniform_heavy,0.95,0.5,2.0,smart,0.3,4,4000,1.5,1.3608,0.1392,9.283,2122,2016,106,1878,0.3068,0.95,1
0.3,uniform_heavy,0.95,0.5,2.0,smart,0.3,5,4000,1.5,1.3577,0.1423,9.486,2137,2033,104,1863,0.3043,0.9513,1
0.3,uniform_heavy,0.95,0.5,2.0,smart,0.3,6,4000,1.5,1.3508,0.1492,9.948,2187,2089,98,1813,0.3023,0.9552,1
0.3,uniform_heavy,0.95,1,0.5,smart,0.3,0,4000,2.0,1.6062,0.3938,19.688,2206,2116,90,1794,0.3098,0.9592,1
0.3,uniform_heavy,0.95,1,0.5,smart,0.3,1,4000,2.0,1.6098,0.3902,19.512,2179,2102,77,1821,0.2933,0.9647,1
0.3,uniform_heavy,0.95,1,0.5,smart,0.3,2,4000,2.0,1.6265,0.3735,18.676,2105,2015,90,1895,0.289,0.9572,1
0.3,uniform_heavy,0.95,1,0.5,smart,0.3,3,4000,2.0,1.6108,0.3892,19.46,2202,2108,94,1798,0.3045,0.9573,1
0.3,uniform_heavy,0.95,1,0.5,smart,0.3,4,4000,2.0,1.6173,0.3827,19.136,2153,2067,86,1847,0.2975,0.9601,1
0.3,uniform_heavy,0.95,1,0.5,smart,0.3,5,4000,2.0,1.6265,0.3735,18.675,2172,2046,126,1828,0.2878,0.942,1
0.3,uniform_heavy,0.95,1,0.5,smart,0.3,6,4000,2.0,1.619,0.381,19.048,2137,2050,87,1863,0.314,0.9593,1
0.3,uniform_heavy,0.95,1,1.0,smart,0.3,0,4000,2.0,1.6341,0.3659,18.297,2163,2062,101,1837,0.3043,0.9533,1
0.3,uniform_heavy,0.95,1,1.0,smart,0.3,1,4000,2.0,1.6258,0.3742,18.712,2167,2080,87,1833,0.306,0.9599,1
0.3,uniform_heavy,0.95,1,1.0,smart,0.3,2,4000,2.0,1.624,0.376,18.798,2154,2078,76,1846,0.3013,0.9647,1
0.3,uniform_heavy,0.95,1,1.0,smart,0.3,3,4000,2.0,1.6276,0.3724,18.622,2163,2075,88,1837,0.298,0.9593,1
0.3,uniform_heavy,0.95,1,1.0,smart,0.3,4,4000,2.0,1.6176,0.3824,19.122,2204,2111,93,1796,0.3142,0.9578,1
0.3,uniform_heavy,0.95,1,1.0,smart,0.3,5,4000,2.0,1.6246,0.3754,18.772,2153,2072,81,1847,0.3028,0.9624,1
0.3,uniform_heavy,0.95,1,1.0,smart,0.3,6,4000,2.0,1.6298,0.3702,18.512,2154,2065,89,1846,0.2933,0.9587,1
0.3,uniform_heavy,0.95,1,2.0,smart,0.3,0,4000,2.0,1.6547,0.3453,17.265,2141,2051,90,1859,0.3038,0.958,1
0.3,uniform_heavy,0.95,1,2.0,smart,0.3,1,4000,2.0,1.6416,0.3584,17.919,2130,2060,70,1870,0.306,0.9671,1
0.3,uniform_heavy,0.95,1,2.0,smart,0.3,2,4000,2.0,1.6624,0.3376,16.878,2127,2032,95,1873,0.2905,0.9553,1
0.3,uniform_heavy,0.95,1,2.0,smart,0.3,3,4000,2.0,1.645,0.355,17.75,2145,2065,80,1855,0.3038,0.9627,1
0.3,uniform_heavy,0.95,1,2.0,smart,0.3,4,4000,2.0,1.6649,0.3351,16.754,2121,2022,99,1879,0.2875,0.9533,1
0.3,uniform_heavy,0.95,1,2.0,smart,0.3,5,4000,2.0,1.6529,0.3471,17.354,2119,2037,82,1881,0.2995,0.9613,1
0.3,uniform_heavy,0.95,1,2.0,smart,0.3,6,4000,2.0,1.6629,0.3371,16.857,2091,2005,86,1909,0.2898,0.9589,1
0.3,uniform_heavy,0.95,2,0.5,smart,0.3,0,4000,3.0,2.2271,0.7729,25.763,2143,2063,80,1857,0.299,0.9627,1
0.3,uniform_heavy,0.95,2,0.5,smart,0.3,1,4000,3.0,2.2352,0.7648,25.493,2136,2040,96,1864,0.3063,0.9551,1
0.3,uniform_heavy,0.95,2,0.5,smart,0.3,2,4000,3.0,2.2213,0.7787,25.956,2183,2083,100,1817,0.2975,0.9542,1
0.3,uniform_heavy,0.95,2,0.5,smart,0.3,3,4000,3.0,2.2323,0.7677,25.59,2146,2054,92,1854,0.294,0.9571,1
0.3,uniform_heavy,0.95,2,0.5,smart,0.3,4,4000,3.0,2.22,0.78,26.001,2164,2078,86,1836,0.2945,0.9603,1
0.3,uniform_heavy,0.95,2,0.5,smart,0.3,5,4000,3.0,2.2182,0.7818,26.061,2177,2083,94,1823,0.3093,0.9568,1
0.3,uniform_heavy,0.95,2,0.5,smart,0.3,6,4000,3.0,2.2302,0.7698,25.659,2147,2055,92,1853,0.3108,0.9571,1
0.3,uniform_heavy,0.95,2,1.0,smart,0.3,0,4000,3.0,2.2376,0.7624,25.413,2146,2053,93,1854,0.2908,0.9567,1
0.3,uniform_heavy,0.95,2,1.0,smart,0.3,1,4000,3.0,2.2463,0.7537,25.123,2142,2042,100,1858,0.307,0.9533,1
0.3,uniform_heavy,0.95,2,1.0,smart,0.3,2,4000,3.0,2.2367,0.7633,25.442,2144,2055,89,1856,0.2938,0.9585,1
0.3,uniform_heavy,0.95,2,1.0,smart,0.3,3,4000,3.0,2.2145,0.7855,26.185,2228,2128,100,1772,0.3137,0.9551,1
0.3,uniform_heavy,0.95,2,1.0,smart,0.3,4,4000,3.0,2.2336,0.7664,25.547,2149,2065,84,1851,0.303,0.9609,1
0.3,uniform_heavy,0.95,2,1.0,smart,0.3,5,4000,3.0,2.2168,0.7832,26.107,2185,2107,78,1815,0.3055,0.9643,1
0.3,uniform_heavy,0.95,2,1.0,smart,0.3,6,4000,3.0,2.2365,0.7635,25.451,2179,2074,105,1821,0.2988,0.9518,1
0.3,uniform_heavy,0.95,2,2.0,smart,0.3,0,4000,3.0,2.2503,0.7497,24.991,2190,2097,93,1810,0.304,0.9575,1
0.3,uniform_heavy,0.95,2,2.0,smart,0.3,1,4000,3.0,2.2602,0.7398,24.659,2165,2069,96,1835,0.2935,0.9557,1
0.3,uniform_heavy,0.95,2,2.0,smart,0.3,2,4000,3.0,2.2709,0.7291,24.304,2186,2071,115,1814,0.2993,0.9474,1
0.3,uniform_heavy,0.95,2,2.0,smart,0.3,3,4000,3.0,2.2555,0.7445,24.817,2149,2068,81,1851,0.3078,0.9623,1
0.3,uniform_heavy,0.95,2,2.0,smart,0.3,4,4000,3.0,2.2568,0.7432,24.773,2150,2060,90,1850,0.305,0.9581,1
0.3,uniform_heavy,0.95,2,2.0,smart,0.3,5,4000,3.0,2.2652,0.7348,24.493,2142,2049,93,1858,0.302,0.9566,1
0.3,uniform_heavy,0.95,2,2.0,smart,0.3,6,4000,3.0,2.2657,0.7343,24.476,2145,2053,92,1855,0.3008,0.9571,1
0.3,uniform_heavy,0.95,4,0.5,smart,0.3,0,4000,5.0,3.4268,1.5732,31.464,2137,2065,72,1863,0.298,0.9663,1
0.3,uniform_heavy,0.95,4,0.5,smart,0.3,1,4000,5.0,3.4902,1.5098,30.195,2093,2001,92,1907,0.2938,0.956,1
0.3,uniform_heavy,0.95,4,0.5,smart,0.3,2,4000,5.0,3.4386,1.5614,31.228,2167,2076,91,1833,0.3008,0.958,1
0.3,uniform_heavy,0.95,4,0.5,smart,0.3,3,4000,5.0,3.5053,1.4947,29.895,2088,1986,102,1912,0.2995,0.9511,1
0.3,uniform_heavy,0.95,4,0.5,smart,0.3,4,4000,5.0,3.4369,1.5631,31.263,2161,2064,97,1839,0.3043,0.9551,1
0.3,uniform_heavy,0.95,4,0.5,smart,0.3,5,4000,5.0,3.4427,1.5573,31.146,2163,2073,90,1837,0.2973,0.9584,1
0.3,uniform_heavy,0.95,4,0.5,smart,0.3,6,4000,5.0,3.4321,1.5679,31.358,2149,2066,83,1851,0.3035,0.9614,1
0.3,uniform_heavy,0.95,4,1.0,smart,0.3,0,4000,5.0,3.4813,1.5187,30.373,2143,2040,103,1857,0.2913,0.9519,1
0.3,uniform_heavy,0.95,4,1.0,smart,0.3,1,4000,5.0,3.4621,1.5379,30.758,2138,2045,93,1862,0.3083,0.9565,1
0.3,uniform_heavy,0.95,4,1.0,smart,0.3,2,4000,5.0,3.4121,1.5879,31.757,2210,2114,96,1790,0.3053,0.9566,1
0.3,uniform_heavy,0.95,4,1.0,smart,0.3,3,4000,5.0,3.4506,1.5494,30.987,2180,2074,106,1820,0.2923,0.9514,1
0.3,uniform_heavy,0.95,4,1.0,smart,0.3,4,4000,5.0,3.3813,1.6187,32.375,2239,2139,100,1761,0.3078,0.9553,1
0.3,uniform_heavy,0.95,4,1.0,smart,0.3,5,4000,5.0,3.4869,1.5131,30.262,2104,2013,91,1896,0.2953,0.9567,1
0.3,uniform_heavy,0.95,4,1.0,smart,0.3,6,4000,5.0,3.4371,1.5629,31.257,2202,2094,108,1798,0.3187,0.951,1
0.3,uniform_heavy,0.95,4,2.0,smart,0.3,0,4000,5.0,3.5044,1.4956,29.912,2118,2020,98,1882,0.2943,0.9537,1
0.3,uniform_heavy,0.95,4,2.0,smart,0.3,1,4000,5.0,3.4584,1.5416,30.831,2191,2090,101,1809,0.3063,0.9539,1
0.3,uniform_heavy,0.95,4,2.0,smart,0.3,2,4000,5.0,3.5097,1.4903,29.807,2134,2032,102,1866,0.2973,0.9522,1
0.3,uniform_heavy,0.95,4,2.0,smart,0.3,3,4000,5.0,3.466,1.534,30.68,2212,2098,114,1788,0.315,0.9485,1
0.3,uniform_heavy,0.95,4,2.0,smart,0.3,4,4000,5.0,3.4584,1.5416,30.832,2198,2094,104,1802,0.3063,0.9527,1
0.3,uniform_heavy,0.95,4,2.0,smart,0.3,5,4000,5.0,3.5162,1.4838,29.676,2108,2006,102,1892,0.2845,0.9516,1
0.3,uniform_heavy,0.95,4,2.0,smart,0.3,6,4000,5.0,3.4773,1.5227,30.455,2134,2049,85,1866,0.3053,0.9602,1
0.3,uniform_heavy,0.95,8,0.5,smart,0.3,0,4000,9.0,5.9034,3.0966,34.406,2158,2045,113,1842,0.2865,0.9476,1
0.3,uniform_heavy,0.95,8,0.5,smart,0.3,1,4000,9.0,5.8848,3.1152,34.614,2140,2050,90,1860,0.2998,0.9579,1
0.3,uniform_heavy,0.95,8,0.5,smart,0.3,2,4000,9.0,5.8931,3.1069,34.521,2138,2051,87,1862,0.2903,0.9593,1
0.3,uniform_heavy,0.95,8,0.5,smart,0.3,3,4000,9.0,5.9769,3.0231,33.59,2070,1994,76,1930,0.299,0.9633,1
0.3,uniform_heavy,0.95,8,0.5,smart,0.3,4,4000,9.0,5.9424,3.0576,33.973,2106,2020,86,1894,0.2903,0.9592,1
0.3,uniform_heavy,0.95,8,0.5,smart,0.3,5,4000,9.0,5.8719,3.1281,34.756,2136,2060,76,1864,0.2868,0.9644,1
0.3,uniform_heavy,0.95,8,0.5,smart,0.3,6,4000,9.0,5.9245,3.0755,34.172,2119,2025,94,1881,0.2983,0.9556,1
0.3,uniform_heavy,0.95,8,1.0,smart,0.3,0,4000,9.0,5.8606,3.1394,34.883,2167,2071,96,1833,0.3043,0.9557,1
0.3,uniform_heavy,0.95,8,1.0,smart,0.3,1,4000,9.0,5.8778,3.1222,34.691,2141,2054,87,1859,0.2995,0.9594,1
0.3,uniform_heavy,0.95,8,1.0,smart,0.3,2,4000,9.0,5.9772,3.0228,33.586,2091,1999,92,1909,0.2958,0.956,1
0.3,uniform_heavy,0.95,8,1.0,smart,0.3,3,4000,9.0,5.9001,3.0999,34.443,2157,2061,96,1843,0.2963,0.9555,1
0.3,uniform_heavy,0.95,8,1.0,smart,0.3,4,4000,9.0,5.8668,3.1332,34.813,2167,2072,95,1833,0.2993,0.9562,1
0.3,uniform_heavy,0.95,8,1.0,smart,0.3,5,4000,9.0,5.9118,3.0882,34.313,2142,2050,92,1858,0.2978,0.957,1
0.3,uniform_heavy,0.95,8,1.0,smart,0.3,6,4000,9.0,5.893,3.107,34.523,2160,2067,93,1840,0.2953,0.9569,1
0.3,uniform_heavy,0.95,8,2.0,smart,0.3,0,4000,9.0,5.8939,3.1061,34.512,2164,2069,95,1836,0.2935,0.9561,1
0.3,uniform_heavy,0.95,8,2.0,smart,0.3,1,4000,9.0,6.006,2.994,33.267,2102,2001,101,1898,0.2923,0.952,1
0.3,uniform_heavy,0.95,8,2.0,smart,0.3,2,4000,9.0,6.0084,2.9916,33.24,2080,1995,85,1920,0.285,0.9591,1
0.3,uniform_heavy,0.95,8,2.0,smart,0.3,3,4000,9.0,5.9225,3.0775,34.194,2168,2064,104,1832,0.2995,0.952,1
0.3,uniform_heavy,0.95,8,2.0,smart,0.3,4,4000,9.0,5.9877,3.0123,33.47,2114,2020,94,1886,0.2825,0.9555,1
0.3,uniform_heavy,0.95,8,2.0,smart,0.3,5,4000,9.0,5.8319,3.1681,35.201,2203,2109,94,1797,0.3055,0.9573,1
0.3,uniform_heavy,0.95,8,2.0,smart,0.3,6,4000,9.0,5.9199,3.0801,34.223,2142,2056,86,1858,0.2935,0.9599,1
0.3,uniform_heavy,1.0,0.25,0.5,smart,0.3,0,4000,1.25,1.1489,0.1011,8.089,2137,2137,0,1863,0.2943,1.0,1
0.3,uniform_heavy,1.0,0.25,0.5,smart,0.3,1,4000,1.25,1.1515,0.0985,7.881,2082,2082,0,1918,0.2838,1.0,1
0.3,uniform_heavy,1.0,0.25,0.5,smart,0.3,2,4000,1.25,1.1486,0.1014,8.109,2136,2136,0,1864,0.296,1.0,1
0.3,uniform_heavy,1.0,0.25,0.5,smart,0.3,3,4000,1.25,1.1476,0.1024,8.191,2159,2159,0,1841,0.2965,1.0,1
0.3,uniform_heavy,1.0,0.25,0.5,smart,0.3,4,4000,1.25,1.1471,0.1029,8.229,2150,2150,0,1850,0.2888,1.0,1
0.3,uniform_heavy,1.0,0.25,0.5,smart,0.3,5,4000,1.25,1.146,0.104,8.323,2184,2184,0,1816,0.299,1.0,1
0.3,uniform_heavy,1.0,0.25,0.5,smart,0.3,6,4000,1.25,1.146,0.104,8.317,2188,2188,0,1812,0.309,1.0,1
0.3,uniform_heavy,1.0,0.25,1.0,smart,0.3,0,4000,1.25,1.1468,0.1032,8.253,2167,2167,0,1833,0.3048,1.0,1
0.3,uniform_heavy,1.0,0.25,1.0,smart,0.3,1,4000,1.25,1.1446,0.1054,8.429,2207,2207,0,1793,0.306,1.0,1
0.3,uniform_heavy,1.0,0.25,1.0,smart,0.3,2,4000,1.25,1.1488,0.1012,8.096,2130,2130,0,1870,0.2975,1.0,1
0.3,uniform_heavy,1.0,0.25,1.0,smart,0.3,3,4000,1.25,1.1461,0.1039,8.313,2175,2175,0,1825,0.303,1.0,1
0.3,uniform_heavy,1.0,0.25,1.0,smart,0.3,4,4000,1.25,1.1471,0.1029,8.233,2183,2183,0,1817,0.3025,1.0,1
0.3,uniform_heavy,1.0,0.25,1.0,smart,0.3,5,4000,1.25,1.1484,0.1016,8.125,2137,2137,0,1863,0.2828,1.0,1
0.3,uniform_heavy,1.0,0.25,1.0,smart,0.3,6,4000,1.25,1.148,0.102,8.159,2140,2140,0,1860,0.2948,1.0,1
0.3,uniform_heavy,1.0,0.25,2.0,smart,0.3,0,4000,1.25,1.1451,0.1049,8.395,2187,2187,0,1813,0.31,1.0,1
0.3,uniform_heavy,1.0,0.25,2.0,smart,0.3,1,4000,1.25,1.1481,0.1019,8.152,2127,2127,0,1873,0.2885,1.0,1
0.3,uniform_heavy,1.0,0.25,2.0,smart,0.3,2,4000,1.25,1.1457,0.1043,8.345,2193,2193,0,1807,0.2995,1.0,1
0.3,uniform_heavy,1.0,0.25,2.0,smart,0.3,3,4000,1.25,1.1463,0.1037,8.299,2173,2173,0,1827,0.299,1.0,1
0.3,uniform_heavy,1.0,0.25,2.0,smart,0.3,4,4000,1.25,1.1456,0.1044,8.355,2195,2195,0,1805,0.303,1.0,1
0.3,uniform_heavy,1.0,0.25,2.0,smart,0.3,5,4000,1.25,1.1459,0.1041,8.326,2187,2187,0,1813,0.308,1.0,1
0.3,uniform_heavy,1.0,0.25,2.0,smart,0.3,6,4000,1.25,1.145,0.105,8.402,2201,2201,0,1799,0.3095,1.0,1
0.3,uniform_heavy,1.0,0.5,0.5,smart,0.3,0,4000,1.5,1.2954,0.2046,13.638,2163,2163,0,1837,0.2845,1.0,1
0.3,uniform_heavy,1.0,0.5,0.5,smart,0.3,1,4000,1.5,1.2957,0.2043,13.622,2150,2150,0,1850,0.2995,1.0,1
0.3,uniform_heavy,1.0,0.5,0.5,smart,0.3,2,4000,1.5,1.2993,0.2007,13.379,2122,2122,0,1878,0.2913,1.0,1
0.3,uniform_heavy,1.0,0.5,0.5,smart,0.3,3,4000,1.5,1.2933,0.2067,13.782,2174,2174,0,1826,0.3038,1.0,1
0.3,uniform_heavy,1.0,0.5,0.5,smart,0.3,4,4000,1.5,1.2925,0.2075,13.833,2196,2196,0,1804,0.3123,1.0,1
0.3,uniform_heavy,1.0,0.5,0.5,smart,0.3,5,4000,1.5,1.2962,0.2038,13.585,2128,2128,0,1872,0.2883,1.0,1
0.3,uniform_heavy,1.0,0.5,0.5,smart,0.3,6,4000,1.5,1.2965,0.2035,13.566,2136,2136,0,1864,0.2988,1.0,1
0.3,uniform_heavy,1.0,0.5,1.0,smart,0.3,0,4000,1.5,1.2917,0.2083,13.887,2190,2190,0,1810,0.3095,1.0,1
0.3,uniform_heavy,1.0,0.5,1.0,smart,0.3,1,4000,1.5,1.2929,0.2071,13.807,2173,2173,0,1827,0.297,1.0,1
0.3,uniform_heavy,1.0,0.5,1.0,smart,0.3,2,4000,1.5,1.2959,0.2041,13.608,2144,2144,0,1856,0.296,1.0,1
0.3,uniform_heavy,1.0,0.5,1.0,smart,0.3,3,4000,1.5,1.293,0.207,13.799,2186,2186,0,1814,0.2938,1.0,1
0.3,uniform_heavy,1.0,0.5,1.0,smart,0.3,4,4000,1.5,1.2872,0.2128,14.19,2239,2239,0,1761,0.3135,1.0,1
0.3,uniform_heavy,1.0,0.5,1.0,smart,0.3,5,4000,1.5,1.2934,0.2066,13.775,2165,2165,0,1835,0.2865,1.0,1
0.3,uniform_heavy,1.0,0.5,1.0,smart,0.3,6,4000,1.5,1.2898,0.2102,14.014,2203,2203,0,1797,0.3078,1.0,1
0.3,uniform_heavy,1.0,0.5,2.0,smart,0.3,0,4000,1.5,1.297,0.203,13.533,2152,2152,0,1848,0.294,1.0,1
0.3,uniform_heavy,1.0,0.5,2.0,smart,0.3,1,4000,1.5,1.2894,0.2106,14.038,2214,2214,0,1786,0.3038,1.0,1
0.3,uniform_heavy,1.0,0.5,2.0,smart,0.3,2,4000,1.5,1.2974,0.2026,13.507,2120,2120,0,1880,0.288,1.0,1
0.3,uniform_heavy,1.0,0.5,2.0,smart,0.3,3,4000,1.5,1.2879,0.2121,14.142,2224,2224,0,1776,0.3063,1.0,1
0.3,uniform_heavy,1.0,0.5,2.0,smart,0.3,4,4000,1.5,1.2931,0.2069,13.794,2168,2168,0,1832,0.2978,1.0,1
0.3,uniform_heavy,1.0,0.5,2.0,smart,0.3,5,4000,1.5,1.2937,0.2063,13.754,2168,2168,0,1832,0.3125,1.0,1
0.3,uniform_heavy,1.0,0.5,2.0,smart,0.3,6,4000,1.5,1.2976,0.2024,13.492,2138,2138,0,1862,0.3018,1.0,1
0.3,uniform_heavy,1.0,1,0.5,smart,0.3,0,4000,2.0,1.5861,0.4139,20.697,2166,2166,0,1834,0.3043,1.0,1
0.3,uniform_heavy,1.0,1,0.5,smart,0.3,1,4000,2.0,1.5916,0.4084,20.42,2146,2146,0,1854,0.3095,1.0,1
0.3,uniform_heavy,1.0,1,0.5,smart,0.3,2,4000,2.0,1.5872,0.4128,20.638,2166,2166,0,1834,0.3035,1.0,1
0.3,uniform_heavy,1.0,1,0.5,smart,0.3,3,4000,2.0,1.5884,0.4116,20.579,2169,2169,0,1831,0.2988,1.0,1
0.3,uniform_heavy,1.0,1,0.5,smart,0.3,4,4000,2.0,1.587,0.413,20.648,2163,2163,0,1837,0.3058,1.0,1
0.3,uniform_heavy,1.0,1,0.5,smart,0.3,5,4000,2.0,1.5842,0.4158,20.792,2174,2174,0,1826,0.2963,1.0,1
0.3,uniform_heavy,1.0,1,0.5,smart,0.3,6,4000,2.0,1.5859,0.4141,20.707,2165,2165,0,1835,0.2955,1.0,1
0.3,uniform_heavy,1.0,1,1.0,smart,0.3,0,4000,2.0,1.5864,0.4136,20.681,2178,2178,0,1822,0.2983,1.0,1
0.3,uniform_heavy,1.0,1,1.0,smart,0.3,1,4000,2.0,1.5938,0.4062,20.309,2127,2127,0,1873,0.3045,1.0,1
0.3,uniform_heavy,1.0,1,1.0,smart,0.3,2,4000,2.0,1.5922,0.4078,20.392,2153,2153,0,1847,0.2948,1.0,1
0.3,uniform_heavy,1.0,1,1.0,smart,0.3,3,4000,2.0,1.5798,0.4202,21.008,2220,2220,0,1780,0.3018,1.0,1
0.3,uniform_heavy,1.0,1,1.0,smart,0.3,4,4000,2.0,1.5832,0.4168,20.839,2177,2177,0,1823,0.3015,1.0,1
0.3,uniform_heavy,1.0,1,1.0,smart,0.3,5,4000,2.0,1.5816,0.4184,20.919,2199,2199,0,1801,0.3152,1.0,1
0.3,uniform_heavy,1.0,1,1.0,smart,0.3,6,4000,2.0,1.5784,0.4216,21.078,2218,2218,0,1782,0.294,1.0,1
0.3,uniform_heavy,1.0,1,2.0,smart,0.3,0,4000,2.0,1.5814,0.4186,20.929,2190,2190,0,1810,0.3013,1.0,1
0.3,uniform_heavy,1.0,1,2.0,smart,0.3,1,4000,2.0,1.5855,0.4145,20.723,2174,2174,0,1826,0.3018,1.0,1
0.3,uniform_heavy,1.0,1,2.0,smart,0.3,2,4000,2.0,1.5933,0.4067,20.333,2132,2132,0,1868,0.3018,1.0,1
0.3,uniform_heavy,1.0,1,2.0,smart,0.3,3,4000,2.0,1.5885,0.4115,20.576,2157,2157,0,1843,0.3,1.0,1
0.3,uniform_heavy,1.0,1,2.0,smart,0.3,4,4000,2.0,1.5898,0.4102,20.509,2163,2163,0,1837,0.2858,1.0,1
0.3,uniform_heavy,1.0,1,2.0,smart,0.3,5,4000,2.0,1.59,0.41,20.5,2151,2151,0,1849,0.294,1.0,1
0.3,uniform_heavy,1.0,1,2.0,smart,0.3,6,4000,2.0,1.5852,0.4148,20.74,2170,2170,0,1830,0.3063,1.0,1
0.3,uniform_heavy,1.0,2,0.5,smart,0.3,0,4000,3.0,2.1543,0.8457,28.191,2204,2204,0,1796,0.3083,1.0,1
0.3,uniform_heavy,1.0,2,0.5,smart,0.3,1,4000,3.0,2.2021,0.7979,26.597,2108,2108,0,1892,0.2898,1.0,1
0.3,uniform_heavy,1.0,2,0.5,smart,0.3,2,4000,3.0,2.1724,0.8276,27.588,2180,2180,0,1820,0.3088,1.0,1
0.3,uniform_heavy,1.0,2,0.5,smart,0.3,3,4000,3.0,2.1723,0.8277,27.59,2180,2180,0,1820,0.309,1.0,1
0.3,uniform_heavy,1.0,2,0.5,smart,0.3,4,4000,3.0,2.1744,0.8256,27.522,2161,2161,0,1839,0.296,1.0,1
0.3,uniform_heavy,1.0,2,0.5,smart,0.3,5,4000,3.0,2.1787,0.8213,27.377,2151,2151,0,1849,0.3035,1.0,1
0.3,uniform_heavy,1.0,2,0.5,smart,0.3,6,4000,3.0,2.1834,0.8166,27.221,2148,2148,0,1852,0.299,1.0,1
0.3,uniform_heavy,1.0,2,1.0,smart,0.3,0,4000,3.0,2.1748,0.8252,27.508,2179,2179,0,1821,0.3063,1.0,1
0.3,uniform_heavy,1.0,2,1.0,smart,0.3,1,4000,3.0,2.1689,0.8311,27.703,2189,2189,0,1811,0.293,1.0,1
0.3,uniform_heavy,1.0,2,1.0,smart,0.3,2,4000,3.0,2.1696,0.8304,27.68,2172,2172,0,1828,0.3033,1.0,1
0.3,uniform_heavy,1.0,2,1.0,smart,0.3,3,4000,3.0,2.195,0.805,26.835,2124,2124,0,1876,0.2905,1.0,1
0.3,uniform_heavy,1.0,2,1.0,smart,0.3,4,4000,3.0,2.1642,0.8358,27.86,2181,2181,0,1819,0.2945,1.0,1
0.3,uniform_heavy,1.0,2,1.0,smart,0.3,5,4000,3.0,2.1905,0.8095,26.984,2147,2147,0,1853,0.2925,1.0,1
0.3,uniform_heavy,1.0,2,1.0,smart,0.3,6,4000,3.0,2.1661,0.8339,27.795,2191,2191,0,1809,0.3053,1.0,1
0.3,uniform_heavy,1.0,2,2.0,smart,0.3,0,4000,3.0,2.1409,0.8591,28.636,2258,2258,0,1742,0.298,1.0,1
0.3,uniform_heavy,1.0,2,2.0,smart,0.3,1,4000,3.0,2.1604,0.8396,27.988,2202,2202,0,1798,0.317,1.0,1
0.3,uniform_heavy,1.0,2,2.0,smart,0.3,2,4000,3.0,2.1734,0.8266,27.554,2173,2173,0,1827,0.3073,1.0,1
0.3,uniform_heavy,1.0,2,2.0,smart,0.3,3,4000,3.0,2.1712,0.8288,27.628,2175,2175,0,1825,0.3145,1.0,1
0.3,uniform_heavy,1.0,2,2.0,smart,0.3,4,4000,3.0,2.1607,0.8393,27.975,2201,2201,0,1799,0.3135,1.0,1
0.3,uniform_heavy,1.0,2,2.0,smart,0.3,5,4000,3.0,2.1834,0.8166,27.219,2161,2161,0,1839,0.2958,1.0,1
0.3,uniform_heavy,1.0,2,2.0,smart,0.3,6,4000,3.0,2.1694,0.8306,27.688,2184,2184,0,1816,0.2943,1.0,1
0.3,uniform_heavy,1.0,4,0.5,smart,0.3,0,4000,5.0,3.3662,1.6338,32.676,2141,2141,0,1859,0.302,1.0,1
0.3,uniform_heavy,1.0,4,0.5,smart,0.3,1,4000,5.0,3.4011,1.5989,31.977,2112,2112,0,1888,0.304,1.0,1
0.3,uniform_heavy,1.0,4,0.5,smart,0.3,2,4000,5.0,3.3196,1.6804,33.608,2198,2198,0,1802,0.3063,1.0,1
0.3,uniform_heavy,1.0,4,0.5,smart,0.3,3,4000,5.0,3.3343,1.6657,33.315,2170,2170,0,1830,0.2995,1.0,1
0.3,uniform_heavy,1.0,4,0.5,smart,0.3,4,4000,5.0,3.3688,1.6312,32.623,2150,2150,0,1850,0.3045,1.0,1
0.3,uniform_heavy,1.0,4,0.5,smart,0.3,5,4000,5.0,3.3093,1.6907,33.815,2229,2229,0,1771,0.3,1.0,1
0.3,uniform_heavy,1.0,4,0.5,smart,0.3,6,4000,5.0,3.329,1.671,33.42,2205,2205,0,1795,0.302,1.0,1
0.3,uniform_heavy,1.0,4,1.0,smart,0.3,0,4000,5.0,3.3943,1.6057,32.113,2111,2111,0,1889,0.2985,1.0,1
0.3,uniform_heavy,1.0,4,1.0,smart,0.3,1,4000,5.0,3.3673,1.6327,32.654,2150,2150,0,1850,0.2958,1.0,1
0.3,uniform_heavy,1.0,4,1.0,smart,0.3,2,4000,5.0,3.343,1.657,33.14,2171,2171,0,1829,0.2998,1.0,1
0.3,uniform_heavy,1.0,4,1.0,smart,0.3,3,4000,5.0,3.3798,1.6202,32.404,2128,2128,0,1872,0.2998,1.0,1
0.3,uniform_heavy,1.0,4,1.0,smart,0.3,4,4000,5.0,3.3293,1.6707,33.414,2205,2205,0,1795,0.3055,1.0,1
0.3,uniform_heavy,1.0,4,1.0,smart,0.3,5,4000,5.0,3.3453,1.6547,33.094,2182,2182,0,1818,0.2958,1.0,1
0.3,uniform_heavy,1.0,4,1.0,smart,0.3,6,4000,5.0,3.3192,1.6808,33.616,2206,2206,0,1794,0.312,1.0,1
0.3,uniform_heavy,1.0,4,2.0,smart,0.3,0,4000,5.0,3.3373,1.6627,33.254,2182,2182,0,1818,0.3222,1.0,1
0.3,uniform_heavy,1.0,4,2.0,smart,0.3,1,4000,5.0,3.3479,1.6521,33.041,2163,2163,0,1837,0.3103,1.0,1
0.3,uniform_heavy,1.0,4,2.0,smart,0.3,2,4000,5.0,3.3902,1.6098,32.195,2126,2126,0,1874,0.2838,1.0,1
0.3,uniform_heavy,1.0,4,2.0,smart,0.3,3,4000,5.0,3.3495,1.6505,33.01,2177,2177,0,1823,0.2998,1.0,1
0.3,uniform_heavy,1.0,4,2.0,smart,0.3,4,4000,5.0,3.3448,1.6552,33.104,2169,2169,0,1831,0.2905,1.0,1
0.3,uniform_heavy,1.0,4,2.0,smart,0.3,5,4000,5.0,3.3378,1.6622,33.244,2184,2184,0,1816,0.3075,1.0,1
0.3,uniform_heavy,1.0,4,2.0,smart,0.3,6,4000,5.0,3.3383,1.6617,33.233,2165,2165,0,1835,0.3013,1.0,1
0.3,uniform_heavy,1.0,8,0.5,smart,0.3,0,4000,9.0,5.6757,3.3243,36.937,2188,2188,0,1812,0.2978,1.0,1
0.3,uniform_heavy,1.0,8,0.5,smart,0.3,1,4000,9.0,5.6662,3.3338,37.042,2190,2190,0,1810,0.31,1.0,1
0.3,uniform_heavy,1.0,8,0.5,smart,0.3,2,4000,9.0,5.7071,3.2929,36.588,2161,2161,0,1839,0.3013,1.0,1
0.3,uniform_heavy,1.0,8,0.5,smart,0.3,3,4000,9.0,5.7597,3.2403,36.003,2136,2136,0,1864,0.293,1.0,1
0.3,uniform_heavy,1.0,8,0.5,smart,0.3,4,4000,9.0,5.7031,3.2969,36.632,2161,2161,0,1839,0.299,1.0,1
0.3,uniform_heavy,1.0,8,0.5,smart,0.3,5,4000,9.0,5.779,3.221,35.789,2112,2112,0,1888,0.2958,1.0,1
0.3,uniform_heavy,1.0,8,0.5,smart,0.3,6,4000,9.0,5.6966,3.3034,36.705,2163,2163,0,1837,0.2965,1.0,1
0.3,uniform_heavy,1.0,8,1.0,smart,0.3,0,4000,9.0,5.7236,3.2764,36.404,2142,2142,0,1858,0.3015,1.0,1
0.3,uniform_heavy,1.0,8,1.0,smart,0.3,1,4000,9.0,5.7747,3.2253,35.837,2126,2126,0,1874,0.2968,1.0,1
0.3,uniform_heavy,1.0,8,1.0,smart,0.3,2,4000,9.0,5.5567,3.4433,38.258,2261,2261,0,1739,0.3135,1.0,1
0.3,uniform_heavy,1.0,8,1.0,smart,0.3,3,4000,9.0,5.6039,3.3961,37.735,2223,2223,0,1777,0.3058,1.0,1
0.3,uniform_heavy,1.0,8,1.0,smart,0.3,4,4000,9.0,5.6618,3.3382,37.091,2201,2201,0,1799,0.2918,1.0,1
0.3,uniform_heavy,1.0,8,1.0,smart,0.3,5,4000,9.0,5.6527,3.3473,37.192,2189,2189,0,1811,0.3127,1.0,1
0.3,uniform_heavy,1.0,8,1.0,smart,0.3,6,4000,9.0,5.5616,3.4384,38.205,2252,2252,0,1748,0.3132,1.0,1
0.3,uniform_heavy,1.0,8,2.0,smart,0.3,0,4000,9.0,5.7096,3.2904,36.56,2164,2164,0,1836,0.2983,1.0,1
0.3,uniform_heavy,1.0,8,2.0,smart,0.3,1,4000,9.0,5.7441,3.2559,36.177,2132,2132,0,1868,0.293,1.0,1
0.3,uniform_heavy,1.0,8,2.0,smart,0.3,2,4000,9.0,5.7074,3.2926,36.584,2168,2168,0,1832,0.298,1.0,1
0.3,uniform_heavy,1.0,8,2.0,smart,0.3,3,4000,9.0,5.7124,3.2876,36.529,2160,2160,0,1840,0.3003,1.0,1
0.3,uniform_heavy,1.0,8,2.0,smart,0.3,4,4000,9.0,5.6721,3.3279,36.976,2201,2201,0,1799,0.3,1.0,1
0.3,uniform_heavy,1.0,8,2.0,smart,0.3,5,4000,9.0,5.6607,3.3393,37.103,2194,2194,0,1806,0.2898,1.0,1
0.3,uniform_heavy,1.0,8,2.0,smart,0.3,6,4000,9.0,5.6456,3.3544,37.272,2187,2187,0,1813,0.3045,1.0,1
0.3,tail_heavy,0.5,0.25,0.5,smart,0.3,0,4000,1.25,1.3574,-0.1074,-8.592,2038,853,1185,1962,0.3033,0.4185,0
0.3,tail_heavy,0.5,0.25,0.5,smart,0.3,1,4000,1.25,1.358,-0.108,-8.639,1983,809,1174,2017,0.3043,0.408,0
0.3,tail_heavy,0.5,0.25,0.5,smart,0.3,2,4000,1.25,1.3633,-0.1133,-9.064,2010,798,1212,1990,0.2943,0.397,0
0.3,tail_heavy,0.5,0.25,0.5,smart,0.3,3,4000,1.25,1.3569,-0.1069,-8.553,1986,818,1168,2014,0.293,0.4119,0
0.3,tail_heavy,0.5,0.25,0.5,smart,0.3,4,4000,1.25,1.3638,-0.1138,-9.1,2071,842,1229,1929,0.3005,0.4066,0
0.3,tail_heavy,0.5,0.25,0.5,smart,0.3,5,4000,1.25,1.3569,-0.1069,-8.552,2004,829,1175,1996,0.3045,0.4137,0
0.3,tail_heavy,0.5,0.25,0.5,smart,0.3,6,4000,1.25,1.3592,-0.1092,-8.739,2023,832,1191,1977,0.3118,0.4113,0
0.3,tail_heavy,0.5,0.25,1.0,smart,0.3,0,4000,1.25,1.5063,-0.2563,-20.504,1939,767,1172,2061,0.2873,0.3956,0
0.3,tail_heavy,0.5,0.25,1.0,smart,0.3,1,4000,1.25,1.5002,-0.2502,-20.016,2053,884,1169,1947,0.3033,0.4306,0
0.3,tail_heavy,0.5,0.25,1.0,smart,0.3,2,4000,1.25,1.5036,-0.2536,-20.285,2053,872,1181,1947,0.3063,0.4247,0
0.3,tail_heavy,0.5,0.25,1.0,smart,0.3,3,4000,1.25,1.5013,-0.2513,-20.101,1987,824,1163,2013,0.3093,0.4147,0
0.3,tail_heavy,0.5,0.25,1.0,smart,0.3,4,4000,1.25,1.504,-0.254,-20.318,2035,855,1180,1965,0.3063,0.4201,0
0.3,tail_heavy,0.5,0.25,1.0,smart,0.3,5,4000,1.25,1.5052,-0.2552,-20.417,2019,836,1183,1981,0.307,0.4141,0
0.3,tail_heavy,0.5,0.25,1.0,smart,0.3,6,4000,1.25,1.5095,-0.2595,-20.759,2007,812,1195,1993,0.2908,0.4046,0
0.3,tail_heavy,0.5,0.25,2.0,smart,0.3,0,4000,1.25,1.7887,-0.5387,-43.097,2000,842,1158,2000,0.2963,0.421,0
0.3,tail_heavy,0.5,0.25,2.0,smart,0.3,1,4000,1.25,1.773,-0.523,-41.84,2030,897,1133,1970,0.3003,0.4419,0
0.3,tail_heavy,0.5,0.25,2.0,smart,0.3,2,4000,1.25,1.7835,-0.5335,-42.683,1973,827,1146,2027,0.304,0.4192,0
0.3,tail_heavy,0.5,0.25,2.0,smart,0.3,3,4000,1.25,1.7951,-0.5451,-43.609,1987,819,1168,2013,0.3045,0.4122,0
0.3,tail_heavy,0.5,0.25,2.0,smart,0.3,4,4000,1.25,1.8128,-0.5628,-45.027,2010,807,1203,1990,0.3018,0.4015,0
0.3,tail_heavy,0.5,0.25,2.0,smart,0.3,5,4000,1.25,1.7997,-0.5497,-43.973,2005,827,1178,1995,0.2898,0.4125,0
0.3,tail_heavy,0.5,0.25,2.0,smart,0.3,6,4000,1.25,1.8199,-0.5699,-45.591,2037,818,1219,1963,0.2975,0.4016,0
0.3,tail_heavy,0.5,0.5,0.5,smart,0.3,0,4000,1.5,1.5704,-0.0704,-4.695,2006,817,1189,1994,0.2928,0.4073,0
0.3,tail_heavy,0.5,0.5,0.5,smart,0.3,1,4000,1.5,1.5765,-0.0765,-5.098,2002,784,1218,1998,0.286,0.3916,0
0.3,tail_heavy,0.5,0.5,0.5,smart,0.3,2,4000,1.5,1.5713,-0.0713,-4.754,1990,801,1189,2010,0.29,0.4025,0
0.3,tail_heavy,0.5,0.5,0.5,smart,0.3,3,4000,1.5,1.5744,-0.0744,-4.962,2028,812,1216,1972,0.2838,0.4004,0
0.3,tail_heavy,0.5,0.5,0.5,smart,0.3,4,4000,1.5,1.5603,-0.0603,-4.022,1950,835,1115,2050,0.309,0.4282,0
0.3,tail_heavy,0.5,0.5,0.5,smart,0.3,5,4000,1.5,1.5731,-0.0731,-4.874,1944,771,1173,2056,0.2925,0.3966,0
0.3,tail_heavy,0.5,0.5,0.5,smart,0.3,6,4000,1.5,1.5694,-0.0694,-4.626,2030,832,1198,1970,0.3098,0.4099,0
0.3,tail_heavy,0.5,0.5,1.0,smart,0.3,0,4000,1.5,1.734,-0.234,-15.598,2006,774,1232,1994,0.2858,0.3858,0
0.3,tail_heavy,0.5,0.5,1.0,smart,0.3,1,4000,1.5,1.7073,-0.2073,-13.821,2013,858,1155,1987,0.3048,0.4262,0
0.3,tail_heavy,0.5,0.5,1.0,smart,0.3,2,4000,1.5,1.7255,-0.2255,-15.031,2022,811,1211,1978,0.2903,0.4011,0
0.3,tail_heavy,0.5,0.5,1.0,smart,0.3,3,4000,1.5,1.7193,-0.2193,-14.622,1987,802,1185,2013,0.3053,0.4036,0
0.3,tail_heavy,0.5,0.5,1.0,smart,0.3,4,4000,1.5,1.7085,-0.2085,-13.903,1940,802,1138,2060,0.3008,0.4134,0
0.3,tail_heavy,0.5,0.5,1.0,smart,0.3,5,4000,1.5,1.7069,-0.2069,-13.79,2000,847,1153,2000,0.304,0.4235,0
0.3,tail_heavy,0.5,0.5,1.0,smart,0.3,6,4000,1.5,1.716,-0.216,-14.4,2028,843,1185,1972,0.3068,0.4157,0
0.3,tail_heavy,0.5,0.5,2.0,smart,0.3,0,4000,1.5,2.0113,-0.5113,-34.085,2030,847,1183,1970,0.308,0.4172,0
0.3,tail_heavy,0.5,0.5,2.0,smart,0.3,1,4000,1.5,2.01,-0.51,-33.998,1998,820,1178,2002,0.2935,0.4104,0
0.3,tail_heavy,0.5,0.5,2.0,smart,0.3,2,4000,1.5,2.0021,-0.5021,-33.471,1974,814,1160,2026,0.3005,0.4124,0
0.3,tail_heavy,0.5,0.5,2.0,smart,0.3,3,4000,1.5,2.025,-0.525,-35.002,2020,814,1206,1980,0.2953,0.403,0
0.3,tail_heavy,0.5,0.5,2.0,smart,0.3,4,4000,1.5,2.0045,-0.5045,-33.63,1945,785,1160,2055,0.2995,0.4036,0
0.3,tail_heavy,0.5,0.5,2.0,smart,0.3,5,4000,1.5,2.0015,-0.5015,-33.436,2006,841,1165,1994,0.3137,0.4192,0
0.3,tail_heavy,0.5,0.5,2.0,smart,0.3,6,4000,1.5,2.0259,-0.5259,-35.063,2016,809,1207,1984,0.293,0.4013,0
0.3,tail_heavy,0.5,1,0.5,smart,0.3,0,4000,2.0,1.9911,0.0089,0.445,1978,807,1171,2022,0.2915,0.408,1
0.3,tail_heavy,0.5,1,0.5,smart,0.3,1,4000,2.0,1.9897,0.0103,0.513,2002,821,1181,1998,0.3005,0.4101,1
0.3,tail_heavy,0.5,1,0.5,smart,0.3,2,4000,2.0,1.9869,0.0131,0.657,2008,838,1170,1992,0.2965,0.4173,1
0.3,tail_heavy,0.5,1,0.5,smart,0.3,3,4000,2.0,1.9888,0.0112,0.561,2002,828,1174,1998,0.3083,0.4136,1
0.3,tail_heavy,0.5,1,0.5,smart,0.3,4,4000,2.0,1.9926,0.0074,0.369,1980,804,1176,2020,0.2918,0.4061,1
0.3,tail_heavy,0.5,1,0.5,smart,0.3,5,4000,2.0,1.9905,0.0095,0.476,2020,828,1192,1980,0.2968,0.4099,1
0.3,tail_heavy,0.5,1,0.5,smart,0.3,6,4000,2.0,1.9758,0.0242,1.208,1998,868,1130,2002,0.3088,0.4344,1
0.3,tail_heavy,0.5,1,1.0,smart,0.3,0,4000,2.0,2.1477,-0.1477,-7.387,1988,791,1197,2012,0.3025,0.3979,0
0.3,tail_heavy,0.5,1,1.0,smart,0.3,1,4000,2.0,2.1439,-0.1439,-7.194,2042,830,1212,1958,0.2938,0.4065,0
0.3,tail_heavy,0.5,1,1.0,smart,0.3,2,4000,2.0,2.1349,-0.1349,-6.744,1967,808,1159,2033,0.304,0.4108,0
0.3,tail_heavy,0.5,1,1.0,smart,0.3,3,4000,2.0,2.1167,-0.1167,-5.837,2023,878,1145,1977,0.3175,0.434,0
0.3,tail_heavy,0.5,1,1.0,smart,0.3,4,4000,2.0,2.1238,-0.1238,-6.189,1981,841,1140,2019,0.2985,0.4245,0
0.3,tail_heavy,0.5,1,1.0,smart,0.3,5,4000,2.0,2.129,-0.129,-6.452,2043,865,1178,1957,0.3068,0.4234,0
0.3,tail_heavy,0.5,1,1.0,smart,0.3,6,4000,2.0,2.1403,-0.1403,-7.016,1989,807,1182,2011,0.2955,0.4057,0
0.3,tail_heavy,0.5,1,2.0,smart,0.3,0,4000,2.0,2.4445,-0.4445,-22.225,2034,827,1207,1966,0.2938,0.4066,0
0.3,tail_heavy,0.5,1,2.0,smart,0.3,1,4000,2.0,2.449,-0.449,-22.451,2061,841,1220,1939,0.3068,0.4081,0
0.3,tail_heavy,0.5,1,2.0,smart,0.3,2,4000,2.0,2.4253,-0.4253,-21.263,2029,852,1177,1971,0.2985,0.4199,0
0.3,tail_heavy,0.5,1,2.0,smart,0.3,3,4000,2.0,2.4086,-0.4086,-20.431,1961,825,1136,2039,0.3132,0.4207,0
0.3,tail_heavy,0.5,1,2.0,smart,0.3,4,4000,2.0,2.4235,-0.4235,-21.174,2007,840,1167,1993,0.2978,0.4185,0
0.3,tail_heavy,0.5,1,2.0,smart,0.3,5,4000,2.0,2.4267,-0.4267,-21.334,1960,800,1160,2040,0.292,0.4082,0
0.3,tail_heavy,0.5,1,2.0,smart,0.3,6,4000,2.0,2.4291,-0.4291,-21.453,2037,852,1185,1963,0.3018,0.4183,0
0.3,tail_heavy,0.5,2,0.5,smart,0.3,0,4000,3.0,2.8657,0.1343,4.476,1975,754,1221,2025,0.2875,0.3818,1
0.3,tail_heavy,0.5,2,0.5,smart,0.3,1,4000,3.0,2.8532,0.1468,4.894,1984,779,1205,2016,0.2983,0.3926,1
0.3,tail_heavy,0.5,2,0.5,smart,0.3,2,4000,3.0,2.832,0.168,5.601,1980,813,1167,2020,0.2983,0.4106,1
0.3,tail_heavy,0.5,2,0.5,smart,0.3,3,4000,3.0,2.8234,0.1766,5.886,2057,852,1205,1943,0.2985,0.4142,1
0.3,tail_heavy,0.5,2,0.5,smart,0.3,4,4000,3.0,2.8468,0.1532,5.106,2001,791,1210,1999,0.3015,0.3953,1
0.3,tail_heavy,0.5,2,0.5,smart,0.3,5,4000,3.0,2.8285,0.1715,5.716,1975,823,1152,2025,0.305,0.4167,1
0.3,tail_heavy,0.5,2,0.5,smart,0.3,6,4000,3.0,2.8035,0.1965,6.552,1977,870,1107,2023,0.3165,0.4401,1
0.3,tail_heavy,0.5,2,1.0,smart,0.3,0,4000,3.0,2.978,0.022,0.734,1986,815,1171,2014,0.307,0.4104,1
0.3,tail_heavy,0.5,2,1.0,smart,0.3,1,4000,3.0,2.9775,0.0225,0.749,1986,812,1174,2014,0.2973,0.4089,1
0.3,tail_heavy,0.5,2,1.0,smart,0.3,2,4000,3.0,2.9629,0.0371,1.236,2020,851,1169,1980,0.3015,0.4213,1
0.3,tail_heavy,0.5,2,1.0,smart,0.3,3,4000,3.0,2.9766,0.0234,0.781,2045,843,1202,1955,0.3058,0.4122,1
0.3,tail_heavy,0.5,2,1.0,smart,0.3,4,4000,3.0,3.0127,-0.0127,-0.423,1999,766,1233,2001,0.2815,0.3832,0
0.3,tail_heavy,0.5,2,1.0,smart,0.3,5,4000,3.0,2.9506,0.0494,1.648,2019,875,1144,1981,0.3,0.4334,1
0.3,tail_heavy,0.5,2,1.0,smart,0.3,6,4000,3.0,2.9579,0.0421,1.404,2025,867,1158,1975,0.3045,0.4281,1
0.3,tail_heavy,0.5,2,2.0,smart,0.3,0,4000,3.0,3.2995,-0.2995,-9.982,2043,822,1221,1957,0.2915,0.4023,0
0.3,tail_heavy,0.5,2,2.0,smart,0.3,1,4000,3.0,3.288,-0.288,-9.601,2003,807,1196,1997,0.2908,0.4029,0
0.3,tail_heavy,0.5,2,2.0,smart,0.3,2,4000,3.0,3.2686,-0.2686,-8.953,2000,827,1173,2000,0.301,0.4135,0
0.3,tail_heavy,0.5,2,2.0,smart,0.3,3,4000,3.0,3.2884,-0.2884,-9.615,1985,795,1190,2015,0.2973,0.4005,0
0.3,tail_heavy,0.5,2,2.0,smart,0.3,4,4000,3.0,3.2651,-0.2651,-8.836,2013,836,1177,1987,0.2915,0.4153,0
0.3,tail_heavy,0.5,2,2.0,smart,0.3,5,4000,3.0,3.2675,-0.2675,-8.917,1930,789,1141,2070,0.3068,0.4088,0
0.3,tail_heavy,0.5,2,2.0,smart,0.3,6,4000,3.0,3.2687,-0.2687,-8.958,2012,835,1177,1988,0.2883,0.415,0
0.3,tail_heavy,0.5,4,0.5,smart,0.3,0,4000,5.0,4.4927,0.5073,10.146,1981,849,1132,2019,0.3,0.4286,1
0.3,tail_heavy,0.5,4,0.5,smart,0.3,1,4000,5.0,4.5087,0.4913,9.825,1966,826,1140,2034,0.3038,0.4201,1
0.3,tail_heavy,0.5,4,0.5,smart,0.3,2,4000,5.0,4.5044,0.4956,9.913,1983,835,1148,2017,0.3045,0.4211,1
0.3,tail_heavy,0.5,4,0.5,smart,0.3,3,4000,5.0,4.5143,0.4857,9.714,2030,829,1201,1970,0.302,0.4084,1
0.3,tail_heavy,0.5,4,0.5,smart,0.3,4,4000,5.0,4.5299,0.4701,9.403,2029,813,1216,1971,0.29,0.4007,1
0.3,tail_heavy,0.5,4,0.5,smart,0.3,5,4000,5.0,4.5213,0.4787,9.575,2012,821,1191,1988,0.312,0.4081,1
0.3,tail_heavy,0.5,4,0.5,smart,0.3,6,4000,5.0,4.517,0.483,9.659,2038,825,1213,1962,0.309,0.4048,1
0.3,tail_heavy,0.5,4,1.0,smart,0.3,0,4000,5.0,4.6312,0.3688,7.377,2017,856,1161,1983,0.309,0.4244,1
0.3,tail_heavy,0.5,4,1.0,smart,0.3,1,4000,5.0,4.6414,0.3586,7.172,2003,847,1156,1997,0.2963,0.4229,1
0.3,tail_heavy,0.5,4,1.0,smart,0.3,2,4000,5.0,4.6511,0.3489,6.979,1996,836,1160,2004,0.3043,0.4188,1
0.3,tail_heavy,0.5,4,1.0,smart,0.3,3,4000,5.0,4.6774,0.3226,6.453,1995,805,1190,2005,0.3008,0.4035,1
0.3,tail_heavy,0.5,4,1.0,smart,0.3,4,4000,5.0,4.6576,0.3424,6.849,2082,852,1230,1918,0.2973,0.4092,1
0.3,tail_heavy,0.5,4,1.0,smart,0.3,5,4000,5.0,4.6453,0.3547,7.095,1982,835,1147,2018,0.3063,0.4213,1
0.3,tail_heavy,0.5,4,1.0,smart,0.3,6,4000,5.0,4.6245,0.3755,7.509,2003,863,1140,1997,0.3108,0.4309,1
0.3,tail_heavy,0.5,4,2.0,smart,0.3,0,4000,5.0,4.95,0.05,1.001,1970,815,1155,2030,0.296,0.4137,1
0.3,tail_heavy,0.5,4,2.0,smart,0.3,1,4000,5.0,4.9783,0.0217,0.433,2041,825,1216,1959,0.292,0.4042,1
0.3,tail_heavy,0.5,4,2.0,smart,0.3,2,4000,5.0,4.9399,0.0601,1.202,2035,846,1189,1965,0.309,0.4157,1
0.3,tail_heavy,0.5,4,2.0,smart,0.3,3,4000,5.0,4.9724,0.0276,0.552,1954,789,1165,2046,0.2943,0.4038,1
0.3,tail_heavy,0.5,4,2.0,smart,0.3,4,4000,5.0,4.9173,0.0827,1.655,1931,828,1103,2069,0.3023,0.4288,1
0.3,tail_heavy,0.5,4,2.0,smart,0.3,5,4000,5.0,4.9025,0.0975,1.951,2001,863,1138,1999,0.3053,0.4313,1
0.3,tail_heavy,0.5,4,2.0,smart,0.3,6,4000,5.0,4.9939,0.0061,0.122,2078,822,1256,1922,0.2888,0.3956,1
0.3,tail_heavy,0.5,8,0.5,smart,0.3,0,4000,9.0,7.8981,1.1019,12.243,2092,824,1268,1908,0.2913,0.3939,1
0.3,tail_heavy,0.5,8,0.5,smart,0.3,1,4000,9.0,7.8589,1.1411,12.679,2060,843,1217,1940,0.3063,0.4092,1
0.3,tail_heavy,0.5,8,0.5,smart,0.3,2,4000,9.0,7.8243,1.1757,13.063,2047,875,1172,1953,0.305,0.4275,1
0.3,tail_heavy,0.5,8,0.5,smart,0.3,3,4000,9.0,7.8806,1.1194,12.437,1966,822,1144,2034,0.3023,0.4181,1
0.3,tail_heavy,0.5,8,0.5,smart,0.3,4,4000,9.0,7.8703,1.1297,12.552,1992,832,1160,2008,0.303,0.4177,1
0.3,tail_heavy,0.5,8,0.5,smart,0.3,5,4000,9.0,7.8899,1.1101,12.335,2002,824,1178,1998,0.309,0.4116,1
0.3,tail_heavy,0.5,8,0.5,smart,0.3,6,4000,9.0,7.8763,1.1237,12.485,1980,826,1154,2020,0.3085,0.4172,1
0.3,tail_heavy,0.5,8,1.0,smart,0.3,0,4000,9.0,8.0576,0.9424,10.471,2021,820,1201,1979,0.2848,0.4057,1
0.3,tail_heavy,0.5,8,1.0,smart,0.3,1,4000,9.0,8.0542,0.9458,10.509,2029,812,1217,1971,0.3035,0.4002,1
0.3,tail_heavy,0.5,8,1.0,smart,0.3,2,4000,9.0,8.038,0.962,10.689,2008,824,1184,1992,0.2985,0.4104,1
0.3,tail_heavy,0.5,8,1.0,smart,0.3,3,4000,9.0,8.0062,0.9938,11.042,2016,834,1182,1984,0.2993,0.4137,1
0.3,tail_heavy,0.5,8,1.0,smart,0.3,4,4000,9.0,7.9895,1.0105,11.228,2018,846,1172,1982,0.2995,0.4192,1
0.3,tail_heavy,0.5,8,1.0,smart,0.3,5,4000,9.0,8.0644,0.9356,10.395,1946,795,1151,2054,0.2928,0.4085,1
0.3,tail_heavy,0.5,8,1.0,smart,0.3,6,4000,9.0,8.0527,0.9473,10.526,1995,809,1186,2005,0.3093,0.4055,1
0.3,tail_heavy,0.5,8,2.0,smart,0.3,0,4000,9.0,8.3058,0.6942,7.713,1997,829,1168,2003,0.3018,0.4151,1
0.3,tail_heavy,0.5,8,2.0,smart,0.3,1,4000,9.0,8.3086,0.6914,7.682,2010,836,1174,1990,0.2958,0.4159,1
0.3,tail_heavy,0.5,8,2.0,smart,0.3,2,4000,9.0,8.223,0.777,8.633,2028,882,1146,1972,0.3123,0.4349,1
0.3,tail_heavy,0.5,8,2.0,smart,0.3,3,4000,9.0,8.2877,0.7123,7.915,1985,836,1149,2015,0.3088,0.4212,1
0.3,tail_heavy,0.5,8,2.0,smart,0.3,4,4000,9.0,8.3603,0.6397,7.108,1984,804,1180,2016,0.2913,0.4052,1
0.3,tail_heavy,0.5,8,2.0,smart,0.3,5,4000,9.0,8.2939,0.7061,7.846,1998,839,1159,2002,0.3088,0.4199,1
0.3,tail_heavy,0.5,8,2.0,smart,0.3,6,4000,9.0,8.3289,0.6711,7.456,1943,807,1136,2057,0.2885,0.4153,1
0.3,tail_heavy,0.6,0.25,0.5,smart,0.3,0,4000,1.25,1.3157,-0.0657,-5.253,1902,997,905,2098,0.3053,0.5242,0
0.3,tail_heavy,0.6,0.25,0.5,smart,0.3,1,4000,1.25,1.3181,-0.0681,-5.444,1918,992,926,2082,0.3053,0.5172,0
0.3,tail_heavy,0.6,0.25,0.5,smart,0.3,2,4000,1.25,1.3199,-0.0699,-5.592,1926,987,939,2074,0.3048,0.5125,0
0.3,tail_heavy,0.6,0.25,0.5,smart,0.3,3,4000,1.25,1.323,-0.073,-5.844,1946,983,963,2054,0.2958,0.5051,0
0.3,tail_heavy,0.6,0.25,0.5,smart,0.3,4,4000,1.25,1.3248,-0.0748,-5.984,1985,1000,985,2015,0.307,0.5038,0
0.3,tail_heavy,0.6,0.25,0.5,smart,0.3,5,4000,1.25,1.3148,-0.0648,-5.185,1939,1026,913,2061,0.3108,0.5291,0
0.3,tail_heavy,0.6,0.25,0.5,smart,0.3,6,4000,1.25,1.3209,-0.0709,-5.671,1919,977,942,2081,0.2993,0.5091,0
0.3,tail_heavy,0.6,0.25,1.0,smart,0.3,0,4000,1.25,1.4324,-0.1824,-14.593,1879,963,916,2121,0.303,0.5125,0
0.3,tail_heavy,0.6,0.25,1.0,smart,0.3,1,4000,1.25,1.4386,-0.1886,-15.087,1927,983,944,2073,0.2945,0.5101,0
0.3,tail_heavy,0.6,0.25,1.0,smart,0.3,2,4000,1.25,1.4327,-0.1827,-14.617,1960,1032,928,2040,0.2968,0.5265,0
0.3,tail_heavy,0.6,0.25,1.0,smart,0.3,3,4000,1.25,1.4354,-0.1854,-14.833,1892,965,927,2108,0.298,0.51,0
0.3,tail_heavy,0.6,0.25,1.0,smart,0.3,4,4000,1.25,1.4397,-0.1897,-15.172,1962,1011,951,2038,0.301,0.5153,0
0.3,tail_heavy,0.6,0.25,1.0,smart,0.3,5,4000,1.25,1.4354,-0.1854,-14.832,1877,953,924,2123,0.3015,0.5077,0
0.3,tail_heavy,0.6,0.25,1.0,smart,0.3,6,4000,1.25,1.4315,-0.1815,-14.52,1905,989,916,2095,0.2985,0.5192,0
0.3,tail_heavy,0.6,0.25,2.0,smart,0.3,0,4000,1.25,1.679,-0.429,-34.319,1916,966,950,2084,0.293,0.5042,0
0.3,tail_heavy,0.6,0.25,2.0,smart,0.3,1,4000,1.25,1.6678,-0.4178,-33.421,1915,985,930,2085,0.3043,0.5144,0
0.3,tail_heavy,0.6,0.25,2.0,smart,0.3,2,4000,1.25,1.6544,-0.4044,-32.35,1940,1032,908,2060,0.2985,0.532,0
0.3,tail_heavy,0.6,0.25,2.0,smart,0.3,3,4000,1.25,1.6675,-0.4175,-33.4,1899,970,929,2101,0.29,0.5108,0
0.3,tail_heavy,0.6,0.25,2.0,smart,0.3,4,4000,1.25,1.6647,-0.4147,-33.174,1903,980,923,2097,0.2935,0.515,0
0.3,tail_heavy,0.6,0.25,2.0,smart,0.3,5,4000,1.25,1.6736,-0.4236,-33.887,1967,1022,945,2033,0.3095,0.5196,0
0.3,tail_heavy,0.6,0.25,2.0,smart,0.3,6,4000,1.25,1.6864,-0.4364,-34.915,1943,975,968,2057,0.294,0.5018,0
0.3,tail_heavy,0.6,0.5,0.5,smart,0.3,0,4000,1.5,1.5222,-0.0222,-1.48,1972,1012,960,2028,0.3068,0.5132,0
0.3,tail_heavy,0.6,0.5,0.5,smart,0.3,1,4000,1.5,1.5157,-0.0157,-1.045,1879,993,886,2121,0.2975,0.5285,0
0.3,tail_heavy,0.6,0.5,0.5,smart,0.3,2,4000,1.5,1.5224,-0.0224,-1.492,1926,983,943,2074,0.3068,0.5104,0
0.3,tail_heavy,0.6,0.5,0.5,smart,0.3,3,4000,1.5,1.5326,-0.0326,-2.176,1991,978,1013,2009,0.2945,0.4912,0
0.3,tail_heavy,0.6,0.5,0.5,smart,0.3,4,4000,1.5,1.5271,-0.0271,-1.808,1928,963,965,2072,0.2955,0.4995,0
0.3,tail_heavy,0.6,0.5,0.5,smart,0.3,5,4000,1.5,1.5244,-0.0244,-1.627,1886,957,929,2114,0.2928,0.5074,0
0.3,tail_heavy,0.6,0.5,0.5,smart,0.3,6,4000,1.5,1.5265,-0.0265,-1.764,1935,974,961,2065,0.3005,0.5034,0
0.3,tail_heavy,0.6,0.5,1.0,smart,0.3,0,4000,1.5,1.6384,-0.1384,-9.226,1878,956,922,2122,0.302,0.5091,0
0.3,tail_heavy,0.6,0.5,1.0,smart,0.3,1,4000,1.5,1.6447,-0.1447,-9.646,1880,942,938,2120,0.3003,0.5011,0
0.3,tail_heavy,0.6,0.5,1.0,smart,0.3,2,4000,1.5,1.624,-0.124,-8.268,1894,1012,882,2106,0.2995,0.5343,0
0.3,tail_heavy,0.6,0.5,1.0,smart,0.3,3,4000,1.5,1.6332,-0.1332,-8.877,1906,991,915,2094,0.3008,0.5199,0
0.3,tail_heavy,0.6,0.5,1.0,smart,0.3,4,4000,1.5,1.6364,-0.1364,-9.094,1959,1020,939,2041,0.2998,0.5207,0
0.3,tail_heavy,0.6,0.5,1.0,smart,0.3,5,4000,1.5,1.6375,-0.1375,-9.166,1892,968,924,2108,0.3075,0.5116,0
0.3,tail_heavy,0.6,0.5,1.0,smart,0.3,6,4000,1.5,1.6453,-0.1453,-9.685,1883,942,941,2117,0.2933,0.5003,0
0.3,tail_heavy,0.6,0.5,2.0,smart,0.3,0,4000,1.5,1.8774,-0.3774,-25.158,1972,1022,950,2028,0.3043,0.5183,0
0.3,tail_heavy,0.6,0.5,2.0,smart,0.3,1,4000,1.5,1.8716,-0.3716,-24.771,1901,972,929,2099,0.304,0.5113,0
0.3,tail_heavy,0.6,0.5,2.0,smart,0.3,2,4000,1.5,1.9117,-0.4117,-27.445,1978,969,1009,2022,0.2898,0.4899,0
0.3,tail_heavy,0.6,0.5,2.0,smart,0.3,3,4000,1.5,1.869,-0.369,-24.598,1918,992,926,2082,0.2943,0.5172,0
0.3,tail_heavy,0.6,0.5,2.0,smart,0.3,4,4000,1.5,1.8806,-0.3806,-25.374,1953,1000,953,2047,0.3063,0.512,0
0.3,tail_heavy,0.6,0.5,2.0,smart,0.3,5,4000,1.5,1.8695,-0.3695,-24.636,1902,975,927,2098,0.3038,0.5126,0
0.3,tail_heavy,0.6,0.5,2.0,smart,0.3,6,4000,1.5,1.8879,-0.3879,-25.862,1941,978,963,2059,0.2925,0.5039,0
0.3,tail_heavy,0.6,1,0.5,smart,0.3,0,4000,2.0,1.919,0.081,4.049,1987,1036,951,2013,0.3025,0.5214,1
0.3,tail_heavy,0.6,1,0.5,smart,0.3,1,4000,2.0,1.9388,0.0612,3.058,1983,971,1012,2017,0.3035,0.4897,1
0.3,tail_heavy,0.6,1,0.5,smart,0.3,2,4000,2.0,1.9285,0.0715,3.575,1921,982,939,2079,0.299,0.5112,1
0.3,tail_heavy,0.6,1,0.5,smart,0.3,3,4000,2.0,1.9323,0.0677,3.384,1931,977,954,2069,0.2873,0.506,1
0.3,tail_heavy,0.6,1,0.5,smart,0.3,4,4000,2.0,1.9223,0.0777,3.885,1894,991,903,2106,0.3065,0.5232,1
0.3,tail_heavy,0.6,1,0.5,smart,0.3,5,4000,2.0,1.9349,0.0651,3.254,1938,971,967,2062,0.2843,0.501,1
0.3,tail_heavy,0.6,1,0.5,smart,0.3,6,4000,2.0,1.9259,0.0741,3.706,1926,996,930,2074,0.2925,0.5171,1
0.3,tail_heavy,0.6,1,1.0,smart,0.3,0,4000,2.0,2.0468,-0.0468,-2.341,1881,958,923,2119,0.293,0.5093,0
0.3,tail_heavy,0.6,1,1.0,smart,0.3,1,4000,2.0,2.045,-0.045,-2.25,1937,994,943,2063,0.2938,0.5132,0
0.3,tail_heavy,0.6,1,1.0,smart,0.3,2,4000,2.0,2.0578,-0.0578,-2.888,1948,974,974,2052,0.2908,0.5,0
0.3,tail_heavy,0.6,1,1.0,smart,0.3,3,4000,2.0,2.0506,-0.0506,-2.528,1918,968,950,2082,0.2935,0.5047,0
0.3,tail_heavy,0.6,1,1.0,smart,0.3,4,4000,2.0,2.0489,-0.0489,-2.443,1925,981,944,2075,0.293,0.5096,0
0.3,tail_heavy,0.6,1,1.0,smart,0.3,5,4000,2.0,2.0287,-0.0287,-1.436,1933,1029,904,2067,0.309,0.5323,0
0.3,tail_heavy,0.6,1,1.0,smart,0.3,6,4000,2.0,2.0437,-0.0437,-2.185,1913,983,930,2087,0.31,0.5139,0
0.3,tail_heavy,0.6,1,2.0,smart,0.3,0,4000,2.0,2.2953,-0.2953,-14.767,1927,968,959,2073,0.292,0.5023,0
0.3,tail_heavy,0.6,1,2.0,smart,0.3,1,4000,2.0,2.2718,-0.2718,-13.59,1892,975,917,2108,0.2965,0.5153,0
0.3,tail_heavy,0.6,1,2.0,smart,0.3,2,4000,2.0,2.2787,-0.2787,-13.934,1939,1002,937,2061,0.3098,0.5168,0
0.3,tail_heavy,0.6,1,2.0,smart,0.3,3,4000,2.0,2.2545,-0.2545,-12.726,1968,1056,912,2032,0.3038,0.5366,0
0.3,tail_heavy,0.6,1,2.0,smart,0.3,4,4000,2.0,2.2919,-0.2919,-14.596,1989,1016,973,2011,0.3005,0.5108,0
0.3,tail_heavy,0.6,1,2.0,smart,0.3,5,4000,2.0,2.3099,-0.3099,-15.497,1965,976,989,2035,0.29,0.4967,0
0.3,tail_heavy,0.6,1,2.0,smart,0.3,6,4000,2.0,2.2457,-0.2457,-12.285,1882,1006,876,2118,0.306,0.5345,0
0.3,tail_heavy,0.6,2,0.5,smart,0.3,0,4000,3.0,2.7459,0.2541,8.471,1962,981,981,2038,0.2908,0.5,1
0.3,tail_heavy,0.6,2,0.5,smart,0.3,1,4000,3.0,2.7263,0.2737,9.124,1960,1020,940,2040,0.3125,0.5204,1
0.3,tail_heavy,0.6,2,0.5,smart,0.3,2,4000,3.0,2.7435,0.2565,8.55,1937,984,953,2063,0.2905,0.508,1
0.3,tail_heavy,0.6,2,0.5,smart,0.3,3,4000,3.0,2.7404,0.2596,8.652,1912,978,934,2088,0.2993,0.5115,1
0.3,tail_heavy,0.6,2,0.5,smart,0.3,4,4000,3.0,2.7661,0.2339,7.795,1936,937,999,2064,0.3005,0.484,1
0.3,tail_heavy,0.6,2,0.5,smart,0.3,5,4000,3.0,2.7769,0.2231,7.436,1874,900,974,2126,0.2807,0.4803,1
0.3,tail_heavy,0.6,2,0.5,smart,0.3,6,4000,3.0,2.7552,0.2448,8.16,1878,944,934,2122,0.2938,0.5027,1
0.3,tail_heavy,0.6,2,1.0,smart,0.3,0,4000,3.0,2.8642,0.1358,4.528,1920,970,950,2080,0.2973,0.5052,1
0.3,tail_heavy,0.6,2,1.0,smart,0.3,1,4000,3.0,2.8503,0.1497,4.991,1948,1003,945,2052,0.295,0.5149,1
0.3,tail_heavy,0.6,2,1.0,smart,0.3,2,4000,3.0,2.8429,0.1571,5.238,1896,997,899,2104,0.3018,0.5258,1
0.3,tail_heavy,0.6,2,1.0,smart,0.3,3,4000,3.0,2.8286,0.1714,5.713,1897,1010,887,2103,0.3073,0.5324,1
0.3,tail_heavy,0.6,2,1.0,smart,0.3,4,4000,3.0,2.8688,0.1312,4.373,1899,956,943,2101,0.309,0.5034,1
0.3,tail_heavy,0.6,2,1.0,smart,0.3,5,4000,3.0,2.8466,0.1534,5.114,2006,1031,975,1994,0.2965,0.514,1
0.3,tail_heavy,0.6,2,1.0,smart,0.3,6,4000,3.0,2.8278,0.1722,5.739,1903,1021,882,2097,0.3038,0.5365,1
0.3,tail_heavy,0.6,2,2.0,smart,0.3,0,4000,3.0,3.1439,-0.1439,-4.797,1910,914,996,2090,0.2888,0.4785,0
0.3,tail_heavy,0.6,2,2.0,smart,0.3,1,4000,3.0,3.0705,-0.0705,-2.348,1957,1025,932,2043,0.3098,0.5238,0
0.3,tail_heavy,0.6,2,2.0,smart,0.3,2,4000,3.0,3.0692,-0.0692,-2.308,1960,1035,925,2040,0.304,0.5281,0
0.3,tail_heavy,0.6,2,2.0,smart,0.3,3,4000,3.0,3.091,-0.091,-3.035,1913,979,934,2087,0.2888,0.5118,0
0.3,tail_heavy,0.6,2,2.0,smart,0.3,4,4000,3.0,3.1142,-0.1142,-3.806,1987,998,989,2013,0.2978,0.5023,0
0.3,tail_heavy,0.6,2,2.0,smart,0.3,5,4000,3.0,3.0897,-0.0897,-2.988,1938,997,941,2062,0.2938,0.5144,0
0.3,tail_heavy,0.6,2,2.0,smart,0.3,6,4000,3.0,3.0942,-0.0942,-3.14,1990,1023,967,2010,0.298,0.5141,0
0.3,tail_heavy,0.6,4,0.5,smart,0.3,0,4000,5.0,4.3416,0.6584,13.169,1961,1003,958,2039,0.2995,0.5115,1
0.3,tail_heavy,0.6,4,0.5,smart,0.3,1,4000,5.0,4.3642,0.6358,12.716,1918,976,942,2082,0.2908,0.5089,1
0.3,tail_heavy,0.6,4,0.5,smart,0.3,2,4000,5.0,4.3507,0.6493,12.985,1927,1002,925,2073,0.3038,0.52,1
0.3,tail_heavy,0.6,4,0.5,smart,0.3,3,4000,5.0,4.338,0.662,13.24,1944,1016,928,2056,0.2975,0.5226,1
0.3,tail_heavy,0.6,4,0.5,smart,0.3,4,4000,5.0,4.3484,0.6516,13.032,1958,1009,949,2042,0.2968,0.5153,1
0.3,tail_heavy,0.6,4,0.5,smart,0.3,5,4000,5.0,4.3437,0.6563,13.127,1940,1006,934,2060,0.2925,0.5186,1
0.3,tail_heavy,0.6,4,0.5,smart,0.3,6,4000,5.0,4.3744,0.6256,12.511,1944,974,970,2056,0.2923,0.501,1
0.3,tail_heavy,0.6,4,1.0,smart,0.3,0,4000,5.0,4.4483,0.5517,11.034,1939,1018,921,2061,0.2958,0.525,1
0.3,tail_heavy,0.6,4,1.0,smart,0.3,1,4000,5.0,4.4717,0.5283,10.565,1939,992,947,2061,0.3015,0.5116,1
0.3,tail_heavy,0.6,4,1.0,smart,0.3,2,4000,5.0,4.4607,0.5393,10.785,1941,1004,937,2059,0.295,0.5173,1
0.3,tail_heavy,0.6,4,1.0,smart,0.3,3,4000,5.0,4.4889,0.5111,10.223,1942,976,966,2058,0.3023,0.5026,1
0.3,tail_heavy,0.6,4,1.0,smart,0.3,4,4000,5.0,4.4751,0.5249,10.498,1928,997,931,2072,0.3098,0.5171,1
0.3,tail_heavy,0.6,4,1.0,smart,0.3,5,4000,5.0,4.4876,0.5124,10.247,1904,977,927,2096,0.2815,0.5131,1
0.3,tail_heavy,0.6,4,1.0,smart,0.3,6,4000,5.0,4.462,0.538,10.759,1890,992,898,2110,0.3005,0.5249,1
0.3,tail_heavy,0.6,4,2.0,smart,0.3,0,4000,5.0,4.7493,0.2507,5.013,1927,962,965,2073,0.3073,0.4992,1
0.3,tail_heavy,0.6,4,2.0,smart,0.3,1,4000,5.0,4.7279,0.2721,5.441,1888,966,922,2112,0.2878,0.5117,1
0.3,tail_heavy,0.6,4,2.0,smart,0.3,2,4000,5.0,4.7153,0.2847,5.694,1914,980,934,2086,0.3008,0.512,1
0.3,tail_heavy,0.6,4,2.0,smart,0.3,3,4000,5.0,4.6971,0.3029,6.059,1956,1011,945,2044,0.3018,0.5169,1
0.3,tail_heavy,0.6,4,2.0,smart,0.3,4,4000,5.0,4.7422,0.2578,5.156,1910,956,954,2090,0.288,0.5005,1
0.3,tail_heavy,0.6,4,2.0,smart,0.3,5,4000,5.0,4.7017,0.2983,5.966,1935,1001,934,2065,0.3093,0.5173,1
0.3,tail_heavy,0.6,4,2.0,smart,0.3,6,4000,5.0,4.7398,0.2602,5.204,1907,962,945,2093,0.296,0.5045,1
0.3,tail_heavy,0.6,8,0.5,smart,0.3,0,4000,9.0,7.6288,1.3712,15.235,1914,965,949,2086,0.2928,0.5042,1
0.3,tail_heavy,0.6,8,0.5,smart,0.3,1,4000,9.0,7.6451,1.3549,15.054,1860,961,899,2140,0.302,0.5167,1
0.3,tail_heavy,0.6,8,0.5,smart,0.3,2,4000,9.0,7.5986,1.4014,15.572,1890,970,920,2110,0.3152,0.5132,1
0.3,tail_heavy,0.6,8,0.5,smart,0.3,3,4000,9.0,7.5545,1.4455,16.061,1942,1017,925,2058,0.2963,0.5237,1
0.3,tail_heavy,0.6,8,0.5,smart,0.3,4,4000,9.0,7.6591,1.3409,14.898,1938,966,972,2062,0.2875,0.4985,1
0.3,tail_heavy,0.6,8,0.5,smart,0.3,5,4000,9.0,7.5556,1.4444,16.049,1977,1016,961,2023,0.3098,0.5139,1
0.3,tail_heavy,0.6,8,0.5,smart,0.3,6,4000,9.0,7.6471,1.3529,15.033,1899,954,945,2101,0.2935,0.5024,1
0.3,tail_heavy,0.6,8,1.0,smart,0.3,0,4000,9.0,7.7491,1.2509,13.899,1913,975,938,2087,0.3003,0.5097,1
0.3,tail_heavy,0.6,8,1.0,smart,0.3,1,4000,9.0,7.7927,1.2073,13.415,1919,947,972,2081,0.2883,0.4935,1
0.3,tail_heavy,0.6,8,1.0,smart,0.3,2,4000,9.0,7.8404,1.1596,12.885,1917,929,988,2083,0.2858,0.4846,1
0.3,tail_heavy,0.6,8,1.0,smart,0.3,3,4000,9.0,7.6729,1.3271,14.745,1960,1024,936,2040,0.3043,0.5224,1
0.3,tail_heavy,0.6,8,1.0,smart,0.3,4,4000,9.0,7.6885,1.3115,14.573,1971,1009,962,2029,0.3152,0.5119,1
0.3,tail_heavy,0.6,8,1.0,smart,0.3,5,4000,9.0,7.7445,1.2555,13.95,1946,973,973,2054,0.3045,0.5,1
0.3,tail_heavy,0.6,8,1.0,smart,0.3,6,4000,9.0,7.6763,1.3237,14.708,1955,1014,941,2045,0.3023,0.5187,1
0.3,tail_heavy,0.6,8,2.0,smart,0.3,0,4000,9.0,8.0045,0.9955,11.061,1903,969,934,2097,0.2948,0.5092,1
0.3,tail_heavy,0.6,8,2.0,smart,0.3,1,4000,9.0,7.8922,1.1078,12.309,1938,1022,916,2062,0.311,0.5273,1
0.3,tail_heavy,0.6,8,2.0,smart,0.3,2,4000,9.0,7.9167,1.0833,12.036,1941,1005,936,2059,0.3028,0.5178,1
0.3,tail_heavy,0.6,8,2.0,smart,0.3,3,4000,9.0,8.0002,0.9998,11.108,1940,968,972,2060,0.2903,0.499,1
0.3,tail_heavy,0.6,8,2.0,smart,0.3,4,4000,9.0,8.0045,0.9955,11.061,1931,967,964,2069,0.2858,0.5008,1
0.3,tail_heavy,0.6,8,2.0,smart,0.3,5,4000,9.0,7.9341,1.0659,11.844,1905,986,919,2095,0.3105,0.5176,1
0.3,tail_heavy,0.6,8,2.0,smart,0.3,6,4000,9.0,7.9601,1.0399,11.555,1920,988,932,2080,0.298,0.5146,1
0.3,tail_heavy,0.7,0.25,0.5,smart,0.3,0,4000,1.25,1.2901,-0.0401,-3.206,1879,1127,752,2121,0.3068,0.5998,0
0.3,tail_heavy,0.7,0.25,0.5,smart,0.3,1,4000,1.25,1.2859,-0.0359,-2.874,1864,1140,724,2136,0.286,0.6116,0
0.3,tail_heavy,0.7,0.25,0.5,smart,0.3,2,4000,1.25,1.2857,-0.0357,-2.86,1835,1121,714,2165,0.2975,0.6109,0
0.3,tail_heavy,0.7,0.25,0.5,smart,0.3,3,4000,1.25,1.2844,-0.0344,-2.752,1872,1153,719,2128,0.3025,0.6159,0
0.3,tail_heavy,0.7,0.25,0.5,smart,0.3,4,4000,1.25,1.2848,-0.0348,-2.783,1852,1138,714,2148,0.2883,0.6145,0
0.3,tail_heavy,0.7,0.25,0.5,smart,0.3,5,4000,1.25,1.278,-0.028,-2.241,1872,1190,682,2128,0.3048,0.6357,0
0.3,tail_heavy,0.7,0.25,0.5,smart,0.3,6,4000,1.25,1.284,-0.034,-2.719,1857,1147,710,2143,0.2925,0.6177,0
0.3,tail_heavy,0.7,0.25,1.0,smart,0.3,0,4000,1.25,1.3599,-0.1099,-8.79,1883,1212,671,2117,0.3157,0.6437,0
0.3,tail_heavy,0.7,0.25,1.0,smart,0.3,1,4000,1.25,1.368,-0.118,-9.441,1858,1163,695,2142,0.2873,0.6259,0
0.3,tail_heavy,0.7,0.25,1.0,smart,0.3,2,4000,1.25,1.3714,-0.1214,-9.712,1809,1110,699,2191,0.2938,0.6136,0
0.3,tail_heavy,0.7,0.25,1.0,smart,0.3,3,4000,1.25,1.3738,-0.1238,-9.906,1857,1144,713,2143,0.3013,0.616,0
0.3,tail_heavy,0.7,0.25,1.0,smart,0.3,4,4000,1.25,1.3819,-0.1319,-10.55,1890,1143,747,2110,0.3023,0.6048,0
0.3,tail_heavy,0.7,0.25,1.0,smart,0.3,5,4000,1.25,1.3811,-0.1311,-10.489,1914,1166,748,2086,0.2928,0.6092,0
0.3,tail_heavy,0.7,0.25,1.0,smart,0.3,6,4000,1.25,1.3805,-0.1305,-10.438,1868,1129,739,2132,0.293,0.6044,0
0.3,tail_heavy,0.7,0.25,2.0,smart,0.3,0,4000,1.25,1.5378,-0.2878,-23.026,1820,1135,685,2180,0.2918,0.6236,0
0.3,tail_heavy,0.7,0.25,2.0,smart,0.3,1,4000,1.25,1.5441,-0.2941,-23.531,1825,1129,696,2175,0.2995,0.6186,0
0.3,tail_heavy,0.7,0.25,2.0,smart,0.3,2,4000,1.25,1.5451,-0.2951,-23.609,1853,1153,700,2147,0.2935,0.6222,0
0.3,tail_heavy,0.7,0.25,2.0,smart,0.3,3,4000,1.25,1.5481,-0.2981,-23.846,1859,1152,707,2141,0.303,0.6197,0
0.3,tail_heavy,0.7,0.25,2.0,smart,0.3,4,4000,1.25,1.5516,-0.3016,-24.129,1842,1130,712,2158,0.2945,0.6135,0
0.3,tail_heavy,0.7,0.25,2.0,smart,0.3,5,4000,1.25,1.5619,-0.3119,-24.955,1857,1126,731,2143,0.292,0.6064,0
0.3,tail_heavy,0.7,0.25,2.0,smart,0.3,6,4000,1.25,1.534,-0.284,-22.72,1817,1139,678,2183,0.305,0.6269,0
0.3,tail_heavy,0.7,0.5,0.5,smart,0.3,0,4000,1.5,1.4744,0.0256,1.71,1835,1155,680,2165,0.292,0.6294,1
0.3,tail_heavy,0.7,0.5,0.5,smart,0.3,1,4000,1.5,1.4766,0.0234,1.561,1899,1178,721,2101,0.3095,0.6203,1
0.3,tail_heavy,0.7,0.5,0.5,smart,0.3,2,4000,1.5,1.4726,0.0274,1.829,1818,1152,666,2182,0.2998,0.6337,1
0.3,tail_heavy,0.7,0.5,0.5,smart,0.3,3,4000,1.5,1.4829,0.0171,1.139,1880,1141,739,2120,0.29,0.6069,1
0.3,tail_heavy,0.7,0.5,0.5,smart,0.3,4,4000,1.5,1.4795,0.0205,1.365,1869,1154,715,2131,0.2918,0.6174,1
0.3,tail_heavy,0.7,0.5,0.5,smart,0.3,5,4000,1.5,1.4824,0.0176,1.174,1860,1139,721,2140,0.2918,0.6124,1
0.3,tail_heavy,0.7,0.5,0.5,smart,0.3,6,4000,1.5,1.4746,0.0254,1.694,1840,1159,681,2160,0.2968,0.6299,1
0.3,tail_heavy,0.7,0.5,1.0,smart,0.3,0,4000,1.5,1.5629,-0.0629,-4.191,1884,1180,704,2116,0.3132,0.6263,0
0.3,tail_heavy,0.7,0.5,1.0,smart,0.3,1,4000,1.5,1.5661,-0.0661,-4.406,1814,1119,695,2186,0.288,0.6169,0
0.3,tail_heavy,0.7,0.5,1.0,smart,0.3,2,4000,1.5,1.5759,-0.0759,-5.06,1861,1127,734,2139,0.29,0.6056,0
0.3,tail_heavy,0.7,0.5,1.0,smart,0.3,3,4000,1.5,1.5695,-0.0695,-4.634,1807,1103,704,2193,0.2953,0.6104,0
0.3,tail_heavy,0.7,0.5,1.0,smart,0.3,4,4000,1.5,1.567,-0.067,-4.466,1915,1190,725,2085,0.3043,0.6214,0
0.3,tail_heavy,0.7,0.5,1.0,smart,0.3,5,4000,1.5,1.5563,-0.0563,-3.756,1823,1156,667,2177,0.2858,0.6341,0
0.3,tail_heavy,0.7,0.5,1.0,smart,0.3,6,4000,1.5,1.5842,-0.0842,-5.613,1860,1099,761,2140,0.2995,0.5909,0
0.3,tail_heavy,0.7,0.5,2.0,smart,0.3,0,4000,1.5,1.7503,-0.2503,-16.687,1858,1140,718,2142,0.306,0.6136,0
0.3,tail_heavy,0.7,0.5,2.0,smart,0.3,1,4000,1.5,1.7346,-0.2346,-15.641,1847,1157,690,2153,0.2925,0.6264,0
0.3,tail_heavy,0.7,0.5,2.0,smart,0.3,2,4000,1.5,1.7417,-0.2417,-16.113,1851,1148,703,2149,0.304,0.6202,0
0.3,tail_heavy,0.7,0.5,2.0,smart,0.3,3,4000,1.5,1.756,-0.256,-17.065,1882,1151,731,2118,0.291,0.6116,0
0.3,tail_heavy,0.7,0.5,2.0,smart,0.3,4,4000,1.5,1.7369,-0.2369,-15.795,1853,1156,697,2147,0.2963,0.6239,0
0.3,tail_heavy,0.7,0.5,2.0,smart,0.3,5,4000,1.5,1.7643,-0.2643,-17.621,1859,1116,743,2141,0.2898,0.6003,0
0.3,tail_heavy,0.7,0.5,2.0,smart,0.3,6,4000,1.5,1.7431,-0.2431,-16.208,1892,1179,713,2108,0.299,0.6232,0
0.3,tail_heavy,0.7,1,0.5,smart,0.3,0,4000,2.0,1.8708,0.1292,6.459,1881,1149,732,2119,0.2995,0.6108,1
0.3,tail_heavy,0.7,1,0.5,smart,0.3,1,4000,2.0,1.8557,0.1443,7.214,1837,1181,656,2163,0.307,0.6429,1
0.3,tail_heavy,0.7,1,0.5,smart,0.3,2,4000,2.0,1.8606,0.1394,6.969,1817,1153,664,2183,0.2925,0.6346,1
0.3,tail_heavy,0.7,1,0.5,smart,0.3,3,4000,2.0,1.8645,0.1355,6.774,1849,1150,699,2151,0.2943,0.622,1
0.3,tail_heavy,0.7,1,0.5,smart,0.3,4,4000,2.0,1.8526,0.1474,7.37,1924,1226,698,2076,0.31,0.6372,1
0.3,tail_heavy,0.7,1,0.5,smart,0.3,5,4000,2.0,1.8667,0.1333,6.666,1790,1130,660,2210,0.2965,0.6313,1
0.3,tail_heavy,0.7,1,0.5,smart,0.3,6,4000,2.0,1.8723,0.1277,6.384,1915,1167,748,2085,0.2913,0.6094,1
0.3,tail_heavy,0.7,1,1.0,smart,0.3,0,4000,2.0,1.9596,0.0404,2.018,1855,1141,714,2145,0.3005,0.6151,1
0.3,tail_heavy,0.7,1,1.0,smart,0.3,1,4000,2.0,1.9447,0.0553,2.764,1837,1167,670,2163,0.294,0.6353,1
0.3,tail_heavy,0.7,1,1.0,smart,0.3,2,4000,2.0,1.9808,0.0192,0.96,1767,1048,719,2233,0.2767,0.5931,1
0.3,tail_heavy,0.7,1,1.0,smart,0.3,3,4000,2.0,1.9689,0.0311,1.557,1861,1125,736,2139,0.3005,0.6045,1
0.3,tail_heavy,0.7,1,1.0,smart,0.3,4,4000,2.0,1.947,0.053,2.649,1823,1150,673,2177,0.2975,0.6308,1
0.3,tail_heavy,0.7,1,1.0,smart,0.3,5,4000,2.0,1.9508,0.0492,2.459,1879,1176,703,2121,0.2985,0.6259,1
0.3,tail_heavy,0.7,1,1.0,smart,0.3,6,4000,2.0,1.9559,0.0441,2.204,1878,1158,720,2122,0.305,0.6166,1
0.3,tail_heavy,0.7,1,2.0,smart,0.3,0,4000,2.0,2.1425,-0.1425,-7.125,1791,1088,703,2209,0.28,0.6075,0
0.3,tail_heavy,0.7,1,2.0,smart,0.3,1,4000,2.0,2.131,-0.131,-6.548,1882,1173,709,2118,0.302,0.6233,0
0.3,tail_heavy,0.7,1,2.0,smart,0.3,2,4000,2.0,2.1163,-0.1163,-5.817,1825,1150,675,2175,0.2978,0.6301,0
0.3,tail_heavy,0.7,1,2.0,smart,0.3,3,4000,2.0,2.1261,-0.1261,-6.305,1852,1157,695,2148,0.3008,0.6247,0
0.3,tail_heavy,0.7,1,2.0,smart,0.3,4,4000,2.0,2.1405,-0.1405,-7.025,1832,1121,711,2168,0.2945,0.6119,0
0.3,tail_heavy,0.7,1,2.0,smart,0.3,5,4000,2.0,2.1242,-0.1242,-6.209,1856,1160,696,2144,0.3157,0.625,0
0.3,tail_heavy,0.7,1,2.0,smart,0.3,6,4000,2.0,2.1448,-0.1448,-7.239,1874,1144,730,2126,0.3123,0.6105,0
0.3,tail_heavy,0.7,2,0.5,smart,0.3,0,4000,3.0,2.6577,0.3423,11.411,1875,1132,743,2125,0.2955,0.6037,1
0.3,tail_heavy,0.7,2,0.5,smart,0.3,1,4000,3.0,2.6608,0.3392,11.306,1812,1109,703,2188,0.2797,0.612,1
0.3,tail_heavy,0.7,2,0.5,smart,0.3,2,4000,3.0,2.6403,0.3597,11.99,1910,1176,734,2090,0.3088,0.6157,1
0.3,tail_heavy,0.7,2,0.5,smart,0.3,3,4000,3.0,2.6688,0.3312,11.041,1822,1095,727,2178,0.2812,0.601,1
0.3,tail_heavy,0.7,2,0.5,smart,0.3,4,4000,3.0,2.6385,0.3615,12.051,1843,1162,681,2157,0.304,0.6305,1
0.3,tail_heavy,0.7,2,0.5,smart,0.3,5,4000,3.0,2.666,0.334,11.134,1832,1114,718,2168,0.2968,0.6081,1
0.3,tail_heavy,0.7,2,0.5,smart,0.3,6,4000,3.0,2.6391,0.3609,12.03,1902,1181,721,2098,0.2953,0.6209,1
0.3,tail_heavy,0.7,2,1.0,smart,0.3,0,4000,3.0,2.7135,0.2865,9.551,1901,1202,699,2099,0.3013,0.6323,1
0.3,tail_heavy,0.7,2,1.0,smart,0.3,1,4000,3.0,2.7241,0.2759,9.196,1891,1183,708,2109,0.3033,0.6256,1
0.3,tail_heavy,0.7,2,1.0,smart,0.3,2,4000,3.0,2.7553,0.2447,8.156,1859,1120,739,2141,0.301,0.6025,1
0.3,tail_heavy,0.7,2,1.0,smart,0.3,3,4000,3.0,2.7186,0.2814,9.38,1869,1186,683,2131,0.307,0.6346,1
0.3,tail_heavy,0.7,2,1.0,smart,0.3,4,4000,3.0,2.7327,0.2673,8.909,1839,1145,694,2161,0.2955,0.6226,1
0.3,tail_heavy,0.7,2,1.0,smart,0.3,5,4000,3.0,2.7411,0.2589,8.631,1890,1155,735,2110,0.299,0.6111,1
0.3,tail_heavy,0.7,2,1.0,smart,0.3,6,4000,3.0,2.7371,0.2629,8.765,1870,1159,711,2130,0.2938,0.6198,1
0.3,tail_heavy,0.7,2,2.0,smart,0.3,0,4000,3.0,2.9589,0.0411,1.368,1884,1112,772,2116,0.2938,0.5902,1
0.3,tail_heavy,0.7,2,2.0,smart,0.3,1,4000,3.0,2.9365,0.0635,2.117,1880,1135,745,2120,0.301,0.6037,1
0.3,tail_heavy,0.7,2,2.0,smart,0.3,2,4000,3.0,2.8967,0.1033,3.443,1873,1178,695,2127,0.303,0.6289,1
0.3,tail_heavy,0.7,2,2.0,smart,0.3,3,4000,3.0,2.8858,0.1142,3.808,1828,1157,671,2172,0.308,0.6329,1
0.3,tail_heavy,0.7,2,2.0,smart,0.3,4,4000,3.0,2.8969,0.1031,3.437,1803,1139,664,2197,0.3008,0.6317,1
0.3,tail_heavy,0.7,2,2.0,smart,0.3,5,4000,3.0,2.9118,0.0882,2.94,1811,1127,684,2189,0.2935,0.6223,1
0.3,tail_heavy,0.7,2,2.0,smart,0.3,6,4000,3.0,2.9201,0.0799,2.663,1878,1150,728,2122,0.3085,0.6124,1
0.3,tail_heavy,0.7,4,0.5,smart,0.3,0,4000,5.0,4.235,0.765,15.299,1864,1112,752,2136,0.293,0.5966,1
0.3,tail_heavy,0.7,4,0.5,smart,0.3,1,4000,5.0,4.2262,0.7738,15.475,1885,1134,751,2115,0.299,0.6016,1
0.3,tail_heavy,0.7,4,0.5,smart,0.3,2,4000,5.0,4.2319,0.7681,15.363,1880,1120,760,2120,0.297,0.5957,1
0.3,tail_heavy,0.7,4,0.5,smart,0.3,3,4000,5.0,4.2531,0.7469,14.938,1800,1092,708,2200,0.2903,0.6067,1
0.3,tail_heavy,0.7,4,0.5,smart,0.3,4,4000,5.0,4.1866,0.8134,16.268,1875,1174,701,2125,0.3063,0.6261,1
0.3,tail_heavy,0.7,4,0.5,smart,0.3,5,4000,5.0,4.2188,0.7812,15.624,1815,1115,700,2185,0.2938,0.6143,1
0.3,tail_heavy,0.7,4,0.5,smart,0.3,6,4000,5.0,4.2154,0.7846,15.692,1886,1147,739,2114,0.29,0.6082,1
0.3,tail_heavy,0.7,4,1.0,smart,0.3,0,4000,5.0,4.2987,0.7013,14.026,1842,1142,700,2158,0.3013,0.62,1
0.3,tail_heavy,0.7,4,1.0,smart,0.3,1,4000,5.0,4.2913,0.7087,14.174,1833,1148,685,2167,0.306,0.6263,1
0.3,tail_heavy,0.7,4,1.0,smart,0.3,2,4000,5.0,4.3068,0.6932,13.863,1829,1130,699,2171,0.294,0.6178,1
0.3,tail_heavy,0.7,4,1.0,smart,0.3,3,4000,5.0,4.2967,0.7033,14.066,1850,1151,699,2150,0.2928,0.6222,1
0.3,tail_heavy,0.7,4,1.0,smart,0.3,4,4000,5.0,4.3395,0.6605,13.209,1818,1102,716,2182,0.298,0.6062,1
0.3,tail_heavy,0.7,4,1.0,smart,0.3,5,4000,5.0,4.3139,0.6861,13.722,1802,1119,683,2198,0.295,0.621,1
0.3,tail_heavy,0.7,4,1.0,smart,0.3,6,4000,5.0,4.292,0.708,14.16,1848,1153,695,2152,0.3013,0.6239,1
0.3,tail_heavy,0.7,4,2.0,smart,0.3,0,4000,5.0,4.5214,0.4786,9.572,1854,1108,746,2146,0.2955,0.5976,1
0.3,tail_heavy,0.7,4,2.0,smart,0.3,1,4000,5.0,4.4729,0.5271,10.541,1828,1140,688,2172,0.2943,0.6236,1
0.3,tail_heavy,0.7,4,2.0,smart,0.3,2,4000,5.0,4.4853,0.5147,10.293,1857,1136,721,2143,0.3055,0.6117,1
0.3,tail_heavy,0.7,4,2.0,smart,0.3,3,4000,5.0,4.4538,0.5462,10.924,1864,1164,700,2136,0.3115,0.6245,1
0.3,tail_heavy,0.7,4,2.0,smart,0.3,4,4000,5.0,4.4885,0.5115,10.231,1882,1151,731,2118,0.2985,0.6116,1
0.3,tail_heavy,0.7,4,2.0,smart,0.3,5,4000,5.0,4.4546,0.5454,10.908,1874,1171,703,2126,0.3078,0.6249,1
0.3,tail_heavy,0.7,4,2.0,smart,0.3,6,4000,5.0,4.5074,0.4926,9.852,1888,1133,755,2112,0.3048,0.6001,1
0.3,tail_heavy,0.7,8,0.5,smart,0.3,0,4000,9.0,7.3927,1.6073,17.859,1822,1102,720,2178,0.288,0.6048,1
0.3,tail_heavy,0.7,8,0.5,smart,0.3,1,4000,9.0,7.3122,1.6878,18.753,1838,1167,671,2162,0.2945,0.6349,1
0.3,tail_heavy,0.7,8,0.5,smart,0.3,2,4000,9.0,7.3579,1.6421,18.246,1823,1128,695,2177,0.3025,0.6188,1
0.3,tail_heavy,0.7,8,0.5,smart,0.3,3,4000,9.0,7.2826,1.7174,19.082,1841,1168,673,2159,0.314,0.6344,1
0.3,tail_heavy,0.7,8,0.5,smart,0.3,4,4000,9.0,7.3291,1.6709,18.566,1830,1145,685,2170,0.2923,0.6257,1
0.3,tail_heavy,0.7,8,0.5,smart,0.3,5,4000,9.0,7.3241,1.6759,18.621,1887,1153,734,2113,0.2898,0.611,1
0.3,tail_heavy,0.7,8,0.5,smart,0.3,6,4000,9.0,7.3293,1.6707,18.563,1880,1148,732,2120,0.3055,0.6106,1
0.3,tail_heavy,0.7,8,1.0,smart,0.3,0,4000,9.0,7.3357,1.6643,18.492,1874,1196,678,2126,0.3023,0.6382,1
0.3,tail_heavy,0.7,8,1.0,smart,0.3,1,4000,9.0,7.4211,1.5789,17.543,1836,1146,690,2164,0.2953,0.6242,1
0.3,tail_heavy,0.7,8,1.0,smart,0.3,2,4000,9.0,7.3763,1.6237,18.041,1838,1170,668,2162,0.3075,0.6366,1
0.3,tail_heavy,0.7,8,1.0,smart,0.3,3,4000,9.0,7.4035,1.5965,17.739,1871,1157,714,2129,0.3013,0.6184,1
0.3,tail_heavy,0.7,8,1.0,smart,0.3,4,4000,9.0,7.3378,1.6622,18.469,1942,1204,738,2058,0.2985,0.62,1
0.3,tail_heavy,0.7,8,1.0,smart,0.3,5,4000,9.0,7.4425,1.5575,17.305,1862,1134,728,2138,0.2993,0.609,1
0.3,tail_heavy,0.7,8,1.0,smart,0.3,6,4000,9.0,7.3944,1.6056,17.84,1861,1163,698,2139,0.298,0.6249,1
0.3,tail_heavy,0.7,8,2.0,smart,0.3,0,4000,9.0,7.62,1.38,15.333,1883,1136,747,2117,0.3003,0.6033,1
0.3,tail_heavy,0.7,8,2.0,smart,0.3,1,4000,9.0,7.6225,1.3775,15.305,1848,1128,720,2152,0.295,0.6104,1
0.3,tail_heavy,0.7,8,2.0,smart,0.3,2,4000,9.0,7.5387,1.4613,16.237,1832,1168,664,2168,0.3008,0.6376,1
0.3,tail_heavy,0.7,8,2.0,smart,0.3,3,4000,9.0,7.6692,1.3308,14.787,1790,1101,689,2210,0.2973,0.6151,1
0.3,tail_heavy,0.7,8,2.0,smart,0.3,4,4000,9.0,7.605,1.395,15.5,1796,1121,675,2204,0.2903,0.6242,1
0.3,tail_heavy,0.7,8,2.0,smart,0.3,5,4000,9.0,7.5584,1.4416,16.018,1947,1193,754,2053,0.302,0.6127,1
0.3,tail_heavy,0.7,8,2.0,smart,0.3,6,4000,9.0,7.5587,1.4413,16.014,1846,1160,686,2154,0.2965,0.6284,1
0.3,tail_heavy,0.8,0.25,0.5,smart,0.3,0,4000,1.25,1.2464,0.0036,0.285,1841,1351,490,2159,0.3033,0.7338,1
0.3,tail_heavy,0.8,0.25,0.5,smart,0.3,1,4000,1.25,1.2435,0.0065,0.519,1767,1312,455,2233,0.3003,0.7425,1
0.3,tail_heavy,0.8,0.25,0.5,smart,0.3,2,4000,1.25,1.2452,0.0048,0.38,1783,1315,468,2217,0.297,0.7375,1
0.3,tail_heavy,0.8,0.25,0.5,smart,0.3,3,4000,1.25,1.2467,0.0033,0.261,1790,1308,482,2210,0.301,0.7307,1
0.3,tail_heavy,0.8,0.25,0.5,smart,0.3,4,4000,1.25,1.2482,0.0018,0.141,1773,1296,477,2227,0.299,0.731,1
0.3,tail_heavy,0.8,0.25,0.5,smart,0.3,5,4000,1.25,1.2418,0.0082,0.658,1798,1346,452,2202,0.3033,0.7486,1
0.3,tail_heavy,0.8,0.25,0.5,smart,0.3,6,4000,1.25,1.2496,0.0004,0.028,1837,1330,507,2163,0.2968,0.724,1
0.3,tail_heavy,0.8,0.25,1.0,smart,0.3,0,4000,1.25,1.3034,-0.0534,-4.274,1793,1325,468,2207,0.2938,0.739,0
0.3,tail_heavy,0.8,0.25,1.0,smart,0.3,1,4000,1.25,1.3047,-0.0547,-4.378,1757,1291,466,2243,0.3045,0.7348,0
0.3,tail_heavy,0.8,0.25,1.0,smart,0.3,2,4000,1.25,1.2998,-0.0498,-3.982,1766,1313,453,2234,0.299,0.7435,0
0.3,tail_heavy,0.8,0.25,1.0,smart,0.3,3,4000,1.25,1.2939,-0.0439,-3.509,1820,1379,441,2180,0.311,0.7577,0
0.3,tail_heavy,0.8,0.25,1.0,smart,0.3,4,4000,1.25,1.3019,-0.0519,-4.156,1804,1339,465,2196,0.3063,0.7422,0
0.3,tail_heavy,0.8,0.25,1.0,smart,0.3,5,4000,1.25,1.3134,-0.0634,-5.073,1762,1265,497,2238,0.2875,0.7179,0
0.3,tail_heavy,0.8,0.25,1.0,smart,0.3,6,4000,1.25,1.3108,-0.0608,-4.867,1850,1349,501,2150,0.2995,0.7292,0
0.3,tail_heavy,0.8,0.25,2.0,smart,0.3,0,4000,1.25,1.4259,-0.1759,-14.073,1837,1355,482,2163,0.299,0.7376,0
0.3,tail_heavy,0.8,0.25,2.0,smart,0.3,1,4000,1.25,1.4388,-0.1888,-15.101,1839,1333,506,2161,0.307,0.7249,0
0.3,tail_heavy,0.8,0.25,2.0,smart,0.3,2,4000,1.25,1.4111,-0.1611,-12.891,1785,1335,450,2215,0.3048,0.7479,0
0.3,tail_heavy,0.8,0.25,2.0,smart,0.3,3,4000,1.25,1.4141,-0.1641,-13.128,1744,1292,452,2256,0.2965,0.7408,0
0.3,tail_heavy,0.8,0.25,2.0,smart,0.3,4,4000,1.25,1.4202,-0.1702,-13.612,1750,1287,463,2250,0.3015,0.7354,0
0.3,tail_heavy,0.8,0.25,2.0,smart,0.3,5,4000,1.25,1.4164,-0.1664,-13.316,1747,1289,458,2253,0.3,0.7378,0
0.3,tail_heavy,0.8,0.25,2.0,smart,0.3,6,4000,1.25,1.4304,-0.1804,-14.432,1774,1289,485,2226,0.311,0.7266,0
0.3,tail_heavy,0.8,0.5,0.5,smart,0.3,0,4000,1.5,1.4301,0.0699,4.662,1782,1328,454,2218,0.2905,0.7452,1
0.3,tail_heavy,0.8,0.5,0.5,smart,0.3,1,4000,1.5,1.4339,0.0661,4.405,1846,1343,503,2154,0.2953,0.7275,1
0.3,tail_heavy,0.8,0.5,0.5,smart,0.3,2,4000,1.5,1.4306,0.0694,4.629,1820,1342,478,2180,0.2993,0.7374,1
0.3,tail_heavy,0.8,0.5,0.5,smart,0.3,3,4000,1.5,1.4297,0.0703,4.687,1838,1358,480,2162,0.3053,0.7388,1
0.3,tail_heavy,0.8,0.5,0.5,smart,0.3,4,4000,1.5,1.4284,0.0716,4.771,1815,1348,467,2185,0.308,0.7427,1
0.3,tail_heavy,0.8,0.5,0.5,smart,0.3,5,4000,1.5,1.4388,0.0612,4.078,1756,1268,488,2244,0.2858,0.7221,1
0.3,tail_heavy,0.8,0.5,0.5,smart,0.3,6,4000,1.5,1.4409,0.0591,3.941,1772,1273,499,2228,0.2958,0.7184,1
0.3,tail_heavy,0.8,0.5,1.0,smart,0.3,0,4000,1.5,1.4947,0.0053,0.356,1772,1298,474,2228,0.307,0.7325,1
0.3,tail_heavy,0.8,0.5,1.0,smart,0.3,1,4000,1.5,1.4854,0.0146,0.971,1820,1358,462,2180,0.3088,0.7462,1
0.3,tail_heavy,0.8,0.5,1.0,smart,0.3,2,4000,1.5,1.499,0.001,0.07,1790,1298,492,2210,0.3043,0.7251,1
0.3,tail_heavy,0.8,0.5,1.0,smart,0.3,3,4000,1.5,1.4858,0.0142,0.947,1819,1353,466,2181,0.3053,0.7438,1
0.3,tail_heavy,0.8,0.5,1.0,smart,0.3,4,4000,1.5,1.4804,0.0196,1.307,1769,1334,435,2231,0.3005,0.7541,1
0.3,tail_heavy,0.8,0.5,1.0,smart,0.3,5,4000,1.5,1.4809,0.0191,1.272,1864,1401,463,2136,0.3108,0.7516,1
0.3,tail_heavy,0.8,0.5,1.0,smart,0.3,6,4000,1.5,1.4852,0.0148,0.986,1808,1348,460,2192,0.3043,0.7456,1
0.3,tail_heavy,0.8,0.5,2.0,smart,0.3,0,4000,1.5,1.6034,-0.1034,-6.895,1773,1313,460,2227,0.3028,0.7406,0
0.3,tail_heavy,0.8,0.5,2.0,smart,0.3,1,4000,1.5,1.6097,-0.1097,-7.311,1797,1324,473,2203,0.3105,0.7368,0
0.3,tail_heavy,0.8,0.5,2.0,smart,0.3,2,4000,1.5,1.6027,-0.1027,-6.846,1793,1333,460,2207,0.3038,0.7434,0
0.3,tail_heavy,0.8,0.5,2.0,smart,0.3,3,4000,1.5,1.6246,-0.1246,-8.304,1829,1325,504,2171,0.3018,0.7244,0
0.3,tail_heavy,0.8,0.5,2.0,smart,0.3,4,4000,1.5,1.605,-0.105,-6.998,1753,1294,459,2247,0.2963,0.7382,0
0.3,tail_heavy,0.8,0.5,2.0,smart,0.3,5,4000,1.5,1.6104,-0.1104,-7.361,1819,1339,480,2181,0.3045,0.7361,0
0.3,tail_heavy,0.8,0.5,2.0,smart,0.3,6,4000,1.5,1.6251,-0.1251,-8.338,1805,1304,501,2195,0.3025,0.7224,0
0.3,tail_heavy,0.8,1,0.5,smart,0.3,0,4000,2.0,1.8097,0.1903,9.514,1771,1299,472,2229,0.3065,0.7335,1
0.3,tail_heavy,0.8,1,0.5,smart,0.3,1,4000,2.0,1.7958,0.2042,10.208,1819,1355,464,2181,0.3103,0.7449,1
0.3,tail_heavy,0.8,1,0.5,smart,0.3,2,4000,2.0,1.8037,0.1963,9.816,1782,1325,457,2218,0.2965,0.7435,1
0.3,tail_heavy,0.8,1,0.5,smart,0.3,3,4000,2.0,1.8067,0.1933,9.666,1803,1325,478,2197,0.3113,0.7349,1
0.3,tail_heavy,0.8,1,0.5,smart,0.3,4,4000,2.0,1.8032,0.1968,9.84,1813,1335,478,2187,0.2995,0.7363,1
0.3,tail_heavy,0.8,1,0.5,smart,0.3,5,4000,2.0,1.8027,0.1973,9.867,1760,1314,446,2240,0.3085,0.7466,1
0.3,tail_heavy,0.8,1,0.5,smart,0.3,6,4000,2.0,1.8097,0.1903,9.515,1803,1312,491,2197,0.2978,0.7277,1
0.3,tail_heavy,0.8,1,1.0,smart,0.3,0,4000,2.0,1.8606,0.1394,6.969,1819,1344,475,2181,0.309,0.7389,1
0.3,tail_heavy,0.8,1,1.0,smart,0.3,1,4000,2.0,1.8501,0.1499,7.497,1825,1374,451,2175,0.3132,0.7529,1
0.3,tail_heavy,0.8,1,1.0,smart,0.3,2,4000,2.0,1.8652,0.1348,6.741,1800,1327,473,2200,0.312,0.7372,1
0.3,tail_heavy,0.8,1,1.0,smart,0.3,3,4000,2.0,1.8658,0.1342,6.708,1782,1311,471,2218,0.2978,0.7357,1
0.3,tail_heavy,0.8,1,1.0,smart,0.3,4,4000,2.0,1.8742,0.1258,6.29,1804,1305,499,2196,0.2985,0.7234,1
0.3,tail_heavy,0.8,1,1.0,smart,0.3,5,4000,2.0,1.8728,0.1272,6.359,1831,1325,506,2169,0.3003,0.7236,1
0.3,tail_heavy,0.8,1,1.0,smart,0.3,6,4000,2.0,1.8578,0.1422,7.112,1775,1322,453,2225,0.3123,0.7448,1
0.3,tail_heavy,0.8,1,2.0,smart,0.3,0,4000,2.0,1.9903,0.0097,0.484,1831,1336,495,2169,0.3055,0.7297,1
0.3,tail_heavy,0.8,1,2.0,smart,0.3,1,4000,2.0,1.9833,0.0167,0.837,1796,1321,475,2204,0.3085,0.7355,1
0.3,tail_heavy,0.8,1,2.0,smart,0.3,2,4000,2.0,1.9884,0.0116,0.582,1801,1319,482,2199,0.2918,0.7324,1
0.3,tail_heavy,0.8,1,2.0,smart,0.3,3,4000,2.0,1.9636,0.0364,1.822,1820,1370,450,2180,0.3053,0.7527,1
0.3,tail_heavy,0.8,1,2.0,smart,0.3,4,4000,2.0,1.9979,0.0021,0.106,1849,1339,510,2151,0.2953,0.7242,1
0.3,tail_heavy,0.8,1,2.0,smart,0.3,5,4000,2.0,1.9876,0.0124,0.621,1778,1305,473,2222,0.2963,0.734,1
0.3,tail_heavy,0.8,1,2.0,smart,0.3,6,4000,2.0,1.9522,0.0478,2.388,1759,1340,419,2241,0.3,0.7618,1
0.3,tail_heavy,0.8,2,0.5,smart,0.3,0,4000,3.0,2.5533,0.4467,14.889,1820,1321,499,2180,0.3018,0.7258,1
0.3,tail_heavy,0.8,2,0.5,smart,0.3,1,4000,3.0,2.5548,0.4452,14.839,1792,1317,475,2208,0.3018,0.7349,1
0.3,tail_heavy,0.8,2,0.5,smart,0.3,2,4000,3.0,2.5329,0.4671,15.57,1790,1354,436,2210,0.3078,0.7564,1
0.3,tail_heavy,0.8,2,0.5,smart,0.3,3,4000,3.0,2.5603,0.4397,14.656,1829,1306,523,2171,0.3063,0.7141,1
0.3,tail_heavy,0.8,2,0.5,smart,0.3,4,4000,3.0,2.5562,0.4438,14.795,1795,1315,480,2205,0.2903,0.7326,1
0.3,tail_heavy,0.8,2,0.5,smart,0.3,5,4000,3.0,2.551,0.449,14.968,1809,1330,479,2191,0.3065,0.7352,1
0.3,tail_heavy,0.8,2,0.5,smart,0.3,6,4000,3.0,2.5645,0.4355,14.517,1794,1298,496,2206,0.2958,0.7235,1
0.3,tail_heavy,0.8,2,1.0,smart,0.3,0,4000,3.0,2.6116,0.3884,12.945,1771,1307,464,2229,0.3,0.738,1
0.3,tail_heavy,0.8,2,1.0,smart,0.3,1,4000,3.0,2.6399,0.3601,12.004,1796,1284,512,2204,0.2985,0.7149,1
0.3,tail_heavy,0.8,2,1.0,smart,0.3,2,4000,3.0,2.6347,0.3653,12.175,1750,1267,483,2250,0.2958,0.724,1
0.3,tail_heavy,0.8,2,1.0,smart,0.3,3,4000,3.0,2.6101,0.3899,12.996,1793,1326,467,2207,0.2968,0.7395,1
0.3,tail_heavy,0.8,2,1.0,smart,0.3,4,4000,3.0,2.6318,0.3682,12.274,1777,1284,493,2223,0.3015,0.7226,1
0.3,tail_heavy,0.8,2,1.0,smart,0.3,5,4000,3.0,2.5928,0.4072,13.575,1828,1365,463,2172,0.31,0.7467,1
0.3,tail_heavy,0.8,2,1.0,smart,0.3,6,4000,3.0,2.6007,0.3993,13.309,1760,1327,433,2240,0.3028,0.754,1
0.3,tail_heavy,0.8,2,2.0,smart,0.3,0,4000,3.0,2.7197,0.2803,9.342,1891,1386,505,2109,0.3103,0.7329,1
0.3,tail_heavy,0.8,2,2.0,smart,0.3,1,4000,3.0,2.7681,0.2319,7.729,1742,1253,489,2258,0.2833,0.7193,1
0.3,tail_heavy,0.8,2,2.0,smart,0.3,2,4000,3.0,2.7384,0.2616,8.72,1796,1316,480,2204,0.3035,0.7327,1
0.3,tail_heavy,0.8,2,2.0,smart,0.3,3,4000,3.0,2.7322,0.2678,8.928,1806,1326,480,2194,0.2958,0.7342,1
0.3,tail_heavy,0.8,2,2.0,smart,0.3,4,4000,3.0,2.7184,0.2816,9.388,1779,1322,457,2221,0.3043,0.7431,1
0.3,tail_heavy,0.8,2,2.0,smart,0.3,5,4000,3.0,2.7184,0.2816,9.387,1823,1354,469,2177,0.301,0.7427,1
0.3,tail_heavy,0.8,2,2.0,smart,0.3,6,4000,3.0,2.7653,0.2347,7.825,1849,1311,538,2151,0.2968,0.709,1
0.3,tail_heavy,0.8,4,0.5,smart,0.3,0,4000,5.0,4.0879,0.9121,18.241,1759,1272,487,2241,0.292,0.7231,1
0.3,tail_heavy,0.8,4,0.5,smart,0.3,1,4000,5.0,4.0521,0.9479,18.958,1781,1323,458,2219,0.3013,0.7428,1
0.3,tail_heavy,0.8,4,0.5,smart,0.3,2,4000,5.0,4.097,0.903,18.059,1734,1262,472,2266,0.2918,0.7278,1
0.3,tail_heavy,0.8,4,0.5,smart,0.3,3,4000,5.0,4.0068,0.9932,19.864,1857,1368,489,2143,0.3043,0.7367,1
0.3,tail_heavy,0.8,4,0.5,smart,0.3,4,4000,5.0,4.0012,0.9988,19.976,1809,1379,430,2191,0.3065,0.7623,1
0.3,tail_heavy,0.8,4,0.5,smart,0.3,5,4000,5.0,4.0246,0.9754,19.508,1800,1345,455,2200,0.3048,0.7472,1
0.3,tail_heavy,0.8,4,0.5,smart,0.3,6,4000,5.0,4.0419,0.9581,19.162,1804,1333,471,2196,0.3035,0.7389,1
0.3,tail_heavy,0.8,4,1.0,smart,0.3,0,4000,5.0,4.1316,0.8684,17.369,1800,1303,497,2200,0.291,0.7239,1
0.3,tail_heavy,0.8,4,1.0,smart,0.3,1,4000,5.0,4.1222,0.8778,17.556,1810,1311,499,2190,0.2963,0.7243,1
0.3,tail_heavy,0.8,4,1.0,smart,0.3,2,4000,5.0,4.1224,0.8776,17.551,1810,1315,495,2190,0.2895,0.7265,1
0.3,tail_heavy,0.8,4,1.0,smart,0.3,3,4000,5.0,4.0925,0.9075,18.151,1815,1339,476,2185,0.309,0.7377,1
0.3,tail_heavy,0.8,4,1.0,smart,0.3,4,4000,5.0,4.0931,0.9069,18.137,1791,1330,461,2209,0.3018,0.7426,1
0.3,tail_heavy,0.8,4,1.0,smart,0.3,5,4000,5.0,4.0917,0.9083,18.166,1797,1332,465,2203,0.3005,0.7412,1
0.3,tail_heavy,0.8,4,1.0,smart,0.3,6,4000,5.0,4.0787,0.9213,18.425,1851,1371,480,2149,0.301,0.7407,1
0.3,tail_heavy,0.8,4,2.0,smart,0.3,0,4000,5.0,4.2317,0.7683,15.365,1789,1308,481,2211,0.305,0.7311,1
0.3,tail_heavy,0.8,4,2.0,smart,0.3,1,4000,5.0,4.1915,0.8085,16.169,1766,1327,439,2234,0.3155,0.7514,1
0.3,tail_heavy,0.8,4,2.0,smart,0.3,2,4000,5.0,4.2278,0.7722,15.445,1844,1337,507,2156,0.3005,0.7251,1
0.3,tail_heavy,0.8,4,2.0,smart,0.3,3,4000,5.0,4.214,0.786,15.72,1780,1319,461,2220,0.2878,0.741,1
0.3,tail_heavy,0.8,4,2.0,smart,0.3,4,4000,5.0,4.2704,0.7296,14.592,1759,1273,486,2241,0.2938,0.7237,1
0.3,tail_heavy,0.8,4,2.0,smart,0.3,5,4000,5.0,4.2576,0.7424,14.848,1827,1303,524,2173,0.2975,0.7132,1
0.3,tail_heavy,0.8,4,2.0,smart,0.3,6,4000,5.0,4.227,0.773,15.459,1822,1326,496,2178,0.2958,0.7278,1
0.3,tail_heavy,0.8,8,0.5,smart,0.3,0,4000,9.0,7.0708,1.9292,21.435,1780,1299,481,2220,0.295,0.7298,1
0.3,tail_heavy,0.8,8,0.5,smart,0.3,1,4000,9.0,7.033,1.967,21.855,1797,1317,480,2203,0.3045,0.7329,1
0.3,tail_heavy,0.8,8,0.5,smart,0.3,2,4000,9.0,7.0348,1.9652,21.836,1815,1325,490,2185,0.3078,0.73,1
0.3,tail_heavy,0.8,8,0.5,smart,0.3,3,4000,9.0,6.9689,2.0311,22.568,1813,1349,464,2187,0.3137,0.7441,1
0.3,tail_heavy,0.8,8,0.5,smart,0.3,4,4000,9.0,7.1185,1.8815,20.906,1757,1269,488,2243,0.292,0.7223,1
0.3,tail_heavy,0.8,8,0.5,smart,0.3,5,4000,9.0,7.0635,1.9365,21.516,1761,1302,459,2239,0.293,0.7394,1
0.3,tail_heavy,0.8,8,0.5,smart,0.3,6,4000,9.0,7.0501,1.9499,21.665,1781,1311,470,2219,0.301,0.7361,1
0.3,tail_heavy,0.8,8,1.0,smart,0.3,0,4000,9.0,7.123,1.877,20.855,1775,1298,477,2225,0.3098,0.7313,1
0.3,tail_heavy,0.8,8,1.0,smart,0.3,1,4000,9.0,7.0332,1.9668,21.853,1825,1358,467,2175,0.2968,0.7441,1
0.3,tail_heavy,0.8,8,1.0,smart,0.3,2,4000,9.0,7.1115,1.8885,20.983,1761,1308,453,2239,0.2975,0.7428,1
0.3,tail_heavy,0.8,8,1.0,smart,0.3,3,4000,9.0,7.104,1.896,21.066,1766,1307,459,2234,0.2985,0.7401,1
0.3,tail_heavy,0.8,8,1.0,smart,0.3,4,4000,9.0,7.2334,1.7666,19.628,1732,1236,496,2268,0.2835,0.7136,1
0.3,tail_heavy,0.8,8,1.0,smart,0.3,5,4000,9.0,7.0732,1.9268,21.408,1791,1329,462,2209,0.3058,0.742,1
0.3,tail_heavy,0.8,8,1.0,smart,0.3,6,4000,9.0,7.1341,1.8659,20.732,1775,1291,484,2225,0.296,0.7273,1
0.3,tail_heavy,0.8,8,2.0,smart,0.3,0,4000,9.0,7.1386,1.8614,20.682,1817,1373,444,2183,0.3018,0.7556,1
0.3,tail_heavy,0.8,8,2.0,smart,0.3,1,4000,9.0,7.2267,1.7733,19.703,1813,1320,493,2187,0.2908,0.7281,1
0.3,tail_heavy,0.8,8,2.0,smart,0.3,2,4000,9.0,7.2439,1.7561,19.512,1772,1295,477,2228,0.298,0.7308,1
0.3,tail_heavy,0.8,8,2.0,smart,0.3,3,4000,9.0,7.2249,1.7751,19.723,1761,1298,463,2239,0.3018,0.7371,1
0.3,tail_heavy,0.8,8,2.0,smart,0.3,4,4000,9.0,7.1448,1.8552,20.614,1806,1351,455,2194,0.2923,0.7481,1
0.3,tail_heavy,0.8,8,2.0,smart,0.3,5,4000,9.0,7.0932,1.9068,21.186,1803,1376,427,2197,0.311,0.7632,1
0.3,tail_heavy,0.8,8,2.0,smart,0.3,6,4000,9.0,7.1973,1.8027,20.03,1835,1335,500,2165,0.311,0.7275,1
0.3,tail_heavy,0.9,0.25,0.5,smart,0.3,0,4000,1.25,1.211,0.039,3.122,1733,1477,256,2267,0.3053,0.8523,1
0.3,tail_heavy,0.9,0.25,0.5,smart,0.3,1,4000,1.25,1.2051,0.0449,3.594,1712,1496,216,2288,0.3035,0.8738,1
0.3,tail_heavy,0.9,0.25,0.5,smart,0.3,2,4000,1.25,1.2086,0.0414,3.314,1702,1469,233,2298,0.2893,0.8631,1
0.3,tail_heavy,0.9,0.25,0.5,smart,0.3,3,4000,1.25,1.2101,0.0399,3.192,1687,1447,240,2313,0.294,0.8577,1
0.3,tail_heavy,0.9,0.25,0.5,smart,0.3,4,4000,1.25,1.2115,0.0385,3.082,1682,1443,239,2318,0.2878,0.8579,1
0.3,tail_heavy,0.9,0.25,0.5,smart,0.3,5,4000,1.25,1.2095,0.0405,3.237,1693,1458,235,2307,0.3005,0.8612,1
0.3,tail_heavy,0.9,0.25,0.5,smart,0.3,6,4000,1.25,1.2113,0.0387,3.097,1698,1450,248,2302,0.2975,0.8539,1
0.3,tail_heavy,0.9,0.25,1.0,smart,0.3,0,4000,1.25,1.2365,0.0135,1.083,1689,1463,226,2311,0.2925,0.8662,1
0.3,tail_heavy,0.9,0.25,1.0,smart,0.3,1,4000,1.25,1.2328,0.0172,1.373,1724,1503,221,2276,0.2988,0.8718,1
0.3,tail_heavy,0.9,0.25,1.0,smart,0.3,2,4000,1.25,1.2331,0.0169,1.353,1741,1518,223,2259,0.308,0.8719,1
0.3,tail_heavy,0.9,0.25,1.0,smart,0.3,3,4000,1.25,1.2407,0.0093,0.746,1771,1516,255,2229,0.3127,0.856,1
0.3,tail_heavy,0.9,0.25,1.0,smart,0.3,4,4000,1.25,1.2447,0.0053,0.422,1744,1482,262,2256,0.2888,0.8498,1
0.3,tail_heavy,0.9,0.25,1.0,smart,0.3,5,4000,1.25,1.2349,0.0151,1.208,1725,1498,227,2275,0.3075,0.8684,1
0.3,tail_heavy,0.9,0.25,1.0,smart,0.3,6,4000,1.25,1.2369,0.0131,1.052,1761,1520,241,2239,0.309,0.8631,1
0.3,tail_heavy,0.9,0.25,2.0,smart,0.3,0,4000,1.25,1.2928,-0.0428,-3.421,1782,1548,234,2218,0.306,0.8687,0
0.3,tail_heavy,0.9,0.25,2.0,smart,0.3,1,4000,1.25,1.2951,-0.0451,-3.604,1752,1517,235,2248,0.3045,0.8659,0
0.3,tail_heavy,0.9,0.25,2.0,smart,0.3,2,4000,1.25,1.2958,-0.0458,-3.665,1714,1481,233,2286,0.2975,0.8641,0
0.3,tail_heavy,0.9,0.25,2.0,smart,0.3,3,4000,1.25,1.2964,-0.0464,-3.716,1759,1520,239,2241,0.3023,0.8641,0
0.3,tail_heavy,0.9,0.25,2.0,smart,0.3,4,4000,1.25,1.3022,-0.0522,-4.178,1731,1485,246,2269,0.3028,0.8579,0
0.3,tail_heavy,0.9,0.25,2.0,smart,0.3,5,4000,1.25,1.3129,-0.0629,-5.033,1722,1456,266,2278,0.3,0.8455,0
0.3,tail_heavy,0.9,0.25,2.0,smart,0.3,6,4000,1.25,1.2975,-0.0475,-3.802,1680,1446,234,2320,0.2925,0.8607,0
0.3,tail_heavy,0.9,0.5,0.5,smart,0.3,0,4000,1.5,1.3885,0.1115,7.434,1717,1473,244,2283,0.295,0.8579,1
0.3,tail_heavy,0.9,0.5,0.5,smart,0.3,1,4000,1.5,1.3864,0.1136,7.575,1696,1471,225,2304,0.3028,0.8673,1
0.3,tail_heavy,0.9,0.5,0.5,smart,0.3,2,4000,1.5,1.3831,0.1169,7.796,1761,1530,231,2239,0.3053,0.8688,1
0.3,tail_heavy,0.9,0.5,0.5,smart,0.3,3,4000,1.5,1.3839,0.1161,7.742,1747,1513,234,2253,0.3118,0.8661,1
0.3,tail_heavy,0.9,0.5,0.5,smart,0.3,4,4000,1.5,1.3885,0.1115,7.431,1692,1463,229,2308,0.2913,0.8647,1
0.3,tail_heavy,0.9,0.5,0.5,smart,0.3,5,4000,1.5,1.3845,0.1155,7.698,1756,1519,237,2244,0.3065,0.865,1
0.3,tail_heavy,0.9,0.5,0.5,smart,0.3,6,4000,1.5,1.3904,0.1096,7.308,1696,1454,242,2304,0.2988,0.8573,1
0.3,tail_heavy,0.9,0.5,1.0,smart,0.3,0,4000,1.5,1.4133,0.0867,5.782,1716,1492,224,2284,0.3043,0.8695,1
0.3,tail_heavy,0.9,0.5,1.0,smart,0.3,1,4000,1.5,1.4123,0.0877,5.845,1686,1471,215,2314,0.2943,0.8725,1
0.3,tail_heavy,0.9,0.5,1.0,smart,0.3,2,4000,1.5,1.4183,0.0817,5.449,1708,1472,236,2292,0.2993,0.8618,1
0.3,tail_heavy,0.9,0.5,1.0,smart,0.3,3,4000,1.5,1.4174,0.0826,5.505,1688,1461,227,2312,0.3003,0.8655,1
0.3,tail_heavy,0.9,0.5,1.0,smart,0.3,4,4000,1.5,1.4217,0.0783,5.223,1704,1459,245,2296,0.2928,0.8562,1
0.3,tail_heavy,0.9,0.5,1.0,smart,0.3,5,4000,1.5,1.4169,0.0831,5.538,1727,1489,238,2273,0.2963,0.8622,1
0.3,tail_heavy,0.9,0.5,1.0,smart,0.3,6,4000,1.5,1.4173,0.0827,5.515,1655,1436,219,2345,0.2948,0.8677,1
0.3,tail_heavy,0.9,0.5,2.0,smart,0.3,0,4000,1.5,1.4789,0.0211,1.407,1739,1497,242,2261,0.3035,0.8608,1
0.3,tail_heavy,0.9,0.5,2.0,smart,0.3,1,4000,1.5,1.4654,0.0346,2.306,1728,1508,220,2272,0.3025,0.8727,1
0.3,tail_heavy,0.9,0.5,2.0,smart,0.3,2,4000,1.5,1.4662,0.0338,2.252,1659,1451,208,2341,0.2843,0.8746,1
0.3,tail_heavy,0.9,0.5,2.0,smart,0.3,3,4000,1.5,1.4639,0.0361,2.404,1733,1515,218,2267,0.306,0.8742,1
0.3,tail_heavy,0.9,0.5,2.0,smart,0.3,4,4000,1.5,1.4828,0.0172,1.15,1739,1489,250,2261,0.3023,0.8562,1
0.3,tail_heavy,0.9,0.5,2.0,smart,0.3,5,4000,1.5,1.4718,0.0282,1.88,1723,1492,231,2277,0.3025,0.8659,1
0.3,tail_heavy,0.9,0.5,2.0,smart,0.3,6,4000,1.5,1.4886,0.0114,0.759,1693,1439,254,2307,0.2955,0.85,1
0.3,tail_heavy,0.9,1,0.5,smart,0.3,0,4000,2.0,1.7455,0.2545,12.727,1684,1466,218,2316,0.3083,0.8705,1
0.3,tail_heavy,0.9,1,0.5,smart,0.3,1,4000,2.0,1.7554,0.2446,12.228,1716,1447,269,2284,0.2945,0.8432,1
0.3,tail_heavy,0.9,1,0.5,smart,0.3,2,4000,2.0,1.7371,0.2629,13.143,1750,1515,235,2250,0.308,0.8657,1
0.3,tail_heavy,0.9,1,0.5,smart,0.3,3,4000,2.0,1.7537,0.2463,12.317,1670,1441,229,2330,0.2898,0.8629,1
0.3,tail_heavy,0.9,1,0.5,smart,0.3,4,4000,2.0,1.7457,0.2543,12.715,1683,1466,217,2317,0.3015,0.8711,1
0.3,tail_heavy,0.9,1,0.5,smart,0.3,5,4000,2.0,1.7467,0.2533,12.667,1755,1489,266,2245,0.3063,0.8484,1
0.3,tail_heavy,0.9,1,0.5,smart,0.3,6,4000,2.0,1.7445,0.2555,12.777,1687,1471,216,2313,0.3028,0.872,1
0.3,tail_heavy,0.9,1,1.0,smart,0.3,0,4000,2.0,1.7722,0.2278,11.392,1655,1451,204,2345,0.3003,0.8767,1
0.3,tail_heavy,0.9,1,1.0,smart,0.3,1,4000,2.0,1.7657,0.2343,11.713,1708,1493,215,2292,0.3023,0.8741,1
0.3,tail_heavy,0.9,1,1.0,smart,0.3,2,4000,2.0,1.7807,0.2193,10.966,1721,1471,250,2279,0.3015,0.8547,1
0.3,tail_heavy,0.9,1,1.0,smart,0.3,3,4000,2.0,1.7752,0.2248,11.239,1749,1501,248,2251,0.3078,0.8582,1
0.3,tail_heavy,0.9,1,1.0,smart,0.3,4,4000,2.0,1.7771,0.2229,11.144,1685,1454,231,2315,0.303,0.8629,1
0.3,tail_heavy,0.9,1,1.0,smart,0.3,5,4000,2.0,1.7787,0.2213,11.067,1708,1471,237,2292,0.3073,0.8612,1
0.3,tail_heavy,0.9,1,1.0,smart,0.3,6,4000,2.0,1.7758,0.2242,11.212,1724,1485,239,2276,0.2968,0.8614,1
0.3,tail_heavy,0.9,1,2.0,smart,0.3,0,4000,2.0,1.8446,0.1554,7.768,1702,1454,248,2298,0.303,0.8543,1
0.3,tail_heavy,0.9,1,2.0,smart,0.3,1,4000,2.0,1.816,0.184,9.201,1760,1537,223,2240,0.307,0.8733,1
0.3,tail_heavy,0.9,1,2.0,smart,0.3,2,4000,2.0,1.8131,0.1869,9.347,1747,1536,211,2253,0.3063,0.8792,1
0.3,tail_heavy,0.9,1,2.0,smart,0.3,3,4000,2.0,1.8215,0.1785,8.923,1700,1488,212,2300,0.2993,0.8753,1
0.3,tail_heavy,0.9,1,2.0,smart,0.3,4,4000,2.0,1.8193,0.1807,9.036,1773,1543,230,2227,0.309,0.8703,1
0.3,tail_heavy,0.9,1,2.0,smart,0.3,5,4000,2.0,1.822,0.178,8.9,1694,1482,212,2306,0.296,0.8749,1
0.3,tail_heavy,0.9,1,2.0,smart,0.3,6,4000,2.0,1.8549,0.1451,7.254,1693,1433,260,2307,0.291,0.8464,1
0.3,tail_heavy,0.9,2,0.5,smart,0.3,0,4000,3.0,2.4603,0.5397,17.99,1739,1495,244,2261,0.3113,0.8597,1
0.3,tail_heavy,0.9,2,0.5,smart,0.3,1,4000,3.0,2.4608,0.5392,17.973,1723,1485,238,2277,0.3043,0.8619,1
0.3,tail_heavy,0.9,2,0.5,smart,0.3,2,4000,3.0,2.4703,0.5297,17.655,1712,1460,252,2288,0.2973,0.8528,1
0.3,tail_heavy,0.9,2,0.5,smart,0.3,3,4000,3.0,2.4758,0.5242,17.473,1716,1460,256,2284,0.2995,0.8508,1
0.3,tail_heavy,0.9,2,0.5,smart,0.3,4,4000,3.0,2.474,0.526,17.535,1695,1452,243,2305,0.2908,0.8566,1
0.3,tail_heavy,0.9,2,0.5,smart,0.3,5,4000,3.0,2.4579,0.5421,18.071,1727,1485,242,2273,0.3053,0.8599,1
0.3,tail_heavy,0.9,2,0.5,smart,0.3,6,4000,3.0,2.4742,0.5258,17.527,1707,1461,246,2293,0.2963,0.8559,1
0.3,tail_heavy,0.9,2,1.0,smart,0.3,0,4000,3.0,2.4877,0.5123,17.076,1670,1462,208,2330,0.3018,0.8754,1
0.3,tail_heavy,0.9,2,1.0,smart,0.3,1,4000,3.0,2.4928,0.5072,16.908,1726,1489,237,2274,0.3035,0.8627,1
0.3,tail_heavy,0.9,2,1.0,smart,0.3,2,4000,3.0,2.5036,0.4964,16.545,1712,1470,242,2288,0.3005,0.8586,1
0.3,tail_heavy,0.9,2,1.0,smart,0.3,3,4000,3.0,2.504,0.496,16.532,1736,1467,269,2264,0.2973,0.845,1
0.3,tail_heavy,0.9,2,1.0,smart,0.3,4,4000,3.0,2.4884,0.5116,17.055,1722,1495,227,2278,0.3025,0.8682,1
0.3,tail_heavy,0.9,2,1.0,smart,0.3,5,4000,3.0,2.4883,0.5117,17.057,1721,1497,224,2279,0.299,0.8698,1
0.3,tail_heavy,0.9,2,1.0,smart,0.3,6,4000,3.0,2.4785,0.5215,17.382,1723,1503,220,2277,0.299,0.8723,1
0.3,tail_heavy,0.9,2,2.0,smart,0.3,0,4000,3.0,2.5515,0.4485,14.95,1691,1465,226,2309,0.293,0.8664,1
0.3,tail_heavy,0.9,2,2.0,smart,0.3,1,4000,3.0,2.5537,0.4463,14.876,1688,1459,229,2312,0.296,0.8643,1
0.3,tail_heavy,0.9,2,2.0,smart,0.3,2,4000,3.0,2.559,0.441,14.699,1712,1466,246,2288,0.2988,0.8563,1
0.3,tail_heavy,0.9,2,2.0,smart,0.3,3,4000,3.0,2.5481,0.4519,15.062,1657,1448,209,2343,0.2968,0.8739,1
0.3,tail_heavy,0.9,2,2.0,smart,0.3,4,4000,3.0,2.5303,0.4697,15.658,1713,1495,218,2287,0.3025,0.8727,1
0.3,tail_heavy,0.9,2,2.0,smart,0.3,5,4000,3.0,2.5583,0.4417,14.723,1692,1460,232,2308,0.2998,0.8629,1
0.3,tail_heavy,0.9,2,2.0,smart,0.3,6,4000,3.0,2.5637,0.4363,14.542,1679,1445,234,2321,0.2965,0.8606,1
0.3,tail_heavy,0.9,4,0.5,smart,0.3,0,4000,5.0,3.9346,1.0654,21.309,1665,1428,237,2335,0.289,0.8577,1
0.3,tail_heavy,0.9,4,0.5,smart,0.3,1,4000,5.0,3.8826,1.1174,22.348,1735,1483,252,2265,0.3088,0.8548,1
0.3,tail_heavy,0.9,4,0.5,smart,0.3,2,4000,5.0,3.9064,1.0936,21.871,1675,1458,217,2325,0.2895,0.8704,1
0.3,tail_heavy,0.9,4,0.5,smart,0.3,3,4000,5.0,3.8503,1.1497,22.994,1740,1529,211,2260,0.306,0.8787,1
0.3,tail_heavy,0.9,4,0.5,smart,0.3,4,4000,5.0,3.9122,1.0878,21.757,1706,1460,246,2294,0.2858,0.8558,1
0.3,tail_heavy,0.9,4,0.5,smart,0.3,5,4000,5.0,3.8713,1.1287,22.574,1752,1513,239,2248,0.3053,0.8636,1
0.3,tail_heavy,0.9,4,0.5,smart,0.3,6,4000,5.0,3.9045,1.0955,21.91,1703,1461,242,2297,0.2903,0.8579,1
0.3,tail_heavy,0.9,4,1.0,smart,0.3,0,4000,5.0,3.9193,1.0807,21.615,1741,1486,255,2259,0.3013,0.8535,1
0.3,tail_heavy,0.9,4,1.0,smart,0.3,1,4000,5.0,3.9044,1.0956,21.911,1736,1506,230,2264,0.2975,0.8675,1
0.3,tail_heavy,0.9,4,1.0,smart,0.3,2,4000,5.0,3.9775,1.0225,20.451,1673,1416,257,2327,0.294,0.8464,1
0.3,tail_heavy,0.9,4,1.0,smart,0.3,3,4000,5.0,3.8819,1.1181,22.362,1752,1535,217,2248,0.3088,0.8761,1
0.3,tail_heavy,0.9,4,1.0,smart,0.3,4,4000,5.0,3.931,1.069,21.38,1675,1466,209,2325,0.3043,0.8752,1
0.3,tail_heavy,0.9,4,1.0,smart,0.3,5,4000,5.0,3.942,1.058,21.159,1717,1474,243,2283,0.2853,0.8585,1
0.3,tail_heavy,0.9,4,1.0,smart,0.3,6,4000,5.0,3.9153,1.0847,21.694,1712,1480,232,2288,0.3028,0.8645,1
0.3,tail_heavy,0.9,4,2.0,smart,0.3,0,4000,5.0,3.9661,1.0339,20.678,1710,1485,225,2290,0.312,0.8684,1
0.3,tail_heavy,0.9,4,2.0,smart,0.3,1,4000,5.0,3.9828,1.0172,20.344,1738,1485,253,2262,0.2898,0.8544,1
0.3,tail_heavy,0.9,4,2.0,smart,0.3,2,4000,5.0,3.9826,1.0174,20.348,1724,1485,239,2276,0.3033,0.8614,1
0.3,tail_heavy,0.9,4,2.0,smart,0.3,3,4000,5.0,3.9403,1.0597,21.195,1767,1532,235,2233,0.309,0.867,1
0.3,tail_heavy,0.9,4,2.0,smart,0.3,4,4000,5.0,3.9785,1.0215,20.429,1717,1481,236,2283,0.3005,0.8626,1
0.3,tail_heavy,0.9,4,2.0,smart,0.3,5,4000,5.0,4.0349,0.9651,19.303,1687,1434,253,2313,0.292,0.85,1
0.3,tail_heavy,0.9,4,2.0,smart,0.3,6,4000,5.0,4.0289,0.9711,19.423,1697,1438,259,2303,0.281,0.8474,1
0.3,tail_heavy,0.9,8,0.5,smart,0.3,0,4000,9.0,6.6655,2.3345,25.939,1768,1541,227,2232,0.3095,0.8716,1
0.3,tail_heavy,0.9,8,0.5,smart,0.3,1,4000,9.0,6.8104,2.1896,24.329,1691,1442,249,2309,0.29,0.8527,1
0.3,tail_heavy,0.9,8,0.5,smart,0.3,2,4000,9.0,6.721,2.279,25.322,1749,1506,243,2251,0.294,0.8611,1
0.3,tail_heavy,0.9,8,0.5,smart,0.3,3,4000,9.0,6.7714,2.2286,24.763,1694,1469,225,2306,0.3063,0.8672,1
0.3,tail_heavy,0.9,8,0.5,smart,0.3,4,4000,9.0,6.6509,2.3491,26.102,1762,1532,230,2238,0.3083,0.8695,1
0.3,tail_heavy,0.9,8,0.5,smart,0.3,5,4000,9.0,6.7231,2.2769,25.299,1720,1493,227,2280,0.3015,0.868,1
0.3,tail_heavy,0.9,8,0.5,smart,0.3,6,4000,9.0,6.7496,2.2504,25.004,1710,1476,234,2290,0.2958,0.8632,1
0.3,tail_heavy,0.9,8,1.0,smart,0.3,0,4000,9.0,6.7701,2.2299,24.777,1728,1484,244,2272,0.3088,0.8588,1
0.3,tail_heavy,0.9,8,1.0,smart,0.3,1,4000,9.0,6.8328,2.1672,24.08,1664,1451,213,2336,0.2878,0.872,1
0.3,tail_heavy,0.9,8,1.0,smart,0.3,2,4000,9.0,6.6984,2.3016,25.574,1782,1541,241,2218,0.3068,0.8648,1
0.3,tail_heavy,0.9,8,1.0,smart,0.3,3,4000,9.0,6.8767,2.1233,23.592,1666,1425,241,2334,0.291,0.8553,1
0.3,tail_heavy,0.9,8,1.0,smart,0.3,4,4000,9.0,6.7899,2.2101,24.557,1703,1480,223,2297,0.2923,0.8691,1
0.3,tail_heavy,0.9,8,1.0,smart,0.3,5,4000,9.0,6.7503,2.2497,24.996,1753,1510,243,2247,0.3025,0.8614,1
0.3,tail_heavy,0.9,8,1.0,smart,0.3,6,4000,9.0,6.8184,2.1816,24.24,1698,1461,237,2302,0.2878,0.8604,1
0.3,tail_heavy,0.9,8,2.0,smart,0.3,0,4000,9.0,6.861,2.139,23.767,1683,1460,223,2317,0.3025,0.8675,1
0.3,tail_heavy,0.9,8,2.0,smart,0.3,1,4000,9.0,6.8779,2.1221,23.579,1679,1453,226,2321,0.2935,0.8654,1
0.3,tail_heavy,0.9,8,2.0,smart,0.3,2,4000,9.0,6.7608,2.2392,24.881,1730,1527,203,2270,0.309,0.8827,1
0.3,tail_heavy,0.9,8,2.0,smart,0.3,3,4000,9.0,6.8937,2.1063,23.403,1683,1441,242,2317,0.2918,0.8562,1
0.3,tail_heavy,0.9,8,2.0,smart,0.3,4,4000,9.0,6.7432,2.2568,25.075,1727,1537,190,2273,0.3098,0.89,1
0.3,tail_heavy,0.9,8,2.0,smart,0.3,5,4000,9.0,6.8448,2.1552,23.947,1725,1485,240,2275,0.2938,0.8609,1
0.3,tail_heavy,0.9,8,2.0,smart,0.3,6,4000,9.0,6.817,2.183,24.256,1701,1486,215,2299,0.3,0.8736,1
0.3,tail_heavy,0.95,0.25,0.5,smart,0.3,0,4000,1.25,1.191,0.059,4.72,1671,1551,120,2329,0.2848,0.9282,1
0.3,tail_heavy,0.95,0.25,0.5,smart,0.3,1,4000,1.25,1.1905,0.0595,4.763,1662,1544,118,2338,0.3065,0.929,1
0.3,tail_heavy,0.95,0.25,0.5,smart,0.3,2,4000,1.25,1.1883,0.0617,4.936,1727,1604,123,2273,0.3083,0.9288,1
0.3,tail_heavy,0.95,0.25,0.5,smart,0.3,3,4000,1.25,1.1899,0.0601,4.805,1649,1540,109,2351,0.293,0.9339,1
0.3,tail_heavy,0.95,0.25,0.5,smart,0.3,4,4000,1.25,1.1868,0.0632,5.054,1724,1610,114,2276,0.3048,0.9339,1
0.3,tail_heavy,0.95,0.25,0.5,smart,0.3,5,4000,1.25,1.1876,0.0624,4.994,1698,1589,109,2302,0.308,0.9358,1
0.3,tail_heavy,0.95,0.25,0.5,smart,0.3,6,4000,1.25,1.1883,0.0617,4.938,1714,1596,118,2286,0.302,0.9312,1
0.3,tail_heavy,0.95,0.25,1.0,smart,0.3,0,4000,1.25,1.1991,0.0509,4.075,1725,1617,108,2275,0.3175,0.9374,1
0.3,tail_heavy,0.95,0.25,1.0,smart,0.3,1,4000,1.25,1.2033,0.0467,3.734,1627,1520,107,2373,0.2965,0.9342,1
0.3,tail_heavy,0.95,0.25,1.0,smart,0.3,2,4000,1.25,1.2055,0.0445,3.558,1686,1564,122,2314,0.3028,0.9276,1
0.3,tail_heavy,0.95,0.25,1.0,smart,0.3,3,4000,1.25,1.2003,0.0497,3.972,1703,1595,108,2297,0.3093,0.9366,1
0.3,tail_heavy,0.95,0.25,1.0,smart,0.3,4,4000,1.25,1.2064,0.0436,3.487,1689,1563,126,2311,0.295,0.9254,1
0.3,tail_heavy,0.95,0.25,1.0,smart,0.3,5,4000,1.25,1.2004,0.0496,3.964,1729,1616,113,2271,0.3123,0.9346,1
0.3,tail_heavy,0.95,0.25,1.0,smart,0.3,6,4000,1.25,1.2005,0.0495,3.962,1717,1608,109,2283,0.3085,0.9365,1
0.3,tail_heavy,0.95,0.25,2.0,smart,0.3,0,4000,1.25,1.238,0.012,0.96,1683,1557,126,2317,0.2973,0.9251,1
0.3,tail_heavy,0.95,0.25,2.0,smart,0.3,1,4000,1.25,1.2268,0.0232,1.858,1733,1623,110,2267,0.3113,0.9365,1
0.3,tail_heavy,0.95,0.25,2.0,smart,0.3,2,4000,1.25,1.2405,0.0095,0.759,1711,1579,132,2289,0.295,0.9229,1
0.3,tail_heavy,0.95,0.25,2.0,smart,0.3,3,4000,1.25,1.236,0.014,1.122,1630,1513,117,2370,0.2955,0.9282,1
0.3,tail_heavy,0.95,0.25,2.0,smart,0.3,4,4000,1.25,1.2336,0.0164,1.311,1702,1583,119,2298,0.2985,0.9301,1
0.3,tail_heavy,0.95,0.25,2.0,smart,0.3,5,4000,1.25,1.2265,0.0235,1.876,1750,1640,110,2250,0.3212,0.9371,1
0.3,tail_heavy,0.95,0.25,2.0,smart,0.3,6,4000,1.25,1.2439,0.0061,0.492,1709,1571,138,2291,0.2948,0.9193,1
0.3,tail_heavy,0.95,0.5,0.5,smart,0.3,0,4000,1.5,1.3633,0.1367,9.115,1664,1563,101,2336,0.2978,0.9393,1
0.3,tail_heavy,0.95,0.5,0.5,smart,0.3,1,4000,1.5,1.3682,0.1318,8.785,1652,1536,116,2348,0.293,0.9298,1
0.3,tail_heavy,0.95,0.5,0.5,smart,0.3,2,4000,1.5,1.3634,0.1366,9.107,1685,1566,119,2315,0.3025,0.9294,1
0.3,tail_heavy,0.95,0.5,0.5,smart,0.3,3,4000,1.5,1.3631,0.1369,9.129,1723,1599,124,2277,0.3013,0.928,1
0.3,tail_heavy,0.95,0.5,0.5,smart,0.3,4,4000,1.5,1.361,0.139,9.27,1688,1583,105,2312,0.3028,0.9378,1
0.3,tail_heavy,0.95,0.5,0.5,smart,0.3,5,4000,1.5,1.366,0.134,8.932,1639,1534,105,2361,0.2968,0.9359,1
0.3,tail_heavy,0.95,0.5,0.5,smart,0.3,6,4000,1.5,1.3639,0.1361,9.073,1664,1557,107,2336,0.303,0.9357,1
0.3,tail_heavy,0.95,0.5,1.0,smart,0.3,0,4000,1.5,1.3746,0.1254,8.363,1738,1620,118,2262,0.3088,0.9321,1
0.3,tail_heavy,0.95,0.5,1.0,smart,0.3,1,4000,1.5,1.3759,0.1241,8.275,1640,1550,90,2360,0.291,0.9451,1
0.3,tail_heavy,0.95,0.5,1.0,smart,0.3,2,4000,1.5,1.3756,0.1244,8.296,1647,1551,96,2353,0.303,0.9417,1
0.3,tail_heavy,0.95,0.5,1.0,smart,0.3,3,4000,1.5,1.3842,0.1158,7.721,1708,1570,138,2292,0.3013,0.9192,1
0.3,tail_heavy,0.95,0.5,1.0,smart,0.3,4,4000,1.5,1.3858,0.1142,7.615,1625,1504,121,2375,0.2835,0.9255,1
0.3,tail_heavy,0.95,0.5,1.0,smart,0.3,5,4000,1.5,1.3772,0.1228,8.19,1692,1579,113,2308,0.3015,0.9332,1
0.3,tail_heavy,0.95,0.5,1.0,smart,0.3,6,4000,1.5,1.3869,0.1131,7.537,1709,1562,147,2291,0.2975,0.914,1
0.3,tail_heavy,0.95,0.5,2.0,smart,0.3,0,4000,1.5,1.4163,0.0837,5.581,1693,1561,132,2307,0.302,0.922,1
0.3,tail_heavy,0.95,0.5,2.0,smart,0.3,1,4000,1.5,1.3966,0.1034,6.89,1731,1625,106,2269,0.308,0.9388,1
0.3,tail_heavy,0.95,0.5,2.0,smart,0.3,2,4000,1.5,1.4064,0.0936,6.242,1713,1593,120,2287,0.3045,0.9299,1
0.3,tail_heavy,0.95,0.5,2.0,smart,0.3,3,4000,1.5,1.4159,0.0841,5.609,1642,1519,123,2358,0.2965,0.9251,1
0.3,tail_heavy,0.95,0.5,2.0,smart,0.3,4,4000,1.5,1.4098,0.0902,6.016,1671,1553,118,2329,0.2955,0.9294,1
0.3,tail_heavy,0.95,0.5,2.0,smart,0.3,5,4000,1.5,1.4145,0.0855,5.698,1688,1559,129,2312,0.301,0.9236,1
0.3,tail_heavy,0.95,0.5,2.0,smart,0.3,6,4000,1.5,1.416,0.084,5.601,1649,1523,126,2351,0.2928,0.9236,1
0.3,tail_heavy,0.95,1,0.5,smart,0.3,0,4000,2.0,1.7103,0.2897,14.484,1697,1587,110,2303,0.3045,0.9352,1
0.3,tail_heavy,0.95,1,0.5,smart,0.3,1,4000,2.0,1.7113,0.2887,14.436,1696,1590,106,2304,0.2973,0.9375,1
0.3,tail_heavy,0.95,1,0.5,smart,0.3,2,4000,2.0,1.7171,0.2829,14.144,1706,1571,135,2294,0.2985,0.9209,1
0.3,tail_heavy,0.95,1,0.5,smart,0.3,3,4000,2.0,1.716,0.284,14.2,1697,1569,128,2303,0.3093,0.9246,1
0.3,tail_heavy,0.95,1,0.5,smart,0.3,4,4000,2.0,1.7132,0.2868,14.339,1680,1564,116,2320,0.3078,0.931,1
0.3,tail_heavy,0.95,1,0.5,smart,0.3,5,4000,2.0,1.7194,0.2806,14.03,1684,1558,126,2316,0.296,0.9252,1
0.3,tail_heavy,0.95,1,0.5,smart,0.3,6,4000,2.0,1.716,0.284,14.198,1677,1558,119,2323,0.3023,0.929,1
0.3,tail_heavy,0.95,1,1.0,smart,0.3,0,4000,2.0,1.7293,0.2707,13.536,1657,1548,109,2343,0.301,0.9342,1
0.3,tail_heavy,0.95,1,1.0,smart,0.3,1,4000,2.0,1.7397,0.2603,13.017,1646,1525,121,2354,0.294,0.9265,1
0.3,tail_heavy,0.95,1,1.0,smart,0.3,2,4000,2.0,1.7224,0.2776,13.882,1721,1600,121,2279,0.3048,0.9297,1
0.3,tail_heavy,0.95,1,1.0,smart,0.3,3,4000,2.0,1.734,0.266,13.298,1673,1548,125,2327,0.2993,0.9253,1
0.3,tail_heavy,0.95,1,1.0,smart,0.3,4,4000,2.0,1.728,0.272,13.599,1705,1581,124,2295,0.305,0.9273,1
0.3,tail_heavy,0.95,1,1.0,smart,0.3,5,4000,2.0,1.7249,0.2751,13.755,1693,1583,110,2307,0.304,0.935,1
0.3,tail_heavy,0.95,1,1.0,smart,0.3,6,4000,2.0,1.7195,0.2805,14.025,1714,1602,112,2286,0.3155,0.9347,1
0.3,tail_heavy,0.95,1,2.0,smart,0.3,0,4000,2.0,1.7642,0.2358,11.789,1716,1583,133,2284,0.302,0.9225,1
0.3,tail_heavy,0.95,1,2.0,smart,0.3,1,4000,2.0,1.7609,0.2391,11.956,1658,1543,115,2342,0.291,0.9306,1
0.3,tail_heavy,0.95,1,2.0,smart,0.3,2,4000,2.0,1.75,0.25,12.502,1760,1635,125,2240,0.3065,0.929,1
0.3,tail_heavy,0.95,1,2.0,smart,0.3,3,4000,2.0,1.7609,0.2391,11.957,1696,1574,122,2304,0.2995,0.9281,1
0.3,tail_heavy,0.95,1,2.0,smart,0.3,4,4000,2.0,1.755,0.245,12.251,1656,1552,104,2344,0.2968,0.9372,1
0.3,tail_heavy,0.95,1,2.0,smart,0.3,5,4000,2.0,1.7659,0.2341,11.704,1661,1540,121,2339,0.2965,0.9272,1
0.3,tail_heavy,0.95,1,2.0,smart,0.3,6,4000,2.0,1.763,0.237,11.852,1645,1531,114,2355,0.289,0.9307,1
0.3,tail_heavy,0.95,2,0.5,smart,0.3,0,4000,3.0,2.4341,0.5659,18.864,1638,1512,126,2362,0.2855,0.9231,1
0.3,tail_heavy,0.95,2,0.5,smart,0.3,1,4000,3.0,2.4118,0.5882,19.607,1679,1573,106,2321,0.295,0.9369,1
0.3,tail_heavy,0.95,2,0.5,smart,0.3,2,4000,3.0,2.4296,0.5704,19.014,1636,1532,104,2364,0.2968,0.9364,1
0.3,tail_heavy,0.95,2,0.5,smart,0.3,3,4000,3.0,2.4092,0.5908,19.692,1693,1579,114,2307,0.296,0.9327,1
0.3,tail_heavy,0.95,2,0.5,smart,0.3,4,4000,3.0,2.4264,0.5736,19.119,1638,1538,100,2362,0.2955,0.9389,1
0.3,tail_heavy,0.95,2,0.5,smart,0.3,5,4000,3.0,2.4017,0.5983,19.942,1703,1588,115,2297,0.3023,0.9325,1
0.3,tail_heavy,0.95,2,0.5,smart,0.3,6,4000,3.0,2.4258,0.5742,19.141,1671,1545,126,2329,0.293,0.9246,1
0.3,tail_heavy,0.95,2,1.0,smart,0.3,0,4000,3.0,2.4068,0.5932,19.773,1742,1620,122,2258,0.308,0.93,1
0.3,tail_heavy,0.95,2,1.0,smart,0.3,1,4000,3.0,2.4387,0.5613,18.71,1672,1550,122,2328,0.291,0.927,1
0.3,tail_heavy,0.95,2,1.0,smart,0.3,2,4000,3.0,2.4681,0.5319,17.729,1639,1489,150,2361,0.2765,0.9085,1
0.3,tail_heavy,0.95,2,1.0,smart,0.3,3,4000,3.0,2.4433,0.5567,18.556,1672,1546,126,2328,0.2973,0.9246,1
0.3,tail_heavy,0.95,2,1.0,smart,0.3,4,4000,3.0,2.4248,0.5752,19.174,1703,1581,122,2297,0.3023,0.9284,1
0.3,tail_heavy,0.95,2,1.0,smart,0.3,5,4000,3.0,2.4183,0.5817,19.39,1664,1569,95,2336,0.303,0.9429,1
0.3,tail_heavy,0.95,2,1.0,smart,0.3,6,4000,3.0,2.4226,0.5774,19.247,1725,1586,139,2275,0.3078,0.9194,1
0.3,tail_heavy,0.95,2,2.0,smart,0.3,0,4000,3.0,2.4522,0.5478,18.261,1714,1588,126,2286,0.3038,0.9265,1
0.3,tail_heavy,0.95,2,2.0,smart,0.3,1,4000,3.0,2.4559,0.5441,18.136,1687,1572,115,2313,0.2978,0.9318,1
0.3,tail_heavy,0.95,2,2.0,smart,0.3,2,4000,3.0,2.4921,0.5079,16.931,1627,1494,133,2373,0.293,0.9183,1
0.3,tail_heavy,0.95,2,2.0,smart,0.3,3,4000,3.0,2.4302,0.5698,18.993,1732,1624,108,2268,0.3207,0.9376,1
0.3,tail_heavy,0.95,2,2.0,smart,0.3,4,4000,3.0,2.4583,0.5417,18.055,1707,1571,136,2293,0.3015,0.9203,1
0.3,tail_heavy,0.95,2,2.0,smart,0.3,5,4000,3.0,2.4429,0.5571,18.571,1714,1600,114,2286,0.31,0.9335,1
0.3,tail_heavy,0.95,2,2.0,smart,0.3,6,4000,3.0,2.4742,0.5258,17.526,1618,1508,110,2382,0.2965,0.932,1
0.3,tail_heavy,0.95,4,0.5,smart,0.3,0,4000,5.0,3.8072,1.1928,23.857,1676,1563,113,2324,0.303,0.9326,1
0.3,tail_heavy,0.95,4,0.5,smart,0.3,1,4000,5.0,3.8189,1.1811,23.623,1683,1567,116,2317,0.3095,0.9311,1
0.3,tail_heavy,0.95,4,0.5,smart,0.3,2,4000,5.0,3.8196,1.1804,23.608,1678,1560,118,2322,0.3023,0.9297,1
0.3,tail_heavy,0.95,4,0.5,smart,0.3,3,4000,5.0,3.817,1.183,23.66,1696,1571,125,2304,0.2975,0.9263,1
0.3,tail_heavy,0.95,4,0.5,smart,0.3,4,4000,5.0,3.8221,1.1779,23.559,1660,1547,113,2340,0.3045,0.9319,1
0.3,tail_heavy,0.95,4,0.5,smart,0.3,5,4000,5.0,3.7647,1.2353,24.707,1725,1618,107,2275,0.304,0.938,1
0.3,tail_heavy,0.95,4,0.5,smart,0.3,6,4000,5.0,3.7788,1.2212,24.424,1723,1603,120,2277,0.3103,0.9304,1
0.3,tail_heavy,0.95,4,1.0,smart,0.3,0,4000,5.0,3.7953,1.2047,24.094,1722,1602,120,2278,0.3103,0.9303,1
0.3,tail_heavy,0.95,4,1.0,smart,0.3,1,4000,5.0,3.8479,1.1521,23.041,1685,1557,128,2315,0.3053,0.924,1
0.3,tail_heavy,0.95,4,1.0,smart,0.3,2,4000,5.0,3.8409,1.1591,23.182,1656,1552,104,2344,0.2945,0.9372,1
0.3,tail_heavy,0.95,4,1.0,smart,0.3,3,4000,5.0,3.8302,1.1698,23.396,1706,1568,138,2294,0.3058,0.9191,1
0.3,tail_heavy,0.95,4,1.0,smart,0.3,4,4000,5.0,3.8431,1.1569,23.138,1670,1550,120,2330,0.2975,0.9281,1
0.3,tail_heavy,0.95,4,1.0,smart,0.3,5,4000,5.0,3.8803,1.1197,22.394,1624,1501,123,2376,0.2875,0.9243,1
0.3,tail_heavy,0.95,4,1.0,smart,0.3,6,4000,5.0,3.7988,1.2012,24.025,1699,1600,99,2301,0.3132,0.9417,1
0.3,tail_heavy,0.95,4,2.0,smart,0.3,0,4000,5.0,3.8678,1.1322,22.644,1669,1556,113,2331,0.3003,0.9323,1
0.3,tail_heavy,0.95,4,2.0,smart,0.3,1,4000,5.0,3.8637,1.1363,22.726,1682,1566,116,2318,0.2965,0.931,1
0.3,tail_heavy,0.95,4,2.0,smart,0.3,2,4000,5.0,3.835,1.165,23.299,1699,1586,113,2301,0.31,0.9335,1
0.3,tail_heavy,0.95,4,2.0,smart,0.3,3,4000,5.0,3.8214,1.1786,23.572,1702,1599,103,2298,0.3152,0.9395,1
0.3,tail_heavy,0.95,4,2.0,smart,0.3,4,4000,5.0,3.8559,1.1441,22.883,1689,1579,110,2311,0.3028,0.9349,1
0.3,tail_heavy,0.95,4,2.0,smart,0.3,5,4000,5.0,3.8428,1.1572,23.144,1671,1573,98,2329,0.3053,0.9414,1
0.3,tail_heavy,0.95,4,2.0,smart,0.3,6,4000,5.0,3.8386,1.1614,23.228,1716,1592,124,2284,0.3098,0.9277,1
0.3,tail_heavy,0.95,8,0.5,smart,0.3,0,4000,9.0,6.5978,2.4022,26.691,1682,1577,105,2318,0.3008,0.9376,1
0.3,tail_heavy,0.95,8,0.5,smart,0.3,1,4000,9.0,6.6273,2.3727,26.363,1682,1566,116,2318,0.2945,0.931,1
0.3,tail_heavy,0.95,8,0.5,smart,0.3,2,4000,9.0,6.5976,2.4024,26.694,1694,1579,115,2306,0.3,0.9321,1
0.3,tail_heavy,0.95,8,0.5,smart,0.3,3,4000,9.0,6.5563,2.4437,27.153,1727,1606,121,2273,0.297,0.9299,1
0.3,tail_heavy,0.95,8,0.5,smart,0.3,4,4000,9.0,6.7001,2.2999,25.554,1609,1508,101,2391,0.2953,0.9372,1
0.3,tail_heavy,0.95,8,0.5,smart,0.3,5,4000,9.0,6.6455,2.3545,26.162,1660,1548,112,2340,0.2938,0.9325,1
0.3,tail_heavy,0.95,8,0.5,smart,0.3,6,4000,9.0,6.5738,2.4262,26.958,1708,1598,110,2292,0.3058,0.9356,1
0.3,tail_heavy,0.95,8,1.0,smart,0.3,0,4000,9.0,6.5453,2.4547,27.274,1729,1608,121,2271,0.311,0.93,1
0.3,tail_heavy,0.95,8,1.0,smart,0.3,1,4000,9.0,6.6254,2.3746,26.385,1666,1570,96,2334,0.3055,0.9424,1
0.3,tail_heavy,0.95,8,1.0,smart,0.3,2,4000,9.0,6.6488,2.3512,26.125,1677,1563,114,2323,0.3058,0.932,1
0.3,tail_heavy,0.95,8,1.0,smart,0.3,3,4000,9.0,6.6364,2.3636,26.263,1673,1557,116,2327,0.3053,0.9307,1
0.3,tail_heavy,0.95,8,1.0,smart,0.3,4,4000,9.0,6.685,2.315,25.722,1636,1522,114,2364,0.2885,0.9303,1
0.3,tail_heavy,0.95,8,1.0,smart,0.3,5,4000,9.0,6.6671,2.3329,25.921,1662,1544,118,2338,0.2963,0.929,1
0.3,tail_heavy,0.95,8,1.0,smart,0.3,6,4000,9.0,6.6443,2.3557,26.174,1655,1553,102,2345,0.3003,0.9384,1
0.3,tail_heavy,0.95,8,2.0,smart,0.3,0,4000,9.0,6.6323,2.3677,26.307,1695,1583,112,2305,0.3098,0.9339,1
0.3,tail_heavy,0.95,8,2.0,smart,0.3,1,4000,9.0,6.6339,2.3661,26.29,1702,1579,123,2298,0.301,0.9277,1
0.3,tail_heavy,0.95,8,2.0,smart,0.3,2,4000,9.0,6.6988,2.3012,25.569,1658,1537,121,2342,0.2973,0.927,1
0.3,tail_heavy,0.95,8,2.0,smart,0.3,3,4000,9.0,6.5518,2.4482,27.202,1726,1628,98,2274,0.3105,0.9432,1
0.3,tail_heavy,0.95,8,2.0,smart,0.3,4,4000,9.0,6.6853,2.3147,25.719,1668,1549,119,2332,0.2978,0.9287,1
0.3,tail_heavy,0.95,8,2.0,smart,0.3,5,4000,9.0,6.7049,2.2951,25.501,1661,1540,121,2339,0.2928,0.9272,1
0.3,tail_heavy,0.95,8,2.0,smart,0.3,6,4000,9.0,6.6612,2.3388,25.986,1689,1569,120,2311,0.294,0.929,1
0.3,tail_heavy,1.0,0.25,0.5,smart,0.3,0,4000,1.25,1.174,0.076,6.078,1576,1576,0,2424,0.289,1.0,1
0.3,tail_heavy,1.0,0.25,0.5,smart,0.3,1,4000,1.25,1.1715,0.0785,6.276,1649,1649,0,2351,0.294,1.0,1
0.3,tail_heavy,1.0,0.25,0.5,smart,0.3,2,4000,1.25,1.1688,0.0812,6.499,1687,1687,0,2313,0.3192,1.0,1
0.3,tail_heavy,1.0,0.25,0.5,smart,0.3,3,4000,1.25,1.1715,0.0785,6.28,1630,1630,0,2370,0.301,1.0,1
0.3,tail_heavy,1.0,0.25,0.5,smart,0.3,4,4000,1.25,1.1681,0.0819,6.554,1706,1706,0,2294,0.3033,1.0,1
0.3,tail_heavy,1.0,0.25,0.5,smart,0.3,5,4000,1.25,1.1712,0.0788,6.301,1632,1632,0,2368,0.293,1.0,1
0.3,tail_heavy,1.0,0.25,0.5,smart,0.3,6,4000,1.25,1.1711,0.0789,6.309,1647,1647,0,2353,0.2998,1.0,1
0.3,tail_heavy,1.0,0.25,1.0,smart,0.3,0,4000,1.25,1.1747,0.0753,6.022,1580,1580,0,2420,0.2865,1.0,1
0.3,tail_heavy,1.0,0.25,1.0,smart,0.3,1,4000,1.25,1.1715,0.0785,6.282,1639,1639,0,2361,0.2945,1.0,1
0.3,tail_heavy,1.0,0.25,1.0,smart,0.3,2,4000,1.25,1.1712,0.0788,6.305,1636,1636,0,2364,0.3038,1.0,1
0.3,tail_heavy,1.0,0.25,1.0,smart,0.3,3,4000,1.25,1.1709,0.0791,6.326,1650,1650,0,2350,0.3015,1.0,1
0.3,tail_heavy,1.0,0.25,1.0,smart,0.3,4,4000,1.25,1.1697,0.0803,6.425,1684,1684,0,2316,0.304,1.0,1
0.3,tail_heavy,1.0,0.25,1.0,smart,0.3,5,4000,1.25,1.1708,0.0792,6.338,1665,1665,0,2335,0.2993,1.0,1
0.3,tail_heavy,1.0,0.25,1.0,smart,0.3,6,4000,1.25,1.1693,0.0807,6.456,1683,1683,0,2317,0.3098,1.0,1
0.3,tail_heavy,1.0,0.25,2.0,smart,0.3,0,4000,1.25,1.1695,0.0805,6.436,1676,1676,0,2324,0.3068,1.0,1
0.3,tail_heavy,1.0,0.25,2.0,smart,0.3,1,4000,1.25,1.1698,0.0802,6.414,1674,1674,0,2326,0.307,1.0,1
0.3,tail_heavy,1.0,0.25,2.0,smart,0.3,2,4000,1.25,1.1713,0.0787,6.293,1638,1638,0,2362,0.304,1.0,1
0.3,tail_heavy,1.0,0.25,2.0,smart,0.3,3,4000,1.25,1.1679,0.0821,6.57,1707,1707,0,2293,0.3125,1.0,1
0.3,tail_heavy,1.0,0.25,2.0,smart,0.3,4,4000,1.25,1.1712,0.0788,6.303,1637,1637,0,2363,0.3008,1.0,1
0.3,tail_heavy,1.0,0.25,2.0,smart,0.3,5,4000,1.25,1.1687,0.0813,6.507,1702,1702,0,2298,0.3232,1.0,1
0.3,tail_heavy,1.0,0.25,2.0,smart,0.3,6,4000,1.25,1.1706,0.0794,6.349,1645,1645,0,2355,0.2978,1.0,1
0.3,tail_heavy,1.0,0.5,0.5,smart,0.3,0,4000,1.5,1.3403,0.1597,10.644,1660,1660,0,2340,0.2938,1.0,1
0.3,tail_heavy,1.0,0.5,0.5,smart,0.3,1,4000,1.5,1.3424,0.1576,10.509,1639,1639,0,2361,0.3048,1.0,1
0.3,tail_heavy,1.0,0.5,0.5,smart,0.3,2,4000,1.5,1.3424,0.1576,10.506,1639,1639,0,2361,0.2998,1.0,1
0.3,tail_heavy,1.0,0.5,0.5,smart,0.3,3,4000,1.5,1.3376,0.1624,10.826,1700,1700,0,2300,0.311,1.0,1
0.3,tail_heavy,1.0,0.5,0.5,smart,0.3,4,4000,1.5,1.3452,0.1548,10.32,1609,1609,0,2391,0.293,1.0,1
0.3,tail_heavy,1.0,0.5,0.5,smart,0.3,5,4000,1.5,1.3474,0.1526,10.172,1596,1596,0,2404,0.2843,1.0,1
0.3,tail_heavy,1.0,0.5,0.5,smart,0.3,6,4000,1.5,1.3416,0.1584,10.561,1646,1646,0,2354,0.2968,1.0,1
0.3,tail_heavy,1.0,0.5,1.0,smart,0.3,0,4000,1.5,1.3477,0.1523,10.156,1589,1589,0,2411,0.2915,1.0,1
0.3,tail_heavy,1.0,0.5,1.0,smart,0.3,1,4000,1.5,1.3461,0.1539,10.261,1616,1616,0,2384,0.2815,1.0,1
0.3,tail_heavy,1.0,0.5,1.0,smart,0.3,2,4000,1.5,1.3467,0.1533,10.217,1601,1601,0,2399,0.29,1.0,1
0.3,tail_heavy,1.0,0.5,1.0,smart,0.3,3,4000,1.5,1.3405,0.1595,10.634,1655,1655,0,2345,0.3093,1.0,1
0.3,tail_heavy,1.0,0.5,1.0,smart,0.3,4,4000,1.5,1.3432,0.1568,10.453,1628,1628,0,2372,0.296,1.0,1
0.3,tail_heavy,1.0,0.5,1.0,smart,0.3,5,4000,1.5,1.3398,0.1602,10.678,1678,1678,0,2322,0.3038,1.0,1
0.3,tail_heavy,1.0,0.5,1.0,smart,0.3,6,4000,1.5,1.3415,0.1585,10.568,1640,1640,0,2360,0.3045,1.0,1
0.3,tail_heavy,1.0,0.5,2.0,smart,0.3,0,4000,1.5,1.3451,0.1549,10.329,1605,1605,0,2395,0.2925,1.0,1
0.3,tail_heavy,1.0,0.5,2.0,smart,0.3,1,4000,1.5,1.3414,0.1586,10.574,1646,1646,0,2354,0.3018,1.0,1
0.3,tail_heavy,1.0,0.5,2.0,smart,0.3,2,4000,1.5,1.3425,0.1575,10.497,1636,1636,0,2364,0.299,1.0,1
0.3,tail_heavy,1.0,0.5,2.0,smart,0.3,3,4000,1.5,1.3383,0.1617,10.783,1679,1679,0,2321,0.3045,1.0,1
0.3,tail_heavy,1.0,0.5,2.0,smart,0.3,4,4000,1.5,1.3427,0.1573,10.486,1632,1632,0,2368,0.2963,1.0,1
0.3,tail_heavy,1.0,0.5,2.0,smart,0.3,5,4000,1.5,1.3362,0.1638,10.92,1715,1715,0,2285,0.3073,1.0,1
0.3,tail_heavy,1.0,0.5,2.0,smart,0.3,6,4000,1.5,1.3411,0.1589,10.594,1657,1657,0,2343,0.2978,1.0,1
0.3,tail_heavy,1.0,1,0.5,smart,0.3,0,4000,2.0,1.682,0.318,15.902,1647,1647,0,2353,0.2955,1.0,1
0.3,tail_heavy,1.0,1,0.5,smart,0.3,1,4000,2.0,1.6965,0.3035,15.173,1586,1586,0,2414,0.2915,1.0,1
0.3,tail_heavy,1.0,1,0.5,smart,0.3,2,4000,2.0,1.6847,0.3153,15.764,1640,1640,0,2360,0.2965,1.0,1
0.3,tail_heavy,1.0,1,0.5,smart,0.3,3,4000,2.0,1.6817,0.3183,15.914,1662,1662,0,2338,0.2913,1.0,1
0.3,tail_heavy,1.0,1,0.5,smart,0.3,4,4000,2.0,1.6789,0.3211,16.056,1677,1677,0,2323,0.302,1.0,1
0.3,tail_heavy,1.0,1,0.5,smart,0.3,5,4000,2.0,1.684,0.316,15.8,1641,1641,0,2359,0.296,1.0,1
0.3,tail_heavy,1.0,1,0.5,smart,0.3,6,4000,2.0,1.6861,0.3139,15.697,1639,1639,0,2361,0.2953,1.0,1
0.3,tail_heavy,1.0,1,1.0,smart,0.3,0,4000,2.0,1.689,0.311,15.551,1632,1632,0,2368,0.298,1.0,1
0.3,tail_heavy,1.0,1,1.0,smart,0.3,1,4000,2.0,1.6922,0.3078,15.392,1607,1607,0,2393,0.3003,1.0,1
0.3,tail_heavy,1.0,1,1.0,smart,0.3,2,4000,2.0,1.6897,0.3103,15.513,1608,1608,0,2392,0.286,1.0,1
0.3,tail_heavy,1.0,1,1.0,smart,0.3,3,4000,2.0,1.6867,0.3133,15.667,1636,1636,0,2364,0.305,1.0,1
0.3,tail_heavy,1.0,1,1.0,smart,0.3,4,4000,2.0,1.6854,0.3146,15.731,1643,1643,0,2357,0.2993,1.0,1
0.3,tail_heavy,1.0,1,1.0,smart,0.3,5,4000,2.0,1.6799,0.3201,16.003,1671,1671,0,2329,0.2953,1.0,1
0.3,tail_heavy,1.0,1,1.0,smart,0.3,6,4000,2.0,1.6812,0.3188,15.94,1664,1664,0,2336,0.3,1.0,1
0.3,tail_heavy,1.0,1,2.0,smart,0.3,0,4000,2.0,1.6867,0.3133,15.665,1637,1637,0,2363,0.2928,1.0,1
0.3,tail_heavy,1.0,1,2.0,smart,0.3,1,4000,2.0,1.6694,0.3306,16.53,1719,1719,0,2281,0.307,1.0,1
0.3,tail_heavy,1.0,1,2.0,smart,0.3,2,4000,2.0,1.6824,0.3176,15.882,1664,1664,0,2336,0.297,1.0,1
0.3,tail_heavy,1.0,1,2.0,smart,0.3,3,4000,2.0,1.6886,0.3114,15.569,1630,1630,0,2370,0.2975,1.0,1
0.3,tail_heavy,1.0,1,2.0,smart,0.3,4,4000,2.0,1.6831,0.3169,15.843,1656,1656,0,2344,0.2923,1.0,1
0.3,tail_heavy,1.0,1,2.0,smart,0.3,5,4000,2.0,1.6836,0.3164,15.821,1656,1656,0,2344,0.2925,1.0,1
0.3,tail_heavy,1.0,1,2.0,smart,0.3,6,4000,2.0,1.6774,0.3226,16.132,1678,1678,0,2322,0.3035,1.0,1
0.3,tail_heavy,1.0,2,0.5,smart,0.3,0,4000,3.0,2.35,0.65,21.665,1693,1693,0,2307,0.3105,1.0,1
0.3,tail_heavy,1.0,2,0.5,smart,0.3,1,4000,3.0,2.3828,0.6172,20.574,1612,1612,0,2388,0.2853,1.0,1
0.3,tail_heavy,1.0,2,0.5,smart,0.3,2,4000,3.0,2.3516,0.6484,21.614,1695,1695,0,2305,0.3085,1.0,1
0.3,tail_heavy,1.0,2,0.5,smart,0.3,3,4000,3.0,2.3774,0.6226,20.753,1627,1627,0,2373,0.294,1.0,1
0.3,tail_heavy,1.0,2,0.5,smart,0.3,4,4000,3.0,2.3795,0.6205,20.682,1622,1622,0,2378,0.294,1.0,1
0.3,tail_heavy,1.0,2,0.5,smart,0.3,5,4000,3.0,2.3629,0.6371,21.236,1657,1657,0,2343,0.3103,1.0,1
0.3,tail_heavy,1.0,2,0.5,smart,0.3,6,4000,3.0,2.3621,0.6379,21.262,1663,1663,0,2337,0.294,1.0,1
0.3,tail_heavy,1.0,2,1.0,smart,0.3,0,4000,3.0,2.3802,0.6198,20.66,1612,1612,0,2388,0.305,1.0,1
0.3,tail_heavy,1.0,2,1.0,smart,0.3,1,4000,3.0,2.3629,0.6371,21.236,1655,1655,0,2345,0.3013,1.0,1
0.3,tail_heavy,1.0,2,1.0,smart,0.3,2,4000,3.0,2.3556,0.6444,21.481,1678,1678,0,2322,0.298,1.0,1
0.3,tail_heavy,1.0,2,1.0,smart,0.3,3,4000,3.0,2.3494,0.6506,21.686,1685,1685,0,2315,0.307,1.0,1
0.3,tail_heavy,1.0,2,1.0,smart,0.3,4,4000,3.0,2.3839,0.6161,20.537,1616,1616,0,2384,0.281,1.0,1
0.3,tail_heavy,1.0,2,1.0,smart,0.3,5,4000,3.0,2.3625,0.6375,21.249,1664,1664,0,2336,0.2965,1.0,1
0.3,tail_heavy,1.0,2,1.0,smart,0.3,6,4000,3.0,2.385,0.615,20.501,1586,1586,0,2414,0.2868,1.0,1
0.3,tail_heavy,1.0,2,2.0,smart,0.3,0,4000,3.0,2.3894,0.6106,20.353,1599,1599,0,2401,0.2903,1.0,1
0.3,tail_heavy,1.0,2,2.0,smart,0.3,1,4000,3.0,2.3458,0.6542,21.806,1713,1713,0,2287,0.3025,1.0,1
0.3,tail_heavy,1.0,2,2.0,smart,0.3,2,4000,3.0,2.376,0.624,20.8,1631,1631,0,2369,0.2998,1.0,1
0.3,tail_heavy,1.0,2,2.0,smart,0.3,3,4000,3.0,2.3608,0.6392,21.307,1652,1652,0,2348,0.3003,1.0,1
0.3,tail_heavy,1.0,2,2.0,smart,0.3,4,4000,3.0,2.3623,0.6377,21.258,1655,1655,0,2345,0.3033,1.0,1
0.3,tail_heavy,1.0,2,2.0,smart,0.3,5,4000,3.0,2.3822,0.6178,20.593,1614,1614,0,2386,0.2885,1.0,1
0.3,tail_heavy,1.0,2,2.0,smart,0.3,6,4000,3.0,2.3541,0.6459,21.53,1675,1675,0,2325,0.2995,1.0,1
0.3,tail_heavy,1.0,4,0.5,smart,0.3,0,4000,5.0,3.7242,1.2758,25.516,1676,1676,0,2324,0.3035,1.0,1
0.3,tail_heavy,1.0,4,0.5,smart,0.3,1,4000,5.0,3.7233,1.2767,25.534,1657,1657,0,2343,0.3045,1.0,1
0.3,tail_heavy,1.0,4,0.5,smart,0.3,2,4000,5.0,3.7101,1.2899,25.799,1677,1677,0,2323,0.309,1.0,1
0.3,tail_heavy,1.0,4,0.5,smart,0.3,3,4000,5.0,3.7145,1.2855,25.711,1676,1676,0,2324,0.309,1.0,1
0.3,tail_heavy,1.0,4,0.5,smart,0.3,4,4000,5.0,3.7739,1.2261,24.522,1611,1611,0,2389,0.2848,1.0,1
0.3,tail_heavy,1.0,4,0.5,smart,0.3,5,4000,5.0,3.7281,1.2719,25.439,1667,1667,0,2333,0.2918,1.0,1
0.3,tail_heavy,1.0,4,0.5,smart,0.3,6,4000,5.0,3.7056,1.2944,25.889,1682,1682,0,2318,0.3028,1.0,1
0.3,tail_heavy,1.0,4,1.0,smart,0.3,0,4000,5.0,3.7203,1.2797,25.593,1685,1685,0,2315,0.3023,1.0,1
0.3,tail_heavy,1.0,4,1.0,smart,0.3,1,4000,5.0,3.7191,1.2809,25.617,1670,1670,0,2330,0.3068,1.0,1
0.3,tail_heavy,1.0,4,1.0,smart,0.3,2,4000,5.0,3.7559,1.2441,24.883,1617,1617,0,2383,0.2875,1.0,1
0.3,tail_heavy,1.0,4,1.0,smart,0.3,3,4000,5.0,3.7561,1.2439,24.878,1626,1626,0,2374,0.2915,1.0,1
0.3,tail_heavy,1.0,4,1.0,smart,0.3,4,4000,5.0,3.7437,1.2563,25.125,1639,1639,0,2361,0.2923,1.0,1
0.3,tail_heavy,1.0,4,1.0,smart,0.3,5,4000,5.0,3.69,1.31,26.2,1705,1705,0,2295,0.3088,1.0,1
0.3,tail_heavy,1.0,4,1.0,smart,0.3,6,4000,5.0,3.733,1.267,25.34,1649,1649,0,2351,0.2983,1.0,1
0.3,tail_heavy,1.0,4,2.0,smart,0.3,0,4000,5.0,3.7337,1.2663,25.325,1645,1645,0,2355,0.2943,1.0,1
0.3,tail_heavy,1.0,4,2.0,smart,0.3,1,4000,5.0,3.7603,1.2397,24.795,1630,1630,0,2370,0.2993,1.0,1
0.3,tail_heavy,1.0,4,2.0,smart,0.3,2,4000,5.0,3.7675,1.2325,24.649,1597,1597,0,2403,0.297,1.0,1
0.3,tail_heavy,1.0,4,2.0,smart,0.3,3,4000,5.0,3.7252,1.2748,25.496,1659,1659,0,2341,0.3108,1.0,1
0.3,tail_heavy,1.0,4,2.0,smart,0.3,4,4000,5.0,3.7423,1.2577,25.154,1642,1642,0,2358,0.3,1.0,1
0.3,tail_heavy,1.0,4,2.0,smart,0.3,5,4000,5.0,3.7491,1.2509,25.018,1622,1622,0,2378,0.306,1.0,1
0.3,tail_heavy,1.0,4,2.0,smart,0.3,6,4000,5.0,3.7497,1.2503,25.007,1643,1643,0,2357,0.2885,1.0,1
0.3,tail_heavy,1.0,8,0.5,smart,0.3,0,4000,9.0,6.4921,2.5079,27.865,1623,1623,0,2377,0.2965,1.0,1
0.3,tail_heavy,1.0,8,0.5,smart,0.3,1,4000,9.0,6.5004,2.4996,27.774,1630,1630,0,2370,0.2935,1.0,1
0.3,tail_heavy,1.0,8,0.5,smart,0.3,2,4000,9.0,6.4852,2.5148,27.942,1641,1641,0,2359,0.305,1.0,1
0.3,tail_heavy,1.0,8,0.5,smart,0.3,3,4000,9.0,6.4213,2.5787,28.652,1662,1662,0,2338,0.3118,1.0,1
0.3,tail_heavy,1.0,8,0.5,smart,0.3,4,4000,9.0,6.4829,2.5171,27.968,1633,1633,0,2367,0.2968,1.0,1
0.3,tail_heavy,1.0,8,0.5,smart,0.3,5,4000,9.0,6.4754,2.5246,28.051,1642,1642,0,2358,0.307,1.0,1
0.3,tail_heavy,1.0,8,0.5,smart,0.3,6,4000,9.0,6.5554,2.4446,27.162,1589,1589,0,2411,0.291,1.0,1
0.3,tail_heavy,1.0,8,1.0,smart,0.3,0,4000,9.0,6.5399,2.4601,27.335,1603,1603,0,2397,0.2888,1.0,1
0.3,tail_heavy,1.0,8,1.0,smart,0.3,1,4000,9.0,6.487,2.513,27.922,1628,1628,0,2372,0.3023,1.0,1
0.3,tail_heavy,1.0,8,1.0,smart,0.3,2,4000,9.0,6.4584,2.5416,28.24,1656,1656,0,2344,0.293,1.0,1
0.3,tail_heavy,1.0,8,1.0,smart,0.3,3,4000,9.0,6.4747,2.5253,28.059,1639,1639,0,2361,0.304,1.0,1
0.3,tail_heavy,1.0,8,1.0,smart,0.3,4,4000,9.0,6.4184,2.5816,28.685,1681,1681,0,2319,0.309,1.0,1
0.3,tail_heavy,1.0,8,1.0,smart,0.3,5,4000,9.0,6.4606,2.5394,28.216,1651,1651,0,2349,0.302,1.0,1
0.3,tail_heavy,1.0,8,1.0,smart,0.3,6,4000,9.0,6.5034,2.4966,27.74,1622,1622,0,2378,0.3065,1.0,1
0.3,tail_heavy,1.0,8,2.0,smart,0.3,0,4000,9.0,6.4793,2.5207,28.007,1636,1636,0,2364,0.3073,1.0,1
0.3,tail_heavy,1.0,8,2.0,smart,0.3,1,4000,9.0,6.5395,2.4605,27.339,1601,1601,0,2399,0.2865,1.0,1
0.3,tail_heavy,1.0,8,2.0,smart,0.3,2,4000,9.0,6.4593,2.5407,28.23,1658,1658,0,2342,0.2993,1.0,1
0.3,tail_heavy,1.0,8,2.0,smart,0.3,3,4000,9.0,6.4312,2.5688,28.542,1676,1676,0,2324,0.3063,1.0,1
0.3,tail_heavy,1.0,8,2.0,smart,0.3,4,4000,9.0,6.4601,2.5399,28.221,1644,1644,0,2356,0.297,1.0,1
0.3,tail_heavy,1.0,8,2.0,smart,0.3,5,4000,9.0,6.4499,2.5501,28.334,1665,1665,0,2335,0.2923,1.0,1
0.3,tail_heavy,1.0,8,2.0,smart,0.3,6,4000,9.0,6.5211,2.4789,27.544,1619,1619,0,2381,0.292,1.0,1
0.5,uniform_heavy,0.5,0.25,0.5,smart,0.3,0,4000,1.25,1.2714,-0.0214,-1.712,1998,1317,681,2002,0.5062,0.6592,0
0.5,uniform_heavy,0.5,0.25,0.5,smart,0.3,1,4000,1.25,1.2686,-0.0186,-1.486,2021,1350,671,1979,0.4985,0.668,0
0.5,uniform_heavy,0.5,0.25,0.5,smart,0.3,2,4000,1.25,1.2645,-0.0145,-1.161,1978,1343,635,2022,0.516,0.679,0
0.5,uniform_heavy,0.5,0.25,0.5,smart,0.3,3,4000,1.25,1.2694,-0.0194,-1.553,2034,1352,682,1966,0.5012,0.6647,0
0.5,uniform_heavy,0.5,0.25,0.5,smart,0.3,4,4000,1.25,1.2735,-0.0235,-1.88,2003,1307,696,1997,0.5092,0.6525,0
0.5,uniform_heavy,0.5,0.25,0.5,smart,0.3,5,4000,1.25,1.2628,-0.0128,-1.022,2004,1371,633,1996,0.5082,0.6841,0
0.5,uniform_heavy,0.5,0.25,0.5,smart,0.3,6,4000,1.25,1.2723,-0.0223,-1.788,2000,1314,686,2000,0.494,0.657,0
0.5,uniform_heavy,0.5,0.25,1.0,smart,0.3,0,4000,1.25,1.3583,-0.1083,-8.662,2036,1342,694,1964,0.4968,0.6591,0
0.5,uniform_heavy,0.5,0.25,1.0,smart,0.3,1,4000,1.25,1.3657,-0.1157,-9.259,2018,1303,715,1982,0.5018,0.6457,0
0.5,uniform_heavy,0.5,0.25,1.0,smart,0.3,2,4000,1.25,1.3502,-0.1002,-8.018,2066,1393,673,1934,0.5138,0.6742,0
0.5,uniform_heavy,0.5,0.25,1.0,smart,0.3,3,4000,1.25,1.3528,-0.1028,-8.223,1986,1321,665,2014,0.507,0.6652,0
0.5,uniform_heavy,0.5,0.25,1.0,smart,0.3,4,4000,1.25,1.3617,-0.1117,-8.932,1966,1274,692,2034,0.493,0.648,0
0.5,uniform_heavy,0.5,0.25,1.0,smart,0.3,5,4000,1.25,1.3547,-0.1047,-8.373,2004,1328,676,1996,0.4985,0.6627,0
0.5,uniform_heavy,0.5,0.25,1.0,smart,0.3,6,4000,1.25,1.3477,-0.0977,-7.818,2018,1363,655,1982,0.5015,0.6754,0
0.5,uniform_heavy,0.5,0.25,2.0,smart,0.3,0,4000,1.25,1.5288,-0.2788,-22.308,1978,1295,683,2022,0.4955,0.6547,0
0.5,uniform_heavy,0.5,0.25,2.0,smart,0.3,1,4000,1.25,1.5111,-0.2611,-20.888,1937,1290,647,2063,0.4875,0.666,0
0.5,uniform_heavy,0.5,0.25,2.0,smart,0.3,2,4000,1.25,1.5289,-0.2789,-22.314,1961,1279,682,2039,0.5022,0.6522,0
0.5,uniform_heavy,0.5,0.25,2.0,smart,0.3,3,4000,1.25,1.5166,-0.2666,-21.329,2036,1370,666,1964,0.5052,0.6729,0
0.5,uniform_heavy,0.5,0.25,2.0,smart,0.3,4,4000,1.25,1.5039,-0.2539,-20.31,1964,1328,636,2036,0.51,0.6762,0
0.5,uniform_heavy,0.5,0.25,2.0,smart,0.3,5,4000,1.25,1.5347,-0.2847,-22.779,1982,1288,694,2018,0.5032,0.6498,0
0.5,uniform_heavy,0.5,0.25,2.0,smart,0.3,6,4000,1.25,1.5144,-0.2644,-21.151,2005,1346,659,1995,0.4958,0.6713,0
0.5,uniform_heavy,0.5,0.5,0.5,smart,0.3,0,4000,1.5,1.4505,0.0495,3.298,1947,1317,630,2053,0.506,0.6764,1
0.5,uniform_heavy,0.5,0.5,0.5,smart,0.3,1,4000,1.5,1.4514,0.0486,3.242,2008,1348,660,1992,0.505,0.6713,1
0.5,uniform_heavy,0.5,0.5,0.5,smart,0.3,2,4000,1.5,1.458,0.042,2.802,1994,1316,678,2006,0.5005,0.66,1
0.5,uniform_heavy,0.5,0.5,0.5,smart,0.3,3,4000,1.5,1.4564,0.0436,2.904,2019,1333,686,1981,0.4945,0.6602,1
0.5,uniform_heavy,0.5,0.5,0.5,smart,0.3,4,4000,1.5,1.4612,0.0388,2.585,1982,1290,692,2018,0.501,0.6509,1
0.5,uniform_heavy,0.5,0.5,0.5,smart,0.3,5,4000,1.5,1.4565,0.0435,2.899,2007,1329,678,1993,0.4975,0.6622,1
0.5,uniform_heavy,0.5,0.5,0.5,smart,0.3,6,4000,1.5,1.4595,0.0405,2.699,1999,1306,693,2001,0.4875,0.6533,1
0.5,uniform_heavy,0.5,0.5,1.0,smart,0.3,0,4000,1.5,1.5452,-0.0452,-3.011,1982,1300,682,2018,0.4978,0.6559,0
0.5,uniform_heavy,0.5,0.5,1.0,smart,0.3,1,4000,1.5,1.5376,-0.0376,-2.506,1990,1329,661,2010,0.4918,0.6678,0
0.5,uniform_heavy,0.5,0.5,1.0,smart,0.3,2,4000,1.5,1.5469,-0.0469,-3.126,1954,1273,681,2046,0.4928,0.6515,0
0.5,uniform_heavy,0.5,0.5,1.0,smart,0.3,3,4000,1.5,1.5491,-0.0491,-3.271,1966,1277,689,2034,0.506,0.6495,0
0.5,uniform_heavy,0.5,0.5,1.0,smart,0.3,4,4000,1.5,1.5493,-0.0493,-3.285,2013,1312,701,1987,0.491,0.6518,0
0.5,uniform_heavy,0.5,0.5,1.0,smart,0.3,5,4000,1.5,1.5552,-0.0552,-3.679,2013,1292,721,1987,0.4858,0.6418,0
0.5,uniform_heavy,0.5,0.5,1.0,smart,0.3,6,4000,1.5,1.5349,-0.0349,-2.327,2029,1363,666,1971,0.4988,0.6718,0
0.5,uniform_heavy,0.5,0.5,2.0,smart,0.3,0,4000,1.5,1.7039,-0.2039,-13.596,1964,1304,660,2036,0.4993,0.664,0
0.5,uniform_heavy,0.5,0.5,2.0,smart,0.3,1,4000,1.5,1.7159,-0.2159,-14.397,1965,1283,682,2035,0.489,0.6529,0
0.5,uniform_heavy,0.5,0.5,2.0,smart,0.3,2,4000,1.5,1.6891,-0.1891,-12.606,1994,1354,640,2006,0.498,0.679,0
0.5,uniform_heavy,0.5,0.5,2.0,smart,0.3,3,4000,1.5,1.7217,-0.2217,-14.781,2034,1335,699,1966,0.4908,0.6563,0
0.5,uniform_heavy,0.5,0.5,2.0,smart,0.3,4,4000,1.5,1.6919,-0.1919,-12.796,1957,1319,638,2043,0.497,0.674,0
0.5,uniform_heavy,0.5,0.5,2.0,smart,0.3,5,4000,1.5,1.7032,-0.2032,-13.549,2062,1385,677,1938,0.506,0.6717,0
0.5,uniform_heavy,0.5,0.5,2.0,smart,0.3,6,4000,1.5,1.7174,-0.2174,-14.495,2001,1313,688,1999,0.4838,0.6562,0
0.5,uniform_heavy,0.5,1,0.5,smart,0.3,0,4000,2.0,1.838,0.162,8.102,1968,1279,689,2032,0.4923,0.6499,1
0.5,uniform_heavy,0.5,1,0.5,smart,0.3,1,4000,2.0,1.8275,0.1725,8.624,1993,1325,668,2007,0.5078,0.6648,1
0.5,uniform_heavy,0.5,1,0.5,smart,0.3,2,4000,2.0,1.8162,0.1838,9.19,1978,1353,625,2022,0.5075,0.684,1
0.5,uniform_heavy,0.5,1,0.5,smart,0.3,3,4000,2.0,1.8295,0.1705,8.523,1995,1315,680,2005,0.4973,0.6591,1
0.5,uniform_heavy,0.5,1,0.5,smart,0.3,4,4000,2.0,1.8202,0.1798,8.99,1996,1342,654,2004,0.4998,0.6723,1
0.5,uniform_heavy,0.5,1,0.5,smart,0.3,5,4000,2.0,1.8193,0.1807,9.033,2011,1350,661,1989,0.5158,0.6713,1
0.5,uniform_heavy,0.5,1,0.5,smart,0.3,6,4000,2.0,1.8367,0.1633,8.167,1988,1294,694,2012,0.491,0.6509,1
0.5,uniform_heavy,0.5,1,1.0,smart,0.3,0,4000,2.0,1.9126,0.0874,4.371,1964,1299,665,2036,0.501,0.6614,1
0.5,uniform_heavy,0.5,1,1.0,smart,0.3,1,4000,2.0,1.9061,0.0939,4.693,2033,1358,675,1967,0.4973,0.668,1
0.5,uniform_heavy,0.5,1,1.0,smart,0.3,2,4000,2.0,1.9099,0.0901,4.505,1978,1315,663,2022,0.5045,0.6648,1
0.5,uniform_heavy,0.5,1,1.0,smart,0.3,3,4000,2.0,1.8964,0.1036,5.179,2013,1366,647,1987,0.4975,0.6786,1
0.5,uniform_heavy,0.5,1,1.0,smart,0.3,4,4000,2.0,1.92,0.08,4.0,1970,1292,678,2030,0.4963,0.6558,1
0.5,uniform_heavy,0.5,1,1.0,smart,0.3,5,4000,2.0,1.9116,0.0884,4.422,2003,1331,672,1997,0.4933,0.6645,1
0.5,uniform_heavy,0.5,1,1.0,smart,0.3,6,4000,2.0,1.905,0.095,4.752,2001,1340,661,1999,0.5158,0.6697,1
0.5,uniform_heavy,0.5,1,2.0,smart,0.3,0,4000,2.0,2.0837,-0.0837,-4.185,1976,1304,672,2024,0.505,0.6599,0
0.5,uniform_heavy,0.5,1,2.0,smart,0.3,1,4000,2.0,2.0665,-0.0665,-3.323,2025,1364,661,1975,0.4978,0.6736,0
0.5,uniform_heavy,0.5,1,2.0,smart,0.3,2,4000,2.0,2.0259,-0.0259,-1.296,1907,1338,569,2093,0.5145,0.7016,0
0.5,uniform_heavy,0.5,1,2.0,smart,0.3,3,4000,2.0,2.1037,-0.1037,-5.183,1974,1274,700,2026,0.4948,0.6454,0
0.5,uniform_heavy,0.5,1,2.0,smart,0.3,4,4000,2.0,2.0696,-0.0696,-3.479,1976,1324,652,2024,0.5002,0.67,0
0.5,uniform_heavy,0.5,1,2.0,smart,0.3,5,4000,2.0,2.0668,-0.0668,-3.341,1952,1312,640,2048,0.505,0.6721,0
0.5,uniform_heavy,0.5,1,2.0,smart,0.3,6,4000,2.0,2.0734,-0.0734,-3.668,2009,1343,666,1991,0.4955,0.6685,0
0.5,uniform_heavy,0.5,2,0.5,smart,0.3,0,4000,3.0,2.5852,0.4148,13.828,1994,1304,690,2006,0.4915,0.654,1
0.5,uniform_heavy,0.5,2,0.5,smart,0.3,1,4000,3.0,2.5766,0.4234,14.114,1961,1313,648,2039,0.507,0.6696,1
0.5,uniform_heavy,0.5,2,0.5,smart,0.3,2,4000,3.0,2.5717,0.4283,14.276,2051,1338,713,1949,0.4908,0.6524,1
0.5,uniform_heavy,0.5,2,0.5,smart,0.3,3,4000,3.0,2.5553,0.4447,14.824,2007,1356,651,1993,0.5018,0.6756,1
0.5,uniform_heavy,0.5,2,0.5,smart,0.3,4,4000,3.0,2.5839,0.4161,13.868,1954,1288,666,2046,0.5025,0.6592,1
0.5,uniform_heavy,0.5,2,0.5,smart,0.3,5,4000,3.0,2.5712,0.4288,14.292,1994,1330,664,2006,0.4963,0.667,1
0.5,uniform_heavy,0.5,2,0.5,smart,0.3,6,4000,3.0,2.5748,0.4252,14.174,1981,1317,664,2019,0.495,0.6648,1
0.5,uniform_heavy,0.5,2,1.0,smart,0.3,0,4000,3.0,2.6557,0.3443,11.477,1974,1314,660,2026,0.5,0.6657,1
0.5,uniform_heavy,0.5,2,1.0,smart,0.3,1,4000,3.0,2.6679,0.3321,11.071,1997,1305,692,2003,0.487,0.6535,1
0.5,uniform_heavy,0.5,2,1.0,smart,0.3,2,4000,3.0,2.6251,0.3749,12.495,2025,1386,639,1975,0.5138,0.6844,1
0.5,uniform_heavy,0.5,2,1.0,smart,0.3,3,4000,3.0,2.6336,0.3664,12.214,2016,1355,661,1984,0.5008,0.6721,1
0.5,uniform_heavy,0.5,2,1.0,smart,0.3,4,4000,3.0,2.6519,0.3481,11.604,2025,1345,680,1975,0.501,0.6642,1
0.5,uniform_heavy,0.5,2,1.0,smart,0.3,5,4000,3.0,2.6526,0.3474,11.579,2000,1332,668,2000,0.4983,0.666,1
0.5,uniform_heavy,0.5,2,1.0,smart,0.3,6,4000,3.0,2.6266,0.3734,12.447,2070,1396,674,1930,0.5105,0.6744,1
0.5,uniform_heavy,0.5,2,2.0,smart,0.3,0,4000,3.0,2.8518,0.1482,4.941,2028,1310,718,1972,0.4943,0.646,1
0.5,uniform_heavy,0.5,2,2.0,smart,0.3,1,4000,3.0,2.8376,0.1624,5.414,2019,1321,698,1981,0.5098,0.6543,1
0.5,uniform_heavy,0.5,2,2.0,smart,0.3,2,4000,3.0,2.8288,0.1712,5.705,1963,1303,660,2037,0.5068,0.6638,1
0.5,uniform_heavy,0.5,2,2.0,smart,0.3,3,4000,3.0,2.8476,0.1524,5.08,2003,1298,705,1997,0.4865,0.648,1
0.5,uniform_heavy,0.5,2,2.0,smart,0.3,4,4000,3.0,2.8122,0.1878,6.261,1993,1334,659,2007,0.5072,0.6693,1
0.5,uniform_heavy,0.5,2,2.0,smart,0.3,5,4000,3.0,2.8137,0.1863,6.211,2010,1344,666,1990,0.4913,0.6687,1
0.5,uniform_heavy,0.5,2,2.0,smart,0.3,6,4000,3.0,2.8641,0.1359,4.529,1961,1255,706,2039,0.489,0.64,1
0.5,uniform_heavy,0.5,4,0.5,smart,0.3,0,4000,5.0,4.0131,0.9869,19.738,2047,1380,667,1953,0.5062,0.6742,1
0.5,uniform_heavy,0.5,4,0.5,smart,0.3,1,4000,5.0,4.0251,0.9749,19.498,2056,1370,686,1944,0.5132,0.6663,1
0.5,uniform_heavy,0.5,4,0.5,smart,0.3,2,4000,5.0,4.0812,0.9188,18.375,1964,1295,669,2036,0.4948,0.6594,1
0.5,uniform_heavy,0.5,4,0.5,smart,0.3,3,4000,5.0,4.0495,0.9505,19.009,1986,1334,652,2014,0.5182,0.6717,1
0.5,uniform_heavy,0.5,4,0.5,smart,0.3,4,4000,5.0,4.0498,0.9502,19.003,2047,1342,705,1953,0.492,0.6556,1
0.5,uniform_heavy,0.5,4,0.5,smart,0.3,5,4000,5.0,4.0316,0.9684,19.367,2012,1355,657,1988,0.499,0.6735,1
0.5,uniform_heavy,0.5,4,0.5,smart,0.3,6,4000,5.0,4.077,0.923,18.46,1972,1305,667,2028,0.5032,0.6618,1
0.5,uniform_heavy,0.5,4,1.0,smart,0.3,0,4000,5.0,4.1042,0.8958,17.916,1980,1351,629,2020,0.5168,0.6823,1
0.5,uniform_heavy,0.5,4,1.0,smart,0.3,1,4000,5.0,4.1472,0.8528,17.057,2025,1325,700,1975,0.5042,0.6543,1
0.5,uniform_heavy,0.5,4,1.0,smart,0.3,2,4000,5.0,4.1584,0.8416,16.833,2020,1314,706,1980,0.494,0.6505,1
0.5,uniform_heavy,0.5,4,1.0,smart,0.3,3,4000,5.0,4.1583,0.8417,16.835,1986,1303,683,2014,0.493,0.6561,1
0.5,uniform_heavy,0.5,4,1.0,smart,0.3,4,4000,5.0,4.1201,0.8799,17.597,2008,1350,658,1992,0.5078,0.6723,1
0.5,uniform_heavy,0.5,4,1.0,smart,0.3,5,4000,5.0,4.1398,0.8602,17.205,1955,1325,630,2045,0.4993,0.6777,1
0.5,uniform_heavy,0.5,4,1.0,smart,0.3,6,4000,5.0,4.1469,0.8531,17.061,1997,1318,679,2003,0.4953,0.66,1
0.5,uniform_heavy,0.5,4,2.0,smart,0.3,0,4000,5.0,4.3381,0.6619,13.238,1954,1284,670,2046,0.488,0.6571,1
0.5,uniform_heavy,0.5,4,2.0,smart,0.3,1,4000,5.0,4.2793,0.7207,14.414,1962,1330,632,2038,0.5078,0.6779,1
0.5,uniform_heavy,0.5,4,2.0,smart,0.3,2,4000,5.0,4.3493,0.6507,13.013,2010,1296,714,1990,0.504,0.6448,1
0.5,uniform_heavy,0.5,4,2.0,smart,0.3,3,4000,5.0,4.3175,0.6825,13.651,2061,1345,716,1939,0.5015,0.6526,1
0.5,uniform_heavy,0.5,4,2.0,smart,0.3,4,4000,5.0,4.3129,0.6871,13.743,1977,1312,665,2023,0.5048,0.6636,1
0.5,uniform_heavy,0.5,4,2.0,smart,0.3,5,4000,5.0,4.2607,0.7393,14.785,2023,1370,653,1977,0.5038,0.6772,1
0.5,uniform_heavy,0.5,4,2.0,smart,0.3,6,4000,5.0,4.3106,0.6894,13.788,1961,1314,647,2039,0.4975,0.6701,1
0.5,uniform_heavy,0.5,8,0.5,smart,0.3,0,4000,9.0,7.0379,1.9621,21.801,1999,1312,687,2001,0.4955,0.6563,1
0.5,uniform_heavy,0.5,8,0.5,smart,0.3,1,4000,9.0,7.0661,1.9339,21.488,2015,1306,709,1985,0.4783,0.6481,1
0.5,uniform_heavy,0.5,8,0.5,smart,0.3,2,4000,9.0,7.0197,1.9803,22.003,1972,1334,638,2028,0.4998,0.6765,1
0.5,uniform_heavy,0.5,8,0.5,smart,0.3,3,4000,9.0,7.0698,1.9302,21.446,1969,1291,678,2031,0.491,0.6557,1
0.5,uniform_heavy,0.5,8,0.5,smart,0.3,4,4000,9.0,7.0882,1.9118,21.242,1939,1282,657,2061,0.5015,0.6612,1
0.5,uniform_heavy,0.5,8,0.5,smart,0.3,5,4000,9.0,6.9986,2.0014,22.237,2030,1340,690,1970,0.509,0.6601,1
0.5,uniform_heavy,0.5,8,0.5,smart,0.3,6,4000,9.0,7.0151,1.9849,22.054,2011,1333,678,1989,0.4953,0.6629,1
0.5,uniform_heavy,0.5,8,1.0,smart,0.3,0,4000,9.0,6.9778,2.0222,22.469,2130,1409,721,1870,0.5052,0.6615,1
0.5,uniform_heavy,0.5,8,1.0,smart,0.3,1,4000,9.0,7.1085,1.8915,21.017,2028,1331,697,1972,0.5138,0.6563,1
0.5,uniform_heavy,0.5,8,1.0,smart,0.3,2,4000,9.0,7.0886,1.9114,21.237,2024,1341,683,1976,0.5055,0.6625,1
0.5,uniform_heavy,0.5,8,1.0,smart,0.3,3,4000,9.0,7.1291,1.8709,20.787,1995,1325,670,2005,0.5,0.6642,1
0.5,uniform_heavy,0.5,8,1.0,smart,0.3,4,4000,9.0,7.1356,1.8644,20.715,1979,1317,662,2021,0.5075,0.6655,1
0.5,uniform_heavy,0.5,8,1.0,smart,0.3,5,4000,9.0,7.078,1.922,21.355,2008,1342,666,1992,0.5012,0.6683,1
0.5,uniform_heavy,0.5,8,1.0,smart,0.3,6,4000,9.0,7.1469,1.8531,20.59,1950,1304,646,2050,0.5075,0.6687,1
0.5,uniform_heavy,0.5,8,2.0,smart,0.3,0,4000,9.0,7.356,1.644,18.267,2008,1295,713,1992,0.4893,0.6449,1
0.5,uniform_heavy,0.5,8,2.0,smart,0.3,1,4000,9.0,7.2149,1.7851,19.834,2017,1361,656,1983,0.509,0.6748,1
0.5,uniform_heavy,0.5,8,2.0,smart,0.3,2,4000,9.0,7.3253,1.6747,18.608,2010,1314,696,1990,0.4928,0.6537,1
0.5,uniform_heavy,0.5,8,2.0,smart,0.3,3,4000,9.0,7.2717,1.7283,19.203,1966,1326,640,2034,0.4998,0.6745,1
0.5,uniform_heavy,0.5,8,2.0,smart,0.3,4,4000,9.0,7.1793,1.8207,20.23,2053,1394,659,1947,0.501,0.679,1
0.5,uniform_heavy,0.5,8,2.0,smart,0.3,5,4000,9.0,7.3596,1.6404,18.227,2008,1289,719,1992,0.498,0.6419,1
0.5,uniform_heavy,0.5,8,2.0,smart,0.3,6,4000,9.0,7.3546,1.6454,18.283,1949,1275,674,2051,0.4838,0.6542,1
0.5,uniform_heavy,0.6,0.25,0.5,smart,0.3,0,4000,1.25,1.2405,0.0095,0.763,2147,1604,543,1853,0.4915,0.7471,1
0.5,uniform_heavy,0.6,0.25,0.5,smart,0.3,1,4000,1.25,1.2379,0.0121,0.971,2133,1604,529,1867,0.4993,0.752,1
0.5,uniform_heavy,0.6,0.25,0.5,smart,0.3,2,4000,1.25,1.2384,0.0116,0.928,2114,1590,524,1886,0.503,0.7521,1
0.5,uniform_heavy,0.6,0.25,0.5,smart,0.3,3,4000,1.25,1.238,0.012,0.96,2136,1608,528,1864,0.5178,0.7528,1
0.5,uniform_heavy,0.6,0.25,0.5,smart,0.3,4,4000,1.25,1.24,0.01,0.8,2147,1607,540,1853,0.5078,0.7485,1
0.5,uniform_heavy,0.6,0.25,0.5,smart,0.3,5,4000,1.25,1.236,0.014,1.118,2130,1616,514,1870,0.5128,0.7587,1
0.5,uniform_heavy,0.6,0.25,0.5,smart,0.3,6,4000,1.25,1.241,0.009,0.721,2138,1597,541,1862,0.5025,0.747,1
0.5,uniform_heavy,0.6,0.25,1.0,smart,0.3,0,4000,1.25,1.3211,-0.0711,-5.685,2154,1566,588,1846,0.489,0.727,0
0.5,uniform_heavy,0.6,0.25,1.0,smart,0.3,1,4000,1.25,1.3054,-0.0554,-4.428,2165,1628,537,1835,0.505,0.752,0
0.5,uniform_heavy,0.6,0.25,1.0,smart,0.3,2,4000,1.25,1.2992,-0.0492,-3.935,2113,1605,508,1887,0.5082,0.7596,0
0.5,uniform_heavy,0.6,0.25,1.0,smart,0.3,3,4000,1.25,1.3041,-0.0541,-4.327,2101,1579,522,1899,0.5148,0.7515,0
0.5,uniform_heavy,0.6,0.25,1.0,smart,0.3,4,4000,1.25,1.3049,-0.0549,-4.392,2117,1590,527,1883,0.5008,0.7511,0
0.5,uniform_heavy,0.6,0.25,1.0,smart,0.3,5,4000,1.25,1.3113,-0.0613,-4.907,2106,1558,548,1894,0.496,0.7398,0
0.5,uniform_heavy,0.6,0.25,1.0,smart,0.3,6,4000,1.25,1.3037,-0.0537,-4.294,2102,1580,522,1898,0.5025,0.7517,0
0.5,uniform_heavy,0.6,0.25,2.0,smart,0.3,0,4000,1.25,1.4507,-0.2007,-16.053,2117,1564,553,1883,0.4975,0.7388,0
0.5,uniform_heavy,0.6,0.25,2.0,smart,0.3,1,4000,1.25,1.4401,-0.1901,-15.205,2116,1582,534,1884,0.507,0.7476,0
0.5,uniform_heavy,0.6,0.25,2.0,smart,0.3,2,4000,1.25,1.4509,-0.2009,-16.074,2146,1590,556,1854,0.497,0.7409,0
0.5,uniform_heavy,0.6,0.25,2.0,smart,0.3,3,4000,1.25,1.4598,-0.2098,-16.785,2166,1593,573,1834,0.4943,0.7355,0
0.5,uniform_heavy,0.6,0.25,2.0,smart,0.3,4,4000,1.25,1.4638,-0.2138,-17.106,2107,1531,576,1893,0.4753,0.7266,0
0.5,uniform_heavy,0.6,0.25,2.0,smart,0.3,5,4000,1.25,1.4489,-0.1989,-15.912,2154,1602,552,1846,0.5025,0.7437,0
0.5,uniform_heavy,0.6,0.25,2.0,smart,0.3,6,4000,1.25,1.4489,-0.1989,-15.915,2150,1598,552,1850,0.4943,0.7433,0
0.5,uniform_heavy,0.6,0.5,0.5,smart,0.3,0,4000,1.5,1.4142,0.0858,5.722,2138,1591,547,1862,0.4988,0.7442,1
0.5,uniform_heavy,0.6,0.5,0.5,smart,0.3,1,4000,1.5,1.4154,0.0846,5.64,2169,1607,562,1831,0.503,0.7409,1
0.5,uniform_heavy,0.6,0.5,0.5,smart,0.3,2,4000,1.5,1.4172,0.0828,5.519,2131,1576,555,1869,0.4975,0.7396,1
0.5,uniform_heavy,0.6,0.5,0.5,smart,0.3,3,4000,1.5,1.4103,0.0897,5.978,2148,1615,533,1852,0.5122,0.7519,1
0.5,uniform_heavy,0.6,0.5,0.5,smart,0.3,4,4000,1.5,1.4176,0.0824,5.492,2068,1537,531,1932,0.5008,0.7432,1
0.5,uniform_heavy,0.6,0.5,0.5,smart,0.3,5,4000,1.5,1.4221,0.0779,5.195,2094,1531,563,1906,0.4933,0.7311,1
0.5,uniform_heavy,0.6,0.5,0.5,smart,0.3,6,4000,1.5,1.4144,0.0856,5.704,2135,1591,544,1865,0.4918,0.7452,1
0.5,uniform_heavy,0.6,0.5,1.0,smart,0.3,0,4000,1.5,1.4802,0.0198,1.319,2064,1546,518,1936,0.508,0.749,1
0.5,uniform_heavy,0.6,0.5,1.0,smart,0.3,1,4000,1.5,1.4751,0.0249,1.663,2157,1629,528,1843,0.4958,0.7552,1
0.5,uniform_heavy,0.6,0.5,1.0,smart,0.3,2,4000,1.5,1.4811,0.0189,1.26,2179,1626,553,1821,0.4958,0.7462,1
0.5,uniform_heavy,0.6,0.5,1.0,smart,0.3,3,4000,1.5,1.4871,0.0129,0.861,2177,1609,568,1823,0.5025,0.7391,1
0.5,uniform_heavy,0.6,0.5,1.0,smart,0.3,4,4000,1.5,1.4871,0.0129,0.859,2116,1558,558,1884,0.491,0.7363,1
0.5,uniform_heavy,0.6,0.5,1.0,smart,0.3,5,4000,1.5,1.4747,0.0253,1.689,2148,1624,524,1852,0.5035,0.7561,1
0.5,uniform_heavy,0.6,0.5,1.0,smart,0.3,6,4000,1.5,1.4701,0.0299,1.995,2124,1615,509,1876,0.5098,0.7604,1
0.5,uniform_heavy,0.6,0.5,2.0,smart,0.3,0,4000,1.5,1.6041,-0.1041,-6.942,2091,1577,514,1909,0.5095,0.7542,0
0.5,uniform_heavy,0.6,0.5,2.0,smart,0.3,1,4000,1.5,1.6121,-0.1121,-7.472,2058,1536,522,1942,0.503,0.7464,0
0.5,uniform_heavy,0.6,0.5,2.0,smart,0.3,2,4000,1.5,1.6336,-0.1336,-8.907,2161,1585,576,1839,0.5005,0.7335,0
0.5,uniform_heavy,0.6,0.5,2.0,smart,0.3,3,4000,1.5,1.5943,-0.0943,-6.286,2114,1614,500,1886,0.4925,0.7635,0
0.5,uniform_heavy,0.6,0.5,2.0,smart,0.3,4,4000,1.5,1.5852,-0.0852,-5.679,2136,1646,490,1864,0.504,0.7706,0
0.5,uniform_heavy,0.6,0.5,2.0,smart,0.3,5,4000,1.5,1.6149,-0.1149,-7.661,2125,1587,538,1875,0.5022,0.7468,0
0.5,uniform_heavy,0.6,0.5,2.0,smart,0.3,6,4000,1.5,1.62,-0.12,-7.999,2077,1539,538,1923,0.4988,0.741,0
0.5,uniform_heavy,0.6,1,0.5,smart,0.3,0,4000,2.0,1.7566,0.2434,12.17,2168,1613,555,1832,0.5045,0.744,1
0.5,uniform_heavy,0.6,1,0.5,smart,0.3,1,4000,2.0,1.7513,0.2487,12.435,2126,1615,511,1874,0.5035,0.7596,1
0.5,uniform_heavy,0.6,1,0.5,smart,0.3,2,4000,2.0,1.7532,0.2468,12.339,2130,1605,525,1870,0.501,0.7535,1
0.5,uniform_heavy,0.6,1,0.5,smart,0.3,3,4000,2.0,1.7532,0.2468,12.339,2119,1611,508,1881,0.5002,0.7603,1
0.5,uniform_heavy,0.6,1,0.5,smart,0.3,4,4000,2.0,1.7623,0.2377,11.885,2159,1597,562,1841,0.4995,0.7397,1
0.5,uniform_heavy,0.6,1,0.5,smart,0.3,5,4000,2.0,1.7526,0.2474,12.372,2105,1597,508,1895,0.4925,0.7587,1
0.5,uniform_heavy,0.6,1,0.5,smart,0.3,6,4000,2.0,1.7584,0.2416,12.08,2149,1602,547,1851,0.5155,0.7455,1
0.5,uniform_heavy,0.6,1,1.0,smart,0.3,0,4000,2.0,1.8237,0.1763,8.813,2127,1598,529,1873,0.4985,0.7513,1
0.5,uniform_heavy,0.6,1,1.0,smart,0.3,1,4000,2.0,1.8151,0.1849,9.244,2168,1640,528,1832,0.5058,0.7565,1
0.5,uniform_heavy,0.6,1,1.0,smart,0.3,2,4000,2.0,1.8203,0.1797,8.985,2151,1620,531,1849,0.5022,0.7531,1
0.5,uniform_heavy,0.6,1,1.0,smart,0.3,3,4000,2.0,1.8202,0.1798,8.988,2135,1613,522,1865,0.5045,0.7555,1
0.5,uniform_heavy,0.6,1,1.0,smart,0.3,4,4000,2.0,1.8402,0.1598,7.991,2141,1567,574,1859,0.4905,0.7319,1
0.5,uniform_heavy,0.6,1,1.0,smart,0.3,5,4000,2.0,1.8393,0.1607,8.035,2092,1543,549,1908,0.486,0.7376,1
0.5,uniform_heavy,0.6,1,1.0,smart,0.3,6,4000,2.0,1.8122,0.1878,9.388,2156,1638,518,1844,0.5042,0.7597,1
0.5,uniform_heavy,0.6,1,2.0,smart,0.3,0,4000,2.0,1.9506,0.0494,2.47,2118,1596,522,1882,0.4968,0.7535,1
0.5,uniform_heavy,0.6,1,2.0,smart,0.3,1,4000,2.0,1.9523,0.0477,2.387,2126,1604,522,1874,0.499,0.7545,1
0.5,uniform_heavy,0.6,1,2.0,smart,0.3,2,4000,2.0,1.9744,0.0256,1.281,2147,1584,563,1853,0.4935,0.7378,1
0.5,uniform_heavy,0.6,1,2.0,smart,0.3,3,4000,2.0,1.9609,0.0391,1.956,2119,1582,537,1881,0.4903,0.7466,1
0.5,uniform_heavy,0.6,1,2.0,smart,0.3,4,4000,2.0,1.9631,0.0369,1.846,2124,1586,538,1876,0.4938,0.7467,1
0.5,uniform_heavy,0.6,1,2.0,smart,0.3,5,4000,2.0,1.9639,0.0361,1.804,2113,1575,538,1887,0.496,0.7454,1
0.5,uniform_heavy,0.6,1,2.0,smart,0.3,6,4000,2.0,1.9564,0.0436,2.179,2143,1605,538,1857,0.5052,0.749,1
0.5,uniform_heavy,0.6,2,0.5,smart,0.3,0,4000,3.0,2.4295,0.5705,19.015,2172,1648,524,1828,0.5095,0.7587,1
0.5,uniform_heavy,0.6,2,0.5,smart,0.3,1,4000,3.0,2.4535,0.5465,18.217,2123,1583,540,1877,0.5138,0.7456,1
0.5,uniform_heavy,0.6,2,0.5,smart,0.3,2,4000,3.0,2.4641,0.5359,17.865,2097,1550,547,1903,0.5012,0.7392,1
0.5,uniform_heavy,0.6,2,0.5,smart,0.3,3,4000,3.0,2.4327,0.5673,18.909,2168,1639,529,1832,0.51,0.756,1
0.5,uniform_heavy,0.6,2,0.5,smart,0.3,4,4000,3.0,2.4502,0.5498,18.327,2143,1593,550,1857,0.5002,0.7434,1
0.5,uniform_heavy,0.6,2,0.5,smart,0.3,5,4000,3.0,2.437,0.563,18.768,2177,1628,549,1823,0.501,0.7478,1
0.5,uniform_heavy,0.6,2,0.5,smart,0.3,6,4000,3.0,2.4371,0.5629,18.762,2116,1604,512,1884,0.5142,0.758,1
0.5,uniform_heavy,0.6,2,1.0,smart,0.3,0,4000,3.0,2.5047,0.4953,16.511,2111,1610,501,1889,0.5135,0.7627,1
0.5,uniform_heavy,0.6,2,1.0,smart,0.3,1,4000,3.0,2.493,0.507,16.9,2174,1651,523,1826,0.51,0.7594,1
0.5,uniform_heavy,0.6,2,1.0,smart,0.3,2,4000,3.0,2.5329,0.4671,15.57,2086,1551,535,1914,0.4973,0.7435,1
0.5,uniform_heavy,0.6,2,1.0,smart,0.3,3,4000,3.0,2.5195,0.4805,16.017,2152,1598,554,1848,0.5052,0.7426,1
0.5,uniform_heavy,0.6,2,1.0,smart,0.3,4,4000,3.0,2.491,0.509,16.967,2179,1658,521,1821,0.5168,0.7609,1
0.5,uniform_heavy,0.6,2,1.0,smart,0.3,5,4000,3.0,2.5302,0.4698,15.659,2175,1603,572,1825,0.506,0.737,1
0.5,uniform_heavy,0.6,2,1.0,smart,0.3,6,4000,3.0,2.505,0.495,16.5,2133,1617,516,1867,0.503,0.7581,1
0.5,uniform_heavy,0.6,2,2.0,smart,0.3,0,4000,3.0,2.6733,0.3267,10.891,2135,1566,569,1865,0.5,0.7335,1
0.5,uniform_heavy,0.6,2,2.0,smart,0.3,1,4000,3.0,2.6725,0.3275,10.916,2118,1562,556,1882,0.493,0.7375,1
0.5,uniform_heavy,0.6,2,2.0,smart,0.3,2,4000,3.0,2.6559,0.3441,11.472,2116,1575,541,1884,0.4985,0.7443,1
0.5,uniform_heavy,0.6,2,2.0,smart,0.3,3,4000,3.0,2.64,0.36,11.999,2182,1635,547,1818,0.5125,0.7493,1
0.5,uniform_heavy,0.6,2,2.0,smart,0.3,4,4000,3.0,2.6816,0.3184,10.613,2096,1541,555,1904,0.504,0.7352,1
0.5,uniform_heavy,0.6,2,2.0,smart,0.3,5,4000,3.0,2.6723,0.3277,10.923,2157,1584,573,1843,0.514,0.7344,1
0.5,uniform_heavy,0.6,2,2.0,smart,0.3,6,4000,3.0,2.6465,0.3535,11.783,2185,1632,553,1815,0.4868,0.7469,1
0.5,uniform_heavy,0.6,4,0.5,smart,0.3,0,4000,5.0,3.8029,1.1971,23.943,2193,1637,556,1807,0.5032,0.7465,1
0.5,uniform_heavy,0.6,4,0.5,smart,0.3,1,4000,5.0,3.8012,1.1988,23.976,2167,1632,535,1833,0.5148,0.7531,1
0.5,uniform_heavy,0.6,4,0.5,smart,0.3,2,4000,5.0,3.8425,1.1575,23.15,2147,1584,563,1853,0.4898,0.7378,1
0.5,uniform_heavy,0.6,4,0.5,smart,0.3,3,4000,5.0,3.8151,1.1849,23.699,2149,1614,535,1851,0.512,0.751,1
0.5,uniform_heavy,0.6,4,0.5,smart,0.3,4,4000,5.0,3.8692,1.1308,22.616,2122,1561,561,1878,0.5005,0.7356,1
0.5,uniform_heavy,0.6,4,0.5,smart,0.3,5,4000,5.0,3.8878,1.1122,22.244,2084,1518,566,1916,0.4935,0.7284,1
0.5,uniform_heavy,0.6,4,0.5,smart,0.3,6,4000,5.0,3.871,1.129,22.581,2129,1549,580,1871,0.4928,0.7276,1
0.5,uniform_heavy,0.6,4,1.0,smart,0.3,0,4000,5.0,3.9202,1.0798,21.596,2141,1576,565,1859,0.4948,0.7361,1
0.5,uniform_heavy,0.6,4,1.0,smart,0.3,1,4000,5.0,3.8575,1.1425,22.851,2128,1630,498,1872,0.5128,0.766,1
0.5,uniform_heavy,0.6,4,1.0,smart,0.3,2,4000,5.0,3.9171,1.0829,21.658,2119,1570,549,1881,0.4953,0.7409,1
0.5,uniform_heavy,0.6,4,1.0,smart,0.3,3,4000,5.0,3.8481,1.1519,23.039,2167,1648,519,1833,0.4935,0.7605,1
0.5,uniform_heavy,0.6,4,1.0,smart,0.3,4,4000,5.0,3.9439,1.0561,21.122,2117,1547,570,1883,0.493,0.7308,1
0.5,uniform_heavy,0.6,4,1.0,smart,0.3,5,4000,5.0,3.8687,1.1313,22.625,2165,1638,527,1835,0.499,0.7566,1
0.5,uniform_heavy,0.6,4,1.0,smart,0.3,6,4000,5.0,3.8438,1.1562,23.124,2166,1647,519,1834,0.4983,0.7604,1
0.5,uniform_heavy,0.6,4,2.0,smart,0.3,0,4000,5.0,4.0596,0.9404,18.808,2048,1547,501,1952,0.5062,0.7554,1
0.5,uniform_heavy,0.6,4,2.0,smart,0.3,1,4000,5.0,3.99,1.01,20.2,2147,1633,514,1853,0.5062,0.7606,1
0.5,uniform_heavy,0.6,4,2.0,smart,0.3,2,4000,5.0,4.0362,0.9638,19.275,2144,1595,549,1856,0.4963,0.7439,1
0.5,uniform_heavy,0.6,4,2.0,smart,0.3,3,4000,5.0,4.0301,0.9699,19.399,2091,1577,514,1909,0.502,0.7542,1
0.5,uniform_heavy,0.6,4,2.0,smart,0.3,4,4000,5.0,4.0515,0.9485,18.969,2115,1566,549,1885,0.5022,0.7404,1
0.5,uniform_heavy,0.6,4,2.0,smart,0.3,5,4000,5.0,4.0875,0.9125,18.25,2097,1533,564,1903,0.4903,0.731,1
0.5,uniform_heavy,0.6,4,2.0,smart,0.3,6,4000,5.0,4.0583,0.9417,18.834,2135,1573,562,1865,0.499,0.7368,1
0.5,uniform_heavy,0.6,8,0.5,smart,0.3,0,4000,9.0,6.5845,2.4155,26.839,2138,1605,533,1862,0.4983,0.7507,1
0.5,uniform_heavy,0.6,8,0.5,smart,0.3,1,4000,9.0,6.5945,2.4055,26.728,2127,1590,537,1873,0.5142,0.7475,1
0.5,uniform_heavy,0.6,8,0.5,smart,0.3,2,4000,9.0,6.6372,2.3628,26.253,2089,1562,527,1911,0.5058,0.7477,1
0.5,uniform_heavy,0.6,8,0.5,smart,0.3,3,4000,9.0,6.5903,2.4097,26.775,2130,1596,534,1870,0.496,0.7493,1
0.5,uniform_heavy,0.6,8,0.5,smart,0.3,4,4000,9.0,6.6324,2.3676,26.307,2108,1571,537,1892,0.5052,0.7453,1
0.5,uniform_heavy,0.6,8,0.5,smart,0.3,5,4000,9.0,6.5239,2.4761,27.512,2182,1646,536,1818,0.5028,0.7544,1
0.5,uniform_heavy,0.6,8,0.5,smart,0.3,6,4000,9.0,6.6519,2.3481,26.09,2128,1557,571,1872,0.4928,0.7317,1
0.5,uniform_heavy,0.6,8,1.0,smart,0.3,0,4000,9.0,6.7258,2.2742,25.269,2125,1563,562,1875,0.5052,0.7355,1
0.5,uniform_heavy,0.6,8,1.0,smart,0.3,1,4000,9.0,6.6168,2.3832,26.48,2115,1622,493,1885,0.515,0.7669,1
0.5,uniform_heavy,0.6,8,1.0,smart,0.3,2,4000,9.0,6.6933,2.3067,25.629,2126,1585,541,1874,0.5042,0.7455,1
0.5,uniform_heavy,0.6,8,1.0,smart,0.3,3,4000,9.0,6.6656,2.3344,25.938,2147,1591,556,1853,0.496,0.741,1
0.5,uniform_heavy,0.6,8,1.0,smart,0.3,4,4000,9.0,6.584,2.416,26.844,2163,1635,528,1837,0.5048,0.7559,1
0.5,uniform_heavy,0.6,8,1.0,smart,0.3,5,4000,9.0,6.7435,2.2565,25.072,2132,1555,577,1868,0.4853,0.7294,1
0.5,uniform_heavy,0.6,8,1.0,smart,0.3,6,4000,9.0,6.7501,2.2499,24.999,2078,1540,538,1922,0.4993,0.7411,1
0.5,uniform_heavy,0.6,8,2.0,smart,0.3,0,4000,9.0,6.8012,2.1988,24.431,2144,1601,543,1856,0.4918,0.7467,1
0.5,uniform_heavy,0.6,8,2.0,smart,0.3,1,4000,9.0,6.7772,2.2228,24.697,2152,1607,545,1848,0.5102,0.7467,1
0.5,uniform_heavy,0.6,8,2.0,smart,0.3,2,4000,9.0,6.7987,2.2013,24.459,2143,1602,541,1857,0.4843,0.7476,1
0.5,uniform_heavy,0.6,8,2.0,smart,0.3,3,4000,9.0,6.9372,2.0628,22.92,2094,1516,578,1906,0.4875,0.724,1
0.5,uniform_heavy,0.6,8,2.0,smart,0.3,4,4000,9.0,6.8708,2.1292,23.657,2157,1566,591,1843,0.504,0.726,1
0.5,uniform_heavy,0.6,8,2.0,smart,0.3,5,4000,9.0,6.8659,2.1341,23.712,2107,1552,555,1893,0.5022,0.7366,1
0.5,uniform_heavy,0.6,8,2.0,smart,0.3,6,4000,9.0,6.8542,2.1458,23.842,2105,1563,542,1895,0.4893,0.7425,1
0.5,uniform_heavy,0.7,0.25,0.5,smart,0.3,0,4000,1.25,1.2087,0.0413,3.306,2243,1854,389,1757,0.5038,0.8266,1
0.5,uniform_heavy,0.7,0.25,0.5,smart,0.3,1,4000,1.25,1.2105,0.0395,3.162,2271,1863,408,1729,0.5025,0.8203,1
0.5,uniform_heavy,0.7,0.25,0.5,smart,0.3,2,4000,1.25,1.2074,0.0426,3.404,2250,1866,384,1750,0.4968,0.8293,1
0.5,uniform_heavy,0.7,0.25,0.5,smart,0.3,3,4000,1.25,1.2053,0.0447,3.573,2316,1930,386,1684,0.5128,0.8333,1
0.5,uniform_heavy,0.7,0.25,0.5,smart,0.3,4,4000,1.25,1.217,0.033,2.642,2272,1834,438,1728,0.503,0.8072,1
0.5,uniform_heavy,0.7,0.25,0.5,smart,0.3,5,4000,1.25,1.212,0.038,3.036,2277,1859,418,1723,0.4963,0.8164,1
0.5,uniform_heavy,0.7,0.25,0.5,smart,0.3,6,4000,1.25,1.2138,0.0362,2.892,2275,1849,426,1725,0.4978,0.8127,1
0.5,uniform_heavy,0.7,0.25,1.0,smart,0.3,0,4000,1.25,1.2651,-0.0151,-1.209,2281,1860,421,1719,0.503,0.8154,0
0.5,uniform_heavy,0.7,0.25,1.0,smart,0.3,1,4000,1.25,1.2689,-0.0189,-1.513,2266,1835,431,1734,0.507,0.8098,0
0.5,uniform_heavy,0.7,0.25,1.0,smart,0.3,2,4000,1.25,1.2661,-0.0161,-1.291,2243,1827,416,1757,0.5098,0.8145,0
0.5,uniform_heavy,0.7,0.25,1.0,smart,0.3,3,4000,1.25,1.2561,-0.0061,-0.49,2297,1903,394,1703,0.5068,0.8285,0
0.5,uniform_heavy,0.7,0.25,1.0,smart,0.3,4,4000,1.25,1.2545,-0.0045,-0.362,2233,1855,378,1767,0.5045,0.8307,0
0.5,uniform_heavy,0.7,0.25,1.0,smart,0.3,5,4000,1.25,1.2582,-0.0082,-0.658,2246,1853,393,1754,0.5092,0.825,0
0.5,uniform_heavy,0.7,0.25,1.0,smart,0.3,6,4000,1.25,1.256,-0.006,-0.478,2283,1893,390,1717,0.5092,0.8292,0
0.5,uniform_heavy,0.7,0.25,2.0,smart,0.3,0,4000,1.25,1.366,-0.116,-9.283,2270,1857,413,1730,0.4915,0.8181,0
0.5,uniform_heavy,0.7,0.25,2.0,smart,0.3,1,4000,1.25,1.3679,-0.1179,-9.433,2312,1893,419,1688,0.5018,0.8188,0
0.5,uniform_heavy,0.7,0.25,2.0,smart,0.3,2,4000,1.25,1.3661,-0.1161,-9.285,2189,1783,406,1811,0.48,0.8145,0
0.5,uniform_heavy,0.7,0.25,2.0,smart,0.3,3,4000,1.25,1.3581,-0.1081,-8.649,2258,1862,396,1742,0.501,0.8246,0
0.5,uniform_heavy,0.7,0.25,2.0,smart,0.3,4,4000,1.25,1.3585,-0.1085,-8.679,2235,1840,395,1765,0.497,0.8233,0
0.5,uniform_heavy,0.7,0.25,2.0,smart,0.3,5,4000,1.25,1.3872,-0.1372,-10.979,2277,1826,451,1723,0.4885,0.8019,0
0.5,uniform_heavy,0.7,0.25,2.0,smart,0.3,6,4000,1.25,1.3595,-0.1095,-8.76,2250,1851,399,1750,0.5005,0.8227,0
0.5,uniform_heavy,0.7,0.5,0.5,smart,0.3,0,4000,1.5,1.3677,0.1323,8.823,2247,1856,391,1753,0.5105,0.826,1
0.5,uniform_heavy,0.7,0.5,0.5,smart,0.3,1,4000,1.5,1.3757,0.1243,8.287,2302,1862,440,1698,0.488,0.8089,1
0.5,uniform_heavy,0.7,0.5,0.5,smart,0.3,2,4000,1.5,1.3706,0.1294,8.626,2219,1830,389,1781,0.4948,0.8247,1
0.5,uniform_heavy,0.7,0.5,0.5,smart,0.3,3,4000,1.5,1.3737,0.1263,8.418,2243,1830,413,1757,0.495,0.8159,1
0.5,uniform_heavy,0.7,0.5,0.5,smart,0.3,4,4000,1.5,1.3739,0.1261,8.406,2251,1834,417,1749,0.492,0.8147,1
0.5,uniform_heavy,0.7,0.5,0.5,smart,0.3,5,4000,1.5,1.3667,0.1333,8.885,2299,1896,403,1701,0.4925,0.8247,1
0.5,uniform_heavy,0.7,0.5,0.5,smart,0.3,6,4000,1.5,1.3708,0.1292,8.614,2245,1854,391,1755,0.5065,0.8258,1
0.5,uniform_heavy,0.7,0.5,1.0,smart,0.3,0,4000,1.5,1.403,0.097,6.47,2277,1920,357,1723,0.5135,0.8432,1
0.5,uniform_heavy,0.7,0.5,1.0,smart,0.3,1,4000,1.5,1.4253,0.0747,4.981,2273,1855,418,1727,0.4965,0.8161,1
0.5,uniform_heavy,0.7,0.5,1.0,smart,0.3,2,4000,1.5,1.4167,0.0833,5.556,2300,1898,402,1700,0.5028,0.8252,1
0.5,uniform_heavy,0.7,0.5,1.0,smart,0.3,3,4000,1.5,1.4268,0.0732,4.881,2274,1851,423,1726,0.4933,0.814,1
0.5,uniform_heavy,0.7,0.5,1.0,smart,0.3,4,4000,1.5,1.4316,0.0684,4.561,2234,1808,426,1766,0.4973,0.8093,1
0.5,uniform_heavy,0.7,0.5,1.0,smart,0.3,5,4000,1.5,1.4169,0.0831,5.538,2279,1882,397,1721,0.495,0.8258,1
0.5,uniform_heavy,0.7,0.5,1.0,smart,0.3,6,4000,1.5,1.4134,0.0866,5.775,2260,1878,382,1740,0.4985,0.831,1
0.5,uniform_heavy,0.7,0.5,2.0,smart,0.3,0,4000,1.5,1.5101,-0.0101,-0.675,2258,1876,382,1742,0.4988,0.8308,0
0.5,uniform_heavy,0.7,0.5,2.0,smart,0.3,1,4000,1.5,1.5125,-0.0125,-0.832,2218,1836,382,1782,0.4963,0.8278,0
0.5,uniform_heavy,0.7,0.5,2.0,smart,0.3,2,4000,1.5,1.535,-0.035,-2.331,2218,1800,418,1782,0.4798,0.8115,0
0.5,uniform_heavy,0.7,0.5,2.0,smart,0.3,3,4000,1.5,1.5316,-0.0316,-2.107,2281,1857,424,1719,0.5085,0.8141,0
0.5,uniform_heavy,0.7,0.5,2.0,smart,0.3,4,4000,1.5,1.5132,-0.0132,-0.88,2274,1880,394,1726,0.508,0.8267,0
0.5,uniform_heavy,0.7,0.5,2.0,smart,0.3,5,4000,1.5,1.5211,-0.0211,-1.407,2282,1874,408,1718,0.493,0.8212,0
0.5,uniform_heavy,0.7,0.5,2.0,smart,0.3,6,4000,1.5,1.5186,-0.0186,-1.242,2268,1869,399,1732,0.5035,0.8241,0
0.5,uniform_heavy,0.7,1,0.5,smart,0.3,0,4000,2.0,1.6898,0.3102,15.51,2289,1869,420,1711,0.4885,0.8165,1
0.5,uniform_heavy,0.7,1,0.5,smart,0.3,1,4000,2.0,1.6881,0.3119,15.595,2258,1869,389,1742,0.5028,0.8277,1
0.5,uniform_heavy,0.7,1,0.5,smart,0.3,2,4000,2.0,1.6897,0.3103,15.516,2197,1831,366,1803,0.5055,0.8334,1
0.5,uniform_heavy,0.7,1,0.5,smart,0.3,3,4000,2.0,1.6868,0.3132,15.659,2288,1888,400,1712,0.5025,0.8252,1
0.5,uniform_heavy,0.7,1,0.5,smart,0.3,4,4000,2.0,1.7107,0.2893,14.463,2236,1780,456,1764,0.4953,0.7961,1
0.5,uniform_heavy,0.7,1,0.5,smart,0.3,5,4000,2.0,1.6911,0.3089,15.444,2280,1865,415,1720,0.494,0.818,1
0.5,uniform_heavy,0.7,1,0.5,smart,0.3,6,4000,2.0,1.6839,0.3161,15.805,2273,1881,392,1727,0.513,0.8275,1
0.5,uniform_heavy,0.7,1,1.0,smart,0.3,0,4000,2.0,1.7315,0.2685,13.423,2203,1843,360,1797,0.507,0.8366,1
0.5,uniform_heavy,0.7,1,1.0,smart,0.3,1,4000,2.0,1.7337,0.2663,13.317,2297,1891,406,1703,0.4978,0.8232,1
0.5,uniform_heavy,0.7,1,1.0,smart,0.3,2,4000,2.0,1.7331,0.2669,13.347,2303,1899,404,1697,0.4945,0.8246,1
0.5,uniform_heavy,0.7,1,1.0,smart,0.3,3,4000,2.0,1.7453,0.2547,12.736,2226,1833,393,1774,0.4983,0.8235,1
0.5,uniform_heavy,0.7,1,1.0,smart,0.3,4,4000,2.0,1.7443,0.2557,12.784,2243,1841,402,1757,0.5042,0.8208,1
0.5,uniform_heavy,0.7,1,1.0,smart,0.3,5,4000,2.0,1.7396,0.2604,13.02,2230,1843,387,1770,0.5015,0.8265,1
0.5,uniform_heavy,0.7,1,1.0,smart,0.3,6,4000,2.0,1.7259,0.2741,13.706,2227,1874,353,1773,0.4938,0.8415,1
0.5,uniform_heavy,0.7,1,2.0,smart,0.3,0,4000,2.0,1.8341,0.1659,8.294,2296,1889,407,1704,0.509,0.8227,1
0.5,uniform_heavy,0.7,1,2.0,smart,0.3,1,4000,2.0,1.8535,0.1465,7.326,2286,1855,431,1714,0.4978,0.8115,1
0.5,uniform_heavy,0.7,1,2.0,smart,0.3,2,4000,2.0,1.8426,0.1574,7.872,2247,1846,401,1753,0.4958,0.8215,1
0.5,uniform_heavy,0.7,1,2.0,smart,0.3,3,4000,2.0,1.8567,0.1433,7.167,2233,1821,412,1767,0.4955,0.8155,1
0.5,uniform_heavy,0.7,1,2.0,smart,0.3,4,4000,2.0,1.863,0.137,6.852,2273,1835,438,1727,0.5012,0.8073,1
0.5,uniform_heavy,0.7,1,2.0,smart,0.3,5,4000,2.0,1.8539,0.1461,7.304,2224,1815,409,1776,0.5018,0.8161,1
0.5,uniform_heavy,0.7,1,2.0,smart,0.3,6,4000,2.0,1.8526,0.1474,7.371,2254,1836,418,1746,0.4928,0.8146,1
0.5,uniform_heavy,0.7,2,0.5,smart,0.3,0,4000,3.0,2.3147,0.6853,22.844,2324,1902,422,1676,0.499,0.8184,1
0.5,uniform_heavy,0.7,2,0.5,smart,0.3,1,4000,3.0,2.3146,0.6854,22.846,2308,1896,412,1692,0.4998,0.8215,1
0.5,uniform_heavy,0.7,2,0.5,smart,0.3,2,4000,3.0,2.3421,0.6579,21.93,2221,1832,389,1779,0.4983,0.8249,1
0.5,uniform_heavy,0.7,2,0.5,smart,0.3,3,4000,3.0,2.3335,0.6665,22.217,2257,1852,405,1743,0.5035,0.8206,1
0.5,uniform_heavy,0.7,2,0.5,smart,0.3,4,4000,3.0,2.334,0.666,22.2,2262,1857,405,1738,0.485,0.821,1
0.5,uniform_heavy,0.7,2,0.5,smart,0.3,5,4000,3.0,2.3504,0.6496,21.652,2240,1808,432,1760,0.4913,0.8071,1
0.5,uniform_heavy,0.7,2,0.5,smart,0.3,6,4000,3.0,2.3141,0.6859,22.864,2302,1892,410,1698,0.5062,0.8219,1
0.5,uniform_heavy,0.7,2,1.0,smart,0.3,0,4000,3.0,2.379,0.621,20.699,2265,1866,399,1735,0.508,0.8238,1
0.5,uniform_heavy,0.7,2,1.0,smart,0.3,1,4000,3.0,2.4006,0.5994,19.981,2199,1795,404,1801,0.497,0.8163,1
0.5,uniform_heavy,0.7,2,1.0,smart,0.3,2,4000,3.0,2.3716,0.6284,20.946,2225,1856,369,1775,0.4858,0.8342,1
0.5,uniform_heavy,0.7,2,1.0,smart,0.3,3,4000,3.0,2.3545,0.6455,21.517,2319,1922,397,1681,0.5015,0.8288,1
0.5,uniform_heavy,0.7,2,1.0,smart,0.3,4,4000,3.0,2.3769,0.6231,20.771,2237,1853,384,1763,0.4863,0.8283,1
0.5,uniform_heavy,0.7,2,1.0,smart,0.3,5,4000,3.0,2.3801,0.6199,20.664,2260,1859,401,1740,0.5058,0.8226,1
0.5,uniform_heavy,0.7,2,1.0,smart,0.3,6,4000,3.0,2.373,0.627,20.899,2273,1869,404,1727,0.5,0.8223,1
0.5,uniform_heavy,0.7,2,2.0,smart,0.3,0,4000,3.0,2.5089,0.4911,16.371,2242,1819,423,1758,0.4908,0.8113,1
0.5,uniform_heavy,0.7,2,2.0,smart,0.3,1,4000,3.0,2.4767,0.5233,17.444,2248,1863,385,1752,0.4893,0.8287,1
0.5,uniform_heavy,0.7,2,2.0,smart,0.3,2,4000,3.0,2.4715,0.5285,17.618,2285,1885,400,1715,0.498,0.8249,1
0.5,uniform_heavy,0.7,2,2.0,smart,0.3,3,4000,3.0,2.4673,0.5327,17.757,2284,1885,399,1716,0.4933,0.8253,1
0.5,uniform_heavy,0.7,2,2.0,smart,0.3,4,4000,3.0,2.4874,0.5126,17.085,2279,1858,421,1721,0.4923,0.8153,1
0.5,uniform_heavy,0.7,2,2.0,smart,0.3,5,4000,3.0,2.5049,0.4951,16.504,2254,1829,425,1746,0.491,0.8114,1
0.5,uniform_heavy,0.7,2,2.0,smart,0.3,6,4000,3.0,2.4884,0.5116,17.052,2261,1851,410,1739,0.502,0.8187,1
0.5,uniform_heavy,0.7,4,0.5,smart,0.3,0,4000,5.0,3.5885,1.4115,28.23,2321,1894,427,1679,0.4933,0.816,1
0.5,uniform_heavy,0.7,4,0.5,smart,0.3,1,4000,5.0,3.6302,1.3698,27.396,2222,1828,394,1778,0.5035,0.8227,1
0.5,uniform_heavy,0.7,4,0.5,smart,0.3,2,4000,5.0,3.6102,1.3898,27.797,2281,1854,427,1719,0.5022,0.8128,1
0.5,uniform_heavy,0.7,4,0.5,smart,0.3,3,4000,5.0,3.5952,1.4048,28.096,2256,1875,381,1744,0.4993,0.8311,1
0.5,uniform_heavy,0.7,4,0.5,smart,0.3,4,4000,5.0,3.6379,1.3621,27.241,2231,1822,409,1769,0.483,0.8167,1
0.5,uniform_heavy,0.7,4,0.5,smart,0.3,5,4000,5.0,3.6553,1.3447,26.893,2248,1817,431,1752,0.4983,0.8083,1
0.5,uniform_heavy,0.7,4,0.5,smart,0.3,6,4000,5.0,3.5922,1.4078,28.155,2252,1877,375,1748,0.5052,0.8335,1
0.5,uniform_heavy,0.7,4,1.0,smart,0.3,0,4000,5.0,3.6175,1.3825,27.65,2331,1916,415,1669,0.498,0.822,1
0.5,uniform_heavy,0.7,4,1.0,smart,0.3,1,4000,5.0,3.6639,1.3361,26.722,2263,1845,418,1737,0.5042,0.8153,1
0.5,uniform_heavy,0.7,4,1.0,smart,0.3,2,4000,5.0,3.6752,1.3248,26.496,2240,1844,396,1760,0.498,0.8232,1
0.5,uniform_heavy,0.7,4,1.0,smart,0.3,3,4000,5.0,3.7114,1.2886,25.772,2215,1805,410,1785,0.495,0.8149,1
0.5,uniform_heavy,0.7,4,1.0,smart,0.3,4,4000,5.0,3.6501,1.3499,26.998,2257,1866,391,1743,0.5018,0.8268,1
0.5,uniform_heavy,0.7,4,1.0,smart,0.3,5,4000,5.0,3.6081,1.3919,27.839,2295,1917,378,1705,0.5035,0.8353,1
0.5,uniform_heavy,0.7,4,1.0,smart,0.3,6,4000,5.0,3.6943,1.3057,26.114,2235,1815,420,1765,0.5035,0.8121,1
0.5,uniform_heavy,0.7,4,2.0,smart,0.3,0,4000,5.0,3.7614,1.2386,24.773,2294,1872,422,1706,0.4928,0.816,1
0.5,uniform_heavy,0.7,4,2.0,smart,0.3,1,4000,5.0,3.7915,1.2085,24.17,2306,1858,448,1694,0.5,0.8057,1
0.5,uniform_heavy,0.7,4,2.0,smart,0.3,2,4000,5.0,3.7852,1.2148,24.295,2272,1848,424,1728,0.4953,0.8134,1
0.5,uniform_heavy,0.7,4,2.0,smart,0.3,3,4000,5.0,3.7318,1.2682,25.364,2286,1894,392,1714,0.5145,0.8285,1
0.5,uniform_heavy,0.7,4,2.0,smart,0.3,4,4000,5.0,3.7923,1.2077,24.155,2280,1839,441,1720,0.4915,0.8066,1
0.5,uniform_heavy,0.7,4,2.0,smart,0.3,5,4000,5.0,3.7589,1.2411,24.823,2287,1870,417,1713,0.5005,0.8177,1
0.5,uniform_heavy,0.7,4,2.0,smart,0.3,6,4000,5.0,3.7443,1.2557,25.115,2304,1889,415,1696,0.5072,0.8199,1
0.5,uniform_heavy,0.7,8,0.5,smart,0.3,0,4000,9.0,6.123,2.877,31.967,2288,1889,399,1712,0.4978,0.8256,1
0.5,uniform_heavy,0.7,8,0.5,smart,0.3,1,4000,9.0,6.2056,2.7944,31.049,2282,1840,442,1718,0.4933,0.8063,1
0.5,uniform_heavy,0.7,8,0.5,smart,0.3,2,4000,9.0,6.201,2.799,31.1,2233,1837,396,1767,0.5115,0.8227,1
0.5,uniform_heavy,0.7,8,0.5,smart,0.3,3,4000,9.0,6.1631,2.8369,31.522,2276,1873,403,1724,0.4968,0.8229,1
0.5,uniform_heavy,0.7,8,0.5,smart,0.3,4,4000,9.0,6.1469,2.8531,31.701,2255,1873,382,1745,0.505,0.8306,1
0.5,uniform_heavy,0.7,8,0.5,smart,0.3,5,4000,9.0,6.1029,2.8971,32.19,2283,1898,385,1717,0.5015,0.8314,1
0.5,uniform_heavy,0.7,8,0.5,smart,0.3,6,4000,9.0,6.1645,2.8355,31.506,2260,1856,404,1740,0.5088,0.8212,1
0.5,uniform_heavy,0.7,8,1.0,smart,0.3,0,4000,9.0,6.1855,2.8145,31.272,2273,1885,388,1727,0.496,0.8293,1
0.5,uniform_heavy,0.7,8,1.0,smart,0.3,1,4000,9.0,6.2236,2.7764,30.848,2250,1855,395,1750,0.502,0.8244,1
0.5,uniform_heavy,0.7,8,1.0,smart,0.3,2,4000,9.0,6.2323,2.7677,30.752,2269,1849,420,1731,0.503,0.8149,1
0.5,uniform_heavy,0.7,8,1.0,smart,0.3,3,4000,9.0,6.1578,2.8422,31.58,2267,1898,369,1733,0.514,0.8372,1
0.5,uniform_heavy,0.7,8,1.0,smart,0.3,4,4000,9.0,6.2563,2.7437,30.485,2219,1828,391,1781,0.507,0.8238,1
0.5,uniform_heavy,0.7,8,1.0,smart,0.3,5,4000,9.0,6.1736,2.8264,31.405,2301,1898,403,1699,0.5065,0.8249,1
0.5,uniform_heavy,0.7,8,1.0,smart,0.3,6,4000,9.0,6.2676,2.7324,30.36,2227,1834,393,1773,0.4968,0.8235,1
0.5,uniform_heavy,0.7,8,2.0,smart,0.3,0,4000,9.0,6.2442,2.7558,30.62,2284,1899,385,1716,0.5115,0.8314,1
0.5,uniform_heavy,0.7,8,2.0,smart,0.3,1,4000,9.0,6.3405,2.6595,29.55,2241,1841,400,1759,0.4968,0.8215,1
0.5,uniform_heavy,0.7,8,2.0,smart,0.3,2,4000,9.0,6.2913,2.7087,30.097,2277,1871,406,1723,0.5048,0.8217,1
0.5,uniform_heavy,0.7,8,2.0,smart,0.3,3,4000,9.0,6.3704,2.6296,29.217,2261,1839,422,1739,0.5012,0.8134,1
0.5,uniform_heavy,0.7,8,2.0,smart,0.3,4,4000,9.0,6.3917,2.6083,28.981,2219,1814,405,1781,0.498,0.8175,1
0.5,uniform_heavy,0.7,8,2.0,smart,0.3,5,4000,9.0,6.2762,2.7238,30.264,2311,1903,408,1689,0.5025,0.8235,1
0.5,uniform_heavy,0.7,8,2.0,smart,0.3,6,4000,9.0,6.2886,2.7114,30.126,2247,1871,376,1753,0.5162,0.8327,1
0.5,uniform_heavy,0.8,0.25,0.5,smart,0.3,0,4000,1.25,1.1799,0.0701,5.604,2392,2128,264,1608,0.4985,0.8896,1
0.5,uniform_heavy,0.8,0.25,0.5,smart,0.3,1,4000,1.25,1.1814,0.0686,5.491,2424,2141,283,1576,0.5085,0.8833,1
0.5,uniform_heavy,0.8,0.25,0.5,smart,0.3,2,4000,1.25,1.182,0.068,5.438,2397,2119,278,1603,0.5075,0.884,1
0.5,uniform_heavy,0.8,0.25,0.5,smart,0.3,3,4000,1.25,1.1749,0.0751,6.006,2400,2161,239,1600,0.5068,0.9004,1
0.5,uniform_heavy,0.8,0.25,0.5,smart,0.3,4,4000,1.25,1.183,0.067,5.357,2387,2108,279,1613,0.4985,0.8831,1
0.5,uniform_heavy,0.8,0.25,0.5,smart,0.3,5,4000,1.25,1.1808,0.0692,5.536,2431,2149,282,1569,0.512,0.884,1
0.5,uniform_heavy,0.8,0.25,0.5,smart,0.3,6,4000,1.25,1.1821,0.0679,5.432,2426,2137,289,1574,0.5032,0.8809,1
0.5,uniform_heavy,0.8,0.25,1.0,smart,0.3,0,4000,1.25,1.2115,0.0385,3.084,2397,2137,260,1603,0.5015,0.8915,1
0.5,uniform_heavy,0.8,0.25,1.0,smart,0.3,1,4000,1.25,1.2076,0.0424,3.393,2429,2178,251,1571,0.5095,0.8967,1
0.5,uniform_heavy,0.8,0.25,1.0,smart,0.3,2,4000,1.25,1.218,0.032,2.561,2348,2075,273,1652,0.49,0.8837,1
0.5,uniform_heavy,0.8,0.25,1.0,smart,0.3,3,4000,1.25,1.2134,0.0366,2.926,2351,2093,258,1649,0.489,0.8903,1
0.5,uniform_heavy,0.8,0.25,1.0,smart,0.3,4,4000,1.25,1.2171,0.0329,2.633,2367,2093,274,1633,0.5065,0.8842,1
0.5,uniform_heavy,0.8,0.25,1.0,smart,0.3,5,4000,1.25,1.2059,0.0441,3.525,2457,2206,251,1543,0.5258,0.8978,1
0.5,uniform_heavy,0.8,0.25,1.0,smart,0.3,6,4000,1.25,1.2149,0.0351,2.808,2381,2113,268,1619,0.5038,0.8874,1
0.5,uniform_heavy,0.8,0.25,2.0,smart,0.3,0,4000,1.25,1.2717,-0.0217,-1.734,2438,2183,255,1562,0.512,0.8954,0
0.5,uniform_heavy,0.8,0.25,2.0,smart,0.3,1,4000,1.25,1.2863,-0.0363,-2.906,2450,2167,283,1550,0.5228,0.8845,0
0.5,uniform_heavy,0.8,0.25,2.0,smart,0.3,2,4000,1.25,1.2775,-0.0275,-2.199,2365,2105,260,1635,0.4985,0.8901,0
0.5,uniform_heavy,0.8,0.25,2.0,smart,0.3,3,4000,1.25,1.2756,-0.0256,-2.047,2388,2131,257,1612,0.494,0.8924,0
0.5,uniform_heavy,0.8,0.25,2.0,smart,0.3,4,4000,1.25,1.2742,-0.0242,-1.937,2363,2110,253,1637,0.501,0.8929,0
0.5,uniform_heavy,0.8,0.25,2.0,smart,0.3,5,4000,1.25,1.288,-0.038,-3.038,2387,2107,280,1613,0.5055,0.8827,0
0.5,uniform_heavy,0.8,0.25,2.0,smart,0.3,6,4000,1.25,1.2878,-0.0378,-3.023,2383,2103,280,1617,0.496,0.8825,0
0.5,uniform_heavy,0.8,0.5,0.5,smart,0.3,0,4000,1.5,1.323,0.177,11.798,2356,2118,238,1644,0.5172,0.899,1
0.5,uniform_heavy,0.8,0.5,0.5,smart,0.3,1,4000,1.5,1.326,0.174,11.602,2411,2141,270,1589,0.5065,0.888,1
0.5,uniform_heavy,0.8,0.5,0.5,smart,0.3,2,4000,1.5,1.3274,0.1726,11.505,2351,2100,251,1649,0.4928,0.8932,1
0.5,uniform_heavy,0.8,0.5,0.5,smart,0.3,3,4000,1.5,1.3281,0.1719,11.46,2389,2121,268,1611,0.5142,0.8878,1
0.5,uniform_heavy,0.8,0.5,0.5,smart,0.3,4,4000,1.5,1.3316,0.1684,11.228,2368,2088,280,1632,0.4925,0.8818,1
0.5,uniform_heavy,0.8,0.5,0.5,smart,0.3,5,4000,1.5,1.3224,0.1776,11.843,2414,2161,253,1586,0.5072,0.8952,1
0.5,uniform_heavy,0.8,0.5,0.5,smart,0.3,6,4000,1.5,1.3306,0.1694,11.293,2397,2118,279,1603,0.4968,0.8836,1
0.5,uniform_heavy,0.8,0.5,1.0,smart,0.3,0,4000,1.5,1.3636,0.1364,9.091,2416,2135,281,1584,0.4955,0.8837,1
0.5,uniform_heavy,0.8,0.5,1.0,smart,0.3,1,4000,1.5,1.3674,0.1326,8.838,2374,2092,282,1626,0.4953,0.8812,1
0.5,uniform_heavy,0.8,0.5,1.0,smart,0.3,2,4000,1.5,1.3585,0.1415,9.436,2411,2143,268,1589,0.5172,0.8888,1
0.5,uniform_heavy,0.8,0.5,1.0,smart,0.3,3,4000,1.5,1.3676,0.1324,8.824,2347,2070,277,1653,0.4915,0.882,1
0.5,uniform_heavy,0.8,0.5,1.0,smart,0.3,4,4000,1.5,1.3553,0.1447,9.645,2442,2175,267,1558,0.5065,0.8907,1
0.5,uniform_heavy,0.8,0.5,1.0,smart,0.3,5,4000,1.5,1.3604,0.1396,9.305,2420,2148,272,1580,0.4985,0.8876,1
0.5,uniform_heavy,0.8,0.5,1.0,smart,0.3,6,4000,1.5,1.3529,0.1471,9.805,2430,2173,257,1570,0.506,0.8942,1
0.5,uniform_heavy,0.8,0.5,2.0,smart,0.3,0,4000,1.5,1.4346,0.0654,4.358,2375,2099,276,1625,0.488,0.8838,1
0.5,uniform_heavy,0.8,0.5,2.0,smart,0.3,1,4000,1.5,1.4285,0.0715,4.768,2328,2069,259,1672,0.4988,0.8887,1
0.5,uniform_heavy,0.8,0.5,2.0,smart,0.3,2,4000,1.5,1.4208,0.0792,5.282,2447,2182,265,1553,0.5038,0.8917,1
0.5,uniform_heavy,0.8,0.5,2.0,smart,0.3,3,4000,1.5,1.415,0.085,5.666,2405,2157,248,1595,0.5108,0.8969,1
0.5,uniform_heavy,0.8,0.5,2.0,smart,0.3,4,4000,1.5,1.424,0.076,5.065,2363,2106,257,1637,0.514,0.8912,1
0.5,uniform_heavy,0.8,0.5,2.0,smart,0.3,5,4000,1.5,1.4192,0.0808,5.384,2333,2091,242,1667,0.499,0.8963,1
0.5,uniform_heavy,0.8,0.5,2.0,smart,0.3,6,4000,1.5,1.4233,0.0767,5.111,2391,2131,260,1609,0.4988,0.8913,1
0.5,uniform_heavy,0.8,1,0.5,smart,0.3,0,4000,2.0,1.6151,0.3849,19.246,2368,2129,239,1632,0.5095,0.8991,1
0.5,uniform_heavy,0.8,1,0.5,smart,0.3,1,4000,2.0,1.6214,0.3786,18.93,2378,2120,258,1622,0.5005,0.8915,1
0.5,uniform_heavy,0.8,1,0.5,smart,0.3,2,4000,2.0,1.6169,0.3831,19.154,2466,2168,298,1534,0.5068,0.8792,1
0.5,uniform_heavy,0.8,1,0.5,smart,0.3,3,4000,2.0,1.6169,0.3831,19.154,2419,2153,266,1581,0.5115,0.89,1
0.5,uniform_heavy,0.8,1,0.5,smart,0.3,4,4000,2.0,1.6166,0.3834,19.172,2398,2149,249,1602,0.504,0.8962,1
0.5,uniform_heavy,0.8,1,0.5,smart,0.3,5,4000,2.0,1.6207,0.3793,18.965,2395,2125,270,1605,0.504,0.8873,1
0.5,uniform_heavy,0.8,1,0.5,smart,0.3,6,4000,2.0,1.6205,0.3795,18.973,2412,2139,273,1588,0.4933,0.8868,1
0.5,uniform_heavy,0.8,1,1.0,smart,0.3,0,4000,2.0,1.655,0.345,17.248,2423,2139,284,1577,0.507,0.8828,1
0.5,uniform_heavy,0.8,1,1.0,smart,0.3,1,4000,2.0,1.6429,0.3571,17.854,2474,2192,282,1526,0.514,0.886,1
0.5,uniform_heavy,0.8,1,1.0,smart,0.3,2,4000,2.0,1.6548,0.3452,17.261,2371,2115,256,1629,0.5005,0.892,1
0.5,uniform_heavy,0.8,1,1.0,smart,0.3,3,4000,2.0,1.6566,0.3434,17.168,2381,2112,269,1619,0.4995,0.887,1
0.5,uniform_heavy,0.8,1,1.0,smart,0.3,4,4000,2.0,1.6488,0.3512,17.56,2355,2116,239,1645,0.5052,0.8985,1
0.5,uniform_heavy,0.8,1,1.0,smart,0.3,5,4000,2.0,1.6691,0.3309,16.546,2389,2093,296,1611,0.494,0.8761,1
0.5,uniform_heavy,0.8,1,1.0,smart,0.3,6,4000,2.0,1.6538,0.3462,17.31,2376,2117,259,1624,0.51,0.891,1
0.5,uniform_heavy,0.8,1,2.0,smart,0.3,0,4000,2.0,1.7261,0.2739,13.693,2385,2114,271,1615,0.5052,0.8864,1
0.5,uniform_heavy,0.8,1,2.0,smart,0.3,1,4000,2.0,1.7266,0.2734,13.672,2427,2142,285,1573,0.4998,0.8826,1
0.5,uniform_heavy,0.8,1,2.0,smart,0.3,2,4000,2.0,1.7059,0.2941,14.707,2405,2158,247,1595,0.5108,0.8973,1
0.5,uniform_heavy,0.8,1,2.0,smart,0.3,3,4000,2.0,1.7233,0.2767,13.833,2335,2082,253,1665,0.5008,0.8916,1
0.5,uniform_heavy,0.8,1,2.0,smart,0.3,4,4000,2.0,1.7046,0.2954,14.769,2383,2144,239,1617,0.4895,0.8997,1
0.5,uniform_heavy,0.8,1,2.0,smart,0.3,5,4000,2.0,1.7321,0.2679,13.397,2378,2096,282,1622,0.5012,0.8814,1
0.5,uniform_heavy,0.8,1,2.0,smart,0.3,6,4000,2.0,1.732,0.268,13.401,2358,2087,271,1642,0.5062,0.8851,1
0.5,uniform_heavy,0.8,2,0.5,smart,0.3,0,4000,3.0,2.2373,0.7627,25.422,2363,2069,294,1637,0.4923,0.8756,1
0.5,uniform_heavy,0.8,2,0.5,smart,0.3,1,4000,3.0,2.1852,0.8148,27.16,2416,2173,243,1584,0.5085,0.8994,1
0.5,uniform_heavy,0.8,2,0.5,smart,0.3,2,4000,3.0,2.2289,0.7711,25.705,2346,2074,272,1654,0.494,0.8841,1
0.5,uniform_heavy,0.8,2,0.5,smart,0.3,3,4000,3.0,2.1927,0.8073,26.911,2431,2171,260,1569,0.5115,0.893,1
0.5,uniform_heavy,0.8,2,0.5,smart,0.3,4,4000,3.0,2.1963,0.8037,26.791,2411,2149,262,1589,0.5022,0.8913,1
0.5,uniform_heavy,0.8,2,0.5,smart,0.3,5,4000,3.0,2.2144,0.7856,26.186,2374,2108,266,1626,0.5005,0.888,1
0.5,uniform_heavy,0.8,2,0.5,smart,0.3,6,4000,3.0,2.2198,0.7802,26.008,2388,2110,278,1612,0.4968,0.8836,1
0.5,uniform_heavy,0.8,2,1.0,smart,0.3,0,4000,3.0,2.2559,0.7441,24.802,2380,2093,287,1620,0.5032,0.8794,1
0.5,uniform_heavy,0.8,2,1.0,smart,0.3,1,4000,3.0,2.2644,0.7356,24.519,2361,2071,290,1639,0.5005,0.8772,1
0.5,uniform_heavy,0.8,2,1.0,smart,0.3,2,4000,3.0,2.2384,0.7616,25.385,2386,2139,247,1614,0.5018,0.8965,1
0.5,uniform_heavy,0.8,2,1.0,smart,0.3,3,4000,3.0,2.2571,0.7429,24.762,2354,2096,258,1646,0.49,0.8904,1
0.5,uniform_heavy,0.8,2,1.0,smart,0.3,4,4000,3.0,2.2488,0.7512,25.039,2406,2133,273,1594,0.5028,0.8865,1
0.5,uniform_heavy,0.8,2,1.0,smart,0.3,5,4000,3.0,2.2282,0.7718,25.727,2417,2155,262,1583,0.506,0.8916,1
0.5,uniform_heavy,0.8,2,1.0,smart,0.3,6,4000,3.0,2.2452,0.7548,25.16,2358,2108,250,1642,0.5042,0.894,1
0.5,uniform_heavy,0.8,2,2.0,smart,0.3,0,4000,3.0,2.3112,0.6888,22.961,2378,2120,258,1622,0.4948,0.8915,1
0.5,uniform_heavy,0.8,2,2.0,smart,0.3,1,4000,3.0,2.3429,0.6571,21.905,2373,2081,292,1627,0.4958,0.8769,1
0.5,uniform_heavy,0.8,2,2.0,smart,0.3,2,4000,3.0,2.2888,0.7112,23.707,2438,2169,269,1562,0.5005,0.8897,1
0.5,uniform_heavy,0.8,2,2.0,smart,0.3,3,4000,3.0,2.3213,0.6787,22.623,2376,2099,277,1624,0.5035,0.8834,1
0.5,uniform_heavy,0.8,2,2.0,smart,0.3,4,4000,3.0,2.3293,0.6707,22.355,2376,2100,276,1624,0.4955,0.8838,1
0.5,uniform_heavy,0.8,2,2.0,smart,0.3,5,4000,3.0,2.3314,0.6686,22.287,2377,2093,284,1623,0.4993,0.8805,1
0.5,uniform_heavy,0.8,2,2.0,smart,0.3,6,4000,3.0,2.3569,0.6431,21.436,2350,2051,299,1650,0.4933,0.8728,1
0.5,uniform_heavy,0.8,4,0.5,smart,0.3,0,4000,5.0,3.379,1.621,32.419,2414,2140,274,1586,0.4938,0.8865,1
0.5,uniform_heavy,0.8,4,0.5,smart,0.3,1,4000,5.0,3.3641,1.6359,32.717,2435,2169,266,1565,0.508,0.8908,1
0.5,uniform_heavy,0.8,4,0.5,smart,0.3,2,4000,5.0,3.3855,1.6145,32.289,2400,2129,271,1600,0.501,0.8871,1
0.5,uniform_heavy,0.8,4,0.5,smart,0.3,3,4000,5.0,3.4256,1.5744,31.488,2370,2083,287,1630,0.481,0.8789,1
0.5,uniform_heavy,0.8,4,0.5,smart,0.3,4,4000,5.0,3.3661,1.6339,32.678,2398,2135,263,1602,0.5062,0.8903,1
0.5,uniform_heavy,0.8,4,0.5,smart,0.3,5,4000,5.0,3.3528,1.6472,32.943,2436,2164,272,1564,0.496,0.8883,1
0.5,uniform_heavy,0.8,4,0.5,smart,0.3,6,4000,5.0,3.3912,1.6088,32.175,2386,2121,265,1614,0.5065,0.8889,1
0.5,uniform_heavy,0.8,4,1.0,smart,0.3,0,4000,5.0,3.3965,1.6035,32.07,2435,2145,290,1565,0.5092,0.8809,1
0.5,uniform_heavy,0.8,4,1.0,smart,0.3,1,4000,5.0,3.4208,1.5792,31.584,2460,2159,301,1540,0.5018,0.8776,1
0.5,uniform_heavy,0.8,4,1.0,smart,0.3,2,4000,5.0,3.4618,1.5382,30.763,2326,2063,263,1674,0.4955,0.8869,1
0.5,uniform_heavy,0.8,4,1.0,smart,0.3,3,4000,5.0,3.4228,1.5772,31.545,2387,2118,269,1613,0.4958,0.8873,1
0.5,uniform_heavy,0.8,4,1.0,smart,0.3,4,4000,5.0,3.419,1.581,31.619,2406,2126,280,1594,0.5118,0.8836,1
0.5,uniform_heavy,0.8,4,1.0,smart,0.3,5,4000,5.0,3.4368,1.5632,31.264,2376,2103,273,1624,0.5048,0.8851,1
0.5,uniform_heavy,0.8,4,1.0,smart,0.3,6,4000,5.0,3.4296,1.5704,31.407,2388,2110,278,1612,0.496,0.8836,1
0.5,uniform_heavy,0.8,4,2.0,smart,0.3,0,4000,5.0,3.4959,1.5041,30.082,2409,2122,287,1591,0.4985,0.8809,1
0.5,uniform_heavy,0.8,4,2.0,smart,0.3,1,4000,5.0,3.4761,1.5239,30.478,2414,2136,278,1586,0.5065,0.8848,1
0.5,uniform_heavy,0.8,4,2.0,smart,0.3,2,4000,5.0,3.5327,1.4673,29.347,2371,2086,285,1629,0.4903,0.8798,1
0.5,uniform_heavy,0.8,4,2.0,smart,0.3,3,4000,5.0,3.5723,1.4277,28.555,2372,2046,326,1628,0.4788,0.8626,1
0.5,uniform_heavy,0.8,4,2.0,smart,0.3,4,4000,5.0,3.5381,1.4619,29.238,2321,2063,258,1679,0.4978,0.8888,1
0.5,uniform_heavy,0.8,4,2.0,smart,0.3,5,4000,5.0,3.4989,1.5011,30.021,2399,2121,278,1601,0.5055,0.8841,1
0.5,uniform_heavy,0.8,4,2.0,smart,0.3,6,4000,5.0,3.4736,1.5264,30.527,2404,2144,260,1596,0.4983,0.8918,1
0.5,uniform_heavy,0.8,8,0.5,smart,0.3,0,4000,9.0,5.7416,3.2584,36.205,2386,2119,267,1614,0.5008,0.8881,1
0.5,uniform_heavy,0.8,8,0.5,smart,0.3,1,4000,9.0,5.7541,3.2459,36.065,2408,2123,285,1592,0.5038,0.8816,1
0.5,uniform_heavy,0.8,8,0.5,smart,0.3,2,4000,9.0,5.7842,3.2158,35.731,2367,2102,265,1633,0.5098,0.888,1
0.5,uniform_heavy,0.8,8,0.5,smart,0.3,3,4000,9.0,5.7644,3.2356,35.951,2381,2103,278,1619,0.494,0.8832,1
0.5,uniform_heavy,0.8,8,0.5,smart,0.3,4,4000,9.0,5.7516,3.2484,36.094,2396,2114,282,1604,0.5072,0.8823,1
0.5,uniform_heavy,0.8,8,0.5,smart,0.3,5,4000,9.0,5.7088,3.2912,36.569,2426,2133,293,1574,0.5105,0.8792,1
0.5,uniform_heavy,0.8,8,0.5,smart,0.3,6,4000,9.0,5.7703,3.2297,35.886,2378,2115,263,1622,0.5078,0.8894,1
0.5,uniform_heavy,0.8,8,1.0,smart,0.3,0,4000,9.0,5.7338,3.2662,36.291,2408,2153,255,1592,0.5035,0.8941,1
0.5,uniform_heavy,0.8,8,1.0,smart,0.3,1,4000,9.0,5.688,3.312,36.8,2453,2188,265,1547,0.4973,0.892,1
0.5,uniform_heavy,0.8,8,1.0,smart,0.3,2,4000,9.0,5.6844,3.3156,36.84,2451,2178,273,1549,0.5022,0.8886,1
0.5,uniform_heavy,0.8,8,1.0,smart,0.3,3,4000,9.0,5.8208,3.1792,35.324,2379,2104,275,1621,0.5088,0.8844,1
0.5,uniform_heavy,0.8,8,1.0,smart,0.3,4,4000,9.0,5.8177,3.1823,35.359,2370,2103,267,1630,0.5048,0.8873,1
0.5,uniform_heavy,0.8,8,1.0,smart,0.3,5,4000,9.0,5.7905,3.2095,35.662,2370,2112,258,1630,0.494,0.8911,1
0.5,uniform_heavy,0.8,8,1.0,smart,0.3,6,4000,9.0,5.7064,3.2936,36.596,2455,2172,283,1545,0.5048,0.8847,1
0.5,uniform_heavy,0.8,8,2.0,smart,0.3,0,4000,9.0,5.8546,3.1454,34.949,2384,2114,270,1616,0.4985,0.8867,1
0.5,uniform_heavy,0.8,8,2.0,smart,0.3,1,4000,9.0,5.8671,3.1329,34.81,2399,2107,292,1601,0.5058,0.8783,1
0.5,uniform_heavy,0.8,8,2.0,smart,0.3,2,4000,9.0,5.7517,3.2483,36.092,2404,2164,240,1596,0.5172,0.9002,1
0.5,uniform_heavy,0.8,8,2.0,smart,0.3,3,4000,9.0,5.8789,3.1211,34.679,2391,2117,274,1609,0.4993,0.8854,1
0.5,uniform_heavy,0.8,8,2.0,smart,0.3,4,4000,9.0,5.7805,3.2195,35.772,2457,2170,287,1543,0.517,0.8832,1
0.5,uniform_heavy,0.8,8,2.0,smart,0.3,5,4000,9.0,5.8234,3.1766,35.296,2403,2122,281,1597,0.5048,0.8831,1
0.5,uniform_heavy,0.8,8,2.0,smart,0.3,6,4000,9.0,5.8272,3.1728,35.254,2370,2121,249,1630,0.4998,0.8949,1
0.5,uniform_heavy,0.9,0.25,0.5,smart,0.3,0,4000,1.25,1.1505,0.0995,7.961,2488,2368,120,1512,0.4973,0.9518,1
0.5,uniform_heavy,0.9,0.25,0.5,smart,0.3,1,4000,1.25,1.1555,0.0945,7.559,2473,2326,147,1527,0.4873,0.9406,1
0.5,uniform_heavy,0.9,0.25,0.5,smart,0.3,2,4000,1.25,1.1508,0.0992,7.938,2480,2360,120,1520,0.5008,0.9516,1
0.5,uniform_heavy,0.9,0.25,0.5,smart,0.3,3,4000,1.25,1.152,0.098,7.843,2565,2413,152,1435,0.5018,0.9407,1
0.5,uniform_heavy,0.9,0.25,0.5,smart,0.3,4,4000,1.25,1.1495,0.1005,8.037,2510,2388,122,1490,0.5105,0.9514,1
0.5,uniform_heavy,0.9,0.25,0.5,smart,0.3,5,4000,1.25,1.1508,0.0992,7.932,2553,2405,148,1447,0.501,0.942,1
0.5,uniform_heavy,0.9,0.25,0.5,smart,0.3,6,4000,1.25,1.1526,0.0974,7.794,2557,2402,155,1443,0.501,0.9394,1
0.5,uniform_heavy,0.9,0.25,1.0,smart,0.3,0,4000,1.25,1.1642,0.0858,6.865,2535,2413,122,1465,0.5048,0.9519,1
0.5,uniform_heavy,0.9,0.25,1.0,smart,0.3,1,4000,1.25,1.1719,0.0781,6.245,2478,2337,141,1522,0.4875,0.9431,1
0.5,uniform_heavy,0.9,0.25,1.0,smart,0.3,2,4000,1.25,1.1703,0.0797,6.376,2517,2376,141,1483,0.4973,0.944,1
0.5,uniform_heavy,0.9,0.25,1.0,smart,0.3,3,4000,1.25,1.1686,0.0814,6.515,2566,2423,143,1434,0.5065,0.9443,1
0.5,uniform_heavy,0.9,0.25,1.0,smart,0.3,4,4000,1.25,1.1705,0.0795,6.361,2561,2410,151,1439,0.4913,0.941,1
0.5,uniform_heavy,0.9,0.25,1.0,smart,0.3,5,4000,1.25,1.1667,0.0833,6.66,2547,2412,135,1453,0.4933,0.947,1
0.5,uniform_heavy,0.9,0.25,1.0,smart,0.3,6,4000,1.25,1.1694,0.0806,6.452,2443,2316,127,1557,0.4905,0.948,1
0.5,uniform_heavy,0.9,0.25,2.0,smart,0.3,0,4000,1.25,1.1951,0.0549,4.395,2501,2381,120,1499,0.4893,0.952,1
0.5,uniform_heavy,0.9,0.25,2.0,smart,0.3,1,4000,1.25,1.2063,0.0437,3.496,2493,2353,140,1507,0.504,0.9438,1
0.5,uniform_heavy,0.9,0.25,2.0,smart,0.3,2,4000,1.25,1.1925,0.0575,4.597,2511,2394,117,1489,0.497,0.9534,1
0.5,uniform_heavy,0.9,0.25,2.0,smart,0.3,3,4000,1.25,1.2,0.05,3.997,2503,2374,129,1497,0.511,0.9485,1
0.5,uniform_heavy,0.9,0.25,2.0,smart,0.3,4,4000,1.25,1.2102,0.0398,3.185,2519,2369,150,1481,0.492,0.9405,1
0.5,uniform_heavy,0.9,0.25,2.0,smart,0.3,5,4000,1.25,1.1957,0.0543,4.344,2518,2395,123,1482,0.517,0.9512,1
0.5,uniform_heavy,0.9,0.25,2.0,smart,0.3,6,4000,1.25,1.1949,0.0551,4.406,2526,2403,123,1474,0.4915,0.9513,1
0.5,uniform_heavy,0.9,0.5,0.5,smart,0.3,0,4000,1.5,1.2841,0.2159,14.391,2517,2390,127,1483,0.5042,0.9495,1
0.5,uniform_heavy,0.9,0.5,0.5,smart,0.3,1,4000,1.5,1.2849,0.2151,14.34,2549,2405,144,1451,0.4948,0.9435,1
0.5,uniform_heavy,0.9,0.5,0.5,smart,0.3,2,4000,1.5,1.2924,0.2076,13.84,2475,2334,141,1525,0.4858,0.943,1
0.5,uniform_heavy,0.9,0.5,0.5,smart,0.3,3,4000,1.5,1.2838,0.2162,14.413,2531,2399,132,1469,0.5018,0.9478,1
0.5,uniform_heavy,0.9,0.5,0.5,smart,0.3,4,4000,1.5,1.2811,0.2189,14.595,2523,2409,114,1477,0.5002,0.9548,1
0.5,uniform_heavy,0.9,0.5,0.5,smart,0.3,5,4000,1.5,1.2834,0.2166,14.438,2536,2408,128,1464,0.4993,0.9495,1
0.5,uniform_heavy,0.9,0.5,0.5,smart,0.3,6,4000,1.5,1.2821,0.2179,14.528,2573,2429,144,1427,0.508,0.944,1
0.5,uniform_heavy,0.9,0.5,1.0,smart,0.3,0,4000,1.5,1.2985,0.2015,13.435,2518,2393,125,1482,0.4893,0.9504,1
0.5,uniform_heavy,0.9,0.5,1.0,smart,0.3,1,4000,1.5,1.2993,0.2007,13.38,2523,2398,125,1477,0.499,0.9505,1
0.5,uniform_heavy,0.9,0.5,1.0,smart,0.3,2,4000,1.5,1.3038,0.1962,13.083,2530,2392,138,1470,0.5002,0.9455,1
0.5,uniform_heavy,0.9,0.5,1.0,smart,0.3,3,4000,1.5,1.3034,0.1966,13.109,2524,2387,137,1476,0.496,0.9457,1
0.5,uniform_heavy,0.9,0.5,1.0,smart,0.3,4,4000,1.5,1.301,0.199,13.264,2520,2388,132,1480,0.4925,0.9476,1
0.5,uniform_heavy,0.9,0.5,1.0,smart,0.3,5,4000,1.5,1.3051,0.1949,12.994,2502,2362,140,1498,0.505,0.944,1
0.5,uniform_heavy,0.9,0.5,1.0,smart,0.3,6,4000,1.5,1.3042,0.1958,13.052,2450,2327,123,1550,0.4933,0.9498,1
0.5,uniform_heavy,0.9,0.5,2.0,smart,0.3,0,4000,1.5,1.3264,0.1736,11.574,2495,2379,116,1505,0.5048,0.9535,1
0.5,uniform_heavy,0.9,0.5,2.0,smart,0.3,1,4000,1.5,1.3365,0.1635,10.9,2523,2387,136,1477,0.5022,0.9461,1
0.5,uniform_heavy,0.9,0.5,2.0,smart,0.3,2,4000,1.5,1.3414,0.1586,10.575,2559,2411,148,1441,0.5025,0.9422,1
0.5,uniform_heavy,0.9,0.5,2.0,smart,0.3,3,4000,1.5,1.336,0.164,10.932,2539,2404,135,1461,0.4998,0.9468,1
0.5,uniform_heavy,0.9,0.5,2.0,smart,0.3,4,4000,1.5,1.3296,0.1704,11.363,2589,2455,134,1411,0.506,0.9482,1
0.5,uniform_heavy,0.9,0.5,2.0,smart,0.3,5,4000,1.5,1.3306,0.1694,11.291,2542,2413,129,1458,0.5025,0.9493,1
0.5,uniform_heavy,0.9,0.5,2.0,smart,0.3,6,4000,1.5,1.3349,0.1651,11.004,2508,2376,132,1492,0.499,0.9474,1
0.5,uniform_heavy,0.9,1,0.5,smart,0.3,0,4000,2.0,1.546,0.454,22.702,2572,2421,151,1428,0.5092,0.9413,1
0.5,uniform_heavy,0.9,1,0.5,smart,0.3,1,4000,2.0,1.5515,0.4485,22.424,2573,2430,143,1427,0.5018,0.9444,1
0.5,uniform_heavy,0.9,1,0.5,smart,0.3,2,4000,2.0,1.5561,0.4439,22.194,2484,2360,124,1516,0.4955,0.9501,1
0.5,uniform_heavy,0.9,1,0.5,smart,0.3,3,4000,2.0,1.5522,0.4478,22.392,2504,2381,123,1496,0.4958,0.9509,1
0.5,uniform_heavy,0.9,1,0.5,smart,0.3,4,4000,2.0,1.5507,0.4493,22.467,2565,2413,152,1435,0.5118,0.9407,1
0.5,uniform_heavy,0.9,1,0.5,smart,0.3,5,4000,2.0,1.5586,0.4414,22.07,2495,2363,132,1505,0.5048,0.9471,1
0.5,uniform_heavy,0.9,1,0.5,smart,0.3,6,4000,2.0,1.5603,0.4397,21.985,2492,2352,140,1508,0.496,0.9438,1
0.5,uniform_heavy,0.9,1,1.0,smart,0.3,0,4000,2.0,1.5793,0.4207,21.035,2472,2344,128,1528,0.5068,0.9482,1
0.5,uniform_heavy,0.9,1,1.0,smart,0.3,1,4000,2.0,1.5714,0.4286,21.428,2558,2403,155,1442,0.4963,0.9394,1
0.5,uniform_heavy,0.9,1,1.0,smart,0.3,2,4000,2.0,1.5702,0.4298,21.49,2534,2398,136,1466,0.5052,0.9463,1
0.5,uniform_heavy,0.9,1,1.0,smart,0.3,3,4000,2.0,1.5698,0.4302,21.51,2497,2371,126,1503,0.5058,0.9495,1
0.5,uniform_heavy,0.9,1,1.0,smart,0.3,4,4000,2.0,1.5746,0.4254,21.27,2490,2364,126,1510,0.5002,0.9494,1
0.5,uniform_heavy,0.9,1,1.0,smart,0.3,5,4000,2.0,1.5675,0.4325,21.625,2504,2391,113,1496,0.4953,0.9549,1
0.5,uniform_heavy,0.9,1,1.0,smart,0.3,6,4000,2.0,1.5716,0.4284,21.418,2540,2404,136,1460,0.501,0.9465,1
0.5,uniform_heavy,0.9,1,2.0,smart,0.3,0,4000,2.0,1.5917,0.4083,20.415,2546,2425,121,1454,0.5108,0.9525,1
0.5,uniform_heavy,0.9,1,2.0,smart,0.3,1,4000,2.0,1.6239,0.3761,18.806,2521,2358,163,1479,0.5002,0.9353,1
0.5,uniform_heavy,0.9,1,2.0,smart,0.3,2,4000,2.0,1.6034,0.3966,19.83,2545,2404,141,1455,0.5048,0.9446,1
0.5,uniform_heavy,0.9,1,2.0,smart,0.3,3,4000,2.0,1.6048,0.3952,19.762,2533,2393,140,1467,0.4995,0.9447,1
0.5,uniform_heavy,0.9,1,2.0,smart,0.3,4,4000,2.0,1.6033,0.3967,19.835,2553,2413,140,1447,0.5045,0.9452,1
0.5,uniform_heavy,0.9,1,2.0,smart,0.3,5,4000,2.0,1.6013,0.3987,19.936,2536,2401,135,1464,0.5082,0.9468,1
0.5,uniform_heavy,0.9,1,2.0,smart,0.3,6,4000,2.0,1.5875,0.4125,20.626,2538,2423,115,1462,0.5038,0.9547,1
0.5,uniform_heavy,0.9,2,0.5,smart,0.3,0,4000,3.0,2.1065,0.8935,29.782,2459,2340,119,1541,0.4963,0.9516,1
0.5,uniform_heavy,0.9,2,0.5,smart,0.3,1,4000,3.0,2.1024,0.8976,29.919,2478,2354,124,1522,0.5072,0.95,1
0.5,uniform_heavy,0.9,2,0.5,smart,0.3,2,4000,3.0,2.0864,0.9136,30.453,2519,2403,116,1481,0.5028,0.9539,1
0.5,uniform_heavy,0.9,2,0.5,smart,0.3,3,4000,3.0,2.1038,0.8962,29.874,2495,2364,131,1505,0.4913,0.9475,1
0.5,uniform_heavy,0.9,2,0.5,smart,0.3,4,4000,3.0,2.12,0.88,29.333,2428,2319,109,1572,0.4923,0.9551,1
0.5,uniform_heavy,0.9,2,0.5,smart,0.3,5,4000,3.0,2.0838,0.9162,30.54,2540,2409,131,1460,0.501,0.9484,1
0.5,uniform_heavy,0.9,2,0.5,smart,0.3,6,4000,3.0,2.1194,0.8806,29.352,2451,2325,126,1549,0.469,0.9486,1
0.5,uniform_heavy,0.9,2,1.0,smart,0.3,0,4000,3.0,2.126,0.874,29.135,2485,2353,132,1515,0.4878,0.9469,1
0.5,uniform_heavy,0.9,2,1.0,smart,0.3,1,4000,3.0,2.1172,0.8828,29.428,2513,2379,134,1487,0.4933,0.9467,1
0.5,uniform_heavy,0.9,2,1.0,smart,0.3,2,4000,3.0,2.1019,0.8981,29.937,2535,2406,129,1465,0.503,0.9491,1
0.5,uniform_heavy,0.9,2,1.0,smart,0.3,3,4000,3.0,2.1401,0.8599,28.663,2429,2303,126,1571,0.4893,0.9481,1
0.5,uniform_heavy,0.9,2,1.0,smart,0.3,4,4000,3.0,2.1301,0.8699,28.998,2528,2366,162,1472,0.4988,0.9359,1
0.5,uniform_heavy,0.9,2,1.0,smart,0.3,5,4000,3.0,2.1076,0.8924,29.747,2504,2382,122,1496,0.4945,0.9513,1
0.5,uniform_heavy,0.9,2,1.0,smart,0.3,6,4000,3.0,2.103,0.897,29.9,2521,2390,131,1479,0.5018,0.948,1
0.5,uniform_heavy,0.9,2,2.0,smart,0.3,0,4000,3.0,2.1603,0.8397,27.99,2490,2344,146,1510,0.493,0.9414,1
0.5,uniform_heavy,0.9,2,2.0,smart,0.3,1,4000,3.0,2.1541,0.8459,28.195,2530,2379,151,1470,0.5092,0.9403,1
0.5,uniform_heavy,0.9,2,2.0,smart,0.3,2,4000,3.0,2.1327,0.8673,28.91,2549,2412,137,1451,0.5072,0.9463,1
0.5,uniform_heavy,0.9,2,2.0,smart,0.3,3,4000,3.0,2.1455,0.8545,28.483,2544,2399,145,1456,0.4908,0.943,1
0.5,uniform_heavy,0.9,2,2.0,smart,0.3,4,4000,3.0,2.171,0.829,27.635,2486,2339,147,1514,0.494,0.9409,1
0.5,uniform_heavy,0.9,2,2.0,smart,0.3,5,4000,3.0,2.1678,0.8322,27.741,2468,2336,132,1532,0.5005,0.9465,1
0.5,uniform_heavy,0.9,2,2.0,smart,0.3,6,4000,3.0,2.1695,0.8305,27.684,2467,2322,145,1533,0.4865,0.9412,1
0.5,uniform_heavy,0.9,4,0.5,smart,0.3,0,4000,5.0,3.1228,1.8772,37.544,2577,2437,140,1423,0.506,0.9457,1
0.5,uniform_heavy,0.9,4,0.5,smart,0.3,1,4000,5.0,3.1688,1.8312,36.624,2504,2396,108,1496,0.5005,0.9569,1
0.5,uniform_heavy,0.9,4,0.5,smart,0.3,2,4000,5.0,3.1371,1.8629,37.259,2570,2434,136,1430,0.496,0.9471,1
0.5,uniform_heavy,0.9,4,0.5,smart,0.3,3,4000,5.0,3.1513,1.8487,36.973,2568,2412,156,1432,0.5028,0.9393,1
0.5,uniform_heavy,0.9,4,0.5,smart,0.3,4,4000,5.0,3.1671,1.8329,36.659,2539,2391,148,1461,0.5072,0.9417,1
0.5,uniform_heavy,0.9,4,0.5,smart,0.3,5,4000,5.0,3.1462,1.8538,37.076,2541,2417,124,1459,0.495,0.9512,1
0.5,uniform_heavy,0.9,4,0.5,smart,0.3,6,4000,5.0,3.1579,1.8421,36.843,2530,2396,134,1470,0.4993,0.947,1
0.5,uniform_heavy,0.9,4,1.0,smart,0.3,0,4000,5.0,3.1861,1.8139,36.278,2512,2382,130,1488,0.4955,0.9482,1
0.5,uniform_heavy,0.9,4,1.0,smart,0.3,1,4000,5.0,3.1525,1.8475,36.951,2530,2415,115,1470,0.5015,0.9545,1
0.5,uniform_heavy,0.9,4,1.0,smart,0.3,2,4000,5.0,3.2216,1.7784,35.569,2492,2347,145,1508,0.4785,0.9418,1
0.5,uniform_heavy,0.9,4,1.0,smart,0.3,3,4000,5.0,3.1629,1.8371,36.743,2556,2421,135,1444,0.5065,0.9472,1
0.5,uniform_heavy,0.9,4,1.0,smart,0.3,4,4000,5.0,3.1729,1.8271,36.542,2539,2406,133,1461,0.5168,0.9476,1
0.5,uniform_heavy,0.9,4,1.0,smart,0.3,5,4000,5.0,3.202,1.798,35.96,2503,2369,134,1497,0.5012,0.9465,1
0.5,uniform_heavy,0.9,4,1.0,smart,0.3,6,4000,5.0,3.1915,1.8085,36.17,2514,2380,134,1486,0.501,0.9467,1
0.5,uniform_heavy,0.9,4,2.0,smart,0.3,0,4000,5.0,3.2097,1.7903,35.805,2535,2395,140,1465,0.5092,0.9448,1
0.5,uniform_heavy,0.9,4,2.0,smart,0.3,1,4000,5.0,3.2433,1.7567,35.135,2503,2358,145,1497,0.4823,0.9421,1
0.5,uniform_heavy,0.9,4,2.0,smart,0.3,2,4000,5.0,3.2231,1.7769,35.538,2505,2381,124,1495,0.5105,0.9505,1
0.5,uniform_heavy,0.9,4,2.0,smart,0.3,3,4000,5.0,3.2499,1.7501,35.002,2496,2350,146,1504,0.4918,0.9415,1
0.5,uniform_heavy,0.9,4,2.0,smart,0.3,4,4000,5.0,3.2311,1.7689,35.377,2506,2372,134,1494,0.4983,0.9465,1
0.5,uniform_heavy,0.9,4,2.0,smart,0.3,5,4000,5.0,3.1553,1.8447,36.894,2553,2447,106,1447,0.5152,0.9585,1
0.5,uniform_heavy,0.9,4,2.0,smart,0.3,6,4000,5.0,3.2543,1.7457,34.914,2511,2356,155,1489,0.5,0.9383,1
0.5,uniform_heavy,0.9,8,0.5,smart,0.3,0,4000,9.0,5.2939,3.7061,41.178,2571,2415,156,1429,0.5088,0.9393,1
0.5,uniform_heavy,0.9,8,0.5,smart,0.3,1,4000,9.0,5.236,3.764,41.823,2561,2439,122,1439,0.5108,0.9524,1
0.5,uniform_heavy,0.9,8,0.5,smart,0.3,2,4000,9.0,5.3545,3.6455,40.506,2527,2375,152,1473,0.501,0.9398,1
0.5,uniform_heavy,0.9,8,0.5,smart,0.3,3,4000,9.0,5.2766,3.7234,41.371,2554,2420,134,1446,0.5102,0.9475,1
0.5,uniform_heavy,0.9,8,0.5,smart,0.3,4,4000,9.0,5.3592,3.6408,40.453,2519,2369,150,1481,0.5032,0.9405,1
0.5,uniform_heavy,0.9,8,0.5,smart,0.3,5,4000,9.0,5.2841,3.7159,41.288,2522,2407,115,1478,0.5008,0.9544,1
0.5,uniform_heavy,0.9,8,0.5,smart,0.3,6,4000,9.0,5.3623,3.6377,40.419,2465,2354,111,1535,0.496,0.955,1
0.5,uniform_heavy,0.9,8,1.0,smart,0.3,0,4000,9.0,5.3233,3.6767,40.853,2532,2396,136,1468,0.4958,0.9463,1
0.5,uniform_heavy,0.9,8,1.0,smart,0.3,1,4000,9.0,5.4149,3.5851,39.834,2467,2324,143,1533,0.4955,0.942,1
0.5,uniform_heavy,0.9,8,1.0,smart,0.3,2,4000,9.0,5.3264,3.6736,40.818,2522,2391,131,1478,0.4945,0.9481,1
0.5,uniform_heavy,0.9,8,1.0,smart,0.3,3,4000,9.0,5.3161,3.6839,40.932,2539,2397,142,1461,0.5048,0.9441,1
0.5,uniform_heavy,0.9,8,1.0,smart,0.3,4,4000,9.0,5.2417,3.7583,41.759,2591,2455,136,1409,0.512,0.9475,1
0.5,uniform_heavy,0.9,8,1.0,smart,0.3,5,4000,9.0,5.272,3.728,41.423,2548,2422,126,1452,0.502,0.9505,1
0.5,uniform_heavy,0.9,8,1.0,smart,0.3,6,4000,9.0,5.243,3.757,41.745,2576,2449,127,1424,0.5058,0.9507,1
0.5,uniform_heavy,0.9,8,2.0,smart,0.3,0,4000,9.0,5.3817,3.6183,40.204,2548,2385,163,1452,0.495,0.936,1
0.5,uniform_heavy,0.9,8,2.0,smart,0.3,1,4000,9.0,5.3065,3.6935,41.039,2572,2436,136,1428,0.501,0.9471,1
0.5,uniform_heavy,0.9,8,2.0,smart,0.3,2,4000,9.0,5.3422,3.6578,40.643,2519,2398,121,1481,0.495,0.952,1
0.5,uniform_heavy,0.9,8,2.0,smart,0.3,3,4000,9.0,5.3153,3.6847,40.941,2574,2433,141,1426,0.506,0.9452,1
0.5,uniform_heavy,0.9,8,2.0,smart,0.3,4,4000,9.0,5.3956,3.6044,40.049,2488,2357,131,1512,0.4898,0.9473,1
0.5,uniform_heavy,0.9,8,2.0,smart,0.3,5,4000,9.0,5.3707,3.6293,40.326,2505,2381,124,1495,0.5072,0.9505,1
0.5,uniform_heavy,0.9,8,2.0,smart,0.3,6,4000,9.0,5.3833,3.6167,40.185,2506,2376,130,1494,0.503,0.9481,1
0.5,uniform_heavy,0.95,0.25,0.5,smart,0.3,0,4000,1.25,1.1389,0.1111,8.89,2567,2491,76,1433,0.4975,0.9704,1
0.5,uniform_heavy,0.95,0.25,0.5,smart,0.3,1,4000,1.25,1.1351,0.1149,9.19,2605,2539,66,1395,0.5015,0.9747,1
0.5,uniform_heavy,0.95,0.25,0.5,smart,0.3,2,4000,1.25,1.1343,0.1157,9.253,2585,2528,57,1415,0.5125,0.9779,1
0.5,uniform_heavy,0.95,0.25,0.5,smart,0.3,3,4000,1.25,1.1399,0.1101,8.808,2521,2455,66,1479,0.4855,0.9738,1
0.5,uniform_heavy,0.95,0.25,0.5,smart,0.3,4,4000,1.25,1.138,0.112,8.959,2596,2518,78,1404,0.493,0.97,1
0.5,uniform_heavy,0.95,0.25,0.5,smart,0.3,5,4000,1.25,1.1363,0.1137,9.099,2636,2556,80,1364,0.5032,0.9697,1
0.5,uniform_heavy,0.95,0.25,0.5,smart,0.3,6,4000,1.25,1.1365,0.1135,9.076,2558,2498,60,1442,0.4865,0.9765,1
0.5,uniform_heavy,0.95,0.25,1.0,smart,0.3,0,4000,1.25,1.1428,0.1072,8.575,2574,2513,61,1426,0.4988,0.9763,1
0.5,uniform_heavy,0.95,0.25,1.0,smart,0.3,1,4000,1.25,1.1453,0.1047,8.379,2577,2512,65,1423,0.4928,0.9748,1
0.5,uniform_heavy,0.95,0.25,1.0,smart,0.3,2,4000,1.25,1.1459,0.1041,8.329,2555,2489,66,1445,0.4878,0.9742,1
0.5,uniform_heavy,0.95,0.25,1.0,smart,0.3,3,4000,1.25,1.1451,0.1049,8.388,2598,2528,70,1402,0.4945,0.9731,1
0.5,uniform_heavy,0.95,0.25,1.0,smart,0.3,4,4000,1.25,1.1443,0.1057,8.455,2557,2497,60,1443,0.4983,0.9765,1
0.5,uniform_heavy,0.95,0.25,1.0,smart,0.3,5,4000,1.25,1.1416,0.1084,8.676,2588,2532,56,1412,0.5128,0.9784,1
0.5,uniform_heavy,0.95,0.25,1.0,smart,0.3,6,4000,1.25,1.1447,0.1053,8.426,2563,2502,61,1437,0.4955,0.9762,1
0.5,uniform_heavy,0.95,0.25,2.0,smart,0.3,0,4000,1.25,1.1653,0.0847,6.773,2551,2479,72,1449,0.485,0.9718,1
0.5,uniform_heavy,0.95,0.25,2.0,smart,0.3,1,4000,1.25,1.1661,0.0839,6.708,2561,2488,73,1439,0.488,0.9715,1
0.5,uniform_heavy,0.95,0.25,2.0,smart,0.3,2,4000,1.25,1.1616,0.0884,7.07,2586,2519,67,1414,0.499,0.9741,1
0.5,uniform_heavy,0.95,0.25,2.0,smart,0.3,3,4000,1.25,1.1631,0.0869,6.954,2618,2546,72,1382,0.5108,0.9725,1
0.5,uniform_heavy,0.95,0.25,2.0,smart,0.3,4,4000,1.25,1.1669,0.0831,6.648,2573,2498,75,1427,0.4968,0.9709,1
0.5,uniform_heavy,0.95,0.25,2.0,smart,0.3,5,4000,1.25,1.1565,0.0935,7.484,2624,2564,60,1376,0.505,0.9771,1
0.5,uniform_heavy,0.95,0.25,2.0,smart,0.3,6,4000,1.25,1.1609,0.0891,7.125,2590,2523,67,1410,0.4985,0.9741,1
0.5,uniform_heavy,0.95,0.5,0.5,smart,0.3,0,4000,1.5,1.2677,0.2323,15.489,2557,2490,67,1443,0.496,0.9738,1
0.5,uniform_heavy,0.95,0.5,0.5,smart,0.3,1,4000,1.5,1.2635,0.2365,15.768,2617,2541,76,1383,0.4995,0.971,1
0.5,uniform_heavy,0.95,0.5,0.5,smart,0.3,2,4000,1.5,1.2668,0.2332,15.544,2595,2510,85,1405,0.5028,0.9672,1
0.5,uniform_heavy,0.95,0.5,0.5,smart,0.3,3,4000,1.5,1.2692,0.2308,15.388,2561,2479,82,1439,0.4933,0.968,1
0.5,uniform_heavy,0.95,0.5,0.5,smart,0.3,4,4000,1.5,1.266,0.234,15.597,2583,2504,79,1417,0.5095,0.9694,1
0.5,uniform_heavy,0.95,0.5,0.5,smart,0.3,5,4000,1.5,1.2628,0.2372,15.814,2605,2535,70,1395,0.5025,0.9731,1
0.5,uniform_heavy,0.95,0.5,0.5,smart,0.3,6,4000,1.5,1.2665,0.2335,15.566,2576,2504,72,1424,0.4908,0.972,1
0.5,uniform_heavy,0.95,0.5,1.0,smart,0.3,0,4000,1.5,1.2698,0.2302,15.344,2596,2536,60,1404,0.5022,0.9769,1
0.5,uniform_heavy,0.95,0.5,1.0,smart,0.3,1,4000,1.5,1.2695,0.2305,15.368,2625,2558,67,1375,0.4958,0.9745,1
0.5,uniform_heavy,0.95,0.5,1.0,smart,0.3,2,4000,1.5,1.2735,0.2265,15.098,2582,2514,68,1418,0.4935,0.9737,1
0.5,uniform_heavy,0.95,0.5,1.0,smart,0.3,3,4000,1.5,1.2637,0.2363,15.753,2630,2577,53,1370,0.51,0.9798,1
0.5,uniform_heavy,0.95,0.5,1.0,smart,0.3,4,4000,1.5,1.271,0.229,15.269,2595,2531,64,1405,0.5132,0.9753,1
0.5,uniform_heavy,0.95,0.5,1.0,smart,0.3,5,4000,1.5,1.2671,0.2329,15.529,2636,2573,63,1364,0.5082,0.9761,1
0.5,uniform_heavy,0.95,0.5,1.0,smart,0.3,6,4000,1.5,1.2677,0.2323,15.489,2579,2525,54,1421,0.505,0.9791,1
0.5,uniform_heavy,0.95,0.5,2.0,smart,0.3,0,4000,1.5,1.2906,0.2094,13.961,2556,2492,64,1444,0.4998,0.975,1
0.5,uniform_heavy,0.95,0.5,2.0,smart,0.3,1,4000,1.5,1.2844,0.2156,14.371,2549,2495,54,1451,0.4913,0.9788,1
0.5,uniform_heavy,0.95,0.5,2.0,smart,0.3,2,4000,1.5,1.304,0.196,13.064,2552,2466,86,1448,0.493,0.9663,1
0.5,uniform_heavy,0.95,0.5,2.0,smart,0.3,3,4000,1.5,1.2932,0.2068,13.784,2599,2525,74,1401,0.5138,0.9715,1
0.5,uniform_heavy,0.95,0.5,2.0,smart,0.3,4,4000,1.5,1.2795,0.2205,14.698,2614,2560,54,1386,0.507,0.9793,1
0.5,uniform_heavy,0.95,0.5,2.0,smart,0.3,5,4000,1.5,1.287,0.213,14.199,2592,2528,64,1408,0.494,0.9753,1
0.5,uniform_heavy,0.95,0.5,2.0,smart,0.3,6,4000,1.5,1.281,0.219,14.6,2621,2563,58,1379,0.511,0.9779,1
0.5,uniform_heavy,0.95,1,0.5,smart,0.3,0,4000,2.0,1.5181,0.4819,24.096,2583,2519,64,1417,0.5052,0.9752,1
0.5,uniform_heavy,0.95,1,0.5,smart,0.3,1,4000,2.0,1.5261,0.4739,23.693,2556,2485,71,1444,0.4843,0.9722,1
0.5,uniform_heavy,0.95,1,0.5,smart,0.3,2,4000,2.0,1.525,0.475,23.751,2594,2510,84,1406,0.5038,0.9676,1
0.5,uniform_heavy,0.95,1,0.5,smart,0.3,3,4000,2.0,1.5256,0.4744,23.721,2544,2489,55,1456,0.4898,0.9784,1
0.5,uniform_heavy,0.95,1,0.5,smart,0.3,4,4000,2.0,1.5158,0.4842,24.208,2605,2548,57,1395,0.5025,0.9781,1
0.5,uniform_heavy,0.95,1,0.5,smart,0.3,5,4000,2.0,1.5132,0.4868,24.342,2616,2549,67,1384,0.5085,0.9744,1
0.5,uniform_heavy,0.95,1,0.5,smart,0.3,6,4000,2.0,1.5155,0.4845,24.223,2600,2535,65,1400,0.5092,0.975,1
0.5,uniform_heavy,0.95,1,1.0,smart,0.3,0,4000,2.0,1.5445,0.4555,22.776,2545,2461,84,1455,0.478,0.967,1
0.5,uniform_heavy,0.95,1,1.0,smart,0.3,1,4000,2.0,1.5266,0.4734,23.669,2597,2529,68,1403,0.5072,0.9738,1
0.5,uniform_heavy,0.95,1,1.0,smart,0.3,2,4000,2.0,1.5311,0.4689,23.446,2636,2549,87,1364,0.5108,0.967,1
0.5,uniform_heavy,0.95,1,1.0,smart,0.3,3,4000,2.0,1.5411,0.4589,22.943,2527,2463,64,1473,0.4873,0.9747,1
0.5,uniform_heavy,0.95,1,1.0,smart,0.3,4,4000,2.0,1.5353,0.4647,23.235,2552,2476,76,1448,0.504,0.9702,1
0.5,uniform_heavy,0.95,1,1.0,smart,0.3,5,4000,2.0,1.5187,0.4813,24.067,2644,2570,74,1356,0.5092,0.972,1
0.5,uniform_heavy,0.95,1,1.0,smart,0.3,6,4000,2.0,1.5254,0.4746,23.729,2590,2522,68,1410,0.5078,0.9737,1
0.5,uniform_heavy,0.95,1,2.0,smart,0.3,0,4000,2.0,1.5512,0.4488,22.438,2599,2519,80,1401,0.5068,0.9692,1
0.5,uniform_heavy,0.95,1,2.0,smart,0.3,1,4000,2.0,1.5484,0.4516,22.581,2581,2514,67,1419,0.5018,0.974,1
0.5,uniform_heavy,0.95,1,2.0,smart,0.3,2,4000,2.0,1.5533,0.4467,22.335,2585,2508,77,1415,0.51,0.9702,1
0.5,uniform_heavy,0.95,1,2.0,smart,0.3,3,4000,2.0,1.5532,0.4468,22.338,2581,2506,75,1419,0.4978,0.9709,1
0.5,uniform_heavy,0.95,1,2.0,smart,0.3,4,4000,2.0,1.5591,0.4409,22.046,2526,2458,68,1474,0.497,0.9731,1
0.5,uniform_heavy,0.95,1,2.0,smart,0.3,5,4000,2.0,1.5509,0.4491,22.456,2575,2502,73,1425,0.4895,0.9717,1
0.5,uniform_heavy,0.95,1,2.0,smart,0.3,6,4000,2.0,1.5507,0.4493,22.464,2579,2505,74,1421,0.501,0.9713,1
0.5,uniform_heavy,0.95,2,0.5,smart,0.3,0,4000,3.0,2.0465,0.9535,31.784,2560,2481,79,1440,0.4905,0.9691,1
0.5,uniform_heavy,0.95,2,0.5,smart,0.3,1,4000,3.0,2.0323,0.9677,32.255,2561,2509,52,1439,0.502,0.9797,1
0.5,uniform_heavy,0.95,2,0.5,smart,0.3,2,4000,3.0,2.0191,0.9809,32.697,2620,2557,63,1380,0.5108,0.976,1
0.5,uniform_heavy,0.95,2,0.5,smart,0.3,3,4000,3.0,2.0292,0.9708,32.361,2610,2537,73,1390,0.5058,0.972,1
0.5,uniform_heavy,0.95,2,0.5,smart,0.3,4,4000,3.0,2.0201,0.9799,32.662,2607,2546,61,1393,0.522,0.9766,1
0.5,uniform_heavy,0.95,2,0.5,smart,0.3,5,4000,3.0,2.0367,0.9633,32.111,2585,2517,68,1415,0.495,0.9737,1
0.5,uniform_heavy,0.95,2,0.5,smart,0.3,6,4000,3.0,2.0208,0.9792,32.641,2621,2549,72,1379,0.495,0.9725,1
0.5,uniform_heavy,0.95,2,1.0,smart,0.3,0,4000,3.0,2.0257,0.9743,32.477,2627,2560,67,1373,0.5028,0.9745,1
0.5,uniform_heavy,0.95,2,1.0,smart,0.3,1,4000,3.0,2.0435,0.9565,31.882,2594,2525,69,1406,0.501,0.9734,1
0.5,uniform_heavy,0.95,2,1.0,smart,0.3,2,4000,3.0,2.0437,0.9563,31.876,2596,2513,83,1404,0.5015,0.968,1
0.5,uniform_heavy,0.95,2,1.0,smart,0.3,3,4000,3.0,2.052,0.948,31.6,2544,2485,59,1456,0.4855,0.9768,1
0.5,uniform_heavy,0.95,2,1.0,smart,0.3,4,4000,3.0,2.0437,0.9563,31.875,2589,2521,68,1411,0.4985,0.9737,1
0.5,uniform_heavy,0.95,2,1.0,smart,0.3,5,4000,3.0,2.0437,0.9563,31.876,2609,2521,88,1391,0.5008,0.9663,1
0.5,uniform_heavy,0.95,2,1.0,smart,0.3,6,4000,3.0,2.016,0.984,32.8,2617,2577,40,1383,0.5172,0.9847,1
0.5,uniform_heavy,0.95,2,2.0,smart,0.3,0,4000,3.0,2.0543,0.9457,31.523,2580,2520,60,1420,0.5042,0.9767,1
0.5,uniform_heavy,0.95,2,2.0,smart,0.3,1,4000,3.0,2.0726,0.9274,30.912,2548,2474,74,1452,0.4955,0.971,1
0.5,uniform_heavy,0.95,2,2.0,smart,0.3,2,4000,3.0,2.0445,0.9555,31.849,2623,2562,61,1377,0.5035,0.9767,1
0.5,uniform_heavy,0.95,2,2.0,smart,0.3,3,4000,3.0,2.0713,0.9287,30.955,2572,2494,78,1428,0.5008,0.9697,1
0.5,uniform_heavy,0.95,2,2.0,smart,0.3,4,4000,3.0,2.04,0.96,31.998,2609,2550,59,1391,0.5082,0.9774,1
0.5,uniform_heavy,0.95,2,2.0,smart,0.3,5,4000,3.0,2.0645,0.9355,31.183,2561,2498,63,1439,0.4938,0.9754,1
0.5,uniform_heavy,0.95,2,2.0,smart,0.3,6,4000,3.0,2.0461,0.9539,31.798,2609,2545,64,1391,0.5045,0.9755,1
0.5,uniform_heavy,0.95,4,0.5,smart,0.3,0,4000,5.0,3.0649,1.9351,38.702,2574,2507,67,1426,0.4993,0.974,1
0.5,uniform_heavy,0.95,4,0.5,smart,0.3,1,4000,5.0,3.0459,1.9541,39.083,2602,2531,71,1398,0.5072,0.9727,1
0.5,uniform_heavy,0.95,4,0.5,smart,0.3,2,4000,5.0,3.0559,1.9441,38.883,2598,2526,72,1402,0.498,0.9723,1
0.5,uniform_heavy,0.95,4,0.5,smart,0.3,3,4000,5.0,3.0779,1.9221,38.442,2580,2499,81,1420,0.498,0.9686,1
0.5,uniform_heavy,0.95,4,0.5,smart,0.3,4,4000,5.0,3.0575,1.9425,38.85,2591,2531,60,1409,0.4898,0.9768,1
0.5,uniform_heavy,0.95,4,0.5,smart,0.3,5,4000,5.0,3.0572,1.9428,38.855,2596,2516,80,1404,0.4928,0.9692,1
0.5,uniform_heavy,0.95,4,0.5,smart,0.3,6,4000,5.0,3.0586,1.9414,38.828,2582,2525,57,1418,0.491,0.9779,1
0.5,uniform_heavy,0.95,4,1.0,smart,0.3,0,4000,5.0,3.0877,1.9123,38.247,2555,2484,71,1445,0.4968,0.9722,1
0.5,uniform_heavy,0.95,4,1.0,smart,0.3,1,4000,5.0,3.0971,1.9029,38.057,2555,2490,65,1445,0.499,0.9746,1
0.5,uniform_heavy,0.95,4,1.0,smart,0.3,2,4000,5.0,3.0692,1.9308,38.616,2582,2516,66,1418,0.506,0.9744,1
0.5,uniform_heavy,0.95,4,1.0,smart,0.3,3,4000,5.0,3.0806,1.9194,38.389,2570,2502,68,1430,0.499,0.9735,1
0.5,uniform_heavy,0.95,4,1.0,smart,0.3,4,4000,5.0,3.0735,1.9265,38.53,2575,2498,77,1425,0.494,0.9701,1
0.5,uniform_heavy,0.95,4,1.0,smart,0.3,5,4000,5.0,3.0583,1.9417,38.834,2593,2533,60,1407,0.4885,0.9769,1
0.5,uniform_heavy,0.95,4,1.0,smart,0.3,6,4000,5.0,3.0929,1.9071,38.142,2552,2488,64,1448,0.4993,0.9749,1
0.5,uniform_heavy,0.95,4,2.0,smart,0.3,0,4000,5.0,3.0432,1.9568,39.136,2627,2565,62,1373,0.5078,0.9764,1
0.5,uniform_heavy,0.95,4,2.0,smart,0.3,1,4000,5.0,3.0785,1.9215,38.429,2601,2525,76,1399,0.5195,0.9708,1
0.5,uniform_heavy,0.95,4,2.0,smart,0.3,2,4000,5.0,3.0764,1.9236,38.471,2610,2532,78,1390,0.5045,0.9701,1
0.5,uniform_heavy,0.95,4,2.0,smart,0.3,3,4000,5.0,3.1292,1.8708,37.415,2550,2465,85,1450,0.4933,0.9667,1
0.5,uniform_heavy,0.95,4,2.0,smart,0.3,4,4000,5.0,3.0556,1.9444,38.888,2614,2559,55,1386,0.4973,0.979,1
0.5,uniform_heavy,0.95,4,2.0,smart,0.3,5,4000,5.0,3.0969,1.9031,38.062,2561,2492,69,1439,0.5055,0.9731,1
0.5,uniform_heavy,0.95,4,2.0,smart,0.3,6,4000,5.0,3.0741,1.9259,38.518,2620,2539,81,1380,0.5148,0.9691,1
0.5,uniform_heavy,0.95,8,0.5,smart,0.3,0,4000,9.0,5.1776,3.8224,42.471,2542,2472,70,1458,0.4923,0.9725,1
0.5,uniform_heavy,0.95,8,0.5,smart,0.3,1,4000,9.0,5.0757,3.9243,43.603,2608,2533,75,1392,0.5085,0.9712,1
0.5,uniform_heavy,0.95,8,0.5,smart,0.3,2,4000,9.0,5.069,3.931,43.678,2604,2537,67,1396,0.4903,0.9743,1
0.5,uniform_heavy,0.95,8,0.5,smart,0.3,3,4000,9.0,5.0436,3.9564,43.96,2607,2557,50,1393,0.5075,0.9808,1
0.5,uniform_heavy,0.95,8,0.5,smart,0.3,4,4000,9.0,5.1871,3.8129,42.365,2538,2471,67,1462,0.5005,0.9736,1
0.5,uniform_heavy,0.95,8,0.5,smart,0.3,5,4000,9.0,5.1055,3.8945,43.273,2582,2516,66,1418,0.5078,0.9744,1
0.5,uniform_heavy,0.95,8,0.5,smart,0.3,6,4000,9.0,5.0625,3.9375,43.75,2623,2549,74,1377,0.5098,0.9718,1
0.5,uniform_heavy,0.95,8,1.0,smart,0.3,0,4000,9.0,5.1274,3.8726,43.029,2579,2508,71,1421,0.4948,0.9725,1
0.5,uniform_heavy,0.95,8,1.0,smart,0.3,1,4000,9.0,5.1072,3.8928,43.253,2574,2519,55,1426,0.4975,0.9786,1
0.5,uniform_heavy,0.95,8,1.0,smart,0.3,2,4000,9.0,5.0896,3.9104,43.449,2621,2539,82,1379,0.5062,0.9687,1
0.5,uniform_heavy,0.95,8,1.0,smart,0.3,3,4000,9.0,5.1954,3.8046,42.274,2523,2465,58,1477,0.4843,0.977,1
0.5,uniform_heavy,0.95,8,1.0,smart,0.3,4,4000,9.0,5.1199,3.8801,43.113,2586,2528,58,1414,0.4993,0.9776,1
0.5,uniform_heavy,0.95,8,1.0,smart,0.3,5,4000,9.0,5.1554,3.8446,42.718,2552,2488,64,1448,0.4948,0.9749,1
0.5,uniform_heavy,0.95,8,1.0,smart,0.3,6,4000,9.0,5.1064,3.8936,43.262,2589,2523,66,1411,0.4995,0.9745,1
0.5,uniform_heavy,0.95,8,2.0,smart,0.3,0,4000,9.0,5.1382,3.8618,42.909,2615,2531,84,1385,0.5045,0.9679,1
0.5,uniform_heavy,0.95,8,2.0,smart,0.3,1,4000,9.0,5.1287,3.8713,43.015,2577,2521,56,1423,0.5018,0.9783,1
0.5,uniform_heavy,0.95,8,2.0,smart,0.3,2,4000,9.0,5.1164,3.8836,43.152,2605,2534,71,1395,0.5012,0.9727,1
0.5,uniform_heavy,0.95,8,2.0,smart,0.3,3,4000,9.0,5.1445,3.8555,42.839,2581,2515,66,1419,0.4948,0.9744,1
0.5,uniform_heavy,0.95,8,2.0,smart,0.3,4,4000,9.0,5.1348,3.8652,42.947,2581,2517,64,1419,0.498,0.9752,1
0.5,uniform_heavy,0.95,8,2.0,smart,0.3,5,4000,9.0,5.0091,3.9909,44.343,2654,2593,61,1346,0.5148,0.977,1
0.5,uniform_heavy,0.95,8,2.0,smart,0.3,6,4000,9.0,5.1442,3.8558,42.842,2568,2506,62,1432,0.5,0.9759,1
0.5,uniform_heavy,1.0,0.25,0.5,smart,0.3,0,4000,1.25,1.1225,0.1275,10.198,2610,2610,0,1390,0.496,1.0,1
0.5,uniform_heavy,1.0,0.25,0.5,smart,0.3,1,4000,1.25,1.1231,0.1269,10.149,2626,2626,0,1374,0.5072,1.0,1
0.5,uniform_heavy,1.0,0.25,0.5,smart,0.3,2,4000,1.25,1.1209,0.1291,10.328,2646,2646,0,1354,0.492,1.0,1
0.5,uniform_heavy,1.0,0.25,0.5,smart,0.3,3,4000,1.25,1.1213,0.1287,10.293,2671,2671,0,1329,0.5078,1.0,1
0.5,uniform_heavy,1.0,0.25,0.5,smart,0.3,4,4000,1.25,1.1223,0.1277,10.213,2632,2632,0,1368,0.504,1.0,1
0.5,uniform_heavy,1.0,0.25,0.5,smart,0.3,5,4000,1.25,1.1219,0.1281,10.251,2650,2650,0,1350,0.4878,1.0,1
0.5,uniform_heavy,1.0,0.25,0.5,smart,0.3,6,4000,1.25,1.1214,0.1286,10.287,2653,2653,0,1347,0.505,1.0,1
0.5,uniform_heavy,1.0,0.25,1.0,smart,0.3,0,4000,1.25,1.1218,0.1282,10.256,2650,2650,0,1350,0.5072,1.0,1
0.5,uniform_heavy,1.0,0.25,1.0,smart,0.3,1,4000,1.25,1.1215,0.1285,10.28,2659,2659,0,1341,0.5002,1.0,1
0.5,uniform_heavy,1.0,0.25,1.0,smart,0.3,2,4000,1.25,1.1205,0.1295,10.361,2684,2684,0,1316,0.5088,1.0,1
0.5,uniform_heavy,1.0,0.25,1.0,smart,0.3,3,4000,1.25,1.1199,0.1301,10.407,2683,2683,0,1317,0.5088,1.0,1
0.5,uniform_heavy,1.0,0.25,1.0,smart,0.3,4,4000,1.25,1.1242,0.1258,10.068,2600,2600,0,1400,0.4865,1.0,1
0.5,uniform_heavy,1.0,0.25,1.0,smart,0.3,5,4000,1.25,1.1234,0.1266,10.124,2608,2608,0,1392,0.496,1.0,1
0.5,uniform_heavy,1.0,0.25,1.0,smart,0.3,6,4000,1.25,1.1228,0.1272,10.176,2632,2632,0,1368,0.4958,1.0,1
0.5,uniform_heavy,1.0,0.25,2.0,smart,0.3,0,4000,1.25,1.1232,0.1268,10.141,2630,2630,0,1370,0.494,1.0,1
0.5,uniform_heavy,1.0,0.25,2.0,smart,0.3,1,4000,1.25,1.1211,0.1289,10.31,2675,2675,0,1325,0.5108,1.0,1
0.5,uniform_heavy,1.0,0.25,2.0,smart,0.3,2,4000,1.25,1.1202,0.1298,10.383,2683,2683,0,1317,0.4968,1.0,1
0.5,uniform_heavy,1.0,0.25,2.0,smart,0.3,3,4000,1.25,1.1217,0.1283,10.264,2662,2662,0,1338,0.4975,1.0,1
0.5,uniform_heavy,1.0,0.25,2.0,smart,0.3,4,4000,1.25,1.1204,0.1296,10.366,2670,2670,0,1330,0.5065,1.0,1
0.5,uniform_heavy,1.0,0.25,2.0,smart,0.3,5,4000,1.25,1.1218,0.1282,10.257,2648,2648,0,1352,0.5102,1.0,1
0.5,uniform_heavy,1.0,0.25,2.0,smart,0.3,6,4000,1.25,1.1204,0.1296,10.367,2680,2680,0,1320,0.492,1.0,1
0.5,uniform_heavy,1.0,0.5,0.5,smart,0.3,0,4000,1.5,1.2458,0.2542,16.945,2626,2626,0,1374,0.4873,1.0,1
0.5,uniform_heavy,1.0,0.5,0.5,smart,0.3,1,4000,1.5,1.2464,0.2536,16.907,2616,2616,0,1384,0.497,1.0,1
0.5,uniform_heavy,1.0,0.5,0.5,smart,0.3,2,4000,1.5,1.2461,0.2539,16.925,2630,2630,0,1370,0.5075,1.0,1
0.5,uniform_heavy,1.0,0.5,0.5,smart,0.3,3,4000,1.5,1.2439,0.2561,17.074,2640,2640,0,1360,0.4988,1.0,1
0.5,uniform_heavy,1.0,0.5,0.5,smart,0.3,4,4000,1.5,1.2479,0.2521,16.806,2605,2605,0,1395,0.4845,1.0,1
0.5,uniform_heavy,1.0,0.5,0.5,smart,0.3,5,4000,1.5,1.2458,0.2542,16.949,2626,2626,0,1374,0.5002,1.0,1
0.5,uniform_heavy,1.0,0.5,0.5,smart,0.3,6,4000,1.5,1.2435,0.2565,17.101,2642,2642,0,1358,0.5035,1.0,1
0.5,uniform_heavy,1.0,0.5,1.0,smart,0.3,0,4000,1.5,1.245,0.255,16.998,2633,2633,0,1367,0.4955,1.0,1
0.5,uniform_heavy,1.0,0.5,1.0,smart,0.3,1,4000,1.5,1.2409,0.2591,17.276,2672,2672,0,1328,0.4983,1.0,1
0.5,uniform_heavy,1.0,0.5,1.0,smart,0.3,2,4000,1.5,1.2428,0.2572,17.145,2658,2658,0,1342,0.4998,1.0,1
0.5,uniform_heavy,1.0,0.5,1.0,smart,0.3,3,4000,1.5,1.2441,0.2559,17.057,2647,2647,0,1353,0.4945,1.0,1
0.5,uniform_heavy,1.0,0.5,1.0,smart,0.3,4,4000,1.5,1.246,0.254,16.932,2623,2623,0,1377,0.49,1.0,1
0.5,uniform_heavy,1.0,0.5,1.0,smart,0.3,5,4000,1.5,1.24,0.26,17.333,2698,2698,0,1302,0.5048,1.0,1
0.5,uniform_heavy,1.0,0.5,1.0,smart,0.3,6,4000,1.5,1.2434,0.2566,17.109,2642,2642,0,1358,0.5015,1.0,1
0.5,uniform_heavy,1.0,0.5,2.0,smart,0.3,0,4000,1.5,1.2412,0.2588,17.252,2674,2674,0,1326,0.502,1.0,1
0.5,uniform_heavy,1.0,0.5,2.0,smart,0.3,1,4000,1.5,1.2386,0.2614,17.426,2686,2686,0,1314,0.5125,1.0,1
0.5,uniform_heavy,1.0,0.5,2.0,smart,0.3,2,4000,1.5,1.2443,0.2557,17.048,2646,2646,0,1354,0.5015,1.0,1
0.5,uniform_heavy,1.0,0.5,2.0,smart,0.3,3,4000,1.5,1.2384,0.2616,17.44,2685,2685,0,1315,0.4985,1.0,1
0.5,uniform_heavy,1.0,0.5,2.0,smart,0.3,4,4000,1.5,1.2456,0.2544,16.961,2634,2634,0,1366,0.4973,1.0,1
0.5,uniform_heavy,1.0,0.5,2.0,smart,0.3,5,4000,1.5,1.2408,0.2592,17.282,2694,2694,0,1306,0.4948,1.0,1
0.5,uniform_heavy,1.0,0.5,2.0,smart,0.3,6,4000,1.5,1.2454,0.2546,16.973,2623,2623,0,1377,0.4898,1.0,1
0.5,uniform_heavy,1.0,1,0.5,smart,0.3,0,4000,2.0,1.4764,0.5236,26.18,2687,2687,0,1313,0.5148,1.0,1
0.5,uniform_heavy,1.0,1,0.5,smart,0.3,1,4000,2.0,1.4968,0.5032,25.161,2589,2589,0,1411,0.4755,1.0,1
0.5,uniform_heavy,1.0,1,0.5,smart,0.3,2,4000,2.0,1.4911,0.5089,25.446,2629,2629,0,1371,0.4925,1.0,1
0.5,uniform_heavy,1.0,1,0.5,smart,0.3,3,4000,2.0,1.4905,0.5095,25.477,2642,2642,0,1358,0.505,1.0,1
0.5,uniform_heavy,1.0,1,0.5,smart,0.3,4,4000,2.0,1.4855,0.5145,25.725,2649,2649,0,1351,0.5008,1.0,1
0.5,uniform_heavy,1.0,1,0.5,smart,0.3,5,4000,2.0,1.4941,0.5059,25.293,2616,2616,0,1384,0.4958,1.0,1
0.5,uniform_heavy,1.0,1,0.5,smart,0.3,6,4000,2.0,1.4917,0.5083,25.414,2630,2630,0,1370,0.4873,1.0,1
0.5,uniform_heavy,1.0,1,1.0,smart,0.3,0,4000,2.0,1.4892,0.5108,25.54,2627,2627,0,1373,0.507,1.0,1
0.5,uniform_heavy,1.0,1,1.0,smart,0.3,1,4000,2.0,1.4851,0.5149,25.744,2640,2640,0,1360,0.4935,1.0,1
0.5,uniform_heavy,1.0,1,1.0,smart,0.3,2,4000,2.0,1.4806,0.5194,25.972,2673,2673,0,1327,0.505,1.0,1
0.5,uniform_heavy,1.0,1,1.0,smart,0.3,3,4000,2.0,1.4794,0.5206,26.031,2684,2684,0,1316,0.502,1.0,1
0.5,uniform_heavy,1.0,1,1.0,smart,0.3,4,4000,2.0,1.4815,0.5185,25.924,2679,2679,0,1321,0.5105,1.0,1
0.5,uniform_heavy,1.0,1,1.0,smart,0.3,5,4000,2.0,1.4845,0.5155,25.777,2658,2658,0,1342,0.5025,1.0,1
0.5,uniform_heavy,1.0,1,1.0,smart,0.3,6,4000,2.0,1.4884,0.5116,25.579,2651,2651,0,1349,0.5065,1.0,1
0.5,uniform_heavy,1.0,1,2.0,smart,0.3,0,4000,2.0,1.4893,0.5107,25.536,2628,2628,0,1372,0.5008,1.0,1
0.5,uniform_heavy,1.0,1,2.0,smart,0.3,1,4000,2.0,1.4873,0.5127,25.635,2637,2637,0,1363,0.499,1.0,1
0.5,uniform_heavy,1.0,1,2.0,smart,0.3,2,4000,2.0,1.4799,0.5201,26.004,2690,2690,0,1310,0.503,1.0,1
0.5,uniform_heavy,1.0,1,2.0,smart,0.3,3,4000,2.0,1.4845,0.5155,25.773,2658,2658,0,1342,0.5005,1.0,1
0.5,uniform_heavy,1.0,1,2.0,smart,0.3,4,4000,2.0,1.4899,0.5101,25.505,2654,2654,0,1346,0.4948,1.0,1
0.5,uniform_heavy,1.0,1,2.0,smart,0.3,5,4000,2.0,1.4846,0.5154,25.77,2654,2654,0,1346,0.506,1.0,1
0.5,uniform_heavy,1.0,1,2.0,smart,0.3,6,4000,2.0,1.4924,0.5076,25.378,2622,2622,0,1378,0.4963,1.0,1
0.5,uniform_heavy,1.0,2,0.5,smart,0.3,0,4000,3.0,1.9768,1.0232,34.107,2639,2639,0,1361,0.4965,1.0,1
0.5,uniform_heavy,1.0,2,0.5,smart,0.3,1,4000,3.0,1.9807,1.0193,33.978,2623,2623,0,1377,0.4973,1.0,1
0.5,uniform_heavy,1.0,2,0.5,smart,0.3,2,4000,3.0,1.9871,1.0129,33.763,2603,2603,0,1397,0.4835,1.0,1
0.5,uniform_heavy,1.0,2,0.5,smart,0.3,3,4000,3.0,1.989,1.011,33.7,2619,2619,0,1381,0.4935,1.0,1
0.5,uniform_heavy,1.0,2,0.5,smart,0.3,4,4000,3.0,1.9793,1.0207,34.023,2639,2639,0,1361,0.494,1.0,1
0.5,uniform_heavy,1.0,2,0.5,smart,0.3,5,4000,3.0,1.9852,1.0148,33.825,2624,2624,0,1376,0.4978,1.0,1
0.5,uniform_heavy,1.0,2,0.5,smart,0.3,6,4000,3.0,1.983,1.017,33.898,2641,2641,0,1359,0.4883,1.0,1
0.5,uniform_heavy,1.0,2,1.0,smart,0.3,0,4000,3.0,1.9729,1.0271,34.235,2661,2661,0,1339,0.4888,1.0,1
0.5,uniform_heavy,1.0,2,1.0,smart,0.3,1,4000,3.0,1.9646,1.0354,34.512,2679,2679,0,1321,0.5135,1.0,1
0.5,uniform_heavy,1.0,2,1.0,smart,0.3,2,4000,3.0,1.9683,1.0317,34.39,2655,2655,0,1345,0.4908,1.0,1
0.5,uniform_heavy,1.0,2,1.0,smart,0.3,3,4000,3.0,1.9858,1.0142,33.805,2619,2619,0,1381,0.4998,1.0,1
0.5,uniform_heavy,1.0,2,1.0,smart,0.3,4,4000,3.0,1.9747,1.0253,34.175,2643,2643,0,1357,0.4953,1.0,1
0.5,uniform_heavy,1.0,2,1.0,smart,0.3,5,4000,3.0,1.9601,1.0399,34.664,2673,2673,0,1327,0.504,1.0,1
0.5,uniform_heavy,1.0,2,1.0,smart,0.3,6,4000,3.0,1.9861,1.0139,33.798,2630,2630,0,1370,0.4928,1.0,1
0.5,uniform_heavy,1.0,2,2.0,smart,0.3,0,4000,3.0,1.9905,1.0095,33.651,2620,2620,0,1380,0.4873,1.0,1
0.5,uniform_heavy,1.0,2,2.0,smart,0.3,1,4000,3.0,1.9876,1.0124,33.748,2610,2610,0,1390,0.4898,1.0,1
0.5,uniform_heavy,1.0,2,2.0,smart,0.3,2,4000,3.0,1.9555,1.0445,34.816,2696,2696,0,1304,0.5,1.0,1
0.5,uniform_heavy,1.0,2,2.0,smart,0.3,3,4000,3.0,1.9793,1.0207,34.025,2638,2638,0,1362,0.4945,1.0,1
0.5,uniform_heavy,1.0,2,2.0,smart,0.3,4,4000,3.0,1.9591,1.0409,34.696,2675,2675,0,1325,0.51,1.0,1
0.5,uniform_heavy,1.0,2,2.0,smart,0.3,5,4000,3.0,1.9741,1.0259,34.197,2655,2655,0,1345,0.4973,1.0,1
0.5,uniform_heavy,1.0,2,2.0,smart,0.3,6,4000,3.0,1.9858,1.0142,33.806,2614,2614,0,1386,0.4975,1.0,1
0.5,uniform_heavy,1.0,4,0.5,smart,0.3,0,4000,5.0,2.9536,2.0464,40.927,2633,2633,0,1367,0.4913,1.0,1
0.5,uniform_heavy,1.0,4,0.5,smart,0.3,1,4000,5.0,2.9504,2.0496,40.991,2659,2659,0,1341,0.5045,1.0,1
0.5,uniform_heavy,1.0,4,0.5,smart,0.3,2,4000,5.0,2.9142,2.0858,41.716,2682,2682,0,1318,0.5082,1.0,1
0.5,uniform_heavy,1.0,4,0.5,smart,0.3,3,4000,5.0,2.9326,2.0674,41.348,2677,2677,0,1323,0.501,1.0,1
0.5,uniform_heavy,1.0,4,0.5,smart,0.3,4,4000,5.0,2.9364,2.0636,41.271,2662,2662,0,1338,0.508,1.0,1
0.5,uniform_heavy,1.0,4,0.5,smart,0.3,5,4000,5.0,2.9188,2.0812,41.624,2678,2678,0,1322,0.5235,1.0,1
0.5,uniform_heavy,1.0,4,0.5,smart,0.3,6,4000,5.0,2.9793,2.0207,40.414,2619,2619,0,1381,0.4855,1.0,1
0.5,uniform_heavy,1.0,4,1.0,smart,0.3,0,4000,5.0,2.9484,2.0516,41.031,2648,2648,0,1352,0.493,1.0,1
0.5,uniform_heavy,1.0,4,1.0,smart,0.3,1,4000,5.0,2.933,2.067,41.339,2657,2657,0,1343,0.5035,1.0,1
0.5,uniform_heavy,1.0,4,1.0,smart,0.3,2,4000,5.0,2.9374,2.0626,41.251,2669,2669,0,1331,0.5048,1.0,1
0.5,uniform_heavy,1.0,4,1.0,smart,0.3,3,4000,5.0,2.9432,2.0568,41.135,2646,2646,0,1354,0.498,1.0,1
0.5,uniform_heavy,1.0,4,1.0,smart,0.3,4,4000,5.0,2.9318,2.0682,41.365,2681,2681,0,1319,0.5108,1.0,1
0.5,uniform_heavy,1.0,4,1.0,smart,0.3,5,4000,5.0,2.9376,2.0624,41.248,2666,2666,0,1334,0.4978,1.0,1
0.5,uniform_heavy,1.0,4,1.0,smart,0.3,6,4000,5.0,2.9258,2.0742,41.484,2670,2670,0,1330,0.5028,1.0,1
0.5,uniform_heavy,1.0,4,2.0,smart,0.3,0,4000,5.0,2.9888,2.0112,40.224,2603,2603,0,1397,0.4925,1.0,1
0.5,uniform_heavy,1.0,4,2.0,smart,0.3,1,4000,5.0,2.9374,2.0626,41.253,2651,2651,0,1349,0.5082,1.0,1
0.5,uniform_heavy,1.0,4,2.0,smart,0.3,2,4000,5.0,2.955,2.045,40.9,2654,2654,0,1346,0.5042,1.0,1
0.5,uniform_heavy,1.0,4,2.0,smart,0.3,3,4000,5.0,2.9484,2.0516,41.033,2643,2643,0,1357,0.5025,1.0,1
0.5,uniform_heavy,1.0,4,2.0,smart,0.3,4,4000,5.0,2.939,2.061,41.219,2652,2652,0,1348,0.5028,1.0,1
0.5,uniform_heavy,1.0,4,2.0,smart,0.3,5,4000,5.0,2.9263,2.0737,41.475,2690,2690,0,1310,0.5048,1.0,1
0.5,uniform_heavy,1.0,4,2.0,smart,0.3,6,4000,5.0,2.9398,2.0602,41.204,2642,2642,0,1358,0.495,1.0,1
0.5,uniform_heavy,1.0,8,0.5,smart,0.3,0,4000,9.0,4.9192,4.0808,45.342,2628,2628,0,1372,0.4915,1.0,1
0.5,uniform_heavy,1.0,8,0.5,smart,0.3,1,4000,9.0,4.7911,4.2089,46.765,2723,2723,0,1277,0.501,1.0,1
0.5,uniform_heavy,1.0,8,0.5,smart,0.3,2,4000,9.0,4.9064,4.0936,45.485,2649,2649,0,1351,0.5038,1.0,1
0.5,uniform_heavy,1.0,8,0.5,smart,0.3,3,4000,9.0,4.8515,4.1485,46.095,2681,2681,0,1319,0.5042,1.0,1
0.5,uniform_heavy,1.0,8,0.5,smart,0.3,4,4000,9.0,4.8473,4.1527,46.142,2681,2681,0,1319,0.5078,1.0,1
0.5,uniform_heavy,1.0,8,0.5,smart,0.3,5,4000,9.0,4.8048,4.1952,46.614,2726,2726,0,1274,0.5008,1.0,1
0.5,uniform_heavy,1.0,8,0.5,smart,0.3,6,4000,9.0,4.9058,4.0942,45.491,2654,2654,0,1346,0.4965,1.0,1
0.5,uniform_heavy,1.0,8,1.0,smart,0.3,0,4000,9.0,4.869,4.131,45.9,2667,2667,0,1333,0.505,1.0,1
0.5,uniform_heavy,1.0,8,1.0,smart,0.3,1,4000,9.0,4.8874,4.1126,45.696,2650,2650,0,1350,0.4975,1.0,1
0.5,uniform_heavy,1.0,8,1.0,smart,0.3,2,4000,9.0,4.8307,4.1693,46.326,2674,2674,0,1326,0.5025,1.0,1
0.5,uniform_heavy,1.0,8,1.0,smart,0.3,3,4000,9.0,4.8944,4.1056,45.618,2649,2649,0,1351,0.497,1.0,1
0.5,uniform_heavy,1.0,8,1.0,smart,0.3,4,4000,9.0,4.88,4.12,45.778,2649,2649,0,1351,0.4993,1.0,1
0.5,uniform_heavy,1.0,8,1.0,smart,0.3,5,4000,9.0,4.8695,4.1305,45.895,2668,2668,0,1332,0.5068,1.0,1
0.5,uniform_heavy,1.0,8,1.0,smart,0.3,6,4000,9.0,4.8784,4.1216,45.796,2669,2669,0,1331,0.508,1.0,1
0.5,uniform_heavy,1.0,8,2.0,smart,0.3,0,4000,9.0,4.9777,4.0223,44.693,2604,2604,0,1396,0.5005,1.0,1
0.5,uniform_heavy,1.0,8,2.0,smart,0.3,1,4000,9.0,4.9424,4.0576,45.085,2612,2612,0,1388,0.4978,1.0,1
0.5,uniform_heavy,1.0,8,2.0,smart,0.3,2,4000,9.0,4.929,4.071,45.234,2639,2639,0,1361,0.4898,1.0,1
0.5,uniform_heavy,1.0,8,2.0,smart,0.3,3,4000,9.0,4.9194,4.0806,45.34,2639,2639,0,1361,0.4938,1.0,1
0.5,uniform_heavy,1.0,8,2.0,smart,0.3,4,4000,9.0,4.9309,4.0691,45.212,2615,2615,0,1385,0.4873,1.0,1
0.5,uniform_heavy,1.0,8,2.0,smart,0.3,5,4000,9.0,4.9179,4.0821,45.357,2628,2628,0,1372,0.4973,1.0,1
0.5,uniform_heavy,1.0,8,2.0,smart,0.3,6,4000,9.0,4.9126,4.0874,45.415,2650,2650,0,1350,0.5078,1.0,1
0.5,tail_heavy,0.5,0.25,0.5,smart,0.3,0,4000,1.25,1.3058,-0.0558,-4.461,2061,1163,898,1939,0.5018,0.5643,0
0.5,tail_heavy,0.5,0.25,0.5,smart,0.3,1,4000,1.25,1.3075,-0.0575,-4.599,1997,1107,890,2003,0.4898,0.5543,0
0.5,tail_heavy,0.5,0.25,0.5,smart,0.3,2,4000,1.25,1.305,-0.055,-4.396,2018,1135,883,1982,0.5045,0.5624,0
0.5,tail_heavy,0.5,0.25,0.5,smart,0.3,3,4000,1.25,1.2931,-0.0431,-3.449,1937,1146,791,2063,0.5065,0.5916,0
0.5,tail_heavy,0.5,0.25,0.5,smart,0.3,4,4000,1.25,1.2963,-0.0463,-3.701,2050,1206,844,1950,0.4958,0.5883,0
0.5,tail_heavy,0.5,0.25,0.5,smart,0.3,5,4000,1.25,1.2979,-0.0479,-3.836,1924,1106,818,2076,0.4963,0.5748,0
0.5,tail_heavy,0.5,0.25,0.5,smart,0.3,6,4000,1.25,1.3027,-0.0527,-4.215,1959,1104,855,2041,0.4998,0.5636,0
0.5,tail_heavy,0.5,0.25,1.0,smart,0.3,0,4000,1.25,1.3956,-0.1456,-11.648,2015,1198,817,1985,0.5032,0.5945,0
0.5,tail_heavy,0.5,0.25,1.0,smart,0.3,1,4000,1.25,1.3966,-0.1466,-11.727,1953,1145,808,2047,0.509,0.5863,0
0.5,tail_heavy,0.5,0.25,1.0,smart,0.3,2,4000,1.25,1.4171,-0.1671,-13.365,2039,1148,891,1961,0.4965,0.563,0
0.5,tail_heavy,0.5,0.25,1.0,smart,0.3,3,4000,1.25,1.4017,-0.1517,-12.14,1966,1138,828,2034,0.504,0.5788,0
0.5,tail_heavy,0.5,0.25,1.0,smart,0.3,4,4000,1.25,1.4211,-0.1711,-13.686,2021,1119,902,1979,0.49,0.5537,0
0.5,tail_heavy,0.5,0.25,1.0,smart,0.3,5,4000,1.25,1.4224,-0.1724,-13.79,2062,1149,913,1938,0.4963,0.5572,0
0.5,tail_heavy,0.5,0.25,1.0,smart,0.3,6,4000,1.25,1.4046,-0.1546,-12.371,1981,1140,841,2019,0.5118,0.5755,0
0.5,tail_heavy,0.5,0.25,2.0,smart,0.3,0,4000,1.25,1.6623,-0.4123,-32.981,2057,1123,934,1943,0.4848,0.5459,0
0.5,tail_heavy,0.5,0.25,2.0,smart,0.3,1,4000,1.25,1.6492,-0.3992,-31.939,2021,1114,907,1979,0.5,0.5512,0
0.5,tail_heavy,0.5,0.25,2.0,smart,0.3,2,4000,1.25,1.6092,-0.3592,-28.739,1970,1141,829,2030,0.4893,0.5792,0
0.5,tail_heavy,0.5,0.25,2.0,smart,0.3,3,4000,1.25,1.621,-0.371,-29.682,2050,1191,859,1950,0.5078,0.581,0
0.5,tail_heavy,0.5,0.25,2.0,smart,0.3,4,4000,1.25,1.634,-0.384,-30.721,1990,1114,876,2010,0.5005,0.5598,0
0.5,tail_heavy,0.5,0.25,2.0,smart,0.3,5,4000,1.25,1.6165,-0.3665,-29.317,1942,1102,840,2058,0.4978,0.5675,0
0.5,tail_heavy,0.5,0.25,2.0,smart,0.3,6,4000,1.25,1.6096,-0.3596,-28.764,2002,1169,833,1998,0.5032,0.5839,0
0.5,tail_heavy,0.5,0.5,0.5,smart,0.3,0,4000,1.5,1.4935,0.0065,0.432,2004,1153,851,1996,0.501,0.5753,1
0.5,tail_heavy,0.5,0.5,0.5,smart,0.3,1,4000,1.5,1.49,0.01,0.667,2024,1182,842,1976,0.4928,0.584,1
0.5,tail_heavy,0.5,0.5,0.5,smart,0.3,2,4000,1.5,1.4885,0.0115,0.765,2014,1181,833,1986,0.4998,0.5864,1
0.5,tail_heavy,0.5,0.5,0.5,smart,0.3,3,4000,1.5,1.4991,0.0009,0.061,2010,1135,875,1990,0.5002,0.5647,1
0.5,tail_heavy,0.5,0.5,0.5,smart,0.3,4,4000,1.5,1.4923,0.0077,0.512,1971,1141,830,2029,0.5085,0.5789,1
0.5,tail_heavy,0.5,0.5,0.5,smart,0.3,5,4000,1.5,1.4983,0.0017,0.111,1995,1125,870,2005,0.4795,0.5639,1
0.5,tail_heavy,0.5,0.5,0.5,smart,0.3,6,4000,1.5,1.4981,0.0019,0.124,1985,1123,862,2015,0.4998,0.5657,1
0.5,tail_heavy,0.5,0.5,1.0,smart,0.3,0,4000,1.5,1.6011,-0.1011,-6.742,1973,1127,846,2027,0.5028,0.5712,0
0.5,tail_heavy,0.5,0.5,1.0,smart,0.3,1,4000,1.5,1.604,-0.104,-6.934,1969,1118,851,2031,0.5018,0.5678,0
0.5,tail_heavy,0.5,0.5,1.0,smart,0.3,2,4000,1.5,1.6055,-0.1055,-7.031,2003,1137,866,1997,0.4973,0.5676,0
0.5,tail_heavy,0.5,0.5,1.0,smart,0.3,3,4000,1.5,1.5948,-0.0948,-6.32,1999,1167,832,2001,0.4968,0.5838,0
0.5,tail_heavy,0.5,0.5,1.0,smart,0.3,4,4000,1.5,1.5908,-0.0908,-6.053,1969,1157,812,2031,0.5095,0.5876,0
0.5,tail_heavy,0.5,0.5,1.0,smart,0.3,5,4000,1.5,1.5863,-0.0863,-5.756,1989,1182,807,2011,0.5022,0.5943,0
0.5,tail_heavy,0.5,0.5,1.0,smart,0.3,6,4000,1.5,1.5936,-0.0936,-6.237,2006,1172,834,1994,0.5062,0.5842,0
0.5,tail_heavy,0.5,0.5,2.0,smart,0.3,0,4000,1.5,1.8035,-0.3035,-20.231,2019,1181,838,1981,0.5075,0.5849,0
0.5,tail_heavy,0.5,0.5,2.0,smart,0.3,1,4000,1.5,1.8155,-0.3155,-21.034,2035,1176,859,1965,0.493,0.5779,0
0.5,tail_heavy,0.5,0.5,2.0,smart,0.3,2,4000,1.5,1.7944,-0.2944,-19.63,1985,1168,817,2015,0.5085,0.5884,0
0.5,tail_heavy,0.5,0.5,2.0,smart,0.3,3,4000,1.5,1.831,-0.331,-22.067,1990,1112,878,2010,0.4905,0.5588,0
0.5,tail_heavy,0.5,0.5,2.0,smart,0.3,4,4000,1.5,1.8178,-0.3178,-21.188,1985,1130,855,2015,0.4988,0.5693,0
0.5,tail_heavy,0.5,0.5,2.0,smart,0.3,5,4000,1.5,1.7801,-0.2801,-18.673,1967,1177,790,2033,0.5212,0.5984,0
0.5,tail_heavy,0.5,0.5,2.0,smart,0.3,6,4000,1.5,1.8152,-0.3152,-21.01,2017,1161,856,1983,0.498,0.5756,0
0.5,tail_heavy,0.5,1,0.5,smart,0.3,0,4000,2.0,1.8834,0.1166,5.83,1988,1144,844,2012,0.4905,0.5755,1
0.5,tail_heavy,0.5,1,0.5,smart,0.3,1,4000,2.0,1.892,0.108,5.399,1984,1108,876,2016,0.4943,0.5585,1
0.5,tail_heavy,0.5,1,0.5,smart,0.3,2,4000,2.0,1.8866,0.1134,5.672,1966,1121,845,2034,0.4958,0.5702,1
0.5,tail_heavy,0.5,1,0.5,smart,0.3,3,4000,2.0,1.8725,0.1275,6.376,2033,1193,840,1967,0.5088,0.5868,1
0.5,tail_heavy,0.5,1,0.5,smart,0.3,4,4000,2.0,1.8891,0.1109,5.546,2005,1133,872,1995,0.5015,0.5651,1
0.5,tail_heavy,0.5,1,0.5,smart,0.3,5,4000,2.0,1.8904,0.1096,5.478,1984,1116,868,2016,0.4915,0.5625,1
0.5,tail_heavy,0.5,1,0.5,smart,0.3,6,4000,2.0,1.8875,0.1125,5.625,1988,1129,859,2012,0.4878,0.5679,1
0.5,tail_heavy,0.5,1,1.0,smart,0.3,0,4000,2.0,1.9923,0.0077,0.384,2034,1158,876,1966,0.506,0.5693,1
0.5,tail_heavy,0.5,1,1.0,smart,0.3,1,4000,2.0,1.9955,0.0045,0.223,2023,1147,876,1977,0.5045,0.567,1
0.5,tail_heavy,0.5,1,1.0,smart,0.3,2,4000,2.0,1.9825,0.0175,0.877,1975,1149,826,2025,0.506,0.5818,1
0.5,tail_heavy,0.5,1,1.0,smart,0.3,3,4000,2.0,2.0002,-0.0002,-0.008,1986,1117,869,2014,0.5005,0.5624,0
0.5,tail_heavy,0.5,1,1.0,smart,0.3,4,4000,2.0,1.9953,0.0047,0.234,1987,1127,860,2013,0.4948,0.5672,1
0.5,tail_heavy,0.5,1,1.0,smart,0.3,5,4000,2.0,1.9952,0.0048,0.241,2000,1131,869,2000,0.4948,0.5655,1
0.5,tail_heavy,0.5,1,1.0,smart,0.3,6,4000,2.0,1.9764,0.0236,1.18,2075,1217,858,1925,0.5135,0.5865,1
0.5,tail_heavy,0.5,1,2.0,smart,0.3,0,4000,2.0,2.1778,-0.1778,-8.891,1994,1178,816,2006,0.506,0.5908,0
0.5,tail_heavy,0.5,1,2.0,smart,0.3,1,4000,2.0,2.1904,-0.1904,-9.522,2040,1193,847,1960,0.503,0.5848,0
0.5,tail_heavy,0.5,1,2.0,smart,0.3,2,4000,2.0,2.1968,-0.1968,-9.842,2020,1171,849,1980,0.5052,0.5797,0
0.5,tail_heavy,0.5,1,2.0,smart,0.3,3,4000,2.0,2.2311,-0.2311,-11.556,1997,1106,891,2003,0.4908,0.5538,0
0.5,tail_heavy,0.5,1,2.0,smart,0.3,4,4000,2.0,2.2009,-0.2009,-10.045,1979,1134,845,2021,0.5035,0.573,0
0.5,tail_heavy,0.5,1,2.0,smart,0.3,5,4000,2.0,2.195,-0.195,-9.749,2002,1161,841,1998,0.4885,0.5799,0
0.5,tail_heavy,0.5,1,2.0,smart,0.3,6,4000,2.0,2.2041,-0.2041,-10.204,2065,1191,874,1935,0.499,0.5768,0
0.5,tail_heavy,0.5,2,0.5,smart,0.3,0,4000,3.0,2.6563,0.3437,11.458,1982,1146,836,2018,0.4958,0.5782,1
0.5,tail_heavy,0.5,2,0.5,smart,0.3,1,4000,3.0,2.6445,0.3555,11.849,2037,1177,860,1963,0.4938,0.5778,1
0.5,tail_heavy,0.5,2,0.5,smart,0.3,2,4000,3.0,2.6536,0.3464,11.547,2055,1166,889,1945,0.4938,0.5674,1
0.5,tail_heavy,0.5,2,0.5,smart,0.3,3,4000,3.0,2.6443,0.3557,11.858,2006,1180,826,1994,0.5125,0.5882,1
0.5,tail_heavy,0.5,2,0.5,smart,0.3,4,4000,3.0,2.6713,0.3287,10.958,2003,1132,871,1997,0.4953,0.5652,1
0.5,tail_heavy,0.5,2,0.5,smart,0.3,5,4000,3.0,2.6315,0.3685,12.283,1994,1199,795,2006,0.5192,0.6013,1
0.5,tail_heavy,0.5,2,0.5,smart,0.3,6,4000,3.0,2.6712,0.3288,10.96,2015,1126,889,1985,0.4915,0.5588,1
0.5,tail_heavy,0.5,2,1.0,smart,0.3,0,4000,3.0,2.7509,0.2491,8.303,2002,1170,832,1998,0.4993,0.5844,1
0.5,tail_heavy,0.5,2,1.0,smart,0.3,1,4000,3.0,2.7731,0.2269,7.564,1944,1116,828,2056,0.4995,0.5741,1
0.5,tail_heavy,0.5,2,1.0,smart,0.3,2,4000,3.0,2.7838,0.2162,7.208,1961,1109,852,2039,0.497,0.5655,1
0.5,tail_heavy,0.5,2,1.0,smart,0.3,3,4000,3.0,2.7455,0.2545,8.485,2009,1182,827,1991,0.4988,0.5884,1
0.5,tail_heavy,0.5,2,1.0,smart,0.3,4,4000,3.0,2.7842,0.2158,7.195,1975,1111,864,2025,0.4943,0.5625,1
0.5,tail_heavy,0.5,2,1.0,smart,0.3,5,4000,3.0,2.7711,0.2289,7.631,2061,1165,896,1939,0.4983,0.5653,1
0.5,tail_heavy,0.5,2,1.0,smart,0.3,6,4000,3.0,2.7701,0.2299,7.665,2040,1152,888,1960,0.4838,0.5647,1
0.5,tail_heavy,0.5,2,2.0,smart,0.3,0,4000,3.0,2.9878,0.0122,0.405,1971,1123,848,2029,0.4928,0.5698,1
0.5,tail_heavy,0.5,2,2.0,smart,0.3,1,4000,3.0,2.9433,0.0567,1.89,1956,1162,794,2044,0.5198,0.5941,1
0.5,tail_heavy,0.5,2,2.0,smart,0.3,2,4000,3.0,2.9705,0.0295,0.982,2056,1189,867,1944,0.5055,0.5783,1
0.5,tail_heavy,0.5,2,2.0,smart,0.3,3,4000,3.0,2.9635,0.0365,1.218,2032,1181,851,1968,0.5125,0.5812,1
0.5,tail_heavy,0.5,2,2.0,smart,0.3,4,4000,3.0,2.9648,0.0352,1.172,2040,1187,853,1960,0.5015,0.5819,1
0.5,tail_heavy,0.5,2,2.0,smart,0.3,5,4000,3.0,3.0268,-0.0268,-0.892,1958,1070,888,2042,0.4813,0.5465,0
0.5,tail_heavy,0.5,2,2.0,smart,0.3,6,4000,3.0,2.9618,0.0382,1.273,1993,1162,831,2007,0.5028,0.583,1
0.5,tail_heavy,0.5,4,0.5,smart,0.3,0,4000,5.0,4.2221,0.7779,15.557,2034,1139,895,1966,0.4975,0.56,1
0.5,tail_heavy,0.5,4,0.5,smart,0.3,1,4000,5.0,4.2443,0.7557,15.114,1976,1099,877,2024,0.4978,0.5562,1
0.5,tail_heavy,0.5,4,0.5,smart,0.3,2,4000,5.0,4.2269,0.7731,15.461,2033,1137,896,1967,0.5015,0.5593,1
0.5,tail_heavy,0.5,4,0.5,smart,0.3,3,4000,5.0,4.2313,0.7687,15.373,1976,1120,856,2024,0.5005,0.5668,1
0.5,tail_heavy,0.5,4,0.5,smart,0.3,4,4000,5.0,4.2272,0.7728,15.456,2001,1122,879,1999,0.4935,0.5607,1
0.5,tail_heavy,0.5,4,0.5,smart,0.3,5,4000,5.0,4.2346,0.7654,15.307,1958,1120,838,2042,0.4968,0.572,1
0.5,tail_heavy,0.5,4,0.5,smart,0.3,6,4000,5.0,4.2086,0.7914,15.827,2009,1153,856,1991,0.508,0.5739,1
0.5,tail_heavy,0.5,4,1.0,smart,0.3,0,4000,5.0,4.3296,0.6704,13.407,1997,1134,863,2003,0.5065,0.5679,1
0.5,tail_heavy,0.5,4,1.0,smart,0.3,1,4000,5.0,4.3107,0.6893,13.785,2011,1161,850,1989,0.5002,0.5773,1
0.5,tail_heavy,0.5,4,1.0,smart,0.3,2,4000,5.0,4.3422,0.6578,13.156,1981,1125,856,2019,0.4855,0.5679,1
0.5,tail_heavy,0.5,4,1.0,smart,0.3,3,4000,5.0,4.363,0.637,12.74,2010,1110,900,1990,0.4825,0.5522,1
0.5,tail_heavy,0.5,4,1.0,smart,0.3,4,4000,5.0,4.3278,0.6722,13.444,2043,1142,901,1957,0.482,0.559,1
0.5,tail_heavy,0.5,4,1.0,smart,0.3,5,4000,5.0,4.3457,0.6543,13.086,1970,1113,857,2030,0.4978,0.565,1
0.5,tail_heavy,0.5,4,1.0,smart,0.3,6,4000,5.0,4.3322,0.6678,13.356,1987,1128,859,2013,0.4955,0.5677,1
0.5,tail_heavy,0.5,4,2.0,smart,0.3,0,4000,5.0,4.5327,0.4673,9.347,2014,1144,870,1986,0.5112,0.568,1
0.5,tail_heavy,0.5,4,2.0,smart,0.3,1,4000,5.0,4.5178,0.4822,9.645,2021,1171,850,1979,0.4945,0.5794,1
0.5,tail_heavy,0.5,4,2.0,smart,0.3,2,4000,5.0,4.5135,0.4865,9.73,1992,1156,836,2008,0.4995,0.5803,1
0.5,tail_heavy,0.5,4,2.0,smart,0.3,3,4000,5.0,4.5561,0.4439,8.877,2001,1129,872,1999,0.4933,0.5642,1
0.5,tail_heavy,0.5,4,2.0,smart,0.3,4,4000,5.0,4.487,0.513,10.259,1955,1161,794,2045,0.496,0.5939,1
0.5,tail_heavy,0.5,4,2.0,smart,0.3,5,4000,5.0,4.5968,0.4032,8.064,2067,1127,940,1933,0.4845,0.5452,1
0.5,tail_heavy,0.5,4,2.0,smart,0.3,6,4000,5.0,4.5326,0.4674,9.348,2016,1151,865,1984,0.5002,0.5709,1
0.5,tail_heavy,0.5,8,0.5,smart,0.3,0,4000,9.0,7.2936,1.7064,18.96,1996,1167,829,2004,0.4943,0.5847,1
0.5,tail_heavy,0.5,8,0.5,smart,0.3,1,4000,9.0,7.2427,1.7573,19.525,1998,1189,809,2002,0.5122,0.5951,1
0.5,tail_heavy,0.5,8,0.5,smart,0.3,2,4000,9.0,7.408,1.592,17.689,1939,1091,848,2061,0.4915,0.5627,1
0.5,tail_heavy,0.5,8,0.5,smart,0.3,3,4000,9.0,7.3033,1.6967,18.852,2023,1153,870,1977,0.4938,0.5699,1
0.5,tail_heavy,0.5,8,0.5,smart,0.3,4,4000,9.0,7.3172,1.6828,18.698,1968,1154,814,2032,0.515,0.5864,1
0.5,tail_heavy,0.5,8,0.5,smart,0.3,5,4000,9.0,7.2705,1.7295,19.216,2013,1178,835,1987,0.501,0.5852,1
0.5,tail_heavy,0.5,8,0.5,smart,0.3,6,4000,9.0,7.3194,1.6806,18.674,2018,1141,877,1982,0.5078,0.5654,1
0.5,tail_heavy,0.5,8,1.0,smart,0.3,0,4000,9.0,7.4913,1.5087,16.764,1975,1108,867,2025,0.49,0.561,1
0.5,tail_heavy,0.5,8,1.0,smart,0.3,1,4000,9.0,7.4424,1.5576,17.307,1941,1128,813,2059,0.5032,0.5811,1
0.5,tail_heavy,0.5,8,1.0,smart,0.3,2,4000,9.0,7.4931,1.5069,16.743,1958,1103,855,2042,0.498,0.5633,1
0.5,tail_heavy,0.5,8,1.0,smart,0.3,3,4000,9.0,7.3678,1.6322,18.136,2035,1177,858,1965,0.4995,0.5784,1
0.5,tail_heavy,0.5,8,1.0,smart,0.3,4,4000,9.0,7.4316,1.5684,17.427,1978,1130,848,2022,0.504,0.5713,1
0.5,tail_heavy,0.5,8,1.0,smart,0.3,5,4000,9.0,7.468,1.532,17.022,2052,1132,920,1948,0.5012,0.5517,1
0.5,tail_heavy,0.5,8,1.0,smart,0.3,6,4000,9.0,7.5065,1.4935,16.595,2027,1109,918,1973,0.4893,0.5471,1
0.5,tail_heavy,0.5,8,2.0,smart,0.3,0,4000,9.0,7.546,1.454,16.156,2052,1198,854,1948,0.5098,0.5838,1
0.5,tail_heavy,0.5,8,2.0,smart,0.3,1,4000,9.0,7.6793,1.3207,14.674,1972,1120,852,2028,0.4953,0.568,1
0.5,tail_heavy,0.5,8,2.0,smart,0.3,2,4000,9.0,7.6883,1.3117,14.575,1990,1123,867,2010,0.4865,0.5643,1
0.5,tail_heavy,0.5,8,2.0,smart,0.3,3,4000,9.0,7.6698,1.3302,14.78,1955,1118,837,2045,0.492,0.5719,1
0.5,tail_heavy,0.5,8,2.0,smart,0.3,4,4000,9.0,7.6847,1.3153,14.614,2020,1136,884,1980,0.4935,0.5624,1
0.5,tail_heavy,0.5,8,2.0,smart,0.3,5,4000,9.0,7.6484,1.3516,15.017,1936,1127,809,2064,0.5002,0.5821,1
0.5,tail_heavy,0.5,8,2.0,smart,0.3,6,4000,9.0,7.6114,1.3886,15.429,2036,1167,869,1964,0.4938,0.5732,1
0.5,tail_heavy,0.6,0.25,0.5,smart,0.3,0,4000,1.25,1.2738,-0.0238,-1.903,2094,1371,723,1906,0.4988,0.6547,0
0.5,tail_heavy,0.6,0.25,0.5,smart,0.3,1,4000,1.25,1.2636,-0.0136,-1.086,2026,1377,649,1974,0.5088,0.6797,0
0.5,tail_heavy,0.6,0.25,0.5,smart,0.3,2,4000,1.25,1.2711,-0.0211,-1.692,2030,1338,692,1970,0.4918,0.6591,0
0.5,tail_heavy,0.6,0.25,0.5,smart,0.3,3,4000,1.25,1.272,-0.022,-1.763,2069,1361,708,1931,0.5012,0.6578,0
0.5,tail_heavy,0.6,0.25,0.5,smart,0.3,4,4000,1.25,1.2766,-0.0266,-2.13,2088,1347,741,1912,0.5032,0.6451,0
0.5,tail_heavy,0.6,0.25,0.5,smart,0.3,5,4000,1.25,1.2666,-0.0166,-1.329,2083,1402,681,1917,0.5035,0.6731,0
0.5,tail_heavy,0.6,0.25,0.5,smart,0.3,6,4000,1.25,1.2682,-0.0182,-1.454,2008,1338,670,1992,0.4955,0.6663,0
0.5,tail_heavy,0.6,0.25,1.0,smart,0.3,0,4000,1.25,1.3601,-0.1101,-8.811,2082,1374,708,1918,0.5005,0.6599,0
0.5,tail_heavy,0.6,0.25,1.0,smart,0.3,1,4000,1.25,1.354,-0.104,-8.323,2057,1374,683,1943,0.489,0.668,0
0.5,tail_heavy,0.6,0.25,1.0,smart,0.3,2,4000,1.25,1.3595,-0.1095,-8.757,2074,1370,704,1926,0.4858,0.6606,0
0.5,tail_heavy,0.6,0.25,1.0,smart,0.3,3,4000,1.25,1.3597,-0.1097,-8.774,2070,1366,704,1930,0.499,0.6599,0
0.5,tail_heavy,0.6,0.25,1.0,smart,0.3,4,4000,1.25,1.3594,-0.1094,-8.754,2052,1348,704,1948,0.494,0.6569,0
0.5,tail_heavy,0.6,0.25,1.0,smart,0.3,5,4000,1.25,1.3629,-0.1129,-9.032,2115,1392,723,1885,0.515,0.6582,0
0.5,tail_heavy,0.6,0.25,1.0,smart,0.3,6,4000,1.25,1.3385,-0.0885,-7.081,2043,1414,629,1957,0.5088,0.6921,0
0.5,tail_heavy,0.6,0.25,2.0,smart,0.3,0,4000,1.25,1.5284,-0.2784,-22.275,2054,1364,690,1946,0.5028,0.6641,0
0.5,tail_heavy,0.6,0.25,2.0,smart,0.3,1,4000,1.25,1.5244,-0.2744,-21.949,2072,1388,684,1928,0.494,0.6699,0
0.5,tail_heavy,0.6,0.25,2.0,smart,0.3,2,4000,1.25,1.5276,-0.2776,-22.211,2070,1379,691,1930,0.5078,0.6662,0
0.5,tail_heavy,0.6,0.25,2.0,smart,0.3,3,4000,1.25,1.5436,-0.2936,-23.492,2075,1356,719,1925,0.4898,0.6535,0
0.5,tail_heavy,0.6,0.25,2.0,smart,0.3,4,4000,1.25,1.5355,-0.2855,-22.84,2099,1393,706,1901,0.5045,0.6636,0
0.5,tail_heavy,0.6,0.25,2.0,smart,0.3,5,4000,1.25,1.5291,-0.2791,-22.326,2076,1384,692,1924,0.499,0.6667,0
0.5,tail_heavy,0.6,0.25,2.0,smart,0.3,6,4000,1.25,1.5162,-0.2662,-21.295,2021,1356,665,1979,0.5028,0.671,0
0.5,tail_heavy,0.6,0.5,0.5,smart,0.3,0,4000,1.5,1.4544,0.0456,3.039,2056,1359,697,1944,0.5018,0.661,1
0.5,tail_heavy,0.6,0.5,0.5,smart,0.3,1,4000,1.5,1.452,0.048,3.198,1990,1335,655,2010,0.5025,0.6709,1
0.5,tail_heavy,0.6,0.5,0.5,smart,0.3,2,4000,1.5,1.4514,0.0486,3.238,2041,1365,676,1959,0.5038,0.6688,1
0.5,tail_heavy,0.6,0.5,0.5,smart,0.3,3,4000,1.5,1.4558,0.0442,2.945,2066,1360,706,1934,0.4988,0.6583,1
0.5,tail_heavy,0.6,0.5,0.5,smart,0.3,4,4000,1.5,1.4517,0.0483,3.22,2044,1365,679,1956,0.5012,0.6678,1
0.5,tail_heavy,0.6,0.5,0.5,smart,0.3,5,4000,1.5,1.4491,0.0509,3.391,2033,1375,658,1967,0.4963,0.6763,1
0.5,tail_heavy,0.6,0.5,0.5,smart,0.3,6,4000,1.5,1.4538,0.0462,3.079,2086,1380,706,1914,0.5105,0.6616,1
0.5,tail_heavy,0.6,0.5,1.0,smart,0.3,0,4000,1.5,1.538,-0.038,-2.537,2057,1371,686,1943,0.505,0.6665,0
0.5,tail_heavy,0.6,0.5,1.0,smart,0.3,1,4000,1.5,1.5336,-0.0336,-2.238,2003,1343,660,1997,0.4958,0.6705,0
0.5,tail_heavy,0.6,0.5,1.0,smart,0.3,2,4000,1.5,1.5445,-0.0445,-2.969,2051,1348,703,1949,0.5002,0.6572,0
0.5,tail_heavy,0.6,0.5,1.0,smart,0.3,3,4000,1.5,1.5593,-0.0593,-3.953,1995,1266,729,2005,0.4715,0.6346,0
0.5,tail_heavy,0.6,0.5,1.0,smart,0.3,4,4000,1.5,1.5271,-0.0271,-1.807,2102,1436,666,1898,0.5175,0.6832,0
0.5,tail_heavy,0.6,0.5,1.0,smart,0.3,5,4000,1.5,1.5319,-0.0319,-2.123,2062,1392,670,1938,0.4985,0.6751,0
0.5,tail_heavy,0.6,0.5,1.0,smart,0.3,6,4000,1.5,1.5342,-0.0342,-2.282,2015,1348,667,1985,0.4948,0.669,0
0.5,tail_heavy,0.6,0.5,2.0,smart,0.3,0,4000,1.5,1.7067,-0.2067,-13.781,2117,1426,691,1883,0.5172,0.6736,0
0.5,tail_heavy,0.6,0.5,2.0,smart,0.3,1,4000,1.5,1.736,-0.236,-15.736,2102,1365,737,1898,0.48,0.6494,0
0.5,tail_heavy,0.6,0.5,2.0,smart,0.3,2,4000,1.5,1.725,-0.225,-14.998,2072,1357,715,1928,0.5015,0.6549,0
0.5,tail_heavy,0.6,0.5,2.0,smart,0.3,3,4000,1.5,1.6981,-0.1981,-13.21,2057,1390,667,1943,0.506,0.6757,0
0.5,tail_heavy,0.6,0.5,2.0,smart,0.3,4,4000,1.5,1.7028,-0.2028,-13.523,2020,1351,669,1980,0.4988,0.6688,0
0.5,tail_heavy,0.6,0.5,2.0,smart,0.3,5,4000,1.5,1.7057,-0.2057,-13.715,2055,1375,680,1945,0.5022,0.6691,0
0.5,tail_heavy,0.6,0.5,2.0,smart,0.3,6,4000,1.5,1.7144,-0.2144,-14.291,2064,1369,695,1936,0.5092,0.6633,0
0.5,tail_heavy,0.6,1,0.5,smart,0.3,0,4000,2.0,1.8155,0.1845,9.227,2044,1375,669,1956,0.5108,0.6727,1
0.5,tail_heavy,0.6,1,0.5,smart,0.3,1,4000,2.0,1.8116,0.1884,9.419,2109,1416,693,1891,0.502,0.6714,1
0.5,tail_heavy,0.6,1,0.5,smart,0.3,2,4000,2.0,1.8312,0.1688,8.442,2003,1318,685,1997,0.4925,0.658,1
0.5,tail_heavy,0.6,1,0.5,smart,0.3,3,4000,2.0,1.8183,0.1817,9.086,2027,1365,662,1973,0.5018,0.6734,1
0.5,tail_heavy,0.6,1,0.5,smart,0.3,4,4000,2.0,1.8183,0.1817,9.083,2109,1391,718,1891,0.5068,0.6596,1
0.5,tail_heavy,0.6,1,0.5,smart,0.3,5,4000,2.0,1.8246,0.1754,8.772,2080,1352,728,1920,0.4895,0.65,1
0.5,tail_heavy,0.6,1,0.5,smart,0.3,6,4000,2.0,1.8173,0.1827,9.134,2072,1378,694,1928,0.504,0.6651,1
0.5,tail_heavy,0.6,1,1.0,smart,0.3,0,4000,2.0,1.9068,0.0932,4.662,2059,1363,696,1941,0.5012,0.662,1
0.5,tail_heavy,0.6,1,1.0,smart,0.3,1,4000,2.0,1.89,0.11,5.499,2058,1407,651,1942,0.5145,0.6837,1
0.5,tail_heavy,0.6,1,1.0,smart,0.3,2,4000,2.0,1.8886,0.1114,5.568,2107,1431,676,1893,0.517,0.6792,1
0.5,tail_heavy,0.6,1,1.0,smart,0.3,3,4000,2.0,1.9049,0.0951,4.757,2071,1378,693,1929,0.5058,0.6654,1
0.5,tail_heavy,0.6,1,1.0,smart,0.3,4,4000,2.0,1.9037,0.0963,4.817,2067,1376,691,1933,0.5058,0.6657,1
0.5,tail_heavy,0.6,1,1.0,smart,0.3,5,4000,2.0,1.9075,0.0925,4.625,2052,1360,692,1948,0.4898,0.6628,1
0.5,tail_heavy,0.6,1,1.0,smart,0.3,6,4000,2.0,1.9065,0.0935,4.676,2024,1348,676,1976,0.492,0.666,1
0.5,tail_heavy,0.6,1,2.0,smart,0.3,0,4000,2.0,2.0739,-0.0739,-3.696,2083,1392,691,1917,0.507,0.6683,0
0.5,tail_heavy,0.6,1,2.0,smart,0.3,1,4000,2.0,2.0895,-0.0895,-4.476,2041,1340,701,1959,0.494,0.6565,0
0.5,tail_heavy,0.6,1,2.0,smart,0.3,2,4000,2.0,2.0885,-0.0885,-4.426,2047,1344,703,1953,0.492,0.6566,0
0.5,tail_heavy,0.6,1,2.0,smart,0.3,3,4000,2.0,2.0933,-0.0933,-4.663,2086,1370,716,1914,0.4965,0.6568,0
0.5,tail_heavy,0.6,1,2.0,smart,0.3,4,4000,2.0,2.0797,-0.0797,-3.986,2096,1393,703,1904,0.4998,0.6646,0
0.5,tail_heavy,0.6,1,2.0,smart,0.3,5,4000,2.0,2.0778,-0.0778,-3.891,2056,1371,685,1944,0.5098,0.6668,0
0.5,tail_heavy,0.6,1,2.0,smart,0.3,6,4000,2.0,2.053,-0.053,-2.649,2026,1379,647,1974,0.5035,0.6807,0
0.5,tail_heavy,0.6,2,0.5,smart,0.3,0,4000,3.0,2.5674,0.4326,14.422,2059,1331,728,1941,0.497,0.6464,1
0.5,tail_heavy,0.6,2,0.5,smart,0.3,1,4000,3.0,2.5514,0.4486,14.955,2043,1370,673,1957,0.4983,0.6706,1
0.5,tail_heavy,0.6,2,0.5,smart,0.3,2,4000,3.0,2.55,0.45,14.999,2062,1378,684,1938,0.4925,0.6683,1
0.5,tail_heavy,0.6,2,0.5,smart,0.3,3,4000,3.0,2.5565,0.4435,14.782,2062,1366,696,1938,0.4983,0.6625,1
0.5,tail_heavy,0.6,2,0.5,smart,0.3,4,4000,3.0,2.5353,0.4647,15.49,2057,1408,649,1943,0.502,0.6845,1
0.5,tail_heavy,0.6,2,0.5,smart,0.3,5,4000,3.0,2.5715,0.4285,14.283,1993,1315,678,2007,0.4933,0.6598,1
0.5,tail_heavy,0.6,2,0.5,smart,0.3,6,4000,3.0,2.5424,0.4576,15.253,2083,1395,688,1917,0.4955,0.6697,1
0.5,tail_heavy,0.6,2,1.0,smart,0.3,0,4000,3.0,2.6481,0.3519,11.732,2066,1353,713,1934,0.493,0.6549,1
0.5,tail_heavy,0.6,2,1.0,smart,0.3,1,4000,3.0,2.6381,0.3619,12.062,2084,1375,709,1916,0.4955,0.6598,1
0.5,tail_heavy,0.6,2,1.0,smart,0.3,2,4000,3.0,2.6319,0.3681,12.271,2053,1379,674,1947,0.5058,0.6717,1
0.5,tail_heavy,0.6,2,1.0,smart,0.3,3,4000,3.0,2.6193,0.3807,12.69,2075,1412,663,1925,0.5058,0.6805,1
0.5,tail_heavy,0.6,2,1.0,smart,0.3,4,4000,3.0,2.6174,0.3826,12.752,2111,1423,688,1889,0.5068,0.6741,1
0.5,tail_heavy,0.6,2,1.0,smart,0.3,5,4000,3.0,2.6453,0.3547,11.822,2073,1366,707,1927,0.4943,0.6589,1
0.5,tail_heavy,0.6,2,1.0,smart,0.3,6,4000,3.0,2.6524,0.3476,11.587,2051,1341,710,1949,0.5,0.6538,1
0.5,tail_heavy,0.6,2,2.0,smart,0.3,0,4000,3.0,2.8018,0.1982,6.608,2019,1358,661,1981,0.4965,0.6726,1
0.5,tail_heavy,0.6,2,2.0,smart,0.3,1,4000,3.0,2.8216,0.1784,5.945,2045,1347,698,1955,0.4925,0.6587,1
0.5,tail_heavy,0.6,2,2.0,smart,0.3,2,4000,3.0,2.8072,0.1928,6.427,2111,1404,707,1889,0.506,0.6651,1
0.5,tail_heavy,0.6,2,2.0,smart,0.3,3,4000,3.0,2.8615,0.1385,4.616,2049,1313,736,1951,0.4885,0.6408,1
0.5,tail_heavy,0.6,2,2.0,smart,0.3,4,4000,3.0,2.8156,0.1844,6.148,2035,1347,688,1965,0.4955,0.6619,1
0.5,tail_heavy,0.6,2,2.0,smart,0.3,5,4000,3.0,2.8167,0.1833,6.111,2034,1344,690,1966,0.5002,0.6608,1
0.5,tail_heavy,0.6,2,2.0,smart,0.3,6,4000,3.0,2.8272,0.1728,5.761,2059,1353,706,1941,0.5022,0.6571,1
0.5,tail_heavy,0.6,4,0.5,smart,0.3,0,4000,5.0,4.0425,0.9575,19.15,2035,1342,693,1965,0.4963,0.6595,1
0.5,tail_heavy,0.6,4,0.5,smart,0.3,1,4000,5.0,4.0444,0.9556,19.113,1993,1323,670,2007,0.5048,0.6638,1
0.5,tail_heavy,0.6,4,0.5,smart,0.3,2,4000,5.0,4.0282,0.9718,19.437,2008,1352,656,1992,0.5058,0.6733,1
0.5,tail_heavy,0.6,4,0.5,smart,0.3,3,4000,5.0,3.989,1.011,20.221,2054,1397,657,1946,0.5012,0.6801,1
0.5,tail_heavy,0.6,4,0.5,smart,0.3,4,4000,5.0,4.0338,0.9662,19.324,2041,1348,693,1959,0.505,0.6605,1
0.5,tail_heavy,0.6,4,0.5,smart,0.3,5,4000,5.0,4.0381,0.9619,19.237,2064,1352,712,1936,0.4935,0.655,1
0.5,tail_heavy,0.6,4,0.5,smart,0.3,6,4000,5.0,4.0323,0.9677,19.355,2032,1353,679,1968,0.5055,0.6658,1
0.5,tail_heavy,0.6,4,1.0,smart,0.3,0,4000,5.0,4.0679,0.9321,18.643,2076,1405,671,1924,0.5042,0.6768,1
0.5,tail_heavy,0.6,4,1.0,smart,0.3,1,4000,5.0,4.0935,0.9065,18.131,2115,1394,721,1885,0.501,0.6591,1
0.5,tail_heavy,0.6,4,1.0,smart,0.3,2,4000,5.0,4.1266,0.8734,17.468,2038,1347,691,1962,0.5048,0.6609,1
0.5,tail_heavy,0.6,4,1.0,smart,0.3,3,4000,5.0,4.1021,0.8979,17.958,2082,1377,705,1918,0.4978,0.6614,1
0.5,tail_heavy,0.6,4,1.0,smart,0.3,4,4000,5.0,4.1263,0.8737,17.474,2014,1346,668,1986,0.5085,0.6683,1
0.5,tail_heavy,0.6,4,1.0,smart,0.3,5,4000,5.0,4.1572,0.8428,16.855,2001,1305,696,1999,0.4875,0.6522,1
0.5,tail_heavy,0.6,4,1.0,smart,0.3,6,4000,5.0,4.083,0.917,18.34,2049,1377,672,1951,0.5055,0.672,1
0.5,tail_heavy,0.6,4,2.0,smart,0.3,0,4000,5.0,4.243,0.757,15.141,2031,1381,650,1969,0.514,0.68,1
0.5,tail_heavy,0.6,4,2.0,smart,0.3,1,4000,5.0,4.2444,0.7556,15.111,2081,1407,674,1919,0.494,0.6761,1
0.5,tail_heavy,0.6,4,2.0,smart,0.3,2,4000,5.0,4.2646,0.7354,14.708,2090,1392,698,1910,0.504,0.666,1
0.5,tail_heavy,0.6,4,2.0,smart,0.3,3,4000,5.0,4.2514,0.7486,14.971,2056,1391,665,1944,0.5065,0.6766,1
0.5,tail_heavy,0.6,4,2.0,smart,0.3,4,4000,5.0,4.2392,0.7608,15.216,2107,1415,692,1893,0.5028,0.6716,1
0.5,tail_heavy,0.6,4,2.0,smart,0.3,5,4000,5.0,4.2842,0.7158,14.316,2032,1354,678,1968,0.4978,0.6663,1
0.5,tail_heavy,0.6,4,2.0,smart,0.3,6,4000,5.0,4.2848,0.7152,14.304,2056,1361,695,1944,0.498,0.662,1
0.5,tail_heavy,0.6,8,0.5,smart,0.3,0,4000,9.0,6.9238,2.0762,23.069,2032,1394,638,1968,0.5,0.686,1
0.5,tail_heavy,0.6,8,0.5,smart,0.3,1,4000,9.0,6.882,2.118,23.533,2067,1401,666,1933,0.5105,0.6778,1
0.5,tail_heavy,0.6,8,0.5,smart,0.3,2,4000,9.0,6.9701,2.0299,22.554,2085,1370,715,1915,0.4915,0.6571,1
0.5,tail_heavy,0.6,8,0.5,smart,0.3,3,4000,9.0,6.9179,2.0821,23.135,2112,1395,717,1888,0.5078,0.6605,1
0.5,tail_heavy,0.6,8,0.5,smart,0.3,4,4000,9.0,7.0139,1.9861,22.068,2014,1321,693,1986,0.4948,0.6559,1
0.5,tail_heavy,0.6,8,0.5,smart,0.3,5,4000,9.0,6.9982,2.0018,22.243,2060,1330,730,1940,0.4898,0.6456,1
0.5,tail_heavy,0.6,8,0.5,smart,0.3,6,4000,9.0,6.9361,2.0639,22.932,2066,1378,688,1934,0.489,0.667,1
0.5,tail_heavy,0.6,8,1.0,smart,0.3,0,4000,9.0,7.0619,1.9381,21.534,2033,1357,676,1967,0.4865,0.6675,1
0.5,tail_heavy,0.6,8,1.0,smart,0.3,1,4000,9.0,7.0538,1.9462,21.625,2042,1355,687,1958,0.4905,0.6636,1
0.5,tail_heavy,0.6,8,1.0,smart,0.3,2,4000,9.0,7.0492,1.9508,21.676,2027,1360,667,1973,0.5072,0.6709,1
0.5,tail_heavy,0.6,8,1.0,smart,0.3,3,4000,9.0,6.993,2.007,22.3,2063,1392,671,1937,0.505,0.6747,1
0.5,tail_heavy,0.6,8,1.0,smart,0.3,4,4000,9.0,7.0568,1.9432,21.591,2033,1348,685,1967,0.4988,0.6631,1
0.5,tail_heavy,0.6,8,1.0,smart,0.3,5,4000,9.0,7.0674,1.9326,21.473,2010,1337,673,1990,0.5018,0.6652,1
0.5,tail_heavy,0.6,8,1.0,smart,0.3,6,4000,9.0,7.0773,1.9227,21.363,2059,1359,700,1941,0.4918,0.66,1
0.5,tail_heavy,0.6,8,2.0,smart,0.3,0,4000,9.0,7.1022,1.8978,21.086,2099,1429,670,1901,0.512,0.6808,1
0.5,tail_heavy,0.6,8,2.0,smart,0.3,1,4000,9.0,7.1448,1.8552,20.613,2080,1409,671,1920,0.5095,0.6774,1
0.5,tail_heavy,0.6,8,2.0,smart,0.3,2,4000,9.0,7.1901,1.8099,20.11,2067,1384,683,1933,0.498,0.6696,1
0.5,tail_heavy,0.6,8,2.0,smart,0.3,3,4000,9.0,7.0969,1.9031,21.145,2096,1434,662,1904,0.5218,0.6842,1
0.5,tail_heavy,0.6,8,2.0,smart,0.3,4,4000,9.0,7.1641,1.8359,20.399,2076,1398,678,1924,0.4998,0.6734,1
0.5,tail_heavy,0.6,8,2.0,smart,0.3,5,4000,9.0,7.1545,1.8455,20.506,2076,1396,680,1924,0.5178,0.6724,1
0.5,tail_heavy,0.6,8,2.0,smart,0.3,6,4000,9.0,7.1975,1.8025,20.028,2072,1377,695,1928,0.4953,0.6646,1
0.5,tail_heavy,0.7,0.25,0.5,smart,0.3,0,4000,1.25,1.2333,0.0167,1.333,2162,1654,508,1838,0.507,0.765,1
0.5,tail_heavy,0.7,0.25,0.5,smart,0.3,1,4000,1.25,1.2353,0.0147,1.177,2120,1610,510,1880,0.499,0.7594,1
0.5,tail_heavy,0.7,0.25,0.5,smart,0.3,2,4000,1.25,1.2354,0.0146,1.17,2137,1623,514,1863,0.5082,0.7595,1
0.5,tail_heavy,0.7,0.25,0.5,smart,0.3,3,4000,1.25,1.2422,0.0078,0.628,2050,1521,529,1950,0.4818,0.742,1
0.5,tail_heavy,0.7,0.25,0.5,smart,0.3,4,4000,1.25,1.2373,0.0127,1.019,2139,1612,527,1861,0.4958,0.7536,1
0.5,tail_heavy,0.7,0.25,0.5,smart,0.3,5,4000,1.25,1.2393,0.0107,0.857,2086,1562,524,1914,0.4988,0.7488,1
0.5,tail_heavy,0.7,0.25,0.5,smart,0.3,6,4000,1.25,1.2419,0.0081,0.647,2130,1580,550,1870,0.4885,0.7418,1
0.5,tail_heavy,0.7,0.25,1.0,smart,0.3,0,4000,1.25,1.3064,-0.0564,-4.509,2125,1591,534,1875,0.5018,0.7487,0
0.5,tail_heavy,0.7,0.25,1.0,smart,0.3,1,4000,1.25,1.2971,-0.0471,-3.766,2101,1602,499,1899,0.509,0.7625,0
0.5,tail_heavy,0.7,0.25,1.0,smart,0.3,2,4000,1.25,1.309,-0.059,-4.721,2081,1544,537,1919,0.4885,0.742,0
0.5,tail_heavy,0.7,0.25,1.0,smart,0.3,3,4000,1.25,1.3064,-0.0564,-4.51,2163,1620,543,1837,0.509,0.749,0
0.5,tail_heavy,0.7,0.25,1.0,smart,0.3,4,4000,1.25,1.3116,-0.0616,-4.927,2174,1612,562,1826,0.5055,0.7415,0
0.5,tail_heavy,0.7,0.25,1.0,smart,0.3,5,4000,1.25,1.2914,-0.0414,-3.313,2085,1606,479,1915,0.508,0.7703,0
0.5,tail_heavy,0.7,0.25,1.0,smart,0.3,6,4000,1.25,1.2855,-0.0355,-2.839,2085,1625,460,1915,0.5045,0.7794,0
0.5,tail_heavy,0.7,0.25,2.0,smart,0.3,0,4000,1.25,1.432,-0.182,-14.559,2098,1579,519,1902,0.4998,0.7526,0
0.5,tail_heavy,0.7,0.25,2.0,smart,0.3,1,4000,1.25,1.4385,-0.1885,-15.082,2097,1568,529,1903,0.4938,0.7477,0
0.5,tail_heavy,0.7,0.25,2.0,smart,0.3,2,4000,1.25,1.4192,-0.1692,-13.536,2096,1601,495,1904,0.495,0.7638,0
0.5,tail_heavy,0.7,0.25,2.0,smart,0.3,3,4000,1.25,1.428,-0.178,-14.238,2115,1602,513,1885,0.5075,0.7574,0
0.5,tail_heavy,0.7,0.25,2.0,smart,0.3,4,4000,1.25,1.4462,-0.1962,-15.7,2055,1515,540,1945,0.4883,0.7372,0
0.5,tail_heavy,0.7,0.25,2.0,smart,0.3,5,4000,1.25,1.4075,-0.1575,-12.603,2105,1631,474,1895,0.5132,0.7748,0
0.5,tail_heavy,0.7,0.25,2.0,smart,0.3,6,4000,1.25,1.4176,-0.1676,-13.405,2030,1545,485,1970,0.495,0.7611,0
0.5,tail_heavy,0.7,0.5,0.5,smart,0.3,0,4000,1.5,1.4044,0.0956,6.374,2095,1609,486,1905,0.4975,0.768,1
0.5,tail_heavy,0.7,0.5,0.5,smart,0.3,1,4000,1.5,1.411,0.089,5.932,2123,1596,527,1877,0.503,0.7518,1
0.5,tail_heavy,0.7,0.5,0.5,smart,0.3,2,4000,1.5,1.4101,0.0899,5.996,2112,1585,527,1888,0.497,0.7505,1
0.5,tail_heavy,0.7,0.5,0.5,smart,0.3,3,4000,1.5,1.4184,0.0816,5.438,2110,1555,555,1890,0.4903,0.737,1
0.5,tail_heavy,0.7,0.5,0.5,smart,0.3,4,4000,1.5,1.4096,0.0904,6.028,2047,1553,494,1953,0.495,0.7587,1
0.5,tail_heavy,0.7,0.5,0.5,smart,0.3,5,4000,1.5,1.4134,0.0866,5.771,2111,1576,535,1889,0.495,0.7466,1
0.5,tail_heavy,0.7,0.5,0.5,smart,0.3,6,4000,1.5,1.4057,0.0943,6.288,2096,1603,493,1904,0.4948,0.7648,1
0.5,tail_heavy,0.7,0.5,1.0,smart,0.3,0,4000,1.5,1.4607,0.0393,2.623,2118,1637,481,1882,0.4993,0.7729,1
0.5,tail_heavy,0.7,0.5,1.0,smart,0.3,1,4000,1.5,1.4782,0.0218,1.452,2161,1619,542,1839,0.498,0.7492,1
0.5,tail_heavy,0.7,0.5,1.0,smart,0.3,2,4000,1.5,1.46,0.04,2.665,2076,1609,467,1924,0.521,0.775,1
0.5,tail_heavy,0.7,0.5,1.0,smart,0.3,3,4000,1.5,1.4763,0.0237,1.581,2135,1607,528,1865,0.4838,0.7527,1
0.5,tail_heavy,0.7,0.5,1.0,smart,0.3,4,4000,1.5,1.4718,0.0282,1.879,2083,1580,503,1917,0.5012,0.7585,1
0.5,tail_heavy,0.7,0.5,1.0,smart,0.3,5,4000,1.5,1.4709,0.0291,1.937,2050,1554,496,1950,0.4955,0.758,1
0.5,tail_heavy,0.7,0.5,1.0,smart,0.3,6,4000,1.5,1.4706,0.0294,1.96,2140,1622,518,1860,0.505,0.7579,1
0.5,tail_heavy,0.7,0.5,2.0,smart,0.3,0,4000,1.5,1.6086,-0.1086,-7.242,2104,1579,525,1896,0.4953,0.7505,0
0.5,tail_heavy,0.7,0.5,2.0,smart,0.3,1,4000,1.5,1.6231,-0.1231,-8.207,2113,1564,549,1887,0.4988,0.7402,0
0.5,tail_heavy,0.7,0.5,2.0,smart,0.3,2,4000,1.5,1.5835,-0.0835,-5.565,2096,1615,481,1904,0.4938,0.7705,0
0.5,tail_heavy,0.7,0.5,2.0,smart,0.3,3,4000,1.5,1.5943,-0.0943,-6.289,2156,1647,509,1844,0.5215,0.7639,0
0.5,tail_heavy,0.7,0.5,2.0,smart,0.3,4,4000,1.5,1.6132,-0.1132,-7.547,2145,1606,539,1855,0.5012,0.7487,0
0.5,tail_heavy,0.7,0.5,2.0,smart,0.3,5,4000,1.5,1.6011,-0.1011,-6.738,2150,1628,522,1850,0.5132,0.7572,0
0.5,tail_heavy,0.7,0.5,2.0,smart,0.3,6,4000,1.5,1.6134,-0.1134,-7.559,2153,1613,540,1847,0.502,0.7492,0
0.5,tail_heavy,0.7,1,0.5,smart,0.3,0,4000,2.0,1.7556,0.2444,12.22,2129,1596,533,1871,0.5068,0.7496,1
0.5,tail_heavy,0.7,1,0.5,smart,0.3,1,4000,2.0,1.7612,0.2388,11.939,2134,1578,556,1866,0.5008,0.7395,1
0.5,tail_heavy,0.7,1,0.5,smart,0.3,2,4000,2.0,1.7486,0.2514,12.569,2076,1602,474,1924,0.493,0.7717,1
0.5,tail_heavy,0.7,1,0.5,smart,0.3,3,4000,2.0,1.744,0.256,12.8,2137,1637,500,1863,0.513,0.766,1
0.5,tail_heavy,0.7,1,0.5,smart,0.3,4,4000,2.0,1.7514,0.2486,12.431,2140,1614,526,1860,0.501,0.7542,1
0.5,tail_heavy,0.7,1,0.5,smart,0.3,5,4000,2.0,1.7518,0.2482,12.408,2090,1594,496,1910,0.495,0.7627,1
0.5,tail_heavy,0.7,1,0.5,smart,0.3,6,4000,2.0,1.7477,0.2523,12.615,2112,1617,495,1888,0.5088,0.7656,1
0.5,tail_heavy,0.7,1,1.0,smart,0.3,0,4000,2.0,1.8182,0.1818,9.09,2076,1578,498,1924,0.4998,0.7601,1
0.5,tail_heavy,0.7,1,1.0,smart,0.3,1,4000,2.0,1.8217,0.1783,8.914,2077,1567,510,1923,0.4825,0.7545,1
0.5,tail_heavy,0.7,1,1.0,smart,0.3,2,4000,2.0,1.8095,0.1905,9.525,2095,1606,489,1905,0.5045,0.7666,1
0.5,tail_heavy,0.7,1,1.0,smart,0.3,3,4000,2.0,1.8283,0.1717,8.586,2140,1587,553,1860,0.4943,0.7416,1
0.5,tail_heavy,0.7,1,1.0,smart,0.3,4,4000,2.0,1.8152,0.1848,9.24,2085,1585,500,1915,0.505,0.7602,1
0.5,tail_heavy,0.7,1,1.0,smart,0.3,5,4000,2.0,1.8306,0.1694,8.471,2171,1600,571,1829,0.4908,0.737,1
0.5,tail_heavy,0.7,1,1.0,smart,0.3,6,4000,2.0,1.8203,0.1797,8.987,2085,1572,513,1915,0.4988,0.754,1
0.5,tail_heavy,0.7,1,2.0,smart,0.3,0,4000,2.0,1.9149,0.0851,4.256,2062,1605,457,1938,0.507,0.7784,1
0.5,tail_heavy,0.7,1,2.0,smart,0.3,1,4000,2.0,1.9391,0.0609,3.046,2108,1606,502,1892,0.4973,0.7619,1
0.5,tail_heavy,0.7,1,2.0,smart,0.3,2,4000,2.0,1.9456,0.0544,2.721,2067,1567,500,1933,0.4983,0.7581,1
0.5,tail_heavy,0.7,1,2.0,smart,0.3,3,4000,2.0,1.9366,0.0634,3.172,2077,1584,493,1923,0.5095,0.7626,1
0.5,tail_heavy,0.7,1,2.0,smart,0.3,4,4000,2.0,1.9616,0.0384,1.919,2144,1602,542,1856,0.4938,0.7472,1
0.5,tail_heavy,0.7,1,2.0,smart,0.3,5,4000,2.0,1.9579,0.0421,2.103,2110,1581,529,1890,0.5045,0.7493,1
0.5,tail_heavy,0.7,1,2.0,smart,0.3,6,4000,2.0,1.9311,0.0689,3.445,2115,1622,493,1885,0.501,0.7669,1
0.5,tail_heavy,0.7,2,0.5,smart,0.3,0,4000,3.0,2.4225,0.5775,19.249,2113,1629,484,1887,0.5128,0.7709,1
0.5,tail_heavy,0.7,2,0.5,smart,0.3,1,4000,3.0,2.4342,0.5658,18.861,2136,1621,515,1864,0.5015,0.7589,1
0.5,tail_heavy,0.7,2,0.5,smart,0.3,2,4000,3.0,2.4526,0.5474,18.247,2134,1592,542,1866,0.4908,0.746,1
0.5,tail_heavy,0.7,2,0.5,smart,0.3,3,4000,3.0,2.419,0.581,19.366,2127,1642,485,1873,0.514,0.772,1
0.5,tail_heavy,0.7,2,0.5,smart,0.3,4,4000,3.0,2.4232,0.5768,19.228,2150,1642,508,1850,0.5115,0.7637,1
0.5,tail_heavy,0.7,2,0.5,smart,0.3,5,4000,3.0,2.4533,0.5467,18.225,2114,1572,542,1886,0.496,0.7436,1
0.5,tail_heavy,0.7,2,0.5,smart,0.3,6,4000,3.0,2.4336,0.5664,18.881,2154,1623,531,1846,0.5102,0.7535,1
0.5,tail_heavy,0.7,2,1.0,smart,0.3,0,4000,3.0,2.4912,0.5088,16.959,2147,1634,513,1853,0.5088,0.7611,1
0.5,tail_heavy,0.7,2,1.0,smart,0.3,1,4000,3.0,2.484,0.516,17.2,2130,1641,489,1870,0.5218,0.7704,1
0.5,tail_heavy,0.7,2,1.0,smart,0.3,2,4000,3.0,2.5157,0.4843,16.145,2115,1583,532,1885,0.4965,0.7485,1
0.5,tail_heavy,0.7,2,1.0,smart,0.3,3,4000,3.0,2.4872,0.5128,17.094,2126,1631,495,1874,0.5072,0.7672,1
0.5,tail_heavy,0.7,2,1.0,smart,0.3,4,4000,3.0,2.4953,0.5047,16.824,2137,1625,512,1863,0.5095,0.7604,1
0.5,tail_heavy,0.7,2,1.0,smart,0.3,5,4000,3.0,2.4797,0.5203,17.342,2134,1646,488,1866,0.5095,0.7713,1
0.5,tail_heavy,0.7,2,1.0,smart,0.3,6,4000,3.0,2.5048,0.4952,16.505,2092,1583,509,1908,0.4993,0.7567,1
0.5,tail_heavy,0.7,2,2.0,smart,0.3,0,4000,3.0,2.6327,0.3673,12.244,2107,1597,510,1893,0.4893,0.7579,1
0.5,tail_heavy,0.7,2,2.0,smart,0.3,1,4000,3.0,2.6153,0.3847,12.822,2132,1628,504,1868,0.4913,0.7636,1
0.5,tail_heavy,0.7,2,2.0,smart,0.3,2,4000,3.0,2.6197,0.3803,12.675,2127,1620,507,1873,0.5058,0.7616,1
0.5,tail_heavy,0.7,2,2.0,smart,0.3,3,4000,3.0,2.6241,0.3759,12.531,2105,1604,501,1895,0.4965,0.762,1
0.5,tail_heavy,0.7,2,2.0,smart,0.3,4,4000,3.0,2.6103,0.3897,12.989,2126,1636,490,1874,0.5218,0.7695,1
0.5,tail_heavy,0.7,2,2.0,smart,0.3,5,4000,3.0,2.6517,0.3483,11.61,2181,1620,561,1819,0.4943,0.7428,1
0.5,tail_heavy,0.7,2,2.0,smart,0.3,6,4000,3.0,2.6347,0.3653,12.175,2073,1573,500,1927,0.5032,0.7588,1
0.5,tail_heavy,0.7,4,0.5,smart,0.3,0,4000,5.0,3.8199,1.1801,23.603,2110,1605,505,1890,0.5022,0.7607,1
0.5,tail_heavy,0.7,4,0.5,smart,0.3,1,4000,5.0,3.7335,1.2665,25.329,2170,1697,473,1830,0.5132,0.782,1
0.5,tail_heavy,0.7,4,0.5,smart,0.3,2,4000,5.0,3.8456,1.1544,23.089,2109,1568,541,1891,0.483,0.7435,1
0.5,tail_heavy,0.7,4,0.5,smart,0.3,3,4000,5.0,3.8156,1.1844,23.689,2119,1594,525,1881,0.5038,0.7522,1
0.5,tail_heavy,0.7,4,0.5,smart,0.3,4,4000,5.0,3.8176,1.1824,23.647,2144,1590,554,1856,0.4928,0.7416,1
0.5,tail_heavy,0.7,4,0.5,smart,0.3,5,4000,5.0,3.8023,1.1977,23.954,2108,1611,497,1892,0.511,0.7642,1
0.5,tail_heavy,0.7,4,0.5,smart,0.3,6,4000,5.0,3.8491,1.1509,23.018,2077,1563,514,1923,0.496,0.7525,1
0.5,tail_heavy,0.7,4,1.0,smart,0.3,0,4000,5.0,3.8627,1.1373,22.747,2141,1626,515,1859,0.511,0.7595,1
0.5,tail_heavy,0.7,4,1.0,smart,0.3,1,4000,5.0,3.8944,1.1056,22.112,2072,1582,490,1928,0.5055,0.7635,1
0.5,tail_heavy,0.7,4,1.0,smart,0.3,2,4000,5.0,3.8453,1.1547,23.094,2154,1639,515,1846,0.5208,0.7609,1
0.5,tail_heavy,0.7,4,1.0,smart,0.3,3,4000,5.0,3.8955,1.1045,22.091,2057,1573,484,1943,0.4975,0.7647,1
0.5,tail_heavy,0.7,4,1.0,smart,0.3,4,4000,5.0,3.8947,1.1053,22.105,2137,1596,541,1863,0.4978,0.7468,1
0.5,tail_heavy,0.7,4,1.0,smart,0.3,5,4000,5.0,3.8547,1.1453,22.907,2117,1626,491,1883,0.5045,0.7681,1
0.5,tail_heavy,0.7,4,1.0,smart,0.3,6,4000,5.0,3.8878,1.1122,22.244,2081,1575,506,1919,0.5012,0.7568,1
0.5,tail_heavy,0.7,4,2.0,smart,0.3,0,4000,5.0,4.0306,0.9694,19.387,2079,1565,514,1921,0.5038,0.7528,1
0.5,tail_heavy,0.7,4,2.0,smart,0.3,1,4000,5.0,4.045,0.955,19.101,2064,1554,510,1936,0.494,0.7529,1
0.5,tail_heavy,0.7,4,2.0,smart,0.3,2,4000,5.0,3.9937,1.0063,20.126,2121,1611,510,1879,0.5028,0.7595,1
0.5,tail_heavy,0.7,4,2.0,smart,0.3,3,4000,5.0,4.0165,0.9835,19.67,2109,1589,520,1891,0.515,0.7534,1
0.5,tail_heavy,0.7,4,2.0,smart,0.3,4,4000,5.0,4.0512,0.9488,18.977,2059,1547,512,1941,0.4993,0.7513,1
0.5,tail_heavy,0.7,4,2.0,smart,0.3,5,4000,5.0,4.025,0.975,19.499,2089,1576,513,1911,0.4913,0.7544,1
0.5,tail_heavy,0.7,4,2.0,smart,0.3,6,4000,5.0,4.0338,0.9662,19.324,2093,1572,521,1907,0.506,0.7511,1
0.5,tail_heavy,0.7,8,0.5,smart,0.3,0,4000,9.0,6.5097,2.4903,27.67,2167,1637,530,1833,0.4943,0.7554,1
0.5,tail_heavy,0.7,8,0.5,smart,0.3,1,4000,9.0,6.5522,2.4478,27.198,2140,1615,525,1860,0.5065,0.7547,1
0.5,tail_heavy,0.7,8,0.5,smart,0.3,2,4000,9.0,6.584,2.416,26.845,2151,1603,548,1849,0.5095,0.7452,1
0.5,tail_heavy,0.7,8,0.5,smart,0.3,3,4000,9.0,6.5657,2.4343,27.048,2089,1597,492,1911,0.495,0.7645,1
0.5,tail_heavy,0.7,8,0.5,smart,0.3,4,4000,9.0,6.5127,2.4873,27.637,2158,1643,515,1842,0.489,0.7614,1
0.5,tail_heavy,0.7,8,0.5,smart,0.3,5,4000,9.0,6.5898,2.4102,26.78,2102,1586,516,1898,0.5155,0.7545,1
0.5,tail_heavy,0.7,8,0.5,smart,0.3,6,4000,9.0,6.5897,2.4103,26.782,2140,1591,549,1860,0.5002,0.7435,1
0.5,tail_heavy,0.7,8,1.0,smart,0.3,0,4000,9.0,6.7065,2.2935,25.483,2104,1562,542,1896,0.4935,0.7424,1
0.5,tail_heavy,0.7,8,1.0,smart,0.3,1,4000,9.0,6.6875,2.3125,25.695,2099,1574,525,1901,0.5015,0.7499,1
0.5,tail_heavy,0.7,8,1.0,smart,0.3,2,4000,9.0,6.6173,2.3827,26.475,2114,1599,515,1886,0.51,0.7564,1
0.5,tail_heavy,0.7,8,1.0,smart,0.3,3,4000,9.0,6.785,2.215,24.611,2081,1512,569,1919,0.493,0.7266,1
0.5,tail_heavy,0.7,8,1.0,smart,0.3,4,4000,9.0,6.5699,2.4301,27.001,2148,1638,510,1852,0.4948,0.7626,1
0.5,tail_heavy,0.7,8,1.0,smart,0.3,5,4000,9.0,6.6883,2.3117,25.686,2113,1570,543,1887,0.4893,0.743,1
0.5,tail_heavy,0.7,8,1.0,smart,0.3,6,4000,9.0,6.6409,2.3591,26.212,2141,1605,536,1859,0.4955,0.7496,1
0.5,tail_heavy,0.7,8,2.0,smart,0.3,0,4000,9.0,6.7947,2.2053,24.503,2102,1580,522,1898,0.5002,0.7517,1
0.5,tail_heavy,0.7,8,2.0,smart,0.3,1,4000,9.0,6.786,2.214,24.6,2105,1583,522,1895,0.5025,0.752,1
0.5,tail_heavy,0.7,8,2.0,smart,0.3,2,4000,9.0,6.7106,2.2894,25.437,2150,1636,514,1850,0.5042,0.7609,1
0.5,tail_heavy,0.7,8,2.0,smart,0.3,3,4000,9.0,6.7547,2.2453,24.948,2115,1607,508,1885,0.5042,0.7598,1
0.5,tail_heavy,0.7,8,2.0,smart,0.3,4,4000,9.0,6.8198,2.1802,24.224,2116,1577,539,1884,0.4938,0.7453,1
0.5,tail_heavy,0.7,8,2.0,smart,0.3,5,4000,9.0,6.7516,2.2484,24.983,2092,1602,490,1908,0.4935,0.7658,1
0.5,tail_heavy,0.7,8,2.0,smart,0.3,6,4000,9.0,6.7536,2.2464,24.96,2159,1627,532,1841,0.497,0.7536,1
0.5,tail_heavy,0.8,0.25,0.5,smart,0.3,0,4000,1.25,1.2063,0.0437,3.498,2167,1811,356,1833,0.4925,0.8357,1
0.5,tail_heavy,0.8,0.25,0.5,smart,0.3,1,4000,1.25,1.2087,0.0413,3.305,2087,1742,345,1913,0.4918,0.8347,1
0.5,tail_heavy,0.8,0.25,0.5,smart,0.3,2,4000,1.25,1.2079,0.0421,3.37,2196,1821,375,1804,0.4965,0.8292,1
0.5,tail_heavy,0.8,0.25,0.5,smart,0.3,3,4000,1.25,1.2056,0.0444,3.555,2197,1837,360,1803,0.5042,0.8361,1
0.5,tail_heavy,0.8,0.25,0.5,smart,0.3,4,4000,1.25,1.1998,0.0502,4.013,2160,1845,315,1840,0.4995,0.8542,1
0.5,tail_heavy,0.8,0.25,0.5,smart,0.3,5,4000,1.25,1.2052,0.0448,3.586,2153,1809,344,1847,0.4933,0.8402,1
0.5,tail_heavy,0.8,0.25,0.5,smart,0.3,6,4000,1.25,1.2065,0.0435,3.481,2203,1837,366,1797,0.504,0.8339,1
0.5,tail_heavy,0.8,0.25,1.0,smart,0.3,0,4000,1.25,1.2434,0.0066,0.53,2189,1855,334,1811,0.495,0.8474,1
0.5,tail_heavy,0.8,0.25,1.0,smart,0.3,1,4000,1.25,1.2484,0.0016,0.129,2121,1780,341,1879,0.4843,0.8392,1
0.5,tail_heavy,0.8,0.25,1.0,smart,0.3,2,4000,1.25,1.2463,0.0037,0.292,2140,1804,336,1860,0.5112,0.843,1
0.5,tail_heavy,0.8,0.25,1.0,smart,0.3,3,4000,1.25,1.2404,0.0096,0.766,2173,1851,322,1827,0.5018,0.8518,1
0.5,tail_heavy,0.8,0.25,1.0,smart,0.3,4,4000,1.25,1.2442,0.0058,0.466,2209,1869,340,1791,0.5052,0.8461,1
0.5,tail_heavy,0.8,0.25,1.0,smart,0.3,5,4000,1.25,1.2464,0.0036,0.288,2212,1864,348,1788,0.494,0.8427,1
0.5,tail_heavy,0.8,0.25,1.0,smart,0.3,6,4000,1.25,1.259,-0.009,-0.722,2170,1785,385,1830,0.496,0.8226,0
0.5,tail_heavy,0.8,0.25,2.0,smart,0.3,0,4000,1.25,1.3316,-0.0816,-6.526,2138,1799,339,1862,0.4885,0.8414,0
0.5,tail_heavy,0.8,0.25,2.0,smart,0.3,1,4000,1.25,1.3524,-0.1024,-8.19,2129,1753,376,1871,0.481,0.8234,0
0.5,tail_heavy,0.8,0.25,2.0,smart,0.3,2,4000,1.25,1.3299,-0.0799,-6.395,2145,1808,337,1855,0.4958,0.8429,0
0.5,tail_heavy,0.8,0.25,2.0,smart,0.3,3,4000,1.25,1.3329,-0.0829,-6.632,2138,1797,341,1862,0.4975,0.8405,0
0.5,tail_heavy,0.8,0.25,2.0,smart,0.3,4,4000,1.25,1.3372,-0.0872,-6.972,2159,1810,349,1841,0.495,0.8384,0
0.5,tail_heavy,0.8,0.25,2.0,smart,0.3,5,4000,1.25,1.3296,-0.0796,-6.366,2169,1831,338,1831,0.5145,0.8442,0
0.5,tail_heavy,0.8,0.25,2.0,smart,0.3,6,4000,1.25,1.3275,-0.0775,-6.202,2161,1827,334,1839,0.4998,0.8454,0
0.5,tail_heavy,0.8,0.5,0.5,smart,0.3,0,4000,1.5,1.3652,0.1348,8.987,2212,1853,359,1788,0.5042,0.8377,1
0.5,tail_heavy,0.8,0.5,0.5,smart,0.3,1,4000,1.5,1.3662,0.1338,8.921,2153,1811,342,1847,0.5,0.8412,1
0.5,tail_heavy,0.8,0.5,0.5,smart,0.3,2,4000,1.5,1.3738,0.1262,8.413,2131,1764,367,1869,0.4905,0.8278,1
0.5,tail_heavy,0.8,0.5,0.5,smart,0.3,3,4000,1.5,1.362,0.138,9.199,2170,1838,332,1830,0.499,0.847,1
0.5,tail_heavy,0.8,0.5,0.5,smart,0.3,4,4000,1.5,1.377,0.123,8.2,2135,1758,377,1865,0.4813,0.8234,1
0.5,tail_heavy,0.8,0.5,0.5,smart,0.3,5,4000,1.5,1.3617,0.1383,9.222,2204,1859,345,1796,0.5088,0.8435,1
0.5,tail_heavy,0.8,0.5,0.5,smart,0.3,6,4000,1.5,1.362,0.138,9.197,2143,1823,320,1857,0.494,0.8507,1
0.5,tail_heavy,0.8,0.5,1.0,smart,0.3,0,4000,1.5,1.4017,0.0983,6.556,2188,1859,329,1812,0.5168,0.8496,1
0.5,tail_heavy,0.8,0.5,1.0,smart,0.3,1,4000,1.5,1.4113,0.0887,5.913,2100,1764,336,1900,0.4893,0.84,1
0.5,tail_heavy,0.8,0.5,1.0,smart,0.3,2,4000,1.5,1.4063,0.0937,6.248,2163,1827,336,1837,0.5008,0.8447,1
0.5,tail_heavy,0.8,0.5,1.0,smart,0.3,3,4000,1.5,1.4035,0.0965,6.436,2161,1836,325,1839,0.5,0.8496,1
0.5,tail_heavy,0.8,0.5,1.0,smart,0.3,4,4000,1.5,1.3994,0.1006,6.704,2169,1849,320,1831,0.5052,0.8525,1
0.5,tail_heavy,0.8,0.5,1.0,smart,0.3,5,4000,1.5,1.4037,0.0963,6.42,2182,1845,337,1818,0.5065,0.8456,1
0.5,tail_heavy,0.8,0.5,1.0,smart,0.3,6,4000,1.5,1.4086,0.0914,6.09,2138,1801,337,1862,0.4948,0.8424,1
0.5,tail_heavy,0.8,0.5,2.0,smart,0.3,0,4000,1.5,1.4746,0.0254,1.69,2183,1869,314,1817,0.5075,0.8562,1
0.5,tail_heavy,0.8,0.5,2.0,smart,0.3,1,4000,1.5,1.5042,-0.0042,-0.277,2159,1799,360,1841,0.4898,0.8333,0
0.5,tail_heavy,0.8,0.5,2.0,smart,0.3,2,4000,1.5,1.4921,0.0079,0.53,2209,1861,348,1791,0.5062,0.8425,1
0.5,tail_heavy,0.8,0.5,2.0,smart,0.3,3,4000,1.5,1.5016,-0.0016,-0.107,2168,1811,357,1832,0.493,0.8353,0
0.5,tail_heavy,0.8,0.5,2.0,smart,0.3,4,4000,1.5,1.5197,-0.0197,-1.314,2152,1769,383,1848,0.4813,0.822,0
0.5,tail_heavy,0.8,0.5,2.0,smart,0.3,5,4000,1.5,1.5035,-0.0035,-0.231,2207,1842,365,1793,0.5068,0.8346,0
0.5,tail_heavy,0.8,0.5,2.0,smart,0.3,6,4000,1.5,1.4889,0.0111,0.741,2133,1804,329,1867,0.492,0.8458,1
0.5,tail_heavy,0.8,1,0.5,smart,0.3,0,4000,2.0,1.677,0.323,16.152,2187,1865,322,1813,0.5035,0.8528,1
0.5,tail_heavy,0.8,1,0.5,smart,0.3,1,4000,2.0,1.6832,0.3168,15.838,2197,1847,350,1803,0.4993,0.8407,1
0.5,tail_heavy,0.8,1,0.5,smart,0.3,2,4000,2.0,1.6805,0.3195,15.976,2164,1841,323,1836,0.5092,0.8507,1
0.5,tail_heavy,0.8,1,0.5,smart,0.3,3,4000,2.0,1.6797,0.3203,16.015,2195,1857,338,1805,0.496,0.846,1
0.5,tail_heavy,0.8,1,0.5,smart,0.3,4,4000,2.0,1.6847,0.3153,15.766,2190,1841,349,1810,0.5028,0.8406,1
0.5,tail_heavy,0.8,1,0.5,smart,0.3,5,4000,2.0,1.6903,0.3097,15.483,2109,1791,318,1891,0.4933,0.8492,1
0.5,tail_heavy,0.8,1,0.5,smart,0.3,6,4000,2.0,1.683,0.317,15.85,2158,1833,325,1842,0.49,0.8494,1
0.5,tail_heavy,0.8,1,1.0,smart,0.3,0,4000,2.0,1.7367,0.2633,13.164,2140,1797,343,1860,0.4983,0.8397,1
0.5,tail_heavy,0.8,1,1.0,smart,0.3,1,4000,2.0,1.7411,0.2589,12.945,2113,1770,343,1887,0.4985,0.8377,1
0.5,tail_heavy,0.8,1,1.0,smart,0.3,2,4000,2.0,1.7185,0.2815,14.077,2186,1858,328,1814,0.5048,0.85,1
0.5,tail_heavy,0.8,1,1.0,smart,0.3,3,4000,2.0,1.7389,0.2611,13.056,2176,1808,368,1824,0.496,0.8309,1
0.5,tail_heavy,0.8,1,1.0,smart,0.3,4,4000,2.0,1.7249,0.2751,13.755,2176,1840,336,1824,0.4985,0.8456,1
0.5,tail_heavy,0.8,1,1.0,smart,0.3,5,4000,2.0,1.7165,0.2835,14.176,2194,1869,325,1806,0.5015,0.8519,1
0.5,tail_heavy,0.8,1,1.0,smart,0.3,6,4000,2.0,1.7414,0.2586,12.93,2148,1786,362,1852,0.4918,0.8315,1
0.5,tail_heavy,0.8,1,2.0,smart,0.3,0,4000,2.0,1.7849,0.2151,10.757,2203,1895,308,1797,0.5115,0.8602,1
0.5,tail_heavy,0.8,1,2.0,smart,0.3,1,4000,2.0,1.7954,0.2046,10.231,2189,1870,319,1811,0.5035,0.8543,1
0.5,tail_heavy,0.8,1,2.0,smart,0.3,2,4000,2.0,1.8266,0.1734,8.668,2099,1759,340,1901,0.5018,0.838,1
0.5,tail_heavy,0.8,1,2.0,smart,0.3,3,4000,2.0,1.8204,0.1796,8.98,2148,1802,346,1852,0.4958,0.8389,1
0.5,tail_heavy,0.8,1,2.0,smart,0.3,4,4000,2.0,1.8067,0.1933,9.663,2184,1851,333,1816,0.5188,0.8475,1
0.5,tail_heavy,0.8,1,2.0,smart,0.3,5,4000,2.0,1.8198,0.1802,9.012,2188,1833,355,1812,0.5068,0.8378,1
0.5,tail_heavy,0.8,1,2.0,smart,0.3,6,4000,2.0,1.8103,0.1897,9.483,2146,1816,330,1854,0.495,0.8462,1
0.5,tail_heavy,0.8,2,0.5,smart,0.3,0,4000,3.0,2.3749,0.6251,20.838,2059,1717,342,1941,0.4823,0.8339,1
0.5,tail_heavy,0.8,2,0.5,smart,0.3,1,4000,3.0,2.332,0.668,22.266,2142,1813,329,1858,0.503,0.8464,1
0.5,tail_heavy,0.8,2,0.5,smart,0.3,2,4000,3.0,2.3224,0.6776,22.587,2168,1842,326,1832,0.4993,0.8496,1
0.5,tail_heavy,0.8,2,0.5,smart,0.3,3,4000,3.0,2.3118,0.6882,22.941,2214,1866,348,1786,0.506,0.8428,1
0.5,tail_heavy,0.8,2,0.5,smart,0.3,4,4000,3.0,2.3464,0.6536,21.788,2144,1788,356,1856,0.504,0.834,1
0.5,tail_heavy,0.8,2,0.5,smart,0.3,5,4000,3.0,2.3462,0.6538,21.794,2134,1785,349,1866,0.4955,0.8365,1
0.5,tail_heavy,0.8,2,0.5,smart,0.3,6,4000,3.0,2.3582,0.6418,21.393,2107,1761,346,1893,0.488,0.8358,1
0.5,tail_heavy,0.8,2,1.0,smart,0.3,0,4000,3.0,2.3897,0.6103,20.345,2188,1805,383,1812,0.49,0.825,1
0.5,tail_heavy,0.8,2,1.0,smart,0.3,1,4000,3.0,2.3664,0.6336,21.119,2219,1853,366,1781,0.5032,0.8351,1
0.5,tail_heavy,0.8,2,1.0,smart,0.3,2,4000,3.0,2.3739,0.6261,20.871,2164,1821,343,1836,0.4915,0.8415,1
0.5,tail_heavy,0.8,2,1.0,smart,0.3,3,4000,3.0,2.4016,0.5984,19.948,2142,1775,367,1858,0.4853,0.8287,1
0.5,tail_heavy,0.8,2,1.0,smart,0.3,4,4000,3.0,2.3809,0.6191,20.636,2088,1783,305,1912,0.4923,0.8539,1
0.5,tail_heavy,0.8,2,1.0,smart,0.3,5,4000,3.0,2.3792,0.6208,20.694,2184,1823,361,1816,0.505,0.8347,1
0.5,tail_heavy,0.8,2,1.0,smart,0.3,6,4000,3.0,2.3793,0.6207,20.691,2163,1823,340,1837,0.499,0.8428,1
0.5,tail_heavy,0.8,2,2.0,smart,0.3,0,4000,3.0,2.4658,0.5342,17.806,2152,1814,338,1848,0.49,0.8429,1
0.5,tail_heavy,0.8,2,2.0,smart,0.3,1,4000,3.0,2.4533,0.5467,18.223,2189,1837,352,1811,0.5042,0.8392,1
0.5,tail_heavy,0.8,2,2.0,smart,0.3,2,4000,3.0,2.4417,0.5583,18.611,2186,1856,330,1814,0.511,0.849,1
0.5,tail_heavy,0.8,2,2.0,smart,0.3,3,4000,3.0,2.4769,0.5231,17.438,2130,1780,350,1870,0.491,0.8357,1
0.5,tail_heavy,0.8,2,2.0,smart,0.3,4,4000,3.0,2.482,0.518,17.265,2144,1791,353,1856,0.4893,0.8354,1
0.5,tail_heavy,0.8,2,2.0,smart,0.3,5,4000,3.0,2.4627,0.5373,17.91,2167,1818,349,1833,0.5005,0.8389,1
0.5,tail_heavy,0.8,2,2.0,smart,0.3,6,4000,3.0,2.4846,0.5154,17.179,2106,1760,346,1894,0.491,0.8357,1
0.5,tail_heavy,0.8,4,0.5,smart,0.3,0,4000,5.0,3.6288,1.3712,27.423,2146,1814,332,1854,0.4933,0.8453,1
0.5,tail_heavy,0.8,4,0.5,smart,0.3,1,4000,5.0,3.6514,1.3486,26.973,2147,1777,370,1853,0.491,0.8277,1
0.5,tail_heavy,0.8,4,0.5,smart,0.3,2,4000,5.0,3.6441,1.3559,27.117,2154,1811,343,1846,0.4955,0.8408,1
0.5,tail_heavy,0.8,4,0.5,smart,0.3,3,4000,5.0,3.6419,1.3581,27.161,2146,1794,352,1854,0.494,0.836,1
0.5,tail_heavy,0.8,4,0.5,smart,0.3,4,4000,5.0,3.6234,1.3766,27.533,2174,1823,351,1826,0.505,0.8385,1
0.5,tail_heavy,0.8,4,0.5,smart,0.3,5,4000,5.0,3.6139,1.3861,27.722,2127,1826,301,1873,0.5042,0.8585,1
0.5,tail_heavy,0.8,4,0.5,smart,0.3,6,4000,5.0,3.6145,1.3855,27.709,2201,1843,358,1799,0.4988,0.8373,1
0.5,tail_heavy,0.8,4,1.0,smart,0.3,0,4000,5.0,3.6612,1.3388,26.775,2170,1833,337,1830,0.502,0.8447,1
0.5,tail_heavy,0.8,4,1.0,smart,0.3,1,4000,5.0,3.658,1.342,26.841,2214,1851,363,1786,0.5055,0.836,1
0.5,tail_heavy,0.8,4,1.0,smart,0.3,2,4000,5.0,3.6611,1.3389,26.777,2162,1819,343,1838,0.4933,0.8414,1
0.5,tail_heavy,0.8,4,1.0,smart,0.3,3,4000,5.0,3.7476,1.2524,25.047,2083,1723,360,1917,0.4908,0.8272,1
0.5,tail_heavy,0.8,4,1.0,smart,0.3,4,4000,5.0,3.6189,1.3811,27.622,2207,1868,339,1793,0.514,0.8464,1
0.5,tail_heavy,0.8,4,1.0,smart,0.3,5,4000,5.0,3.6433,1.3567,27.133,2211,1854,357,1789,0.5012,0.8385,1
0.5,tail_heavy,0.8,4,1.0,smart,0.3,6,4000,5.0,3.7206,1.2794,25.587,2140,1768,372,1860,0.4798,0.8262,1
0.5,tail_heavy,0.8,4,2.0,smart,0.3,0,4000,5.0,3.7816,1.2184,24.369,2142,1793,349,1858,0.4823,0.8371,1
0.5,tail_heavy,0.8,4,2.0,smart,0.3,1,4000,5.0,3.7405,1.2595,25.189,2165,1833,332,1835,0.4968,0.8467,1
0.5,tail_heavy,0.8,4,2.0,smart,0.3,2,4000,5.0,3.7258,1.2742,25.483,2150,1840,310,1850,0.5162,0.8558,1
0.5,tail_heavy,0.8,4,2.0,smart,0.3,3,4000,5.0,3.7917,1.2083,24.165,2119,1775,344,1881,0.4915,0.8377,1
0.5,tail_heavy,0.8,4,2.0,smart,0.3,4,4000,5.0,3.7575,1.2425,24.85,2190,1834,356,1810,0.5012,0.8374,1
0.5,tail_heavy,0.8,4,2.0,smart,0.3,5,4000,5.0,3.7542,1.2458,24.915,2158,1816,342,1842,0.4955,0.8415,1
0.5,tail_heavy,0.8,4,2.0,smart,0.3,6,4000,5.0,3.7134,1.2866,25.731,2198,1861,337,1802,0.518,0.8467,1
0.5,tail_heavy,0.8,8,0.5,smart,0.3,0,4000,9.0,6.1671,2.8329,31.477,2178,1844,334,1822,0.5068,0.8466,1
0.5,tail_heavy,0.8,8,0.5,smart,0.3,1,4000,9.0,6.2622,2.7378,30.42,2128,1795,333,1872,0.4965,0.8435,1
0.5,tail_heavy,0.8,8,0.5,smart,0.3,2,4000,9.0,6.1249,2.8751,31.945,2236,1873,363,1764,0.5065,0.8377,1
0.5,tail_heavy,0.8,8,0.5,smart,0.3,3,4000,9.0,6.0987,2.9013,32.237,2206,1879,327,1794,0.5075,0.8518,1
0.5,tail_heavy,0.8,8,0.5,smart,0.3,4,4000,9.0,6.1135,2.8865,32.072,2244,1883,361,1756,0.5162,0.8391,1
0.5,tail_heavy,0.8,8,0.5,smart,0.3,5,4000,9.0,6.2837,2.7163,30.181,2111,1761,350,1889,0.4973,0.8342,1
0.5,tail_heavy,0.8,8,0.5,smart,0.3,6,4000,9.0,6.2651,2.7349,30.387,2124,1782,342,1876,0.4873,0.839,1
0.5,tail_heavy,0.8,8,1.0,smart,0.3,0,4000,9.0,6.2776,2.7224,30.249,2179,1816,363,1821,0.5002,0.8334,1
0.5,tail_heavy,0.8,8,1.0,smart,0.3,1,4000,9.0,6.1978,2.8022,31.136,2184,1848,336,1816,0.5012,0.8462,1
0.5,tail_heavy,0.8,8,1.0,smart,0.3,2,4000,9.0,6.2281,2.7719,30.799,2161,1837,324,1839,0.5115,0.8501,1
0.5,tail_heavy,0.8,8,1.0,smart,0.3,3,4000,9.0,6.2651,2.7349,30.388,2173,1816,357,1827,0.4995,0.8357,1
0.5,tail_heavy,0.8,8,1.0,smart,0.3,4,4000,9.0,6.2439,2.7561,30.623,2187,1831,356,1813,0.4918,0.8372,1
0.5,tail_heavy,0.8,8,1.0,smart,0.3,5,4000,9.0,6.1869,2.8131,31.257,2201,1853,348,1799,0.5002,0.8419,1
0.5,tail_heavy,0.8,8,1.0,smart,0.3,6,4000,9.0,6.2728,2.7272,30.303,2168,1800,368,1832,0.5065,0.8303,1
0.5,tail_heavy,0.8,8,2.0,smart,0.3,0,4000,9.0,6.3892,2.6108,29.009,2161,1802,359,1839,0.4963,0.8339,1
0.5,tail_heavy,0.8,8,2.0,smart,0.3,1,4000,9.0,6.3093,2.6907,29.896,2176,1837,339,1824,0.507,0.8442,1
0.5,tail_heavy,0.8,8,2.0,smart,0.3,2,4000,9.0,6.4035,2.5965,28.85,2145,1784,361,1855,0.4728,0.8317,1
0.5,tail_heavy,0.8,8,2.0,smart,0.3,3,4000,9.0,6.4094,2.5906,28.785,2134,1778,356,1866,0.4935,0.8332,1
0.5,tail_heavy,0.8,8,2.0,smart,0.3,4,4000,9.0,6.4367,2.5633,28.481,2121,1766,355,1879,0.4875,0.8326,1
0.5,tail_heavy,0.8,8,2.0,smart,0.3,5,4000,9.0,6.3103,2.6897,29.885,2158,1834,324,1842,0.5048,0.8499,1
0.5,tail_heavy,0.8,8,2.0,smart,0.3,6,4000,9.0,6.295,2.705,30.056,2184,1835,349,1816,0.5048,0.8402,1
0.5,tail_heavy,0.9,0.25,0.5,smart,0.3,0,4000,1.25,1.1717,0.0783,6.264,2199,2031,168,1801,0.5092,0.9236,1
0.5,tail_heavy,0.9,0.25,0.5,smart,0.3,1,4000,1.25,1.1704,0.0796,6.365,2217,2054,163,1783,0.5062,0.9265,1
0.5,tail_heavy,0.9,0.25,0.5,smart,0.3,2,4000,1.25,1.1682,0.0818,6.548,2232,2076,156,1768,0.503,0.9301,1
0.5,tail_heavy,0.9,0.25,0.5,smart,0.3,3,4000,1.25,1.1714,0.0786,6.289,2228,2056,172,1772,0.5012,0.9228,1
0.5,tail_heavy,0.9,0.25,0.5,smart,0.3,4,4000,1.25,1.1709,0.0791,6.328,2255,2074,181,1745,0.504,0.9197,1
0.5,tail_heavy,0.9,0.25,0.5,smart,0.3,5,4000,1.25,1.1742,0.0758,6.066,2205,2023,182,1795,0.4975,0.9175,1
0.5,tail_heavy,0.9,0.25,0.5,smart,0.3,6,4000,1.25,1.173,0.077,6.157,2232,2048,184,1768,0.494,0.9176,1
0.5,tail_heavy,0.9,0.25,1.0,smart,0.3,0,4000,1.25,1.1955,0.0545,4.357,2229,2049,180,1771,0.4975,0.9192,1
0.5,tail_heavy,0.9,0.25,1.0,smart,0.3,1,4000,1.25,1.1911,0.0589,4.715,2254,2084,170,1746,0.512,0.9246,1
0.5,tail_heavy,0.9,0.25,1.0,smart,0.3,2,4000,1.25,1.1942,0.0558,4.468,2154,1991,163,1846,0.4833,0.9243,1
0.5,tail_heavy,0.9,0.25,1.0,smart,0.3,3,4000,1.25,1.1957,0.0543,4.346,2272,2084,188,1728,0.5132,0.9173,1
0.5,tail_heavy,0.9,0.25,1.0,smart,0.3,4,4000,1.25,1.1887,0.0613,4.901,2203,2048,155,1797,0.5035,0.9296,1
0.5,tail_heavy,0.9,0.25,1.0,smart,0.3,5,4000,1.25,1.1923,0.0577,4.618,2231,2059,172,1769,0.5025,0.9229,1
0.5,tail_heavy,0.9,0.25,1.0,smart,0.3,6,4000,1.25,1.1934,0.0566,4.525,2174,2009,165,1826,0.499,0.9241,1
0.5,tail_heavy,0.9,0.25,2.0,smart,0.3,0,4000,1.25,1.234,0.016,1.283,2232,2062,170,1768,0.5015,0.9238,1
0.5,tail_heavy,0.9,0.25,2.0,smart,0.3,1,4000,1.25,1.2324,0.0176,1.408,2236,2069,167,1764,0.5022,0.9253,1
0.5,tail_heavy,0.9,0.25,2.0,smart,0.3,2,4000,1.25,1.245,0.005,0.403,2255,2063,192,1745,0.5038,0.9149,1
0.5,tail_heavy,0.9,0.25,2.0,smart,0.3,3,4000,1.25,1.2469,0.0031,0.247,2206,2016,190,1794,0.495,0.9139,1
0.5,tail_heavy,0.9,0.25,2.0,smart,0.3,4,4000,1.25,1.2388,0.0112,0.894,2217,2040,177,1783,0.4873,0.9202,1
0.5,tail_heavy,0.9,0.25,2.0,smart,0.3,5,4000,1.25,1.2241,0.0259,2.076,2190,2043,147,1810,0.5045,0.9329,1
0.5,tail_heavy,0.9,0.25,2.0,smart,0.3,6,4000,1.25,1.233,0.017,1.359,2261,2091,170,1739,0.5038,0.9248,1
0.5,tail_heavy,0.9,0.5,0.5,smart,0.3,0,4000,1.5,1.3216,0.1784,11.892,2241,2058,183,1759,0.4965,0.9183,1
0.5,tail_heavy,0.9,0.5,0.5,smart,0.3,1,4000,1.5,1.3236,0.1764,11.757,2177,2015,162,1823,0.4905,0.9256,1
0.5,tail_heavy,0.9,0.5,0.5,smart,0.3,2,4000,1.5,1.3225,0.1775,11.83,2195,2030,165,1805,0.4953,0.9248,1
0.5,tail_heavy,0.9,0.5,0.5,smart,0.3,3,4000,1.5,1.3204,0.1796,11.971,2229,2059,170,1771,0.4985,0.9237,1
0.5,tail_heavy,0.9,0.5,0.5,smart,0.3,4,4000,1.5,1.3204,0.1796,11.975,2219,2052,167,1781,0.501,0.9247,1
0.5,tail_heavy,0.9,0.5,0.5,smart,0.3,5,4000,1.5,1.3205,0.1795,11.968,2215,2051,164,1785,0.4953,0.926,1
0.5,tail_heavy,0.9,0.5,0.5,smart,0.3,6,4000,1.5,1.3282,0.1718,11.453,2187,2010,177,1813,0.4865,0.9191,1
0.5,tail_heavy,0.9,0.5,1.0,smart,0.3,0,4000,1.5,1.3369,0.1631,10.874,2239,2077,162,1761,0.5162,0.9276,1
0.5,tail_heavy,0.9,0.5,1.0,smart,0.3,1,4000,1.5,1.3575,0.1425,9.5,2132,1944,188,1868,0.4838,0.9118,1
0.5,tail_heavy,0.9,0.5,1.0,smart,0.3,2,4000,1.5,1.3313,0.1687,11.245,2302,2145,157,1698,0.515,0.9318,1
0.5,tail_heavy,0.9,0.5,1.0,smart,0.3,3,4000,1.5,1.3399,0.1601,10.674,2227,2059,168,1773,0.5095,0.9246,1
0.5,tail_heavy,0.9,0.5,1.0,smart,0.3,4,4000,1.5,1.3395,0.1605,10.697,2233,2069,164,1767,0.4943,0.9266,1
0.5,tail_heavy,0.9,0.5,1.0,smart,0.3,5,4000,1.5,1.3513,0.1487,9.914,2179,1995,184,1821,0.4945,0.9156,1
0.5,tail_heavy,0.9,0.5,1.0,smart,0.3,6,4000,1.5,1.3447,0.1553,10.355,2240,2058,182,1760,0.5088,0.9187,1
0.5,tail_heavy,0.9,0.5,2.0,smart,0.3,0,4000,1.5,1.3834,0.1166,7.773,2215,2048,167,1785,0.5045,0.9246,1
0.5,tail_heavy,0.9,0.5,2.0,smart,0.3,1,4000,1.5,1.3878,0.1122,7.479,2193,2024,169,1807,0.4928,0.9229,1
0.5,tail_heavy,0.9,0.5,2.0,smart,0.3,2,4000,1.5,1.3929,0.1071,7.142,2180,2004,176,1820,0.4925,0.9193,1
0.5,tail_heavy,0.9,0.5,2.0,smart,0.3,3,4000,1.5,1.3942,0.1058,7.056,2192,2011,181,1808,0.4968,0.9174,1
0.5,tail_heavy,0.9,0.5,2.0,smart,0.3,4,4000,1.5,1.3729,0.1271,8.47,2218,2066,152,1782,0.5038,0.9315,1
0.5,tail_heavy,0.9,0.5,2.0,smart,0.3,5,4000,1.5,1.3857,0.1143,7.621,2227,2056,171,1773,0.5042,0.9232,1
0.5,tail_heavy,0.9,0.5,2.0,smart,0.3,6,4000,1.5,1.3808,0.1192,7.948,2210,2049,161,1790,0.5185,0.9271,1
0.5,tail_heavy,0.9,1,0.5,smart,0.3,0,4000,2.0,1.6199,0.3801,19.005,2239,2074,165,1761,0.5035,0.9263,1
0.5,tail_heavy,0.9,1,0.5,smart,0.3,1,4000,2.0,1.6086,0.3914,19.569,2266,2107,159,1734,0.5138,0.9298,1
0.5,tail_heavy,0.9,1,0.5,smart,0.3,2,4000,2.0,1.6241,0.3759,18.793,2211,2032,179,1789,0.493,0.919,1
0.5,tail_heavy,0.9,1,0.5,smart,0.3,3,4000,2.0,1.6306,0.3694,18.469,2196,2015,181,1804,0.4875,0.9176,1
0.5,tail_heavy,0.9,1,0.5,smart,0.3,4,4000,2.0,1.618,0.382,19.101,2247,2067,180,1753,0.5065,0.9199,1
0.5,tail_heavy,0.9,1,0.5,smart,0.3,5,4000,2.0,1.612,0.388,19.401,2245,2095,150,1755,0.5058,0.9332,1
0.5,tail_heavy,0.9,1,0.5,smart,0.3,6,4000,2.0,1.6177,0.3823,19.115,2229,2063,166,1771,0.4975,0.9255,1
0.5,tail_heavy,0.9,1,1.0,smart,0.3,0,4000,2.0,1.6488,0.3512,17.559,2226,2041,185,1774,0.498,0.9169,1
0.5,tail_heavy,0.9,1,1.0,smart,0.3,1,4000,2.0,1.6522,0.3478,17.388,2196,2015,181,1804,0.5035,0.9176,1
0.5,tail_heavy,0.9,1,1.0,smart,0.3,2,4000,2.0,1.6423,0.3577,17.885,2174,2029,145,1826,0.5,0.9333,1
0.5,tail_heavy,0.9,1,1.0,smart,0.3,3,4000,2.0,1.648,0.352,17.598,2189,2023,166,1811,0.4998,0.9242,1
0.5,tail_heavy,0.9,1,1.0,smart,0.3,4,4000,2.0,1.6377,0.3623,18.117,2240,2076,164,1760,0.5065,0.9268,1
0.5,tail_heavy,0.9,1,1.0,smart,0.3,5,4000,2.0,1.6498,0.3502,17.512,2227,2039,188,1773,0.4973,0.9156,1
0.5,tail_heavy,0.9,1,1.0,smart,0.3,6,4000,2.0,1.6467,0.3533,17.663,2188,2021,167,1812,0.497,0.9237,1
0.5,tail_heavy,0.9,1,2.0,smart,0.3,0,4000,2.0,1.6929,0.3071,15.355,2249,2061,188,1751,0.5128,0.9164,1
0.5,tail_heavy,0.9,1,2.0,smart,0.3,1,4000,2.0,1.6959,0.3041,15.206,2223,2042,181,1777,0.4945,0.9186,1
0.5,tail_heavy,0.9,1,2.0,smart,0.3,2,4000,2.0,1.6842,0.3158,15.792,2200,2038,162,1800,0.5022,0.9264,1
0.5,tail_heavy,0.9,1,2.0,smart,0.3,3,4000,2.0,1.6602,0.3398,16.988,2253,2109,144,1747,0.5135,0.9361,1
0.5,tail_heavy,0.9,1,2.0,smart,0.3,4,4000,2.0,1.6936,0.3064,15.318,2198,2021,177,1802,0.4963,0.9195,1
0.5,tail_heavy,0.9,1,2.0,smart,0.3,5,4000,2.0,1.6896,0.3104,15.518,2212,2037,175,1788,0.5035,0.9209,1
0.5,tail_heavy,0.9,1,2.0,smart,0.3,6,4000,2.0,1.6907,0.3093,15.466,2164,2002,162,1836,0.4738,0.9251,1
0.5,tail_heavy,0.9,2,0.5,smart,0.3,0,4000,3.0,2.2326,0.7674,25.58,2185,2007,178,1815,0.4888,0.9185,1
0.5,tail_heavy,0.9,2,0.5,smart,0.3,1,4000,3.0,2.2191,0.7809,26.032,2220,2054,166,1780,0.4975,0.9252,1
0.5,tail_heavy,0.9,2,0.5,smart,0.3,2,4000,3.0,2.2364,0.7636,25.452,2170,2012,158,1830,0.4963,0.9272,1
0.5,tail_heavy,0.9,2,0.5,smart,0.3,3,4000,3.0,2.2396,0.7604,25.348,2186,2011,175,1814,0.4903,0.9199,1
0.5,tail_heavy,0.9,2,0.5,smart,0.3,4,4000,3.0,2.2278,0.7722,25.74,2206,2046,160,1794,0.5062,0.9275,1
0.5,tail_heavy,0.9,2,0.5,smart,0.3,5,4000,3.0,2.2171,0.7829,26.098,2251,2073,178,1749,0.5025,0.9209,1
0.5,tail_heavy,0.9,2,0.5,smart,0.3,6,4000,3.0,2.2308,0.7692,25.64,2210,2034,176,1790,0.4885,0.9204,1
0.5,tail_heavy,0.9,2,1.0,smart,0.3,0,4000,3.0,2.2416,0.7584,25.279,2265,2069,196,1735,0.5162,0.9135,1
0.5,tail_heavy,0.9,2,1.0,smart,0.3,1,4000,3.0,2.2327,0.7673,25.577,2258,2084,174,1742,0.4983,0.9229,1
0.5,tail_heavy,0.9,2,1.0,smart,0.3,2,4000,3.0,2.2557,0.7443,24.809,2205,2019,186,1795,0.5022,0.9156,1
0.5,tail_heavy,0.9,2,1.0,smart,0.3,3,4000,3.0,2.2766,0.7234,24.114,2159,1976,183,1841,0.481,0.9152,1
0.5,tail_heavy,0.9,2,1.0,smart,0.3,4,4000,3.0,2.2509,0.7491,24.969,2230,2048,182,1770,0.4928,0.9184,1
0.5,tail_heavy,0.9,2,1.0,smart,0.3,5,4000,3.0,2.2432,0.7568,25.226,2214,2046,168,1786,0.5052,0.9241,1
0.5,tail_heavy,0.9,2,1.0,smart,0.3,6,4000,3.0,2.2366,0.7634,25.446,2221,2060,161,1779,0.5025,0.9275,1
0.5,tail_heavy,0.9,2,2.0,smart,0.3,0,4000,3.0,2.2733,0.7267,24.224,2241,2075,166,1759,0.5052,0.9259,1
0.5,tail_heavy,0.9,2,2.0,smart,0.3,1,4000,3.0,2.298,0.702,23.399,2161,1998,163,1839,0.4913,0.9246,1
0.5,tail_heavy,0.9,2,2.0,smart,0.3,2,4000,3.0,2.2651,0.7349,24.497,2244,2086,158,1756,0.5062,0.9296,1
0.5,tail_heavy,0.9,2,2.0,smart,0.3,3,4000,3.0,2.3071,0.6929,23.095,2158,1986,172,1842,0.4838,0.9203,1
0.5,tail_heavy,0.9,2,2.0,smart,0.3,4,4000,3.0,2.2821,0.7179,23.93,2223,2053,170,1777,0.5012,0.9235,1
0.5,tail_heavy,0.9,2,2.0,smart,0.3,5,4000,3.0,2.2958,0.7042,23.474,2212,2034,178,1788,0.497,0.9195,1
0.5,tail_heavy,0.9,2,2.0,smart,0.3,6,4000,3.0,2.2903,0.7097,23.656,2231,2053,178,1769,0.5035,0.9202,1
0.5,tail_heavy,0.9,4,0.5,smart,0.3,0,4000,5.0,3.4048,1.5952,31.904,2240,2086,154,1760,0.4973,0.9313,1
0.5,tail_heavy,0.9,4,0.5,smart,0.3,1,4000,5.0,3.4039,1.5961,31.923,2248,2072,176,1752,0.5005,0.9217,1
0.5,tail_heavy,0.9,4,0.5,smart,0.3,2,4000,5.0,3.4294,1.5706,31.412,2205,2036,169,1795,0.498,0.9234,1
0.5,tail_heavy,0.9,4,0.5,smart,0.3,3,4000,5.0,3.4164,1.5836,31.673,2259,2073,186,1741,0.4965,0.9177,1
0.5,tail_heavy,0.9,4,0.5,smart,0.3,4,4000,5.0,3.4073,1.5927,31.854,2220,2067,153,1780,0.5022,0.9311,1
0.5,tail_heavy,0.9,4,0.5,smart,0.3,5,4000,5.0,3.3914,1.6086,32.171,2275,2104,171,1725,0.5002,0.9248,1
0.5,tail_heavy,0.9,4,0.5,smart,0.3,6,4000,5.0,3.4298,1.5702,31.405,2209,2039,170,1791,0.5015,0.923,1
0.5,tail_heavy,0.9,4,1.0,smart,0.3,0,4000,5.0,3.4202,1.5798,31.596,2266,2080,186,1734,0.5045,0.9179,1
0.5,tail_heavy,0.9,4,1.0,smart,0.3,1,4000,5.0,3.4353,1.5647,31.295,2246,2064,182,1754,0.4968,0.919,1
0.5,tail_heavy,0.9,4,1.0,smart,0.3,2,4000,5.0,3.4309,1.5691,31.383,2256,2073,183,1744,0.4973,0.9189,1
0.5,tail_heavy,0.9,4,1.0,smart,0.3,3,4000,5.0,3.4356,1.5644,31.289,2241,2056,185,1759,0.5002,0.9174,1
0.5,tail_heavy,0.9,4,1.0,smart,0.3,4,4000,5.0,3.4441,1.5559,31.117,2233,2056,177,1767,0.499,0.9207,1
0.5,tail_heavy,0.9,4,1.0,smart,0.3,5,4000,5.0,3.421,1.579,31.579,2246,2069,177,1754,0.51,0.9212,1
0.5,tail_heavy,0.9,4,1.0,smart,0.3,6,4000,5.0,3.4691,1.5309,30.618,2220,2026,194,1780,0.4983,0.9126,1
0.5,tail_heavy,0.9,4,2.0,smart,0.3,0,4000,5.0,3.4578,1.5422,30.844,2241,2080,161,1759,0.4985,0.9282,1
0.5,tail_heavy,0.9,4,2.0,smart,0.3,1,4000,5.0,3.4446,1.5554,31.108,2242,2084,158,1758,0.51,0.9295,1
0.5,tail_heavy,0.9,4,2.0,smart,0.3,2,4000,5.0,3.4849,1.5151,30.302,2235,2062,173,1765,0.4918,0.9226,1
0.5,tail_heavy,0.9,4,2.0,smart,0.3,3,4000,5.0,3.477,1.523,30.46,2270,2075,195,1730,0.5062,0.9141,1
0.5,tail_heavy,0.9,4,2.0,smart,0.3,4,4000,5.0,3.4558,1.5442,30.883,2252,2083,169,1748,0.501,0.925,1
0.5,tail_heavy,0.9,4,2.0,smart,0.3,5,4000,5.0,3.4681,1.5319,30.638,2239,2071,168,1761,0.5072,0.925,1
0.5,tail_heavy,0.9,4,2.0,smart,0.3,6,4000,5.0,3.5242,1.4758,29.515,2178,2005,173,1822,0.4903,0.9206,1
0.5,tail_heavy,0.9,8,0.5,smart,0.3,0,4000,9.0,5.8094,3.1906,35.451,2218,2063,155,1782,0.5142,0.9301,1
0.5,tail_heavy,0.9,8,0.5,smart,0.3,1,4000,9.0,5.7359,3.2641,36.268,2301,2112,189,1699,0.5088,0.9179,1
0.5,tail_heavy,0.9,8,0.5,smart,0.3,2,4000,9.0,5.7985,3.2015,35.572,2208,2066,142,1792,0.5092,0.9357,1
0.5,tail_heavy,0.9,8,0.5,smart,0.3,3,4000,9.0,5.8491,3.1509,35.01,2233,2036,197,1767,0.4965,0.9118,1
0.5,tail_heavy,0.9,8,0.5,smart,0.3,4,4000,9.0,5.782,3.218,35.756,2250,2080,170,1750,0.5148,0.9244,1
0.5,tail_heavy,0.9,8,0.5,smart,0.3,5,4000,9.0,5.9475,3.0525,33.916,2130,1974,156,1870,0.4845,0.9268,1
0.5,tail_heavy,0.9,8,0.5,smart,0.3,6,4000,9.0,5.746,3.254,36.156,2267,2097,170,1733,0.5105,0.925,1
0.5,tail_heavy,0.9,8,1.0,smart,0.3,0,4000,9.0,5.8114,3.1886,35.429,2232,2067,165,1768,0.502,0.9261,1
0.5,tail_heavy,0.9,8,1.0,smart,0.3,1,4000,9.0,5.8277,3.1723,35.248,2220,2052,168,1780,0.5002,0.9243,1
0.5,tail_heavy,0.9,8,1.0,smart,0.3,2,4000,9.0,5.8224,3.1776,35.307,2231,2075,156,1769,0.5078,0.9301,1
0.5,tail_heavy,0.9,8,1.0,smart,0.3,3,4000,9.0,5.8469,3.1531,35.035,2199,2044,155,1801,0.4963,0.9295,1
0.5,tail_heavy,0.9,8,1.0,smart,0.3,4,4000,9.0,5.855,3.145,34.945,2216,2048,168,1784,0.4995,0.9242,1
0.5,tail_heavy,0.9,8,1.0,smart,0.3,5,4000,9.0,5.8472,3.1528,35.031,2224,2054,170,1776,0.4923,0.9236,1
0.5,tail_heavy,0.9,8,1.0,smart,0.3,6,4000,9.0,5.8269,3.1731,35.257,2249,2074,175,1751,0.5062,0.9222,1
0.5,tail_heavy,0.9,8,2.0,smart,0.3,0,4000,9.0,5.8651,3.1349,34.832,2261,2075,186,1739,0.5025,0.9177,1
0.5,tail_heavy,0.9,8,2.0,smart,0.3,1,4000,9.0,5.8564,3.1436,34.929,2244,2074,170,1756,0.499,0.9242,1
0.5,tail_heavy,0.9,8,2.0,smart,0.3,2,4000,9.0,5.8958,3.1042,34.492,2239,2049,190,1761,0.504,0.9151,1
0.5,tail_heavy,0.9,8,2.0,smart,0.3,3,4000,9.0,5.8553,3.1447,34.941,2243,2079,164,1757,0.5052,0.9269,1
0.5,tail_heavy,0.9,8,2.0,smart,0.3,4,4000,9.0,5.8897,3.1103,34.559,2188,2041,147,1812,0.501,0.9328,1
0.5,tail_heavy,0.9,8,2.0,smart,0.3,5,4000,9.0,6.0049,2.9951,33.279,2126,1969,157,1874,0.489,0.9262,1
0.5,tail_heavy,0.9,8,2.0,smart,0.3,6,4000,9.0,5.8997,3.1003,34.448,2200,2043,157,1800,0.5098,0.9286,1
0.5,tail_heavy,0.95,0.25,0.5,smart,0.3,0,4000,1.25,1.1551,0.0949,7.595,2201,2130,71,1799,0.4918,0.9677,1
0.5,tail_heavy,0.95,0.25,0.5,smart,0.3,1,4000,1.25,1.158,0.092,7.356,2204,2113,91,1796,0.4913,0.9587,1
0.5,tail_heavy,0.95,0.25,0.5,smart,0.3,2,4000,1.25,1.1579,0.0921,7.365,2216,2128,88,1784,0.4958,0.9603,1
0.5,tail_heavy,0.95,0.25,0.5,smart,0.3,3,4000,1.25,1.1541,0.0959,7.676,2280,2194,86,1720,0.5062,0.9623,1
0.5,tail_heavy,0.95,0.25,0.5,smart,0.3,4,4000,1.25,1.1561,0.0939,7.515,2239,2151,88,1761,0.5005,0.9607,1
0.5,tail_heavy,0.95,0.25,0.5,smart,0.3,5,4000,1.25,1.155,0.095,7.597,2313,2211,102,1687,0.512,0.9559,1
0.5,tail_heavy,0.95,0.25,0.5,smart,0.3,6,4000,1.25,1.155,0.095,7.601,2294,2202,92,1706,0.5112,0.9599,1
0.5,tail_heavy,0.95,0.25,1.0,smart,0.3,0,4000,1.25,1.1652,0.0848,6.784,2249,2165,84,1751,0.492,0.9627,1
0.5,tail_heavy,0.95,0.25,1.0,smart,0.3,1,4000,1.25,1.1724,0.0776,6.209,2211,2112,99,1789,0.4905,0.9552,1
0.5,tail_heavy,0.95,0.25,1.0,smart,0.3,2,4000,1.25,1.1678,0.0822,6.58,2220,2132,88,1780,0.4885,0.9604,1
0.5,tail_heavy,0.95,0.25,1.0,smart,0.3,3,4000,1.25,1.1686,0.0814,6.516,2258,2162,96,1742,0.508,0.9575,1
0.5,tail_heavy,0.95,0.25,1.0,smart,0.3,4,4000,1.25,1.1665,0.0835,6.676,2274,2185,89,1726,0.5025,0.9609,1
0.5,tail_heavy,0.95,0.25,1.0,smart,0.3,5,4000,1.25,1.1656,0.0844,6.755,2223,2143,80,1777,0.4973,0.964,1
0.5,tail_heavy,0.95,0.25,1.0,smart,0.3,6,4000,1.25,1.1652,0.0848,6.786,2271,2185,86,1729,0.5078,0.9621,1
0.5,tail_heavy,0.95,0.25,2.0,smart,0.3,0,4000,1.25,1.1827,0.0673,5.388,2282,2203,79,1718,0.5002,0.9654,1
0.5,tail_heavy,0.95,0.25,2.0,smart,0.3,1,4000,1.25,1.1837,0.0663,5.302,2260,2180,80,1740,0.5018,0.9646,1
0.5,tail_heavy,0.95,0.25,2.0,smart,0.3,2,4000,1.25,1.1911,0.0589,4.711,2285,2190,95,1715,0.493,0.9584,1
0.5,tail_heavy,0.95,0.25,2.0,smart,0.3,3,4000,1.25,1.1928,0.0572,4.575,2261,2164,97,1739,0.5012,0.9571,1
0.5,tail_heavy,0.95,0.25,2.0,smart,0.3,4,4000,1.25,1.1886,0.0614,4.91,2272,2182,90,1728,0.5092,0.9604,1
0.5,tail_heavy,0.95,0.25,2.0,smart,0.3,5,4000,1.25,1.1853,0.0647,5.179,2210,2132,78,1790,0.4975,0.9647,1
0.5,tail_heavy,0.95,0.25,2.0,smart,0.3,6,4000,1.25,1.1809,0.0691,5.526,2254,2180,74,1746,0.5062,0.9672,1
0.5,tail_heavy,0.95,0.5,0.5,smart,0.3,0,4000,1.5,1.3117,0.1883,12.555,2209,2092,117,1791,0.4838,0.947,1
0.5,tail_heavy,0.95,0.5,0.5,smart,0.3,1,4000,1.5,1.3011,0.1989,13.259,2249,2156,93,1751,0.5068,0.9586,1
0.5,tail_heavy,0.95,0.5,0.5,smart,0.3,2,4000,1.5,1.3015,0.1985,13.231,2233,2144,89,1767,0.4935,0.9601,1
0.5,tail_heavy,0.95,0.5,0.5,smart,0.3,3,4000,1.5,1.2957,0.2043,13.618,2265,2187,78,1735,0.5045,0.9656,1
0.5,tail_heavy,0.95,0.5,0.5,smart,0.3,4,4000,1.5,1.3021,0.1979,13.191,2229,2146,83,1771,0.49,0.9628,1
0.5,tail_heavy,0.95,0.5,0.5,smart,0.3,5,4000,1.5,1.3009,0.1991,13.27,2261,2169,92,1739,0.4923,0.9593,1
0.5,tail_heavy,0.95,0.5,0.5,smart,0.3,6,4000,1.5,1.2959,0.2041,13.609,2249,2178,71,1751,0.5052,0.9684,1
0.5,tail_heavy,0.95,0.5,1.0,smart,0.3,0,4000,1.5,1.316,0.184,12.265,2208,2120,88,1792,0.4883,0.9601,1
0.5,tail_heavy,0.95,0.5,1.0,smart,0.3,1,4000,1.5,1.3125,0.1875,12.501,2193,2117,76,1807,0.4868,0.9653,1
0.5,tail_heavy,0.95,0.5,1.0,smart,0.3,2,4000,1.5,1.3081,0.1919,12.791,2279,2193,86,1721,0.5012,0.9623,1
0.5,tail_heavy,0.95,0.5,1.0,smart,0.3,3,4000,1.5,1.3199,0.1801,12.008,2177,2083,94,1823,0.495,0.9568,1
0.5,tail_heavy,0.95,0.5,1.0,smart,0.3,4,4000,1.5,1.3109,0.1891,12.608,2273,2179,94,1727,0.5015,0.9586,1
0.5,tail_heavy,0.95,0.5,1.0,smart,0.3,5,4000,1.5,1.3054,0.1946,12.971,2324,2235,89,1676,0.5082,0.9617,1
0.5,tail_heavy,0.95,0.5,1.0,smart,0.3,6,4000,1.5,1.3042,0.1958,13.053,2284,2210,74,1716,0.5042,0.9676,1
0.5,tail_heavy,0.95,0.5,2.0,smart,0.3,0,4000,1.5,1.3328,0.1672,11.146,2260,2169,91,1740,0.502,0.9597,1
0.5,tail_heavy,0.95,0.5,2.0,smart,0.3,1,4000,1.5,1.3225,0.1775,11.832,2252,2181,71,1748,0.4998,0.9685,1
0.5,tail_heavy,0.95,0.5,2.0,smart,0.3,2,4000,1.5,1.3254,0.1746,11.638,2271,2191,80,1729,0.5102,0.9648,1
0.5,tail_heavy,0.95,0.5,2.0,smart,0.3,3,4000,1.5,1.3389,0.1611,10.742,2242,2144,98,1758,0.502,0.9563,1
0.5,tail_heavy,0.95,0.5,2.0,smart,0.3,4,4000,1.5,1.3376,0.1624,10.827,2238,2145,93,1762,0.4943,0.9584,1
0.5,tail_heavy,0.95,0.5,2.0,smart,0.3,5,4000,1.5,1.334,0.166,11.066,2255,2163,92,1745,0.5018,0.9592,1
0.5,tail_heavy,0.95,0.5,2.0,smart,0.3,6,4000,1.5,1.3309,0.1691,11.271,2204,2127,77,1796,0.4955,0.9651,1
0.5,tail_heavy,0.95,1,0.5,smart,0.3,0,4000,2.0,1.5938,0.4062,20.311,2210,2129,81,1790,0.495,0.9633,1
0.5,tail_heavy,0.95,1,0.5,smart,0.3,1,4000,2.0,1.5865,0.4135,20.674,2271,2179,92,1729,0.507,0.9595,1
0.5,tail_heavy,0.95,1,0.5,smart,0.3,2,4000,2.0,1.5847,0.4153,20.766,2258,2178,80,1742,0.499,0.9646,1
0.5,tail_heavy,0.95,1,0.5,smart,0.3,3,4000,2.0,1.5878,0.4122,20.612,2275,2186,89,1725,0.496,0.9609,1
0.5,tail_heavy,0.95,1,0.5,smart,0.3,4,4000,2.0,1.5923,0.4077,20.383,2234,2148,86,1766,0.4995,0.9615,1
0.5,tail_heavy,0.95,1,0.5,smart,0.3,5,4000,2.0,1.5896,0.4104,20.518,2253,2163,90,1747,0.4918,0.9601,1
0.5,tail_heavy,0.95,1,0.5,smart,0.3,6,4000,2.0,1.577,0.423,21.148,2289,2212,77,1711,0.5085,0.9664,1
0.5,tail_heavy,0.95,1,1.0,smart,0.3,0,4000,2.0,1.5914,0.4086,20.432,2301,2205,96,1699,0.5202,0.9583,1
0.5,tail_heavy,0.95,1,1.0,smart,0.3,1,4000,2.0,1.5997,0.4003,20.017,2212,2138,74,1788,0.5032,0.9665,1
0.5,tail_heavy,0.95,1,1.0,smart,0.3,2,4000,2.0,1.5962,0.4038,20.192,2277,2191,86,1723,0.4945,0.9622,1
0.5,tail_heavy,0.95,1,1.0,smart,0.3,3,4000,2.0,1.6068,0.3932,19.66,2203,2120,83,1797,0.491,0.9623,1
0.5,tail_heavy,0.95,1,1.0,smart,0.3,4,4000,2.0,1.5939,0.4061,20.307,2306,2209,97,1694,0.505,0.9579,1
0.5,tail_heavy,0.95,1,1.0,smart,0.3,5,4000,2.0,1.5992,0.4008,20.038,2257,2169,88,1743,0.4985,0.961,1
0.5,tail_heavy,0.95,1,1.0,smart,0.3,6,4000,2.0,1.5961,0.4039,20.193,2227,2158,69,1773,0.5078,0.969,1
0.5,tail_heavy,0.95,1,2.0,smart,0.3,0,4000,2.0,1.6334,0.3666,18.332,2250,2148,102,1750,0.4998,0.9547,1
0.5,tail_heavy,0.95,1,2.0,smart,0.3,1,4000,2.0,1.6203,0.3797,18.985,2240,2158,82,1760,0.4985,0.9634,1
0.5,tail_heavy,0.95,1,2.0,smart,0.3,2,4000,2.0,1.6351,0.3649,18.247,2194,2105,89,1806,0.4863,0.9594,1
0.5,tail_heavy,0.95,1,2.0,smart,0.3,3,4000,2.0,1.6211,0.3789,18.945,2206,2130,76,1794,0.5055,0.9655,1
0.5,tail_heavy,0.95,1,2.0,smart,0.3,4,4000,2.0,1.6238,0.3762,18.808,2251,2161,90,1749,0.5075,0.96,1
0.5,tail_heavy,0.95,1,2.0,smart,0.3,5,4000,2.0,1.6204,0.3796,18.982,2258,2170,88,1742,0.499,0.961,1
0.5,tail_heavy,0.95,1,2.0,smart,0.3,6,4000,2.0,1.6169,0.3831,19.157,2266,2186,80,1734,0.5062,0.9647,1
0.5,tail_heavy,0.95,2,0.5,smart,0.3,0,4000,3.0,2.1822,0.8178,27.259,2233,2132,101,1767,0.4908,0.9548,1
0.5,tail_heavy,0.95,2,0.5,smart,0.3,1,4000,3.0,2.1778,0.8222,27.407,2216,2132,84,1784,0.4918,0.9621,1
0.5,tail_heavy,0.95,2,0.5,smart,0.3,2,4000,3.0,2.1626,0.8374,27.914,2250,2169,81,1750,0.5032,0.964,1
0.5,tail_heavy,0.95,2,0.5,smart,0.3,3,4000,3.0,2.1514,0.8486,28.285,2254,2185,69,1746,0.5045,0.9694,1
0.5,tail_heavy,0.95,2,0.5,smart,0.3,4,4000,3.0,2.1665,0.8335,27.782,2236,2167,69,1764,0.5058,0.9691,1
0.5,tail_heavy,0.95,2,0.5,smart,0.3,5,4000,3.0,2.1531,0.8469,28.23,2263,2187,76,1737,0.5052,0.9664,1
0.5,tail_heavy,0.95,2,0.5,smart,0.3,6,4000,3.0,2.1537,0.8463,28.211,2283,2203,80,1717,0.506,0.965,1
0.5,tail_heavy,0.95,2,1.0,smart,0.3,0,4000,3.0,2.1887,0.8113,27.044,2246,2143,103,1754,0.491,0.9541,1
0.5,tail_heavy,0.95,2,1.0,smart,0.3,1,4000,3.0,2.1859,0.8141,27.136,2266,2165,101,1734,0.4918,0.9554,1
0.5,tail_heavy,0.95,2,1.0,smart,0.3,2,4000,3.0,2.165,0.835,27.833,2289,2208,81,1711,0.5112,0.9646,1
0.5,tail_heavy,0.95,2,1.0,smart,0.3,3,4000,3.0,2.1426,0.8574,28.581,2280,2221,59,1720,0.5058,0.9741,1
0.5,tail_heavy,0.95,2,1.0,smart,0.3,4,4000,3.0,2.1712,0.8288,27.625,2254,2171,83,1746,0.51,0.9632,1
0.5,tail_heavy,0.95,2,1.0,smart,0.3,5,4000,3.0,2.1817,0.8183,27.276,2233,2152,81,1767,0.5035,0.9637,1
0.5,tail_heavy,0.95,2,1.0,smart,0.3,6,4000,3.0,2.1689,0.8311,27.705,2266,2175,91,1734,0.5042,0.9598,1
0.5,tail_heavy,0.95,2,2.0,smart,0.3,0,4000,3.0,2.1644,0.8356,27.854,2302,2229,73,1698,0.5085,0.9683,1
0.5,tail_heavy,0.95,2,2.0,smart,0.3,1,4000,3.0,2.2026,0.7974,26.58,2227,2145,82,1773,0.497,0.9632,1
0.5,tail_heavy,0.95,2,2.0,smart,0.3,2,4000,3.0,2.2031,0.7969,26.563,2288,2179,109,1712,0.4993,0.9524,1
0.5,tail_heavy,0.95,2,2.0,smart,0.3,3,4000,3.0,2.2209,0.7791,25.971,2192,2103,89,1808,0.4828,0.9594,1
0.5,tail_heavy,0.95,2,2.0,smart,0.3,4,4000,3.0,2.188,0.812,27.066,2282,2191,91,1718,0.5048,0.9601,1
0.5,tail_heavy,0.95,2,2.0,smart,0.3,5,4000,3.0,2.1917,0.8083,26.945,2275,2188,87,1725,0.5058,0.9618,1
0.5,tail_heavy,0.95,2,2.0,smart,0.3,6,4000,3.0,2.1979,0.8021,26.738,2257,2167,90,1743,0.501,0.9601,1
0.5,tail_heavy,0.95,4,0.5,smart,0.3,0,4000,5.0,3.2887,1.7113,34.225,2291,2209,82,1709,0.5138,0.9642,1
0.5,tail_heavy,0.95,4,0.5,smart,0.3,1,4000,5.0,3.3233,1.6767,33.534,2257,2166,91,1743,0.496,0.9597,1
0.5,tail_heavy,0.95,4,0.5,smart,0.3,2,4000,5.0,3.3384,1.6616,33.231,2234,2145,89,1766,0.493,0.9602,1
0.5,tail_heavy,0.95,4,0.5,smart,0.3,3,4000,5.0,3.3111,1.6889,33.778,2272,2181,91,1728,0.4953,0.9599,1
0.5,tail_heavy,0.95,4,0.5,smart,0.3,4,4000,5.0,3.2576,1.7424,34.847,2328,2238,90,1672,0.5198,0.9613,1
0.5,tail_heavy,0.95,4,0.5,smart,0.3,5,4000,5.0,3.3289,1.6711,33.421,2245,2159,86,1755,0.4915,0.9617,1
0.5,tail_heavy,0.95,4,0.5,smart,0.3,6,4000,5.0,3.3317,1.6683,33.367,2236,2151,85,1764,0.4948,0.962,1
0.5,tail_heavy,0.95,4,1.0,smart,0.3,0,4000,5.0,3.3223,1.6777,33.553,2256,2187,69,1744,0.5012,0.9694,1
0.5,tail_heavy,0.95,4,1.0,smart,0.3,1,4000,5.0,3.3345,1.6655,33.309,2276,2181,95,1724,0.5012,0.9583,1
0.5,tail_heavy,0.95,4,1.0,smart,0.3,2,4000,5.0,3.3438,1.6562,33.124,2254,2164,90,1746,0.493,0.9601,1
0.5,tail_heavy,0.95,4,1.0,smart,0.3,3,4000,5.0,3.3567,1.6433,32.866,2235,2141,94,1765,0.494,0.9579,1
0.5,tail_heavy,0.95,4,1.0,smart,0.3,4,4000,5.0,3.3442,1.6558,33.116,2249,2157,92,1751,0.4988,0.9591,1
0.5,tail_heavy,0.95,4,1.0,smart,0.3,5,4000,5.0,3.3054,1.6946,33.893,2271,2193,78,1729,0.5082,0.9657,1
0.5,tail_heavy,0.95,4,1.0,smart,0.3,6,4000,5.0,3.3427,1.6573,33.146,2256,2157,99,1744,0.4935,0.9561,1
0.5,tail_heavy,0.95,4,2.0,smart,0.3,0,4000,5.0,3.3748,1.6252,32.505,2227,2138,89,1773,0.4913,0.96,1
0.5,tail_heavy,0.95,4,2.0,smart,0.3,1,4000,5.0,3.3571,1.6429,32.857,2256,2164,92,1744,0.5012,0.9592,1
0.5,tail_heavy,0.95,4,2.0,smart,0.3,2,4000,5.0,3.4016,1.5984,31.967,2209,2115,94,1791,0.4888,0.9574,1
0.5,tail_heavy,0.95,4,2.0,smart,0.3,3,4000,5.0,3.3621,1.6379,32.758,2234,2154,80,1766,0.5045,0.9642,1
0.5,tail_heavy,0.95,4,2.0,smart,0.3,4,4000,5.0,3.3727,1.6273,32.546,2228,2146,82,1772,0.4945,0.9632,1
0.5,tail_heavy,0.95,4,2.0,smart,0.3,5,4000,5.0,3.3772,1.6228,32.456,2209,2126,83,1791,0.4943,0.9624,1
0.5,tail_heavy,0.95,4,2.0,smart,0.3,6,4000,5.0,3.3622,1.6378,32.757,2245,2156,89,1755,0.5032,0.9604,1
0.5,tail_heavy,0.95,8,0.5,smart,0.3,0,4000,9.0,5.6854,3.3146,36.829,2226,2129,97,1774,0.4963,0.9564,1
0.5,tail_heavy,0.95,8,0.5,smart,0.3,1,4000,9.0,5.577,3.423,38.033,2285,2203,82,1715,0.5072,0.9641,1
0.5,tail_heavy,0.95,8,0.5,smart,0.3,2,4000,9.0,5.6723,3.3277,36.974,2218,2142,76,1782,0.4965,0.9657,1
0.5,tail_heavy,0.95,8,0.5,smart,0.3,3,4000,9.0,5.5661,3.4339,38.155,2275,2201,74,1725,0.51,0.9675,1
0.5,tail_heavy,0.95,8,0.5,smart,0.3,4,4000,9.0,5.7471,3.2529,36.143,2172,2088,84,1828,0.4893,0.9613,1
0.5,tail_heavy,0.95,8,0.5,smart,0.3,5,4000,9.0,5.5269,3.4731,38.589,2321,2237,84,1679,0.5092,0.9638,1
0.5,tail_heavy,0.95,8,0.5,smart,0.3,6,4000,9.0,5.6448,3.3552,37.28,2272,2169,103,1728,0.5045,0.9547,1
0.5,tail_heavy,0.95,8,1.0,smart,0.3,0,4000,9.0,5.6306,3.3694,37.438,2265,2173,92,1735,0.4988,0.9594,1
0.5,tail_heavy,0.95,8,1.0,smart,0.3,1,4000,9.0,5.6487,3.3513,37.237,2232,2145,87,1768,0.4968,0.961,1
0.5,tail_heavy,0.95,8,1.0,smart,0.3,2,4000,9.0,5.5751,3.4249,38.054,2290,2205,85,1710,0.5082,0.9629,1
0.5,tail_heavy,0.95,8,1.0,smart,0.3,3,4000,9.0,5.6769,3.3231,36.923,2221,2139,82,1779,0.5022,0.9631,1
0.5,tail_heavy,0.95,8,1.0,smart,0.3,4,4000,9.0,5.7321,3.2679,36.31,2207,2122,85,1793,0.4853,0.9615,1
0.5,tail_heavy,0.95,8,1.0,smart,0.3,5,4000,9.0,5.6121,3.3879,37.643,2289,2188,101,1711,0.514,0.9559,1
0.5,tail_heavy,0.95,8,1.0,smart,0.3,6,4000,9.0,5.6808,3.3192,36.88,2224,2140,84,1776,0.4863,0.9622,1
0.5,tail_heavy,0.95,8,2.0,smart,0.3,0,4000,9.0,5.7063,3.2937,36.597,2223,2134,89,1777,0.4953,0.96,1
0.5,tail_heavy,0.95,8,2.0,smart,0.3,1,4000,9.0,5.7838,3.2162,35.735,2193,2103,90,1807,0.4818,0.959,1
0.5,tail_heavy,0.95,8,2.0,smart,0.3,2,4000,9.0,5.663,3.337,37.078,2263,2170,93,1737,0.5022,0.9589,1
0.5,tail_heavy,0.95,8,2.0,smart,0.3,3,4000,9.0,5.6537,3.3463,37.181,2255,2173,82,1745,0.4978,0.9636,1
0.5,tail_heavy,0.95,8,2.0,smart,0.3,4,4000,9.0,5.6558,3.3442,37.158,2267,2171,96,1733,0.5022,0.9577,1
0.5,tail_heavy,0.95,8,2.0,smart,0.3,5,4000,9.0,5.6221,3.3779,37.532,2282,2194,88,1718,0.496,0.9614,1
0.5,tail_heavy,0.95,8,2.0,smart,0.3,6,4000,9.0,5.6982,3.3018,36.686,2229,2144,85,1771,0.4893,0.9619,1
0.5,tail_heavy,1.0,0.25,0.5,smart,0.3,0,4000,1.25,1.136,0.114,9.121,2342,2342,0,1658,0.5145,1.0,1
0.5,tail_heavy,1.0,0.25,0.5,smart,0.3,1,4000,1.25,1.1387,0.1113,8.906,2285,2285,0,1715,0.4913,1.0,1
0.5,tail_heavy,1.0,0.25,0.5,smart,0.3,2,4000,1.25,1.1387,0.1113,8.906,2272,2272,0,1728,0.5042,1.0,1
0.5,tail_heavy,1.0,0.25,0.5,smart,0.3,3,4000,1.25,1.1368,0.1132,9.052,2318,2318,0,1682,0.512,1.0,1
0.5,tail_heavy,1.0,0.25,0.5,smart,0.3,4,4000,1.25,1.1391,0.1109,8.873,2280,2280,0,1720,0.4995,1.0,1
0.5,tail_heavy,1.0,0.25,0.5,smart,0.3,5,4000,1.25,1.1389,0.1111,8.888,2285,2285,0,1715,0.4998,1.0,1
0.5,tail_heavy,1.0,0.25,0.5,smart,0.3,6,4000,1.25,1.1377,0.1123,8.98,2294,2294,0,1706,0.5038,1.0,1
0.5,tail_heavy,1.0,0.25,1.0,smart,0.3,0,4000,1.25,1.1394,0.1106,8.85,2265,2265,0,1735,0.499,1.0,1
0.5,tail_heavy,1.0,0.25,1.0,smart,0.3,1,4000,1.25,1.1374,0.1126,9.01,2309,2309,0,1691,0.5042,1.0,1
0.5,tail_heavy,1.0,0.25,1.0,smart,0.3,2,4000,1.25,1.1373,0.1127,9.016,2312,2312,0,1688,0.5095,1.0,1
0.5,tail_heavy,1.0,0.25,1.0,smart,0.3,3,4000,1.25,1.138,0.112,8.963,2300,2300,0,1700,0.4975,1.0,1
0.5,tail_heavy,1.0,0.25,1.0,smart,0.3,4,4000,1.25,1.1389,0.1111,8.885,2277,2277,0,1723,0.504,1.0,1
0.5,tail_heavy,1.0,0.25,1.0,smart,0.3,5,4000,1.25,1.1372,0.1128,9.024,2320,2320,0,1680,0.508,1.0,1
0.5,tail_heavy,1.0,0.25,1.0,smart,0.3,6,4000,1.25,1.1374,0.1126,9.007,2308,2308,0,1692,0.5008,1.0,1
0.5,tail_heavy,1.0,0.25,2.0,smart,0.3,0,4000,1.25,1.1422,0.1078,8.623,2216,2216,0,1784,0.4813,1.0,1
0.5,tail_heavy,1.0,0.25,2.0,smart,0.3,1,4000,1.25,1.1384,0.1116,8.93,2288,2288,0,1712,0.4968,1.0,1
0.5,tail_heavy,1.0,0.25,2.0,smart,0.3,2,4000,1.25,1.1389,0.1111,8.889,2296,2296,0,1704,0.4983,1.0,1
0.5,tail_heavy,1.0,0.25,2.0,smart,0.3,3,4000,1.25,1.1402,0.1098,8.782,2250,2250,0,1750,0.4928,1.0,1
0.5,tail_heavy,1.0,0.25,2.0,smart,0.3,4,4000,1.25,1.1383,0.1117,8.938,2293,2293,0,1707,0.5008,1.0,1
0.5,tail_heavy,1.0,0.25,2.0,smart,0.3,5,4000,1.25,1.1398,0.1102,8.816,2261,2261,0,1739,0.4965,1.0,1
0.5,tail_heavy,1.0,0.25,2.0,smart,0.3,6,4000,1.25,1.1397,0.1103,8.825,2260,2260,0,1740,0.49,1.0,1
0.5,tail_heavy,1.0,0.5,0.5,smart,0.3,0,4000,1.5,1.283,0.217,14.469,2236,2236,0,1764,0.4918,1.0,1
0.5,tail_heavy,1.0,0.5,0.5,smart,0.3,1,4000,1.5,1.2781,0.2219,14.792,2276,2276,0,1724,0.4998,1.0,1
0.5,tail_heavy,1.0,0.5,0.5,smart,0.3,2,4000,1.5,1.2784,0.2216,14.77,2264,2264,0,1736,0.498,1.0,1
0.5,tail_heavy,1.0,0.5,0.5,smart,0.3,3,4000,1.5,1.2775,0.2225,14.835,2273,2273,0,1727,0.4965,1.0,1
0.5,tail_heavy,1.0,0.5,0.5,smart,0.3,4,4000,1.5,1.2748,0.2252,15.014,2304,2304,0,1696,0.5012,1.0,1
0.5,tail_heavy,1.0,0.5,0.5,smart,0.3,5,4000,1.5,1.2777,0.2223,14.817,2277,2277,0,1723,0.499,1.0,1
0.5,tail_heavy,1.0,0.5,0.5,smart,0.3,6,4000,1.5,1.2754,0.2246,14.976,2307,2307,0,1693,0.495,1.0,1
0.5,tail_heavy,1.0,0.5,1.0,smart,0.3,0,4000,1.5,1.2779,0.2221,14.805,2268,2268,0,1732,0.5042,1.0,1
0.5,tail_heavy,1.0,0.5,1.0,smart,0.3,1,4000,1.5,1.2777,0.2223,14.822,2283,2283,0,1717,0.5018,1.0,1
0.5,tail_heavy,1.0,0.5,1.0,smart,0.3,2,4000,1.5,1.2844,0.2156,14.371,2207,2207,0,1793,0.4933,1.0,1
0.5,tail_heavy,1.0,0.5,1.0,smart,0.3,3,4000,1.5,1.2772,0.2228,14.854,2289,2289,0,1711,0.501,1.0,1
0.5,tail_heavy,1.0,0.5,1.0,smart,0.3,4,4000,1.5,1.2871,0.2129,14.195,2186,2186,0,1814,0.4803,1.0,1
0.5,tail_heavy,1.0,0.5,1.0,smart,0.3,5,4000,1.5,1.2804,0.2196,14.642,2256,2256,0,1744,0.492,1.0,1
0.5,tail_heavy,1.0,0.5,1.0,smart,0.3,6,4000,1.5,1.2717,0.2283,15.223,2355,2355,0,1645,0.5142,1.0,1
0.5,tail_heavy,1.0,0.5,2.0,smart,0.3,0,4000,1.5,1.2762,0.2238,14.922,2296,2296,0,1704,0.5012,1.0,1
0.5,tail_heavy,1.0,0.5,2.0,smart,0.3,1,4000,1.5,1.2795,0.2205,14.697,2251,2251,0,1749,0.4988,1.0,1
0.5,tail_heavy,1.0,0.5,2.0,smart,0.3,2,4000,1.5,1.2817,0.2183,14.554,2244,2244,0,1756,0.4958,1.0,1
0.5,tail_heavy,1.0,0.5,2.0,smart,0.3,3,4000,1.5,1.276,0.224,14.934,2296,2296,0,1704,0.4975,1.0,1
0.5,tail_heavy,1.0,0.5,2.0,smart,0.3,4,4000,1.5,1.278,0.222,14.799,2281,2281,0,1719,0.4945,1.0,1
0.5,tail_heavy,1.0,0.5,2.0,smart,0.3,5,4000,1.5,1.2797,0.2203,14.689,2253,2253,0,1747,0.4905,1.0,1
0.5,tail_heavy,1.0,0.5,2.0,smart,0.3,6,4000,1.5,1.2771,0.2229,14.857,2290,2290,0,1710,0.5025,1.0,1
0.5,tail_heavy,1.0,1,0.5,smart,0.3,0,4000,2.0,1.5573,0.4427,22.136,2287,2287,0,1713,0.4973,1.0,1
0.5,tail_heavy,1.0,1,0.5,smart,0.3,1,4000,2.0,1.5552,0.4448,22.238,2279,2279,0,1721,0.4975,1.0,1
0.5,tail_heavy,1.0,1,0.5,smart,0.3,2,4000,2.0,1.5526,0.4474,22.372,2279,2279,0,1721,0.506,1.0,1
0.5,tail_heavy,1.0,1,0.5,smart,0.3,3,4000,2.0,1.5548,0.4452,22.261,2278,2278,0,1722,0.502,1.0,1
0.5,tail_heavy,1.0,1,0.5,smart,0.3,4,4000,2.0,1.562,0.438,21.902,2259,2259,0,1741,0.481,1.0,1
0.5,tail_heavy,1.0,1,0.5,smart,0.3,5,4000,2.0,1.5546,0.4454,22.268,2281,2281,0,1719,0.5015,1.0,1
0.5,tail_heavy,1.0,1,0.5,smart,0.3,6,4000,2.0,1.5537,0.4463,22.316,2284,2284,0,1716,0.5052,1.0,1
0.5,tail_heavy,1.0,1,1.0,smart,0.3,0,4000,2.0,1.5509,0.4491,22.456,2300,2300,0,1700,0.4998,1.0,1
0.5,tail_heavy,1.0,1,1.0,smart,0.3,1,4000,2.0,1.5569,0.4431,22.155,2264,2264,0,1736,0.4995,1.0,1
0.5,tail_heavy,1.0,1,1.0,smart,0.3,2,4000,2.0,1.5592,0.4408,22.038,2253,2253,0,1747,0.4925,1.0,1
0.5,tail_heavy,1.0,1,1.0,smart,0.3,3,4000,2.0,1.5536,0.4464,22.322,2281,2281,0,1719,0.4953,1.0,1
0.5,tail_heavy,1.0,1,1.0,smart,0.3,4,4000,2.0,1.5449,0.4551,22.755,2340,2340,0,1660,0.5095,1.0,1
0.5,tail_heavy,1.0,1,1.0,smart,0.3,5,4000,2.0,1.5586,0.4414,22.069,2268,2268,0,1732,0.5005,1.0,1
0.5,tail_heavy,1.0,1,1.0,smart,0.3,6,4000,2.0,1.5665,0.4335,21.677,2229,2229,0,1771,0.4853,1.0,1
0.5,tail_heavy,1.0,1,2.0,smart,0.3,0,4000,2.0,1.561,0.439,21.949,2246,2246,0,1754,0.4918,1.0,1
0.5,tail_heavy,1.0,1,2.0,smart,0.3,1,4000,2.0,1.5545,0.4455,22.276,2289,2289,0,1711,0.4968,1.0,1
0.5,tail_heavy,1.0,1,2.0,smart,0.3,2,4000,2.0,1.5512,0.4488,22.44,2300,2300,0,1700,0.4968,1.0,1
0.5,tail_heavy,1.0,1,2.0,smart,0.3,3,4000,2.0,1.5466,0.4534,22.671,2332,2332,0,1668,0.5012,1.0,1
0.5,tail_heavy,1.0,1,2.0,smart,0.3,4,4000,2.0,1.5498,0.4502,22.511,2298,2298,0,1702,0.5068,1.0,1
0.5,tail_heavy,1.0,1,2.0,smart,0.3,5,4000,2.0,1.5622,0.4378,21.892,2249,2249,0,1751,0.494,1.0,1
0.5,tail_heavy,1.0,1,2.0,smart,0.3,6,4000,2.0,1.5526,0.4474,22.369,2293,2293,0,1707,0.5018,1.0,1
0.5,tail_heavy,1.0,2,0.5,smart,0.3,0,4000,3.0,2.1177,0.8823,29.409,2260,2260,0,1740,0.4978,1.0,1
0.5,tail_heavy,1.0,2,0.5,smart,0.3,1,4000,3.0,2.1418,0.8582,28.607,2205,2205,0,1795,0.4843,1.0,1
0.5,tail_heavy,1.0,2,0.5,smart,0.3,2,4000,3.0,2.0964,0.9036,30.121,2304,2304,0,1696,0.5088,1.0,1
0.5,tail_heavy,1.0,2,0.5,smart,0.3,3,4000,3.0,2.1104,0.8896,29.655,2279,2279,0,1721,0.5032,1.0,1
0.5,tail_heavy,1.0,2,0.5,smart,0.3,4,4000,3.0,2.0946,0.9054,30.18,2321,2321,0,1679,0.5048,1.0,1
0.5,tail_heavy,1.0,2,0.5,smart,0.3,5,4000,3.0,2.1244,0.8756,29.188,2249,2249,0,1751,0.491,1.0,1
0.5,tail_heavy,1.0,2,0.5,smart,0.3,6,4000,3.0,2.1297,0.8703,29.01,2222,2222,0,1778,0.495,1.0,1
0.5,tail_heavy,1.0,2,1.0,smart,0.3,0,4000,3.0,2.1076,0.8924,29.747,2277,2277,0,1723,0.5025,1.0,1
0.5,tail_heavy,1.0,2,1.0,smart,0.3,1,4000,3.0,2.0831,0.9169,30.563,2356,2356,0,1644,0.5155,1.0,1
0.5,tail_heavy,1.0,2,1.0,smart,0.3,2,4000,3.0,2.0698,0.9302,31.006,2388,2388,0,1612,0.5242,1.0,1
0.5,tail_heavy,1.0,2,1.0,smart,0.3,3,4000,3.0,2.1003,0.8997,29.989,2294,2294,0,1706,0.5012,1.0,1
0.5,tail_heavy,1.0,2,1.0,smart,0.3,4,4000,3.0,2.1141,0.8859,29.53,2277,2277,0,1723,0.5048,1.0,1
0.5,tail_heavy,1.0,2,1.0,smart,0.3,5,4000,3.0,2.0893,0.9107,30.357,2342,2342,0,1658,0.5115,1.0,1
0.5,tail_heavy,1.0,2,1.0,smart,0.3,6,4000,3.0,2.1175,0.8825,29.417,2249,2249,0,1751,0.4945,1.0,1
0.5,tail_heavy,1.0,2,2.0,smart,0.3,0,4000,3.0,2.1076,0.8924,29.746,2298,2298,0,1702,0.5122,1.0,1
0.5,tail_heavy,1.0,2,2.0,smart,0.3,1,4000,3.0,2.0932,0.9068,30.227,2331,2331,0,1669,0.5148,1.0,1
0.5,tail_heavy,1.0,2,2.0,smart,0.3,2,4000,3.0,2.1159,0.8841,29.469,2277,2277,0,1723,0.4998,1.0,1
0.5,tail_heavy,1.0,2,2.0,smart,0.3,3,4000,3.0,2.1132,0.8868,29.56,2281,2281,0,1719,0.497,1.0,1
0.5,tail_heavy,1.0,2,2.0,smart,0.3,4,4000,3.0,2.0822,0.9178,30.595,2358,2358,0,1642,0.5205,1.0,1
0.5,tail_heavy,1.0,2,2.0,smart,0.3,5,4000,3.0,2.0992,0.9008,30.026,2314,2314,0,1686,0.512,1.0,1
0.5,tail_heavy,1.0,2,2.0,smart,0.3,6,4000,3.0,2.1016,0.8984,29.946,2300,2300,0,1700,0.506,1.0,1
0.5,tail_heavy,1.0,4,0.5,smart,0.3,0,4000,5.0,3.2392,1.7608,35.216,2258,2258,0,1742,0.4873,1.0,1
0.5,tail_heavy,1.0,4,0.5,smart,0.3,1,4000,5.0,3.2451,1.7549,35.097,2249,2249,0,1751,0.4993,1.0,1
0.5,tail_heavy,1.0,4,0.5,smart,0.3,2,4000,5.0,3.1969,1.8031,36.062,2304,2304,0,1696,0.5062,1.0,1
0.5,tail_heavy,1.0,4,0.5,smart,0.3,3,4000,5.0,3.2428,1.7572,35.145,2263,2263,0,1737,0.5022,1.0,1
0.5,tail_heavy,1.0,4,0.5,smart,0.3,4,4000,5.0,3.1973,1.8027,36.053,2306,2306,0,1694,0.5,1.0,1
0.5,tail_heavy,1.0,4,0.5,smart,0.3,5,4000,5.0,3.2554,1.7446,34.892,2235,2235,0,1765,0.4878,1.0,1
0.5,tail_heavy,1.0,4,0.5,smart,0.3,6,4000,5.0,3.2466,1.7534,35.068,2262,2262,0,1738,0.4973,1.0,1
0.5,tail_heavy,1.0,4,1.0,smart,0.3,0,4000,5.0,3.2203,1.7797,35.594,2291,2291,0,1709,0.5022,1.0,1
0.5,tail_heavy,1.0,4,1.0,smart,0.3,1,4000,5.0,3.1616,1.8384,36.768,2365,2365,0,1635,0.5125,1.0,1
0.5,tail_heavy,1.0,4,1.0,smart,0.3,2,4000,5.0,3.2426,1.7574,35.147,2248,2248,0,1752,0.4958,1.0,1
0.5,tail_heavy,1.0,4,1.0,smart,0.3,3,4000,5.0,3.221,1.779,35.579,2265,2265,0,1735,0.5048,1.0,1
0.5,tail_heavy,1.0,4,1.0,smart,0.3,4,4000,5.0,3.2065,1.7935,35.87,2310,2310,0,1690,0.503,1.0,1
0.5,tail_heavy,1.0,4,1.0,smart,0.3,5,4000,5.0,3.1999,1.8001,36.002,2306,2306,0,1694,0.5078,1.0,1
0.5,tail_heavy,1.0,4,1.0,smart,0.3,6,4000,5.0,3.2258,1.7742,35.483,2271,2271,0,1729,0.502,1.0,1
0.5,tail_heavy,1.0,4,2.0,smart,0.3,0,4000,5.0,3.2296,1.7704,35.408,2253,2253,0,1747,0.493,1.0,1
0.5,tail_heavy,1.0,4,2.0,smart,0.3,1,4000,5.0,3.1956,1.8044,36.088,2318,2318,0,1682,0.5072,1.0,1
0.5,tail_heavy,1.0,4,2.0,smart,0.3,2,4000,5.0,3.2016,1.7984,35.968,2312,2312,0,1688,0.509,1.0,1
0.5,tail_heavy,1.0,4,2.0,smart,0.3,3,4000,5.0,3.2161,1.7839,35.678,2277,2277,0,1723,0.5038,1.0,1
0.5,tail_heavy,1.0,4,2.0,smart,0.3,4,4000,5.0,3.2601,1.7399,34.798,2231,2231,0,1769,0.487,1.0,1
0.5,tail_heavy,1.0,4,2.0,smart,0.3,5,4000,5.0,3.2705,1.7295,34.59,2209,2209,0,1791,0.4915,1.0,1
0.5,tail_heavy,1.0,4,2.0,smart,0.3,6,4000,5.0,3.2446,1.7554,35.108,2259,2259,0,1741,0.4968,1.0,1
0.5,tail_heavy,1.0,8,0.5,smart,0.3,0,4000,9.0,5.5229,3.4771,38.635,2236,2236,0,1764,0.488,1.0,1
0.5,tail_heavy,1.0,8,0.5,smart,0.3,1,4000,9.0,5.4467,3.5533,39.481,2286,2286,0,1714,0.5048,1.0,1
0.5,tail_heavy,1.0,8,0.5,smart,0.3,2,4000,9.0,5.3929,3.6071,40.079,2305,2305,0,1695,0.501,1.0,1
0.5,tail_heavy,1.0,8,0.5,smart,0.3,3,4000,9.0,5.4027,3.5973,39.97,2298,2298,0,1702,0.4968,1.0,1
0.5,tail_heavy,1.0,8,0.5,smart,0.3,4,4000,9.0,5.4974,3.5026,38.918,2244,2244,0,1756,0.4843,1.0,1
0.5,tail_heavy,1.0,8,0.5,smart,0.3,5,4000,9.0,5.4023,3.5977,39.974,2295,2295,0,1705,0.5028,1.0,1
0.5,tail_heavy,1.0,8,0.5,smart,0.3,6,4000,9.0,5.4082,3.5918,39.908,2312,2312,0,1688,0.5092,1.0,1
0.5,tail_heavy,1.0,8,1.0,smart,0.3,0,4000,9.0,5.3763,3.6237,40.263,2309,2309,0,1691,0.503,1.0,1
0.5,tail_heavy,1.0,8,1.0,smart,0.3,1,4000,9.0,5.4241,3.5759,39.733,2293,2293,0,1707,0.4993,1.0,1
0.5,tail_heavy,1.0,8,1.0,smart,0.3,2,4000,9.0,5.5086,3.4914,38.793,2244,2244,0,1756,0.485,1.0,1
0.5,tail_heavy,1.0,8,1.0,smart,0.3,3,4000,9.0,5.3952,3.6048,40.054,2315,2315,0,1685,0.4945,1.0,1
0.5,tail_heavy,1.0,8,1.0,smart,0.3,4,4000,9.0,5.4996,3.5004,38.893,2244,2244,0,1756,0.4895,1.0,1
0.5,tail_heavy,1.0,8,1.0,smart,0.3,5,4000,9.0,5.5443,3.4557,38.396,2206,2206,0,1794,0.4843,1.0,1
0.5,tail_heavy,1.0,8,1.0,smart,0.3,6,4000,9.0,5.4268,3.5732,39.702,2298,2298,0,1702,0.496,1.0,1
0.5,tail_heavy,1.0,8,2.0,smart,0.3,0,4000,9.0,5.4261,3.5739,39.71,2285,2285,0,1715,0.5005,1.0,1
0.5,tail_heavy,1.0,8,2.0,smart,0.3,1,4000,9.0,5.4758,3.5242,39.158,2262,2262,0,1738,0.5015,1.0,1
0.5,tail_heavy,1.0,8,2.0,smart,0.3,2,4000,9.0,5.4855,3.5145,39.05,2250,2250,0,1750,0.492,1.0,1
0.5,tail_heavy,1.0,8,2.0,smart,0.3,3,4000,9.0,5.4352,3.5648,39.609,2282,2282,0,1718,0.4945,1.0,1
0.5,tail_heavy,1.0,8,2.0,smart,0.3,4,4000,9.0,5.4399,3.5601,39.556,2285,2285,0,1715,0.5,1.0,1
0.5,tail_heavy,1.0,8,2.0,smart,0.3,5,4000,9.0,5.3098,3.6902,41.002,2367,2367,0,1633,0.516,1.0,1
0.5,tail_heavy,1.0,8,2.0,smart,0.3,6,4000,9.0,5.342,3.658,40.644,2363,2363,0,1637,0.5075,1.0,1
0.7,uniform_heavy,0.5,0.25,0.5,smart,0.3,0,4000,1.25,1.2278,0.0222,1.778,2014,1574,440,1986,0.6873,0.7815,1
0.7,uniform_heavy,0.5,0.25,0.5,smart,0.3,1,4000,1.25,1.2276,0.0224,1.795,1984,1557,427,2016,0.693,0.7848,1
0.7,uniform_heavy,0.5,0.25,0.5,smart,0.3,2,4000,1.25,1.2288,0.0212,1.696,1967,1535,432,2033,0.7057,0.7804,1
0.7,uniform_heavy,0.5,0.25,0.5,smart,0.3,3,4000,1.25,1.2263,0.0237,1.897,2000,1573,427,2000,0.699,0.7865,1
0.7,uniform_heavy,0.5,0.25,0.5,smart,0.3,4,4000,1.25,1.2285,0.0215,1.722,2040,1590,450,1960,0.6943,0.7794,1
0.7,uniform_heavy,0.5,0.25,0.5,smart,0.3,5,4000,1.25,1.2279,0.0221,1.767,1953,1532,421,2047,0.6947,0.7844,1
0.7,uniform_heavy,0.5,0.25,0.5,smart,0.3,6,4000,1.25,1.2294,0.0206,1.646,2022,1571,451,1978,0.694,0.777,1
0.7,uniform_heavy,0.5,0.25,1.0,smart,0.3,0,4000,1.25,1.2895,-0.0395,-3.158,1987,1529,458,2013,0.6847,0.7695,0
0.7,uniform_heavy,0.5,0.25,1.0,smart,0.3,1,4000,1.25,1.2872,-0.0372,-2.977,1947,1504,443,2053,0.691,0.7725,0
0.7,uniform_heavy,0.5,0.25,1.0,smart,0.3,2,4000,1.25,1.2894,-0.0394,-3.154,1937,1489,448,2063,0.691,0.7687,0
0.7,uniform_heavy,0.5,0.25,1.0,smart,0.3,3,4000,1.25,1.2854,-0.0354,-2.831,1968,1528,440,2032,0.6927,0.7764,0
0.7,uniform_heavy,0.5,0.25,1.0,smart,0.3,4,4000,1.25,1.2805,-0.0305,-2.443,2037,1601,436,1963,0.7027,0.786,0
0.7,uniform_heavy,0.5,0.25,1.0,smart,0.3,5,4000,1.25,1.2821,-0.0321,-2.569,2023,1583,440,1977,0.7023,0.7825,0
0.7,uniform_heavy,0.5,0.25,1.0,smart,0.3,6,4000,1.25,1.2806,-0.0306,-2.448,1991,1563,428,2009,0.7013,0.785,0
0.7,uniform_heavy,0.5,0.25,2.0,smart,0.3,0,4000,1.25,1.3695,-0.1195,-9.559,1999,1603,396,2001,0.7173,0.8019,0
0.7,uniform_heavy,0.5,0.25,2.0,smart,0.3,1,4000,1.25,1.389,-0.139,-11.123,2005,1573,432,1995,0.6863,0.7845,0
0.7,uniform_heavy,0.5,0.25,2.0,smart,0.3,2,4000,1.25,1.3964,-0.1464,-11.712,2017,1569,448,1983,0.6975,0.7779,0
0.7,uniform_heavy,0.5,0.25,2.0,smart,0.3,3,4000,1.25,1.4063,-0.1563,-12.504,2054,1586,468,1946,0.6985,0.7722,0
0.7,uniform_heavy,0.5,0.25,2.0,smart,0.3,4,4000,1.25,1.3856,-0.1356,-10.846,1955,1533,422,2045,0.7045,0.7841,0
0.7,uniform_heavy,0.5,0.25,2.0,smart,0.3,5,4000,1.25,1.3838,-0.1338,-10.704,1969,1550,419,2031,0.7083,0.7872,0
0.7,uniform_heavy,0.5,0.25,2.0,smart,0.3,6,4000,1.25,1.4204,-0.1704,-13.63,2030,1538,492,1970,0.677,0.7576,0
0.7,uniform_heavy,0.5,0.5,0.5,smart,0.3,0,4000,1.5,1.3964,0.1036,6.909,2024,1602,422,1976,0.7155,0.7915,1
0.7,uniform_heavy,0.5,0.5,0.5,smart,0.3,1,4000,1.5,1.3899,0.1101,7.342,2018,1628,390,1982,0.7117,0.8067,1
0.7,uniform_heavy,0.5,0.5,0.5,smart,0.3,2,4000,1.5,1.3928,0.1072,7.146,2061,1638,423,1939,0.71,0.7948,1
0.7,uniform_heavy,0.5,0.5,0.5,smart,0.3,3,4000,1.5,1.3999,0.1001,6.676,1996,1567,429,2004,0.7153,0.7851,1
0.7,uniform_heavy,0.5,0.5,0.5,smart,0.3,4,4000,1.5,1.3977,0.1023,6.818,2034,1601,433,1966,0.7003,0.7871,1
0.7,uniform_heavy,0.5,0.5,0.5,smart,0.3,5,4000,1.5,1.4011,0.0989,6.594,1991,1558,433,2009,0.697,0.7825,1
0.7,uniform_heavy,0.5,0.5,0.5,smart,0.3,6,4000,1.5,1.3971,0.1029,6.857,1997,1580,417,2003,0.708,0.7912,1
0.7,uniform_heavy,0.5,0.5,1.0,smart,0.3,0,4000,1.5,1.459,0.041,2.736,2023,1574,449,1977,0.7113,0.7781,1
0.7,uniform_heavy,0.5,0.5,1.0,smart,0.3,1,4000,1.5,1.4571,0.0429,2.86,1978,1541,437,2022,0.7015,0.7791,1
0.7,uniform_heavy,0.5,0.5,1.0,smart,0.3,2,4000,1.5,1.4503,0.0497,3.316,2025,1596,429,1975,0.698,0.7881,1
0.7,uniform_heavy,0.5,0.5,1.0,smart,0.3,3,4000,1.5,1.4505,0.0495,3.303,1993,1572,421,2007,0.7105,0.7888,1
0.7,uniform_heavy,0.5,0.5,1.0,smart,0.3,4,4000,1.5,1.4556,0.0444,2.963,1975,1546,429,2025,0.7025,0.7828,1
0.7,uniform_heavy,0.5,0.5,1.0,smart,0.3,5,4000,1.5,1.4453,0.0547,3.644,1987,1582,405,2013,0.7025,0.7962,1
0.7,uniform_heavy,0.5,0.5,1.0,smart,0.3,6,4000,1.5,1.4573,0.0427,2.849,2017,1572,445,1983,0.7073,0.7794,1
0.7,uniform_heavy,0.5,0.5,2.0,smart,0.3,0,4000,1.5,1.5545,-0.0545,-3.631,2024,1601,423,1976,0.7015,0.791,0
0.7,uniform_heavy,0.5,0.5,2.0,smart,0.3,1,4000,1.5,1.568,-0.068,-4.53,2023,1577,446,1977,0.6935,0.7795,0
0.7,uniform_heavy,0.5,0.5,2.0,smart,0.3,2,4000,1.5,1.5619,-0.0619,-4.125,1965,1540,425,2035,0.7005,0.7837,0
0.7,uniform_heavy,0.5,0.5,2.0,smart,0.3,3,4000,1.5,1.5665,-0.0665,-4.431,1954,1523,431,2046,0.6955,0.7794,0
0.7,uniform_heavy,0.5,0.5,2.0,smart,0.3,4,4000,1.5,1.5728,-0.0728,-4.852,2013,1561,452,1987,0.7007,0.7755,0
0.7,uniform_heavy,0.5,0.5,2.0,smart,0.3,5,4000,1.5,1.5397,-0.0397,-2.647,1966,1577,389,2034,0.6953,0.8021,0
0.7,uniform_heavy,0.5,0.5,2.0,smart,0.3,6,4000,1.5,1.547,-0.047,-3.131,1997,1591,406,2003,0.7017,0.7967,0
0.7,uniform_heavy,0.5,1,0.5,smart,0.3,0,4000,2.0,1.7452,0.2548,12.738,1971,1565,406,2029,0.6907,0.794,1
0.7,uniform_heavy,0.5,1,0.5,smart,0.3,1,4000,2.0,1.7403,0.2597,12.983,1965,1573,392,2035,0.705,0.8005,1
0.7,uniform_heavy,0.5,1,0.5,smart,0.3,2,4000,2.0,1.752,0.248,12.4,2011,1559,452,1989,0.6903,0.7752,1
0.7,uniform_heavy,0.5,1,0.5,smart,0.3,3,4000,2.0,1.7499,0.2501,12.503,2012,1563,449,1988,0.692,0.7768,1
0.7,uniform_heavy,0.5,1,0.5,smart,0.3,4,4000,2.0,1.7415,0.2585,12.924,2043,1600,443,1957,0.693,0.7832,1
0.7,uniform_heavy,0.5,1,0.5,smart,0.3,5,4000,2.0,1.7427,0.2573,12.867,2030,1596,434,1970,0.7075,0.7862,1
0.7,uniform_heavy,0.5,1,0.5,smart,0.3,6,4000,2.0,1.749,0.251,12.548,1997,1563,434,2003,0.7057,0.7827,1
0.7,uniform_heavy,0.5,1,1.0,smart,0.3,0,4000,2.0,1.8022,0.1978,9.89,2008,1569,439,1992,0.7005,0.7814,1
0.7,uniform_heavy,0.5,1,1.0,smart,0.3,1,4000,2.0,1.7986,0.2014,10.072,1992,1568,424,2008,0.687,0.7871,1
0.7,uniform_heavy,0.5,1,1.0,smart,0.3,2,4000,2.0,1.7845,0.2155,10.775,1979,1592,387,2021,0.7013,0.8044,1
0.7,uniform_heavy,0.5,1,1.0,smart,0.3,3,4000,2.0,1.8021,0.1979,9.897,1988,1555,433,2012,0.706,0.7822,1
0.7,uniform_heavy,0.5,1,1.0,smart,0.3,4,4000,2.0,1.8133,0.1867,9.336,2002,1542,460,1998,0.6847,0.7702,1
0.7,uniform_heavy,0.5,1,1.0,smart,0.3,5,4000,2.0,1.7823,0.2177,10.884,2028,1630,398,1972,0.7153,0.8037,1
0.7,uniform_heavy,0.5,1,1.0,smart,0.3,6,4000,2.0,1.8143,0.1857,9.285,1960,1515,445,2040,0.686,0.773,1
0.7,uniform_heavy,0.5,1,2.0,smart,0.3,0,4000,2.0,1.9111,0.0889,4.446,1993,1555,438,2007,0.6955,0.7802,1
0.7,uniform_heavy,0.5,1,2.0,smart,0.3,1,4000,2.0,1.9253,0.0747,3.736,2029,1567,462,1971,0.7023,0.7723,1
0.7,uniform_heavy,0.5,1,2.0,smart,0.3,2,4000,2.0,1.8999,0.1001,5.006,1968,1557,411,2032,0.7177,0.7912,1
0.7,uniform_heavy,0.5,1,2.0,smart,0.3,3,4000,2.0,1.9134,0.0866,4.328,2030,1580,450,1970,0.7017,0.7783,1
0.7,uniform_heavy,0.5,1,2.0,smart,0.3,4,4000,2.0,1.9052,0.0948,4.739,2018,1588,430,1982,0.7135,0.7869,1
0.7,uniform_heavy,0.5,1,2.0,smart,0.3,5,4000,2.0,1.9166,0.0834,4.172,2027,1578,449,1973,0.7017,0.7785,1
0.7,uniform_heavy,0.5,1,2.0,smart,0.3,6,4000,2.0,1.9308,0.0692,3.46,2035,1561,474,1965,0.6977,0.7671,1
0.7,uniform_heavy,0.5,2,0.5,smart,0.3,0,4000,3.0,2.4244,0.5756,19.188,2055,1605,450,1945,0.6907,0.781,1
0.7,uniform_heavy,0.5,2,0.5,smart,0.3,1,4000,3.0,2.4399,0.5601,18.67,2030,1572,458,1970,0.6897,0.7744,1
0.7,uniform_heavy,0.5,2,0.5,smart,0.3,2,4000,3.0,2.4557,0.5443,18.144,1919,1521,398,2081,0.71,0.7926,1
0.7,uniform_heavy,0.5,2,0.5,smart,0.3,3,4000,3.0,2.4373,0.5627,18.758,1996,1570,426,2004,0.7107,0.7866,1
0.7,uniform_heavy,0.5,2,0.5,smart,0.3,4,4000,3.0,2.4246,0.5754,19.18,2065,1610,455,1935,0.6923,0.7797,1
0.7,uniform_heavy,0.5,2,0.5,smart,0.3,5,4000,3.0,2.4191,0.5809,19.364,2036,1619,417,1964,0.6997,0.7952,1
0.7,uniform_heavy,0.5,2,0.5,smart,0.3,6,4000,3.0,2.458,0.542,18.068,1953,1522,431,2047,0.699,0.7793,1
0.7,uniform_heavy,0.5,2,1.0,smart,0.3,0,4000,3.0,2.4946,0.5054,16.846,2021,1575,446,1979,0.7085,0.7793,1
0.7,uniform_heavy,0.5,2,1.0,smart,0.3,1,4000,3.0,2.5061,0.4939,16.464,1950,1527,423,2050,0.7017,0.7831,1
0.7,uniform_heavy,0.5,2,1.0,smart,0.3,2,4000,3.0,2.5097,0.4903,16.344,1976,1543,433,2024,0.6857,0.7809,1
0.7,uniform_heavy,0.5,2,1.0,smart,0.3,3,4000,3.0,2.498,0.502,16.734,2051,1581,470,1949,0.6993,0.7708,1
0.7,uniform_heavy,0.5,2,1.0,smart,0.3,4,4000,3.0,2.4949,0.5051,16.836,1987,1567,420,2013,0.7085,0.7886,1
0.7,uniform_heavy,0.5,2,1.0,smart,0.3,5,4000,3.0,2.49,0.51,16.999,1994,1570,424,2006,0.7045,0.7874,1
0.7,uniform_heavy,0.5,2,1.0,smart,0.3,6,4000,3.0,2.5111,0.4889,16.297,1963,1519,444,2037,0.7035,0.7738,1
0.7,uniform_heavy,0.5,2,2.0,smart,0.3,0,4000,3.0,2.6189,0.3811,12.704,1951,1523,428,2049,0.6953,0.7806,1
0.7,uniform_heavy,0.5,2,2.0,smart,0.3,1,4000,3.0,2.6265,0.3735,12.451,2037,1558,479,1963,0.694,0.7649,1
0.7,uniform_heavy,0.5,2,2.0,smart,0.3,2,4000,3.0,2.6055,0.3945,13.151,2005,1563,442,1995,0.7165,0.7796,1
0.7,uniform_heavy,0.5,2,2.0,smart,0.3,3,4000,3.0,2.615,0.385,12.833,2011,1556,455,1989,0.6933,0.7737,1
0.7,uniform_heavy,0.5,2,2.0,smart,0.3,4,4000,3.0,2.6101,0.3899,12.996,2029,1570,459,1971,0.6863,0.7738,1
0.7,uniform_heavy,0.5,2,2.0,smart,0.3,5,4000,3.0,2.6321,0.3679,12.264,1910,1484,426,2090,0.6935,0.777,1
0.7,uniform_heavy,0.5,2,2.0,smart,0.3,6,4000,3.0,2.5753,0.4247,14.155,2013,1601,412,1987,0.7095,0.7953,1
0.7,uniform_heavy,0.5,4,0.5,smart,0.3,0,4000,5.0,3.8689,1.1311,22.623,1986,1534,452,2014,0.6967,0.7724,1
0.7,uniform_heavy,0.5,4,0.5,smart,0.3,1,4000,5.0,3.838,1.162,23.24,2013,1561,452,1987,0.6953,0.7755,1
0.7,uniform_heavy,0.5,4,0.5,smart,0.3,2,4000,5.0,3.8075,1.1925,23.85,2067,1597,470,1933,0.6973,0.7726,1
0.7,uniform_heavy,0.5,4,0.5,smart,0.3,3,4000,5.0,3.8158,1.1842,23.685,2035,1579,456,1965,0.7027,0.7759,1
0.7,uniform_heavy,0.5,4,0.5,smart,0.3,4,4000,5.0,3.828,1.172,23.44,1997,1555,442,2003,0.705,0.7787,1
0.7,uniform_heavy,0.5,4,0.5,smart,0.3,5,4000,5.0,3.8276,1.1724,23.448,1999,1560,439,2001,0.7063,0.7804,1
0.7,uniform_heavy,0.5,4,0.5,smart,0.3,6,4000,5.0,3.8493,1.1507,23.015,1970,1535,435,2030,0.6967,0.7792,1
0.7,uniform_heavy,0.5,4,1.0,smart,0.3,0,4000,5.0,3.8815,1.1185,22.369,1964,1554,410,2036,0.701,0.7912,1
0.7,uniform_heavy,0.5,4,1.0,smart,0.3,1,4000,5.0,3.93,1.07,21.401,1965,1512,453,2035,0.6923,0.7695,1
0.7,uniform_heavy,0.5,4,1.0,smart,0.3,2,4000,5.0,3.892,1.108,22.16,1962,1551,411,2038,0.7127,0.7905,1
0.7,uniform_heavy,0.5,4,1.0,smart,0.3,3,4000,5.0,3.8651,1.1349,22.698,2042,1592,450,1958,0.7053,0.7796,1
0.7,uniform_heavy,0.5,4,1.0,smart,0.3,4,4000,5.0,3.8248,1.1752,23.505,2092,1640,452,1908,0.6993,0.7839,1
0.7,uniform_heavy,0.5,4,1.0,smart,0.3,5,4000,5.0,3.9045,1.0955,21.911,1994,1540,454,2006,0.694,0.7723,1
0.7,uniform_heavy,0.5,4,1.0,smart,0.3,6,4000,5.0,3.886,1.114,22.281,1967,1554,413,2033,0.7033,0.79,1
0.7,uniform_heavy,0.5,4,2.0,smart,0.3,0,4000,5.0,4.0042,0.9958,19.917,1984,1541,443,2016,0.6927,0.7767,1
0.7,uniform_heavy,0.5,4,2.0,smart,0.3,1,4000,5.0,3.979,1.021,20.42,2008,1574,434,1992,0.7117,0.7839,1
0.7,uniform_heavy,0.5,4,2.0,smart,0.3,2,4000,5.0,3.9978,1.0022,20.044,1990,1556,434,2010,0.7003,0.7819,1
0.7,uniform_heavy,0.5,4,2.0,smart,0.3,3,4000,5.0,3.9943,1.0057,20.114,2029,1579,450,1971,0.6907,0.7782,1
0.7,uniform_heavy,0.5,4,2.0,smart,0.3,4,4000,5.0,3.998,1.002,20.039,1983,1554,429,2017,0.701,0.7837,1
0.7,uniform_heavy,0.5,4,2.0,smart,0.3,5,4000,5.0,3.9912,1.0088,20.177,1993,1569,424,2007,0.705,0.7873,1
0.7,uniform_heavy,0.5,4,2.0,smart,0.3,6,4000,5.0,3.9605,1.0395,20.789,1993,1579,414,2007,0.6947,0.7923,1
0.7,uniform_heavy,0.5,8,0.5,smart,0.3,0,4000,9.0,6.6045,2.3955,26.616,1995,1563,432,2005,0.6995,0.7835,1
0.7,uniform_heavy,0.5,8,0.5,smart,0.3,1,4000,9.0,6.5716,2.4284,26.982,2004,1581,423,1996,0.7023,0.7889,1
0.7,uniform_heavy,0.5,8,0.5,smart,0.3,2,4000,9.0,6.526,2.474,27.489,2048,1619,429,1952,0.6983,0.7905,1
0.7,uniform_heavy,0.5,8,0.5,smart,0.3,3,4000,9.0,6.584,2.416,26.844,2030,1582,448,1970,0.6965,0.7793,1
0.7,uniform_heavy,0.5,8,0.5,smart,0.3,4,4000,9.0,6.6222,2.3778,26.42,1985,1556,429,2015,0.709,0.7839,1
0.7,uniform_heavy,0.5,8,0.5,smart,0.3,5,4000,9.0,6.5675,2.4325,27.028,1990,1573,417,2010,0.7013,0.7905,1
0.7,uniform_heavy,0.5,8,0.5,smart,0.3,6,4000,9.0,6.5996,2.4004,26.671,2032,1573,459,1968,0.6995,0.7741,1
0.7,uniform_heavy,0.5,8,1.0,smart,0.3,0,4000,9.0,6.7424,2.2576,25.084,1945,1504,441,2055,0.688,0.7733,1
0.7,uniform_heavy,0.5,8,1.0,smart,0.3,1,4000,9.0,6.7,2.3,25.555,1939,1537,402,2061,0.7083,0.7927,1
0.7,uniform_heavy,0.5,8,1.0,smart,0.3,2,4000,9.0,6.6523,2.3477,26.085,2003,1569,434,1997,0.685,0.7833,1
0.7,uniform_heavy,0.5,8,1.0,smart,0.3,3,4000,9.0,6.7222,2.2778,25.309,1972,1529,443,2028,0.6953,0.7754,1
0.7,uniform_heavy,0.5,8,1.0,smart,0.3,4,4000,9.0,6.6123,2.3877,26.53,2014,1590,424,1986,0.7183,0.7895,1
0.7,uniform_heavy,0.5,8,1.0,smart,0.3,5,4000,9.0,6.5733,2.4267,26.963,1987,1601,386,2013,0.708,0.8057,1
0.7,uniform_heavy,0.5,8,1.0,smart,0.3,6,4000,9.0,6.5894,2.4106,26.784,2005,1609,396,1995,0.7133,0.8025,1
0.7,uniform_heavy,0.5,8,2.0,smart,0.3,0,4000,9.0,6.7893,2.2107,24.563,1981,1550,431,2019,0.7117,0.7824,1
0.7,uniform_heavy,0.5,8,2.0,smart,0.3,1,4000,9.0,6.7555,2.2445,24.939,1997,1571,426,2003,0.706,0.7867,1
0.7,uniform_heavy,0.5,8,2.0,smart,0.3,2,4000,9.0,6.7624,2.2376,24.862,2014,1571,443,1986,0.7033,0.78,1
0.7,uniform_heavy,0.5,8,2.0,smart,0.3,3,4000,9.0,6.7299,2.2701,25.223,2024,1585,439,1976,0.707,0.7831,1
0.7,uniform_heavy,0.5,8,2.0,smart,0.3,4,4000,9.0,6.82,2.18,24.222,1953,1535,418,2047,0.7033,0.786,1
0.7,uniform_heavy,0.5,8,2.0,smart,0.3,5,4000,9.0,6.7078,2.2922,25.469,2033,1608,425,1967,0.6855,0.7909,1
0.7,uniform_heavy,0.5,8,2.0,smart,0.3,6,4000,9.0,6.7901,2.2099,24.555,1973,1542,431,2027,0.7025,0.7816,1
0.7,uniform_heavy,0.6,0.25,0.5,smart,0.3,0,4000,1.25,1.1989,0.0511,4.086,2246,1909,337,1754,0.7053,0.85,1
0.7,uniform_heavy,0.6,0.25,0.5,smart,0.3,1,4000,1.25,1.1974,0.0526,4.209,2253,1920,333,1747,0.6987,0.8522,1
0.7,uniform_heavy,0.6,0.25,0.5,smart,0.3,2,4000,1.25,1.207,0.043,3.441,2180,1813,367,1820,0.684,0.8317,1
0.7,uniform_heavy,0.6,0.25,0.5,smart,0.3,3,4000,1.25,1.202,0.048,3.837,2221,1871,350,1779,0.7017,0.8424,1
0.7,uniform_heavy,0.6,0.25,0.5,smart,0.3,4,4000,1.25,1.1957,0.0543,4.344,2228,1913,315,1772,0.714,0.8586,1
0.7,uniform_heavy,0.6,0.25,0.5,smart,0.3,5,4000,1.25,1.199,0.051,4.077,2240,1901,339,1760,0.7085,0.8487,1
0.7,uniform_heavy,0.6,0.25,0.5,smart,0.3,6,4000,1.25,1.203,0.047,3.756,2238,1877,361,1762,0.7053,0.8387,1
0.7,uniform_heavy,0.6,0.25,1.0,smart,0.3,0,4000,1.25,1.2459,0.0041,0.331,2254,1898,356,1746,0.6907,0.8421,1
0.7,uniform_heavy,0.6,0.25,1.0,smart,0.3,1,4000,1.25,1.2529,-0.0029,-0.23,2279,1895,384,1721,0.6973,0.8315,0
0.7,uniform_heavy,0.6,0.25,1.0,smart,0.3,2,4000,1.25,1.2461,0.0039,0.313,2305,1940,365,1695,0.7093,0.8416,1
0.7,uniform_heavy,0.6,0.25,1.0,smart,0.3,3,4000,1.25,1.2475,0.0025,0.199,2231,1874,357,1769,0.6977,0.84,1
0.7,uniform_heavy,0.6,0.25,1.0,smart,0.3,4,4000,1.25,1.2364,0.0136,1.09,2230,1910,320,1770,0.7035,0.8565,1
0.7,uniform_heavy,0.6,0.25,1.0,smart,0.3,5,4000,1.25,1.2534,-0.0034,-0.274,2217,1842,375,1783,0.6915,0.8309,0
0.7,uniform_heavy,0.6,0.25,1.0,smart,0.3,6,4000,1.25,1.2457,0.0043,0.342,2224,1873,351,1776,0.6977,0.8422,1
0.7,uniform_heavy,0.6,0.25,2.0,smart,0.3,0,4000,1.25,1.3401,-0.0901,-7.21,2270,1904,366,1730,0.7035,0.8388,0
0.7,uniform_heavy,0.6,0.25,2.0,smart,0.3,1,4000,1.25,1.3276,-0.0776,-6.208,2263,1920,343,1737,0.7057,0.8484,0
0.7,uniform_heavy,0.6,0.25,2.0,smart,0.3,2,4000,1.25,1.3532,-0.1032,-8.252,2265,1875,390,1735,0.6883,0.8278,0
0.7,uniform_heavy,0.6,0.25,2.0,smart,0.3,3,4000,1.25,1.342,-0.092,-7.359,2279,1909,370,1721,0.695,0.8376,0
0.7,uniform_heavy,0.6,0.25,2.0,smart,0.3,4,4000,1.25,1.3154,-0.0654,-5.228,2255,1935,320,1745,0.7123,0.8581,0
0.7,uniform_heavy,0.6,0.25,2.0,smart,0.3,5,4000,1.25,1.3159,-0.0659,-5.275,2199,1883,316,1801,0.709,0.8563,0
0.7,uniform_heavy,0.6,0.25,2.0,smart,0.3,6,4000,1.25,1.337,-0.087,-6.957,2226,1870,356,1774,0.7075,0.8401,0
0.7,uniform_heavy,0.6,0.5,0.5,smart,0.3,0,4000,1.5,1.3659,0.1341,8.941,2193,1835,358,1807,0.6917,0.8368,1
0.7,uniform_heavy,0.6,0.5,0.5,smart,0.3,1,4000,1.5,1.3521,0.1479,9.86,2257,1924,333,1743,0.7037,0.8525,1
0.7,uniform_heavy,0.6,0.5,0.5,smart,0.3,2,4000,1.5,1.3539,0.1461,9.737,2225,1903,322,1775,0.7087,0.8553,1
0.7,uniform_heavy,0.6,0.5,0.5,smart,0.3,3,4000,1.5,1.3572,0.1428,9.518,2245,1898,347,1755,0.7067,0.8454,1
0.7,uniform_heavy,0.6,0.5,0.5,smart,0.3,4,4000,1.5,1.3557,0.1443,9.617,2287,1926,361,1713,0.704,0.8422,1
0.7,uniform_heavy,0.6,0.5,0.5,smart,0.3,5,4000,1.5,1.3648,0.1352,9.015,2218,1848,370,1782,0.6943,0.8332,1
0.7,uniform_heavy,0.6,0.5,0.5,smart,0.3,6,4000,1.5,1.3577,0.1423,9.486,2228,1890,338,1772,0.697,0.8483,1
0.7,uniform_heavy,0.6,0.5,1.0,smart,0.3,0,4000,1.5,1.4119,0.0881,5.875,2205,1836,369,1795,0.6983,0.8327,1
0.7,uniform_heavy,0.6,0.5,1.0,smart,0.3,1,4000,1.5,1.3935,0.1065,7.099,2224,1906,318,1776,0.7077,0.857,1
0.7,uniform_heavy,0.6,0.5,1.0,smart,0.3,2,4000,1.5,1.411,0.089,5.932,2192,1831,361,1808,0.7007,0.8353,1
0.7,uniform_heavy,0.6,0.5,1.0,smart,0.3,3,4000,1.5,1.3977,0.1023,6.823,2200,1873,327,1800,0.7073,0.8514,1
0.7,uniform_heavy,0.6,0.5,1.0,smart,0.3,4,4000,1.5,1.4035,0.0965,6.433,2204,1860,344,1796,0.7017,0.8439,1
0.7,uniform_heavy,0.6,0.5,1.0,smart,0.3,5,4000,1.5,1.3912,0.1088,7.254,2267,1940,327,1733,0.7075,0.8558,1
0.7,uniform_heavy,0.6,0.5,1.0,smart,0.3,6,4000,1.5,1.4001,0.0999,6.663,2211,1876,335,1789,0.6977,0.8485,1
0.7,uniform_heavy,0.6,0.5,2.0,smart,0.3,0,4000,1.5,1.4903,0.0097,0.648,2231,1883,348,1769,0.695,0.844,1
0.7,uniform_heavy,0.6,0.5,2.0,smart,0.3,1,4000,1.5,1.4984,0.0016,0.109,2243,1876,367,1757,0.707,0.8364,1
0.7,uniform_heavy,0.6,0.5,2.0,smart,0.3,2,4000,1.5,1.4841,0.0159,1.06,2258,1916,342,1742,0.694,0.8485,1
0.7,uniform_heavy,0.6,0.5,2.0,smart,0.3,3,4000,1.5,1.48,0.02,1.336,2256,1920,336,1744,0.7073,0.8511,1
0.7,uniform_heavy,0.6,0.5,2.0,smart,0.3,4,4000,1.5,1.4864,0.0136,0.909,2178,1844,334,1822,0.7023,0.8466,1
0.7,uniform_heavy,0.6,0.5,2.0,smart,0.3,5,4000,1.5,1.4793,0.0207,1.381,2220,1891,329,1780,0.6973,0.8518,1
0.7,uniform_heavy,0.6,0.5,2.0,smart,0.3,6,4000,1.5,1.4965,0.0035,0.236,2247,1884,363,1753,0.6905,0.8385,1
0.7,uniform_heavy,0.6,1,0.5,smart,0.3,0,4000,2.0,1.6785,0.3215,16.074,2173,1840,333,1827,0.7035,0.8468,1
0.7,uniform_heavy,0.6,1,0.5,smart,0.3,1,4000,2.0,1.6743,0.3257,16.287,2185,1863,322,1815,0.7085,0.8526,1
0.7,uniform_heavy,0.6,1,0.5,smart,0.3,2,4000,2.0,1.667,0.333,16.651,2267,1918,349,1733,0.7015,0.8461,1
0.7,uniform_heavy,0.6,1,0.5,smart,0.3,3,4000,2.0,1.6762,0.3238,16.189,2223,1874,349,1777,0.7037,0.843,1
0.7,uniform_heavy,0.6,1,0.5,smart,0.3,4,4000,2.0,1.6773,0.3227,16.133,2186,1847,339,1814,0.6985,0.8449,1
0.7,uniform_heavy,0.6,1,0.5,smart,0.3,5,4000,2.0,1.686,0.314,15.702,2164,1817,347,1836,0.7013,0.8396,1
0.7,uniform_heavy,0.6,1,0.5,smart,0.3,6,4000,2.0,1.6723,0.3277,16.384,2240,1894,346,1760,0.7123,0.8455,1
0.7,uniform_heavy,0.6,1,1.0,smart,0.3,0,4000,2.0,1.7183,0.2817,14.085,2222,1875,347,1778,0.6987,0.8438,1
0.7,uniform_heavy,0.6,1,1.0,smart,0.3,1,4000,2.0,1.7125,0.2875,14.375,2179,1872,307,1821,0.6985,0.8591,1
0.7,uniform_heavy,0.6,1,1.0,smart,0.3,2,4000,2.0,1.7222,0.2778,13.892,2216,1867,349,1784,0.6947,0.8425,1
0.7,uniform_heavy,0.6,1,1.0,smart,0.3,3,4000,2.0,1.7279,0.2721,13.605,2228,1861,367,1772,0.7035,0.8353,1
0.7,uniform_heavy,0.6,1,1.0,smart,0.3,4,4000,2.0,1.71,0.29,14.501,2181,1867,314,1819,0.706,0.856,1
0.7,uniform_heavy,0.6,1,1.0,smart,0.3,5,4000,2.0,1.7331,0.2669,13.347,2185,1826,359,1815,0.6877,0.8357,1
0.7,uniform_heavy,0.6,1,1.0,smart,0.3,6,4000,2.0,1.7173,0.2827,14.137,2237,1886,351,1763,0.6997,0.8431,1
0.7,uniform_heavy,0.6,1,2.0,smart,0.3,0,4000,2.0,1.8169,0.1831,9.153,2229,1863,366,1771,0.7013,0.8358,1
0.7,uniform_heavy,0.6,1,2.0,smart,0.3,1,4000,2.0,1.8061,0.1939,9.696,2215,1871,344,1785,0.6945,0.8447,1
0.7,uniform_heavy,0.6,1,2.0,smart,0.3,2,4000,2.0,1.8043,0.1957,9.785,2255,1900,355,1745,0.6995,0.8426,1
0.7,uniform_heavy,0.6,1,2.0,smart,0.3,3,4000,2.0,1.8092,0.1908,9.542,2209,1861,348,1791,0.7,0.8425,1
0.7,uniform_heavy,0.6,1,2.0,smart,0.3,4,4000,2.0,1.8053,0.1947,9.734,2222,1878,344,1778,0.6955,0.8452,1
0.7,uniform_heavy,0.6,1,2.0,smart,0.3,5,4000,2.0,1.806,0.194,9.698,2209,1863,346,1791,0.7023,0.8434,1
0.7,uniform_heavy,0.6,1,2.0,smart,0.3,6,4000,2.0,1.794,0.206,10.299,2266,1921,345,1734,0.7073,0.8477,1
0.7,uniform_heavy,0.6,2,0.5,smart,0.3,0,4000,3.0,2.3232,0.6768,22.56,2205,1843,362,1795,0.6895,0.8358,1
0.7,uniform_heavy,0.6,2,0.5,smart,0.3,1,4000,3.0,2.3318,0.6682,22.272,2195,1833,362,1805,0.696,0.8351,1
0.7,uniform_heavy,0.6,2,0.5,smart,0.3,2,4000,3.0,2.297,0.703,23.432,2237,1895,342,1763,0.712,0.8471,1
0.7,uniform_heavy,0.6,2,0.5,smart,0.3,3,4000,3.0,2.3031,0.6969,23.228,2211,1881,330,1789,0.6945,0.8507,1
0.7,uniform_heavy,0.6,2,0.5,smart,0.3,4,4000,3.0,2.3116,0.6884,22.948,2200,1864,336,1800,0.6917,0.8473,1
0.7,uniform_heavy,0.6,2,0.5,smart,0.3,5,4000,3.0,2.3127,0.6873,22.912,2178,1849,329,1822,0.7003,0.8489,1
0.7,uniform_heavy,0.6,2,0.5,smart,0.3,6,4000,3.0,2.2763,0.7237,24.124,2256,1942,314,1744,0.7097,0.8608,1
0.7,uniform_heavy,0.6,2,1.0,smart,0.3,0,4000,3.0,2.3818,0.6182,20.606,2222,1831,391,1778,0.6857,0.824,1
0.7,uniform_heavy,0.6,2,1.0,smart,0.3,1,4000,3.0,2.3352,0.6648,22.16,2274,1924,350,1726,0.7003,0.8461,1
0.7,uniform_heavy,0.6,2,1.0,smart,0.3,2,4000,3.0,2.3673,0.6327,21.09,2189,1839,350,1811,0.6915,0.8401,1
0.7,uniform_heavy,0.6,2,1.0,smart,0.3,3,4000,3.0,2.3217,0.6783,22.611,2288,1944,344,1712,0.691,0.8497,1
0.7,uniform_heavy,0.6,2,1.0,smart,0.3,4,4000,3.0,2.3818,0.6182,20.607,2178,1816,362,1822,0.6947,0.8338,1
0.7,uniform_heavy,0.6,2,1.0,smart,0.3,5,4000,3.0,2.3864,0.6136,20.455,2181,1797,384,1819,0.6935,0.8239,1
0.7,uniform_heavy,0.6,2,1.0,smart,0.3,6,4000,3.0,2.3495,0.6505,21.682,2224,1877,347,1776,0.7,0.844,1
0.7,uniform_heavy,0.6,2,2.0,smart,0.3,0,4000,3.0,2.4516,0.5484,18.281,2226,1863,363,1774,0.6973,0.8369,1
0.7,uniform_heavy,0.6,2,2.0,smart,0.3,1,4000,3.0,2.4422,0.5578,18.592,2213,1865,348,1787,0.699,0.8427,1
0.7,uniform_heavy,0.6,2,2.0,smart,0.3,2,4000,3.0,2.4363,0.5637,18.79,2270,1899,371,1730,0.693,0.8366,1
0.7,uniform_heavy,0.6,2,2.0,smart,0.3,3,4000,3.0,2.4075,0.5925,19.75,2251,1925,326,1749,0.7143,0.8552,1
0.7,uniform_heavy,0.6,2,2.0,smart,0.3,4,4000,3.0,2.4298,0.5702,19.008,2265,1909,356,1735,0.6915,0.8428,1
0.7,uniform_heavy,0.6,2,2.0,smart,0.3,5,4000,3.0,2.4487,0.5513,18.376,2272,1889,383,1728,0.691,0.8314,1
0.7,uniform_heavy,0.6,2,2.0,smart,0.3,6,4000,3.0,2.4291,0.5709,19.031,2238,1895,343,1762,0.7065,0.8467,1
0.7,uniform_heavy,0.6,4,0.5,smart,0.3,0,4000,5.0,3.5744,1.4256,28.513,2228,1876,352,1772,0.6937,0.842,1
0.7,uniform_heavy,0.6,4,0.5,smart,0.3,1,4000,5.0,3.5503,1.4497,28.995,2241,1900,341,1759,0.71,0.8478,1
0.7,uniform_heavy,0.6,4,0.5,smart,0.3,2,4000,5.0,3.601,1.399,27.98,2192,1835,357,1808,0.6987,0.8371,1
0.7,uniform_heavy,0.6,4,0.5,smart,0.3,3,4000,5.0,3.5733,1.4267,28.534,2234,1869,365,1766,0.6935,0.8366,1
0.7,uniform_heavy,0.6,4,0.5,smart,0.3,4,4000,5.0,3.5741,1.4259,28.518,2225,1873,352,1775,0.6923,0.8418,1
0.7,uniform_heavy,0.6,4,0.5,smart,0.3,5,4000,5.0,3.5507,1.4493,28.987,2225,1896,329,1775,0.7043,0.8521,1
0.7,uniform_heavy,0.6,4,0.5,smart,0.3,6,4000,5.0,3.536,1.464,29.279,2259,1915,344,1741,0.7033,0.8477,1
0.7,uniform_heavy,0.6,4,1.0,smart,0.3,0,4000,5.0,3.5952,1.4048,28.095,2241,1900,341,1759,0.704,0.8478,1
0.7,uniform_heavy,0.6,4,1.0,smart,0.3,1,4000,5.0,3.5908,1.4092,28.184,2279,1912,367,1721,0.7003,0.839,1
0.7,uniform_heavy,0.6,4,1.0,smart,0.3,2,4000,5.0,3.5915,1.4085,28.17,2279,1908,371,1721,0.696,0.8372,1
0.7,uniform_heavy,0.6,4,1.0,smart,0.3,3,4000,5.0,3.6107,1.3893,27.787,2200,1875,325,1800,0.696,0.8523,1
0.7,uniform_heavy,0.6,4,1.0,smart,0.3,4,4000,5.0,3.5929,1.4071,28.143,2210,1897,313,1790,0.7167,0.8584,1
0.7,uniform_heavy,0.6,4,1.0,smart,0.3,5,4000,5.0,3.6348,1.3652,27.303,2192,1851,341,1808,0.7017,0.8444,1
0.7,uniform_heavy,0.6,4,1.0,smart,0.3,6,4000,5.0,3.5826,1.4174,28.348,2260,1929,331,1740,0.7003,0.8535,1
0.7,uniform_heavy,0.6,4,2.0,smart,0.3,0,4000,5.0,3.6574,1.3426,26.852,2264,1922,342,1736,0.6935,0.8489,1
0.7,uniform_heavy,0.6,4,2.0,smart,0.3,1,4000,5.0,3.712,1.288,25.761,2223,1874,349,1777,0.7017,0.843,1
0.7,uniform_heavy,0.6,4,2.0,smart,0.3,2,4000,5.0,3.7392,1.2608,25.215,2185,1841,344,1815,0.6875,0.8426,1
0.7,uniform_heavy,0.6,4,2.0,smart,0.3,3,4000,5.0,3.6615,1.3385,26.769,2281,1931,350,1719,0.6995,0.8466,1
0.7,uniform_heavy,0.6,4,2.0,smart,0.3,4,4000,5.0,3.7112,1.2888,25.776,2221,1869,352,1779,0.7015,0.8415,1
0.7,uniform_heavy,0.6,4,2.0,smart,0.3,5,4000,5.0,3.7107,1.2893,25.786,2222,1873,349,1778,0.7073,0.8429,1
0.7,uniform_heavy,0.6,4,2.0,smart,0.3,6,4000,5.0,3.7343,1.2657,25.314,2192,1842,350,1808,0.6945,0.8403,1
0.7,uniform_heavy,0.6,8,0.5,smart,0.3,0,4000,9.0,6.0791,2.9209,32.455,2194,1890,304,1806,0.7047,0.8614,1
0.7,uniform_heavy,0.6,8,0.5,smart,0.3,1,4000,9.0,6.096,2.904,32.266,2219,1868,351,1781,0.7053,0.8418,1
0.7,uniform_heavy,0.6,8,0.5,smart,0.3,2,4000,9.0,6.1692,2.8308,31.454,2143,1833,310,1857,0.7075,0.8553,1
0.7,uniform_heavy,0.6,8,0.5,smart,0.3,3,4000,9.0,5.9835,3.0165,33.517,2283,1949,334,1717,0.6985,0.8537,1
0.7,uniform_heavy,0.6,8,0.5,smart,0.3,4,4000,9.0,6.1409,2.8591,31.768,2180,1843,337,1820,0.6927,0.8454,1
0.7,uniform_heavy,0.6,8,0.5,smart,0.3,5,4000,9.0,6.0828,2.9172,32.414,2243,1894,349,1757,0.7015,0.8444,1
0.7,uniform_heavy,0.6,8,0.5,smart,0.3,6,4000,9.0,6.1076,2.8924,32.138,2213,1872,341,1787,0.6973,0.8459,1
0.7,uniform_heavy,0.6,8,1.0,smart,0.3,0,4000,9.0,6.1725,2.8275,31.417,2192,1861,331,1808,0.6945,0.849,1
0.7,uniform_heavy,0.6,8,1.0,smart,0.3,1,4000,9.0,6.2187,2.7813,30.904,2176,1827,349,1824,0.6935,0.8396,1
0.7,uniform_heavy,0.6,8,1.0,smart,0.3,2,4000,9.0,6.1159,2.8841,32.046,2224,1886,338,1776,0.6997,0.848,1
0.7,uniform_heavy,0.6,8,1.0,smart,0.3,3,4000,9.0,6.0726,2.9274,32.526,2250,1918,332,1750,0.7007,0.8524,1
0.7,uniform_heavy,0.6,8,1.0,smart,0.3,4,4000,9.0,6.1699,2.8301,31.446,2225,1860,365,1775,0.686,0.836,1
0.7,uniform_heavy,0.6,8,1.0,smart,0.3,5,4000,9.0,6.0988,2.9012,32.235,2250,1900,350,1750,0.7,0.8444,1
0.7,uniform_heavy,0.6,8,1.0,smart,0.3,6,4000,9.0,6.1428,2.8572,31.746,2204,1871,333,1796,0.699,0.8489,1
0.7,uniform_heavy,0.6,8,2.0,smart,0.3,0,4000,9.0,6.1695,2.8305,31.45,2262,1918,344,1738,0.7043,0.8479,1
0.7,uniform_heavy,0.6,8,2.0,smart,0.3,1,4000,9.0,6.1747,2.8253,31.392,2235,1899,336,1765,0.7015,0.8497,1
0.7,uniform_heavy,0.6,8,2.0,smart,0.3,2,4000,9.0,6.1734,2.8266,31.407,2257,1911,346,1743,0.7035,0.8467,1
0.7,uniform_heavy,0.6,8,2.0,smart,0.3,3,4000,9.0,6.2006,2.7994,31.104,2246,1893,353,1754,0.6973,0.8428,1
0.7,uniform_heavy,0.6,8,2.0,smart,0.3,4,4000,9.0,6.1871,2.8129,31.255,2265,1906,359,1735,0.7067,0.8415,1
0.7,uniform_heavy,0.6,8,2.0,smart,0.3,5,4000,9.0,6.3064,2.6936,29.928,2172,1826,346,1828,0.709,0.8407,1
0.7,uniform_heavy,0.6,8,2.0,smart,0.3,6,4000,9.0,6.2011,2.7989,31.099,2219,1894,325,1781,0.7003,0.8535,1
0.7,uniform_heavy,0.7,0.25,0.5,smart,0.3,0,4000,1.25,1.1777,0.0723,5.782,2417,2150,267,1583,0.6943,0.8895,1
0.7,uniform_heavy,0.7,0.25,0.5,smart,0.3,1,4000,1.25,1.1725,0.0775,6.203,2446,2204,242,1554,0.6975,0.9011,1
0.7,uniform_heavy,0.7,0.25,0.5,smart,0.3,2,4000,1.25,1.1787,0.0713,5.707,2466,2180,286,1534,0.7027,0.884,1
0.7,uniform_heavy,0.7,0.25,0.5,smart,0.3,3,4000,1.25,1.1724,0.0776,6.21,2433,2195,238,1567,0.6975,0.9022,1
0.7,uniform_heavy,0.7,0.25,0.5,smart,0.3,4,4000,1.25,1.1768,0.0732,5.853,2403,2147,256,1597,0.711,0.8935,1
0.7,uniform_heavy,0.7,0.25,0.5,smart,0.3,5,4000,1.25,1.1733,0.0767,6.136,2445,2200,245,1555,0.7003,0.8998,1
0.7,uniform_heavy,0.7,0.25,0.5,smart,0.3,6,4000,1.25,1.1726,0.0774,6.193,2449,2207,242,1551,0.6967,0.9012,1
0.7,uniform_heavy,0.7,0.25,1.0,smart,0.3,0,4000,1.25,1.2103,0.0397,3.179,2449,2182,267,1551,0.7085,0.891,1
0.7,uniform_heavy,0.7,0.25,1.0,smart,0.3,1,4000,1.25,1.2018,0.0482,3.857,2421,2186,235,1579,0.6977,0.9029,1
0.7,uniform_heavy,0.7,0.25,1.0,smart,0.3,2,4000,1.25,1.203,0.047,3.761,2450,2206,244,1550,0.6945,0.9004,1
0.7,uniform_heavy,0.7,0.25,1.0,smart,0.3,3,4000,1.25,1.2086,0.0414,3.313,2439,2179,260,1561,0.6895,0.8934,1
0.7,uniform_heavy,0.7,0.25,1.0,smart,0.3,4,4000,1.25,1.2049,0.0451,3.61,2413,2168,245,1587,0.7043,0.8985,1
0.7,uniform_heavy,0.7,0.25,1.0,smart,0.3,5,4000,1.25,1.2084,0.0416,3.325,2437,2177,260,1563,0.7087,0.8933,1
0.7,uniform_heavy,0.7,0.25,1.0,smart,0.3,6,4000,1.25,1.2131,0.0369,2.951,2461,2182,279,1539,0.695,0.8866,1
0.7,uniform_heavy,0.7,0.25,2.0,smart,0.3,0,4000,1.25,1.2756,-0.0256,-2.045,2425,2162,263,1575,0.6995,0.8915,0
0.7,uniform_heavy,0.7,0.25,2.0,smart,0.3,1,4000,1.25,1.2794,-0.0294,-2.352,2454,2181,273,1546,0.6993,0.8888,0
0.7,uniform_heavy,0.7,0.25,2.0,smart,0.3,2,4000,1.25,1.269,-0.019,-1.519,2471,2216,255,1529,0.704,0.8968,0
0.7,uniform_heavy,0.7,0.25,2.0,smart,0.3,3,4000,1.25,1.2625,-0.0125,-1.002,2417,2179,238,1583,0.7003,0.9015,0
0.7,uniform_heavy,0.7,0.25,2.0,smart,0.3,4,4000,1.25,1.262,-0.012,-0.961,2445,2205,240,1555,0.7035,0.9018,0
0.7,uniform_heavy,0.7,0.25,2.0,smart,0.3,5,4000,1.25,1.2704,-0.0204,-1.635,2453,2198,255,1547,0.6983,0.896,0
0.7,uniform_heavy,0.7,0.25,2.0,smart,0.3,6,4000,1.25,1.2636,-0.0136,-1.091,2455,2212,243,1545,0.706,0.901,0
0.7,uniform_heavy,0.7,0.5,0.5,smart,0.3,0,4000,1.5,1.3145,0.1855,12.369,2463,2204,259,1537,0.6965,0.8948,1
0.7,uniform_heavy,0.7,0.5,0.5,smart,0.3,1,4000,1.5,1.3195,0.1805,12.034,2439,2180,259,1561,0.709,0.8938,1
0.7,uniform_heavy,0.7,0.5,0.5,smart,0.3,2,4000,1.5,1.3166,0.1834,12.225,2438,2189,249,1562,0.7043,0.8979,1
0.7,uniform_heavy,0.7,0.5,0.5,smart,0.3,3,4000,1.5,1.3148,0.1852,12.347,2447,2197,250,1553,0.6965,0.8978,1
0.7,uniform_heavy,0.7,0.5,0.5,smart,0.3,4,4000,1.5,1.3149,0.1851,12.337,2490,2229,261,1510,0.7075,0.8952,1
0.7,uniform_heavy,0.7,0.5,0.5,smart,0.3,5,4000,1.5,1.3255,0.1745,11.633,2413,2138,275,1587,0.695,0.886,1
0.7,uniform_heavy,0.7,0.5,0.5,smart,0.3,6,4000,1.5,1.3128,0.1872,12.479,2442,2201,241,1558,0.702,0.9013,1
0.7,uniform_heavy,0.7,0.5,1.0,smart,0.3,0,4000,1.5,1.3467,0.1533,10.219,2460,2206,254,1540,0.6895,0.8967,1
0.7,uniform_heavy,0.7,0.5,1.0,smart,0.3,1,4000,1.5,1.3465,0.1535,10.236,2440,2194,246,1560,0.705,0.8992,1
0.7,uniform_heavy,0.7,0.5,1.0,smart,0.3,2,4000,1.5,1.3559,0.1441,9.607,2449,2173,276,1551,0.703,0.8873,1
0.7,uniform_heavy,0.7,0.5,1.0,smart,0.3,3,4000,1.5,1.3613,0.1387,9.249,2417,2133,284,1583,0.69,0.8825,1
0.7,uniform_heavy,0.7,0.5,1.0,smart,0.3,4,4000,1.5,1.356,0.144,9.6,2451,2175,276,1549,0.6935,0.8874,1
0.7,uniform_heavy,0.7,0.5,1.0,smart,0.3,5,4000,1.5,1.3522,0.1478,9.855,2422,2163,259,1578,0.7035,0.8931,1
0.7,uniform_heavy,0.7,0.5,1.0,smart,0.3,6,4000,1.5,1.3563,0.1437,9.581,2406,2142,264,1594,0.6977,0.8903,1
0.7,uniform_heavy,0.7,0.5,2.0,smart,0.3,0,4000,1.5,1.4218,0.0782,5.213,2450,2179,271,1550,0.6943,0.8894,1
0.7,uniform_heavy,0.7,0.5,2.0,smart,0.3,1,4000,1.5,1.429,0.071,4.73,2431,2150,281,1569,0.6843,0.8844,1
0.7,uniform_heavy,0.7,0.5,2.0,smart,0.3,2,4000,1.5,1.4181,0.0819,5.463,2494,2222,272,1506,0.709,0.8909,1
0.7,uniform_heavy,0.7,0.5,2.0,smart,0.3,3,4000,1.5,1.4058,0.0942,6.281,2469,2223,246,1531,0.705,0.9004,1
0.7,uniform_heavy,0.7,0.5,2.0,smart,0.3,4,4000,1.5,1.4111,0.0889,5.928,2474,2216,258,1526,0.6925,0.8957,1
0.7,uniform_heavy,0.7,0.5,2.0,smart,0.3,5,4000,1.5,1.4199,0.0801,5.339,2474,2204,270,1526,0.704,0.8909,1
0.7,uniform_heavy,0.7,0.5,2.0,smart,0.3,6,4000,1.5,1.4224,0.0776,5.171,2496,2219,277,1504,0.7075,0.889,1
0.7,uniform_heavy,0.7,1,0.5,smart,0.3,0,4000,2.0,1.5904,0.4096,20.479,2514,2265,249,1486,0.7077,0.901,1
0.7,uniform_heavy,0.7,1,0.5,smart,0.3,1,4000,2.0,1.5939,0.4061,20.303,2470,2226,244,1530,0.7175,0.9012,1
0.7,uniform_heavy,0.7,1,0.5,smart,0.3,2,4000,2.0,1.6084,0.3916,19.582,2394,2159,235,1606,0.6965,0.9018,1
0.7,uniform_heavy,0.7,1,0.5,smart,0.3,3,4000,2.0,1.5927,0.4073,20.367,2503,2244,259,1497,0.7013,0.8965,1
0.7,uniform_heavy,0.7,1,0.5,smart,0.3,4,4000,2.0,1.598,0.402,20.101,2512,2233,279,1488,0.702,0.8889,1
0.7,uniform_heavy,0.7,1,0.5,smart,0.3,5,4000,2.0,1.6065,0.3935,19.677,2412,2160,252,1588,0.7083,0.8955,1
0.7,uniform_heavy,0.7,1,0.5,smart,0.3,6,4000,2.0,1.6033,0.3967,19.833,2471,2201,270,1529,0.6965,0.8907,1
0.7,uniform_heavy,0.7,1,1.0,smart,0.3,0,4000,2.0,1.6348,0.3652,18.258,2453,2193,260,1547,0.7097,0.894,1
0.7,uniform_heavy,0.7,1,1.0,smart,0.3,1,4000,2.0,1.6178,0.3822,19.111,2474,2239,235,1526,0.7073,0.905,1
0.7,uniform_heavy,0.7,1,1.0,smart,0.3,2,4000,2.0,1.6288,0.3712,18.559,2484,2224,260,1516,0.711,0.8953,1
0.7,uniform_heavy,0.7,1,1.0,smart,0.3,3,4000,2.0,1.6265,0.3735,18.676,2450,2210,240,1550,0.7033,0.902,1
0.7,uniform_heavy,0.7,1,1.0,smart,0.3,4,4000,2.0,1.6275,0.3725,18.624,2466,2215,251,1534,0.6993,0.8982,1
0.7,uniform_heavy,0.7,1,1.0,smart,0.3,5,4000,2.0,1.6278,0.3722,18.609,2462,2210,252,1538,0.7015,0.8976,1
0.7,uniform_heavy,0.7,1,1.0,smart,0.3,6,4000,2.0,1.6331,0.3669,18.344,2429,2182,247,1571,0.6825,0.8983,1
0.7,uniform_heavy,0.7,1,2.0,smart,0.3,0,4000,2.0,1.7085,0.2915,14.577,2498,2215,283,1502,0.6977,0.8867,1
0.7,uniform_heavy,0.7,1,2.0,smart,0.3,1,4000,2.0,1.7162,0.2838,14.191,2429,2151,278,1571,0.7047,0.8855,1
0.7,uniform_heavy,0.7,1,2.0,smart,0.3,2,4000,2.0,1.6962,0.3038,15.192,2464,2205,259,1536,0.691,0.8949,1
0.7,uniform_heavy,0.7,1,2.0,smart,0.3,3,4000,2.0,1.7039,0.2961,14.803,2467,2197,270,1533,0.688,0.8906,1
0.7,uniform_heavy,0.7,1,2.0,smart,0.3,4,4000,2.0,1.6987,0.3013,15.067,2473,2208,265,1527,0.7117,0.8928,1
0.7,uniform_heavy,0.7,1,2.0,smart,0.3,5,4000,2.0,1.6996,0.3004,15.021,2421,2175,246,1579,0.701,0.8984,1
0.7,uniform_heavy,0.7,1,2.0,smart,0.3,6,4000,2.0,1.7084,0.2916,14.58,2431,2164,267,1569,0.6993,0.8902,1
0.7,uniform_heavy,0.7,2,0.5,smart,0.3,0,4000,3.0,2.1549,0.8451,28.172,2502,2235,267,1498,0.6975,0.8933,1
0.7,uniform_heavy,0.7,2,0.5,smart,0.3,1,4000,3.0,2.161,0.839,27.965,2458,2208,250,1542,0.694,0.8983,1
0.7,uniform_heavy,0.7,2,0.5,smart,0.3,2,4000,3.0,2.1933,0.8067,26.89,2417,2151,266,1583,0.6855,0.8899,1
0.7,uniform_heavy,0.7,2,0.5,smart,0.3,3,4000,3.0,2.1701,0.8299,27.664,2481,2211,270,1519,0.7045,0.8912,1
0.7,uniform_heavy,0.7,2,0.5,smart,0.3,4,4000,3.0,2.1625,0.8375,27.917,2458,2198,260,1542,0.7067,0.8942,1
0.7,uniform_heavy,0.7,2,0.5,smart,0.3,5,4000,3.0,2.1664,0.8336,27.788,2466,2206,260,1534,0.7063,0.8946,1
0.7,uniform_heavy,0.7,2,0.5,smart,0.3,6,4000,3.0,2.1776,0.8224,27.414,2458,2179,279,1542,0.6835,0.8865,1
0.7,uniform_heavy,0.7,2,1.0,smart,0.3,0,4000,3.0,2.2322,0.7678,25.594,2429,2141,288,1571,0.6823,0.8814,1
0.7,uniform_heavy,0.7,2,1.0,smart,0.3,1,4000,3.0,2.2147,0.7853,26.176,2429,2174,255,1571,0.6957,0.895,1
0.7,uniform_heavy,0.7,2,1.0,smart,0.3,2,4000,3.0,2.2,0.8,26.666,2441,2198,243,1559,0.696,0.9005,1
0.7,uniform_heavy,0.7,2,1.0,smart,0.3,3,4000,3.0,2.229,0.771,25.701,2433,2159,274,1567,0.6925,0.8874,1
0.7,uniform_heavy,0.7,2,1.0,smart,0.3,4,4000,3.0,2.218,0.782,26.067,2429,2170,259,1571,0.7035,0.8934,1
0.7,uniform_heavy,0.7,2,1.0,smart,0.3,5,4000,3.0,2.2046,0.7954,26.514,2473,2202,271,1527,0.6925,0.8904,1
0.7,uniform_heavy,0.7,2,1.0,smart,0.3,6,4000,3.0,2.1811,0.8189,27.297,2470,2238,232,1530,0.6985,0.9061,1
0.7,uniform_heavy,0.7,2,2.0,smart,0.3,0,4000,3.0,2.2301,0.7699,25.662,2495,2265,230,1505,0.7123,0.9078,1
0.7,uniform_heavy,0.7,2,2.0,smart,0.3,1,4000,3.0,2.2813,0.7187,23.955,2426,2165,261,1574,0.7015,0.8924,1
0.7,uniform_heavy,0.7,2,2.0,smart,0.3,2,4000,3.0,2.2799,0.7201,24.004,2417,2160,257,1583,0.6955,0.8937,1
0.7,uniform_heavy,0.7,2,2.0,smart,0.3,3,4000,3.0,2.268,0.732,24.4,2461,2204,257,1539,0.7065,0.8956,1
0.7,uniform_heavy,0.7,2,2.0,smart,0.3,4,4000,3.0,2.2453,0.7547,25.158,2507,2247,260,1493,0.7047,0.8963,1
0.7,uniform_heavy,0.7,2,2.0,smart,0.3,5,4000,3.0,2.2614,0.7386,24.619,2469,2208,261,1531,0.6965,0.8943,1
0.7,uniform_heavy,0.7,2,2.0,smart,0.3,6,4000,3.0,2.2658,0.7342,24.474,2504,2226,278,1496,0.7055,0.889,1
0.7,uniform_heavy,0.7,4,0.5,smart,0.3,0,4000,5.0,3.2711,1.7289,34.579,2529,2260,269,1471,0.7135,0.8936,1
0.7,uniform_heavy,0.7,4,0.5,smart,0.3,1,4000,5.0,3.3378,1.6622,33.245,2389,2158,231,1611,0.69,0.9033,1
0.7,uniform_heavy,0.7,4,0.5,smart,0.3,2,4000,5.0,3.2893,1.7107,34.214,2505,2228,277,1495,0.7035,0.8894,1
0.7,uniform_heavy,0.7,4,0.5,smart,0.3,3,4000,5.0,3.3343,1.6657,33.315,2458,2174,284,1542,0.6875,0.8845,1
0.7,uniform_heavy,0.7,4,0.5,smart,0.3,4,4000,5.0,3.3071,1.6929,33.857,2462,2198,264,1538,0.6997,0.8928,1
0.7,uniform_heavy,0.7,4,0.5,smart,0.3,5,4000,5.0,3.3127,1.6873,33.745,2451,2196,255,1549,0.6957,0.896,1
0.7,uniform_heavy,0.7,4,0.5,smart,0.3,6,4000,5.0,3.3415,1.6585,33.17,2411,2159,252,1589,0.7045,0.8955,1
0.7,uniform_heavy,0.7,4,1.0,smart,0.3,0,4000,5.0,3.3494,1.6506,33.012,2475,2187,288,1525,0.6893,0.8836,1
0.7,uniform_heavy,0.7,4,1.0,smart,0.3,1,4000,5.0,3.3375,1.6625,33.25,2468,2208,260,1532,0.701,0.8947,1
0.7,uniform_heavy,0.7,4,1.0,smart,0.3,2,4000,5.0,3.3786,1.6214,32.429,2404,2158,246,1596,0.6843,0.8977,1
0.7,uniform_heavy,0.7,4,1.0,smart,0.3,3,4000,5.0,3.3519,1.6481,32.962,2434,2182,252,1566,0.711,0.8965,1
0.7,uniform_heavy,0.7,4,1.0,smart,0.3,4,4000,5.0,3.3114,1.6886,33.773,2481,2231,250,1519,0.6975,0.8992,1
0.7,uniform_heavy,0.7,4,1.0,smart,0.3,5,4000,5.0,3.354,1.646,32.919,2462,2188,274,1538,0.6885,0.8887,1
0.7,uniform_heavy,0.7,4,1.0,smart,0.3,6,4000,5.0,3.3507,1.6493,32.986,2443,2187,256,1557,0.703,0.8952,1
0.7,uniform_heavy,0.7,4,2.0,smart,0.3,0,4000,5.0,3.5054,1.4946,29.892,2452,2124,328,1548,0.6953,0.8662,1
0.7,uniform_heavy,0.7,4,2.0,smart,0.3,1,4000,5.0,3.4177,1.5823,31.645,2442,2188,254,1558,0.697,0.896,1
0.7,uniform_heavy,0.7,4,2.0,smart,0.3,2,4000,5.0,3.4517,1.5483,30.966,2379,2137,242,1621,0.694,0.8983,1
0.7,uniform_heavy,0.7,4,2.0,smart,0.3,3,4000,5.0,3.4144,1.5856,31.712,2428,2182,246,1572,0.7007,0.8987,1
0.7,uniform_heavy,0.7,4,2.0,smart,0.3,4,4000,5.0,3.3897,1.6103,32.207,2494,2231,263,1506,0.7017,0.8945,1
0.7,uniform_heavy,0.7,4,2.0,smart,0.3,5,4000,5.0,3.3833,1.6167,32.334,2457,2212,245,1543,0.7057,0.9003,1
0.7,uniform_heavy,0.7,4,2.0,smart,0.3,6,4000,5.0,3.3719,1.6281,32.562,2490,2232,258,1510,0.6977,0.8964,1
0.7,uniform_heavy,0.7,8,0.5,smart,0.3,0,4000,9.0,5.6513,3.3487,37.207,2431,2153,278,1569,0.7025,0.8856,1
0.7,uniform_heavy,0.7,8,0.5,smart,0.3,1,4000,9.0,5.5934,3.4066,37.852,2463,2189,274,1537,0.6825,0.8888,1
0.7,uniform_heavy,0.7,8,0.5,smart,0.3,2,4000,9.0,5.6207,3.3793,37.547,2431,2183,248,1569,0.709,0.898,1
0.7,uniform_heavy,0.7,8,0.5,smart,0.3,3,4000,9.0,5.6291,3.3709,37.455,2414,2173,241,1586,0.6925,0.9002,1
0.7,uniform_heavy,0.7,8,0.5,smart,0.3,4,4000,9.0,5.6611,3.3389,37.099,2404,2154,250,1596,0.702,0.896,1
0.7,uniform_heavy,0.7,8,0.5,smart,0.3,5,4000,9.0,5.5262,3.4738,38.598,2465,2223,242,1535,0.709,0.9018,1
0.7,uniform_heavy,0.7,8,0.5,smart,0.3,6,4000,9.0,5.5891,3.4109,37.899,2458,2190,268,1542,0.6957,0.891,1
0.7,uniform_heavy,0.7,8,1.0,smart,0.3,0,4000,9.0,5.522,3.478,38.644,2510,2252,258,1490,0.71,0.8972,1
0.7,uniform_heavy,0.7,8,1.0,smart,0.3,1,4000,9.0,5.7398,3.2602,36.224,2423,2138,285,1577,0.6875,0.8824,1
0.7,uniform_heavy,0.7,8,1.0,smart,0.3,2,4000,9.0,5.6283,3.3717,37.463,2437,2191,246,1563,0.6933,0.8991,1
0.7,uniform_heavy,0.7,8,1.0,smart,0.3,3,4000,9.0,5.5628,3.4372,38.192,2499,2238,261,1501,0.6995,0.8956,1
0.7,uniform_heavy,0.7,8,1.0,smart,0.3,4,4000,9.0,5.6201,3.3799,37.554,2429,2184,245,1571,0.7,0.8991,1
0.7,uniform_heavy,0.7,8,1.0,smart,0.3,5,4000,9.0,5.6501,3.3499,37.221,2447,2185,262,1553,0.6975,0.8929,1
0.7,uniform_heavy,0.7,8,1.0,smart,0.3,6,4000,9.0,5.5731,3.4269,38.077,2484,2222,262,1516,0.7075,0.8945,1
0.7,uniform_heavy,0.7,8,2.0,smart,0.3,0,4000,9.0,5.7285,3.2715,36.35,2422,2171,251,1578,0.6953,0.8964,1
0.7,uniform_heavy,0.7,8,2.0,smart,0.3,1,4000,9.0,5.6293,3.3707,37.452,2445,2220,225,1555,0.7087,0.908,1
0.7,uniform_heavy,0.7,8,2.0,smart,0.3,2,4000,9.0,5.5986,3.4014,37.794,2447,2231,216,1553,0.7065,0.9117,1
0.7,uniform_heavy,0.7,8,2.0,smart,0.3,3,4000,9.0,5.7002,3.2998,36.664,2445,2187,258,1555,0.689,0.8945,1
0.7,uniform_heavy,0.7,8,2.0,smart,0.3,4,4000,9.0,5.7392,3.2608,36.231,2440,2179,261,1560,0.7133,0.893,1
0.7,uniform_heavy,0.7,8,2.0,smart,0.3,5,4000,9.0,5.7286,3.2714,36.349,2420,2165,255,1580,0.7045,0.8946,1
0.7,uniform_heavy,0.7,8,2.0,smart,0.3,6,4000,9.0,5.6998,3.3002,36.669,2455,2194,261,1545,0.7013,0.8937,1
0.7,uniform_heavy,0.8,0.25,0.5,smart,0.3,0,4000,1.25,1.1485,0.1015,8.122,2697,2522,175,1303,0.7045,0.9351,1
0.7,uniform_heavy,0.8,0.25,0.5,smart,0.3,1,4000,1.25,1.1507,0.0993,7.941,2714,2523,191,1286,0.6947,0.9296,1
0.7,uniform_heavy,0.8,0.25,0.5,smart,0.3,2,4000,1.25,1.1455,0.1045,8.358,2689,2532,157,1311,0.7035,0.9416,1
0.7,uniform_heavy,0.8,0.25,0.5,smart,0.3,3,4000,1.25,1.147,0.103,8.241,2682,2518,164,1318,0.71,0.9389,1
0.7,uniform_heavy,0.8,0.25,0.5,smart,0.3,4,4000,1.25,1.1453,0.1047,8.372,2698,2540,158,1302,0.704,0.9414,1
0.7,uniform_heavy,0.8,0.25,0.5,smart,0.3,5,4000,1.25,1.1465,0.1035,8.281,2635,2486,149,1365,0.7103,0.9435,1
0.7,uniform_heavy,0.8,0.25,0.5,smart,0.3,6,4000,1.25,1.1449,0.1051,8.406,2725,2563,162,1275,0.6937,0.9406,1
0.7,uniform_heavy,0.8,0.25,1.0,smart,0.3,0,4000,1.25,1.1704,0.0796,6.369,2672,2500,172,1328,0.7027,0.9356,1
0.7,uniform_heavy,0.8,0.25,1.0,smart,0.3,1,4000,1.25,1.1684,0.0816,6.529,2674,2511,163,1326,0.7003,0.939,1
0.7,uniform_heavy,0.8,0.25,1.0,smart,0.3,2,4000,1.25,1.1704,0.0796,6.366,2693,2516,177,1307,0.7,0.9343,1
0.7,uniform_heavy,0.8,0.25,1.0,smart,0.3,3,4000,1.25,1.1681,0.0819,6.554,2676,2511,165,1324,0.7043,0.9383,1
0.7,uniform_heavy,0.8,0.25,1.0,smart,0.3,4,4000,1.25,1.1759,0.0741,5.927,2679,2489,190,1321,0.6945,0.9291,1
0.7,uniform_heavy,0.8,0.25,1.0,smart,0.3,5,4000,1.25,1.1744,0.0756,6.049,2687,2500,187,1313,0.6967,0.9304,1
0.7,uniform_heavy,0.8,0.25,1.0,smart,0.3,6,4000,1.25,1.1688,0.0812,6.499,2681,2513,168,1319,0.7073,0.9373,1
0.7,uniform_heavy,0.8,0.25,2.0,smart,0.3,0,4000,1.25,1.2144,0.0356,2.849,2694,2518,176,1306,0.6997,0.9347,1
0.7,uniform_heavy,0.8,0.25,2.0,smart,0.3,1,4000,1.25,1.2127,0.0373,2.984,2668,2497,171,1332,0.7075,0.9359,1
0.7,uniform_heavy,0.8,0.25,2.0,smart,0.3,2,4000,1.25,1.2042,0.0458,3.667,2671,2517,154,1329,0.702,0.9423,1
0.7,uniform_heavy,0.8,0.25,2.0,smart,0.3,3,4000,1.25,1.2217,0.0283,2.264,2676,2489,187,1324,0.6953,0.9301,1
0.7,uniform_heavy,0.8,0.25,2.0,smart,0.3,4,4000,1.25,1.2219,0.0281,2.25,2663,2477,186,1337,0.6885,0.9302,1
0.7,uniform_heavy,0.8,0.25,2.0,smart,0.3,5,4000,1.25,1.2053,0.0447,3.577,2701,2541,160,1299,0.7053,0.9408,1
0.7,uniform_heavy,0.8,0.25,2.0,smart,0.3,6,4000,1.25,1.2137,0.0363,2.904,2644,2474,170,1356,0.7,0.9357,1
0.7,uniform_heavy,0.8,0.5,0.5,smart,0.3,0,4000,1.5,1.2854,0.2146,14.305,2656,2451,205,1344,0.6953,0.9228,1
0.7,uniform_heavy,0.8,0.5,0.5,smart,0.3,1,4000,1.5,1.2776,0.2224,14.83,2683,2508,175,1317,0.7143,0.9348,1
0.7,uniform_heavy,0.8,0.5,0.5,smart,0.3,2,4000,1.5,1.2727,0.2273,15.153,2670,2511,159,1330,0.705,0.9404,1
0.7,uniform_heavy,0.8,0.5,0.5,smart,0.3,3,4000,1.5,1.2783,0.2217,14.783,2677,2492,185,1323,0.693,0.9309,1
0.7,uniform_heavy,0.8,0.5,0.5,smart,0.3,4,4000,1.5,1.2746,0.2254,15.027,2668,2501,167,1332,0.7073,0.9374,1
0.7,uniform_heavy,0.8,0.5,0.5,smart,0.3,5,4000,1.5,1.277,0.223,14.869,2682,2502,180,1318,0.7043,0.9329,1
0.7,uniform_heavy,0.8,0.5,0.5,smart,0.3,6,4000,1.5,1.2753,0.2247,14.983,2674,2508,166,1326,0.6995,0.9379,1
0.7,uniform_heavy,0.8,0.5,1.0,smart,0.3,0,4000,1.5,1.2999,0.2001,13.342,2680,2503,177,1320,0.7067,0.934,1
0.7,uniform_heavy,0.8,0.5,1.0,smart,0.3,1,4000,1.5,1.297,0.203,13.531,2690,2514,176,1310,0.709,0.9346,1
0.7,uniform_heavy,0.8,0.5,1.0,smart,0.3,2,4000,1.5,1.3018,0.1982,13.214,2694,2507,187,1306,0.6957,0.9306,1
0.7,uniform_heavy,0.8,0.5,1.0,smart,0.3,3,4000,1.5,1.2943,0.2057,13.71,2698,2530,168,1302,0.694,0.9377,1
0.7,uniform_heavy,0.8,0.5,1.0,smart,0.3,4,4000,1.5,1.2943,0.2057,13.713,2691,2526,165,1309,0.71,0.9387,1
0.7,uniform_heavy,0.8,0.5,1.0,smart,0.3,5,4000,1.5,1.2963,0.2037,13.578,2689,2514,175,1311,0.7023,0.9349,1
0.7,uniform_heavy,0.8,0.5,1.0,smart,0.3,6,4000,1.5,1.302,0.198,13.201,2664,2484,180,1336,0.6997,0.9324,1
0.7,uniform_heavy,0.8,0.5,2.0,smart,0.3,0,4000,1.5,1.3453,0.1547,10.316,2664,2486,178,1336,0.6877,0.9332,1
0.7,uniform_heavy,0.8,0.5,2.0,smart,0.3,1,4000,1.5,1.3361,0.1639,10.929,2692,2523,169,1308,0.7005,0.9372,1
0.7,uniform_heavy,0.8,0.5,2.0,smart,0.3,2,4000,1.5,1.3418,0.1582,10.546,2696,2519,177,1304,0.6903,0.9343,1
0.7,uniform_heavy,0.8,0.5,2.0,smart,0.3,3,4000,1.5,1.3466,0.1534,10.224,2665,2484,181,1335,0.6965,0.9321,1
0.7,uniform_heavy,0.8,0.5,2.0,smart,0.3,4,4000,1.5,1.3488,0.1512,10.08,2626,2446,180,1374,0.703,0.9315,1
0.7,uniform_heavy,0.8,0.5,2.0,smart,0.3,5,4000,1.5,1.3423,0.1577,10.516,2690,2512,178,1310,0.7125,0.9338,1
0.7,uniform_heavy,0.8,0.5,2.0,smart,0.3,6,4000,1.5,1.3539,0.1461,9.739,2707,2510,197,1293,0.6847,0.9272,1
0.7,uniform_heavy,0.8,1,0.5,smart,0.3,0,4000,2.0,1.5307,0.4693,23.466,2647,2482,165,1353,0.7003,0.9377,1
0.7,uniform_heavy,0.8,1,0.5,smart,0.3,1,4000,2.0,1.5263,0.4737,23.683,2705,2528,177,1295,0.701,0.9346,1
0.7,uniform_heavy,0.8,1,0.5,smart,0.3,2,4000,2.0,1.5254,0.4746,23.728,2687,2526,161,1313,0.7153,0.9401,1
0.7,uniform_heavy,0.8,1,0.5,smart,0.3,3,4000,2.0,1.5299,0.4701,23.505,2677,2501,176,1323,0.6933,0.9343,1
0.7,uniform_heavy,0.8,1,0.5,smart,0.3,4,4000,2.0,1.5287,0.4713,23.563,2677,2506,171,1323,0.6957,0.9361,1
0.7,uniform_heavy,0.8,1,0.5,smart,0.3,5,4000,2.0,1.5265,0.4735,23.676,2697,2525,172,1303,0.6955,0.9362,1
0.7,uniform_heavy,0.8,1,0.5,smart,0.3,6,4000,2.0,1.5272,0.4728,23.642,2680,2513,167,1320,0.6965,0.9377,1
0.7,uniform_heavy,0.8,1,1.0,smart,0.3,0,4000,2.0,1.5515,0.4485,22.424,2677,2506,171,1323,0.7027,0.9361,1
0.7,uniform_heavy,0.8,1,1.0,smart,0.3,1,4000,2.0,1.5584,0.4416,22.08,2682,2498,184,1318,0.691,0.9314,1
0.7,uniform_heavy,0.8,1,1.0,smart,0.3,2,4000,2.0,1.5553,0.4447,22.237,2660,2492,168,1340,0.7137,0.9368,1
0.7,uniform_heavy,0.8,1,1.0,smart,0.3,3,4000,2.0,1.5347,0.4653,23.264,2752,2578,174,1248,0.7027,0.9368,1
0.7,uniform_heavy,0.8,1,1.0,smart,0.3,4,4000,2.0,1.5464,0.4536,22.68,2698,2533,165,1302,0.7045,0.9388,1
0.7,uniform_heavy,0.8,1,1.0,smart,0.3,5,4000,2.0,1.5555,0.4445,22.223,2635,2477,158,1365,0.703,0.94,1
0.7,uniform_heavy,0.8,1,1.0,smart,0.3,6,4000,2.0,1.5437,0.4563,22.815,2719,2541,178,1281,0.7198,0.9345,1
0.7,uniform_heavy,0.8,1,2.0,smart,0.3,0,4000,2.0,1.6076,0.3924,19.619,2625,2450,175,1375,0.6997,0.9333,1
0.7,uniform_heavy,0.8,1,2.0,smart,0.3,1,4000,2.0,1.614,0.386,19.299,2714,2501,213,1286,0.6967,0.9215,1
0.7,uniform_heavy,0.8,1,2.0,smart,0.3,2,4000,2.0,1.6109,0.3891,19.456,2639,2459,180,1361,0.6947,0.9318,1
0.7,uniform_heavy,0.8,1,2.0,smart,0.3,3,4000,2.0,1.5814,0.4186,20.929,2709,2547,162,1291,0.706,0.9402,1
0.7,uniform_heavy,0.8,1,2.0,smart,0.3,4,4000,2.0,1.5932,0.4068,20.34,2648,2485,163,1352,0.7053,0.9384,1
0.7,uniform_heavy,0.8,1,2.0,smart,0.3,5,4000,2.0,1.5889,0.4111,20.556,2672,2510,162,1328,0.7033,0.9394,1
0.7,uniform_heavy,0.8,1,2.0,smart,0.3,6,4000,2.0,1.5946,0.4054,20.272,2647,2482,165,1353,0.6955,0.9377,1
0.7,uniform_heavy,0.8,2,0.5,smart,0.3,0,4000,3.0,2.0335,0.9665,32.215,2685,2524,161,1315,0.6935,0.94,1
0.7,uniform_heavy,0.8,2,0.5,smart,0.3,1,4000,3.0,2.0412,0.9588,31.959,2655,2503,152,1345,0.7003,0.9427,1
0.7,uniform_heavy,0.8,2,0.5,smart,0.3,2,4000,3.0,2.0489,0.9511,31.703,2668,2493,175,1332,0.6953,0.9344,1
0.7,uniform_heavy,0.8,2,0.5,smart,0.3,3,4000,3.0,2.0419,0.9581,31.938,2687,2506,181,1313,0.6897,0.9326,1
0.7,uniform_heavy,0.8,2,0.5,smart,0.3,4,4000,3.0,2.0449,0.9551,31.837,2636,2481,155,1364,0.6955,0.9412,1
0.7,uniform_heavy,0.8,2,0.5,smart,0.3,5,4000,3.0,2.039,0.961,32.034,2675,2506,169,1325,0.6965,0.9368,1
0.7,uniform_heavy,0.8,2,0.5,smart,0.3,6,4000,3.0,2.0537,0.9463,31.544,2630,2468,162,1370,0.7007,0.9384,1
0.7,uniform_heavy,0.8,2,1.0,smart,0.3,0,4000,3.0,2.086,0.914,30.467,2661,2467,194,1339,0.6875,0.9271,1
0.7,uniform_heavy,0.8,2,1.0,smart,0.3,1,4000,3.0,2.0666,0.9334,31.113,2669,2496,173,1331,0.6923,0.9352,1
0.7,uniform_heavy,0.8,2,1.0,smart,0.3,2,4000,3.0,2.0807,0.9193,30.642,2663,2458,205,1337,0.681,0.923,1
0.7,uniform_heavy,0.8,2,1.0,smart,0.3,3,4000,3.0,2.0594,0.9406,31.352,2671,2503,168,1329,0.6977,0.9371,1
0.7,uniform_heavy,0.8,2,1.0,smart,0.3,4,4000,3.0,2.0564,0.9436,31.453,2673,2508,165,1327,0.7087,0.9383,1
0.7,uniform_heavy,0.8,2,1.0,smart,0.3,5,4000,3.0,2.0619,0.9381,31.27,2629,2471,158,1371,0.7035,0.9399,1
0.7,uniform_heavy,0.8,2,1.0,smart,0.3,6,4000,3.0,2.0743,0.9257,30.858,2661,2481,180,1339,0.7023,0.9324,1
0.7,uniform_heavy,0.8,2,2.0,smart,0.3,0,4000,3.0,2.0911,0.9089,30.297,2644,2499,145,1356,0.6965,0.9452,1
0.7,uniform_heavy,0.8,2,2.0,smart,0.3,1,4000,3.0,2.0853,0.9147,30.49,2735,2561,174,1265,0.7057,0.9364,1
0.7,uniform_heavy,0.8,2,2.0,smart,0.3,2,4000,3.0,2.1128,0.8872,29.573,2656,2483,173,1344,0.6917,0.9349,1
0.7,uniform_heavy,0.8,2,2.0,smart,0.3,3,4000,3.0,2.1196,0.8804,29.346,2672,2482,190,1328,0.6993,0.9289,1
0.7,uniform_heavy,0.8,2,2.0,smart,0.3,4,4000,3.0,2.1133,0.8867,29.556,2657,2481,176,1343,0.69,0.9338,1
0.7,uniform_heavy,0.8,2,2.0,smart,0.3,5,4000,3.0,2.0898,0.9102,30.341,2627,2490,137,1373,0.6977,0.9478,1
0.7,uniform_heavy,0.8,2,2.0,smart,0.3,6,4000,3.0,2.0861,0.9139,30.463,2715,2547,168,1285,0.7115,0.9381,1
0.7,uniform_heavy,0.8,4,0.5,smart,0.3,0,4000,5.0,3.0012,1.9988,39.976,2739,2574,165,1261,0.7013,0.9398,1
0.7,uniform_heavy,0.8,4,0.5,smart,0.3,1,4000,5.0,2.9773,2.0227,40.454,2761,2596,165,1239,0.7025,0.9402,1
0.7,uniform_heavy,0.8,4,0.5,smart,0.3,2,4000,5.0,3.0574,1.9426,38.852,2681,2502,179,1319,0.703,0.9332,1
0.7,uniform_heavy,0.8,4,0.5,smart,0.3,3,4000,5.0,3.0462,1.9538,39.075,2677,2522,155,1323,0.6995,0.9421,1
0.7,uniform_heavy,0.8,4,0.5,smart,0.3,4,4000,5.0,3.0521,1.9479,38.958,2663,2503,160,1337,0.7155,0.9399,1
0.7,uniform_heavy,0.8,4,0.5,smart,0.3,5,4000,5.0,3.0634,1.9366,38.732,2668,2493,175,1332,0.699,0.9344,1
0.7,uniform_heavy,0.8,4,0.5,smart,0.3,6,4000,5.0,3.074,1.926,38.521,2666,2487,179,1334,0.6995,0.9329,1
0.7,uniform_heavy,0.8,4,1.0,smart,0.3,0,4000,5.0,3.0882,1.9118,38.235,2661,2491,170,1339,0.7005,0.9361,1
0.7,uniform_heavy,0.8,4,1.0,smart,0.3,1,4000,5.0,3.07,1.93,38.6,2689,2521,168,1311,0.7045,0.9375,1
0.7,uniform_heavy,0.8,4,1.0,smart,0.3,2,4000,5.0,3.1088,1.8912,37.824,2652,2483,169,1348,0.703,0.9363,1
0.7,uniform_heavy,0.8,4,1.0,smart,0.3,3,4000,5.0,3.0717,1.9283,38.566,2644,2500,144,1356,0.7095,0.9455,1
0.7,uniform_heavy,0.8,4,1.0,smart,0.3,4,4000,5.0,3.1252,1.8748,37.496,2646,2463,183,1354,0.6967,0.9308,1
0.7,uniform_heavy,0.8,4,1.0,smart,0.3,5,4000,5.0,3.0453,1.9547,39.094,2708,2537,171,1292,0.709,0.9369,1
0.7,uniform_heavy,0.8,4,1.0,smart,0.3,6,4000,5.0,3.0522,1.9478,38.957,2716,2545,171,1284,0.7033,0.937,1
0.7,uniform_heavy,0.8,4,2.0,smart,0.3,0,4000,5.0,3.0992,1.9008,38.016,2687,2530,157,1313,0.7065,0.9416,1
0.7,uniform_heavy,0.8,4,2.0,smart,0.3,1,4000,5.0,3.1451,1.8549,37.097,2615,2458,157,1385,0.6973,0.94,1
0.7,uniform_heavy,0.8,4,2.0,smart,0.3,2,4000,5.0,3.1313,1.8687,37.375,2680,2501,179,1320,0.692,0.9332,1
0.7,uniform_heavy,0.8,4,2.0,smart,0.3,3,4000,5.0,3.0771,1.9229,38.458,2716,2545,171,1284,0.6957,0.937,1
0.7,uniform_heavy,0.8,4,2.0,smart,0.3,4,4000,5.0,3.1587,1.8413,36.827,2684,2485,199,1316,0.6863,0.9259,1
0.7,uniform_heavy,0.8,4,2.0,smart,0.3,5,4000,5.0,3.0561,1.9439,38.877,2715,2563,152,1285,0.7065,0.944,1
0.7,uniform_heavy,0.8,4,2.0,smart,0.3,6,4000,5.0,3.1293,1.8707,37.414,2701,2514,187,1299,0.6973,0.9308,1
0.7,uniform_heavy,0.8,8,0.5,smart,0.3,0,4000,9.0,5.0948,3.9052,43.392,2679,2521,158,1321,0.6903,0.941,1
0.7,uniform_heavy,0.8,8,0.5,smart,0.3,1,4000,9.0,5.1234,3.8766,43.073,2671,2481,190,1329,0.6977,0.9289,1
0.7,uniform_heavy,0.8,8,0.5,smart,0.3,2,4000,9.0,5.0584,3.9416,43.796,2676,2527,149,1324,0.7025,0.9443,1
0.7,uniform_heavy,0.8,8,0.5,smart,0.3,3,4000,9.0,5.0801,3.9199,43.555,2693,2517,176,1307,0.6963,0.9346,1
0.7,uniform_heavy,0.8,8,0.5,smart,0.3,4,4000,9.0,5.0585,3.9415,43.795,2669,2519,150,1331,0.6965,0.9438,1
0.7,uniform_heavy,0.8,8,0.5,smart,0.3,5,4000,9.0,5.1132,3.8868,43.187,2719,2513,206,1281,0.6927,0.9242,1
0.7,uniform_heavy,0.8,8,0.5,smart,0.3,6,4000,9.0,5.0913,3.9087,43.43,2681,2511,170,1319,0.7005,0.9366,1
0.7,uniform_heavy,0.8,8,1.0,smart,0.3,0,4000,9.0,5.0492,3.9508,43.898,2719,2542,177,1281,0.699,0.9349,1
0.7,uniform_heavy,0.8,8,1.0,smart,0.3,1,4000,9.0,5.0944,3.9056,43.396,2720,2516,204,1280,0.7063,0.925,1
0.7,uniform_heavy,0.8,8,1.0,smart,0.3,2,4000,9.0,5.0242,3.9758,44.176,2760,2576,184,1240,0.6937,0.9333,1
0.7,uniform_heavy,0.8,8,1.0,smart,0.3,3,4000,9.0,5.1296,3.8704,43.004,2661,2493,168,1339,0.6935,0.9369,1
0.7,uniform_heavy,0.8,8,1.0,smart,0.3,4,4000,9.0,5.0948,3.9052,43.391,2701,2520,181,1299,0.7043,0.933,1
0.7,uniform_heavy,0.8,8,1.0,smart,0.3,5,4000,9.0,5.1714,3.8286,42.54,2626,2462,164,1374,0.699,0.9375,1
0.7,uniform_heavy,0.8,8,1.0,smart,0.3,6,4000,9.0,5.1448,3.8552,42.835,2670,2485,185,1330,0.6937,0.9307,1
0.7,uniform_heavy,0.8,8,2.0,smart,0.3,0,4000,9.0,5.2135,3.7865,42.072,2672,2481,191,1328,0.6825,0.9285,1
0.7,uniform_heavy,0.8,8,2.0,smart,0.3,1,4000,9.0,5.1935,3.8065,42.294,2665,2479,186,1335,0.6953,0.9302,1
0.7,uniform_heavy,0.8,8,2.0,smart,0.3,2,4000,9.0,5.1415,3.8585,42.872,2694,2516,178,1306,0.7053,0.9339,1
0.7,uniform_heavy,0.8,8,2.0,smart,0.3,3,4000,9.0,5.1861,3.8139,42.377,2671,2487,184,1329,0.7075,0.9311,1
0.7,uniform_heavy,0.8,8,2.0,smart,0.3,4,4000,9.0,5.1882,3.8118,42.354,2659,2488,171,1341,0.6957,0.9357,1
0.7,uniform_heavy,0.8,8,2.0,smart,0.3,5,4000,9.0,5.1659,3.8341,42.601,2667,2491,176,1333,0.697,0.934,1
0.7,uniform_heavy,0.8,8,2.0,smart,0.3,6,4000,9.0,5.1516,3.8484,42.76,2655,2500,155,1345,0.7135,0.9416,1
0.7,uniform_heavy,0.9,0.25,0.5,smart,0.3,0,4000,1.25,1.1214,0.1286,10.284,2908,2830,78,1092,0.7017,0.9732,1
0.7,uniform_heavy,0.9,0.25,0.5,smart,0.3,1,4000,1.25,1.1226,0.1274,10.191,2897,2812,85,1103,0.6945,0.9707,1
0.7,uniform_heavy,0.9,0.25,0.5,smart,0.3,2,4000,1.25,1.1218,0.1282,10.258,2907,2826,81,1093,0.702,0.9721,1
0.7,uniform_heavy,0.9,0.25,0.5,smart,0.3,3,4000,1.25,1.1228,0.1272,10.175,2891,2806,85,1109,0.7007,0.9706,1
0.7,uniform_heavy,0.9,0.25,0.5,smart,0.3,4,4000,1.25,1.1246,0.1254,10.034,2897,2800,97,1103,0.7087,0.9665,1
0.7,uniform_heavy,0.9,0.25,0.5,smart,0.3,5,4000,1.25,1.1167,0.1333,10.663,2940,2880,60,1060,0.7073,0.9796,1
0.7,uniform_heavy,0.9,0.25,0.5,smart,0.3,6,4000,1.25,1.1254,0.1246,9.97,2896,2795,101,1104,0.6885,0.9651,1
0.7,uniform_heavy,0.9,0.25,1.0,smart,0.3,0,4000,1.25,1.1374,0.1126,9.008,2888,2793,95,1112,0.691,0.9671,1
0.7,uniform_heavy,0.9,0.25,1.0,smart,0.3,1,4000,1.25,1.133,0.117,9.36,2905,2822,83,1095,0.6977,0.9714,1
0.7,uniform_heavy,0.9,0.25,1.0,smart,0.3,2,4000,1.25,1.1303,0.1197,9.577,2952,2867,85,1048,0.7043,0.9712,1
0.7,uniform_heavy,0.9,0.25,1.0,smart,0.3,3,4000,1.25,1.132,0.118,9.436,2951,2861,90,1049,0.699,0.9695,1
0.7,uniform_heavy,0.9,0.25,1.0,smart,0.3,4,4000,1.25,1.1357,0.1143,9.142,2886,2795,91,1114,0.6935,0.9685,1
0.7,uniform_heavy,0.9,0.25,1.0,smart,0.3,5,4000,1.25,1.1309,0.1191,9.528,2909,2831,78,1091,0.6987,0.9732,1
0.7,uniform_heavy,0.9,0.25,1.0,smart,0.3,6,4000,1.25,1.1339,0.1161,9.286,2880,2796,84,1120,0.6965,0.9708,1
0.7,uniform_heavy,0.9,0.25,2.0,smart,0.3,0,4000,1.25,1.1491,0.1009,8.071,2831,2763,68,1169,0.6845,0.976,1
0.7,uniform_heavy,0.9,0.25,2.0,smart,0.3,1,4000,1.25,1.1509,0.0991,7.928,2907,2829,78,1093,0.7057,0.9732,1
0.7,uniform_heavy,0.9,0.25,2.0,smart,0.3,2,4000,1.25,1.1535,0.0965,7.721,2898,2814,84,1102,0.6933,0.971,1
0.7,uniform_heavy,0.9,0.25,2.0,smart,0.3,3,4000,1.25,1.1496,0.1004,8.035,2944,2864,80,1056,0.7175,0.9728,1
0.7,uniform_heavy,0.9,0.25,2.0,smart,0.3,4,4000,1.25,1.1687,0.0813,6.506,2910,2798,112,1090,0.6977,0.9615,1
0.7,uniform_heavy,0.9,0.25,2.0,smart,0.3,5,4000,1.25,1.1585,0.0915,7.324,2935,2840,95,1065,0.7015,0.9676,1
0.7,uniform_heavy,0.9,0.25,2.0,smart,0.3,6,4000,1.25,1.1521,0.0979,7.832,2979,2892,87,1021,0.699,0.9708,1
0.7,uniform_heavy,0.9,0.5,0.5,smart,0.3,0,4000,1.5,1.2353,0.2647,17.648,2900,2807,93,1100,0.702,0.9679,1
0.7,uniform_heavy,0.9,0.5,0.5,smart,0.3,1,4000,1.5,1.2378,0.2622,17.478,2833,2762,71,1167,0.6953,0.9749,1
0.7,uniform_heavy,0.9,0.5,0.5,smart,0.3,2,4000,1.5,1.232,0.268,17.87,2908,2836,72,1092,0.702,0.9752,1
0.7,uniform_heavy,0.9,0.5,0.5,smart,0.3,3,4000,1.5,1.2324,0.2676,17.842,2860,2799,61,1140,0.6887,0.9787,1
0.7,uniform_heavy,0.9,0.5,0.5,smart,0.3,4,4000,1.5,1.2332,0.2668,17.787,2953,2854,99,1047,0.694,0.9665,1
0.7,uniform_heavy,0.9,0.5,0.5,smart,0.3,5,4000,1.5,1.2326,0.2674,17.823,2940,2848,92,1060,0.7003,0.9687,1
0.7,uniform_heavy,0.9,0.5,0.5,smart,0.3,6,4000,1.5,1.234,0.266,17.731,2892,2813,79,1108,0.7005,0.9727,1
0.7,uniform_heavy,0.9,0.5,1.0,smart,0.3,0,4000,1.5,1.245,0.255,16.999,2923,2831,92,1077,0.6975,0.9685,1
0.7,uniform_heavy,0.9,0.5,1.0,smart,0.3,1,4000,1.5,1.2409,0.2591,17.271,2911,2835,76,1089,0.7023,0.9739,1
0.7,uniform_heavy,0.9,0.5,1.0,smart,0.3,2,4000,1.5,1.2389,0.2611,17.41,2928,2854,74,1072,0.7,0.9747,1
0.7,uniform_heavy,0.9,0.5,1.0,smart,0.3,3,4000,1.5,1.2407,0.2593,17.288,2923,2845,78,1077,0.699,0.9733,1
0.7,uniform_heavy,0.9,0.5,1.0,smart,0.3,4,4000,1.5,1.2447,0.2553,17.019,2901,2818,83,1099,0.6947,0.9714,1
0.7,uniform_heavy,0.9,0.5,1.0,smart,0.3,5,4000,1.5,1.249,0.251,16.734,2861,2776,85,1139,0.6873,0.9703,1
0.7,uniform_heavy,0.9,0.5,1.0,smart,0.3,6,4000,1.5,1.2417,0.2583,17.217,2917,2839,78,1083,0.6975,0.9733,1
0.7,uniform_heavy,0.9,0.5,2.0,smart,0.3,0,4000,1.5,1.2631,0.2369,15.795,2902,2822,80,1098,0.6955,0.9724,1
0.7,uniform_heavy,0.9,0.5,2.0,smart,0.3,1,4000,1.5,1.2672,0.2328,15.521,2919,2831,88,1081,0.7063,0.9699,1
0.7,uniform_heavy,0.9,0.5,2.0,smart,0.3,2,4000,1.5,1.2691,0.2309,15.395,2912,2821,91,1088,0.7097,0.9688,1
0.7,uniform_heavy,0.9,0.5,2.0,smart,0.3,3,4000,1.5,1.2647,0.2353,15.684,2931,2847,84,1069,0.698,0.9713,1
0.7,uniform_heavy,0.9,0.5,2.0,smart,0.3,4,4000,1.5,1.2662,0.2338,15.584,2909,2821,88,1091,0.697,0.9697,1
0.7,uniform_heavy,0.9,0.5,2.0,smart,0.3,5,4000,1.5,1.2616,0.2384,15.894,2890,2814,76,1110,0.692,0.9737,1
0.7,uniform_heavy,0.9,0.5,2.0,smart,0.3,6,4000,1.5,1.2706,0.2294,15.292,2876,2790,86,1124,0.6957,0.9701,1
0.7,uniform_heavy,0.9,1,0.5,smart,0.3,0,4000,2.0,1.4637,0.5363,26.815,2907,2809,98,1093,0.6933,0.9663,1
0.7,uniform_heavy,0.9,1,0.5,smart,0.3,1,4000,2.0,1.467,0.533,26.648,2911,2798,113,1089,0.691,0.9612,1
0.7,uniform_heavy,0.9,1,0.5,smart,0.3,2,4000,2.0,1.4617,0.5383,26.917,2869,2800,69,1131,0.6995,0.9759,1
0.7,uniform_heavy,0.9,1,0.5,smart,0.3,3,4000,2.0,1.4487,0.5513,27.564,2944,2855,89,1056,0.699,0.9698,1
0.7,uniform_heavy,0.9,1,0.5,smart,0.3,4,4000,2.0,1.4484,0.5516,27.581,2949,2869,80,1051,0.7123,0.9729,1
0.7,uniform_heavy,0.9,1,0.5,smart,0.3,5,4000,2.0,1.4548,0.5452,27.26,2923,2839,84,1077,0.7055,0.9713,1
0.7,uniform_heavy,0.9,1,0.5,smart,0.3,6,4000,2.0,1.4553,0.5447,27.237,2929,2842,87,1071,0.6987,0.9703,1
0.7,uniform_heavy,0.9,1,1.0,smart,0.3,0,4000,2.0,1.4784,0.5216,26.08,2899,2800,99,1101,0.7087,0.9659,1
0.7,uniform_heavy,0.9,1,1.0,smart,0.3,1,4000,2.0,1.4579,0.5421,27.105,2921,2851,70,1079,0.7127,0.976,1
0.7,uniform_heavy,0.9,1,1.0,smart,0.3,2,4000,2.0,1.4639,0.5361,26.807,2926,2842,84,1074,0.701,0.9713,1
0.7,uniform_heavy,0.9,1,1.0,smart,0.3,3,4000,2.0,1.4683,0.5317,26.584,2859,2790,69,1141,0.687,0.9759,1
0.7,uniform_heavy,0.9,1,1.0,smart,0.3,4,4000,2.0,1.4708,0.5292,26.46,2909,2821,88,1091,0.7045,0.9697,1
0.7,uniform_heavy,0.9,1,1.0,smart,0.3,5,4000,2.0,1.4752,0.5248,26.238,2906,2810,96,1094,0.7027,0.967,1
0.7,uniform_heavy,0.9,1,1.0,smart,0.3,6,4000,2.0,1.4688,0.5312,26.56,2883,2806,77,1117,0.698,0.9733,1
0.7,uniform_heavy,0.9,1,2.0,smart,0.3,0,4000,2.0,1.4952,0.5048,25.24,2940,2840,100,1060,0.7015,0.966,1
0.7,uniform_heavy,0.9,1,2.0,smart,0.3,1,4000,2.0,1.4994,0.5006,25.031,2901,2807,94,1099,0.6937,0.9676,1
0.7,uniform_heavy,0.9,1,2.0,smart,0.3,2,4000,2.0,1.4947,0.5053,25.265,2920,2827,93,1080,0.6975,0.9682,1
0.7,uniform_heavy,0.9,1,2.0,smart,0.3,3,4000,2.0,1.4897,0.5103,25.515,2935,2847,88,1065,0.6953,0.97,1
0.7,uniform_heavy,0.9,1,2.0,smart,0.3,4,4000,2.0,1.4841,0.5159,25.796,2935,2848,87,1065,0.7095,0.9704,1
0.7,uniform_heavy,0.9,1,2.0,smart,0.3,5,4000,2.0,1.4946,0.5054,25.268,2964,2859,105,1036,0.707,0.9646,1
0.7,uniform_heavy,0.9,1,2.0,smart,0.3,6,4000,2.0,1.489,0.511,25.549,2907,2820,87,1093,0.6917,0.9701,1
0.7,uniform_heavy,0.9,2,0.5,smart,0.3,0,4000,3.0,1.8935,1.1065,36.885,2899,2826,73,1101,0.7057,0.9748,1
0.7,uniform_heavy,0.9,2,0.5,smart,0.3,1,4000,3.0,1.8959,1.1041,36.803,2917,2843,74,1083,0.7073,0.9746,1
0.7,uniform_heavy,0.9,2,0.5,smart,0.3,2,4000,3.0,1.9035,1.0965,36.549,2897,2826,71,1103,0.696,0.9755,1
0.7,uniform_heavy,0.9,2,0.5,smart,0.3,3,4000,3.0,1.9053,1.0947,36.491,2885,2811,74,1115,0.699,0.9744,1
0.7,uniform_heavy,0.9,2,0.5,smart,0.3,4,4000,3.0,1.9057,1.0943,36.475,2888,2804,84,1112,0.702,0.9709,1
0.7,uniform_heavy,0.9,2,0.5,smart,0.3,5,4000,3.0,1.9147,1.0853,36.178,2885,2803,82,1115,0.7,0.9716,1
0.7,uniform_heavy,0.9,2,0.5,smart,0.3,6,4000,3.0,1.8976,1.1024,36.747,2913,2831,82,1087,0.7027,0.9719,1
0.7,uniform_heavy,0.9,2,1.0,smart,0.3,0,4000,3.0,1.9077,1.0923,36.41,2910,2836,74,1090,0.6965,0.9746,1
0.7,uniform_heavy,0.9,2,1.0,smart,0.3,1,4000,3.0,1.9303,1.0697,35.656,2921,2812,109,1079,0.704,0.9627,1
0.7,uniform_heavy,0.9,2,1.0,smart,0.3,2,4000,3.0,1.9057,1.0943,36.478,2915,2836,79,1085,0.7063,0.9729,1
0.7,uniform_heavy,0.9,2,1.0,smart,0.3,3,4000,3.0,1.9066,1.0934,36.446,2937,2843,94,1063,0.7087,0.968,1
0.7,uniform_heavy,0.9,2,1.0,smart,0.3,4,4000,3.0,1.9102,1.0898,36.327,2934,2833,101,1066,0.6953,0.9656,1
0.7,uniform_heavy,0.9,2,1.0,smart,0.3,5,4000,3.0,1.9044,1.0956,36.519,2921,2846,75,1079,0.6953,0.9743,1
0.7,uniform_heavy,0.9,2,1.0,smart,0.3,6,4000,3.0,1.916,1.084,36.133,2894,2810,84,1106,0.693,0.971,1
0.7,uniform_heavy,0.9,2,2.0,smart,0.3,0,4000,3.0,1.9307,1.0693,35.643,2919,2834,85,1081,0.6985,0.9709,1
0.7,uniform_heavy,0.9,2,2.0,smart,0.3,1,4000,3.0,1.9496,1.0504,35.013,2871,2783,88,1129,0.7003,0.9693,1
0.7,uniform_heavy,0.9,2,2.0,smart,0.3,2,4000,3.0,1.9372,1.0628,35.426,2893,2807,86,1107,0.6923,0.9703,1
0.7,uniform_heavy,0.9,2,2.0,smart,0.3,3,4000,3.0,1.9538,1.0462,34.873,2873,2788,85,1127,0.712,0.9704,1
0.7,uniform_heavy,0.9,2,2.0,smart,0.3,4,4000,3.0,1.9478,1.0522,35.074,2894,2802,92,1106,0.693,0.9682,1
0.7,uniform_heavy,0.9,2,2.0,smart,0.3,5,4000,3.0,1.9397,1.0603,35.343,2900,2812,88,1100,0.7055,0.9697,1
0.7,uniform_heavy,0.9,2,2.0,smart,0.3,6,4000,3.0,1.9396,1.0604,35.347,2917,2826,91,1083,0.696,0.9688,1
0.7,uniform_heavy,0.9,4,0.5,smart,0.3,0,4000,5.0,2.7626,2.2374,44.747,2948,2864,84,1052,0.7057,0.9715,1
0.7,uniform_heavy,0.9,4,0.5,smart,0.3,1,4000,5.0,2.8122,2.1878,43.757,2916,2813,103,1084,0.695,0.9647,1
0.7,uniform_heavy,0.9,4,0.5,smart,0.3,2,4000,5.0,2.8108,2.1892,43.784,2881,2804,77,1119,0.6855,0.9733,1
0.7,uniform_heavy,0.9,4,0.5,smart,0.3,3,4000,5.0,2.8256,2.1744,43.489,2889,2796,93,1111,0.6975,0.9678,1
0.7,uniform_heavy,0.9,4,0.5,smart,0.3,4,4000,5.0,2.7749,2.2251,44.502,2941,2860,81,1059,0.7065,0.9725,1
0.7,uniform_heavy,0.9,4,0.5,smart,0.3,5,4000,5.0,2.7825,2.2175,44.351,2930,2854,76,1070,0.6967,0.9741,1
0.7,uniform_heavy,0.9,4,0.5,smart,0.3,6,4000,5.0,2.812,2.188,43.759,2869,2796,73,1131,0.6947,0.9746,1
0.7,uniform_heavy,0.9,4,1.0,smart,0.3,0,4000,5.0,2.8246,2.1754,43.507,2897,2802,95,1103,0.706,0.9672,1
0.7,uniform_heavy,0.9,4,1.0,smart,0.3,1,4000,5.0,2.8179,2.1821,43.642,2905,2813,92,1095,0.6935,0.9683,1
0.7,uniform_heavy,0.9,4,1.0,smart,0.3,2,4000,5.0,2.8523,2.1477,42.954,2858,2770,88,1142,0.6915,0.9692,1
0.7,uniform_heavy,0.9,4,1.0,smart,0.3,3,4000,5.0,2.7771,2.2229,44.457,2957,2866,91,1043,0.6995,0.9692,1
0.7,uniform_heavy,0.9,4,1.0,smart,0.3,4,4000,5.0,2.8094,2.1906,43.813,2915,2829,86,1085,0.7143,0.9705,1
0.7,uniform_heavy,0.9,4,1.0,smart,0.3,5,4000,5.0,2.748,2.252,45.039,2954,2888,66,1046,0.6995,0.9777,1
0.7,uniform_heavy,0.9,4,1.0,smart,0.3,6,4000,5.0,2.7827,2.2173,44.347,2946,2862,84,1054,0.7043,0.9715,1
0.7,uniform_heavy,0.9,4,2.0,smart,0.3,0,4000,5.0,2.8275,2.1725,43.45,2938,2837,101,1062,0.6893,0.9656,1
0.7,uniform_heavy,0.9,4,2.0,smart,0.3,1,4000,5.0,2.8622,2.1378,42.756,2853,2782,71,1147,0.6935,0.9751,1
0.7,uniform_heavy,0.9,4,2.0,smart,0.3,2,4000,5.0,2.7858,2.2142,44.284,2948,2860,88,1052,0.6995,0.9701,1
0.7,uniform_heavy,0.9,4,2.0,smart,0.3,3,4000,5.0,2.7969,2.2031,44.062,2923,2851,72,1077,0.6983,0.9754,1
0.7,uniform_heavy,0.9,4,2.0,smart,0.3,4,4000,5.0,2.8347,2.1653,43.306,2895,2812,83,1105,0.703,0.9713,1
0.7,uniform_heavy,0.9,4,2.0,smart,0.3,5,4000,5.0,2.7964,2.2036,44.072,2927,2855,72,1073,0.699,0.9754,1
0.7,uniform_heavy,0.9,4,2.0,smart,0.3,6,4000,5.0,2.8245,2.1755,43.511,2938,2837,101,1062,0.7055,0.9656,1
0.7,uniform_heavy,0.9,8,0.5,smart,0.3,0,4000,9.0,4.6519,4.3481,48.313,2867,2780,87,1133,0.683,0.9697,1
0.7,uniform_heavy,0.9,8,0.5,smart,0.3,1,4000,9.0,4.561,4.439,49.322,2926,2847,79,1074,0.7013,0.973,1
0.7,uniform_heavy,0.9,8,0.5,smart,0.3,2,4000,9.0,4.6176,4.3824,48.693,2889,2804,85,1111,0.6993,0.9706,1
0.7,uniform_heavy,0.9,8,0.5,smart,0.3,3,4000,9.0,4.6111,4.3889,48.766,2914,2819,95,1086,0.699,0.9674,1
0.7,uniform_heavy,0.9,8,0.5,smart,0.3,4,4000,9.0,4.6141,4.3859,48.732,2883,2803,80,1117,0.693,0.9723,1
0.7,uniform_heavy,0.9,8,0.5,smart,0.3,5,4000,9.0,4.6439,4.3561,48.401,2853,2779,74,1147,0.6965,0.9741,1
0.7,uniform_heavy,0.9,8,0.5,smart,0.3,6,4000,9.0,4.6017,4.3983,48.869,2919,2818,101,1081,0.7125,0.9654,1
0.7,uniform_heavy,0.9,8,1.0,smart,0.3,0,4000,9.0,4.5811,4.4189,49.099,2941,2842,99,1059,0.701,0.9663,1
0.7,uniform_heavy,0.9,8,1.0,smart,0.3,1,4000,9.0,4.6434,4.3566,48.407,2875,2785,90,1125,0.6943,0.9687,1
0.7,uniform_heavy,0.9,8,1.0,smart,0.3,2,4000,9.0,4.6767,4.3233,48.037,2875,2775,100,1125,0.6907,0.9652,1
0.7,uniform_heavy,0.9,8,1.0,smart,0.3,3,4000,9.0,4.5064,4.4936,49.928,2969,2873,96,1031,0.7023,0.9677,1
0.7,uniform_heavy,0.9,8,1.0,smart,0.3,4,4000,9.0,4.5443,4.4557,49.508,2962,2870,92,1038,0.7033,0.9689,1
0.7,uniform_heavy,0.9,8,1.0,smart,0.3,5,4000,9.0,4.5511,4.4489,49.432,2934,2846,88,1066,0.703,0.97,1
0.7,uniform_heavy,0.9,8,1.0,smart,0.3,6,4000,9.0,4.5583,4.4417,49.352,2914,2839,75,1086,0.7003,0.9743,1
0.7,uniform_heavy,0.9,8,2.0,smart,0.3,0,4000,9.0,4.6261,4.3739,48.598,2890,2816,74,1110,0.6975,0.9744,1
0.7,uniform_heavy,0.9,8,2.0,smart,0.3,1,4000,9.0,4.61,4.39,48.777,2919,2834,85,1081,0.6985,0.9709,1
0.7,uniform_heavy,0.9,8,2.0,smart,0.3,2,4000,9.0,4.6559,4.3441,48.268,2886,2801,85,1114,0.7,0.9705,1
0.7,uniform_heavy,0.9,8,2.0,smart,0.3,3,4000,9.0,4.5721,4.4279,49.199,2917,2845,72,1083,0.694,0.9753,1
0.7,uniform_heavy,0.9,8,2.0,smart,0.3,4,4000,9.0,4.6172,4.3828,48.698,2904,2810,94,1096,0.7025,0.9676,1
0.7,uniform_heavy,0.9,8,2.0,smart,0.3,5,4000,9.0,4.6107,4.3893,48.77,2915,2829,86,1085,0.711,0.9705,1
0.7,uniform_heavy,0.9,8,2.0,smart,0.3,6,4000,9.0,4.5925,4.4075,48.972,2915,2833,82,1085,0.6943,0.9719,1
0.7,uniform_heavy,0.95,0.25,0.5,smart,0.3,0,4000,1.25,1.1089,0.1411,11.286,3029,2987,42,971,0.7023,0.9861,1
0.7,uniform_heavy,0.95,0.25,0.5,smart,0.3,1,4000,1.25,1.108,0.142,11.36,3041,3000,41,959,0.711,0.9865,1
0.7,uniform_heavy,0.95,0.25,0.5,smart,0.3,2,4000,1.25,1.1091,0.1409,11.268,3033,2985,48,967,0.7087,0.9842,1
0.7,uniform_heavy,0.95,0.25,0.5,smart,0.3,3,4000,1.25,1.1078,0.1422,11.378,3043,3006,37,957,0.7015,0.9878,1
0.7,uniform_heavy,0.95,0.25,0.5,smart,0.3,4,4000,1.25,1.1073,0.1427,11.413,3062,3018,44,938,0.6907,0.9856,1
0.7,uniform_heavy,0.95,0.25,0.5,smart,0.3,5,4000,1.25,1.1078,0.1422,11.376,3097,3039,58,903,0.7175,0.9813,1
0.7,uniform_heavy,0.95,0.25,0.5,smart,0.3,6,4000,1.25,1.1108,0.1392,11.136,3006,2956,50,994,0.697,0.9834,1
0.7,uniform_heavy,0.95,0.25,1.0,smart,0.3,0,4000,1.25,1.1154,0.1346,10.766,3050,3001,49,950,0.712,0.9839,1
0.7,uniform_heavy,0.95,0.25,1.0,smart,0.3,1,4000,1.25,1.1148,0.1352,10.815,2985,2946,39,1015,0.7033,0.9869,1
0.7,uniform_heavy,0.95,0.25,1.0,smart,0.3,2,4000,1.25,1.1167,0.1333,10.662,3000,2953,47,1000,0.6975,0.9843,1
0.7,uniform_heavy,0.95,0.25,1.0,smart,0.3,3,4000,1.25,1.115,0.135,10.799,2984,2945,39,1016,0.692,0.9869,1
0.7,uniform_heavy,0.95,0.25,1.0,smart,0.3,4,4000,1.25,1.114,0.136,10.878,3015,2974,41,985,0.699,0.9864,1
0.7,uniform_heavy,0.95,0.25,1.0,smart,0.3,5,4000,1.25,1.1137,0.1363,10.903,3029,2989,40,971,0.6965,0.9868,1
0.7,uniform_heavy,0.95,0.25,1.0,smart,0.3,6,4000,1.25,1.1171,0.1329,10.63,3019,2969,50,981,0.701,0.9834,1
0.7,uniform_heavy,0.95,0.25,2.0,smart,0.3,0,4000,1.25,1.1226,0.1274,10.196,3061,3020,41,939,0.7123,0.9866,1
0.7,uniform_heavy,0.95,0.25,2.0,smart,0.3,1,4000,1.25,1.1245,0.1255,10.043,3023,2982,41,977,0.702,0.9864,1
0.7,uniform_heavy,0.95,0.25,2.0,smart,0.3,2,4000,1.25,1.1217,0.1283,10.268,2994,2960,34,1006,0.6993,0.9886,1
0.7,uniform_heavy,0.95,0.25,2.0,smart,0.3,3,4000,1.25,1.1216,0.1284,10.273,3049,3010,39,951,0.7037,0.9872,1
0.7,uniform_heavy,0.95,0.25,2.0,smart,0.3,4,4000,1.25,1.1269,0.1231,9.844,3030,2983,47,970,0.693,0.9845,1
0.7,uniform_heavy,0.95,0.25,2.0,smart,0.3,5,4000,1.25,1.1193,0.1307,10.455,3033,2999,34,967,0.701,0.9888,1
0.7,uniform_heavy,0.95,0.25,2.0,smart,0.3,6,4000,1.25,1.1232,0.1268,10.14,3018,2980,38,982,0.7033,0.9874,1
0.7,uniform_heavy,0.95,0.5,0.5,smart,0.3,0,4000,1.5,1.2097,0.2903,19.355,3031,3000,31,969,0.7047,0.9898,1
0.7,uniform_heavy,0.95,0.5,0.5,smart,0.3,1,4000,1.5,1.2146,0.2854,19.027,2995,2957,38,1005,0.694,0.9873,1
0.7,uniform_heavy,0.95,0.5,0.5,smart,0.3,2,4000,1.5,1.2166,0.2834,18.895,3031,2973,58,969,0.7057,0.9809,1
0.7,uniform_heavy,0.95,0.5,0.5,smart,0.3,3,4000,1.5,1.2137,0.2863,19.084,3056,3000,56,944,0.7047,0.9817,1
0.7,uniform_heavy,0.95,0.5,0.5,smart,0.3,4,4000,1.5,1.2133,0.2867,19.115,3029,2981,48,971,0.6977,0.9842,1
0.7,uniform_heavy,0.95,0.5,0.5,smart,0.3,5,4000,1.5,1.2178,0.2822,18.814,2980,2938,42,1020,0.692,0.9859,1
0.7,uniform_heavy,0.95,0.5,0.5,smart,0.3,6,4000,1.5,1.2087,0.2913,19.42,3073,3035,38,927,0.7115,0.9876,1
0.7,uniform_heavy,0.95,0.5,1.0,smart,0.3,0,4000,1.5,1.2153,0.2847,18.977,3026,2991,35,974,0.709,0.9884,1
0.7,uniform_heavy,0.95,0.5,1.0,smart,0.3,1,4000,1.5,1.2164,0.2836,18.904,3027,2987,40,973,0.7005,0.9868,1
0.7,uniform_heavy,0.95,0.5,1.0,smart,0.3,2,4000,1.5,1.2153,0.2847,18.981,3044,3005,39,956,0.701,0.9872,1
0.7,uniform_heavy,0.95,0.5,1.0,smart,0.3,3,4000,1.5,1.2239,0.2761,18.406,2989,2941,48,1011,0.6925,0.9839,1
0.7,uniform_heavy,0.95,0.5,1.0,smart,0.3,4,4000,1.5,1.2211,0.2789,18.592,3010,2964,46,990,0.7035,0.9847,1
0.7,uniform_heavy,0.95,0.5,1.0,smart,0.3,5,4000,1.5,1.2186,0.2814,18.761,3025,2982,43,975,0.7057,0.9858,1
0.7,uniform_heavy,0.95,0.5,1.0,smart,0.3,6,4000,1.5,1.2158,0.2842,18.948,3024,2985,39,976,0.6977,0.9871,1
0.7,uniform_heavy,0.95,0.5,2.0,smart,0.3,0,4000,1.5,1.2373,0.2627,17.514,2982,2930,52,1018,0.693,0.9826,1
0.7,uniform_heavy,0.95,0.5,2.0,smart,0.3,1,4000,1.5,1.2336,0.2664,17.761,3041,2988,53,959,0.7067,0.9826,1
0.7,uniform_heavy,0.95,0.5,2.0,smart,0.3,2,4000,1.5,1.2326,0.2674,17.825,3043,2992,51,957,0.6997,0.9832,1
0.7,uniform_heavy,0.95,0.5,2.0,smart,0.3,3,4000,1.5,1.2262,0.2738,18.251,3037,2995,42,963,0.6977,0.9862,1
0.7,uniform_heavy,0.95,0.5,2.0,smart,0.3,4,4000,1.5,1.2373,0.2627,17.512,2968,2923,45,1032,0.6953,0.9848,1
0.7,uniform_heavy,0.95,0.5,2.0,smart,0.3,5,4000,1.5,1.2301,0.2699,17.994,3033,2989,44,967,0.6913,0.9855,1
0.7,uniform_heavy,0.95,0.5,2.0,smart,0.3,6,4000,1.5,1.2375,0.2625,17.503,2947,2905,42,1053,0.6945,0.9857,1
0.7,uniform_heavy,0.95,1,0.5,smart,0.3,0,4000,2.0,1.4196,0.5804,29.022,3016,2979,37,984,0.697,0.9877,1
0.7,uniform_heavy,0.95,1,0.5,smart,0.3,1,4000,2.0,1.4226,0.5774,28.872,3028,2980,48,972,0.7015,0.9841,1
0.7,uniform_heavy,0.95,1,0.5,smart,0.3,2,4000,2.0,1.4289,0.5711,28.554,2964,2932,32,1036,0.691,0.9892,1
0.7,uniform_heavy,0.95,1,0.5,smart,0.3,3,4000,2.0,1.4257,0.5743,28.715,3021,2972,49,979,0.6977,0.9838,1
0.7,uniform_heavy,0.95,1,0.5,smart,0.3,4,4000,2.0,1.4277,0.5723,28.614,2982,2939,43,1018,0.6907,0.9856,1
0.7,uniform_heavy,0.95,1,0.5,smart,0.3,5,4000,2.0,1.4148,0.5852,29.258,3056,3011,45,944,0.705,0.9853,1
0.7,uniform_heavy,0.95,1,0.5,smart,0.3,6,4000,2.0,1.4277,0.5723,28.616,2995,2956,39,1005,0.6937,0.987,1
0.7,uniform_heavy,0.95,1,1.0,smart,0.3,0,4000,2.0,1.4297,0.5703,28.513,3005,2963,42,995,0.705,0.986,1
0.7,uniform_heavy,0.95,1,1.0,smart,0.3,1,4000,2.0,1.4345,0.5655,28.277,2995,2950,45,1005,0.704,0.985,1
0.7,uniform_heavy,0.95,1,1.0,smart,0.3,2,4000,2.0,1.427,0.573,28.651,3039,2990,49,961,0.705,0.9839,1
0.7,uniform_heavy,0.95,1,1.0,smart,0.3,3,4000,2.0,1.4306,0.5694,28.472,3011,2967,44,989,0.6953,0.9854,1
0.7,uniform_heavy,0.95,1,1.0,smart,0.3,4,4000,2.0,1.4416,0.5584,27.922,2970,2917,53,1030,0.6913,0.9822,1
0.7,uniform_heavy,0.95,1,1.0,smart,0.3,5,4000,2.0,1.435,0.565,28.25,2997,2951,46,1003,0.6977,0.9847,1
0.7,uniform_heavy,0.95,1,1.0,smart,0.3,6,4000,2.0,1.4246,0.5754,28.772,3035,2990,45,965,0.7063,0.9852,1
0.7,uniform_heavy,0.95,1,2.0,smart,0.3,0,4000,2.0,1.4378,0.5622,28.111,3018,2977,41,982,0.698,0.9864,1
0.7,uniform_heavy,0.95,1,2.0,smart,0.3,1,4000,2.0,1.433,0.567,28.351,3051,3006,45,949,0.7083,0.9853,1
0.7,uniform_heavy,0.95,1,2.0,smart,0.3,2,4000,2.0,1.4485,0.5515,27.577,2978,2934,44,1022,0.6907,0.9852,1
0.7,uniform_heavy,0.95,1,2.0,smart,0.3,3,4000,2.0,1.4223,0.5777,28.887,3053,3021,32,947,0.7013,0.9895,1
0.7,uniform_heavy,0.95,1,2.0,smart,0.3,4,4000,2.0,1.438,0.562,28.1,3014,2970,44,986,0.6975,0.9854,1
0.7,uniform_heavy,0.95,1,2.0,smart,0.3,5,4000,2.0,1.434,0.566,28.298,3033,2991,42,967,0.7017,0.9862,1
0.7,uniform_heavy,0.95,1,2.0,smart,0.3,6,4000,2.0,1.4438,0.5562,27.811,3045,2991,54,955,0.7117,0.9823,1
0.7,uniform_heavy,0.95,2,0.5,smart,0.3,0,4000,3.0,1.8258,1.1742,39.14,3055,3019,36,945,0.7065,0.9882,1
0.7,uniform_heavy,0.95,2,0.5,smart,0.3,1,4000,3.0,1.8374,1.1626,38.755,3029,2983,46,971,0.6963,0.9848,1
0.7,uniform_heavy,0.95,2,0.5,smart,0.3,2,4000,3.0,1.855,1.145,38.165,3011,2957,54,989,0.6883,0.9821,1
0.7,uniform_heavy,0.95,2,0.5,smart,0.3,3,4000,3.0,1.8351,1.1649,38.831,3022,2987,35,978,0.7005,0.9884,1
0.7,uniform_heavy,0.95,2,0.5,smart,0.3,4,4000,3.0,1.8594,1.1406,38.019,2976,2933,43,1024,0.69,0.9856,1
0.7,uniform_heavy,0.95,2,0.5,smart,0.3,5,4000,3.0,1.8447,1.1553,38.511,3002,2967,35,998,0.6953,0.9883,1
0.7,uniform_heavy,0.95,2,0.5,smart,0.3,6,4000,3.0,1.8587,1.1413,38.042,2969,2913,56,1031,0.682,0.9811,1
0.7,uniform_heavy,0.95,2,1.0,smart,0.3,0,4000,3.0,1.8627,1.1373,37.91,2989,2940,49,1011,0.6965,0.9836,1
0.7,uniform_heavy,0.95,2,1.0,smart,0.3,1,4000,3.0,1.8571,1.1429,38.095,2990,2957,33,1010,0.69,0.989,1
0.7,uniform_heavy,0.95,2,1.0,smart,0.3,2,4000,3.0,1.8619,1.1381,37.937,2982,2943,39,1018,0.6897,0.9869,1
0.7,uniform_heavy,0.95,2,1.0,smart,0.3,3,4000,3.0,1.8285,1.1715,39.049,3044,3008,36,956,0.696,0.9882,1
0.7,uniform_heavy,0.95,2,1.0,smart,0.3,4,4000,3.0,1.8439,1.1561,38.538,3017,2978,39,983,0.696,0.9871,1
0.7,uniform_heavy,0.95,2,1.0,smart,0.3,5,4000,3.0,1.8371,1.1629,38.764,3036,2998,38,964,0.6947,0.9875,1
0.7,uniform_heavy,0.95,2,1.0,smart,0.3,6,4000,3.0,1.8274,1.1726,39.088,3061,3021,40,939,0.7097,0.9869,1
0.7,uniform_heavy,0.95,2,2.0,smart,0.3,0,4000,3.0,1.8591,1.1409,38.029,3039,2983,56,961,0.6813,0.9816,1
0.7,uniform_heavy,0.95,2,2.0,smart,0.3,1,4000,3.0,1.8635,1.1365,37.883,3027,2976,51,973,0.6935,0.9832,1
0.7,uniform_heavy,0.95,2,2.0,smart,0.3,2,4000,3.0,1.8415,1.1585,38.618,3081,3034,47,919,0.7045,0.9847,1
0.7,uniform_heavy,0.95,2,2.0,smart,0.3,3,4000,3.0,1.8549,1.1451,38.17,3038,2991,47,962,0.7005,0.9845,1
0.7,uniform_heavy,0.95,2,2.0,smart,0.3,4,4000,3.0,1.8562,1.1438,38.128,3036,2983,53,964,0.705,0.9825,1
0.7,uniform_heavy,0.95,2,2.0,smart,0.3,5,4000,3.0,1.8609,1.1391,37.97,3002,2962,40,998,0.6897,0.9867,1
0.7,uniform_heavy,0.95,2,2.0,smart,0.3,6,4000,3.0,1.8497,1.1503,38.342,3009,2976,33,991,0.689,0.989,1
0.7,uniform_heavy,0.95,4,0.5,smart,0.3,0,4000,5.0,2.6791,2.3209,46.419,3000,2961,39,1000,0.7045,0.987,1
0.7,uniform_heavy,0.95,4,0.5,smart,0.3,1,4000,5.0,2.6771,2.3229,46.459,3009,2962,47,991,0.6973,0.9844,1
0.7,uniform_heavy,0.95,4,0.5,smart,0.3,2,4000,5.0,2.6606,2.3394,46.788,3030,2988,42,970,0.6995,0.9861,1
0.7,uniform_heavy,0.95,4,0.5,smart,0.3,3,4000,5.0,2.6766,2.3234,46.467,3018,2973,45,982,0.7057,0.9851,1
0.7,uniform_heavy,0.95,4,0.5,smart,0.3,4,4000,5.0,2.674,2.326,46.521,3022,2968,54,978,0.7067,0.9821,1
0.7,uniform_heavy,0.95,4,0.5,smart,0.3,5,4000,5.0,2.6577,2.3423,46.845,3018,2975,43,982,0.7097,0.9858,1
0.7,uniform_heavy,0.95,4,0.5,smart,0.3,6,4000,5.0,2.6709,2.3291,46.582,3054,2994,60,946,0.7057,0.9804,1
0.7,uniform_heavy,0.95,4,1.0,smart,0.3,0,4000,5.0,2.6764,2.3236,46.472,3019,2979,40,981,0.6927,0.9868,1
0.7,uniform_heavy,0.95,4,1.0,smart,0.3,1,4000,5.0,2.656,2.344,46.881,3050,3006,44,950,0.7,0.9856,1
0.7,uniform_heavy,0.95,4,1.0,smart,0.3,2,4000,5.0,2.6531,2.3469,46.938,3036,2996,40,964,0.703,0.9868,1
0.7,uniform_heavy,0.95,4,1.0,smart,0.3,3,4000,5.0,2.6868,2.3132,46.264,3024,2976,48,976,0.698,0.9841,1
0.7,uniform_heavy,0.95,4,1.0,smart,0.3,4,4000,5.0,2.6567,2.3433,46.867,3034,2994,40,966,0.709,0.9868,1
0.7,uniform_heavy,0.95,4,1.0,smart,0.3,5,4000,5.0,2.6754,2.3246,46.492,3038,2985,53,962,0.6953,0.9826,1
0.7,uniform_heavy,0.95,4,1.0,smart,0.3,6,4000,5.0,2.6582,2.3418,46.836,3037,2996,41,963,0.7043,0.9865,1
0.7,uniform_heavy,0.95,4,2.0,smart,0.3,0,4000,5.0,2.6775,2.3225,46.45,3024,2980,44,976,0.6917,0.9854,1
0.7,uniform_heavy,0.95,4,2.0,smart,0.3,1,4000,5.0,2.6849,2.3151,46.301,3040,2987,53,960,0.7093,0.9826,1
0.7,uniform_heavy,0.95,4,2.0,smart,0.3,2,4000,5.0,2.7084,2.2916,45.831,2998,2957,41,1002,0.6905,0.9863,1
0.7,uniform_heavy,0.95,4,2.0,smart,0.3,3,4000,5.0,2.7048,2.2952,45.903,3010,2957,53,990,0.707,0.9824,1
0.7,uniform_heavy,0.95,4,2.0,smart,0.3,4,4000,5.0,2.6843,2.3157,46.315,3015,2972,43,985,0.7035,0.9857,1
0.7,uniform_heavy,0.95,4,2.0,smart,0.3,5,4000,5.0,2.6852,2.3148,46.296,3028,2985,43,972,0.702,0.9858,1
0.7,uniform_heavy,0.95,4,2.0,smart,0.3,6,4000,5.0,2.6542,2.3458,46.917,3030,2997,33,970,0.7143,0.9891,1
0.7,uniform_heavy,0.95,8,0.5,smart,0.3,0,4000,9.0,4.3887,4.6113,51.237,2974,2934,40,1026,0.688,0.9866,1
0.7,uniform_heavy,0.95,8,0.5,smart,0.3,1,4000,9.0,4.2953,4.7047,52.275,3027,2987,40,973,0.7005,0.9868,1
0.7,uniform_heavy,0.95,8,0.5,smart,0.3,2,4000,9.0,4.3954,4.6046,51.162,2997,2948,49,1003,0.6893,0.9837,1
0.7,uniform_heavy,0.95,8,0.5,smart,0.3,3,4000,9.0,4.3201,4.6799,51.999,3046,2992,54,954,0.6957,0.9823,1
0.7,uniform_heavy,0.95,8,0.5,smart,0.3,4,4000,9.0,4.3398,4.6602,51.78,3013,2972,41,987,0.692,0.9864,1
0.7,uniform_heavy,0.95,8,0.5,smart,0.3,5,4000,9.0,4.3168,4.6832,52.035,3053,3001,52,947,0.6895,0.983,1
0.7,uniform_heavy,0.95,8,0.5,smart,0.3,6,4000,9.0,4.3263,4.6737,51.931,3033,2996,37,967,0.6993,0.9878,1
0.7,uniform_heavy,0.95,8,1.0,smart,0.3,0,4000,9.0,4.3113,4.6887,52.096,3018,2982,36,982,0.702,0.9881,1
0.7,uniform_heavy,0.95,8,1.0,smart,0.3,1,4000,9.0,4.3079,4.6921,52.135,3030,2982,48,970,0.6913,0.9842,1
0.7,uniform_heavy,0.95,8,1.0,smart,0.3,2,4000,9.0,4.3469,4.6531,51.701,3036,2988,48,964,0.695,0.9842,1
0.7,uniform_heavy,0.95,8,1.0,smart,0.3,3,4000,9.0,4.3644,4.6356,51.506,3011,2969,42,989,0.6955,0.9861,1
0.7,uniform_heavy,0.95,8,1.0,smart,0.3,4,4000,9.0,4.3435,4.6565,51.739,3022,2974,48,978,0.7083,0.9841,1
0.7,uniform_heavy,0.95,8,1.0,smart,0.3,5,4000,9.0,4.3529,4.6471,51.634,3015,2971,44,985,0.691,0.9854,1
0.7,uniform_heavy,0.95,8,1.0,smart,0.3,6,4000,9.0,4.3218,4.6782,51.98,3024,2989,35,976,0.7023,0.9884,1
0.7,uniform_heavy,0.95,8,2.0,smart,0.3,0,4000,9.0,4.3043,4.6957,52.175,3043,3005,38,957,0.7073,0.9875,1
0.7,uniform_heavy,0.95,8,2.0,smart,0.3,1,4000,9.0,4.4122,4.5878,50.976,2990,2938,52,1010,0.6975,0.9826,1
0.7,uniform_heavy,0.95,8,2.0,smart,0.3,2,4000,9.0,4.3541,4.6459,51.621,3020,2978,42,980,0.6975,0.9861,1
0.7,uniform_heavy,0.95,8,2.0,smart,0.3,3,4000,9.0,4.3171,4.6829,52.032,3046,3004,42,954,0.7,0.9862,1
0.7,uniform_heavy,0.95,8,2.0,smart,0.3,4,4000,9.0,4.3992,4.6008,51.12,2999,2942,57,1001,0.6863,0.981,1
0.7,uniform_heavy,0.95,8,2.0,smart,0.3,5,4000,9.0,4.2771,4.7229,52.477,3055,3007,48,945,0.7037,0.9843,1
0.7,uniform_heavy,0.95,8,2.0,smart,0.3,6,4000,9.0,4.3527,4.6473,51.637,3012,2970,42,988,0.6977,0.9861,1
0.7,uniform_heavy,1.0,0.25,0.5,smart,0.3,0,4000,1.25,1.0981,0.1519,12.154,3101,3101,0,899,0.6973,1.0,1
0.7,uniform_heavy,1.0,0.25,0.5,smart,0.3,1,4000,1.25,1.0964,0.1536,12.29,3146,3146,0,854,0.7087,1.0,1
0.7,uniform_heavy,1.0,0.25,0.5,smart,0.3,2,4000,1.25,1.0963,0.1537,12.298,3147,3147,0,853,0.6975,1.0,1
0.7,uniform_heavy,1.0,0.25,0.5,smart,0.3,3,4000,1.25,1.0966,0.1534,12.271,3120,3120,0,880,0.7017,1.0,1
0.7,uniform_heavy,1.0,0.25,0.5,smart,0.3,4,4000,1.25,1.0964,0.1536,12.29,3140,3140,0,860,0.706,1.0,1
0.7,uniform_heavy,1.0,0.25,0.5,smart,0.3,5,4000,1.25,1.0964,0.1536,12.291,3132,3132,0,868,0.7023,1.0,1
0.7,uniform_heavy,1.0,0.25,0.5,smart,0.3,6,4000,1.25,1.0961,0.1539,12.308,3131,3131,0,869,0.69,1.0,1
0.7,uniform_heavy,1.0,0.25,1.0,smart,0.3,0,4000,1.25,1.0936,0.1564,12.515,3191,3191,0,809,0.7185,1.0,1
0.7,uniform_heavy,1.0,0.25,1.0,smart,0.3,1,4000,1.25,1.0952,0.1548,12.386,3155,3155,0,845,0.7033,1.0,1
0.7,uniform_heavy,1.0,0.25,1.0,smart,0.3,2,4000,1.25,1.096,0.154,12.32,3150,3150,0,850,0.7077,1.0,1
0.7,uniform_heavy,1.0,0.25,1.0,smart,0.3,3,4000,1.25,1.0967,0.1533,12.266,3127,3127,0,873,0.6977,1.0,1
0.7,uniform_heavy,1.0,0.25,1.0,smart,0.3,4,4000,1.25,1.0957,0.1543,12.346,3139,3139,0,861,0.7083,1.0,1
0.7,uniform_heavy,1.0,0.25,1.0,smart,0.3,5,4000,1.25,1.0966,0.1534,12.27,3135,3135,0,865,0.6997,1.0,1
0.7,uniform_heavy,1.0,0.25,1.0,smart,0.3,6,4000,1.25,1.0963,0.1537,12.3,3141,3141,0,859,0.7023,1.0,1
0.7,uniform_heavy,1.0,0.25,2.0,smart,0.3,0,4000,1.25,1.0976,0.1524,12.193,3128,3128,0,872,0.7015,1.0,1
0.7,uniform_heavy,1.0,0.25,2.0,smart,0.3,1,4000,1.25,1.0973,0.1527,12.213,3116,3116,0,884,0.695,1.0,1
0.7,uniform_heavy,1.0,0.25,2.0,smart,0.3,2,4000,1.25,1.0968,0.1532,12.256,3132,3132,0,868,0.7005,1.0,1
0.7,uniform_heavy,1.0,0.25,2.0,smart,0.3,3,4000,1.25,1.0947,0.1553,12.424,3161,3161,0,839,0.7027,1.0,1
0.7,uniform_heavy,1.0,0.25,2.0,smart,0.3,4,4000,1.25,1.0957,0.1543,12.342,3144,3144,0,856,0.6993,1.0,1
0.7,uniform_heavy,1.0,0.25,2.0,smart,0.3,5,4000,1.25,1.0947,0.1553,12.421,3150,3150,0,850,0.708,1.0,1
0.7,uniform_heavy,1.0,0.25,2.0,smart,0.3,6,4000,1.25,1.095,0.155,12.401,3150,3150,0,850,0.702,1.0,1
0.7,uniform_heavy,1.0,0.5,0.5,smart,0.3,0,4000,1.5,1.1938,0.3062,20.416,3124,3124,0,876,0.6905,1.0,1
0.7,uniform_heavy,1.0,0.5,0.5,smart,0.3,1,4000,1.5,1.1917,0.3083,20.552,3152,3152,0,848,0.702,1.0,1
0.7,uniform_heavy,1.0,0.5,0.5,smart,0.3,2,4000,1.5,1.1927,0.3073,20.486,3138,3138,0,862,0.7045,1.0,1
0.7,uniform_heavy,1.0,0.5,0.5,smart,0.3,3,4000,1.5,1.1872,0.3128,20.851,3185,3185,0,815,0.7145,1.0,1
0.7,uniform_heavy,1.0,0.5,0.5,smart,0.3,4,4000,1.5,1.1945,0.3055,20.368,3112,3112,0,888,0.6927,1.0,1
0.7,uniform_heavy,1.0,0.5,0.5,smart,0.3,5,4000,1.5,1.1903,0.3097,20.647,3159,3159,0,841,0.7077,1.0,1
0.7,uniform_heavy,1.0,0.5,0.5,smart,0.3,6,4000,1.5,1.1927,0.3073,20.488,3135,3135,0,865,0.6893,1.0,1
0.7,uniform_heavy,1.0,0.5,1.0,smart,0.3,0,4000,1.5,1.1912,0.3088,20.59,3149,3149,0,851,0.6943,1.0,1
0.7,uniform_heavy,1.0,0.5,1.0,smart,0.3,1,4000,1.5,1.1915,0.3085,20.565,3144,3144,0,856,0.707,1.0,1
0.7,uniform_heavy,1.0,0.5,1.0,smart,0.3,2,4000,1.5,1.1931,0.3069,20.461,3136,3136,0,864,0.7063,1.0,1
0.7,uniform_heavy,1.0,0.5,1.0,smart,0.3,3,4000,1.5,1.1928,0.3072,20.477,3133,3133,0,867,0.6887,1.0,1
0.7,uniform_heavy,1.0,0.5,1.0,smart,0.3,4,4000,1.5,1.1951,0.3049,20.329,3105,3105,0,895,0.6963,1.0,1
0.7,uniform_heavy,1.0,0.5,1.0,smart,0.3,5,4000,1.5,1.1906,0.3094,20.625,3151,3151,0,849,0.7077,1.0,1
0.7,uniform_heavy,1.0,0.5,1.0,smart,0.3,6,4000,1.5,1.1949,0.3051,20.342,3127,3127,0,873,0.7077,1.0,1
0.7,uniform_heavy,1.0,0.5,2.0,smart,0.3,0,4000,1.5,1.1899,0.3101,20.674,3173,3173,0,827,0.6993,1.0,1
0.7,uniform_heavy,1.0,0.5,2.0,smart,0.3,1,4000,1.5,1.192,0.308,20.533,3161,3161,0,839,0.7085,1.0,1
0.7,uniform_heavy,1.0,0.5,2.0,smart,0.3,2,4000,1.5,1.1927,0.3073,20.484,3130,3130,0,870,0.7043,1.0,1
0.7,uniform_heavy,1.0,0.5,2.0,smart,0.3,3,4000,1.5,1.1955,0.3045,20.298,3115,3115,0,885,0.6823,1.0,1
0.7,uniform_heavy,1.0,0.5,2.0,smart,0.3,4,4000,1.5,1.1918,0.3082,20.549,3142,3142,0,858,0.707,1.0,1
0.7,uniform_heavy,1.0,0.5,2.0,smart,0.3,5,4000,1.5,1.1975,0.3025,20.168,3078,3078,0,922,0.6967,1.0,1
0.7,uniform_heavy,1.0,0.5,2.0,smart,0.3,6,4000,1.5,1.1893,0.3107,20.716,3145,3145,0,855,0.703,1.0,1
0.7,uniform_heavy,1.0,1,0.5,smart,0.3,0,4000,2.0,1.3878,0.6122,30.609,3119,3119,0,881,0.6973,1.0,1
0.7,uniform_heavy,1.0,1,0.5,smart,0.3,1,4000,2.0,1.3833,0.6167,30.834,3151,3151,0,849,0.7027,1.0,1
0.7,uniform_heavy,1.0,1,0.5,smart,0.3,2,4000,2.0,1.3846,0.6154,30.771,3158,3158,0,842,0.704,1.0,1
0.7,uniform_heavy,1.0,1,0.5,smart,0.3,3,4000,2.0,1.3889,0.6111,30.557,3131,3131,0,869,0.6907,1.0,1
0.7,uniform_heavy,1.0,1,0.5,smart,0.3,4,4000,2.0,1.3865,0.6135,30.677,3153,3153,0,847,0.6897,1.0,1
0.7,uniform_heavy,1.0,1,0.5,smart,0.3,5,4000,2.0,1.3767,0.6233,31.163,3174,3174,0,826,0.702,1.0,1
0.7,uniform_heavy,1.0,1,0.5,smart,0.3,6,4000,2.0,1.3954,0.6046,30.229,3095,3095,0,905,0.6933,1.0,1
0.7,uniform_heavy,1.0,1,1.0,smart,0.3,0,4000,2.0,1.3803,0.6197,30.987,3162,3162,0,838,0.7025,1.0,1
0.7,uniform_heavy,1.0,1,1.0,smart,0.3,1,4000,2.0,1.3799,0.6201,31.005,3161,3161,0,839,0.7003,1.0,1
0.7,uniform_heavy,1.0,1,1.0,smart,0.3,2,4000,2.0,1.383,0.617,30.851,3135,3135,0,865,0.7043,1.0,1
0.7,uniform_heavy,1.0,1,1.0,smart,0.3,3,4000,2.0,1.3823,0.6177,30.886,3172,3172,0,828,0.7015,1.0,1
0.7,uniform_heavy,1.0,1,1.0,smart,0.3,4,4000,2.0,1.3798,0.6202,31.008,3167,3167,0,833,0.701,1.0,1
0.7,uniform_heavy,1.0,1,1.0,smart,0.3,5,4000,2.0,1.3935,0.6065,30.327,3087,3087,0,913,0.6927,1.0,1
0.7,uniform_heavy,1.0,1,1.0,smart,0.3,6,4000,2.0,1.3807,0.6193,30.965,3153,3153,0,847,0.7057,1.0,1
0.7,uniform_heavy,1.0,1,2.0,smart,0.3,0,4000,2.0,1.3908,0.6092,30.462,3109,3109,0,891,0.7013,1.0,1
0.7,uniform_heavy,1.0,1,2.0,smart,0.3,1,4000,2.0,1.3894,0.6106,30.528,3113,3113,0,887,0.701,1.0,1
0.7,uniform_heavy,1.0,1,2.0,smart,0.3,2,4000,2.0,1.3833,0.6167,30.836,3139,3139,0,861,0.7025,1.0,1
0.7,uniform_heavy,1.0,1,2.0,smart,0.3,3,4000,2.0,1.3841,0.6159,30.797,3145,3145,0,855,0.7,1.0,1
0.7,uniform_heavy,1.0,1,2.0,smart,0.3,4,4000,2.0,1.3816,0.6184,30.92,3154,3154,0,846,0.6993,1.0,1
0.7,uniform_heavy,1.0,1,2.0,smart,0.3,5,4000,2.0,1.3815,0.6185,30.926,3149,3149,0,851,0.7043,1.0,1
0.7,uniform_heavy,1.0,1,2.0,smart,0.3,6,4000,2.0,1.3876,0.6124,30.619,3120,3120,0,880,0.7,1.0,1
0.7,uniform_heavy,1.0,2,0.5,smart,0.3,0,4000,3.0,1.7792,1.2208,40.692,3113,3113,0,887,0.6967,1.0,1
0.7,uniform_heavy,1.0,2,0.5,smart,0.3,1,4000,3.0,1.7676,1.2324,41.079,3129,3129,0,871,0.6997,1.0,1
0.7,uniform_heavy,1.0,2,0.5,smart,0.3,2,4000,3.0,1.765,1.235,41.167,3132,3132,0,868,0.7017,1.0,1
0.7,uniform_heavy,1.0,2,0.5,smart,0.3,3,4000,3.0,1.7926,1.2074,40.247,3077,3077,0,923,0.68,1.0,1
0.7,uniform_heavy,1.0,2,0.5,smart,0.3,4,4000,3.0,1.7823,1.2177,40.591,3125,3125,0,875,0.6857,1.0,1
0.7,uniform_heavy,1.0,2,0.5,smart,0.3,5,4000,3.0,1.7701,1.2299,40.995,3155,3155,0,845,0.7153,1.0,1
0.7,uniform_heavy,1.0,2,0.5,smart,0.3,6,4000,3.0,1.785,1.215,40.501,3110,3110,0,890,0.685,1.0,1
0.7,uniform_heavy,1.0,2,1.0,smart,0.3,0,4000,3.0,1.7543,1.2457,41.523,3173,3173,0,827,0.7047,1.0,1
0.7,uniform_heavy,1.0,2,1.0,smart,0.3,1,4000,3.0,1.7704,1.2296,40.985,3138,3138,0,862,0.6967,1.0,1
0.7,uniform_heavy,1.0,2,1.0,smart,0.3,2,4000,3.0,1.7682,1.2318,41.06,3126,3126,0,874,0.7015,1.0,1
0.7,uniform_heavy,1.0,2,1.0,smart,0.3,3,4000,3.0,1.7561,1.2439,41.463,3171,3171,0,829,0.6975,1.0,1
0.7,uniform_heavy,1.0,2,1.0,smart,0.3,4,4000,3.0,1.7842,1.2158,40.528,3103,3103,0,897,0.6945,1.0,1
0.7,uniform_heavy,1.0,2,1.0,smart,0.3,5,4000,3.0,1.761,1.239,41.301,3154,3154,0,846,0.7033,1.0,1
0.7,uniform_heavy,1.0,2,1.0,smart,0.3,6,4000,3.0,1.7602,1.2398,41.325,3170,3170,0,830,0.707,1.0,1
0.7,uniform_heavy,1.0,2,2.0,smart,0.3,0,4000,3.0,1.765,1.235,41.166,3143,3143,0,857,0.7027,1.0,1
0.7,uniform_heavy,1.0,2,2.0,smart,0.3,1,4000,3.0,1.7662,1.2338,41.127,3158,3158,0,842,0.703,1.0,1
0.7,uniform_heavy,1.0,2,2.0,smart,0.3,2,4000,3.0,1.7694,1.2306,41.021,3131,3131,0,869,0.7063,1.0,1
0.7,uniform_heavy,1.0,2,2.0,smart,0.3,3,4000,3.0,1.7871,1.2129,40.431,3105,3105,0,895,0.6933,1.0,1
0.7,uniform_heavy,1.0,2,2.0,smart,0.3,4,4000,3.0,1.7777,1.2223,40.742,3120,3120,0,880,0.6915,1.0,1
0.7,uniform_heavy,1.0,2,2.0,smart,0.3,5,4000,3.0,1.7717,1.2283,40.944,3123,3123,0,877,0.703,1.0,1
0.7,uniform_heavy,1.0,2,2.0,smart,0.3,6,4000,3.0,1.7818,1.2182,40.608,3109,3109,0,891,0.6955,1.0,1
0.7,uniform_heavy,1.0,4,0.5,smart,0.3,0,4000,5.0,2.5496,2.4504,49.008,3123,3123,0,877,0.7037,1.0,1
0.7,uniform_heavy,1.0,4,0.5,smart,0.3,1,4000,5.0,2.5079,2.4921,49.843,3181,3181,0,819,0.7035,1.0,1
0.7,uniform_heavy,1.0,4,0.5,smart,0.3,2,4000,5.0,2.529,2.471,49.421,3148,3148,0,852,0.6975,1.0,1
0.7,uniform_heavy,1.0,4,0.5,smart,0.3,3,4000,5.0,2.5624,2.4376,48.752,3111,3111,0,889,0.695,1.0,1
0.7,uniform_heavy,1.0,4,0.5,smart,0.3,4,4000,5.0,2.5216,2.4784,49.568,3153,3153,0,847,0.705,1.0,1
0.7,uniform_heavy,1.0,4,0.5,smart,0.3,5,4000,5.0,2.5011,2.4989,49.977,3180,3180,0,820,0.6995,1.0,1
0.7,uniform_heavy,1.0,4,0.5,smart,0.3,6,4000,5.0,2.5375,2.4625,49.251,3153,3153,0,847,0.7175,1.0,1
0.7,uniform_heavy,1.0,4,1.0,smart,0.3,0,4000,5.0,2.5136,2.4864,49.729,3169,3169,0,831,0.7107,1.0,1
0.7,uniform_heavy,1.0,4,1.0,smart,0.3,1,4000,5.0,2.5368,2.4632,49.265,3136,3136,0,864,0.697,1.0,1
0.7,uniform_heavy,1.0,4,1.0,smart,0.3,2,4000,5.0,2.5162,2.4838,49.675,3167,3167,0,833,0.7027,1.0,1
0.7,uniform_heavy,1.0,4,1.0,smart,0.3,3,4000,5.0,2.5313,2.4687,49.374,3155,3155,0,845,0.71,1.0,1
0.7,uniform_heavy,1.0,4,1.0,smart,0.3,4,4000,5.0,2.5427,2.4573,49.146,3141,3141,0,859,0.7025,1.0,1
0.7,uniform_heavy,1.0,4,1.0,smart,0.3,5,4000,5.0,2.5418,2.4582,49.165,3142,3142,0,858,0.703,1.0,1
0.7,uniform_heavy,1.0,4,1.0,smart,0.3,6,4000,5.0,2.5669,2.4331,48.663,3100,3100,0,900,0.7067,1.0,1
0.7,uniform_heavy,1.0,4,2.0,smart,0.3,0,4000,5.0,2.4989,2.5011,50.023,3195,3195,0,805,0.708,1.0,1
0.7,uniform_heavy,1.0,4,2.0,smart,0.3,1,4000,5.0,2.5178,2.4822,49.643,3164,3164,0,836,0.6993,1.0,1
0.7,uniform_heavy,1.0,4,2.0,smart,0.3,2,4000,5.0,2.5638,2.4362,48.723,3101,3101,0,899,0.694,1.0,1
0.7,uniform_heavy,1.0,4,2.0,smart,0.3,3,4000,5.0,2.4937,2.5063,50.127,3191,3191,0,809,0.7097,1.0,1
0.7,uniform_heavy,1.0,4,2.0,smart,0.3,4,4000,5.0,2.487,2.513,50.259,3202,3202,0,798,0.7133,1.0,1
0.7,uniform_heavy,1.0,4,2.0,smart,0.3,5,4000,5.0,2.5107,2.4893,49.786,3168,3168,0,832,0.7067,1.0,1
0.7,uniform_heavy,1.0,4,2.0,smart,0.3,6,4000,5.0,2.5563,2.4437,48.874,3120,3120,0,880,0.6997,1.0,1
0.7,uniform_heavy,1.0,8,0.5,smart,0.3,0,4000,9.0,4.0322,4.9678,55.198,3172,3172,0,828,0.7173,1.0,1
0.7,uniform_heavy,1.0,8,0.5,smart,0.3,1,4000,9.0,4.0606,4.9394,54.882,3157,3157,0,843,0.6965,1.0,1
0.7,uniform_heavy,1.0,8,0.5,smart,0.3,2,4000,9.0,4.0677,4.9323,54.803,3142,3142,0,858,0.6997,1.0,1
0.7,uniform_heavy,1.0,8,0.5,smart,0.3,3,4000,9.0,4.0081,4.9919,55.465,3165,3165,0,835,0.7017,1.0,1
0.7,uniform_heavy,1.0,8,0.5,smart,0.3,4,4000,9.0,4.1786,4.8214,53.571,3081,3081,0,919,0.6915,1.0,1
0.7,uniform_heavy,1.0,8,0.5,smart,0.3,5,4000,9.0,4.0603,4.9397,54.885,3154,3154,0,846,0.7113,1.0,1
0.7,uniform_heavy,1.0,8,0.5,smart,0.3,6,4000,9.0,4.2083,4.7917,53.241,3076,3076,0,924,0.6867,1.0,1
0.7,uniform_heavy,1.0,8,1.0,smart,0.3,0,4000,9.0,4.0578,4.9422,54.913,3153,3153,0,847,0.7103,1.0,1
0.7,uniform_heavy,1.0,8,1.0,smart,0.3,1,4000,9.0,4.0688,4.9312,54.792,3152,3152,0,848,0.7035,1.0,1
0.7,uniform_heavy,1.0,8,1.0,smart,0.3,2,4000,9.0,4.0887,4.9113,54.57,3127,3127,0,873,0.7045,1.0,1
0.7,uniform_heavy,1.0,8,1.0,smart,0.3,3,4000,9.0,4.1107,4.8893,54.325,3123,3123,0,877,0.7075,1.0,1
0.7,uniform_heavy,1.0,8,1.0,smart,0.3,4,4000,9.0,4.1513,4.8487,53.875,3078,3078,0,922,0.6835,1.0,1
0.7,uniform_heavy,1.0,8,1.0,smart,0.3,5,4000,9.0,4.1193,4.8807,54.229,3122,3122,0,878,0.694,1.0,1
0.7,uniform_heavy,1.0,8,1.0,smart,0.3,6,4000,9.0,4.123,4.877,54.189,3118,3118,0,882,0.6965,1.0,1
0.7,uniform_heavy,1.0,8,2.0,smart,0.3,0,4000,9.0,4.0415,4.9585,55.095,3156,3156,0,844,0.7055,1.0,1
0.7,uniform_heavy,1.0,8,2.0,smart,0.3,1,4000,9.0,4.1061,4.8939,54.376,3133,3133,0,867,0.7025,1.0,1
0.7,uniform_heavy,1.0,8,2.0,smart,0.3,2,4000,9.0,4.0416,4.9584,55.094,3146,3146,0,854,0.7027,1.0,1
0.7,uniform_heavy,1.0,8,2.0,smart,0.3,3,4000,9.0,4.0633,4.9367,54.852,3147,3147,0,853,0.697,1.0,1
0.7,uniform_heavy,1.0,8,2.0,smart,0.3,4,4000,9.0,4.1246,4.8754,54.171,3105,3105,0,895,0.6945,1.0,1
0.7,uniform_heavy,1.0,8,2.0,smart,0.3,5,4000,9.0,4.0934,4.9066,54.517,3128,3128,0,872,0.7027,1.0,1
0.7,uniform_heavy,1.0,8,2.0,smart,0.3,6,4000,9.0,4.1196,4.8804,54.227,3109,3109,0,891,0.6923,1.0,1
0.7,tail_heavy,0.5,0.25,0.5,smart,0.3,0,4000,1.25,1.2415,0.0085,0.684,2004,1487,517,1996,0.7033,0.742,1
0.7,tail_heavy,0.5,0.25,0.5,smart,0.3,1,4000,1.25,1.245,0.005,0.397,2017,1476,541,1983,0.714,0.7318,1
0.7,tail_heavy,0.5,0.25,0.5,smart,0.3,2,4000,1.25,1.2505,-0.0005,-0.04,2030,1453,577,1970,0.6837,0.7158,0
0.7,tail_heavy,0.5,0.25,0.5,smart,0.3,3,4000,1.25,1.2422,0.0078,0.62,1991,1473,518,2009,0.708,0.7398,1
0.7,tail_heavy,0.5,0.25,0.5,smart,0.3,4,4000,1.25,1.2508,-0.0008,-0.064,2017,1444,573,1983,0.6963,0.7159,0
0.7,tail_heavy,0.5,0.25,0.5,smart,0.3,5,4000,1.25,1.2453,0.0047,0.373,1986,1456,530,2014,0.7113,0.7331,1
0.7,tail_heavy,0.5,0.25,0.5,smart,0.3,6,4000,1.25,1.2477,0.0023,0.185,1989,1442,547,2011,0.7043,0.725,1
0.7,tail_heavy,0.5,0.25,1.0,smart,0.3,0,4000,1.25,1.3159,-0.0659,-5.274,1987,1441,546,2013,0.6973,0.7252,0
0.7,tail_heavy,0.5,0.25,1.0,smart,0.3,1,4000,1.25,1.3203,-0.0703,-5.628,2026,1457,569,1974,0.6863,0.7192,0
0.7,tail_heavy,0.5,0.25,1.0,smart,0.3,2,4000,1.25,1.3136,-0.0636,-5.086,1980,1443,537,2020,0.6987,0.7288,0
0.7,tail_heavy,0.5,0.25,1.0,smart,0.3,3,4000,1.25,1.3069,-0.0569,-4.552,1964,1449,515,2036,0.7115,0.7378,0
0.7,tail_heavy,0.5,0.25,1.0,smart,0.3,4,4000,1.25,1.3262,-0.0762,-6.095,1975,1395,580,2025,0.6755,0.7063,0
0.7,tail_heavy,0.5,0.25,1.0,smart,0.3,5,4000,1.25,1.3155,-0.0655,-5.24,2063,1505,558,1937,0.698,0.7295,0
0.7,tail_heavy,0.5,0.25,1.0,smart,0.3,6,4000,1.25,1.3157,-0.0657,-5.257,2006,1455,551,1994,0.6975,0.7253,0
0.7,tail_heavy,0.5,0.25,2.0,smart,0.3,0,4000,1.25,1.4328,-0.1828,-14.626,1971,1461,510,2029,0.7025,0.7412,0
0.7,tail_heavy,0.5,0.25,2.0,smart,0.3,1,4000,1.25,1.4561,-0.2061,-16.486,2008,1452,556,1992,0.6985,0.7231,0
0.7,tail_heavy,0.5,0.25,2.0,smart,0.3,2,4000,1.25,1.4443,-0.1943,-15.541,1989,1459,530,2011,0.7147,0.7335,0
0.7,tail_heavy,0.5,0.25,2.0,smart,0.3,3,4000,1.25,1.4325,-0.1825,-14.601,1986,1476,510,2014,0.707,0.7432,0
0.7,tail_heavy,0.5,0.25,2.0,smart,0.3,4,4000,1.25,1.4383,-0.1883,-15.061,1935,1419,516,2065,0.6985,0.7333,0
0.7,tail_heavy,0.5,0.25,2.0,smart,0.3,5,4000,1.25,1.4382,-0.1882,-15.052,2032,1507,525,1968,0.712,0.7416,0
0.7,tail_heavy,0.5,0.25,2.0,smart,0.3,6,4000,1.25,1.4387,-0.1887,-15.097,1999,1476,523,2001,0.7053,0.7384,0
0.7,tail_heavy,0.5,0.5,0.5,smart,0.3,0,4000,1.5,1.4292,0.0708,4.718,1986,1427,559,2014,0.702,0.7185,1
0.7,tail_heavy,0.5,0.5,0.5,smart,0.3,1,4000,1.5,1.4229,0.0771,5.142,2073,1508,565,1927,0.705,0.7274,1
0.7,tail_heavy,0.5,0.5,0.5,smart,0.3,2,4000,1.5,1.4229,0.0771,5.142,2024,1473,551,1976,0.7055,0.7278,1
0.7,tail_heavy,0.5,0.5,0.5,smart,0.3,3,4000,1.5,1.4345,0.0655,4.369,2022,1426,596,1978,0.697,0.7052,1
0.7,tail_heavy,0.5,0.5,0.5,smart,0.3,4,4000,1.5,1.4236,0.0764,5.09,2052,1490,562,1948,0.6983,0.7261,1
0.7,tail_heavy,0.5,0.5,0.5,smart,0.3,5,4000,1.5,1.4181,0.0819,5.458,2061,1519,542,1939,0.7017,0.737,1
0.7,tail_heavy,0.5,0.5,0.5,smart,0.3,6,4000,1.5,1.4306,0.0694,4.629,2032,1445,587,1968,0.6925,0.7111,1
0.7,tail_heavy,0.5,0.5,1.0,smart,0.3,0,4000,1.5,1.488,0.012,0.803,2003,1473,530,1997,0.702,0.7354,1
0.7,tail_heavy,0.5,0.5,1.0,smart,0.3,1,4000,1.5,1.5013,-0.0013,-0.087,2000,1434,566,2000,0.69,0.717,0
0.7,tail_heavy,0.5,0.5,1.0,smart,0.3,2,4000,1.5,1.4997,0.0003,0.019,2035,1464,571,1965,0.6993,0.7194,1
0.7,tail_heavy,0.5,0.5,1.0,smart,0.3,3,4000,1.5,1.4936,0.0064,0.429,1980,1440,540,2020,0.698,0.7273,1
0.7,tail_heavy,0.5,0.5,1.0,smart,0.3,4,4000,1.5,1.4964,0.0036,0.239,2022,1460,562,1978,0.7003,0.7221,1
0.7,tail_heavy,0.5,0.5,1.0,smart,0.3,5,4000,1.5,1.4872,0.0128,0.855,2034,1496,538,1966,0.7103,0.7355,1
0.7,tail_heavy,0.5,0.5,1.0,smart,0.3,6,4000,1.5,1.5112,-0.0112,-0.747,1982,1392,590,2018,0.6853,0.7023,0
0.7,tail_heavy,0.5,0.5,2.0,smart,0.3,0,4000,1.5,1.6181,-0.1181,-7.872,1963,1443,520,2037,0.6955,0.7351,0
0.7,tail_heavy,0.5,0.5,2.0,smart,0.3,1,4000,1.5,1.6064,-0.1064,-7.095,2016,1507,509,1984,0.7073,0.7475,0
0.7,tail_heavy,0.5,0.5,2.0,smart,0.3,2,4000,1.5,1.6188,-0.1188,-7.923,1996,1472,524,2004,0.702,0.7375,0
0.7,tail_heavy,0.5,0.5,2.0,smart,0.3,3,4000,1.5,1.6273,-0.1273,-8.484,2051,1502,549,1949,0.7023,0.7323,0
0.7,tail_heavy,0.5,0.5,2.0,smart,0.3,4,4000,1.5,1.6246,-0.1246,-8.309,1967,1435,532,2033,0.7157,0.7295,0
0.7,tail_heavy,0.5,0.5,2.0,smart,0.3,5,4000,1.5,1.609,-0.109,-7.265,1976,1468,508,2024,0.7063,0.7429,0
0.7,tail_heavy,0.5,0.5,2.0,smart,0.3,6,4000,1.5,1.6291,-0.1291,-8.609,2010,1464,546,1990,0.695,0.7284,0
0.7,tail_heavy,0.5,1,0.5,smart,0.3,0,4000,2.0,1.7744,0.2256,11.28,2016,1484,532,1984,0.7077,0.7361,1
0.7,tail_heavy,0.5,1,0.5,smart,0.3,1,4000,2.0,1.7826,0.2174,10.872,1989,1449,540,2011,0.703,0.7285,1
0.7,tail_heavy,0.5,1,0.5,smart,0.3,2,4000,2.0,1.7676,0.2324,11.622,1951,1477,474,2049,0.7107,0.757,1
0.7,tail_heavy,0.5,1,0.5,smart,0.3,3,4000,2.0,1.7869,0.2131,10.654,1986,1437,549,2014,0.714,0.7236,1
0.7,tail_heavy,0.5,1,0.5,smart,0.3,4,4000,2.0,1.7872,0.2128,10.64,1983,1436,547,2017,0.699,0.7242,1
0.7,tail_heavy,0.5,1,0.5,smart,0.3,5,4000,2.0,1.7777,0.2223,11.114,1970,1455,515,2030,0.7033,0.7386,1
0.7,tail_heavy,0.5,1,0.5,smart,0.3,6,4000,2.0,1.776,0.224,11.2,2017,1482,535,1983,0.6997,0.7348,1
0.7,tail_heavy,0.5,1,1.0,smart,0.3,0,4000,2.0,1.8454,0.1546,7.731,2002,1467,535,1998,0.706,0.7328,1
0.7,tail_heavy,0.5,1,1.0,smart,0.3,1,4000,2.0,1.8393,0.1607,8.037,2041,1500,541,1959,0.697,0.7349,1
0.7,tail_heavy,0.5,1,1.0,smart,0.3,2,4000,2.0,1.8487,0.1513,7.563,1935,1421,514,2065,0.6973,0.7344,1
0.7,tail_heavy,0.5,1,1.0,smart,0.3,3,4000,2.0,1.834,0.166,8.3,2035,1510,525,1965,0.713,0.742,1
0.7,tail_heavy,0.5,1,1.0,smart,0.3,4,4000,2.0,1.8562,0.1438,7.188,2014,1449,565,1986,0.6913,0.7195,1
0.7,tail_heavy,0.5,1,1.0,smart,0.3,5,4000,2.0,1.8478,0.1522,7.609,1962,1437,525,2038,0.7065,0.7324,1
0.7,tail_heavy,0.5,1,1.0,smart,0.3,6,4000,2.0,1.8589,0.1411,7.053,1982,1426,556,2018,0.6985,0.7195,1
0.7,tail_heavy,0.5,1,2.0,smart,0.3,0,4000,2.0,1.9832,0.0168,0.838,1970,1437,533,2030,0.7003,0.7294,1
0.7,tail_heavy,0.5,1,2.0,smart,0.3,1,4000,2.0,1.9906,0.0094,0.471,2052,1483,569,1948,0.692,0.7227,1
0.7,tail_heavy,0.5,1,2.0,smart,0.3,2,4000,2.0,1.9954,0.0046,0.232,1963,1416,547,2037,0.7003,0.7213,1
0.7,tail_heavy,0.5,1,2.0,smart,0.3,3,4000,2.0,1.9802,0.0198,0.988,1993,1457,536,2007,0.7,0.7311,1
0.7,tail_heavy,0.5,1,2.0,smart,0.3,4,4000,2.0,1.9975,0.0025,0.127,1987,1429,558,2013,0.6985,0.7192,1
0.7,tail_heavy,0.5,1,2.0,smart,0.3,5,4000,2.0,1.9873,0.0127,0.634,1988,1445,543,2012,0.7065,0.7269,1
0.7,tail_heavy,0.5,1,2.0,smart,0.3,6,4000,2.0,1.98,0.02,1.0,1982,1452,530,2018,0.7027,0.7326,1
0.7,tail_heavy,0.5,2,0.5,smart,0.3,0,4000,3.0,2.5027,0.4973,16.578,1951,1430,521,2049,0.7057,0.733,1
0.7,tail_heavy,0.5,2,0.5,smart,0.3,1,4000,3.0,2.4986,0.5014,16.713,1977,1447,530,2023,0.7005,0.7319,1
0.7,tail_heavy,0.5,2,0.5,smart,0.3,2,4000,3.0,2.4876,0.5124,17.079,2016,1471,545,1984,0.704,0.7297,1
0.7,tail_heavy,0.5,2,0.5,smart,0.3,3,4000,3.0,2.4763,0.5237,17.455,2065,1506,559,1935,0.7013,0.7293,1
0.7,tail_heavy,0.5,2,0.5,smart,0.3,4,4000,3.0,2.4841,0.5159,17.197,2036,1482,554,1964,0.694,0.7279,1
0.7,tail_heavy,0.5,2,0.5,smart,0.3,5,4000,3.0,2.4993,0.5007,16.691,2016,1455,561,1984,0.705,0.7217,1
0.7,tail_heavy,0.5,2,0.5,smart,0.3,6,4000,3.0,2.4964,0.5036,16.785,1984,1448,536,2016,0.7063,0.7298,1
0.7,tail_heavy,0.5,2,1.0,smart,0.3,0,4000,3.0,2.5669,0.4331,14.438,1997,1454,543,2003,0.6945,0.7281,1
0.7,tail_heavy,0.5,2,1.0,smart,0.3,1,4000,3.0,2.5489,0.4511,15.036,1993,1471,522,2007,0.7183,0.7381,1
0.7,tail_heavy,0.5,2,1.0,smart,0.3,2,4000,3.0,2.5748,0.4252,14.173,1958,1418,540,2042,0.6915,0.7242,1
0.7,tail_heavy,0.5,2,1.0,smart,0.3,3,4000,3.0,2.5465,0.4535,15.116,2018,1483,535,1982,0.7067,0.7349,1
0.7,tail_heavy,0.5,2,1.0,smart,0.3,4,4000,3.0,2.5602,0.4398,14.661,2030,1476,554,1970,0.7007,0.7271,1
0.7,tail_heavy,0.5,2,1.0,smart,0.3,5,4000,3.0,2.569,0.431,14.367,2022,1454,568,1978,0.6947,0.7191,1
0.7,tail_heavy,0.5,2,1.0,smart,0.3,6,4000,3.0,2.5485,0.4515,15.05,2093,1516,577,1907,0.6987,0.7243,1
0.7,tail_heavy,0.5,2,2.0,smart,0.3,0,4000,3.0,2.6861,0.3139,10.464,1982,1455,527,2018,0.6993,0.7341,1
0.7,tail_heavy,0.5,2,2.0,smart,0.3,1,4000,3.0,2.6893,0.3107,10.356,2022,1478,544,1978,0.7045,0.731,1
0.7,tail_heavy,0.5,2,2.0,smart,0.3,2,4000,3.0,2.6858,0.3142,10.472,1940,1434,506,2060,0.709,0.7392,1
0.7,tail_heavy,0.5,2,2.0,smart,0.3,3,4000,3.0,2.6757,0.3243,10.809,2041,1505,536,1959,0.6945,0.7374,1
0.7,tail_heavy,0.5,2,2.0,smart,0.3,4,4000,3.0,2.6574,0.3426,11.419,2045,1524,521,1955,0.7077,0.7452,1
0.7,tail_heavy,0.5,2,2.0,smart,0.3,5,4000,3.0,2.729,0.271,9.034,1991,1416,575,2009,0.7035,0.7112,1
0.7,tail_heavy,0.5,2,2.0,smart,0.3,6,4000,3.0,2.7223,0.2777,9.257,1989,1425,564,2011,0.693,0.7164,1
0.7,tail_heavy,0.5,4,0.5,smart,0.3,0,4000,5.0,3.8983,1.1017,22.035,1996,1476,520,2004,0.7113,0.7395,1
0.7,tail_heavy,0.5,4,0.5,smart,0.3,1,4000,5.0,3.9751,1.0249,20.499,1960,1397,563,2040,0.6873,0.7128,1
0.7,tail_heavy,0.5,4,0.5,smart,0.3,2,4000,5.0,3.9062,1.0938,21.876,1996,1478,518,2004,0.7145,0.7405,1
0.7,tail_heavy,0.5,4,0.5,smart,0.3,3,4000,5.0,3.9014,1.0986,21.972,2023,1483,540,1977,0.7037,0.7331,1
0.7,tail_heavy,0.5,4,0.5,smart,0.3,4,4000,5.0,3.9212,1.0788,21.577,2015,1465,550,1985,0.697,0.727,1
0.7,tail_heavy,0.5,4,0.5,smart,0.3,5,4000,5.0,3.9199,1.0801,21.602,2024,1458,566,1976,0.7107,0.7204,1
0.7,tail_heavy,0.5,4,0.5,smart,0.3,6,4000,5.0,3.8893,1.1107,22.214,2001,1484,517,1999,0.706,0.7416,1
0.7,tail_heavy,0.5,4,1.0,smart,0.3,0,4000,5.0,3.9885,1.0115,20.231,2007,1457,550,1993,0.7043,0.726,1
0.7,tail_heavy,0.5,4,1.0,smart,0.3,1,4000,5.0,3.9887,1.0113,20.227,1999,1458,541,2001,0.6965,0.7294,1
0.7,tail_heavy,0.5,4,1.0,smart,0.3,2,4000,5.0,4.0147,0.9853,19.707,1994,1435,559,2006,0.7043,0.7197,1
0.7,tail_heavy,0.5,4,1.0,smart,0.3,3,4000,5.0,3.9906,1.0094,20.189,2012,1457,555,1988,0.7025,0.7242,1
0.7,tail_heavy,0.5,4,1.0,smart,0.3,4,4000,5.0,3.9867,1.0133,20.267,2028,1467,561,1972,0.7007,0.7234,1
0.7,tail_heavy,0.5,4,1.0,smart,0.3,5,4000,5.0,3.9636,1.0364,20.728,2071,1503,568,1929,0.71,0.7257,1
0.7,tail_heavy,0.5,4,1.0,smart,0.3,6,4000,5.0,3.992,1.008,20.159,1987,1453,534,2013,0.6915,0.7313,1
0.7,tail_heavy,0.5,4,2.0,smart,0.3,0,4000,5.0,4.1518,0.8482,16.964,2000,1438,562,2000,0.7055,0.719,1
0.7,tail_heavy,0.5,4,2.0,smart,0.3,1,4000,5.0,4.164,0.836,16.72,1984,1419,565,2016,0.6907,0.7152,1
0.7,tail_heavy,0.5,4,2.0,smart,0.3,2,4000,5.0,4.1143,0.8857,17.715,2022,1475,547,1978,0.7007,0.7295,1
0.7,tail_heavy,0.5,4,2.0,smart,0.3,3,4000,5.0,4.1157,0.8843,17.686,2029,1475,554,1971,0.7047,0.727,1
0.7,tail_heavy,0.5,4,2.0,smart,0.3,4,4000,5.0,4.1758,0.8242,16.485,1978,1414,564,2022,0.693,0.7149,1
0.7,tail_heavy,0.5,4,2.0,smart,0.3,5,4000,5.0,4.1597,0.8403,16.806,2001,1433,568,1999,0.6933,0.7161,1
0.7,tail_heavy,0.5,4,2.0,smart,0.3,6,4000,5.0,4.1265,0.8735,17.471,2020,1463,557,1980,0.7017,0.7243,1
0.7,tail_heavy,0.5,8,0.5,smart,0.3,0,4000,9.0,6.7303,2.2697,25.219,2030,1479,551,1970,0.696,0.7286,1
0.7,tail_heavy,0.5,8,0.5,smart,0.3,1,4000,9.0,6.7608,2.2392,24.88,2041,1470,571,1959,0.703,0.7202,1
0.7,tail_heavy,0.5,8,0.5,smart,0.3,2,4000,9.0,6.7921,2.2079,24.532,1966,1442,524,2034,0.7033,0.7335,1
0.7,tail_heavy,0.5,8,0.5,smart,0.3,3,4000,9.0,6.7452,2.2548,25.053,1988,1471,517,2012,0.6933,0.7399,1
0.7,tail_heavy,0.5,8,0.5,smart,0.3,4,4000,9.0,6.8633,2.1367,23.741,1954,1405,549,2046,0.6955,0.719,1
0.7,tail_heavy,0.5,8,0.5,smart,0.3,5,4000,9.0,6.7488,2.2512,25.014,1988,1475,513,2012,0.7083,0.742,1
0.7,tail_heavy,0.5,8,0.5,smart,0.3,6,4000,9.0,6.7086,2.2914,25.46,2029,1491,538,1971,0.7083,0.7348,1
0.7,tail_heavy,0.5,8,1.0,smart,0.3,0,4000,9.0,6.8281,2.1719,24.132,1992,1459,533,2008,0.7097,0.7324,1
0.7,tail_heavy,0.5,8,1.0,smart,0.3,1,4000,9.0,6.8412,2.1588,23.986,1976,1455,521,2024,0.701,0.7363,1
0.7,tail_heavy,0.5,8,1.0,smart,0.3,2,4000,9.0,6.8529,2.1471,23.857,1998,1451,547,2002,0.702,0.7262,1
0.7,tail_heavy,0.5,8,1.0,smart,0.3,3,4000,9.0,6.8266,2.1734,24.149,2003,1468,535,1997,0.7065,0.7329,1
0.7,tail_heavy,0.5,8,1.0,smart,0.3,4,4000,9.0,6.7744,2.2256,24.729,1988,1491,497,2012,0.706,0.75,1
0.7,tail_heavy,0.5,8,1.0,smart,0.3,5,4000,9.0,6.8303,2.1697,24.108,1935,1452,483,2065,0.7155,0.7504,1
0.7,tail_heavy,0.5,8,1.0,smart,0.3,6,4000,9.0,6.8543,2.1457,23.841,2021,1456,565,1979,0.689,0.7204,1
0.7,tail_heavy,0.5,8,2.0,smart,0.3,0,4000,9.0,6.9095,2.0905,23.227,2031,1495,536,1969,0.6967,0.7361,1
0.7,tail_heavy,0.5,8,2.0,smart,0.3,1,4000,9.0,6.9801,2.0199,22.443,2001,1453,548,1999,0.6937,0.7261,1
0.7,tail_heavy,0.5,8,2.0,smart,0.3,2,4000,9.0,7.0609,1.9391,21.546,1940,1404,536,2060,0.6997,0.7237,1
0.7,tail_heavy,0.5,8,2.0,smart,0.3,3,4000,9.0,6.9429,2.0571,22.857,1984,1466,518,2016,0.7117,0.7389,1
0.7,tail_heavy,0.5,8,2.0,smart,0.3,4,4000,9.0,7.0185,1.9815,22.017,2028,1449,579,1972,0.688,0.7145,1
0.7,tail_heavy,0.5,8,2.0,smart,0.3,5,4000,9.0,6.9605,2.0395,22.661,1971,1449,522,2029,0.689,0.7352,1
0.7,tail_heavy,0.5,8,2.0,smart,0.3,6,4000,9.0,6.9473,2.0527,22.808,2046,1480,566,1954,0.6977,0.7234,1
0.7,tail_heavy,0.6,0.25,0.5,smart,0.3,0,4000,1.25,1.2179,0.0321,2.564,2193,1758,435,1807,0.6985,0.8016,1
0.7,tail_heavy,0.6,0.25,0.5,smart,0.3,1,4000,1.25,1.2183,0.0317,2.538,2177,1744,433,1823,0.6983,0.8011,1
0.7,tail_heavy,0.6,0.25,0.5,smart,0.3,2,4000,1.25,1.2199,0.0301,2.405,2147,1710,437,1853,0.687,0.7965,1
0.7,tail_heavy,0.6,0.25,0.5,smart,0.3,3,4000,1.25,1.2148,0.0352,2.818,2214,1790,424,1786,0.7057,0.8085,1
0.7,tail_heavy,0.6,0.25,0.5,smart,0.3,4,4000,1.25,1.2202,0.0298,2.381,2189,1742,447,1811,0.6805,0.7958,1
0.7,tail_heavy,0.6,0.25,0.5,smart,0.3,5,4000,1.25,1.2172,0.0328,2.622,2212,1776,436,1788,0.707,0.8029,1
0.7,tail_heavy,0.6,0.25,0.5,smart,0.3,6,4000,1.25,1.2145,0.0355,2.843,2210,1790,420,1790,0.703,0.81,1
0.7,tail_heavy,0.6,0.25,1.0,smart,0.3,0,4000,1.25,1.2875,-0.0375,-2.999,2223,1732,491,1777,0.6843,0.7791,0
0.7,tail_heavy,0.6,0.25,1.0,smart,0.3,1,4000,1.25,1.2737,-0.0237,-1.9,2163,1728,435,1837,0.714,0.7989,0
0.7,tail_heavy,0.6,0.25,1.0,smart,0.3,2,4000,1.25,1.276,-0.026,-2.077,2122,1688,434,1878,0.6937,0.7955,0
0.7,tail_heavy,0.6,0.25,1.0,smart,0.3,3,4000,1.25,1.2707,-0.0207,-1.659,2241,1804,437,1759,0.7037,0.805,0
0.7,tail_heavy,0.6,0.25,1.0,smart,0.3,4,4000,1.25,1.2688,-0.0188,-1.501,2186,1767,419,1814,0.7107,0.8083,0
0.7,tail_heavy,0.6,0.25,1.0,smart,0.3,5,4000,1.25,1.2826,-0.0326,-2.609,2120,1662,458,1880,0.6893,0.784,0
0.7,tail_heavy,0.6,0.25,1.0,smart,0.3,6,4000,1.25,1.2715,-0.0215,-1.719,2133,1709,424,1867,0.6997,0.8012,0
0.7,tail_heavy,0.6,0.25,2.0,smart,0.3,0,4000,1.25,1.3921,-0.1421,-11.367,2225,1767,458,1775,0.709,0.7942,0
0.7,tail_heavy,0.6,0.25,2.0,smart,0.3,1,4000,1.25,1.3921,-0.1421,-11.366,2203,1747,456,1797,0.6967,0.793,0
0.7,tail_heavy,0.6,0.25,2.0,smart,0.3,2,4000,1.25,1.3913,-0.1413,-11.306,2176,1724,452,1824,0.7063,0.7923,0
0.7,tail_heavy,0.6,0.25,2.0,smart,0.3,3,4000,1.25,1.3886,-0.1386,-11.088,2145,1700,445,1855,0.6993,0.7925,0
0.7,tail_heavy,0.6,0.25,2.0,smart,0.3,4,4000,1.25,1.3902,-0.1402,-11.217,2216,1763,453,1784,0.692,0.7956,0
0.7,tail_heavy,0.6,0.25,2.0,smart,0.3,5,4000,1.25,1.3736,-0.1236,-9.887,2235,1810,425,1765,0.707,0.8098,0
0.7,tail_heavy,0.6,0.25,2.0,smart,0.3,6,4000,1.25,1.3704,-0.1204,-9.632,2154,1743,411,1846,0.7103,0.8092,0
0.7,tail_heavy,0.6,0.5,0.5,smart,0.3,0,4000,1.5,1.3861,0.1139,7.594,2246,1768,478,1754,0.703,0.7872,1
0.7,tail_heavy,0.6,0.5,0.5,smart,0.3,1,4000,1.5,1.3837,0.1163,7.754,2206,1754,452,1794,0.6913,0.7951,1
0.7,tail_heavy,0.6,0.5,0.5,smart,0.3,2,4000,1.5,1.3852,0.1148,7.655,2166,1727,439,1834,0.7047,0.7973,1
0.7,tail_heavy,0.6,0.5,0.5,smart,0.3,3,4000,1.5,1.3844,0.1156,7.704,2172,1734,438,1828,0.6955,0.7983,1
0.7,tail_heavy,0.6,0.5,0.5,smart,0.3,4,4000,1.5,1.3814,0.1186,7.904,2221,1776,445,1779,0.695,0.7996,1
0.7,tail_heavy,0.6,0.5,0.5,smart,0.3,5,4000,1.5,1.3848,0.1152,7.682,2191,1742,449,1809,0.6947,0.7951,1
0.7,tail_heavy,0.6,0.5,0.5,smart,0.3,6,4000,1.5,1.377,0.123,8.203,2199,1779,420,1801,0.7105,0.809,1
0.7,tail_heavy,0.6,0.5,1.0,smart,0.3,0,4000,1.5,1.4441,0.0559,3.724,2182,1724,458,1818,0.703,0.7901,1
0.7,tail_heavy,0.6,0.5,1.0,smart,0.3,1,4000,1.5,1.446,0.054,3.6,2185,1725,460,1815,0.6925,0.7895,1
0.7,tail_heavy,0.6,0.5,1.0,smart,0.3,2,4000,1.5,1.4364,0.0636,4.242,2179,1747,432,1821,0.7063,0.8017,1
0.7,tail_heavy,0.6,0.5,1.0,smart,0.3,3,4000,1.5,1.4368,0.0632,4.212,2180,1745,435,1820,0.7035,0.8005,1
0.7,tail_heavy,0.6,0.5,1.0,smart,0.3,4,4000,1.5,1.4306,0.0694,4.627,2239,1803,436,1761,0.7177,0.8053,1
0.7,tail_heavy,0.6,0.5,1.0,smart,0.3,5,4000,1.5,1.4421,0.0579,3.857,2139,1702,437,1861,0.69,0.7957,1
0.7,tail_heavy,0.6,0.5,1.0,smart,0.3,6,4000,1.5,1.4497,0.0503,3.351,2191,1717,474,1809,0.6973,0.7837,1
0.7,tail_heavy,0.6,0.5,2.0,smart,0.3,0,4000,1.5,1.5437,-0.0437,-2.913,2131,1710,421,1869,0.7055,0.8024,0
0.7,tail_heavy,0.6,0.5,2.0,smart,0.3,1,4000,1.5,1.5245,-0.0245,-1.631,2158,1762,396,1842,0.711,0.8165,0
0.7,tail_heavy,0.6,0.5,2.0,smart,0.3,2,4000,1.5,1.5431,-0.0431,-2.876,2180,1748,432,1820,0.6883,0.8018,0
0.7,tail_heavy,0.6,0.5,2.0,smart,0.3,3,4000,1.5,1.5592,-0.0592,-3.95,2208,1745,463,1792,0.6957,0.7903,0
0.7,tail_heavy,0.6,0.5,2.0,smart,0.3,4,4000,1.5,1.5497,-0.0497,-3.315,2204,1758,446,1796,0.7075,0.7976,0
0.7,tail_heavy,0.6,0.5,2.0,smart,0.3,5,4000,1.5,1.5599,-0.0599,-3.993,2124,1675,449,1876,0.697,0.7886,0
0.7,tail_heavy,0.6,0.5,2.0,smart,0.3,6,4000,1.5,1.564,-0.064,-4.266,2164,1701,463,1836,0.6887,0.786,0
0.7,tail_heavy,0.6,1,0.5,smart,0.3,0,4000,2.0,1.7099,0.2901,14.507,2145,1735,410,1855,0.7023,0.8089,1
0.7,tail_heavy,0.6,1,0.5,smart,0.3,1,4000,2.0,1.7162,0.2838,14.19,2168,1721,447,1832,0.6983,0.7938,1
0.7,tail_heavy,0.6,1,0.5,smart,0.3,2,4000,2.0,1.7111,0.2889,14.446,2191,1755,436,1809,0.7015,0.801,1
0.7,tail_heavy,0.6,1,0.5,smart,0.3,3,4000,2.0,1.7066,0.2934,14.671,2174,1753,421,1826,0.6975,0.8063,1
0.7,tail_heavy,0.6,1,0.5,smart,0.3,4,4000,2.0,1.7111,0.2889,14.444,2187,1752,435,1813,0.7093,0.8011,1
0.7,tail_heavy,0.6,1,0.5,smart,0.3,5,4000,2.0,1.7118,0.2882,14.411,2116,1718,398,1884,0.7047,0.8119,1
0.7,tail_heavy,0.6,1,0.5,smart,0.3,6,4000,2.0,1.7193,0.2807,14.036,2152,1708,444,1848,0.7025,0.7937,1
0.7,tail_heavy,0.6,1,1.0,smart,0.3,0,4000,2.0,1.7526,0.2474,12.371,2188,1779,409,1812,0.7103,0.8131,1
0.7,tail_heavy,0.6,1,1.0,smart,0.3,1,4000,2.0,1.7743,0.2257,11.283,2164,1713,451,1836,0.7023,0.7916,1
0.7,tail_heavy,0.6,1,1.0,smart,0.3,2,4000,2.0,1.7728,0.2272,11.358,2152,1712,440,1848,0.6917,0.7955,1
0.7,tail_heavy,0.6,1,1.0,smart,0.3,3,4000,2.0,1.7653,0.2347,11.734,2201,1756,445,1799,0.7025,0.7978,1
0.7,tail_heavy,0.6,1,1.0,smart,0.3,4,4000,2.0,1.7675,0.2325,11.625,2219,1759,460,1781,0.7025,0.7927,1
0.7,tail_heavy,0.6,1,1.0,smart,0.3,5,4000,2.0,1.747,0.253,12.648,2161,1769,392,1839,0.7155,0.8186,1
0.7,tail_heavy,0.6,1,1.0,smart,0.3,6,4000,2.0,1.7617,0.2383,11.915,2246,1789,457,1754,0.7107,0.7965,1
0.7,tail_heavy,0.6,1,2.0,smart,0.3,0,4000,2.0,1.8743,0.1257,6.284,2207,1767,440,1793,0.6983,0.8006,1
0.7,tail_heavy,0.6,1,2.0,smart,0.3,1,4000,2.0,1.8656,0.1344,6.72,2202,1775,427,1798,0.7023,0.8061,1
0.7,tail_heavy,0.6,1,2.0,smart,0.3,2,4000,2.0,1.8717,0.1283,6.413,2150,1728,422,1850,0.6987,0.8037,1
0.7,tail_heavy,0.6,1,2.0,smart,0.3,3,4000,2.0,1.8596,0.1404,7.018,2212,1788,424,1788,0.7025,0.8083,1
0.7,tail_heavy,0.6,1,2.0,smart,0.3,4,4000,2.0,1.8684,0.1316,6.58,2184,1755,429,1816,0.6937,0.8036,1
0.7,tail_heavy,0.6,1,2.0,smart,0.3,5,4000,2.0,1.8483,0.1517,7.586,2161,1770,391,1839,0.708,0.8191,1
0.7,tail_heavy,0.6,1,2.0,smart,0.3,6,4000,2.0,1.8629,0.1371,6.855,2181,1760,421,1819,0.6943,0.807,1
0.7,tail_heavy,0.6,2,0.5,smart,0.3,0,4000,3.0,2.3607,0.6393,21.312,2217,1759,458,1783,0.6957,0.7934,1
0.7,tail_heavy,0.6,2,0.5,smart,0.3,1,4000,3.0,2.3788,0.6212,20.706,2166,1733,433,1834,0.6925,0.8001,1
0.7,tail_heavy,0.6,2,0.5,smart,0.3,2,4000,3.0,2.3561,0.6439,21.462,2185,1768,417,1815,0.7083,0.8092,1
0.7,tail_heavy,0.6,2,0.5,smart,0.3,3,4000,3.0,2.3477,0.6523,21.743,2228,1796,432,1772,0.71,0.8061,1
0.7,tail_heavy,0.6,2,0.5,smart,0.3,4,4000,3.0,2.3504,0.6496,21.652,2229,1792,437,1771,0.7003,0.8039,1
0.7,tail_heavy,0.6,2,0.5,smart,0.3,5,4000,3.0,2.3729,0.6271,20.902,2158,1729,429,1842,0.705,0.8012,1
0.7,tail_heavy,0.6,2,0.5,smart,0.3,6,4000,3.0,2.3799,0.6201,20.671,2194,1731,463,1806,0.698,0.789,1
0.7,tail_heavy,0.6,2,1.0,smart,0.3,0,4000,3.0,2.4344,0.5656,18.854,2142,1714,428,1858,0.706,0.8002,1
0.7,tail_heavy,0.6,2,1.0,smart,0.3,1,4000,3.0,2.4266,0.5734,19.113,2171,1738,433,1829,0.6927,0.8006,1
0.7,tail_heavy,0.6,2,1.0,smart,0.3,2,4000,3.0,2.4174,0.5826,19.421,2128,1729,399,1872,0.702,0.8125,1
0.7,tail_heavy,0.6,2,1.0,smart,0.3,3,4000,3.0,2.4297,0.5703,19.009,2195,1742,453,1805,0.6943,0.7936,1
0.7,tail_heavy,0.6,2,1.0,smart,0.3,4,4000,3.0,2.4275,0.5725,19.082,2157,1725,432,1843,0.698,0.7997,1
0.7,tail_heavy,0.6,2,1.0,smart,0.3,5,4000,3.0,2.4111,0.5889,19.629,2189,1768,421,1811,0.7017,0.8077,1
0.7,tail_heavy,0.6,2,1.0,smart,0.3,6,4000,3.0,2.4372,0.5628,18.758,2161,1707,454,1839,0.693,0.7899,1
0.7,tail_heavy,0.6,2,2.0,smart,0.3,0,4000,3.0,2.5423,0.4577,15.256,2148,1713,435,1852,0.6953,0.7975,1
0.7,tail_heavy,0.6,2,2.0,smart,0.3,1,4000,3.0,2.5064,0.4936,16.454,2251,1812,439,1749,0.7015,0.805,1
0.7,tail_heavy,0.6,2,2.0,smart,0.3,2,4000,3.0,2.5054,0.4946,16.488,2187,1776,411,1813,0.706,0.8121,1
0.7,tail_heavy,0.6,2,2.0,smart,0.3,3,4000,3.0,2.547,0.453,15.1,2173,1725,448,1827,0.699,0.7938,1
0.7,tail_heavy,0.6,2,2.0,smart,0.3,4,4000,3.0,2.5443,0.4557,15.191,2221,1755,466,1779,0.6777,0.7902,1
0.7,tail_heavy,0.6,2,2.0,smart,0.3,5,4000,3.0,2.5148,0.4852,16.173,2210,1770,440,1790,0.704,0.8009,1
0.7,tail_heavy,0.6,2,2.0,smart,0.3,6,4000,3.0,2.549,0.451,15.032,2198,1736,462,1802,0.688,0.7898,1
0.7,tail_heavy,0.6,4,0.5,smart,0.3,0,4000,5.0,3.6749,1.3251,26.503,2190,1746,444,1810,0.7027,0.7973,1
0.7,tail_heavy,0.6,4,0.5,smart,0.3,1,4000,5.0,3.6473,1.3527,27.053,2216,1783,433,1784,0.706,0.8046,1
0.7,tail_heavy,0.6,4,0.5,smart,0.3,2,4000,5.0,3.6719,1.3281,26.562,2159,1750,409,1841,0.7155,0.8106,1
0.7,tail_heavy,0.6,4,0.5,smart,0.3,3,4000,5.0,3.6931,1.3069,26.137,2186,1736,450,1814,0.6925,0.7941,1
0.7,tail_heavy,0.6,4,0.5,smart,0.3,4,4000,5.0,3.683,1.317,26.339,2167,1737,430,1833,0.707,0.8016,1
0.7,tail_heavy,0.6,4,0.5,smart,0.3,5,4000,5.0,3.7264,1.2736,25.473,2123,1682,441,1877,0.7013,0.7923,1
0.7,tail_heavy,0.6,4,0.5,smart,0.3,6,4000,5.0,3.6657,1.3343,26.686,2175,1760,415,1825,0.7107,0.8092,1
0.7,tail_heavy,0.6,4,1.0,smart,0.3,0,4000,5.0,3.7341,1.2659,25.318,2196,1751,445,1804,0.7033,0.7974,1
0.7,tail_heavy,0.6,4,1.0,smart,0.3,1,4000,5.0,3.7125,1.2875,25.749,2198,1768,430,1802,0.7023,0.8044,1
0.7,tail_heavy,0.6,4,1.0,smart,0.3,2,4000,5.0,3.6851,1.3149,26.298,2228,1811,417,1772,0.6987,0.8128,1
0.7,tail_heavy,0.6,4,1.0,smart,0.3,3,4000,5.0,3.7407,1.2593,25.186,2169,1730,439,1831,0.698,0.7976,1
0.7,tail_heavy,0.6,4,1.0,smart,0.3,4,4000,5.0,3.7635,1.2365,24.73,2167,1717,450,1833,0.6957,0.7923,1
0.7,tail_heavy,0.6,4,1.0,smart,0.3,5,4000,5.0,3.669,1.331,26.62,2198,1805,393,1802,0.7143,0.8212,1
0.7,tail_heavy,0.6,4,1.0,smart,0.3,6,4000,5.0,3.7341,1.2659,25.319,2190,1744,446,1810,0.7035,0.7963,1
0.7,tail_heavy,0.6,4,2.0,smart,0.3,0,4000,5.0,3.8254,1.1746,23.492,2196,1762,434,1804,0.695,0.8024,1
0.7,tail_heavy,0.6,4,2.0,smart,0.3,1,4000,5.0,3.8648,1.1352,22.704,2172,1731,441,1828,0.6863,0.797,1
0.7,tail_heavy,0.6,4,2.0,smart,0.3,2,4000,5.0,3.8524,1.1476,22.953,2161,1731,430,1839,0.7035,0.801,1
0.7,tail_heavy,0.6,4,2.0,smart,0.3,3,4000,5.0,3.8318,1.1682,23.364,2226,1778,448,1774,0.6957,0.7987,1
0.7,tail_heavy,0.6,4,2.0,smart,0.3,4,4000,5.0,3.8631,1.1369,22.739,2179,1728,451,1821,0.6925,0.793,1
0.7,tail_heavy,0.6,4,2.0,smart,0.3,5,4000,5.0,3.8691,1.1309,22.618,2183,1720,463,1817,0.6935,0.7879,1
0.7,tail_heavy,0.6,4,2.0,smart,0.3,6,4000,5.0,3.8289,1.1711,23.422,2206,1767,439,1794,0.7025,0.801,1
0.7,tail_heavy,0.6,8,0.5,smart,0.3,0,4000,9.0,6.2486,2.7514,30.571,2182,1771,411,1818,0.7033,0.8116,1
0.7,tail_heavy,0.6,8,0.5,smart,0.3,1,4000,9.0,6.2752,2.7248,30.276,2204,1759,445,1796,0.6925,0.7981,1
0.7,tail_heavy,0.6,8,0.5,smart,0.3,2,4000,9.0,6.2606,2.7394,30.438,2177,1774,403,1823,0.7167,0.8149,1
0.7,tail_heavy,0.6,8,0.5,smart,0.3,3,4000,9.0,6.2215,2.7785,30.873,2245,1798,447,1755,0.708,0.8009,1
0.7,tail_heavy,0.6,8,0.5,smart,0.3,4,4000,9.0,6.2874,2.7126,30.139,2167,1751,416,1833,0.6985,0.808,1
0.7,tail_heavy,0.6,8,0.5,smart,0.3,5,4000,9.0,6.231,2.769,30.767,2214,1805,409,1786,0.706,0.8153,1
0.7,tail_heavy,0.6,8,0.5,smart,0.3,6,4000,9.0,6.3267,2.6733,29.704,2152,1729,423,1848,0.7125,0.8034,1
0.7,tail_heavy,0.6,8,1.0,smart,0.3,0,4000,9.0,6.2824,2.7176,30.196,2259,1810,449,1741,0.7025,0.8012,1
0.7,tail_heavy,0.6,8,1.0,smart,0.3,1,4000,9.0,6.2943,2.7057,30.063,2202,1793,409,1798,0.7117,0.8143,1
0.7,tail_heavy,0.6,8,1.0,smart,0.3,2,4000,9.0,6.3421,2.6579,29.532,2195,1760,435,1805,0.6985,0.8018,1
0.7,tail_heavy,0.6,8,1.0,smart,0.3,3,4000,9.0,6.3235,2.6765,29.738,2198,1768,430,1802,0.711,0.8044,1
0.7,tail_heavy,0.6,8,1.0,smart,0.3,4,4000,9.0,6.3588,2.6412,29.347,2208,1766,442,1792,0.6973,0.7998,1
0.7,tail_heavy,0.6,8,1.0,smart,0.3,5,4000,9.0,6.3691,2.6309,29.232,2177,1734,443,1823,0.6937,0.7965,1
0.7,tail_heavy,0.6,8,1.0,smart,0.3,6,4000,9.0,6.4442,2.5558,28.398,2114,1686,428,1886,0.69,0.7975,1
0.7,tail_heavy,0.6,8,2.0,smart,0.3,0,4000,9.0,6.4934,2.5066,27.851,2162,1733,429,1838,0.6987,0.8016,1
0.7,tail_heavy,0.6,8,2.0,smart,0.3,1,4000,9.0,6.4374,2.5626,28.474,2184,1769,415,1816,0.706,0.81,1
0.7,tail_heavy,0.6,8,2.0,smart,0.3,2,4000,9.0,6.4555,2.5445,28.272,2204,1760,444,1796,0.7003,0.7985,1
0.7,tail_heavy,0.6,8,2.0,smart,0.3,3,4000,9.0,6.4352,2.5648,28.498,2195,1762,433,1805,0.709,0.8027,1
0.7,tail_heavy,0.6,8,2.0,smart,0.3,4,4000,9.0,6.4938,2.5062,27.847,2172,1729,443,1828,0.6937,0.796,1
0.7,tail_heavy,0.6,8,2.0,smart,0.3,5,4000,9.0,6.4111,2.5889,28.765,2169,1777,392,1831,0.706,0.8193,1
0.7,tail_heavy,0.6,8,2.0,smart,0.3,6,4000,9.0,6.5299,2.4701,27.445,2127,1699,428,1873,0.7075,0.7988,1
0.7,tail_heavy,0.7,0.25,0.5,smart,0.3,0,4000,1.25,1.1927,0.0573,4.588,2347,2011,336,1653,0.689,0.8568,1
0.7,tail_heavy,0.7,0.25,0.5,smart,0.3,1,4000,1.25,1.1883,0.0617,4.938,2384,2061,323,1616,0.7063,0.8645,1
0.7,tail_heavy,0.7,0.25,0.5,smart,0.3,2,4000,1.25,1.1945,0.0555,4.438,2312,1983,329,1688,0.7023,0.8577,1
0.7,tail_heavy,0.7,0.25,0.5,smart,0.3,3,4000,1.25,1.1901,0.0599,4.795,2387,2060,327,1613,0.7093,0.863,1
0.7,tail_heavy,0.7,0.25,0.5,smart,0.3,4,4000,1.25,1.1892,0.0608,4.865,2357,2040,317,1643,0.7015,0.8655,1
0.7,tail_heavy,0.7,0.25,0.5,smart,0.3,5,4000,1.25,1.1883,0.0617,4.94,2376,2064,312,1624,0.7053,0.8687,1
0.7,tail_heavy,0.7,0.25,0.5,smart,0.3,6,4000,1.25,1.1871,0.0629,5.034,2382,2073,309,1618,0.6997,0.8703,1
0.7,tail_heavy,0.7,0.25,1.0,smart,0.3,0,4000,1.25,1.2331,0.0169,1.354,2353,2023,330,1647,0.7007,0.8598,1
0.7,tail_heavy,0.7,0.25,1.0,smart,0.3,1,4000,1.25,1.2391,0.0109,0.874,2430,2066,364,1570,0.6807,0.8502,1
0.7,tail_heavy,0.7,0.25,1.0,smart,0.3,2,4000,1.25,1.2272,0.0228,1.823,2385,2068,317,1615,0.7067,0.8671,1
0.7,tail_heavy,0.7,0.25,1.0,smart,0.3,3,4000,1.25,1.2294,0.0206,1.646,2314,2003,311,1686,0.6843,0.8656,1
0.7,tail_heavy,0.7,0.25,1.0,smart,0.3,4,4000,1.25,1.2297,0.0203,1.622,2382,2057,325,1618,0.7,0.8636,1
0.7,tail_heavy,0.7,0.25,1.0,smart,0.3,5,4000,1.25,1.2362,0.0138,1.101,2350,2009,341,1650,0.6913,0.8549,1
0.7,tail_heavy,0.7,0.25,1.0,smart,0.3,6,4000,1.25,1.2236,0.0264,2.115,2417,2107,310,1583,0.7097,0.8717,1
0.7,tail_heavy,0.7,0.25,2.0,smart,0.3,0,4000,1.25,1.332,-0.082,-6.557,2389,2026,363,1611,0.6837,0.8481,0
0.7,tail_heavy,0.7,0.25,2.0,smart,0.3,1,4000,1.25,1.3232,-0.0732,-5.854,2426,2075,351,1574,0.691,0.8553,0
0.7,tail_heavy,0.7,0.25,2.0,smart,0.3,2,4000,1.25,1.3143,-0.0643,-5.141,2342,2015,327,1658,0.6937,0.8604,0
0.7,tail_heavy,0.7,0.25,2.0,smart,0.3,3,4000,1.25,1.3043,-0.0543,-4.344,2355,2045,310,1645,0.7085,0.8684,0
0.7,tail_heavy,0.7,0.25,2.0,smart,0.3,4,4000,1.25,1.3112,-0.0612,-4.898,2330,2009,321,1670,0.6917,0.8622,0
0.7,tail_heavy,0.7,0.25,2.0,smart,0.3,5,4000,1.25,1.3219,-0.0719,-5.755,2364,2021,343,1636,0.6903,0.8549,0
0.7,tail_heavy,0.7,0.25,2.0,smart,0.3,6,4000,1.25,1.3136,-0.0636,-5.092,2337,2012,325,1663,0.7,0.8609,0
0.7,tail_heavy,0.7,0.5,0.5,smart,0.3,0,4000,1.5,1.3453,0.1547,10.314,2329,2002,327,1671,0.6985,0.8596,1
0.7,tail_heavy,0.7,0.5,0.5,smart,0.3,1,4000,1.5,1.3384,0.1616,10.775,2318,2019,299,1682,0.6965,0.871,1
0.7,tail_heavy,0.7,0.5,0.5,smart,0.3,2,4000,1.5,1.3316,0.1684,11.225,2419,2108,311,1581,0.721,0.8714,1
0.7,tail_heavy,0.7,0.5,0.5,smart,0.3,3,4000,1.5,1.3386,0.1614,10.761,2405,2071,334,1595,0.7103,0.8611,1
0.7,tail_heavy,0.7,0.5,0.5,smart,0.3,4,4000,1.5,1.3409,0.1591,10.607,2379,2041,338,1621,0.699,0.8579,1
0.7,tail_heavy,0.7,0.5,0.5,smart,0.3,5,4000,1.5,1.3452,0.1548,10.322,2329,1995,334,1671,0.703,0.8566,1
0.7,tail_heavy,0.7,0.5,0.5,smart,0.3,6,4000,1.5,1.3493,0.1507,10.05,2316,1969,347,1684,0.7047,0.8502,1
0.7,tail_heavy,0.7,0.5,1.0,smart,0.3,0,4000,1.5,1.3794,0.1206,8.039,2357,2037,320,1643,0.6935,0.8642,1
0.7,tail_heavy,0.7,0.5,1.0,smart,0.3,1,4000,1.5,1.3777,0.1223,8.157,2354,2040,314,1646,0.696,0.8666,1
0.7,tail_heavy,0.7,0.5,1.0,smart,0.3,2,4000,1.5,1.3797,0.1203,8.021,2401,2069,332,1599,0.7027,0.8617,1
0.7,tail_heavy,0.7,0.5,1.0,smart,0.3,3,4000,1.5,1.38,0.12,8.0,2339,2020,319,1661,0.693,0.8636,1
0.7,tail_heavy,0.7,0.5,1.0,smart,0.3,4,4000,1.5,1.3761,0.1239,8.262,2376,2058,318,1624,0.7093,0.8662,1
0.7,tail_heavy,0.7,0.5,1.0,smart,0.3,5,4000,1.5,1.3879,0.1121,7.473,2349,2004,345,1651,0.689,0.8531,1
0.7,tail_heavy,0.7,0.5,1.0,smart,0.3,6,4000,1.5,1.3774,0.1226,8.176,2343,2033,310,1657,0.6945,0.8677,1
0.7,tail_heavy,0.7,0.5,2.0,smart,0.3,0,4000,1.5,1.4653,0.0347,2.312,2343,2017,326,1657,0.692,0.8609,1
0.7,tail_heavy,0.7,0.5,2.0,smart,0.3,1,4000,1.5,1.4493,0.0507,3.381,2424,2110,314,1576,0.7173,0.8705,1
0.7,tail_heavy,0.7,0.5,2.0,smart,0.3,2,4000,1.5,1.4708,0.0292,1.946,2393,2047,346,1607,0.7005,0.8554,1
0.7,tail_heavy,0.7,0.5,2.0,smart,0.3,3,4000,1.5,1.4544,0.0456,3.038,2359,2048,311,1641,0.707,0.8682,1
0.7,tail_heavy,0.7,0.5,2.0,smart,0.3,4,4000,1.5,1.4695,0.0305,2.035,2395,2054,341,1605,0.7,0.8576,1
0.7,tail_heavy,0.7,0.5,2.0,smart,0.3,5,4000,1.5,1.478,0.022,1.464,2338,1991,347,1662,0.6855,0.8516,1
0.7,tail_heavy,0.7,0.5,2.0,smart,0.3,6,4000,1.5,1.4664,0.0336,2.241,2406,2067,339,1594,0.7023,0.8591,1
0.7,tail_heavy,0.7,1,0.5,smart,0.3,0,4000,2.0,1.6497,0.3503,17.517,2329,2000,329,1671,0.6883,0.8587,1
0.7,tail_heavy,0.7,1,0.5,smart,0.3,1,4000,2.0,1.6445,0.3555,17.777,2352,2020,332,1648,0.6973,0.8588,1
0.7,tail_heavy,0.7,1,0.5,smart,0.3,2,4000,2.0,1.646,0.354,17.698,2363,2018,345,1637,0.6937,0.854,1
0.7,tail_heavy,0.7,1,0.5,smart,0.3,3,4000,2.0,1.6225,0.3775,18.876,2416,2112,304,1584,0.7043,0.8742,1
0.7,tail_heavy,0.7,1,0.5,smart,0.3,4,4000,2.0,1.6386,0.3614,18.068,2394,2050,344,1606,0.6877,0.8563,1
0.7,tail_heavy,0.7,1,0.5,smart,0.3,5,4000,2.0,1.6476,0.3524,17.622,2314,1996,318,1686,0.6957,0.8626,1
0.7,tail_heavy,0.7,1,0.5,smart,0.3,6,4000,2.0,1.6437,0.3563,17.817,2334,2010,324,1666,0.705,0.8612,1
0.7,tail_heavy,0.7,1,1.0,smart,0.3,0,4000,2.0,1.678,0.322,16.101,2348,2035,313,1652,0.6895,0.8667,1
0.7,tail_heavy,0.7,1,1.0,smart,0.3,1,4000,2.0,1.6801,0.3199,15.994,2370,2042,328,1630,0.7047,0.8616,1
0.7,tail_heavy,0.7,1,1.0,smart,0.3,2,4000,2.0,1.6793,0.3207,16.035,2327,2022,305,1673,0.7023,0.8689,1
0.7,tail_heavy,0.7,1,1.0,smart,0.3,3,4000,2.0,1.6712,0.3288,16.442,2359,2050,309,1641,0.7005,0.869,1
0.7,tail_heavy,0.7,1,1.0,smart,0.3,4,4000,2.0,1.6827,0.3173,15.864,2362,2035,327,1638,0.704,0.8616,1
0.7,tail_heavy,0.7,1,1.0,smart,0.3,5,4000,2.0,1.6862,0.3138,15.691,2375,2032,343,1625,0.7065,0.8556,1
0.7,tail_heavy,0.7,1,1.0,smart,0.3,6,4000,2.0,1.6597,0.3403,17.015,2445,2132,313,1555,0.7095,0.872,1
0.7,tail_heavy,0.7,1,2.0,smart,0.3,0,4000,2.0,1.759,0.241,12.052,2390,2060,330,1610,0.713,0.8619,1
0.7,tail_heavy,0.7,1,2.0,smart,0.3,1,4000,2.0,1.7641,0.2359,11.793,2380,2047,333,1620,0.706,0.8601,1
0.7,tail_heavy,0.7,1,2.0,smart,0.3,2,4000,2.0,1.7719,0.2281,11.407,2351,2017,334,1649,0.7033,0.8579,1
0.7,tail_heavy,0.7,1,2.0,smart,0.3,3,4000,2.0,1.7593,0.2407,12.035,2364,2042,322,1636,0.6995,0.8638,1
0.7,tail_heavy,0.7,1,2.0,smart,0.3,4,4000,2.0,1.7754,0.2246,11.232,2367,2022,345,1633,0.686,0.8542,1
0.7,tail_heavy,0.7,1,2.0,smart,0.3,5,4000,2.0,1.7474,0.2526,12.632,2356,2053,303,1644,0.709,0.8714,1
0.7,tail_heavy,0.7,1,2.0,smart,0.3,6,4000,2.0,1.7508,0.2492,12.462,2375,2063,312,1625,0.71,0.8686,1
0.7,tail_heavy,0.7,2,0.5,smart,0.3,0,4000,3.0,2.2621,0.7379,24.596,2269,1965,304,1731,0.6965,0.866,1
0.7,tail_heavy,0.7,2,0.5,smart,0.3,1,4000,3.0,2.2422,0.7578,25.262,2370,2032,338,1630,0.6937,0.8574,1
0.7,tail_heavy,0.7,2,0.5,smart,0.3,2,4000,3.0,2.2472,0.7528,25.092,2373,2036,337,1627,0.693,0.858,1
0.7,tail_heavy,0.7,2,0.5,smart,0.3,3,4000,3.0,2.2242,0.7758,25.862,2382,2074,308,1618,0.7025,0.8707,1
0.7,tail_heavy,0.7,2,0.5,smart,0.3,4,4000,3.0,2.2321,0.7679,25.597,2381,2055,326,1619,0.7087,0.8631,1
0.7,tail_heavy,0.7,2,0.5,smart,0.3,5,4000,3.0,2.2567,0.7433,24.778,2312,1987,325,1688,0.697,0.8594,1
0.7,tail_heavy,0.7,2,0.5,smart,0.3,6,4000,3.0,2.2202,0.7798,25.995,2357,2064,293,1643,0.7043,0.8757,1
0.7,tail_heavy,0.7,2,1.0,smart,0.3,0,4000,3.0,2.27,0.73,24.334,2361,2057,304,1639,0.701,0.8712,1
0.7,tail_heavy,0.7,2,1.0,smart,0.3,1,4000,3.0,2.2626,0.7374,24.581,2385,2063,322,1615,0.699,0.865,1
0.7,tail_heavy,0.7,2,1.0,smart,0.3,2,4000,3.0,2.2721,0.7279,24.265,2336,2033,303,1664,0.702,0.8703,1
0.7,tail_heavy,0.7,2,1.0,smart,0.3,3,4000,3.0,2.3016,0.6984,23.279,2324,1987,337,1676,0.7015,0.855,1
0.7,tail_heavy,0.7,2,1.0,smart,0.3,4,4000,3.0,2.2765,0.7235,24.118,2393,2065,328,1607,0.6947,0.8629,1
0.7,tail_heavy,0.7,2,1.0,smart,0.3,5,4000,3.0,2.2753,0.7247,24.158,2372,2048,324,1628,0.6887,0.8634,1
0.7,tail_heavy,0.7,2,1.0,smart,0.3,6,4000,3.0,2.2752,0.7248,24.161,2411,2070,341,1589,0.695,0.8586,1
0.7,tail_heavy,0.7,2,2.0,smart,0.3,0,4000,3.0,2.3773,0.6227,20.757,2409,2053,356,1591,0.6937,0.8522,1
0.7,tail_heavy,0.7,2,2.0,smart,0.3,1,4000,3.0,2.3652,0.6348,21.159,2334,2017,317,1666,0.7027,0.8642,1
0.7,tail_heavy,0.7,2,2.0,smart,0.3,2,4000,3.0,2.3667,0.6333,21.11,2408,2057,351,1592,0.6963,0.8542,1
0.7,tail_heavy,0.7,2,2.0,smart,0.3,3,4000,3.0,2.3376,0.6624,22.08,2394,2079,315,1606,0.7003,0.8684,1
0.7,tail_heavy,0.7,2,2.0,smart,0.3,4,4000,3.0,2.3538,0.6462,21.541,2401,2069,332,1599,0.7053,0.8617,1
0.7,tail_heavy,0.7,2,2.0,smart,0.3,5,4000,3.0,2.3244,0.6756,22.518,2406,2099,307,1594,0.7167,0.8724,1
0.7,tail_heavy,0.7,2,2.0,smart,0.3,6,4000,3.0,2.3827,0.6173,20.577,2330,1996,334,1670,0.6953,0.8567,1
0.7,tail_heavy,0.7,4,0.5,smart,0.3,0,4000,5.0,3.4117,1.5883,31.767,2387,2064,323,1613,0.7017,0.8647,1
0.7,tail_heavy,0.7,4,0.5,smart,0.3,1,4000,5.0,3.4552,1.5448,30.897,2361,2017,344,1639,0.7017,0.8543,1
0.7,tail_heavy,0.7,4,0.5,smart,0.3,2,4000,5.0,3.4314,1.5686,31.372,2368,2047,321,1632,0.6967,0.8644,1
0.7,tail_heavy,0.7,4,0.5,smart,0.3,3,4000,5.0,3.4873,1.5127,30.254,2308,1983,325,1692,0.6973,0.8592,1
0.7,tail_heavy,0.7,4,0.5,smart,0.3,4,4000,5.0,3.4617,1.5383,30.765,2295,2001,294,1705,0.697,0.8719,1
0.7,tail_heavy,0.7,4,0.5,smart,0.3,5,4000,5.0,3.5143,1.4857,29.713,2286,1945,341,1714,0.682,0.8508,1
0.7,tail_heavy,0.7,4,0.5,smart,0.3,6,4000,5.0,3.4633,1.5367,30.734,2371,2015,356,1629,0.6947,0.8499,1
0.7,tail_heavy,0.7,4,1.0,smart,0.3,0,4000,5.0,3.464,1.536,30.719,2394,2063,331,1606,0.703,0.8617,1
0.7,tail_heavy,0.7,4,1.0,smart,0.3,1,4000,5.0,3.4707,1.5293,30.587,2375,2045,330,1625,0.7045,0.8611,1
0.7,tail_heavy,0.7,4,1.0,smart,0.3,2,4000,5.0,3.4784,1.5216,30.431,2348,2037,311,1652,0.7,0.8675,1
0.7,tail_heavy,0.7,4,1.0,smart,0.3,3,4000,5.0,3.4591,1.5409,30.819,2358,2050,308,1642,0.704,0.8694,1
0.7,tail_heavy,0.7,4,1.0,smart,0.3,4,4000,5.0,3.461,1.539,30.779,2398,2066,332,1602,0.709,0.8616,1
0.7,tail_heavy,0.7,4,1.0,smart,0.3,5,4000,5.0,3.5097,1.4903,29.805,2340,2004,336,1660,0.6963,0.8564,1
0.7,tail_heavy,0.7,4,1.0,smart,0.3,6,4000,5.0,3.5264,1.4736,29.472,2312,1981,331,1688,0.6967,0.8568,1
0.7,tail_heavy,0.7,4,2.0,smart,0.3,0,4000,5.0,3.5997,1.4003,28.007,2424,2031,393,1576,0.6857,0.8379,1
0.7,tail_heavy,0.7,4,2.0,smart,0.3,1,4000,5.0,3.5383,1.4617,29.233,2396,2073,323,1604,0.7143,0.8652,1
0.7,tail_heavy,0.7,4,2.0,smart,0.3,2,4000,5.0,3.589,1.411,28.219,2345,2017,328,1655,0.6877,0.8601,1
0.7,tail_heavy,0.7,4,2.0,smart,0.3,3,4000,5.0,3.5684,1.4316,28.631,2309,2007,302,1691,0.7085,0.8692,1
0.7,tail_heavy,0.7,4,2.0,smart,0.3,4,4000,5.0,3.5457,1.4543,29.085,2373,2046,327,1627,0.704,0.8622,1
0.7,tail_heavy,0.7,4,2.0,smart,0.3,5,4000,5.0,3.5661,1.4339,28.678,2371,2029,342,1629,0.6997,0.8558,1
0.7,tail_heavy,0.7,4,2.0,smart,0.3,6,4000,5.0,3.5593,1.4407,28.813,2350,2035,315,1650,0.6983,0.866,1
0.7,tail_heavy,0.7,8,0.5,smart,0.3,0,4000,9.0,5.8683,3.1317,34.797,2353,2015,338,1647,0.699,0.8564,1
0.7,tail_heavy,0.7,8,0.5,smart,0.3,1,4000,9.0,5.801,3.199,35.544,2386,2060,326,1614,0.6977,0.8634,1
0.7,tail_heavy,0.7,8,0.5,smart,0.3,2,4000,9.0,5.7535,3.2465,36.072,2378,2092,286,1622,0.7103,0.8797,1
0.7,tail_heavy,0.7,8,0.5,smart,0.3,3,4000,9.0,5.7884,3.2116,35.684,2354,2047,307,1646,0.7,0.8696,1
0.7,tail_heavy,0.7,8,0.5,smart,0.3,4,4000,9.0,5.8689,3.1311,34.789,2367,2022,345,1633,0.6985,0.8542,1
0.7,tail_heavy,0.7,8,0.5,smart,0.3,5,4000,9.0,5.918,3.082,34.244,2332,1989,343,1668,0.707,0.8529,1
0.7,tail_heavy,0.7,8,0.5,smart,0.3,6,4000,9.0,5.8245,3.1755,35.283,2372,2037,335,1628,0.6987,0.8588,1
0.7,tail_heavy,0.7,8,1.0,smart,0.3,0,4000,9.0,5.8541,3.1459,34.955,2335,2040,295,1665,0.7037,0.8737,1
0.7,tail_heavy,0.7,8,1.0,smart,0.3,1,4000,9.0,5.823,3.177,35.3,2379,2069,310,1621,0.709,0.8697,1
0.7,tail_heavy,0.7,8,1.0,smart,0.3,2,4000,9.0,5.9366,3.0634,34.038,2333,2002,331,1667,0.694,0.8581,1
0.7,tail_heavy,0.7,8,1.0,smart,0.3,3,4000,9.0,5.9476,3.0524,33.915,2333,2006,327,1667,0.6993,0.8598,1
0.7,tail_heavy,0.7,8,1.0,smart,0.3,4,4000,9.0,5.9047,3.0953,34.392,2382,2028,354,1618,0.697,0.8514,1
0.7,tail_heavy,0.7,8,1.0,smart,0.3,5,4000,9.0,5.8478,3.1522,35.025,2418,2070,348,1582,0.7037,0.8561,1
0.7,tail_heavy,0.7,8,1.0,smart,0.3,6,4000,9.0,5.8041,3.1959,35.51,2401,2074,327,1599,0.7043,0.8638,1
0.7,tail_heavy,0.7,8,2.0,smart,0.3,0,4000,9.0,5.9343,3.0657,34.063,2366,2052,314,1634,0.692,0.8673,1
0.7,tail_heavy,0.7,8,2.0,smart,0.3,1,4000,9.0,5.8382,3.1618,35.131,2444,2117,327,1556,0.704,0.8662,1
0.7,tail_heavy,0.7,8,2.0,smart,0.3,2,4000,9.0,5.9629,3.0371,33.746,2378,2030,348,1622,0.6973,0.8537,1
0.7,tail_heavy,0.7,8,2.0,smart,0.3,3,4000,9.0,6.0065,2.9935,33.261,2341,2000,341,1659,0.6897,0.8543,1
0.7,tail_heavy,0.7,8,2.0,smart,0.3,4,4000,9.0,6.1,2.9,32.222,2298,1966,332,1702,0.6893,0.8555,1
0.7,tail_heavy,0.7,8,2.0,smart,0.3,5,4000,9.0,6.015,2.985,33.166,2306,1994,312,1694,0.6955,0.8647,1
0.7,tail_heavy,0.7,8,2.0,smart,0.3,6,4000,9.0,5.9158,3.0842,34.269,2359,2049,310,1641,0.7127,0.8686,1
0.7,tail_heavy,0.8,0.25,0.5,smart,0.3,0,4000,1.25,1.1658,0.0842,6.736,2532,2299,233,1468,0.6867,0.908,1
0.7,tail_heavy,0.8,0.25,0.5,smart,0.3,1,4000,1.25,1.1615,0.0885,7.082,2574,2353,221,1426,0.7103,0.9141,1
0.7,tail_heavy,0.8,0.25,0.5,smart,0.3,2,4000,1.25,1.1637,0.0863,6.903,2555,2330,225,1445,0.6997,0.9119,1
0.7,tail_heavy,0.8,0.25,0.5,smart,0.3,3,4000,1.25,1.1684,0.0816,6.526,2484,2251,233,1516,0.6785,0.9062,1
0.7,tail_heavy,0.8,0.25,0.5,smart,0.3,4,4000,1.25,1.1601,0.0899,7.191,2542,2338,204,1458,0.7045,0.9197,1
0.7,tail_heavy,0.8,0.25,0.5,smart,0.3,5,4000,1.25,1.1576,0.0924,7.394,2556,2368,188,1444,0.7075,0.9264,1
0.7,tail_heavy,0.8,0.25,0.5,smart,0.3,6,4000,1.25,1.1582,0.0918,7.342,2536,2349,187,1464,0.706,0.9263,1
0.7,tail_heavy,0.8,0.25,1.0,smart,0.3,0,4000,1.25,1.1908,0.0592,4.735,2486,2273,213,1514,0.6897,0.9143,1
0.7,tail_heavy,0.8,0.25,1.0,smart,0.3,1,4000,1.25,1.1927,0.0573,4.585,2570,2339,231,1430,0.6937,0.9101,1
0.7,tail_heavy,0.8,0.25,1.0,smart,0.3,2,4000,1.25,1.1866,0.0634,5.075,2582,2369,213,1418,0.7093,0.9175,1
0.7,tail_heavy,0.8,0.25,1.0,smart,0.3,3,4000,1.25,1.1926,0.0574,4.59,2530,2304,226,1470,0.6947,0.9107,1
0.7,tail_heavy,0.8,0.25,1.0,smart,0.3,4,4000,1.25,1.1868,0.0632,5.06,2567,2357,210,1433,0.707,0.9182,1
0.7,tail_heavy,0.8,0.25,1.0,smart,0.3,5,4000,1.25,1.1942,0.0558,4.467,2546,2314,232,1454,0.6987,0.9089,1
0.7,tail_heavy,0.8,0.25,1.0,smart,0.3,6,4000,1.25,1.1915,0.0585,4.683,2542,2320,222,1458,0.7013,0.9127,1
0.7,tail_heavy,0.8,0.25,2.0,smart,0.3,0,4000,1.25,1.255,-0.005,-0.4,2547,2309,238,1453,0.6927,0.9066,0
0.7,tail_heavy,0.8,0.25,2.0,smart,0.3,1,4000,1.25,1.235,0.015,1.203,2597,2392,205,1403,0.7165,0.9211,1
0.7,tail_heavy,0.8,0.25,2.0,smart,0.3,2,4000,1.25,1.2382,0.0118,0.947,2575,2366,209,1425,0.6987,0.9188,1
0.7,tail_heavy,0.8,0.25,2.0,smart,0.3,3,4000,1.25,1.2404,0.0096,0.767,2564,2351,213,1436,0.6927,0.9169,1
0.7,tail_heavy,0.8,0.25,2.0,smart,0.3,4,4000,1.25,1.2448,0.0052,0.419,2531,2313,218,1469,0.7025,0.9139,1
0.7,tail_heavy,0.8,0.25,2.0,smart,0.3,5,4000,1.25,1.2398,0.0102,0.817,2607,2393,214,1393,0.7097,0.9179,1
0.7,tail_heavy,0.8,0.25,2.0,smart,0.3,6,4000,1.25,1.2378,0.0122,0.973,2563,2355,208,1437,0.7097,0.9188,1
0.7,tail_heavy,0.8,0.5,0.5,smart,0.3,0,4000,1.5,1.2968,0.2032,13.546,2611,2370,241,1389,0.7133,0.9077,1
0.7,tail_heavy,0.8,0.5,0.5,smart,0.3,1,4000,1.5,1.3062,0.1938,12.921,2544,2297,247,1456,0.6907,0.9029,1
0.7,tail_heavy,0.8,0.5,0.5,smart,0.3,2,4000,1.5,1.3031,0.1969,13.13,2528,2295,233,1472,0.7143,0.9078,1
0.7,tail_heavy,0.8,0.5,0.5,smart,0.3,3,4000,1.5,1.2931,0.2069,13.794,2564,2362,202,1436,0.7053,0.9212,1
0.7,tail_heavy,0.8,0.5,0.5,smart,0.3,4,4000,1.5,1.2988,0.2012,13.414,2575,2342,233,1425,0.698,0.9095,1
0.7,tail_heavy,0.8,0.5,0.5,smart,0.3,5,4000,1.5,1.3012,0.1988,13.25,2480,2280,200,1520,0.6853,0.9194,1
0.7,tail_heavy,0.8,0.5,0.5,smart,0.3,6,4000,1.5,1.2993,0.2007,13.38,2558,2334,224,1442,0.6837,0.9124,1
0.7,tail_heavy,0.8,0.5,1.0,smart,0.3,0,4000,1.5,1.3264,0.1736,11.577,2518,2308,210,1482,0.699,0.9166,1
0.7,tail_heavy,0.8,0.5,1.0,smart,0.3,1,4000,1.5,1.3377,0.1623,10.817,2529,2283,246,1471,0.6937,0.9027,1
0.7,tail_heavy,0.8,0.5,1.0,smart,0.3,2,4000,1.5,1.3247,0.1753,11.685,2574,2353,221,1426,0.6973,0.9141,1
0.7,tail_heavy,0.8,0.5,1.0,smart,0.3,3,4000,1.5,1.3257,0.1743,11.619,2537,2319,218,1463,0.701,0.9141,1
0.7,tail_heavy,0.8,0.5,1.0,smart,0.3,4,4000,1.5,1.3205,0.1795,11.968,2604,2387,217,1396,0.701,0.9167,1
0.7,tail_heavy,0.8,0.5,1.0,smart,0.3,5,4000,1.5,1.3185,0.1815,12.098,2605,2387,218,1395,0.7043,0.9163,1
0.7,tail_heavy,0.8,0.5,1.0,smart,0.3,6,4000,1.5,1.3276,0.1724,11.494,2477,2268,209,1523,0.6867,0.9156,1
0.7,tail_heavy,0.8,0.5,2.0,smart,0.3,0,4000,1.5,1.3659,0.1341,8.942,2556,2360,196,1444,0.699,0.9233,1
0.7,tail_heavy,0.8,0.5,2.0,smart,0.3,1,4000,1.5,1.3953,0.1047,6.983,2522,2282,240,1478,0.694,0.9048,1
0.7,tail_heavy,0.8,0.5,2.0,smart,0.3,2,4000,1.5,1.3789,0.1211,8.074,2569,2349,220,1431,0.7093,0.9144,1
0.7,tail_heavy,0.8,0.5,2.0,smart,0.3,3,4000,1.5,1.3934,0.1066,7.108,2501,2268,233,1499,0.6975,0.9068,1
0.7,tail_heavy,0.8,0.5,2.0,smart,0.3,4,4000,1.5,1.3915,0.1085,7.235,2580,2339,241,1420,0.6987,0.9066,1
0.7,tail_heavy,0.8,0.5,2.0,smart,0.3,5,4000,1.5,1.374,0.126,8.401,2564,2354,210,1436,0.7073,0.9181,1
0.7,tail_heavy,0.8,0.5,2.0,smart,0.3,6,4000,1.5,1.3716,0.1284,8.557,2532,2331,201,1468,0.7063,0.9206,1
0.7,tail_heavy,0.8,1,0.5,smart,0.3,0,4000,2.0,1.5625,0.4375,21.875,2559,2349,210,1441,0.7037,0.9179,1
0.7,tail_heavy,0.8,1,0.5,smart,0.3,1,4000,2.0,1.5895,0.4105,20.527,2463,2238,225,1537,0.6875,0.9086,1
0.7,tail_heavy,0.8,1,0.5,smart,0.3,2,4000,2.0,1.5691,0.4309,21.544,2560,2340,220,1440,0.694,0.9141,1
0.7,tail_heavy,0.8,1,0.5,smart,0.3,3,4000,2.0,1.5686,0.4314,21.569,2532,2316,216,1468,0.7003,0.9147,1
0.7,tail_heavy,0.8,1,0.5,smart,0.3,4,4000,2.0,1.569,0.431,21.552,2538,2329,209,1462,0.706,0.9177,1
0.7,tail_heavy,0.8,1,0.5,smart,0.3,5,4000,2.0,1.5701,0.4299,21.497,2493,2304,189,1507,0.695,0.9242,1
0.7,tail_heavy,0.8,1,0.5,smart,0.3,6,4000,2.0,1.5779,0.4221,21.106,2532,2294,238,1468,0.688,0.906,1
0.7,tail_heavy,0.8,1,1.0,smart,0.3,0,4000,2.0,1.6006,0.3994,19.968,2524,2306,218,1476,0.697,0.9136,1
0.7,tail_heavy,0.8,1,1.0,smart,0.3,1,4000,2.0,1.6089,0.3911,19.554,2554,2305,249,1446,0.702,0.9025,1
0.7,tail_heavy,0.8,1,1.0,smart,0.3,2,4000,2.0,1.6008,0.3992,19.961,2575,2328,247,1425,0.6955,0.9041,1
0.7,tail_heavy,0.8,1,1.0,smart,0.3,3,4000,2.0,1.5986,0.4014,20.069,2525,2309,216,1475,0.6995,0.9145,1
0.7,tail_heavy,0.8,1,1.0,smart,0.3,4,4000,2.0,1.5961,0.4039,20.196,2556,2331,225,1444,0.6915,0.912,1
0.7,tail_heavy,0.8,1,1.0,smart,0.3,5,4000,2.0,1.6002,0.3998,19.99,2514,2299,215,1486,0.6953,0.9145,1
0.7,tail_heavy,0.8,1,1.0,smart,0.3,6,4000,2.0,1.6076,0.3924,19.621,2530,2297,233,1470,0.6947,0.9079,1
0.7,tail_heavy,0.8,1,2.0,smart,0.3,0,4000,2.0,1.6432,0.3568,17.84,2626,2394,232,1374,0.7107,0.9117,1
0.7,tail_heavy,0.8,1,2.0,smart,0.3,1,4000,2.0,1.6363,0.3637,18.186,2561,2362,199,1439,0.7127,0.9223,1
0.7,tail_heavy,0.8,1,2.0,smart,0.3,2,4000,2.0,1.6523,0.3477,17.385,2530,2315,215,1470,0.7013,0.915,1
0.7,tail_heavy,0.8,1,2.0,smart,0.3,3,4000,2.0,1.6761,0.3239,16.194,2448,2223,225,1552,0.69,0.9081,1
0.7,tail_heavy,0.8,1,2.0,smart,0.3,4,4000,2.0,1.6557,0.3443,17.214,2565,2334,231,1435,0.6997,0.9099,1
0.7,tail_heavy,0.8,1,2.0,smart,0.3,5,4000,2.0,1.6481,0.3519,17.595,2507,2307,200,1493,0.697,0.9202,1
0.7,tail_heavy,0.8,1,2.0,smart,0.3,6,4000,2.0,1.6413,0.3587,17.935,2486,2298,188,1514,0.6987,0.9244,1
0.7,tail_heavy,0.8,2,0.5,smart,0.3,0,4000,3.0,2.0913,0.9087,30.291,2595,2370,225,1405,0.6967,0.9133,1
0.7,tail_heavy,0.8,2,0.5,smart,0.3,1,4000,3.0,2.1063,0.8937,29.791,2515,2320,195,1485,0.7023,0.9225,1
0.7,tail_heavy,0.8,2,0.5,smart,0.3,2,4000,3.0,2.0971,0.9029,30.097,2581,2360,221,1419,0.708,0.9144,1
0.7,tail_heavy,0.8,2,0.5,smart,0.3,3,4000,3.0,2.1253,0.8747,29.158,2502,2288,214,1498,0.7005,0.9145,1
0.7,tail_heavy,0.8,2,0.5,smart,0.3,4,4000,3.0,2.1094,0.8906,29.686,2544,2328,216,1456,0.701,0.9151,1
0.7,tail_heavy,0.8,2,0.5,smart,0.3,5,4000,3.0,2.1129,0.8871,29.569,2588,2342,246,1412,0.6977,0.9049,1
0.7,tail_heavy,0.8,2,0.5,smart,0.3,6,4000,3.0,2.1272,0.8728,29.095,2547,2305,242,1453,0.6873,0.905,1
0.7,tail_heavy,0.8,2,1.0,smart,0.3,0,4000,3.0,2.1489,0.8511,28.371,2548,2314,234,1452,0.6995,0.9082,1
0.7,tail_heavy,0.8,2,1.0,smart,0.3,1,4000,3.0,2.1281,0.8719,29.065,2554,2346,208,1446,0.7003,0.9186,1
0.7,tail_heavy,0.8,2,1.0,smart,0.3,2,4000,3.0,2.1622,0.8378,27.927,2487,2266,221,1513,0.692,0.9111,1
0.7,tail_heavy,0.8,2,1.0,smart,0.3,3,4000,3.0,2.1563,0.8437,28.123,2504,2280,224,1496,0.6903,0.9105,1
0.7,tail_heavy,0.8,2,1.0,smart,0.3,4,4000,3.0,2.1434,0.8566,28.552,2542,2320,222,1458,0.6965,0.9127,1
0.7,tail_heavy,0.8,2,1.0,smart,0.3,5,4000,3.0,2.1432,0.8568,28.559,2507,2302,205,1493,0.705,0.9182,1
0.7,tail_heavy,0.8,2,1.0,smart,0.3,6,4000,3.0,2.1328,0.8672,28.907,2557,2339,218,1443,0.7033,0.9147,1
0.7,tail_heavy,0.8,2,2.0,smart,0.3,0,4000,3.0,2.1932,0.8068,26.893,2541,2327,214,1459,0.7003,0.9158,1
0.7,tail_heavy,0.8,2,2.0,smart,0.3,1,4000,3.0,2.1966,0.8034,26.779,2548,2328,220,1452,0.7,0.9137,1
0.7,tail_heavy,0.8,2,2.0,smart,0.3,2,4000,3.0,2.1846,0.8154,27.18,2587,2365,222,1413,0.6943,0.9142,1
0.7,tail_heavy,0.8,2,2.0,smart,0.3,3,4000,3.0,2.2091,0.7909,26.362,2522,2296,226,1478,0.6963,0.9104,1
0.7,tail_heavy,0.8,2,2.0,smart,0.3,4,4000,3.0,2.2214,0.7786,25.953,2543,2293,250,1457,0.692,0.9017,1
0.7,tail_heavy,0.8,2,2.0,smart,0.3,5,4000,3.0,2.1916,0.8084,26.946,2541,2325,216,1459,0.691,0.915,1
0.7,tail_heavy,0.8,2,2.0,smart,0.3,6,4000,3.0,2.1658,0.8342,27.808,2551,2355,196,1449,0.713,0.9232,1
0.7,tail_heavy,0.8,4,0.5,smart,0.3,0,4000,5.0,3.2047,1.7953,35.906,2521,2316,205,1479,0.7035,0.9187,1
0.7,tail_heavy,0.8,4,0.5,smart,0.3,1,4000,5.0,3.2217,1.7783,35.566,2545,2316,229,1455,0.6867,0.91,1
0.7,tail_heavy,0.8,4,0.5,smart,0.3,2,4000,5.0,3.2038,1.7962,35.924,2539,2316,223,1461,0.713,0.9122,1
0.7,tail_heavy,0.8,4,0.5,smart,0.3,3,4000,5.0,3.172,1.828,36.56,2559,2353,206,1441,0.7025,0.9195,1
0.7,tail_heavy,0.8,4,0.5,smart,0.3,4,4000,5.0,3.2125,1.7875,35.75,2506,2295,211,1494,0.697,0.9158,1
0.7,tail_heavy,0.8,4,0.5,smart,0.3,5,4000,5.0,3.2314,1.7686,35.372,2514,2280,234,1486,0.696,0.9069,1
0.7,tail_heavy,0.8,4,0.5,smart,0.3,6,4000,5.0,3.2147,1.7853,35.705,2524,2297,227,1476,0.6945,0.9101,1
0.7,tail_heavy,0.8,4,1.0,smart,0.3,0,4000,5.0,3.1973,1.8027,36.055,2524,2337,187,1476,0.7077,0.9259,1
0.7,tail_heavy,0.8,4,1.0,smart,0.3,1,4000,5.0,3.2264,1.7736,35.471,2544,2318,226,1456,0.6977,0.9112,1
0.7,tail_heavy,0.8,4,1.0,smart,0.3,2,4000,5.0,3.2456,1.7544,35.088,2539,2300,239,1461,0.69,0.9059,1
0.7,tail_heavy,0.8,4,1.0,smart,0.3,3,4000,5.0,3.1922,1.8078,36.156,2585,2363,222,1415,0.7143,0.9141,1
0.7,tail_heavy,0.8,4,1.0,smart,0.3,4,4000,5.0,3.2143,1.7857,35.713,2559,2336,223,1441,0.696,0.9129,1
0.7,tail_heavy,0.8,4,1.0,smart,0.3,5,4000,5.0,3.2025,1.7975,35.951,2573,2344,229,1427,0.713,0.911,1
0.7,tail_heavy,0.8,4,1.0,smart,0.3,6,4000,5.0,3.1875,1.8125,36.25,2583,2375,208,1417,0.7085,0.9195,1
0.7,tail_heavy,0.8,4,2.0,smart,0.3,0,4000,5.0,3.2673,1.7327,34.654,2545,2335,210,1455,0.7037,0.9175,1
0.7,tail_heavy,0.8,4,2.0,smart,0.3,1,4000,5.0,3.2869,1.7131,34.263,2558,2325,233,1442,0.6895,0.9089,1
0.7,tail_heavy,0.8,4,2.0,smart,0.3,2,4000,5.0,3.2921,1.7079,34.159,2526,2306,220,1474,0.6975,0.9129,1
0.7,tail_heavy,0.8,4,2.0,smart,0.3,3,4000,5.0,3.2844,1.7156,34.312,2529,2311,218,1471,0.7013,0.9138,1
0.7,tail_heavy,0.8,4,2.0,smart,0.3,4,4000,5.0,3.3136,1.6864,33.727,2521,2300,221,1479,0.689,0.9123,1
0.7,tail_heavy,0.8,4,2.0,smart,0.3,5,4000,5.0,3.3268,1.6732,33.464,2476,2265,211,1524,0.6953,0.9148,1
0.7,tail_heavy,0.8,4,2.0,smart,0.3,6,4000,5.0,3.2782,1.7218,34.436,2530,2319,211,1470,0.698,0.9166,1
0.7,tail_heavy,0.8,8,0.5,smart,0.3,0,4000,9.0,5.2576,3.7424,41.582,2595,2400,195,1405,0.713,0.9249,1
0.7,tail_heavy,0.8,8,0.5,smart,0.3,1,4000,9.0,5.3407,3.6593,40.659,2561,2340,221,1439,0.6993,0.9137,1
0.7,tail_heavy,0.8,8,0.5,smart,0.3,2,4000,9.0,5.3248,3.6752,40.835,2539,2342,197,1461,0.6985,0.9224,1
0.7,tail_heavy,0.8,8,0.5,smart,0.3,3,4000,9.0,5.3142,3.6858,40.954,2581,2353,228,1419,0.6955,0.9117,1
0.7,tail_heavy,0.8,8,0.5,smart,0.3,4,4000,9.0,5.4136,3.5864,39.849,2532,2305,227,1468,0.6887,0.9103,1
0.7,tail_heavy,0.8,8,0.5,smart,0.3,5,4000,9.0,5.3557,3.6443,40.492,2553,2335,218,1447,0.6895,0.9146,1
0.7,tail_heavy,0.8,8,0.5,smart,0.3,6,4000,9.0,5.3382,3.6618,40.687,2560,2340,220,1440,0.7067,0.9141,1
0.7,tail_heavy,0.8,8,1.0,smart,0.3,0,4000,9.0,5.4025,3.5975,39.972,2517,2327,190,1483,0.7057,0.9245,1
0.7,tail_heavy,0.8,8,1.0,smart,0.3,1,4000,9.0,5.4685,3.5315,39.239,2554,2291,263,1446,0.6893,0.897,1
0.7,tail_heavy,0.8,8,1.0,smart,0.3,2,4000,9.0,5.3436,3.6564,40.626,2561,2348,213,1439,0.7035,0.9168,1
0.7,tail_heavy,0.8,8,1.0,smart,0.3,3,4000,9.0,5.3782,3.6218,40.242,2568,2326,242,1432,0.7015,0.9058,1
0.7,tail_heavy,0.8,8,1.0,smart,0.3,4,4000,9.0,5.4167,3.5833,39.814,2552,2318,234,1448,0.686,0.9083,1
0.7,tail_heavy,0.8,8,1.0,smart,0.3,5,4000,9.0,5.3948,3.6052,40.057,2544,2333,211,1456,0.7025,0.9171,1
0.7,tail_heavy,0.8,8,1.0,smart,0.3,6,4000,9.0,5.3423,3.6577,40.641,2582,2362,220,1418,0.7095,0.9148,1
0.7,tail_heavy,0.8,8,2.0,smart,0.3,0,4000,9.0,5.3577,3.6423,40.47,2583,2365,218,1417,0.7007,0.9156,1
0.7,tail_heavy,0.8,8,2.0,smart,0.3,1,4000,9.0,5.5456,3.4544,38.383,2484,2270,214,1516,0.6973,0.9138,1
0.7,tail_heavy,0.8,8,2.0,smart,0.3,2,4000,9.0,5.4538,3.5462,39.402,2552,2327,225,1448,0.6965,0.9118,1
0.7,tail_heavy,0.8,8,2.0,smart,0.3,3,4000,9.0,5.5428,3.4572,38.414,2478,2263,215,1522,0.696,0.9132,1
0.7,tail_heavy,0.8,8,2.0,smart,0.3,4,4000,9.0,5.3673,3.6327,40.363,2562,2366,196,1438,0.7057,0.9235,1
0.7,tail_heavy,0.8,8,2.0,smart,0.3,5,4000,9.0,5.3726,3.6274,40.305,2563,2362,201,1437,0.7105,0.9216,1
0.7,tail_heavy,0.8,8,2.0,smart,0.3,6,4000,9.0,5.4401,3.5599,39.554,2553,2331,222,1447,0.6887,0.913,1
0.7,tail_heavy,0.9,0.25,0.5,smart,0.3,0,4000,1.25,1.1366,0.1134,9.071,2678,2573,105,1322,0.6943,0.9608,1
0.7,tail_heavy,0.9,0.25,0.5,smart,0.3,1,4000,1.25,1.1352,0.1148,9.185,2715,2609,106,1285,0.6915,0.961,1
0.7,tail_heavy,0.9,0.25,0.5,smart,0.3,2,4000,1.25,1.1306,0.1194,9.549,2735,2645,90,1265,0.7015,0.9671,1
0.7,tail_heavy,0.9,0.25,0.5,smart,0.3,3,4000,1.25,1.1342,0.1158,9.261,2707,2607,100,1293,0.6997,0.9631,1
0.7,tail_heavy,0.9,0.25,0.5,smart,0.3,4,4000,1.25,1.1351,0.1149,9.195,2726,2617,109,1274,0.705,0.96,1
0.7,tail_heavy,0.9,0.25,0.5,smart,0.3,5,4000,1.25,1.1353,0.1147,9.172,2762,2640,122,1238,0.706,0.9558,1
0.7,tail_heavy,0.9,0.25,0.5,smart,0.3,6,4000,1.25,1.1344,0.1156,9.249,2748,2637,111,1252,0.6953,0.9596,1
0.7,tail_heavy,0.9,0.25,1.0,smart,0.3,0,4000,1.25,1.1476,0.1024,8.191,2707,2605,102,1293,0.6973,0.9623,1
0.7,tail_heavy,0.9,0.25,1.0,smart,0.3,1,4000,1.25,1.1502,0.0998,7.986,2716,2604,112,1284,0.6985,0.9588,1
0.7,tail_heavy,0.9,0.25,1.0,smart,0.3,2,4000,1.25,1.1451,0.1049,8.395,2711,2614,97,1289,0.7037,0.9642,1
0.7,tail_heavy,0.9,0.25,1.0,smart,0.3,3,4000,1.25,1.1453,0.1047,8.38,2733,2632,101,1267,0.6993,0.963,1
0.7,tail_heavy,0.9,0.25,1.0,smart,0.3,4,4000,1.25,1.1455,0.1045,8.363,2776,2666,110,1224,0.7215,0.9604,1
0.7,tail_heavy,0.9,0.25,1.0,smart,0.3,5,4000,1.25,1.1459,0.1041,8.324,2703,2605,98,1297,0.695,0.9637,1
0.7,tail_heavy,0.9,0.25,1.0,smart,0.3,6,4000,1.25,1.1473,0.1027,8.213,2689,2589,100,1311,0.6967,0.9628,1
0.7,tail_heavy,0.9,0.25,2.0,smart,0.3,0,4000,1.25,1.1743,0.0757,6.058,2665,2564,101,1335,0.6905,0.9621,1
0.7,tail_heavy,0.9,0.25,2.0,smart,0.3,1,4000,1.25,1.1712,0.0788,6.306,2725,2624,101,1275,0.7173,0.9629,1
0.7,tail_heavy,0.9,0.25,2.0,smart,0.3,2,4000,1.25,1.1834,0.0666,5.326,2737,2614,123,1263,0.6945,0.9551,1
0.7,tail_heavy,0.9,0.25,2.0,smart,0.3,3,4000,1.25,1.1767,0.0733,5.868,2728,2616,112,1272,0.7003,0.9589,1
0.7,tail_heavy,0.9,0.25,2.0,smart,0.3,4,4000,1.25,1.1791,0.0709,5.67,2772,2653,119,1228,0.7023,0.9571,1
0.7,tail_heavy,0.9,0.25,2.0,smart,0.3,5,4000,1.25,1.1858,0.0642,5.136,2774,2642,132,1226,0.7077,0.9524,1
0.7,tail_heavy,0.9,0.25,2.0,smart,0.3,6,4000,1.25,1.171,0.079,6.322,2705,2606,99,1295,0.6947,0.9634,1
0.7,tail_heavy,0.9,0.5,0.5,smart,0.3,0,4000,1.5,1.258,0.242,16.131,2685,2587,98,1315,0.695,0.9635,1
0.7,tail_heavy,0.9,0.5,0.5,smart,0.3,1,4000,1.5,1.261,0.239,15.935,2709,2581,128,1291,0.6913,0.9528,1
0.7,tail_heavy,0.9,0.5,0.5,smart,0.3,2,4000,1.5,1.2502,0.2498,16.656,2784,2673,111,1216,0.7173,0.9601,1
0.7,tail_heavy,0.9,0.5,0.5,smart,0.3,3,4000,1.5,1.2542,0.2458,16.385,2750,2640,110,1250,0.7085,0.96,1
0.7,tail_heavy,0.9,0.5,0.5,smart,0.3,4,4000,1.5,1.2543,0.2457,16.383,2749,2640,109,1251,0.7115,0.9603,1
0.7,tail_heavy,0.9,0.5,0.5,smart,0.3,5,4000,1.5,1.2598,0.2402,16.012,2706,2593,113,1294,0.697,0.9582,1
0.7,tail_heavy,0.9,0.5,0.5,smart,0.3,6,4000,1.5,1.2538,0.2462,16.416,2735,2631,104,1265,0.7013,0.962,1
0.7,tail_heavy,0.9,0.5,1.0,smart,0.3,0,4000,1.5,1.2741,0.2259,15.06,2727,2604,123,1273,0.698,0.9549,1
0.7,tail_heavy,0.9,0.5,1.0,smart,0.3,1,4000,1.5,1.2708,0.2292,15.283,2741,2625,116,1259,0.696,0.9577,1
0.7,tail_heavy,0.9,0.5,1.0,smart,0.3,2,4000,1.5,1.2746,0.2254,15.027,2681,2569,112,1319,0.686,0.9582,1
0.7,tail_heavy,0.9,0.5,1.0,smart,0.3,3,4000,1.5,1.2765,0.2235,14.902,2729,2604,125,1271,0.699,0.9542,1
0.7,tail_heavy,0.9,0.5,1.0,smart,0.3,4,4000,1.5,1.2682,0.2318,15.45,2731,2624,107,1269,0.6975,0.9608,1
0.7,tail_heavy,0.9,0.5,1.0,smart,0.3,5,4000,1.5,1.273,0.227,15.134,2646,2547,99,1354,0.6873,0.9626,1
0.7,tail_heavy,0.9,0.5,1.0,smart,0.3,6,4000,1.5,1.2806,0.2194,14.629,2695,2567,128,1305,0.7005,0.9525,1
0.7,tail_heavy,0.9,0.5,2.0,smart,0.3,0,4000,1.5,1.2989,0.2011,13.41,2701,2592,109,1299,0.6943,0.9596,1
0.7,tail_heavy,0.9,0.5,2.0,smart,0.3,1,4000,1.5,1.3046,0.1954,13.029,2756,2629,127,1244,0.7033,0.9539,1
0.7,tail_heavy,0.9,0.5,2.0,smart,0.3,2,4000,1.5,1.2987,0.2013,13.422,2675,2572,103,1325,0.696,0.9615,1
0.7,tail_heavy,0.9,0.5,2.0,smart,0.3,3,4000,1.5,1.3033,0.1967,13.111,2751,2626,125,1249,0.7033,0.9546,1
0.7,tail_heavy,0.9,0.5,2.0,smart,0.3,4,4000,1.5,1.2979,0.2021,13.471,2692,2588,104,1308,0.695,0.9614,1
0.7,tail_heavy,0.9,0.5,2.0,smart,0.3,5,4000,1.5,1.3029,0.1971,13.143,2672,2561,111,1328,0.6867,0.9585,1
0.7,tail_heavy,0.9,0.5,2.0,smart,0.3,6,4000,1.5,1.2999,0.2001,13.339,2774,2652,122,1226,0.715,0.956,1
0.7,tail_heavy,0.9,1,0.5,smart,0.3,0,4000,2.0,1.4942,0.5058,25.292,2746,2641,105,1254,0.6993,0.9618,1
0.7,tail_heavy,0.9,1,0.5,smart,0.3,1,4000,2.0,1.4866,0.5134,25.671,2785,2676,109,1215,0.7188,0.9609,1
0.7,tail_heavy,0.9,1,0.5,smart,0.3,2,4000,2.0,1.503,0.497,24.849,2732,2609,123,1268,0.6993,0.955,1
0.7,tail_heavy,0.9,1,0.5,smart,0.3,3,4000,2.0,1.4919,0.5081,25.403,2752,2651,101,1248,0.704,0.9633,1
0.7,tail_heavy,0.9,1,0.5,smart,0.3,4,4000,2.0,1.5028,0.4972,24.862,2765,2625,140,1235,0.702,0.9494,1
0.7,tail_heavy,0.9,1,0.5,smart,0.3,5,4000,2.0,1.5164,0.4836,24.182,2650,2536,114,1350,0.6977,0.957,1
0.7,tail_heavy,0.9,1,0.5,smart,0.3,6,4000,2.0,1.5004,0.4996,24.979,2700,2594,106,1300,0.692,0.9607,1
0.7,tail_heavy,0.9,1,1.0,smart,0.3,0,4000,2.0,1.5076,0.4924,24.62,2717,2621,96,1283,0.7013,0.9647,1
0.7,tail_heavy,0.9,1,1.0,smart,0.3,1,4000,2.0,1.5143,0.4857,24.283,2727,2615,112,1273,0.6935,0.9589,1
0.7,tail_heavy,0.9,1,1.0,smart,0.3,2,4000,2.0,1.5119,0.4881,24.405,2749,2635,114,1251,0.7065,0.9585,1
0.7,tail_heavy,0.9,1,1.0,smart,0.3,3,4000,2.0,1.5203,0.4797,23.986,2681,2575,106,1319,0.6913,0.9605,1
0.7,tail_heavy,0.9,1,1.0,smart,0.3,4,4000,2.0,1.5172,0.4828,24.139,2722,2603,119,1278,0.6995,0.9563,1
0.7,tail_heavy,0.9,1,1.0,smart,0.3,5,4000,2.0,1.5016,0.4984,24.921,2779,2670,109,1221,0.7027,0.9608,1
0.7,tail_heavy,0.9,1,1.0,smart,0.3,6,4000,2.0,1.5183,0.4817,24.085,2710,2592,118,1290,0.7037,0.9565,1
0.7,tail_heavy,0.9,1,2.0,smart,0.3,0,4000,2.0,1.5342,0.4658,23.291,2706,2612,94,1294,0.7053,0.9653,1
0.7,tail_heavy,0.9,1,2.0,smart,0.3,1,4000,2.0,1.5365,0.4635,23.175,2749,2640,109,1251,0.6967,0.9603,1
0.7,tail_heavy,0.9,1,2.0,smart,0.3,2,4000,2.0,1.5527,0.4473,22.365,2729,2601,128,1271,0.7033,0.9531,1
0.7,tail_heavy,0.9,1,2.0,smart,0.3,3,4000,2.0,1.5367,0.4633,23.163,2719,2618,101,1281,0.7035,0.9629,1
0.7,tail_heavy,0.9,1,2.0,smart,0.3,4,4000,2.0,1.5336,0.4664,23.321,2799,2679,120,1201,0.7057,0.9571,1
0.7,tail_heavy,0.9,1,2.0,smart,0.3,5,4000,2.0,1.5265,0.4735,23.677,2783,2675,108,1217,0.7107,0.9612,1
0.7,tail_heavy,0.9,1,2.0,smart,0.3,6,4000,2.0,1.5545,0.4455,22.276,2694,2572,122,1306,0.6965,0.9547,1
0.7,tail_heavy,0.9,2,0.5,smart,0.3,0,4000,3.0,1.9992,1.0008,33.361,2683,2581,102,1317,0.689,0.962,1
0.7,tail_heavy,0.9,2,0.5,smart,0.3,1,4000,3.0,1.9931,1.0069,33.562,2679,2574,105,1321,0.6955,0.9608,1
0.7,tail_heavy,0.9,2,0.5,smart,0.3,2,4000,3.0,1.9869,1.0131,33.771,2735,2611,124,1265,0.7017,0.9547,1
0.7,tail_heavy,0.9,2,0.5,smart,0.3,3,4000,3.0,1.9755,1.0245,34.151,2723,2624,99,1277,0.6973,0.9636,1
0.7,tail_heavy,0.9,2,0.5,smart,0.3,4,4000,3.0,2.0082,0.9918,33.059,2726,2587,139,1274,0.6827,0.949,1
0.7,tail_heavy,0.9,2,0.5,smart,0.3,5,4000,3.0,1.9753,1.0247,34.157,2763,2650,113,1237,0.7047,0.9591,1
0.7,tail_heavy,0.9,2,0.5,smart,0.3,6,4000,3.0,1.973,1.027,34.233,2771,2666,105,1229,0.7053,0.9621,1
0.7,tail_heavy,0.9,2,1.0,smart,0.3,0,4000,3.0,2.0134,0.9866,32.888,2699,2578,121,1301,0.7023,0.9552,1
0.7,tail_heavy,0.9,2,1.0,smart,0.3,1,4000,3.0,2.0074,0.9926,33.088,2725,2604,121,1275,0.7003,0.9556,1
0.7,tail_heavy,0.9,2,1.0,smart,0.3,2,4000,3.0,1.9872,1.0128,33.761,2742,2644,98,1258,0.7005,0.9643,1
0.7,tail_heavy,0.9,2,1.0,smart,0.3,3,4000,3.0,1.9955,1.0045,33.483,2721,2618,103,1279,0.7007,0.9621,1
0.7,tail_heavy,0.9,2,1.0,smart,0.3,4,4000,3.0,1.9817,1.0183,33.942,2758,2653,105,1242,0.7017,0.9619,1
0.7,tail_heavy,0.9,2,1.0,smart,0.3,5,4000,3.0,1.9935,1.0065,33.551,2722,2608,114,1278,0.6987,0.9581,1
0.7,tail_heavy,0.9,2,1.0,smart,0.3,6,4000,3.0,2.003,0.997,33.233,2711,2610,101,1289,0.6953,0.9627,1
0.7,tail_heavy,0.9,2,2.0,smart,0.3,0,4000,3.0,2.0261,0.9739,32.463,2719,2611,108,1281,0.6983,0.9603,1
0.7,tail_heavy,0.9,2,2.0,smart,0.3,1,4000,3.0,2.0245,0.9755,32.515,2721,2615,106,1279,0.6937,0.961,1
0.7,tail_heavy,0.9,2,2.0,smart,0.3,2,4000,3.0,2.0469,0.9531,31.771,2723,2593,130,1277,0.6915,0.9523,1
0.7,tail_heavy,0.9,2,2.0,smart,0.3,3,4000,3.0,2.0535,0.9465,31.551,2667,2552,115,1333,0.6917,0.9569,1
0.7,tail_heavy,0.9,2,2.0,smart,0.3,4,4000,3.0,2.0013,0.9987,33.29,2771,2670,101,1229,0.7097,0.9636,1
0.7,tail_heavy,0.9,2,2.0,smart,0.3,5,4000,3.0,2.0227,0.9773,32.576,2739,2625,114,1261,0.6983,0.9584,1
0.7,tail_heavy,0.9,2,2.0,smart,0.3,6,4000,3.0,2.0232,0.9768,32.56,2733,2620,113,1267,0.6977,0.9587,1
0.7,tail_heavy,0.9,4,0.5,smart,0.3,0,4000,5.0,2.959,2.041,40.821,2719,2606,113,1281,0.6927,0.9584,1
0.7,tail_heavy,0.9,4,0.5,smart,0.3,1,4000,5.0,2.9171,2.0829,41.659,2770,2664,106,1230,0.707,0.9617,1
0.7,tail_heavy,0.9,4,0.5,smart,0.3,2,4000,5.0,2.935,2.065,41.301,2752,2643,109,1248,0.712,0.9604,1
0.7,tail_heavy,0.9,4,0.5,smart,0.3,3,4000,5.0,2.8744,2.1256,42.512,2808,2701,107,1192,0.7205,0.9619,1
0.7,tail_heavy,0.9,4,0.5,smart,0.3,4,4000,5.0,2.9867,2.0133,40.266,2703,2570,133,1297,0.6885,0.9508,1
0.7,tail_heavy,0.9,4,0.5,smart,0.3,5,4000,5.0,2.9318,2.0682,41.364,2749,2639,110,1251,0.7035,0.96,1
0.7,tail_heavy,0.9,4,0.5,smart,0.3,6,4000,5.0,2.991,2.009,40.18,2699,2575,124,1301,0.702,0.9541,1
0.7,tail_heavy,0.9,4,1.0,smart,0.3,0,4000,5.0,2.9675,2.0325,40.651,2731,2623,108,1269,0.6947,0.9605,1
0.7,tail_heavy,0.9,4,1.0,smart,0.3,1,4000,5.0,2.9298,2.0702,41.404,2772,2666,106,1228,0.7107,0.9618,1
0.7,tail_heavy,0.9,4,1.0,smart,0.3,2,4000,5.0,2.9663,2.0337,40.674,2756,2629,127,1244,0.7005,0.9539,1
0.7,tail_heavy,0.9,4,1.0,smart,0.3,3,4000,5.0,2.9787,2.0213,40.426,2704,2597,107,1296,0.6973,0.9604,1
0.7,tail_heavy,0.9,4,1.0,smart,0.3,4,4000,5.0,2.957,2.043,40.86,2757,2637,120,1243,0.7053,0.9565,1
0.7,tail_heavy,0.9,4,1.0,smart,0.3,5,4000,5.0,2.9686,2.0314,40.628,2725,2620,105,1275,0.6945,0.9615,1
0.7,tail_heavy,0.9,4,1.0,smart,0.3,6,4000,5.0,2.9229,2.0771,41.542,2789,2678,111,1211,0.7097,0.9602,1
0.7,tail_heavy,0.9,4,2.0,smart,0.3,0,4000,5.0,2.9862,2.0138,40.277,2720,2617,103,1280,0.6903,0.9621,1
0.7,tail_heavy,0.9,4,2.0,smart,0.3,1,4000,5.0,3.0363,1.9637,39.273,2675,2561,114,1325,0.6813,0.9574,1
0.7,tail_heavy,0.9,4,2.0,smart,0.3,2,4000,5.0,3.005,1.995,39.899,2709,2599,110,1291,0.6993,0.9594,1
0.7,tail_heavy,0.9,4,2.0,smart,0.3,3,4000,5.0,3.0104,1.9896,39.792,2703,2604,99,1297,0.697,0.9634,1
0.7,tail_heavy,0.9,4,2.0,smart,0.3,4,4000,5.0,3.0151,1.9849,39.698,2717,2598,119,1283,0.7005,0.9562,1
0.7,tail_heavy,0.9,4,2.0,smart,0.3,5,4000,5.0,3.0178,1.9822,39.643,2710,2594,116,1290,0.6935,0.9572,1
0.7,tail_heavy,0.9,4,2.0,smart,0.3,6,4000,5.0,2.9706,2.0294,40.588,2734,2630,104,1266,0.7077,0.962,1
0.7,tail_heavy,0.9,8,0.5,smart,0.3,0,4000,9.0,4.86,4.14,46.0,2739,2638,101,1261,0.7057,0.9631,1
0.7,tail_heavy,0.9,8,0.5,smart,0.3,1,4000,9.0,4.8817,4.1183,45.758,2730,2618,112,1270,0.7057,0.959,1
0.7,tail_heavy,0.9,8,0.5,smart,0.3,2,4000,9.0,4.8821,4.1179,45.754,2748,2624,124,1252,0.692,0.9549,1
0.7,tail_heavy,0.9,8,0.5,smart,0.3,3,4000,9.0,4.968,4.032,44.8,2709,2590,119,1291,0.6913,0.9561,1
0.7,tail_heavy,0.9,8,0.5,smart,0.3,4,4000,9.0,4.7913,4.2087,46.763,2763,2666,97,1237,0.7113,0.9649,1
0.7,tail_heavy,0.9,8,0.5,smart,0.3,5,4000,9.0,4.9125,4.0875,45.417,2715,2618,97,1285,0.6987,0.9643,1
0.7,tail_heavy,0.9,8,0.5,smart,0.3,6,4000,9.0,4.901,4.099,45.545,2726,2615,111,1274,0.6975,0.9593,1
0.7,tail_heavy,0.9,8,1.0,smart,0.3,0,4000,9.0,4.9407,4.0593,45.104,2709,2602,107,1291,0.6987,0.9605,1
0.7,tail_heavy,0.9,8,1.0,smart,0.3,1,4000,9.0,4.9322,4.0678,45.198,2686,2590,96,1314,0.7037,0.9643,1
0.7,tail_heavy,0.9,8,1.0,smart,0.3,2,4000,9.0,4.962,4.038,44.867,2681,2580,101,1319,0.695,0.9623,1
0.7,tail_heavy,0.9,8,1.0,smart,0.3,3,4000,9.0,4.9621,4.0379,44.866,2710,2585,125,1290,0.689,0.9539,1
0.7,tail_heavy,0.9,8,1.0,smart,0.3,4,4000,9.0,4.7732,4.2268,46.964,2776,2690,86,1224,0.704,0.969,1
0.7,tail_heavy,0.9,8,1.0,smart,0.3,5,4000,9.0,4.929,4.071,45.233,2710,2605,105,1290,0.6935,0.9613,1
0.7,tail_heavy,0.9,8,1.0,smart,0.3,6,4000,9.0,4.8695,4.1305,45.894,2749,2636,113,1251,0.7105,0.9589,1
0.7,tail_heavy,0.9,8,2.0,smart,0.3,0,4000,9.0,5.0021,3.9979,44.421,2701,2585,116,1299,0.6995,0.9571,1
0.7,tail_heavy,0.9,8,2.0,smart,0.3,1,4000,9.0,4.9512,4.0488,44.986,2708,2595,113,1292,0.7005,0.9583,1
0.7,tail_heavy,0.9,8,2.0,smart,0.3,2,4000,9.0,4.9644,4.0356,44.84,2724,2608,116,1276,0.7,0.9574,1
0.7,tail_heavy,0.9,8,2.0,smart,0.3,3,4000,9.0,4.8959,4.1041,45.601,2739,2640,99,1261,0.7093,0.9639,1
0.7,tail_heavy,0.9,8,2.0,smart,0.3,4,4000,9.0,4.8639,4.1361,45.957,2767,2662,105,1233,0.702,0.9621,1
0.7,tail_heavy,0.9,8,2.0,smart,0.3,5,4000,9.0,4.8316,4.1684,46.315,2800,2684,116,1200,0.701,0.9586,1
0.7,tail_heavy,0.9,8,2.0,smart,0.3,6,4000,9.0,4.94,4.06,45.111,2733,2619,114,1267,0.6967,0.9583,1
0.7,tail_heavy,0.95,0.25,0.5,smart,0.3,0,4000,1.25,1.1205,0.1295,10.361,2849,2788,61,1151,0.7035,0.9786,1
0.7,tail_heavy,0.95,0.25,0.5,smart,0.3,1,4000,1.25,1.119,0.131,10.481,2836,2786,50,1164,0.6945,0.9824,1
0.7,tail_heavy,0.95,0.25,0.5,smart,0.3,2,4000,1.25,1.1226,0.1274,10.193,2774,2721,53,1226,0.6925,0.9809,1
0.7,tail_heavy,0.95,0.25,0.5,smart,0.3,3,4000,1.25,1.12,0.13,10.4,2818,2767,51,1182,0.705,0.9819,1
0.7,tail_heavy,0.95,0.25,0.5,smart,0.3,4,4000,1.25,1.1199,0.1301,10.411,2829,2777,52,1171,0.7007,0.9816,1
0.7,tail_heavy,0.95,0.25,0.5,smart,0.3,5,4000,1.25,1.1242,0.1258,10.067,2818,2743,75,1182,0.7007,0.9734,1
0.7,tail_heavy,0.95,0.25,0.5,smart,0.3,6,4000,1.25,1.1184,0.1316,10.525,2819,2781,38,1181,0.7043,0.9865,1
0.7,tail_heavy,0.95,0.25,1.0,smart,0.3,0,4000,1.25,1.1278,0.1222,9.776,2823,2767,56,1177,0.6967,0.9802,1
0.7,tail_heavy,0.95,0.25,1.0,smart,0.3,1,4000,1.25,1.1277,0.1223,9.787,2813,2757,56,1187,0.7023,0.9801,1
0.7,tail_heavy,0.95,0.25,1.0,smart,0.3,2,4000,1.25,1.1309,0.1191,9.527,2844,2776,68,1156,0.7017,0.9761,1
0.7,tail_heavy,0.95,0.25,1.0,smart,0.3,3,4000,1.25,1.1277,0.1223,9.788,2834,2780,54,1166,0.6983,0.9809,1
0.7,tail_heavy,0.95,0.25,1.0,smart,0.3,4,4000,1.25,1.1227,0.1273,10.182,2860,2815,45,1140,0.702,0.9843,1
0.7,tail_heavy,0.95,0.25,1.0,smart,0.3,5,4000,1.25,1.1248,0.1252,10.017,2803,2762,41,1197,0.702,0.9854,1
0.7,tail_heavy,0.95,0.25,1.0,smart,0.3,6,4000,1.25,1.1296,0.1204,9.631,2818,2758,60,1182,0.6933,0.9787,1
0.7,tail_heavy,0.95,0.25,2.0,smart,0.3,0,4000,1.25,1.1407,0.1093,8.744,2854,2798,56,1146,0.7095,0.9804,1
0.7,tail_heavy,0.95,0.25,2.0,smart,0.3,1,4000,1.25,1.133,0.117,9.363,2818,2777,41,1182,0.7065,0.9855,1
0.7,tail_heavy,0.95,0.25,2.0,smart,0.3,2,4000,1.25,1.1409,0.1091,8.725,2831,2778,53,1169,0.6985,0.9813,1
0.7,tail_heavy,0.95,0.25,2.0,smart,0.3,3,4000,1.25,1.1424,0.1076,8.609,2798,2743,55,1202,0.696,0.9803,1
0.7,tail_heavy,0.95,0.25,2.0,smart,0.3,4,4000,1.25,1.1324,0.1176,9.404,2836,2796,40,1164,0.7115,0.9859,1
0.7,tail_heavy,0.95,0.25,2.0,smart,0.3,5,4000,1.25,1.152,0.098,7.838,2825,2751,74,1175,0.7085,0.9738,1
0.7,tail_heavy,0.95,0.25,2.0,smart,0.3,6,4000,1.25,1.1485,0.1015,8.123,2752,2692,60,1248,0.6727,0.9782,1
0.7,tail_heavy,0.95,0.5,0.5,smart,0.3,0,4000,1.5,1.2372,0.2628,17.52,2800,2745,55,1200,0.7053,0.9804,1
0.7,tail_heavy,0.95,0.5,0.5,smart,0.3,1,4000,1.5,1.2394,0.2606,17.374,2772,2713,59,1228,0.7007,0.9787,1
0.7,tail_heavy,0.95,0.5,0.5,smart,0.3,2,4000,1.5,1.2346,0.2654,17.69,2794,2752,42,1206,0.7023,0.985,1
0.7,tail_heavy,0.95,0.5,0.5,smart,0.3,3,4000,1.5,1.2389,0.2611,17.408,2785,2727,58,1215,0.6913,0.9792,1
0.7,tail_heavy,0.95,0.5,0.5,smart,0.3,4,4000,1.5,1.2356,0.2644,17.628,2824,2761,63,1176,0.694,0.9777,1
0.7,tail_heavy,0.95,0.5,0.5,smart,0.3,5,4000,1.5,1.2379,0.2621,17.476,2790,2729,61,1210,0.6885,0.9781,1
0.7,tail_heavy,0.95,0.5,0.5,smart,0.3,6,4000,1.5,1.2385,0.2615,17.434,2838,2764,74,1162,0.6977,0.9739,1
0.7,tail_heavy,0.95,0.5,1.0,smart,0.3,0,4000,1.5,1.2381,0.2619,17.463,2871,2812,59,1129,0.7057,0.9794,1
0.7,tail_heavy,0.95,0.5,1.0,smart,0.3,1,4000,1.5,1.2473,0.2527,16.847,2752,2701,51,1248,0.69,0.9815,1
0.7,tail_heavy,0.95,0.5,1.0,smart,0.3,2,4000,1.5,1.2415,0.2585,17.236,2789,2742,47,1211,0.693,0.9831,1
0.7,tail_heavy,0.95,0.5,1.0,smart,0.3,3,4000,1.5,1.2426,0.2574,17.161,2803,2748,55,1197,0.6957,0.9804,1
0.7,tail_heavy,0.95,0.5,1.0,smart,0.3,4,4000,1.5,1.2419,0.2581,17.21,2824,2765,59,1176,0.7053,0.9791,1
0.7,tail_heavy,0.95,0.5,1.0,smart,0.3,5,4000,1.5,1.239,0.261,17.4,2831,2781,50,1169,0.7103,0.9823,1
0.7,tail_heavy,0.95,0.5,1.0,smart,0.3,6,4000,1.5,1.234,0.266,17.733,2820,2785,35,1180,0.7,0.9876,1
0.7,tail_heavy,0.95,0.5,2.0,smart,0.3,0,4000,1.5,1.2636,0.2364,15.758,2815,2746,69,1185,0.703,0.9755,1
0.7,tail_heavy,0.95,0.5,2.0,smart,0.3,1,4000,1.5,1.2494,0.2506,16.708,2849,2800,49,1151,0.7073,0.9828,1
0.7,tail_heavy,0.95,0.5,2.0,smart,0.3,2,4000,1.5,1.2551,0.2449,16.326,2814,2763,51,1186,0.705,0.9819,1
0.7,tail_heavy,0.95,0.5,2.0,smart,0.3,3,4000,1.5,1.2469,0.2531,16.872,2847,2802,45,1153,0.7003,0.9842,1
0.7,tail_heavy,0.95,0.5,2.0,smart,0.3,4,4000,1.5,1.2656,0.2344,15.627,2816,2745,71,1184,0.7043,0.9748,1
0.7,tail_heavy,0.95,0.5,2.0,smart,0.3,5,4000,1.5,1.2538,0.2462,16.417,2841,2787,54,1159,0.7065,0.981,1
0.7,tail_heavy,0.95,0.5,2.0,smart,0.3,6,4000,1.5,1.2559,0.2441,16.276,2749,2705,44,1251,0.6897,0.984,1
0.7,tail_heavy,0.95,1,0.5,smart,0.3,0,4000,2.0,1.4487,0.5513,27.566,2878,2832,46,1122,0.703,0.984,1
0.7,tail_heavy,0.95,1,0.5,smart,0.3,1,4000,2.0,1.4739,0.5261,26.305,2777,2719,58,1223,0.6927,0.9791,1
0.7,tail_heavy,0.95,1,0.5,smart,0.3,2,4000,2.0,1.4566,0.5434,27.171,2840,2789,51,1160,0.7075,0.982,1
0.7,tail_heavy,0.95,1,0.5,smart,0.3,3,4000,2.0,1.4632,0.5368,26.841,2816,2758,58,1184,0.6983,0.9794,1
0.7,tail_heavy,0.95,1,0.5,smart,0.3,4,4000,2.0,1.4561,0.5439,27.197,2838,2785,53,1162,0.7033,0.9813,1
0.7,tail_heavy,0.95,1,0.5,smart,0.3,5,4000,2.0,1.4613,0.5387,26.934,2812,2761,51,1188,0.6907,0.9819,1
0.7,tail_heavy,0.95,1,0.5,smart,0.3,6,4000,2.0,1.4675,0.5325,26.627,2794,2735,59,1206,0.6997,0.9789,1
0.7,tail_heavy,0.95,1,1.0,smart,0.3,0,4000,2.0,1.4608,0.5392,26.96,2851,2800,51,1149,0.7005,0.9821,1
0.7,tail_heavy,0.95,1,1.0,smart,0.3,1,4000,2.0,1.4652,0.5348,26.741,2832,2783,49,1168,0.7077,0.9827,1
0.7,tail_heavy,0.95,1,1.0,smart,0.3,2,4000,2.0,1.4763,0.5237,26.183,2795,2739,56,1205,0.6947,0.98,1
0.7,tail_heavy,0.95,1,1.0,smart,0.3,3,4000,2.0,1.48,0.52,26.0,2784,2724,60,1216,0.6907,0.9784,1
0.7,tail_heavy,0.95,1,1.0,smart,0.3,4,4000,2.0,1.4667,0.5333,26.666,2798,2748,50,1202,0.702,0.9821,1
0.7,tail_heavy,0.95,1,1.0,smart,0.3,5,4000,2.0,1.4626,0.5374,26.868,2842,2791,51,1158,0.6987,0.9821,1
0.7,tail_heavy,0.95,1,1.0,smart,0.3,6,4000,2.0,1.4621,0.5379,26.893,2847,2798,49,1153,0.7075,0.9828,1
0.7,tail_heavy,0.95,1,2.0,smart,0.3,0,4000,2.0,1.4884,0.5116,25.58,2806,2747,59,1194,0.693,0.979,1
0.7,tail_heavy,0.95,1,2.0,smart,0.3,1,4000,2.0,1.4688,0.5312,26.561,2843,2800,43,1157,0.7067,0.9849,1
0.7,tail_heavy,0.95,1,2.0,smart,0.3,2,4000,2.0,1.4807,0.5193,25.965,2809,2759,50,1191,0.6947,0.9822,1
0.7,tail_heavy,0.95,1,2.0,smart,0.3,3,4000,2.0,1.4763,0.5237,26.187,2852,2797,55,1148,0.7003,0.9807,1
0.7,tail_heavy,0.95,1,2.0,smart,0.3,4,4000,2.0,1.4901,0.5099,25.497,2809,2752,57,1191,0.6843,0.9797,1
0.7,tail_heavy,0.95,1,2.0,smart,0.3,5,4000,2.0,1.4776,0.5224,26.118,2856,2799,57,1144,0.7057,0.98,1
0.7,tail_heavy,0.95,1,2.0,smart,0.3,6,4000,2.0,1.4823,0.5177,25.887,2829,2776,53,1171,0.6983,0.9813,1
0.7,tail_heavy,0.95,2,0.5,smart,0.3,0,4000,3.0,1.9079,1.0921,36.402,2847,2789,58,1153,0.697,0.9796,1
0.7,tail_heavy,0.95,2,0.5,smart,0.3,1,4000,3.0,1.9346,1.0654,35.513,2787,2724,63,1213,0.6875,0.9774,1
0.7,tail_heavy,0.95,2,0.5,smart,0.3,2,4000,3.0,1.9279,1.0721,35.736,2784,2743,41,1216,0.6987,0.9853,1
0.7,tail_heavy,0.95,2,0.5,smart,0.3,3,4000,3.0,1.9214,1.0786,35.954,2826,2762,64,1174,0.7027,0.9774,1
0.7,tail_heavy,0.95,2,0.5,smart,0.3,4,4000,3.0,1.8971,1.1029,36.763,2864,2813,51,1136,0.7033,0.9822,1
0.7,tail_heavy,0.95,2,0.5,smart,0.3,5,4000,3.0,1.9431,1.0569,35.23,2775,2711,64,1225,0.6883,0.9769,1
0.7,tail_heavy,0.95,2,0.5,smart,0.3,6,4000,3.0,1.9045,1.0955,36.517,2855,2805,50,1145,0.7005,0.9825,1
0.7,tail_heavy,0.95,2,1.0,smart,0.3,0,4000,3.0,1.9146,1.0854,36.182,2869,2801,68,1131,0.7115,0.9763,1
0.7,tail_heavy,0.95,2,1.0,smart,0.3,1,4000,3.0,1.936,1.064,35.466,2771,2728,43,1229,0.6833,0.9845,1
0.7,tail_heavy,0.95,2,1.0,smart,0.3,2,4000,3.0,1.9136,1.0864,36.214,2844,2785,59,1156,0.7045,0.9793,1
0.7,tail_heavy,0.95,2,1.0,smart,0.3,3,4000,3.0,1.9466,1.0534,35.115,2776,2716,60,1224,0.689,0.9784,1
0.7,tail_heavy,0.95,2,1.0,smart,0.3,4,4000,3.0,1.9186,1.0814,36.048,2851,2785,66,1149,0.6985,0.9769,1
0.7,tail_heavy,0.95,2,1.0,smart,0.3,5,4000,3.0,1.912,1.088,36.266,2846,2800,46,1154,0.7013,0.9838,1
0.7,tail_heavy,0.95,2,1.0,smart,0.3,6,4000,3.0,1.9406,1.0594,35.313,2804,2746,58,1196,0.6913,0.9793,1
0.7,tail_heavy,0.95,2,2.0,smart,0.3,0,4000,3.0,1.9347,1.0653,35.509,2817,2768,49,1183,0.6953,0.9826,1
0.7,tail_heavy,0.95,2,2.0,smart,0.3,1,4000,3.0,1.9339,1.0661,35.537,2847,2787,60,1153,0.7015,0.9789,1
0.7,tail_heavy,0.95,2,2.0,smart,0.3,2,4000,3.0,1.9461,1.0539,35.13,2785,2736,49,1215,0.6983,0.9824,1
0.7,tail_heavy,0.95,2,2.0,smart,0.3,3,4000,3.0,1.9523,1.0477,34.923,2784,2726,58,1216,0.6917,0.9792,1
0.7,tail_heavy,0.95,2,2.0,smart,0.3,4,4000,3.0,1.9138,1.0862,36.206,2869,2818,51,1131,0.7147,0.9822,1
0.7,tail_heavy,0.95,2,2.0,smart,0.3,5,4000,3.0,1.9218,1.0782,35.941,2853,2801,52,1147,0.705,0.9818,1
0.7,tail_heavy,0.95,2,2.0,smart,0.3,6,4000,3.0,1.937,1.063,35.432,2829,2778,51,1171,0.7015,0.982,1
0.7,tail_heavy,0.95,4,0.5,smart,0.3,0,4000,5.0,2.8237,2.1763,43.525,2812,2767,45,1188,0.7087,0.984,1
0.7,tail_heavy,0.95,4,0.5,smart,0.3,1,4000,5.0,2.8088,2.1912,43.824,2864,2807,57,1136,0.7027,0.9801,1
0.7,tail_heavy,0.95,4,0.5,smart,0.3,2,4000,5.0,2.8015,2.1985,43.969,2860,2805,55,1140,0.7127,0.9808,1
0.7,tail_heavy,0.95,4,0.5,smart,0.3,3,4000,5.0,2.8607,2.1393,42.785,2761,2711,50,1239,0.6967,0.9819,1
0.7,tail_heavy,0.95,4,0.5,smart,0.3,4,4000,5.0,2.7824,2.2176,44.352,2886,2825,61,1114,0.7085,0.9789,1
0.7,tail_heavy,0.95,4,0.5,smart,0.3,5,4000,5.0,2.8148,2.1852,43.704,2838,2802,36,1162,0.7035,0.9873,1
0.7,tail_heavy,0.95,4,0.5,smart,0.3,6,4000,5.0,2.8274,2.1726,43.453,2819,2766,53,1181,0.7055,0.9812,1
0.7,tail_heavy,0.95,4,1.0,smart,0.3,0,4000,5.0,2.8204,2.1796,43.592,2822,2780,42,1178,0.7013,0.9851,1
0.7,tail_heavy,0.95,4,1.0,smart,0.3,1,4000,5.0,2.8431,2.1569,43.138,2809,2758,51,1191,0.703,0.9818,1
0.7,tail_heavy,0.95,4,1.0,smart,0.3,2,4000,5.0,2.8083,2.1917,43.834,2849,2799,50,1151,0.6997,0.9824,1
0.7,tail_heavy,0.95,4,1.0,smart,0.3,3,4000,5.0,2.8207,2.1793,43.585,2851,2793,58,1149,0.7067,0.9797,1
0.7,tail_heavy,0.95,4,1.0,smart,0.3,4,4000,5.0,2.8271,2.1729,43.459,2822,2771,51,1178,0.702,0.9819,1
0.7,tail_heavy,0.95,4,1.0,smart,0.3,5,4000,5.0,2.7913,2.2087,44.173,2857,2807,50,1143,0.7143,0.9825,1
0.7,tail_heavy,0.95,4,1.0,smart,0.3,6,4000,5.0,2.8088,2.1912,43.823,2857,2799,58,1143,0.7063,0.9797,1
0.7,tail_heavy,0.95,4,2.0,smart,0.3,0,4000,5.0,2.8462,2.1538,43.075,2824,2778,46,1176,0.692,0.9837,1
0.7,tail_heavy,0.95,4,2.0,smart,0.3,1,4000,5.0,2.8583,2.1417,42.834,2792,2746,46,1208,0.6947,0.9835,1
0.7,tail_heavy,0.95,4,2.0,smart,0.3,2,4000,5.0,2.8605,2.1395,42.789,2818,2760,58,1182,0.6865,0.9794,1
0.7,tail_heavy,0.95,4,2.0,smart,0.3,3,4000,5.0,2.8227,2.1773,43.547,2843,2794,49,1157,0.7093,0.9828,1
0.7,tail_heavy,0.95,4,2.0,smart,0.3,4,4000,5.0,2.8833,2.1167,42.334,2776,2723,53,1224,0.6877,0.9809,1
0.7,tail_heavy,0.95,4,2.0,smart,0.3,5,4000,5.0,2.812,2.188,43.76,2873,2810,63,1127,0.7103,0.9781,1
0.7,tail_heavy,0.95,4,2.0,smart,0.3,6,4000,5.0,2.8343,2.1657,43.315,2820,2780,40,1180,0.7027,0.9858,1
0.7,tail_heavy,0.95,8,0.5,smart,0.3,0,4000,9.0,4.5979,4.4021,48.913,2850,2803,47,1150,0.7077,0.9835,1
0.7,tail_heavy,0.95,8,0.5,smart,0.3,1,4000,9.0,4.5786,4.4214,49.126,2860,2798,62,1140,0.7212,0.9783,1
0.7,tail_heavy,0.95,8,0.5,smart,0.3,2,4000,9.0,4.668,4.332,48.133,2820,2768,52,1180,0.7053,0.9816,1
0.7,tail_heavy,0.95,8,0.5,smart,0.3,3,4000,9.0,4.6349,4.3651,48.501,2838,2783,55,1162,0.6987,0.9806,1
0.7,tail_heavy,0.95,8,0.5,smart,0.3,4,4000,9.0,4.671,4.329,48.1,2808,2758,50,1192,0.6927,0.9822,1
0.7,tail_heavy,0.95,8,0.5,smart,0.3,5,4000,9.0,4.5878,4.4122,49.024,2842,2801,41,1158,0.7083,0.9856,1
0.7,tail_heavy,0.95,8,0.5,smart,0.3,6,4000,9.0,4.6526,4.3474,48.305,2822,2773,49,1178,0.703,0.9826,1
0.7,tail_heavy,0.95,8,1.0,smart,0.3,0,4000,9.0,4.5641,4.4359,49.288,2872,2820,52,1128,0.7105,0.9819,1
0.7,tail_heavy,0.95,8,1.0,smart,0.3,1,4000,9.0,4.6357,4.3643,48.493,2837,2787,50,1163,0.7097,0.9824,1
0.7,tail_heavy,0.95,8,1.0,smart,0.3,2,4000,9.0,4.6118,4.3882,48.758,2844,2789,55,1156,0.7,0.9807,1
0.7,tail_heavy,0.95,8,1.0,smart,0.3,3,4000,9.0,4.6253,4.3747,48.608,2841,2776,65,1159,0.7035,0.9771,1
0.7,tail_heavy,0.95,8,1.0,smart,0.3,4,4000,9.0,4.7028,4.2972,47.746,2795,2735,60,1205,0.6937,0.9785,1
0.7,tail_heavy,0.95,8,1.0,smart,0.3,5,4000,9.0,4.6969,4.3031,47.812,2814,2747,67,1186,0.7,0.9762,1
0.7,tail_heavy,0.95,8,1.0,smart,0.3,6,4000,9.0,4.5986,4.4014,48.904,2855,2812,43,1145,0.7007,0.9849,1
0.7,tail_heavy,0.95,8,2.0,smart,0.3,0,4000,9.0,4.6742,4.3258,48.064,2800,2759,41,1200,0.7007,0.9854,1
0.7,tail_heavy,0.95,8,2.0,smart,0.3,1,4000,9.0,4.6606,4.3394,48.216,2812,2761,51,1188,0.6977,0.9819,1
0.7,tail_heavy,0.95,8,2.0,smart,0.3,2,4000,9.0,4.7226,4.2774,47.526,2801,2737,64,1199,0.699,0.9772,1
0.7,tail_heavy,0.95,8,2.0,smart,0.3,3,4000,9.0,4.6948,4.3052,47.836,2802,2752,50,1198,0.7075,0.9822,1
0.7,tail_heavy,0.95,8,2.0,smart,0.3,4,4000,9.0,4.6665,4.3335,48.15,2805,2765,40,1195,0.6983,0.9857,1
0.7,tail_heavy,0.95,8,2.0,smart,0.3,5,4000,9.0,4.7173,4.2827,47.585,2808,2748,60,1192,0.6947,0.9786,1
0.7,tail_heavy,0.95,8,2.0,smart,0.3,6,4000,9.0,4.7206,4.2794,47.549,2803,2732,71,1197,0.6945,0.9747,1
0.7,tail_heavy,1.0,0.25,0.5,smart,0.3,0,4000,1.25,1.1059,0.1441,11.526,2930,2930,0,1070,0.7135,1.0,1
0.7,tail_heavy,1.0,0.25,0.5,smart,0.3,1,4000,1.25,1.1067,0.1433,11.463,2908,2908,0,1092,0.7013,1.0,1
0.7,tail_heavy,1.0,0.25,0.5,smart,0.3,2,4000,1.25,1.1054,0.1446,11.564,2926,2926,0,1074,0.7133,1.0,1
0.7,tail_heavy,1.0,0.25,0.5,smart,0.3,3,4000,1.25,1.1069,0.1431,11.448,2904,2904,0,1096,0.703,1.0,1
0.7,tail_heavy,1.0,0.25,0.5,smart,0.3,4,4000,1.25,1.1049,0.1451,11.609,2929,2929,0,1071,0.7035,1.0,1
0.7,tail_heavy,1.0,0.25,0.5,smart,0.3,5,4000,1.25,1.1046,0.1454,11.633,2956,2956,0,1044,0.7095,1.0,1
0.7,tail_heavy,1.0,0.25,0.5,smart,0.3,6,4000,1.25,1.1058,0.1442,11.534,2939,2939,0,1061,0.7073,1.0,1
0.7,tail_heavy,1.0,0.25,1.0,smart,0.3,0,4000,1.25,1.1072,0.1428,11.428,2915,2915,0,1085,0.699,1.0,1
0.7,tail_heavy,1.0,0.25,1.0,smart,0.3,1,4000,1.25,1.1078,0.1422,11.38,2893,2893,0,1107,0.6903,1.0,1
0.7,tail_heavy,1.0,0.25,1.0,smart,0.3,2,4000,1.25,1.1046,0.1454,11.631,2955,2955,0,1045,0.7063,1.0,1
0.7,tail_heavy,1.0,0.25,1.0,smart,0.3,3,4000,1.25,1.1066,0.1434,11.472,2915,2915,0,1085,0.7043,1.0,1
0.7,tail_heavy,1.0,0.25,1.0,smart,0.3,4,4000,1.25,1.1065,0.1435,11.476,2920,2920,0,1080,0.7003,1.0,1
0.7,tail_heavy,1.0,0.25,1.0,smart,0.3,5,4000,1.25,1.1071,0.1429,11.43,2906,2906,0,1094,0.6973,1.0,1
0.7,tail_heavy,1.0,0.25,1.0,smart,0.3,6,4000,1.25,1.1068,0.1432,11.456,2907,2907,0,1093,0.6977,1.0,1
0.7,tail_heavy,1.0,0.25,2.0,smart,0.3,0,4000,1.25,1.1053,0.1447,11.578,2944,2944,0,1056,0.704,1.0,1
0.7,tail_heavy,1.0,0.25,2.0,smart,0.3,1,4000,1.25,1.1086,0.1414,11.314,2882,2882,0,1118,0.6967,1.0,1
0.7,tail_heavy,1.0,0.25,2.0,smart,0.3,2,4000,1.25,1.1075,0.1425,11.401,2889,2889,0,1111,0.699,1.0,1
0.7,tail_heavy,1.0,0.25,2.0,smart,0.3,3,4000,1.25,1.1081,0.1419,11.354,2888,2888,0,1112,0.6885,1.0,1
0.7,tail_heavy,1.0,0.25,2.0,smart,0.3,4,4000,1.25,1.1037,0.1463,11.705,2973,2973,0,1027,0.716,1.0,1
0.7,tail_heavy,1.0,0.25,2.0,smart,0.3,5,4000,1.25,1.1069,0.1431,11.449,2915,2915,0,1085,0.7033,1.0,1
0.7,tail_heavy,1.0,0.25,2.0,smart,0.3,6,4000,1.25,1.1086,0.1414,11.311,2876,2876,0,1124,0.6977,1.0,1
0.7,tail_heavy,1.0,0.5,0.5,smart,0.3,0,4000,1.5,1.216,0.284,18.934,2882,2882,0,1118,0.698,1.0,1
0.7,tail_heavy,1.0,0.5,0.5,smart,0.3,1,4000,1.5,1.2125,0.2875,19.164,2938,2938,0,1062,0.699,1.0,1
0.7,tail_heavy,1.0,0.5,0.5,smart,0.3,2,4000,1.5,1.2154,0.2846,18.972,2903,2903,0,1097,0.6933,1.0,1
0.7,tail_heavy,1.0,0.5,0.5,smart,0.3,3,4000,1.5,1.2132,0.2868,19.117,2910,2910,0,1090,0.6897,1.0,1
0.7,tail_heavy,1.0,0.5,0.5,smart,0.3,4,4000,1.5,1.2153,0.2847,18.982,2898,2898,0,1102,0.691,1.0,1
0.7,tail_heavy,1.0,0.5,0.5,smart,0.3,5,4000,1.5,1.2169,0.2831,18.872,2874,2874,0,1126,0.6913,1.0,1
0.7,tail_heavy,1.0,0.5,0.5,smart,0.3,6,4000,1.5,1.2161,0.2839,18.929,2891,2891,0,1109,0.6927,1.0,1
0.7,tail_heavy,1.0,0.5,1.0,smart,0.3,0,4000,1.5,1.2114,0.2886,19.24,2917,2917,0,1083,0.6943,1.0,1
0.7,tail_heavy,1.0,0.5,1.0,smart,0.3,1,4000,1.5,1.2127,0.2873,19.156,2935,2935,0,1065,0.7025,1.0,1
0.7,tail_heavy,1.0,0.5,1.0,smart,0.3,2,4000,1.5,1.2146,0.2854,19.029,2901,2901,0,1099,0.704,1.0,1
0.7,tail_heavy,1.0,0.5,1.0,smart,0.3,3,4000,1.5,1.2106,0.2894,19.294,2929,2929,0,1071,0.7027,1.0,1
0.7,tail_heavy,1.0,0.5,1.0,smart,0.3,4,4000,1.5,1.2171,0.2829,18.858,2871,2871,0,1129,0.6887,1.0,1
0.7,tail_heavy,1.0,0.5,1.0,smart,0.3,5,4000,1.5,1.2119,0.2881,19.204,2936,2936,0,1064,0.7053,1.0,1
0.7,tail_heavy,1.0,0.5,1.0,smart,0.3,6,4000,1.5,1.2112,0.2888,19.256,2934,2934,0,1066,0.712,1.0,1
0.7,tail_heavy,1.0,0.5,2.0,smart,0.3,0,4000,1.5,1.2131,0.2869,19.128,2911,2911,0,1089,0.6967,1.0,1
0.7,tail_heavy,1.0,0.5,2.0,smart,0.3,1,4000,1.5,1.2137,0.2863,19.086,2923,2923,0,1077,0.6985,1.0,1
0.7,tail_heavy,1.0,0.5,2.0,smart,0.3,2,4000,1.5,1.2168,0.2832,18.878,2904,2904,0,1096,0.6993,1.0,1
0.7,tail_heavy,1.0,0.5,2.0,smart,0.3,3,4000,1.5,1.2145,0.2855,19.035,2903,2903,0,1097,0.6965,1.0,1
0.7,tail_heavy,1.0,0.5,2.0,smart,0.3,4,4000,1.5,1.2144,0.2856,19.038,2898,2898,0,1102,0.7005,1.0,1
0.7,tail_heavy,1.0,0.5,2.0,smart,0.3,5,4000,1.5,1.2088,0.2912,19.415,2961,2961,0,1039,0.714,1.0,1
0.7,tail_heavy,1.0,0.5,2.0,smart,0.3,6,4000,1.5,1.2067,0.2933,19.557,2973,2973,0,1027,0.7113,1.0,1
0.7,tail_heavy,1.0,1,0.5,smart,0.3,0,4000,2.0,1.4256,0.5744,28.719,2932,2932,0,1068,0.7045,1.0,1
0.7,tail_heavy,1.0,1,0.5,smart,0.3,1,4000,2.0,1.4265,0.5735,28.673,2925,2925,0,1075,0.7023,1.0,1
0.7,tail_heavy,1.0,1,0.5,smart,0.3,2,4000,2.0,1.4311,0.5689,28.443,2888,2888,0,1112,0.6975,1.0,1
0.7,tail_heavy,1.0,1,0.5,smart,0.3,3,4000,2.0,1.4329,0.5671,28.355,2885,2885,0,1115,0.691,1.0,1
0.7,tail_heavy,1.0,1,0.5,smart,0.3,4,4000,2.0,1.4388,0.5612,28.062,2867,2867,0,1133,0.687,1.0,1
0.7,tail_heavy,1.0,1,0.5,smart,0.3,5,4000,2.0,1.4201,0.5799,28.993,2931,2931,0,1069,0.7137,1.0,1
0.7,tail_heavy,1.0,1,0.5,smart,0.3,6,4000,2.0,1.426,0.574,28.7,2908,2908,0,1092,0.6923,1.0,1
0.7,tail_heavy,1.0,1,1.0,smart,0.3,0,4000,2.0,1.437,0.563,28.151,2869,2869,0,1131,0.6847,1.0,1
0.7,tail_heavy,1.0,1,1.0,smart,0.3,1,4000,2.0,1.4354,0.5646,28.228,2861,2861,0,1139,0.6825,1.0,1
0.7,tail_heavy,1.0,1,1.0,smart,0.3,2,4000,2.0,1.4215,0.5785,28.925,2943,2943,0,1057,0.709,1.0,1
0.7,tail_heavy,1.0,1,1.0,smart,0.3,3,4000,2.0,1.4308,0.5692,28.459,2891,2891,0,1109,0.6985,1.0,1
0.7,tail_heavy,1.0,1,1.0,smart,0.3,4,4000,2.0,1.4253,0.5747,28.736,2926,2926,0,1074,0.695,1.0,1
0.7,tail_heavy,1.0,1,1.0,smart,0.3,5,4000,2.0,1.426,0.574,28.701,2908,2908,0,1092,0.7047,1.0,1
0.7,tail_heavy,1.0,1,1.0,smart,0.3,6,4000,2.0,1.4226,0.5774,28.87,2940,2940,0,1060,0.71,1.0,1
0.7,tail_heavy,1.0,1,2.0,smart,0.3,0,4000,2.0,1.4213,0.5787,28.936,2946,2946,0,1054,0.7175,1.0,1
0.7,tail_heavy,1.0,1,2.0,smart,0.3,1,4000,2.0,1.4295,0.5705,28.524,2898,2898,0,1102,0.7007,1.0,1
0.7,tail_heavy,1.0,1,2.0,smart,0.3,2,4000,2.0,1.433,0.567,28.351,2893,2893,0,1107,0.6973,1.0,1
0.7,tail_heavy,1.0,1,2.0,smart,0.3,3,4000,2.0,1.4264,0.5736,28.682,2918,2918,0,1082,0.6975,1.0,1
0.7,tail_heavy,1.0,1,2.0,smart,0.3,4,4000,2.0,1.4178,0.5822,29.109,2944,2944,0,1056,0.7143,1.0,1
0.7,tail_heavy,1.0,1,2.0,smart,0.3,5,4000,2.0,1.4268,0.5732,28.658,2909,2909,0,1091,0.6977,1.0,1
0.7,tail_heavy,1.0,1,2.0,smart,0.3,6,4000,2.0,1.4356,0.5644,28.221,2863,2863,0,1137,0.6855,1.0,1
0.7,tail_heavy,1.0,2,0.5,smart,0.3,0,4000,3.0,1.8478,1.1522,38.407,2923,2923,0,1077,0.712,1.0,1
0.7,tail_heavy,1.0,2,0.5,smart,0.3,1,4000,3.0,1.8359,1.1641,38.805,2957,2957,0,1043,0.7143,1.0,1
0.7,tail_heavy,1.0,2,0.5,smart,0.3,2,4000,3.0,1.8524,1.1476,38.254,2916,2916,0,1084,0.7,1.0,1
0.7,tail_heavy,1.0,2,0.5,smart,0.3,3,4000,3.0,1.8629,1.1371,37.903,2897,2897,0,1103,0.696,1.0,1
0.7,tail_heavy,1.0,2,0.5,smart,0.3,4,4000,3.0,1.8608,1.1392,37.973,2883,2883,0,1117,0.688,1.0,1
0.7,tail_heavy,1.0,2,0.5,smart,0.3,5,4000,3.0,1.8577,1.1423,38.077,2907,2907,0,1093,0.6957,1.0,1
0.7,tail_heavy,1.0,2,0.5,smart,0.3,6,4000,3.0,1.8376,1.1624,38.748,2933,2933,0,1067,0.7045,1.0,1
0.7,tail_heavy,1.0,2,1.0,smart,0.3,0,4000,3.0,1.8258,1.1742,39.14,2970,2970,0,1030,0.7113,1.0,1
0.7,tail_heavy,1.0,2,1.0,smart,0.3,1,4000,3.0,1.8581,1.1419,38.063,2893,2893,0,1107,0.6905,1.0,1
0.7,tail_heavy,1.0,2,1.0,smart,0.3,2,4000,3.0,1.8672,1.1328,37.762,2879,2879,0,1121,0.6913,1.0,1
0.7,tail_heavy,1.0,2,1.0,smart,0.3,3,4000,3.0,1.8632,1.1368,37.892,2896,2896,0,1104,0.695,1.0,1
0.7,tail_heavy,1.0,2,1.0,smart,0.3,4,4000,3.0,1.8392,1.1608,38.692,2934,2934,0,1066,0.6993,1.0,1
0.7,tail_heavy,1.0,2,1.0,smart,0.3,5,4000,3.0,1.8663,1.1337,37.791,2893,2893,0,1107,0.6985,1.0,1
0.7,tail_heavy,1.0,2,1.0,smart,0.3,6,4000,3.0,1.8576,1.1424,38.081,2892,2892,0,1108,0.6955,1.0,1
0.7,tail_heavy,1.0,2,2.0,smart,0.3,0,4000,3.0,1.8746,1.1254,37.515,2873,2873,0,1127,0.6967,1.0,1
0.7,tail_heavy,1.0,2,2.0,smart,0.3,1,4000,3.0,1.85,1.15,38.335,2916,2916,0,1084,0.7005,1.0,1
0.7,tail_heavy,1.0,2,2.0,smart,0.3,2,4000,3.0,1.838,1.162,38.732,2966,2966,0,1034,0.7105,1.0,1
0.7,tail_heavy,1.0,2,2.0,smart,0.3,3,4000,3.0,1.8667,1.1333,37.778,2876,2876,0,1124,0.6923,1.0,1
0.7,tail_heavy,1.0,2,2.0,smart,0.3,4,4000,3.0,1.8416,1.1584,38.613,2931,2931,0,1069,0.7077,1.0,1
0.7,tail_heavy,1.0,2,2.0,smart,0.3,5,4000,3.0,1.8616,1.1384,37.948,2903,2903,0,1097,0.7005,1.0,1
0.7,tail_heavy,1.0,2,2.0,smart,0.3,6,4000,3.0,1.8456,1.1544,38.48,2945,2945,0,1055,0.706,1.0,1
0.7,tail_heavy,1.0,4,0.5,smart,0.3,0,4000,5.0,2.6615,2.3385,46.77,2962,2962,0,1038,0.7163,1.0,1
0.7,tail_heavy,1.0,4,0.5,smart,0.3,1,4000,5.0,2.7081,2.2919,45.839,2925,2925,0,1075,0.7033,1.0,1
0.7,tail_heavy,1.0,4,0.5,smart,0.3,2,4000,5.0,2.6877,2.3123,46.247,2935,2935,0,1065,0.7123,1.0,1
0.7,tail_heavy,1.0,4,0.5,smart,0.3,3,4000,5.0,2.7304,2.2696,45.393,2877,2877,0,1123,0.6963,1.0,1
0.7,tail_heavy,1.0,4,0.5,smart,0.3,4,4000,5.0,2.7003,2.2997,45.994,2919,2919,0,1081,0.7093,1.0,1
0.7,tail_heavy,1.0,4,0.5,smart,0.3,5,4000,5.0,2.6807,2.3193,46.387,2930,2930,0,1070,0.7053,1.0,1
0.7,tail_heavy,1.0,4,0.5,smart,0.3,6,4000,5.0,2.7173,2.2827,45.653,2902,2902,0,1098,0.6995,1.0,1
0.7,tail_heavy,1.0,4,1.0,smart,0.3,0,4000,5.0,2.6901,2.3099,46.197,2929,2929,0,1071,0.7033,1.0,1
0.7,tail_heavy,1.0,4,1.0,smart,0.3,1,4000,5.0,2.717,2.283,45.66,2898,2898,0,1102,0.697,1.0,1
0.7,tail_heavy,1.0,4,1.0,smart,0.3,2,4000,5.0,2.7097,2.2903,45.805,2910,2910,0,1090,0.6975,1.0,1
0.7,tail_heavy,1.0,4,1.0,smart,0.3,3,4000,5.0,2.6938,2.3062,46.124,2934,2934,0,1066,0.7113,1.0,1
0.7,tail_heavy,1.0,4,1.0,smart,0.3,4,4000,5.0,2.691,2.309,46.181,2923,2923,0,1077,0.7053,1.0,1
0.7,tail_heavy,1.0,4,1.0,smart,0.3,5,4000,5.0,2.7066,2.2934,45.867,2905,2905,0,1095,0.7035,1.0,1
0.7,tail_heavy,1.0,4,1.0,smart,0.3,6,4000,5.0,2.6858,2.3142,46.284,2933,2933,0,1067,0.7027,1.0,1
0.7,tail_heavy,1.0,4,2.0,smart,0.3,0,4000,5.0,2.702,2.298,45.961,2923,2923,0,1077,0.6985,1.0,1
0.7,tail_heavy,1.0,4,2.0,smart,0.3,1,4000,5.0,2.7192,2.2808,45.616,2898,2898,0,1102,0.6975,1.0,1
0.7,tail_heavy,1.0,4,2.0,smart,0.3,2,4000,5.0,2.6701,2.3299,46.599,2966,2966,0,1034,0.7107,1.0,1
0.7,tail_heavy,1.0,4,2.0,smart,0.3,3,4000,5.0,2.7078,2.2922,45.844,2923,2923,0,1077,0.6995,1.0,1
0.7,tail_heavy,1.0,4,2.0,smart,0.3,4,4000,5.0,2.6989,2.3011,46.021,2920,2920,0,1080,0.7045,1.0,1
0.7,tail_heavy,1.0,4,2.0,smart,0.3,5,4000,5.0,2.7013,2.2987,45.974,2915,2915,0,1085,0.6977,1.0,1
0.7,tail_heavy,1.0,4,2.0,smart,0.3,6,4000,5.0,2.7074,2.2926,45.852,2916,2916,0,1084,0.6985,1.0,1
0.7,tail_heavy,1.0,8,0.5,smart,0.3,0,4000,9.0,4.4275,4.5725,50.805,2878,2878,0,1122,0.6997,1.0,1
0.7,tail_heavy,1.0,8,0.5,smart,0.3,1,4000,9.0,4.4401,4.5599,50.666,2880,2880,0,1120,0.6977,1.0,1
0.7,tail_heavy,1.0,8,0.5,smart,0.3,2,4000,9.0,4.4229,4.5771,50.857,2900,2900,0,1100,0.6957,1.0,1
0.7,tail_heavy,1.0,8,0.5,smart,0.3,3,4000,9.0,4.4002,4.5998,51.109,2914,2914,0,1086,0.701,1.0,1
0.7,tail_heavy,1.0,8,0.5,smart,0.3,4,4000,9.0,4.4401,4.5599,50.665,2904,2904,0,1096,0.6925,1.0,1
0.7,tail_heavy,1.0,8,0.5,smart,0.3,5,4000,9.0,4.3123,4.6877,52.086,2977,2977,0,1023,0.7215,1.0,1
0.7,tail_heavy,1.0,8,0.5,smart,0.3,6,4000,9.0,4.419,4.581,50.9,2899,2899,0,1101,0.701,1.0,1
0.7,tail_heavy,1.0,8,1.0,smart,0.3,0,4000,9.0,4.3746,4.6254,51.393,2934,2934,0,1066,0.7053,1.0,1
0.7,tail_heavy,1.0,8,1.0,smart,0.3,1,4000,9.0,4.5145,4.4855,49.839,2851,2851,0,1149,0.686,1.0,1
0.7,tail_heavy,1.0,8,1.0,smart,0.3,2,4000,9.0,4.444,4.556,50.623,2896,2896,0,1104,0.7003,1.0,1
0.7,tail_heavy,1.0,8,1.0,smart,0.3,3,4000,9.0,4.4029,4.5971,51.079,2919,2919,0,1081,0.706,1.0,1
0.7,tail_heavy,1.0,8,1.0,smart,0.3,4,4000,9.0,4.4242,4.5758,50.842,2911,2911,0,1089,0.6943,1.0,1
0.7,tail_heavy,1.0,8,1.0,smart,0.3,5,4000,9.0,4.3864,4.6136,51.262,2926,2926,0,1074,0.7043,1.0,1
0.7,tail_heavy,1.0,8,1.0,smart,0.3,6,4000,9.0,4.4427,4.5573,50.636,2895,2895,0,1105,0.697,1.0,1
0.7,tail_heavy,1.0,8,2.0,smart,0.3,0,4000,9.0,4.4118,4.5882,50.98,2927,2927,0,1073,0.7033,1.0,1
0.7,tail_heavy,1.0,8,2.0,smart,0.3,1,4000,9.0,4.3057,4.6943,52.159,2987,2987,0,1013,0.7165,1.0,1
0.7,tail_heavy,1.0,8,2.0,smart,0.3,2,4000,9.0,4.419,4.581,50.9,2900,2900,0,1100,0.6987,1.0,1
0.7,tail_heavy,1.0,8,2.0,smart,0.3,3,4000,9.0,4.4194,4.5806,50.895,2913,2913,0,1087,0.7067,1.0,1
0.7,tail_heavy,1.0,8,2.0,smart,0.3,4,4000,9.0,4.4062,4.5938,51.042,2913,2913,0,1087,0.6993,1.0,1
0.7,tail_heavy,1.0,8,2.0,smart,0.3,5,4000,9.0,4.4702,4.5298,50.331,2884,2884,0,1116,0.6907,1.0,1
0.7,tail_heavy,1.0,8,2.0,smart,0.3,6,4000,9.0,4.4217,4.5783,50.87,2907,2907,0,1093,0.701,1.0,1
0.9,uniform_heavy,0.5,0.25,0.5,smart,0.3,0,4000,1.25,1.1855,0.0645,5.159,2002,1806,196,1998,0.9042,0.9021,1
0.9,uniform_heavy,0.5,0.25,0.5,smart,0.3,1,4000,1.25,1.1825,0.0675,5.398,2008,1826,182,1992,0.9022,0.9094,1
0.9,uniform_heavy,0.5,0.25,0.5,smart,0.3,2,4000,1.25,1.1841,0.0659,5.269,1972,1794,178,2028,0.9075,0.9097,1
0.9,uniform_heavy,0.5,0.25,0.5,smart,0.3,3,4000,1.25,1.1875,0.0625,4.999,2008,1794,214,1992,0.903,0.8934,1
0.9,uniform_heavy,0.5,0.25,0.5,smart,0.3,4,4000,1.25,1.1808,0.0692,5.534,1996,1827,169,2004,0.8988,0.9153,1
0.9,uniform_heavy,0.5,0.25,0.5,smart,0.3,5,4000,1.25,1.1821,0.0679,5.433,2012,1829,183,1988,0.9055,0.909,1
0.9,uniform_heavy,0.5,0.25,0.5,smart,0.3,6,4000,1.25,1.186,0.064,5.121,2004,1805,199,1996,0.9012,0.9007,1
0.9,uniform_heavy,0.5,0.25,1.0,smart,0.3,0,4000,1.25,1.2129,0.0371,2.964,2013,1805,208,1987,0.8912,0.8967,1
0.9,uniform_heavy,0.5,0.25,1.0,smart,0.3,1,4000,1.25,1.2058,0.0442,3.534,1967,1790,177,2033,0.8925,0.91,1
0.9,uniform_heavy,0.5,0.25,1.0,smart,0.3,2,4000,1.25,1.2108,0.0392,3.137,1992,1794,198,2008,0.9,0.9006,1
0.9,uniform_heavy,0.5,0.25,1.0,smart,0.3,3,4000,1.25,1.2032,0.0468,3.747,2009,1834,175,1991,0.9035,0.9129,1
0.9,uniform_heavy,0.5,0.25,1.0,smart,0.3,4,4000,1.25,1.2036,0.0464,3.711,2009,1833,176,1991,0.9052,0.9124,1
0.9,uniform_heavy,0.5,0.25,1.0,smart,0.3,5,4000,1.25,1.2133,0.0367,2.94,1993,1787,206,2007,0.8902,0.8966,1
0.9,uniform_heavy,0.5,0.25,1.0,smart,0.3,6,4000,1.25,1.2064,0.0436,3.486,2025,1837,188,1975,0.8985,0.9072,1
0.9,uniform_heavy,0.5,0.25,2.0,smart,0.3,0,4000,1.25,1.2556,-0.0056,-0.444,2003,1813,190,1997,0.9002,0.9051,0
0.9,uniform_heavy,0.5,0.25,2.0,smart,0.3,1,4000,1.25,1.2662,-0.0162,-1.293,2030,1818,212,1970,0.9028,0.8956,0
0.9,uniform_heavy,0.5,0.25,2.0,smart,0.3,2,4000,1.25,1.2582,-0.0082,-0.654,2016,1819,197,1984,0.8982,0.9023,0
0.9,uniform_heavy,0.5,0.25,2.0,smart,0.3,3,4000,1.25,1.2528,-0.0028,-0.222,1999,1814,185,2001,0.8985,0.9075,0
0.9,uniform_heavy,0.5,0.25,2.0,smart,0.3,4,4000,1.25,1.257,-0.007,-0.556,1920,1735,185,2080,0.906,0.9036,0
0.9,uniform_heavy,0.5,0.25,2.0,smart,0.3,5,4000,1.25,1.2427,0.0073,0.583,1973,1809,164,2027,0.9113,0.9169,1
0.9,uniform_heavy,0.5,0.25,2.0,smart,0.3,6,4000,1.25,1.2693,-0.0193,-1.543,1952,1742,210,2048,0.904,0.8924,0
0.9,uniform_heavy,0.5,0.5,0.5,smart,0.3,0,4000,1.5,1.3484,0.1516,10.105,2030,1811,219,1970,0.8962,0.8921,1
0.9,uniform_heavy,0.5,0.5,0.5,smart,0.3,1,4000,1.5,1.3432,0.1568,10.456,1983,1808,175,2017,0.898,0.9117,1
0.9,uniform_heavy,0.5,0.5,0.5,smart,0.3,2,4000,1.5,1.3447,0.1553,10.352,2011,1812,199,1989,0.8985,0.901,1
0.9,uniform_heavy,0.5,0.5,0.5,smart,0.3,3,4000,1.5,1.3451,0.1549,10.324,1999,1806,193,2001,0.9055,0.9035,1
0.9,uniform_heavy,0.5,0.5,0.5,smart,0.3,4,4000,1.5,1.3451,0.1549,10.328,1979,1803,176,2021,0.906,0.9111,1
0.9,uniform_heavy,0.5,0.5,0.5,smart,0.3,5,4000,1.5,1.3438,0.1562,10.412,1998,1817,181,2002,0.9058,0.9094,1
0.9,uniform_heavy,0.5,0.5,0.5,smart,0.3,6,4000,1.5,1.3387,0.1613,10.752,2057,1873,184,1943,0.901,0.9105,1
0.9,uniform_heavy,0.5,0.5,1.0,smart,0.3,0,4000,1.5,1.3702,0.1298,8.653,1964,1779,185,2036,0.8982,0.9058,1
0.9,uniform_heavy,0.5,0.5,1.0,smart,0.3,1,4000,1.5,1.3589,0.1411,9.406,2091,1903,188,1909,0.8965,0.9101,1
0.9,uniform_heavy,0.5,0.5,1.0,smart,0.3,2,4000,1.5,1.3678,0.1322,8.814,1970,1795,175,2030,0.9,0.9112,1
0.9,uniform_heavy,0.5,0.5,1.0,smart,0.3,3,4000,1.5,1.3669,0.1331,8.874,2023,1833,190,1977,0.8972,0.9061,1
0.9,uniform_heavy,0.5,0.5,1.0,smart,0.3,4,4000,1.5,1.3691,0.1309,8.729,2041,1838,203,1959,0.898,0.9005,1
0.9,uniform_heavy,0.5,0.5,1.0,smart,0.3,5,4000,1.5,1.3718,0.1282,8.55,1994,1794,200,2006,0.897,0.8997,1
0.9,uniform_heavy,0.5,0.5,1.0,smart,0.3,6,4000,1.5,1.3654,0.1346,8.976,2025,1840,185,1975,0.8968,0.9086,1
0.9,uniform_heavy,0.5,0.5,2.0,smart,0.3,0,4000,1.5,1.4366,0.0634,4.228,1938,1724,214,2062,0.894,0.8896,1
0.9,uniform_heavy,0.5,0.5,2.0,smart,0.3,1,4000,1.5,1.432,0.068,4.532,2053,1827,226,1947,0.8915,0.8899,1
0.9,uniform_heavy,0.5,0.5,2.0,smart,0.3,2,4000,1.5,1.41,0.09,5.997,2003,1823,180,1997,0.898,0.9101,1
0.9,uniform_heavy,0.5,0.5,2.0,smart,0.3,3,4000,1.5,1.4252,0.0748,4.986,2053,1838,215,1947,0.9002,0.8953,1
0.9,uniform_heavy,0.5,0.5,2.0,smart,0.3,4,4000,1.5,1.4181,0.0819,5.458,2021,1825,196,1979,0.898,0.903,1
0.9,uniform_heavy,0.5,0.5,2.0,smart,0.3,5,4000,1.5,1.4114,0.0886,5.904,1954,1780,174,2046,0.9022,0.911,1
0.9,uniform_heavy,0.5,0.5,2.0,smart,0.3,6,4000,1.5,1.4041,0.0959,6.392,1995,1824,171,2005,0.907,0.9143,1
0.9,uniform_heavy,0.5,1,0.5,smart,0.3,0,4000,2.0,1.6564,0.3436,17.181,2043,1860,183,1957,0.8988,0.9104,1
0.9,uniform_heavy,0.5,1,0.5,smart,0.3,1,4000,2.0,1.6718,0.3282,16.41,1939,1765,174,2061,0.9015,0.9103,1
0.9,uniform_heavy,0.5,1,0.5,smart,0.3,2,4000,2.0,1.6582,0.3418,17.088,2067,1863,204,1933,0.8995,0.9013,1
0.9,uniform_heavy,0.5,1,0.5,smart,0.3,3,4000,2.0,1.6648,0.3352,16.761,2015,1822,193,1985,0.9025,0.9042,1
0.9,uniform_heavy,0.5,1,0.5,smart,0.3,4,4000,2.0,1.6626,0.3374,16.869,1993,1813,180,2007,0.9025,0.9097,1
0.9,uniform_heavy,0.5,1,0.5,smart,0.3,5,4000,2.0,1.6594,0.3406,17.028,2026,1836,190,1974,0.8968,0.9062,1
0.9,uniform_heavy,0.5,1,0.5,smart,0.3,6,4000,2.0,1.6682,0.3318,16.588,1979,1799,180,2021,0.8968,0.909,1
0.9,uniform_heavy,0.5,1,1.0,smart,0.3,0,4000,2.0,1.7009,0.2991,14.953,1975,1766,209,2025,0.903,0.8942,1
0.9,uniform_heavy,0.5,1,1.0,smart,0.3,1,4000,2.0,1.6831,0.3169,15.845,1994,1820,174,2006,0.9065,0.9127,1
0.9,uniform_heavy,0.5,1,1.0,smart,0.3,2,4000,2.0,1.6875,0.3125,15.623,1947,1784,163,2053,0.9018,0.9163,1
0.9,uniform_heavy,0.5,1,1.0,smart,0.3,3,4000,2.0,1.6977,0.3023,15.114,1939,1757,182,2061,0.8958,0.9061,1
0.9,uniform_heavy,0.5,1,1.0,smart,0.3,4,4000,2.0,1.6864,0.3136,15.682,2054,1847,207,1946,0.891,0.8992,1
0.9,uniform_heavy,0.5,1,1.0,smart,0.3,5,4000,2.0,1.6802,0.3198,15.991,2047,1857,190,1953,0.8965,0.9072,1
0.9,uniform_heavy,0.5,1,1.0,smart,0.3,6,4000,2.0,1.6882,0.3118,15.591,1957,1789,168,2043,0.9067,0.9142,1
0.9,uniform_heavy,0.5,1,2.0,smart,0.3,0,4000,2.0,1.7357,0.2643,13.213,2017,1824,193,1983,0.8985,0.9043,1
0.9,uniform_heavy,0.5,1,2.0,smart,0.3,1,4000,2.0,1.7459,0.2541,12.705,2011,1804,207,1989,0.9028,0.8971,1
0.9,uniform_heavy,0.5,1,2.0,smart,0.3,2,4000,2.0,1.7456,0.2544,12.722,1979,1783,196,2021,0.8992,0.901,1
0.9,uniform_heavy,0.5,1,2.0,smart,0.3,3,4000,2.0,1.7226,0.2774,13.868,1986,1820,166,2014,0.9028,0.9164,1
0.9,uniform_heavy,0.5,1,2.0,smart,0.3,4,4000,2.0,1.7224,0.2776,13.879,2009,1838,171,1991,0.9025,0.9149,1
0.9,uniform_heavy,0.5,1,2.0,smart,0.3,5,4000,2.0,1.7497,0.2503,12.514,1943,1749,194,2057,0.8938,0.9002,1
0.9,uniform_heavy,0.5,1,2.0,smart,0.3,6,4000,2.0,1.7279,0.2721,13.605,2027,1842,185,1973,0.9042,0.9087,1
0.9,uniform_heavy,0.5,2,0.5,smart,0.3,0,4000,3.0,2.3009,0.6991,23.302,2022,1833,189,1978,0.905,0.9065,1
0.9,uniform_heavy,0.5,2,0.5,smart,0.3,1,4000,3.0,2.2819,0.7181,23.938,2046,1864,182,1954,0.8998,0.911,1
0.9,uniform_heavy,0.5,2,0.5,smart,0.3,2,4000,3.0,2.3021,0.6979,23.265,2008,1833,175,1992,0.9062,0.9128,1
0.9,uniform_heavy,0.5,2,0.5,smart,0.3,3,4000,3.0,2.292,0.708,23.602,2018,1832,186,1982,0.8995,0.9078,1
0.9,uniform_heavy,0.5,2,0.5,smart,0.3,4,4000,3.0,2.3119,0.6881,22.937,1982,1794,188,2018,0.9018,0.9051,1
0.9,uniform_heavy,0.5,2,0.5,smart,0.3,5,4000,3.0,2.2929,0.7071,23.571,2017,1838,179,1983,0.8982,0.9113,1
0.9,uniform_heavy,0.5,2,0.5,smart,0.3,6,4000,3.0,2.3007,0.6993,23.309,2015,1832,183,1985,0.9062,0.9092,1
0.9,uniform_heavy,0.5,2,1.0,smart,0.3,0,4000,3.0,2.3301,0.6699,22.33,1975,1800,175,2025,0.9042,0.9114,1
0.9,uniform_heavy,0.5,2,1.0,smart,0.3,1,4000,3.0,2.3226,0.6774,22.579,2023,1840,183,1977,0.9042,0.9095,1
0.9,uniform_heavy,0.5,2,1.0,smart,0.3,2,4000,3.0,2.3426,0.6574,21.912,2030,1811,219,1970,0.9008,0.8921,1
0.9,uniform_heavy,0.5,2,1.0,smart,0.3,3,4000,3.0,2.343,0.657,21.901,1988,1779,209,2012,0.8955,0.8949,1
0.9,uniform_heavy,0.5,2,1.0,smart,0.3,4,4000,3.0,2.3363,0.6637,22.124,2004,1802,202,1996,0.9022,0.8992,1
0.9,uniform_heavy,0.5,2,1.0,smart,0.3,5,4000,3.0,2.3183,0.6817,22.722,1998,1832,166,2002,0.9073,0.9169,1
0.9,uniform_heavy,0.5,2,1.0,smart,0.3,6,4000,3.0,2.3238,0.6762,22.539,2035,1836,199,1965,0.8925,0.9022,1
0.9,uniform_heavy,0.5,2,2.0,smart,0.3,0,4000,3.0,2.3807,0.6193,20.644,1988,1804,184,2012,0.904,0.9074,1
0.9,uniform_heavy,0.5,2,2.0,smart,0.3,1,4000,3.0,2.3779,0.6221,20.737,1961,1790,171,2039,0.9058,0.9128,1
0.9,uniform_heavy,0.5,2,2.0,smart,0.3,2,4000,3.0,2.3688,0.6312,21.039,2039,1841,198,1961,0.8978,0.9029,1
0.9,uniform_heavy,0.5,2,2.0,smart,0.3,3,4000,3.0,2.3669,0.6331,21.103,2075,1870,205,1925,0.904,0.9012,1
0.9,uniform_heavy,0.5,2,2.0,smart,0.3,4,4000,3.0,2.4048,0.5952,19.84,1985,1777,208,2015,0.893,0.8952,1
0.9,uniform_heavy,0.5,2,2.0,smart,0.3,5,4000,3.0,2.3496,0.6504,21.681,2009,1849,160,1991,0.9105,0.9204,1
0.9,uniform_heavy,0.5,2,2.0,smart,0.3,6,4000,3.0,2.3735,0.6265,20.884,1990,1805,185,2010,0.9012,0.907,1
0.9,uniform_heavy,0.5,4,0.5,smart,0.3,0,4000,5.0,3.5799,1.4201,28.402,1989,1834,155,2011,0.9045,0.9221,1
0.9,uniform_heavy,0.5,4,0.5,smart,0.3,1,4000,5.0,3.558,1.442,28.841,2026,1849,177,1974,0.9083,0.9126,1
0.9,uniform_heavy,0.5,4,0.5,smart,0.3,2,4000,5.0,3.6392,1.3608,27.217,1957,1749,208,2043,0.894,0.8937,1
0.9,uniform_heavy,0.5,4,0.5,smart,0.3,3,4000,5.0,3.5682,1.4318,28.636,2029,1833,196,1971,0.8968,0.9034,1
0.9,uniform_heavy,0.5,4,0.5,smart,0.3,4,4000,5.0,3.6109,1.3891,27.782,1987,1791,196,2013,0.8952,0.9014,1
0.9,uniform_heavy,0.5,4,0.5,smart,0.3,5,4000,5.0,3.6159,1.3841,27.683,1996,1786,210,2004,0.9058,0.8948,1
0.9,uniform_heavy,0.5,4,0.5,smart,0.3,6,4000,5.0,3.6315,1.3685,27.37,1972,1768,204,2028,0.8942,0.8966,1
0.9,uniform_heavy,0.5,4,1.0,smart,0.3,0,4000,5.0,3.5643,1.4357,28.713,2055,1868,187,1945,0.8995,0.909,1
0.9,uniform_heavy,0.5,4,1.0,smart,0.3,1,4000,5.0,3.61,1.39,27.8,1996,1811,185,2004,0.8968,0.9073,1
0.9,uniform_heavy,0.5,4,1.0,smart,0.3,2,4000,5.0,3.6098,1.3902,27.803,2020,1818,202,1980,0.8992,0.9,1
0.9,uniform_heavy,0.5,4,1.0,smart,0.3,3,4000,5.0,3.6414,1.3586,27.172,1987,1777,210,2013,0.893,0.8943,1
0.9,uniform_heavy,0.5,4,1.0,smart,0.3,4,4000,5.0,3.6346,1.3654,27.307,1994,1797,197,2006,0.898,0.9012,1
0.9,uniform_heavy,0.5,4,1.0,smart,0.3,5,4000,5.0,3.5668,1.4332,28.664,2085,1879,206,1915,0.9015,0.9012,1
0.9,uniform_heavy,0.5,4,1.0,smart,0.3,6,4000,5.0,3.5978,1.4022,28.044,2032,1840,192,1968,0.8982,0.9055,1
0.9,uniform_heavy,0.5,4,2.0,smart,0.3,0,4000,5.0,3.7027,1.2973,25.946,1970,1772,198,2030,0.898,0.8995,1
0.9,uniform_heavy,0.5,4,2.0,smart,0.3,1,4000,5.0,3.6729,1.3271,26.542,1984,1798,186,2016,0.9075,0.9062,1
0.9,uniform_heavy,0.5,4,2.0,smart,0.3,2,4000,5.0,3.6455,1.3545,27.091,2007,1828,179,1993,0.9093,0.9108,1
0.9,uniform_heavy,0.5,4,2.0,smart,0.3,3,4000,5.0,3.6376,1.3624,27.247,1990,1819,171,2010,0.9073,0.9141,1
0.9,uniform_heavy,0.5,4,2.0,smart,0.3,4,4000,5.0,3.6779,1.3221,26.442,1992,1794,198,2008,0.9025,0.9006,1
0.9,uniform_heavy,0.5,4,2.0,smart,0.3,5,4000,5.0,3.6486,1.3514,27.028,1994,1814,180,2006,0.9052,0.9097,1
0.9,uniform_heavy,0.5,4,2.0,smart,0.3,6,4000,5.0,3.6257,1.3743,27.486,2029,1853,176,1971,0.9117,0.9133,1
0.9,uniform_heavy,0.5,8,0.5,smart,0.3,0,4000,9.0,6.091,2.909,32.322,2006,1844,162,1994,0.9032,0.9192,1
0.9,uniform_heavy,0.5,8,0.5,smart,0.3,1,4000,9.0,6.1297,2.8703,31.892,2003,1827,176,1997,0.9065,0.9121,1
0.9,uniform_heavy,0.5,8,0.5,smart,0.3,2,4000,9.0,6.1942,2.8058,31.175,1977,1784,193,2023,0.9002,0.9024,1
0.9,uniform_heavy,0.5,8,0.5,smart,0.3,3,4000,9.0,6.2487,2.7513,30.57,1956,1757,199,2044,0.8938,0.8983,1
0.9,uniform_heavy,0.5,8,0.5,smart,0.3,4,4000,9.0,6.0394,2.9606,32.896,2065,1886,179,1935,0.9008,0.9133,1
0.9,uniform_heavy,0.5,8,0.5,smart,0.3,5,4000,9.0,6.1429,2.8571,31.745,1992,1816,176,2008,0.8952,0.9116,1
0.9,uniform_heavy,0.5,8,0.5,smart,0.3,6,4000,9.0,6.1835,2.8165,31.294,1982,1803,179,2018,0.8945,0.9097,1
0.9,uniform_heavy,0.5,8,1.0,smart,0.3,0,4000,9.0,6.0984,2.9016,32.241,2039,1866,173,1961,0.9045,0.9152,1
0.9,uniform_heavy,0.5,8,1.0,smart,0.3,1,4000,9.0,6.0923,2.9077,32.308,2068,1875,193,1932,0.9,0.9067,1
0.9,uniform_heavy,0.5,8,1.0,smart,0.3,2,4000,9.0,6.1846,2.8154,31.282,1978,1806,172,2022,0.905,0.913,1
0.9,uniform_heavy,0.5,8,1.0,smart,0.3,3,4000,9.0,6.1971,2.8029,31.143,1969,1806,163,2031,0.9093,0.9172,1
0.9,uniform_heavy,0.5,8,1.0,smart,0.3,4,4000,9.0,6.2307,2.7693,30.77,1966,1786,180,2034,0.9018,0.9084,1
0.9,uniform_heavy,0.5,8,1.0,smart,0.3,5,4000,9.0,6.2094,2.7906,31.007,2002,1796,206,1998,0.9025,0.8971,1
0.9,uniform_heavy,0.5,8,1.0,smart,0.3,6,4000,9.0,6.1978,2.8022,31.136,1996,1801,195,2004,0.9038,0.9023,1
0.9,uniform_heavy,0.5,8,2.0,smart,0.3,0,4000,9.0,6.2459,2.7541,30.602,1991,1798,193,2009,0.8972,0.9031,1
0.9,uniform_heavy,0.5,8,2.0,smart,0.3,1,4000,9.0,6.1445,2.8555,31.728,2033,1861,172,1967,0.9083,0.9154,1
0.9,uniform_heavy,0.5,8,2.0,smart,0.3,2,4000,9.0,6.157,2.843,31.589,2063,1861,202,1937,0.901,0.9021,1
0.9,uniform_heavy,0.5,8,2.0,smart,0.3,3,4000,9.0,6.2852,2.7148,30.164,1977,1786,191,2023,0.8972,0.9034,1
0.9,uniform_heavy,0.5,8,2.0,smart,0.3,4,4000,9.0,6.2196,2.7804,30.893,2000,1819,181,2000,0.8965,0.9095,1
0.9,uniform_heavy,0.5,8,2.0,smart,0.3,5,4000,9.0,6.1804,2.8196,31.329,2004,1834,170,1996,0.8988,0.9152,1
0.9,uniform_heavy,0.5,8,2.0,smart,0.3,6,4000,9.0,6.1746,2.8254,31.393,2030,1852,178,1970,0.902,0.9123,1
0.9,uniform_heavy,0.6,0.25,0.5,smart,0.3,0,4000,1.25,1.1619,0.0881,7.046,2313,2162,151,1687,0.8978,0.9347,1
0.9,uniform_heavy,0.6,0.25,0.5,smart,0.3,1,4000,1.25,1.163,0.087,6.959,2293,2139,154,1707,0.8945,0.9328,1
0.9,uniform_heavy,0.6,0.25,0.5,smart,0.3,2,4000,1.25,1.1652,0.0848,6.785,2321,2149,172,1679,0.9012,0.9259,1
0.9,uniform_heavy,0.6,0.25,0.5,smart,0.3,3,4000,1.25,1.1661,0.0839,6.711,2270,2108,162,1730,0.9028,0.9286,1
0.9,uniform_heavy,0.6,0.25,0.5,smart,0.3,4,4000,1.25,1.1656,0.0844,6.75,2301,2133,168,1699,0.8968,0.927,1
0.9,uniform_heavy,0.6,0.25,0.5,smart,0.3,5,4000,1.25,1.1615,0.0885,7.079,2295,2149,146,1705,0.908,0.9364,1
0.9,uniform_heavy,0.6,0.25,0.5,smart,0.3,6,4000,1.25,1.1639,0.0861,6.889,2306,2144,162,1694,0.8968,0.9297,1
0.9,uniform_heavy,0.6,0.25,1.0,smart,0.3,0,4000,1.25,1.1852,0.0648,5.184,2337,2170,167,1663,0.9015,0.9285,1
0.9,uniform_heavy,0.6,0.25,1.0,smart,0.3,1,4000,1.25,1.1773,0.0727,5.818,2348,2204,144,1652,0.9035,0.9387,1
0.9,uniform_heavy,0.6,0.25,1.0,smart,0.3,2,4000,1.25,1.1787,0.0713,5.707,2345,2197,148,1655,0.9,0.9369,1
0.9,uniform_heavy,0.6,0.25,1.0,smart,0.3,3,4000,1.25,1.1801,0.0699,5.596,2286,2142,144,1714,0.9015,0.937,1
0.9,uniform_heavy,0.6,0.25,1.0,smart,0.3,4,4000,1.25,1.1795,0.0705,5.636,2366,2211,155,1634,0.8945,0.9345,1
0.9,uniform_heavy,0.6,0.25,1.0,smart,0.3,5,4000,1.25,1.1782,0.0718,5.746,2323,2181,142,1677,0.9035,0.9389,1
0.9,uniform_heavy,0.6,0.25,1.0,smart,0.3,6,4000,1.25,1.1833,0.0667,5.332,2347,2181,166,1653,0.903,0.9293,1
0.9,uniform_heavy,0.6,0.25,2.0,smart,0.3,0,4000,1.25,1.2173,0.0327,2.619,2305,2157,148,1695,0.902,0.9358,1
0.9,uniform_heavy,0.6,0.25,2.0,smart,0.3,1,4000,1.25,1.2132,0.0368,2.946,2334,2192,142,1666,0.901,0.9392,1
0.9,uniform_heavy,0.6,0.25,2.0,smart,0.3,2,4000,1.25,1.2133,0.0367,2.938,2335,2191,144,1665,0.8952,0.9383,1
0.9,uniform_heavy,0.6,0.25,2.0,smart,0.3,3,4000,1.25,1.2235,0.0265,2.122,2277,2120,157,1723,0.8992,0.931,1
0.9,uniform_heavy,0.6,0.25,2.0,smart,0.3,4,4000,1.25,1.2239,0.0261,2.09,2332,2169,163,1668,0.9005,0.9301,1
0.9,uniform_heavy,0.6,0.25,2.0,smart,0.3,5,4000,1.25,1.211,0.039,3.118,2296,2159,137,1704,0.9025,0.9403,1
0.9,uniform_heavy,0.6,0.25,2.0,smart,0.3,6,4000,1.25,1.2155,0.0345,2.757,2344,2195,149,1656,0.902,0.9364,1
0.9,uniform_heavy,0.6,0.5,0.5,smart,0.3,0,4000,1.5,1.3029,0.1971,13.141,2335,2187,148,1665,0.9107,0.9366,1
0.9,uniform_heavy,0.6,0.5,0.5,smart,0.3,1,4000,1.5,1.3045,0.1955,13.033,2326,2167,159,1674,0.9055,0.9316,1
0.9,uniform_heavy,0.6,0.5,0.5,smart,0.3,2,4000,1.5,1.3021,0.1979,13.195,2313,2172,141,1687,0.8985,0.939,1
0.9,uniform_heavy,0.6,0.5,0.5,smart,0.3,3,4000,1.5,1.3029,0.1971,13.14,2341,2183,158,1659,0.898,0.9325,1
0.9,uniform_heavy,0.6,0.5,0.5,smart,0.3,4,4000,1.5,1.303,0.197,13.132,2362,2202,160,1638,0.8948,0.9323,1
0.9,uniform_heavy,0.6,0.5,0.5,smart,0.3,5,4000,1.5,1.3014,0.1986,13.238,2348,2200,148,1652,0.9062,0.937,1
0.9,uniform_heavy,0.6,0.5,0.5,smart,0.3,6,4000,1.5,1.3117,0.1883,12.553,2272,2113,159,1728,0.9018,0.93,1
0.9,uniform_heavy,0.6,0.5,1.0,smart,0.3,0,4000,1.5,1.3283,0.1717,11.449,2328,2161,167,1672,0.8948,0.9283,1
0.9,uniform_heavy,0.6,0.5,1.0,smart,0.3,1,4000,1.5,1.32,0.18,11.997,2335,2187,148,1665,0.8988,0.9366,1
0.9,uniform_heavy,0.6,0.5,1.0,smart,0.3,2,4000,1.5,1.3283,0.1717,11.45,2281,2126,155,1719,0.9012,0.932,1
0.9,uniform_heavy,0.6,0.5,1.0,smart,0.3,3,4000,1.5,1.3333,0.1667,11.115,2290,2120,170,1710,0.8932,0.9258,1
0.9,uniform_heavy,0.6,0.5,1.0,smart,0.3,4,4000,1.5,1.3197,0.1803,12.019,2338,2195,143,1662,0.9025,0.9388,1
0.9,uniform_heavy,0.6,0.5,1.0,smart,0.3,5,4000,1.5,1.3169,0.1831,12.204,2306,2176,130,1694,0.9055,0.9436,1
0.9,uniform_heavy,0.6,0.5,1.0,smart,0.3,6,4000,1.5,1.3258,0.1742,11.614,2307,2153,154,1693,0.8982,0.9332,1
0.9,uniform_heavy,0.6,0.5,2.0,smart,0.3,0,4000,1.5,1.3564,0.1436,9.57,2311,2168,143,1689,0.9,0.9381,1
0.9,uniform_heavy,0.6,0.5,2.0,smart,0.3,1,4000,1.5,1.3592,0.1408,9.385,2356,2203,153,1644,0.8965,0.9351,1
0.9,uniform_heavy,0.6,0.5,2.0,smart,0.3,2,4000,1.5,1.3619,0.1381,9.209,2335,2180,155,1665,0.906,0.9336,1
0.9,uniform_heavy,0.6,0.5,2.0,smart,0.3,3,4000,1.5,1.3539,0.1461,9.741,2307,2171,136,1693,0.902,0.941,1
0.9,uniform_heavy,0.6,0.5,2.0,smart,0.3,4,4000,1.5,1.3637,0.1363,9.083,2325,2168,157,1675,0.8952,0.9325,1
0.9,uniform_heavy,0.6,0.5,2.0,smart,0.3,5,4000,1.5,1.3663,0.1337,8.913,2314,2155,159,1686,0.8998,0.9313,1
0.9,uniform_heavy,0.6,0.5,2.0,smart,0.3,6,4000,1.5,1.3547,0.1453,9.689,2259,2128,131,1741,0.8985,0.942,1
0.9,uniform_heavy,0.6,1,0.5,smart,0.3,0,4000,2.0,1.5884,0.4116,20.58,2309,2168,141,1691,0.9032,0.9389,1
0.9,uniform_heavy,0.6,1,0.5,smart,0.3,1,4000,2.0,1.5858,0.4142,20.71,2326,2179,147,1674,0.8985,0.9368,1
0.9,uniform_heavy,0.6,1,0.5,smart,0.3,2,4000,2.0,1.6047,0.3953,19.767,2237,2088,149,1763,0.892,0.9334,1
0.9,uniform_heavy,0.6,1,0.5,smart,0.3,3,4000,2.0,1.5965,0.4035,20.177,2324,2148,176,1676,0.896,0.9243,1
0.9,uniform_heavy,0.6,1,0.5,smart,0.3,4,4000,2.0,1.5874,0.4126,20.63,2283,2154,129,1717,0.8985,0.9435,1
0.9,uniform_heavy,0.6,1,0.5,smart,0.3,5,4000,2.0,1.5894,0.4106,20.529,2315,2162,153,1685,0.8968,0.9339,1
0.9,uniform_heavy,0.6,1,0.5,smart,0.3,6,4000,2.0,1.5993,0.4007,20.036,2277,2118,159,1723,0.892,0.9302,1
0.9,uniform_heavy,0.6,1,1.0,smart,0.3,0,4000,2.0,1.6154,0.3846,19.231,2264,2121,143,1736,0.9055,0.9368,1
0.9,uniform_heavy,0.6,1,1.0,smart,0.3,1,4000,2.0,1.6133,0.3867,19.335,2264,2125,139,1736,0.9015,0.9386,1
0.9,uniform_heavy,0.6,1,1.0,smart,0.3,2,4000,2.0,1.6131,0.3869,19.343,2278,2135,143,1722,0.9012,0.9372,1
0.9,uniform_heavy,0.6,1,1.0,smart,0.3,3,4000,2.0,1.6101,0.3899,19.496,2324,2174,150,1676,0.892,0.9355,1
0.9,uniform_heavy,0.6,1,1.0,smart,0.3,4,4000,2.0,1.5952,0.4048,20.239,2416,2259,157,1584,0.9025,0.935,1
0.9,uniform_heavy,0.6,1,1.0,smart,0.3,5,4000,2.0,1.6019,0.3981,19.905,2368,2208,160,1632,0.9015,0.9324,1
0.9,uniform_heavy,0.6,1,1.0,smart,0.3,6,4000,2.0,1.6086,0.3914,19.568,2320,2173,147,1680,0.898,0.9366,1
0.9,uniform_heavy,0.6,1,2.0,smart,0.3,0,4000,2.0,1.6436,0.3564,17.82,2308,2164,144,1692,0.8998,0.9376,1
0.9,uniform_heavy,0.6,1,2.0,smart,0.3,1,4000,2.0,1.6506,0.3494,17.469,2282,2132,150,1718,0.8948,0.9343,1
0.9,uniform_heavy,0.6,1,2.0,smart,0.3,2,4000,2.0,1.6401,0.3599,17.993,2288,2156,132,1712,0.897,0.9423,1
0.9,uniform_heavy,0.6,1,2.0,smart,0.3,3,4000,2.0,1.6401,0.3599,17.995,2340,2193,147,1660,0.8988,0.9372,1
0.9,uniform_heavy,0.6,1,2.0,smart,0.3,4,4000,2.0,1.642,0.358,17.898,2268,2138,130,1732,0.9048,0.9427,1
0.9,uniform_heavy,0.6,1,2.0,smart,0.3,5,4000,2.0,1.6635,0.3365,16.823,2287,2121,166,1713,0.8938,0.9274,1
0.9,uniform_heavy,0.6,1,2.0,smart,0.3,6,4000,2.0,1.6258,0.3742,18.71,2345,2213,132,1655,0.9097,0.9437,1
0.9,uniform_heavy,0.6,2,0.5,smart,0.3,0,4000,3.0,2.1531,0.8469,28.229,2363,2197,166,1637,0.8955,0.9298,1
0.9,uniform_heavy,0.6,2,0.5,smart,0.3,1,4000,3.0,2.1506,0.8494,28.314,2361,2199,162,1639,0.8975,0.9314,1
0.9,uniform_heavy,0.6,2,0.5,smart,0.3,2,4000,3.0,2.1594,0.8406,28.019,2337,2181,156,1663,0.8922,0.9332,1
0.9,uniform_heavy,0.6,2,0.5,smart,0.3,3,4000,3.0,2.1403,0.8597,28.656,2329,2208,121,1671,0.8985,0.948,1
0.9,uniform_heavy,0.6,2,0.5,smart,0.3,4,4000,3.0,2.1614,0.8386,27.952,2293,2151,142,1707,0.8965,0.9381,1
0.9,uniform_heavy,0.6,2,0.5,smart,0.3,5,4000,3.0,2.1641,0.8359,27.864,2324,2158,166,1676,0.8962,0.9286,1
0.9,uniform_heavy,0.6,2,0.5,smart,0.3,6,4000,3.0,2.18,0.82,27.333,2280,2126,154,1720,0.8968,0.9325,1
0.9,uniform_heavy,0.6,2,1.0,smart,0.3,0,4000,3.0,2.1792,0.8208,27.359,2313,2175,138,1687,0.9035,0.9403,1
0.9,uniform_heavy,0.6,2,1.0,smart,0.3,1,4000,3.0,2.1878,0.8122,27.075,2303,2146,157,1697,0.8965,0.9318,1
0.9,uniform_heavy,0.6,2,1.0,smart,0.3,2,4000,3.0,2.1431,0.8569,28.563,2371,2238,133,1629,0.9055,0.9439,1
0.9,uniform_heavy,0.6,2,1.0,smart,0.3,3,4000,3.0,2.191,0.809,26.966,2309,2151,158,1691,0.899,0.9316,1
0.9,uniform_heavy,0.6,2,1.0,smart,0.3,4,4000,3.0,2.1675,0.8325,27.75,2337,2193,144,1663,0.9042,0.9384,1
0.9,uniform_heavy,0.6,2,1.0,smart,0.3,5,4000,3.0,2.1956,0.8044,26.813,2297,2130,167,1703,0.9045,0.9273,1
0.9,uniform_heavy,0.6,2,1.0,smart,0.3,6,4000,3.0,2.1976,0.8024,26.747,2289,2136,153,1711,0.901,0.9332,1
0.9,uniform_heavy,0.6,2,2.0,smart,0.3,0,4000,3.0,2.2036,0.7964,26.545,2317,2189,128,1683,0.912,0.9448,1
0.9,uniform_heavy,0.6,2,2.0,smart,0.3,1,4000,3.0,2.2251,0.7749,25.83,2289,2143,146,1711,0.9077,0.9362,1
0.9,uniform_heavy,0.6,2,2.0,smart,0.3,2,4000,3.0,2.2188,0.7812,26.041,2325,2167,158,1675,0.898,0.932,1
0.9,uniform_heavy,0.6,2,2.0,smart,0.3,3,4000,3.0,2.1855,0.8145,27.15,2397,2247,150,1603,0.9008,0.9374,1
0.9,uniform_heavy,0.6,2,2.0,smart,0.3,4,4000,3.0,2.2339,0.7661,25.536,2332,2156,176,1668,0.8998,0.9245,1
0.9,uniform_heavy,0.6,2,2.0,smart,0.3,5,4000,3.0,2.2494,0.7506,25.02,2317,2136,181,1683,0.8938,0.9219,1
0.9,uniform_heavy,0.6,2,2.0,smart,0.3,6,4000,3.0,2.1983,0.8017,26.722,2395,2229,166,1605,0.9038,0.9307,1
0.9,uniform_heavy,0.6,4,0.5,smart,0.3,0,4000,5.0,3.2959,1.7041,34.082,2326,2170,156,1674,0.9015,0.9329,1
0.9,uniform_heavy,0.6,4,0.5,smart,0.3,1,4000,5.0,3.3367,1.6633,33.267,2286,2132,154,1714,0.8928,0.9326,1
0.9,uniform_heavy,0.6,4,0.5,smart,0.3,2,4000,5.0,3.2978,1.7022,34.044,2329,2167,162,1671,0.902,0.9304,1
0.9,uniform_heavy,0.6,4,0.5,smart,0.3,3,4000,5.0,3.3198,1.6802,33.604,2308,2156,152,1692,0.8975,0.9341,1
0.9,uniform_heavy,0.6,4,0.5,smart,0.3,4,4000,5.0,3.288,1.712,34.24,2342,2200,142,1658,0.8992,0.9394,1
0.9,uniform_heavy,0.6,4,0.5,smart,0.3,5,4000,5.0,3.2765,1.7235,34.47,2368,2202,166,1632,0.9015,0.9299,1
0.9,uniform_heavy,0.6,4,0.5,smart,0.3,6,4000,5.0,3.2824,1.7176,34.352,2320,2191,129,1680,0.9012,0.9444,1
0.9,uniform_heavy,0.6,4,1.0,smart,0.3,0,4000,5.0,3.3958,1.6042,32.085,2253,2092,161,1747,0.9008,0.9285,1
0.9,uniform_heavy,0.6,4,1.0,smart,0.3,1,4000,5.0,3.3615,1.6385,32.769,2264,2113,151,1736,0.8962,0.9333,1
0.9,uniform_heavy,0.6,4,1.0,smart,0.3,2,4000,5.0,3.3377,1.6623,33.245,2290,2150,140,1710,0.905,0.9389,1
0.9,uniform_heavy,0.6,4,1.0,smart,0.3,3,4000,5.0,3.3712,1.6288,32.576,2269,2119,150,1731,0.9055,0.9339,1
0.9,uniform_heavy,0.6,4,1.0,smart,0.3,4,4000,5.0,3.3369,1.6631,33.263,2281,2144,137,1719,0.907,0.9399,1
0.9,uniform_heavy,0.6,4,1.0,smart,0.3,5,4000,5.0,3.3191,1.6809,33.618,2323,2180,143,1677,0.9028,0.9384,1
0.9,uniform_heavy,0.6,4,1.0,smart,0.3,6,4000,5.0,3.2784,1.7216,34.433,2365,2215,150,1635,0.9038,0.9366,1
0.9,uniform_heavy,0.6,4,2.0,smart,0.3,0,4000,5.0,3.3782,1.6218,32.436,2309,2151,158,1691,0.8982,0.9316,1
0.9,uniform_heavy,0.6,4,2.0,smart,0.3,1,4000,5.0,3.3222,1.6778,33.556,2335,2198,137,1665,0.9095,0.9413,1
0.9,uniform_heavy,0.6,4,2.0,smart,0.3,2,4000,5.0,3.3962,1.6038,32.077,2277,2119,158,1723,0.8988,0.9306,1
0.9,uniform_heavy,0.6,4,2.0,smart,0.3,3,4000,5.0,3.4155,1.5845,31.689,2287,2119,168,1713,0.8902,0.9265,1
0.9,uniform_heavy,0.6,4,2.0,smart,0.3,4,4000,5.0,3.3856,1.6144,32.288,2299,2142,157,1701,0.8912,0.9317,1
0.9,uniform_heavy,0.6,4,2.0,smart,0.3,5,4000,5.0,3.3421,1.6579,33.158,2375,2202,173,1625,0.8978,0.9272,1
0.9,uniform_heavy,0.6,4,2.0,smart,0.3,6,4000,5.0,3.3549,1.6451,32.901,2296,2160,136,1704,0.9035,0.9408,1
0.9,uniform_heavy,0.6,8,0.5,smart,0.3,0,4000,9.0,5.6035,3.3965,37.739,2301,2160,141,1699,0.8992,0.9387,1
0.9,uniform_heavy,0.6,8,0.5,smart,0.3,1,4000,9.0,5.6691,3.3309,37.01,2285,2128,157,1715,0.9035,0.9313,1
0.9,uniform_heavy,0.6,8,0.5,smart,0.3,2,4000,9.0,5.5382,3.4618,38.464,2345,2202,143,1655,0.9048,0.939,1
0.9,uniform_heavy,0.6,8,0.5,smart,0.3,3,4000,9.0,5.6107,3.3893,37.659,2312,2159,153,1688,0.892,0.9338,1
0.9,uniform_heavy,0.6,8,0.5,smart,0.3,4,4000,9.0,5.5798,3.4202,38.003,2318,2161,157,1682,0.8998,0.9323,1
0.9,uniform_heavy,0.6,8,0.5,smart,0.3,5,4000,9.0,5.527,3.473,38.589,2383,2206,177,1617,0.8952,0.9257,1
0.9,uniform_heavy,0.6,8,0.5,smart,0.3,6,4000,9.0,5.6046,3.3954,37.727,2311,2151,160,1689,0.9012,0.9308,1
0.9,uniform_heavy,0.6,8,1.0,smart,0.3,0,4000,9.0,5.5925,3.4075,37.862,2334,2181,153,1666,0.8998,0.9344,1
0.9,uniform_heavy,0.6,8,1.0,smart,0.3,1,4000,9.0,5.5204,3.4796,38.663,2349,2211,138,1651,0.9018,0.9413,1
0.9,uniform_heavy,0.6,8,1.0,smart,0.3,2,4000,9.0,5.5953,3.4047,37.83,2329,2180,149,1671,0.901,0.936,1
0.9,uniform_heavy,0.6,8,1.0,smart,0.3,3,4000,9.0,5.6354,3.3646,37.384,2310,2153,157,1690,0.9065,0.932,1
0.9,uniform_heavy,0.6,8,1.0,smart,0.3,4,4000,9.0,5.6148,3.3852,37.614,2327,2161,166,1673,0.9,0.9287,1
0.9,uniform_heavy,0.6,8,1.0,smart,0.3,5,4000,9.0,5.6296,3.3704,37.449,2317,2160,157,1683,0.9032,0.9322,1
0.9,uniform_heavy,0.6,8,1.0,smart,0.3,6,4000,9.0,5.6359,3.3641,37.379,2307,2166,141,1693,0.8992,0.9389,1
0.9,uniform_heavy,0.6,8,2.0,smart,0.3,0,4000,9.0,5.7186,3.2814,36.46,2300,2144,156,1700,0.8965,0.9322,1
0.9,uniform_heavy,0.6,8,2.0,smart,0.3,1,4000,9.0,5.6521,3.3479,37.198,2297,2159,138,1703,0.895,0.9399,1
0.9,uniform_heavy,0.6,8,2.0,smart,0.3,2,4000,9.0,5.6051,3.3949,37.721,2337,2194,143,1663,0.9042,0.9388,1
0.9,uniform_heavy,0.6,8,2.0,smart,0.3,3,4000,9.0,5.6578,3.3422,37.136,2339,2170,169,1661,0.8938,0.9277,1
0.9,uniform_heavy,0.6,8,2.0,smart,0.3,4,4000,9.0,5.617,3.383,37.589,2338,2188,150,1662,0.901,0.9358,1
0.9,uniform_heavy,0.6,8,2.0,smart,0.3,5,4000,9.0,5.6217,3.3783,37.536,2333,2188,145,1667,0.8898,0.9378,1
0.9,uniform_heavy,0.6,8,2.0,smart,0.3,6,4000,9.0,5.7266,3.2734,36.372,2280,2129,151,1720,0.904,0.9338,1
0.9,uniform_heavy,0.7,0.25,0.5,smart,0.3,0,4000,1.25,1.1358,0.1142,9.134,2657,2558,99,1343,0.8968,0.9627,1
0.9,uniform_heavy,0.7,0.25,0.5,smart,0.3,1,4000,1.25,1.1397,0.1103,8.824,2646,2526,120,1354,0.8935,0.9546,1
0.9,uniform_heavy,0.7,0.25,0.5,smart,0.3,2,4000,1.25,1.1388,0.1112,8.893,2618,2515,103,1382,0.9005,0.9607,1
0.9,uniform_heavy,0.7,0.25,0.5,smart,0.3,3,4000,1.25,1.1397,0.1103,8.821,2646,2527,119,1354,0.899,0.955,1
0.9,uniform_heavy,0.7,0.25,0.5,smart,0.3,4,4000,1.25,1.1385,0.1115,8.922,2632,2523,109,1368,0.9028,0.9586,1
0.9,uniform_heavy,0.7,0.25,0.5,smart,0.3,5,4000,1.25,1.135,0.115,9.196,2634,2545,89,1366,0.9065,0.9662,1
0.9,uniform_heavy,0.7,0.25,0.5,smart,0.3,6,4000,1.25,1.14,0.11,8.8,2654,2534,120,1346,0.9002,0.9548,1
0.9,uniform_heavy,0.7,0.25,1.0,smart,0.3,0,4000,1.25,1.157,0.093,7.44,2661,2532,129,1339,0.893,0.9515,1
0.9,uniform_heavy,0.7,0.25,1.0,smart,0.3,1,4000,1.25,1.1477,0.1023,8.181,2647,2552,95,1353,0.903,0.9641,1
0.9,uniform_heavy,0.7,0.25,1.0,smart,0.3,2,4000,1.25,1.1557,0.0943,7.541,2668,2543,125,1332,0.8908,0.9531,1
0.9,uniform_heavy,0.7,0.25,1.0,smart,0.3,3,4000,1.25,1.1534,0.0966,7.727,2641,2526,115,1359,0.9002,0.9565,1
0.9,uniform_heavy,0.7,0.25,1.0,smart,0.3,4,4000,1.25,1.1453,0.1047,8.377,2736,2635,101,1264,0.897,0.9631,1
0.9,uniform_heavy,0.7,0.25,1.0,smart,0.3,5,4000,1.25,1.1519,0.0981,7.848,2623,2518,105,1377,0.8912,0.96,1
0.9,uniform_heavy,0.7,0.25,1.0,smart,0.3,6,4000,1.25,1.1591,0.0909,7.274,2670,2536,134,1330,0.897,0.9498,1
0.9,uniform_heavy,0.7,0.25,2.0,smart,0.3,0,4000,1.25,1.1833,0.0667,5.332,2627,2512,115,1373,0.902,0.9562,1
0.9,uniform_heavy,0.7,0.25,2.0,smart,0.3,1,4000,1.25,1.182,0.068,5.438,2605,2495,110,1395,0.9018,0.9578,1
0.9,uniform_heavy,0.7,0.25,2.0,smart,0.3,2,4000,1.25,1.1823,0.0677,5.414,2686,2568,118,1314,0.9083,0.9561,1
0.9,uniform_heavy,0.7,0.25,2.0,smart,0.3,3,4000,1.25,1.1833,0.0667,5.334,2631,2515,116,1369,0.897,0.9559,1
0.9,uniform_heavy,0.7,0.25,2.0,smart,0.3,4,4000,1.25,1.1836,0.0664,5.311,2626,2510,116,1374,0.8895,0.9558,1
0.9,uniform_heavy,0.7,0.25,2.0,smart,0.3,5,4000,1.25,1.1834,0.0666,5.329,2616,2502,114,1384,0.8918,0.9564,1
0.9,uniform_heavy,0.7,0.25,2.0,smart,0.3,6,4000,1.25,1.1855,0.0645,5.158,2562,2448,114,1438,0.902,0.9555,1
0.9,uniform_heavy,0.7,0.5,0.5,smart,0.3,0,4000,1.5,1.2675,0.2325,15.497,2609,2498,111,1391,0.8905,0.9575,1
0.9,uniform_heavy,0.7,0.5,0.5,smart,0.3,1,4000,1.5,1.259,0.241,16.07,2670,2563,107,1330,0.9077,0.9599,1
0.9,uniform_heavy,0.7,0.5,0.5,smart,0.3,2,4000,1.5,1.2595,0.2405,16.032,2664,2559,105,1336,0.896,0.9606,1
0.9,uniform_heavy,0.7,0.5,0.5,smart,0.3,3,4000,1.5,1.2623,0.2377,15.848,2667,2551,116,1333,0.9025,0.9565,1
0.9,uniform_heavy,0.7,0.5,0.5,smart,0.3,4,4000,1.5,1.2694,0.2306,15.374,2622,2495,127,1378,0.9022,0.9516,1
0.9,uniform_heavy,0.7,0.5,0.5,smart,0.3,5,4000,1.5,1.2607,0.2393,15.955,2704,2584,120,1296,0.9113,0.9556,1
0.9,uniform_heavy,0.7,0.5,0.5,smart,0.3,6,4000,1.5,1.2616,0.2384,15.895,2630,2531,99,1370,0.8968,0.9624,1
0.9,uniform_heavy,0.7,0.5,1.0,smart,0.3,0,4000,1.5,1.2763,0.2237,14.915,2652,2542,110,1348,0.904,0.9585,1
0.9,uniform_heavy,0.7,0.5,1.0,smart,0.3,1,4000,1.5,1.2706,0.2294,15.294,2706,2598,108,1294,0.9025,0.9601,1
0.9,uniform_heavy,0.7,0.5,1.0,smart,0.3,2,4000,1.5,1.2819,0.2181,14.541,2602,2492,110,1398,0.9015,0.9577,1
0.9,uniform_heavy,0.7,0.5,1.0,smart,0.3,3,4000,1.5,1.2821,0.2179,14.528,2627,2511,116,1373,0.907,0.9558,1
0.9,uniform_heavy,0.7,0.5,1.0,smart,0.3,4,4000,1.5,1.2849,0.2151,14.337,2635,2508,127,1365,0.8958,0.9518,1
0.9,uniform_heavy,0.7,0.5,1.0,smart,0.3,5,4000,1.5,1.2852,0.2148,14.318,2652,2517,135,1348,0.9012,0.9491,1
0.9,uniform_heavy,0.7,0.5,1.0,smart,0.3,6,4000,1.5,1.2757,0.2243,14.955,2592,2502,90,1408,0.901,0.9653,1
0.9,uniform_heavy,0.7,0.5,2.0,smart,0.3,0,4000,1.5,1.2978,0.2022,13.479,2647,2548,99,1353,0.9052,0.9626,1
0.9,uniform_heavy,0.7,0.5,2.0,smart,0.3,1,4000,1.5,1.3026,0.1974,13.157,2644,2537,107,1356,0.8932,0.9595,1
0.9,uniform_heavy,0.7,0.5,2.0,smart,0.3,2,4000,1.5,1.3093,0.1907,12.716,2630,2513,117,1370,0.9008,0.9555,1
0.9,uniform_heavy,0.7,0.5,2.0,smart,0.3,3,4000,1.5,1.3076,0.1924,12.827,2654,2535,119,1346,0.9002,0.9552,1
0.9,uniform_heavy,0.7,0.5,2.0,smart,0.3,4,4000,1.5,1.3095,0.1905,12.7,2646,2529,117,1354,0.8992,0.9558,1
0.9,uniform_heavy,0.7,0.5,2.0,smart,0.3,5,4000,1.5,1.3041,0.1959,13.057,2680,2566,114,1320,0.8998,0.9575,1
0.9,uniform_heavy,0.7,0.5,2.0,smart,0.3,6,4000,1.5,1.2966,0.2034,13.56,2714,2606,108,1286,0.9018,0.9602,1
0.9,uniform_heavy,0.7,1,0.5,smart,0.3,0,4000,2.0,1.5131,0.4869,24.343,2636,2525,111,1364,0.9062,0.9579,1
0.9,uniform_heavy,0.7,1,0.5,smart,0.3,1,4000,2.0,1.5089,0.4911,24.555,2674,2562,112,1326,0.9045,0.9581,1
0.9,uniform_heavy,0.7,1,0.5,smart,0.3,2,4000,2.0,1.5038,0.4962,24.81,2686,2575,111,1314,0.8958,0.9587,1
0.9,uniform_heavy,0.7,1,0.5,smart,0.3,3,4000,2.0,1.5135,0.4865,24.323,2637,2527,110,1363,0.9035,0.9583,1
0.9,uniform_heavy,0.7,1,0.5,smart,0.3,4,4000,2.0,1.517,0.483,24.15,2655,2530,125,1345,0.8955,0.9529,1
0.9,uniform_heavy,0.7,1,0.5,smart,0.3,5,4000,2.0,1.5182,0.4818,24.09,2631,2508,123,1369,0.8925,0.9532,1
0.9,uniform_heavy,0.7,1,0.5,smart,0.3,6,4000,2.0,1.5029,0.4971,24.855,2713,2584,129,1287,0.8935,0.9525,1
0.9,uniform_heavy,0.7,1,1.0,smart,0.3,0,4000,2.0,1.5348,0.4652,23.258,2608,2495,113,1392,0.901,0.9567,1
0.9,uniform_heavy,0.7,1,1.0,smart,0.3,1,4000,2.0,1.5362,0.4638,23.188,2583,2478,105,1417,0.8982,0.9593,1
0.9,uniform_heavy,0.7,1,1.0,smart,0.3,2,4000,2.0,1.5358,0.4642,23.208,2619,2501,118,1381,0.9,0.9549,1
0.9,uniform_heavy,0.7,1,1.0,smart,0.3,3,4000,2.0,1.5392,0.4608,23.041,2617,2495,122,1383,0.9035,0.9534,1
0.9,uniform_heavy,0.7,1,1.0,smart,0.3,4,4000,2.0,1.5414,0.4586,22.928,2607,2487,120,1393,0.896,0.954,1
0.9,uniform_heavy,0.7,1,1.0,smart,0.3,5,4000,2.0,1.5289,0.4711,23.554,2651,2538,113,1349,0.905,0.9574,1
0.9,uniform_heavy,0.7,1,1.0,smart,0.3,6,4000,2.0,1.5255,0.4745,23.723,2630,2524,106,1370,0.9077,0.9597,1
0.9,uniform_heavy,0.7,1,2.0,smart,0.3,0,4000,2.0,1.5615,0.4385,21.924,2640,2524,116,1360,0.9012,0.9561,1
0.9,uniform_heavy,0.7,1,2.0,smart,0.3,1,4000,2.0,1.5678,0.4322,21.61,2581,2471,110,1419,0.8942,0.9574,1
0.9,uniform_heavy,0.7,1,2.0,smart,0.3,2,4000,2.0,1.5598,0.4402,22.008,2626,2514,112,1374,0.903,0.9573,1
0.9,uniform_heavy,0.7,1,2.0,smart,0.3,3,4000,2.0,1.5558,0.4442,22.21,2611,2511,100,1389,0.8962,0.9617,1
0.9,uniform_heavy,0.7,1,2.0,smart,0.3,4,4000,2.0,1.5516,0.4484,22.421,2647,2543,104,1353,0.8975,0.9607,1
0.9,uniform_heavy,0.7,1,2.0,smart,0.3,5,4000,2.0,1.5479,0.4521,22.604,2655,2553,102,1345,0.9085,0.9616,1
0.9,uniform_heavy,0.7,1,2.0,smart,0.3,6,4000,2.0,1.5591,0.4409,22.046,2657,2537,120,1343,0.895,0.9548,1
0.9,uniform_heavy,0.7,2,0.5,smart,0.3,0,4000,3.0,2.0219,0.9781,32.603,2625,2518,107,1375,0.903,0.9592,1
0.9,uniform_heavy,0.7,2,0.5,smart,0.3,1,4000,3.0,2.0055,0.9945,33.149,2669,2546,123,1331,0.8975,0.9539,1
0.9,uniform_heavy,0.7,2,0.5,smart,0.3,2,4000,3.0,2.0127,0.9873,32.91,2650,2539,111,1350,0.8945,0.9581,1
0.9,uniform_heavy,0.7,2,0.5,smart,0.3,3,4000,3.0,1.9942,1.0058,33.527,2684,2576,108,1316,0.8958,0.9598,1
0.9,uniform_heavy,0.7,2,0.5,smart,0.3,4,4000,3.0,2.0064,0.9936,33.118,2658,2551,107,1342,0.9067,0.9597,1
0.9,uniform_heavy,0.7,2,0.5,smart,0.3,5,4000,3.0,2.0437,0.9563,31.876,2593,2465,128,1407,0.8955,0.9506,1
0.9,uniform_heavy,0.7,2,0.5,smart,0.3,6,4000,3.0,2.0162,0.9838,32.794,2621,2519,102,1379,0.9075,0.9611,1
0.9,uniform_heavy,0.7,2,1.0,smart,0.3,0,4000,3.0,2.0197,0.9803,32.675,2648,2540,108,1352,0.901,0.9592,1
0.9,uniform_heavy,0.7,2,1.0,smart,0.3,1,4000,3.0,2.0303,0.9697,32.322,2664,2534,130,1336,0.897,0.9512,1
0.9,uniform_heavy,0.7,2,1.0,smart,0.3,2,4000,3.0,2.046,0.954,31.8,2603,2488,115,1397,0.8945,0.9558,1
0.9,uniform_heavy,0.7,2,1.0,smart,0.3,3,4000,3.0,2.0168,0.9832,32.773,2674,2553,121,1326,0.9015,0.9547,1
0.9,uniform_heavy,0.7,2,1.0,smart,0.3,4,4000,3.0,2.0099,0.9901,33.003,2676,2570,106,1324,0.908,0.9604,1
0.9,uniform_heavy,0.7,2,1.0,smart,0.3,5,4000,3.0,2.0352,0.9648,32.16,2656,2530,126,1344,0.8955,0.9526,1
0.9,uniform_heavy,0.7,2,1.0,smart,0.3,6,4000,3.0,2.0445,0.9555,31.849,2608,2489,119,1392,0.898,0.9544,1
0.9,uniform_heavy,0.7,2,2.0,smart,0.3,0,4000,3.0,2.0335,0.9665,32.217,2729,2602,127,1271,0.9002,0.9535,1
0.9,uniform_heavy,0.7,2,2.0,smart,0.3,1,4000,3.0,2.0589,0.9411,31.371,2648,2531,117,1352,0.9015,0.9558,1
0.9,uniform_heavy,0.7,2,2.0,smart,0.3,2,4000,3.0,2.0736,0.9264,30.88,2611,2495,116,1389,0.8982,0.9556,1
0.9,uniform_heavy,0.7,2,2.0,smart,0.3,3,4000,3.0,2.0423,0.9577,31.922,2662,2556,106,1338,0.9038,0.9602,1
0.9,uniform_heavy,0.7,2,2.0,smart,0.3,4,4000,3.0,2.0265,0.9735,32.45,2703,2594,109,1297,0.9055,0.9597,1
0.9,uniform_heavy,0.7,2,2.0,smart,0.3,5,4000,3.0,2.0553,0.9447,31.489,2631,2528,103,1369,0.9015,0.9609,1
0.9,uniform_heavy,0.7,2,2.0,smart,0.3,6,4000,3.0,2.0448,0.9552,31.841,2671,2556,115,1329,0.905,0.9569,1
0.9,uniform_heavy,0.7,4,0.5,smart,0.3,0,4000,5.0,3.0601,1.9399,38.798,2582,2471,111,1418,0.8942,0.957,1
0.9,uniform_heavy,0.7,4,0.5,smart,0.3,1,4000,5.0,3.0317,1.9683,39.366,2611,2500,111,1389,0.903,0.9575,1
0.9,uniform_heavy,0.7,4,0.5,smart,0.3,2,4000,5.0,3.0004,1.9996,39.993,2652,2545,107,1348,0.9073,0.9597,1
0.9,uniform_heavy,0.7,4,0.5,smart,0.3,3,4000,5.0,3.0162,1.9838,39.677,2638,2525,113,1362,0.901,0.9572,1
0.9,uniform_heavy,0.7,4,0.5,smart,0.3,4,4000,5.0,3.0209,1.9791,39.582,2653,2544,109,1347,0.904,0.9589,1
0.9,uniform_heavy,0.7,4,0.5,smart,0.3,5,4000,5.0,3.0134,1.9866,39.732,2671,2549,122,1329,0.899,0.9543,1
0.9,uniform_heavy,0.7,4,0.5,smart,0.3,6,4000,5.0,3.0136,1.9864,39.727,2650,2536,114,1350,0.9022,0.957,1
0.9,uniform_heavy,0.7,4,1.0,smart,0.3,0,4000,5.0,3.0092,1.9908,39.815,2659,2554,105,1341,0.902,0.9605,1
0.9,uniform_heavy,0.7,4,1.0,smart,0.3,1,4000,5.0,3.0094,1.9906,39.812,2669,2556,113,1331,0.9048,0.9577,1
0.9,uniform_heavy,0.7,4,1.0,smart,0.3,2,4000,5.0,3.0614,1.9386,38.772,2583,2479,104,1417,0.905,0.9597,1
0.9,uniform_heavy,0.7,4,1.0,smart,0.3,3,4000,5.0,3.0138,1.9862,39.724,2668,2554,114,1332,0.8962,0.9573,1
0.9,uniform_heavy,0.7,4,1.0,smart,0.3,4,4000,5.0,2.9931,2.0069,40.138,2666,2569,97,1334,0.904,0.9636,1
0.9,uniform_heavy,0.7,4,1.0,smart,0.3,5,4000,5.0,3.0186,1.9814,39.628,2662,2540,122,1338,0.9058,0.9542,1
0.9,uniform_heavy,0.7,4,1.0,smart,0.3,6,4000,5.0,3.0156,1.9844,39.687,2642,2538,104,1358,0.897,0.9606,1
0.9,uniform_heavy,0.7,4,2.0,smart,0.3,0,4000,5.0,3.0598,1.9402,38.804,2655,2531,124,1345,0.9005,0.9533,1
0.9,uniform_heavy,0.7,4,2.0,smart,0.3,1,4000,5.0,3.0328,1.9672,39.345,2689,2568,121,1311,0.8958,0.955,1
0.9,uniform_heavy,0.7,4,2.0,smart,0.3,2,4000,5.0,3.0384,1.9616,39.232,2670,2552,118,1330,0.9028,0.9558,1
0.9,uniform_heavy,0.7,4,2.0,smart,0.3,3,4000,5.0,3.0064,1.9936,39.872,2700,2588,112,1300,0.9012,0.9585,1
0.9,uniform_heavy,0.7,4,2.0,smart,0.3,4,4000,5.0,3.1102,1.8898,37.796,2576,2461,115,1424,0.8982,0.9554,1
0.9,uniform_heavy,0.7,4,2.0,smart,0.3,5,4000,5.0,3.0778,1.9222,38.444,2621,2508,113,1379,0.8945,0.9569,1
0.9,uniform_heavy,0.7,4,2.0,smart,0.3,6,4000,5.0,3.0802,1.9198,38.395,2632,2504,128,1368,0.8978,0.9514,1
0.9,uniform_heavy,0.7,8,0.5,smart,0.3,0,4000,9.0,5.0377,3.9623,44.026,2631,2510,121,1369,0.8938,0.954,1
0.9,uniform_heavy,0.7,8,0.5,smart,0.3,1,4000,9.0,5.0494,3.9506,43.895,2629,2511,118,1371,0.896,0.9551,1
0.9,uniform_heavy,0.7,8,0.5,smart,0.3,2,4000,9.0,4.9476,4.0524,45.026,2670,2558,112,1330,0.905,0.9581,1
0.9,uniform_heavy,0.7,8,0.5,smart,0.3,3,4000,9.0,4.9678,4.0322,44.802,2704,2564,140,1296,0.903,0.9482,1
0.9,uniform_heavy,0.7,8,0.5,smart,0.3,4,4000,9.0,5.0048,3.9952,44.391,2635,2530,105,1365,0.8962,0.9602,1
0.9,uniform_heavy,0.7,8,0.5,smart,0.3,5,4000,9.0,4.9774,4.0226,44.696,2668,2567,101,1332,0.9083,0.9621,1
0.9,uniform_heavy,0.7,8,0.5,smart,0.3,6,4000,9.0,5.0153,3.9847,44.275,2648,2533,115,1352,0.9002,0.9566,1
0.9,uniform_heavy,0.7,8,1.0,smart,0.3,0,4000,9.0,5.0535,3.9465,43.85,2650,2533,117,1350,0.9035,0.9558,1
0.9,uniform_heavy,0.7,8,1.0,smart,0.3,1,4000,9.0,5.0208,3.9792,44.213,2651,2537,114,1349,0.8988,0.957,1
0.9,uniform_heavy,0.7,8,1.0,smart,0.3,2,4000,9.0,5.0631,3.9369,43.743,2613,2500,113,1387,0.8938,0.9568,1
0.9,uniform_heavy,0.7,8,1.0,smart,0.3,3,4000,9.0,4.988,4.012,44.577,2667,2551,116,1333,0.9005,0.9565,1
0.9,uniform_heavy,0.7,8,1.0,smart,0.3,4,4000,9.0,5.018,3.982,44.244,2650,2537,113,1350,0.8978,0.9574,1
0.9,uniform_heavy,0.7,8,1.0,smart,0.3,5,4000,9.0,5.0449,3.9551,43.946,2652,2527,125,1348,0.8978,0.9529,1
0.9,uniform_heavy,0.7,8,1.0,smart,0.3,6,4000,9.0,5.0319,3.9681,44.09,2637,2523,114,1363,0.9008,0.9568,1
0.9,uniform_heavy,0.7,8,2.0,smart,0.3,0,4000,9.0,5.0499,3.9501,43.89,2646,2531,115,1354,0.898,0.9565,1
0.9,uniform_heavy,0.7,8,2.0,smart,0.3,1,4000,9.0,5.0749,3.9251,43.612,2640,2516,124,1360,0.9005,0.953,1
0.9,uniform_heavy,0.7,8,2.0,smart,0.3,2,4000,9.0,5.0385,3.9615,44.017,2675,2557,118,1325,0.9002,0.9559,1
0.9,uniform_heavy,0.7,8,2.0,smart,0.3,3,4000,9.0,5.1349,3.8651,42.945,2611,2489,122,1389,0.9015,0.9533,1
0.9,uniform_heavy,0.7,8,2.0,smart,0.3,4,4000,9.0,4.9926,4.0074,44.527,2660,2559,101,1340,0.905,0.962,1
0.9,uniform_heavy,0.7,8,2.0,smart,0.3,5,4000,9.0,4.9597,4.0403,44.893,2696,2591,105,1304,0.8985,0.9611,1
0.9,uniform_heavy,0.7,8,2.0,smart,0.3,6,4000,9.0,5.0267,3.9733,44.148,2671,2553,118,1329,0.8982,0.9558,1
0.9,uniform_heavy,0.8,0.25,0.5,smart,0.3,0,4000,1.25,1.1125,0.1375,10.996,3000,2938,62,1000,0.8972,0.9793,1
0.9,uniform_heavy,0.8,0.25,0.5,smart,0.3,1,4000,1.25,1.1141,0.1359,10.874,2985,2920,65,1015,0.8995,0.9782,1
0.9,uniform_heavy,0.8,0.25,0.5,smart,0.3,2,4000,1.25,1.1136,0.1364,10.908,3043,2964,79,957,0.9083,0.974,1
0.9,uniform_heavy,0.8,0.25,0.5,smart,0.3,3,4000,1.25,1.1179,0.1321,10.568,2961,2879,82,1039,0.9,0.9723,1
0.9,uniform_heavy,0.8,0.25,0.5,smart,0.3,4,4000,1.25,1.1149,0.1351,10.811,2990,2915,75,1010,0.901,0.9749,1
0.9,uniform_heavy,0.8,0.25,0.5,smart,0.3,5,4000,1.25,1.1171,0.1329,10.633,2975,2898,77,1025,0.9038,0.9741,1
0.9,uniform_heavy,0.8,0.25,0.5,smart,0.3,6,4000,1.25,1.1151,0.1349,10.788,2950,2890,60,1050,0.8978,0.9797,1
0.9,uniform_heavy,0.8,0.25,1.0,smart,0.3,0,4000,1.25,1.1312,0.1188,9.505,2933,2847,86,1067,0.8925,0.9707,1
0.9,uniform_heavy,0.8,0.25,1.0,smart,0.3,1,4000,1.25,1.1232,0.1268,10.147,2973,2906,67,1027,0.9025,0.9775,1
0.9,uniform_heavy,0.8,0.25,1.0,smart,0.3,2,4000,1.25,1.1262,0.1238,9.907,2976,2899,77,1024,0.905,0.9741,1
0.9,uniform_heavy,0.8,0.25,1.0,smart,0.3,3,4000,1.25,1.1266,0.1234,9.874,2939,2869,70,1061,0.8982,0.9762,1
0.9,uniform_heavy,0.8,0.25,1.0,smart,0.3,4,4000,1.25,1.1238,0.1262,10.095,2931,2870,61,1069,0.8982,0.9792,1
0.9,uniform_heavy,0.8,0.25,1.0,smart,0.3,5,4000,1.25,1.1264,0.1236,9.89,2989,2908,81,1011,0.9022,0.9729,1
0.9,uniform_heavy,0.8,0.25,1.0,smart,0.3,6,4000,1.25,1.126,0.124,9.923,2956,2879,77,1044,0.9038,0.974,1
0.9,uniform_heavy,0.8,0.25,2.0,smart,0.3,0,4000,1.25,1.1456,0.1044,8.352,2954,2878,76,1046,0.901,0.9743,1
0.9,uniform_heavy,0.8,0.25,2.0,smart,0.3,1,4000,1.25,1.1462,0.1038,8.3,3008,2926,82,992,0.8872,0.9727,1
0.9,uniform_heavy,0.8,0.25,2.0,smart,0.3,2,4000,1.25,1.1427,0.1073,8.587,3000,2925,75,1000,0.9038,0.975,1
0.9,uniform_heavy,0.8,0.25,2.0,smart,0.3,3,4000,1.25,1.1475,0.1025,8.203,2962,2880,82,1038,0.8915,0.9723,1
0.9,uniform_heavy,0.8,0.25,2.0,smart,0.3,4,4000,1.25,1.1443,0.1057,8.456,2974,2899,75,1026,0.9022,0.9748,1
0.9,uniform_heavy,0.8,0.25,2.0,smart,0.3,5,4000,1.25,1.1441,0.1059,8.47,2996,2919,77,1004,0.8988,0.9743,1
0.9,uniform_heavy,0.8,0.25,2.0,smart,0.3,6,4000,1.25,1.1356,0.1144,9.156,2974,2915,59,1026,0.9035,0.9802,1
0.9,uniform_heavy,0.8,0.5,0.5,smart,0.3,0,4000,1.5,1.2219,0.2781,18.538,2973,2899,74,1027,0.8942,0.9751,1
0.9,uniform_heavy,0.8,0.5,0.5,smart,0.3,1,4000,1.5,1.2278,0.2722,18.145,2951,2869,82,1049,0.8955,0.9722,1
0.9,uniform_heavy,0.8,0.5,0.5,smart,0.3,2,4000,1.5,1.2299,0.2701,18.008,2923,2837,86,1077,0.9002,0.9706,1
0.9,uniform_heavy,0.8,0.5,0.5,smart,0.3,3,4000,1.5,1.2225,0.2775,18.498,2968,2892,76,1032,0.9038,0.9744,1
0.9,uniform_heavy,0.8,0.5,0.5,smart,0.3,4,4000,1.5,1.2275,0.2725,18.168,2956,2864,92,1044,0.8918,0.9689,1
0.9,uniform_heavy,0.8,0.5,0.5,smart,0.3,5,4000,1.5,1.2249,0.2751,18.341,2943,2872,71,1057,0.8995,0.9759,1
0.9,uniform_heavy,0.8,0.5,0.5,smart,0.3,6,4000,1.5,1.2192,0.2808,18.722,2994,2920,74,1006,0.905,0.9753,1
0.9,uniform_heavy,0.8,0.5,1.0,smart,0.3,0,4000,1.5,1.2297,0.2703,18.017,2975,2903,72,1025,0.901,0.9758,1
0.9,uniform_heavy,0.8,0.5,1.0,smart,0.3,1,4000,1.5,1.2273,0.2727,18.183,2968,2905,63,1032,0.9052,0.9788,1
0.9,uniform_heavy,0.8,0.5,1.0,smart,0.3,2,4000,1.5,1.2325,0.2675,17.831,2972,2898,74,1028,0.906,0.9751,1
0.9,uniform_heavy,0.8,0.5,1.0,smart,0.3,3,4000,1.5,1.2299,0.2701,18.006,2976,2904,72,1024,0.9083,0.9758,1
0.9,uniform_heavy,0.8,0.5,1.0,smart,0.3,4,4000,1.5,1.2265,0.2735,18.235,2990,2928,62,1010,0.9038,0.9793,1
0.9,uniform_heavy,0.8,0.5,1.0,smart,0.3,5,4000,1.5,1.2295,0.2705,18.032,2991,2916,75,1009,0.8992,0.9749,1
0.9,uniform_heavy,0.8,0.5,1.0,smart,0.3,6,4000,1.5,1.2286,0.2714,18.094,2997,2927,70,1003,0.9022,0.9766,1
0.9,uniform_heavy,0.8,0.5,2.0,smart,0.3,0,4000,1.5,1.2583,0.2417,16.113,2914,2834,80,1086,0.8975,0.9725,1
0.9,uniform_heavy,0.8,0.5,2.0,smart,0.3,1,4000,1.5,1.2651,0.2349,15.662,2940,2847,93,1060,0.8848,0.9684,1
0.9,uniform_heavy,0.8,0.5,2.0,smart,0.3,2,4000,1.5,1.2496,0.2504,16.694,2980,2905,75,1020,0.8938,0.9748,1
0.9,uniform_heavy,0.8,0.5,2.0,smart,0.3,3,4000,1.5,1.2482,0.2518,16.785,2976,2904,72,1024,0.907,0.9758,1
0.9,uniform_heavy,0.8,0.5,2.0,smart,0.3,4,4000,1.5,1.2506,0.2494,16.625,2933,2864,69,1067,0.9055,0.9765,1
0.9,uniform_heavy,0.8,0.5,2.0,smart,0.3,5,4000,1.5,1.252,0.248,16.536,2973,2893,80,1027,0.9058,0.9731,1
0.9,uniform_heavy,0.8,0.5,2.0,smart,0.3,6,4000,1.5,1.2518,0.2482,16.548,3003,2922,81,997,0.899,0.973,1
0.9,uniform_heavy,0.8,1,0.5,smart,0.3,0,4000,2.0,1.4364,0.5636,28.179,2962,2891,71,1038,0.8982,0.976,1
0.9,uniform_heavy,0.8,1,0.5,smart,0.3,1,4000,2.0,1.4408,0.5592,27.961,2943,2869,74,1057,0.8945,0.9749,1
0.9,uniform_heavy,0.8,1,0.5,smart,0.3,2,4000,2.0,1.4492,0.5508,27.542,2916,2836,80,1084,0.8958,0.9726,1
0.9,uniform_heavy,0.8,1,0.5,smart,0.3,3,4000,2.0,1.432,0.568,28.402,3006,2916,90,994,0.905,0.9701,1
0.9,uniform_heavy,0.8,1,0.5,smart,0.3,4,4000,2.0,1.4444,0.5556,27.779,2953,2873,80,1047,0.8978,0.9729,1
0.9,uniform_heavy,0.8,1,0.5,smart,0.3,5,4000,2.0,1.4423,0.5577,27.885,2943,2863,80,1057,0.8928,0.9728,1
0.9,uniform_heavy,0.8,1,0.5,smart,0.3,6,4000,2.0,1.4355,0.5645,28.223,2975,2900,75,1025,0.9022,0.9748,1
0.9,uniform_heavy,0.8,1,1.0,smart,0.3,0,4000,2.0,1.4448,0.5552,27.758,2950,2887,63,1050,0.8955,0.9786,1
0.9,uniform_heavy,0.8,1,1.0,smart,0.3,1,4000,2.0,1.4321,0.5679,28.394,3014,2958,56,986,0.903,0.9814,1
0.9,uniform_heavy,0.8,1,1.0,smart,0.3,2,4000,2.0,1.442,0.558,27.9,3005,2924,81,995,0.9083,0.973,1
0.9,uniform_heavy,0.8,1,1.0,smart,0.3,3,4000,2.0,1.4501,0.5499,27.496,2964,2889,75,1036,0.9012,0.9747,1
0.9,uniform_heavy,0.8,1,1.0,smart,0.3,4,4000,2.0,1.4459,0.5541,27.704,2979,2900,79,1021,0.9038,0.9735,1
0.9,uniform_heavy,0.8,1,1.0,smart,0.3,5,4000,2.0,1.4545,0.5455,27.273,2944,2860,84,1056,0.8988,0.9715,1
0.9,uniform_heavy,0.8,1,1.0,smart,0.3,6,4000,2.0,1.4443,0.5557,27.786,3001,2922,79,999,0.8932,0.9737,1
0.9,uniform_heavy,0.8,1,2.0,smart,0.3,0,4000,2.0,1.4566,0.5434,27.17,2965,2905,60,1035,0.9113,0.9798,1
0.9,uniform_heavy,0.8,1,2.0,smart,0.3,1,4000,2.0,1.4649,0.5351,26.757,2983,2906,77,1017,0.9,0.9742,1
0.9,uniform_heavy,0.8,1,2.0,smart,0.3,2,4000,2.0,1.4744,0.5256,26.282,2950,2869,81,1050,0.906,0.9725,1
0.9,uniform_heavy,0.8,1,2.0,smart,0.3,3,4000,2.0,1.4736,0.5264,26.32,3007,2908,99,993,0.8902,0.9671,1
0.9,uniform_heavy,0.8,1,2.0,smart,0.3,4,4000,2.0,1.4608,0.5392,26.961,2975,2903,72,1025,0.9022,0.9758,1
0.9,uniform_heavy,0.8,1,2.0,smart,0.3,5,4000,2.0,1.4476,0.5524,27.622,3035,2970,65,965,0.9065,0.9786,1
0.9,uniform_heavy,0.8,1,2.0,smart,0.3,6,4000,2.0,1.4727,0.5273,26.364,2952,2870,82,1048,0.8998,0.9722,1
0.9,uniform_heavy,0.8,2,0.5,smart,0.3,0,4000,3.0,1.8546,1.1454,38.179,2977,2914,63,1023,0.9058,0.9788,1
0.9,uniform_heavy,0.8,2,0.5,smart,0.3,1,4000,3.0,1.8565,1.1435,38.118,2972,2906,66,1028,0.9,0.9778,1
0.9,uniform_heavy,0.8,2,0.5,smart,0.3,2,4000,3.0,1.8769,1.1231,37.438,2935,2867,68,1065,0.8915,0.9768,1
0.9,uniform_heavy,0.8,2,0.5,smart,0.3,3,4000,3.0,1.8735,1.1265,37.55,2931,2864,67,1069,0.8922,0.9771,1
0.9,uniform_heavy,0.8,2,0.5,smart,0.3,4,4000,3.0,1.8565,1.1435,38.117,2980,2909,71,1020,0.9042,0.9762,1
0.9,uniform_heavy,0.8,2,0.5,smart,0.3,5,4000,3.0,1.862,1.138,37.932,2963,2894,69,1037,0.9038,0.9767,1
0.9,uniform_heavy,0.8,2,0.5,smart,0.3,6,4000,3.0,1.8445,1.1555,38.516,3018,2939,79,982,0.899,0.9738,1
0.9,uniform_heavy,0.8,2,1.0,smart,0.3,0,4000,3.0,1.8863,1.1137,37.124,2946,2865,81,1054,0.896,0.9725,1
0.9,uniform_heavy,0.8,2,1.0,smart,0.3,1,4000,3.0,1.864,1.136,37.866,3007,2927,80,993,0.899,0.9734,1
0.9,uniform_heavy,0.8,2,1.0,smart,0.3,2,4000,3.0,1.8802,1.1198,37.328,2963,2886,77,1037,0.8978,0.974,1
0.9,uniform_heavy,0.8,2,1.0,smart,0.3,3,4000,3.0,1.8874,1.1126,37.086,2940,2864,76,1060,0.8932,0.9741,1
0.9,uniform_heavy,0.8,2,1.0,smart,0.3,4,4000,3.0,1.8695,1.1305,37.683,2954,2888,66,1046,0.8965,0.9777,1
0.9,uniform_heavy,0.8,2,1.0,smart,0.3,5,4000,3.0,1.8696,1.1304,37.682,2997,2913,84,1003,0.9103,0.972,1
0.9,uniform_heavy,0.8,2,1.0,smart,0.3,6,4000,3.0,1.8782,1.1218,37.395,2953,2888,65,1047,0.9038,0.978,1
0.9,uniform_heavy,0.8,2,2.0,smart,0.3,0,4000,3.0,1.8838,1.1162,37.208,2986,2909,77,1014,0.9002,0.9742,1
0.9,uniform_heavy,0.8,2,2.0,smart,0.3,1,4000,3.0,1.8816,1.1184,37.279,3014,2937,77,986,0.9012,0.9745,1
0.9,uniform_heavy,0.8,2,2.0,smart,0.3,2,4000,3.0,1.9114,1.0886,36.286,2942,2858,84,1058,0.8948,0.9714,1
0.9,uniform_heavy,0.8,2,2.0,smart,0.3,3,4000,3.0,1.8781,1.1219,37.397,2964,2902,62,1036,0.9018,0.9791,1
0.9,uniform_heavy,0.8,2,2.0,smart,0.3,4,4000,3.0,1.9051,1.0949,36.497,2970,2881,89,1030,0.9008,0.97,1
0.9,uniform_heavy,0.8,2,2.0,smart,0.3,5,4000,3.0,1.9148,1.0852,36.175,2948,2858,90,1052,0.8988,0.9695,1
0.9,uniform_heavy,0.8,2,2.0,smart,0.3,6,4000,3.0,1.8921,1.1079,36.931,2999,2916,83,1001,0.9005,0.9723,1
0.9,uniform_heavy,0.8,4,0.5,smart,0.3,0,4000,5.0,2.7298,2.2702,45.403,2969,2882,87,1031,0.8965,0.9707,1
0.9,uniform_heavy,0.8,4,0.5,smart,0.3,1,4000,5.0,2.7106,2.2894,45.788,2980,2901,79,1020,0.903,0.9735,1
0.9,uniform_heavy,0.8,4,0.5,smart,0.3,2,4000,5.0,2.6889,2.3111,46.221,2992,2929,63,1008,0.9038,0.9789,1
0.9,uniform_heavy,0.8,4,0.5,smart,0.3,3,4000,5.0,2.7019,2.2981,45.962,3018,2933,85,982,0.9018,0.9718,1
0.9,uniform_heavy,0.8,4,0.5,smart,0.3,4,4000,5.0,2.7259,2.2741,45.481,2961,2890,71,1039,0.8992,0.976,1
0.9,uniform_heavy,0.8,4,0.5,smart,0.3,5,4000,5.0,2.7408,2.2592,45.185,2956,2866,90,1044,0.9012,0.9696,1
0.9,uniform_heavy,0.8,4,0.5,smart,0.3,6,4000,5.0,2.7093,2.2907,45.814,2987,2913,74,1013,0.9018,0.9752,1
0.9,uniform_heavy,0.8,4,1.0,smart,0.3,0,4000,5.0,2.736,2.264,45.281,2982,2888,94,1018,0.893,0.9685,1
0.9,uniform_heavy,0.8,4,1.0,smart,0.3,1,4000,5.0,2.7427,2.2573,45.146,2956,2887,69,1044,0.8988,0.9767,1
0.9,uniform_heavy,0.8,4,1.0,smart,0.3,2,4000,5.0,2.7598,2.2402,44.805,2954,2872,82,1046,0.8955,0.9722,1
0.9,uniform_heavy,0.8,4,1.0,smart,0.3,3,4000,5.0,2.7338,2.2662,45.324,2956,2881,75,1044,0.8948,0.9746,1
0.9,uniform_heavy,0.8,4,1.0,smart,0.3,4,4000,5.0,2.6992,2.3008,46.017,3005,2927,78,995,0.905,0.974,1
0.9,uniform_heavy,0.8,4,1.0,smart,0.3,5,4000,5.0,2.701,2.299,45.98,3006,2927,79,994,0.9052,0.9737,1
0.9,uniform_heavy,0.8,4,1.0,smart,0.3,6,4000,5.0,2.7006,2.2994,45.988,2958,2906,52,1042,0.898,0.9824,1
0.9,uniform_heavy,0.8,4,2.0,smart,0.3,0,4000,5.0,2.7251,2.2749,45.497,2995,2919,76,1005,0.9042,0.9746,1
0.9,uniform_heavy,0.8,4,2.0,smart,0.3,1,4000,5.0,2.7466,2.2534,45.067,2999,2911,88,1001,0.8935,0.9707,1
0.9,uniform_heavy,0.8,4,2.0,smart,0.3,2,4000,5.0,2.6926,2.3074,46.147,3028,2961,67,972,0.9143,0.9779,1
0.9,uniform_heavy,0.8,4,2.0,smart,0.3,3,4000,5.0,2.7772,2.2228,44.456,2937,2856,81,1063,0.898,0.9724,1
0.9,uniform_heavy,0.8,4,2.0,smart,0.3,4,4000,5.0,2.7404,2.2596,45.191,2959,2902,57,1041,0.8932,0.9807,1
0.9,uniform_heavy,0.8,4,2.0,smart,0.3,5,4000,5.0,2.715,2.285,45.699,3009,2939,70,991,0.899,0.9767,1
0.9,uniform_heavy,0.8,4,2.0,smart,0.3,6,4000,5.0,2.8174,2.1826,43.652,2908,2821,87,1092,0.8982,0.9701,1
0.9,uniform_heavy,0.8,8,0.5,smart,0.3,0,4000,9.0,4.4763,4.5237,50.264,2951,2875,76,1049,0.8988,0.9742,1
0.9,uniform_heavy,0.8,8,0.5,smart,0.3,1,4000,9.0,4.4196,4.5804,50.894,2996,2902,94,1004,0.8922,0.9686,1
0.9,uniform_heavy,0.8,8,0.5,smart,0.3,2,4000,9.0,4.483,4.517,50.189,2950,2868,82,1050,0.897,0.9722,1
0.9,uniform_heavy,0.8,8,0.5,smart,0.3,3,4000,9.0,4.3479,4.6521,51.69,2997,2937,60,1003,0.9015,0.98,1
0.9,uniform_heavy,0.8,8,0.5,smart,0.3,4,4000,9.0,4.3594,4.6406,51.563,2994,2927,67,1006,0.9032,0.9776,1
0.9,uniform_heavy,0.8,8,0.5,smart,0.3,5,4000,9.0,4.3843,4.6157,51.286,3008,2931,77,992,0.9028,0.9744,1
0.9,uniform_heavy,0.8,8,0.5,smart,0.3,6,4000,9.0,4.3817,4.6183,51.315,3002,2926,76,998,0.8995,0.9747,1
0.9,uniform_heavy,0.8,8,1.0,smart,0.3,0,4000,9.0,4.5664,4.4336,49.263,2921,2831,90,1079,0.8838,0.9692,1
0.9,uniform_heavy,0.8,8,1.0,smart,0.3,1,4000,9.0,4.4791,4.5209,50.233,2957,2886,71,1043,0.9058,0.976,1
0.9,uniform_heavy,0.8,8,1.0,smart,0.3,2,4000,9.0,4.4911,4.5089,50.099,2939,2862,77,1061,0.9,0.9738,1
0.9,uniform_heavy,0.8,8,1.0,smart,0.3,3,4000,9.0,4.4703,4.5297,50.331,2982,2902,80,1018,0.9012,0.9732,1
0.9,uniform_heavy,0.8,8,1.0,smart,0.3,4,4000,9.0,4.4508,4.5492,50.547,2958,2884,74,1042,0.8972,0.975,1
0.9,uniform_heavy,0.8,8,1.0,smart,0.3,5,4000,9.0,4.5279,4.4721,49.69,2897,2832,65,1103,0.9,0.9776,1
0.9,uniform_heavy,0.8,8,1.0,smart,0.3,6,4000,9.0,4.4612,4.5388,50.432,2957,2891,66,1043,0.8985,0.9777,1
0.9,uniform_heavy,0.8,8,2.0,smart,0.3,0,4000,9.0,4.4268,4.5732,50.813,2973,2896,77,1027,0.9038,0.9741,1
0.9,uniform_heavy,0.8,8,2.0,smart,0.3,1,4000,9.0,4.5065,4.4935,49.927,2938,2869,69,1062,0.903,0.9765,1
0.9,uniform_heavy,0.8,8,2.0,smart,0.3,2,4000,9.0,4.5004,4.4996,49.995,2950,2876,74,1050,0.9005,0.9749,1
0.9,uniform_heavy,0.8,8,2.0,smart,0.3,3,4000,9.0,4.4662,4.5338,50.375,2985,2900,85,1015,0.9065,0.9715,1
0.9,uniform_heavy,0.8,8,2.0,smart,0.3,4,4000,9.0,4.4654,4.5346,50.384,2942,2877,65,1058,0.9035,0.9779,1
0.9,uniform_heavy,0.8,8,2.0,smart,0.3,5,4000,9.0,4.4246,4.5754,50.837,2981,2911,70,1019,0.9012,0.9765,1
0.9,uniform_heavy,0.8,8,2.0,smart,0.3,6,4000,9.0,4.4431,4.5569,50.632,2979,2899,80,1021,0.9042,0.9731,1
0.9,uniform_heavy,0.9,0.25,0.5,smart,0.3,0,4000,1.25,1.0936,0.1564,12.514,3299,3260,39,701,0.9018,0.9882,1
0.9,uniform_heavy,0.9,0.25,0.5,smart,0.3,1,4000,1.25,1.0949,0.1551,12.409,3286,3249,37,714,0.8888,0.9887,1
0.9,uniform_heavy,0.9,0.25,0.5,smart,0.3,2,4000,1.25,1.0899,0.1601,12.804,3355,3321,34,645,0.911,0.9899,1
0.9,uniform_heavy,0.9,0.25,0.5,smart,0.3,3,4000,1.25,1.0931,0.1569,12.55,3312,3276,36,688,0.9025,0.9891,1
0.9,uniform_heavy,0.9,0.25,0.5,smart,0.3,4,4000,1.25,1.0929,0.1571,12.571,3331,3284,47,669,0.905,0.9859,1
0.9,uniform_heavy,0.9,0.25,0.5,smart,0.3,5,4000,1.25,1.0932,0.1568,12.54,3310,3268,42,690,0.9018,0.9873,1
0.9,uniform_heavy,0.9,0.25,0.5,smart,0.3,6,4000,1.25,1.0967,0.1533,12.268,3271,3223,48,729,0.899,0.9853,1
0.9,uniform_heavy,0.9,0.25,1.0,smart,0.3,0,4000,1.25,1.0951,0.1549,12.391,3335,3301,34,665,0.9008,0.9898,1
0.9,uniform_heavy,0.9,0.25,1.0,smart,0.3,1,4000,1.25,1.0991,0.1509,12.073,3336,3290,46,664,0.9052,0.9862,1
0.9,uniform_heavy,0.9,0.25,1.0,smart,0.3,2,4000,1.25,1.0986,0.1514,12.108,3275,3240,35,725,0.8915,0.9893,1
0.9,uniform_heavy,0.9,0.25,1.0,smart,0.3,3,4000,1.25,1.1012,0.1488,11.906,3278,3234,44,722,0.9015,0.9866,1
0.9,uniform_heavy,0.9,0.25,1.0,smart,0.3,4,4000,1.25,1.1,0.15,12.004,3283,3245,38,717,0.8992,0.9884,1
0.9,uniform_heavy,0.9,0.25,1.0,smart,0.3,5,4000,1.25,1.0961,0.1539,12.314,3291,3263,28,709,0.9073,0.9915,1
0.9,uniform_heavy,0.9,0.25,1.0,smart,0.3,6,4000,1.25,1.0978,0.1522,12.177,3242,3215,27,758,0.9058,0.9917,1
0.9,uniform_heavy,0.9,0.25,2.0,smart,0.3,0,4000,1.25,1.1044,0.1456,11.65,3279,3248,31,721,0.899,0.9905,1
0.9,uniform_heavy,0.9,0.25,2.0,smart,0.3,1,4000,1.25,1.1082,0.1418,11.344,3263,3228,35,737,0.894,0.9893,1
0.9,uniform_heavy,0.9,0.25,2.0,smart,0.3,2,4000,1.25,1.1046,0.1454,11.632,3257,3229,28,743,0.9042,0.9914,1
0.9,uniform_heavy,0.9,0.25,2.0,smart,0.3,3,4000,1.25,1.1092,0.1408,11.265,3314,3272,42,686,0.8992,0.9873,1
0.9,uniform_heavy,0.9,0.25,2.0,smart,0.3,4,4000,1.25,1.114,0.136,10.88,3286,3238,48,714,0.8915,0.9854,1
0.9,uniform_heavy,0.9,0.25,2.0,smart,0.3,5,4000,1.25,1.1165,0.1335,10.682,3252,3204,48,748,0.894,0.9852,1
0.9,uniform_heavy,0.9,0.25,2.0,smart,0.3,6,4000,1.25,1.1054,0.1446,11.57,3311,3278,33,689,0.8992,0.99,1
0.9,uniform_heavy,0.9,0.5,0.5,smart,0.3,0,4000,1.5,1.1823,0.3177,21.179,3336,3288,48,664,0.9002,0.9856,1
0.9,uniform_heavy,0.9,0.5,0.5,smart,0.3,1,4000,1.5,1.1805,0.3195,21.3,3317,3274,43,683,0.9087,0.987,1
0.9,uniform_heavy,0.9,0.5,0.5,smart,0.3,2,4000,1.5,1.1803,0.3197,21.313,3326,3286,40,674,0.906,0.988,1
0.9,uniform_heavy,0.9,0.5,0.5,smart,0.3,3,4000,1.5,1.1853,0.3147,20.981,3306,3256,50,694,0.9,0.9849,1
0.9,uniform_heavy,0.9,0.5,0.5,smart,0.3,4,4000,1.5,1.1867,0.3133,20.887,3263,3224,39,737,0.8892,0.988,1
0.9,uniform_heavy,0.9,0.5,0.5,smart,0.3,5,4000,1.5,1.1851,0.3149,20.996,3268,3231,37,732,0.8958,0.9887,1
0.9,uniform_heavy,0.9,0.5,0.5,smart,0.3,6,4000,1.5,1.1829,0.3171,21.137,3308,3262,46,692,0.9002,0.9861,1
0.9,uniform_heavy,0.9,0.5,1.0,smart,0.3,0,4000,1.5,1.1889,0.3111,20.738,3291,3253,38,709,0.8915,0.9885,1
0.9,uniform_heavy,0.9,0.5,1.0,smart,0.3,1,4000,1.5,1.1878,0.3122,20.81,3254,3227,27,746,0.9028,0.9917,1
0.9,uniform_heavy,0.9,0.5,1.0,smart,0.3,2,4000,1.5,1.1884,0.3116,20.775,3292,3257,35,708,0.8925,0.9894,1
0.9,uniform_heavy,0.9,0.5,1.0,smart,0.3,3,4000,1.5,1.1907,0.3093,20.621,3275,3234,41,725,0.8958,0.9875,1
0.9,uniform_heavy,0.9,0.5,1.0,smart,0.3,4,4000,1.5,1.1908,0.3092,20.615,3301,3255,46,699,0.9055,0.9861,1
0.9,uniform_heavy,0.9,0.5,1.0,smart,0.3,5,4000,1.5,1.1815,0.3185,21.231,3318,3291,27,682,0.896,0.9919,1
0.9,uniform_heavy,0.9,0.5,1.0,smart,0.3,6,4000,1.5,1.1875,0.3125,20.833,3290,3251,39,710,0.9018,0.9881,1
0.9,uniform_heavy,0.9,0.5,2.0,smart,0.3,0,4000,1.5,1.195,0.305,20.334,3282,3249,33,718,0.8958,0.9899,1
0.9,uniform_heavy,0.9,0.5,2.0,smart,0.3,1,4000,1.5,1.1963,0.3037,20.249,3287,3253,34,713,0.9005,0.9897,1
0.9,uniform_heavy,0.9,0.5,2.0,smart,0.3,2,4000,1.5,1.1966,0.3034,20.228,3250,3221,29,750,0.9062,0.9911,1
0.9,uniform_heavy,0.9,0.5,2.0,smart,0.3,3,4000,1.5,1.1942,0.3058,20.389,3288,3255,33,712,0.9073,0.99,1
0.9,uniform_heavy,0.9,0.5,2.0,smart,0.3,4,4000,1.5,1.2031,0.2969,19.795,3282,3237,45,718,0.8982,0.9863,1
0.9,uniform_heavy,0.9,0.5,2.0,smart,0.3,5,4000,1.5,1.1987,0.3013,20.088,3285,3246,39,715,0.8982,0.9881,1
0.9,uniform_heavy,0.9,0.5,2.0,smart,0.3,6,4000,1.5,1.1975,0.3025,20.168,3305,3264,41,695,0.9008,0.9876,1
0.9,uniform_heavy,0.9,1,0.5,smart,0.3,0,4000,2.0,1.3559,0.6441,32.207,3305,3276,29,695,0.8992,0.9912,1
0.9,uniform_heavy,0.9,1,0.5,smart,0.3,1,4000,2.0,1.363,0.637,31.848,3291,3256,35,709,0.895,0.9894,1
0.9,uniform_heavy,0.9,1,0.5,smart,0.3,2,4000,2.0,1.3519,0.6481,32.407,3317,3287,30,683,0.9095,0.991,1
0.9,uniform_heavy,0.9,1,0.5,smart,0.3,3,4000,2.0,1.3637,0.6363,31.815,3285,3247,38,715,0.9012,0.9884,1
0.9,uniform_heavy,0.9,1,0.5,smart,0.3,4,4000,2.0,1.3598,0.6402,32.01,3318,3278,40,682,0.901,0.9879,1
0.9,uniform_heavy,0.9,1,0.5,smart,0.3,5,4000,2.0,1.351,0.649,32.448,3334,3298,36,666,0.9058,0.9892,1
0.9,uniform_heavy,0.9,1,0.5,smart,0.3,6,4000,2.0,1.3596,0.6404,32.019,3325,3281,44,675,0.8988,0.9868,1
0.9,uniform_heavy,0.9,1,1.0,smart,0.3,0,4000,2.0,1.3722,0.6278,31.388,3283,3238,45,717,0.8928,0.9863,1
0.9,uniform_heavy,0.9,1,1.0,smart,0.3,1,4000,2.0,1.3575,0.6425,32.124,3316,3286,30,684,0.8952,0.991,1
0.9,uniform_heavy,0.9,1,1.0,smart,0.3,2,4000,2.0,1.3638,0.6362,31.811,3319,3274,45,681,0.9005,0.9864,1
0.9,uniform_heavy,0.9,1,1.0,smart,0.3,3,4000,2.0,1.37,0.63,31.498,3276,3236,40,724,0.896,0.9878,1
0.9,uniform_heavy,0.9,1,1.0,smart,0.3,4,4000,2.0,1.372,0.628,31.398,3276,3231,45,724,0.8962,0.9863,1
0.9,uniform_heavy,0.9,1,1.0,smart,0.3,5,4000,2.0,1.3628,0.6372,31.861,3285,3253,32,715,0.9005,0.9903,1
0.9,uniform_heavy,0.9,1,1.0,smart,0.3,6,4000,2.0,1.3634,0.6366,31.832,3305,3268,37,695,0.9052,0.9888,1
0.9,uniform_heavy,0.9,1,2.0,smart,0.3,0,4000,2.0,1.3775,0.6225,31.126,3277,3239,38,723,0.9067,0.9884,1
0.9,uniform_heavy,0.9,1,2.0,smart,0.3,1,4000,2.0,1.3819,0.6181,30.905,3272,3229,43,728,0.8965,0.9869,1
0.9,uniform_heavy,0.9,1,2.0,smart,0.3,2,4000,2.0,1.3754,0.6246,31.23,3319,3273,46,681,0.908,0.9861,1
0.9,uniform_heavy,0.9,1,2.0,smart,0.3,3,4000,2.0,1.3827,0.6173,30.867,3283,3239,44,717,0.899,0.9866,1
0.9,uniform_heavy,0.9,1,2.0,smart,0.3,4,4000,2.0,1.3822,0.6178,30.891,3288,3246,42,712,0.894,0.9872,1
0.9,uniform_heavy,0.9,1,2.0,smart,0.3,5,4000,2.0,1.379,0.621,31.052,3292,3252,40,708,0.8988,0.9878,1
0.9,uniform_heavy,0.9,1,2.0,smart,0.3,6,4000,2.0,1.3788,0.6212,31.058,3287,3246,41,713,0.8965,0.9875,1
0.9,uniform_heavy,0.9,2,0.5,smart,0.3,0,4000,3.0,1.7179,1.2821,42.736,3309,3261,48,691,0.9052,0.9855,1
0.9,uniform_heavy,0.9,2,0.5,smart,0.3,1,4000,3.0,1.7196,1.2804,42.68,3289,3251,38,711,0.9062,0.9884,1
0.9,uniform_heavy,0.9,2,0.5,smart,0.3,2,4000,3.0,1.7139,1.2861,42.869,3291,3258,33,709,0.8972,0.99,1
0.9,uniform_heavy,0.9,2,0.5,smart,0.3,3,4000,3.0,1.7033,1.2967,43.224,3333,3293,40,667,0.9085,0.988,1
0.9,uniform_heavy,0.9,2,0.5,smart,0.3,4,4000,3.0,1.7113,1.2887,42.957,3343,3292,51,657,0.9015,0.9847,1
0.9,uniform_heavy,0.9,2,0.5,smart,0.3,5,4000,3.0,1.7327,1.2673,42.243,3244,3213,31,756,0.8955,0.9904,1
0.9,uniform_heavy,0.9,2,0.5,smart,0.3,6,4000,3.0,1.7362,1.2638,42.127,3244,3207,37,756,0.9,0.9886,1
0.9,uniform_heavy,0.9,2,1.0,smart,0.3,0,4000,3.0,1.7321,1.2679,42.264,3282,3232,50,718,0.901,0.9848,1
0.9,uniform_heavy,0.9,2,1.0,smart,0.3,1,4000,3.0,1.7325,1.2675,42.25,3299,3247,52,701,0.904,0.9842,1
0.9,uniform_heavy,0.9,2,1.0,smart,0.3,2,4000,3.0,1.7338,1.2662,42.206,3264,3227,37,736,0.8992,0.9887,1
0.9,uniform_heavy,0.9,2,1.0,smart,0.3,3,4000,3.0,1.7356,1.2644,42.148,3263,3225,38,737,0.9005,0.9884,1
0.9,uniform_heavy,0.9,2,1.0,smart,0.3,4,4000,3.0,1.7279,1.2721,42.402,3292,3251,41,708,0.8965,0.9875,1
0.9,uniform_heavy,0.9,2,1.0,smart,0.3,5,4000,3.0,1.725,1.275,42.501,3278,3245,33,722,0.8962,0.9899,1
0.9,uniform_heavy,0.9,2,1.0,smart,0.3,6,4000,3.0,1.7089,1.2911,43.037,3314,3281,33,686,0.8988,0.99,1
0.9,uniform_heavy,0.9,2,2.0,smart,0.3,0,4000,3.0,1.7131,1.2869,42.897,3347,3306,41,653,0.906,0.9878,1
0.9,uniform_heavy,0.9,2,2.0,smart,0.3,1,4000,3.0,1.7386,1.2614,42.048,3268,3230,38,732,0.8915,0.9884,1
0.9,uniform_heavy,0.9,2,2.0,smart,0.3,2,4000,3.0,1.7314,1.2686,42.285,3285,3248,37,715,0.9025,0.9887,1
0.9,uniform_heavy,0.9,2,2.0,smart,0.3,3,4000,3.0,1.7357,1.2643,42.142,3254,3229,25,746,0.8945,0.9923,1
0.9,uniform_heavy,0.9,2,2.0,smart,0.3,4,4000,3.0,1.7478,1.2522,41.739,3275,3229,46,725,0.896,0.986,1
0.9,uniform_heavy,0.9,2,2.0,smart,0.3,5,4000,3.0,1.7253,1.2747,42.489,3296,3257,39,704,0.894,0.9882,1
0.9,uniform_heavy,0.9,2,2.0,smart,0.3,6,4000,3.0,1.7209,1.2791,42.637,3303,3275,28,697,0.8988,0.9915,1
0.9,uniform_heavy,0.9,4,0.5,smart,0.3,0,4000,5.0,2.4207,2.5793,51.585,3298,3257,41,702,0.9035,0.9876,1
0.9,uniform_heavy,0.9,4,0.5,smart,0.3,1,4000,5.0,2.4332,2.5668,51.337,3286,3247,39,714,0.891,0.9881,1
0.9,uniform_heavy,0.9,4,0.5,smart,0.3,2,4000,5.0,2.4436,2.5564,51.128,3285,3240,45,715,0.8985,0.9863,1
0.9,uniform_heavy,0.9,4,0.5,smart,0.3,3,4000,5.0,2.4375,2.5625,51.25,3305,3255,50,695,0.898,0.9849,1
0.9,uniform_heavy,0.9,4,0.5,smart,0.3,4,4000,5.0,2.4252,2.5748,51.495,3319,3269,50,681,0.8972,0.9849,1
0.9,uniform_heavy,0.9,4,0.5,smart,0.3,5,4000,5.0,2.4342,2.5658,51.316,3298,3256,42,702,0.9032,0.9873,1
0.9,uniform_heavy,0.9,4,0.5,smart,0.3,6,4000,5.0,2.4369,2.5631,51.262,3287,3243,44,713,0.894,0.9866,1
0.9,uniform_heavy,0.9,4,1.0,smart,0.3,0,4000,5.0,2.4263,2.5737,51.475,3305,3268,37,695,0.899,0.9888,1
0.9,uniform_heavy,0.9,4,1.0,smart,0.3,1,4000,5.0,2.4571,2.5429,50.859,3264,3229,35,736,0.8962,0.9893,1
0.9,uniform_heavy,0.9,4,1.0,smart,0.3,2,4000,5.0,2.4405,2.5595,51.191,3301,3255,46,699,0.9002,0.9861,1
0.9,uniform_heavy,0.9,4,1.0,smart,0.3,3,4000,5.0,2.4534,2.5466,50.932,3272,3226,46,728,0.9032,0.9859,1
0.9,uniform_heavy,0.9,4,1.0,smart,0.3,4,4000,5.0,2.4237,2.5763,51.526,3305,3269,36,695,0.9103,0.9891,1
0.9,uniform_heavy,0.9,4,1.0,smart,0.3,5,4000,5.0,2.4512,2.5488,50.977,3285,3244,41,715,0.8992,0.9875,1
0.9,uniform_heavy,0.9,4,1.0,smart,0.3,6,4000,5.0,2.4471,2.5529,51.058,3279,3241,38,721,0.8995,0.9884,1
0.9,uniform_heavy,0.9,4,2.0,smart,0.3,0,4000,5.0,2.4408,2.5592,51.184,3307,3270,37,693,0.9005,0.9888,1
0.9,uniform_heavy,0.9,4,2.0,smart,0.3,1,4000,5.0,2.4564,2.5436,50.871,3279,3239,40,721,0.8935,0.9878,1
0.9,uniform_heavy,0.9,4,2.0,smart,0.3,2,4000,5.0,2.443,2.557,51.14,3296,3250,46,704,0.8932,0.986,1
0.9,uniform_heavy,0.9,4,2.0,smart,0.3,3,4000,5.0,2.4547,2.5453,50.907,3285,3249,36,715,0.898,0.989,1
0.9,uniform_heavy,0.9,4,2.0,smart,0.3,4,4000,5.0,2.4014,2.5986,51.973,3348,3309,39,652,0.909,0.9884,1
0.9,uniform_heavy,0.9,4,2.0,smart,0.3,5,4000,5.0,2.4787,2.5213,50.426,3267,3225,42,733,0.8942,0.9871,1
0.9,uniform_heavy,0.9,4,2.0,smart,0.3,6,4000,5.0,2.4247,2.5753,51.506,3318,3276,42,682,0.8998,0.9873,1
0.9,uniform_heavy,0.9,8,0.5,smart,0.3,0,4000,9.0,3.8258,5.1742,57.491,3311,3270,41,689,0.9012,0.9876,1
0.9,uniform_heavy,0.9,8,0.5,smart,0.3,1,4000,9.0,3.9117,5.0883,56.537,3268,3237,31,732,0.893,0.9905,1
0.9,uniform_heavy,0.9,8,0.5,smart,0.3,2,4000,9.0,3.8662,5.1338,57.042,3280,3249,31,720,0.8982,0.9905,1
0.9,uniform_heavy,0.9,8,0.5,smart,0.3,3,4000,9.0,3.8429,5.1571,57.301,3302,3272,30,698,0.9045,0.9909,1
0.9,uniform_heavy,0.9,8,0.5,smart,0.3,4,4000,9.0,3.8585,5.1415,57.128,3283,3258,25,717,0.895,0.9924,1
0.9,uniform_heavy,0.9,8,0.5,smart,0.3,5,4000,9.0,3.8527,5.1473,57.192,3294,3260,34,706,0.898,0.9897,1
0.9,uniform_heavy,0.9,8,0.5,smart,0.3,6,4000,9.0,3.8513,5.1487,57.208,3303,3279,24,697,0.9085,0.9927,1
0.9,uniform_heavy,0.9,8,1.0,smart,0.3,0,4000,9.0,3.8623,5.1377,57.085,3294,3251,43,706,0.8935,0.9869,1
0.9,uniform_heavy,0.9,8,1.0,smart,0.3,1,4000,9.0,3.8501,5.1499,57.221,3299,3262,37,701,0.8965,0.9888,1
0.9,uniform_heavy,0.9,8,1.0,smart,0.3,2,4000,9.0,3.8767,5.1233,56.926,3294,3242,52,706,0.897,0.9842,1
0.9,uniform_heavy,0.9,8,1.0,smart,0.3,3,4000,9.0,3.7671,5.2329,58.144,3343,3307,36,657,0.8965,0.9892,1
0.9,uniform_heavy,0.9,8,1.0,smart,0.3,4,4000,9.0,3.8757,5.1243,56.937,3281,3245,36,719,0.9048,0.989,1
0.9,uniform_heavy,0.9,8,1.0,smart,0.3,5,4000,9.0,3.8297,5.1703,57.448,3310,3270,40,690,0.8965,0.9879,1
0.9,uniform_heavy,0.9,8,1.0,smart,0.3,6,4000,9.0,3.8144,5.1856,57.618,3303,3274,29,697,0.903,0.9912,1
0.9,uniform_heavy,0.9,8,2.0,smart,0.3,0,4000,9.0,3.8776,5.1224,56.915,3294,3250,44,706,0.897,0.9866,1
0.9,uniform_heavy,0.9,8,2.0,smart,0.3,1,4000,9.0,3.876,5.124,56.934,3288,3251,37,712,0.8985,0.9887,1
0.9,uniform_heavy,0.9,8,2.0,smart,0.3,2,4000,9.0,3.9168,5.0832,56.48,3257,3225,32,743,0.8912,0.9902,1
0.9,uniform_heavy,0.9,8,2.0,smart,0.3,3,4000,9.0,3.874,5.126,56.955,3280,3249,31,720,0.8982,0.9905,1
0.9,uniform_heavy,0.9,8,2.0,smart,0.3,4,4000,9.0,3.8757,5.1243,56.937,3291,3255,36,709,0.8922,0.9891,1
0.9,uniform_heavy,0.9,8,2.0,smart,0.3,5,4000,9.0,3.864,5.136,57.067,3290,3259,31,710,0.902,0.9906,1
0.9,uniform_heavy,0.9,8,2.0,smart,0.3,6,4000,9.0,3.7671,5.2329,58.143,3321,3294,27,679,0.9052,0.9919,1
0.9,uniform_heavy,0.95,0.25,0.5,smart,0.3,0,4000,1.25,1.0817,0.1683,13.467,3479,3458,21,521,0.8992,0.994,1
0.9,uniform_heavy,0.95,0.25,0.5,smart,0.3,1,4000,1.25,1.0819,0.1681,13.444,3453,3439,14,547,0.8985,0.9959,1
0.9,uniform_heavy,0.95,0.25,0.5,smart,0.3,2,4000,1.25,1.0805,0.1695,13.561,3489,3476,13,511,0.904,0.9963,1
0.9,uniform_heavy,0.95,0.25,0.5,smart,0.3,3,4000,1.25,1.0831,0.1669,13.354,3442,3425,17,558,0.8955,0.9951,1
0.9,uniform_heavy,0.95,0.25,0.5,smart,0.3,4,4000,1.25,1.0846,0.1654,13.231,3443,3419,24,557,0.8975,0.993,1
0.9,uniform_heavy,0.95,0.25,0.5,smart,0.3,5,4000,1.25,1.0838,0.1662,13.298,3434,3414,20,566,0.899,0.9942,1
0.9,uniform_heavy,0.95,0.25,0.5,smart,0.3,6,4000,1.25,1.0816,0.1684,13.469,3489,3466,23,511,0.9,0.9934,1
0.9,uniform_heavy,0.95,0.25,1.0,smart,0.3,0,4000,1.25,1.0853,0.1647,13.179,3448,3426,22,552,0.899,0.9936,1
0.9,uniform_heavy,0.95,0.25,1.0,smart,0.3,1,4000,1.25,1.085,0.165,13.204,3454,3436,18,546,0.8962,0.9948,1
0.9,uniform_heavy,0.95,0.25,1.0,smart,0.3,2,4000,1.25,1.0824,0.1676,13.41,3470,3456,14,530,0.9012,0.996,1
0.9,uniform_heavy,0.95,0.25,1.0,smart,0.3,3,4000,1.25,1.0821,0.1679,13.429,3479,3465,14,521,0.9045,0.996,1
0.9,uniform_heavy,0.95,0.25,1.0,smart,0.3,4,4000,1.25,1.085,0.165,13.204,3461,3443,18,539,0.902,0.9948,1
0.9,uniform_heavy,0.95,0.25,1.0,smart,0.3,5,4000,1.25,1.0856,0.1644,13.151,3456,3433,23,544,0.9015,0.9933,1
0.9,uniform_heavy,0.95,0.25,1.0,smart,0.3,6,4000,1.25,1.0857,0.1643,13.145,3429,3410,19,571,0.9038,0.9945,1
0.9,uniform_heavy,0.95,0.25,2.0,smart,0.3,0,4000,1.25,1.0912,0.1588,12.702,3420,3400,20,580,0.8938,0.9942,1
0.9,uniform_heavy,0.95,0.25,2.0,smart,0.3,1,4000,1.25,1.093,0.157,12.561,3466,3441,25,534,0.8998,0.9928,1
0.9,uniform_heavy,0.95,0.25,2.0,smart,0.3,2,4000,1.25,1.093,0.157,12.558,3452,3428,24,548,0.8975,0.993,1
0.9,uniform_heavy,0.95,0.25,2.0,smart,0.3,3,4000,1.25,1.0954,0.1546,12.37,3421,3394,27,579,0.8992,0.9921,1
0.9,uniform_heavy,0.95,0.25,2.0,smart,0.3,4,4000,1.25,1.096,0.154,12.324,3429,3401,28,571,0.8975,0.9918,1
0.9,uniform_heavy,0.95,0.25,2.0,smart,0.3,5,4000,1.25,1.0933,0.1567,12.534,3470,3444,26,530,0.8938,0.9925,1
0.9,uniform_heavy,0.95,0.25,2.0,smart,0.3,6,4000,1.25,1.0864,0.1636,13.091,3470,3456,14,530,0.9035,0.996,1
0.9,uniform_heavy,0.95,0.5,0.5,smart,0.3,0,4000,1.5,1.1628,0.3372,22.478,3443,3426,17,557,0.9008,0.9951,1
0.9,uniform_heavy,0.95,0.5,0.5,smart,0.3,1,4000,1.5,1.1583,0.3417,22.781,3485,3474,11,515,0.9038,0.9968,1
0.9,uniform_heavy,0.95,0.5,0.5,smart,0.3,2,4000,1.5,1.1662,0.3338,22.251,3431,3409,22,569,0.8922,0.9936,1
0.9,uniform_heavy,0.95,0.5,0.5,smart,0.3,3,4000,1.5,1.1614,0.3386,22.572,3484,3459,25,516,0.903,0.9928,1
0.9,uniform_heavy,0.95,0.5,0.5,smart,0.3,4,4000,1.5,1.1657,0.3343,22.284,3432,3413,19,568,0.9008,0.9945,1
0.9,uniform_heavy,0.95,0.5,0.5,smart,0.3,5,4000,1.5,1.1589,0.3411,22.742,3489,3470,19,511,0.9042,0.9946,1
0.9,uniform_heavy,0.95,0.5,0.5,smart,0.3,6,4000,1.5,1.1656,0.3344,22.291,3432,3410,22,568,0.8965,0.9936,1
0.9,uniform_heavy,0.95,0.5,1.0,smart,0.3,0,4000,1.5,1.1707,0.3293,21.952,3409,3394,15,591,0.893,0.9956,1
0.9,uniform_heavy,0.95,0.5,1.0,smart,0.3,1,4000,1.5,1.1654,0.3346,22.307,3458,3437,21,542,0.8965,0.9939,1
0.9,uniform_heavy,0.95,0.5,1.0,smart,0.3,2,4000,1.5,1.1629,0.3371,22.473,3481,3463,18,519,0.9015,0.9948,1
0.9,uniform_heavy,0.95,0.5,1.0,smart,0.3,3,4000,1.5,1.1639,0.3361,22.408,3476,3455,21,524,0.8992,0.994,1
0.9,uniform_heavy,0.95,0.5,1.0,smart,0.3,4,4000,1.5,1.1627,0.3373,22.484,3481,3461,20,519,0.9028,0.9943,1
0.9,uniform_heavy,0.95,0.5,1.0,smart,0.3,5,4000,1.5,1.1629,0.3371,22.471,3488,3466,22,512,0.8965,0.9937,1
0.9,uniform_heavy,0.95,0.5,1.0,smart,0.3,6,4000,1.5,1.1659,0.3341,22.273,3433,3414,19,567,0.9062,0.9945,1
0.9,uniform_heavy,0.95,0.5,2.0,smart,0.3,0,4000,1.5,1.1698,0.3302,22.011,3452,3433,19,548,0.8942,0.9945,1
0.9,uniform_heavy,0.95,0.5,2.0,smart,0.3,1,4000,1.5,1.1676,0.3324,22.162,3503,3480,23,497,0.9032,0.9934,1
0.9,uniform_heavy,0.95,0.5,2.0,smart,0.3,2,4000,1.5,1.1696,0.3304,22.029,3450,3432,18,550,0.9,0.9948,1
0.9,uniform_heavy,0.95,0.5,2.0,smart,0.3,3,4000,1.5,1.169,0.331,22.069,3453,3436,17,547,0.9028,0.9951,1
0.9,uniform_heavy,0.95,0.5,2.0,smart,0.3,4,4000,1.5,1.1683,0.3317,22.115,3444,3430,14,556,0.896,0.9959,1
0.9,uniform_heavy,0.95,0.5,2.0,smart,0.3,5,4000,1.5,1.1663,0.3337,22.247,3464,3448,16,536,0.9015,0.9954,1
0.9,uniform_heavy,0.95,0.5,2.0,smart,0.3,6,4000,1.5,1.1702,0.3298,21.985,3444,3427,17,556,0.8932,0.9951,1
0.9,uniform_heavy,0.95,1,0.5,smart,0.3,0,4000,2.0,1.3281,0.6719,33.593,3434,3417,17,566,0.8992,0.995,1
0.9,uniform_heavy,0.95,1,0.5,smart,0.3,1,4000,2.0,1.3233,0.6767,33.836,3461,3443,18,539,0.9067,0.9948,1
0.9,uniform_heavy,0.95,1,0.5,smart,0.3,2,4000,2.0,1.323,0.677,33.851,3446,3427,19,554,0.8918,0.9945,1
0.9,uniform_heavy,0.95,1,0.5,smart,0.3,3,4000,2.0,1.3267,0.6733,33.665,3445,3422,23,555,0.8962,0.9933,1
0.9,uniform_heavy,0.95,1,0.5,smart,0.3,4,4000,2.0,1.3206,0.6794,33.968,3468,3447,21,532,0.897,0.9939,1
0.9,uniform_heavy,0.95,1,0.5,smart,0.3,5,4000,2.0,1.3208,0.6792,33.962,3458,3444,14,542,0.9012,0.996,1
0.9,uniform_heavy,0.95,1,0.5,smart,0.3,6,4000,2.0,1.3202,0.6798,33.991,3468,3448,20,532,0.9018,0.9942,1
0.9,uniform_heavy,0.95,1,1.0,smart,0.3,0,4000,2.0,1.3251,0.6749,33.747,3442,3430,12,558,0.8952,0.9965,1
0.9,uniform_heavy,0.95,1,1.0,smart,0.3,1,4000,2.0,1.3176,0.6824,34.119,3496,3471,25,504,0.9008,0.9928,1
0.9,uniform_heavy,0.95,1,1.0,smart,0.3,2,4000,2.0,1.3287,0.6713,33.565,3435,3419,16,565,0.9015,0.9953,1
0.9,uniform_heavy,0.95,1,1.0,smart,0.3,3,4000,2.0,1.3244,0.6756,33.778,3474,3450,24,526,0.9025,0.9931,1
0.9,uniform_heavy,0.95,1,1.0,smart,0.3,4,4000,2.0,1.3249,0.6751,33.753,3443,3426,17,557,0.8978,0.9951,1
0.9,uniform_heavy,0.95,1,1.0,smart,0.3,5,4000,2.0,1.328,0.672,33.602,3428,3419,9,572,0.897,0.9974,1
0.9,uniform_heavy,0.95,1,1.0,smart,0.3,6,4000,2.0,1.3242,0.6758,33.789,3463,3443,20,537,0.8975,0.9942,1
0.9,uniform_heavy,0.95,1,2.0,smart,0.3,0,4000,2.0,1.332,0.668,33.401,3460,3436,24,540,0.901,0.9931,1
0.9,uniform_heavy,0.95,1,2.0,smart,0.3,1,4000,2.0,1.3276,0.6724,33.619,3439,3427,12,561,0.903,0.9965,1
0.9,uniform_heavy,0.95,1,2.0,smart,0.3,2,4000,2.0,1.3192,0.6808,34.039,3498,3483,15,502,0.909,0.9957,1
0.9,uniform_heavy,0.95,1,2.0,smart,0.3,3,4000,2.0,1.3319,0.6681,33.406,3447,3432,15,553,0.9052,0.9956,1
0.9,uniform_heavy,0.95,1,2.0,smart,0.3,4,4000,2.0,1.32,0.68,34.001,3498,3481,17,502,0.91,0.9951,1
0.9,uniform_heavy,0.95,1,2.0,smart,0.3,5,4000,2.0,1.3343,0.6657,33.284,3457,3432,25,543,0.8998,0.9928,1
0.9,uniform_heavy,0.95,1,2.0,smart,0.3,6,4000,2.0,1.331,0.669,33.449,3430,3415,15,570,0.904,0.9956,1
0.9,uniform_heavy,0.95,2,0.5,smart,0.3,0,4000,3.0,1.6406,1.3594,45.314,3475,3457,18,525,0.9008,0.9948,1
0.9,uniform_heavy,0.95,2,0.5,smart,0.3,1,4000,3.0,1.6268,1.3732,45.774,3489,3468,21,511,0.899,0.994,1
0.9,uniform_heavy,0.95,2,0.5,smart,0.3,2,4000,3.0,1.6537,1.3463,44.877,3444,3414,30,556,0.8945,0.9913,1
0.9,uniform_heavy,0.95,2,0.5,smart,0.3,3,4000,3.0,1.6428,1.3572,45.241,3455,3442,13,545,0.899,0.9962,1
0.9,uniform_heavy,0.95,2,0.5,smart,0.3,4,4000,3.0,1.6252,1.3748,45.825,3503,3477,26,497,0.9038,0.9926,1
0.9,uniform_heavy,0.95,2,0.5,smart,0.3,5,4000,3.0,1.6434,1.3566,45.222,3456,3439,17,544,0.8922,0.9951,1
0.9,uniform_heavy,0.95,2,0.5,smart,0.3,6,4000,3.0,1.642,1.358,45.266,3462,3439,23,538,0.8978,0.9934,1
0.9,uniform_heavy,0.95,2,1.0,smart,0.3,0,4000,3.0,1.6433,1.3567,45.223,3439,3427,12,561,0.9032,0.9965,1
0.9,uniform_heavy,0.95,2,1.0,smart,0.3,1,4000,3.0,1.6434,1.3566,45.221,3451,3432,19,549,0.903,0.9945,1
0.9,uniform_heavy,0.95,2,1.0,smart,0.3,2,4000,3.0,1.6292,1.3708,45.692,3495,3474,21,505,0.908,0.994,1
0.9,uniform_heavy,0.95,2,1.0,smart,0.3,3,4000,3.0,1.6556,1.3444,44.813,3429,3408,21,571,0.8962,0.9939,1
0.9,uniform_heavy,0.95,2,1.0,smart,0.3,4,4000,3.0,1.6319,1.3681,45.603,3490,3468,22,510,0.902,0.9937,1
0.9,uniform_heavy,0.95,2,1.0,smart,0.3,5,4000,3.0,1.6452,1.3548,45.161,3461,3434,27,539,0.901,0.9922,1
0.9,uniform_heavy,0.95,2,1.0,smart,0.3,6,4000,3.0,1.6456,1.3544,45.147,3459,3437,22,541,0.9002,0.9936,1
0.9,uniform_heavy,0.95,2,2.0,smart,0.3,0,4000,3.0,1.6384,1.3616,45.387,3462,3447,15,538,0.9012,0.9957,1
0.9,uniform_heavy,0.95,2,2.0,smart,0.3,1,4000,3.0,1.646,1.354,45.134,3470,3453,17,530,0.9052,0.9951,1
0.9,uniform_heavy,0.95,2,2.0,smart,0.3,2,4000,3.0,1.653,1.347,44.9,3438,3424,14,562,0.903,0.9959,1
0.9,uniform_heavy,0.95,2,2.0,smart,0.3,3,4000,3.0,1.6408,1.3592,45.308,3475,3459,16,525,0.9032,0.9954,1
0.9,uniform_heavy,0.95,2,2.0,smart,0.3,4,4000,3.0,1.645,1.355,45.168,3469,3450,19,531,0.8962,0.9945,1
0.9,uniform_heavy,0.95,2,2.0,smart,0.3,5,4000,3.0,1.6448,1.3552,45.174,3442,3433,9,558,0.8962,0.9974,1
0.9,uniform_heavy,0.95,2,2.0,smart,0.3,6,4000,3.0,1.649,1.351,45.032,3446,3430,16,554,0.8958,0.9954,1
0.9,uniform_heavy,0.95,4,0.5,smart,0.3,0,4000,5.0,2.237,2.763,55.261,3494,3482,12,506,0.907,0.9966,1
0.9,uniform_heavy,0.95,4,0.5,smart,0.3,1,4000,5.0,2.2843,2.7157,54.313,3455,3432,23,545,0.898,0.9933,1
0.9,uniform_heavy,0.95,4,0.5,smart,0.3,2,4000,5.0,2.3128,2.6872,53.744,3408,3394,14,592,0.9038,0.9959,1
0.9,uniform_heavy,0.95,4,0.5,smart,0.3,3,4000,5.0,2.2696,2.7304,54.607,3484,3469,15,516,0.9035,0.9957,1
0.9,uniform_heavy,0.95,4,0.5,smart,0.3,4,4000,5.0,2.2895,2.7105,54.21,3450,3438,12,550,0.899,0.9965,1
0.9,uniform_heavy,0.95,4,0.5,smart,0.3,5,4000,5.0,2.2736,2.7264,54.528,3470,3451,19,530,0.91,0.9945,1
0.9,uniform_heavy,0.95,4,0.5,smart,0.3,6,4000,5.0,2.269,2.731,54.62,3478,3453,25,522,0.9038,0.9928,1
0.9,uniform_heavy,0.95,4,1.0,smart,0.3,0,4000,5.0,2.2789,2.7211,54.421,3464,3444,20,536,0.9022,0.9942,1
0.9,uniform_heavy,0.95,4,1.0,smart,0.3,1,4000,5.0,2.2925,2.7075,54.15,3445,3427,18,555,0.8948,0.9948,1
0.9,uniform_heavy,0.95,4,1.0,smart,0.3,2,4000,5.0,2.2575,2.7425,54.849,3473,3460,13,527,0.9073,0.9963,1
0.9,uniform_heavy,0.95,4,1.0,smart,0.3,3,4000,5.0,2.261,2.739,54.78,3471,3452,19,529,0.9022,0.9945,1
0.9,uniform_heavy,0.95,4,1.0,smart,0.3,4,4000,5.0,2.2764,2.7236,54.472,3461,3447,14,539,0.8932,0.996,1
0.9,uniform_heavy,0.95,4,1.0,smart,0.3,5,4000,5.0,2.3069,2.6931,53.863,3432,3409,23,568,0.8962,0.9933,1
0.9,uniform_heavy,0.95,4,1.0,smart,0.3,6,4000,5.0,2.2977,2.7023,54.046,3449,3425,24,551,0.8965,0.993,1
0.9,uniform_heavy,0.95,4,2.0,smart,0.3,0,4000,5.0,2.314,2.686,53.72,3442,3423,19,558,0.8972,0.9945,1
0.9,uniform_heavy,0.95,4,2.0,smart,0.3,1,4000,5.0,2.316,2.684,53.681,3441,3418,23,559,0.8885,0.9933,1
0.9,uniform_heavy,0.95,4,2.0,smart,0.3,2,4000,5.0,2.3042,2.6958,53.917,3441,3423,18,559,0.899,0.9948,1
0.9,uniform_heavy,0.95,4,2.0,smart,0.3,3,4000,5.0,2.2906,2.7094,54.188,3462,3442,20,538,0.896,0.9942,1
0.9,uniform_heavy,0.95,4,2.0,smart,0.3,4,4000,5.0,2.3146,2.6854,53.707,3407,3391,16,593,0.8892,0.9953,1
0.9,uniform_heavy,0.95,4,2.0,smart,0.3,5,4000,5.0,2.2874,2.7126,54.252,3446,3432,14,554,0.8955,0.9959,1
0.9,uniform_heavy,0.95,4,2.0,smart,0.3,6,4000,5.0,2.2825,2.7175,54.35,3466,3442,24,534,0.8982,0.9931,1
0.9,uniform_heavy,0.95,8,0.5,smart,0.3,0,4000,9.0,3.5274,5.4726,60.806,3479,3454,25,521,0.9032,0.9928,1
0.9,uniform_heavy,0.95,8,0.5,smart,0.3,1,4000,9.0,3.5284,5.4716,60.795,3481,3459,22,519,0.9002,0.9937,1
0.9,uniform_heavy,0.95,8,0.5,smart,0.3,2,4000,9.0,3.5601,5.4399,60.444,3454,3433,21,546,0.8992,0.9939,1
0.9,uniform_heavy,0.95,8,0.5,smart,0.3,3,4000,9.0,3.5668,5.4332,60.369,3471,3444,27,529,0.9052,0.9922,1
0.9,uniform_heavy,0.95,8,0.5,smart,0.3,4,4000,9.0,3.5628,5.4372,60.413,3457,3446,11,543,0.9002,0.9968,1
0.9,uniform_heavy,0.95,8,0.5,smart,0.3,5,4000,9.0,3.6284,5.3716,59.684,3415,3395,20,585,0.8912,0.9941,1
0.9,uniform_heavy,0.95,8,0.5,smart,0.3,6,4000,9.0,3.5586,5.4414,60.46,3463,3441,22,537,0.8992,0.9936,1
0.9,uniform_heavy,0.95,8,1.0,smart,0.3,0,4000,9.0,3.5822,5.4178,60.198,3467,3437,30,533,0.9045,0.9913,1
0.9,uniform_heavy,0.95,8,1.0,smart,0.3,1,4000,9.0,3.4766,5.5234,61.371,3491,3477,14,509,0.901,0.996,1
0.9,uniform_heavy,0.95,8,1.0,smart,0.3,2,4000,9.0,3.5237,5.4763,60.848,3486,3459,27,514,0.8995,0.9923,1
0.9,uniform_heavy,0.95,8,1.0,smart,0.3,3,4000,9.0,3.5669,5.4331,60.368,3455,3439,16,545,0.898,0.9954,1
0.9,uniform_heavy,0.95,8,1.0,smart,0.3,4,4000,9.0,3.6093,5.3907,59.896,3440,3418,22,560,0.8938,0.9936,1
0.9,uniform_heavy,0.95,8,1.0,smart,0.3,5,4000,9.0,3.5733,5.4267,60.297,3458,3443,15,542,0.906,0.9957,1
0.9,uniform_heavy,0.95,8,1.0,smart,0.3,6,4000,9.0,3.6024,5.3976,59.974,3434,3416,18,566,0.8932,0.9948,1
0.9,uniform_heavy,0.95,8,2.0,smart,0.3,0,4000,9.0,3.5749,5.4251,60.279,3462,3446,16,538,0.8955,0.9954,1
0.9,uniform_heavy,0.95,8,2.0,smart,0.3,1,4000,9.0,3.5749,5.4251,60.278,3451,3433,18,549,0.9012,0.9948,1
0.9,uniform_heavy,0.95,8,2.0,smart,0.3,2,4000,9.0,3.6088,5.3912,59.902,3436,3417,19,564,0.9,0.9945,1
0.9,uniform_heavy,0.95,8,2.0,smart,0.3,3,4000,9.0,3.5496,5.4504,60.56,3486,3458,28,514,0.9018,0.992,1
0.9,uniform_heavy,0.95,8,2.0,smart,0.3,4,4000,9.0,3.6438,5.3562,59.513,3429,3410,19,571,0.8928,0.9945,1
0.9,uniform_heavy,0.95,8,2.0,smart,0.3,5,4000,9.0,3.5387,5.4613,60.681,3457,3437,20,543,0.9058,0.9942,1
0.9,uniform_heavy,0.95,8,2.0,smart,0.3,6,4000,9.0,3.5645,5.4355,60.394,3445,3428,17,555,0.8988,0.9951,1
0.9,uniform_heavy,1.0,0.25,0.5,smart,0.3,0,4000,1.25,1.0723,0.1777,14.214,3613,3613,0,387,0.8985,1.0,1
0.9,uniform_heavy,1.0,0.25,0.5,smart,0.3,1,4000,1.25,1.0695,0.1805,14.44,3637,3637,0,363,0.9022,1.0,1
0.9,uniform_heavy,1.0,0.25,0.5,smart,0.3,2,4000,1.25,1.0697,0.1803,14.421,3646,3646,0,354,0.9093,1.0,1
0.9,uniform_heavy,1.0,0.25,0.5,smart,0.3,3,4000,1.25,1.0709,0.1791,14.327,3619,3619,0,381,0.904,1.0,1
0.9,uniform_heavy,1.0,0.25,0.5,smart,0.3,4,4000,1.25,1.0717,0.1783,14.263,3612,3612,0,388,0.9022,1.0,1
0.9,uniform_heavy,1.0,0.25,0.5,smart,0.3,5,4000,1.25,1.0716,0.1784,14.272,3616,3616,0,384,0.8998,1.0,1
0.9,uniform_heavy,1.0,0.25,0.5,smart,0.3,6,4000,1.25,1.0698,0.1802,14.413,3641,3641,0,359,0.9035,1.0,1
0.9,uniform_heavy,1.0,0.25,1.0,smart,0.3,0,4000,1.25,1.0718,0.1782,14.256,3617,3617,0,383,0.9015,1.0,1
0.9,uniform_heavy,1.0,0.25,1.0,smart,0.3,1,4000,1.25,1.0717,0.1783,14.263,3594,3594,0,406,0.8915,1.0,1
0.9,uniform_heavy,1.0,0.25,1.0,smart,0.3,2,4000,1.25,1.0698,0.1802,14.42,3638,3638,0,362,0.903,1.0,1
0.9,uniform_heavy,1.0,0.25,1.0,smart,0.3,3,4000,1.25,1.0715,0.1785,14.279,3620,3620,0,380,0.8992,1.0,1
0.9,uniform_heavy,1.0,0.25,1.0,smart,0.3,4,4000,1.25,1.0704,0.1796,14.368,3625,3625,0,375,0.9073,1.0,1
0.9,uniform_heavy,1.0,0.25,1.0,smart,0.3,5,4000,1.25,1.073,0.177,14.158,3592,3592,0,408,0.8958,1.0,1
0.9,uniform_heavy,1.0,0.25,1.0,smart,0.3,6,4000,1.25,1.07,0.18,14.402,3646,3646,0,354,0.9067,1.0,1
0.9,uniform_heavy,1.0,0.25,2.0,smart,0.3,0,4000,1.25,1.0712,0.1788,14.301,3615,3615,0,385,0.9,1.0,1
0.9,uniform_heavy,1.0,0.25,2.0,smart,0.3,1,4000,1.25,1.0723,0.1777,14.215,3596,3596,0,404,0.8928,1.0,1
0.9,uniform_heavy,1.0,0.25,2.0,smart,0.3,2,4000,1.25,1.0694,0.1806,14.45,3665,3665,0,335,0.9042,1.0,1
0.9,uniform_heavy,1.0,0.25,2.0,smart,0.3,3,4000,1.25,1.0719,0.1781,14.245,3600,3600,0,400,0.8968,1.0,1
0.9,uniform_heavy,1.0,0.25,2.0,smart,0.3,4,4000,1.25,1.0721,0.1779,14.233,3594,3594,0,406,0.8975,1.0,1
0.9,uniform_heavy,1.0,0.25,2.0,smart,0.3,5,4000,1.25,1.068,0.182,14.558,3665,3665,0,335,0.9103,1.0,1
0.9,uniform_heavy,1.0,0.25,2.0,smart,0.3,6,4000,1.25,1.0721,0.1779,14.235,3597,3597,0,403,0.9042,1.0,1
0.9,uniform_heavy,1.0,0.5,0.5,smart,0.3,0,4000,1.5,1.1408,0.3592,23.949,3647,3647,0,353,0.9,1.0,1
0.9,uniform_heavy,1.0,0.5,0.5,smart,0.3,1,4000,1.5,1.1398,0.3602,24.015,3634,3634,0,366,0.903,1.0,1
0.9,uniform_heavy,1.0,0.5,0.5,smart,0.3,2,4000,1.5,1.1402,0.3598,23.984,3630,3630,0,370,0.9022,1.0,1
0.9,uniform_heavy,1.0,0.5,0.5,smart,0.3,3,4000,1.5,1.1417,0.3583,23.89,3642,3642,0,358,0.9032,1.0,1
0.9,uniform_heavy,1.0,0.5,0.5,smart,0.3,4,4000,1.5,1.1411,0.3589,23.924,3638,3638,0,362,0.908,1.0,1
0.9,uniform_heavy,1.0,0.5,0.5,smart,0.3,5,4000,1.5,1.1458,0.3542,23.612,3586,3586,0,414,0.8978,1.0,1
0.9,uniform_heavy,1.0,0.5,0.5,smart,0.3,6,4000,1.5,1.1471,0.3529,23.529,3567,3567,0,433,0.8915,1.0,1
0.9,uniform_heavy,1.0,0.5,1.0,smart,0.3,0,4000,1.5,1.1421,0.3579,23.858,3618,3618,0,382,0.9032,1.0,1
0.9,uniform_heavy,1.0,0.5,1.0,smart,0.3,1,4000,1.5,1.1438,0.3562,23.746,3610,3610,0,390,0.892,1.0,1
0.9,uniform_heavy,1.0,0.5,1.0,smart,0.3,2,4000,1.5,1.1437,0.3563,23.756,3605,3605,0,395,0.8982,1.0,1
0.9,uniform_heavy,1.0,0.5,1.0,smart,0.3,3,4000,1.5,1.1409,0.3591,23.94,3624,3624,0,376,0.8972,1.0,1
0.9,uniform_heavy,1.0,0.5,1.0,smart,0.3,4,4000,1.5,1.1411,0.3589,23.925,3635,3635,0,365,0.9015,1.0,1
0.9,uniform_heavy,1.0,0.5,1.0,smart,0.3,5,4000,1.5,1.1443,0.3557,23.714,3604,3604,0,396,0.8958,1.0,1
0.9,uniform_heavy,1.0,0.5,1.0,smart,0.3,6,4000,1.5,1.1441,0.3559,23.727,3626,3626,0,374,0.8945,1.0,1
0.9,uniform_heavy,1.0,0.5,2.0,smart,0.3,0,4000,1.5,1.1438,0.3562,23.746,3607,3607,0,393,0.9012,1.0,1
0.9,uniform_heavy,1.0,0.5,2.0,smart,0.3,1,4000,1.5,1.1396,0.3604,24.03,3638,3638,0,362,0.9105,1.0,1
0.9,uniform_heavy,1.0,0.5,2.0,smart,0.3,2,4000,1.5,1.1397,0.3603,24.019,3638,3638,0,362,0.9012,1.0,1
0.9,uniform_heavy,1.0,0.5,2.0,smart,0.3,3,4000,1.5,1.1415,0.3585,23.898,3630,3630,0,370,0.905,1.0,1
0.9,uniform_heavy,1.0,0.5,2.0,smart,0.3,4,4000,1.5,1.1399,0.3601,24.007,3642,3642,0,358,0.901,1.0,1
0.9,uniform_heavy,1.0,0.5,2.0,smart,0.3,5,4000,1.5,1.1435,0.3565,23.766,3600,3600,0,400,0.9002,1.0,1
0.9,uniform_heavy,1.0,0.5,2.0,smart,0.3,6,4000,1.5,1.1436,0.3564,23.758,3601,3601,0,399,0.8945,1.0,1
0.9,uniform_heavy,1.0,1,0.5,smart,0.3,0,4000,2.0,1.2786,0.7214,36.072,3626,3626,0,374,0.9048,1.0,1
0.9,uniform_heavy,1.0,1,0.5,smart,0.3,1,4000,2.0,1.2788,0.7212,36.059,3644,3644,0,356,0.9008,1.0,1
0.9,uniform_heavy,1.0,1,0.5,smart,0.3,2,4000,2.0,1.2855,0.7145,35.726,3615,3615,0,385,0.898,1.0,1
0.9,uniform_heavy,1.0,1,0.5,smart,0.3,3,4000,2.0,1.2857,0.7143,35.715,3605,3605,0,395,0.8928,1.0,1
0.9,uniform_heavy,1.0,1,0.5,smart,0.3,4,4000,2.0,1.2835,0.7165,35.824,3619,3619,0,381,0.9025,1.0,1
0.9,uniform_heavy,1.0,1,0.5,smart,0.3,5,4000,2.0,1.2877,0.7123,35.613,3603,3603,0,397,0.9015,1.0,1
0.9,uniform_heavy,1.0,1,0.5,smart,0.3,6,4000,2.0,1.2835,0.7165,35.827,3631,3631,0,369,0.8958,1.0,1
0.9,uniform_heavy,1.0,1,1.0,smart,0.3,0,4000,2.0,1.2827,0.7173,35.863,3633,3633,0,367,0.9002,1.0,1
0.9,uniform_heavy,1.0,1,1.0,smart,0.3,1,4000,2.0,1.2813,0.7187,35.935,3643,3643,0,357,0.908,1.0,1
0.9,uniform_heavy,1.0,1,1.0,smart,0.3,2,4000,2.0,1.2827,0.7173,35.866,3629,3629,0,371,0.903,1.0,1
0.9,uniform_heavy,1.0,1,1.0,smart,0.3,3,4000,2.0,1.2832,0.7168,35.842,3626,3626,0,374,0.9018,1.0,1
0.9,uniform_heavy,1.0,1,1.0,smart,0.3,4,4000,2.0,1.2883,0.7117,35.587,3610,3610,0,390,0.9002,1.0,1
0.9,uniform_heavy,1.0,1,1.0,smart,0.3,5,4000,2.0,1.2833,0.7167,35.833,3625,3625,0,375,0.9025,1.0,1
0.9,uniform_heavy,1.0,1,1.0,smart,0.3,6,4000,2.0,1.2873,0.7127,35.634,3608,3608,0,392,0.898,1.0,1
0.9,uniform_heavy,1.0,1,2.0,smart,0.3,0,4000,2.0,1.2847,0.7153,35.764,3614,3614,0,386,0.903,1.0,1
0.9,uniform_heavy,1.0,1,2.0,smart,0.3,1,4000,2.0,1.2823,0.7177,35.885,3627,3627,0,373,0.8945,1.0,1
0.9,uniform_heavy,1.0,1,2.0,smart,0.3,2,4000,2.0,1.2808,0.7192,35.959,3638,3638,0,362,0.9025,1.0,1
0.9,uniform_heavy,1.0,1,2.0,smart,0.3,3,4000,2.0,1.2848,0.7152,35.759,3612,3612,0,388,0.8982,1.0,1
0.9,uniform_heavy,1.0,1,2.0,smart,0.3,4,4000,2.0,1.2783,0.7217,36.083,3650,3650,0,350,0.9058,1.0,1
0.9,uniform_heavy,1.0,1,2.0,smart,0.3,5,4000,2.0,1.2758,0.7242,36.208,3660,3660,0,340,0.905,1.0,1
0.9,uniform_heavy,1.0,1,2.0,smart,0.3,6,4000,2.0,1.2865,0.7135,35.676,3619,3619,0,381,0.9028,1.0,1
0.9,uniform_heavy,1.0,2,0.5,smart,0.3,0,4000,3.0,1.5568,1.4432,48.106,3647,3647,0,353,0.9125,1.0,1
0.9,uniform_heavy,1.0,2,0.5,smart,0.3,1,4000,3.0,1.5657,1.4343,47.809,3624,3624,0,376,0.896,1.0,1
0.9,uniform_heavy,1.0,2,0.5,smart,0.3,2,4000,3.0,1.5712,1.4288,47.627,3607,3607,0,393,0.9005,1.0,1
0.9,uniform_heavy,1.0,2,0.5,smart,0.3,3,4000,3.0,1.5695,1.4305,47.682,3617,3617,0,383,0.8998,1.0,1
0.9,uniform_heavy,1.0,2,0.5,smart,0.3,4,4000,3.0,1.5643,1.4357,47.856,3631,3631,0,369,0.892,1.0,1
0.9,uniform_heavy,1.0,2,0.5,smart,0.3,5,4000,3.0,1.5804,1.4196,47.321,3591,3591,0,409,0.8998,1.0,1
0.9,uniform_heavy,1.0,2,0.5,smart,0.3,6,4000,3.0,1.5756,1.4244,47.481,3607,3607,0,393,0.898,1.0,1
0.9,uniform_heavy,1.0,2,1.0,smart,0.3,0,4000,3.0,1.5688,1.4312,47.708,3611,3611,0,389,0.8992,1.0,1
0.9,uniform_heavy,1.0,2,1.0,smart,0.3,1,4000,3.0,1.5706,1.4294,47.646,3595,3595,0,405,0.8955,1.0,1
0.9,uniform_heavy,1.0,2,1.0,smart,0.3,2,4000,3.0,1.5765,1.4235,47.449,3604,3604,0,396,0.8938,1.0,1
0.9,uniform_heavy,1.0,2,1.0,smart,0.3,3,4000,3.0,1.5753,1.4247,47.491,3613,3613,0,387,0.9002,1.0,1
0.9,uniform_heavy,1.0,2,1.0,smart,0.3,4,4000,3.0,1.5562,1.4438,48.125,3657,3657,0,343,0.9018,1.0,1
0.9,uniform_heavy,1.0,2,1.0,smart,0.3,5,4000,3.0,1.5738,1.4262,47.54,3621,3621,0,379,0.9012,1.0,1
0.9,uniform_heavy,1.0,2,1.0,smart,0.3,6,4000,3.0,1.5576,1.4424,48.079,3652,3652,0,348,0.9028,1.0,1
0.9,uniform_heavy,1.0,2,2.0,smart,0.3,0,4000,3.0,1.5796,1.4204,47.346,3589,3589,0,411,0.8935,1.0,1
0.9,uniform_heavy,1.0,2,2.0,smart,0.3,1,4000,3.0,1.568,1.432,47.732,3616,3616,0,384,0.9045,1.0,1
0.9,uniform_heavy,1.0,2,2.0,smart,0.3,2,4000,3.0,1.5731,1.4269,47.564,3618,3618,0,382,0.8958,1.0,1
0.9,uniform_heavy,1.0,2,2.0,smart,0.3,3,4000,3.0,1.5813,1.4187,47.288,3595,3595,0,405,0.8968,1.0,1
0.9,uniform_heavy,1.0,2,2.0,smart,0.3,4,4000,3.0,1.5722,1.4278,47.592,3607,3607,0,393,0.9005,1.0,1
0.9,uniform_heavy,1.0,2,2.0,smart,0.3,5,4000,3.0,1.586,1.414,47.134,3595,3595,0,405,0.8985,1.0,1
0.9,uniform_heavy,1.0,2,2.0,smart,0.3,6,4000,3.0,1.5698,1.4302,47.673,3617,3617,0,383,0.9008,1.0,1
0.9,uniform_heavy,1.0,4,0.5,smart,0.3,0,4000,5.0,2.14,2.86,57.2,3631,3631,0,369,0.9028,1.0,1
0.9,uniform_heavy,1.0,4,0.5,smart,0.3,1,4000,5.0,2.1485,2.8515,57.029,3594,3594,0,406,0.897,1.0,1
0.9,uniform_heavy,1.0,4,0.5,smart,0.3,2,4000,5.0,2.1476,2.8524,57.048,3609,3609,0,391,0.9,1.0,1
0.9,uniform_heavy,1.0,4,0.5,smart,0.3,3,4000,5.0,2.174,2.826,56.52,3575,3575,0,425,0.8885,1.0,1
0.9,uniform_heavy,1.0,4,0.5,smart,0.3,4,4000,5.0,2.1436,2.8564,57.127,3618,3618,0,382,0.8982,1.0,1
0.9,uniform_heavy,1.0,4,0.5,smart,0.3,5,4000,5.0,2.1638,2.8362,56.725,3589,3589,0,411,0.8895,1.0,1
0.9,uniform_heavy,1.0,4,0.5,smart,0.3,6,4000,5.0,2.1443,2.8557,57.114,3607,3607,0,393,0.9012,1.0,1
0.9,uniform_heavy,1.0,4,1.0,smart,0.3,0,4000,5.0,2.1534,2.8466,56.932,3611,3611,0,389,0.8972,1.0,1
0.9,uniform_heavy,1.0,4,1.0,smart,0.3,1,4000,5.0,2.1294,2.8706,57.411,3642,3642,0,358,0.9018,1.0,1
0.9,uniform_heavy,1.0,4,1.0,smart,0.3,2,4000,5.0,2.1559,2.8441,56.882,3595,3595,0,405,0.895,1.0,1
0.9,uniform_heavy,1.0,4,1.0,smart,0.3,3,4000,5.0,2.1442,2.8558,57.115,3613,3613,0,387,0.9012,1.0,1
0.9,uniform_heavy,1.0,4,1.0,smart,0.3,4,4000,5.0,2.1382,2.8618,57.236,3631,3631,0,369,0.9008,1.0,1
0.9,uniform_heavy,1.0,4,1.0,smart,0.3,5,4000,5.0,2.1478,2.8522,57.045,3603,3603,0,397,0.9022,1.0,1
0.9,uniform_heavy,1.0,4,1.0,smart,0.3,6,4000,5.0,2.1295,2.8705,57.411,3625,3625,0,375,0.9032,1.0,1
0.9,uniform_heavy,1.0,4,2.0,smart,0.3,0,4000,5.0,2.1079,2.8921,57.842,3636,3636,0,364,0.9035,1.0,1
0.9,uniform_heavy,1.0,4,2.0,smart,0.3,1,4000,5.0,2.1419,2.8581,57.162,3621,3621,0,379,0.9022,1.0,1
0.9,uniform_heavy,1.0,4,2.0,smart,0.3,2,4000,5.0,2.1259,2.8741,57.482,3637,3637,0,363,0.905,1.0,1
0.9,uniform_heavy,1.0,4,2.0,smart,0.3,3,4000,5.0,2.1375,2.8625,57.251,3609,3609,0,391,0.8928,1.0,1
0.9,uniform_heavy,1.0,4,2.0,smart,0.3,4,4000,5.0,2.1242,2.8758,57.517,3632,3632,0,368,0.906,1.0,1
0.9,uniform_heavy,1.0,4,2.0,smart,0.3,5,4000,5.0,2.1254,2.8746,57.492,3636,3636,0,364,0.9,1.0,1
0.9,uniform_heavy,1.0,4,2.0,smart,0.3,6,4000,5.0,2.1269,2.8731,57.463,3623,3623,0,377,0.9,1.0,1
0.9,uniform_heavy,1.0,8,0.5,smart,0.3,0,4000,9.0,3.3066,5.6934,63.261,3618,3618,0,382,0.899,1.0,1
0.9,uniform_heavy,1.0,8,0.5,smart,0.3,1,4000,9.0,3.2613,5.7387,63.763,3621,3621,0,379,0.8985,1.0,1
0.9,uniform_heavy,1.0,8,0.5,smart,0.3,2,4000,9.0,3.3304,5.6696,62.996,3591,3591,0,409,0.8955,1.0,1
0.9,uniform_heavy,1.0,8,0.5,smart,0.3,3,4000,9.0,3.2734,5.7266,63.629,3613,3613,0,387,0.893,1.0,1
0.9,uniform_heavy,1.0,8,0.5,smart,0.3,4,4000,9.0,3.2341,5.7659,64.066,3650,3650,0,350,0.9095,1.0,1
0.9,uniform_heavy,1.0,8,0.5,smart,0.3,5,4000,9.0,3.2504,5.7496,63.884,3638,3638,0,362,0.903,1.0,1
0.9,uniform_heavy,1.0,8,0.5,smart,0.3,6,4000,9.0,3.2861,5.7139,63.488,3600,3600,0,400,0.8982,1.0,1
0.9,uniform_heavy,1.0,8,1.0,smart,0.3,0,4000,9.0,3.2613,5.7387,63.763,3629,3629,0,371,0.904,1.0,1
0.9,uniform_heavy,1.0,8,1.0,smart,0.3,1,4000,9.0,3.2716,5.7284,63.649,3622,3622,0,378,0.905,1.0,1
0.9,uniform_heavy,1.0,8,1.0,smart,0.3,2,4000,9.0,3.2973,5.7027,63.364,3611,3611,0,389,0.897,1.0,1
0.9,uniform_heavy,1.0,8,1.0,smart,0.3,3,4000,9.0,3.2598,5.7402,63.78,3628,3628,0,372,0.8955,1.0,1
0.9,uniform_heavy,1.0,8,1.0,smart,0.3,4,4000,9.0,3.2588,5.7412,63.791,3635,3635,0,365,0.9035,1.0,1
0.9,uniform_heavy,1.0,8,1.0,smart,0.3,5,4000,9.0,3.3288,5.6712,63.014,3596,3596,0,404,0.89,1.0,1
0.9,uniform_heavy,1.0,8,1.0,smart,0.3,6,4000,9.0,3.291,5.709,63.433,3618,3618,0,382,0.8945,1.0,1
0.9,uniform_heavy,1.0,8,2.0,smart,0.3,0,4000,9.0,3.2507,5.7493,63.881,3637,3637,0,363,0.9028,1.0,1
0.9,uniform_heavy,1.0,8,2.0,smart,0.3,1,4000,9.0,3.2702,5.7298,63.664,3623,3623,0,377,0.8965,1.0,1
0.9,uniform_heavy,1.0,8,2.0,smart,0.3,2,4000,9.0,3.272,5.728,63.644,3626,3626,0,374,0.8975,1.0,1
0.9,uniform_heavy,1.0,8,2.0,smart,0.3,3,4000,9.0,3.2514,5.7486,63.873,3642,3642,0,358,0.905,1.0,1
0.9,uniform_heavy,1.0,8,2.0,smart,0.3,4,4000,9.0,3.216,5.784,64.267,3659,3659,0,341,0.904,1.0,1
0.9,uniform_heavy,1.0,8,2.0,smart,0.3,5,4000,9.0,3.2461,5.7539,63.933,3644,3644,0,356,0.9052,1.0,1
0.9,uniform_heavy,1.0,8,2.0,smart,0.3,6,4000,9.0,3.3053,5.6947,63.275,3608,3608,0,392,0.8998,1.0,1
0.9,tail_heavy,0.5,0.25,0.5,smart,0.3,0,4000,1.25,1.1951,0.0549,4.391,1984,1735,249,2016,0.898,0.8745,1
0.9,tail_heavy,0.5,0.25,0.5,smart,0.3,1,4000,1.25,1.1871,0.0629,5.032,1987,1782,205,2013,0.9058,0.8968,1
0.9,tail_heavy,0.5,0.25,0.5,smart,0.3,2,4000,1.25,1.1867,0.0633,5.065,1983,1785,198,2017,0.9042,0.9002,1
0.9,tail_heavy,0.5,0.25,0.5,smart,0.3,3,4000,1.25,1.1944,0.0556,4.444,1987,1743,244,2013,0.898,0.8772,1
0.9,tail_heavy,0.5,0.25,0.5,smart,0.3,4,4000,1.25,1.1895,0.0605,4.843,2020,1789,231,1980,0.8952,0.8856,1
0.9,tail_heavy,0.5,0.25,0.5,smart,0.3,5,4000,1.25,1.1925,0.0575,4.598,1988,1754,234,2012,0.8902,0.8823,1
0.9,tail_heavy,0.5,0.25,0.5,smart,0.3,6,4000,1.25,1.1929,0.0571,4.565,1946,1722,224,2054,0.9008,0.8849,1
0.9,tail_heavy,0.5,0.25,1.0,smart,0.3,0,4000,1.25,1.2204,0.0296,2.367,2017,1781,236,1983,0.9028,0.883,1
0.9,tail_heavy,0.5,0.25,1.0,smart,0.3,1,4000,1.25,1.2114,0.0386,3.088,2033,1826,207,1967,0.902,0.8982,1
0.9,tail_heavy,0.5,0.25,1.0,smart,0.3,2,4000,1.25,1.2193,0.0307,2.457,2003,1774,229,1997,0.889,0.8857,1
0.9,tail_heavy,0.5,0.25,1.0,smart,0.3,3,4000,1.25,1.2225,0.0275,2.203,2082,1830,252,1918,0.9025,0.879,1
0.9,tail_heavy,0.5,0.25,1.0,smart,0.3,4,4000,1.25,1.2171,0.0329,2.635,2012,1789,223,1988,0.9073,0.8892,1
0.9,tail_heavy,0.5,0.25,1.0,smart,0.3,5,4000,1.25,1.2201,0.0299,2.391,2044,1805,239,1956,0.899,0.8831,1
0.9,tail_heavy,0.5,0.25,1.0,smart,0.3,6,4000,1.25,1.2191,0.0309,2.47,2033,1800,233,1967,0.8958,0.8854,1
0.9,tail_heavy,0.5,0.25,2.0,smart,0.3,0,4000,1.25,1.2812,-0.0312,-2.492,1993,1757,236,2007,0.9042,0.8816,0
0.9,tail_heavy,0.5,0.25,2.0,smart,0.3,1,4000,1.25,1.272,-0.022,-1.762,1991,1772,219,2009,0.9073,0.89,0
0.9,tail_heavy,0.5,0.25,2.0,smart,0.3,2,4000,1.25,1.2766,-0.0266,-2.128,2030,1800,230,1970,0.902,0.8867,0
0.9,tail_heavy,0.5,0.25,2.0,smart,0.3,3,4000,1.25,1.272,-0.022,-1.76,2018,1796,222,1982,0.907,0.89,0
0.9,tail_heavy,0.5,0.25,2.0,smart,0.3,4,4000,1.25,1.2864,-0.0364,-2.914,1972,1729,243,2028,0.9028,0.8768,0
0.9,tail_heavy,0.5,0.25,2.0,smart,0.3,5,4000,1.25,1.2781,-0.0281,-2.248,1984,1754,230,2016,0.9022,0.8841,0
0.9,tail_heavy,0.5,0.25,2.0,smart,0.3,6,4000,1.25,1.2756,-0.0256,-2.045,1954,1732,222,2046,0.8968,0.8864,0
0.9,tail_heavy,0.5,0.5,0.5,smart,0.3,0,4000,1.5,1.3561,0.1439,9.594,1933,1718,215,2067,0.8985,0.8888,1
0.9,tail_heavy,0.5,0.5,0.5,smart,0.3,1,4000,1.5,1.3506,0.1494,9.957,2009,1790,219,1991,0.902,0.891,1
0.9,tail_heavy,0.5,0.5,0.5,smart,0.3,2,4000,1.5,1.3506,0.1494,9.96,2026,1801,225,1974,0.908,0.8889,1
0.9,tail_heavy,0.5,0.5,0.5,smart,0.3,3,4000,1.5,1.3514,0.1486,9.906,1983,1772,211,2017,0.9093,0.8936,1
0.9,tail_heavy,0.5,0.5,0.5,smart,0.3,4,4000,1.5,1.344,0.156,10.397,2021,1821,200,1979,0.91,0.901,1
0.9,tail_heavy,0.5,0.5,0.5,smart,0.3,5,4000,1.5,1.3563,0.1437,9.577,1954,1731,223,2046,0.9005,0.8859,1
0.9,tail_heavy,0.5,0.5,0.5,smart,0.3,6,4000,1.5,1.3561,0.1439,9.594,1999,1755,244,2001,0.9093,0.8779,1
0.9,tail_heavy,0.5,0.5,1.0,smart,0.3,0,4000,1.5,1.3853,0.1147,7.649,1958,1734,224,2042,0.897,0.8856,1
0.9,tail_heavy,0.5,0.5,1.0,smart,0.3,1,4000,1.5,1.38,0.12,8.003,1999,1775,224,2001,0.8975,0.8879,1
0.9,tail_heavy,0.5,0.5,1.0,smart,0.3,2,4000,1.5,1.3899,0.1101,7.339,1943,1706,237,2057,0.8992,0.878,1
0.9,tail_heavy,0.5,0.5,1.0,smart,0.3,3,4000,1.5,1.3837,0.1163,7.75,1987,1756,231,2013,0.8992,0.8837,1
0.9,tail_heavy,0.5,0.5,1.0,smart,0.3,4,4000,1.5,1.3919,0.1081,7.204,2000,1742,258,2000,0.8918,0.871,1
0.9,tail_heavy,0.5,0.5,1.0,smart,0.3,5,4000,1.5,1.3717,0.1283,8.551,1997,1801,196,2003,0.9105,0.9019,1
0.9,tail_heavy,0.5,0.5,1.0,smart,0.3,6,4000,1.5,1.3797,0.1203,8.021,2004,1778,226,1996,0.897,0.8872,1
0.9,tail_heavy,0.5,0.5,2.0,smart,0.3,0,4000,1.5,1.4402,0.0598,3.989,2030,1794,236,1970,0.9008,0.8837,1
0.9,tail_heavy,0.5,0.5,2.0,smart,0.3,1,4000,1.5,1.4388,0.0612,4.077,1985,1759,226,2015,0.8948,0.8861,1
0.9,tail_heavy,0.5,0.5,2.0,smart,0.3,2,4000,1.5,1.4381,0.0619,4.126,1987,1763,224,2013,0.8888,0.8873,1
0.9,tail_heavy,0.5,0.5,2.0,smart,0.3,3,4000,1.5,1.4366,0.0634,4.226,1988,1765,223,2012,0.8962,0.8878,1
0.9,tail_heavy,0.5,0.5,2.0,smart,0.3,4,4000,1.5,1.4495,0.0505,3.368,1995,1750,245,2005,0.887,0.8772,1
0.9,tail_heavy,0.5,0.5,2.0,smart,0.3,5,4000,1.5,1.4363,0.0637,4.248,2001,1777,224,1999,0.9005,0.8881,1
0.9,tail_heavy,0.5,0.5,2.0,smart,0.3,6,4000,1.5,1.4459,0.0541,3.608,1988,1750,238,2012,0.898,0.8803,1
0.9,tail_heavy,0.5,1,0.5,smart,0.3,0,4000,2.0,1.6855,0.3145,15.725,1978,1737,241,2022,0.8975,0.8782,1
0.9,tail_heavy,0.5,1,0.5,smart,0.3,1,4000,2.0,1.6679,0.3321,16.604,2023,1820,203,1977,0.898,0.8997,1
0.9,tail_heavy,0.5,1,0.5,smart,0.3,2,4000,2.0,1.6809,0.3191,15.955,1981,1751,230,2019,0.9042,0.8839,1
0.9,tail_heavy,0.5,1,0.5,smart,0.3,3,4000,2.0,1.6692,0.3308,16.54,1976,1787,189,2024,0.906,0.9044,1
0.9,tail_heavy,0.5,1,0.5,smart,0.3,4,4000,2.0,1.6729,0.3271,16.353,2005,1788,217,1995,0.912,0.8918,1
0.9,tail_heavy,0.5,1,0.5,smart,0.3,5,4000,2.0,1.6763,0.3237,16.185,1974,1767,207,2026,0.9022,0.8951,1
0.9,tail_heavy,0.5,1,0.5,smart,0.3,6,4000,2.0,1.6679,0.3321,16.607,2012,1808,204,1988,0.907,0.8986,1
0.9,tail_heavy,0.5,1,1.0,smart,0.3,0,4000,2.0,1.7123,0.2877,14.384,2008,1764,244,1992,0.8985,0.8785,1
0.9,tail_heavy,0.5,1,1.0,smart,0.3,1,4000,2.0,1.7067,0.2933,14.667,1977,1757,220,2023,0.9005,0.8887,1
0.9,tail_heavy,0.5,1,1.0,smart,0.3,2,4000,2.0,1.7046,0.2954,14.77,1995,1770,225,2005,0.9032,0.8872,1
0.9,tail_heavy,0.5,1,1.0,smart,0.3,3,4000,2.0,1.7114,0.2886,14.431,1963,1734,229,2037,0.8988,0.8833,1
0.9,tail_heavy,0.5,1,1.0,smart,0.3,4,4000,2.0,1.7177,0.2823,14.117,1970,1735,235,2030,0.9002,0.8807,1
0.9,tail_heavy,0.5,1,1.0,smart,0.3,5,4000,2.0,1.7029,0.2971,14.856,2010,1786,224,1990,0.9028,0.8886,1
0.9,tail_heavy,0.5,1,1.0,smart,0.3,6,4000,2.0,1.7184,0.2816,14.081,1948,1715,233,2052,0.9008,0.8804,1
0.9,tail_heavy,0.5,1,2.0,smart,0.3,0,4000,2.0,1.771,0.229,11.45,2021,1773,248,1979,0.899,0.8773,1
0.9,tail_heavy,0.5,1,2.0,smart,0.3,1,4000,2.0,1.7583,0.2417,12.084,1983,1766,217,2017,0.9015,0.8906,1
0.9,tail_heavy,0.5,1,2.0,smart,0.3,2,4000,2.0,1.7865,0.2135,10.676,1980,1725,255,2020,0.8918,0.8712,1
0.9,tail_heavy,0.5,1,2.0,smart,0.3,3,4000,2.0,1.7691,0.2309,11.545,1962,1734,228,2038,0.8958,0.8838,1
0.9,tail_heavy,0.5,1,2.0,smart,0.3,4,4000,2.0,1.7649,0.2351,11.754,2006,1772,234,1994,0.8985,0.8833,1
0.9,tail_heavy,0.5,1,2.0,smart,0.3,5,4000,2.0,1.765,0.235,11.751,2040,1799,241,1960,0.8962,0.8819,1
0.9,tail_heavy,0.5,1,2.0,smart,0.3,6,4000,2.0,1.762,0.238,11.898,2044,1805,239,1956,0.904,0.8831,1
0.9,tail_heavy,0.5,2,0.5,smart,0.3,0,4000,3.0,2.3288,0.6712,22.372,1985,1767,218,2015,0.9117,0.8902,1
0.9,tail_heavy,0.5,2,0.5,smart,0.3,1,4000,3.0,2.3291,0.6709,22.363,1976,1765,211,2024,0.8988,0.8932,1
0.9,tail_heavy,0.5,2,0.5,smart,0.3,2,4000,3.0,2.327,0.673,22.435,1974,1767,207,2026,0.8995,0.8951,1
0.9,tail_heavy,0.5,2,0.5,smart,0.3,3,4000,3.0,2.3309,0.6691,22.304,2020,1776,244,1980,0.9018,0.8792,1
0.9,tail_heavy,0.5,2,0.5,smart,0.3,4,4000,3.0,2.3322,0.6678,22.261,1968,1749,219,2032,0.9012,0.8887,1
0.9,tail_heavy,0.5,2,0.5,smart,0.3,5,4000,3.0,2.3104,0.6896,22.987,2017,1796,221,1983,0.8982,0.8904,1
0.9,tail_heavy,0.5,2,0.5,smart,0.3,6,4000,3.0,2.325,0.675,22.5,1998,1777,221,2002,0.897,0.8894,1
0.9,tail_heavy,0.5,2,1.0,smart,0.3,0,4000,3.0,2.3699,0.6301,21.004,1993,1750,243,2007,0.9002,0.8781,1
0.9,tail_heavy,0.5,2,1.0,smart,0.3,1,4000,3.0,2.3577,0.6423,21.411,2011,1772,239,1989,0.907,0.8812,1
0.9,tail_heavy,0.5,2,1.0,smart,0.3,2,4000,3.0,2.3462,0.6538,21.793,2022,1795,227,1978,0.897,0.8877,1
0.9,tail_heavy,0.5,2,1.0,smart,0.3,3,4000,3.0,2.3509,0.6491,21.638,2005,1782,223,1995,0.8948,0.8888,1
0.9,tail_heavy,0.5,2,1.0,smart,0.3,4,4000,3.0,2.3634,0.6366,21.219,2039,1778,261,1961,0.8958,0.872,1
0.9,tail_heavy,0.5,2,1.0,smart,0.3,5,4000,3.0,2.3326,0.6674,22.246,2031,1816,215,1969,0.906,0.8941,1
0.9,tail_heavy,0.5,2,1.0,smart,0.3,6,4000,3.0,2.371,0.629,20.967,1984,1747,237,2016,0.8938,0.8805,1
0.9,tail_heavy,0.5,2,2.0,smart,0.3,0,4000,3.0,2.3927,0.6073,20.242,2015,1797,218,1985,0.9058,0.8918,1
0.9,tail_heavy,0.5,2,2.0,smart,0.3,1,4000,3.0,2.4215,0.5785,19.284,1980,1752,228,2020,0.9032,0.8848,1
0.9,tail_heavy,0.5,2,2.0,smart,0.3,2,4000,3.0,2.4077,0.5923,19.744,2007,1783,224,1993,0.9035,0.8884,1
0.9,tail_heavy,0.5,2,2.0,smart,0.3,3,4000,3.0,2.4201,0.5799,19.33,1979,1747,232,2021,0.9045,0.8828,1
0.9,tail_heavy,0.5,2,2.0,smart,0.3,4,4000,3.0,2.4037,0.5963,19.875,2003,1785,218,1997,0.9038,0.8912,1
0.9,tail_heavy,0.5,2,2.0,smart,0.3,5,4000,3.0,2.4353,0.5647,18.824,1978,1740,238,2022,0.8888,0.8797,1
0.9,tail_heavy,0.5,2,2.0,smart,0.3,6,4000,3.0,2.4397,0.5603,18.677,1936,1704,232,2064,0.892,0.8802,1
0.9,tail_heavy,0.5,4,0.5,smart,0.3,0,4000,5.0,3.6261,1.3739,27.479,1997,1771,226,2003,0.9028,0.8868,1
0.9,tail_heavy,0.5,4,0.5,smart,0.3,1,4000,5.0,3.6283,1.3717,27.435,1983,1767,216,2017,0.8978,0.8911,1
0.9,tail_heavy,0.5,4,0.5,smart,0.3,2,4000,5.0,3.6422,1.3578,27.156,1980,1761,219,2020,0.9045,0.8894,1
0.9,tail_heavy,0.5,4,0.5,smart,0.3,3,4000,5.0,3.6137,1.3863,27.727,2015,1781,234,1985,0.899,0.8839,1
0.9,tail_heavy,0.5,4,0.5,smart,0.3,4,4000,5.0,3.6616,1.3384,26.768,1954,1722,232,2046,0.8975,0.8813,1
0.9,tail_heavy,0.5,4,0.5,smart,0.3,5,4000,5.0,3.6321,1.3679,27.359,1989,1760,229,2011,0.9038,0.8849,1
0.9,tail_heavy,0.5,4,0.5,smart,0.3,6,4000,5.0,3.6451,1.3549,27.098,1964,1739,225,2036,0.9077,0.8854,1
0.9,tail_heavy,0.5,4,1.0,smart,0.3,0,4000,5.0,3.6825,1.3175,26.35,1943,1732,211,2057,0.9028,0.8914,1
0.9,tail_heavy,0.5,4,1.0,smart,0.3,1,4000,5.0,3.6167,1.3833,27.666,2046,1811,235,1954,0.9042,0.8851,1
0.9,tail_heavy,0.5,4,1.0,smart,0.3,2,4000,5.0,3.6884,1.3116,26.233,1940,1725,215,2060,0.906,0.8892,1
0.9,tail_heavy,0.5,4,1.0,smart,0.3,3,4000,5.0,3.6545,1.3455,26.911,2013,1775,238,1987,0.901,0.8818,1
0.9,tail_heavy,0.5,4,1.0,smart,0.3,4,4000,5.0,3.6786,1.3214,26.428,1973,1743,230,2027,0.9065,0.8834,1
0.9,tail_heavy,0.5,4,1.0,smart,0.3,5,4000,5.0,3.6912,1.3088,26.176,1953,1729,224,2047,0.8942,0.8853,1
0.9,tail_heavy,0.5,4,1.0,smart,0.3,6,4000,5.0,3.7041,1.2959,25.918,1958,1711,247,2042,0.894,0.8739,1
0.9,tail_heavy,0.5,4,2.0,smart,0.3,0,4000,5.0,3.7159,1.2841,25.681,1982,1754,228,2018,0.9058,0.885,1
0.9,tail_heavy,0.5,4,2.0,smart,0.3,1,4000,5.0,3.6698,1.3302,26.605,2010,1816,194,1990,0.9058,0.9035,1
0.9,tail_heavy,0.5,4,2.0,smart,0.3,2,4000,5.0,3.6844,1.3156,26.312,2005,1789,216,1995,0.8992,0.8923,1
0.9,tail_heavy,0.5,4,2.0,smart,0.3,3,4000,5.0,3.7345,1.2655,25.31,2044,1784,260,1956,0.89,0.8728,1
0.9,tail_heavy,0.5,4,2.0,smart,0.3,4,4000,5.0,3.6915,1.3085,26.17,2011,1794,217,1989,0.8965,0.8921,1
0.9,tail_heavy,0.5,4,2.0,smart,0.3,5,4000,5.0,3.7017,1.2983,25.966,2009,1789,220,1991,0.8958,0.8905,1
0.9,tail_heavy,0.5,4,2.0,smart,0.3,6,4000,5.0,3.7386,1.2614,25.228,1968,1739,229,2032,0.8962,0.8836,1
0.9,tail_heavy,0.5,8,0.5,smart,0.3,0,4000,9.0,6.1624,2.8376,31.529,2021,1803,218,1979,0.894,0.8921,1
0.9,tail_heavy,0.5,8,0.5,smart,0.3,1,4000,9.0,6.2728,2.7272,30.302,1956,1740,216,2044,0.8928,0.8896,1
0.9,tail_heavy,0.5,8,0.5,smart,0.3,2,4000,9.0,6.287,2.713,30.145,1982,1735,247,2018,0.9,0.8754,1
0.9,tail_heavy,0.5,8,0.5,smart,0.3,3,4000,9.0,6.2447,2.7553,30.614,1995,1767,228,2005,0.899,0.8857,1
0.9,tail_heavy,0.5,8,0.5,smart,0.3,4,4000,9.0,6.1803,2.8197,31.33,2000,1799,201,2000,0.9035,0.8995,1
0.9,tail_heavy,0.5,8,0.5,smart,0.3,5,4000,9.0,6.2202,2.7798,30.886,2004,1773,231,1996,0.896,0.8847,1
0.9,tail_heavy,0.5,8,0.5,smart,0.3,6,4000,9.0,6.2562,2.7438,30.486,1991,1764,227,2009,0.8968,0.886,1
0.9,tail_heavy,0.5,8,1.0,smart,0.3,0,4000,9.0,6.2476,2.7524,30.582,1990,1770,220,2010,0.9035,0.8894,1
0.9,tail_heavy,0.5,8,1.0,smart,0.3,1,4000,9.0,6.2267,2.7733,30.814,2000,1788,212,2000,0.9008,0.894,1
0.9,tail_heavy,0.5,8,1.0,smart,0.3,2,4000,9.0,6.207,2.793,31.033,2042,1805,237,1958,0.903,0.8839,1
0.9,tail_heavy,0.5,8,1.0,smart,0.3,3,4000,9.0,6.1776,2.8224,31.36,2040,1814,226,1960,0.8978,0.8892,1
0.9,tail_heavy,0.5,8,1.0,smart,0.3,4,4000,9.0,6.2186,2.7814,30.905,1986,1789,197,2014,0.902,0.9008,1
0.9,tail_heavy,0.5,8,1.0,smart,0.3,5,4000,9.0,6.1738,2.8262,31.403,2029,1812,217,1971,0.9018,0.8931,1
0.9,tail_heavy,0.5,8,1.0,smart,0.3,6,4000,9.0,6.1857,2.8143,31.27,2055,1824,231,1945,0.9002,0.8876,1
0.9,tail_heavy,0.5,8,2.0,smart,0.3,0,4000,9.0,6.2954,2.7046,30.052,1992,1768,224,2008,0.895,0.8876,1
0.9,tail_heavy,0.5,8,2.0,smart,0.3,1,4000,9.0,6.2893,2.7107,30.119,2034,1792,242,1966,0.8942,0.881,1
0.9,tail_heavy,0.5,8,2.0,smart,0.3,2,4000,9.0,6.318,2.682,29.8,1980,1759,221,2020,0.8942,0.8884,1
0.9,tail_heavy,0.5,8,2.0,smart,0.3,3,4000,9.0,6.3188,2.6812,29.791,1992,1765,227,2008,0.8988,0.886,1
0.9,tail_heavy,0.5,8,2.0,smart,0.3,4,4000,9.0,6.3071,2.6929,29.921,1979,1767,212,2021,0.8995,0.8929,1
0.9,tail_heavy,0.5,8,2.0,smart,0.3,5,4000,9.0,6.2873,2.7127,30.141,2003,1779,224,1997,0.9018,0.8882,1
0.9,tail_heavy,0.5,8,2.0,smart,0.3,6,4000,9.0,6.351,2.649,29.434,2007,1757,250,1993,0.899,0.8754,1
0.9,tail_heavy,0.6,0.25,0.5,smart,0.3,0,4000,1.25,1.1655,0.0845,6.76,2321,2150,171,1679,0.9042,0.9263,1
0.9,tail_heavy,0.6,0.25,0.5,smart,0.3,1,4000,1.25,1.1646,0.0854,6.829,2331,2159,172,1669,0.8998,0.9262,1
0.9,tail_heavy,0.6,0.25,0.5,smart,0.3,2,4000,1.25,1.1676,0.0824,6.592,2313,2129,184,1687,0.8998,0.9204,1
0.9,tail_heavy,0.6,0.25,0.5,smart,0.3,3,4000,1.25,1.1657,0.0843,6.74,2299,2126,173,1701,0.9083,0.9247,1
0.9,tail_heavy,0.6,0.25,0.5,smart,0.3,4,4000,1.25,1.1669,0.0831,6.646,2344,2159,185,1656,0.898,0.9211,1
0.9,tail_heavy,0.6,0.25,0.5,smart,0.3,5,4000,1.25,1.1653,0.0847,6.779,2271,2114,157,1729,0.9065,0.9309,1
0.9,tail_heavy,0.6,0.25,0.5,smart,0.3,6,4000,1.25,1.1671,0.0829,6.633,2292,2113,179,1708,0.9038,0.9219,1
0.9,tail_heavy,0.6,0.25,1.0,smart,0.3,0,4000,1.25,1.1888,0.0612,4.892,2316,2138,178,1684,0.8975,0.9231,1
0.9,tail_heavy,0.6,0.25,1.0,smart,0.3,1,4000,1.25,1.1893,0.0607,4.855,2284,2109,175,1716,0.9002,0.9234,1
0.9,tail_heavy,0.6,0.25,1.0,smart,0.3,2,4000,1.25,1.1909,0.0591,4.728,2312,2127,185,1688,0.9077,0.92,1
0.9,tail_heavy,0.6,0.25,1.0,smart,0.3,3,4000,1.25,1.1893,0.0607,4.856,2296,2121,175,1704,0.902,0.9238,1
0.9,tail_heavy,0.6,0.25,1.0,smart,0.3,4,4000,1.25,1.1958,0.0542,4.332,2261,2069,192,1739,0.8918,0.9151,1
0.9,tail_heavy,0.6,0.25,1.0,smart,0.3,5,4000,1.25,1.1989,0.0511,4.087,2370,2149,221,1630,0.8902,0.9068,1
0.9,tail_heavy,0.6,0.25,1.0,smart,0.3,6,4000,1.25,1.1932,0.0568,4.542,2319,2125,194,1681,0.9,0.9163,1
0.9,tail_heavy,0.6,0.25,2.0,smart,0.3,0,4000,1.25,1.2413,0.0087,0.694,2267,2078,189,1733,0.9062,0.9166,1
0.9,tail_heavy,0.6,0.25,2.0,smart,0.3,1,4000,1.25,1.228,0.022,1.759,2319,2150,169,1681,0.9018,0.9271,1
0.9,tail_heavy,0.6,0.25,2.0,smart,0.3,2,4000,1.25,1.2285,0.0215,1.723,2313,2143,170,1687,0.9045,0.9265,1
0.9,tail_heavy,0.6,0.25,2.0,smart,0.3,3,4000,1.25,1.231,0.019,1.522,2338,2162,176,1662,0.899,0.9247,1
0.9,tail_heavy,0.6,0.25,2.0,smart,0.3,4,4000,1.25,1.2405,0.0095,0.763,2309,2119,190,1691,0.895,0.9177,1
0.9,tail_heavy,0.6,0.25,2.0,smart,0.3,5,4000,1.25,1.2336,0.0164,1.308,2299,2121,178,1701,0.9005,0.9226,1
0.9,tail_heavy,0.6,0.25,2.0,smart,0.3,6,4000,1.25,1.2218,0.0282,2.254,2292,2137,155,1708,0.902,0.9324,1
0.9,tail_heavy,0.6,0.5,0.5,smart,0.3,0,4000,1.5,1.3196,0.1804,12.03,2272,2071,201,1728,0.8972,0.9115,1
0.9,tail_heavy,0.6,0.5,0.5,smart,0.3,1,4000,1.5,1.3172,0.1828,12.19,2291,2101,190,1709,0.891,0.9171,1
0.9,tail_heavy,0.6,0.5,0.5,smart,0.3,2,4000,1.5,1.3095,0.1905,12.697,2334,2154,180,1666,0.9048,0.9229,1
0.9,tail_heavy,0.6,0.5,0.5,smart,0.3,3,4000,1.5,1.3088,0.1912,12.749,2324,2153,171,1676,0.8978,0.9264,1
0.9,tail_heavy,0.6,0.5,0.5,smart,0.3,4,4000,1.5,1.3143,0.1857,12.38,2326,2127,199,1674,0.8968,0.9144,1
0.9,tail_heavy,0.6,0.5,0.5,smart,0.3,5,4000,1.5,1.312,0.188,12.532,2279,2111,168,1721,0.9022,0.9263,1
0.9,tail_heavy,0.6,0.5,0.5,smart,0.3,6,4000,1.5,1.3107,0.1893,12.619,2375,2166,209,1625,0.899,0.912,1
0.9,tail_heavy,0.6,0.5,1.0,smart,0.3,0,4000,1.5,1.3302,0.1698,11.317,2327,2158,169,1673,0.9012,0.9274,1
0.9,tail_heavy,0.6,0.5,1.0,smart,0.3,1,4000,1.5,1.334,0.166,11.069,2279,2109,170,1721,0.9067,0.9254,1
0.9,tail_heavy,0.6,0.5,1.0,smart,0.3,2,4000,1.5,1.3275,0.1725,11.497,2321,2154,167,1679,0.9077,0.928,1
0.9,tail_heavy,0.6,0.5,1.0,smart,0.3,3,4000,1.5,1.3325,0.1675,11.169,2379,2180,199,1621,0.894,0.9164,1
0.9,tail_heavy,0.6,0.5,1.0,smart,0.3,4,4000,1.5,1.3416,0.1584,10.558,2311,2110,201,1689,0.8968,0.913,1
0.9,tail_heavy,0.6,0.5,1.0,smart,0.3,5,4000,1.5,1.3319,0.1681,11.209,2333,2154,179,1667,0.9018,0.9233,1
0.9,tail_heavy,0.6,0.5,1.0,smart,0.3,6,4000,1.5,1.3389,0.1611,10.737,2292,2104,188,1708,0.896,0.918,1
0.9,tail_heavy,0.6,0.5,2.0,smart,0.3,0,4000,1.5,1.372,0.128,8.531,2339,2166,173,1661,0.9042,0.926,1
0.9,tail_heavy,0.6,0.5,2.0,smart,0.3,1,4000,1.5,1.3796,0.1204,8.024,2278,2105,173,1722,0.897,0.9241,1
0.9,tail_heavy,0.6,0.5,2.0,smart,0.3,2,4000,1.5,1.3831,0.1169,7.795,2239,2063,176,1761,0.8982,0.9214,1
0.9,tail_heavy,0.6,0.5,2.0,smart,0.3,3,4000,1.5,1.379,0.121,8.07,2342,2157,185,1658,0.8945,0.921,1
0.9,tail_heavy,0.6,0.5,2.0,smart,0.3,4,4000,1.5,1.3841,0.1159,7.729,2318,2129,189,1682,0.9028,0.9185,1
0.9,tail_heavy,0.6,0.5,2.0,smart,0.3,5,4000,1.5,1.3818,0.1182,7.882,2320,2134,186,1680,0.9005,0.9198,1
0.9,tail_heavy,0.6,0.5,2.0,smart,0.3,6,4000,1.5,1.3808,0.1192,7.946,2286,2107,179,1714,0.91,0.9217,1
0.9,tail_heavy,0.6,1,0.5,smart,0.3,0,4000,2.0,1.6081,0.3919,19.595,2298,2107,191,1702,0.8952,0.9169,1
0.9,tail_heavy,0.6,1,0.5,smart,0.3,1,4000,2.0,1.6111,0.3889,19.447,2283,2095,188,1717,0.8902,0.9177,1
0.9,tail_heavy,0.6,1,0.5,smart,0.3,2,4000,2.0,1.6052,0.3948,19.74,2325,2124,201,1675,0.8948,0.9135,1
0.9,tail_heavy,0.6,1,0.5,smart,0.3,3,4000,2.0,1.5998,0.4002,20.008,2323,2142,181,1677,0.8995,0.9221,1
0.9,tail_heavy,0.6,1,0.5,smart,0.3,4,4000,2.0,1.5968,0.4032,20.16,2330,2150,180,1670,0.9048,0.9227,1
0.9,tail_heavy,0.6,1,0.5,smart,0.3,5,4000,2.0,1.6024,0.3976,19.878,2307,2127,180,1693,0.896,0.922,1
0.9,tail_heavy,0.6,1,0.5,smart,0.3,6,4000,2.0,1.5995,0.4005,20.027,2344,2150,194,1656,0.8932,0.9172,1
0.9,tail_heavy,0.6,1,1.0,smart,0.3,0,4000,2.0,1.6199,0.3801,19.005,2307,2137,170,1693,0.9075,0.9263,1
0.9,tail_heavy,0.6,1,1.0,smart,0.3,1,4000,2.0,1.6166,0.3834,19.168,2356,2173,183,1644,0.8995,0.9223,1
0.9,tail_heavy,0.6,1,1.0,smart,0.3,2,4000,2.0,1.6179,0.3821,19.106,2342,2158,184,1658,0.9012,0.9214,1
0.9,tail_heavy,0.6,1,1.0,smart,0.3,3,4000,2.0,1.6191,0.3809,19.044,2316,2143,173,1684,0.9005,0.9253,1
0.9,tail_heavy,0.6,1,1.0,smart,0.3,4,4000,2.0,1.6328,0.3672,18.362,2333,2126,207,1667,0.8918,0.9113,1
0.9,tail_heavy,0.6,1,1.0,smart,0.3,5,4000,2.0,1.6211,0.3789,18.946,2292,2121,171,1708,0.9022,0.9254,1
0.9,tail_heavy,0.6,1,1.0,smart,0.3,6,4000,2.0,1.6172,0.3828,19.141,2363,2175,188,1637,0.9058,0.9204,1
0.9,tail_heavy,0.6,1,2.0,smart,0.3,0,4000,2.0,1.6742,0.3258,16.291,2315,2128,187,1685,0.9067,0.9192,1
0.9,tail_heavy,0.6,1,2.0,smart,0.3,1,4000,2.0,1.67,0.33,16.502,2330,2145,185,1670,0.9015,0.9206,1
0.9,tail_heavy,0.6,1,2.0,smart,0.3,2,4000,2.0,1.6785,0.3215,16.076,2276,2093,183,1724,0.8985,0.9196,1
0.9,tail_heavy,0.6,1,2.0,smart,0.3,3,4000,2.0,1.676,0.324,16.201,2313,2122,191,1687,0.8942,0.9174,1
0.9,tail_heavy,0.6,1,2.0,smart,0.3,4,4000,2.0,1.6623,0.3377,16.886,2297,2128,169,1703,0.9147,0.9264,1
0.9,tail_heavy,0.6,1,2.0,smart,0.3,5,4000,2.0,1.6542,0.3458,17.292,2297,2141,156,1703,0.905,0.9321,1
0.9,tail_heavy,0.6,1,2.0,smart,0.3,6,4000,2.0,1.6915,0.3085,15.425,2254,2055,199,1746,0.8915,0.9117,1
0.9,tail_heavy,0.6,2,0.5,smart,0.3,0,4000,3.0,2.1781,0.8219,27.396,2327,2128,199,1673,0.8978,0.9145,1
0.9,tail_heavy,0.6,2,0.5,smart,0.3,1,4000,3.0,2.1964,0.8036,26.787,2292,2109,183,1708,0.8998,0.9202,1
0.9,tail_heavy,0.6,2,0.5,smart,0.3,2,4000,3.0,2.1996,0.8004,26.679,2255,2082,173,1745,0.8978,0.9233,1
0.9,tail_heavy,0.6,2,0.5,smart,0.3,3,4000,3.0,2.1974,0.8026,26.754,2282,2084,198,1718,0.8878,0.9132,1
0.9,tail_heavy,0.6,2,0.5,smart,0.3,4,4000,3.0,2.1825,0.8175,27.251,2321,2136,185,1679,0.8972,0.9203,1
0.9,tail_heavy,0.6,2,0.5,smart,0.3,5,4000,3.0,2.1898,0.8102,27.007,2299,2106,193,1701,0.8998,0.9161,1
0.9,tail_heavy,0.6,2,0.5,smart,0.3,6,4000,3.0,2.1525,0.8475,28.252,2363,2189,174,1637,0.9055,0.9264,1
0.9,tail_heavy,0.6,2,1.0,smart,0.3,0,4000,3.0,2.2146,0.7854,26.18,2262,2091,171,1738,0.8922,0.9244,1
0.9,tail_heavy,0.6,2,1.0,smart,0.3,1,4000,3.0,2.2294,0.7706,25.685,2222,2054,168,1778,0.9052,0.9244,1
0.9,tail_heavy,0.6,2,1.0,smart,0.3,2,4000,3.0,2.2196,0.7804,26.013,2276,2094,182,1724,0.8965,0.92,1
0.9,tail_heavy,0.6,2,1.0,smart,0.3,3,4000,3.0,2.2089,0.7911,26.371,2287,2110,177,1713,0.9015,0.9226,1
0.9,tail_heavy,0.6,2,1.0,smart,0.3,4,4000,3.0,2.216,0.784,26.133,2313,2111,202,1687,0.8952,0.9127,1
0.9,tail_heavy,0.6,2,1.0,smart,0.3,5,4000,3.0,2.2019,0.7981,26.603,2302,2129,173,1698,0.896,0.9248,1
0.9,tail_heavy,0.6,2,1.0,smart,0.3,6,4000,3.0,2.2086,0.7914,26.379,2318,2129,189,1682,0.8972,0.9185,1
0.9,tail_heavy,0.6,2,2.0,smart,0.3,0,4000,3.0,2.2505,0.7495,24.983,2270,2098,172,1730,0.9,0.9242,1
0.9,tail_heavy,0.6,2,2.0,smart,0.3,1,4000,3.0,2.2479,0.7521,25.071,2290,2115,175,1710,0.8965,0.9236,1
0.9,tail_heavy,0.6,2,2.0,smart,0.3,2,4000,3.0,2.276,0.724,24.133,2260,2072,188,1740,0.896,0.9168,1
0.9,tail_heavy,0.6,2,2.0,smart,0.3,3,4000,3.0,2.2399,0.7601,25.335,2335,2151,184,1665,0.9058,0.9212,1
0.9,tail_heavy,0.6,2,2.0,smart,0.3,4,4000,3.0,2.2551,0.7449,24.829,2320,2129,191,1680,0.9058,0.9177,1
0.9,tail_heavy,0.6,2,2.0,smart,0.3,5,4000,3.0,2.2373,0.7627,25.422,2327,2152,175,1673,0.905,0.9248,1
0.9,tail_heavy,0.6,2,2.0,smart,0.3,6,4000,3.0,2.2386,0.7614,25.381,2313,2142,171,1687,0.903,0.9261,1
0.9,tail_heavy,0.6,4,0.5,smart,0.3,0,4000,5.0,3.2909,1.7091,34.182,2356,2186,170,1644,0.9062,0.9278,1
0.9,tail_heavy,0.6,4,0.5,smart,0.3,1,4000,5.0,3.3164,1.6836,33.673,2351,2159,192,1649,0.897,0.9183,1
0.9,tail_heavy,0.6,4,0.5,smart,0.3,2,4000,5.0,3.3157,1.6843,33.686,2328,2158,170,1672,0.9067,0.927,1
0.9,tail_heavy,0.6,4,0.5,smart,0.3,3,4000,5.0,3.3485,1.6515,33.029,2302,2127,175,1698,0.904,0.924,1
0.9,tail_heavy,0.6,4,0.5,smart,0.3,4,4000,5.0,3.3719,1.6281,32.562,2283,2093,190,1717,0.8978,0.9168,1
0.9,tail_heavy,0.6,4,0.5,smart,0.3,5,4000,5.0,3.3674,1.6326,32.652,2287,2096,191,1713,0.8965,0.9165,1
0.9,tail_heavy,0.6,4,0.5,smart,0.3,6,4000,5.0,3.3791,1.6209,32.418,2276,2084,192,1724,0.8972,0.9156,1
0.9,tail_heavy,0.6,4,1.0,smart,0.3,0,4000,5.0,3.3455,1.6545,33.09,2323,2148,175,1677,0.8952,0.9247,1
0.9,tail_heavy,0.6,4,1.0,smart,0.3,1,4000,5.0,3.355,1.645,32.899,2323,2134,189,1677,0.8995,0.9186,1
0.9,tail_heavy,0.6,4,1.0,smart,0.3,2,4000,5.0,3.4093,1.5907,31.814,2275,2076,199,1725,0.899,0.9125,1
0.9,tail_heavy,0.6,4,1.0,smart,0.3,3,4000,5.0,3.3983,1.6017,32.034,2269,2080,189,1731,0.901,0.9167,1
0.9,tail_heavy,0.6,4,1.0,smart,0.3,4,4000,5.0,3.3597,1.6403,32.805,2288,2131,157,1712,0.9058,0.9314,1
0.9,tail_heavy,0.6,4,1.0,smart,0.3,5,4000,5.0,3.3342,1.6658,33.316,2333,2157,176,1667,0.9035,0.9246,1
0.9,tail_heavy,0.6,4,1.0,smart,0.3,6,4000,5.0,3.3803,1.6197,32.394,2258,2092,166,1742,0.907,0.9265,1
0.9,tail_heavy,0.6,4,2.0,smart,0.3,0,4000,5.0,3.3951,1.6049,32.098,2340,2156,184,1660,0.903,0.9214,1
0.9,tail_heavy,0.6,4,2.0,smart,0.3,1,4000,5.0,3.4241,1.5759,31.518,2311,2118,193,1689,0.8982,0.9165,1
0.9,tail_heavy,0.6,4,2.0,smart,0.3,2,4000,5.0,3.3901,1.6099,32.197,2331,2147,184,1669,0.8948,0.9211,1
0.9,tail_heavy,0.6,4,2.0,smart,0.3,3,4000,5.0,3.3947,1.6053,32.106,2317,2142,175,1683,0.9,0.9245,1
0.9,tail_heavy,0.6,4,2.0,smart,0.3,4,4000,5.0,3.4151,1.5849,31.698,2313,2119,194,1687,0.895,0.9161,1
0.9,tail_heavy,0.6,4,2.0,smart,0.3,5,4000,5.0,3.3915,1.6085,32.17,2338,2153,185,1662,0.9018,0.9209,1
0.9,tail_heavy,0.6,4,2.0,smart,0.3,6,4000,5.0,3.4162,1.5838,31.676,2279,2105,174,1721,0.9012,0.9237,1
0.9,tail_heavy,0.6,8,0.5,smart,0.3,0,4000,9.0,5.7501,3.2499,36.11,2258,2067,191,1742,0.8995,0.9154,1
0.9,tail_heavy,0.6,8,0.5,smart,0.3,1,4000,9.0,5.6909,3.3091,36.768,2287,2112,175,1713,0.9032,0.9235,1
0.9,tail_heavy,0.6,8,0.5,smart,0.3,2,4000,9.0,5.654,3.346,37.178,2311,2124,187,1689,0.8975,0.9191,1
0.9,tail_heavy,0.6,8,0.5,smart,0.3,3,4000,9.0,5.6531,3.3469,37.188,2310,2128,182,1690,0.8962,0.9212,1
0.9,tail_heavy,0.6,8,0.5,smart,0.3,4,4000,9.0,5.6794,3.3206,36.895,2266,2113,153,1734,0.902,0.9325,1
0.9,tail_heavy,0.6,8,0.5,smart,0.3,5,4000,9.0,5.6556,3.3444,37.16,2307,2123,184,1693,0.9045,0.9202,1
0.9,tail_heavy,0.6,8,0.5,smart,0.3,6,4000,9.0,5.4835,3.5165,39.073,2398,2228,170,1602,0.9073,0.9291,1
0.9,tail_heavy,0.6,8,1.0,smart,0.3,0,4000,9.0,5.6745,3.3255,36.949,2295,2126,169,1705,0.9002,0.9264,1
0.9,tail_heavy,0.6,8,1.0,smart,0.3,1,4000,9.0,5.6321,3.3679,37.421,2326,2147,179,1674,0.8998,0.923,1
0.9,tail_heavy,0.6,8,1.0,smart,0.3,2,4000,9.0,5.6985,3.3015,36.684,2317,2114,203,1683,0.8945,0.9124,1
0.9,tail_heavy,0.6,8,1.0,smart,0.3,3,4000,9.0,5.6168,3.3832,37.591,2344,2157,187,1656,0.9055,0.9202,1
0.9,tail_heavy,0.6,8,1.0,smart,0.3,4,4000,9.0,5.6697,3.3303,37.004,2334,2138,196,1666,0.8908,0.916,1
0.9,tail_heavy,0.6,8,1.0,smart,0.3,5,4000,9.0,5.7212,3.2788,36.431,2261,2089,172,1739,0.9005,0.9239,1
0.9,tail_heavy,0.6,8,1.0,smart,0.3,6,4000,9.0,5.5816,3.4184,37.982,2352,2175,177,1648,0.8952,0.9247,1
0.9,tail_heavy,0.6,8,2.0,smart,0.3,0,4000,9.0,5.7117,3.2883,36.537,2306,2133,173,1694,0.9067,0.925,1
0.9,tail_heavy,0.6,8,2.0,smart,0.3,1,4000,9.0,5.7352,3.2648,36.276,2315,2124,191,1685,0.8988,0.9175,1
0.9,tail_heavy,0.6,8,2.0,smart,0.3,2,4000,9.0,5.828,3.172,35.245,2263,2076,187,1737,0.8988,0.9174,1
0.9,tail_heavy,0.6,8,2.0,smart,0.3,3,4000,9.0,5.7103,3.2897,36.552,2288,2133,155,1712,0.902,0.9323,1
0.9,tail_heavy,0.6,8,2.0,smart,0.3,4,4000,9.0,5.7496,3.2504,36.116,2308,2113,195,1692,0.8978,0.9155,1
0.9,tail_heavy,0.6,8,2.0,smart,0.3,5,4000,9.0,5.7789,3.2211,35.79,2292,2094,198,1708,0.895,0.9136,1
0.9,tail_heavy,0.6,8,2.0,smart,0.3,6,4000,9.0,5.6758,3.3242,36.936,2344,2157,187,1656,0.9058,0.9202,1
0.9,tail_heavy,0.7,0.25,0.5,smart,0.3,0,4000,1.25,1.1459,0.1041,8.332,2559,2429,130,1441,0.8988,0.9492,1
0.9,tail_heavy,0.7,0.25,0.5,smart,0.3,1,4000,1.25,1.1432,0.1068,8.54,2612,2484,128,1388,0.9062,0.951,1
0.9,tail_heavy,0.7,0.25,0.5,smart,0.3,2,4000,1.25,1.1433,0.1067,8.535,2643,2505,138,1357,0.902,0.9478,1
0.9,tail_heavy,0.7,0.25,0.5,smart,0.3,3,4000,1.25,1.1447,0.1053,8.428,2576,2450,126,1424,0.9045,0.9511,1
0.9,tail_heavy,0.7,0.25,0.5,smart,0.3,4,4000,1.25,1.1453,0.1047,8.372,2601,2466,135,1399,0.894,0.9481,1
0.9,tail_heavy,0.7,0.25,0.5,smart,0.3,5,4000,1.25,1.1453,0.1047,8.375,2658,2505,153,1342,0.9022,0.9424,1
0.9,tail_heavy,0.7,0.25,0.5,smart,0.3,6,4000,1.25,1.1418,0.1082,8.654,2639,2512,127,1361,0.9065,0.9519,1
0.9,tail_heavy,0.7,0.25,1.0,smart,0.3,0,4000,1.25,1.1639,0.0861,6.886,2593,2451,142,1407,0.8958,0.9452,1
0.9,tail_heavy,0.7,0.25,1.0,smart,0.3,1,4000,1.25,1.1617,0.0883,7.067,2606,2471,135,1394,0.9105,0.9482,1
0.9,tail_heavy,0.7,0.25,1.0,smart,0.3,2,4000,1.25,1.1633,0.0867,6.934,2592,2453,139,1408,0.9008,0.9464,1
0.9,tail_heavy,0.7,0.25,1.0,smart,0.3,3,4000,1.25,1.1591,0.0909,7.272,2631,2499,132,1369,0.9085,0.9498,1
0.9,tail_heavy,0.7,0.25,1.0,smart,0.3,4,4000,1.25,1.1551,0.0949,7.592,2685,2557,128,1315,0.9085,0.9523,1
0.9,tail_heavy,0.7,0.25,1.0,smart,0.3,5,4000,1.25,1.1572,0.0928,7.425,2627,2505,122,1373,0.8972,0.9536,1
0.9,tail_heavy,0.7,0.25,1.0,smart,0.3,6,4000,1.25,1.1602,0.0898,7.181,2621,2487,134,1379,0.9022,0.9489,1
0.9,tail_heavy,0.7,0.25,2.0,smart,0.3,0,4000,1.25,1.1895,0.0605,4.842,2676,2544,132,1324,0.9058,0.9507,1
0.9,tail_heavy,0.7,0.25,2.0,smart,0.3,1,4000,1.25,1.1897,0.0603,4.824,2644,2516,128,1356,0.906,0.9516,1
0.9,tail_heavy,0.7,0.25,2.0,smart,0.3,2,4000,1.25,1.2032,0.0468,3.744,2558,2413,145,1442,0.8945,0.9433,1
0.9,tail_heavy,0.7,0.25,2.0,smart,0.3,3,4000,1.25,1.197,0.053,4.243,2645,2503,142,1355,0.9002,0.9463,1
0.9,tail_heavy,0.7,0.25,2.0,smart,0.3,4,4000,1.25,1.2016,0.0484,3.874,2631,2483,148,1369,0.8968,0.9437,1
0.9,tail_heavy,0.7,0.25,2.0,smart,0.3,5,4000,1.25,1.1918,0.0582,4.654,2625,2494,131,1375,0.9077,0.9501,1
0.9,tail_heavy,0.7,0.25,2.0,smart,0.3,6,4000,1.25,1.1911,0.0589,4.714,2649,2518,131,1351,0.898,0.9505,1
0.9,tail_heavy,0.7,0.5,0.5,smart,0.3,0,4000,1.5,1.2747,0.2253,15.022,2616,2464,152,1384,0.896,0.9419,1
0.9,tail_heavy,0.7,0.5,0.5,smart,0.3,1,4000,1.5,1.2757,0.2243,14.953,2612,2456,156,1388,0.896,0.9403,1
0.9,tail_heavy,0.7,0.5,0.5,smart,0.3,2,4000,1.5,1.2665,0.2335,15.564,2646,2515,131,1354,0.8958,0.9505,1
0.9,tail_heavy,0.7,0.5,0.5,smart,0.3,3,4000,1.5,1.2741,0.2259,15.06,2634,2478,156,1366,0.8998,0.9408,1
0.9,tail_heavy,0.7,0.5,0.5,smart,0.3,4,4000,1.5,1.2688,0.2312,15.411,2629,2497,132,1371,0.904,0.9498,1
0.9,tail_heavy,0.7,0.5,0.5,smart,0.3,5,4000,1.5,1.2701,0.2299,15.329,2655,2511,144,1345,0.892,0.9458,1
0.9,tail_heavy,0.7,0.5,0.5,smart,0.3,6,4000,1.5,1.2757,0.2243,14.953,2604,2454,150,1396,0.9008,0.9424,1
0.9,tail_heavy,0.7,0.5,1.0,smart,0.3,0,4000,1.5,1.293,0.207,13.801,2548,2419,129,1452,0.8968,0.9494,1
0.9,tail_heavy,0.7,0.5,1.0,smart,0.3,1,4000,1.5,1.2883,0.2117,14.116,2664,2515,149,1336,0.9002,0.9441,1
0.9,tail_heavy,0.7,0.5,1.0,smart,0.3,2,4000,1.5,1.2909,0.2091,13.938,2607,2464,143,1393,0.8965,0.9451,1
0.9,tail_heavy,0.7,0.5,1.0,smart,0.3,3,4000,1.5,1.2874,0.2126,14.172,2677,2530,147,1323,0.9012,0.9451,1
0.9,tail_heavy,0.7,0.5,1.0,smart,0.3,4,4000,1.5,1.2919,0.2081,13.872,2582,2449,133,1418,0.8958,0.9485,1
0.9,tail_heavy,0.7,0.5,1.0,smart,0.3,5,4000,1.5,1.2908,0.2092,13.945,2620,2475,145,1380,0.9018,0.9447,1
0.9,tail_heavy,0.7,0.5,1.0,smart,0.3,6,4000,1.5,1.2941,0.2059,13.729,2570,2433,137,1430,0.8945,0.9467,1
0.9,tail_heavy,0.7,0.5,2.0,smart,0.3,0,4000,1.5,1.3146,0.1854,12.361,2589,2470,119,1411,0.9018,0.954,1
0.9,tail_heavy,0.7,0.5,2.0,smart,0.3,1,4000,1.5,1.3229,0.1771,11.805,2643,2504,139,1357,0.9005,0.9474,1
0.9,tail_heavy,0.7,0.5,2.0,smart,0.3,2,4000,1.5,1.3274,0.1726,11.508,2622,2476,146,1378,0.893,0.9443,1
0.9,tail_heavy,0.7,0.5,2.0,smart,0.3,3,4000,1.5,1.3211,0.1789,11.929,2574,2446,128,1426,0.9012,0.9503,1
0.9,tail_heavy,0.7,0.5,2.0,smart,0.3,4,4000,1.5,1.3186,0.1814,12.092,2636,2505,131,1364,0.908,0.9503,1
0.9,tail_heavy,0.7,0.5,2.0,smart,0.3,5,4000,1.5,1.3291,0.1709,11.393,2603,2458,145,1397,0.9015,0.9443,1
0.9,tail_heavy,0.7,0.5,2.0,smart,0.3,6,4000,1.5,1.328,0.172,11.465,2538,2406,132,1462,0.8905,0.948,1
0.9,tail_heavy,0.7,1,0.5,smart,0.3,0,4000,2.0,1.5357,0.4643,23.217,2577,2440,137,1423,0.9048,0.9468,1
0.9,tail_heavy,0.7,1,0.5,smart,0.3,1,4000,2.0,1.5325,0.4675,23.374,2586,2454,132,1414,0.8978,0.949,1
0.9,tail_heavy,0.7,1,0.5,smart,0.3,2,4000,2.0,1.5277,0.4723,23.613,2606,2474,132,1394,0.9038,0.9493,1
0.9,tail_heavy,0.7,1,0.5,smart,0.3,3,4000,2.0,1.5289,0.4711,23.553,2616,2464,152,1384,0.8985,0.9419,1
0.9,tail_heavy,0.7,1,0.5,smart,0.3,4,4000,2.0,1.5246,0.4754,23.768,2631,2492,139,1369,0.9115,0.9472,1
0.9,tail_heavy,0.7,1,0.5,smart,0.3,5,4000,2.0,1.5219,0.4781,23.903,2666,2518,148,1334,0.8968,0.9445,1
0.9,tail_heavy,0.7,1,0.5,smart,0.3,6,4000,2.0,1.5414,0.4586,22.932,2528,2404,124,1472,0.9015,0.9509,1
0.9,tail_heavy,0.7,1,1.0,smart,0.3,0,4000,2.0,1.533,0.467,23.351,2654,2523,131,1346,0.8962,0.9506,1
0.9,tail_heavy,0.7,1,1.0,smart,0.3,1,4000,2.0,1.5436,0.4564,22.821,2615,2482,133,1385,0.905,0.9491,1
0.9,tail_heavy,0.7,1,1.0,smart,0.3,2,4000,2.0,1.5443,0.4557,22.783,2581,2456,125,1419,0.9008,0.9516,1
0.9,tail_heavy,0.7,1,1.0,smart,0.3,3,4000,2.0,1.539,0.461,23.052,2620,2493,127,1380,0.8972,0.9515,1
0.9,tail_heavy,0.7,1,1.0,smart,0.3,4,4000,2.0,1.5373,0.4627,23.135,2665,2525,140,1335,0.8952,0.9475,1
0.9,tail_heavy,0.7,1,1.0,smart,0.3,5,4000,2.0,1.5455,0.4545,22.727,2628,2486,142,1372,0.9012,0.946,1
0.9,tail_heavy,0.7,1,1.0,smart,0.3,6,4000,2.0,1.5383,0.4617,23.084,2649,2511,138,1351,0.9048,0.9479,1
0.9,tail_heavy,0.7,1,2.0,smart,0.3,0,4000,2.0,1.5631,0.4369,21.843,2621,2502,119,1379,0.901,0.9546,1
0.9,tail_heavy,0.7,1,2.0,smart,0.3,1,4000,2.0,1.5701,0.4299,21.495,2668,2526,142,1332,0.8945,0.9468,1
0.9,tail_heavy,0.7,1,2.0,smart,0.3,2,4000,2.0,1.5654,0.4346,21.73,2650,2522,128,1350,0.8978,0.9517,1
0.9,tail_heavy,0.7,1,2.0,smart,0.3,3,4000,2.0,1.589,0.411,20.548,2641,2481,160,1359,0.897,0.9394,1
0.9,tail_heavy,0.7,1,2.0,smart,0.3,4,4000,2.0,1.5846,0.4154,20.769,2605,2461,144,1395,0.896,0.9447,1
0.9,tail_heavy,0.7,1,2.0,smart,0.3,5,4000,2.0,1.5747,0.4253,21.267,2670,2522,148,1330,0.9002,0.9446,1
0.9,tail_heavy,0.7,1,2.0,smart,0.3,6,4000,2.0,1.5633,0.4367,21.837,2606,2495,111,1394,0.906,0.9574,1
0.9,tail_heavy,0.7,2,0.5,smart,0.3,0,4000,3.0,2.0576,0.9424,31.415,2578,2433,145,1422,0.8955,0.9438,1
0.9,tail_heavy,0.7,2,0.5,smart,0.3,1,4000,3.0,2.0757,0.9243,30.809,2516,2376,140,1484,0.895,0.9444,1
0.9,tail_heavy,0.7,2,0.5,smart,0.3,2,4000,3.0,2.0254,0.9746,32.488,2615,2491,124,1385,0.9045,0.9526,1
0.9,tail_heavy,0.7,2,0.5,smart,0.3,3,4000,3.0,2.0458,0.9542,31.806,2583,2452,131,1417,0.9032,0.9493,1
0.9,tail_heavy,0.7,2,0.5,smart,0.3,4,4000,3.0,2.0375,0.9625,32.083,2633,2470,163,1367,0.8975,0.9381,1
0.9,tail_heavy,0.7,2,0.5,smart,0.3,5,4000,3.0,2.0391,0.9609,32.03,2585,2467,118,1415,0.901,0.9544,1
0.9,tail_heavy,0.7,2,0.5,smart,0.3,6,4000,3.0,2.022,0.978,32.599,2639,2511,128,1361,0.9,0.9515,1
0.9,tail_heavy,0.7,2,1.0,smart,0.3,0,4000,3.0,2.0782,0.9218,30.727,2556,2417,139,1444,0.8965,0.9456,1
0.9,tail_heavy,0.7,2,1.0,smart,0.3,1,4000,3.0,2.0572,0.9428,31.426,2583,2451,132,1417,0.9032,0.9489,1
0.9,tail_heavy,0.7,2,1.0,smart,0.3,2,4000,3.0,2.0388,0.9612,32.04,2643,2511,132,1357,0.903,0.9501,1
0.9,tail_heavy,0.7,2,1.0,smart,0.3,3,4000,3.0,2.0722,0.9278,30.928,2594,2446,148,1406,0.8968,0.9429,1
0.9,tail_heavy,0.7,2,1.0,smart,0.3,4,4000,3.0,2.0678,0.9322,31.072,2607,2452,155,1393,0.898,0.9405,1
0.9,tail_heavy,0.7,2,1.0,smart,0.3,5,4000,3.0,2.064,0.936,31.199,2643,2480,163,1357,0.9005,0.9383,1
0.9,tail_heavy,0.7,2,1.0,smart,0.3,6,4000,3.0,2.027,0.973,32.434,2650,2524,126,1350,0.9038,0.9525,1
0.9,tail_heavy,0.7,2,2.0,smart,0.3,0,4000,3.0,2.0993,0.9007,30.022,2557,2431,126,1443,0.891,0.9507,1
0.9,tail_heavy,0.7,2,2.0,smart,0.3,1,4000,3.0,2.1011,0.8989,29.962,2591,2455,136,1409,0.9005,0.9475,1
0.9,tail_heavy,0.7,2,2.0,smart,0.3,2,4000,3.0,2.0834,0.9166,30.553,2678,2522,156,1322,0.8965,0.9417,1
0.9,tail_heavy,0.7,2,2.0,smart,0.3,3,4000,3.0,2.0849,0.9151,30.504,2632,2486,146,1368,0.9012,0.9445,1
0.9,tail_heavy,0.7,2,2.0,smart,0.3,4,4000,3.0,2.081,0.919,30.633,2599,2473,126,1401,0.9028,0.9515,1
0.9,tail_heavy,0.7,2,2.0,smart,0.3,5,4000,3.0,2.0728,0.9272,30.907,2604,2487,117,1396,0.9005,0.9551,1
0.9,tail_heavy,0.7,2,2.0,smart,0.3,6,4000,3.0,2.0979,0.9021,30.068,2605,2458,147,1395,0.8965,0.9436,1
0.9,tail_heavy,0.7,4,0.5,smart,0.3,0,4000,5.0,3.0487,1.9513,39.027,2627,2494,133,1373,0.9002,0.9494,1
0.9,tail_heavy,0.7,4,0.5,smart,0.3,1,4000,5.0,3.0506,1.9494,38.987,2626,2480,146,1374,0.9002,0.9444,1
0.9,tail_heavy,0.7,4,0.5,smart,0.3,2,4000,5.0,3.0578,1.9422,38.843,2594,2472,122,1406,0.901,0.953,1
0.9,tail_heavy,0.7,4,0.5,smart,0.3,3,4000,5.0,3.0376,1.9624,39.248,2629,2503,126,1371,0.9015,0.9521,1
0.9,tail_heavy,0.7,4,0.5,smart,0.3,4,4000,5.0,3.0178,1.9822,39.645,2654,2518,136,1346,0.9073,0.9488,1
0.9,tail_heavy,0.7,4,0.5,smart,0.3,5,4000,5.0,3.0365,1.9635,39.27,2629,2496,133,1371,0.902,0.9494,1
0.9,tail_heavy,0.7,4,0.5,smart,0.3,6,4000,5.0,3.0586,1.9414,38.828,2640,2481,159,1360,0.8942,0.9398,1
0.9,tail_heavy,0.7,4,1.0,smart,0.3,0,4000,5.0,3.0717,1.9283,38.567,2630,2487,143,1370,0.9042,0.9456,1
0.9,tail_heavy,0.7,4,1.0,smart,0.3,1,4000,5.0,3.0901,1.9099,38.198,2595,2465,130,1405,0.899,0.9499,1
0.9,tail_heavy,0.7,4,1.0,smart,0.3,2,4000,5.0,3.0496,1.9504,39.007,2632,2509,123,1368,0.9055,0.9533,1
0.9,tail_heavy,0.7,4,1.0,smart,0.3,3,4000,5.0,3.058,1.942,38.84,2656,2514,142,1344,0.8998,0.9465,1
0.9,tail_heavy,0.7,4,1.0,smart,0.3,4,4000,5.0,3.1054,1.8946,37.892,2586,2446,140,1414,0.9035,0.9459,1
0.9,tail_heavy,0.7,4,1.0,smart,0.3,5,4000,5.0,3.0648,1.9352,38.704,2624,2482,142,1376,0.9028,0.9459,1
0.9,tail_heavy,0.7,4,1.0,smart,0.3,6,4000,5.0,3.0578,1.9422,38.845,2628,2497,131,1372,0.9028,0.9502,1
0.9,tail_heavy,0.7,4,2.0,smart,0.3,0,4000,5.0,3.1192,1.8808,37.617,2577,2450,127,1423,0.8965,0.9507,1
0.9,tail_heavy,0.7,4,2.0,smart,0.3,1,4000,5.0,3.0712,1.9288,38.576,2636,2515,121,1364,0.9028,0.9541,1
0.9,tail_heavy,0.7,4,2.0,smart,0.3,2,4000,5.0,3.123,1.877,37.539,2548,2438,110,1452,0.8995,0.9568,1
0.9,tail_heavy,0.7,4,2.0,smart,0.3,3,4000,5.0,3.0645,1.9355,38.71,2672,2524,148,1328,0.9073,0.9446,1
0.9,tail_heavy,0.7,4,2.0,smart,0.3,4,4000,5.0,3.0614,1.9386,38.771,2699,2543,156,1301,0.8948,0.9422,1
0.9,tail_heavy,0.7,4,2.0,smart,0.3,5,4000,5.0,3.1104,1.8896,37.793,2593,2464,129,1407,0.898,0.9503,1
0.9,tail_heavy,0.7,4,2.0,smart,0.3,6,4000,5.0,3.1206,1.8794,37.588,2581,2453,128,1419,0.8918,0.9504,1
0.9,tail_heavy,0.7,8,0.5,smart,0.3,0,4000,9.0,5.105,3.895,43.278,2606,2465,141,1394,0.896,0.9459,1
0.9,tail_heavy,0.7,8,0.5,smart,0.3,1,4000,9.0,5.0504,3.9496,43.885,2635,2512,123,1365,0.9075,0.9533,1
0.9,tail_heavy,0.7,8,0.5,smart,0.3,2,4000,9.0,5.1004,3.8996,43.329,2592,2468,124,1408,0.8952,0.9522,1
0.9,tail_heavy,0.7,8,0.5,smart,0.3,3,4000,9.0,5.138,3.862,42.911,2599,2454,145,1401,0.8908,0.9442,1
0.9,tail_heavy,0.7,8,0.5,smart,0.3,4,4000,9.0,5.0269,3.9731,44.146,2652,2513,139,1348,0.9005,0.9476,1
0.9,tail_heavy,0.7,8,0.5,smart,0.3,5,4000,9.0,5.0993,3.9007,43.341,2632,2474,158,1368,0.8958,0.94,1
0.9,tail_heavy,0.7,8,0.5,smart,0.3,6,4000,9.0,4.9716,4.0284,44.76,2684,2559,125,1316,0.9028,0.9534,1
0.9,tail_heavy,0.7,8,1.0,smart,0.3,0,4000,9.0,5.1201,3.8799,43.11,2632,2483,149,1368,0.8938,0.9434,1
0.9,tail_heavy,0.7,8,1.0,smart,0.3,1,4000,9.0,5.1437,3.8563,42.848,2623,2465,158,1377,0.8965,0.9398,1
0.9,tail_heavy,0.7,8,1.0,smart,0.3,2,4000,9.0,5.1862,3.8138,42.375,2571,2436,135,1429,0.8905,0.9475,1
0.9,tail_heavy,0.7,8,1.0,smart,0.3,3,4000,9.0,5.0973,3.9027,43.363,2616,2480,136,1384,0.898,0.948,1
0.9,tail_heavy,0.7,8,1.0,smart,0.3,4,4000,9.0,5.1208,3.8792,43.102,2606,2470,136,1394,0.9028,0.9478,1
0.9,tail_heavy,0.7,8,1.0,smart,0.3,5,4000,9.0,5.1693,3.8307,42.563,2595,2443,152,1405,0.8958,0.9414,1
0.9,tail_heavy,0.7,8,1.0,smart,0.3,6,4000,9.0,5.0564,3.9436,43.818,2640,2508,132,1360,0.9032,0.95,1
0.9,tail_heavy,0.7,8,2.0,smart,0.3,0,4000,9.0,5.1175,3.8825,43.139,2645,2502,143,1355,0.897,0.9459,1
0.9,tail_heavy,0.7,8,2.0,smart,0.3,1,4000,9.0,5.1251,3.8749,43.054,2604,2490,114,1396,0.908,0.9562,1
0.9,tail_heavy,0.7,8,2.0,smart,0.3,2,4000,9.0,5.1488,3.8512,42.791,2624,2486,138,1376,0.9015,0.9474,1
0.9,tail_heavy,0.7,8,2.0,smart,0.3,3,4000,9.0,5.1063,3.8937,43.263,2640,2504,136,1360,0.9048,0.9485,1
0.9,tail_heavy,0.7,8,2.0,smart,0.3,4,4000,9.0,5.116,3.884,43.155,2647,2506,141,1353,0.8952,0.9467,1
0.9,tail_heavy,0.7,8,2.0,smart,0.3,5,4000,9.0,5.1174,3.8826,43.14,2623,2494,129,1377,0.9012,0.9508,1
0.9,tail_heavy,0.7,8,2.0,smart,0.3,6,4000,9.0,5.1065,3.8935,43.261,2632,2506,126,1368,0.906,0.9521,1
0.9,tail_heavy,0.8,0.25,0.5,smart,0.3,0,4000,1.25,1.1182,0.1318,10.544,2962,2876,86,1038,0.9018,0.971,1
0.9,tail_heavy,0.8,0.25,0.5,smart,0.3,1,4000,1.25,1.1212,0.1288,10.306,2893,2809,84,1107,0.9028,0.971,1
0.9,tail_heavy,0.8,0.25,0.5,smart,0.3,2,4000,1.25,1.123,0.127,10.159,2910,2812,98,1090,0.8985,0.9663,1
0.9,tail_heavy,0.8,0.25,0.5,smart,0.3,3,4000,1.25,1.1229,0.1271,10.167,2934,2833,101,1066,0.8948,0.9656,1
0.9,tail_heavy,0.8,0.25,0.5,smart,0.3,4,4000,1.25,1.1233,0.1267,10.136,2913,2812,101,1087,0.8985,0.9653,1
0.9,tail_heavy,0.8,0.25,0.5,smart,0.3,5,4000,1.25,1.1177,0.1323,10.584,2931,2856,75,1069,0.9022,0.9744,1
0.9,tail_heavy,0.8,0.25,0.5,smart,0.3,6,4000,1.25,1.1188,0.1312,10.492,2964,2879,85,1036,0.9065,0.9713,1
0.9,tail_heavy,0.8,0.25,1.0,smart,0.3,0,4000,1.25,1.1344,0.1156,9.246,2920,2821,99,1080,0.9052,0.9661,1
0.9,tail_heavy,0.8,0.25,1.0,smart,0.3,1,4000,1.25,1.1326,0.1174,9.389,2928,2838,90,1072,0.8995,0.9693,1
0.9,tail_heavy,0.8,0.25,1.0,smart,0.3,2,4000,1.25,1.1323,0.1177,9.416,2956,2862,94,1044,0.9025,0.9682,1
0.9,tail_heavy,0.8,0.25,1.0,smart,0.3,3,4000,1.25,1.1376,0.1124,8.991,2912,2806,106,1088,0.9012,0.9636,1
0.9,tail_heavy,0.8,0.25,1.0,smart,0.3,4,4000,1.25,1.1342,0.1158,9.264,2928,2831,97,1072,0.8895,0.9669,1
0.9,tail_heavy,0.8,0.25,1.0,smart,0.3,5,4000,1.25,1.1278,0.1222,9.775,2962,2878,84,1038,0.9093,0.9716,1
0.9,tail_heavy,0.8,0.25,1.0,smart,0.3,6,4000,1.25,1.1263,0.1237,9.893,2950,2875,75,1050,0.9125,0.9746,1
0.9,tail_heavy,0.8,0.25,2.0,smart,0.3,0,4000,1.25,1.1557,0.0943,7.546,2899,2810,89,1101,0.8898,0.9693,1
0.9,tail_heavy,0.8,0.25,2.0,smart,0.3,1,4000,1.25,1.1584,0.0916,7.327,2911,2815,96,1089,0.899,0.967,1
0.9,tail_heavy,0.8,0.25,2.0,smart,0.3,2,4000,1.25,1.1456,0.1044,8.356,2912,2841,71,1088,0.9095,0.9756,1
0.9,tail_heavy,0.8,0.25,2.0,smart,0.3,3,4000,1.25,1.1588,0.0912,7.3,2901,2807,94,1099,0.9018,0.9676,1
0.9,tail_heavy,0.8,0.25,2.0,smart,0.3,4,4000,1.25,1.1476,0.1024,8.189,2948,2869,79,1052,0.8985,0.9732,1
0.9,tail_heavy,0.8,0.25,2.0,smart,0.3,5,4000,1.25,1.1569,0.0931,7.448,2994,2894,100,1006,0.8958,0.9666,1
0.9,tail_heavy,0.8,0.25,2.0,smart,0.3,6,4000,1.25,1.1596,0.0904,7.231,2969,2866,103,1031,0.9025,0.9653,1
0.9,tail_heavy,0.8,0.5,0.5,smart,0.3,0,4000,1.5,1.2312,0.2688,17.921,2910,2821,89,1090,0.9008,0.9694,1
0.9,tail_heavy,0.8,0.5,0.5,smart,0.3,1,4000,1.5,1.2349,0.2651,17.674,2894,2797,97,1106,0.8975,0.9665,1
0.9,tail_heavy,0.8,0.5,0.5,smart,0.3,2,4000,1.5,1.2357,0.2643,17.619,2882,2791,91,1118,0.913,0.9684,1
0.9,tail_heavy,0.8,0.5,0.5,smart,0.3,3,4000,1.5,1.2345,0.2655,17.699,2875,2787,88,1125,0.8952,0.9694,1
0.9,tail_heavy,0.8,0.5,0.5,smart,0.3,4,4000,1.5,1.2292,0.2708,18.051,2916,2833,83,1084,0.9005,0.9715,1
0.9,tail_heavy,0.8,0.5,0.5,smart,0.3,5,4000,1.5,1.2271,0.2729,18.191,2958,2866,92,1042,0.906,0.9689,1
0.9,tail_heavy,0.8,0.5,0.5,smart,0.3,6,4000,1.5,1.2315,0.2685,17.897,2927,2837,90,1073,0.898,0.9693,1
0.9,tail_heavy,0.8,0.5,1.0,smart,0.3,0,4000,1.5,1.2397,0.2603,17.351,2929,2842,87,1071,0.8965,0.9703,1
0.9,tail_heavy,0.8,0.5,1.0,smart,0.3,1,4000,1.5,1.2402,0.2598,17.322,2976,2876,100,1024,0.9012,0.9664,1
0.9,tail_heavy,0.8,0.5,1.0,smart,0.3,2,4000,1.5,1.2418,0.2582,17.21,2948,2851,97,1052,0.9008,0.9671,1
0.9,tail_heavy,0.8,0.5,1.0,smart,0.3,3,4000,1.5,1.2414,0.2586,17.242,2948,2849,99,1052,0.8995,0.9664,1
0.9,tail_heavy,0.8,0.5,1.0,smart,0.3,4,4000,1.5,1.2448,0.2552,17.011,2893,2801,92,1107,0.8962,0.9682,1
0.9,tail_heavy,0.8,0.5,1.0,smart,0.3,5,4000,1.5,1.2361,0.2639,17.596,2957,2872,85,1043,0.902,0.9713,1
0.9,tail_heavy,0.8,0.5,1.0,smart,0.3,6,4000,1.5,1.2357,0.2643,17.621,2967,2880,87,1033,0.9042,0.9707,1
0.9,tail_heavy,0.8,0.5,2.0,smart,0.3,0,4000,1.5,1.2661,0.2339,15.594,2886,2799,87,1114,0.9022,0.9699,1
0.9,tail_heavy,0.8,0.5,2.0,smart,0.3,1,4000,1.5,1.2766,0.2234,14.893,2905,2800,105,1095,0.9012,0.9639,1
0.9,tail_heavy,0.8,0.5,2.0,smart,0.3,2,4000,1.5,1.2626,0.2374,15.83,2951,2860,91,1049,0.9042,0.9692,1
0.9,tail_heavy,0.8,0.5,2.0,smart,0.3,3,4000,1.5,1.264,0.236,15.735,2925,2834,91,1075,0.9015,0.9689,1
0.9,tail_heavy,0.8,0.5,2.0,smart,0.3,4,4000,1.5,1.2572,0.2428,16.187,2917,2838,79,1083,0.9005,0.9729,1
0.9,tail_heavy,0.8,0.5,2.0,smart,0.3,5,4000,1.5,1.2689,0.2311,15.403,2903,2811,92,1097,0.8925,0.9683,1
0.9,tail_heavy,0.8,0.5,2.0,smart,0.3,6,4000,1.5,1.2586,0.2414,16.094,2930,2849,81,1070,0.9035,0.9724,1
0.9,tail_heavy,0.8,1,0.5,smart,0.3,0,4000,2.0,1.4467,0.5533,27.667,2940,2843,97,1060,0.8982,0.967,1
0.9,tail_heavy,0.8,1,0.5,smart,0.3,1,4000,2.0,1.4581,0.5419,27.096,2901,2802,99,1099,0.8905,0.9659,1
0.9,tail_heavy,0.8,1,0.5,smart,0.3,2,4000,2.0,1.4541,0.5459,27.293,2947,2835,112,1053,0.9042,0.962,1
0.9,tail_heavy,0.8,1,0.5,smart,0.3,3,4000,2.0,1.4488,0.5512,27.561,2917,2835,82,1083,0.9008,0.9719,1
0.9,tail_heavy,0.8,1,0.5,smart,0.3,4,4000,2.0,1.4405,0.5595,27.975,2965,2879,86,1035,0.9105,0.971,1
0.9,tail_heavy,0.8,1,0.5,smart,0.3,5,4000,2.0,1.4531,0.5469,27.343,2908,2816,92,1092,0.898,0.9684,1
0.9,tail_heavy,0.8,1,0.5,smart,0.3,6,4000,2.0,1.4477,0.5523,27.616,2923,2837,86,1077,0.9097,0.9706,1
0.9,tail_heavy,0.8,1,1.0,smart,0.3,0,4000,2.0,1.4495,0.5505,27.525,2957,2875,82,1043,0.8988,0.9723,1
0.9,tail_heavy,0.8,1,1.0,smart,0.3,1,4000,2.0,1.455,0.545,27.25,2936,2857,79,1064,0.8988,0.9731,1
0.9,tail_heavy,0.8,1,1.0,smart,0.3,2,4000,2.0,1.4661,0.5339,26.694,2896,2801,95,1104,0.899,0.9672,1
0.9,tail_heavy,0.8,1,1.0,smart,0.3,3,4000,2.0,1.4752,0.5248,26.239,2900,2790,110,1100,0.8925,0.9621,1
0.9,tail_heavy,0.8,1,1.0,smart,0.3,4,4000,2.0,1.4655,0.5345,26.726,2927,2827,100,1073,0.9025,0.9658,1
0.9,tail_heavy,0.8,1,1.0,smart,0.3,5,4000,2.0,1.4643,0.5357,26.784,2920,2828,92,1080,0.9,0.9685,1
0.9,tail_heavy,0.8,1,1.0,smart,0.3,6,4000,2.0,1.4732,0.5268,26.342,2884,2788,96,1116,0.894,0.9667,1
0.9,tail_heavy,0.8,1,2.0,smart,0.3,0,4000,2.0,1.505,0.495,24.748,2902,2791,111,1098,0.9002,0.9618,1
0.9,tail_heavy,0.8,1,2.0,smart,0.3,1,4000,2.0,1.4949,0.5051,25.255,2958,2842,116,1042,0.8972,0.9608,1
0.9,tail_heavy,0.8,1,2.0,smart,0.3,2,4000,2.0,1.4853,0.5147,25.733,2893,2809,84,1107,0.9107,0.971,1
0.9,tail_heavy,0.8,1,2.0,smart,0.3,3,4000,2.0,1.4876,0.5124,25.62,2906,2818,88,1094,0.9058,0.9697,1
0.9,tail_heavy,0.8,1,2.0,smart,0.3,4,4000,2.0,1.4811,0.5189,25.947,2916,2836,80,1084,0.9062,0.9726,1
0.9,tail_heavy,0.8,1,2.0,smart,0.3,5,4000,2.0,1.4741,0.5259,26.297,2971,2884,87,1029,0.8998,0.9707,1
0.9,tail_heavy,0.8,1,2.0,smart,0.3,6,4000,2.0,1.4823,0.5177,25.886,2926,2836,90,1074,0.8938,0.9692,1
0.9,tail_heavy,0.8,2,0.5,smart,0.3,0,4000,3.0,1.8727,1.1273,37.578,2972,2873,99,1028,0.8965,0.9667,1
0.9,tail_heavy,0.8,2,0.5,smart,0.3,1,4000,3.0,1.8843,1.1157,37.191,2931,2847,84,1069,0.9073,0.9713,1
0.9,tail_heavy,0.8,2,0.5,smart,0.3,2,4000,3.0,1.902,1.098,36.599,2890,2800,90,1110,0.901,0.9689,1
0.9,tail_heavy,0.8,2,0.5,smart,0.3,3,4000,3.0,1.8977,1.1023,36.743,2893,2810,83,1107,0.901,0.9713,1
0.9,tail_heavy,0.8,2,0.5,smart,0.3,4,4000,3.0,1.9156,1.0844,36.146,2846,2765,81,1154,0.902,0.9715,1
0.9,tail_heavy,0.8,2,0.5,smart,0.3,5,4000,3.0,1.8666,1.1334,37.78,3004,2894,110,996,0.9025,0.9634,1
0.9,tail_heavy,0.8,2,0.5,smart,0.3,6,4000,3.0,1.8908,1.1092,36.973,2936,2837,99,1064,0.8975,0.9663,1
0.9,tail_heavy,0.8,2,1.0,smart,0.3,0,4000,3.0,1.9176,1.0824,36.08,2889,2790,99,1111,0.9032,0.9657,1
0.9,tail_heavy,0.8,2,1.0,smart,0.3,1,4000,3.0,1.92,1.08,35.998,2913,2804,109,1087,0.8965,0.9626,1
0.9,tail_heavy,0.8,2,1.0,smart,0.3,2,4000,3.0,1.8912,1.1088,36.96,2927,2848,79,1073,0.9015,0.973,1
0.9,tail_heavy,0.8,2,1.0,smart,0.3,3,4000,3.0,1.9022,1.0978,36.592,2930,2831,99,1070,0.8982,0.9662,1
0.9,tail_heavy,0.8,2,1.0,smart,0.3,4,4000,3.0,1.9089,1.0911,36.37,2922,2821,101,1078,0.8972,0.9654,1
0.9,tail_heavy,0.8,2,1.0,smart,0.3,5,4000,3.0,1.9086,1.0914,36.38,2903,2819,84,1097,0.8968,0.9711,1
0.9,tail_heavy,0.8,2,1.0,smart,0.3,6,4000,3.0,1.9095,1.0905,36.349,2903,2815,88,1097,0.8975,0.9697,1
0.9,tail_heavy,0.8,2,2.0,smart,0.3,0,4000,3.0,1.9395,1.0605,35.351,2872,2792,80,1128,0.9,0.9721,1
0.9,tail_heavy,0.8,2,2.0,smart,0.3,1,4000,3.0,1.9003,1.0997,36.655,2967,2883,84,1033,0.9018,0.9717,1
0.9,tail_heavy,0.8,2,2.0,smart,0.3,2,4000,3.0,1.9037,1.0963,36.542,2966,2883,83,1034,0.9058,0.972,1
0.9,tail_heavy,0.8,2,2.0,smart,0.3,3,4000,3.0,1.9128,1.0872,36.241,2957,2864,93,1043,0.905,0.9685,1
0.9,tail_heavy,0.8,2,2.0,smart,0.3,4,4000,3.0,1.9241,1.0759,35.864,2910,2826,84,1090,0.9097,0.9711,1
0.9,tail_heavy,0.8,2,2.0,smart,0.3,5,4000,3.0,1.9001,1.0999,36.663,2963,2886,77,1037,0.9105,0.974,1
0.9,tail_heavy,0.8,2,2.0,smart,0.3,6,4000,3.0,1.9251,1.0749,35.829,2937,2838,99,1063,0.8958,0.9663,1
0.9,tail_heavy,0.8,4,0.5,smart,0.3,0,4000,5.0,2.8238,2.1762,43.524,2849,2766,83,1151,0.8928,0.9709,1
0.9,tail_heavy,0.8,4,0.5,smart,0.3,1,4000,5.0,2.7704,2.2296,44.592,2952,2848,104,1048,0.897,0.9648,1
0.9,tail_heavy,0.8,4,0.5,smart,0.3,2,4000,5.0,2.7455,2.2545,45.09,2940,2856,84,1060,0.9002,0.9714,1
0.9,tail_heavy,0.8,4,0.5,smart,0.3,3,4000,5.0,2.793,2.207,44.141,2912,2808,104,1088,0.9015,0.9643,1
0.9,tail_heavy,0.8,4,0.5,smart,0.3,4,4000,5.0,2.7516,2.2484,44.969,2935,2846,89,1065,0.899,0.9697,1
0.9,tail_heavy,0.8,4,0.5,smart,0.3,5,4000,5.0,2.7942,2.2058,44.117,2900,2804,96,1100,0.8982,0.9669,1
0.9,tail_heavy,0.8,4,0.5,smart,0.3,6,4000,5.0,2.7997,2.2003,44.005,2891,2802,89,1109,0.9005,0.9692,1
0.9,tail_heavy,0.8,4,1.0,smart,0.3,0,4000,5.0,2.8003,2.1997,43.994,2926,2821,105,1074,0.8928,0.9641,1
0.9,tail_heavy,0.8,4,1.0,smart,0.3,1,4000,5.0,2.797,2.203,44.061,2903,2818,85,1097,0.8972,0.9707,1
0.9,tail_heavy,0.8,4,1.0,smart,0.3,2,4000,5.0,2.7853,2.2147,44.294,2909,2821,88,1091,0.9028,0.9697,1
0.9,tail_heavy,0.8,4,1.0,smart,0.3,3,4000,5.0,2.8117,2.1883,43.766,2877,2790,87,1123,0.9015,0.9698,1
0.9,tail_heavy,0.8,4,1.0,smart,0.3,4,4000,5.0,2.7436,2.2564,45.128,2959,2878,81,1041,0.9018,0.9726,1
0.9,tail_heavy,0.8,4,1.0,smart,0.3,5,4000,5.0,2.7935,2.2065,44.13,2905,2817,88,1095,0.9015,0.9697,1
0.9,tail_heavy,0.8,4,1.0,smart,0.3,6,4000,5.0,2.7502,2.2498,44.995,2965,2880,85,1035,0.8962,0.9713,1
0.9,tail_heavy,0.8,4,2.0,smart,0.3,0,4000,5.0,2.8162,2.1838,43.676,2907,2811,96,1093,0.9022,0.967,1
0.9,tail_heavy,0.8,4,2.0,smart,0.3,1,4000,5.0,2.8,2.2,44.0,2964,2855,109,1036,0.9028,0.9632,1
0.9,tail_heavy,0.8,4,2.0,smart,0.3,2,4000,5.0,2.8212,2.1788,43.576,2950,2833,117,1050,0.8992,0.9603,1
0.9,tail_heavy,0.8,4,2.0,smart,0.3,3,4000,5.0,2.799,2.201,44.02,2931,2834,97,1069,0.8962,0.9669,1
0.9,tail_heavy,0.8,4,2.0,smart,0.3,4,4000,5.0,2.8135,2.1865,43.73,2907,2818,89,1093,0.901,0.9694,1
0.9,tail_heavy,0.8,4,2.0,smart,0.3,5,4000,5.0,2.813,2.187,43.74,2929,2830,99,1071,0.9022,0.9662,1
0.9,tail_heavy,0.8,4,2.0,smart,0.3,6,4000,5.0,2.7596,2.2404,44.808,2957,2877,80,1043,0.8942,0.9729,1
0.9,tail_heavy,0.8,8,0.5,smart,0.3,0,4000,9.0,4.4819,4.5181,50.202,2935,2851,84,1065,0.8985,0.9714,1
0.9,tail_heavy,0.8,8,0.5,smart,0.3,1,4000,9.0,4.5086,4.4914,49.905,2919,2834,85,1081,0.8985,0.9709,1
0.9,tail_heavy,0.8,8,0.5,smart,0.3,2,4000,9.0,4.553,4.447,49.411,2909,2825,84,1091,0.9048,0.9711,1
0.9,tail_heavy,0.8,8,0.5,smart,0.3,3,4000,9.0,4.5307,4.4693,49.659,2901,2827,74,1099,0.9,0.9745,1
0.9,tail_heavy,0.8,8,0.5,smart,0.3,4,4000,9.0,4.577,4.423,49.144,2887,2791,96,1113,0.906,0.9667,1
0.9,tail_heavy,0.8,8,0.5,smart,0.3,5,4000,9.0,4.5603,4.4397,49.33,2908,2813,95,1092,0.8952,0.9673,1
0.9,tail_heavy,0.8,8,0.5,smart,0.3,6,4000,9.0,4.5387,4.4613,49.57,2930,2826,104,1070,0.8995,0.9645,1
0.9,tail_heavy,0.8,8,1.0,smart,0.3,0,4000,9.0,4.515,4.485,49.833,2934,2842,92,1066,0.904,0.9686,1
0.9,tail_heavy,0.8,8,1.0,smart,0.3,1,4000,9.0,4.5202,4.4798,49.776,2936,2849,87,1064,0.8995,0.9704,1
0.9,tail_heavy,0.8,8,1.0,smart,0.3,2,4000,9.0,4.4672,4.5328,50.365,2948,2872,76,1052,0.8988,0.9742,1
0.9,tail_heavy,0.8,8,1.0,smart,0.3,3,4000,9.0,4.5477,4.4523,49.47,2931,2829,102,1069,0.898,0.9652,1
0.9,tail_heavy,0.8,8,1.0,smart,0.3,4,4000,9.0,4.5523,4.4477,49.419,2918,2827,91,1082,0.9002,0.9688,1
0.9,tail_heavy,0.8,8,1.0,smart,0.3,5,4000,9.0,4.5129,4.4871,49.856,2954,2856,98,1046,0.9015,0.9668,1
0.9,tail_heavy,0.8,8,1.0,smart,0.3,6,4000,9.0,4.6233,4.3767,48.629,2869,2774,95,1131,0.896,0.9669,1
0.9,tail_heavy,0.8,8,2.0,smart,0.3,0,4000,9.0,4.6343,4.3657,48.508,2887,2793,94,1113,0.8945,0.9674,1
0.9,tail_heavy,0.8,8,2.0,smart,0.3,1,4000,9.0,4.575,4.425,49.167,2925,2821,104,1075,0.8925,0.9644,1
0.9,tail_heavy,0.8,8,2.0,smart,0.3,2,4000,9.0,4.6604,4.3396,48.218,2854,2761,93,1146,0.8922,0.9674,1
0.9,tail_heavy,0.8,8,2.0,smart,0.3,3,4000,9.0,4.5892,4.4108,49.009,2897,2814,83,1103,0.8975,0.9713,1
0.9,tail_heavy,0.8,8,2.0,smart,0.3,4,4000,9.0,4.5803,4.4197,49.108,2906,2818,88,1094,0.9008,0.9697,1
0.9,tail_heavy,0.8,8,2.0,smart,0.3,5,4000,9.0,4.6152,4.3848,48.72,2884,2788,96,1116,0.8895,0.9667,1
0.9,tail_heavy,0.8,8,2.0,smart,0.3,6,4000,9.0,4.5212,4.4788,49.764,2935,2855,80,1065,0.8965,0.9727,1
0.9,tail_heavy,0.9,0.25,0.5,smart,0.3,0,4000,1.25,1.1028,0.1472,11.779,3149,3098,51,851,0.8902,0.9838,1
0.9,tail_heavy,0.9,0.25,0.5,smart,0.3,1,4000,1.25,1.0969,0.1531,12.245,3209,3172,37,791,0.9052,0.9885,1
0.9,tail_heavy,0.9,0.25,0.5,smart,0.3,2,4000,1.25,1.0966,0.1534,12.272,3232,3190,42,768,0.9042,0.987,1
0.9,tail_heavy,0.9,0.25,0.5,smart,0.3,3,4000,1.25,1.0969,0.1531,12.249,3243,3201,42,757,0.904,0.987,1
0.9,tail_heavy,0.9,0.25,0.5,smart,0.3,4,4000,1.25,1.0973,0.1527,12.218,3232,3192,40,768,0.905,0.9876,1
0.9,tail_heavy,0.9,0.25,0.5,smart,0.3,5,4000,1.25,1.0954,0.1546,12.368,3251,3210,41,749,0.901,0.9874,1
0.9,tail_heavy,0.9,0.25,0.5,smart,0.3,6,4000,1.25,1.1001,0.1499,11.991,3221,3169,52,779,0.9042,0.9839,1
0.9,tail_heavy,0.9,0.25,1.0,smart,0.3,0,4000,1.25,1.1025,0.1475,11.797,3243,3200,43,757,0.9073,0.9867,1
0.9,tail_heavy,0.9,0.25,1.0,smart,0.3,1,4000,1.25,1.1041,0.1459,11.669,3177,3139,38,823,0.8995,0.988,1
0.9,tail_heavy,0.9,0.25,1.0,smart,0.3,2,4000,1.25,1.0991,0.1509,12.07,3267,3232,35,733,0.9022,0.9893,1
0.9,tail_heavy,0.9,0.25,1.0,smart,0.3,3,4000,1.25,1.1032,0.1468,11.745,3282,3230,52,718,0.904,0.9842,1
0.9,tail_heavy,0.9,0.25,1.0,smart,0.3,4,4000,1.25,1.1028,0.1472,11.78,3256,3207,49,744,0.9025,0.985,1
0.9,tail_heavy,0.9,0.25,1.0,smart,0.3,5,4000,1.25,1.1046,0.1454,11.635,3256,3204,52,744,0.895,0.984,1
0.9,tail_heavy,0.9,0.25,1.0,smart,0.3,6,4000,1.25,1.099,0.151,12.083,3249,3218,31,751,0.91,0.9905,1
0.9,tail_heavy,0.9,0.25,2.0,smart,0.3,0,4000,1.25,1.1132,0.1368,10.942,3255,3212,43,745,0.8965,0.9868,1
0.9,tail_heavy,0.9,0.25,2.0,smart,0.3,1,4000,1.25,1.1181,0.1319,10.551,3208,3161,47,792,0.8968,0.9853,1
0.9,tail_heavy,0.9,0.25,2.0,smart,0.3,2,4000,1.25,1.1123,0.1377,11.015,3264,3220,44,736,0.9035,0.9865,1
0.9,tail_heavy,0.9,0.25,2.0,smart,0.3,3,4000,1.25,1.1142,0.1358,10.868,3237,3192,45,763,0.9002,0.9861,1
0.9,tail_heavy,0.9,0.25,2.0,smart,0.3,4,4000,1.25,1.1178,0.1322,10.576,3239,3187,52,761,0.9028,0.9839,1
0.9,tail_heavy,0.9,0.25,2.0,smart,0.3,5,4000,1.25,1.1141,0.1359,10.876,3239,3194,45,761,0.9018,0.9861,1
0.9,tail_heavy,0.9,0.25,2.0,smart,0.3,6,4000,1.25,1.1179,0.1321,10.572,3230,3179,51,770,0.896,0.9842,1
0.9,tail_heavy,0.9,0.5,0.5,smart,0.3,0,4000,1.5,1.1984,0.3016,20.107,3162,3112,50,838,0.889,0.9842,1
0.9,tail_heavy,0.9,0.5,0.5,smart,0.3,1,4000,1.5,1.1871,0.3129,20.859,3259,3212,47,741,0.908,0.9856,1
0.9,tail_heavy,0.9,0.5,0.5,smart,0.3,2,4000,1.5,1.1909,0.3091,20.609,3197,3163,34,803,0.898,0.9894,1
0.9,tail_heavy,0.9,0.5,0.5,smart,0.3,3,4000,1.5,1.1834,0.3166,21.106,3282,3243,39,718,0.9115,0.9881,1
0.9,tail_heavy,0.9,0.5,0.5,smart,0.3,4,4000,1.5,1.1822,0.3178,21.183,3327,3280,47,673,0.9065,0.9859,1
0.9,tail_heavy,0.9,0.5,0.5,smart,0.3,5,4000,1.5,1.1939,0.3061,20.409,3216,3165,51,784,0.901,0.9841,1
0.9,tail_heavy,0.9,0.5,0.5,smart,0.3,6,4000,1.5,1.1933,0.3067,20.448,3203,3157,46,797,0.8958,0.9856,1
0.9,tail_heavy,0.9,0.5,1.0,smart,0.3,0,4000,1.5,1.1915,0.3085,20.564,3254,3212,42,746,0.9052,0.9871,1
0.9,tail_heavy,0.9,0.5,1.0,smart,0.3,1,4000,1.5,1.1958,0.3042,20.282,3225,3181,44,775,0.902,0.9864,1
0.9,tail_heavy,0.9,0.5,1.0,smart,0.3,2,4000,1.5,1.1923,0.3077,20.512,3290,3242,48,710,0.9032,0.9854,1
0.9,tail_heavy,0.9,0.5,1.0,smart,0.3,3,4000,1.5,1.2018,0.2982,19.877,3198,3144,54,802,0.8972,0.9831,1
0.9,tail_heavy,0.9,0.5,1.0,smart,0.3,4,4000,1.5,1.1899,0.3101,20.674,3282,3239,43,718,0.9113,0.9869,1
0.9,tail_heavy,0.9,0.5,1.0,smart,0.3,5,4000,1.5,1.1943,0.3057,20.379,3240,3196,44,760,0.8945,0.9864,1
0.9,tail_heavy,0.9,0.5,1.0,smart,0.3,6,4000,1.5,1.1916,0.3084,20.559,3280,3231,49,720,0.904,0.9851,1
0.9,tail_heavy,0.9,0.5,2.0,smart,0.3,0,4000,1.5,1.2055,0.2945,19.636,3255,3210,45,745,0.8982,0.9862,1
0.9,tail_heavy,0.9,0.5,2.0,smart,0.3,1,4000,1.5,1.2035,0.2965,19.768,3221,3183,38,779,0.8982,0.9882,1
0.9,tail_heavy,0.9,0.5,2.0,smart,0.3,2,4000,1.5,1.2058,0.2942,19.61,3180,3145,35,820,0.888,0.989,1
0.9,tail_heavy,0.9,0.5,2.0,smart,0.3,3,4000,1.5,1.2033,0.2967,19.777,3237,3197,40,763,0.8975,0.9876,1
0.9,tail_heavy,0.9,0.5,2.0,smart,0.3,4,4000,1.5,1.2083,0.2917,19.447,3247,3199,48,753,0.904,0.9852,1
0.9,tail_heavy,0.9,0.5,2.0,smart,0.3,5,4000,1.5,1.2054,0.2946,19.641,3248,3201,47,752,0.9028,0.9855,1
0.9,tail_heavy,0.9,0.5,2.0,smart,0.3,6,4000,1.5,1.2082,0.2918,19.45,3242,3192,50,758,0.902,0.9846,1
0.9,tail_heavy,0.9,1,0.5,smart,0.3,0,4000,2.0,1.3776,0.6224,31.122,3223,3179,44,777,0.9025,0.9863,1
0.9,tail_heavy,0.9,1,0.5,smart,0.3,1,4000,2.0,1.3735,0.6265,31.323,3230,3185,45,770,0.9015,0.9861,1
0.9,tail_heavy,0.9,1,0.5,smart,0.3,2,4000,2.0,1.3704,0.6296,31.48,3248,3210,38,752,0.9,0.9883,1
0.9,tail_heavy,0.9,1,0.5,smart,0.3,3,4000,2.0,1.3678,0.6322,31.609,3256,3221,35,744,0.9012,0.9893,1
0.9,tail_heavy,0.9,1,0.5,smart,0.3,4,4000,2.0,1.382,0.618,30.9,3194,3149,45,806,0.9073,0.9859,1
0.9,tail_heavy,0.9,1,0.5,smart,0.3,5,4000,2.0,1.3799,0.6201,31.007,3225,3179,46,775,0.893,0.9857,1
0.9,tail_heavy,0.9,1,0.5,smart,0.3,6,4000,2.0,1.3789,0.6211,31.055,3206,3164,42,794,0.8928,0.9869,1
0.9,tail_heavy,0.9,1,1.0,smart,0.3,0,4000,2.0,1.3846,0.6154,30.77,3238,3184,54,762,0.897,0.9833,1
0.9,tail_heavy,0.9,1,1.0,smart,0.3,1,4000,2.0,1.3724,0.6276,31.379,3275,3232,43,725,0.8968,0.9869,1
0.9,tail_heavy,0.9,1,1.0,smart,0.3,2,4000,2.0,1.3708,0.6292,31.46,3281,3238,43,719,0.9012,0.9869,1
0.9,tail_heavy,0.9,1,1.0,smart,0.3,3,4000,2.0,1.38,0.62,30.998,3236,3193,43,764,0.9005,0.9867,1
0.9,tail_heavy,0.9,1,1.0,smart,0.3,4,4000,2.0,1.3739,0.6261,31.303,3248,3213,35,752,0.9052,0.9892,1
0.9,tail_heavy,0.9,1,1.0,smart,0.3,5,4000,2.0,1.3767,0.6233,31.166,3267,3219,48,733,0.9058,0.9853,1
0.9,tail_heavy,0.9,1,1.0,smart,0.3,6,4000,2.0,1.3696,0.6304,31.52,3272,3234,38,728,0.9095,0.9884,1
0.9,tail_heavy,0.9,1,2.0,smart,0.3,0,4000,2.0,1.3808,0.6192,30.96,3271,3229,42,729,0.908,0.9872,1
0.9,tail_heavy,0.9,1,2.0,smart,0.3,1,4000,2.0,1.3825,0.6175,30.877,3229,3197,32,771,0.9073,0.9901,1
0.9,tail_heavy,0.9,1,2.0,smart,0.3,2,4000,2.0,1.3845,0.6155,30.774,3269,3222,47,731,0.8962,0.9856,1
0.9,tail_heavy,0.9,1,2.0,smart,0.3,3,4000,2.0,1.3815,0.6185,30.927,3265,3225,40,735,0.905,0.9877,1
0.9,tail_heavy,0.9,1,2.0,smart,0.3,4,4000,2.0,1.4023,0.5977,29.887,3217,3165,52,783,0.8968,0.9838,1
0.9,tail_heavy,0.9,1,2.0,smart,0.3,5,4000,2.0,1.3912,0.6088,30.44,3271,3216,55,729,0.8945,0.9832,1
0.9,tail_heavy,0.9,1,2.0,smart,0.3,6,4000,2.0,1.3743,0.6257,31.283,3268,3239,29,732,0.908,0.9911,1
0.9,tail_heavy,0.9,2,0.5,smart,0.3,0,4000,3.0,1.7415,1.2585,41.951,3222,3174,48,778,0.8945,0.9851,1
0.9,tail_heavy,0.9,2,0.5,smart,0.3,1,4000,3.0,1.7409,1.2591,41.969,3249,3192,57,751,0.9035,0.9825,1
0.9,tail_heavy,0.9,2,0.5,smart,0.3,2,4000,3.0,1.7539,1.2461,41.535,3224,3167,57,776,0.8942,0.9823,1
0.9,tail_heavy,0.9,2,0.5,smart,0.3,3,4000,3.0,1.7534,1.2466,41.553,3213,3169,44,787,0.8925,0.9863,1
0.9,tail_heavy,0.9,2,0.5,smart,0.3,4,4000,3.0,1.7359,1.2641,42.137,3256,3204,52,744,0.8975,0.984,1
0.9,tail_heavy,0.9,2,0.5,smart,0.3,5,4000,3.0,1.7306,1.2694,42.312,3264,3215,49,736,0.8965,0.985,1
0.9,tail_heavy,0.9,2,0.5,smart,0.3,6,4000,3.0,1.7461,1.2539,41.795,3242,3186,56,758,0.9015,0.9827,1
0.9,tail_heavy,0.9,2,1.0,smart,0.3,0,4000,3.0,1.7511,1.2489,41.63,3248,3190,58,752,0.896,0.9821,1
0.9,tail_heavy,0.9,2,1.0,smart,0.3,1,4000,3.0,1.773,1.227,40.9,3195,3144,51,805,0.8895,0.984,1
0.9,tail_heavy,0.9,2,1.0,smart,0.3,2,4000,3.0,1.7529,1.2471,41.572,3224,3179,45,776,0.9005,0.986,1
0.9,tail_heavy,0.9,2,1.0,smart,0.3,3,4000,3.0,1.7394,1.2606,42.018,3266,3216,50,734,0.905,0.9847,1
0.9,tail_heavy,0.9,2,1.0,smart,0.3,4,4000,3.0,1.7668,1.2332,41.106,3187,3147,40,813,0.8902,0.9874,1
0.9,tail_heavy,0.9,2,1.0,smart,0.3,5,4000,3.0,1.7371,1.2629,42.097,3256,3215,41,744,0.903,0.9874,1
0.9,tail_heavy,0.9,2,1.0,smart,0.3,6,4000,3.0,1.7469,1.2531,41.768,3249,3201,48,751,0.8985,0.9852,1
0.9,tail_heavy,0.9,2,2.0,smart,0.3,0,4000,3.0,1.7462,1.2538,41.792,3276,3228,48,724,0.9025,0.9853,1
0.9,tail_heavy,0.9,2,2.0,smart,0.3,1,4000,3.0,1.7772,1.2228,40.759,3216,3157,59,784,0.9035,0.9817,1
0.9,tail_heavy,0.9,2,2.0,smart,0.3,2,4000,3.0,1.7581,1.2419,41.397,3230,3187,43,770,0.9058,0.9867,1
0.9,tail_heavy,0.9,2,2.0,smart,0.3,3,4000,3.0,1.7606,1.2394,41.313,3218,3179,39,782,0.8968,0.9879,1
0.9,tail_heavy,0.9,2,2.0,smart,0.3,4,4000,3.0,1.754,1.246,41.535,3243,3198,45,757,0.8962,0.9861,1
0.9,tail_heavy,0.9,2,2.0,smart,0.3,5,4000,3.0,1.7559,1.2441,41.471,3225,3179,46,775,0.892,0.9857,1
0.9,tail_heavy,0.9,2,2.0,smart,0.3,6,4000,3.0,1.7593,1.2407,41.358,3234,3188,46,766,0.9012,0.9858,1
0.9,tail_heavy,0.9,4,0.5,smart,0.3,0,4000,5.0,2.4852,2.5148,50.296,3229,3169,60,771,0.9002,0.9814,1
0.9,tail_heavy,0.9,4,0.5,smart,0.3,1,4000,5.0,2.4525,2.5475,50.951,3252,3212,40,748,0.9052,0.9877,1
0.9,tail_heavy,0.9,4,0.5,smart,0.3,2,4000,5.0,2.494,2.506,50.121,3228,3178,50,772,0.8968,0.9845,1
0.9,tail_heavy,0.9,4,0.5,smart,0.3,3,4000,5.0,2.4937,2.5063,50.127,3225,3173,52,775,0.8935,0.9839,1
0.9,tail_heavy,0.9,4,0.5,smart,0.3,4,4000,5.0,2.4744,2.5256,50.512,3243,3195,48,757,0.9025,0.9852,1
0.9,tail_heavy,0.9,4,0.5,smart,0.3,5,4000,5.0,2.5059,2.4941,49.882,3198,3160,38,802,0.8955,0.9881,1
0.9,tail_heavy,0.9,4,0.5,smart,0.3,6,4000,5.0,2.5091,2.4909,49.817,3211,3169,42,789,0.896,0.9869,1
0.9,tail_heavy,0.9,4,1.0,smart,0.3,0,4000,5.0,2.4808,2.5192,50.384,3238,3191,47,762,0.9042,0.9855,1
0.9,tail_heavy,0.9,4,1.0,smart,0.3,1,4000,5.0,2.4811,2.5189,50.378,3220,3184,36,780,0.8912,0.9888,1
0.9,tail_heavy,0.9,4,1.0,smart,0.3,2,4000,5.0,2.4541,2.5459,50.917,3271,3235,36,729,0.9065,0.989,1
0.9,tail_heavy,0.9,4,1.0,smart,0.3,3,4000,5.0,2.4978,2.5022,50.045,3236,3181,55,764,0.9008,0.983,1
0.9,tail_heavy,0.9,4,1.0,smart,0.3,4,4000,5.0,2.4765,2.5235,50.469,3252,3201,51,748,0.8915,0.9843,1
0.9,tail_heavy,0.9,4,1.0,smart,0.3,5,4000,5.0,2.4532,2.5468,50.936,3269,3220,49,731,0.898,0.985,1
0.9,tail_heavy,0.9,4,1.0,smart,0.3,6,4000,5.0,2.4988,2.5012,50.025,3233,3178,55,767,0.9005,0.983,1
0.9,tail_heavy,0.9,4,2.0,smart,0.3,0,4000,5.0,2.5336,2.4664,49.327,3185,3142,43,815,0.8972,0.9865,1
0.9,tail_heavy,0.9,4,2.0,smart,0.3,1,4000,5.0,2.5142,2.4858,49.716,3207,3167,40,793,0.8968,0.9875,1
0.9,tail_heavy,0.9,4,2.0,smart,0.3,2,4000,5.0,2.5388,2.4612,49.224,3192,3151,41,808,0.8995,0.9872,1
0.9,tail_heavy,0.9,4,2.0,smart,0.3,3,4000,5.0,2.4819,2.5181,50.361,3261,3216,45,739,0.9075,0.9862,1
0.9,tail_heavy,0.9,4,2.0,smart,0.3,4,4000,5.0,2.4806,2.5194,50.388,3229,3195,34,771,0.9038,0.9895,1
0.9,tail_heavy,0.9,4,2.0,smart,0.3,5,4000,5.0,2.5072,2.4928,49.856,3212,3172,40,788,0.893,0.9875,1
0.9,tail_heavy,0.9,4,2.0,smart,0.3,6,4000,5.0,2.5195,2.4805,49.61,3201,3162,39,799,0.897,0.9878,1
0.9,tail_heavy,0.9,8,0.5,smart,0.3,0,4000,9.0,4.0246,4.9754,55.282,3196,3142,54,804,0.891,0.9831,1
0.9,tail_heavy,0.9,8,0.5,smart,0.3,1,4000,9.0,3.9279,5.0721,56.356,3241,3193,48,759,0.8958,0.9852,1
0.9,tail_heavy,0.9,8,0.5,smart,0.3,2,4000,9.0,3.9881,5.0119,55.688,3231,3172,59,769,0.897,0.9817,1
0.9,tail_heavy,0.9,8,0.5,smart,0.3,3,4000,9.0,3.9448,5.0552,56.169,3245,3201,44,755,0.9,0.9864,1
0.9,tail_heavy,0.9,8,0.5,smart,0.3,4,4000,9.0,4.002,4.998,55.534,3203,3152,51,797,0.8878,0.9841,1
0.9,tail_heavy,0.9,8,0.5,smart,0.3,5,4000,9.0,3.9196,5.0804,56.449,3253,3224,29,747,0.909,0.9911,1
0.9,tail_heavy,0.9,8,0.5,smart,0.3,6,4000,9.0,3.9536,5.0464,56.071,3231,3199,32,769,0.9008,0.9901,1
0.9,tail_heavy,0.9,8,1.0,smart,0.3,0,4000,9.0,3.9502,5.0498,56.108,3216,3184,32,784,0.9032,0.99,1
0.9,tail_heavy,0.9,8,1.0,smart,0.3,1,4000,9.0,3.9555,5.0445,56.05,3248,3183,65,752,0.8975,0.98,1
0.9,tail_heavy,0.9,8,1.0,smart,0.3,2,4000,9.0,3.9647,5.0353,55.948,3238,3195,43,762,0.9052,0.9867,1
0.9,tail_heavy,0.9,8,1.0,smart,0.3,3,4000,9.0,3.8972,5.1028,56.698,3271,3232,39,729,0.902,0.9881,1
0.9,tail_heavy,0.9,8,1.0,smart,0.3,4,4000,9.0,3.9163,5.0837,56.486,3268,3211,57,732,0.8952,0.9826,1
0.9,tail_heavy,0.9,8,1.0,smart,0.3,5,4000,9.0,4.0567,4.9433,54.925,3191,3145,46,809,0.8922,0.9856,1
0.9,tail_heavy,0.9,8,1.0,smart,0.3,6,4000,9.0,3.9636,5.0364,55.96,3233,3190,43,767,0.9038,0.9867,1
0.9,tail_heavy,0.9,8,2.0,smart,0.3,0,4000,9.0,3.9321,5.0679,56.31,3251,3214,37,749,0.9073,0.9886,1
0.9,tail_heavy,0.9,8,2.0,smart,0.3,1,4000,9.0,3.8394,5.1606,57.34,3308,3266,42,692,0.904,0.9873,1
0.9,tail_heavy,0.9,8,2.0,smart,0.3,2,4000,9.0,3.9168,5.0832,56.479,3250,3208,42,750,0.9035,0.9871,1
0.9,tail_heavy,0.9,8,2.0,smart,0.3,3,4000,9.0,4.0272,4.9728,55.253,3201,3151,50,799,0.8978,0.9844,1
0.9,tail_heavy,0.9,8,2.0,smart,0.3,4,4000,9.0,3.9317,5.0683,56.315,3254,3205,49,746,0.9107,0.9849,1
0.9,tail_heavy,0.9,8,2.0,smart,0.3,5,4000,9.0,3.9471,5.0529,56.143,3255,3216,39,745,0.8975,0.988,1
0.9,tail_heavy,0.9,8,2.0,smart,0.3,6,4000,9.0,3.9298,5.0702,56.335,3259,3214,45,741,0.907,0.9862,1
0.9,tail_heavy,0.95,0.25,0.5,smart,0.3,0,4000,1.25,1.0858,0.1642,13.135,3386,3363,23,614,0.9012,0.9932,1
0.9,tail_heavy,0.95,0.25,0.5,smart,0.3,1,4000,1.25,1.085,0.165,13.198,3394,3375,19,606,0.8965,0.9944,1
0.9,tail_heavy,0.95,0.25,0.5,smart,0.3,2,4000,1.25,1.0844,0.1656,13.245,3383,3370,13,617,0.9008,0.9962,1
0.9,tail_heavy,0.95,0.25,0.5,smart,0.3,3,4000,1.25,1.0865,0.1635,13.082,3368,3350,18,632,0.896,0.9947,1
0.9,tail_heavy,0.95,0.25,0.5,smart,0.3,4,4000,1.25,1.0863,0.1637,13.097,3388,3366,22,612,0.8995,0.9935,1
0.9,tail_heavy,0.95,0.25,0.5,smart,0.3,5,4000,1.25,1.0856,0.1644,13.152,3397,3374,23,603,0.902,0.9932,1
0.9,tail_heavy,0.95,0.25,0.5,smart,0.3,6,4000,1.25,1.0873,0.1627,13.014,3375,3353,22,625,0.8998,0.9935,1
0.9,tail_heavy,0.95,0.25,1.0,smart,0.3,0,4000,1.25,1.0892,0.1608,12.865,3364,3347,17,636,0.8962,0.9949,1
0.9,tail_heavy,0.95,0.25,1.0,smart,0.3,1,4000,1.25,1.0922,0.1578,12.623,3357,3332,25,643,0.8972,0.9926,1
0.9,tail_heavy,0.95,0.25,1.0,smart,0.3,2,4000,1.25,1.0887,0.1613,12.907,3391,3368,23,609,0.8975,0.9932,1
0.9,tail_heavy,0.95,0.25,1.0,smart,0.3,3,4000,1.25,1.0882,0.1618,12.943,3400,3377,23,600,0.9062,0.9932,1
0.9,tail_heavy,0.95,0.25,1.0,smart,0.3,4,4000,1.25,1.0873,0.1627,13.014,3410,3391,19,590,0.8998,0.9944,1
0.9,tail_heavy,0.95,0.25,1.0,smart,0.3,5,4000,1.25,1.0874,0.1626,13.006,3388,3371,17,612,0.898,0.995,1
0.9,tail_heavy,0.95,0.25,1.0,smart,0.3,6,4000,1.25,1.0874,0.1626,13.009,3370,3354,16,630,0.8922,0.9953,1
0.9,tail_heavy,0.95,0.25,2.0,smart,0.3,0,4000,1.25,1.0974,0.1526,12.208,3361,3336,25,639,0.8955,0.9926,1
0.9,tail_heavy,0.95,0.25,2.0,smart,0.3,1,4000,1.25,1.088,0.162,12.962,3395,3384,11,605,0.9015,0.9968,1
0.9,tail_heavy,0.95,0.25,2.0,smart,0.3,2,4000,1.25,1.0911,0.1589,12.712,3416,3398,18,584,0.9062,0.9947,1
0.9,tail_heavy,0.95,0.25,2.0,smart,0.3,3,4000,1.25,1.094,0.156,12.482,3391,3371,20,609,0.892,0.9941,1
0.9,tail_heavy,0.95,0.25,2.0,smart,0.3,4,4000,1.25,1.0968,0.1532,12.255,3379,3353,26,621,0.9002,0.9923,1
0.9,tail_heavy,0.95,0.25,2.0,smart,0.3,5,4000,1.25,1.0924,0.1576,12.606,3371,3354,17,629,0.8932,0.995,1
0.9,tail_heavy,0.95,0.25,2.0,smart,0.3,6,4000,1.25,1.0959,0.1541,12.325,3381,3358,23,619,0.896,0.9932,1
0.9,tail_heavy,0.95,0.5,0.5,smart,0.3,0,4000,1.5,1.1676,0.3324,22.158,3416,3391,25,584,0.8985,0.9927,1
0.9,tail_heavy,0.95,0.5,0.5,smart,0.3,1,4000,1.5,1.1747,0.3253,21.685,3339,3315,24,661,0.8932,0.9928,1
0.9,tail_heavy,0.95,0.5,0.5,smart,0.3,2,4000,1.5,1.1706,0.3294,21.959,3377,3359,18,623,0.9008,0.9947,1
0.9,tail_heavy,0.95,0.5,0.5,smart,0.3,3,4000,1.5,1.1674,0.3326,22.172,3408,3380,28,592,0.908,0.9918,1
0.9,tail_heavy,0.95,0.5,0.5,smart,0.3,4,4000,1.5,1.1703,0.3297,21.982,3376,3352,24,624,0.8912,0.9929,1
0.9,tail_heavy,0.95,0.5,0.5,smart,0.3,5,4000,1.5,1.1666,0.3334,22.227,3412,3389,23,588,0.8995,0.9933,1
0.9,tail_heavy,0.95,0.5,0.5,smart,0.3,6,4000,1.5,1.1692,0.3308,22.055,3408,3379,29,592,0.8975,0.9915,1
0.9,tail_heavy,0.95,0.5,1.0,smart,0.3,0,4000,1.5,1.1708,0.3292,21.947,3378,3364,14,622,0.895,0.9959,1
0.9,tail_heavy,0.95,0.5,1.0,smart,0.3,1,4000,1.5,1.1717,0.3283,21.884,3412,3388,24,588,0.9028,0.993,1
0.9,tail_heavy,0.95,0.5,1.0,smart,0.3,2,4000,1.5,1.171,0.329,21.93,3380,3364,16,620,0.8992,0.9953,1
0.9,tail_heavy,0.95,0.5,1.0,smart,0.3,3,4000,1.5,1.1742,0.3258,21.719,3366,3343,23,634,0.896,0.9932,1
0.9,tail_heavy,0.95,0.5,1.0,smart,0.3,4,4000,1.5,1.175,0.325,21.666,3366,3343,23,634,0.8962,0.9932,1
0.9,tail_heavy,0.95,0.5,1.0,smart,0.3,5,4000,1.5,1.1689,0.3311,22.07,3401,3384,17,599,0.8998,0.995,1
0.9,tail_heavy,0.95,0.5,1.0,smart,0.3,6,4000,1.5,1.1687,0.3313,22.089,3406,3388,18,594,0.9025,0.9947,1
0.9,tail_heavy,0.95,0.5,2.0,smart,0.3,0,4000,1.5,1.18,0.32,21.334,3352,3331,21,648,0.8952,0.9937,1
0.9,tail_heavy,0.95,0.5,2.0,smart,0.3,1,4000,1.5,1.1747,0.3253,21.686,3403,3385,18,597,0.9012,0.9947,1
0.9,tail_heavy,0.95,0.5,2.0,smart,0.3,2,4000,1.5,1.1811,0.3189,21.258,3392,3366,26,608,0.8965,0.9923,1
0.9,tail_heavy,0.95,0.5,2.0,smart,0.3,3,4000,1.5,1.1779,0.3221,21.476,3391,3369,22,609,0.8938,0.9935,1
0.9,tail_heavy,0.95,0.5,2.0,smart,0.3,4,4000,1.5,1.1806,0.3194,21.291,3363,3341,22,637,0.9008,0.9935,1
0.9,tail_heavy,0.95,0.5,2.0,smart,0.3,5,4000,1.5,1.183,0.317,21.135,3386,3355,31,614,0.8945,0.9908,1
0.9,tail_heavy,0.95,0.5,2.0,smart,0.3,6,4000,1.5,1.1781,0.3219,21.46,3400,3376,24,600,0.8958,0.9929,1
0.9,tail_heavy,0.95,1,0.5,smart,0.3,0,4000,2.0,1.3323,0.6677,33.383,3396,3373,23,604,0.9038,0.9932,1
0.9,tail_heavy,0.95,1,0.5,smart,0.3,1,4000,2.0,1.3289,0.6711,33.557,3410,3400,10,590,0.9035,0.9971,1
0.9,tail_heavy,0.95,1,0.5,smart,0.3,2,4000,2.0,1.3427,0.6573,32.863,3382,3354,28,618,0.9052,0.9917,1
0.9,tail_heavy,0.95,1,0.5,smart,0.3,3,4000,2.0,1.3349,0.6651,33.257,3398,3373,25,602,0.8972,0.9926,1
0.9,tail_heavy,0.95,1,0.5,smart,0.3,4,4000,2.0,1.3355,0.6645,33.226,3389,3369,20,611,0.9028,0.9941,1
0.9,tail_heavy,0.95,1,0.5,smart,0.3,5,4000,2.0,1.3267,0.6733,33.664,3422,3399,23,578,0.9083,0.9933,1
0.9,tail_heavy,0.95,1,0.5,smart,0.3,6,4000,2.0,1.3241,0.6759,33.797,3441,3427,14,559,0.9045,0.9959,1
0.9,tail_heavy,0.95,1,1.0,smart,0.3,0,4000,2.0,1.335,0.665,33.249,3405,3385,20,595,0.9067,0.9941,1
0.9,tail_heavy,0.95,1,1.0,smart,0.3,1,4000,2.0,1.339,0.661,33.049,3412,3384,28,588,0.898,0.9918,1
0.9,tail_heavy,0.95,1,1.0,smart,0.3,2,4000,2.0,1.3377,0.6623,33.116,3395,3372,23,605,0.9042,0.9932,1
0.9,tail_heavy,0.95,1,1.0,smart,0.3,3,4000,2.0,1.3414,0.6586,32.932,3391,3365,26,609,0.9008,0.9923,1
0.9,tail_heavy,0.95,1,1.0,smart,0.3,4,4000,2.0,1.3405,0.6595,32.975,3383,3366,17,617,0.9028,0.995,1
0.9,tail_heavy,0.95,1,1.0,smart,0.3,5,4000,2.0,1.3343,0.6657,33.287,3432,3401,31,568,0.9062,0.991,1
0.9,tail_heavy,0.95,1,1.0,smart,0.3,6,4000,2.0,1.3489,0.6511,32.556,3356,3333,23,644,0.901,0.9931,1
0.9,tail_heavy,0.95,1,2.0,smart,0.3,0,4000,2.0,1.35,0.65,32.502,3375,3350,25,625,0.8978,0.9926,1
0.9,tail_heavy,0.95,1,2.0,smart,0.3,1,4000,2.0,1.341,0.659,32.95,3408,3382,26,592,0.897,0.9924,1
0.9,tail_heavy,0.95,1,2.0,smart,0.3,2,4000,2.0,1.3527,0.6473,32.364,3353,3329,24,647,0.891,0.9928,1
0.9,tail_heavy,0.95,1,2.0,smart,0.3,3,4000,2.0,1.3403,0.6597,32.986,3409,3387,22,591,0.9038,0.9935,1
0.9,tail_heavy,0.95,1,2.0,smart,0.3,4,4000,2.0,1.3408,0.6592,32.959,3387,3371,16,613,0.8958,0.9953,1
0.9,tail_heavy,0.95,1,2.0,smart,0.3,5,4000,2.0,1.3493,0.6507,32.534,3426,3393,33,574,0.9048,0.9904,1
0.9,tail_heavy,0.95,1,2.0,smart,0.3,6,4000,2.0,1.3484,0.6516,32.58,3351,3332,19,649,0.9008,0.9943,1
0.9,tail_heavy,0.95,2,0.5,smart,0.3,0,4000,3.0,1.6703,1.3297,44.323,3386,3367,19,614,0.8998,0.9944,1
0.9,tail_heavy,0.95,2,0.5,smart,0.3,1,4000,3.0,1.6641,1.3359,44.53,3422,3395,27,578,0.9,0.9921,1
0.9,tail_heavy,0.95,2,0.5,smart,0.3,2,4000,3.0,1.663,1.337,44.567,3393,3378,15,607,0.898,0.9956,1
0.9,tail_heavy,0.95,2,0.5,smart,0.3,3,4000,3.0,1.6785,1.3215,44.051,3364,3342,22,636,0.8942,0.9935,1
0.9,tail_heavy,0.95,2,0.5,smart,0.3,4,4000,3.0,1.6789,1.3211,44.036,3359,3341,18,641,0.8995,0.9946,1
0.9,tail_heavy,0.95,2,0.5,smart,0.3,5,4000,3.0,1.6694,1.3306,44.355,3394,3372,22,606,0.89,0.9935,1
0.9,tail_heavy,0.95,2,0.5,smart,0.3,6,4000,3.0,1.6574,1.3426,44.753,3402,3385,17,598,0.903,0.995,1
0.9,tail_heavy,0.95,2,1.0,smart,0.3,0,4000,3.0,1.6732,1.3268,44.225,3403,3378,25,597,0.8945,0.9927,1
0.9,tail_heavy,0.95,2,1.0,smart,0.3,1,4000,3.0,1.6536,1.3464,44.879,3420,3401,19,580,0.9025,0.9944,1
0.9,tail_heavy,0.95,2,1.0,smart,0.3,2,4000,3.0,1.6768,1.3232,44.106,3368,3349,19,632,0.8915,0.9944,1
0.9,tail_heavy,0.95,2,1.0,smart,0.3,3,4000,3.0,1.6733,1.3267,44.222,3395,3369,26,605,0.9025,0.9923,1
0.9,tail_heavy,0.95,2,1.0,smart,0.3,4,4000,3.0,1.6598,1.3402,44.675,3396,3381,15,604,0.901,0.9956,1
0.9,tail_heavy,0.95,2,1.0,smart,0.3,5,4000,3.0,1.6753,1.3247,44.157,3372,3353,19,628,0.8945,0.9944,1
0.9,tail_heavy,0.95,2,1.0,smart,0.3,6,4000,3.0,1.6755,1.3245,44.15,3375,3356,19,625,0.899,0.9944,1
0.9,tail_heavy,0.95,2,2.0,smart,0.3,0,4000,3.0,1.6465,1.3535,45.118,3445,3425,20,555,0.9075,0.9942,1
0.9,tail_heavy,0.95,2,2.0,smart,0.3,1,4000,3.0,1.6667,1.3333,44.442,3394,3377,17,606,0.904,0.995,1
0.9,tail_heavy,0.95,2,2.0,smart,0.3,2,4000,3.0,1.665,1.335,44.5,3412,3390,22,588,0.9105,0.9936,1
0.9,tail_heavy,0.95,2,2.0,smart,0.3,3,4000,3.0,1.6904,1.3096,43.652,3372,3349,23,628,0.8992,0.9932,1
0.9,tail_heavy,0.95,2,2.0,smart,0.3,4,4000,3.0,1.6984,1.3016,43.386,3351,3325,26,649,0.8935,0.9922,1
0.9,tail_heavy,0.95,2,2.0,smart,0.3,5,4000,3.0,1.6861,1.3139,43.796,3383,3350,33,617,0.893,0.9902,1
0.9,tail_heavy,0.95,2,2.0,smart,0.3,6,4000,3.0,1.6874,1.3126,43.754,3373,3346,27,627,0.899,0.992,1
0.9,tail_heavy,0.95,4,0.5,smart,0.3,0,4000,5.0,2.2911,2.7089,54.178,3420,3400,20,580,0.909,0.9942,1
0.9,tail_heavy,0.95,4,0.5,smart,0.3,1,4000,5.0,2.3304,2.6696,53.392,3382,3361,21,618,0.894,0.9938,1
0.9,tail_heavy,0.95,4,0.5,smart,0.3,2,4000,5.0,2.3481,2.6519,53.038,3363,3345,18,637,0.9008,0.9946,1
0.9,tail_heavy,0.95,4,0.5,smart,0.3,3,4000,5.0,2.3422,2.6578,53.157,3398,3377,21,602,0.8918,0.9938,1
0.9,tail_heavy,0.95,4,0.5,smart,0.3,4,4000,5.0,2.3133,2.6867,53.733,3412,3396,16,588,0.9045,0.9953,1
0.9,tail_heavy,0.95,4,0.5,smart,0.3,5,4000,5.0,2.3337,2.6663,53.327,3372,3356,16,628,0.9028,0.9953,1
0.9,tail_heavy,0.95,4,0.5,smart,0.3,6,4000,5.0,2.3076,2.6924,53.848,3428,3409,19,572,0.909,0.9945,1
0.9,tail_heavy,0.95,4,1.0,smart,0.3,0,4000,5.0,2.3243,2.6757,53.513,3421,3394,27,579,0.9035,0.9921,1
0.9,tail_heavy,0.95,4,1.0,smart,0.3,1,4000,5.0,2.3231,2.6769,53.538,3406,3387,19,594,0.9035,0.9944,1
0.9,tail_heavy,0.95,4,1.0,smart,0.3,2,4000,5.0,2.3236,2.6764,53.527,3404,3385,19,596,0.9015,0.9944,1
0.9,tail_heavy,0.95,4,1.0,smart,0.3,3,4000,5.0,2.3525,2.6475,52.95,3378,3356,22,622,0.8985,0.9935,1
0.9,tail_heavy,0.95,4,1.0,smart,0.3,4,4000,5.0,2.3294,2.6706,53.412,3401,3381,20,599,0.9005,0.9941,1
0.9,tail_heavy,0.95,4,1.0,smart,0.3,5,4000,5.0,2.3187,2.6813,53.627,3420,3396,24,580,0.9083,0.993,1
0.9,tail_heavy,0.95,4,1.0,smart,0.3,6,4000,5.0,2.3435,2.6565,53.13,3389,3367,22,611,0.8945,0.9935,1
0.9,tail_heavy,0.95,4,2.0,smart,0.3,0,4000,5.0,2.3584,2.6416,52.831,3369,3347,22,631,0.8928,0.9935,1
0.9,tail_heavy,0.95,4,2.0,smart,0.3,1,4000,5.0,2.3353,2.6647,53.293,3399,3376,23,601,0.8978,0.9932,1
0.9,tail_heavy,0.95,4,2.0,smart,0.3,2,4000,5.0,2.3216,2.6784,53.568,3425,3404,21,575,0.899,0.9939,1
0.9,tail_heavy,0.95,4,2.0,smart,0.3,3,4000,5.0,2.3738,2.6262,52.524,3356,3336,20,644,0.8885,0.994,1
0.9,tail_heavy,0.95,4,2.0,smart,0.3,4,4000,5.0,2.3092,2.6908,53.817,3436,3413,23,564,0.91,0.9933,1
0.9,tail_heavy,0.95,4,2.0,smart,0.3,5,4000,5.0,2.3433,2.6567,53.133,3393,3367,26,607,0.9045,0.9923,1
0.9,tail_heavy,0.95,4,2.0,smart,0.3,6,4000,5.0,2.3388,2.6612,53.225,3387,3371,16,613,0.9015,0.9953,1
0.9,tail_heavy,0.95,8,0.5,smart,0.3,0,4000,9.0,3.6827,5.3173,59.081,3394,3371,23,606,0.9025,0.9932,1
0.9,tail_heavy,0.95,8,0.5,smart,0.3,1,4000,9.0,3.6979,5.3021,58.912,3381,3363,18,619,0.899,0.9947,1
0.9,tail_heavy,0.95,8,0.5,smart,0.3,2,4000,9.0,3.7085,5.2915,58.794,3379,3359,20,621,0.9005,0.9941,1
0.9,tail_heavy,0.95,8,0.5,smart,0.3,3,4000,9.0,3.7219,5.2781,58.646,3358,3339,19,642,0.8978,0.9943,1
0.9,tail_heavy,0.95,8,0.5,smart,0.3,4,4000,9.0,3.6815,5.3185,59.094,3388,3362,26,612,0.8995,0.9923,1
0.9,tail_heavy,0.95,8,0.5,smart,0.3,5,4000,9.0,3.7544,5.2456,58.285,3364,3336,28,636,0.8938,0.9917,1
0.9,tail_heavy,0.95,8,0.5,smart,0.3,6,4000,9.0,3.688,5.312,59.022,3384,3360,24,616,0.898,0.9929,1
0.9,tail_heavy,0.95,8,1.0,smart,0.3,0,4000,9.0,3.6766,5.3234,59.148,3391,3370,21,609,0.899,0.9938,1
0.9,tail_heavy,0.95,8,1.0,smart,0.3,1,4000,9.0,3.6808,5.3192,59.102,3390,3363,27,610,0.8978,0.992,1
0.9,tail_heavy,0.95,8,1.0,smart,0.3,2,4000,9.0,3.7116,5.2884,58.76,3366,3348,18,634,0.8958,0.9947,1
0.9,tail_heavy,0.95,8,1.0,smart,0.3,3,4000,9.0,3.6321,5.3679,59.644,3423,3398,25,577,0.904,0.9927,1
0.9,tail_heavy,0.95,8,1.0,smart,0.3,4,4000,9.0,3.6568,5.3432,59.369,3403,3376,27,597,0.8942,0.9921,1
0.9,tail_heavy,0.95,8,1.0,smart,0.3,5,4000,9.0,3.6696,5.3304,59.227,3404,3383,21,596,0.9002,0.9938,1
0.9,tail_heavy,0.95,8,1.0,smart,0.3,6,4000,9.0,3.6428,5.3572,59.524,3402,3380,22,598,0.9015,0.9935,1
0.9,tail_heavy,0.95,8,2.0,smart,0.3,0,4000,9.0,3.6927,5.3073,58.97,3396,3372,24,604,0.903,0.9929,1
0.9,tail_heavy,0.95,8,2.0,smart,0.3,1,4000,9.0,3.6972,5.3028,58.921,3386,3371,15,614,0.9012,0.9956,1
0.9,tail_heavy,0.95,8,2.0,smart,0.3,2,4000,9.0,3.7325,5.2675,58.528,3368,3345,23,632,0.9005,0.9932,1
0.9,tail_heavy,0.95,8,2.0,smart,0.3,3,4000,9.0,3.7188,5.2812,58.68,3367,3341,26,633,0.8962,0.9923,1
0.9,tail_heavy,0.95,8,2.0,smart,0.3,4,4000,9.0,3.7831,5.2169,57.965,3320,3287,33,680,0.8875,0.9901,1
0.9,tail_heavy,0.95,8,2.0,smart,0.3,5,4000,9.0,3.658,5.342,59.355,3402,3378,24,598,0.8992,0.9929,1
0.9,tail_heavy,0.95,8,2.0,smart,0.3,6,4000,9.0,3.6799,5.3201,59.112,3389,3367,22,611,0.909,0.9935,1
0.9,tail_heavy,1.0,0.25,0.5,smart,0.3,0,4000,1.25,1.0769,0.1731,13.847,3520,3520,0,480,0.8952,1.0,1
0.9,tail_heavy,1.0,0.25,0.5,smart,0.3,1,4000,1.25,1.0742,0.1758,14.064,3549,3549,0,451,0.9002,1.0,1
0.9,tail_heavy,1.0,0.25,0.5,smart,0.3,2,4000,1.25,1.0738,0.1762,14.093,3566,3566,0,434,0.9055,1.0,1
0.9,tail_heavy,1.0,0.25,0.5,smart,0.3,3,4000,1.25,1.0767,0.1733,13.866,3504,3504,0,496,0.8928,1.0,1
0.9,tail_heavy,1.0,0.25,0.5,smart,0.3,4,4000,1.25,1.0743,0.1757,14.06,3540,3540,0,460,0.8952,1.0,1
0.9,tail_heavy,1.0,0.25,0.5,smart,0.3,5,4000,1.25,1.0751,0.1749,13.989,3538,3538,0,462,0.9012,1.0,1
0.9,tail_heavy,1.0,0.25,0.5,smart,0.3,6,4000,1.25,1.0749,0.1751,14.011,3539,3539,0,461,0.9042,1.0,1
0.9,tail_heavy,1.0,0.25,1.0,smart,0.3,0,4000,1.25,1.0748,0.1752,14.015,3528,3528,0,472,0.891,1.0,1
0.9,tail_heavy,1.0,0.25,1.0,smart,0.3,1,4000,1.25,1.075,0.175,14.001,3542,3542,0,458,0.9,1.0,1
0.9,tail_heavy,1.0,0.25,1.0,smart,0.3,2,4000,1.25,1.0746,0.1754,14.035,3554,3554,0,446,0.901,1.0,1
0.9,tail_heavy,1.0,0.25,1.0,smart,0.3,3,4000,1.25,1.0754,0.1746,13.965,3528,3528,0,472,0.8912,1.0,1
0.9,tail_heavy,1.0,0.25,1.0,smart,0.3,4,4000,1.25,1.0751,0.1749,13.993,3521,3521,0,479,0.8972,1.0,1
0.9,tail_heavy,1.0,0.25,1.0,smart,0.3,5,4000,1.25,1.0744,0.1756,14.051,3544,3544,0,456,0.9038,1.0,1
0.9,tail_heavy,1.0,0.25,1.0,smart,0.3,6,4000,1.25,1.076,0.174,13.924,3528,3528,0,472,0.8935,1.0,1
0.9,tail_heavy,1.0,0.25,2.0,smart,0.3,0,4000,1.25,1.0711,0.1789,14.311,3599,3599,0,401,0.9055,1.0,1
0.9,tail_heavy,1.0,0.25,2.0,smart,0.3,1,4000,1.25,1.0733,0.1767,14.133,3566,3566,0,434,0.9022,1.0,1
0.9,tail_heavy,1.0,0.25,2.0,smart,0.3,2,4000,1.25,1.0751,0.1749,13.991,3519,3519,0,481,0.891,1.0,1
0.9,tail_heavy,1.0,0.25,2.0,smart,0.3,3,4000,1.25,1.0735,0.1765,14.122,3566,3566,0,434,0.9062,1.0,1
0.9,tail_heavy,1.0,0.25,2.0,smart,0.3,4,4000,1.25,1.0753,0.1747,13.973,3536,3536,0,464,0.8948,1.0,1
0.9,tail_heavy,1.0,0.25,2.0,smart,0.3,5,4000,1.25,1.0737,0.1763,14.104,3564,3564,0,436,0.9075,1.0,1
0.9,tail_heavy,1.0,0.25,2.0,smart,0.3,6,4000,1.25,1.072,0.178,14.237,3588,3588,0,412,0.8995,1.0,1
0.9,tail_heavy,1.0,0.5,0.5,smart,0.3,0,4000,1.5,1.1497,0.3503,23.351,3543,3543,0,457,0.8988,1.0,1
0.9,tail_heavy,1.0,0.5,0.5,smart,0.3,1,4000,1.5,1.1484,0.3516,23.439,3543,3543,0,457,0.9025,1.0,1
0.9,tail_heavy,1.0,0.5,0.5,smart,0.3,2,4000,1.5,1.1491,0.3509,23.391,3548,3548,0,452,0.9018,1.0,1
0.9,tail_heavy,1.0,0.5,0.5,smart,0.3,3,4000,1.5,1.1511,0.3489,23.26,3521,3521,0,479,0.893,1.0,1
0.9,tail_heavy,1.0,0.5,0.5,smart,0.3,4,4000,1.5,1.1494,0.3506,23.376,3544,3544,0,456,0.901,1.0,1
0.9,tail_heavy,1.0,0.5,0.5,smart,0.3,5,4000,1.5,1.1485,0.3515,23.431,3571,3571,0,429,0.903,1.0,1
0.9,tail_heavy,1.0,0.5,0.5,smart,0.3,6,4000,1.5,1.15,0.35,23.333,3534,3534,0,466,0.9002,1.0,1
0.9,tail_heavy,1.0,0.5,1.0,smart,0.3,0,4000,1.5,1.1495,0.3505,23.368,3545,3545,0,455,0.8902,1.0,1
0.9,tail_heavy,1.0,0.5,1.0,smart,0.3,1,4000,1.5,1.1491,0.3509,23.392,3548,3548,0,452,0.899,1.0,1
0.9,tail_heavy,1.0,0.5,1.0,smart,0.3,2,4000,1.5,1.148,0.352,23.47,3544,3544,0,456,0.9042,1.0,1
0.9,tail_heavy,1.0,0.5,1.0,smart,0.3,3,4000,1.5,1.1461,0.3539,23.596,3569,3569,0,431,0.8988,1.0,1
0.9,tail_heavy,1.0,0.5,1.0,smart,0.3,4,4000,1.5,1.1484,0.3516,23.439,3552,3552,0,448,0.9077,1.0,1
0.9,tail_heavy,1.0,0.5,1.0,smart,0.3,5,4000,1.5,1.1493,0.3507,23.378,3537,3537,0,463,0.8995,1.0,1
0.9,tail_heavy,1.0,0.5,1.0,smart,0.3,6,4000,1.5,1.1509,0.3491,23.275,3538,3538,0,462,0.8988,1.0,1
0.9,tail_heavy,1.0,0.5,2.0,smart,0.3,0,4000,1.5,1.1525,0.3475,23.169,3516,3516,0,484,0.8938,1.0,1
0.9,tail_heavy,1.0,0.5,2.0,smart,0.3,1,4000,1.5,1.1534,0.3466,23.104,3518,3518,0,482,0.8942,1.0,1
0.9,tail_heavy,1.0,0.5,2.0,smart,0.3,2,4000,1.5,1.147,0.353,23.535,3564,3564,0,436,0.8995,1.0,1
0.9,tail_heavy,1.0,0.5,2.0,smart,0.3,3,4000,1.5,1.1482,0.3518,23.456,3558,3558,0,442,0.9022,1.0,1
0.9,tail_heavy,1.0,0.5,2.0,smart,0.3,4,4000,1.5,1.1504,0.3496,23.307,3538,3538,0,462,0.9002,1.0,1
0.9,tail_heavy,1.0,0.5,2.0,smart,0.3,5,4000,1.5,1.1459,0.3541,23.604,3582,3582,0,418,0.9095,1.0,1
0.9,tail_heavy,1.0,0.5,2.0,smart,0.3,6,4000,1.5,1.1522,0.3478,23.186,3517,3517,0,483,0.8942,1.0,1
0.9,tail_heavy,1.0,1,0.5,smart,0.3,0,4000,2.0,1.295,0.705,35.251,3556,3556,0,444,0.9045,1.0,1
0.9,tail_heavy,1.0,1,0.5,smart,0.3,1,4000,2.0,1.2938,0.7062,35.308,3570,3570,0,430,0.9093,1.0,1
0.9,tail_heavy,1.0,1,0.5,smart,0.3,2,4000,2.0,1.2991,0.7009,35.043,3536,3536,0,464,0.8962,1.0,1
0.9,tail_heavy,1.0,1,0.5,smart,0.3,3,4000,2.0,1.2975,0.7025,35.127,3566,3566,0,434,0.905,1.0,1
0.9,tail_heavy,1.0,1,0.5,smart,0.3,4,4000,2.0,1.2971,0.7029,35.147,3553,3553,0,447,0.908,1.0,1
0.9,tail_heavy,1.0,1,0.5,smart,0.3,5,4000,2.0,1.2859,0.7141,35.704,3597,3597,0,403,0.9067,1.0,1
0.9,tail_heavy,1.0,1,0.5,smart,0.3,6,4000,2.0,1.3021,0.6979,34.893,3532,3532,0,468,0.8972,1.0,1
0.9,tail_heavy,1.0,1,1.0,smart,0.3,0,4000,2.0,1.303,0.697,34.852,3521,3521,0,479,0.8978,1.0,1
0.9,tail_heavy,1.0,1,1.0,smart,0.3,1,4000,2.0,1.2944,0.7056,35.28,3559,3559,0,441,0.896,1.0,1
0.9,tail_heavy,1.0,1,1.0,smart,0.3,2,4000,2.0,1.2902,0.7098,35.488,3583,3583,0,417,0.9073,1.0,1
0.9,tail_heavy,1.0,1,1.0,smart,0.3,3,4000,2.0,1.2981,0.7019,35.096,3535,3535,0,465,0.9022,1.0,1
0.9,tail_heavy,1.0,1,1.0,smart,0.3,4,4000,2.0,1.3011,0.6989,34.944,3546,3546,0,454,0.9022,1.0,1
0.9,tail_heavy,1.0,1,1.0,smart,0.3,5,4000,2.0,1.2888,0.7112,35.561,3582,3582,0,418,0.8998,1.0,1
0.9,tail_heavy,1.0,1,1.0,smart,0.3,6,4000,2.0,1.2992,0.7008,35.039,3536,3536,0,464,0.8958,1.0,1
0.9,tail_heavy,1.0,1,2.0,smart,0.3,0,4000,2.0,1.2887,0.7113,35.565,3581,3581,0,419,0.91,1.0,1
0.9,tail_heavy,1.0,1,2.0,smart,0.3,1,4000,2.0,1.2893,0.7107,35.536,3572,3572,0,428,0.9008,1.0,1
0.9,tail_heavy,1.0,1,2.0,smart,0.3,2,4000,2.0,1.2993,0.7007,35.036,3548,3548,0,452,0.8998,1.0,1
0.9,tail_heavy,1.0,1,2.0,smart,0.3,3,4000,2.0,1.3007,0.6993,34.967,3530,3530,0,470,0.899,1.0,1
0.9,tail_heavy,1.0,1,2.0,smart,0.3,4,4000,2.0,1.2988,0.7012,35.061,3552,3552,0,448,0.8965,1.0,1
0.9,tail_heavy,1.0,1,2.0,smart,0.3,5,4000,2.0,1.2978,0.7022,35.109,3547,3547,0,453,0.8962,1.0,1
0.9,tail_heavy,1.0,1,2.0,smart,0.3,6,4000,2.0,1.3042,0.6958,34.791,3533,3533,0,467,0.8952,1.0,1
0.9,tail_heavy,1.0,2,0.5,smart,0.3,0,4000,3.0,1.5932,1.4068,46.892,3536,3536,0,464,0.896,1.0,1
0.9,tail_heavy,1.0,2,0.5,smart,0.3,1,4000,3.0,1.5869,1.4131,47.102,3572,3572,0,428,0.9105,1.0,1
0.9,tail_heavy,1.0,2,0.5,smart,0.3,2,4000,3.0,1.5999,1.4001,46.672,3536,3536,0,464,0.9012,1.0,1
0.9,tail_heavy,1.0,2,0.5,smart,0.3,3,4000,3.0,1.6017,1.3983,46.611,3543,3543,0,457,0.9008,1.0,1
0.9,tail_heavy,1.0,2,0.5,smart,0.3,4,4000,3.0,1.5853,1.4147,47.157,3566,3566,0,434,0.9067,1.0,1
0.9,tail_heavy,1.0,2,0.5,smart,0.3,5,4000,3.0,1.5996,1.4004,46.679,3542,3542,0,458,0.9022,1.0,1
0.9,tail_heavy,1.0,2,0.5,smart,0.3,6,4000,3.0,1.6117,1.3883,46.278,3507,3507,0,493,0.894,1.0,1
0.9,tail_heavy,1.0,2,1.0,smart,0.3,0,4000,3.0,1.6084,1.3916,46.386,3528,3528,0,472,0.8935,1.0,1
0.9,tail_heavy,1.0,2,1.0,smart,0.3,1,4000,3.0,1.5866,1.4134,47.112,3568,3568,0,432,0.9032,1.0,1
0.9,tail_heavy,1.0,2,1.0,smart,0.3,2,4000,3.0,1.5898,1.4102,47.007,3568,3568,0,432,0.9067,1.0,1
0.9,tail_heavy,1.0,2,1.0,smart,0.3,3,4000,3.0,1.5915,1.4085,46.95,3561,3561,0,439,0.9028,1.0,1
0.9,tail_heavy,1.0,2,1.0,smart,0.3,4,4000,3.0,1.6032,1.3968,46.559,3521,3521,0,479,0.8975,1.0,1
0.9,tail_heavy,1.0,2,1.0,smart,0.3,5,4000,3.0,1.5864,1.4136,47.119,3573,3573,0,427,0.9073,1.0,1
0.9,tail_heavy,1.0,2,1.0,smart,0.3,6,4000,3.0,1.5898,1.4102,47.005,3559,3559,0,441,0.902,1.0,1
0.9,tail_heavy,1.0,2,2.0,smart,0.3,0,4000,3.0,1.5769,1.4231,47.438,3597,3597,0,403,0.9093,1.0,1
0.9,tail_heavy,1.0,2,2.0,smart,0.3,1,4000,3.0,1.6108,1.3892,46.307,3534,3534,0,466,0.8965,1.0,1
0.9,tail_heavy,1.0,2,2.0,smart,0.3,2,4000,3.0,1.5922,1.4078,46.926,3541,3541,0,459,0.9018,1.0,1
0.9,tail_heavy,1.0,2,2.0,smart,0.3,3,4000,3.0,1.6259,1.3741,45.804,3497,3497,0,503,0.887,1.0,1
0.9,tail_heavy,1.0,2,2.0,smart,0.3,4,4000,3.0,1.6039,1.3961,46.538,3530,3530,0,470,0.9012,1.0,1
0.9,tail_heavy,1.0,2,2.0,smart,0.3,5,4000,3.0,1.6031,1.3969,46.563,3528,3528,0,472,0.8908,1.0,1
0.9,tail_heavy,1.0,2,2.0,smart,0.3,6,4000,3.0,1.5933,1.4067,46.888,3555,3555,0,445,0.9077,1.0,1
0.9,tail_heavy,1.0,4,0.5,smart,0.3,0,4000,5.0,2.1896,2.8104,56.207,3542,3542,0,458,0.9025,1.0,1
0.9,tail_heavy,1.0,4,0.5,smart,0.3,1,4000,5.0,2.189,2.811,56.22,3541,3541,0,459,0.904,1.0,1
0.9,tail_heavy,1.0,4,0.5,smart,0.3,2,4000,5.0,2.1989,2.8011,56.022,3535,3535,0,465,0.8998,1.0,1
0.9,tail_heavy,1.0,4,0.5,smart,0.3,3,4000,5.0,2.2228,2.7772,55.545,3513,3513,0,487,0.8938,1.0,1
0.9,tail_heavy,1.0,4,0.5,smart,0.3,4,4000,5.0,2.206,2.794,55.88,3548,3548,0,452,0.902,1.0,1
0.9,tail_heavy,1.0,4,0.5,smart,0.3,5,4000,5.0,2.2067,2.7933,55.866,3522,3522,0,478,0.8952,1.0,1
0.9,tail_heavy,1.0,4,0.5,smart,0.3,6,4000,5.0,2.1645,2.8355,56.71,3569,3569,0,431,0.9032,1.0,1
0.9,tail_heavy,1.0,4,1.0,smart,0.3,0,4000,5.0,2.2069,2.7931,55.862,3546,3546,0,454,0.8962,1.0,1
0.9,tail_heavy,1.0,4,1.0,smart,0.3,1,4000,5.0,2.1796,2.8204,56.408,3567,3567,0,433,0.9062,1.0,1
0.9,tail_heavy,1.0,4,1.0,smart,0.3,2,4000,5.0,2.208,2.792,55.839,3517,3517,0,483,0.901,1.0,1
0.9,tail_heavy,1.0,4,1.0,smart,0.3,3,4000,5.0,2.214,2.786,55.72,3525,3525,0,475,0.9035,1.0,1
0.9,tail_heavy,1.0,4,1.0,smart,0.3,4,4000,5.0,2.1983,2.8017,56.035,3534,3534,0,466,0.9055,1.0,1
0.9,tail_heavy,1.0,4,1.0,smart,0.3,5,4000,5.0,2.1989,2.8011,56.022,3537,3537,0,463,0.8998,1.0,1
0.9,tail_heavy,1.0,4,1.0,smart,0.3,6,4000,5.0,2.1984,2.8016,56.032,3528,3528,0,472,0.8942,1.0,1
0.9,tail_heavy,1.0,4,2.0,smart,0.3,0,4000,5.0,2.1879,2.8121,56.243,3552,3552,0,448,0.9002,1.0,1
0.9,tail_heavy,1.0,4,2.0,smart,0.3,1,4000,5.0,2.1696,2.8304,56.608,3578,3578,0,422,0.907,1.0,1
0.9,tail_heavy,1.0,4,2.0,smart,0.3,2,4000,5.0,2.2048,2.7952,55.905,3528,3528,0,472,0.8998,1.0,1
0.9,tail_heavy,1.0,4,2.0,smart,0.3,3,4000,5.0,2.177,2.823,56.46,3551,3551,0,449,0.9005,1.0,1
0.9,tail_heavy,1.0,4,2.0,smart,0.3,4,4000,5.0,2.1755,2.8245,56.49,3571,3571,0,429,0.908,1.0,1
0.9,tail_heavy,1.0,4,2.0,smart,0.3,5,4000,5.0,2.1783,2.8217,56.434,3560,3560,0,440,0.904,1.0,1
0.9,tail_heavy,1.0,4,2.0,smart,0.3,6,4000,5.0,2.2032,2.7968,55.936,3532,3532,0,468,0.8992,1.0,1
0.9,tail_heavy,1.0,8,0.5,smart,0.3,0,4000,9.0,3.4422,5.5578,61.754,3512,3512,0,488,0.9012,1.0,1
0.9,tail_heavy,1.0,8,0.5,smart,0.3,1,4000,9.0,3.3919,5.6081,62.312,3545,3545,0,455,0.9005,1.0,1
0.9,tail_heavy,1.0,8,0.5,smart,0.3,2,4000,9.0,3.3207,5.6793,63.104,3574,3574,0,426,0.906,1.0,1
0.9,tail_heavy,1.0,8,0.5,smart,0.3,3,4000,9.0,3.2984,5.7016,63.351,3585,3585,0,415,0.9117,1.0,1
0.9,tail_heavy,1.0,8,0.5,smart,0.3,4,4000,9.0,3.4059,5.5941,62.157,3531,3531,0,469,0.8905,1.0,1
0.9,tail_heavy,1.0,8,0.5,smart,0.3,5,4000,9.0,3.4157,5.5843,62.047,3526,3526,0,474,0.8945,1.0,1
0.9,tail_heavy,1.0,8,0.5,smart,0.3,6,4000,9.0,3.3593,5.6407,62.675,3537,3537,0,463,0.8995,1.0,1
0.9,tail_heavy,1.0,8,1.0,smart,0.3,0,4000,9.0,3.4126,5.5874,62.082,3530,3530,0,470,0.8988,1.0,1
0.9,tail_heavy,1.0,8,1.0,smart,0.3,1,4000,9.0,3.4261,5.5739,61.932,3520,3520,0,480,0.8965,1.0,1
0.9,tail_heavy,1.0,8,1.0,smart,0.3,2,4000,9.0,3.3765,5.6235,62.483,3559,3559,0,441,0.9058,1.0,1
0.9,tail_heavy,1.0,8,1.0,smart,0.3,3,4000,9.0,3.3875,5.6125,62.361,3536,3536,0,464,0.8925,1.0,1
0.9,tail_heavy,1.0,8,1.0,smart,0.3,4,4000,9.0,3.3986,5.6014,62.238,3523,3523,0,477,0.8962,1.0,1
0.9,tail_heavy,1.0,8,1.0,smart,0.3,5,4000,9.0,3.4098,5.5902,62.113,3529,3529,0,471,0.8932,1.0,1
0.9,tail_heavy,1.0,8,1.0,smart,0.3,6,4000,9.0,3.3364,5.6636,62.929,3572,3572,0,428,0.9085,1.0,1
0.9,tail_heavy,1.0,8,2.0,smart,0.3,0,4000,9.0,3.3826,5.6174,62.416,3553,3553,0,447,0.9022,1.0,1
0.9,tail_heavy,1.0,8,2.0,smart,0.3,1,4000,9.0,3.3506,5.6494,62.772,3572,3572,0,428,0.902,1.0,1
0.9,tail_heavy,1.0,8,2.0,smart,0.3,2,4000,9.0,3.405,5.595,62.167,3533,3533,0,467,0.9,1.0,1
0.9,tail_heavy,1.0,8,2.0,smart,0.3,3,4000,9.0,3.3934,5.6066,62.296,3548,3548,0,452,0.9055,1.0,1
0.9,tail_heavy,1.0,8,2.0,smart,0.3,4,4000,9.0,3.4185,5.5815,62.016,3520,3520,0,480,0.9,1.0,1
0.9,tail_heavy,1.0,8,2.0,smart,0.3,5,4000,9.0,3.3778,5.6222,62.469,3549,3549,0,451,0.9035,1.0,1
0.9,tail_heavy,1.0,8,2.0,smart,0.3,6,4000,9.0,3.3878,5.6122,62.358,3555,3555,0,445,0.9002,1.0,1
