verbosity,ref_density,predict,seed,budget_frac,policy,mean_ctx,peak_ctx,success,demands,nc_peak,ref_frac,n_spans
64,0.02,low,0,0.25,NC,2498.13,4840,1.0,115,4840,0.0207,145
64,0.02,low,0,0.25,RT,1091.2,1192,0.27826,115,4840,0.0207,145
64,0.02,low,0,0.25,EC,1091.2,1192,1.0,115,4840,0.0207,145
64,0.02,low,0,0.25,EO,1091.2,1192,1.0,115,4840,0.0207,145
64,0.02,low,0,0.5,NC,2498.13,4840,1.0,115,4840,0.0207,145
64,0.02,low,0,0.5,RT,1900.8,2408,0.6,115,4840,0.0207,145
64,0.02,low,0,0.5,EC,1900.8,2408,1.0,115,4840,0.0207,145
64,0.02,low,0,0.5,EO,1900.8,2408,1.0,115,4840,0.0207,145
64,0.02,low,0,0.75,NC,2498.13,4840,1.0,115,4840,0.0207,145
64,0.02,low,0,0.75,RT,2353.6,3624,0.95652,115,4840,0.0207,145
64,0.02,low,0,0.75,EC,2353.6,3624,1.0,115,4840,0.0207,145
64,0.02,low,0,0.75,EO,2353.6,3624,1.0,115,4840,0.0207,145
64,0.02,low,1,0.25,NC,2701.33,5160,1.0,85,5160,0.0194,155
64,0.02,low,1,0.25,RT,1198.4,1288,0.35294,85,5160,0.0194,155
64,0.02,low,1,0.25,EC,1198.4,1288,1.0,85,5160,0.0194,155
64,0.02,low,1,0.25,EO,1198.4,1288,1.0,85,5160,0.0194,155
64,0.02,low,1,0.5,NC,2701.33,5160,1.0,85,5160,0.0194,155
64,0.02,low,1,0.5,RT,2029.33,2568,0.70588,85,5160,0.0194,155
64,0.02,low,1,0.5,EC,2029.33,2568,1.0,85,5160,0.0194,155
64,0.02,low,1,0.5,EO,2029.33,2568,1.0,85,5160,0.0194,155
64,0.02,low,1,0.75,NC,2701.33,5160,1.0,85,5160,0.0194,155
64,0.02,low,1,0.75,RT,2514.67,3848,0.92941,85,5160,0.0194,155
64,0.02,low,1,0.75,EC,2514.67,3848,1.0,85,5160,0.0194,155
64,0.02,low,1,0.75,EO,2514.67,3848,1.0,85,5160,0.0194,155
64,0.02,low,2,0.25,NC,2389.87,4616,1.0,78,4616,0.0217,138
64,0.02,low,2,0.25,RT,1021.87,1128,0.34615,78,4616,0.0217,138
64,0.02,low,2,0.25,EC,1021.87,1128,1.0,78,4616,0.0217,138
64,0.02,low,2,0.25,EO,1021.87,1128,1.0,78,4616,0.0217,138
64,0.02,low,2,0.5,NC,2389.87,4616,1.0,78,4616,0.0217,138
64,0.02,low,2,0.5,RT,1752.0,2280,0.69231,78,4616,0.0217,138
64,0.02,low,2,0.5,EC,1752.0,2280,1.0,78,4616,0.0217,138
64,0.02,low,2,0.5,EO,1752.0,2280,1.0,78,4616,0.0217,138
64,0.02,low,2,0.75,NC,2389.87,4616,1.0,78,4616,0.0217,138
64,0.02,low,2,0.75,RT,2229.33,3432,0.89744,78,4616,0.0217,138
64,0.02,low,2,0.75,EC,2229.33,3432,1.0,78,4616,0.0217,138
64,0.02,low,2,0.75,EO,2229.33,3432,1.0,78,4616,0.0217,138
64,0.02,low,3,0.25,NC,2772.8,5064,1.0,70,5064,0.0197,152
64,0.02,low,3,0.25,RT,1161.07,1256,0.38571,70,5064,0.0197,152
64,0.02,low,3,0.25,EC,1161.07,1256,1.0,70,5064,0.0197,152
64,0.02,low,3,0.25,EO,1161.07,1256,1.0,70,5064,0.0197,152
64,0.02,low,3,0.5,NC,2772.8,5064,1.0,70,5064,0.0197,152
64,0.02,low,3,0.5,RT,2000.0,2504,0.71429,70,5064,0.0197,152
64,0.02,low,3,0.5,EC,2000.0,2504,1.0,70,5064,0.0197,152
64,0.02,low,3,0.5,EO,2000.0,2504,1.0,70,5064,0.0197,152
64,0.02,low,3,0.75,NC,2772.8,5064,1.0,70,5064,0.0197,152
64,0.02,low,3,0.75,RT,2552.0,3784,1.0,70,5064,0.0197,152
64,0.02,low,3,0.75,EC,2552.0,3784,1.0,70,5064,0.0197,152
64,0.02,low,3,0.75,EO,2552.0,3784,1.0,70,5064,0.0197,152
64,0.02,low,4,0.25,NC,2488.53,4840,1.0,23,4840,0.0207,145
64,0.02,low,4,0.25,RT,1091.2,1192,0.56522,23,4840,0.0207,145
64,0.02,low,4,0.25,EC,1091.2,1192,1.0,23,4840,0.0207,145
64,0.02,low,4,0.25,EO,1091.2,1192,1.0,23,4840,0.0207,145
64,0.02,low,4,0.5,NC,2488.53,4840,1.0,23,4840,0.0207,145
64,0.02,low,4,0.5,RT,1894.93,2408,1.0,23,4840,0.0207,145
64,0.02,low,4,0.5,EC,1894.93,2408,1.0,23,4840,0.0207,145
64,0.02,low,4,0.5,EO,1894.93,2408,1.0,23,4840,0.0207,145
64,0.02,low,4,0.75,NC,2488.53,4840,1.0,23,4840,0.0207,145
64,0.02,low,4,0.75,RT,2340.27,3624,1.0,23,4840,0.0207,145
64,0.02,low,4,0.75,EC,2340.27,3624,1.0,23,4840,0.0207,145
64,0.02,low,4,0.75,EO,2340.27,3624,1.0,23,4840,0.0207,145
64,0.02,low,5,0.25,NC,2368.53,4552,1.0,82,4552,0.0221,136
64,0.02,low,5,0.25,RT,1046.4,1128,0.36585,82,4552,0.0221,136
64,0.02,low,5,0.25,EC,1046.4,1128,1.0,82,4552,0.0221,136
64,0.02,low,5,0.25,EO,1046.4,1128,1.0,82,4552,0.0221,136
64,0.02,low,5,0.5,NC,2368.53,4552,1.0,82,4552,0.0221,136
64,0.02,low,5,0.5,RT,1776.53,2248,0.69512,82,4552,0.0221,136
64,0.02,low,5,0.5,EC,1776.53,2248,1.0,82,4552,0.0221,136
64,0.02,low,5,0.5,EO,1776.53,2248,1.0,82,4552,0.0221,136
64,0.02,low,5,0.75,NC,2368.53,4552,1.0,82,4552,0.0221,136
64,0.02,low,5,0.75,RT,2216.53,3400,0.90244,82,4552,0.0221,136
64,0.02,low,5,0.75,EC,2216.53,3400,1.0,82,4552,0.0221,136
64,0.02,low,5,0.75,EO,2216.53,3400,1.0,82,4552,0.0221,136
64,0.02,low,6,0.25,NC,2724.27,5288,1.0,62,5288,0.0189,159
64,0.02,low,6,0.25,RT,1213.87,1320,0.48387,62,5288,0.0189,159
64,0.02,low,6,0.25,EC,1213.87,1320,1.0,62,5288,0.0189,159
64,0.02,low,6,0.25,EO,1213.87,1320,1.0,62,5288,0.0189,159
64,0.02,low,6,0.5,NC,2724.27,5288,1.0,62,5288,0.0189,159
64,0.02,low,6,0.5,RT,2065.6,2632,0.83871,62,5288,0.0189,159
64,0.02,low,6,0.5,EC,2065.6,2632,1.0,62,5288,0.0189,159
64,0.02,low,6,0.5,EO,2065.6,2632,1.0,62,5288,0.0189,159
64,0.02,low,6,0.75,NC,2724.27,5288,1.0,62,5288,0.0189,159
64,0.02,low,6,0.75,RT,2534.93,3944,1.0,62,5288,0.0189,159
64,0.02,low,6,0.75,EC,2534.93,3944,1.0,62,5288,0.0189,159
64,0.02,low,6,0.75,EO,2534.93,3944,1.0,62,5288,0.0189,159
64,0.02,low,7,0.25,NC,2728.53,5224,1.0,82,5224,0.0191,157
64,0.02,low,7,0.25,RT,1174.4,1288,0.37805,82,5224,0.0191,157
64,0.02,low,7,0.25,EC,1174.4,1288,1.0,82,5224,0.0191,157
64,0.02,low,7,0.25,EO,1174.4,1288,1.0,82,5224,0.0191,157
64,0.02,low,7,0.5,NC,2728.53,5224,1.0,82,5224,0.0191,157
64,0.02,low,7,0.5,RT,2042.67,2600,0.82927,82,5224,0.0191,157
64,0.02,low,7,0.5,EC,2042.67,2600,1.0,82,5224,0.0191,157
64,0.02,low,7,0.5,EO,2042.67,2600,1.0,82,5224,0.0191,157
64,0.02,low,7,0.75,NC,2728.53,5224,1.0,82,5224,0.0191,157
64,0.02,low,7,0.75,RT,2541.87,3912,0.9878,82,5224,0.0191,157
64,0.02,low,7,0.75,EC,2541.87,3912,1.0,82,5224,0.0191,157
64,0.02,low,7,0.75,EO,2541.87,3912,1.0,82,5224,0.0191,157
64,0.02,med,0,0.25,NC,2498.13,4840,1.0,104,4840,0.0207,145
64,0.02,med,0,0.25,RT,1091.2,1192,0.33654,104,4840,0.0207,145
64,0.02,med,0,0.25,EC,1091.2,1192,1.0,104,4840,0.0207,145
64,0.02,med,0,0.25,EO,1091.2,1192,1.0,104,4840,0.0207,145
64,0.02,med,0,0.5,NC,2498.13,4840,1.0,104,4840,0.0207,145
64,0.02,med,0,0.5,RT,1900.8,2408,0.66346,104,4840,0.0207,145
64,0.02,med,0,0.5,EC,1900.8,2408,1.0,104,4840,0.0207,145
64,0.02,med,0,0.5,EO,1900.8,2408,1.0,104,4840,0.0207,145
64,0.02,med,0,0.75,NC,2498.13,4840,1.0,104,4840,0.0207,145
64,0.02,med,0,0.75,RT,2353.6,3624,0.99038,104,4840,0.0207,145
64,0.02,med,0,0.75,EC,2353.6,3624,1.0,104,4840,0.0207,145
64,0.02,med,0,0.75,EO,2353.6,3624,1.0,104,4840,0.0207,145
64,0.02,med,1,0.25,NC,2701.33,5160,1.0,86,5160,0.0194,155
64,0.02,med,1,0.25,RT,1198.4,1288,0.34884,86,5160,0.0194,155
64,0.02,med,1,0.25,EC,1198.4,1288,1.0,86,5160,0.0194,155
64,0.02,med,1,0.25,EO,1198.4,1288,1.0,86,5160,0.0194,155
64,0.02,med,1,0.5,NC,2701.33,5160,1.0,86,5160,0.0194,155
64,0.02,med,1,0.5,RT,2029.33,2568,0.67442,86,5160,0.0194,155
64,0.02,med,1,0.5,EC,2029.33,2568,1.0,86,5160,0.0194,155
64,0.02,med,1,0.5,EO,2029.33,2568,1.0,86,5160,0.0194,155
64,0.02,med,1,0.75,NC,2701.33,5160,1.0,86,5160,0.0194,155
64,0.02,med,1,0.75,RT,2514.67,3848,0.90698,86,5160,0.0194,155
64,0.02,med,1,0.75,EC,2514.67,3848,1.0,86,5160,0.0194,155
64,0.02,med,1,0.75,EO,2514.67,3848,1.0,86,5160,0.0194,155
64,0.02,med,2,0.25,NC,2389.87,4616,1.0,111,4616,0.0217,138
64,0.02,med,2,0.25,RT,1021.87,1128,0.2973,111,4616,0.0217,138
64,0.02,med,2,0.25,EC,1021.87,1128,1.0,111,4616,0.0217,138
64,0.02,med,2,0.25,EO,1021.87,1128,1.0,111,4616,0.0217,138
64,0.02,med,2,0.5,NC,2389.87,4616,1.0,111,4616,0.0217,138
64,0.02,med,2,0.5,RT,1752.0,2280,0.52252,111,4616,0.0217,138
64,0.02,med,2,0.5,EC,1752.0,2280,1.0,111,4616,0.0217,138
64,0.02,med,2,0.5,EO,1752.0,2280,1.0,111,4616,0.0217,138
64,0.02,med,2,0.75,NC,2389.87,4616,1.0,111,4616,0.0217,138
64,0.02,med,2,0.75,RT,2229.33,3432,0.79279,111,4616,0.0217,138
64,0.02,med,2,0.75,EC,2229.33,3432,1.0,111,4616,0.0217,138
64,0.02,med,2,0.75,EO,2229.33,3432,1.0,111,4616,0.0217,138
64,0.02,med,3,0.25,NC,2772.8,5064,1.0,87,5064,0.0197,152
64,0.02,med,3,0.25,RT,1161.07,1256,0.32184,87,5064,0.0197,152
64,0.02,med,3,0.25,EC,1161.07,1256,1.0,87,5064,0.0197,152
64,0.02,med,3,0.25,EO,1161.07,1256,1.0,87,5064,0.0197,152
64,0.02,med,3,0.5,NC,2772.8,5064,1.0,87,5064,0.0197,152
64,0.02,med,3,0.5,RT,2000.0,2504,0.57471,87,5064,0.0197,152
64,0.02,med,3,0.5,EC,2000.0,2504,1.0,87,5064,0.0197,152
64,0.02,med,3,0.5,EO,2000.0,2504,1.0,87,5064,0.0197,152
64,0.02,med,3,0.75,NC,2772.8,5064,1.0,87,5064,0.0197,152
64,0.02,med,3,0.75,RT,2552.0,3784,0.88506,87,5064,0.0197,152
64,0.02,med,3,0.75,EC,2552.0,3784,1.0,87,5064,0.0197,152
64,0.02,med,3,0.75,EO,2552.0,3784,1.0,87,5064,0.0197,152
64,0.02,med,4,0.25,NC,2488.53,4840,1.0,55,4840,0.0207,145
64,0.02,med,4,0.25,RT,1091.2,1192,0.58182,55,4840,0.0207,145
64,0.02,med,4,0.25,EC,1091.2,1192,1.0,55,4840,0.0207,145
64,0.02,med,4,0.25,EO,1091.2,1192,1.0,55,4840,0.0207,145
64,0.02,med,4,0.5,NC,2488.53,4840,1.0,55,4840,0.0207,145
64,0.02,med,4,0.5,RT,1894.93,2408,0.96364,55,4840,0.0207,145
64,0.02,med,4,0.5,EC,1894.93,2408,1.0,55,4840,0.0207,145
64,0.02,med,4,0.5,EO,1894.93,2408,1.0,55,4840,0.0207,145
64,0.02,med,4,0.75,NC,2488.53,4840,1.0,55,4840,0.0207,145
64,0.02,med,4,0.75,RT,2340.27,3624,1.0,55,4840,0.0207,145
64,0.02,med,4,0.75,EC,2340.27,3624,1.0,55,4840,0.0207,145
64,0.02,med,4,0.75,EO,2340.27,3624,1.0,55,4840,0.0207,145
64,0.02,med,5,0.25,NC,2368.53,4552,1.0,94,4552,0.0221,136
64,0.02,med,5,0.25,RT,1046.4,1128,0.2766,94,4552,0.0221,136
64,0.02,med,5,0.25,EC,1046.4,1128,1.0,94,4552,0.0221,136
64,0.02,med,5,0.25,EO,1046.4,1128,1.0,94,4552,0.0221,136
64,0.02,med,5,0.5,NC,2368.53,4552,1.0,94,4552,0.0221,136
64,0.02,med,5,0.5,RT,1776.53,2248,0.61702,94,4552,0.0221,136
64,0.02,med,5,0.5,EC,1776.53,2248,1.0,94,4552,0.0221,136
64,0.02,med,5,0.5,EO,1776.53,2248,1.0,94,4552,0.0221,136
64,0.02,med,5,0.75,NC,2368.53,4552,1.0,94,4552,0.0221,136
64,0.02,med,5,0.75,RT,2216.53,3400,0.87234,94,4552,0.0221,136
64,0.02,med,5,0.75,EC,2216.53,3400,1.0,94,4552,0.0221,136
64,0.02,med,5,0.75,EO,2216.53,3400,1.0,94,4552,0.0221,136
64,0.02,med,6,0.25,NC,2724.27,5288,1.0,66,5288,0.0189,159
64,0.02,med,6,0.25,RT,1213.87,1320,0.5,66,5288,0.0189,159
64,0.02,med,6,0.25,EC,1213.87,1320,1.0,66,5288,0.0189,159
64,0.02,med,6,0.25,EO,1213.87,1320,1.0,66,5288,0.0189,159
64,0.02,med,6,0.5,NC,2724.27,5288,1.0,66,5288,0.0189,159
64,0.02,med,6,0.5,RT,2065.6,2632,0.80303,66,5288,0.0189,159
64,0.02,med,6,0.5,EC,2065.6,2632,1.0,66,5288,0.0189,159
64,0.02,med,6,0.5,EO,2065.6,2632,1.0,66,5288,0.0189,159
64,0.02,med,6,0.75,NC,2724.27,5288,1.0,66,5288,0.0189,159
64,0.02,med,6,0.75,RT,2534.93,3944,1.0,66,5288,0.0189,159
64,0.02,med,6,0.75,EC,2534.93,3944,1.0,66,5288,0.0189,159
64,0.02,med,6,0.75,EO,2534.93,3944,1.0,66,5288,0.0189,159
64,0.02,med,7,0.25,NC,2728.53,5224,1.0,81,5224,0.0191,157
64,0.02,med,7,0.25,RT,1174.4,1288,0.40741,81,5224,0.0191,157
64,0.02,med,7,0.25,EC,1174.4,1288,1.0,81,5224,0.0191,157
64,0.02,med,7,0.25,EO,1174.4,1288,1.0,81,5224,0.0191,157
64,0.02,med,7,0.5,NC,2728.53,5224,1.0,81,5224,0.0191,157
64,0.02,med,7,0.5,RT,2042.67,2600,0.74074,81,5224,0.0191,157
64,0.02,med,7,0.5,EC,2042.67,2600,1.0,81,5224,0.0191,157
64,0.02,med,7,0.5,EO,2042.67,2600,1.0,81,5224,0.0191,157
64,0.02,med,7,0.75,NC,2728.53,5224,1.0,81,5224,0.0191,157
64,0.02,med,7,0.75,RT,2541.87,3912,0.97531,81,5224,0.0191,157
64,0.02,med,7,0.75,EC,2541.87,3912,1.0,81,5224,0.0191,157
64,0.02,med,7,0.75,EO,2541.87,3912,1.0,81,5224,0.0191,157
64,0.02,high,0,0.25,NC,2498.13,4840,1.0,113,4840,0.0207,145
64,0.02,high,0,0.25,RT,1091.2,1192,0.30973,113,4840,0.0207,145
64,0.02,high,0,0.25,EC,1091.2,1192,1.0,113,4840,0.0207,145
64,0.02,high,0,0.25,EO,1091.2,1192,1.0,113,4840,0.0207,145
64,0.02,high,0,0.5,NC,2498.13,4840,1.0,113,4840,0.0207,145
64,0.02,high,0,0.5,RT,1900.8,2408,0.63717,113,4840,0.0207,145
64,0.02,high,0,0.5,EC,1900.8,2408,1.0,113,4840,0.0207,145
64,0.02,high,0,0.5,EO,1900.8,2408,1.0,113,4840,0.0207,145
64,0.02,high,0,0.75,NC,2498.13,4840,1.0,113,4840,0.0207,145
64,0.02,high,0,0.75,RT,2353.6,3624,0.9469,113,4840,0.0207,145
64,0.02,high,0,0.75,EC,2353.6,3624,1.0,113,4840,0.0207,145
64,0.02,high,0,0.75,EO,2353.6,3624,1.0,113,4840,0.0207,145
64,0.02,high,1,0.25,NC,2701.33,5160,1.0,88,5160,0.0194,155
64,0.02,high,1,0.25,RT,1198.4,1288,0.34091,88,5160,0.0194,155
64,0.02,high,1,0.25,EC,1198.4,1288,1.0,88,5160,0.0194,155
64,0.02,high,1,0.25,EO,1198.4,1288,1.0,88,5160,0.0194,155
64,0.02,high,1,0.5,NC,2701.33,5160,1.0,88,5160,0.0194,155
64,0.02,high,1,0.5,RT,2029.33,2568,0.73864,88,5160,0.0194,155
64,0.02,high,1,0.5,EC,2029.33,2568,1.0,88,5160,0.0194,155
64,0.02,high,1,0.5,EO,2029.33,2568,1.0,88,5160,0.0194,155
64,0.02,high,1,0.75,NC,2701.33,5160,1.0,88,5160,0.0194,155
64,0.02,high,1,0.75,RT,2514.67,3848,0.95455,88,5160,0.0194,155
64,0.02,high,1,0.75,EC,2514.67,3848,1.0,88,5160,0.0194,155
64,0.02,high,1,0.75,EO,2514.67,3848,1.0,88,5160,0.0194,155
64,0.02,high,2,0.25,NC,2389.87,4616,1.0,101,4616,0.0217,138
64,0.02,high,2,0.25,RT,1021.87,1128,0.20792,101,4616,0.0217,138
64,0.02,high,2,0.25,EC,1021.87,1128,1.0,101,4616,0.0217,138
64,0.02,high,2,0.25,EO,1021.87,1128,1.0,101,4616,0.0217,138
64,0.02,high,2,0.5,NC,2389.87,4616,1.0,101,4616,0.0217,138
64,0.02,high,2,0.5,RT,1752.0,2280,0.58416,101,4616,0.0217,138
64,0.02,high,2,0.5,EC,1752.0,2280,1.0,101,4616,0.0217,138
64,0.02,high,2,0.5,EO,1752.0,2280,1.0,101,4616,0.0217,138
64,0.02,high,2,0.75,NC,2389.87,4616,1.0,101,4616,0.0217,138
64,0.02,high,2,0.75,RT,2229.33,3432,0.84158,101,4616,0.0217,138
64,0.02,high,2,0.75,EC,2229.33,3432,1.0,101,4616,0.0217,138
64,0.02,high,2,0.75,EO,2229.33,3432,1.0,101,4616,0.0217,138
64,0.02,high,3,0.25,NC,2772.8,5064,1.0,92,5064,0.0197,152
64,0.02,high,3,0.25,RT,1161.07,1256,0.32609,92,5064,0.0197,152
64,0.02,high,3,0.25,EC,1161.07,1256,1.0,92,5064,0.0197,152
64,0.02,high,3,0.25,EO,1161.07,1256,1.0,92,5064,0.0197,152
64,0.02,high,3,0.5,NC,2772.8,5064,1.0,92,5064,0.0197,152
64,0.02,high,3,0.5,RT,2000.0,2504,0.57609,92,5064,0.0197,152
64,0.02,high,3,0.5,EC,2000.0,2504,1.0,92,5064,0.0197,152
64,0.02,high,3,0.5,EO,2000.0,2504,1.0,92,5064,0.0197,152
64,0.02,high,3,0.75,NC,2772.8,5064,1.0,92,5064,0.0197,152
64,0.02,high,3,0.75,RT,2552.0,3784,0.88043,92,5064,0.0197,152
64,0.02,high,3,0.75,EC,2552.0,3784,1.0,92,5064,0.0197,152
64,0.02,high,3,0.75,EO,2552.0,3784,1.0,92,5064,0.0197,152
64,0.02,high,4,0.25,NC,2488.53,4840,1.0,53,4840,0.0207,145
64,0.02,high,4,0.25,RT,1091.2,1192,0.49057,53,4840,0.0207,145
64,0.02,high,4,0.25,EC,1091.2,1192,1.0,53,4840,0.0207,145
64,0.02,high,4,0.25,EO,1091.2,1192,1.0,53,4840,0.0207,145
64,0.02,high,4,0.5,NC,2488.53,4840,1.0,53,4840,0.0207,145
64,0.02,high,4,0.5,RT,1894.93,2408,0.90566,53,4840,0.0207,145
64,0.02,high,4,0.5,EC,1894.93,2408,1.0,53,4840,0.0207,145
64,0.02,high,4,0.5,EO,1894.93,2408,1.0,53,4840,0.0207,145
64,0.02,high,4,0.75,NC,2488.53,4840,1.0,53,4840,0.0207,145
64,0.02,high,4,0.75,RT,2340.27,3624,1.0,53,4840,0.0207,145
64,0.02,high,4,0.75,EC,2340.27,3624,1.0,53,4840,0.0207,145
64,0.02,high,4,0.75,EO,2340.27,3624,1.0,53,4840,0.0207,145
64,0.02,high,5,0.25,NC,2368.53,4552,1.0,76,4552,0.0221,136
64,0.02,high,5,0.25,RT,1046.4,1128,0.43421,76,4552,0.0221,136
64,0.02,high,5,0.25,EC,1046.4,1128,1.0,76,4552,0.0221,136
64,0.02,high,5,0.25,EO,1046.4,1128,1.0,76,4552,0.0221,136
64,0.02,high,5,0.5,NC,2368.53,4552,1.0,76,4552,0.0221,136
64,0.02,high,5,0.5,RT,1776.53,2248,0.82895,76,4552,0.0221,136
64,0.02,high,5,0.5,EC,1776.53,2248,1.0,76,4552,0.0221,136
64,0.02,high,5,0.5,EO,1776.53,2248,1.0,76,4552,0.0221,136
64,0.02,high,5,0.75,NC,2368.53,4552,1.0,76,4552,0.0221,136
64,0.02,high,5,0.75,RT,2216.53,3400,0.97368,76,4552,0.0221,136
64,0.02,high,5,0.75,EC,2216.53,3400,1.0,76,4552,0.0221,136
64,0.02,high,5,0.75,EO,2216.53,3400,1.0,76,4552,0.0221,136
64,0.02,high,6,0.25,NC,2724.27,5288,1.0,85,5288,0.0189,159
64,0.02,high,6,0.25,RT,1213.87,1320,0.38824,85,5288,0.0189,159
64,0.02,high,6,0.25,EC,1213.87,1320,1.0,85,5288,0.0189,159
64,0.02,high,6,0.25,EO,1213.87,1320,1.0,85,5288,0.0189,159
64,0.02,high,6,0.5,NC,2724.27,5288,1.0,85,5288,0.0189,159
64,0.02,high,6,0.5,RT,2065.6,2632,0.72941,85,5288,0.0189,159
64,0.02,high,6,0.5,EC,2065.6,2632,1.0,85,5288,0.0189,159
64,0.02,high,6,0.5,EO,2065.6,2632,1.0,85,5288,0.0189,159
64,0.02,high,6,0.75,NC,2724.27,5288,1.0,85,5288,0.0189,159
64,0.02,high,6,0.75,RT,2534.93,3944,0.94118,85,5288,0.0189,159
64,0.02,high,6,0.75,EC,2534.93,3944,1.0,85,5288,0.0189,159
64,0.02,high,6,0.75,EO,2534.93,3944,1.0,85,5288,0.0189,159
64,0.02,high,7,0.25,NC,2728.53,5224,1.0,83,5224,0.0191,157
64,0.02,high,7,0.25,RT,1174.4,1288,0.33735,83,5224,0.0191,157
64,0.02,high,7,0.25,EC,1174.4,1288,1.0,83,5224,0.0191,157
64,0.02,high,7,0.25,EO,1174.4,1288,1.0,83,5224,0.0191,157
64,0.02,high,7,0.5,NC,2728.53,5224,1.0,83,5224,0.0191,157
64,0.02,high,7,0.5,RT,2042.67,2600,0.6747,83,5224,0.0191,157
64,0.02,high,7,0.5,EC,2042.67,2600,1.0,83,5224,0.0191,157
64,0.02,high,7,0.5,EO,2042.67,2600,1.0,83,5224,0.0191,157
64,0.02,high,7,0.75,NC,2728.53,5224,1.0,83,5224,0.0191,157
64,0.02,high,7,0.75,RT,2541.87,3912,0.90361,83,5224,0.0191,157
64,0.02,high,7,0.75,EC,2541.87,3912,1.0,83,5224,0.0191,157
64,0.02,high,7,0.75,EO,2541.87,3912,1.0,83,5224,0.0191,157
64,0.08,low,0,0.25,NC,2498.13,4840,1.0,154,4840,0.0759,145
64,0.08,low,0,0.25,RT,1091.2,1192,0.32468,154,4840,0.0759,145
64,0.08,low,0,0.25,EC,1091.2,1192,0.96753,154,4840,0.0759,145
64,0.08,low,0,0.25,EO,1091.2,1192,1.0,154,4840,0.0759,145
64,0.08,low,0,0.5,NC,2498.13,4840,1.0,154,4840,0.0759,145
64,0.08,low,0,0.5,RT,1900.8,2408,0.62987,154,4840,0.0759,145
64,0.08,low,0,0.5,EC,1900.8,2408,0.96753,154,4840,0.0759,145
64,0.08,low,0,0.5,EO,1900.8,2408,1.0,154,4840,0.0759,145
64,0.08,low,0,0.75,NC,2498.13,4840,1.0,154,4840,0.0759,145
64,0.08,low,0,0.75,RT,2353.6,3624,0.84416,154,4840,0.0759,145
64,0.08,low,0,0.75,EC,2353.6,3624,1.0,154,4840,0.0759,145
64,0.08,low,0,0.75,EO,2353.6,3624,1.0,154,4840,0.0759,145
64,0.08,low,1,0.25,NC,2701.33,5160,1.0,125,5160,0.0645,155
64,0.08,low,1,0.25,RT,1198.4,1288,0.408,125,5160,0.0645,155
64,0.08,low,1,0.25,EC,1198.4,1288,0.976,125,5160,0.0645,155
64,0.08,low,1,0.25,EO,1198.4,1288,1.0,125,5160,0.0645,155
64,0.08,low,1,0.5,NC,2701.33,5160,1.0,125,5160,0.0645,155
64,0.08,low,1,0.5,RT,2029.33,2568,0.72,125,5160,0.0645,155
64,0.08,low,1,0.5,EC,2029.33,2568,0.992,125,5160,0.0645,155
64,0.08,low,1,0.5,EO,2029.33,2568,1.0,125,5160,0.0645,155
64,0.08,low,1,0.75,NC,2701.33,5160,1.0,125,5160,0.0645,155
64,0.08,low,1,0.75,RT,2514.67,3848,0.936,125,5160,0.0645,155
64,0.08,low,1,0.75,EC,2514.67,3848,1.0,125,5160,0.0645,155
64,0.08,low,1,0.75,EO,2514.67,3848,1.0,125,5160,0.0645,155
64,0.08,low,2,0.25,NC,2389.87,4616,1.0,104,4616,0.0652,138
64,0.08,low,2,0.25,RT,1021.87,1128,0.46154,104,4616,0.0652,138
64,0.08,low,2,0.25,EC,1021.87,1128,0.90385,104,4616,0.0652,138
64,0.08,low,2,0.25,EO,1021.87,1128,1.0,104,4616,0.0652,138
64,0.08,low,2,0.5,NC,2389.87,4616,1.0,104,4616,0.0652,138
64,0.08,low,2,0.5,RT,1752.0,2280,0.79808,104,4616,0.0652,138
64,0.08,low,2,0.5,EC,1752.0,2280,1.0,104,4616,0.0652,138
64,0.08,low,2,0.5,EO,1752.0,2280,1.0,104,4616,0.0652,138
64,0.08,low,2,0.75,NC,2389.87,4616,1.0,104,4616,0.0652,138
64,0.08,low,2,0.75,RT,2229.33,3432,0.94231,104,4616,0.0652,138
64,0.08,low,2,0.75,EC,2229.33,3432,1.0,104,4616,0.0652,138
64,0.08,low,2,0.75,EO,2229.33,3432,1.0,104,4616,0.0652,138
64,0.08,low,3,0.25,NC,2772.8,5064,1.0,135,5064,0.0724,152
64,0.08,low,3,0.25,RT,1161.07,1256,0.41481,135,5064,0.0724,152
64,0.08,low,3,0.25,EC,1161.07,1256,0.9037,135,5064,0.0724,152
64,0.08,low,3,0.25,EO,1161.07,1256,1.0,135,5064,0.0724,152
64,0.08,low,3,0.5,NC,2772.8,5064,1.0,135,5064,0.0724,152
64,0.08,low,3,0.5,RT,2000.0,2504,0.7037,135,5064,0.0724,152
64,0.08,low,3,0.5,EC,2000.0,2504,0.98519,135,5064,0.0724,152
64,0.08,low,3,0.5,EO,2000.0,2504,1.0,135,5064,0.0724,152
64,0.08,low,3,0.75,NC,2772.8,5064,1.0,135,5064,0.0724,152
64,0.08,low,3,0.75,RT,2552.0,3784,0.97778,135,5064,0.0724,152
64,0.08,low,3,0.75,EC,2552.0,3784,1.0,135,5064,0.0724,152
64,0.08,low,3,0.75,EO,2552.0,3784,1.0,135,5064,0.0724,152
64,0.08,low,4,0.25,NC,2488.53,4840,1.0,144,4840,0.069,145
64,0.08,low,4,0.25,RT,1091.2,1192,0.34722,144,4840,0.069,145
64,0.08,low,4,0.25,EC,1091.2,1192,0.94444,144,4840,0.069,145
64,0.08,low,4,0.25,EO,1091.2,1192,1.0,144,4840,0.069,145
64,0.08,low,4,0.5,NC,2488.53,4840,1.0,144,4840,0.069,145
64,0.08,low,4,0.5,RT,1894.93,2408,0.67361,144,4840,0.069,145
64,0.08,low,4,0.5,EC,1894.93,2408,1.0,144,4840,0.069,145
64,0.08,low,4,0.5,EO,1894.93,2408,1.0,144,4840,0.069,145
64,0.08,low,4,0.75,NC,2488.53,4840,1.0,144,4840,0.069,145
64,0.08,low,4,0.75,RT,2340.27,3624,0.90278,144,4840,0.069,145
64,0.08,low,4,0.75,EC,2340.27,3624,1.0,144,4840,0.069,145
64,0.08,low,4,0.75,EO,2340.27,3624,1.0,144,4840,0.069,145
64,0.08,low,5,0.25,NC,2368.53,4552,1.0,125,4552,0.0735,136
64,0.08,low,5,0.25,RT,1046.4,1128,0.408,125,4552,0.0735,136
64,0.08,low,5,0.25,EC,1046.4,1128,0.928,125,4552,0.0735,136
64,0.08,low,5,0.25,EO,1046.4,1128,1.0,125,4552,0.0735,136
64,0.08,low,5,0.5,NC,2368.53,4552,1.0,125,4552,0.0735,136
64,0.08,low,5,0.5,RT,1776.53,2248,0.704,125,4552,0.0735,136
64,0.08,low,5,0.5,EC,1776.53,2248,0.984,125,4552,0.0735,136
64,0.08,low,5,0.5,EO,1776.53,2248,1.0,125,4552,0.0735,136
64,0.08,low,5,0.75,NC,2368.53,4552,1.0,125,4552,0.0735,136
64,0.08,low,5,0.75,RT,2216.53,3400,0.936,125,4552,0.0735,136
64,0.08,low,5,0.75,EC,2216.53,3400,1.0,125,4552,0.0735,136
64,0.08,low,5,0.75,EO,2216.53,3400,1.0,125,4552,0.0735,136
64,0.08,low,6,0.25,NC,2724.27,5288,1.0,148,5288,0.0629,159
64,0.08,low,6,0.25,RT,1213.87,1320,0.37162,148,5288,0.0629,159
64,0.08,low,6,0.25,EC,1213.87,1320,0.94595,148,5288,0.0629,159
64,0.08,low,6,0.25,EO,1213.87,1320,1.0,148,5288,0.0629,159
64,0.08,low,6,0.5,NC,2724.27,5288,1.0,148,5288,0.0629,159
64,0.08,low,6,0.5,RT,2065.6,2632,0.69595,148,5288,0.0629,159
64,0.08,low,6,0.5,EC,2065.6,2632,0.98649,148,5288,0.0629,159
64,0.08,low,6,0.5,EO,2065.6,2632,1.0,148,5288,0.0629,159
64,0.08,low,6,0.75,NC,2724.27,5288,1.0,148,5288,0.0629,159
64,0.08,low,6,0.75,RT,2534.93,3944,0.88514,148,5288,0.0629,159
64,0.08,low,6,0.75,EC,2534.93,3944,1.0,148,5288,0.0629,159
64,0.08,low,6,0.75,EO,2534.93,3944,1.0,148,5288,0.0629,159
64,0.08,low,7,0.25,NC,2728.53,5224,1.0,167,5224,0.0701,157
64,0.08,low,7,0.25,RT,1174.4,1288,0.30539,167,5224,0.0701,157
64,0.08,low,7,0.25,EC,1174.4,1288,1.0,167,5224,0.0701,157
64,0.08,low,7,0.25,EO,1174.4,1288,1.0,167,5224,0.0701,157
64,0.08,low,7,0.5,NC,2728.53,5224,1.0,167,5224,0.0701,157
64,0.08,low,7,0.5,RT,2042.67,2600,0.68862,167,5224,0.0701,157
64,0.08,low,7,0.5,EC,2042.67,2600,1.0,167,5224,0.0701,157
64,0.08,low,7,0.5,EO,2042.67,2600,1.0,167,5224,0.0701,157
64,0.08,low,7,0.75,NC,2728.53,5224,1.0,167,5224,0.0701,157
64,0.08,low,7,0.75,RT,2541.87,3912,0.88623,167,5224,0.0701,157
64,0.08,low,7,0.75,EC,2541.87,3912,1.0,167,5224,0.0701,157
64,0.08,low,7,0.75,EO,2541.87,3912,1.0,167,5224,0.0701,157
64,0.08,med,0,0.25,NC,2498.13,4840,1.0,161,4840,0.0621,145
64,0.08,med,0,0.25,RT,1091.2,1192,0.21118,161,4840,0.0621,145
64,0.08,med,0,0.25,EC,1091.2,1192,1.0,161,4840,0.0621,145
64,0.08,med,0,0.25,EO,1091.2,1192,1.0,161,4840,0.0621,145
64,0.08,med,0,0.5,NC,2498.13,4840,1.0,161,4840,0.0621,145
64,0.08,med,0,0.5,RT,1900.8,2408,0.6087,161,4840,0.0621,145
64,0.08,med,0,0.5,EC,1900.8,2408,1.0,161,4840,0.0621,145
64,0.08,med,0,0.5,EO,1900.8,2408,1.0,161,4840,0.0621,145
64,0.08,med,0,0.75,NC,2498.13,4840,1.0,161,4840,0.0621,145
64,0.08,med,0,0.75,RT,2353.6,3624,0.84472,161,4840,0.0621,145
64,0.08,med,0,0.75,EC,2353.6,3624,1.0,161,4840,0.0621,145
64,0.08,med,0,0.75,EO,2353.6,3624,1.0,161,4840,0.0621,145
64,0.08,med,1,0.25,NC,2701.33,5160,1.0,129,5160,0.0645,155
64,0.08,med,1,0.25,RT,1198.4,1288,0.29457,129,5160,0.0645,155
64,0.08,med,1,0.25,EC,1198.4,1288,1.0,129,5160,0.0645,155
64,0.08,med,1,0.25,EO,1198.4,1288,1.0,129,5160,0.0645,155
64,0.08,med,1,0.5,NC,2701.33,5160,1.0,129,5160,0.0645,155
64,0.08,med,1,0.5,RT,2029.33,2568,0.62791,129,5160,0.0645,155
64,0.08,med,1,0.5,EC,2029.33,2568,1.0,129,5160,0.0645,155
64,0.08,med,1,0.5,EO,2029.33,2568,1.0,129,5160,0.0645,155
64,0.08,med,1,0.75,NC,2701.33,5160,1.0,129,5160,0.0645,155
64,0.08,med,1,0.75,RT,2514.67,3848,0.89147,129,5160,0.0645,155
64,0.08,med,1,0.75,EC,2514.67,3848,1.0,129,5160,0.0645,155
64,0.08,med,1,0.75,EO,2514.67,3848,1.0,129,5160,0.0645,155
64,0.08,med,2,0.25,NC,2389.87,4616,1.0,133,4616,0.058,138
64,0.08,med,2,0.25,RT,1021.87,1128,0.29323,133,4616,0.058,138
64,0.08,med,2,0.25,EC,1021.87,1128,1.0,133,4616,0.058,138
64,0.08,med,2,0.25,EO,1021.87,1128,1.0,133,4616,0.058,138
64,0.08,med,2,0.5,NC,2389.87,4616,1.0,133,4616,0.058,138
64,0.08,med,2,0.5,RT,1752.0,2280,0.59398,133,4616,0.058,138
64,0.08,med,2,0.5,EC,1752.0,2280,1.0,133,4616,0.058,138
64,0.08,med,2,0.5,EO,1752.0,2280,1.0,133,4616,0.058,138
64,0.08,med,2,0.75,NC,2389.87,4616,1.0,133,4616,0.058,138
64,0.08,med,2,0.75,RT,2229.33,3432,0.8797,133,4616,0.058,138
64,0.08,med,2,0.75,EC,2229.33,3432,1.0,133,4616,0.058,138
64,0.08,med,2,0.75,EO,2229.33,3432,1.0,133,4616,0.058,138
64,0.08,med,3,0.25,NC,2772.8,5064,1.0,128,5064,0.0724,152
64,0.08,med,3,0.25,RT,1161.07,1256,0.375,128,5064,0.0724,152
64,0.08,med,3,0.25,EC,1161.07,1256,1.0,128,5064,0.0724,152
64,0.08,med,3,0.25,EO,1161.07,1256,1.0,128,5064,0.0724,152
64,0.08,med,3,0.5,NC,2772.8,5064,1.0,128,5064,0.0724,152
64,0.08,med,3,0.5,RT,2000.0,2504,0.67969,128,5064,0.0724,152
64,0.08,med,3,0.5,EC,2000.0,2504,1.0,128,5064,0.0724,152
64,0.08,med,3,0.5,EO,2000.0,2504,1.0,128,5064,0.0724,152
64,0.08,med,3,0.75,NC,2772.8,5064,1.0,128,5064,0.0724,152
64,0.08,med,3,0.75,RT,2552.0,3784,0.95312,128,5064,0.0724,152
64,0.08,med,3,0.75,EC,2552.0,3784,1.0,128,5064,0.0724,152
64,0.08,med,3,0.75,EO,2552.0,3784,1.0,128,5064,0.0724,152
64,0.08,med,4,0.25,NC,2488.53,4840,1.0,141,4840,0.069,145
64,0.08,med,4,0.25,RT,1091.2,1192,0.31206,141,4840,0.069,145
64,0.08,med,4,0.25,EC,1091.2,1192,1.0,141,4840,0.069,145
64,0.08,med,4,0.25,EO,1091.2,1192,1.0,141,4840,0.069,145
64,0.08,med,4,0.5,NC,2488.53,4840,1.0,141,4840,0.069,145
64,0.08,med,4,0.5,RT,1894.93,2408,0.65248,141,4840,0.069,145
64,0.08,med,4,0.5,EC,1894.93,2408,1.0,141,4840,0.069,145
64,0.08,med,4,0.5,EO,1894.93,2408,1.0,141,4840,0.069,145
64,0.08,med,4,0.75,NC,2488.53,4840,1.0,141,4840,0.069,145
64,0.08,med,4,0.75,RT,2340.27,3624,0.90071,141,4840,0.069,145
64,0.08,med,4,0.75,EC,2340.27,3624,1.0,141,4840,0.069,145
64,0.08,med,4,0.75,EO,2340.27,3624,1.0,141,4840,0.069,145
64,0.08,med,5,0.25,NC,2368.53,4552,1.0,152,4552,0.0735,136
64,0.08,med,5,0.25,RT,1046.4,1128,0.28289,152,4552,0.0735,136
64,0.08,med,5,0.25,EC,1046.4,1128,1.0,152,4552,0.0735,136
64,0.08,med,5,0.25,EO,1046.4,1128,1.0,152,4552,0.0735,136
64,0.08,med,5,0.5,NC,2368.53,4552,1.0,152,4552,0.0735,136
64,0.08,med,5,0.5,RT,1776.53,2248,0.54605,152,4552,0.0735,136
64,0.08,med,5,0.5,EC,1776.53,2248,1.0,152,4552,0.0735,136
64,0.08,med,5,0.5,EO,1776.53,2248,1.0,152,4552,0.0735,136
64,0.08,med,5,0.75,NC,2368.53,4552,1.0,152,4552,0.0735,136
64,0.08,med,5,0.75,RT,2216.53,3400,0.82895,152,4552,0.0735,136
64,0.08,med,5,0.75,EC,2216.53,3400,1.0,152,4552,0.0735,136
64,0.08,med,5,0.75,EO,2216.53,3400,1.0,152,4552,0.0735,136
64,0.08,med,6,0.25,NC,2724.27,5288,1.0,144,5288,0.0503,159
64,0.08,med,6,0.25,RT,1213.87,1320,0.28472,144,5288,0.0503,159
64,0.08,med,6,0.25,EC,1213.87,1320,1.0,144,5288,0.0503,159
64,0.08,med,6,0.25,EO,1213.87,1320,1.0,144,5288,0.0503,159
64,0.08,med,6,0.5,NC,2724.27,5288,1.0,144,5288,0.0503,159
64,0.08,med,6,0.5,RT,2065.6,2632,0.64583,144,5288,0.0503,159
64,0.08,med,6,0.5,EC,2065.6,2632,1.0,144,5288,0.0503,159
64,0.08,med,6,0.5,EO,2065.6,2632,1.0,144,5288,0.0503,159
64,0.08,med,6,0.75,NC,2724.27,5288,1.0,144,5288,0.0503,159
64,0.08,med,6,0.75,RT,2534.93,3944,0.88889,144,5288,0.0503,159
64,0.08,med,6,0.75,EC,2534.93,3944,1.0,144,5288,0.0503,159
64,0.08,med,6,0.75,EO,2534.93,3944,1.0,144,5288,0.0503,159
64,0.08,med,7,0.25,NC,2728.53,5224,1.0,157,5224,0.0573,157
64,0.08,med,7,0.25,RT,1174.4,1288,0.32484,157,5224,0.0573,157
64,0.08,med,7,0.25,EC,1174.4,1288,0.98726,157,5224,0.0573,157
64,0.08,med,7,0.25,EO,1174.4,1288,1.0,157,5224,0.0573,157
64,0.08,med,7,0.5,NC,2728.53,5224,1.0,157,5224,0.0573,157
64,0.08,med,7,0.5,RT,2042.67,2600,0.66242,157,5224,0.0573,157
64,0.08,med,7,0.5,EC,2042.67,2600,1.0,157,5224,0.0573,157
64,0.08,med,7,0.5,EO,2042.67,2600,1.0,157,5224,0.0573,157
64,0.08,med,7,0.75,NC,2728.53,5224,1.0,157,5224,0.0573,157
64,0.08,med,7,0.75,RT,2541.87,3912,0.93631,157,5224,0.0573,157
64,0.08,med,7,0.75,EC,2541.87,3912,1.0,157,5224,0.0573,157
64,0.08,med,7,0.75,EO,2541.87,3912,1.0,157,5224,0.0573,157
64,0.08,high,0,0.25,NC,2498.13,4840,1.0,154,4840,0.0621,145
64,0.08,high,0,0.25,RT,1091.2,1192,0.27922,154,4840,0.0621,145
64,0.08,high,0,0.25,EC,1091.2,1192,1.0,154,4840,0.0621,145
64,0.08,high,0,0.25,EO,1091.2,1192,1.0,154,4840,0.0621,145
64,0.08,high,0,0.5,NC,2498.13,4840,1.0,154,4840,0.0621,145
64,0.08,high,0,0.5,RT,1900.8,2408,0.6039,154,4840,0.0621,145
64,0.08,high,0,0.5,EC,1900.8,2408,1.0,154,4840,0.0621,145
64,0.08,high,0,0.5,EO,1900.8,2408,1.0,154,4840,0.0621,145
64,0.08,high,0,0.75,NC,2498.13,4840,1.0,154,4840,0.0621,145
64,0.08,high,0,0.75,RT,2353.6,3624,0.88961,154,4840,0.0621,145
64,0.08,high,0,0.75,EC,2353.6,3624,1.0,154,4840,0.0621,145
64,0.08,high,0,0.75,EO,2353.6,3624,1.0,154,4840,0.0621,145
64,0.08,high,1,0.25,NC,2701.33,5160,1.0,130,5160,0.0452,155
64,0.08,high,1,0.25,RT,1198.4,1288,0.30769,130,5160,0.0452,155
64,0.08,high,1,0.25,EC,1198.4,1288,1.0,130,5160,0.0452,155
64,0.08,high,1,0.25,EO,1198.4,1288,1.0,130,5160,0.0452,155
64,0.08,high,1,0.5,NC,2701.33,5160,1.0,130,5160,0.0452,155
64,0.08,high,1,0.5,RT,2029.33,2568,0.60769,130,5160,0.0452,155
64,0.08,high,1,0.5,EC,2029.33,2568,1.0,130,5160,0.0452,155
64,0.08,high,1,0.5,EO,2029.33,2568,1.0,130,5160,0.0452,155
64,0.08,high,1,0.75,NC,2701.33,5160,1.0,130,5160,0.0452,155
64,0.08,high,1,0.75,RT,2514.67,3848,0.84615,130,5160,0.0452,155
64,0.08,high,1,0.75,EC,2514.67,3848,1.0,130,5160,0.0452,155
64,0.08,high,1,0.75,EO,2514.67,3848,1.0,130,5160,0.0452,155
64,0.08,high,2,0.25,NC,2389.87,4616,1.0,144,4616,0.058,138
64,0.08,high,2,0.25,RT,1021.87,1128,0.25,144,4616,0.058,138
64,0.08,high,2,0.25,EC,1021.87,1128,1.0,144,4616,0.058,138
64,0.08,high,2,0.25,EO,1021.87,1128,1.0,144,4616,0.058,138
64,0.08,high,2,0.5,NC,2389.87,4616,1.0,144,4616,0.058,138
64,0.08,high,2,0.5,RT,1752.0,2280,0.52083,144,4616,0.058,138
64,0.08,high,2,0.5,EC,1752.0,2280,1.0,144,4616,0.058,138
64,0.08,high,2,0.5,EO,1752.0,2280,1.0,144,4616,0.058,138
64,0.08,high,2,0.75,NC,2389.87,4616,1.0,144,4616,0.058,138
64,0.08,high,2,0.75,RT,2229.33,3432,0.86111,144,4616,0.058,138
64,0.08,high,2,0.75,EC,2229.33,3432,1.0,144,4616,0.058,138
64,0.08,high,2,0.75,EO,2229.33,3432,1.0,144,4616,0.058,138
64,0.08,high,3,0.25,NC,2772.8,5064,1.0,146,5064,0.0724,152
64,0.08,high,3,0.25,RT,1161.07,1256,0.35616,146,5064,0.0724,152
64,0.08,high,3,0.25,EC,1161.07,1256,1.0,146,5064,0.0724,152
64,0.08,high,3,0.25,EO,1161.07,1256,1.0,146,5064,0.0724,152
64,0.08,high,3,0.5,NC,2772.8,5064,1.0,146,5064,0.0724,152
64,0.08,high,3,0.5,RT,2000.0,2504,0.68493,146,5064,0.0724,152
64,0.08,high,3,0.5,EC,2000.0,2504,1.0,146,5064,0.0724,152
64,0.08,high,3,0.5,EO,2000.0,2504,1.0,146,5064,0.0724,152
64,0.08,high,3,0.75,NC,2772.8,5064,1.0,146,5064,0.0724,152
64,0.08,high,3,0.75,RT,2552.0,3784,0.96575,146,5064,0.0724,152
64,0.08,high,3,0.75,EC,2552.0,3784,1.0,146,5064,0.0724,152
64,0.08,high,3,0.75,EO,2552.0,3784,1.0,146,5064,0.0724,152
64,0.08,high,4,0.25,NC,2488.53,4840,1.0,146,4840,0.069,145
64,0.08,high,4,0.25,RT,1091.2,1192,0.34247,146,4840,0.069,145
64,0.08,high,4,0.25,EC,1091.2,1192,1.0,146,4840,0.069,145
64,0.08,high,4,0.25,EO,1091.2,1192,1.0,146,4840,0.069,145
64,0.08,high,4,0.5,NC,2488.53,4840,1.0,146,4840,0.069,145
64,0.08,high,4,0.5,RT,1894.93,2408,0.69178,146,4840,0.069,145
64,0.08,high,4,0.5,EC,1894.93,2408,1.0,146,4840,0.069,145
64,0.08,high,4,0.5,EO,1894.93,2408,1.0,146,4840,0.069,145
64,0.08,high,4,0.75,NC,2488.53,4840,1.0,146,4840,0.069,145
64,0.08,high,4,0.75,RT,2340.27,3624,0.90411,146,4840,0.069,145
64,0.08,high,4,0.75,EC,2340.27,3624,1.0,146,4840,0.069,145
64,0.08,high,4,0.75,EO,2340.27,3624,1.0,146,4840,0.069,145
64,0.08,high,5,0.25,NC,2368.53,4552,1.0,145,4552,0.0735,136
64,0.08,high,5,0.25,RT,1046.4,1128,0.28276,145,4552,0.0735,136
64,0.08,high,5,0.25,EC,1046.4,1128,1.0,145,4552,0.0735,136
64,0.08,high,5,0.25,EO,1046.4,1128,1.0,145,4552,0.0735,136
64,0.08,high,5,0.5,NC,2368.53,4552,1.0,145,4552,0.0735,136
64,0.08,high,5,0.5,RT,1776.53,2248,0.62759,145,4552,0.0735,136
64,0.08,high,5,0.5,EC,1776.53,2248,1.0,145,4552,0.0735,136
64,0.08,high,5,0.5,EO,1776.53,2248,1.0,145,4552,0.0735,136
64,0.08,high,5,0.75,NC,2368.53,4552,1.0,145,4552,0.0735,136
64,0.08,high,5,0.75,RT,2216.53,3400,0.88966,145,4552,0.0735,136
64,0.08,high,5,0.75,EC,2216.53,3400,1.0,145,4552,0.0735,136
64,0.08,high,5,0.75,EO,2216.53,3400,1.0,145,4552,0.0735,136
64,0.08,high,6,0.25,NC,2724.27,5288,1.0,153,5288,0.0629,159
64,0.08,high,6,0.25,RT,1213.87,1320,0.23529,153,5288,0.0629,159
64,0.08,high,6,0.25,EC,1213.87,1320,1.0,153,5288,0.0629,159
64,0.08,high,6,0.25,EO,1213.87,1320,1.0,153,5288,0.0629,159
64,0.08,high,6,0.5,NC,2724.27,5288,1.0,153,5288,0.0629,159
64,0.08,high,6,0.5,RT,2065.6,2632,0.55556,153,5288,0.0629,159
64,0.08,high,6,0.5,EC,2065.6,2632,1.0,153,5288,0.0629,159
64,0.08,high,6,0.5,EO,2065.6,2632,1.0,153,5288,0.0629,159
64,0.08,high,6,0.75,NC,2724.27,5288,1.0,153,5288,0.0629,159
64,0.08,high,6,0.75,RT,2534.93,3944,0.81699,153,5288,0.0629,159
64,0.08,high,6,0.75,EC,2534.93,3944,1.0,153,5288,0.0629,159
64,0.08,high,6,0.75,EO,2534.93,3944,1.0,153,5288,0.0629,159
64,0.08,high,7,0.25,NC,2728.53,5224,1.0,168,5224,0.0637,157
64,0.08,high,7,0.25,RT,1174.4,1288,0.32738,168,5224,0.0637,157
64,0.08,high,7,0.25,EC,1174.4,1288,1.0,168,5224,0.0637,157
64,0.08,high,7,0.25,EO,1174.4,1288,1.0,168,5224,0.0637,157
64,0.08,high,7,0.5,NC,2728.53,5224,1.0,168,5224,0.0637,157
64,0.08,high,7,0.5,RT,2042.67,2600,0.63095,168,5224,0.0637,157
64,0.08,high,7,0.5,EC,2042.67,2600,1.0,168,5224,0.0637,157
64,0.08,high,7,0.5,EO,2042.67,2600,1.0,168,5224,0.0637,157
64,0.08,high,7,0.75,NC,2728.53,5224,1.0,168,5224,0.0637,157
64,0.08,high,7,0.75,RT,2541.87,3912,0.8869,168,5224,0.0637,157
64,0.08,high,7,0.75,EC,2541.87,3912,1.0,168,5224,0.0637,157
64,0.08,high,7,0.75,EO,2541.87,3912,1.0,168,5224,0.0637,157
64,0.25,low,0,0.25,NC,2498.13,4840,1.0,160,4840,0.1862,145
64,0.25,low,0,0.25,RT,1091.2,1192,0.35625,160,4840,0.1862,145
64,0.25,low,0,0.25,EC,1091.2,1192,0.7875,160,4840,0.1862,145
64,0.25,low,0,0.25,EO,1091.2,1192,1.0,160,4840,0.1862,145
64,0.25,low,0,0.5,NC,2498.13,4840,1.0,160,4840,0.1862,145
64,0.25,low,0,0.5,RT,1900.8,2408,0.68125,160,4840,0.1862,145
64,0.25,low,0,0.5,EC,1900.8,2408,0.9375,160,4840,0.1862,145
64,0.25,low,0,0.5,EO,1900.8,2408,1.0,160,4840,0.1862,145
64,0.25,low,0,0.75,NC,2498.13,4840,1.0,160,4840,0.1862,145
64,0.25,low,0,0.75,RT,2353.6,3624,0.925,160,4840,0.1862,145
64,0.25,low,0,0.75,EC,2353.6,3624,1.0,160,4840,0.1862,145
64,0.25,low,0,0.75,EO,2353.6,3624,1.0,160,4840,0.1862,145
64,0.25,low,1,0.25,NC,2701.33,5160,1.0,160,5160,0.2,155
64,0.25,low,1,0.25,RT,1198.4,1288,0.425,160,5160,0.2,155
64,0.25,low,1,0.25,EC,1198.4,1288,0.8625,160,5160,0.2,155
64,0.25,low,1,0.25,EO,1198.4,1288,1.0,160,5160,0.2,155
64,0.25,low,1,0.5,NC,2701.33,5160,1.0,160,5160,0.2,155
64,0.25,low,1,0.5,RT,2029.33,2568,0.7625,160,5160,0.2,155
64,0.25,low,1,0.5,EC,2029.33,2568,0.96875,160,5160,0.2,155
64,0.25,low,1,0.5,EO,2029.33,2568,1.0,160,5160,0.2,155
64,0.25,low,1,0.75,NC,2701.33,5160,1.0,160,5160,0.2,155
64,0.25,low,1,0.75,RT,2514.67,3848,0.8875,160,5160,0.2,155
64,0.25,low,1,0.75,EC,2514.67,3848,0.99375,160,5160,0.2,155
64,0.25,low,1,0.75,EO,2514.67,3848,1.0,160,5160,0.2,155
64,0.25,low,2,0.25,NC,2389.87,4616,1.0,150,4616,0.1884,138
64,0.25,low,2,0.25,RT,1021.87,1128,0.40667,150,4616,0.1884,138
64,0.25,low,2,0.25,EC,1021.87,1128,0.80667,150,4616,0.1884,138
64,0.25,low,2,0.25,EO,1021.87,1128,1.0,150,4616,0.1884,138
64,0.25,low,2,0.5,NC,2389.87,4616,1.0,150,4616,0.1884,138
64,0.25,low,2,0.5,RT,1752.0,2280,0.73333,150,4616,0.1884,138
64,0.25,low,2,0.5,EC,1752.0,2280,0.94667,150,4616,0.1884,138
64,0.25,low,2,0.5,EO,1752.0,2280,1.0,150,4616,0.1884,138
64,0.25,low,2,0.75,NC,2389.87,4616,1.0,150,4616,0.1884,138
64,0.25,low,2,0.75,RT,2229.33,3432,0.92,150,4616,0.1884,138
64,0.25,low,2,0.75,EC,2229.33,3432,1.0,150,4616,0.1884,138
64,0.25,low,2,0.75,EO,2229.33,3432,1.0,150,4616,0.1884,138
64,0.25,low,3,0.25,NC,2772.8,5064,1.0,161,5064,0.1974,152
64,0.25,low,3,0.25,RT,1161.07,1256,0.40994,161,5064,0.1974,152
64,0.25,low,3,0.25,EC,1161.07,1256,0.78882,161,5064,0.1974,152
64,0.25,low,3,0.25,EO,1161.07,1256,1.0,161,5064,0.1974,152
64,0.25,low,3,0.5,NC,2772.8,5064,1.0,161,5064,0.1974,152
64,0.25,low,3,0.5,RT,2000.0,2504,0.70186,161,5064,0.1974,152
64,0.25,low,3,0.5,EC,2000.0,2504,0.97516,161,5064,0.1974,152
64,0.25,low,3,0.5,EO,2000.0,2504,1.0,161,5064,0.1974,152
64,0.25,low,3,0.75,NC,2772.8,5064,1.0,161,5064,0.1974,152
64,0.25,low,3,0.75,RT,2552.0,3784,0.91304,161,5064,0.1974,152
64,0.25,low,3,0.75,EC,2552.0,3784,1.0,161,5064,0.1974,152
64,0.25,low,3,0.75,EO,2552.0,3784,1.0,161,5064,0.1974,152
64,0.25,low,4,0.25,NC,2488.53,4840,1.0,151,4840,0.1586,145
64,0.25,low,4,0.25,RT,1091.2,1192,0.37086,151,4840,0.1586,145
64,0.25,low,4,0.25,EC,1091.2,1192,0.91391,151,4840,0.1586,145
64,0.25,low,4,0.25,EO,1091.2,1192,1.0,151,4840,0.1586,145
64,0.25,low,4,0.5,NC,2488.53,4840,1.0,151,4840,0.1586,145
64,0.25,low,4,0.5,RT,1894.93,2408,0.74172,151,4840,0.1586,145
64,0.25,low,4,0.5,EC,1894.93,2408,0.98675,151,4840,0.1586,145
64,0.25,low,4,0.5,EO,1894.93,2408,1.0,151,4840,0.1586,145
64,0.25,low,4,0.75,NC,2488.53,4840,1.0,151,4840,0.1586,145
64,0.25,low,4,0.75,RT,2340.27,3624,0.9404,151,4840,0.1586,145
64,0.25,low,4,0.75,EC,2340.27,3624,1.0,151,4840,0.1586,145
64,0.25,low,4,0.75,EO,2340.27,3624,1.0,151,4840,0.1586,145
64,0.25,low,5,0.25,NC,2368.53,4552,1.0,154,4552,0.2206,136
64,0.25,low,5,0.25,RT,1046.4,1128,0.43506,154,4552,0.2206,136
64,0.25,low,5,0.25,EC,1046.4,1128,0.83117,154,4552,0.2206,136
64,0.25,low,5,0.25,EO,1046.4,1128,1.0,154,4552,0.2206,136
64,0.25,low,5,0.5,NC,2368.53,4552,1.0,154,4552,0.2206,136
64,0.25,low,5,0.5,RT,1776.53,2248,0.76623,154,4552,0.2206,136
64,0.25,low,5,0.5,EC,1776.53,2248,0.98052,154,4552,0.2206,136
64,0.25,low,5,0.5,EO,1776.53,2248,1.0,154,4552,0.2206,136
64,0.25,low,5,0.75,NC,2368.53,4552,1.0,154,4552,0.2206,136
64,0.25,low,5,0.75,RT,2216.53,3400,0.8961,154,4552,0.2206,136
64,0.25,low,5,0.75,EC,2216.53,3400,1.0,154,4552,0.2206,136
64,0.25,low,5,0.75,EO,2216.53,3400,1.0,154,4552,0.2206,136
64,0.25,low,6,0.25,NC,2724.27,5288,1.0,158,5288,0.1635,159
64,0.25,low,6,0.25,RT,1213.87,1320,0.37342,158,5288,0.1635,159
64,0.25,low,6,0.25,EC,1213.87,1320,0.87975,158,5288,0.1635,159
64,0.25,low,6,0.25,EO,1213.87,1320,1.0,158,5288,0.1635,159
64,0.25,low,6,0.5,NC,2724.27,5288,1.0,158,5288,0.1635,159
64,0.25,low,6,0.5,RT,2065.6,2632,0.71519,158,5288,0.1635,159
64,0.25,low,6,0.5,EC,2065.6,2632,0.96203,158,5288,0.1635,159
64,0.25,low,6,0.5,EO,2065.6,2632,1.0,158,5288,0.1635,159
64,0.25,low,6,0.75,NC,2724.27,5288,1.0,158,5288,0.1635,159
64,0.25,low,6,0.75,RT,2534.93,3944,0.8481,158,5288,0.1635,159
64,0.25,low,6,0.75,EC,2534.93,3944,0.99367,158,5288,0.1635,159
64,0.25,low,6,0.75,EO,2534.93,3944,1.0,158,5288,0.1635,159
64,0.25,low,7,0.25,NC,2728.53,5224,1.0,181,5224,0.1975,157
64,0.25,low,7,0.25,RT,1174.4,1288,0.45304,181,5224,0.1975,157
64,0.25,low,7,0.25,EC,1174.4,1288,0.91713,181,5224,0.1975,157
64,0.25,low,7,0.25,EO,1174.4,1288,1.0,181,5224,0.1975,157
64,0.25,low,7,0.5,NC,2728.53,5224,1.0,181,5224,0.1975,157
64,0.25,low,7,0.5,RT,2042.67,2600,0.77901,181,5224,0.1975,157
64,0.25,low,7,0.5,EC,2042.67,2600,0.96133,181,5224,0.1975,157
64,0.25,low,7,0.5,EO,2042.67,2600,1.0,181,5224,0.1975,157
64,0.25,low,7,0.75,NC,2728.53,5224,1.0,181,5224,0.1975,157
64,0.25,low,7,0.75,RT,2541.87,3912,0.9337,181,5224,0.1975,157
64,0.25,low,7,0.75,EC,2541.87,3912,0.98895,181,5224,0.1975,157
64,0.25,low,7,0.75,EO,2541.87,3912,1.0,181,5224,0.1975,157
64,0.25,med,0,0.25,NC,2498.13,4840,1.0,140,4840,0.1586,145
64,0.25,med,0,0.25,RT,1091.2,1192,0.31429,140,4840,0.1586,145
64,0.25,med,0,0.25,EC,1091.2,1192,0.97143,140,4840,0.1586,145
64,0.25,med,0,0.25,EO,1091.2,1192,1.0,140,4840,0.1586,145
64,0.25,med,0,0.5,NC,2498.13,4840,1.0,140,4840,0.1586,145
64,0.25,med,0,0.5,RT,1900.8,2408,0.62143,140,4840,0.1586,145
64,0.25,med,0,0.5,EC,1900.8,2408,1.0,140,4840,0.1586,145
64,0.25,med,0,0.5,EO,1900.8,2408,1.0,140,4840,0.1586,145
64,0.25,med,0,0.75,NC,2498.13,4840,1.0,140,4840,0.1586,145
64,0.25,med,0,0.75,RT,2353.6,3624,0.89286,140,4840,0.1586,145
64,0.25,med,0,0.75,EC,2353.6,3624,1.0,140,4840,0.1586,145
64,0.25,med,0,0.75,EO,2353.6,3624,1.0,140,4840,0.1586,145
64,0.25,med,1,0.25,NC,2701.33,5160,1.0,143,5160,0.1484,155
64,0.25,med,1,0.25,RT,1198.4,1288,0.41259,143,5160,0.1484,155
64,0.25,med,1,0.25,EC,1198.4,1288,0.97203,143,5160,0.1484,155
64,0.25,med,1,0.25,EO,1198.4,1288,1.0,143,5160,0.1484,155
64,0.25,med,1,0.5,NC,2701.33,5160,1.0,143,5160,0.1484,155
64,0.25,med,1,0.5,RT,2029.33,2568,0.72028,143,5160,0.1484,155
64,0.25,med,1,0.5,EC,2029.33,2568,1.0,143,5160,0.1484,155
64,0.25,med,1,0.5,EO,2029.33,2568,1.0,143,5160,0.1484,155
64,0.25,med,1,0.75,NC,2701.33,5160,1.0,143,5160,0.1484,155
64,0.25,med,1,0.75,RT,2514.67,3848,0.9021,143,5160,0.1484,155
64,0.25,med,1,0.75,EC,2514.67,3848,1.0,143,5160,0.1484,155
64,0.25,med,1,0.75,EO,2514.67,3848,1.0,143,5160,0.1484,155
64,0.25,med,2,0.25,NC,2389.87,4616,1.0,147,4616,0.1522,138
64,0.25,med,2,0.25,RT,1021.87,1128,0.34694,147,4616,0.1522,138
64,0.25,med,2,0.25,EC,1021.87,1128,0.96599,147,4616,0.1522,138
64,0.25,med,2,0.25,EO,1021.87,1128,1.0,147,4616,0.1522,138
64,0.25,med,2,0.5,NC,2389.87,4616,1.0,147,4616,0.1522,138
64,0.25,med,2,0.5,RT,1752.0,2280,0.58503,147,4616,0.1522,138
64,0.25,med,2,0.5,EC,1752.0,2280,1.0,147,4616,0.1522,138
64,0.25,med,2,0.5,EO,1752.0,2280,1.0,147,4616,0.1522,138
64,0.25,med,2,0.75,NC,2389.87,4616,1.0,147,4616,0.1522,138
64,0.25,med,2,0.75,RT,2229.33,3432,0.85034,147,4616,0.1522,138
64,0.25,med,2,0.75,EC,2229.33,3432,1.0,147,4616,0.1522,138
64,0.25,med,2,0.75,EO,2229.33,3432,1.0,147,4616,0.1522,138
64,0.25,med,3,0.25,NC,2772.8,5064,1.0,139,5064,0.1645,152
64,0.25,med,3,0.25,RT,1161.07,1256,0.42446,139,5064,0.1645,152
64,0.25,med,3,0.25,EC,1161.07,1256,0.93525,139,5064,0.1645,152
64,0.25,med,3,0.25,EO,1161.07,1256,1.0,139,5064,0.1645,152
64,0.25,med,3,0.5,NC,2772.8,5064,1.0,139,5064,0.1645,152
64,0.25,med,3,0.5,RT,2000.0,2504,0.70504,139,5064,0.1645,152
64,0.25,med,3,0.5,EC,2000.0,2504,1.0,139,5064,0.1645,152
64,0.25,med,3,0.5,EO,2000.0,2504,1.0,139,5064,0.1645,152
64,0.25,med,3,0.75,NC,2772.8,5064,1.0,139,5064,0.1645,152
64,0.25,med,3,0.75,RT,2552.0,3784,0.94245,139,5064,0.1645,152
64,0.25,med,3,0.75,EC,2552.0,3784,1.0,139,5064,0.1645,152
64,0.25,med,3,0.75,EO,2552.0,3784,1.0,139,5064,0.1645,152
64,0.25,med,4,0.25,NC,2488.53,4840,1.0,151,4840,0.131,145
64,0.25,med,4,0.25,RT,1091.2,1192,0.33775,151,4840,0.131,145
64,0.25,med,4,0.25,EC,1091.2,1192,0.99338,151,4840,0.131,145
64,0.25,med,4,0.25,EO,1091.2,1192,1.0,151,4840,0.131,145
64,0.25,med,4,0.5,NC,2488.53,4840,1.0,151,4840,0.131,145
64,0.25,med,4,0.5,RT,1894.93,2408,0.62914,151,4840,0.131,145
64,0.25,med,4,0.5,EC,1894.93,2408,1.0,151,4840,0.131,145
64,0.25,med,4,0.5,EO,1894.93,2408,1.0,151,4840,0.131,145
64,0.25,med,4,0.75,NC,2488.53,4840,1.0,151,4840,0.131,145
64,0.25,med,4,0.75,RT,2340.27,3624,0.90066,151,4840,0.131,145
64,0.25,med,4,0.75,EC,2340.27,3624,1.0,151,4840,0.131,145
64,0.25,med,4,0.75,EO,2340.27,3624,1.0,151,4840,0.131,145
64,0.25,med,5,0.25,NC,2368.53,4552,1.0,156,4552,0.1838,136
64,0.25,med,5,0.25,RT,1046.4,1128,0.34615,156,4552,0.1838,136
64,0.25,med,5,0.25,EC,1046.4,1128,0.94872,156,4552,0.1838,136
64,0.25,med,5,0.25,EO,1046.4,1128,1.0,156,4552,0.1838,136
64,0.25,med,5,0.5,NC,2368.53,4552,1.0,156,4552,0.1838,136
64,0.25,med,5,0.5,RT,1776.53,2248,0.66667,156,4552,0.1838,136
64,0.25,med,5,0.5,EC,1776.53,2248,1.0,156,4552,0.1838,136
64,0.25,med,5,0.5,EO,1776.53,2248,1.0,156,4552,0.1838,136
64,0.25,med,5,0.75,NC,2368.53,4552,1.0,156,4552,0.1838,136
64,0.25,med,5,0.75,RT,2216.53,3400,0.88462,156,4552,0.1838,136
64,0.25,med,5,0.75,EC,2216.53,3400,1.0,156,4552,0.1838,136
64,0.25,med,5,0.75,EO,2216.53,3400,1.0,156,4552,0.1838,136
64,0.25,med,6,0.25,NC,2724.27,5288,1.0,175,5288,0.1887,159
64,0.25,med,6,0.25,RT,1213.87,1320,0.39429,175,5288,0.1887,159
64,0.25,med,6,0.25,EC,1213.87,1320,0.97143,175,5288,0.1887,159
64,0.25,med,6,0.25,EO,1213.87,1320,1.0,175,5288,0.1887,159
64,0.25,med,6,0.5,NC,2724.27,5288,1.0,175,5288,0.1887,159
64,0.25,med,6,0.5,RT,2065.6,2632,0.66286,175,5288,0.1887,159
64,0.25,med,6,0.5,EC,2065.6,2632,1.0,175,5288,0.1887,159
64,0.25,med,6,0.5,EO,2065.6,2632,1.0,175,5288,0.1887,159
64,0.25,med,6,0.75,NC,2724.27,5288,1.0,175,5288,0.1887,159
64,0.25,med,6,0.75,RT,2534.93,3944,0.90286,175,5288,0.1887,159
64,0.25,med,6,0.75,EC,2534.93,3944,1.0,175,5288,0.1887,159
64,0.25,med,6,0.75,EO,2534.93,3944,1.0,175,5288,0.1887,159
64,0.25,med,7,0.25,NC,2728.53,5224,1.0,171,5224,0.1592,157
64,0.25,med,7,0.25,RT,1174.4,1288,0.32164,171,5224,0.1592,157
64,0.25,med,7,0.25,EC,1174.4,1288,0.9883,171,5224,0.1592,157
64,0.25,med,7,0.25,EO,1174.4,1288,1.0,171,5224,0.1592,157
64,0.25,med,7,0.5,NC,2728.53,5224,1.0,171,5224,0.1592,157
64,0.25,med,7,0.5,RT,2042.67,2600,0.7193,171,5224,0.1592,157
64,0.25,med,7,0.5,EC,2042.67,2600,1.0,171,5224,0.1592,157
64,0.25,med,7,0.5,EO,2042.67,2600,1.0,171,5224,0.1592,157
64,0.25,med,7,0.75,NC,2728.53,5224,1.0,171,5224,0.1592,157
64,0.25,med,7,0.75,RT,2541.87,3912,0.87719,171,5224,0.1592,157
64,0.25,med,7,0.75,EC,2541.87,3912,1.0,171,5224,0.1592,157
64,0.25,med,7,0.75,EO,2541.87,3912,1.0,171,5224,0.1592,157
64,0.25,high,0,0.25,NC,2498.13,4840,1.0,147,4840,0.1379,145
64,0.25,high,0,0.25,RT,1091.2,1192,0.2585,147,4840,0.1379,145
64,0.25,high,0,0.25,EC,1091.2,1192,0.98639,147,4840,0.1379,145
64,0.25,high,0,0.25,EO,1091.2,1192,1.0,147,4840,0.1379,145
64,0.25,high,0,0.5,NC,2498.13,4840,1.0,147,4840,0.1379,145
64,0.25,high,0,0.5,RT,1900.8,2408,0.53741,147,4840,0.1379,145
64,0.25,high,0,0.5,EC,1900.8,2408,1.0,147,4840,0.1379,145
64,0.25,high,0,0.5,EO,1900.8,2408,1.0,147,4840,0.1379,145
64,0.25,high,0,0.75,NC,2498.13,4840,1.0,147,4840,0.1379,145
64,0.25,high,0,0.75,RT,2353.6,3624,0.86395,147,4840,0.1379,145
64,0.25,high,0,0.75,EC,2353.6,3624,1.0,147,4840,0.1379,145
64,0.25,high,0,0.75,EO,2353.6,3624,1.0,147,4840,0.1379,145
64,0.25,high,1,0.25,NC,2701.33,5160,1.0,153,5160,0.129,155
64,0.25,high,1,0.25,RT,1198.4,1288,0.34641,153,5160,0.129,155
64,0.25,high,1,0.25,EC,1198.4,1288,1.0,153,5160,0.129,155
64,0.25,high,1,0.25,EO,1198.4,1288,1.0,153,5160,0.129,155
64,0.25,high,1,0.5,NC,2701.33,5160,1.0,153,5160,0.129,155
64,0.25,high,1,0.5,RT,2029.33,2568,0.64706,153,5160,0.129,155
64,0.25,high,1,0.5,EC,2029.33,2568,1.0,153,5160,0.129,155
64,0.25,high,1,0.5,EO,2029.33,2568,1.0,153,5160,0.129,155
64,0.25,high,1,0.75,NC,2701.33,5160,1.0,153,5160,0.129,155
64,0.25,high,1,0.75,RT,2514.67,3848,0.86275,153,5160,0.129,155
64,0.25,high,1,0.75,EC,2514.67,3848,1.0,153,5160,0.129,155
64,0.25,high,1,0.75,EO,2514.67,3848,1.0,153,5160,0.129,155
64,0.25,high,2,0.25,NC,2389.87,4616,1.0,142,4616,0.087,138
64,0.25,high,2,0.25,RT,1021.87,1128,0.26056,142,4616,0.087,138
64,0.25,high,2,0.25,EC,1021.87,1128,1.0,142,4616,0.087,138
64,0.25,high,2,0.25,EO,1021.87,1128,1.0,142,4616,0.087,138
64,0.25,high,2,0.5,NC,2389.87,4616,1.0,142,4616,0.087,138
64,0.25,high,2,0.5,RT,1752.0,2280,0.50704,142,4616,0.087,138
64,0.25,high,2,0.5,EC,1752.0,2280,1.0,142,4616,0.087,138
64,0.25,high,2,0.5,EO,1752.0,2280,1.0,142,4616,0.087,138
64,0.25,high,2,0.75,NC,2389.87,4616,1.0,142,4616,0.087,138
64,0.25,high,2,0.75,RT,2229.33,3432,0.78169,142,4616,0.087,138
64,0.25,high,2,0.75,EC,2229.33,3432,1.0,142,4616,0.087,138
64,0.25,high,2,0.75,EO,2229.33,3432,1.0,142,4616,0.087,138
64,0.25,high,3,0.25,NC,2772.8,5064,1.0,159,5064,0.1579,152
64,0.25,high,3,0.25,RT,1161.07,1256,0.36478,159,5064,0.1579,152
64,0.25,high,3,0.25,EC,1161.07,1256,0.98113,159,5064,0.1579,152
64,0.25,high,3,0.25,EO,1161.07,1256,1.0,159,5064,0.1579,152
64,0.25,high,3,0.5,NC,2772.8,5064,1.0,159,5064,0.1579,152
64,0.25,high,3,0.5,RT,2000.0,2504,0.63522,159,5064,0.1579,152
64,0.25,high,3,0.5,EC,2000.0,2504,1.0,159,5064,0.1579,152
64,0.25,high,3,0.5,EO,2000.0,2504,1.0,159,5064,0.1579,152
64,0.25,high,3,0.75,NC,2772.8,5064,1.0,159,5064,0.1579,152
64,0.25,high,3,0.75,RT,2552.0,3784,0.89937,159,5064,0.1579,152
64,0.25,high,3,0.75,EC,2552.0,3784,1.0,159,5064,0.1579,152
64,0.25,high,3,0.75,EO,2552.0,3784,1.0,159,5064,0.1579,152
64,0.25,high,4,0.25,NC,2488.53,4840,1.0,190,4840,0.1586,145
64,0.25,high,4,0.25,RT,1091.2,1192,0.27895,190,4840,0.1586,145
64,0.25,high,4,0.25,EC,1091.2,1192,0.99474,190,4840,0.1586,145
64,0.25,high,4,0.25,EO,1091.2,1192,1.0,190,4840,0.1586,145
64,0.25,high,4,0.5,NC,2488.53,4840,1.0,190,4840,0.1586,145
64,0.25,high,4,0.5,RT,1894.93,2408,0.63684,190,4840,0.1586,145
64,0.25,high,4,0.5,EC,1894.93,2408,1.0,190,4840,0.1586,145
64,0.25,high,4,0.5,EO,1894.93,2408,1.0,190,4840,0.1586,145
64,0.25,high,4,0.75,NC,2488.53,4840,1.0,190,4840,0.1586,145
64,0.25,high,4,0.75,RT,2340.27,3624,0.87368,190,4840,0.1586,145
64,0.25,high,4,0.75,EC,2340.27,3624,1.0,190,4840,0.1586,145
64,0.25,high,4,0.75,EO,2340.27,3624,1.0,190,4840,0.1586,145
64,0.25,high,5,0.25,NC,2368.53,4552,1.0,147,4552,0.1544,136
64,0.25,high,5,0.25,RT,1046.4,1128,0.33333,147,4552,0.1544,136
64,0.25,high,5,0.25,EC,1046.4,1128,0.98639,147,4552,0.1544,136
64,0.25,high,5,0.25,EO,1046.4,1128,1.0,147,4552,0.1544,136
64,0.25,high,5,0.5,NC,2368.53,4552,1.0,147,4552,0.1544,136
64,0.25,high,5,0.5,RT,1776.53,2248,0.62585,147,4552,0.1544,136
64,0.25,high,5,0.5,EC,1776.53,2248,1.0,147,4552,0.1544,136
64,0.25,high,5,0.5,EO,1776.53,2248,1.0,147,4552,0.1544,136
64,0.25,high,5,0.75,NC,2368.53,4552,1.0,147,4552,0.1544,136
64,0.25,high,5,0.75,RT,2216.53,3400,0.87755,147,4552,0.1544,136
64,0.25,high,5,0.75,EC,2216.53,3400,1.0,147,4552,0.1544,136
64,0.25,high,5,0.75,EO,2216.53,3400,1.0,147,4552,0.1544,136
64,0.25,high,6,0.25,NC,2724.27,5288,1.0,170,5288,0.1447,159
64,0.25,high,6,0.25,RT,1213.87,1320,0.34706,170,5288,0.1447,159
64,0.25,high,6,0.25,EC,1213.87,1320,0.99412,170,5288,0.1447,159
64,0.25,high,6,0.25,EO,1213.87,1320,1.0,170,5288,0.1447,159
64,0.25,high,6,0.5,NC,2724.27,5288,1.0,170,5288,0.1447,159
64,0.25,high,6,0.5,RT,2065.6,2632,0.64706,170,5288,0.1447,159
64,0.25,high,6,0.5,EC,2065.6,2632,1.0,170,5288,0.1447,159
64,0.25,high,6,0.5,EO,2065.6,2632,1.0,170,5288,0.1447,159
64,0.25,high,6,0.75,NC,2724.27,5288,1.0,170,5288,0.1447,159
64,0.25,high,6,0.75,RT,2534.93,3944,0.84706,170,5288,0.1447,159
64,0.25,high,6,0.75,EC,2534.93,3944,1.0,170,5288,0.1447,159
64,0.25,high,6,0.75,EO,2534.93,3944,1.0,170,5288,0.1447,159
64,0.25,high,7,0.25,NC,2728.53,5224,1.0,187,5224,0.1146,157
64,0.25,high,7,0.25,RT,1174.4,1288,0.26738,187,5224,0.1146,157
64,0.25,high,7,0.25,EC,1174.4,1288,0.97861,187,5224,0.1146,157
64,0.25,high,7,0.25,EO,1174.4,1288,1.0,187,5224,0.1146,157
64,0.25,high,7,0.5,NC,2728.53,5224,1.0,187,5224,0.1146,157
64,0.25,high,7,0.5,RT,2042.67,2600,0.60963,187,5224,0.1146,157
64,0.25,high,7,0.5,EC,2042.67,2600,1.0,187,5224,0.1146,157
64,0.25,high,7,0.5,EO,2042.67,2600,1.0,187,5224,0.1146,157
64,0.25,high,7,0.75,NC,2728.53,5224,1.0,187,5224,0.1146,157
64,0.25,high,7,0.75,RT,2541.87,3912,0.86631,187,5224,0.1146,157
64,0.25,high,7,0.75,EC,2541.87,3912,1.0,187,5224,0.1146,157
64,0.25,high,7,0.75,EO,2541.87,3912,1.0,187,5224,0.1146,157
256,0.02,low,0,0.25,NC,8387.2,16296,1.0,98,16296,0.0159,503
256,0.02,low,0,0.25,RT,3577.07,4072,0.65306,98,16296,0.0159,503
256,0.02,low,0,0.25,EC,3577.07,4072,1.0,98,16296,0.0159,503
256,0.02,low,0,0.25,EO,3577.07,4072,1.0,98,16296,0.0159,503
256,0.02,low,0,0.5,NC,8387.2,16296,1.0,98,16296,0.0159,503
256,0.02,low,0,0.5,RT,6044.27,8136,0.93878,98,16296,0.0159,503
256,0.02,low,0,0.5,EC,6044.27,8136,1.0,98,16296,0.0159,503
256,0.02,low,0,0.5,EO,6044.27,8136,1.0,98,16296,0.0159,503
256,0.02,low,0,0.75,NC,8387.2,16296,1.0,98,16296,0.0159,503
256,0.02,low,0,0.75,RT,7728.53,12200,1.0,98,16296,0.0159,503
256,0.02,low,0,0.75,EC,7728.53,12200,1.0,98,16296,0.0159,503
256,0.02,low,0,0.75,EO,7728.53,12200,1.0,98,16296,0.0159,503
256,0.02,low,1,0.25,NC,6872.53,13480,1.0,121,13480,0.0193,415
256,0.02,low,1,0.25,RT,2882.13,3368,0.3719,121,13480,0.0193,415
256,0.02,low,1,0.25,EC,2882.13,3368,0.96694,121,13480,0.0193,415
256,0.02,low,1,0.25,EO,2882.13,3368,1.0,121,13480,0.0193,415
256,0.02,low,1,0.5,NC,6872.53,13480,1.0,121,13480,0.0193,415
256,0.02,low,1,0.5,RT,4974.93,6728,0.68595,121,13480,0.0193,415
256,0.02,low,1,0.5,EC,4974.93,6728,0.99174,121,13480,0.0193,415
256,0.02,low,1,0.5,EO,4974.93,6728,1.0,121,13480,0.0193,415
256,0.02,low,1,0.75,NC,6872.53,13480,1.0,121,13480,0.0193,415
256,0.02,low,1,0.75,RT,6316.27,10088,0.86777,121,13480,0.0193,415
256,0.02,low,1,0.75,EC,6316.27,10088,1.0,121,13480,0.0193,415
256,0.02,low,1,0.75,EO,6316.27,10088,1.0,121,13480,0.0193,415
256,0.02,low,2,0.25,NC,8117.87,15528,1.0,144,15528,0.0188,479
256,0.02,low,2,0.25,RT,3412.27,3880,0.28472,144,15528,0.0188,479
256,0.02,low,2,0.25,EC,3412.27,3880,0.88889,144,15528,0.0188,479
256,0.02,low,2,0.25,EO,3412.27,3880,1.0,144,15528,0.0188,479
256,0.02,low,2,0.5,NC,8117.87,15528,1.0,144,15528,0.0188,479
256,0.02,low,2,0.5,RT,5902.93,7752,0.54167,144,15528,0.0188,479
256,0.02,low,2,0.5,EC,5902.93,7752,1.0,144,15528,0.0188,479
256,0.02,low,2,0.5,EO,5902.93,7752,1.0,144,15528,0.0188,479
256,0.02,low,2,0.75,NC,8117.87,15528,1.0,144,15528,0.0188,479
256,0.02,low,2,0.75,RT,7526.4,11624,0.82639,144,15528,0.0188,479
256,0.02,low,2,0.75,EC,7526.4,11624,1.0,144,15528,0.0188,479
256,0.02,low,2,0.75,EO,7526.4,11624,1.0,144,15528,0.0188,479
256,0.02,low,3,0.25,NC,7829.87,15464,1.0,138,15464,0.021,477
256,0.02,low,3,0.25,RT,3333.87,3848,0.38406,138,15464,0.021,477
256,0.02,low,3,0.25,EC,3333.87,3848,0.86232,138,15464,0.021,477
256,0.02,low,3,0.25,EO,3333.87,3848,1.0,138,15464,0.021,477
256,0.02,low,3,0.5,NC,7829.87,15464,1.0,138,15464,0.021,477
256,0.02,low,3,0.5,RT,5750.4,7720,0.68116,138,15464,0.021,477
256,0.02,low,3,0.5,EC,5750.4,7720,0.99275,138,15464,0.021,477
256,0.02,low,3,0.5,EO,5750.4,7720,1.0,138,15464,0.021,477
256,0.02,low,3,0.75,NC,7829.87,15464,1.0,138,15464,0.021,477
256,0.02,low,3,0.75,RT,7265.6,11592,0.9058,138,15464,0.021,477
256,0.02,low,3,0.75,EC,7265.6,11592,1.0,138,15464,0.021,477
256,0.02,low,3,0.75,EO,7265.6,11592,1.0,138,15464,0.021,477
256,0.02,low,4,0.25,NC,7820.27,14824,1.0,131,14824,0.0175,457
256,0.02,low,4,0.25,RT,3373.87,3688,0.46565,131,14824,0.0175,457
256,0.02,low,4,0.25,EC,3373.87,3688,0.9084,131,14824,0.0175,457
256,0.02,low,4,0.25,EO,3373.87,3688,1.0,131,14824,0.0175,457
256,0.02,low,4,0.5,NC,7820.27,14824,1.0,131,14824,0.0175,457
256,0.02,low,4,0.5,RT,5762.67,7400,0.77863,131,14824,0.0175,457
256,0.02,low,4,0.5,EC,5762.67,7400,1.0,131,14824,0.0175,457
256,0.02,low,4,0.5,EO,5762.67,7400,1.0,131,14824,0.0175,457
256,0.02,low,4,0.75,NC,7820.27,14824,1.0,131,14824,0.0175,457
256,0.02,low,4,0.75,RT,7291.2,11112,0.96947,131,14824,0.0175,457
256,0.02,low,4,0.75,EC,7291.2,11112,1.0,131,14824,0.0175,457
256,0.02,low,4,0.75,EO,7291.2,11112,1.0,131,14824,0.0175,457
256,0.02,low,5,0.25,NC,8452.27,15816,1.0,127,15816,0.0143,488
256,0.02,low,5,0.25,RT,3573.87,3944,0.35433,127,15816,0.0143,488
256,0.02,low,5,0.25,EC,3573.87,3944,0.98425,127,15816,0.0143,488
256,0.02,low,5,0.25,EO,3573.87,3944,1.0,127,15816,0.0143,488
256,0.02,low,5,0.5,NC,8452.27,15816,1.0,127,15816,0.0143,488
256,0.02,low,5,0.5,RT,6144.53,7880,0.62992,127,15816,0.0143,488
256,0.02,low,5,0.5,EC,6144.53,7880,1.0,127,15816,0.0143,488
256,0.02,low,5,0.5,EO,6144.53,7880,1.0,127,15816,0.0143,488
256,0.02,low,5,0.75,NC,8452.27,15816,1.0,127,15816,0.0143,488
256,0.02,low,5,0.75,RT,7771.2,11848,0.85827,127,15816,0.0143,488
256,0.02,low,5,0.75,EC,7771.2,11848,1.0,127,15816,0.0143,488
256,0.02,low,5,0.75,EO,7771.2,11848,1.0,127,15816,0.0143,488
256,0.02,low,6,0.25,NC,9672.53,18056,1.0,124,18056,0.0179,558
256,0.02,low,6,0.25,RT,3970.67,4488,0.46774,124,18056,0.0179,558
256,0.02,low,6,0.25,EC,3970.67,4488,0.85484,124,18056,0.0179,558
256,0.02,low,6,0.25,EO,3970.67,4488,1.0,124,18056,0.0179,558
256,0.02,low,6,0.5,NC,9672.53,18056,1.0,124,18056,0.0179,558
256,0.02,low,6,0.5,RT,6968.53,9000,0.73387,124,18056,0.0179,558
256,0.02,low,6,0.5,EC,6968.53,9000,0.98387,124,18056,0.0179,558
256,0.02,low,6,0.5,EO,6968.53,9000,1.0,124,18056,0.0179,558
256,0.02,low,6,0.75,NC,9672.53,18056,1.0,124,18056,0.0179,558
256,0.02,low,6,0.75,RT,8940.27,13512,0.91935,124,18056,0.0179,558
256,0.02,low,6,0.75,EC,8940.27,13512,0.98387,124,18056,0.0179,558
256,0.02,low,6,0.75,EO,8940.27,13512,1.0,124,18056,0.0179,558
256,0.02,low,7,0.25,NC,8861.33,18312,1.0,143,18312,0.0159,566
256,0.02,low,7,0.25,RT,3922.13,4552,0.42657,143,18312,0.0159,566
256,0.02,low,7,0.25,EC,3922.13,4552,0.86014,143,18312,0.0159,566
256,0.02,low,7,0.25,EO,3922.13,4552,1.0,143,18312,0.0159,566
256,0.02,low,7,0.5,NC,8861.33,18312,1.0,143,18312,0.0159,566
256,0.02,low,7,0.5,RT,6568.53,9128,0.71329,143,18312,0.0159,566
256,0.02,low,7,0.5,EC,6568.53,9128,0.98601,143,18312,0.0159,566
256,0.02,low,7,0.5,EO,6568.53,9128,1.0,143,18312,0.0159,566
256,0.02,low,7,0.75,NC,8861.33,18312,1.0,143,18312,0.0159,566
256,0.02,low,7,0.75,RT,8217.6,13704,0.91608,143,18312,0.0159,566
256,0.02,low,7,0.75,EC,8217.6,13704,1.0,143,18312,0.0159,566
256,0.02,low,7,0.75,EO,8217.6,13704,1.0,143,18312,0.0159,566
256,0.02,med,0,0.25,NC,8387.2,16296,1.0,122,16296,0.0139,503
256,0.02,med,0,0.25,RT,3577.07,4072,0.38525,122,16296,0.0139,503
256,0.02,med,0,0.25,EC,3577.07,4072,1.0,122,16296,0.0139,503
256,0.02,med,0,0.25,EO,3577.07,4072,1.0,122,16296,0.0139,503
256,0.02,med,0,0.5,NC,8387.2,16296,1.0,122,16296,0.0139,503
256,0.02,med,0,0.5,RT,6044.27,8136,0.7623,122,16296,0.0139,503
256,0.02,med,0,0.5,EC,6044.27,8136,1.0,122,16296,0.0139,503
256,0.02,med,0,0.5,EO,6044.27,8136,1.0,122,16296,0.0139,503
256,0.02,med,0,0.75,NC,8387.2,16296,1.0,122,16296,0.0139,503
256,0.02,med,0,0.75,RT,7728.53,12200,0.98361,122,16296,0.0139,503
256,0.02,med,0,0.75,EC,7728.53,12200,1.0,122,16296,0.0139,503
256,0.02,med,0,0.75,EO,7728.53,12200,1.0,122,16296,0.0139,503
256,0.02,med,1,0.25,NC,6872.53,13480,1.0,130,13480,0.0193,415
256,0.02,med,1,0.25,RT,2882.13,3368,0.38462,130,13480,0.0193,415
256,0.02,med,1,0.25,EC,2882.13,3368,1.0,130,13480,0.0193,415
256,0.02,med,1,0.25,EO,2882.13,3368,1.0,130,13480,0.0193,415
256,0.02,med,1,0.5,NC,6872.53,13480,1.0,130,13480,0.0193,415
256,0.02,med,1,0.5,RT,4974.93,6728,0.70769,130,13480,0.0193,415
256,0.02,med,1,0.5,EC,4974.93,6728,1.0,130,13480,0.0193,415
256,0.02,med,1,0.5,EO,4974.93,6728,1.0,130,13480,0.0193,415
256,0.02,med,1,0.75,NC,6872.53,13480,1.0,130,13480,0.0193,415
256,0.02,med,1,0.75,RT,6316.27,10088,0.90769,130,13480,0.0193,415
256,0.02,med,1,0.75,EC,6316.27,10088,1.0,130,13480,0.0193,415
256,0.02,med,1,0.75,EO,6316.27,10088,1.0,130,13480,0.0193,415
256,0.02,med,2,0.25,NC,8117.87,15528,1.0,132,15528,0.0188,479
256,0.02,med,2,0.25,RT,3412.27,3880,0.32576,132,15528,0.0188,479
256,0.02,med,2,0.25,EC,3412.27,3880,1.0,132,15528,0.0188,479
256,0.02,med,2,0.25,EO,3412.27,3880,1.0,132,15528,0.0188,479
256,0.02,med,2,0.5,NC,8117.87,15528,1.0,132,15528,0.0188,479
256,0.02,med,2,0.5,RT,5902.93,7752,0.62121,132,15528,0.0188,479
256,0.02,med,2,0.5,EC,5902.93,7752,1.0,132,15528,0.0188,479
256,0.02,med,2,0.5,EO,5902.93,7752,1.0,132,15528,0.0188,479
256,0.02,med,2,0.75,NC,8117.87,15528,1.0,132,15528,0.0188,479
256,0.02,med,2,0.75,RT,7526.4,11624,0.88636,132,15528,0.0188,479
256,0.02,med,2,0.75,EC,7526.4,11624,1.0,132,15528,0.0188,479
256,0.02,med,2,0.75,EO,7526.4,11624,1.0,132,15528,0.0188,479
256,0.02,med,3,0.25,NC,7829.87,15464,1.0,144,15464,0.0189,477
256,0.02,med,3,0.25,RT,3333.87,3848,0.32639,144,15464,0.0189,477
256,0.02,med,3,0.25,EC,3333.87,3848,1.0,144,15464,0.0189,477
256,0.02,med,3,0.25,EO,3333.87,3848,1.0,144,15464,0.0189,477
256,0.02,med,3,0.5,NC,7829.87,15464,1.0,144,15464,0.0189,477
256,0.02,med,3,0.5,RT,5750.4,7720,0.61111,144,15464,0.0189,477
256,0.02,med,3,0.5,EC,5750.4,7720,1.0,144,15464,0.0189,477
256,0.02,med,3,0.5,EO,5750.4,7720,1.0,144,15464,0.0189,477
256,0.02,med,3,0.75,NC,7829.87,15464,1.0,144,15464,0.0189,477
256,0.02,med,3,0.75,RT,7265.6,11592,0.875,144,15464,0.0189,477
256,0.02,med,3,0.75,EC,7265.6,11592,1.0,144,15464,0.0189,477
256,0.02,med,3,0.75,EO,7265.6,11592,1.0,144,15464,0.0189,477
256,0.02,med,4,0.25,NC,7820.27,14824,1.0,132,14824,0.0175,457
256,0.02,med,4,0.25,RT,3373.87,3688,0.36364,132,14824,0.0175,457
256,0.02,med,4,0.25,EC,3373.87,3688,1.0,132,14824,0.0175,457
256,0.02,med,4,0.25,EO,3373.87,3688,1.0,132,14824,0.0175,457
256,0.02,med,4,0.5,NC,7820.27,14824,1.0,132,14824,0.0175,457
256,0.02,med,4,0.5,RT,5762.67,7400,0.73485,132,14824,0.0175,457
256,0.02,med,4,0.5,EC,5762.67,7400,1.0,132,14824,0.0175,457
256,0.02,med,4,0.5,EO,5762.67,7400,1.0,132,14824,0.0175,457
256,0.02,med,4,0.75,NC,7820.27,14824,1.0,132,14824,0.0175,457
256,0.02,med,4,0.75,RT,7291.2,11112,0.96212,132,14824,0.0175,457
256,0.02,med,4,0.75,EC,7291.2,11112,1.0,132,14824,0.0175,457
256,0.02,med,4,0.75,EO,7291.2,11112,1.0,132,14824,0.0175,457
256,0.02,med,5,0.25,NC,8452.27,15816,1.0,155,15816,0.0164,488
256,0.02,med,5,0.25,RT,3573.87,3944,0.25806,155,15816,0.0164,488
256,0.02,med,5,0.25,EC,3573.87,3944,1.0,155,15816,0.0164,488
256,0.02,med,5,0.25,EO,3573.87,3944,1.0,155,15816,0.0164,488
256,0.02,med,5,0.5,NC,8452.27,15816,1.0,155,15816,0.0164,488
256,0.02,med,5,0.5,RT,6144.53,7880,0.56129,155,15816,0.0164,488
256,0.02,med,5,0.5,EC,6144.53,7880,1.0,155,15816,0.0164,488
256,0.02,med,5,0.5,EO,6144.53,7880,1.0,155,15816,0.0164,488
256,0.02,med,5,0.75,NC,8452.27,15816,1.0,155,15816,0.0164,488
256,0.02,med,5,0.75,RT,7771.2,11848,0.84516,155,15816,0.0164,488
256,0.02,med,5,0.75,EC,7771.2,11848,1.0,155,15816,0.0164,488
256,0.02,med,5,0.75,EO,7771.2,11848,1.0,155,15816,0.0164,488
256,0.02,med,6,0.25,NC,9672.53,18056,1.0,121,18056,0.0179,558
256,0.02,med,6,0.25,RT,3970.67,4488,0.43802,121,18056,0.0179,558
256,0.02,med,6,0.25,EC,3970.67,4488,1.0,121,18056,0.0179,558
256,0.02,med,6,0.25,EO,3970.67,4488,1.0,121,18056,0.0179,558
256,0.02,med,6,0.5,NC,9672.53,18056,1.0,121,18056,0.0179,558
256,0.02,med,6,0.5,RT,6968.53,9000,0.69421,121,18056,0.0179,558
256,0.02,med,6,0.5,EC,6968.53,9000,1.0,121,18056,0.0179,558
256,0.02,med,6,0.5,EO,6968.53,9000,1.0,121,18056,0.0179,558
256,0.02,med,6,0.75,NC,9672.53,18056,1.0,121,18056,0.0179,558
256,0.02,med,6,0.75,RT,8940.27,13512,0.89256,121,18056,0.0179,558
256,0.02,med,6,0.75,EC,8940.27,13512,1.0,121,18056,0.0179,558
256,0.02,med,6,0.75,EO,8940.27,13512,1.0,121,18056,0.0179,558
256,0.02,med,7,0.25,NC,8861.33,18312,1.0,158,18312,0.0177,566
256,0.02,med,7,0.25,RT,3922.13,4552,0.34177,158,18312,0.0177,566
256,0.02,med,7,0.25,EC,3922.13,4552,1.0,158,18312,0.0177,566
256,0.02,med,7,0.25,EO,3922.13,4552,1.0,158,18312,0.0177,566
256,0.02,med,7,0.5,NC,8861.33,18312,1.0,158,18312,0.0177,566
256,0.02,med,7,0.5,RT,6568.53,9128,0.63924,158,18312,0.0177,566
256,0.02,med,7,0.5,EC,6568.53,9128,1.0,158,18312,0.0177,566
256,0.02,med,7,0.5,EO,6568.53,9128,1.0,158,18312,0.0177,566
256,0.02,med,7,0.75,NC,8861.33,18312,1.0,158,18312,0.0177,566
256,0.02,med,7,0.75,RT,8217.6,13704,0.82278,158,18312,0.0177,566
256,0.02,med,7,0.75,EC,8217.6,13704,1.0,158,18312,0.0177,566
256,0.02,med,7,0.75,EO,8217.6,13704,1.0,158,18312,0.0177,566
256,0.02,high,0,0.25,NC,8387.2,16296,1.0,116,16296,0.0139,503
256,0.02,high,0,0.25,RT,3577.07,4072,0.37931,116,16296,0.0139,503
256,0.02,high,0,0.25,EC,3577.07,4072,1.0,116,16296,0.0139,503
256,0.02,high,0,0.25,EO,3577.07,4072,1.0,116,16296,0.0139,503
256,0.02,high,0,0.5,NC,8387.2,16296,1.0,116,16296,0.0139,503
256,0.02,high,0,0.5,RT,6044.27,8136,0.7069,116,16296,0.0139,503
256,0.02,high,0,0.5,EC,6044.27,8136,1.0,116,16296,0.0139,503
256,0.02,high,0,0.5,EO,6044.27,8136,1.0,116,16296,0.0139,503
256,0.02,high,0,0.75,NC,8387.2,16296,1.0,116,16296,0.0139,503
256,0.02,high,0,0.75,RT,7728.53,12200,0.93103,116,16296,0.0139,503
256,0.02,high,0,0.75,EC,7728.53,12200,1.0,116,16296,0.0139,503
256,0.02,high,0,0.75,EO,7728.53,12200,1.0,116,16296,0.0139,503
256,0.02,high,1,0.25,NC,6872.53,13480,1.0,132,13480,0.0169,415
256,0.02,high,1,0.25,RT,2882.13,3368,0.32576,132,13480,0.0169,415
256,0.02,high,1,0.25,EC,2882.13,3368,1.0,132,13480,0.0169,415
256,0.02,high,1,0.25,EO,2882.13,3368,1.0,132,13480,0.0169,415
256,0.02,high,1,0.5,NC,6872.53,13480,1.0,132,13480,0.0169,415
256,0.02,high,1,0.5,RT,4974.93,6728,0.64394,132,13480,0.0169,415
256,0.02,high,1,0.5,EC,4974.93,6728,1.0,132,13480,0.0169,415
256,0.02,high,1,0.5,EO,4974.93,6728,1.0,132,13480,0.0169,415
256,0.02,high,1,0.75,NC,6872.53,13480,1.0,132,13480,0.0169,415
256,0.02,high,1,0.75,RT,6316.27,10088,0.88636,132,13480,0.0169,415
256,0.02,high,1,0.75,EC,6316.27,10088,1.0,132,13480,0.0169,415
256,0.02,high,1,0.75,EO,6316.27,10088,1.0,132,13480,0.0169,415
256,0.02,high,2,0.25,NC,8117.87,15528,1.0,127,15528,0.0188,479
256,0.02,high,2,0.25,RT,3412.27,3880,0.30709,127,15528,0.0188,479
256,0.02,high,2,0.25,EC,3412.27,3880,1.0,127,15528,0.0188,479
256,0.02,high,2,0.25,EO,3412.27,3880,1.0,127,15528,0.0188,479
256,0.02,high,2,0.5,NC,8117.87,15528,1.0,127,15528,0.0188,479
256,0.02,high,2,0.5,RT,5902.93,7752,0.5748,127,15528,0.0188,479
256,0.02,high,2,0.5,EC,5902.93,7752,1.0,127,15528,0.0188,479
256,0.02,high,2,0.5,EO,5902.93,7752,1.0,127,15528,0.0188,479
256,0.02,high,2,0.75,NC,8117.87,15528,1.0,127,15528,0.0188,479
256,0.02,high,2,0.75,RT,7526.4,11624,0.85039,127,15528,0.0188,479
256,0.02,high,2,0.75,EC,7526.4,11624,1.0,127,15528,0.0188,479
256,0.02,high,2,0.75,EO,7526.4,11624,1.0,127,15528,0.0188,479
256,0.02,high,3,0.25,NC,7829.87,15464,1.0,144,15464,0.0189,477
256,0.02,high,3,0.25,RT,3333.87,3848,0.3125,144,15464,0.0189,477
256,0.02,high,3,0.25,EC,3333.87,3848,1.0,144,15464,0.0189,477
256,0.02,high,3,0.25,EO,3333.87,3848,1.0,144,15464,0.0189,477
256,0.02,high,3,0.5,NC,7829.87,15464,1.0,144,15464,0.0189,477
256,0.02,high,3,0.5,RT,5750.4,7720,0.65278,144,15464,0.0189,477
256,0.02,high,3,0.5,EC,5750.4,7720,1.0,144,15464,0.0189,477
256,0.02,high,3,0.5,EO,5750.4,7720,1.0,144,15464,0.0189,477
256,0.02,high,3,0.75,NC,7829.87,15464,1.0,144,15464,0.0189,477
256,0.02,high,3,0.75,RT,7265.6,11592,0.90278,144,15464,0.0189,477
256,0.02,high,3,0.75,EC,7265.6,11592,1.0,144,15464,0.0189,477
256,0.02,high,3,0.75,EO,7265.6,11592,1.0,144,15464,0.0189,477
256,0.02,high,4,0.25,NC,7820.27,14824,1.0,141,14824,0.0197,457
256,0.02,high,4,0.25,RT,3373.87,3688,0.3617,141,14824,0.0197,457
256,0.02,high,4,0.25,EC,3373.87,3688,1.0,141,14824,0.0197,457
256,0.02,high,4,0.25,EO,3373.87,3688,1.0,141,14824,0.0197,457
256,0.02,high,4,0.5,NC,7820.27,14824,1.0,141,14824,0.0197,457
256,0.02,high,4,0.5,RT,5762.67,7400,0.6383,141,14824,0.0197,457
256,0.02,high,4,0.5,EC,5762.67,7400,1.0,141,14824,0.0197,457
256,0.02,high,4,0.5,EO,5762.67,7400,1.0,141,14824,0.0197,457
256,0.02,high,4,0.75,NC,7820.27,14824,1.0,141,14824,0.0197,457
256,0.02,high,4,0.75,RT,7291.2,11112,0.87234,141,14824,0.0197,457
256,0.02,high,4,0.75,EC,7291.2,11112,1.0,141,14824,0.0197,457
256,0.02,high,4,0.75,EO,7291.2,11112,1.0,141,14824,0.0197,457
256,0.02,high,5,0.25,NC,8452.27,15816,1.0,149,15816,0.0184,488
256,0.02,high,5,0.25,RT,3573.87,3944,0.31544,149,15816,0.0184,488
256,0.02,high,5,0.25,EC,3573.87,3944,1.0,149,15816,0.0184,488
256,0.02,high,5,0.25,EO,3573.87,3944,1.0,149,15816,0.0184,488
256,0.02,high,5,0.5,NC,8452.27,15816,1.0,149,15816,0.0184,488
256,0.02,high,5,0.5,RT,6144.53,7880,0.5906,149,15816,0.0184,488
256,0.02,high,5,0.5,EC,6144.53,7880,1.0,149,15816,0.0184,488
256,0.02,high,5,0.5,EO,6144.53,7880,1.0,149,15816,0.0184,488
256,0.02,high,5,0.75,NC,8452.27,15816,1.0,149,15816,0.0184,488
256,0.02,high,5,0.75,RT,7771.2,11848,0.89933,149,15816,0.0184,488
256,0.02,high,5,0.75,EC,7771.2,11848,1.0,149,15816,0.0184,488
256,0.02,high,5,0.75,EO,7771.2,11848,1.0,149,15816,0.0184,488
256,0.02,high,6,0.25,NC,9672.53,18056,1.0,137,18056,0.0125,558
256,0.02,high,6,0.25,RT,3970.67,4488,0.32117,137,18056,0.0125,558
256,0.02,high,6,0.25,EC,3970.67,4488,1.0,137,18056,0.0125,558
256,0.02,high,6,0.25,EO,3970.67,4488,1.0,137,18056,0.0125,558
256,0.02,high,6,0.5,NC,9672.53,18056,1.0,137,18056,0.0125,558
256,0.02,high,6,0.5,RT,6968.53,9000,0.60584,137,18056,0.0125,558
256,0.02,high,6,0.5,EC,6968.53,9000,1.0,137,18056,0.0125,558
256,0.02,high,6,0.5,EO,6968.53,9000,1.0,137,18056,0.0125,558
256,0.02,high,6,0.75,NC,9672.53,18056,1.0,137,18056,0.0125,558
256,0.02,high,6,0.75,RT,8940.27,13512,0.83212,137,18056,0.0125,558
256,0.02,high,6,0.75,EC,8940.27,13512,1.0,137,18056,0.0125,558
256,0.02,high,6,0.75,EO,8940.27,13512,1.0,137,18056,0.0125,558
256,0.02,high,7,0.25,NC,8861.33,18312,1.0,144,18312,0.0159,566
256,0.02,high,7,0.25,RT,3922.13,4552,0.38194,144,18312,0.0159,566
256,0.02,high,7,0.25,EC,3922.13,4552,1.0,144,18312,0.0159,566
256,0.02,high,7,0.25,EO,3922.13,4552,1.0,144,18312,0.0159,566
256,0.02,high,7,0.5,NC,8861.33,18312,1.0,144,18312,0.0159,566
256,0.02,high,7,0.5,RT,6568.53,9128,0.66667,144,18312,0.0159,566
256,0.02,high,7,0.5,EC,6568.53,9128,1.0,144,18312,0.0159,566
256,0.02,high,7,0.5,EO,6568.53,9128,1.0,144,18312,0.0159,566
256,0.02,high,7,0.75,NC,8861.33,18312,1.0,144,18312,0.0159,566
256,0.02,high,7,0.75,RT,8217.6,13704,0.86111,144,18312,0.0159,566
256,0.02,high,7,0.75,EC,8217.6,13704,1.0,144,18312,0.0159,566
256,0.02,high,7,0.75,EO,8217.6,13704,1.0,144,18312,0.0159,566
256,0.08,low,0,0.25,NC,8387.2,16296,1.0,165,16296,0.0616,503
256,0.08,low,0,0.25,RT,3577.07,4072,0.58788,165,16296,0.0616,503
256,0.08,low,0,0.25,EC,3577.07,4072,0.91515,165,16296,0.0616,503
256,0.08,low,0,0.25,EO,3577.07,4072,1.0,165,16296,0.0616,503
256,0.08,low,0,0.5,NC,8387.2,16296,1.0,165,16296,0.0616,503
256,0.08,low,0,0.5,RT,6044.27,8136,0.78182,165,16296,0.0616,503
256,0.08,low,0,0.5,EC,6044.27,8136,0.98182,165,16296,0.0616,503
256,0.08,low,0,0.5,EO,6044.27,8136,1.0,165,16296,0.0616,503
256,0.08,low,0,0.75,NC,8387.2,16296,1.0,165,16296,0.0616,503
256,0.08,low,0,0.75,RT,7728.53,12200,0.95152,165,16296,0.0616,503
256,0.08,low,0,0.75,EC,7728.53,12200,1.0,165,16296,0.0616,503
256,0.08,low,0,0.75,EO,7728.53,12200,1.0,165,16296,0.0616,503
256,0.08,low,1,0.25,NC,6872.53,13480,1.0,153,13480,0.0723,415
256,0.08,low,1,0.25,RT,2882.13,3368,0.42484,153,13480,0.0723,415
256,0.08,low,1,0.25,EC,2882.13,3368,0.86928,153,13480,0.0723,415
256,0.08,low,1,0.25,EO,2882.13,3368,1.0,153,13480,0.0723,415
256,0.08,low,1,0.5,NC,6872.53,13480,1.0,153,13480,0.0723,415
256,0.08,low,1,0.5,RT,4974.93,6728,0.69935,153,13480,0.0723,415
256,0.08,low,1,0.5,EC,4974.93,6728,0.96078,153,13480,0.0723,415
256,0.08,low,1,0.5,EO,4974.93,6728,1.0,153,13480,0.0723,415
256,0.08,low,1,0.75,NC,6872.53,13480,1.0,153,13480,0.0723,415
256,0.08,low,1,0.75,RT,6316.27,10088,0.88235,153,13480,0.0723,415
256,0.08,low,1,0.75,EC,6316.27,10088,1.0,153,13480,0.0723,415
256,0.08,low,1,0.75,EO,6316.27,10088,1.0,153,13480,0.0723,415
256,0.08,low,2,0.25,NC,8117.87,15528,1.0,146,15528,0.0626,479
256,0.08,low,2,0.25,RT,3412.27,3880,0.35616,146,15528,0.0626,479
256,0.08,low,2,0.25,EC,3412.27,3880,0.91096,146,15528,0.0626,479
256,0.08,low,2,0.25,EO,3412.27,3880,1.0,146,15528,0.0626,479
256,0.08,low,2,0.5,NC,8117.87,15528,1.0,146,15528,0.0626,479
256,0.08,low,2,0.5,RT,5902.93,7752,0.66438,146,15528,0.0626,479
256,0.08,low,2,0.5,EC,5902.93,7752,0.96575,146,15528,0.0626,479
256,0.08,low,2,0.5,EO,5902.93,7752,1.0,146,15528,0.0626,479
256,0.08,low,2,0.75,NC,8117.87,15528,1.0,146,15528,0.0626,479
256,0.08,low,2,0.75,RT,7526.4,11624,0.83562,146,15528,0.0626,479
256,0.08,low,2,0.75,EC,7526.4,11624,1.0,146,15528,0.0626,479
256,0.08,low,2,0.75,EO,7526.4,11624,1.0,146,15528,0.0626,479
256,0.08,low,3,0.25,NC,7829.87,15464,1.0,147,15464,0.0566,477
256,0.08,low,3,0.25,RT,3333.87,3848,0.41497,147,15464,0.0566,477
256,0.08,low,3,0.25,EC,3333.87,3848,0.85034,147,15464,0.0566,477
256,0.08,low,3,0.25,EO,3333.87,3848,1.0,147,15464,0.0566,477
256,0.08,low,3,0.5,NC,7829.87,15464,1.0,147,15464,0.0566,477
256,0.08,low,3,0.5,RT,5750.4,7720,0.71429,147,15464,0.0566,477
256,0.08,low,3,0.5,EC,5750.4,7720,0.95918,147,15464,0.0566,477
256,0.08,low,3,0.5,EO,5750.4,7720,1.0,147,15464,0.0566,477
256,0.08,low,3,0.75,NC,7829.87,15464,1.0,147,15464,0.0566,477
256,0.08,low,3,0.75,RT,7265.6,11592,0.93878,147,15464,0.0566,477
256,0.08,low,3,0.75,EC,7265.6,11592,1.0,147,15464,0.0566,477
256,0.08,low,3,0.75,EO,7265.6,11592,1.0,147,15464,0.0566,477
256,0.08,low,4,0.25,NC,7820.27,14824,1.0,147,14824,0.0547,457
256,0.08,low,4,0.25,RT,3373.87,3688,0.40136,147,14824,0.0547,457
256,0.08,low,4,0.25,EC,3373.87,3688,0.85034,147,14824,0.0547,457
256,0.08,low,4,0.25,EO,3373.87,3688,1.0,147,14824,0.0547,457
256,0.08,low,4,0.5,NC,7820.27,14824,1.0,147,14824,0.0547,457
256,0.08,low,4,0.5,RT,5762.67,7400,0.70748,147,14824,0.0547,457
256,0.08,low,4,0.5,EC,5762.67,7400,0.93878,147,14824,0.0547,457
256,0.08,low,4,0.5,EO,5762.67,7400,1.0,147,14824,0.0547,457
256,0.08,low,4,0.75,NC,7820.27,14824,1.0,147,14824,0.0547,457
256,0.08,low,4,0.75,RT,7291.2,11112,0.94558,147,14824,0.0547,457
256,0.08,low,4,0.75,EC,7291.2,11112,0.98639,147,14824,0.0547,457
256,0.08,low,4,0.75,EO,7291.2,11112,1.0,147,14824,0.0547,457
256,0.08,low,5,0.25,NC,8452.27,15816,1.0,167,15816,0.0574,488
256,0.08,low,5,0.25,RT,3573.87,3944,0.43713,167,15816,0.0574,488
256,0.08,low,5,0.25,EC,3573.87,3944,0.86228,167,15816,0.0574,488
256,0.08,low,5,0.25,EO,3573.87,3944,1.0,167,15816,0.0574,488
256,0.08,low,5,0.5,NC,8452.27,15816,1.0,167,15816,0.0574,488
256,0.08,low,5,0.5,RT,6144.53,7880,0.69461,167,15816,0.0574,488
256,0.08,low,5,0.5,EC,6144.53,7880,1.0,167,15816,0.0574,488
256,0.08,low,5,0.5,EO,6144.53,7880,1.0,167,15816,0.0574,488
256,0.08,low,5,0.75,NC,8452.27,15816,1.0,167,15816,0.0574,488
256,0.08,low,5,0.75,RT,7771.2,11848,0.91617,167,15816,0.0574,488
256,0.08,low,5,0.75,EC,7771.2,11848,1.0,167,15816,0.0574,488
256,0.08,low,5,0.75,EO,7771.2,11848,1.0,167,15816,0.0574,488
256,0.08,low,6,0.25,NC,9672.53,18056,1.0,174,18056,0.0681,558
256,0.08,low,6,0.25,RT,3970.67,4488,0.48276,174,18056,0.0681,558
256,0.08,low,6,0.25,EC,3970.67,4488,0.84483,174,18056,0.0681,558
256,0.08,low,6,0.25,EO,3970.67,4488,1.0,174,18056,0.0681,558
256,0.08,low,6,0.5,NC,9672.53,18056,1.0,174,18056,0.0681,558
256,0.08,low,6,0.5,RT,6968.53,9000,0.71264,174,18056,0.0681,558
256,0.08,low,6,0.5,EC,6968.53,9000,0.93678,174,18056,0.0681,558
256,0.08,low,6,0.5,EO,6968.53,9000,1.0,174,18056,0.0681,558
256,0.08,low,6,0.75,NC,9672.53,18056,1.0,174,18056,0.0681,558
256,0.08,low,6,0.75,RT,8940.27,13512,0.8908,174,18056,0.0681,558
256,0.08,low,6,0.75,EC,8940.27,13512,0.99425,174,18056,0.0681,558
256,0.08,low,6,0.75,EO,8940.27,13512,1.0,174,18056,0.0681,558
256,0.08,low,7,0.25,NC,8861.33,18312,1.0,162,18312,0.0601,566
256,0.08,low,7,0.25,RT,3922.13,4552,0.54321,162,18312,0.0601,566
256,0.08,low,7,0.25,EC,3922.13,4552,0.92593,162,18312,0.0601,566
256,0.08,low,7,0.25,EO,3922.13,4552,1.0,162,18312,0.0601,566
256,0.08,low,7,0.5,NC,8861.33,18312,1.0,162,18312,0.0601,566
256,0.08,low,7,0.5,RT,6568.53,9128,0.80247,162,18312,0.0601,566
256,0.08,low,7,0.5,EC,6568.53,9128,0.98148,162,18312,0.0601,566
256,0.08,low,7,0.5,EO,6568.53,9128,1.0,162,18312,0.0601,566
256,0.08,low,7,0.75,NC,8861.33,18312,1.0,162,18312,0.0601,566
256,0.08,low,7,0.75,RT,8217.6,13704,0.90741,162,18312,0.0601,566
256,0.08,low,7,0.75,EC,8217.6,13704,0.99383,162,18312,0.0601,566
256,0.08,low,7,0.75,EO,8217.6,13704,1.0,162,18312,0.0601,566
256,0.08,med,0,0.25,NC,8387.2,16296,1.0,148,16296,0.0517,503
256,0.08,med,0,0.25,RT,3577.07,4072,0.47973,148,16296,0.0517,503
256,0.08,med,0,0.25,EC,3577.07,4072,0.99324,148,16296,0.0517,503
256,0.08,med,0,0.25,EO,3577.07,4072,1.0,148,16296,0.0517,503
256,0.08,med,0,0.5,NC,8387.2,16296,1.0,148,16296,0.0517,503
256,0.08,med,0,0.5,RT,6044.27,8136,0.75,148,16296,0.0517,503
256,0.08,med,0,0.5,EC,6044.27,8136,1.0,148,16296,0.0517,503
256,0.08,med,0,0.5,EO,6044.27,8136,1.0,148,16296,0.0517,503
256,0.08,med,0,0.75,NC,8387.2,16296,1.0,148,16296,0.0517,503
256,0.08,med,0,0.75,RT,7728.53,12200,0.92568,148,16296,0.0517,503
256,0.08,med,0,0.75,EC,7728.53,12200,1.0,148,16296,0.0517,503
256,0.08,med,0,0.75,EO,7728.53,12200,1.0,148,16296,0.0517,503
256,0.08,med,1,0.25,NC,6872.53,13480,1.0,157,13480,0.0602,415
256,0.08,med,1,0.25,RT,2882.13,3368,0.44586,157,13480,0.0602,415
256,0.08,med,1,0.25,EC,2882.13,3368,1.0,157,13480,0.0602,415
256,0.08,med,1,0.25,EO,2882.13,3368,1.0,157,13480,0.0602,415
256,0.08,med,1,0.5,NC,6872.53,13480,1.0,157,13480,0.0602,415
256,0.08,med,1,0.5,RT,4974.93,6728,0.75796,157,13480,0.0602,415
256,0.08,med,1,0.5,EC,4974.93,6728,1.0,157,13480,0.0602,415
256,0.08,med,1,0.5,EO,4974.93,6728,1.0,157,13480,0.0602,415
256,0.08,med,1,0.75,NC,6872.53,13480,1.0,157,13480,0.0602,415
256,0.08,med,1,0.75,RT,6316.27,10088,0.93631,157,13480,0.0602,415
256,0.08,med,1,0.75,EC,6316.27,10088,1.0,157,13480,0.0602,415
256,0.08,med,1,0.75,EO,6316.27,10088,1.0,157,13480,0.0602,415
256,0.08,med,2,0.25,NC,8117.87,15528,1.0,158,15528,0.0585,479
256,0.08,med,2,0.25,RT,3412.27,3880,0.31013,158,15528,0.0585,479
256,0.08,med,2,0.25,EC,3412.27,3880,0.98734,158,15528,0.0585,479
256,0.08,med,2,0.25,EO,3412.27,3880,1.0,158,15528,0.0585,479
256,0.08,med,2,0.5,NC,8117.87,15528,1.0,158,15528,0.0585,479
256,0.08,med,2,0.5,RT,5902.93,7752,0.60759,158,15528,0.0585,479
256,0.08,med,2,0.5,EC,5902.93,7752,1.0,158,15528,0.0585,479
256,0.08,med,2,0.5,EO,5902.93,7752,1.0,158,15528,0.0585,479
256,0.08,med,2,0.75,NC,8117.87,15528,1.0,158,15528,0.0585,479
256,0.08,med,2,0.75,RT,7526.4,11624,0.82911,158,15528,0.0585,479
256,0.08,med,2,0.75,EC,7526.4,11624,1.0,158,15528,0.0585,479
256,0.08,med,2,0.75,EO,7526.4,11624,1.0,158,15528,0.0585,479
256,0.08,med,3,0.25,NC,7829.87,15464,1.0,159,15464,0.0587,477
256,0.08,med,3,0.25,RT,3333.87,3848,0.38365,159,15464,0.0587,477
256,0.08,med,3,0.25,EC,3333.87,3848,0.98742,159,15464,0.0587,477
256,0.08,med,3,0.25,EO,3333.87,3848,1.0,159,15464,0.0587,477
256,0.08,med,3,0.5,NC,7829.87,15464,1.0,159,15464,0.0587,477
256,0.08,med,3,0.5,RT,5750.4,7720,0.66667,159,15464,0.0587,477
256,0.08,med,3,0.5,EC,5750.4,7720,1.0,159,15464,0.0587,477
256,0.08,med,3,0.5,EO,5750.4,7720,1.0,159,15464,0.0587,477
256,0.08,med,3,0.75,NC,7829.87,15464,1.0,159,15464,0.0587,477
256,0.08,med,3,0.75,RT,7265.6,11592,0.86792,159,15464,0.0587,477
256,0.08,med,3,0.75,EC,7265.6,11592,1.0,159,15464,0.0587,477
256,0.08,med,3,0.75,EO,7265.6,11592,1.0,159,15464,0.0587,477
256,0.08,med,4,0.25,NC,7820.27,14824,1.0,157,14824,0.0613,457
256,0.08,med,4,0.25,RT,3373.87,3688,0.48408,157,14824,0.0613,457
256,0.08,med,4,0.25,EC,3373.87,3688,1.0,157,14824,0.0613,457
256,0.08,med,4,0.25,EO,3373.87,3688,1.0,157,14824,0.0613,457
256,0.08,med,4,0.5,NC,7820.27,14824,1.0,157,14824,0.0613,457
256,0.08,med,4,0.5,RT,5762.67,7400,0.74522,157,14824,0.0613,457
256,0.08,med,4,0.5,EC,5762.67,7400,1.0,157,14824,0.0613,457
256,0.08,med,4,0.5,EO,5762.67,7400,1.0,157,14824,0.0613,457
256,0.08,med,4,0.75,NC,7820.27,14824,1.0,157,14824,0.0613,457
256,0.08,med,4,0.75,RT,7291.2,11112,0.94904,157,14824,0.0613,457
256,0.08,med,4,0.75,EC,7291.2,11112,1.0,157,14824,0.0613,457
256,0.08,med,4,0.75,EO,7291.2,11112,1.0,157,14824,0.0613,457
256,0.08,med,5,0.25,NC,8452.27,15816,1.0,141,15816,0.0492,488
256,0.08,med,5,0.25,RT,3573.87,3944,0.37589,141,15816,0.0492,488
256,0.08,med,5,0.25,EC,3573.87,3944,1.0,141,15816,0.0492,488
256,0.08,med,5,0.25,EO,3573.87,3944,1.0,141,15816,0.0492,488
256,0.08,med,5,0.5,NC,8452.27,15816,1.0,141,15816,0.0492,488
256,0.08,med,5,0.5,RT,6144.53,7880,0.66667,141,15816,0.0492,488
256,0.08,med,5,0.5,EC,6144.53,7880,1.0,141,15816,0.0492,488
256,0.08,med,5,0.5,EO,6144.53,7880,1.0,141,15816,0.0492,488
256,0.08,med,5,0.75,NC,8452.27,15816,1.0,141,15816,0.0492,488
256,0.08,med,5,0.75,RT,7771.2,11848,0.84397,141,15816,0.0492,488
256,0.08,med,5,0.75,EC,7771.2,11848,1.0,141,15816,0.0492,488
256,0.08,med,5,0.75,EO,7771.2,11848,1.0,141,15816,0.0492,488
256,0.08,med,6,0.25,NC,9672.53,18056,1.0,129,18056,0.0484,558
256,0.08,med,6,0.25,RT,3970.67,4488,0.41085,129,18056,0.0484,558
256,0.08,med,6,0.25,EC,3970.67,4488,0.99225,129,18056,0.0484,558
256,0.08,med,6,0.25,EO,3970.67,4488,1.0,129,18056,0.0484,558
256,0.08,med,6,0.5,NC,9672.53,18056,1.0,129,18056,0.0484,558
256,0.08,med,6,0.5,RT,6968.53,9000,0.65891,129,18056,0.0484,558
256,0.08,med,6,0.5,EC,6968.53,9000,1.0,129,18056,0.0484,558
256,0.08,med,6,0.5,EO,6968.53,9000,1.0,129,18056,0.0484,558
256,0.08,med,6,0.75,NC,9672.53,18056,1.0,129,18056,0.0484,558
256,0.08,med,6,0.75,RT,8940.27,13512,0.91473,129,18056,0.0484,558
256,0.08,med,6,0.75,EC,8940.27,13512,1.0,129,18056,0.0484,558
256,0.08,med,6,0.75,EO,8940.27,13512,1.0,129,18056,0.0484,558
256,0.08,med,7,0.25,NC,8861.33,18312,1.0,138,18312,0.0512,566
256,0.08,med,7,0.25,RT,3922.13,4552,0.49275,138,18312,0.0512,566
256,0.08,med,7,0.25,EC,3922.13,4552,0.99275,138,18312,0.0512,566
256,0.08,med,7,0.25,EO,3922.13,4552,1.0,138,18312,0.0512,566
256,0.08,med,7,0.5,NC,8861.33,18312,1.0,138,18312,0.0512,566
256,0.08,med,7,0.5,RT,6568.53,9128,0.68116,138,18312,0.0512,566
256,0.08,med,7,0.5,EC,6568.53,9128,1.0,138,18312,0.0512,566
256,0.08,med,7,0.5,EO,6568.53,9128,1.0,138,18312,0.0512,566
256,0.08,med,7,0.75,NC,8861.33,18312,1.0,138,18312,0.0512,566
256,0.08,med,7,0.75,RT,8217.6,13704,0.9058,138,18312,0.0512,566
256,0.08,med,7,0.75,EC,8217.6,13704,1.0,138,18312,0.0512,566
256,0.08,med,7,0.75,EO,8217.6,13704,1.0,138,18312,0.0512,566
256,0.08,high,0,0.25,NC,8387.2,16296,1.0,154,16296,0.0378,503
256,0.08,high,0,0.25,RT,3577.07,4072,0.4026,154,16296,0.0378,503
256,0.08,high,0,0.25,EC,3577.07,4072,1.0,154,16296,0.0378,503
256,0.08,high,0,0.25,EO,3577.07,4072,1.0,154,16296,0.0378,503
256,0.08,high,0,0.5,NC,8387.2,16296,1.0,154,16296,0.0378,503
256,0.08,high,0,0.5,RT,6044.27,8136,0.64286,154,16296,0.0378,503
256,0.08,high,0,0.5,EC,6044.27,8136,1.0,154,16296,0.0378,503
256,0.08,high,0,0.5,EO,6044.27,8136,1.0,154,16296,0.0378,503
256,0.08,high,0,0.75,NC,8387.2,16296,1.0,154,16296,0.0378,503
256,0.08,high,0,0.75,RT,7728.53,12200,0.91558,154,16296,0.0378,503
256,0.08,high,0,0.75,EC,7728.53,12200,1.0,154,16296,0.0378,503
256,0.08,high,0,0.75,EO,7728.53,12200,1.0,154,16296,0.0378,503
256,0.08,high,1,0.25,NC,6872.53,13480,1.0,156,13480,0.0554,415
256,0.08,high,1,0.25,RT,2882.13,3368,0.37821,156,13480,0.0554,415
256,0.08,high,1,0.25,EC,2882.13,3368,1.0,156,13480,0.0554,415
256,0.08,high,1,0.25,EO,2882.13,3368,1.0,156,13480,0.0554,415
256,0.08,high,1,0.5,NC,6872.53,13480,1.0,156,13480,0.0554,415
256,0.08,high,1,0.5,RT,4974.93,6728,0.62179,156,13480,0.0554,415
256,0.08,high,1,0.5,EC,4974.93,6728,1.0,156,13480,0.0554,415
256,0.08,high,1,0.5,EO,4974.93,6728,1.0,156,13480,0.0554,415
256,0.08,high,1,0.75,NC,6872.53,13480,1.0,156,13480,0.0554,415
256,0.08,high,1,0.75,RT,6316.27,10088,0.85256,156,13480,0.0554,415
256,0.08,high,1,0.75,EC,6316.27,10088,1.0,156,13480,0.0554,415
256,0.08,high,1,0.75,EO,6316.27,10088,1.0,156,13480,0.0554,415
256,0.08,high,2,0.25,NC,8117.87,15528,1.0,165,15528,0.0522,479
256,0.08,high,2,0.25,RT,3412.27,3880,0.34545,165,15528,0.0522,479
256,0.08,high,2,0.25,EC,3412.27,3880,1.0,165,15528,0.0522,479
256,0.08,high,2,0.25,EO,3412.27,3880,1.0,165,15528,0.0522,479
256,0.08,high,2,0.5,NC,8117.87,15528,1.0,165,15528,0.0522,479
256,0.08,high,2,0.5,RT,5902.93,7752,0.58788,165,15528,0.0522,479
256,0.08,high,2,0.5,EC,5902.93,7752,1.0,165,15528,0.0522,479
256,0.08,high,2,0.5,EO,5902.93,7752,1.0,165,15528,0.0522,479
256,0.08,high,2,0.75,NC,8117.87,15528,1.0,165,15528,0.0522,479
256,0.08,high,2,0.75,RT,7526.4,11624,0.86667,165,15528,0.0522,479
256,0.08,high,2,0.75,EC,7526.4,11624,1.0,165,15528,0.0522,479
256,0.08,high,2,0.75,EO,7526.4,11624,1.0,165,15528,0.0522,479
256,0.08,high,3,0.25,NC,7829.87,15464,1.0,168,15464,0.0461,477
256,0.08,high,3,0.25,RT,3333.87,3848,0.35119,168,15464,0.0461,477
256,0.08,high,3,0.25,EC,3333.87,3848,1.0,168,15464,0.0461,477
256,0.08,high,3,0.25,EO,3333.87,3848,1.0,168,15464,0.0461,477
256,0.08,high,3,0.5,NC,7829.87,15464,1.0,168,15464,0.0461,477
256,0.08,high,3,0.5,RT,5750.4,7720,0.64286,168,15464,0.0461,477
256,0.08,high,3,0.5,EC,5750.4,7720,1.0,168,15464,0.0461,477
256,0.08,high,3,0.5,EO,5750.4,7720,1.0,168,15464,0.0461,477
256,0.08,high,3,0.75,NC,7829.87,15464,1.0,168,15464,0.0461,477
256,0.08,high,3,0.75,RT,7265.6,11592,0.88095,168,15464,0.0461,477
256,0.08,high,3,0.75,EC,7265.6,11592,1.0,168,15464,0.0461,477
256,0.08,high,3,0.75,EO,7265.6,11592,1.0,168,15464,0.0461,477
256,0.08,high,4,0.25,NC,7820.27,14824,1.0,169,14824,0.0525,457
256,0.08,high,4,0.25,RT,3373.87,3688,0.32544,169,14824,0.0525,457
256,0.08,high,4,0.25,EC,3373.87,3688,1.0,169,14824,0.0525,457
256,0.08,high,4,0.25,EO,3373.87,3688,1.0,169,14824,0.0525,457
256,0.08,high,4,0.5,NC,7820.27,14824,1.0,169,14824,0.0525,457
256,0.08,high,4,0.5,RT,5762.67,7400,0.55621,169,14824,0.0525,457
256,0.08,high,4,0.5,EC,5762.67,7400,1.0,169,14824,0.0525,457
256,0.08,high,4,0.5,EO,5762.67,7400,1.0,169,14824,0.0525,457
256,0.08,high,4,0.75,NC,7820.27,14824,1.0,169,14824,0.0525,457
256,0.08,high,4,0.75,RT,7291.2,11112,0.86982,169,14824,0.0525,457
256,0.08,high,4,0.75,EC,7291.2,11112,1.0,169,14824,0.0525,457
256,0.08,high,4,0.75,EO,7291.2,11112,1.0,169,14824,0.0525,457
256,0.08,high,5,0.25,NC,8452.27,15816,1.0,164,15816,0.043,488
256,0.08,high,5,0.25,RT,3573.87,3944,0.35976,164,15816,0.043,488
256,0.08,high,5,0.25,EC,3573.87,3944,1.0,164,15816,0.043,488
256,0.08,high,5,0.25,EO,3573.87,3944,1.0,164,15816,0.043,488
256,0.08,high,5,0.5,NC,8452.27,15816,1.0,164,15816,0.043,488
256,0.08,high,5,0.5,RT,6144.53,7880,0.61585,164,15816,0.043,488
256,0.08,high,5,0.5,EC,6144.53,7880,1.0,164,15816,0.043,488
256,0.08,high,5,0.5,EO,6144.53,7880,1.0,164,15816,0.043,488
256,0.08,high,5,0.75,NC,8452.27,15816,1.0,164,15816,0.043,488
256,0.08,high,5,0.75,RT,7771.2,11848,0.80488,164,15816,0.043,488
256,0.08,high,5,0.75,EC,7771.2,11848,1.0,164,15816,0.043,488
256,0.08,high,5,0.75,EO,7771.2,11848,1.0,164,15816,0.043,488
256,0.08,high,6,0.25,NC,9672.53,18056,1.0,164,18056,0.0502,558
256,0.08,high,6,0.25,RT,3970.67,4488,0.33537,164,18056,0.0502,558
256,0.08,high,6,0.25,EC,3970.67,4488,1.0,164,18056,0.0502,558
256,0.08,high,6,0.25,EO,3970.67,4488,1.0,164,18056,0.0502,558
256,0.08,high,6,0.5,NC,9672.53,18056,1.0,164,18056,0.0502,558
256,0.08,high,6,0.5,RT,6968.53,9000,0.59146,164,18056,0.0502,558
256,0.08,high,6,0.5,EC,6968.53,9000,1.0,164,18056,0.0502,558
256,0.08,high,6,0.5,EO,6968.53,9000,1.0,164,18056,0.0502,558
256,0.08,high,6,0.75,NC,9672.53,18056,1.0,164,18056,0.0502,558
256,0.08,high,6,0.75,RT,8940.27,13512,0.85976,164,18056,0.0502,558
256,0.08,high,6,0.75,EC,8940.27,13512,1.0,164,18056,0.0502,558
256,0.08,high,6,0.75,EO,8940.27,13512,1.0,164,18056,0.0502,558
256,0.08,high,7,0.25,NC,8861.33,18312,1.0,142,18312,0.0389,566
256,0.08,high,7,0.25,RT,3922.13,4552,0.43662,142,18312,0.0389,566
256,0.08,high,7,0.25,EC,3922.13,4552,1.0,142,18312,0.0389,566
256,0.08,high,7,0.25,EO,3922.13,4552,1.0,142,18312,0.0389,566
256,0.08,high,7,0.5,NC,8861.33,18312,1.0,142,18312,0.0389,566
256,0.08,high,7,0.5,RT,6568.53,9128,0.71831,142,18312,0.0389,566
256,0.08,high,7,0.5,EC,6568.53,9128,1.0,142,18312,0.0389,566
256,0.08,high,7,0.5,EO,6568.53,9128,1.0,142,18312,0.0389,566
256,0.08,high,7,0.75,NC,8861.33,18312,1.0,142,18312,0.0389,566
256,0.08,high,7,0.75,RT,8217.6,13704,0.87324,142,18312,0.0389,566
256,0.08,high,7,0.75,EC,8217.6,13704,1.0,142,18312,0.0389,566
256,0.08,high,7,0.75,EO,8217.6,13704,1.0,142,18312,0.0389,566
256,0.25,low,0,0.25,NC,8387.2,16296,1.0,164,16296,0.1372,503
256,0.25,low,0,0.25,RT,3577.07,4072,0.58537,164,16296,0.1372,503
256,0.25,low,0,0.25,EC,3577.07,4072,0.69512,164,16296,0.1372,503
256,0.25,low,0,0.25,EO,3577.07,4072,1.0,164,16296,0.1372,503
256,0.25,low,0,0.5,NC,8387.2,16296,1.0,164,16296,0.1372,503
256,0.25,low,0,0.5,RT,6044.27,8136,0.84756,164,16296,0.1372,503
256,0.25,low,0,0.5,EC,6044.27,8136,0.88415,164,16296,0.1372,503
256,0.25,low,0,0.5,EO,6044.27,8136,1.0,164,16296,0.1372,503
256,0.25,low,0,0.75,NC,8387.2,16296,1.0,164,16296,0.1372,503
256,0.25,low,0,0.75,RT,7728.53,12200,0.96951,164,16296,0.1372,503
256,0.25,low,0,0.75,EC,7728.53,12200,0.96951,164,16296,0.1372,503
256,0.25,low,0,0.75,EO,7728.53,12200,1.0,164,16296,0.1372,503
256,0.25,low,1,0.25,NC,6872.53,13480,1.0,161,13480,0.1566,415
256,0.25,low,1,0.25,RT,2882.13,3368,0.59006,161,13480,0.1566,415
256,0.25,low,1,0.25,EC,2882.13,3368,0.76398,161,13480,0.1566,415
256,0.25,low,1,0.25,EO,2882.13,3368,1.0,161,13480,0.1566,415
256,0.25,low,1,0.5,NC,6872.53,13480,1.0,161,13480,0.1566,415
256,0.25,low,1,0.5,RT,4974.93,6728,0.79503,161,13480,0.1566,415
256,0.25,low,1,0.5,EC,4974.93,6728,0.93789,161,13480,0.1566,415
256,0.25,low,1,0.5,EO,4974.93,6728,1.0,161,13480,0.1566,415
256,0.25,low,1,0.75,NC,6872.53,13480,1.0,161,13480,0.1566,415
256,0.25,low,1,0.75,RT,6316.27,10088,0.97516,161,13480,0.1566,415
256,0.25,low,1,0.75,EC,6316.27,10088,0.98758,161,13480,0.1566,415
256,0.25,low,1,0.75,EO,6316.27,10088,1.0,161,13480,0.1566,415
256,0.25,low,2,0.25,NC,8117.87,15528,1.0,148,15528,0.1545,479
256,0.25,low,2,0.25,RT,3412.27,3880,0.50676,148,15528,0.1545,479
256,0.25,low,2,0.25,EC,3412.27,3880,0.68243,148,15528,0.1545,479
256,0.25,low,2,0.25,EO,3412.27,3880,1.0,148,15528,0.1545,479
256,0.25,low,2,0.5,NC,8117.87,15528,1.0,148,15528,0.1545,479
256,0.25,low,2,0.5,RT,5902.93,7752,0.81081,148,15528,0.1545,479
256,0.25,low,2,0.5,EC,5902.93,7752,0.91216,148,15528,0.1545,479
256,0.25,low,2,0.5,EO,5902.93,7752,1.0,148,15528,0.1545,479
256,0.25,low,2,0.75,NC,8117.87,15528,1.0,148,15528,0.1545,479
256,0.25,low,2,0.75,RT,7526.4,11624,0.98649,148,15528,0.1545,479
256,0.25,low,2,0.75,EC,7526.4,11624,0.9527,148,15528,0.1545,479
256,0.25,low,2,0.75,EO,7526.4,11624,1.0,148,15528,0.1545,479
256,0.25,low,3,0.25,NC,7829.87,15464,1.0,166,15464,0.1447,477
256,0.25,low,3,0.25,RT,3333.87,3848,0.48795,166,15464,0.1447,477
256,0.25,low,3,0.25,EC,3333.87,3848,0.75301,166,15464,0.1447,477
256,0.25,low,3,0.25,EO,3333.87,3848,1.0,166,15464,0.1447,477
256,0.25,low,3,0.5,NC,7829.87,15464,1.0,166,15464,0.1447,477
256,0.25,low,3,0.5,RT,5750.4,7720,0.75301,166,15464,0.1447,477
256,0.25,low,3,0.5,EC,5750.4,7720,0.92771,166,15464,0.1447,477
256,0.25,low,3,0.5,EO,5750.4,7720,1.0,166,15464,0.1447,477
256,0.25,low,3,0.75,NC,7829.87,15464,1.0,166,15464,0.1447,477
256,0.25,low,3,0.75,RT,7265.6,11592,0.94578,166,15464,0.1447,477
256,0.25,low,3,0.75,EC,7265.6,11592,0.98193,166,15464,0.1447,477
256,0.25,low,3,0.75,EO,7265.6,11592,1.0,166,15464,0.1447,477
256,0.25,low,4,0.25,NC,7820.27,14824,1.0,152,14824,0.1335,457
256,0.25,low,4,0.25,RT,3373.87,3688,0.59868,152,14824,0.1335,457
256,0.25,low,4,0.25,EC,3373.87,3688,0.76316,152,14824,0.1335,457
256,0.25,low,4,0.25,EO,3373.87,3688,1.0,152,14824,0.1335,457
256,0.25,low,4,0.5,NC,7820.27,14824,1.0,152,14824,0.1335,457
256,0.25,low,4,0.5,RT,5762.67,7400,0.84211,152,14824,0.1335,457
256,0.25,low,4,0.5,EC,5762.67,7400,0.92763,152,14824,0.1335,457
256,0.25,low,4,0.5,EO,5762.67,7400,1.0,152,14824,0.1335,457
256,0.25,low,4,0.75,NC,7820.27,14824,1.0,152,14824,0.1335,457
256,0.25,low,4,0.75,RT,7291.2,11112,0.97368,152,14824,0.1335,457
256,0.25,low,4,0.75,EC,7291.2,11112,0.99342,152,14824,0.1335,457
256,0.25,low,4,0.75,EO,7291.2,11112,1.0,152,14824,0.1335,457
256,0.25,low,5,0.25,NC,8452.27,15816,1.0,165,15816,0.1373,488
256,0.25,low,5,0.25,RT,3573.87,3944,0.52121,165,15816,0.1373,488
256,0.25,low,5,0.25,EC,3573.87,3944,0.78182,165,15816,0.1373,488
256,0.25,low,5,0.25,EO,3573.87,3944,1.0,165,15816,0.1373,488
256,0.25,low,5,0.5,NC,8452.27,15816,1.0,165,15816,0.1373,488
256,0.25,low,5,0.5,RT,6144.53,7880,0.78182,165,15816,0.1373,488
256,0.25,low,5,0.5,EC,6144.53,7880,0.89091,165,15816,0.1373,488
256,0.25,low,5,0.5,EO,6144.53,7880,1.0,165,15816,0.1373,488
256,0.25,low,5,0.75,NC,8452.27,15816,1.0,165,15816,0.1373,488
256,0.25,low,5,0.75,RT,7771.2,11848,0.89091,165,15816,0.1373,488
256,0.25,low,5,0.75,EC,7771.2,11848,0.98182,165,15816,0.1373,488
256,0.25,low,5,0.75,EO,7771.2,11848,1.0,165,15816,0.1373,488
256,0.25,low,6,0.25,NC,9672.53,18056,1.0,150,18056,0.1201,558
256,0.25,low,6,0.25,RT,3970.67,4488,0.56667,150,18056,0.1201,558
256,0.25,low,6,0.25,EC,3970.67,4488,0.75333,150,18056,0.1201,558
256,0.25,low,6,0.25,EO,3970.67,4488,1.0,150,18056,0.1201,558
256,0.25,low,6,0.5,NC,9672.53,18056,1.0,150,18056,0.1201,558
256,0.25,low,6,0.5,RT,6968.53,9000,0.8,150,18056,0.1201,558
256,0.25,low,6,0.5,EC,6968.53,9000,0.93333,150,18056,0.1201,558
256,0.25,low,6,0.5,EO,6968.53,9000,1.0,150,18056,0.1201,558
256,0.25,low,6,0.75,NC,9672.53,18056,1.0,150,18056,0.1201,558
256,0.25,low,6,0.75,RT,8940.27,13512,0.94667,150,18056,0.1201,558
256,0.25,low,6,0.75,EC,8940.27,13512,0.99333,150,18056,0.1201,558
256,0.25,low,6,0.75,EO,8940.27,13512,1.0,150,18056,0.1201,558
256,0.25,low,7,0.25,NC,8861.33,18312,1.0,152,18312,0.1237,566
256,0.25,low,7,0.25,RT,3922.13,4552,0.58553,152,18312,0.1237,566
256,0.25,low,7,0.25,EC,3922.13,4552,0.67763,152,18312,0.1237,566
256,0.25,low,7,0.25,EO,3922.13,4552,1.0,152,18312,0.1237,566
256,0.25,low,7,0.5,NC,8861.33,18312,1.0,152,18312,0.1237,566
256,0.25,low,7,0.5,RT,6568.53,9128,0.79605,152,18312,0.1237,566
256,0.25,low,7,0.5,EC,6568.53,9128,0.88816,152,18312,0.1237,566
256,0.25,low,7,0.5,EO,6568.53,9128,1.0,152,18312,0.1237,566
256,0.25,low,7,0.75,NC,8861.33,18312,1.0,152,18312,0.1237,566
256,0.25,low,7,0.75,RT,8217.6,13704,0.94737,152,18312,0.1237,566
256,0.25,low,7,0.75,EC,8217.6,13704,0.96711,152,18312,0.1237,566
256,0.25,low,7,0.75,EO,8217.6,13704,1.0,152,18312,0.1237,566
256,0.25,med,0,0.25,NC,8387.2,16296,1.0,146,16296,0.1074,503
256,0.25,med,0,0.25,RT,3577.07,4072,0.49315,146,16296,0.1074,503
256,0.25,med,0,0.25,EC,3577.07,4072,0.91781,146,16296,0.1074,503
256,0.25,med,0,0.25,EO,3577.07,4072,1.0,146,16296,0.1074,503
256,0.25,med,0,0.5,NC,8387.2,16296,1.0,146,16296,0.1074,503
256,0.25,med,0,0.5,RT,6044.27,8136,0.75342,146,16296,0.1074,503
256,0.25,med,0,0.5,EC,6044.27,8136,0.99315,146,16296,0.1074,503
256,0.25,med,0,0.5,EO,6044.27,8136,1.0,146,16296,0.1074,503
256,0.25,med,0,0.75,NC,8387.2,16296,1.0,146,16296,0.1074,503
256,0.25,med,0,0.75,RT,7728.53,12200,0.9726,146,16296,0.1074,503
256,0.25,med,0,0.75,EC,7728.53,12200,1.0,146,16296,0.1074,503
256,0.25,med,0,0.75,EO,7728.53,12200,1.0,146,16296,0.1074,503
256,0.25,med,1,0.25,NC,6872.53,13480,1.0,168,13480,0.1398,415
256,0.25,med,1,0.25,RT,2882.13,3368,0.45833,168,13480,0.1398,415
256,0.25,med,1,0.25,EC,2882.13,3368,0.92857,168,13480,0.1398,415
256,0.25,med,1,0.25,EO,2882.13,3368,1.0,168,13480,0.1398,415
256,0.25,med,1,0.5,NC,6872.53,13480,1.0,168,13480,0.1398,415
256,0.25,med,1,0.5,RT,4974.93,6728,0.73214,168,13480,0.1398,415
256,0.25,med,1,0.5,EC,4974.93,6728,0.99405,168,13480,0.1398,415
256,0.25,med,1,0.5,EO,4974.93,6728,1.0,168,13480,0.1398,415
256,0.25,med,1,0.75,NC,6872.53,13480,1.0,168,13480,0.1398,415
256,0.25,med,1,0.75,RT,6316.27,10088,0.91071,168,13480,0.1398,415
256,0.25,med,1,0.75,EC,6316.27,10088,1.0,168,13480,0.1398,415
256,0.25,med,1,0.75,EO,6316.27,10088,1.0,168,13480,0.1398,415
256,0.25,med,2,0.25,NC,8117.87,15528,1.0,163,15528,0.1273,479
256,0.25,med,2,0.25,RT,3412.27,3880,0.39264,163,15528,0.1273,479
256,0.25,med,2,0.25,EC,3412.27,3880,0.90798,163,15528,0.1273,479
256,0.25,med,2,0.25,EO,3412.27,3880,1.0,163,15528,0.1273,479
256,0.25,med,2,0.5,NC,8117.87,15528,1.0,163,15528,0.1273,479
256,0.25,med,2,0.5,RT,5902.93,7752,0.71779,163,15528,0.1273,479
256,0.25,med,2,0.5,EC,5902.93,7752,1.0,163,15528,0.1273,479
256,0.25,med,2,0.5,EO,5902.93,7752,1.0,163,15528,0.1273,479
256,0.25,med,2,0.75,NC,8117.87,15528,1.0,163,15528,0.1273,479
256,0.25,med,2,0.75,RT,7526.4,11624,0.94479,163,15528,0.1273,479
256,0.25,med,2,0.75,EC,7526.4,11624,1.0,163,15528,0.1273,479
256,0.25,med,2,0.75,EO,7526.4,11624,1.0,163,15528,0.1273,479
256,0.25,med,3,0.25,NC,7829.87,15464,1.0,151,15464,0.1426,477
256,0.25,med,3,0.25,RT,3333.87,3848,0.51656,151,15464,0.1426,477
256,0.25,med,3,0.25,EC,3333.87,3848,0.88079,151,15464,0.1426,477
256,0.25,med,3,0.25,EO,3333.87,3848,1.0,151,15464,0.1426,477
256,0.25,med,3,0.5,NC,7829.87,15464,1.0,151,15464,0.1426,477
256,0.25,med,3,0.5,RT,5750.4,7720,0.80132,151,15464,0.1426,477
256,0.25,med,3,0.5,EC,5750.4,7720,1.0,151,15464,0.1426,477
256,0.25,med,3,0.5,EO,5750.4,7720,1.0,151,15464,0.1426,477
256,0.25,med,3,0.75,NC,7829.87,15464,1.0,151,15464,0.1426,477
256,0.25,med,3,0.75,RT,7265.6,11592,0.91391,151,15464,0.1426,477
256,0.25,med,3,0.75,EC,7265.6,11592,1.0,151,15464,0.1426,477
256,0.25,med,3,0.75,EO,7265.6,11592,1.0,151,15464,0.1426,477
256,0.25,med,4,0.25,NC,7820.27,14824,1.0,164,14824,0.1335,457
256,0.25,med,4,0.25,RT,3373.87,3688,0.44512,164,14824,0.1335,457
256,0.25,med,4,0.25,EC,3373.87,3688,0.89024,164,14824,0.1335,457
256,0.25,med,4,0.25,EO,3373.87,3688,1.0,164,14824,0.1335,457
256,0.25,med,4,0.5,NC,7820.27,14824,1.0,164,14824,0.1335,457
256,0.25,med,4,0.5,RT,5762.67,7400,0.76829,164,14824,0.1335,457
256,0.25,med,4,0.5,EC,5762.67,7400,1.0,164,14824,0.1335,457
256,0.25,med,4,0.5,EO,5762.67,7400,1.0,164,14824,0.1335,457
256,0.25,med,4,0.75,NC,7820.27,14824,1.0,164,14824,0.1335,457
256,0.25,med,4,0.75,RT,7291.2,11112,0.95732,164,14824,0.1335,457
256,0.25,med,4,0.75,EC,7291.2,11112,1.0,164,14824,0.1335,457
256,0.25,med,4,0.75,EO,7291.2,11112,1.0,164,14824,0.1335,457
256,0.25,med,5,0.25,NC,8452.27,15816,1.0,141,15816,0.123,488
256,0.25,med,5,0.25,RT,3573.87,3944,0.51064,141,15816,0.123,488
256,0.25,med,5,0.25,EC,3573.87,3944,0.92908,141,15816,0.123,488
256,0.25,med,5,0.25,EO,3573.87,3944,1.0,141,15816,0.123,488
256,0.25,med,5,0.5,NC,8452.27,15816,1.0,141,15816,0.123,488
256,0.25,med,5,0.5,RT,6144.53,7880,0.75887,141,15816,0.123,488
256,0.25,med,5,0.5,EC,6144.53,7880,0.99291,141,15816,0.123,488
256,0.25,med,5,0.5,EO,6144.53,7880,1.0,141,15816,0.123,488
256,0.25,med,5,0.75,NC,8452.27,15816,1.0,141,15816,0.123,488
256,0.25,med,5,0.75,RT,7771.2,11848,0.94326,141,15816,0.123,488
256,0.25,med,5,0.75,EC,7771.2,11848,1.0,141,15816,0.123,488
256,0.25,med,5,0.75,EO,7771.2,11848,1.0,141,15816,0.123,488
256,0.25,med,6,0.25,NC,9672.53,18056,1.0,156,18056,0.1093,558
256,0.25,med,6,0.25,RT,3970.67,4488,0.48718,156,18056,0.1093,558
256,0.25,med,6,0.25,EC,3970.67,4488,0.91667,156,18056,0.1093,558
256,0.25,med,6,0.25,EO,3970.67,4488,1.0,156,18056,0.1093,558
256,0.25,med,6,0.5,NC,9672.53,18056,1.0,156,18056,0.1093,558
256,0.25,med,6,0.5,RT,6968.53,9000,0.74359,156,18056,0.1093,558
256,0.25,med,6,0.5,EC,6968.53,9000,1.0,156,18056,0.1093,558
256,0.25,med,6,0.5,EO,6968.53,9000,1.0,156,18056,0.1093,558
256,0.25,med,6,0.75,NC,9672.53,18056,1.0,156,18056,0.1093,558
256,0.25,med,6,0.75,RT,8940.27,13512,0.94231,156,18056,0.1093,558
256,0.25,med,6,0.75,EC,8940.27,13512,1.0,156,18056,0.1093,558
256,0.25,med,6,0.75,EO,8940.27,13512,1.0,156,18056,0.1093,558
256,0.25,med,7,0.25,NC,8861.33,18312,1.0,174,18312,0.1307,566
256,0.25,med,7,0.25,RT,3922.13,4552,0.49425,174,18312,0.1307,566
256,0.25,med,7,0.25,EC,3922.13,4552,0.91379,174,18312,0.1307,566
256,0.25,med,7,0.25,EO,3922.13,4552,1.0,174,18312,0.1307,566
256,0.25,med,7,0.5,NC,8861.33,18312,1.0,174,18312,0.1307,566
256,0.25,med,7,0.5,RT,6568.53,9128,0.75862,174,18312,0.1307,566
256,0.25,med,7,0.5,EC,6568.53,9128,1.0,174,18312,0.1307,566
256,0.25,med,7,0.5,EO,6568.53,9128,1.0,174,18312,0.1307,566
256,0.25,med,7,0.75,NC,8861.33,18312,1.0,174,18312,0.1307,566
256,0.25,med,7,0.75,RT,8217.6,13704,0.93678,174,18312,0.1307,566
256,0.25,med,7,0.75,EC,8217.6,13704,1.0,174,18312,0.1307,566
256,0.25,med,7,0.75,EO,8217.6,13704,1.0,174,18312,0.1307,566
256,0.25,high,0,0.25,NC,8387.2,16296,1.0,162,16296,0.1034,503
256,0.25,high,0,0.25,RT,3577.07,4072,0.54321,162,16296,0.1034,503
256,0.25,high,0,0.25,EC,3577.07,4072,0.96296,162,16296,0.1034,503
256,0.25,high,0,0.25,EO,3577.07,4072,1.0,162,16296,0.1034,503
256,0.25,high,0,0.5,NC,8387.2,16296,1.0,162,16296,0.1034,503
256,0.25,high,0,0.5,RT,6044.27,8136,0.75926,162,16296,0.1034,503
256,0.25,high,0,0.5,EC,6044.27,8136,1.0,162,16296,0.1034,503
256,0.25,high,0,0.5,EO,6044.27,8136,1.0,162,16296,0.1034,503
256,0.25,high,0,0.75,NC,8387.2,16296,1.0,162,16296,0.1034,503
256,0.25,high,0,0.75,RT,7728.53,12200,0.93827,162,16296,0.1034,503
256,0.25,high,0,0.75,EC,7728.53,12200,1.0,162,16296,0.1034,503
256,0.25,high,0,0.75,EO,7728.53,12200,1.0,162,16296,0.1034,503
256,0.25,high,1,0.25,NC,6872.53,13480,1.0,160,13480,0.0988,415
256,0.25,high,1,0.25,RT,2882.13,3368,0.4,160,13480,0.0988,415
256,0.25,high,1,0.25,EC,2882.13,3368,1.0,160,13480,0.0988,415
256,0.25,high,1,0.25,EO,2882.13,3368,1.0,160,13480,0.0988,415
256,0.25,high,1,0.5,NC,6872.53,13480,1.0,160,13480,0.0988,415
256,0.25,high,1,0.5,RT,4974.93,6728,0.6625,160,13480,0.0988,415
256,0.25,high,1,0.5,EC,4974.93,6728,1.0,160,13480,0.0988,415
256,0.25,high,1,0.5,EO,4974.93,6728,1.0,160,13480,0.0988,415
256,0.25,high,1,0.75,NC,6872.53,13480,1.0,160,13480,0.0988,415
256,0.25,high,1,0.75,RT,6316.27,10088,0.8375,160,13480,0.0988,415
256,0.25,high,1,0.75,EC,6316.27,10088,1.0,160,13480,0.0988,415
256,0.25,high,1,0.75,EO,6316.27,10088,1.0,160,13480,0.0988,415
256,0.25,high,2,0.25,NC,8117.87,15528,1.0,159,15528,0.1086,479
256,0.25,high,2,0.25,RT,3412.27,3880,0.37107,159,15528,0.1086,479
256,0.25,high,2,0.25,EC,3412.27,3880,0.98742,159,15528,0.1086,479
256,0.25,high,2,0.25,EO,3412.27,3880,1.0,159,15528,0.1086,479
256,0.25,high,2,0.5,NC,8117.87,15528,1.0,159,15528,0.1086,479
256,0.25,high,2,0.5,RT,5902.93,7752,0.69182,159,15528,0.1086,479
256,0.25,high,2,0.5,EC,5902.93,7752,1.0,159,15528,0.1086,479
256,0.25,high,2,0.5,EO,5902.93,7752,1.0,159,15528,0.1086,479
256,0.25,high,2,0.75,NC,8117.87,15528,1.0,159,15528,0.1086,479
256,0.25,high,2,0.75,RT,7526.4,11624,0.89308,159,15528,0.1086,479
256,0.25,high,2,0.75,EC,7526.4,11624,1.0,159,15528,0.1086,479
256,0.25,high,2,0.75,EO,7526.4,11624,1.0,159,15528,0.1086,479
256,0.25,high,3,0.25,NC,7829.87,15464,1.0,154,15464,0.1048,477
256,0.25,high,3,0.25,RT,3333.87,3848,0.49351,154,15464,0.1048,477
256,0.25,high,3,0.25,EC,3333.87,3848,0.98052,154,15464,0.1048,477
256,0.25,high,3,0.25,EO,3333.87,3848,1.0,154,15464,0.1048,477
256,0.25,high,3,0.5,NC,7829.87,15464,1.0,154,15464,0.1048,477
256,0.25,high,3,0.5,RT,5750.4,7720,0.69481,154,15464,0.1048,477
256,0.25,high,3,0.5,EC,5750.4,7720,1.0,154,15464,0.1048,477
256,0.25,high,3,0.5,EO,5750.4,7720,1.0,154,15464,0.1048,477
256,0.25,high,3,0.75,NC,7829.87,15464,1.0,154,15464,0.1048,477
256,0.25,high,3,0.75,RT,7265.6,11592,0.91558,154,15464,0.1048,477
256,0.25,high,3,0.75,EC,7265.6,11592,1.0,154,15464,0.1048,477
256,0.25,high,3,0.75,EO,7265.6,11592,1.0,154,15464,0.1048,477
256,0.25,high,4,0.25,NC,7820.27,14824,1.0,158,14824,0.1138,457
256,0.25,high,4,0.25,RT,3373.87,3688,0.39241,158,14824,0.1138,457
256,0.25,high,4,0.25,EC,3373.87,3688,0.98734,158,14824,0.1138,457
256,0.25,high,4,0.25,EO,3373.87,3688,1.0,158,14824,0.1138,457
256,0.25,high,4,0.5,NC,7820.27,14824,1.0,158,14824,0.1138,457
256,0.25,high,4,0.5,RT,5762.67,7400,0.70886,158,14824,0.1138,457
256,0.25,high,4,0.5,EC,5762.67,7400,1.0,158,14824,0.1138,457
256,0.25,high,4,0.5,EO,5762.67,7400,1.0,158,14824,0.1138,457
256,0.25,high,4,0.75,NC,7820.27,14824,1.0,158,14824,0.1138,457
256,0.25,high,4,0.75,RT,7291.2,11112,0.91139,158,14824,0.1138,457
256,0.25,high,4,0.75,EC,7291.2,11112,1.0,158,14824,0.1138,457
256,0.25,high,4,0.75,EO,7291.2,11112,1.0,158,14824,0.1138,457
256,0.25,high,5,0.25,NC,8452.27,15816,1.0,166,15816,0.1148,488
256,0.25,high,5,0.25,RT,3573.87,3944,0.40964,166,15816,0.1148,488
256,0.25,high,5,0.25,EC,3573.87,3944,0.98795,166,15816,0.1148,488
256,0.25,high,5,0.25,EO,3573.87,3944,1.0,166,15816,0.1148,488
256,0.25,high,5,0.5,NC,8452.27,15816,1.0,166,15816,0.1148,488
256,0.25,high,5,0.5,RT,6144.53,7880,0.70482,166,15816,0.1148,488
256,0.25,high,5,0.5,EC,6144.53,7880,1.0,166,15816,0.1148,488
256,0.25,high,5,0.5,EO,6144.53,7880,1.0,166,15816,0.1148,488
256,0.25,high,5,0.75,NC,8452.27,15816,1.0,166,15816,0.1148,488
256,0.25,high,5,0.75,RT,7771.2,11848,0.89759,166,15816,0.1148,488
256,0.25,high,5,0.75,EC,7771.2,11848,1.0,166,15816,0.1148,488
256,0.25,high,5,0.75,EO,7771.2,11848,1.0,166,15816,0.1148,488
256,0.25,high,6,0.25,NC,9672.53,18056,1.0,154,18056,0.1057,558
256,0.25,high,6,0.25,RT,3970.67,4488,0.41558,154,18056,0.1057,558
256,0.25,high,6,0.25,EC,3970.67,4488,1.0,154,18056,0.1057,558
256,0.25,high,6,0.25,EO,3970.67,4488,1.0,154,18056,0.1057,558
256,0.25,high,6,0.5,NC,9672.53,18056,1.0,154,18056,0.1057,558
256,0.25,high,6,0.5,RT,6968.53,9000,0.66883,154,18056,0.1057,558
256,0.25,high,6,0.5,EC,6968.53,9000,1.0,154,18056,0.1057,558
256,0.25,high,6,0.5,EO,6968.53,9000,1.0,154,18056,0.1057,558
256,0.25,high,6,0.75,NC,9672.53,18056,1.0,154,18056,0.1057,558
256,0.25,high,6,0.75,RT,8940.27,13512,0.90909,154,18056,0.1057,558
256,0.25,high,6,0.75,EC,8940.27,13512,1.0,154,18056,0.1057,558
256,0.25,high,6,0.75,EO,8940.27,13512,1.0,154,18056,0.1057,558
256,0.25,high,7,0.25,NC,8861.33,18312,1.0,175,18312,0.1042,566
256,0.25,high,7,0.25,RT,3922.13,4552,0.53143,175,18312,0.1042,566
256,0.25,high,7,0.25,EC,3922.13,4552,0.98857,175,18312,0.1042,566
256,0.25,high,7,0.25,EO,3922.13,4552,1.0,175,18312,0.1042,566
256,0.25,high,7,0.5,NC,8861.33,18312,1.0,175,18312,0.1042,566
256,0.25,high,7,0.5,RT,6568.53,9128,0.73143,175,18312,0.1042,566
256,0.25,high,7,0.5,EC,6568.53,9128,1.0,175,18312,0.1042,566
256,0.25,high,7,0.5,EO,6568.53,9128,1.0,175,18312,0.1042,566
256,0.25,high,7,0.75,NC,8861.33,18312,1.0,175,18312,0.1042,566
256,0.25,high,7,0.75,RT,8217.6,13704,0.93143,175,18312,0.1042,566
256,0.25,high,7,0.75,EC,8217.6,13704,1.0,175,18312,0.1042,566
256,0.25,high,7,0.75,EO,8217.6,13704,1.0,175,18312,0.1042,566
1024,0.02,low,0,0.25,NC,30562.13,60712,1.0,165,60712,0.0148,1891
1024,0.02,low,0,0.25,RT,13336.53,15176,0.49697,165,60712,0.0148,1891
1024,0.02,low,0,0.25,EC,13336.53,15176,0.84848,165,60712,0.0148,1891
1024,0.02,low,0,0.25,EO,13336.53,15176,1.0,165,60712,0.0148,1891
1024,0.02,low,0,0.5,NC,30562.13,60712,1.0,165,60712,0.0148,1891
1024,0.02,low,0,0.5,RT,22998.93,30344,0.74545,165,60712,0.0148,1891
1024,0.02,low,0,0.5,EC,22998.93,30344,0.98182,165,60712,0.0148,1891
1024,0.02,low,0,0.5,EO,22998.93,30344,1.0,165,60712,0.0148,1891
1024,0.02,low,0,0.75,NC,30562.13,60712,1.0,165,60712,0.0148,1891
1024,0.02,low,0,0.75,RT,28614.4,45512,0.90909,165,60712,0.0148,1891
1024,0.02,low,0,0.75,EC,28614.4,45512,1.0,165,60712,0.0148,1891
1024,0.02,low,0,0.75,EO,28614.4,45512,1.0,165,60712,0.0148,1891
1024,0.02,low,1,0.25,NC,32344.53,59016,1.0,159,59016,0.0141,1838
1024,0.02,low,1,0.25,RT,12736.53,14728,0.45912,159,59016,0.0141,1838
1024,0.02,low,1,0.25,EC,12736.53,14728,0.92453,159,59016,0.0141,1838
1024,0.02,low,1,0.25,EO,12736.53,14728,1.0,159,59016,0.0141,1838
1024,0.02,low,1,0.5,NC,32344.53,59016,1.0,159,59016,0.0141,1838
1024,0.02,low,1,0.5,RT,22694.93,29480,0.72956,159,59016,0.0141,1838
1024,0.02,low,1,0.5,EC,22694.93,29480,0.96855,159,59016,0.0141,1838
1024,0.02,low,1,0.5,EO,22694.93,29480,1.0,159,59016,0.0141,1838
1024,0.02,low,1,0.75,NC,32344.53,59016,1.0,159,59016,0.0141,1838
1024,0.02,low,1,0.75,RT,29864.53,44232,0.93082,159,59016,0.0141,1838
1024,0.02,low,1,0.75,EC,29864.53,44232,1.0,159,59016,0.0141,1838
1024,0.02,low,1,0.75,EO,29864.53,44232,1.0,159,59016,0.0141,1838
1024,0.02,low,2,0.25,NC,29176.0,58440,1.0,169,58440,0.0148,1820
1024,0.02,low,2,0.25,RT,12690.13,14600,0.52663,169,58440,0.0148,1820
1024,0.02,low,2,0.25,EC,12690.13,14600,0.97041,169,58440,0.0148,1820
1024,0.02,low,2,0.25,EO,12690.13,14600,1.0,169,58440,0.0148,1820
1024,0.02,low,2,0.5,NC,29176.0,58440,1.0,169,58440,0.0148,1820
1024,0.02,low,2,0.5,RT,21425.07,29192,0.78107,169,58440,0.0148,1820
1024,0.02,low,2,0.5,EC,21425.07,29192,0.98817,169,58440,0.0148,1820
1024,0.02,low,2,0.5,EO,21425.07,29192,1.0,169,58440,0.0148,1820
1024,0.02,low,2,0.75,NC,29176.0,58440,1.0,169,58440,0.0148,1820
1024,0.02,low,2,0.75,RT,26929.6,43816,0.92899,169,58440,0.0148,1820
1024,0.02,low,2,0.75,EC,26929.6,43816,1.0,169,58440,0.0148,1820
1024,0.02,low,2,0.75,EO,26929.6,43816,1.0,169,58440,0.0148,1820
1024,0.02,low,3,0.25,NC,28309.87,55240,1.0,174,55240,0.0151,1720
1024,0.02,low,3,0.25,RT,12011.73,13800,0.38506,174,55240,0.0151,1720
1024,0.02,low,3,0.25,EC,12011.73,13800,0.95402,174,55240,0.0151,1720
1024,0.02,low,3,0.25,EO,12011.73,13800,1.0,174,55240,0.0151,1720
1024,0.02,low,3,0.5,NC,28309.87,55240,1.0,174,55240,0.0151,1720
1024,0.02,low,3,0.5,RT,20861.87,27592,0.64943,174,55240,0.0151,1720
1024,0.02,low,3,0.5,EC,20861.87,27592,1.0,174,55240,0.0151,1720
1024,0.02,low,3,0.5,EO,20861.87,27592,1.0,174,55240,0.0151,1720
1024,0.02,low,3,0.75,NC,28309.87,55240,1.0,174,55240,0.0151,1720
1024,0.02,low,3,0.75,RT,26632.0,41416,0.91379,174,55240,0.0151,1720
1024,0.02,low,3,0.75,EC,26632.0,41416,1.0,174,55240,0.0151,1720
1024,0.02,low,3,0.75,EO,26632.0,41416,1.0,174,55240,0.0151,1720
1024,0.02,low,4,0.25,NC,30963.73,61928,1.0,177,61928,0.0171,1929
1024,0.02,low,4,0.25,RT,13299.2,15464,0.50847,177,61928,0.0171,1929
1024,0.02,low,4,0.25,EC,13299.2,15464,0.90395,177,61928,0.0171,1929
1024,0.02,low,4,0.25,EO,13299.2,15464,1.0,177,61928,0.0171,1929
1024,0.02,low,4,0.5,NC,30963.73,61928,1.0,177,61928,0.0171,1929
1024,0.02,low,4,0.5,RT,22978.67,30952,0.82486,177,61928,0.0171,1929
1024,0.02,low,4,0.5,EC,22978.67,30952,0.9661,177,61928,0.0171,1929
1024,0.02,low,4,0.5,EO,22978.67,30952,1.0,177,61928,0.0171,1929
1024,0.02,low,4,0.75,NC,30963.73,61928,1.0,177,61928,0.0171,1929
1024,0.02,low,4,0.75,RT,29026.13,46440,0.9322,177,61928,0.0171,1929
1024,0.02,low,4,0.75,EC,29026.13,46440,1.0,177,61928,0.0171,1929
1024,0.02,low,4,0.75,EO,29026.13,46440,1.0,177,61928,0.0171,1929
1024,0.02,low,5,0.25,NC,29601.07,58184,1.0,140,58184,0.0116,1812
1024,0.02,low,5,0.25,RT,13254.93,14536,0.48571,140,58184,0.0116,1812
1024,0.02,low,5,0.25,EC,13254.93,14536,0.91429,140,58184,0.0116,1812
1024,0.02,low,5,0.25,EO,13254.93,14536,1.0,140,58184,0.0116,1812
1024,0.02,low,5,0.5,NC,29601.07,58184,1.0,140,58184,0.0116,1812
1024,0.02,low,5,0.5,RT,22740.27,29064,0.77143,140,58184,0.0116,1812
1024,0.02,low,5,0.5,EC,22740.27,29064,0.99286,140,58184,0.0116,1812
1024,0.02,low,5,0.5,EO,22740.27,29064,1.0,140,58184,0.0116,1812
1024,0.02,low,5,0.75,NC,29601.07,58184,1.0,140,58184,0.0116,1812
1024,0.02,low,5,0.75,RT,28149.87,43624,0.92143,140,58184,0.0116,1812
1024,0.02,low,5,0.75,EC,28149.87,43624,1.0,140,58184,0.0116,1812
1024,0.02,low,5,0.75,EO,28149.87,43624,1.0,140,58184,0.0116,1812
1024,0.02,low,6,0.25,NC,32090.13,62696,1.0,178,62696,0.0148,1953
1024,0.02,low,6,0.25,RT,13712.0,15656,0.51124,178,62696,0.0148,1953
1024,0.02,low,6,0.25,EC,13712.0,15656,0.91573,178,62696,0.0148,1953
1024,0.02,low,6,0.25,EO,13712.0,15656,1.0,178,62696,0.0148,1953
1024,0.02,low,6,0.5,NC,32090.13,62696,1.0,178,62696,0.0148,1953
1024,0.02,low,6,0.5,RT,23493.33,31336,0.73034,178,62696,0.0148,1953
1024,0.02,low,6,0.5,EC,23493.33,31336,0.97191,178,62696,0.0148,1953
1024,0.02,low,6,0.5,EO,23493.33,31336,1.0,178,62696,0.0148,1953
1024,0.02,low,6,0.75,NC,32090.13,62696,1.0,178,62696,0.0148,1953
1024,0.02,low,6,0.75,RT,29861.87,47016,0.93258,178,62696,0.0148,1953
1024,0.02,low,6,0.75,EC,29861.87,47016,1.0,178,62696,0.0148,1953
1024,0.02,low,6,0.75,EO,29861.87,47016,1.0,178,62696,0.0148,1953
1024,0.02,low,7,0.25,NC,37130.67,69832,1.0,155,69832,0.0142,2176
1024,0.02,low,7,0.25,RT,15932.27,17448,0.48387,155,69832,0.0142,2176
1024,0.02,low,7,0.25,EC,15932.27,17448,0.75484,155,69832,0.0142,2176
1024,0.02,low,7,0.25,EO,15932.27,17448,1.0,155,69832,0.0142,2176
1024,0.02,low,7,0.5,NC,37130.67,69832,1.0,155,69832,0.0142,2176
1024,0.02,low,7,0.5,RT,27229.33,34888,0.83226,155,69832,0.0142,2176
1024,0.02,low,7,0.5,EC,27229.33,34888,0.95484,155,69832,0.0142,2176
1024,0.02,low,7,0.5,EO,27229.33,34888,1.0,155,69832,0.0142,2176
1024,0.02,low,7,0.75,NC,37130.67,69832,1.0,155,69832,0.0142,2176
1024,0.02,low,7,0.75,RT,34152.0,52360,0.96129,155,69832,0.0142,2176
1024,0.02,low,7,0.75,EC,34152.0,52360,1.0,155,69832,0.0142,2176
1024,0.02,low,7,0.75,EO,34152.0,52360,1.0,155,69832,0.0142,2176
1024,0.02,med,0,0.25,NC,30562.13,60712,1.0,149,60712,0.0137,1891
1024,0.02,med,0,0.25,RT,13336.53,15176,0.42953,149,60712,0.0137,1891
1024,0.02,med,0,0.25,EC,13336.53,15176,1.0,149,60712,0.0137,1891
1024,0.02,med,0,0.25,EO,13336.53,15176,1.0,149,60712,0.0137,1891
1024,0.02,med,0,0.5,NC,30562.13,60712,1.0,149,60712,0.0137,1891
1024,0.02,med,0,0.5,RT,22998.93,30344,0.73154,149,60712,0.0137,1891
1024,0.02,med,0,0.5,EC,22998.93,30344,1.0,149,60712,0.0137,1891
1024,0.02,med,0,0.5,EO,22998.93,30344,1.0,149,60712,0.0137,1891
1024,0.02,med,0,0.75,NC,30562.13,60712,1.0,149,60712,0.0137,1891
1024,0.02,med,0,0.75,RT,28614.4,45512,0.91946,149,60712,0.0137,1891
1024,0.02,med,0,0.75,EC,28614.4,45512,1.0,149,60712,0.0137,1891
1024,0.02,med,0,0.75,EO,28614.4,45512,1.0,149,60712,0.0137,1891
1024,0.02,med,1,0.25,NC,32344.53,59016,1.0,134,59016,0.0125,1838
1024,0.02,med,1,0.25,RT,12736.53,14728,0.39552,134,59016,0.0125,1838
1024,0.02,med,1,0.25,EC,12736.53,14728,1.0,134,59016,0.0125,1838
1024,0.02,med,1,0.25,EO,12736.53,14728,1.0,134,59016,0.0125,1838
1024,0.02,med,1,0.5,NC,32344.53,59016,1.0,134,59016,0.0125,1838
1024,0.02,med,1,0.5,RT,22694.93,29480,0.64925,134,59016,0.0125,1838
1024,0.02,med,1,0.5,EC,22694.93,29480,1.0,134,59016,0.0125,1838
1024,0.02,med,1,0.5,EO,22694.93,29480,1.0,134,59016,0.0125,1838
1024,0.02,med,1,0.75,NC,32344.53,59016,1.0,134,59016,0.0125,1838
1024,0.02,med,1,0.75,RT,29864.53,44232,0.88806,134,59016,0.0125,1838
1024,0.02,med,1,0.75,EC,29864.53,44232,1.0,134,59016,0.0125,1838
1024,0.02,med,1,0.75,EO,29864.53,44232,1.0,134,59016,0.0125,1838
1024,0.02,med,2,0.25,NC,29176.0,58440,1.0,168,58440,0.0137,1820
1024,0.02,med,2,0.25,RT,12690.13,14600,0.41667,168,58440,0.0137,1820
1024,0.02,med,2,0.25,EC,12690.13,14600,1.0,168,58440,0.0137,1820
1024,0.02,med,2,0.25,EO,12690.13,14600,1.0,168,58440,0.0137,1820
1024,0.02,med,2,0.5,NC,29176.0,58440,1.0,168,58440,0.0137,1820
1024,0.02,med,2,0.5,RT,21425.07,29192,0.74405,168,58440,0.0137,1820
1024,0.02,med,2,0.5,EC,21425.07,29192,1.0,168,58440,0.0137,1820
1024,0.02,med,2,0.5,EO,21425.07,29192,1.0,168,58440,0.0137,1820
1024,0.02,med,2,0.75,NC,29176.0,58440,1.0,168,58440,0.0137,1820
1024,0.02,med,2,0.75,RT,26929.6,43816,0.91667,168,58440,0.0137,1820
1024,0.02,med,2,0.75,EC,26929.6,43816,1.0,168,58440,0.0137,1820
1024,0.02,med,2,0.75,EO,26929.6,43816,1.0,168,58440,0.0137,1820
1024,0.02,med,3,0.25,NC,28309.87,55240,1.0,168,55240,0.014,1720
1024,0.02,med,3,0.25,RT,12011.73,13800,0.40476,168,55240,0.014,1720
1024,0.02,med,3,0.25,EC,12011.73,13800,1.0,168,55240,0.014,1720
1024,0.02,med,3,0.25,EO,12011.73,13800,1.0,168,55240,0.014,1720
1024,0.02,med,3,0.5,NC,28309.87,55240,1.0,168,55240,0.014,1720
1024,0.02,med,3,0.5,RT,20861.87,27592,0.68452,168,55240,0.014,1720
1024,0.02,med,3,0.5,EC,20861.87,27592,1.0,168,55240,0.014,1720
1024,0.02,med,3,0.5,EO,20861.87,27592,1.0,168,55240,0.014,1720
1024,0.02,med,3,0.75,NC,28309.87,55240,1.0,168,55240,0.014,1720
1024,0.02,med,3,0.75,RT,26632.0,41416,0.94048,168,55240,0.014,1720
1024,0.02,med,3,0.75,EC,26632.0,41416,1.0,168,55240,0.014,1720
1024,0.02,med,3,0.75,EO,26632.0,41416,1.0,168,55240,0.014,1720
1024,0.02,med,4,0.25,NC,30963.73,61928,1.0,160,61928,0.015,1929
1024,0.02,med,4,0.25,RT,13299.2,15464,0.44375,160,61928,0.015,1929
1024,0.02,med,4,0.25,EC,13299.2,15464,1.0,160,61928,0.015,1929
1024,0.02,med,4,0.25,EO,13299.2,15464,1.0,160,61928,0.015,1929
1024,0.02,med,4,0.5,NC,30963.73,61928,1.0,160,61928,0.015,1929
1024,0.02,med,4,0.5,RT,22978.67,30952,0.71875,160,61928,0.015,1929
1024,0.02,med,4,0.5,EC,22978.67,30952,1.0,160,61928,0.015,1929
1024,0.02,med,4,0.5,EO,22978.67,30952,1.0,160,61928,0.015,1929
1024,0.02,med,4,0.75,NC,30963.73,61928,1.0,160,61928,0.015,1929
1024,0.02,med,4,0.75,RT,29026.13,46440,0.90625,160,61928,0.015,1929
1024,0.02,med,4,0.75,EC,29026.13,46440,1.0,160,61928,0.015,1929
1024,0.02,med,4,0.75,EO,29026.13,46440,1.0,160,61928,0.015,1929
1024,0.02,med,5,0.25,NC,29601.07,58184,1.0,150,58184,0.0094,1812
1024,0.02,med,5,0.25,RT,13254.93,14536,0.44,150,58184,0.0094,1812
1024,0.02,med,5,0.25,EC,13254.93,14536,1.0,150,58184,0.0094,1812
1024,0.02,med,5,0.25,EO,13254.93,14536,1.0,150,58184,0.0094,1812
1024,0.02,med,5,0.5,NC,29601.07,58184,1.0,150,58184,0.0094,1812
1024,0.02,med,5,0.5,RT,22740.27,29064,0.72667,150,58184,0.0094,1812
1024,0.02,med,5,0.5,EC,22740.27,29064,1.0,150,58184,0.0094,1812
1024,0.02,med,5,0.5,EO,22740.27,29064,1.0,150,58184,0.0094,1812
1024,0.02,med,5,0.75,NC,29601.07,58184,1.0,150,58184,0.0094,1812
1024,0.02,med,5,0.75,RT,28149.87,43624,0.89333,150,58184,0.0094,1812
1024,0.02,med,5,0.75,EC,28149.87,43624,1.0,150,58184,0.0094,1812
1024,0.02,med,5,0.75,EO,28149.87,43624,1.0,150,58184,0.0094,1812
1024,0.02,med,6,0.25,NC,32090.13,62696,1.0,185,62696,0.0118,1953
1024,0.02,med,6,0.25,RT,13712.0,15656,0.43243,185,62696,0.0118,1953
1024,0.02,med,6,0.25,EC,13712.0,15656,1.0,185,62696,0.0118,1953
1024,0.02,med,6,0.25,EO,13712.0,15656,1.0,185,62696,0.0118,1953
1024,0.02,med,6,0.5,NC,32090.13,62696,1.0,185,62696,0.0118,1953
1024,0.02,med,6,0.5,RT,23493.33,31336,0.69189,185,62696,0.0118,1953
1024,0.02,med,6,0.5,EC,23493.33,31336,1.0,185,62696,0.0118,1953
1024,0.02,med,6,0.5,EO,23493.33,31336,1.0,185,62696,0.0118,1953
1024,0.02,med,6,0.75,NC,32090.13,62696,1.0,185,62696,0.0118,1953
1024,0.02,med,6,0.75,RT,29861.87,47016,0.88108,185,62696,0.0118,1953
1024,0.02,med,6,0.75,EC,29861.87,47016,1.0,185,62696,0.0118,1953
1024,0.02,med,6,0.75,EO,29861.87,47016,1.0,185,62696,0.0118,1953
1024,0.02,med,7,0.25,NC,37130.67,69832,1.0,160,69832,0.0147,2176
1024,0.02,med,7,0.25,RT,15932.27,17448,0.48125,160,69832,0.0147,2176
1024,0.02,med,7,0.25,EC,15932.27,17448,1.0,160,69832,0.0147,2176
1024,0.02,med,7,0.25,EO,15932.27,17448,1.0,160,69832,0.0147,2176
1024,0.02,med,7,0.5,NC,37130.67,69832,1.0,160,69832,0.0147,2176
1024,0.02,med,7,0.5,RT,27229.33,34888,0.79375,160,69832,0.0147,2176
1024,0.02,med,7,0.5,EC,27229.33,34888,1.0,160,69832,0.0147,2176
1024,0.02,med,7,0.5,EO,27229.33,34888,1.0,160,69832,0.0147,2176
1024,0.02,med,7,0.75,NC,37130.67,69832,1.0,160,69832,0.0147,2176
1024,0.02,med,7,0.75,RT,34152.0,52360,0.95625,160,69832,0.0147,2176
1024,0.02,med,7,0.75,EC,34152.0,52360,1.0,160,69832,0.0147,2176
1024,0.02,med,7,0.75,EO,34152.0,52360,1.0,160,69832,0.0147,2176
1024,0.02,high,0,0.25,NC,30562.13,60712,1.0,175,60712,0.0111,1891
1024,0.02,high,0,0.25,RT,13336.53,15176,0.32,175,60712,0.0111,1891
1024,0.02,high,0,0.25,EC,13336.53,15176,1.0,175,60712,0.0111,1891
1024,0.02,high,0,0.25,EO,13336.53,15176,1.0,175,60712,0.0111,1891
1024,0.02,high,0,0.5,NC,30562.13,60712,1.0,175,60712,0.0111,1891
1024,0.02,high,0,0.5,RT,22998.93,30344,0.63429,175,60712,0.0111,1891
1024,0.02,high,0,0.5,EC,22998.93,30344,1.0,175,60712,0.0111,1891
1024,0.02,high,0,0.5,EO,22998.93,30344,1.0,175,60712,0.0111,1891
1024,0.02,high,0,0.75,NC,30562.13,60712,1.0,175,60712,0.0111,1891
1024,0.02,high,0,0.75,RT,28614.4,45512,0.85714,175,60712,0.0111,1891
1024,0.02,high,0,0.75,EC,28614.4,45512,1.0,175,60712,0.0111,1891
1024,0.02,high,0,0.75,EO,28614.4,45512,1.0,175,60712,0.0111,1891
1024,0.02,high,1,0.25,NC,32344.53,59016,1.0,150,59016,0.0103,1838
1024,0.02,high,1,0.25,RT,12736.53,14728,0.28667,150,59016,0.0103,1838
1024,0.02,high,1,0.25,EC,12736.53,14728,1.0,150,59016,0.0103,1838
1024,0.02,high,1,0.25,EO,12736.53,14728,1.0,150,59016,0.0103,1838
1024,0.02,high,1,0.5,NC,32344.53,59016,1.0,150,59016,0.0103,1838
1024,0.02,high,1,0.5,RT,22694.93,29480,0.50667,150,59016,0.0103,1838
1024,0.02,high,1,0.5,EC,22694.93,29480,1.0,150,59016,0.0103,1838
1024,0.02,high,1,0.5,EO,22694.93,29480,1.0,150,59016,0.0103,1838
1024,0.02,high,1,0.75,NC,32344.53,59016,1.0,150,59016,0.0103,1838
1024,0.02,high,1,0.75,RT,29864.53,44232,0.76,150,59016,0.0103,1838
1024,0.02,high,1,0.75,EC,29864.53,44232,1.0,150,59016,0.0103,1838
1024,0.02,high,1,0.75,EO,29864.53,44232,1.0,150,59016,0.0103,1838
1024,0.02,high,2,0.25,NC,29176.0,58440,1.0,187,58440,0.0121,1820
1024,0.02,high,2,0.25,RT,12690.13,14600,0.37433,187,58440,0.0121,1820
1024,0.02,high,2,0.25,EC,12690.13,14600,1.0,187,58440,0.0121,1820
1024,0.02,high,2,0.25,EO,12690.13,14600,1.0,187,58440,0.0121,1820
1024,0.02,high,2,0.5,NC,29176.0,58440,1.0,187,58440,0.0121,1820
1024,0.02,high,2,0.5,RT,21425.07,29192,0.68984,187,58440,0.0121,1820
1024,0.02,high,2,0.5,EC,21425.07,29192,1.0,187,58440,0.0121,1820
1024,0.02,high,2,0.5,EO,21425.07,29192,1.0,187,58440,0.0121,1820
1024,0.02,high,2,0.75,NC,29176.0,58440,1.0,187,58440,0.0121,1820
1024,0.02,high,2,0.75,RT,26929.6,43816,0.90909,187,58440,0.0121,1820
1024,0.02,high,2,0.75,EC,26929.6,43816,1.0,187,58440,0.0121,1820
1024,0.02,high,2,0.75,EO,26929.6,43816,1.0,187,58440,0.0121,1820
1024,0.02,high,3,0.25,NC,28309.87,55240,1.0,163,55240,0.0128,1720
1024,0.02,high,3,0.25,RT,12011.73,13800,0.34356,163,55240,0.0128,1720
1024,0.02,high,3,0.25,EC,12011.73,13800,1.0,163,55240,0.0128,1720
1024,0.02,high,3,0.25,EO,12011.73,13800,1.0,163,55240,0.0128,1720
1024,0.02,high,3,0.5,NC,28309.87,55240,1.0,163,55240,0.0128,1720
1024,0.02,high,3,0.5,RT,20861.87,27592,0.63804,163,55240,0.0128,1720
1024,0.02,high,3,0.5,EC,20861.87,27592,1.0,163,55240,0.0128,1720
1024,0.02,high,3,0.5,EO,20861.87,27592,1.0,163,55240,0.0128,1720
1024,0.02,high,3,0.75,NC,28309.87,55240,1.0,163,55240,0.0128,1720
1024,0.02,high,3,0.75,RT,26632.0,41416,0.91411,163,55240,0.0128,1720
1024,0.02,high,3,0.75,EC,26632.0,41416,1.0,163,55240,0.0128,1720
1024,0.02,high,3,0.75,EO,26632.0,41416,1.0,163,55240,0.0128,1720
1024,0.02,high,4,0.25,NC,30963.73,61928,1.0,179,61928,0.0119,1929
1024,0.02,high,4,0.25,RT,13299.2,15464,0.44134,179,61928,0.0119,1929
1024,0.02,high,4,0.25,EC,13299.2,15464,1.0,179,61928,0.0119,1929
1024,0.02,high,4,0.25,EO,13299.2,15464,1.0,179,61928,0.0119,1929
1024,0.02,high,4,0.5,NC,30963.73,61928,1.0,179,61928,0.0119,1929
1024,0.02,high,4,0.5,RT,22978.67,30952,0.70391,179,61928,0.0119,1929
1024,0.02,high,4,0.5,EC,22978.67,30952,1.0,179,61928,0.0119,1929
1024,0.02,high,4,0.5,EO,22978.67,30952,1.0,179,61928,0.0119,1929
1024,0.02,high,4,0.75,NC,30963.73,61928,1.0,179,61928,0.0119,1929
1024,0.02,high,4,0.75,RT,29026.13,46440,0.92737,179,61928,0.0119,1929
1024,0.02,high,4,0.75,EC,29026.13,46440,1.0,179,61928,0.0119,1929
1024,0.02,high,4,0.75,EO,29026.13,46440,1.0,179,61928,0.0119,1929
1024,0.02,high,5,0.25,NC,29601.07,58184,1.0,155,58184,0.0121,1812
1024,0.02,high,5,0.25,RT,13254.93,14536,0.41935,155,58184,0.0121,1812
1024,0.02,high,5,0.25,EC,13254.93,14536,1.0,155,58184,0.0121,1812
1024,0.02,high,5,0.25,EO,13254.93,14536,1.0,155,58184,0.0121,1812
1024,0.02,high,5,0.5,NC,29601.07,58184,1.0,155,58184,0.0121,1812
1024,0.02,high,5,0.5,RT,22740.27,29064,0.73548,155,58184,0.0121,1812
1024,0.02,high,5,0.5,EC,22740.27,29064,1.0,155,58184,0.0121,1812
1024,0.02,high,5,0.5,EO,22740.27,29064,1.0,155,58184,0.0121,1812
1024,0.02,high,5,0.75,NC,29601.07,58184,1.0,155,58184,0.0121,1812
1024,0.02,high,5,0.75,RT,28149.87,43624,0.96129,155,58184,0.0121,1812
1024,0.02,high,5,0.75,EC,28149.87,43624,1.0,155,58184,0.0121,1812
1024,0.02,high,5,0.75,EO,28149.87,43624,1.0,155,58184,0.0121,1812
1024,0.02,high,6,0.25,NC,32090.13,62696,1.0,166,62696,0.0108,1953
1024,0.02,high,6,0.25,RT,13712.0,15656,0.38554,166,62696,0.0108,1953
1024,0.02,high,6,0.25,EC,13712.0,15656,1.0,166,62696,0.0108,1953
1024,0.02,high,6,0.25,EO,13712.0,15656,1.0,166,62696,0.0108,1953
1024,0.02,high,6,0.5,NC,32090.13,62696,1.0,166,62696,0.0108,1953
1024,0.02,high,6,0.5,RT,23493.33,31336,0.6506,166,62696,0.0108,1953
1024,0.02,high,6,0.5,EC,23493.33,31336,1.0,166,62696,0.0108,1953
1024,0.02,high,6,0.5,EO,23493.33,31336,1.0,166,62696,0.0108,1953
1024,0.02,high,6,0.75,NC,32090.13,62696,1.0,166,62696,0.0108,1953
1024,0.02,high,6,0.75,RT,29861.87,47016,0.83735,166,62696,0.0108,1953
1024,0.02,high,6,0.75,EC,29861.87,47016,1.0,166,62696,0.0108,1953
1024,0.02,high,6,0.75,EO,29861.87,47016,1.0,166,62696,0.0108,1953
1024,0.02,high,7,0.25,NC,37130.67,69832,1.0,183,69832,0.0115,2176
1024,0.02,high,7,0.25,RT,15932.27,17448,0.31148,183,69832,0.0115,2176
1024,0.02,high,7,0.25,EC,15932.27,17448,1.0,183,69832,0.0115,2176
1024,0.02,high,7,0.25,EO,15932.27,17448,1.0,183,69832,0.0115,2176
1024,0.02,high,7,0.5,NC,37130.67,69832,1.0,183,69832,0.0115,2176
1024,0.02,high,7,0.5,RT,27229.33,34888,0.60656,183,69832,0.0115,2176
1024,0.02,high,7,0.5,EC,27229.33,34888,1.0,183,69832,0.0115,2176
1024,0.02,high,7,0.5,EO,27229.33,34888,1.0,183,69832,0.0115,2176
1024,0.02,high,7,0.75,NC,37130.67,69832,1.0,183,69832,0.0115,2176
1024,0.02,high,7,0.75,RT,34152.0,52360,0.87432,183,69832,0.0115,2176
1024,0.02,high,7,0.75,EC,34152.0,52360,1.0,183,69832,0.0115,2176
1024,0.02,high,7,0.75,EO,34152.0,52360,1.0,183,69832,0.0115,2176
1024,0.08,low,0,0.25,NC,30562.13,60712,1.0,145,60712,0.0391,1891
1024,0.08,low,0,0.25,RT,13336.53,15176,0.55172,145,60712,0.0391,1891
1024,0.08,low,0,0.25,EC,13336.53,15176,0.8069,145,60712,0.0391,1891
1024,0.08,low,0,0.25,EO,13336.53,15176,1.0,145,60712,0.0391,1891
1024,0.08,low,0,0.5,NC,30562.13,60712,1.0,145,60712,0.0391,1891
1024,0.08,low,0,0.5,RT,22998.93,30344,0.74483,145,60712,0.0391,1891
1024,0.08,low,0,0.5,EC,22998.93,30344,0.91034,145,60712,0.0391,1891
1024,0.08,low,0,0.5,EO,22998.93,30344,1.0,145,60712,0.0391,1891
1024,0.08,low,0,0.75,NC,30562.13,60712,1.0,145,60712,0.0391,1891
1024,0.08,low,0,0.75,RT,28614.4,45512,0.92414,145,60712,0.0391,1891
1024,0.08,low,0,0.75,EC,28614.4,45512,0.97931,145,60712,0.0391,1891
1024,0.08,low,0,0.75,EO,28614.4,45512,1.0,145,60712,0.0391,1891
1024,0.08,low,1,0.25,NC,32344.53,59016,1.0,158,59016,0.0392,1838
1024,0.08,low,1,0.25,RT,12736.53,14728,0.43671,158,59016,0.0392,1838
1024,0.08,low,1,0.25,EC,12736.53,14728,0.76582,158,59016,0.0392,1838
1024,0.08,low,1,0.25,EO,12736.53,14728,1.0,158,59016,0.0392,1838
1024,0.08,low,1,0.5,NC,32344.53,59016,1.0,158,59016,0.0392,1838
1024,0.08,low,1,0.5,RT,22694.93,29480,0.68354,158,59016,0.0392,1838
1024,0.08,low,1,0.5,EC,22694.93,29480,0.88608,158,59016,0.0392,1838
1024,0.08,low,1,0.5,EO,22694.93,29480,1.0,158,59016,0.0392,1838
1024,0.08,low,1,0.75,NC,32344.53,59016,1.0,158,59016,0.0392,1838
1024,0.08,low,1,0.75,RT,29864.53,44232,0.91772,158,59016,0.0392,1838
1024,0.08,low,1,0.75,EC,29864.53,44232,0.97468,158,59016,0.0392,1838
1024,0.08,low,1,0.75,EO,29864.53,44232,1.0,158,59016,0.0392,1838
1024,0.08,low,2,0.25,NC,29176.0,58440,1.0,156,58440,0.0445,1820
1024,0.08,low,2,0.25,RT,12690.13,14600,0.58974,156,58440,0.0445,1820
1024,0.08,low,2,0.25,EC,12690.13,14600,0.76923,156,58440,0.0445,1820
1024,0.08,low,2,0.25,EO,12690.13,14600,1.0,156,58440,0.0445,1820
1024,0.08,low,2,0.5,NC,29176.0,58440,1.0,156,58440,0.0445,1820
1024,0.08,low,2,0.5,RT,21425.07,29192,0.78846,156,58440,0.0445,1820
1024,0.08,low,2,0.5,EC,21425.07,29192,0.91026,156,58440,0.0445,1820
1024,0.08,low,2,0.5,EO,21425.07,29192,1.0,156,58440,0.0445,1820
1024,0.08,low,2,0.75,NC,29176.0,58440,1.0,156,58440,0.0445,1820
1024,0.08,low,2,0.75,RT,26929.6,43816,0.95513,156,58440,0.0445,1820
1024,0.08,low,2,0.75,EC,26929.6,43816,0.97436,156,58440,0.0445,1820
1024,0.08,low,2,0.75,EO,26929.6,43816,1.0,156,58440,0.0445,1820
1024,0.08,low,3,0.25,NC,28309.87,55240,1.0,172,55240,0.0401,1720
1024,0.08,low,3,0.25,RT,12011.73,13800,0.4593,172,55240,0.0401,1720
1024,0.08,low,3,0.25,EC,12011.73,13800,0.77326,172,55240,0.0401,1720
1024,0.08,low,3,0.25,EO,12011.73,13800,1.0,172,55240,0.0401,1720
1024,0.08,low,3,0.5,NC,28309.87,55240,1.0,172,55240,0.0401,1720
1024,0.08,low,3,0.5,RT,20861.87,27592,0.6686,172,55240,0.0401,1720
1024,0.08,low,3,0.5,EC,20861.87,27592,0.92442,172,55240,0.0401,1720
1024,0.08,low,3,0.5,EO,20861.87,27592,1.0,172,55240,0.0401,1720
1024,0.08,low,3,0.75,NC,28309.87,55240,1.0,172,55240,0.0401,1720
1024,0.08,low,3,0.75,RT,26632.0,41416,0.89535,172,55240,0.0401,1720
1024,0.08,low,3,0.75,EC,26632.0,41416,0.98256,172,55240,0.0401,1720
1024,0.08,low,3,0.75,EO,26632.0,41416,1.0,172,55240,0.0401,1720
1024,0.08,low,4,0.25,NC,30963.73,61928,1.0,161,61928,0.0384,1929
1024,0.08,low,4,0.25,RT,13299.2,15464,0.57143,161,61928,0.0384,1929
1024,0.08,low,4,0.25,EC,13299.2,15464,0.73913,161,61928,0.0384,1929
1024,0.08,low,4,0.25,EO,13299.2,15464,1.0,161,61928,0.0384,1929
1024,0.08,low,4,0.5,NC,30963.73,61928,1.0,161,61928,0.0384,1929
1024,0.08,low,4,0.5,RT,22978.67,30952,0.81366,161,61928,0.0384,1929
1024,0.08,low,4,0.5,EC,22978.67,30952,0.9441,161,61928,0.0384,1929
1024,0.08,low,4,0.5,EO,22978.67,30952,1.0,161,61928,0.0384,1929
1024,0.08,low,4,0.75,NC,30963.73,61928,1.0,161,61928,0.0384,1929
1024,0.08,low,4,0.75,RT,29026.13,46440,0.95031,161,61928,0.0384,1929
1024,0.08,low,4,0.75,EC,29026.13,46440,0.99379,161,61928,0.0384,1929
1024,0.08,low,4,0.75,EO,29026.13,46440,1.0,161,61928,0.0384,1929
1024,0.08,low,5,0.25,NC,29601.07,58184,1.0,174,58184,0.0414,1812
1024,0.08,low,5,0.25,RT,13254.93,14536,0.56897,174,58184,0.0414,1812
1024,0.08,low,5,0.25,EC,13254.93,14536,0.79885,174,58184,0.0414,1812
1024,0.08,low,5,0.25,EO,13254.93,14536,1.0,174,58184,0.0414,1812
1024,0.08,low,5,0.5,NC,29601.07,58184,1.0,174,58184,0.0414,1812
1024,0.08,low,5,0.5,RT,22740.27,29064,0.86207,174,58184,0.0414,1812
1024,0.08,low,5,0.5,EC,22740.27,29064,0.97126,174,58184,0.0414,1812
1024,0.08,low,5,0.5,EO,22740.27,29064,1.0,174,58184,0.0414,1812
1024,0.08,low,5,0.75,NC,29601.07,58184,1.0,174,58184,0.0414,1812
1024,0.08,low,5,0.75,RT,28149.87,43624,0.98276,174,58184,0.0414,1812
1024,0.08,low,5,0.75,EC,28149.87,43624,1.0,174,58184,0.0414,1812
1024,0.08,low,5,0.75,EO,28149.87,43624,1.0,174,58184,0.0414,1812
1024,0.08,low,6,0.25,NC,32090.13,62696,1.0,160,62696,0.0353,1953
1024,0.08,low,6,0.25,RT,13712.0,15656,0.5375,160,62696,0.0353,1953
1024,0.08,low,6,0.25,EC,13712.0,15656,0.75,160,62696,0.0353,1953
1024,0.08,low,6,0.25,EO,13712.0,15656,1.0,160,62696,0.0353,1953
1024,0.08,low,6,0.5,NC,32090.13,62696,1.0,160,62696,0.0353,1953
1024,0.08,low,6,0.5,RT,23493.33,31336,0.79375,160,62696,0.0353,1953
1024,0.08,low,6,0.5,EC,23493.33,31336,0.93125,160,62696,0.0353,1953
1024,0.08,low,6,0.5,EO,23493.33,31336,1.0,160,62696,0.0353,1953
1024,0.08,low,6,0.75,NC,32090.13,62696,1.0,160,62696,0.0353,1953
1024,0.08,low,6,0.75,RT,29861.87,47016,0.95625,160,62696,0.0353,1953
1024,0.08,low,6,0.75,EC,29861.87,47016,0.9875,160,62696,0.0353,1953
1024,0.08,low,6,0.75,EO,29861.87,47016,1.0,160,62696,0.0353,1953
1024,0.08,low,7,0.25,NC,37130.67,69832,1.0,166,69832,0.0386,2176
1024,0.08,low,7,0.25,RT,15932.27,17448,0.5241,166,69832,0.0386,2176
1024,0.08,low,7,0.25,EC,15932.27,17448,0.73494,166,69832,0.0386,2176
1024,0.08,low,7,0.25,EO,15932.27,17448,1.0,166,69832,0.0386,2176
1024,0.08,low,7,0.5,NC,37130.67,69832,1.0,166,69832,0.0386,2176
1024,0.08,low,7,0.5,RT,27229.33,34888,0.81928,166,69832,0.0386,2176
1024,0.08,low,7,0.5,EC,27229.33,34888,0.87349,166,69832,0.0386,2176
1024,0.08,low,7,0.5,EO,27229.33,34888,1.0,166,69832,0.0386,2176
1024,0.08,low,7,0.75,NC,37130.67,69832,1.0,166,69832,0.0386,2176
1024,0.08,low,7,0.75,RT,34152.0,52360,0.96988,166,69832,0.0386,2176
1024,0.08,low,7,0.75,EC,34152.0,52360,0.95783,166,69832,0.0386,2176
1024,0.08,low,7,0.75,EO,34152.0,52360,1.0,166,69832,0.0386,2176
1024,0.08,med,0,0.25,NC,30562.13,60712,1.0,145,60712,0.0333,1891
1024,0.08,med,0,0.25,RT,13336.53,15176,0.53793,145,60712,0.0333,1891
1024,0.08,med,0,0.25,EC,13336.53,15176,0.98621,145,60712,0.0333,1891
1024,0.08,med,0,0.25,EO,13336.53,15176,1.0,145,60712,0.0333,1891
1024,0.08,med,0,0.5,NC,30562.13,60712,1.0,145,60712,0.0333,1891
1024,0.08,med,0,0.5,RT,22998.93,30344,0.81379,145,60712,0.0333,1891
1024,0.08,med,0,0.5,EC,22998.93,30344,1.0,145,60712,0.0333,1891
1024,0.08,med,0,0.5,EO,22998.93,30344,1.0,145,60712,0.0333,1891
1024,0.08,med,0,0.75,NC,30562.13,60712,1.0,145,60712,0.0333,1891
1024,0.08,med,0,0.75,RT,28614.4,45512,0.93793,145,60712,0.0333,1891
1024,0.08,med,0,0.75,EC,28614.4,45512,1.0,145,60712,0.0333,1891
1024,0.08,med,0,0.75,EO,28614.4,45512,1.0,145,60712,0.0333,1891
1024,0.08,med,1,0.25,NC,32344.53,59016,1.0,173,59016,0.0386,1838
1024,0.08,med,1,0.25,RT,12736.53,14728,0.46243,173,59016,0.0386,1838
1024,0.08,med,1,0.25,EC,12736.53,14728,0.98266,173,59016,0.0386,1838
1024,0.08,med,1,0.25,EO,12736.53,14728,1.0,173,59016,0.0386,1838
1024,0.08,med,1,0.5,NC,32344.53,59016,1.0,173,59016,0.0386,1838
1024,0.08,med,1,0.5,RT,22694.93,29480,0.68208,173,59016,0.0386,1838
1024,0.08,med,1,0.5,EC,22694.93,29480,1.0,173,59016,0.0386,1838
1024,0.08,med,1,0.5,EO,22694.93,29480,1.0,173,59016,0.0386,1838
1024,0.08,med,1,0.75,NC,32344.53,59016,1.0,173,59016,0.0386,1838
1024,0.08,med,1,0.75,RT,29864.53,44232,0.88439,173,59016,0.0386,1838
1024,0.08,med,1,0.75,EC,29864.53,44232,1.0,173,59016,0.0386,1838
1024,0.08,med,1,0.75,EO,29864.53,44232,1.0,173,59016,0.0386,1838
1024,0.08,med,2,0.25,NC,29176.0,58440,1.0,163,58440,0.0352,1820
1024,0.08,med,2,0.25,RT,12690.13,14600,0.59509,163,58440,0.0352,1820
1024,0.08,med,2,0.25,EC,12690.13,14600,1.0,163,58440,0.0352,1820
1024,0.08,med,2,0.25,EO,12690.13,14600,1.0,163,58440,0.0352,1820
1024,0.08,med,2,0.5,NC,29176.0,58440,1.0,163,58440,0.0352,1820
1024,0.08,med,2,0.5,RT,21425.07,29192,0.81595,163,58440,0.0352,1820
1024,0.08,med,2,0.5,EC,21425.07,29192,1.0,163,58440,0.0352,1820
1024,0.08,med,2,0.5,EO,21425.07,29192,1.0,163,58440,0.0352,1820
1024,0.08,med,2,0.75,NC,29176.0,58440,1.0,163,58440,0.0352,1820
1024,0.08,med,2,0.75,RT,26929.6,43816,0.93865,163,58440,0.0352,1820
1024,0.08,med,2,0.75,EC,26929.6,43816,1.0,163,58440,0.0352,1820
1024,0.08,med,2,0.75,EO,26929.6,43816,1.0,163,58440,0.0352,1820
1024,0.08,med,3,0.25,NC,28309.87,55240,1.0,186,55240,0.0413,1720
1024,0.08,med,3,0.25,RT,12011.73,13800,0.45699,186,55240,0.0413,1720
1024,0.08,med,3,0.25,EC,12011.73,13800,0.99462,186,55240,0.0413,1720
1024,0.08,med,3,0.25,EO,12011.73,13800,1.0,186,55240,0.0413,1720
1024,0.08,med,3,0.5,NC,28309.87,55240,1.0,186,55240,0.0413,1720
1024,0.08,med,3,0.5,RT,20861.87,27592,0.71505,186,55240,0.0413,1720
1024,0.08,med,3,0.5,EC,20861.87,27592,1.0,186,55240,0.0413,1720
1024,0.08,med,3,0.5,EO,20861.87,27592,1.0,186,55240,0.0413,1720
1024,0.08,med,3,0.75,NC,28309.87,55240,1.0,186,55240,0.0413,1720
1024,0.08,med,3,0.75,RT,26632.0,41416,0.9086,186,55240,0.0413,1720
1024,0.08,med,3,0.75,EC,26632.0,41416,1.0,186,55240,0.0413,1720
1024,0.08,med,3,0.75,EO,26632.0,41416,1.0,186,55240,0.0413,1720
1024,0.08,med,4,0.25,NC,30963.73,61928,1.0,180,61928,0.043,1929
1024,0.08,med,4,0.25,RT,13299.2,15464,0.47222,180,61928,0.043,1929
1024,0.08,med,4,0.25,EC,13299.2,15464,0.95556,180,61928,0.043,1929
1024,0.08,med,4,0.25,EO,13299.2,15464,1.0,180,61928,0.043,1929
1024,0.08,med,4,0.5,NC,30963.73,61928,1.0,180,61928,0.043,1929
1024,0.08,med,4,0.5,RT,22978.67,30952,0.75556,180,61928,0.043,1929
1024,0.08,med,4,0.5,EC,22978.67,30952,1.0,180,61928,0.043,1929
1024,0.08,med,4,0.5,EO,22978.67,30952,1.0,180,61928,0.043,1929
1024,0.08,med,4,0.75,NC,30963.73,61928,1.0,180,61928,0.043,1929
1024,0.08,med,4,0.75,RT,29026.13,46440,0.93333,180,61928,0.043,1929
1024,0.08,med,4,0.75,EC,29026.13,46440,1.0,180,61928,0.043,1929
1024,0.08,med,4,0.75,EO,29026.13,46440,1.0,180,61928,0.043,1929
1024,0.08,med,5,0.25,NC,29601.07,58184,1.0,155,58184,0.0342,1812
1024,0.08,med,5,0.25,RT,13254.93,14536,0.51613,155,58184,0.0342,1812
1024,0.08,med,5,0.25,EC,13254.93,14536,0.99355,155,58184,0.0342,1812
1024,0.08,med,5,0.25,EO,13254.93,14536,1.0,155,58184,0.0342,1812
1024,0.08,med,5,0.5,NC,29601.07,58184,1.0,155,58184,0.0342,1812
1024,0.08,med,5,0.5,RT,22740.27,29064,0.7871,155,58184,0.0342,1812
1024,0.08,med,5,0.5,EC,22740.27,29064,1.0,155,58184,0.0342,1812
1024,0.08,med,5,0.5,EO,22740.27,29064,1.0,155,58184,0.0342,1812
1024,0.08,med,5,0.75,NC,29601.07,58184,1.0,155,58184,0.0342,1812
1024,0.08,med,5,0.75,RT,28149.87,43624,0.96774,155,58184,0.0342,1812
1024,0.08,med,5,0.75,EC,28149.87,43624,1.0,155,58184,0.0342,1812
1024,0.08,med,5,0.75,EO,28149.87,43624,1.0,155,58184,0.0342,1812
1024,0.08,med,6,0.25,NC,32090.13,62696,1.0,155,62696,0.0317,1953
1024,0.08,med,6,0.25,RT,13712.0,15656,0.56129,155,62696,0.0317,1953
1024,0.08,med,6,0.25,EC,13712.0,15656,0.99355,155,62696,0.0317,1953
1024,0.08,med,6,0.25,EO,13712.0,15656,1.0,155,62696,0.0317,1953
1024,0.08,med,6,0.5,NC,32090.13,62696,1.0,155,62696,0.0317,1953
1024,0.08,med,6,0.5,RT,23493.33,31336,0.79355,155,62696,0.0317,1953
1024,0.08,med,6,0.5,EC,23493.33,31336,1.0,155,62696,0.0317,1953
1024,0.08,med,6,0.5,EO,23493.33,31336,1.0,155,62696,0.0317,1953
1024,0.08,med,6,0.75,NC,32090.13,62696,1.0,155,62696,0.0317,1953
1024,0.08,med,6,0.75,RT,29861.87,47016,0.92903,155,62696,0.0317,1953
1024,0.08,med,6,0.75,EC,29861.87,47016,1.0,155,62696,0.0317,1953
1024,0.08,med,6,0.75,EO,29861.87,47016,1.0,155,62696,0.0317,1953
1024,0.08,med,7,0.25,NC,37130.67,69832,1.0,158,69832,0.0335,2176
1024,0.08,med,7,0.25,RT,15932.27,17448,0.49367,158,69832,0.0335,2176
1024,0.08,med,7,0.25,EC,15932.27,17448,0.98734,158,69832,0.0335,2176
1024,0.08,med,7,0.25,EO,15932.27,17448,1.0,158,69832,0.0335,2176
1024,0.08,med,7,0.5,NC,37130.67,69832,1.0,158,69832,0.0335,2176
1024,0.08,med,7,0.5,RT,27229.33,34888,0.6962,158,69832,0.0335,2176
1024,0.08,med,7,0.5,EC,27229.33,34888,1.0,158,69832,0.0335,2176
1024,0.08,med,7,0.5,EO,27229.33,34888,1.0,158,69832,0.0335,2176
1024,0.08,med,7,0.75,NC,37130.67,69832,1.0,158,69832,0.0335,2176
1024,0.08,med,7,0.75,RT,34152.0,52360,0.91139,158,69832,0.0335,2176
1024,0.08,med,7,0.75,EC,34152.0,52360,1.0,158,69832,0.0335,2176
1024,0.08,med,7,0.75,EO,34152.0,52360,1.0,158,69832,0.0335,2176
1024,0.08,high,0,0.25,NC,30562.13,60712,1.0,133,60712,0.027,1891
1024,0.08,high,0,0.25,RT,13336.53,15176,0.45865,133,60712,0.027,1891
1024,0.08,high,0,0.25,EC,13336.53,15176,1.0,133,60712,0.027,1891
1024,0.08,high,0,0.25,EO,13336.53,15176,1.0,133,60712,0.027,1891
1024,0.08,high,0,0.5,NC,30562.13,60712,1.0,133,60712,0.027,1891
1024,0.08,high,0,0.5,RT,22998.93,30344,0.68421,133,60712,0.027,1891
1024,0.08,high,0,0.5,EC,22998.93,30344,1.0,133,60712,0.027,1891
1024,0.08,high,0,0.5,EO,22998.93,30344,1.0,133,60712,0.027,1891
1024,0.08,high,0,0.75,NC,30562.13,60712,1.0,133,60712,0.027,1891
1024,0.08,high,0,0.75,RT,28614.4,45512,0.93985,133,60712,0.027,1891
1024,0.08,high,0,0.75,EC,28614.4,45512,1.0,133,60712,0.027,1891
1024,0.08,high,0,0.75,EO,28614.4,45512,1.0,133,60712,0.027,1891
1024,0.08,high,1,0.25,NC,32344.53,59016,1.0,167,59016,0.0359,1838
1024,0.08,high,1,0.25,RT,12736.53,14728,0.43713,167,59016,0.0359,1838
1024,0.08,high,1,0.25,EC,12736.53,14728,1.0,167,59016,0.0359,1838
1024,0.08,high,1,0.25,EO,12736.53,14728,1.0,167,59016,0.0359,1838
1024,0.08,high,1,0.5,NC,32344.53,59016,1.0,167,59016,0.0359,1838
1024,0.08,high,1,0.5,RT,22694.93,29480,0.65868,167,59016,0.0359,1838
1024,0.08,high,1,0.5,EC,22694.93,29480,1.0,167,59016,0.0359,1838
1024,0.08,high,1,0.5,EO,22694.93,29480,1.0,167,59016,0.0359,1838
1024,0.08,high,1,0.75,NC,32344.53,59016,1.0,167,59016,0.0359,1838
1024,0.08,high,1,0.75,RT,29864.53,44232,0.85629,167,59016,0.0359,1838
1024,0.08,high,1,0.75,EC,29864.53,44232,1.0,167,59016,0.0359,1838
1024,0.08,high,1,0.75,EO,29864.53,44232,1.0,167,59016,0.0359,1838
1024,0.08,high,2,0.25,NC,29176.0,58440,1.0,164,58440,0.0291,1820
1024,0.08,high,2,0.25,RT,12690.13,14600,0.4878,164,58440,0.0291,1820
1024,0.08,high,2,0.25,EC,12690.13,14600,1.0,164,58440,0.0291,1820
1024,0.08,high,2,0.25,EO,12690.13,14600,1.0,164,58440,0.0291,1820
1024,0.08,high,2,0.5,NC,29176.0,58440,1.0,164,58440,0.0291,1820
1024,0.08,high,2,0.5,RT,21425.07,29192,0.79878,164,58440,0.0291,1820
1024,0.08,high,2,0.5,EC,21425.07,29192,1.0,164,58440,0.0291,1820
1024,0.08,high,2,0.5,EO,21425.07,29192,1.0,164,58440,0.0291,1820
1024,0.08,high,2,0.75,NC,29176.0,58440,1.0,164,58440,0.0291,1820
1024,0.08,high,2,0.75,RT,26929.6,43816,0.90244,164,58440,0.0291,1820
1024,0.08,high,2,0.75,EC,26929.6,43816,1.0,164,58440,0.0291,1820
1024,0.08,high,2,0.75,EO,26929.6,43816,1.0,164,58440,0.0291,1820
1024,0.08,high,3,0.25,NC,28309.87,55240,1.0,159,55240,0.0297,1720
1024,0.08,high,3,0.25,RT,12011.73,13800,0.44025,159,55240,0.0297,1720
1024,0.08,high,3,0.25,EC,12011.73,13800,1.0,159,55240,0.0297,1720
1024,0.08,high,3,0.25,EO,12011.73,13800,1.0,159,55240,0.0297,1720
1024,0.08,high,3,0.5,NC,28309.87,55240,1.0,159,55240,0.0297,1720
1024,0.08,high,3,0.5,RT,20861.87,27592,0.72956,159,55240,0.0297,1720
1024,0.08,high,3,0.5,EC,20861.87,27592,1.0,159,55240,0.0297,1720
1024,0.08,high,3,0.5,EO,20861.87,27592,1.0,159,55240,0.0297,1720
1024,0.08,high,3,0.75,NC,28309.87,55240,1.0,159,55240,0.0297,1720
1024,0.08,high,3,0.75,RT,26632.0,41416,0.93082,159,55240,0.0297,1720
1024,0.08,high,3,0.75,EC,26632.0,41416,1.0,159,55240,0.0297,1720
1024,0.08,high,3,0.75,EO,26632.0,41416,1.0,159,55240,0.0297,1720
1024,0.08,high,4,0.25,NC,30963.73,61928,1.0,153,61928,0.0311,1929
1024,0.08,high,4,0.25,RT,13299.2,15464,0.4183,153,61928,0.0311,1929
1024,0.08,high,4,0.25,EC,13299.2,15464,1.0,153,61928,0.0311,1929
1024,0.08,high,4,0.25,EO,13299.2,15464,1.0,153,61928,0.0311,1929
1024,0.08,high,4,0.5,NC,30963.73,61928,1.0,153,61928,0.0311,1929
1024,0.08,high,4,0.5,RT,22978.67,30952,0.75817,153,61928,0.0311,1929
1024,0.08,high,4,0.5,EC,22978.67,30952,1.0,153,61928,0.0311,1929
1024,0.08,high,4,0.5,EO,22978.67,30952,1.0,153,61928,0.0311,1929
1024,0.08,high,4,0.75,NC,30963.73,61928,1.0,153,61928,0.0311,1929
1024,0.08,high,4,0.75,RT,29026.13,46440,0.91503,153,61928,0.0311,1929
1024,0.08,high,4,0.75,EC,29026.13,46440,1.0,153,61928,0.0311,1929
1024,0.08,high,4,0.75,EO,29026.13,46440,1.0,153,61928,0.0311,1929
1024,0.08,high,5,0.25,NC,29601.07,58184,1.0,158,58184,0.0315,1812
1024,0.08,high,5,0.25,RT,13254.93,14536,0.5443,158,58184,0.0315,1812
1024,0.08,high,5,0.25,EC,13254.93,14536,1.0,158,58184,0.0315,1812
1024,0.08,high,5,0.25,EO,13254.93,14536,1.0,158,58184,0.0315,1812
1024,0.08,high,5,0.5,NC,29601.07,58184,1.0,158,58184,0.0315,1812
1024,0.08,high,5,0.5,RT,22740.27,29064,0.72785,158,58184,0.0315,1812
1024,0.08,high,5,0.5,EC,22740.27,29064,1.0,158,58184,0.0315,1812
1024,0.08,high,5,0.5,EO,22740.27,29064,1.0,158,58184,0.0315,1812
1024,0.08,high,5,0.75,NC,29601.07,58184,1.0,158,58184,0.0315,1812
1024,0.08,high,5,0.75,RT,28149.87,43624,0.96203,158,58184,0.0315,1812
1024,0.08,high,5,0.75,EC,28149.87,43624,1.0,158,58184,0.0315,1812
1024,0.08,high,5,0.75,EO,28149.87,43624,1.0,158,58184,0.0315,1812
1024,0.08,high,6,0.25,NC,32090.13,62696,1.0,158,62696,0.0312,1953
1024,0.08,high,6,0.25,RT,13712.0,15656,0.41772,158,62696,0.0312,1953
1024,0.08,high,6,0.25,EC,13712.0,15656,1.0,158,62696,0.0312,1953
1024,0.08,high,6,0.25,EO,13712.0,15656,1.0,158,62696,0.0312,1953
1024,0.08,high,6,0.5,NC,32090.13,62696,1.0,158,62696,0.0312,1953
1024,0.08,high,6,0.5,RT,23493.33,31336,0.70253,158,62696,0.0312,1953
1024,0.08,high,6,0.5,EC,23493.33,31336,1.0,158,62696,0.0312,1953
1024,0.08,high,6,0.5,EO,23493.33,31336,1.0,158,62696,0.0312,1953
1024,0.08,high,6,0.75,NC,32090.13,62696,1.0,158,62696,0.0312,1953
1024,0.08,high,6,0.75,RT,29861.87,47016,0.90506,158,62696,0.0312,1953
1024,0.08,high,6,0.75,EC,29861.87,47016,1.0,158,62696,0.0312,1953
1024,0.08,high,6,0.75,EO,29861.87,47016,1.0,158,62696,0.0312,1953
1024,0.08,high,7,0.25,NC,37130.67,69832,1.0,159,69832,0.029,2176
1024,0.08,high,7,0.25,RT,15932.27,17448,0.50314,159,69832,0.029,2176
1024,0.08,high,7,0.25,EC,15932.27,17448,1.0,159,69832,0.029,2176
1024,0.08,high,7,0.25,EO,15932.27,17448,1.0,159,69832,0.029,2176
1024,0.08,high,7,0.5,NC,37130.67,69832,1.0,159,69832,0.029,2176
1024,0.08,high,7,0.5,RT,27229.33,34888,0.73585,159,69832,0.029,2176
1024,0.08,high,7,0.5,EC,27229.33,34888,1.0,159,69832,0.029,2176
1024,0.08,high,7,0.5,EO,27229.33,34888,1.0,159,69832,0.029,2176
1024,0.08,high,7,0.75,NC,37130.67,69832,1.0,159,69832,0.029,2176
1024,0.08,high,7,0.75,RT,34152.0,52360,0.93711,159,69832,0.029,2176
1024,0.08,high,7,0.75,EC,34152.0,52360,1.0,159,69832,0.029,2176
1024,0.08,high,7,0.75,EO,34152.0,52360,1.0,159,69832,0.029,2176
1024,0.25,low,0,0.25,NC,30562.13,60712,1.0,164,60712,0.0656,1891
1024,0.25,low,0,0.25,RT,13336.53,15176,0.52439,164,60712,0.0656,1891
1024,0.25,low,0,0.25,EC,13336.53,15176,0.65854,164,60712,0.0656,1891
1024,0.25,low,0,0.25,EO,13336.53,15176,1.0,164,60712,0.0656,1891
1024,0.25,low,0,0.5,NC,30562.13,60712,1.0,164,60712,0.0656,1891
1024,0.25,low,0,0.5,RT,22998.93,30344,0.78049,164,60712,0.0656,1891
1024,0.25,low,0,0.5,EC,22998.93,30344,0.87195,164,60712,0.0656,1891
1024,0.25,low,0,0.5,EO,22998.93,30344,1.0,164,60712,0.0656,1891
1024,0.25,low,0,0.75,NC,30562.13,60712,1.0,164,60712,0.0656,1891
1024,0.25,low,0,0.75,RT,28614.4,45512,0.95122,164,60712,0.0656,1891
1024,0.25,low,0,0.75,EC,28614.4,45512,0.96951,164,60712,0.0656,1891
1024,0.25,low,0,0.75,EO,28614.4,45512,1.0,164,60712,0.0656,1891
1024,0.25,low,1,0.25,NC,32344.53,59016,1.0,156,59016,0.0626,1838
1024,0.25,low,1,0.25,RT,12736.53,14728,0.5,156,59016,0.0626,1838
1024,0.25,low,1,0.25,EC,12736.53,14728,0.53846,156,59016,0.0626,1838
1024,0.25,low,1,0.25,EO,12736.53,14728,1.0,156,59016,0.0626,1838
1024,0.25,low,1,0.5,NC,32344.53,59016,1.0,156,59016,0.0626,1838
1024,0.25,low,1,0.5,RT,22694.93,29480,0.76923,156,59016,0.0626,1838
1024,0.25,low,1,0.5,EC,22694.93,29480,0.80128,156,59016,0.0626,1838
1024,0.25,low,1,0.5,EO,22694.93,29480,1.0,156,59016,0.0626,1838
1024,0.25,low,1,0.75,NC,32344.53,59016,1.0,156,59016,0.0626,1838
1024,0.25,low,1,0.75,RT,29864.53,44232,0.95513,156,59016,0.0626,1838
1024,0.25,low,1,0.75,EC,29864.53,44232,0.99359,156,59016,0.0626,1838
1024,0.25,low,1,0.75,EO,29864.53,44232,1.0,156,59016,0.0626,1838
1024,0.25,low,2,0.25,NC,29176.0,58440,1.0,162,58440,0.0637,1820
1024,0.25,low,2,0.25,RT,12690.13,14600,0.51235,162,58440,0.0637,1820
1024,0.25,low,2,0.25,EC,12690.13,14600,0.67901,162,58440,0.0637,1820
1024,0.25,low,2,0.25,EO,12690.13,14600,1.0,162,58440,0.0637,1820
1024,0.25,low,2,0.5,NC,29176.0,58440,1.0,162,58440,0.0637,1820
1024,0.25,low,2,0.5,RT,21425.07,29192,0.78395,162,58440,0.0637,1820
1024,0.25,low,2,0.5,EC,21425.07,29192,0.90123,162,58440,0.0637,1820
1024,0.25,low,2,0.5,EO,21425.07,29192,1.0,162,58440,0.0637,1820
1024,0.25,low,2,0.75,NC,29176.0,58440,1.0,162,58440,0.0637,1820
1024,0.25,low,2,0.75,RT,26929.6,43816,0.93827,162,58440,0.0637,1820
1024,0.25,low,2,0.75,EC,26929.6,43816,0.96914,162,58440,0.0637,1820
1024,0.25,low,2,0.75,EO,26929.6,43816,1.0,162,58440,0.0637,1820
1024,0.25,low,3,0.25,NC,28309.87,55240,1.0,165,55240,0.064,1720
1024,0.25,low,3,0.25,RT,12011.73,13800,0.57576,165,55240,0.064,1720
1024,0.25,low,3,0.25,EC,12011.73,13800,0.69091,165,55240,0.064,1720
1024,0.25,low,3,0.25,EO,12011.73,13800,1.0,165,55240,0.064,1720
1024,0.25,low,3,0.5,NC,28309.87,55240,1.0,165,55240,0.064,1720
1024,0.25,low,3,0.5,RT,20861.87,27592,0.8,165,55240,0.064,1720
1024,0.25,low,3,0.5,EC,20861.87,27592,0.89091,165,55240,0.064,1720
1024,0.25,low,3,0.5,EO,20861.87,27592,1.0,165,55240,0.064,1720
1024,0.25,low,3,0.75,NC,28309.87,55240,1.0,165,55240,0.064,1720
1024,0.25,low,3,0.75,RT,26632.0,41416,0.9697,165,55240,0.064,1720
1024,0.25,low,3,0.75,EC,26632.0,41416,0.97576,165,55240,0.064,1720
1024,0.25,low,3,0.75,EO,26632.0,41416,1.0,165,55240,0.064,1720
1024,0.25,low,4,0.25,NC,30963.73,61928,1.0,162,61928,0.0601,1929
1024,0.25,low,4,0.25,RT,13299.2,15464,0.5679,162,61928,0.0601,1929
1024,0.25,low,4,0.25,EC,13299.2,15464,0.68519,162,61928,0.0601,1929
1024,0.25,low,4,0.25,EO,13299.2,15464,1.0,162,61928,0.0601,1929
1024,0.25,low,4,0.5,NC,30963.73,61928,1.0,162,61928,0.0601,1929
1024,0.25,low,4,0.5,RT,22978.67,30952,0.84568,162,61928,0.0601,1929
1024,0.25,low,4,0.5,EC,22978.67,30952,0.89506,162,61928,0.0601,1929
1024,0.25,low,4,0.5,EO,22978.67,30952,1.0,162,61928,0.0601,1929
1024,0.25,low,4,0.75,NC,30963.73,61928,1.0,162,61928,0.0601,1929
1024,0.25,low,4,0.75,RT,29026.13,46440,0.98148,162,61928,0.0601,1929
1024,0.25,low,4,0.75,EC,29026.13,46440,0.96914,162,61928,0.0601,1929
1024,0.25,low,4,0.75,EO,29026.13,46440,1.0,162,61928,0.0601,1929
1024,0.25,low,5,0.25,NC,29601.07,58184,1.0,151,58184,0.0635,1812
1024,0.25,low,5,0.25,RT,13254.93,14536,0.59603,151,58184,0.0635,1812
1024,0.25,low,5,0.25,EC,13254.93,14536,0.62914,151,58184,0.0635,1812
1024,0.25,low,5,0.25,EO,13254.93,14536,1.0,151,58184,0.0635,1812
1024,0.25,low,5,0.5,NC,29601.07,58184,1.0,151,58184,0.0635,1812
1024,0.25,low,5,0.5,RT,22740.27,29064,0.84768,151,58184,0.0635,1812
1024,0.25,low,5,0.5,EC,22740.27,29064,0.91391,151,58184,0.0635,1812
1024,0.25,low,5,0.5,EO,22740.27,29064,1.0,151,58184,0.0635,1812
1024,0.25,low,5,0.75,NC,29601.07,58184,1.0,151,58184,0.0635,1812
1024,0.25,low,5,0.75,RT,28149.87,43624,0.98013,151,58184,0.0635,1812
1024,0.25,low,5,0.75,EC,28149.87,43624,0.98675,151,58184,0.0635,1812
1024,0.25,low,5,0.75,EO,28149.87,43624,1.0,151,58184,0.0635,1812
1024,0.25,low,6,0.25,NC,32090.13,62696,1.0,156,62696,0.0635,1953
1024,0.25,low,6,0.25,RT,13712.0,15656,0.63462,156,62696,0.0635,1953
1024,0.25,low,6,0.25,EC,13712.0,15656,0.63462,156,62696,0.0635,1953
1024,0.25,low,6,0.25,EO,13712.0,15656,1.0,156,62696,0.0635,1953
1024,0.25,low,6,0.5,NC,32090.13,62696,1.0,156,62696,0.0635,1953
1024,0.25,low,6,0.5,RT,23493.33,31336,0.85897,156,62696,0.0635,1953
1024,0.25,low,6,0.5,EC,23493.33,31336,0.86538,156,62696,0.0635,1953
1024,0.25,low,6,0.5,EO,23493.33,31336,1.0,156,62696,0.0635,1953
1024,0.25,low,6,0.75,NC,32090.13,62696,1.0,156,62696,0.0635,1953
1024,0.25,low,6,0.75,RT,29861.87,47016,0.98077,156,62696,0.0635,1953
1024,0.25,low,6,0.75,EC,29861.87,47016,0.96154,156,62696,0.0635,1953
1024,0.25,low,6,0.75,EO,29861.87,47016,1.0,156,62696,0.0635,1953
1024,0.25,low,7,0.25,NC,37130.67,69832,1.0,155,69832,0.0561,2176
1024,0.25,low,7,0.25,RT,15932.27,17448,0.66452,155,69832,0.0561,2176
1024,0.25,low,7,0.25,EC,15932.27,17448,0.62581,155,69832,0.0561,2176
1024,0.25,low,7,0.25,EO,15932.27,17448,1.0,155,69832,0.0561,2176
1024,0.25,low,7,0.5,NC,37130.67,69832,1.0,155,69832,0.0561,2176
1024,0.25,low,7,0.5,RT,27229.33,34888,0.86452,155,69832,0.0561,2176
1024,0.25,low,7,0.5,EC,27229.33,34888,0.87742,155,69832,0.0561,2176
1024,0.25,low,7,0.5,EO,27229.33,34888,1.0,155,69832,0.0561,2176
1024,0.25,low,7,0.75,NC,37130.67,69832,1.0,155,69832,0.0561,2176
1024,0.25,low,7,0.75,RT,34152.0,52360,0.95484,155,69832,0.0561,2176
1024,0.25,low,7,0.75,EC,34152.0,52360,0.98065,155,69832,0.0561,2176
1024,0.25,low,7,0.75,EO,34152.0,52360,1.0,155,69832,0.0561,2176
1024,0.25,med,0,0.25,NC,30562.13,60712,1.0,162,60712,0.0598,1891
1024,0.25,med,0,0.25,RT,13336.53,15176,0.58025,162,60712,0.0598,1891
1024,0.25,med,0,0.25,EC,13336.53,15176,0.9321,162,60712,0.0598,1891
1024,0.25,med,0,0.25,EO,13336.53,15176,1.0,162,60712,0.0598,1891
1024,0.25,med,0,0.5,NC,30562.13,60712,1.0,162,60712,0.0598,1891
1024,0.25,med,0,0.5,RT,22998.93,30344,0.7963,162,60712,0.0598,1891
1024,0.25,med,0,0.5,EC,22998.93,30344,1.0,162,60712,0.0598,1891
1024,0.25,med,0,0.5,EO,22998.93,30344,1.0,162,60712,0.0598,1891
1024,0.25,med,0,0.75,NC,30562.13,60712,1.0,162,60712,0.0598,1891
1024,0.25,med,0,0.75,RT,28614.4,45512,0.96914,162,60712,0.0598,1891
1024,0.25,med,0,0.75,EC,28614.4,45512,1.0,162,60712,0.0598,1891
1024,0.25,med,0,0.75,EO,28614.4,45512,1.0,162,60712,0.0598,1891
1024,0.25,med,1,0.25,NC,32344.53,59016,1.0,136,59016,0.0533,1838
1024,0.25,med,1,0.25,RT,12736.53,14728,0.41912,136,59016,0.0533,1838
1024,0.25,med,1,0.25,EC,12736.53,14728,0.80882,136,59016,0.0533,1838
1024,0.25,med,1,0.25,EO,12736.53,14728,1.0,136,59016,0.0533,1838
1024,0.25,med,1,0.5,NC,32344.53,59016,1.0,136,59016,0.0533,1838
1024,0.25,med,1,0.5,RT,22694.93,29480,0.70588,136,59016,0.0533,1838
1024,0.25,med,1,0.5,EC,22694.93,29480,0.98529,136,59016,0.0533,1838
1024,0.25,med,1,0.5,EO,22694.93,29480,1.0,136,59016,0.0533,1838
1024,0.25,med,1,0.75,NC,32344.53,59016,1.0,136,59016,0.0533,1838
1024,0.25,med,1,0.75,RT,29864.53,44232,0.93382,136,59016,0.0533,1838
1024,0.25,med,1,0.75,EC,29864.53,44232,1.0,136,59016,0.0533,1838
1024,0.25,med,1,0.75,EO,29864.53,44232,1.0,136,59016,0.0533,1838
1024,0.25,med,2,0.25,NC,29176.0,58440,1.0,149,58440,0.0582,1820
1024,0.25,med,2,0.25,RT,12690.13,14600,0.61074,149,58440,0.0582,1820
1024,0.25,med,2,0.25,EC,12690.13,14600,0.85906,149,58440,0.0582,1820
1024,0.25,med,2,0.25,EO,12690.13,14600,1.0,149,58440,0.0582,1820
1024,0.25,med,2,0.5,NC,29176.0,58440,1.0,149,58440,0.0582,1820
1024,0.25,med,2,0.5,RT,21425.07,29192,0.81208,149,58440,0.0582,1820
1024,0.25,med,2,0.5,EC,21425.07,29192,0.97315,149,58440,0.0582,1820
1024,0.25,med,2,0.5,EO,21425.07,29192,1.0,149,58440,0.0582,1820
1024,0.25,med,2,0.75,NC,29176.0,58440,1.0,149,58440,0.0582,1820
1024,0.25,med,2,0.75,RT,26929.6,43816,0.96644,149,58440,0.0582,1820
1024,0.25,med,2,0.75,EC,26929.6,43816,1.0,149,58440,0.0582,1820
1024,0.25,med,2,0.75,EO,26929.6,43816,1.0,149,58440,0.0582,1820
1024,0.25,med,3,0.25,NC,28309.87,55240,1.0,161,55240,0.0645,1720
1024,0.25,med,3,0.25,RT,12011.73,13800,0.50932,161,55240,0.0645,1720
1024,0.25,med,3,0.25,EC,12011.73,13800,0.85714,161,55240,0.0645,1720
1024,0.25,med,3,0.25,EO,12011.73,13800,1.0,161,55240,0.0645,1720
1024,0.25,med,3,0.5,NC,28309.87,55240,1.0,161,55240,0.0645,1720
1024,0.25,med,3,0.5,RT,20861.87,27592,0.75776,161,55240,0.0645,1720
1024,0.25,med,3,0.5,EC,20861.87,27592,0.98758,161,55240,0.0645,1720
1024,0.25,med,3,0.5,EO,20861.87,27592,1.0,161,55240,0.0645,1720
1024,0.25,med,3,0.75,NC,28309.87,55240,1.0,161,55240,0.0645,1720
1024,0.25,med,3,0.75,RT,26632.0,41416,0.9441,161,55240,0.0645,1720
1024,0.25,med,3,0.75,EC,26632.0,41416,1.0,161,55240,0.0645,1720
1024,0.25,med,3,0.75,EO,26632.0,41416,1.0,161,55240,0.0645,1720
1024,0.25,med,4,0.25,NC,30963.73,61928,1.0,168,61928,0.0581,1929
1024,0.25,med,4,0.25,RT,13299.2,15464,0.6131,168,61928,0.0581,1929
1024,0.25,med,4,0.25,EC,13299.2,15464,0.91071,168,61928,0.0581,1929
1024,0.25,med,4,0.25,EO,13299.2,15464,1.0,168,61928,0.0581,1929
1024,0.25,med,4,0.5,NC,30963.73,61928,1.0,168,61928,0.0581,1929
1024,0.25,med,4,0.5,RT,22978.67,30952,0.83929,168,61928,0.0581,1929
1024,0.25,med,4,0.5,EC,22978.67,30952,0.99405,168,61928,0.0581,1929
1024,0.25,med,4,0.5,EO,22978.67,30952,1.0,168,61928,0.0581,1929
1024,0.25,med,4,0.75,NC,30963.73,61928,1.0,168,61928,0.0581,1929
1024,0.25,med,4,0.75,RT,29026.13,46440,0.95238,168,61928,0.0581,1929
1024,0.25,med,4,0.75,EC,29026.13,46440,1.0,168,61928,0.0581,1929
1024,0.25,med,4,0.75,EO,29026.13,46440,1.0,168,61928,0.0581,1929
1024,0.25,med,5,0.25,NC,29601.07,58184,1.0,146,58184,0.0513,1812
1024,0.25,med,5,0.25,RT,13254.93,14536,0.52055,146,58184,0.0513,1812
1024,0.25,med,5,0.25,EC,13254.93,14536,0.92466,146,58184,0.0513,1812
1024,0.25,med,5,0.25,EO,13254.93,14536,1.0,146,58184,0.0513,1812
1024,0.25,med,5,0.5,NC,29601.07,58184,1.0,146,58184,0.0513,1812
1024,0.25,med,5,0.5,RT,22740.27,29064,0.83562,146,58184,0.0513,1812
1024,0.25,med,5,0.5,EC,22740.27,29064,0.99315,146,58184,0.0513,1812
1024,0.25,med,5,0.5,EO,22740.27,29064,1.0,146,58184,0.0513,1812
1024,0.25,med,5,0.75,NC,29601.07,58184,1.0,146,58184,0.0513,1812
1024,0.25,med,5,0.75,RT,28149.87,43624,0.9589,146,58184,0.0513,1812
1024,0.25,med,5,0.75,EC,28149.87,43624,1.0,146,58184,0.0513,1812
1024,0.25,med,5,0.75,EO,28149.87,43624,1.0,146,58184,0.0513,1812
1024,0.25,med,6,0.25,NC,32090.13,62696,1.0,168,62696,0.0558,1953
1024,0.25,med,6,0.25,RT,13712.0,15656,0.54167,168,62696,0.0558,1953
1024,0.25,med,6,0.25,EC,13712.0,15656,0.89286,168,62696,0.0558,1953
1024,0.25,med,6,0.25,EO,13712.0,15656,1.0,168,62696,0.0558,1953
1024,0.25,med,6,0.5,NC,32090.13,62696,1.0,168,62696,0.0558,1953
1024,0.25,med,6,0.5,RT,23493.33,31336,0.77381,168,62696,0.0558,1953
1024,0.25,med,6,0.5,EC,23493.33,31336,0.9881,168,62696,0.0558,1953
1024,0.25,med,6,0.5,EO,23493.33,31336,1.0,168,62696,0.0558,1953
1024,0.25,med,6,0.75,NC,32090.13,62696,1.0,168,62696,0.0558,1953
1024,0.25,med,6,0.75,RT,29861.87,47016,0.96429,168,62696,0.0558,1953
1024,0.25,med,6,0.75,EC,29861.87,47016,1.0,168,62696,0.0558,1953
1024,0.25,med,6,0.75,EO,29861.87,47016,1.0,168,62696,0.0558,1953
1024,0.25,med,7,0.25,NC,37130.67,69832,1.0,170,69832,0.0574,2176
1024,0.25,med,7,0.25,RT,15932.27,17448,0.60588,170,69832,0.0574,2176
1024,0.25,med,7,0.25,EC,15932.27,17448,0.91765,170,69832,0.0574,2176
1024,0.25,med,7,0.25,EO,15932.27,17448,1.0,170,69832,0.0574,2176
1024,0.25,med,7,0.5,NC,37130.67,69832,1.0,170,69832,0.0574,2176
1024,0.25,med,7,0.5,RT,27229.33,34888,0.84118,170,69832,0.0574,2176
1024,0.25,med,7,0.5,EC,27229.33,34888,1.0,170,69832,0.0574,2176
1024,0.25,med,7,0.5,EO,27229.33,34888,1.0,170,69832,0.0574,2176
1024,0.25,med,7,0.75,NC,37130.67,69832,1.0,170,69832,0.0574,2176
1024,0.25,med,7,0.75,RT,34152.0,52360,0.96471,170,69832,0.0574,2176
1024,0.25,med,7,0.75,EC,34152.0,52360,1.0,170,69832,0.0574,2176
1024,0.25,med,7,0.75,EO,34152.0,52360,1.0,170,69832,0.0574,2176
1024,0.25,high,0,0.25,NC,30562.13,60712,1.0,175,60712,0.0545,1891
1024,0.25,high,0,0.25,RT,13336.53,15176,0.47429,175,60712,0.0545,1891
1024,0.25,high,0,0.25,EC,13336.53,15176,0.98857,175,60712,0.0545,1891
1024,0.25,high,0,0.25,EO,13336.53,15176,1.0,175,60712,0.0545,1891
1024,0.25,high,0,0.5,NC,30562.13,60712,1.0,175,60712,0.0545,1891
1024,0.25,high,0,0.5,RT,22998.93,30344,0.76,175,60712,0.0545,1891
1024,0.25,high,0,0.5,EC,22998.93,30344,1.0,175,60712,0.0545,1891
1024,0.25,high,0,0.5,EO,22998.93,30344,1.0,175,60712,0.0545,1891
1024,0.25,high,0,0.75,NC,30562.13,60712,1.0,175,60712,0.0545,1891
1024,0.25,high,0,0.75,RT,28614.4,45512,0.91429,175,60712,0.0545,1891
1024,0.25,high,0,0.75,EC,28614.4,45512,1.0,175,60712,0.0545,1891
1024,0.25,high,0,0.75,EO,28614.4,45512,1.0,175,60712,0.0545,1891
1024,0.25,high,1,0.25,NC,32344.53,59016,1.0,169,59016,0.0571,1838
1024,0.25,high,1,0.25,RT,12736.53,14728,0.48521,169,59016,0.0571,1838
1024,0.25,high,1,0.25,EC,12736.53,14728,0.99408,169,59016,0.0571,1838
1024,0.25,high,1,0.25,EO,12736.53,14728,1.0,169,59016,0.0571,1838
1024,0.25,high,1,0.5,NC,32344.53,59016,1.0,169,59016,0.0571,1838
1024,0.25,high,1,0.5,RT,22694.93,29480,0.71006,169,59016,0.0571,1838
1024,0.25,high,1,0.5,EC,22694.93,29480,1.0,169,59016,0.0571,1838
1024,0.25,high,1,0.5,EO,22694.93,29480,1.0,169,59016,0.0571,1838
1024,0.25,high,1,0.75,NC,32344.53,59016,1.0,169,59016,0.0571,1838
1024,0.25,high,1,0.75,RT,29864.53,44232,0.94083,169,59016,0.0571,1838
1024,0.25,high,1,0.75,EC,29864.53,44232,1.0,169,59016,0.0571,1838
1024,0.25,high,1,0.75,EO,29864.53,44232,1.0,169,59016,0.0571,1838
1024,0.25,high,2,0.25,NC,29176.0,58440,1.0,160,58440,0.0555,1820
1024,0.25,high,2,0.25,RT,12690.13,14600,0.63125,160,58440,0.0555,1820
1024,0.25,high,2,0.25,EC,12690.13,14600,0.95625,160,58440,0.0555,1820
1024,0.25,high,2,0.25,EO,12690.13,14600,1.0,160,58440,0.0555,1820
1024,0.25,high,2,0.5,NC,29176.0,58440,1.0,160,58440,0.0555,1820
1024,0.25,high,2,0.5,RT,21425.07,29192,0.80625,160,58440,0.0555,1820
1024,0.25,high,2,0.5,EC,21425.07,29192,1.0,160,58440,0.0555,1820
1024,0.25,high,2,0.5,EO,21425.07,29192,1.0,160,58440,0.0555,1820
1024,0.25,high,2,0.75,NC,29176.0,58440,1.0,160,58440,0.0555,1820
1024,0.25,high,2,0.75,RT,26929.6,43816,0.9375,160,58440,0.0555,1820
1024,0.25,high,2,0.75,EC,26929.6,43816,1.0,160,58440,0.0555,1820
1024,0.25,high,2,0.75,EO,26929.6,43816,1.0,160,58440,0.0555,1820
1024,0.25,high,3,0.25,NC,28309.87,55240,1.0,153,55240,0.0541,1720
1024,0.25,high,3,0.25,RT,12011.73,13800,0.52288,153,55240,0.0541,1720
1024,0.25,high,3,0.25,EC,12011.73,13800,0.99346,153,55240,0.0541,1720
1024,0.25,high,3,0.25,EO,12011.73,13800,1.0,153,55240,0.0541,1720
1024,0.25,high,3,0.5,NC,28309.87,55240,1.0,153,55240,0.0541,1720
1024,0.25,high,3,0.5,RT,20861.87,27592,0.78431,153,55240,0.0541,1720
1024,0.25,high,3,0.5,EC,20861.87,27592,1.0,153,55240,0.0541,1720
1024,0.25,high,3,0.5,EO,20861.87,27592,1.0,153,55240,0.0541,1720
1024,0.25,high,3,0.75,NC,28309.87,55240,1.0,153,55240,0.0541,1720
1024,0.25,high,3,0.75,RT,26632.0,41416,0.9281,153,55240,0.0541,1720
1024,0.25,high,3,0.75,EC,26632.0,41416,1.0,153,55240,0.0541,1720
1024,0.25,high,3,0.75,EO,26632.0,41416,1.0,153,55240,0.0541,1720
1024,0.25,high,4,0.25,NC,30963.73,61928,1.0,150,61928,0.0544,1929
1024,0.25,high,4,0.25,RT,13299.2,15464,0.54667,150,61928,0.0544,1929
1024,0.25,high,4,0.25,EC,13299.2,15464,0.96667,150,61928,0.0544,1929
1024,0.25,high,4,0.25,EO,13299.2,15464,1.0,150,61928,0.0544,1929
1024,0.25,high,4,0.5,NC,30963.73,61928,1.0,150,61928,0.0544,1929
1024,0.25,high,4,0.5,RT,22978.67,30952,0.8,150,61928,0.0544,1929
1024,0.25,high,4,0.5,EC,22978.67,30952,1.0,150,61928,0.0544,1929
1024,0.25,high,4,0.5,EO,22978.67,30952,1.0,150,61928,0.0544,1929
1024,0.25,high,4,0.75,NC,30963.73,61928,1.0,150,61928,0.0544,1929
1024,0.25,high,4,0.75,RT,29026.13,46440,0.92,150,61928,0.0544,1929
1024,0.25,high,4,0.75,EC,29026.13,46440,1.0,150,61928,0.0544,1929
1024,0.25,high,4,0.75,EO,29026.13,46440,1.0,150,61928,0.0544,1929
1024,0.25,high,5,0.25,NC,29601.07,58184,1.0,169,58184,0.0607,1812
1024,0.25,high,5,0.25,RT,13254.93,14536,0.5503,169,58184,0.0607,1812
1024,0.25,high,5,0.25,EC,13254.93,14536,0.98817,169,58184,0.0607,1812
1024,0.25,high,5,0.25,EO,13254.93,14536,1.0,169,58184,0.0607,1812
1024,0.25,high,5,0.5,NC,29601.07,58184,1.0,169,58184,0.0607,1812
1024,0.25,high,5,0.5,RT,22740.27,29064,0.84615,169,58184,0.0607,1812
1024,0.25,high,5,0.5,EC,22740.27,29064,1.0,169,58184,0.0607,1812
1024,0.25,high,5,0.5,EO,22740.27,29064,1.0,169,58184,0.0607,1812
1024,0.25,high,5,0.75,NC,29601.07,58184,1.0,169,58184,0.0607,1812
1024,0.25,high,5,0.75,RT,28149.87,43624,0.98225,169,58184,0.0607,1812
1024,0.25,high,5,0.75,EC,28149.87,43624,1.0,169,58184,0.0607,1812
1024,0.25,high,5,0.75,EO,28149.87,43624,1.0,169,58184,0.0607,1812
1024,0.25,high,6,0.25,NC,32090.13,62696,1.0,190,62696,0.0594,1953
1024,0.25,high,6,0.25,RT,13712.0,15656,0.53158,190,62696,0.0594,1953
1024,0.25,high,6,0.25,EC,13712.0,15656,0.96316,190,62696,0.0594,1953
1024,0.25,high,6,0.25,EO,13712.0,15656,1.0,190,62696,0.0594,1953
1024,0.25,high,6,0.5,NC,32090.13,62696,1.0,190,62696,0.0594,1953
1024,0.25,high,6,0.5,RT,23493.33,31336,0.77368,190,62696,0.0594,1953
1024,0.25,high,6,0.5,EC,23493.33,31336,1.0,190,62696,0.0594,1953
1024,0.25,high,6,0.5,EO,23493.33,31336,1.0,190,62696,0.0594,1953
1024,0.25,high,6,0.75,NC,32090.13,62696,1.0,190,62696,0.0594,1953
1024,0.25,high,6,0.75,RT,29861.87,47016,0.92105,190,62696,0.0594,1953
1024,0.25,high,6,0.75,EC,29861.87,47016,1.0,190,62696,0.0594,1953
1024,0.25,high,6,0.75,EO,29861.87,47016,1.0,190,62696,0.0594,1953
1024,0.25,high,7,0.25,NC,37130.67,69832,1.0,166,69832,0.0547,2176
1024,0.25,high,7,0.25,RT,15932.27,17448,0.51205,166,69832,0.0547,2176
1024,0.25,high,7,0.25,EC,15932.27,17448,0.92771,166,69832,0.0547,2176
1024,0.25,high,7,0.25,EO,15932.27,17448,1.0,166,69832,0.0547,2176
1024,0.25,high,7,0.5,NC,37130.67,69832,1.0,166,69832,0.0547,2176
1024,0.25,high,7,0.5,RT,27229.33,34888,0.73494,166,69832,0.0547,2176
1024,0.25,high,7,0.5,EC,27229.33,34888,1.0,166,69832,0.0547,2176
1024,0.25,high,7,0.5,EO,27229.33,34888,1.0,166,69832,0.0547,2176
1024,0.25,high,7,0.75,NC,37130.67,69832,1.0,166,69832,0.0547,2176
1024,0.25,high,7,0.75,RT,34152.0,52360,0.93373,166,69832,0.0547,2176
1024,0.25,high,7,0.75,EC,34152.0,52360,1.0,166,69832,0.0547,2176
1024,0.25,high,7,0.75,EO,34152.0,52360,1.0,166,69832,0.0547,2176
