M,B,Dmean,Wmean,wait_dist,rho,seed,policy,util,ceiling,residual_idle,throughput,p50,p99,nbursts
4,2,8,50,exponential,0.0,0,serial,0.25125,0.34575,0.09450,0.50250,8,51,266
4,2,8,50,exponential,0.0,0,cb,0.26225,0.26225,0.00000,0.52450,5,30,307
4,2,8,50,exponential,0.0,0,stepaware,0.28137,0.28137,0.00000,0.56275,6,48,272
4,2,8,50,exponential,0.0,1,serial,0.24388,0.33437,0.09050,0.48775,7,50,269
4,2,8,50,exponential,0.0,1,cb,0.31362,0.31362,0.00000,0.62725,6,41,290
4,2,8,50,exponential,0.0,1,stepaware,0.29237,0.29237,0.00000,0.58475,5,41,313
4,2,8,50,exponential,0.0,2,serial,0.24300,0.32075,0.07775,0.48600,8,43,267
4,2,8,50,exponential,0.0,2,cb,0.25188,0.25188,0.00000,0.50375,5,37,275
4,2,8,50,exponential,0.0,2,stepaware,0.29463,0.29463,0.00000,0.58925,6,43,282
4,2,8,50,exponential,0.0,3,serial,0.27225,0.38975,0.11750,0.54450,9,65,267
4,2,8,50,exponential,0.0,3,cb,0.27387,0.27387,0.00000,0.54775,5,43,289
4,2,8,50,exponential,0.0,3,stepaware,0.28250,0.28250,0.00000,0.56500,6,41,264
4,2,8,50,exponential,0.0,4,serial,0.26975,0.39725,0.12750,0.53950,9,52,280
4,2,8,50,exponential,0.0,4,cb,0.27687,0.27687,0.00000,0.55375,5,31,291
4,2,8,50,exponential,0.0,4,stepaware,0.27125,0.27125,0.00000,0.54250,5,45,285
4,2,8,50,exponential,0.5,0,serial,0.30812,0.45537,0.14725,0.61625,10,70,301
4,2,8,50,exponential,0.5,0,cb,0.21850,0.21850,0.00000,0.43700,5,41,234
4,2,8,50,exponential,0.5,0,stepaware,0.18837,0.18837,0.00000,0.37675,5,34,205
4,2,8,50,exponential,0.5,1,serial,0.21100,0.28463,0.07363,0.42200,8,46,239
4,2,8,50,exponential,0.5,1,cb,0.24050,0.24050,0.00000,0.48100,6,36,230
4,2,8,50,exponential,0.5,1,stepaware,0.27850,0.27850,0.00000,0.55700,5,47,274
4,2,8,50,exponential,0.5,2,serial,0.28687,0.41013,0.12325,0.57375,9,47,299
4,2,8,50,exponential,0.5,2,cb,0.30662,0.30662,0.00000,0.61325,6,34,306
4,2,8,50,exponential,0.5,2,stepaware,0.24425,0.24425,0.00000,0.48850,5,36,259
4,2,8,50,exponential,0.5,3,serial,0.24575,0.35113,0.10538,0.49150,8,62,254
4,2,8,50,exponential,0.5,3,cb,0.27100,0.27100,0.00000,0.54200,5,36,283
4,2,8,50,exponential,0.5,3,stepaware,0.21713,0.21713,0.00000,0.43425,4,34,235
4,2,8,50,exponential,0.5,4,serial,0.25125,0.35787,0.10663,0.50250,8,48,279
4,2,8,50,exponential,0.5,4,cb,0.26050,0.26050,0.00000,0.52100,5,39,278
4,2,8,50,exponential,0.5,4,stepaware,0.22650,0.22650,0.00000,0.45300,7,40,210
4,2,8,50,exponential,0.9,0,serial,0.09725,0.12912,0.03187,0.19450,6,45,126
4,2,8,50,exponential,0.9,0,cb,0.28913,0.28913,0.00000,0.57825,6,42,284
4,2,8,50,exponential,0.9,0,stepaware,0.11850,0.11850,0.00000,0.23700,6,30,113
4,2,8,50,exponential,0.9,1,serial,0.15113,0.17838,0.02725,0.30225,6,44,172
4,2,8,50,exponential,0.9,1,cb,0.16237,0.16237,0.00000,0.32475,5,35,187
4,2,8,50,exponential,0.9,1,stepaware,0.26887,0.26887,0.00000,0.53775,5,37,293
4,2,8,50,exponential,0.9,2,serial,0.23525,0.33013,0.09488,0.47050,8,54,255
4,2,8,50,exponential,0.9,2,cb,0.24450,0.24450,0.00000,0.48900,5,38,239
4,2,8,50,exponential,0.9,2,stepaware,0.37862,0.37862,0.00000,0.75725,6,49,372
4,2,8,50,exponential,0.9,3,serial,0.24963,0.36188,0.11225,0.49925,9,53,245
4,2,8,50,exponential,0.9,3,cb,0.19275,0.19275,0.00000,0.38550,6,31,210
4,2,8,50,exponential,0.9,3,stepaware,0.19900,0.19900,0.00000,0.39800,5,34,206
4,2,8,50,exponential,0.9,4,serial,0.11313,0.13712,0.02400,0.22625,6,34,121
4,2,8,50,exponential,0.9,4,cb,0.06725,0.06725,0.00000,0.13450,3,35,92
4,2,8,50,exponential,0.9,4,stepaware,0.29150,0.29150,0.00000,0.58300,5,36,312
4,2,8,50,lognormal-heavytail,0.0,0,serial,0.24650,0.35137,0.10487,0.49300,9,55,247
4,2,8,50,lognormal-heavytail,0.0,0,cb,0.26775,0.26775,0.00000,0.53550,5,39,281
4,2,8,50,lognormal-heavytail,0.0,0,stepaware,0.34087,0.34087,0.00000,0.68175,6,38,331
4,2,8,50,lognormal-heavytail,0.0,1,serial,0.27350,0.38762,0.11412,0.54700,8,51,285
4,2,8,50,lognormal-heavytail,0.0,1,cb,0.29313,0.29313,0.00000,0.58625,5,31,325
4,2,8,50,lognormal-heavytail,0.0,1,stepaware,0.32512,0.32512,0.00000,0.65025,6,37,321
4,2,8,50,lognormal-heavytail,0.0,2,serial,0.28687,0.40825,0.12138,0.57375,10,41,284
4,2,8,50,lognormal-heavytail,0.0,2,cb,0.26837,0.26837,0.00000,0.53675,5,38,290
4,2,8,50,lognormal-heavytail,0.0,2,stepaware,0.25838,0.25838,0.00000,0.51675,5,36,276
4,2,8,50,lognormal-heavytail,0.0,3,serial,0.25038,0.34863,0.09825,0.50075,8,61,264
4,2,8,50,lognormal-heavytail,0.0,3,cb,0.26412,0.26412,0.00000,0.52825,5,37,283
4,2,8,50,lognormal-heavytail,0.0,3,stepaware,0.23375,0.23375,0.00000,0.46750,5,36,245
4,2,8,50,lognormal-heavytail,0.0,4,serial,0.27713,0.39325,0.11612,0.55425,9,46,281
4,2,8,50,lognormal-heavytail,0.0,4,cb,0.26687,0.26687,0.00000,0.53375,5,36,290
4,2,8,50,lognormal-heavytail,0.0,4,stepaware,0.31262,0.31262,0.00000,0.62525,6,38,310
4,2,8,50,lognormal-heavytail,0.5,0,serial,0.30025,0.44875,0.14850,0.60050,9,64,288
4,2,8,50,lognormal-heavytail,0.5,0,cb,0.09813,0.09813,0.00000,0.19625,5,25,115
4,2,8,50,lognormal-heavytail,0.5,0,stepaware,0.25362,0.25362,0.00000,0.50725,4,30,313
4,2,8,50,lognormal-heavytail,0.5,1,serial,0.13375,0.16325,0.02950,0.26750,7,35,140
4,2,8,50,lognormal-heavytail,0.5,1,cb,0.24038,0.24038,0.00000,0.48075,7,36,222
4,2,8,50,lognormal-heavytail,0.5,1,stepaware,0.13887,0.13887,0.00000,0.27775,6,33,138
4,2,8,50,lognormal-heavytail,0.5,2,serial,0.31125,0.45038,0.13912,0.62250,10,59,291
4,2,8,50,lognormal-heavytail,0.5,2,cb,0.20825,0.20825,0.00000,0.41650,5,28,233
4,2,8,50,lognormal-heavytail,0.5,2,stepaware,0.20475,0.20475,0.00000,0.40950,5,29,231
4,2,8,50,lognormal-heavytail,0.5,3,serial,0.18525,0.24750,0.06225,0.37050,8,53,184
4,2,8,50,lognormal-heavytail,0.5,3,cb,0.33950,0.33950,0.00000,0.67900,6,37,316
4,2,8,50,lognormal-heavytail,0.5,3,stepaware,0.46663,0.46663,0.00000,0.93325,6,39,466
4,2,8,50,lognormal-heavytail,0.5,4,serial,0.21088,0.28375,0.07287,0.42175,8,35,238
4,2,8,50,lognormal-heavytail,0.5,4,cb,0.19287,0.19287,0.00000,0.38575,5,37,218
4,2,8,50,lognormal-heavytail,0.5,4,stepaware,0.19412,0.19412,0.00000,0.38825,5,32,213
4,2,8,50,lognormal-heavytail,0.9,0,serial,0.20988,0.29113,0.08125,0.41975,8,38,236
4,2,8,50,lognormal-heavytail,0.9,0,cb,0.25562,0.25562,0.00000,0.51125,5,44,263
4,2,8,50,lognormal-heavytail,0.9,0,stepaware,0.11463,0.11463,0.00000,0.22925,5,32,124
4,2,8,50,lognormal-heavytail,0.9,1,serial,0.13750,0.17750,0.04000,0.27500,7,47,152
4,2,8,50,lognormal-heavytail,0.9,1,cb,0.13562,0.13562,0.00000,0.27125,5,38,147
4,2,8,50,lognormal-heavytail,0.9,1,stepaware,0.22825,0.22825,0.00000,0.45650,5,28,253
4,2,8,50,lognormal-heavytail,0.9,2,serial,0.04637,0.07050,0.02412,0.09275,8,45,62
4,2,8,50,lognormal-heavytail,0.9,2,cb,0.33263,0.33263,0.00000,0.66525,6,35,373
4,2,8,50,lognormal-heavytail,0.9,2,stepaware,0.08787,0.08787,0.00000,0.17575,4,48,93
4,2,8,50,lognormal-heavytail,0.9,3,serial,0.19037,0.27850,0.08813,0.38075,10,54,190
4,2,8,50,lognormal-heavytail,0.9,3,cb,0.23225,0.23225,0.00000,0.46450,6,42,220
4,2,8,50,lognormal-heavytail,0.9,3,stepaware,0.20513,0.20513,0.00000,0.41025,5,32,225
4,2,8,50,lognormal-heavytail,0.9,4,serial,0.20863,0.29150,0.08287,0.41725,8,61,220
4,2,8,50,lognormal-heavytail,0.9,4,cb,0.20813,0.20813,0.00000,0.41625,5,29,212
4,2,8,50,lognormal-heavytail,0.9,4,stepaware,0.24975,0.24975,0.00000,0.49950,5,38,254
4,2,8,200,exponential,0.0,0,serial,0.08825,0.09788,0.00963,0.17650,6,62,83
4,2,8,200,exponential,0.0,0,cb,0.10113,0.10113,0.00000,0.20225,6,58,88
4,2,8,200,exponential,0.0,0,stepaware,0.06538,0.06538,0.00000,0.13075,4,36,79
4,2,8,200,exponential,0.0,1,serial,0.06200,0.06688,0.00488,0.12400,5,35,71
4,2,8,200,exponential,0.0,1,cb,0.06200,0.06200,0.00000,0.12400,5,42,69
4,2,8,200,exponential,0.0,1,stepaware,0.07913,0.07913,0.00000,0.15825,5,31,88
4,2,8,200,exponential,0.0,2,serial,0.07562,0.08125,0.00563,0.15125,5,25,93
4,2,8,200,exponential,0.0,2,cb,0.05700,0.05700,0.00000,0.11400,6,37,58
4,2,8,200,exponential,0.0,2,stepaware,0.05925,0.05925,0.00000,0.11850,5,23,77
4,2,8,200,exponential,0.0,3,serial,0.07800,0.08937,0.01137,0.15600,5,35,91
4,2,8,200,exponential,0.0,3,cb,0.07537,0.07537,0.00000,0.15075,6,31,75
4,2,8,200,exponential,0.0,3,stepaware,0.08450,0.08450,0.00000,0.16900,6,33,83
4,2,8,200,exponential,0.0,4,serial,0.06463,0.07125,0.00662,0.12925,5,32,73
4,2,8,200,exponential,0.0,4,cb,0.07587,0.07587,0.00000,0.15175,5,35,81
4,2,8,200,exponential,0.0,4,stepaware,0.07287,0.07287,0.00000,0.14575,5,35,82
4,2,8,200,exponential,0.5,0,serial,0.14200,0.17400,0.03200,0.28400,7,41,150
4,2,8,200,exponential,0.5,0,cb,0.06087,0.06087,0.00000,0.12175,4,37,70
4,2,8,200,exponential,0.5,0,stepaware,0.06388,0.06388,0.00000,0.12775,6,38,57
4,2,8,200,exponential,0.5,1,serial,0.08800,0.10162,0.01362,0.17600,7,48,74
4,2,8,200,exponential,0.5,1,cb,0.06150,0.06150,0.00000,0.12300,4,32,76
4,2,8,200,exponential,0.5,1,stepaware,0.06775,0.06775,0.00000,0.13550,6,37,68
4,2,8,200,exponential,0.5,2,serial,0.13262,0.15150,0.01888,0.26525,9,40,112
4,2,8,200,exponential,0.5,2,cb,0.12275,0.12275,0.00000,0.24550,6,52,109
4,2,8,200,exponential,0.5,2,stepaware,0.07787,0.07787,0.00000,0.15575,6,40,67
4,2,8,200,exponential,0.5,3,serial,0.13787,0.15775,0.01988,0.27575,5,31,159
4,2,8,200,exponential,0.5,3,cb,0.05050,0.05050,0.00000,0.10100,3,44,68
4,2,8,200,exponential,0.5,3,stepaware,0.05400,0.05400,0.00000,0.10800,5,24,70
4,2,8,200,exponential,0.5,4,serial,0.04225,0.04225,0.00000,0.08450,5,29,42
4,2,8,200,exponential,0.5,4,cb,0.10675,0.10675,0.00000,0.21350,6,32,106
4,2,8,200,exponential,0.5,4,stepaware,0.11638,0.11638,0.00000,0.23275,6,40,101
4,2,8,200,exponential,0.9,0,serial,0.11225,0.14125,0.02900,0.22450,5,61,133
4,2,8,200,exponential,0.9,0,cb,0.12775,0.12775,0.00000,0.25550,6,39,114
4,2,8,200,exponential,0.9,0,stepaware,0.09650,0.09650,0.00000,0.19300,4,37,117
4,2,8,200,exponential,0.9,1,serial,0.11075,0.13425,0.02350,0.22150,9,61,89
4,2,8,200,exponential,0.9,1,cb,0.21538,0.21538,0.00000,0.43075,4,36,255
4,2,8,200,exponential,0.9,1,stepaware,0.09125,0.09125,0.00000,0.18250,5,52,95
4,2,8,200,exponential,0.9,2,serial,0.18313,0.26025,0.07712,0.36625,9,50,197
4,2,8,200,exponential,0.9,2,cb,0.17850,0.17850,0.00000,0.35700,5,37,188
4,2,8,200,exponential,0.9,2,stepaware,0.13562,0.13562,0.00000,0.27125,4,25,173
4,2,8,200,exponential,0.9,3,serial,0.09900,0.11812,0.01912,0.19800,9,42,91
4,2,8,200,exponential,0.9,3,cb,0.14575,0.14575,0.00000,0.29150,5,36,147
4,2,8,200,exponential,0.9,3,stepaware,0.06713,0.06713,0.00000,0.13425,5,42,68
4,2,8,200,exponential,0.9,4,serial,0.04700,0.05337,0.00637,0.09400,6,36,50
4,2,8,200,exponential,0.9,4,cb,0.09950,0.09950,0.00000,0.19900,4,35,117
4,2,8,200,exponential,0.9,4,stepaware,0.05638,0.05638,0.00000,0.11275,3,28,75
4,2,8,200,lognormal-heavytail,0.0,0,serial,0.06500,0.07200,0.00700,0.13000,5,34,73
4,2,8,200,lognormal-heavytail,0.0,0,cb,0.09888,0.09888,0.00000,0.19775,6,27,106
4,2,8,200,lognormal-heavytail,0.0,0,stepaware,0.10113,0.10113,0.00000,0.20225,6,35,102
4,2,8,200,lognormal-heavytail,0.0,1,serial,0.09875,0.11713,0.01838,0.19750,6,55,95
4,2,8,200,lognormal-heavytail,0.0,1,cb,0.05763,0.05763,0.00000,0.11525,5,27,71
4,2,8,200,lognormal-heavytail,0.0,1,stepaware,0.06588,0.06588,0.00000,0.13175,5,34,69
4,2,8,200,lognormal-heavytail,0.0,2,serial,0.06650,0.07400,0.00750,0.13300,6,36,71
4,2,8,200,lognormal-heavytail,0.0,2,cb,0.04838,0.04838,0.00000,0.09675,4,24,73
4,2,8,200,lognormal-heavytail,0.0,2,stepaware,0.10837,0.10837,0.00000,0.21675,5,34,109
4,2,8,200,lognormal-heavytail,0.0,3,serial,0.08737,0.09788,0.01050,0.17475,5,31,105
4,2,8,200,lognormal-heavytail,0.0,3,cb,0.09538,0.09538,0.00000,0.19075,4,44,94
4,2,8,200,lognormal-heavytail,0.0,3,stepaware,0.10312,0.10312,0.00000,0.20625,6,27,102
4,2,8,200,lognormal-heavytail,0.0,4,serial,0.07612,0.08288,0.00675,0.15225,6,28,82
4,2,8,200,lognormal-heavytail,0.0,4,cb,0.09425,0.09425,0.00000,0.18850,5,34,107
4,2,8,200,lognormal-heavytail,0.0,4,stepaware,0.06513,0.06513,0.00000,0.13025,4,39,71
4,2,8,200,lognormal-heavytail,0.5,0,serial,0.10075,0.11488,0.01412,0.20150,5,41,113
4,2,8,200,lognormal-heavytail,0.5,0,cb,0.13312,0.13312,0.00000,0.26625,5,29,149
4,2,8,200,lognormal-heavytail,0.5,0,stepaware,0.16637,0.16637,0.00000,0.33275,5,45,157
4,2,8,200,lognormal-heavytail,0.5,1,serial,0.12837,0.16362,0.03525,0.25675,8,42,121
4,2,8,200,lognormal-heavytail,0.5,1,cb,0.14388,0.14388,0.00000,0.28775,5,39,137
4,2,8,200,lognormal-heavytail,0.5,1,stepaware,0.09137,0.09137,0.00000,0.18275,4,44,99
4,2,8,200,lognormal-heavytail,0.5,2,serial,0.06463,0.06825,0.00363,0.12925,6,28,72
4,2,8,200,lognormal-heavytail,0.5,2,cb,0.08325,0.08325,0.00000,0.16650,4,35,90
4,2,8,200,lognormal-heavytail,0.5,2,stepaware,0.10162,0.10162,0.00000,0.20325,5,29,109
4,2,8,200,lognormal-heavytail,0.5,3,serial,0.05962,0.06313,0.00350,0.11925,7,31,53
4,2,8,200,lognormal-heavytail,0.5,3,cb,0.03837,0.03837,0.00000,0.07675,5,24,47
4,2,8,200,lognormal-heavytail,0.5,3,stepaware,0.09463,0.09463,0.00000,0.18925,5,48,97
4,2,8,200,lognormal-heavytail,0.5,4,serial,0.07825,0.09137,0.01312,0.15650,6,29,93
4,2,8,200,lognormal-heavytail,0.5,4,cb,0.08725,0.08725,0.00000,0.17450,5,22,109
4,2,8,200,lognormal-heavytail,0.5,4,stepaware,0.07525,0.07525,0.00000,0.15050,5,36,74
4,2,8,200,lognormal-heavytail,0.9,0,serial,0.02063,0.02125,0.00063,0.04125,4,31,23
4,2,8,200,lognormal-heavytail,0.9,0,cb,0.10362,0.10362,0.00000,0.20725,5,36,113
4,2,8,200,lognormal-heavytail,0.9,0,stepaware,0.13512,0.13512,0.00000,0.27025,5,32,154
4,2,8,200,lognormal-heavytail,0.9,1,serial,0.29525,0.41913,0.12388,0.59050,8,55,312
4,2,8,200,lognormal-heavytail,0.9,1,cb,0.23275,0.23275,0.00000,0.46550,7,46,202
4,2,8,200,lognormal-heavytail,0.9,1,stepaware,0.08862,0.08862,0.00000,0.17725,6,33,93
4,2,8,200,lognormal-heavytail,0.9,2,serial,0.14413,0.16950,0.02538,0.28825,6,36,159
4,2,8,200,lognormal-heavytail,0.9,2,cb,0.09900,0.09900,0.00000,0.19800,5,36,99
4,2,8,200,lognormal-heavytail,0.9,2,stepaware,0.11812,0.11812,0.00000,0.23625,6,33,118
4,2,8,200,lognormal-heavytail,0.9,3,serial,0.11975,0.14000,0.02025,0.23950,5,39,142
4,2,8,200,lognormal-heavytail,0.9,3,cb,0.11088,0.11088,0.00000,0.22175,5,34,119
4,2,8,200,lognormal-heavytail,0.9,3,stepaware,0.05475,0.05475,0.00000,0.10950,8,30,45
4,2,8,200,lognormal-heavytail,0.9,4,serial,0.15725,0.19987,0.04262,0.31450,6,42,180
4,2,8,200,lognormal-heavytail,0.9,4,cb,0.15438,0.15438,0.00000,0.30875,5,58,142
4,2,8,200,lognormal-heavytail,0.9,4,stepaware,0.09125,0.09125,0.00000,0.18250,6,40,89
4,2,32,50,exponential,0.0,0,serial,0.48462,0.92325,0.43863,0.96925,91,256,111
4,2,32,50,exponential,0.0,0,cb,0.73262,0.73262,0.00000,1.46525,24,171,188
4,2,32,50,exponential,0.0,0,stepaware,0.77487,0.77487,0.00000,1.54975,34,190,181
4,2,32,50,exponential,0.0,1,serial,0.48363,0.91100,0.42738,0.96725,95,352,96
4,2,32,50,exponential,0.0,1,cb,0.76175,0.76175,0.00000,1.52350,28,164,191
4,2,32,50,exponential,0.0,1,stepaware,0.72962,0.72962,0.00000,1.45925,23,216,195
4,2,32,50,exponential,0.0,2,serial,0.46450,0.83925,0.37475,0.92900,58,198,130
4,2,32,50,exponential,0.0,2,cb,0.70613,0.70613,0.00000,1.41225,27,151,185
4,2,32,50,exponential,0.0,2,stepaware,0.74175,0.74175,0.00000,1.48350,27,258,172
4,2,32,50,exponential,0.0,3,serial,0.47637,0.89787,0.42150,0.95275,74,252,134
4,2,32,50,exponential,0.0,3,cb,0.79475,0.79475,0.00000,1.58950,33,194,185
4,2,32,50,exponential,0.0,3,stepaware,0.70913,0.70913,0.00000,1.41825,28,153,186
4,2,32,50,exponential,0.0,4,serial,0.47425,0.86862,0.39437,0.94850,59,185,138
4,2,32,50,exponential,0.0,4,cb,0.75650,0.75650,0.00000,1.51300,30,189,187
4,2,32,50,exponential,0.0,4,stepaware,0.73762,0.73762,0.00000,1.47525,30,178,176
4,2,32,50,exponential,0.5,0,serial,0.42025,0.74062,0.32037,0.84050,72,252,112
4,2,32,50,exponential,0.5,0,cb,0.57037,0.57037,0.00000,1.14075,23,139,147
4,2,32,50,exponential,0.5,0,stepaware,0.42638,0.42638,0.00000,0.85275,25,159,106
4,2,32,50,exponential,0.5,1,serial,0.45875,0.83037,0.37162,0.91750,66,197,126
4,2,32,50,exponential,0.5,1,cb,0.53425,0.53425,0.00000,1.06850,26,126,151
4,2,32,50,exponential,0.5,1,stepaware,0.68525,0.68525,0.00000,1.37050,29,235,162
4,2,32,50,exponential,0.5,2,serial,0.46787,0.84575,0.37788,0.93575,63,275,121
4,2,32,50,exponential,0.5,2,cb,0.69475,0.69475,0.00000,1.38950,31,156,178
4,2,32,50,exponential,0.5,2,stepaware,0.37862,0.37862,0.00000,0.75725,18,128,119
4,2,32,50,exponential,0.5,3,serial,0.41563,0.72900,0.31337,0.83125,61,236,108
4,2,32,50,exponential,0.5,3,cb,0.50400,0.50400,0.00000,1.00800,25,133,128
4,2,32,50,exponential,0.5,3,stepaware,0.58688,0.58688,0.00000,1.17375,29,146,151
4,2,32,50,exponential,0.5,4,serial,0.41325,0.75438,0.34113,0.82650,67,356,103
4,2,32,50,exponential,0.5,4,cb,0.45400,0.45400,0.00000,0.90800,24,152,115
4,2,32,50,exponential,0.5,4,stepaware,0.56950,0.56950,0.00000,1.13900,25,136,170
4,2,32,50,exponential,0.9,0,serial,0.37238,0.59713,0.22475,0.74475,40,155,115
4,2,32,50,exponential,0.9,0,cb,0.61062,0.61062,0.00000,1.22125,26,169,164
4,2,32,50,exponential,0.9,0,stepaware,0.56850,0.56850,0.00000,1.13700,17,203,149
4,2,32,50,exponential,0.9,1,serial,0.42925,0.78425,0.35500,0.85850,73,265,107
4,2,32,50,exponential,0.9,1,cb,0.55388,0.55388,0.00000,1.10775,23,172,154
4,2,32,50,exponential,0.9,1,stepaware,0.41387,0.41387,0.00000,0.82775,26,139,118
4,2,32,50,exponential,0.9,2,serial,0.44062,0.81788,0.37725,0.88125,75,225,105
4,2,32,50,exponential,0.9,2,cb,0.45375,0.45375,0.00000,0.90750,26,163,117
4,2,32,50,exponential,0.9,2,stepaware,0.58550,0.58550,0.00000,1.17100,24,178,160
4,2,32,50,exponential,0.9,3,serial,0.39163,0.69012,0.29850,0.78325,58,381,93
4,2,32,50,exponential,0.9,3,cb,0.58875,0.58875,0.00000,1.17750,26,192,159
4,2,32,50,exponential,0.9,3,stepaware,0.40775,0.40775,0.00000,0.81550,28,163,97
4,2,32,50,exponential,0.9,4,serial,0.29812,0.52187,0.22375,0.59625,57,262,80
4,2,32,50,exponential,0.9,4,cb,0.67312,0.67312,0.00000,1.34625,41,159,141
4,2,32,50,exponential,0.9,4,stepaware,0.47263,0.47263,0.00000,0.94525,25,124,127
4,2,32,50,lognormal-heavytail,0.0,0,serial,0.45138,0.81475,0.36337,0.90275,51,196,136
4,2,32,50,lognormal-heavytail,0.0,0,cb,0.67488,0.67488,0.00000,1.34975,22,173,182
4,2,32,50,lognormal-heavytail,0.0,0,stepaware,0.75075,0.75075,0.00000,1.50150,29,155,181
4,2,32,50,lognormal-heavytail,0.0,1,serial,0.48588,0.94088,0.45500,0.97175,81,252,132
4,2,32,50,lognormal-heavytail,0.0,1,cb,0.74962,0.74962,0.00000,1.49925,27,168,189
4,2,32,50,lognormal-heavytail,0.0,1,stepaware,0.71400,0.71400,0.00000,1.42800,22,142,210
4,2,32,50,lognormal-heavytail,0.0,2,serial,0.48675,0.93075,0.44400,0.97350,79,239,125
4,2,32,50,lognormal-heavytail,0.0,2,cb,0.72488,0.72488,0.00000,1.44975,27,157,185
4,2,32,50,lognormal-heavytail,0.0,2,stepaware,0.67288,0.67288,0.00000,1.34575,27,153,171
4,2,32,50,lognormal-heavytail,0.0,3,serial,0.44788,0.79638,0.34850,0.89575,57,177,128
4,2,32,50,lognormal-heavytail,0.0,3,cb,0.68075,0.68075,0.00000,1.36150,27,174,185
4,2,32,50,lognormal-heavytail,0.0,3,stepaware,0.63675,0.63675,0.00000,1.27350,27,151,162
4,2,32,50,lognormal-heavytail,0.0,4,serial,0.49350,0.95050,0.45700,0.98700,107,252,104
4,2,32,50,lognormal-heavytail,0.0,4,cb,0.76650,0.76650,0.00000,1.53300,34,146,177
4,2,32,50,lognormal-heavytail,0.0,4,stepaware,0.75587,0.75587,0.00000,1.51175,32,204,181
4,2,32,50,lognormal-heavytail,0.5,0,serial,0.46387,0.83050,0.36663,0.92775,77,323,103
4,2,32,50,lognormal-heavytail,0.5,0,cb,0.59288,0.59288,0.00000,1.18575,36,189,127
4,2,32,50,lognormal-heavytail,0.5,0,stepaware,0.50962,0.50962,0.00000,1.01925,29,140,112
4,2,32,50,lognormal-heavytail,0.5,1,serial,0.47163,0.88350,0.41187,0.94325,76,219,110
4,2,32,50,lognormal-heavytail,0.5,1,cb,0.72937,0.72937,0.00000,1.45875,34,204,182
4,2,32,50,lognormal-heavytail,0.5,1,stepaware,0.77175,0.77175,0.00000,1.54350,31,194,179
4,2,32,50,lognormal-heavytail,0.5,2,serial,0.42262,0.74538,0.32275,0.84525,66,201,122
4,2,32,50,lognormal-heavytail,0.5,2,cb,0.75838,0.75838,0.00000,1.51675,35,173,165
4,2,32,50,lognormal-heavytail,0.5,2,stepaware,0.63350,0.63350,0.00000,1.26700,27,154,153
4,2,32,50,lognormal-heavytail,0.5,3,serial,0.40463,0.69875,0.29412,0.80925,69,188,99
4,2,32,50,lognormal-heavytail,0.5,3,cb,0.74287,0.74287,0.00000,1.48575,36,167,164
4,2,32,50,lognormal-heavytail,0.5,3,stepaware,0.62813,0.62813,0.00000,1.25625,29,176,147
4,2,32,50,lognormal-heavytail,0.5,4,serial,0.43212,0.76850,0.33637,0.86425,52,183,137
4,2,32,50,lognormal-heavytail,0.5,4,cb,0.57363,0.57363,0.00000,1.14725,31,140,143
4,2,32,50,lognormal-heavytail,0.5,4,stepaware,0.70337,0.70337,0.00000,1.40675,25,154,210
4,2,32,50,lognormal-heavytail,0.9,0,serial,0.30712,0.48850,0.18138,0.61425,38,158,94
4,2,32,50,lognormal-heavytail,0.9,0,cb,0.56488,0.56488,0.00000,1.12975,35,161,139
4,2,32,50,lognormal-heavytail,0.9,0,stepaware,0.73700,0.73700,0.00000,1.47400,32,222,181
4,2,32,50,lognormal-heavytail,0.9,1,serial,0.37900,0.64225,0.26325,0.75800,41,226,115
4,2,32,50,lognormal-heavytail,0.9,1,cb,0.20200,0.20200,0.00000,0.40400,38,168,45
4,2,32,50,lognormal-heavytail,0.9,1,stepaware,0.56088,0.56088,0.00000,1.12175,34,146,147
4,2,32,50,lognormal-heavytail,0.9,2,serial,0.39937,0.73388,0.33450,0.79875,78,338,93
4,2,32,50,lognormal-heavytail,0.9,2,cb,0.49575,0.49575,0.00000,0.99150,26,138,121
4,2,32,50,lognormal-heavytail,0.9,2,stepaware,0.58825,0.58825,0.00000,1.17650,33,213,139
4,2,32,50,lognormal-heavytail,0.9,3,serial,0.12637,0.18263,0.05625,0.25275,47,185,27
4,2,32,50,lognormal-heavytail,0.9,3,cb,0.41563,0.41563,0.00000,0.83125,24,138,107
4,2,32,50,lognormal-heavytail,0.9,3,stepaware,0.43400,0.43400,0.00000,0.86800,31,193,107
4,2,32,50,lognormal-heavytail,0.9,4,serial,0.41675,0.69363,0.27688,0.83350,50,259,105
4,2,32,50,lognormal-heavytail,0.9,4,cb,0.50875,0.50875,0.00000,1.01750,30,159,133
4,2,32,50,lognormal-heavytail,0.9,4,stepaware,0.71388,0.71388,0.00000,1.42775,34,147,153
4,2,32,200,exponential,0.0,0,serial,0.25075,0.35525,0.10450,0.50150,35,165,65
4,2,32,200,exponential,0.0,0,cb,0.25488,0.25488,0.00000,0.50975,21,247,72
4,2,32,200,exponential,0.0,0,stepaware,0.27087,0.27087,0.00000,0.54175,29,99,72
4,2,32,200,exponential,0.0,1,serial,0.24525,0.33613,0.09088,0.49050,38,177,63
4,2,32,200,exponential,0.0,1,cb,0.27913,0.27913,0.00000,0.55825,16,189,77
4,2,32,200,exponential,0.0,1,stepaware,0.24350,0.24350,0.00000,0.48700,27,199,59
4,2,32,200,exponential,0.0,2,serial,0.25262,0.34425,0.09163,0.50525,43,176,54
4,2,32,200,exponential,0.0,2,cb,0.35487,0.35487,0.00000,0.70975,27,154,88
4,2,32,200,exponential,0.0,2,stepaware,0.32512,0.32512,0.00000,0.65025,32,147,67
4,2,32,200,exponential,0.0,3,serial,0.27800,0.37975,0.10175,0.55600,40,205,55
4,2,32,200,exponential,0.0,3,cb,0.35225,0.35225,0.00000,0.70450,28,207,77
4,2,32,200,exponential,0.0,3,stepaware,0.30088,0.30088,0.00000,0.60175,29,104,80
4,2,32,200,exponential,0.0,4,serial,0.29363,0.45575,0.16212,0.58725,36,242,64
4,2,32,200,exponential,0.0,4,cb,0.29387,0.29387,0.00000,0.58775,22,178,78
4,2,32,200,exponential,0.0,4,stepaware,0.27225,0.27225,0.00000,0.54450,21,164,74
4,2,32,200,exponential,0.5,0,serial,0.20825,0.29125,0.08300,0.41650,29,188,56
4,2,32,200,exponential,0.5,0,cb,0.29950,0.29950,0.00000,0.59900,31,152,67
4,2,32,200,exponential,0.5,0,stepaware,0.49100,0.49100,0.00000,0.98200,26,143,126
4,2,32,200,exponential,0.5,1,serial,0.26175,0.37225,0.11050,0.52350,34,264,59
4,2,32,200,exponential,0.5,1,cb,0.26650,0.26650,0.00000,0.53300,19,187,62
4,2,32,200,exponential,0.5,1,stepaware,0.24513,0.24513,0.00000,0.49025,25,172,58
4,2,32,200,exponential,0.5,2,serial,0.23312,0.33413,0.10100,0.46625,24,174,70
4,2,32,200,exponential,0.5,2,cb,0.21125,0.21125,0.00000,0.42250,18,136,60
4,2,32,200,exponential,0.5,2,stepaware,0.21975,0.21975,0.00000,0.43950,19,143,64
4,2,32,200,exponential,0.5,3,serial,0.11263,0.12450,0.01187,0.22525,15,75,43
4,2,32,200,exponential,0.5,3,cb,0.28350,0.28350,0.00000,0.56700,21,134,68
4,2,32,200,exponential,0.5,3,stepaware,0.22487,0.22487,0.00000,0.44975,23,147,68
4,2,32,200,exponential,0.5,4,serial,0.14938,0.18500,0.03562,0.29875,23,160,41
4,2,32,200,exponential,0.5,4,cb,0.20425,0.20425,0.00000,0.40850,27,111,54
4,2,32,200,exponential,0.5,4,stepaware,0.30362,0.30362,0.00000,0.60725,23,132,74
4,2,32,200,exponential,0.9,0,serial,0.35625,0.57475,0.21850,0.71250,55,220,88
4,2,32,200,exponential,0.9,0,cb,0.35187,0.35187,0.00000,0.70375,26,93,94
4,2,32,200,exponential,0.9,0,stepaware,0.21063,0.21063,0.00000,0.42125,25,162,52
4,2,32,200,exponential,0.9,1,serial,0.13112,0.16450,0.03338,0.26225,28,146,38
4,2,32,200,exponential,0.9,1,cb,0.26250,0.26250,0.00000,0.52500,21,157,69
4,2,32,200,exponential,0.9,1,stepaware,0.25638,0.25638,0.00000,0.51275,30,137,63
4,2,32,200,exponential,0.9,2,serial,0.25512,0.38438,0.12925,0.51025,30,237,73
4,2,32,200,exponential,0.9,2,cb,0.27937,0.27937,0.00000,0.55875,24,193,67
4,2,32,200,exponential,0.9,2,stepaware,0.12500,0.12500,0.00000,0.25000,21,188,33
4,2,32,200,exponential,0.9,3,serial,0.29063,0.43462,0.14400,0.58125,41,254,64
4,2,32,200,exponential,0.9,3,cb,0.31162,0.31162,0.00000,0.62325,22,137,79
4,2,32,200,exponential,0.9,3,stepaware,0.11188,0.11188,0.00000,0.22375,23,135,33
4,2,32,200,exponential,0.9,4,serial,0.17500,0.24725,0.07225,0.35000,27,202,56
4,2,32,200,exponential,0.9,4,cb,0.16600,0.16600,0.00000,0.33200,20,122,42
4,2,32,200,exponential,0.9,4,stepaware,0.27037,0.27037,0.00000,0.54075,19,204,67
4,2,32,200,lognormal-heavytail,0.0,0,serial,0.29463,0.44188,0.14725,0.58925,31,184,83
4,2,32,200,lognormal-heavytail,0.0,0,cb,0.29163,0.29163,0.00000,0.58325,18,171,69
4,2,32,200,lognormal-heavytail,0.0,0,stepaware,0.25075,0.25075,0.00000,0.50150,25,131,65
4,2,32,200,lognormal-heavytail,0.0,1,serial,0.33125,0.52850,0.19725,0.66250,61,270,70
4,2,32,200,lognormal-heavytail,0.0,1,cb,0.18525,0.18525,0.00000,0.37050,18,94,62
4,2,32,200,lognormal-heavytail,0.0,1,stepaware,0.30912,0.30912,0.00000,0.61825,20,155,85
4,2,32,200,lognormal-heavytail,0.0,2,serial,0.30425,0.47363,0.16937,0.60850,57,319,60
4,2,32,200,lognormal-heavytail,0.0,2,cb,0.27163,0.27163,0.00000,0.54325,26,122,72
4,2,32,200,lognormal-heavytail,0.0,2,stepaware,0.31962,0.31962,0.00000,0.63925,23,171,79
4,2,32,200,lognormal-heavytail,0.0,3,serial,0.14850,0.18800,0.03950,0.29700,37,109,40
4,2,32,200,lognormal-heavytail,0.0,3,cb,0.32088,0.32088,0.00000,0.64175,27,211,81
4,2,32,200,lognormal-heavytail,0.0,3,stepaware,0.28113,0.28113,0.00000,0.56225,21,188,74
4,2,32,200,lognormal-heavytail,0.0,4,serial,0.28600,0.44150,0.15550,0.57200,33,280,77
4,2,32,200,lognormal-heavytail,0.0,4,cb,0.24363,0.24363,0.00000,0.48725,24,184,66
4,2,32,200,lognormal-heavytail,0.0,4,stepaware,0.25438,0.25438,0.00000,0.50875,26,163,60
4,2,32,200,lognormal-heavytail,0.5,0,serial,0.22225,0.33713,0.11488,0.44450,47,234,52
4,2,32,200,lognormal-heavytail,0.5,0,cb,0.19025,0.19025,0.00000,0.38050,33,110,40
4,2,32,200,lognormal-heavytail,0.5,0,stepaware,0.30462,0.30462,0.00000,0.60925,18,154,96
4,2,32,200,lognormal-heavytail,0.5,1,serial,0.12950,0.14775,0.01825,0.25900,20,100,35
4,2,32,200,lognormal-heavytail,0.5,1,cb,0.30400,0.30400,0.00000,0.60800,23,176,76
4,2,32,200,lognormal-heavytail,0.5,1,stepaware,0.22687,0.22687,0.00000,0.45375,18,122,78
4,2,32,200,lognormal-heavytail,0.5,2,serial,0.31700,0.51338,0.19638,0.63400,63,248,67
4,2,32,200,lognormal-heavytail,0.5,2,cb,0.43225,0.43225,0.00000,0.86450,27,112,104
4,2,32,200,lognormal-heavytail,0.5,2,stepaware,0.39775,0.39775,0.00000,0.79550,27,120,99
4,2,32,200,lognormal-heavytail,0.5,3,serial,0.19412,0.25188,0.05775,0.38825,26,168,55
4,2,32,200,lognormal-heavytail,0.5,3,cb,0.30500,0.30500,0.00000,0.61000,22,144,80
4,2,32,200,lognormal-heavytail,0.5,3,stepaware,0.42550,0.42550,0.00000,0.85100,25,108,113
4,2,32,200,lognormal-heavytail,0.5,4,serial,0.14025,0.20388,0.06362,0.28050,43,167,33
4,2,32,200,lognormal-heavytail,0.5,4,cb,0.17588,0.17588,0.00000,0.35175,32,134,40
4,2,32,200,lognormal-heavytail,0.5,4,stepaware,0.32775,0.32775,0.00000,0.65550,26,131,83
4,2,32,200,lognormal-heavytail,0.9,0,serial,0.19175,0.28825,0.09650,0.38350,37,152,53
4,2,32,200,lognormal-heavytail,0.9,0,cb,0.37600,0.37600,0.00000,0.75200,21,149,106
4,2,32,200,lognormal-heavytail,0.9,0,stepaware,0.14563,0.14563,0.00000,0.29125,19,142,39
4,2,32,200,lognormal-heavytail,0.9,1,serial,0.04487,0.04838,0.00350,0.08975,30,101,12
4,2,32,200,lognormal-heavytail,0.9,1,cb,0.17463,0.17463,0.00000,0.34925,28,182,42
4,2,32,200,lognormal-heavytail,0.9,1,stepaware,0.18800,0.18800,0.00000,0.37600,28,110,54
4,2,32,200,lognormal-heavytail,0.9,2,serial,0.12862,0.22162,0.09300,0.25725,54,113,40
4,2,32,200,lognormal-heavytail,0.9,2,cb,0.33887,0.33887,0.00000,0.67775,18,129,113
4,2,32,200,lognormal-heavytail,0.9,2,stepaware,0.16975,0.16975,0.00000,0.33950,39,177,38
4,2,32,200,lognormal-heavytail,0.9,3,serial,0.18588,0.20237,0.01650,0.37175,29,143,42
4,2,32,200,lognormal-heavytail,0.9,3,cb,0.20062,0.20062,0.00000,0.40125,22,102,60
4,2,32,200,lognormal-heavytail,0.9,3,stepaware,0.48862,0.48862,0.00000,0.97725,23,147,146
4,2,32,200,lognormal-heavytail,0.9,4,serial,0.30838,0.45875,0.15037,0.61675,44,135,86
4,2,32,200,lognormal-heavytail,0.9,4,cb,0.38925,0.38925,0.00000,0.77850,25,158,105
4,2,32,200,lognormal-heavytail,0.9,4,stepaware,0.47750,0.47750,0.00000,0.95500,25,123,117
4,4,8,50,exponential,0.0,0,serial,0.12537,0.18338,0.05800,0.50150,7,65,255
4,4,8,50,exponential,0.0,0,cb,0.14050,0.14050,0.00000,0.56200,6,35,271
4,4,8,50,exponential,0.0,0,stepaware,0.12137,0.12137,0.00000,0.48550,5,31,270
4,4,8,50,exponential,0.0,1,serial,0.12575,0.18419,0.05844,0.50300,9,38,277
4,4,8,50,exponential,0.0,1,cb,0.14088,0.14088,0.00000,0.56350,5,40,268
4,4,8,50,exponential,0.0,1,stepaware,0.15644,0.15644,0.00000,0.62575,5,42,321
4,4,8,50,exponential,0.0,2,serial,0.12300,0.19106,0.06806,0.49200,8,45,272
4,4,8,50,exponential,0.0,2,cb,0.13287,0.13287,0.00000,0.53150,5,38,275
4,4,8,50,exponential,0.0,2,stepaware,0.13394,0.13394,0.00000,0.53575,5,37,278
4,4,8,50,exponential,0.0,3,serial,0.11631,0.16062,0.04431,0.46525,7,36,262
4,4,8,50,exponential,0.0,3,cb,0.13150,0.13150,0.00000,0.52600,6,38,267
4,4,8,50,exponential,0.0,3,stepaware,0.12800,0.12800,0.00000,0.51200,4,35,288
4,4,8,50,exponential,0.0,4,serial,0.12394,0.18600,0.06206,0.49575,7,46,282
4,4,8,50,exponential,0.0,4,cb,0.15188,0.15188,0.00000,0.60750,6,36,288
4,4,8,50,exponential,0.0,4,stepaware,0.15719,0.15719,0.00000,0.62875,5,40,320
4,4,8,50,exponential,0.5,0,serial,0.11438,0.16300,0.04863,0.45750,7,41,244
4,4,8,50,exponential,0.5,0,cb,0.08081,0.08081,0.00000,0.32325,5,31,185
4,4,8,50,exponential,0.5,0,stepaware,0.13894,0.13894,0.00000,0.55575,6,39,290
4,4,8,50,exponential,0.5,1,serial,0.08544,0.12775,0.04231,0.34175,8,65,193
4,4,8,50,exponential,0.5,1,cb,0.20187,0.20187,0.00000,0.80750,5,34,436
4,4,8,50,exponential,0.5,1,stepaware,0.13687,0.13687,0.00000,0.54750,5,38,300
4,4,8,50,exponential,0.5,2,serial,0.11419,0.16137,0.04719,0.45675,6,43,267
4,4,8,50,exponential,0.5,2,cb,0.13912,0.13912,0.00000,0.55650,5,33,298
4,4,8,50,exponential,0.5,2,stepaware,0.20713,0.20713,0.00000,0.82850,5,34,432
4,4,8,50,exponential,0.5,3,serial,0.11937,0.18300,0.06363,0.47750,8,43,248
4,4,8,50,exponential,0.5,3,cb,0.12587,0.12587,0.00000,0.50350,5,38,266
4,4,8,50,exponential,0.5,3,stepaware,0.07131,0.07131,0.00000,0.28525,6,32,156
4,4,8,50,exponential,0.5,4,serial,0.10706,0.15919,0.05213,0.42825,7,37,252
4,4,8,50,exponential,0.5,4,cb,0.08588,0.08588,0.00000,0.34350,5,35,198
4,4,8,50,exponential,0.5,4,stepaware,0.16969,0.16969,0.00000,0.67875,5,37,371
4,4,8,50,exponential,0.9,0,serial,0.06019,0.07362,0.01344,0.24075,6,37,125
4,4,8,50,exponential,0.9,0,cb,0.11900,0.11900,0.00000,0.47600,5,33,255
4,4,8,50,exponential,0.9,0,stepaware,0.10950,0.10950,0.00000,0.43800,5,50,216
4,4,8,50,exponential,0.9,1,serial,0.05531,0.06513,0.00981,0.22125,6,41,120
4,4,8,50,exponential,0.9,1,cb,0.10956,0.10956,0.00000,0.43825,5,33,228
4,4,8,50,exponential,0.9,1,stepaware,0.12775,0.12775,0.00000,0.51100,5,39,243
4,4,8,50,exponential,0.9,2,serial,0.09869,0.13956,0.04088,0.39475,8,92,199
4,4,8,50,exponential,0.9,2,cb,0.10687,0.10687,0.00000,0.42750,5,36,230
4,4,8,50,exponential,0.9,2,stepaware,0.19969,0.19969,0.00000,0.79875,5,36,432
4,4,8,50,exponential,0.9,3,serial,0.09175,0.13962,0.04788,0.36700,7,41,237
4,4,8,50,exponential,0.9,3,cb,0.22069,0.22069,0.00000,0.88275,5,37,459
4,4,8,50,exponential,0.9,3,stepaware,0.16606,0.16606,0.00000,0.66425,5,40,354
4,4,8,50,exponential,0.9,4,serial,0.05519,0.08463,0.02944,0.22075,7,54,117
4,4,8,50,exponential,0.9,4,cb,0.11631,0.11631,0.00000,0.46525,5,39,242
4,4,8,50,exponential,0.9,4,stepaware,0.12725,0.12725,0.00000,0.50900,5,33,280
4,4,8,50,lognormal-heavytail,0.0,0,serial,0.13787,0.20431,0.06644,0.55150,8,38,292
4,4,8,50,lognormal-heavytail,0.0,0,cb,0.14569,0.14569,0.00000,0.58275,5,37,308
4,4,8,50,lognormal-heavytail,0.0,0,stepaware,0.14513,0.14513,0.00000,0.58050,6,42,280
4,4,8,50,lognormal-heavytail,0.0,1,serial,0.11819,0.15825,0.04006,0.47275,7,41,282
4,4,8,50,lognormal-heavytail,0.0,1,cb,0.16144,0.16144,0.00000,0.64575,5,41,325
4,4,8,50,lognormal-heavytail,0.0,1,stepaware,0.15138,0.15138,0.00000,0.60550,5,39,330
4,4,8,50,lognormal-heavytail,0.0,2,serial,0.13806,0.22400,0.08594,0.55225,9,58,275
4,4,8,50,lognormal-heavytail,0.0,2,cb,0.13831,0.13831,0.00000,0.55325,5,36,292
4,4,8,50,lognormal-heavytail,0.0,2,stepaware,0.13737,0.13737,0.00000,0.54950,5,36,289
4,4,8,50,lognormal-heavytail,0.0,3,serial,0.13325,0.21194,0.07869,0.53300,9,47,271
4,4,8,50,lognormal-heavytail,0.0,3,cb,0.14744,0.14744,0.00000,0.58975,5,34,321
4,4,8,50,lognormal-heavytail,0.0,3,stepaware,0.15575,0.15575,0.00000,0.62300,4,36,351
4,4,8,50,lognormal-heavytail,0.0,4,serial,0.14413,0.23125,0.08713,0.57650,10,48,278
4,4,8,50,lognormal-heavytail,0.0,4,cb,0.14906,0.14906,0.00000,0.59625,6,44,290
4,4,8,50,lognormal-heavytail,0.0,4,stepaware,0.12187,0.12187,0.00000,0.48750,4,33,286
4,4,8,50,lognormal-heavytail,0.5,0,serial,0.17144,0.31394,0.14250,0.68575,11,63,348
4,4,8,50,lognormal-heavytail,0.5,0,cb,0.16706,0.16706,0.00000,0.66825,5,31,390
4,4,8,50,lognormal-heavytail,0.5,0,stepaware,0.02538,0.02538,0.00000,0.10150,3,38,53
4,4,8,50,lognormal-heavytail,0.5,1,serial,0.15694,0.26512,0.10819,0.62775,11,49,315
4,4,8,50,lognormal-heavytail,0.5,1,cb,0.15188,0.15188,0.00000,0.60750,4,34,314
4,4,8,50,lognormal-heavytail,0.5,1,stepaware,0.21581,0.21581,0.00000,0.86325,5,41,434
4,4,8,50,lognormal-heavytail,0.5,2,serial,0.05025,0.07206,0.02181,0.20100,7,43,112
4,4,8,50,lognormal-heavytail,0.5,2,cb,0.17069,0.17069,0.00000,0.68275,6,35,333
4,4,8,50,lognormal-heavytail,0.5,2,stepaware,0.09481,0.09481,0.00000,0.37925,5,34,209
4,4,8,50,lognormal-heavytail,0.5,3,serial,0.05788,0.06613,0.00825,0.23150,6,38,132
4,4,8,50,lognormal-heavytail,0.5,3,cb,0.15300,0.15300,0.00000,0.61200,5,37,330
4,4,8,50,lognormal-heavytail,0.5,3,stepaware,0.11238,0.11238,0.00000,0.44950,6,27,240
4,4,8,50,lognormal-heavytail,0.5,4,serial,0.10912,0.17175,0.06263,0.43650,8,54,229
4,4,8,50,lognormal-heavytail,0.5,4,cb,0.14325,0.14325,0.00000,0.57300,5,34,289
4,4,8,50,lognormal-heavytail,0.5,4,stepaware,0.13844,0.13844,0.00000,0.55375,5,34,283
4,4,8,50,lognormal-heavytail,0.9,0,serial,0.08769,0.15188,0.06419,0.35075,12,63,178
4,4,8,50,lognormal-heavytail,0.9,0,cb,0.02569,0.02569,0.00000,0.10275,6,38,54
4,4,8,50,lognormal-heavytail,0.9,0,stepaware,0.13594,0.13594,0.00000,0.54375,5,47,298
4,4,8,50,lognormal-heavytail,0.9,1,serial,0.04081,0.06950,0.02869,0.16325,12,52,78
4,4,8,50,lognormal-heavytail,0.9,1,cb,0.13381,0.13381,0.00000,0.53525,5,39,280
4,4,8,50,lognormal-heavytail,0.9,1,stepaware,0.11256,0.11256,0.00000,0.45025,5,33,241
4,4,8,50,lognormal-heavytail,0.9,2,serial,0.12494,0.20856,0.08363,0.49975,11,59,234
4,4,8,50,lognormal-heavytail,0.9,2,cb,0.16850,0.16850,0.00000,0.67400,5,40,350
4,4,8,50,lognormal-heavytail,0.9,2,stepaware,0.06419,0.06419,0.00000,0.25675,4,38,147
4,4,8,50,lognormal-heavytail,0.9,3,serial,0.07000,0.10156,0.03156,0.28000,6,69,157
4,4,8,50,lognormal-heavytail,0.9,3,cb,0.04856,0.04856,0.00000,0.19425,4,34,117
4,4,8,50,lognormal-heavytail,0.9,3,stepaware,0.05531,0.05531,0.00000,0.22125,6,33,108
4,4,8,50,lognormal-heavytail,0.9,4,serial,0.00675,0.00900,0.00225,0.02700,5,30,18
4,4,8,50,lognormal-heavytail,0.9,4,cb,0.10994,0.10994,0.00000,0.43975,5,36,214
4,4,8,50,lognormal-heavytail,0.9,4,stepaware,0.09012,0.09012,0.00000,0.36050,5,38,196
4,4,8,200,exponential,0.0,0,serial,0.03956,0.04250,0.00294,0.15825,5,61,84
4,4,8,200,exponential,0.0,0,cb,0.03600,0.03600,0.00000,0.14400,4,42,81
4,4,8,200,exponential,0.0,0,stepaware,0.03963,0.03963,0.00000,0.15850,6,54,70
4,4,8,200,exponential,0.0,1,serial,0.04400,0.04900,0.00500,0.17600,7,41,88
4,4,8,200,exponential,0.0,1,cb,0.02744,0.02744,0.00000,0.10975,5,39,65
4,4,8,200,exponential,0.0,1,stepaware,0.04431,0.04431,0.00000,0.17725,8,55,74
4,4,8,200,exponential,0.0,2,serial,0.03975,0.04356,0.00381,0.15900,7,37,69
4,4,8,200,exponential,0.0,2,cb,0.02719,0.02719,0.00000,0.10875,4,31,76
4,4,8,200,exponential,0.0,2,stepaware,0.02763,0.02763,0.00000,0.11050,4,42,70
4,4,8,200,exponential,0.0,3,serial,0.04637,0.05744,0.01106,0.18550,6,68,92
4,4,8,200,exponential,0.0,3,cb,0.03281,0.03281,0.00000,0.13125,5,33,70
4,4,8,200,exponential,0.0,3,stepaware,0.03000,0.03000,0.00000,0.12000,4,31,63
4,4,8,200,exponential,0.0,4,serial,0.04031,0.04569,0.00537,0.16125,7,43,75
4,4,8,200,exponential,0.0,4,cb,0.03450,0.03450,0.00000,0.13800,5,24,88
4,4,8,200,exponential,0.0,4,stepaware,0.03531,0.03531,0.00000,0.14125,4,35,80
4,4,8,200,exponential,0.5,0,serial,0.03325,0.03769,0.00444,0.13300,5,30,90
4,4,8,200,exponential,0.5,0,cb,0.05019,0.05019,0.00000,0.20075,5,37,114
4,4,8,200,exponential,0.5,0,stepaware,0.02025,0.02025,0.00000,0.08100,5,23,47
4,4,8,200,exponential,0.5,1,serial,0.01725,0.01800,0.00075,0.06900,6,27,42
4,4,8,200,exponential,0.5,1,cb,0.02469,0.02469,0.00000,0.09875,4,37,51
4,4,8,200,exponential,0.5,1,stepaware,0.06900,0.06900,0.00000,0.27600,5,39,150
4,4,8,200,exponential,0.5,2,serial,0.04281,0.05237,0.00956,0.17125,6,50,92
4,4,8,200,exponential,0.5,2,cb,0.03825,0.03825,0.00000,0.15300,6,44,80
4,4,8,200,exponential,0.5,2,stepaware,0.02806,0.02806,0.00000,0.11225,5,40,57
4,4,8,200,exponential,0.5,3,serial,0.05344,0.06075,0.00731,0.21375,6,32,117
4,4,8,200,exponential,0.5,3,cb,0.04312,0.04312,0.00000,0.17250,5,31,92
4,4,8,200,exponential,0.5,3,stepaware,0.03800,0.03800,0.00000,0.15200,6,36,82
4,4,8,200,exponential,0.5,4,serial,0.03325,0.03712,0.00387,0.13300,5,32,75
4,4,8,200,exponential,0.5,4,cb,0.04325,0.04325,0.00000,0.17300,6,33,83
4,4,8,200,exponential,0.5,4,stepaware,0.01444,0.01444,0.00000,0.05775,5,22,33
4,4,8,200,exponential,0.9,0,serial,0.03263,0.03400,0.00138,0.13050,7,26,72
4,4,8,200,exponential,0.9,0,cb,0.02775,0.02775,0.00000,0.11100,5,32,60
4,4,8,200,exponential,0.9,0,stepaware,0.02331,0.02331,0.00000,0.09325,7,30,44
4,4,8,200,exponential,0.9,1,serial,0.05075,0.05844,0.00769,0.20300,5,37,120
4,4,8,200,exponential,0.9,1,cb,0.22394,0.22394,0.00000,0.89575,5,35,494
4,4,8,200,exponential,0.9,1,stepaware,0.02038,0.02038,0.00000,0.08150,7,43,33
4,4,8,200,exponential,0.9,2,serial,0.02081,0.02169,0.00087,0.08325,4,35,50
4,4,8,200,exponential,0.9,2,cb,0.06431,0.06431,0.00000,0.25725,5,24,149
4,4,8,200,exponential,0.9,2,stepaware,0.01425,0.01425,0.00000,0.05700,4,31,36
4,4,8,200,exponential,0.9,3,serial,0.02200,0.02488,0.00288,0.08800,6,79,37
4,4,8,200,exponential,0.9,3,cb,0.01600,0.01600,0.00000,0.06400,5,23,38
4,4,8,200,exponential,0.9,3,stepaware,0.18038,0.18038,0.00000,0.72150,6,36,385
4,4,8,200,exponential,0.9,4,serial,0.02175,0.02575,0.00400,0.08700,4,38,53
4,4,8,200,exponential,0.9,4,cb,0.04931,0.04931,0.00000,0.19725,5,28,115
4,4,8,200,exponential,0.9,4,stepaware,0.06313,0.06313,0.00000,0.25250,5,36,152
4,4,8,200,lognormal-heavytail,0.0,0,serial,0.04913,0.05556,0.00644,0.19650,6,58,84
4,4,8,200,lognormal-heavytail,0.0,0,cb,0.03719,0.03719,0.00000,0.14875,5,40,76
4,4,8,200,lognormal-heavytail,0.0,0,stepaware,0.03300,0.03300,0.00000,0.13200,5,32,64
4,4,8,200,lognormal-heavytail,0.0,1,serial,0.03650,0.04487,0.00838,0.14600,6,54,75
4,4,8,200,lognormal-heavytail,0.0,1,cb,0.03406,0.03406,0.00000,0.13625,5,24,80
4,4,8,200,lognormal-heavytail,0.0,1,stepaware,0.04506,0.04506,0.00000,0.18025,6,42,75
4,4,8,200,lognormal-heavytail,0.0,2,serial,0.04719,0.05300,0.00581,0.18875,8,47,80
4,4,8,200,lognormal-heavytail,0.0,2,cb,0.03425,0.03425,0.00000,0.13700,5,28,80
4,4,8,200,lognormal-heavytail,0.0,2,stepaware,0.04081,0.04081,0.00000,0.16325,4,33,92
4,4,8,200,lognormal-heavytail,0.0,3,serial,0.05287,0.06056,0.00769,0.21150,7,42,104
4,4,8,200,lognormal-heavytail,0.0,3,cb,0.06413,0.06413,0.00000,0.25650,6,34,116
4,4,8,200,lognormal-heavytail,0.0,3,stepaware,0.03712,0.03712,0.00000,0.14850,4,48,74
4,4,8,200,lognormal-heavytail,0.0,4,serial,0.05119,0.05581,0.00463,0.20475,7,33,97
4,4,8,200,lognormal-heavytail,0.0,4,cb,0.04550,0.04550,0.00000,0.18200,7,45,88
4,4,8,200,lognormal-heavytail,0.0,4,stepaware,0.03662,0.03662,0.00000,0.14650,7,51,60
4,4,8,200,lognormal-heavytail,0.5,0,serial,0.04519,0.05656,0.01138,0.18075,6,46,99
4,4,8,200,lognormal-heavytail,0.5,0,cb,0.01469,0.01469,0.00000,0.05875,4,35,36
4,4,8,200,lognormal-heavytail,0.5,0,stepaware,0.03913,0.03913,0.00000,0.15650,4,37,92
4,4,8,200,lognormal-heavytail,0.5,1,serial,0.06300,0.08163,0.01863,0.25200,7,45,141
4,4,8,200,lognormal-heavytail,0.5,1,cb,0.07894,0.07894,0.00000,0.31575,6,45,136
4,4,8,200,lognormal-heavytail,0.5,1,stepaware,0.06819,0.06819,0.00000,0.27275,5,31,139
4,4,8,200,lognormal-heavytail,0.5,2,serial,0.06444,0.08094,0.01650,0.25775,6,38,143
4,4,8,200,lognormal-heavytail,0.5,2,cb,0.08769,0.08769,0.00000,0.35075,6,34,170
4,4,8,200,lognormal-heavytail,0.5,2,stepaware,0.04900,0.04900,0.00000,0.19600,5,39,89
4,4,8,200,lognormal-heavytail,0.5,3,serial,0.04544,0.05244,0.00700,0.18175,8,54,76
4,4,8,200,lognormal-heavytail,0.5,3,cb,0.04781,0.04781,0.00000,0.19125,4,33,116
4,4,8,200,lognormal-heavytail,0.5,3,stepaware,0.03787,0.03787,0.00000,0.15150,5,44,82
4,4,8,200,lognormal-heavytail,0.5,4,serial,0.09069,0.12962,0.03894,0.36275,9,55,172
4,4,8,200,lognormal-heavytail,0.5,4,cb,0.06556,0.06556,0.00000,0.26225,5,30,138
4,4,8,200,lognormal-heavytail,0.5,4,stepaware,0.07350,0.07350,0.00000,0.29400,4,45,166
4,4,8,200,lognormal-heavytail,0.9,0,serial,0.09337,0.13431,0.04094,0.37350,9,44,181
4,4,8,200,lognormal-heavytail,0.9,0,cb,0.00450,0.00450,0.00000,0.01800,6,18,12
4,4,8,200,lognormal-heavytail,0.9,0,stepaware,0.03288,0.03288,0.00000,0.13150,6,38,61
4,4,8,200,lognormal-heavytail,0.9,1,serial,0.04788,0.07544,0.02756,0.19150,8,51,89
4,4,8,200,lognormal-heavytail,0.9,1,cb,0.01787,0.01787,0.00000,0.07150,4,37,42
4,4,8,200,lognormal-heavytail,0.9,1,stepaware,0.04744,0.04744,0.00000,0.18975,4,35,109
4,4,8,200,lognormal-heavytail,0.9,2,serial,0.08700,0.11131,0.02431,0.34800,7,33,189
4,4,8,200,lognormal-heavytail,0.9,2,cb,0.02206,0.02206,0.00000,0.08825,5,32,52
4,4,8,200,lognormal-heavytail,0.9,2,stepaware,0.02962,0.02962,0.00000,0.11850,5,23,77
4,4,8,200,lognormal-heavytail,0.9,3,serial,0.10250,0.15150,0.04900,0.41000,8,53,218
4,4,8,200,lognormal-heavytail,0.9,3,cb,0.07262,0.07262,0.00000,0.29050,5,30,165
4,4,8,200,lognormal-heavytail,0.9,3,stepaware,0.07500,0.07500,0.00000,0.30000,4,41,157
4,4,8,200,lognormal-heavytail,0.9,4,serial,0.07556,0.10919,0.03363,0.30225,7,58,165
4,4,8,200,lognormal-heavytail,0.9,4,cb,0.01931,0.01931,0.00000,0.07725,3,46,53
4,4,8,200,lognormal-heavytail,0.9,4,stepaware,0.06681,0.06681,0.00000,0.26725,6,42,137
4,4,32,50,exponential,0.0,0,serial,0.23706,0.64606,0.40900,0.94825,78,247,112
4,4,32,50,exponential,0.0,0,cb,0.39494,0.39494,0.00000,1.57975,19,115,216
4,4,32,50,exponential,0.0,0,stepaware,0.37812,0.37812,0.00000,1.51250,19,103,221
4,4,32,50,exponential,0.0,1,serial,0.22525,0.57756,0.35231,0.90100,65,245,118
4,4,32,50,exponential,0.0,1,cb,0.36438,0.36438,0.00000,1.45750,20,138,194
4,4,32,50,exponential,0.0,1,stepaware,0.42406,0.42406,0.00000,1.69625,31,170,185
4,4,32,50,exponential,0.0,2,serial,0.24400,0.67981,0.43581,0.97600,70,297,119
4,4,32,50,exponential,0.0,2,cb,0.43094,0.43094,0.00000,1.72375,21,115,211
4,4,32,50,exponential,0.0,2,stepaware,0.43444,0.43444,0.00000,1.73775,23,142,203
4,4,32,50,exponential,0.0,3,serial,0.22644,0.58725,0.36081,0.90575,64,222,121
4,4,32,50,exponential,0.0,3,cb,0.39881,0.39881,0.00000,1.59525,20,170,200
4,4,32,50,exponential,0.0,3,stepaware,0.38362,0.38362,0.00000,1.53450,21,167,194
4,4,32,50,exponential,0.0,4,serial,0.23906,0.63031,0.39125,0.95625,76,182,127
4,4,32,50,exponential,0.0,4,cb,0.38469,0.38469,0.00000,1.53875,24,157,192
4,4,32,50,exponential,0.0,4,stepaware,0.42131,0.42131,0.00000,1.68525,24,146,187
4,4,32,50,exponential,0.5,0,serial,0.22562,0.56650,0.34088,0.90250,63,238,114
4,4,32,50,exponential,0.5,0,cb,0.20250,0.20250,0.00000,0.81000,20,204,100
4,4,32,50,exponential,0.5,0,stepaware,0.28544,0.28544,0.00000,1.14175,19,185,139
4,4,32,50,exponential,0.5,1,serial,0.22231,0.54794,0.32562,0.88925,60,223,120
4,4,32,50,exponential,0.5,1,cb,0.40687,0.40687,0.00000,1.62750,22,169,183
4,4,32,50,exponential,0.5,1,stepaware,0.30412,0.30412,0.00000,1.21650,19,130,157
4,4,32,50,exponential,0.5,2,serial,0.23419,0.65544,0.42125,0.93675,75,246,132
4,4,32,50,exponential,0.5,2,cb,0.33963,0.33963,0.00000,1.35850,20,192,165
4,4,32,50,exponential,0.5,2,stepaware,0.33287,0.33287,0.00000,1.33150,24,175,145
4,4,32,50,exponential,0.5,3,serial,0.23087,0.57356,0.34269,0.92350,54,206,126
4,4,32,50,exponential,0.5,3,cb,0.29550,0.29550,0.00000,1.18200,18,115,174
4,4,32,50,exponential,0.5,3,stepaware,0.35069,0.35069,0.00000,1.40275,22,122,193
4,4,32,50,exponential,0.5,4,serial,0.20400,0.50219,0.29819,0.81600,56,274,104
4,4,32,50,exponential,0.5,4,cb,0.36025,0.36025,0.00000,1.44100,21,149,176
4,4,32,50,exponential,0.5,4,stepaware,0.35781,0.35781,0.00000,1.43125,23,120,184
4,4,32,50,exponential,0.9,0,serial,0.19387,0.43031,0.23644,0.77550,57,235,104
4,4,32,50,exponential,0.9,0,cb,0.30006,0.30006,0.00000,1.20025,21,143,156
4,4,32,50,exponential,0.9,0,stepaware,0.27613,0.27613,0.00000,1.10450,23,117,151
4,4,32,50,exponential,0.9,1,serial,0.14944,0.24125,0.09181,0.59775,33,189,74
4,4,32,50,exponential,0.9,1,cb,0.26494,0.26494,0.00000,1.05975,21,144,128
4,4,32,50,exponential,0.9,1,stepaware,0.31150,0.31150,0.00000,1.24600,18,147,170
4,4,32,50,exponential,0.9,2,serial,0.13900,0.25575,0.11675,0.55600,35,218,84
4,4,32,50,exponential,0.9,2,cb,0.24425,0.24425,0.00000,0.97700,22,129,120
4,4,32,50,exponential,0.9,2,stepaware,0.22794,0.22794,0.00000,0.91175,20,119,128
4,4,32,50,exponential,0.9,3,serial,0.17888,0.35794,0.17906,0.71550,52,318,77
4,4,32,50,exponential,0.9,3,cb,0.34281,0.34281,0.00000,1.37125,27,117,148
4,4,32,50,exponential,0.9,3,stepaware,0.31106,0.31106,0.00000,1.24425,22,127,153
4,4,32,50,exponential,0.9,4,serial,0.22081,0.61175,0.39094,0.88325,70,351,116
4,4,32,50,exponential,0.9,4,cb,0.27719,0.27719,0.00000,1.10875,21,127,151
4,4,32,50,exponential,0.9,4,stepaware,0.29950,0.29950,0.00000,1.19800,27,164,133
4,4,32,50,lognormal-heavytail,0.0,0,serial,0.23463,0.62787,0.39325,0.93850,65,207,130
4,4,32,50,lognormal-heavytail,0.0,0,cb,0.45375,0.45375,0.00000,1.81500,21,144,228
4,4,32,50,lognormal-heavytail,0.0,0,stepaware,0.33625,0.33625,0.00000,1.34500,23,156,178
4,4,32,50,lognormal-heavytail,0.0,1,serial,0.23156,0.64025,0.40869,0.92625,67,222,133
4,4,32,50,lognormal-heavytail,0.0,1,cb,0.42431,0.42431,0.00000,1.69725,18,141,218
4,4,32,50,lognormal-heavytail,0.0,1,stepaware,0.38612,0.38612,0.00000,1.54450,22,185,181
4,4,32,50,lognormal-heavytail,0.0,2,serial,0.22769,0.57463,0.34694,0.91075,56,230,133
4,4,32,50,lognormal-heavytail,0.0,2,cb,0.47950,0.47950,0.00000,1.91800,24,198,210
4,4,32,50,lognormal-heavytail,0.0,2,stepaware,0.40163,0.40163,0.00000,1.60650,20,154,197
4,4,32,50,lognormal-heavytail,0.0,3,serial,0.24200,0.70019,0.45819,0.96800,93,218,118
4,4,32,50,lognormal-heavytail,0.0,3,cb,0.42831,0.42831,0.00000,1.71325,22,138,224
4,4,32,50,lognormal-heavytail,0.0,3,stepaware,0.46837,0.46837,0.00000,1.87350,23,135,208
4,4,32,50,lognormal-heavytail,0.0,4,serial,0.24494,0.74350,0.49856,0.97975,103,221,108
4,4,32,50,lognormal-heavytail,0.0,4,cb,0.46263,0.46263,0.00000,1.85050,24,155,205
4,4,32,50,lognormal-heavytail,0.0,4,stepaware,0.31162,0.31162,0.00000,1.24650,19,139,167
4,4,32,50,lognormal-heavytail,0.5,0,serial,0.14006,0.25450,0.11444,0.56025,38,195,66
4,4,32,50,lognormal-heavytail,0.5,0,cb,0.29219,0.29219,0.00000,1.16875,19,146,168
4,4,32,50,lognormal-heavytail,0.5,0,stepaware,0.24638,0.24638,0.00000,0.98550,21,139,129
4,4,32,50,lognormal-heavytail,0.5,1,serial,0.22319,0.62081,0.39763,0.89275,78,323,88
4,4,32,50,lognormal-heavytail,0.5,1,cb,0.28594,0.28594,0.00000,1.14375,18,160,150
4,4,32,50,lognormal-heavytail,0.5,1,stepaware,0.11719,0.11719,0.00000,0.46875,18,150,76
4,4,32,50,lognormal-heavytail,0.5,2,serial,0.21388,0.53612,0.32225,0.85550,64,348,109
4,4,32,50,lognormal-heavytail,0.5,2,cb,0.35863,0.35863,0.00000,1.43450,22,147,180
4,4,32,50,lognormal-heavytail,0.5,2,stepaware,0.27156,0.27156,0.00000,1.08625,27,212,121
4,4,32,50,lognormal-heavytail,0.5,3,serial,0.22625,0.58762,0.36137,0.90500,67,269,112
4,4,32,50,lognormal-heavytail,0.5,3,cb,0.40106,0.40106,0.00000,1.60425,23,175,193
4,4,32,50,lognormal-heavytail,0.5,3,stepaware,0.41331,0.41331,0.00000,1.65325,22,171,213
4,4,32,50,lognormal-heavytail,0.5,4,serial,0.23888,0.70225,0.46338,0.95550,95,346,109
4,4,32,50,lognormal-heavytail,0.5,4,cb,0.29131,0.29131,0.00000,1.16525,25,151,142
4,4,32,50,lognormal-heavytail,0.5,4,stepaware,0.14725,0.14725,0.00000,0.58900,16,137,96
4,4,32,50,lognormal-heavytail,0.9,0,serial,0.20494,0.46356,0.25862,0.81975,62,254,97
4,4,32,50,lognormal-heavytail,0.9,0,cb,0.20019,0.20019,0.00000,0.80075,22,211,96
4,4,32,50,lognormal-heavytail,0.9,0,stepaware,0.20650,0.20650,0.00000,0.82600,24,122,107
4,4,32,50,lognormal-heavytail,0.9,1,serial,0.09956,0.15500,0.05544,0.39825,25,234,56
4,4,32,50,lognormal-heavytail,0.9,1,cb,0.35781,0.35781,0.00000,1.43125,20,126,186
4,4,32,50,lognormal-heavytail,0.9,1,stepaware,0.27437,0.27437,0.00000,1.09750,21,141,136
4,4,32,50,lognormal-heavytail,0.9,2,serial,0.18419,0.44875,0.26456,0.73675,50,222,117
4,4,32,50,lognormal-heavytail,0.9,2,cb,0.27531,0.27531,0.00000,1.10125,20,188,142
4,4,32,50,lognormal-heavytail,0.9,2,stepaware,0.35806,0.35806,0.00000,1.43225,22,205,158
4,4,32,50,lognormal-heavytail,0.9,3,serial,0.13919,0.23531,0.09613,0.55675,36,199,74
4,4,32,50,lognormal-heavytail,0.9,3,cb,0.13556,0.13556,0.00000,0.54225,18,106,88
4,4,32,50,lognormal-heavytail,0.9,3,stepaware,0.22406,0.22406,0.00000,0.89625,27,111,110
4,4,32,50,lognormal-heavytail,0.9,4,serial,0.19656,0.53169,0.33513,0.78625,72,314,95
4,4,32,50,lognormal-heavytail,0.9,4,cb,0.28663,0.28663,0.00000,1.14650,20,148,161
4,4,32,50,lognormal-heavytail,0.9,4,stepaware,0.37388,0.37388,0.00000,1.49550,22,184,184
4,4,32,200,exponential,0.0,0,serial,0.13681,0.21619,0.07938,0.54725,39,328,66
4,4,32,200,exponential,0.0,0,cb,0.14769,0.14769,0.00000,0.59075,29,138,60
4,4,32,200,exponential,0.0,0,stepaware,0.12744,0.12744,0.00000,0.50975,21,139,67
4,4,32,200,exponential,0.0,1,serial,0.15000,0.24488,0.09488,0.60000,42,202,72
4,4,32,200,exponential,0.0,1,cb,0.12475,0.12475,0.00000,0.49900,15,141,68
4,4,32,200,exponential,0.0,1,stepaware,0.14444,0.14444,0.00000,0.57775,21,212,65
4,4,32,200,exponential,0.0,2,serial,0.14088,0.23150,0.09063,0.56350,41,255,70
4,4,32,200,exponential,0.0,2,cb,0.13281,0.13281,0.00000,0.53125,24,110,74
4,4,32,200,exponential,0.0,2,stepaware,0.11131,0.11131,0.00000,0.44525,18,134,58
4,4,32,200,exponential,0.0,3,serial,0.12794,0.21181,0.08387,0.51175,30,322,61
4,4,32,200,exponential,0.0,3,cb,0.12100,0.12100,0.00000,0.48400,17,147,66
4,4,32,200,exponential,0.0,3,stepaware,0.18469,0.18469,0.00000,0.73875,28,191,84
4,4,32,200,exponential,0.0,4,serial,0.13412,0.21663,0.08250,0.53650,48,151,66
4,4,32,200,exponential,0.0,4,cb,0.09925,0.09925,0.00000,0.39700,22,102,56
4,4,32,200,exponential,0.0,4,stepaware,0.17713,0.17713,0.00000,0.70850,37,160,65
4,4,32,200,exponential,0.5,0,serial,0.14575,0.21600,0.07025,0.58300,35,220,64
4,4,32,200,exponential,0.5,0,cb,0.14156,0.14156,0.00000,0.56625,28,163,59
4,4,32,200,exponential,0.5,0,stepaware,0.06644,0.06644,0.00000,0.26575,21,108,42
4,4,32,200,exponential,0.5,1,serial,0.13981,0.21450,0.07469,0.55925,34,111,88
4,4,32,200,exponential,0.5,1,cb,0.14700,0.14700,0.00000,0.58800,26,113,66
4,4,32,200,exponential,0.5,1,stepaware,0.10881,0.10881,0.00000,0.43525,25,181,45
4,4,32,200,exponential,0.5,2,serial,0.09350,0.14469,0.05119,0.37400,23,130,65
4,4,32,200,exponential,0.5,2,cb,0.08500,0.08500,0.00000,0.34000,17,138,46
4,4,32,200,exponential,0.5,2,stepaware,0.14956,0.14956,0.00000,0.59825,22,143,78
4,4,32,200,exponential,0.5,3,serial,0.16437,0.28413,0.11975,0.65750,50,224,78
4,4,32,200,exponential,0.5,3,cb,0.09744,0.09744,0.00000,0.38975,15,128,66
4,4,32,200,exponential,0.5,3,stepaware,0.15075,0.15075,0.00000,0.60300,20,190,81
4,4,32,200,exponential,0.5,4,serial,0.11912,0.16569,0.04656,0.47650,33,136,62
4,4,32,200,exponential,0.5,4,cb,0.12219,0.12219,0.00000,0.48875,22,169,64
4,4,32,200,exponential,0.5,4,stepaware,0.20025,0.20025,0.00000,0.80100,21,154,98
4,4,32,200,exponential,0.9,0,serial,0.15881,0.25656,0.09775,0.63525,40,188,83
4,4,32,200,exponential,0.9,0,cb,0.10206,0.10206,0.00000,0.40825,25,81,59
4,4,32,200,exponential,0.9,0,stepaware,0.10938,0.10938,0.00000,0.43750,28,186,46
4,4,32,200,exponential,0.9,1,serial,0.10206,0.13225,0.03019,0.40825,30,186,49
4,4,32,200,exponential,0.9,1,cb,0.06875,0.06875,0.00000,0.27500,27,86,37
4,4,32,200,exponential,0.9,1,stepaware,0.07544,0.07544,0.00000,0.30175,33,97,29
4,4,32,200,exponential,0.9,2,serial,0.11969,0.17269,0.05300,0.47875,30,201,69
4,4,32,200,exponential,0.9,2,cb,0.23525,0.23525,0.00000,0.94100,23,144,111
4,4,32,200,exponential,0.9,2,stepaware,0.16856,0.16856,0.00000,0.67425,19,139,88
4,4,32,200,exponential,0.9,3,serial,0.07013,0.09025,0.02012,0.28050,22,151,35
4,4,32,200,exponential,0.9,3,cb,0.12425,0.12425,0.00000,0.49700,23,105,67
4,4,32,200,exponential,0.9,3,stepaware,0.12594,0.12594,0.00000,0.50375,22,148,75
4,4,32,200,exponential,0.9,4,serial,0.09925,0.14888,0.04963,0.39700,41,132,52
4,4,32,200,exponential,0.9,4,cb,0.21656,0.21656,0.00000,0.86625,23,112,102
4,4,32,200,exponential,0.9,4,stepaware,0.05719,0.05719,0.00000,0.22875,20,111,31
4,4,32,200,lognormal-heavytail,0.0,0,serial,0.11263,0.15175,0.03912,0.45050,22,123,77
4,4,32,200,lognormal-heavytail,0.0,0,cb,0.11600,0.11600,0.00000,0.46400,23,108,60
4,4,32,200,lognormal-heavytail,0.0,0,stepaware,0.15313,0.15313,0.00000,0.61250,22,98,79
4,4,32,200,lognormal-heavytail,0.0,1,serial,0.16056,0.26194,0.10137,0.64225,50,196,67
4,4,32,200,lognormal-heavytail,0.0,1,cb,0.10631,0.10631,0.00000,0.42525,21,217,63
4,4,32,200,lognormal-heavytail,0.0,1,stepaware,0.11950,0.11950,0.00000,0.47800,17,137,73
4,4,32,200,lognormal-heavytail,0.0,2,serial,0.13731,0.22375,0.08644,0.54925,53,203,57
4,4,32,200,lognormal-heavytail,0.0,2,cb,0.13512,0.13512,0.00000,0.54050,17,158,77
4,4,32,200,lognormal-heavytail,0.0,2,stepaware,0.16975,0.16975,0.00000,0.67900,27,153,73
4,4,32,200,lognormal-heavytail,0.0,3,serial,0.12412,0.20456,0.08044,0.49650,32,236,60
4,4,32,200,lognormal-heavytail,0.0,3,cb,0.13412,0.13412,0.00000,0.53650,19,203,80
4,4,32,200,lognormal-heavytail,0.0,3,stepaware,0.15188,0.15188,0.00000,0.60750,21,155,71
4,4,32,200,lognormal-heavytail,0.0,4,serial,0.08244,0.09694,0.01450,0.32975,20,211,46
4,4,32,200,lognormal-heavytail,0.0,4,cb,0.15869,0.15869,0.00000,0.63475,21,122,80
4,4,32,200,lognormal-heavytail,0.0,4,stepaware,0.12162,0.12162,0.00000,0.48650,17,137,74
4,4,32,200,lognormal-heavytail,0.5,0,serial,0.13562,0.21450,0.07888,0.54250,43,226,60
4,4,32,200,lognormal-heavytail,0.5,0,cb,0.16000,0.16000,0.00000,0.64000,23,153,82
4,4,32,200,lognormal-heavytail,0.5,0,stepaware,0.16362,0.16362,0.00000,0.65450,16,146,86
4,4,32,200,lognormal-heavytail,0.5,1,serial,0.14850,0.24381,0.09531,0.59400,37,154,78
4,4,32,200,lognormal-heavytail,0.5,1,cb,0.19425,0.19425,0.00000,0.77700,22,115,106
4,4,32,200,lognormal-heavytail,0.5,1,stepaware,0.13700,0.13700,0.00000,0.54800,23,204,67
4,4,32,200,lognormal-heavytail,0.5,2,serial,0.17325,0.31444,0.14119,0.69300,47,220,84
4,4,32,200,lognormal-heavytail,0.5,2,cb,0.19012,0.19012,0.00000,0.76050,23,210,99
4,4,32,200,lognormal-heavytail,0.5,2,stepaware,0.17613,0.17613,0.00000,0.70450,22,110,95
4,4,32,200,lognormal-heavytail,0.5,3,serial,0.17556,0.33437,0.15881,0.70225,48,208,81
4,4,32,200,lognormal-heavytail,0.5,3,cb,0.04031,0.04031,0.00000,0.16125,29,73,24
4,4,32,200,lognormal-heavytail,0.5,3,stepaware,0.13875,0.13875,0.00000,0.55500,23,143,73
4,4,32,200,lognormal-heavytail,0.5,4,serial,0.11750,0.21281,0.09531,0.47000,37,244,62
4,4,32,200,lognormal-heavytail,0.5,4,cb,0.13362,0.13362,0.00000,0.53450,18,170,63
4,4,32,200,lognormal-heavytail,0.5,4,stepaware,0.13000,0.13000,0.00000,0.52000,23,150,76
4,4,32,200,lognormal-heavytail,0.9,0,serial,0.14694,0.22544,0.07850,0.58775,38,211,64
4,4,32,200,lognormal-heavytail,0.9,0,cb,0.15619,0.15619,0.00000,0.62475,31,148,69
4,4,32,200,lognormal-heavytail,0.9,0,stepaware,0.21225,0.21225,0.00000,0.84900,24,119,107
4,4,32,200,lognormal-heavytail,0.9,1,serial,0.10269,0.11769,0.01500,0.41075,32,142,47
4,4,32,200,lognormal-heavytail,0.9,1,cb,0.20825,0.20825,0.00000,0.83300,22,150,108
4,4,32,200,lognormal-heavytail,0.9,1,stepaware,0.15013,0.15013,0.00000,0.60050,23,177,72
4,4,32,200,lognormal-heavytail,0.9,2,serial,0.09094,0.15275,0.06181,0.36375,36,189,44
4,4,32,200,lognormal-heavytail,0.9,2,cb,0.03950,0.03950,0.00000,0.15800,20,88,21
4,4,32,200,lognormal-heavytail,0.9,2,stepaware,0.24288,0.24288,0.00000,0.97150,21,153,118
4,4,32,200,lognormal-heavytail,0.9,3,serial,0.09006,0.13969,0.04962,0.36025,45,213,35
4,4,32,200,lognormal-heavytail,0.9,3,cb,0.20406,0.20406,0.00000,0.81625,19,116,115
4,4,32,200,lognormal-heavytail,0.9,3,stepaware,0.09800,0.09800,0.00000,0.39200,20,176,50
4,4,32,200,lognormal-heavytail,0.9,4,serial,0.12850,0.19200,0.06350,0.51400,29,127,82
4,4,32,200,lognormal-heavytail,0.9,4,cb,0.13625,0.13625,0.00000,0.54500,21,183,64
4,4,32,200,lognormal-heavytail,0.9,4,stepaware,0.22119,0.22119,0.00000,0.88475,20,111,119
4,8,8,50,exponential,0.0,0,serial,0.06175,0.09853,0.03678,0.49400,9,47,257
4,8,8,50,exponential,0.0,0,cb,0.06784,0.06784,0.00000,0.54275,5,32,288
4,8,8,50,exponential,0.0,0,stepaware,0.06641,0.06641,0.00000,0.53125,5,33,301
4,8,8,50,exponential,0.0,1,serial,0.05859,0.08703,0.02844,0.46875,9,51,256
4,8,8,50,exponential,0.0,1,cb,0.06394,0.06394,0.00000,0.51150,4,39,279
4,8,8,50,exponential,0.0,1,stepaware,0.06031,0.06031,0.00000,0.48250,5,32,278
4,8,8,50,exponential,0.0,2,serial,0.06641,0.09763,0.03122,0.53125,8,44,267
4,8,8,50,exponential,0.0,2,cb,0.06456,0.06456,0.00000,0.51650,5,31,284
4,8,8,50,exponential,0.0,2,stepaware,0.06166,0.06166,0.00000,0.49325,5,46,273
4,8,8,50,exponential,0.0,3,serial,0.06469,0.09784,0.03316,0.51750,8,43,266
4,8,8,50,exponential,0.0,3,cb,0.06309,0.06309,0.00000,0.50475,5,36,291
4,8,8,50,exponential,0.0,3,stepaware,0.06116,0.06116,0.00000,0.48925,5,30,269
4,8,8,50,exponential,0.0,4,serial,0.06381,0.09356,0.02975,0.51050,8,43,263
4,8,8,50,exponential,0.0,4,cb,0.06628,0.06628,0.00000,0.53025,4,35,296
4,8,8,50,exponential,0.0,4,stepaware,0.06103,0.06103,0.00000,0.48825,5,40,251
4,8,8,50,exponential,0.5,0,serial,0.04653,0.06475,0.01822,0.37225,7,40,226
4,8,8,50,exponential,0.5,0,cb,0.08753,0.08753,0.00000,0.70025,5,34,348
4,8,8,50,exponential,0.5,0,stepaware,0.07378,0.07378,0.00000,0.59025,5,34,300
4,8,8,50,exponential,0.5,1,serial,0.08316,0.14416,0.06100,0.66525,11,64,330
4,8,8,50,exponential,0.5,1,cb,0.05553,0.05553,0.00000,0.44425,5,44,236
4,8,8,50,exponential,0.5,1,stepaware,0.06006,0.06006,0.00000,0.48050,5,31,255
4,8,8,50,exponential,0.5,2,serial,0.06569,0.09453,0.02884,0.52550,8,54,263
4,8,8,50,exponential,0.5,2,cb,0.04341,0.04341,0.00000,0.34725,5,34,179
4,8,8,50,exponential,0.5,2,stepaware,0.03541,0.03541,0.00000,0.28325,5,31,156
4,8,8,50,exponential,0.5,3,serial,0.07959,0.13259,0.05300,0.63675,9,51,330
4,8,8,50,exponential,0.5,3,cb,0.06363,0.06363,0.00000,0.50900,4,36,275
4,8,8,50,exponential,0.5,3,stepaware,0.06094,0.06094,0.00000,0.48750,6,37,241
4,8,8,50,exponential,0.5,4,serial,0.03762,0.05275,0.01512,0.30100,6,52,170
4,8,8,50,exponential,0.5,4,cb,0.07187,0.07187,0.00000,0.57500,5,32,306
4,8,8,50,exponential,0.5,4,stepaware,0.04794,0.04794,0.00000,0.38350,5,34,210
4,8,8,50,exponential,0.9,0,serial,0.03491,0.04175,0.00684,0.27925,6,33,156
4,8,8,50,exponential,0.9,0,cb,0.05166,0.05166,0.00000,0.41325,5,33,228
4,8,8,50,exponential,0.9,0,stepaware,0.05828,0.05828,0.00000,0.46625,5,35,250
4,8,8,50,exponential,0.9,1,serial,0.05953,0.09184,0.03231,0.47625,8,61,243
4,8,8,50,exponential,0.9,1,cb,0.05775,0.05775,0.00000,0.46200,5,37,241
4,8,8,50,exponential,0.9,1,stepaware,0.05987,0.05987,0.00000,0.47900,5,36,241
4,8,8,50,exponential,0.9,2,serial,0.05244,0.07331,0.02088,0.41950,7,47,236
4,8,8,50,exponential,0.9,2,cb,0.03388,0.03388,0.00000,0.27100,5,53,110
4,8,8,50,exponential,0.9,2,stepaware,0.07087,0.07087,0.00000,0.56700,4,31,321
4,8,8,50,exponential,0.9,3,serial,0.05603,0.08850,0.03247,0.44825,9,62,216
4,8,8,50,exponential,0.9,3,cb,0.07519,0.07519,0.00000,0.60150,4,39,335
4,8,8,50,exponential,0.9,3,stepaware,0.08469,0.08469,0.00000,0.67750,4,36,388
4,8,8,50,exponential,0.9,4,serial,0.03594,0.04791,0.01197,0.28750,7,32,155
4,8,8,50,exponential,0.9,4,cb,0.06591,0.06591,0.00000,0.52725,4,35,296
4,8,8,50,exponential,0.9,4,stepaware,0.03675,0.03675,0.00000,0.29400,4,46,165
4,8,8,50,lognormal-heavytail,0.0,0,serial,0.07378,0.13619,0.06241,0.59025,9,77,288
4,8,8,50,lognormal-heavytail,0.0,0,cb,0.05228,0.05228,0.00000,0.41825,5,35,223
4,8,8,50,lognormal-heavytail,0.0,0,stepaware,0.06928,0.06928,0.00000,0.55425,5,33,306
4,8,8,50,lognormal-heavytail,0.0,1,serial,0.05581,0.07800,0.02219,0.44650,7,51,245
4,8,8,50,lognormal-heavytail,0.0,1,cb,0.06222,0.06222,0.00000,0.49775,5,35,270
4,8,8,50,lognormal-heavytail,0.0,1,stepaware,0.06975,0.06975,0.00000,0.55800,5,31,320
4,8,8,50,lognormal-heavytail,0.0,2,serial,0.06381,0.09916,0.03534,0.51050,9,54,264
4,8,8,50,lognormal-heavytail,0.0,2,cb,0.06137,0.06137,0.00000,0.49100,5,31,269
4,8,8,50,lognormal-heavytail,0.0,2,stepaware,0.06125,0.06125,0.00000,0.49000,5,33,256
4,8,8,50,lognormal-heavytail,0.0,3,serial,0.06688,0.10019,0.03331,0.53500,9,49,279
4,8,8,50,lognormal-heavytail,0.0,3,cb,0.06147,0.06147,0.00000,0.49175,5,31,279
4,8,8,50,lognormal-heavytail,0.0,3,stepaware,0.07306,0.07306,0.00000,0.58450,5,34,316
4,8,8,50,lognormal-heavytail,0.0,4,serial,0.05000,0.06900,0.01900,0.40000,7,45,224
4,8,8,50,lognormal-heavytail,0.0,4,cb,0.06891,0.06891,0.00000,0.55125,6,30,271
4,8,8,50,lognormal-heavytail,0.0,4,stepaware,0.07131,0.07131,0.00000,0.57050,5,37,312
4,8,8,50,lognormal-heavytail,0.5,0,serial,0.06884,0.11488,0.04603,0.55075,9,65,298
4,8,8,50,lognormal-heavytail,0.5,0,cb,0.08575,0.08575,0.00000,0.68600,5,36,357
4,8,8,50,lognormal-heavytail,0.5,0,stepaware,0.07994,0.07994,0.00000,0.63950,5,39,339
4,8,8,50,lognormal-heavytail,0.5,1,serial,0.06813,0.10697,0.03884,0.54500,8,68,279
4,8,8,50,lognormal-heavytail,0.5,1,cb,0.06909,0.06909,0.00000,0.55275,6,48,264
4,8,8,50,lognormal-heavytail,0.5,1,stepaware,0.07087,0.07087,0.00000,0.56700,4,35,313
4,8,8,50,lognormal-heavytail,0.5,2,serial,0.03084,0.03728,0.00644,0.24675,5,42,126
4,8,8,50,lognormal-heavytail,0.5,2,cb,0.04184,0.04184,0.00000,0.33475,5,29,186
4,8,8,50,lognormal-heavytail,0.5,2,stepaware,0.04038,0.04038,0.00000,0.32300,4,38,192
4,8,8,50,lognormal-heavytail,0.5,3,serial,0.05847,0.09044,0.03197,0.46775,11,50,227
4,8,8,50,lognormal-heavytail,0.5,3,cb,0.09094,0.09094,0.00000,0.72750,5,38,372
4,8,8,50,lognormal-heavytail,0.5,3,stepaware,0.05412,0.05412,0.00000,0.43300,5,32,226
4,8,8,50,lognormal-heavytail,0.5,4,serial,0.05475,0.08278,0.02803,0.43800,9,50,221
4,8,8,50,lognormal-heavytail,0.5,4,cb,0.01413,0.01413,0.00000,0.11300,5,31,66
4,8,8,50,lognormal-heavytail,0.5,4,stepaware,0.02919,0.02919,0.00000,0.23350,4,34,106
4,8,8,50,lognormal-heavytail,0.9,0,serial,0.02950,0.05206,0.02256,0.23600,8,49,138
4,8,8,50,lognormal-heavytail,0.9,0,cb,0.07900,0.07900,0.00000,0.63200,5,37,313
4,8,8,50,lognormal-heavytail,0.9,0,stepaware,0.03516,0.03516,0.00000,0.28125,6,28,140
4,8,8,50,lognormal-heavytail,0.9,1,serial,0.01963,0.02041,0.00078,0.15700,6,62,70
4,8,8,50,lognormal-heavytail,0.9,1,cb,0.08994,0.08994,0.00000,0.71950,4,31,389
4,8,8,50,lognormal-heavytail,0.9,1,stepaware,0.03700,0.03700,0.00000,0.29600,5,38,161
4,8,8,50,lognormal-heavytail,0.9,2,serial,0.04053,0.05437,0.01384,0.32425,7,33,184
4,8,8,50,lognormal-heavytail,0.9,2,cb,0.10056,0.10056,0.00000,0.80450,5,30,456
4,8,8,50,lognormal-heavytail,0.9,2,stepaware,0.11678,0.11678,0.00000,0.93425,5,37,511
4,8,8,50,lognormal-heavytail,0.9,3,serial,0.04069,0.05669,0.01600,0.32550,8,42,164
4,8,8,50,lognormal-heavytail,0.9,3,cb,0.07066,0.07066,0.00000,0.56525,6,31,275
4,8,8,50,lognormal-heavytail,0.9,3,stepaware,0.03062,0.03062,0.00000,0.24500,6,26,130
4,8,8,50,lognormal-heavytail,0.9,4,serial,0.04844,0.08441,0.03597,0.38750,10,61,195
4,8,8,50,lognormal-heavytail,0.9,4,cb,0.06513,0.06513,0.00000,0.52100,5,43,262
4,8,8,50,lognormal-heavytail,0.9,4,stepaware,0.07956,0.07956,0.00000,0.63650,4,33,370
4,8,8,200,exponential,0.0,0,serial,0.01956,0.02006,0.00050,0.15650,6,32,80
4,8,8,200,exponential,0.0,0,cb,0.01719,0.01719,0.00000,0.13750,4,33,84
4,8,8,200,exponential,0.0,0,stepaware,0.01869,0.01869,0.00000,0.14950,7,34,73
4,8,8,200,exponential,0.0,1,serial,0.01703,0.01797,0.00094,0.13625,5,39,76
4,8,8,200,exponential,0.0,1,cb,0.01506,0.01506,0.00000,0.12050,4,41,73
4,8,8,200,exponential,0.0,1,stepaware,0.01569,0.01569,0.00000,0.12550,5,36,67
4,8,8,200,exponential,0.0,2,serial,0.01819,0.01984,0.00166,0.14550,6,46,82
4,8,8,200,exponential,0.0,2,cb,0.01534,0.01534,0.00000,0.12275,6,35,68
4,8,8,200,exponential,0.0,2,stepaware,0.02156,0.02156,0.00000,0.17250,6,40,83
4,8,8,200,exponential,0.0,3,serial,0.01447,0.01566,0.00119,0.11575,5,32,70
4,8,8,200,exponential,0.0,3,cb,0.01691,0.01691,0.00000,0.13525,6,28,72
4,8,8,200,exponential,0.0,3,stepaware,0.01738,0.01738,0.00000,0.13900,5,60,69
4,8,8,200,exponential,0.0,4,serial,0.02128,0.02394,0.00266,0.17025,7,52,83
4,8,8,200,exponential,0.0,4,cb,0.02019,0.02019,0.00000,0.16150,5,33,80
4,8,8,200,exponential,0.0,4,stepaware,0.02194,0.02194,0.00000,0.17550,6,43,85
4,8,8,200,exponential,0.5,0,serial,0.00809,0.00844,0.00034,0.06475,9,32,25
4,8,8,200,exponential,0.5,0,cb,0.02475,0.02475,0.00000,0.19800,5,38,110
4,8,8,200,exponential,0.5,0,stepaware,0.02503,0.02503,0.00000,0.20025,5,35,104
4,8,8,200,exponential,0.5,1,serial,0.02166,0.02594,0.00428,0.17325,10,64,66
4,8,8,200,exponential,0.5,1,cb,0.03228,0.03228,0.00000,0.25825,5,39,132
4,8,8,200,exponential,0.5,1,stepaware,0.01734,0.01734,0.00000,0.13875,7,32,64
4,8,8,200,exponential,0.5,2,serial,0.01259,0.01537,0.00278,0.10075,5,40,60
4,8,8,200,exponential,0.5,2,cb,0.03669,0.03669,0.00000,0.29350,5,41,152
4,8,8,200,exponential,0.5,2,stepaware,0.01553,0.01553,0.00000,0.12425,6,37,63
4,8,8,200,exponential,0.5,3,serial,0.01981,0.02262,0.00281,0.15850,7,30,87
4,8,8,200,exponential,0.5,3,cb,0.02416,0.02416,0.00000,0.19325,5,30,108
4,8,8,200,exponential,0.5,3,stepaware,0.01191,0.01191,0.00000,0.09525,6,30,52
4,8,8,200,exponential,0.5,4,serial,0.02153,0.02422,0.00269,0.17225,5,36,98
4,8,8,200,exponential,0.5,4,cb,0.03547,0.03547,0.00000,0.28375,5,33,148
4,8,8,200,exponential,0.5,4,stepaware,0.02703,0.02703,0.00000,0.21625,4,45,115
4,8,8,200,exponential,0.9,0,serial,0.03016,0.04038,0.01022,0.24125,8,82,99
4,8,8,200,exponential,0.9,0,cb,0.08919,0.08919,0.00000,0.71350,5,38,362
4,8,8,200,exponential,0.9,0,stepaware,0.01319,0.01319,0.00000,0.10550,5,46,48
4,8,8,200,exponential,0.9,1,serial,0.01388,0.01388,0.00000,0.11100,6,39,65
4,8,8,200,exponential,0.9,1,cb,0.01112,0.01112,0.00000,0.08900,6,32,41
4,8,8,200,exponential,0.9,1,stepaware,0.01591,0.01591,0.00000,0.12725,4,31,75
4,8,8,200,exponential,0.9,2,serial,0.00791,0.00791,0.00000,0.06325,7,24,34
4,8,8,200,exponential,0.9,2,cb,0.04322,0.04322,0.00000,0.34575,6,41,175
4,8,8,200,exponential,0.9,2,stepaware,0.02459,0.02459,0.00000,0.19675,5,34,94
4,8,8,200,exponential,0.9,3,serial,0.01347,0.01631,0.00284,0.10775,6,50,49
4,8,8,200,exponential,0.9,3,cb,0.01584,0.01584,0.00000,0.12675,6,44,56
4,8,8,200,exponential,0.9,3,stepaware,0.02147,0.02147,0.00000,0.17175,6,43,81
4,8,8,200,exponential,0.9,4,serial,0.00816,0.01309,0.00494,0.06525,7,64,28
4,8,8,200,exponential,0.9,4,cb,0.15494,0.15494,0.00000,1.23950,5,32,672
4,8,8,200,exponential,0.9,4,stepaware,0.05534,0.05534,0.00000,0.44275,4,37,246
4,8,8,200,lognormal-heavytail,0.0,0,serial,0.02088,0.02422,0.00334,0.16700,6,49,82
4,8,8,200,lognormal-heavytail,0.0,0,cb,0.01644,0.01644,0.00000,0.13150,5,42,67
4,8,8,200,lognormal-heavytail,0.0,0,stepaware,0.02550,0.02550,0.00000,0.20400,5,37,102
4,8,8,200,lognormal-heavytail,0.0,1,serial,0.02247,0.02528,0.00281,0.17975,6,57,87
4,8,8,200,lognormal-heavytail,0.0,1,cb,0.02034,0.02034,0.00000,0.16275,6,38,87
4,8,8,200,lognormal-heavytail,0.0,1,stepaware,0.01200,0.01200,0.00000,0.09600,5,34,54
4,8,8,200,lognormal-heavytail,0.0,2,serial,0.01834,0.02084,0.00250,0.14675,6,76,65
4,8,8,200,lognormal-heavytail,0.0,2,cb,0.01659,0.01659,0.00000,0.13275,5,36,66
4,8,8,200,lognormal-heavytail,0.0,2,stepaware,0.02066,0.02066,0.00000,0.16525,6,35,78
4,8,8,200,lognormal-heavytail,0.0,3,serial,0.02306,0.02553,0.00247,0.18450,7,24,98
4,8,8,200,lognormal-heavytail,0.0,3,cb,0.02237,0.02237,0.00000,0.17900,5,35,103
4,8,8,200,lognormal-heavytail,0.0,3,stepaware,0.02219,0.02219,0.00000,0.17750,5,39,88
4,8,8,200,lognormal-heavytail,0.0,4,serial,0.01525,0.01750,0.00225,0.12200,5,47,64
4,8,8,200,lognormal-heavytail,0.0,4,cb,0.02491,0.02491,0.00000,0.19925,5,61,99
4,8,8,200,lognormal-heavytail,0.0,4,stepaware,0.02009,0.02009,0.00000,0.16075,6,22,93
4,8,8,200,lognormal-heavytail,0.5,0,serial,0.03178,0.03672,0.00494,0.25425,7,40,119
4,8,8,200,lognormal-heavytail,0.5,0,cb,0.02606,0.02606,0.00000,0.20850,6,29,108
4,8,8,200,lognormal-heavytail,0.5,0,stepaware,0.02378,0.02378,0.00000,0.19025,5,31,102
4,8,8,200,lognormal-heavytail,0.5,1,serial,0.03834,0.04678,0.00844,0.30675,7,44,156
4,8,8,200,lognormal-heavytail,0.5,1,cb,0.02662,0.02662,0.00000,0.21300,4,39,110
4,8,8,200,lognormal-heavytail,0.5,1,stepaware,0.02422,0.02422,0.00000,0.19375,5,41,99
4,8,8,200,lognormal-heavytail,0.5,2,serial,0.02347,0.02697,0.00350,0.18775,5,30,118
4,8,8,200,lognormal-heavytail,0.5,2,cb,0.02216,0.02216,0.00000,0.17725,4,27,105
4,8,8,200,lognormal-heavytail,0.5,2,stepaware,0.03516,0.03516,0.00000,0.28125,5,38,152
4,8,8,200,lognormal-heavytail,0.5,3,serial,0.01406,0.01525,0.00119,0.11250,5,28,69
4,8,8,200,lognormal-heavytail,0.5,3,cb,0.01309,0.01309,0.00000,0.10475,3,43,56
4,8,8,200,lognormal-heavytail,0.5,3,stepaware,0.02181,0.02181,0.00000,0.17450,5,36,93
4,8,8,200,lognormal-heavytail,0.5,4,serial,0.00222,0.00222,0.00000,0.01775,5,13,11
4,8,8,200,lognormal-heavytail,0.5,4,cb,0.03938,0.03938,0.00000,0.31500,5,35,167
4,8,8,200,lognormal-heavytail,0.5,4,stepaware,0.03272,0.03272,0.00000,0.26175,5,36,133
4,8,8,200,lognormal-heavytail,0.9,0,serial,0.01216,0.01369,0.00153,0.09725,9,36,44
4,8,8,200,lognormal-heavytail,0.9,0,cb,0.04750,0.04750,0.00000,0.38000,5,37,201
4,8,8,200,lognormal-heavytail,0.9,0,stepaware,0.05097,0.05097,0.00000,0.40775,5,29,215
4,8,8,200,lognormal-heavytail,0.9,1,serial,0.00475,0.00475,0.00000,0.03800,3,17,31
4,8,8,200,lognormal-heavytail,0.9,1,cb,0.07753,0.07753,0.00000,0.62025,6,35,305
4,8,8,200,lognormal-heavytail,0.9,1,stepaware,0.08066,0.08066,0.00000,0.64525,5,37,334
4,8,8,200,lognormal-heavytail,0.9,2,serial,0.01397,0.01862,0.00466,0.11175,10,41,49
4,8,8,200,lognormal-heavytail,0.9,2,cb,0.02128,0.02128,0.00000,0.17025,6,51,80
4,8,8,200,lognormal-heavytail,0.9,2,stepaware,0.04041,0.04041,0.00000,0.32325,5,40,168
4,8,8,200,lognormal-heavytail,0.9,3,serial,0.01931,0.02150,0.00219,0.15450,7,44,80
4,8,8,200,lognormal-heavytail,0.9,3,cb,0.02941,0.02941,0.00000,0.23525,5,29,125
4,8,8,200,lognormal-heavytail,0.9,3,stepaware,0.01575,0.01575,0.00000,0.12600,6,36,60
4,8,8,200,lognormal-heavytail,0.9,4,serial,0.03625,0.05647,0.02022,0.29000,8,52,149
4,8,8,200,lognormal-heavytail,0.9,4,cb,0.05675,0.05675,0.00000,0.45400,5,41,238
4,8,8,200,lognormal-heavytail,0.9,4,stepaware,0.04347,0.04347,0.00000,0.34775,5,36,190
4,8,32,50,exponential,0.0,0,serial,0.12206,0.34925,0.22719,0.97650,92,262,103
4,8,32,50,exponential,0.0,0,cb,0.19662,0.19662,0.00000,1.57300,21,178,201
4,8,32,50,exponential,0.0,0,stepaware,0.18900,0.18900,0.00000,1.51200,22,145,186
4,8,32,50,exponential,0.0,1,serial,0.12037,0.33644,0.21606,0.96300,90,233,115
4,8,32,50,exponential,0.0,1,cb,0.19247,0.19247,0.00000,1.53975,23,129,191
4,8,32,50,exponential,0.0,1,stepaware,0.20153,0.20153,0.00000,1.61225,24,157,194
4,8,32,50,exponential,0.0,2,serial,0.12084,0.32231,0.20147,0.96675,82,233,117
4,8,32,50,exponential,0.0,2,cb,0.20569,0.20569,0.00000,1.64550,24,139,193
4,8,32,50,exponential,0.0,2,stepaware,0.20525,0.20525,0.00000,1.64200,20,150,224
4,8,32,50,exponential,0.0,3,serial,0.11784,0.30422,0.18637,0.94275,65,285,128
4,8,32,50,exponential,0.0,3,cb,0.19531,0.19531,0.00000,1.56250,22,143,208
4,8,32,50,exponential,0.0,3,stepaware,0.20197,0.20197,0.00000,1.61575,22,184,192
4,8,32,50,exponential,0.0,4,serial,0.11644,0.28125,0.16481,0.93150,58,215,138
4,8,32,50,exponential,0.0,4,cb,0.21791,0.21791,0.00000,1.74325,23,154,211
4,8,32,50,exponential,0.0,4,stepaware,0.20828,0.20828,0.00000,1.66625,27,139,181
4,8,32,50,exponential,0.5,0,serial,0.11644,0.29559,0.17916,0.93150,70,186,124
4,8,32,50,exponential,0.5,0,cb,0.11725,0.11725,0.00000,0.93800,21,164,121
4,8,32,50,exponential,0.5,0,stepaware,0.20250,0.20250,0.00000,1.62000,25,152,183
4,8,32,50,exponential,0.5,1,serial,0.09722,0.20916,0.11194,0.77775,55,237,98
4,8,32,50,exponential,0.5,1,cb,0.17366,0.17366,0.00000,1.38925,24,140,171
4,8,32,50,exponential,0.5,1,stepaware,0.16053,0.16053,0.00000,1.28425,24,145,148
4,8,32,50,exponential,0.5,2,serial,0.11653,0.30150,0.18497,0.93225,88,408,104
4,8,32,50,exponential,0.5,2,cb,0.11403,0.11403,0.00000,0.91225,20,161,115
4,8,32,50,exponential,0.5,2,stepaware,0.17062,0.17062,0.00000,1.36500,23,110,177
4,8,32,50,exponential,0.5,3,serial,0.11669,0.29213,0.17544,0.93350,66,285,115
4,8,32,50,exponential,0.5,3,cb,0.18713,0.18713,0.00000,1.49700,17,119,226
4,8,32,50,exponential,0.5,3,stepaware,0.12406,0.12406,0.00000,0.99250,20,140,122
4,8,32,50,exponential,0.5,4,serial,0.10922,0.29650,0.18728,0.87375,72,260,107
4,8,32,50,exponential,0.5,4,cb,0.13947,0.13947,0.00000,1.11575,21,126,138
4,8,32,50,exponential,0.5,4,stepaware,0.18297,0.18297,0.00000,1.46375,25,144,179
4,8,32,50,exponential,0.9,0,serial,0.07772,0.16231,0.08459,0.62175,40,316,83
4,8,32,50,exponential,0.9,0,cb,0.12603,0.12603,0.00000,1.00825,30,163,103
4,8,32,50,exponential,0.9,0,stepaware,0.20294,0.20294,0.00000,1.62350,24,162,194
4,8,32,50,exponential,0.9,1,serial,0.09831,0.23816,0.13984,0.78650,62,246,100
4,8,32,50,exponential,0.9,1,cb,0.14988,0.14988,0.00000,1.19900,24,141,150
4,8,32,50,exponential,0.9,1,stepaware,0.16241,0.16241,0.00000,1.29925,18,138,175
4,8,32,50,exponential,0.9,2,serial,0.10666,0.28169,0.17503,0.85325,71,290,92
4,8,32,50,exponential,0.9,2,cb,0.09247,0.09247,0.00000,0.73975,23,139,84
4,8,32,50,exponential,0.9,2,stepaware,0.11797,0.11797,0.00000,0.94375,20,116,119
4,8,32,50,exponential,0.9,3,serial,0.09700,0.22966,0.13266,0.77600,61,203,104
4,8,32,50,exponential,0.9,3,cb,0.08534,0.08534,0.00000,0.68275,21,250,81
4,8,32,50,exponential,0.9,3,stepaware,0.13750,0.13750,0.00000,1.10000,18,120,156
4,8,32,50,exponential,0.9,4,serial,0.10569,0.23884,0.13316,0.84550,62,290,91
4,8,32,50,exponential,0.9,4,cb,0.05744,0.05744,0.00000,0.45950,21,92,64
4,8,32,50,exponential,0.9,4,stepaware,0.17581,0.17581,0.00000,1.40650,20,118,177
4,8,32,50,lognormal-heavytail,0.0,0,serial,0.12122,0.34587,0.22466,0.96975,78,303,124
4,8,32,50,lognormal-heavytail,0.0,0,cb,0.18641,0.18641,0.00000,1.49125,21,119,204
4,8,32,50,lognormal-heavytail,0.0,0,stepaware,0.21244,0.21244,0.00000,1.69950,23,141,208
4,8,32,50,lognormal-heavytail,0.0,1,serial,0.11991,0.32453,0.20463,0.95925,70,325,124
4,8,32,50,lognormal-heavytail,0.0,1,cb,0.21581,0.21581,0.00000,1.72650,24,147,218
4,8,32,50,lognormal-heavytail,0.0,1,stepaware,0.20053,0.20053,0.00000,1.60425,19,146,203
4,8,32,50,lognormal-heavytail,0.0,2,serial,0.11722,0.30962,0.19241,0.93775,78,240,111
4,8,32,50,lognormal-heavytail,0.0,2,cb,0.17506,0.17506,0.00000,1.40050,19,111,199
4,8,32,50,lognormal-heavytail,0.0,2,stepaware,0.22509,0.22509,0.00000,1.80075,22,151,230
4,8,32,50,lognormal-heavytail,0.0,3,serial,0.11828,0.30459,0.18631,0.94625,75,188,123
4,8,32,50,lognormal-heavytail,0.0,3,cb,0.20222,0.20222,0.00000,1.61775,20,133,214
4,8,32,50,lognormal-heavytail,0.0,3,stepaware,0.19234,0.19234,0.00000,1.53875,18,147,196
4,8,32,50,lognormal-heavytail,0.0,4,serial,0.12069,0.36150,0.24081,0.96550,90,299,115
4,8,32,50,lognormal-heavytail,0.0,4,cb,0.19487,0.19487,0.00000,1.55900,21,144,211
4,8,32,50,lognormal-heavytail,0.0,4,stepaware,0.19162,0.19162,0.00000,1.53300,24,190,172
4,8,32,50,lognormal-heavytail,0.5,0,serial,0.11859,0.30362,0.18503,0.94875,62,220,137
4,8,32,50,lognormal-heavytail,0.5,0,cb,0.12459,0.12459,0.00000,0.99675,19,162,135
4,8,32,50,lognormal-heavytail,0.5,0,stepaware,0.16494,0.16494,0.00000,1.31950,24,128,165
4,8,32,50,lognormal-heavytail,0.5,1,serial,0.08962,0.22725,0.13762,0.71700,69,207,91
4,8,32,50,lognormal-heavytail,0.5,1,cb,0.11397,0.11397,0.00000,0.91175,26,233,98
4,8,32,50,lognormal-heavytail,0.5,1,stepaware,0.07162,0.07162,0.00000,0.57300,26,125,64
4,8,32,50,lognormal-heavytail,0.5,2,serial,0.12159,0.35216,0.23056,0.97275,99,250,107
4,8,32,50,lognormal-heavytail,0.5,2,cb,0.23109,0.23109,0.00000,1.84875,20,160,225
4,8,32,50,lognormal-heavytail,0.5,2,stepaware,0.16334,0.16334,0.00000,1.30675,18,127,198
4,8,32,50,lognormal-heavytail,0.5,3,serial,0.10625,0.27763,0.17137,0.85000,65,273,102
4,8,32,50,lognormal-heavytail,0.5,3,cb,0.16406,0.16406,0.00000,1.31250,22,199,153
4,8,32,50,lognormal-heavytail,0.5,3,stepaware,0.18141,0.18141,0.00000,1.45125,26,152,167
4,8,32,50,lognormal-heavytail,0.5,4,serial,0.11225,0.29669,0.18444,0.89800,89,232,108
4,8,32,50,lognormal-heavytail,0.5,4,cb,0.17134,0.17134,0.00000,1.37075,21,112,198
4,8,32,50,lognormal-heavytail,0.5,4,stepaware,0.15928,0.15928,0.00000,1.27425,20,175,180
4,8,32,50,lognormal-heavytail,0.9,0,serial,0.07234,0.13647,0.06413,0.57875,59,229,65
4,8,32,50,lognormal-heavytail,0.9,0,cb,0.12862,0.12862,0.00000,1.02900,23,134,130
4,8,32,50,lognormal-heavytail,0.9,0,stepaware,0.13209,0.13209,0.00000,1.05675,19,107,145
4,8,32,50,lognormal-heavytail,0.9,1,serial,0.09488,0.21950,0.12462,0.75900,59,295,88
4,8,32,50,lognormal-heavytail,0.9,1,cb,0.08509,0.08509,0.00000,0.68075,23,153,82
4,8,32,50,lognormal-heavytail,0.9,1,stepaware,0.13759,0.13759,0.00000,1.10075,22,131,143
4,8,32,50,lognormal-heavytail,0.9,2,serial,0.10178,0.25184,0.15006,0.81425,40,237,117
4,8,32,50,lognormal-heavytail,0.9,2,cb,0.08519,0.08519,0.00000,0.68150,17,146,94
4,8,32,50,lognormal-heavytail,0.9,2,stepaware,0.07587,0.07587,0.00000,0.60700,18,105,97
4,8,32,50,lognormal-heavytail,0.9,3,serial,0.09734,0.22022,0.12287,0.77875,49,272,100
4,8,32,50,lognormal-heavytail,0.9,3,cb,0.16281,0.16281,0.00000,1.30250,23,166,149
4,8,32,50,lognormal-heavytail,0.9,3,stepaware,0.07141,0.07141,0.00000,0.57125,26,175,64
4,8,32,50,lognormal-heavytail,0.9,4,serial,0.07609,0.17397,0.09788,0.60875,65,292,71
4,8,32,50,lognormal-heavytail,0.9,4,cb,0.05409,0.05409,0.00000,0.43275,22,165,60
4,8,32,50,lognormal-heavytail,0.9,4,stepaware,0.17256,0.17256,0.00000,1.38050,22,216,161
4,8,32,200,exponential,0.0,0,serial,0.06091,0.10566,0.04475,0.48725,47,180,63
4,8,32,200,exponential,0.0,0,cb,0.08006,0.08006,0.00000,0.64050,22,178,74
4,8,32,200,exponential,0.0,0,stepaware,0.07691,0.07691,0.00000,0.61525,26,299,75
4,8,32,200,exponential,0.0,1,serial,0.07259,0.12097,0.04838,0.58075,46,157,76
4,8,32,200,exponential,0.0,1,cb,0.06591,0.06591,0.00000,0.52725,22,178,61
4,8,32,200,exponential,0.0,1,stepaware,0.06791,0.06791,0.00000,0.54325,21,116,66
4,8,32,200,exponential,0.0,2,serial,0.07381,0.13212,0.05831,0.59050,50,260,66
4,8,32,200,exponential,0.0,2,cb,0.04603,0.04603,0.00000,0.36825,19,119,56
4,8,32,200,exponential,0.0,2,stepaware,0.07197,0.07197,0.00000,0.57575,18,133,75
4,8,32,200,exponential,0.0,3,serial,0.05531,0.08109,0.02578,0.44250,34,118,65
4,8,32,200,exponential,0.0,3,cb,0.07578,0.07578,0.00000,0.60625,35,126,69
4,8,32,200,exponential,0.0,3,stepaware,0.05875,0.05875,0.00000,0.47000,19,134,64
4,8,32,200,exponential,0.0,4,serial,0.06009,0.09469,0.03459,0.48075,40,186,63
4,8,32,200,exponential,0.0,4,cb,0.07819,0.07819,0.00000,0.62550,23,175,65
4,8,32,200,exponential,0.0,4,stepaware,0.08225,0.08225,0.00000,0.65800,20,153,73
4,8,32,200,exponential,0.5,0,serial,0.04203,0.04416,0.00213,0.33625,32,163,34
4,8,32,200,exponential,0.5,0,cb,0.04153,0.04153,0.00000,0.33225,27,119,39
4,8,32,200,exponential,0.5,0,stepaware,0.07441,0.07441,0.00000,0.59525,19,119,72
4,8,32,200,exponential,0.5,1,serial,0.06844,0.10831,0.03988,0.54750,37,177,70
4,8,32,200,exponential,0.5,1,cb,0.05038,0.05038,0.00000,0.40300,28,158,48
4,8,32,200,exponential,0.5,1,stepaware,0.09403,0.09403,0.00000,0.75225,27,146,92
4,8,32,200,exponential,0.5,2,serial,0.05563,0.08559,0.02997,0.44500,37,181,60
4,8,32,200,exponential,0.5,2,cb,0.09659,0.09659,0.00000,0.77275,25,128,92
4,8,32,200,exponential,0.5,2,stepaware,0.09484,0.09484,0.00000,0.75875,22,216,91
4,8,32,200,exponential,0.5,3,serial,0.06725,0.10500,0.03775,0.53800,36,172,70
4,8,32,200,exponential,0.5,3,cb,0.07059,0.07059,0.00000,0.56475,22,220,71
4,8,32,200,exponential,0.5,3,stepaware,0.07231,0.07231,0.00000,0.57850,22,146,75
4,8,32,200,exponential,0.5,4,serial,0.03419,0.04109,0.00691,0.27350,26,84,40
4,8,32,200,exponential,0.5,4,cb,0.09516,0.09516,0.00000,0.76125,19,127,109
4,8,32,200,exponential,0.5,4,stepaware,0.09000,0.09000,0.00000,0.72000,28,180,84
4,8,32,200,exponential,0.9,0,serial,0.02075,0.02181,0.00106,0.16600,20,72,30
4,8,32,200,exponential,0.9,0,cb,0.09847,0.09847,0.00000,0.78775,22,182,98
4,8,32,200,exponential,0.9,0,stepaware,0.08722,0.08722,0.00000,0.69775,23,107,87
4,8,32,200,exponential,0.9,1,serial,0.04066,0.06053,0.01988,0.32525,36,135,48
4,8,32,200,exponential,0.9,1,cb,0.10775,0.10775,0.00000,0.86200,17,147,127
4,8,32,200,exponential,0.9,1,stepaware,0.05919,0.05919,0.00000,0.47350,15,129,69
4,8,32,200,exponential,0.9,2,serial,0.03047,0.03188,0.00141,0.24375,23,256,30
4,8,32,200,exponential,0.9,2,cb,0.02353,0.02353,0.00000,0.18825,22,78,27
4,8,32,200,exponential,0.9,2,stepaware,0.03981,0.03981,0.00000,0.31850,23,95,49
4,8,32,200,exponential,0.9,3,serial,0.03953,0.04825,0.00872,0.31625,24,164,41
4,8,32,200,exponential,0.9,3,cb,0.11731,0.11731,0.00000,0.93850,25,100,122
4,8,32,200,exponential,0.9,3,stepaware,0.08784,0.08784,0.00000,0.70275,20,200,87
4,8,32,200,exponential,0.9,4,serial,0.04138,0.05141,0.01003,0.33100,24,155,48
4,8,32,200,exponential,0.9,4,cb,0.02131,0.02131,0.00000,0.17050,15,96,28
4,8,32,200,exponential,0.9,4,stepaware,0.02269,0.02269,0.00000,0.18150,14,103,29
4,8,32,200,lognormal-heavytail,0.0,0,serial,0.09478,0.17434,0.07956,0.75825,54,187,87
4,8,32,200,lognormal-heavytail,0.0,0,cb,0.06363,0.06363,0.00000,0.50900,23,184,63
4,8,32,200,lognormal-heavytail,0.0,0,stepaware,0.06703,0.06703,0.00000,0.53625,22,105,78
4,8,32,200,lognormal-heavytail,0.0,1,serial,0.08419,0.14584,0.06166,0.67350,46,234,83
4,8,32,200,lognormal-heavytail,0.0,1,cb,0.06991,0.06991,0.00000,0.55925,21,175,73
4,8,32,200,lognormal-heavytail,0.0,1,stepaware,0.06031,0.06031,0.00000,0.48250,23,152,55
4,8,32,200,lognormal-heavytail,0.0,2,serial,0.07741,0.14875,0.07134,0.61925,70,244,64
4,8,32,200,lognormal-heavytail,0.0,2,cb,0.06763,0.06763,0.00000,0.54100,20,142,73
4,8,32,200,lognormal-heavytail,0.0,2,stepaware,0.05887,0.05887,0.00000,0.47100,20,188,60
4,8,32,200,lognormal-heavytail,0.0,3,serial,0.07903,0.13234,0.05331,0.63225,36,239,80
4,8,32,200,lognormal-heavytail,0.0,3,cb,0.08447,0.08447,0.00000,0.67575,24,294,68
4,8,32,200,lognormal-heavytail,0.0,3,stepaware,0.08425,0.08425,0.00000,0.67400,24,166,72
4,8,32,200,lognormal-heavytail,0.0,4,serial,0.06450,0.11053,0.04603,0.51600,50,173,63
4,8,32,200,lognormal-heavytail,0.0,4,cb,0.06978,0.06978,0.00000,0.55825,22,117,75
4,8,32,200,lognormal-heavytail,0.0,4,stepaware,0.06863,0.06863,0.00000,0.54900,22,170,71
4,8,32,200,lognormal-heavytail,0.5,0,serial,0.06422,0.09409,0.02987,0.51375,33,144,63
4,8,32,200,lognormal-heavytail,0.5,0,cb,0.08013,0.08013,0.00000,0.64100,18,125,87
4,8,32,200,lognormal-heavytail,0.5,0,stepaware,0.04200,0.04200,0.00000,0.33600,17,101,50
4,8,32,200,lognormal-heavytail,0.5,1,serial,0.05763,0.07772,0.02009,0.46100,44,168,48
4,8,32,200,lognormal-heavytail,0.5,1,cb,0.08759,0.08759,0.00000,0.70075,22,130,97
4,8,32,200,lognormal-heavytail,0.5,1,stepaware,0.08991,0.08991,0.00000,0.71925,29,135,81
4,8,32,200,lognormal-heavytail,0.5,2,serial,0.07428,0.12619,0.05191,0.59425,38,182,74
4,8,32,200,lognormal-heavytail,0.5,2,cb,0.05297,0.05297,0.00000,0.42375,23,158,46
4,8,32,200,lognormal-heavytail,0.5,2,stepaware,0.13559,0.13559,0.00000,1.08475,25,135,132
4,8,32,200,lognormal-heavytail,0.5,3,serial,0.05831,0.08616,0.02784,0.46650,36,155,55
4,8,32,200,lognormal-heavytail,0.5,3,cb,0.09663,0.09663,0.00000,0.77300,21,167,96
4,8,32,200,lognormal-heavytail,0.5,3,stepaware,0.09044,0.09044,0.00000,0.72350,18,158,89
4,8,32,200,lognormal-heavytail,0.5,4,serial,0.04919,0.07737,0.02819,0.39350,35,277,41
4,8,32,200,lognormal-heavytail,0.5,4,cb,0.05303,0.05303,0.00000,0.42425,17,136,61
4,8,32,200,lognormal-heavytail,0.5,4,stepaware,0.05412,0.05412,0.00000,0.43300,20,127,54
4,8,32,200,lognormal-heavytail,0.9,0,serial,0.05278,0.10187,0.04909,0.42225,42,189,57
4,8,32,200,lognormal-heavytail,0.9,0,cb,0.06219,0.06219,0.00000,0.49750,20,186,63
4,8,32,200,lognormal-heavytail,0.9,0,stepaware,0.03691,0.03691,0.00000,0.29525,26,134,28
4,8,32,200,lognormal-heavytail,0.9,1,serial,0.07444,0.16403,0.08959,0.59550,76,296,60
4,8,32,200,lognormal-heavytail,0.9,1,cb,0.09875,0.09875,0.00000,0.79000,20,124,117
4,8,32,200,lognormal-heavytail,0.9,1,stepaware,0.08128,0.08128,0.00000,0.65025,25,203,73
4,8,32,200,lognormal-heavytail,0.9,2,serial,0.07397,0.14613,0.07216,0.59175,40,258,86
4,8,32,200,lognormal-heavytail,0.9,2,cb,0.04216,0.04216,0.00000,0.33725,16,101,53
4,8,32,200,lognormal-heavytail,0.9,2,stepaware,0.11169,0.11169,0.00000,0.89350,17,143,107
4,8,32,200,lognormal-heavytail,0.9,3,serial,0.06481,0.13441,0.06959,0.51850,39,280,61
4,8,32,200,lognormal-heavytail,0.9,3,cb,0.02056,0.02056,0.00000,0.16450,19,86,24
4,8,32,200,lognormal-heavytail,0.9,3,stepaware,0.08559,0.08559,0.00000,0.68475,20,150,96
4,8,32,200,lognormal-heavytail,0.9,4,serial,0.03581,0.05738,0.02156,0.28650,32,132,44
4,8,32,200,lognormal-heavytail,0.9,4,cb,0.07456,0.07456,0.00000,0.59650,18,189,83
4,8,32,200,lognormal-heavytail,0.9,4,stepaware,0.12975,0.12975,0.00000,1.03800,22,154,124
8,2,8,50,exponential,0.0,0,serial,0.43938,0.80212,0.36275,0.87875,22,81,424
8,2,8,50,exponential,0.0,0,cb,0.54812,0.54812,0.00000,1.09625,7,40,582
8,2,8,50,exponential,0.0,0,stepaware,0.53650,0.53650,0.00000,1.07300,7,48,536
8,2,8,50,exponential,0.0,1,serial,0.44550,0.81063,0.36513,0.89100,21,98,434
8,2,8,50,exponential,0.0,1,cb,0.49300,0.49300,0.00000,0.98600,7,41,515
8,2,8,50,exponential,0.0,1,stepaware,0.52312,0.52312,0.00000,1.04625,6,45,561
8,2,8,50,exponential,0.0,2,serial,0.42262,0.76275,0.34013,0.84525,22,79,442
8,2,8,50,exponential,0.0,2,cb,0.55912,0.55912,0.00000,1.11825,7,46,552
8,2,8,50,exponential,0.0,2,stepaware,0.53387,0.53387,0.00000,1.06775,7,45,562
8,2,8,50,exponential,0.0,3,serial,0.41113,0.72213,0.31100,0.82225,16,83,452
8,2,8,50,exponential,0.0,3,cb,0.52463,0.52463,0.00000,1.04925,6,39,582
8,2,8,50,exponential,0.0,3,stepaware,0.54975,0.54975,0.00000,1.09950,6,44,560
8,2,8,50,exponential,0.0,4,serial,0.39700,0.68275,0.28575,0.79400,15,70,442
8,2,8,50,exponential,0.0,4,cb,0.54525,0.54525,0.00000,1.09050,7,39,528
8,2,8,50,exponential,0.0,4,stepaware,0.47725,0.47725,0.00000,0.95450,6,31,544
8,2,8,50,exponential,0.5,0,serial,0.29575,0.44925,0.15350,0.59150,9,42,351
8,2,8,50,exponential,0.5,0,cb,0.68125,0.68125,0.00000,1.36250,8,42,706
8,2,8,50,exponential,0.5,0,stepaware,0.67800,0.67800,0.00000,1.35600,7,47,714
8,2,8,50,exponential,0.5,1,serial,0.21338,0.31012,0.09675,0.42675,7,75,227
8,2,8,50,exponential,0.5,1,cb,0.33113,0.33113,0.00000,0.66225,5,37,394
8,2,8,50,exponential,0.5,1,stepaware,0.50575,0.50575,0.00000,1.01150,7,36,506
8,2,8,50,exponential,0.5,2,serial,0.11937,0.15050,0.03112,0.23875,6,43,134
8,2,8,50,exponential,0.5,2,cb,0.44425,0.44425,0.00000,0.88850,7,37,462
8,2,8,50,exponential,0.5,2,stepaware,0.79175,0.79175,0.00000,1.58350,8,63,835
8,2,8,50,exponential,0.5,3,serial,0.41650,0.71075,0.29425,0.83300,18,70,388
8,2,8,50,exponential,0.5,3,cb,0.72737,0.72737,0.00000,1.45475,9,46,746
8,2,8,50,exponential,0.5,3,stepaware,0.79638,0.79638,0.00000,1.59275,8,52,848
8,2,8,50,exponential,0.5,4,serial,0.44538,0.80237,0.35700,0.89075,20,77,487
8,2,8,50,exponential,0.5,4,cb,0.26937,0.26937,0.00000,0.53875,6,34,289
8,2,8,50,exponential,0.5,4,stepaware,0.38188,0.38188,0.00000,0.76375,6,37,380
8,2,8,50,exponential,0.9,0,serial,0.22475,0.33413,0.10938,0.44950,11,84,229
8,2,8,50,exponential,0.9,0,cb,0.72050,0.72050,0.00000,1.44100,8,46,779
8,2,8,50,exponential,0.9,0,stepaware,0.53425,0.53425,0.00000,1.06850,7,44,556
8,2,8,50,exponential,0.9,1,serial,0.36238,0.61438,0.25200,0.72475,18,107,380
8,2,8,50,exponential,0.9,1,cb,0.59637,0.59637,0.00000,1.19275,7,41,611
8,2,8,50,exponential,0.9,1,stepaware,0.61587,0.61587,0.00000,1.23175,6,44,638
8,2,8,50,exponential,0.9,2,serial,0.26462,0.41613,0.15150,0.52925,12,75,271
8,2,8,50,exponential,0.9,2,cb,0.85662,0.85662,0.00000,1.71325,12,50,856
8,2,8,50,exponential,0.9,2,stepaware,0.76725,0.76725,0.00000,1.53450,8,52,733
8,2,8,50,exponential,0.9,3,serial,0.20525,0.28375,0.07850,0.41050,8,42,227
8,2,8,50,exponential,0.9,3,cb,0.25925,0.25925,0.00000,0.51850,5,35,277
8,2,8,50,exponential,0.9,3,stepaware,0.37312,0.37312,0.00000,0.74625,5,36,406
8,2,8,50,exponential,0.9,4,serial,0.44312,0.80937,0.36625,0.88625,20,76,464
8,2,8,50,exponential,0.9,4,cb,0.41263,0.41263,0.00000,0.82525,7,42,396
8,2,8,50,exponential,0.9,4,stepaware,0.55512,0.55512,0.00000,1.11025,6,40,557
8,2,8,50,lognormal-heavytail,0.0,0,serial,0.42200,0.76275,0.34075,0.84400,17,69,461
8,2,8,50,lognormal-heavytail,0.0,0,cb,0.57163,0.57163,0.00000,1.14325,7,50,559
8,2,8,50,lognormal-heavytail,0.0,0,stepaware,0.57050,0.57050,0.00000,1.14100,7,49,588
8,2,8,50,lognormal-heavytail,0.0,1,serial,0.41850,0.75338,0.33488,0.83700,19,65,451
8,2,8,50,lognormal-heavytail,0.0,1,cb,0.50225,0.50225,0.00000,1.00450,8,41,504
8,2,8,50,lognormal-heavytail,0.0,1,stepaware,0.57812,0.57812,0.00000,1.15625,7,46,562
8,2,8,50,lognormal-heavytail,0.0,2,serial,0.39525,0.67275,0.27750,0.79050,14,90,443
8,2,8,50,lognormal-heavytail,0.0,2,cb,0.58400,0.58400,0.00000,1.16800,6,42,618
8,2,8,50,lognormal-heavytail,0.0,2,stepaware,0.54812,0.54812,0.00000,1.09625,6,48,587
8,2,8,50,lognormal-heavytail,0.0,3,serial,0.42738,0.76987,0.34250,0.85475,21,93,437
8,2,8,50,lognormal-heavytail,0.0,3,cb,0.52138,0.52138,0.00000,1.04275,6,39,553
8,2,8,50,lognormal-heavytail,0.0,3,stepaware,0.55737,0.55737,0.00000,1.11475,7,45,547
8,2,8,50,lognormal-heavytail,0.0,4,serial,0.41413,0.73887,0.32475,0.82825,17,58,463
8,2,8,50,lognormal-heavytail,0.0,4,cb,0.51113,0.51113,0.00000,1.02225,6,40,527
8,2,8,50,lognormal-heavytail,0.0,4,stepaware,0.54900,0.54900,0.00000,1.09800,7,41,596
8,2,8,50,lognormal-heavytail,0.5,0,serial,0.35400,0.58988,0.23588,0.70800,13,95,374
8,2,8,50,lognormal-heavytail,0.5,0,cb,0.64600,0.64600,0.00000,1.29200,8,43,685
8,2,8,50,lognormal-heavytail,0.5,0,stepaware,0.75262,0.75262,0.00000,1.50525,8,62,829
8,2,8,50,lognormal-heavytail,0.5,1,serial,0.22450,0.32688,0.10238,0.44900,7,82,265
8,2,8,50,lognormal-heavytail,0.5,1,cb,0.52975,0.52975,0.00000,1.05950,7,34,572
8,2,8,50,lognormal-heavytail,0.5,1,stepaware,0.60075,0.60075,0.00000,1.20150,7,41,614
8,2,8,50,lognormal-heavytail,0.5,2,serial,0.46837,0.89838,0.43000,0.93675,34,119,450
8,2,8,50,lognormal-heavytail,0.5,2,cb,0.70613,0.70613,0.00000,1.41225,8,42,771
8,2,8,50,lognormal-heavytail,0.5,2,stepaware,0.60125,0.60125,0.00000,1.20250,6,39,676
8,2,8,50,lognormal-heavytail,0.5,3,serial,0.30488,0.49412,0.18925,0.60975,12,96,297
8,2,8,50,lognormal-heavytail,0.5,3,cb,0.66850,0.66850,0.00000,1.33700,7,39,752
8,2,8,50,lognormal-heavytail,0.5,3,stepaware,0.87825,0.87825,0.00000,1.75650,9,70,915
8,2,8,50,lognormal-heavytail,0.5,4,serial,0.39975,0.68288,0.28313,0.79950,17,72,407
8,2,8,50,lognormal-heavytail,0.5,4,cb,0.41063,0.41063,0.00000,0.82125,7,39,453
8,2,8,50,lognormal-heavytail,0.5,4,stepaware,0.19887,0.19887,0.00000,0.39775,5,34,233
8,2,8,50,lognormal-heavytail,0.9,0,serial,0.41900,0.75962,0.34063,0.83800,20,74,437
8,2,8,50,lognormal-heavytail,0.9,0,cb,0.69100,0.69100,0.00000,1.38200,8,48,723
8,2,8,50,lognormal-heavytail,0.9,0,stepaware,0.38450,0.38450,0.00000,0.76900,6,42,371
8,2,8,50,lognormal-heavytail,0.9,1,serial,0.15413,0.22300,0.06887,0.30825,9,114,132
8,2,8,50,lognormal-heavytail,0.9,1,cb,0.27175,0.27175,0.00000,0.54350,7,40,288
8,2,8,50,lognormal-heavytail,0.9,1,stepaware,0.17888,0.17888,0.00000,0.35775,6,33,195
8,2,8,50,lognormal-heavytail,0.9,2,serial,0.38938,0.68800,0.29862,0.77875,19,75,427
8,2,8,50,lognormal-heavytail,0.9,2,cb,0.67325,0.67325,0.00000,1.34650,8,40,704
8,2,8,50,lognormal-heavytail,0.9,2,stepaware,0.29762,0.29762,0.00000,0.59525,6,32,302
8,2,8,50,lognormal-heavytail,0.9,3,serial,0.25900,0.40925,0.15025,0.51800,15,85,262
8,2,8,50,lognormal-heavytail,0.9,3,cb,0.48113,0.48113,0.00000,0.96225,9,48,494
8,2,8,50,lognormal-heavytail,0.9,3,stepaware,0.65538,0.65538,0.00000,1.31075,8,66,623
8,2,8,50,lognormal-heavytail,0.9,4,serial,0.23375,0.36200,0.12825,0.46750,13,86,241
8,2,8,50,lognormal-heavytail,0.9,4,cb,0.43488,0.43488,0.00000,0.86975,7,45,459
8,2,8,50,lognormal-heavytail,0.9,4,stepaware,0.50213,0.50213,0.00000,1.00425,8,47,517
8,2,8,200,exponential,0.0,0,serial,0.15925,0.20262,0.04337,0.31850,8,47,152
8,2,8,200,exponential,0.0,0,cb,0.17250,0.17250,0.00000,0.34500,7,39,154
8,2,8,200,exponential,0.0,0,stepaware,0.13537,0.13537,0.00000,0.27075,5,36,148
8,2,8,200,exponential,0.0,1,serial,0.14513,0.19037,0.04525,0.29025,7,45,153
8,2,8,200,exponential,0.0,1,cb,0.13250,0.13250,0.00000,0.26500,5,42,144
8,2,8,200,exponential,0.0,1,stepaware,0.16312,0.16312,0.00000,0.32625,7,29,154
8,2,8,200,exponential,0.0,2,serial,0.14788,0.18413,0.03625,0.29575,8,48,150
8,2,8,200,exponential,0.0,2,cb,0.13587,0.13587,0.00000,0.27175,5,32,156
8,2,8,200,exponential,0.0,2,stepaware,0.15550,0.15550,0.00000,0.31100,5,41,159
8,2,8,200,exponential,0.0,3,serial,0.13662,0.17400,0.03737,0.27325,7,40,151
8,2,8,200,exponential,0.0,3,cb,0.18438,0.18438,0.00000,0.36875,6,35,176
8,2,8,200,exponential,0.0,3,stepaware,0.17200,0.17200,0.00000,0.34400,6,46,167
8,2,8,200,exponential,0.0,4,serial,0.15737,0.20575,0.04838,0.31475,7,44,162
8,2,8,200,exponential,0.0,4,cb,0.14713,0.14713,0.00000,0.29425,5,31,157
8,2,8,200,exponential,0.0,4,stepaware,0.13575,0.13575,0.00000,0.27150,5,32,152
8,2,8,200,exponential,0.5,0,serial,0.13737,0.17663,0.03925,0.27475,6,52,140
8,2,8,200,exponential,0.5,0,cb,0.13000,0.13000,0.00000,0.26000,5,30,152
8,2,8,200,exponential,0.5,0,stepaware,0.18663,0.18663,0.00000,0.37325,5,30,196
8,2,8,200,exponential,0.5,1,serial,0.27825,0.42688,0.14863,0.55650,12,62,278
8,2,8,200,exponential,0.5,1,cb,0.24038,0.24038,0.00000,0.48075,6,40,244
8,2,8,200,exponential,0.5,1,stepaware,0.22775,0.22775,0.00000,0.45550,5,35,228
8,2,8,200,exponential,0.5,2,serial,0.23237,0.34537,0.11300,0.46475,10,63,236
8,2,8,200,exponential,0.5,2,cb,0.09913,0.09913,0.00000,0.19825,6,30,102
8,2,8,200,exponential,0.5,2,stepaware,0.26813,0.26813,0.00000,0.53625,6,41,270
8,2,8,200,exponential,0.5,3,serial,0.23525,0.31725,0.08200,0.47050,7,40,265
8,2,8,200,exponential,0.5,3,cb,0.13100,0.13100,0.00000,0.26200,6,27,149
8,2,8,200,exponential,0.5,3,stepaware,0.09888,0.09888,0.00000,0.19775,6,32,97
8,2,8,200,exponential,0.5,4,serial,0.28775,0.41425,0.12650,0.57550,9,47,327
8,2,8,200,exponential,0.5,4,cb,0.07525,0.07525,0.00000,0.15050,4,32,100
8,2,8,200,exponential,0.5,4,stepaware,0.27000,0.27000,0.00000,0.54000,6,35,278
8,2,8,200,exponential,0.9,0,serial,0.11075,0.13312,0.02237,0.22150,6,33,123
8,2,8,200,exponential,0.9,0,cb,0.43262,0.43262,0.00000,0.86525,6,35,450
8,2,8,200,exponential,0.9,0,stepaware,0.46087,0.46087,0.00000,0.92175,6,36,508
8,2,8,200,exponential,0.9,1,serial,0.08138,0.09112,0.00975,0.16275,4,31,107
8,2,8,200,exponential,0.9,1,cb,0.10862,0.10862,0.00000,0.21725,5,46,110
8,2,8,200,exponential,0.9,1,stepaware,0.28763,0.28763,0.00000,0.57525,5,40,292
8,2,8,200,exponential,0.9,2,serial,0.45913,0.89763,0.43850,0.91825,29,91,451
8,2,8,200,exponential,0.9,2,cb,0.47187,0.47187,0.00000,0.94375,5,33,539
8,2,8,200,exponential,0.9,2,stepaware,0.12700,0.12700,0.00000,0.25400,5,33,140
8,2,8,200,exponential,0.9,3,serial,0.19912,0.27000,0.07088,0.39825,8,56,195
8,2,8,200,exponential,0.9,3,cb,0.19937,0.19937,0.00000,0.39875,5,34,198
8,2,8,200,exponential,0.9,3,stepaware,0.19162,0.19162,0.00000,0.38325,5,42,201
8,2,8,200,exponential,0.9,4,serial,0.13725,0.17875,0.04150,0.27450,6,43,144
8,2,8,200,exponential,0.9,4,cb,0.09925,0.09925,0.00000,0.19850,6,27,103
8,2,8,200,exponential,0.9,4,stepaware,0.42137,0.42137,0.00000,0.84275,6,43,392
8,2,8,200,lognormal-heavytail,0.0,0,serial,0.13175,0.16875,0.03700,0.26350,6,34,155
8,2,8,200,lognormal-heavytail,0.0,0,cb,0.15563,0.15563,0.00000,0.31125,5,37,173
8,2,8,200,lognormal-heavytail,0.0,0,stepaware,0.13500,0.13500,0.00000,0.27000,5,25,156
8,2,8,200,lognormal-heavytail,0.0,1,serial,0.14025,0.18225,0.04200,0.28050,7,58,142
8,2,8,200,lognormal-heavytail,0.0,1,cb,0.13375,0.13375,0.00000,0.26750,5,31,147
8,2,8,200,lognormal-heavytail,0.0,1,stepaware,0.16962,0.16962,0.00000,0.33925,5,32,168
8,2,8,200,lognormal-heavytail,0.0,2,serial,0.15725,0.20513,0.04788,0.31450,6,44,176
8,2,8,200,lognormal-heavytail,0.0,2,cb,0.16262,0.16262,0.00000,0.32525,5,42,174
8,2,8,200,lognormal-heavytail,0.0,2,stepaware,0.09638,0.09638,0.00000,0.19275,4,23,126
8,2,8,200,lognormal-heavytail,0.0,3,serial,0.16712,0.21975,0.05263,0.33425,8,61,173
8,2,8,200,lognormal-heavytail,0.0,3,cb,0.13400,0.13400,0.00000,0.26800,7,31,124
8,2,8,200,lognormal-heavytail,0.0,3,stepaware,0.13800,0.13800,0.00000,0.27600,4,33,166
8,2,8,200,lognormal-heavytail,0.0,4,serial,0.14788,0.18862,0.04075,0.29575,7,33,156
8,2,8,200,lognormal-heavytail,0.0,4,cb,0.22712,0.22712,0.00000,0.45425,7,47,188
8,2,8,200,lognormal-heavytail,0.0,4,stepaware,0.15100,0.15100,0.00000,0.30200,5,35,155
8,2,8,200,lognormal-heavytail,0.5,0,serial,0.18762,0.24425,0.05663,0.37525,8,50,182
8,2,8,200,lognormal-heavytail,0.5,0,cb,0.30775,0.30775,0.00000,0.61550,6,34,314
8,2,8,200,lognormal-heavytail,0.5,0,stepaware,0.21713,0.21713,0.00000,0.43425,6,37,227
8,2,8,200,lognormal-heavytail,0.5,1,serial,0.06513,0.07725,0.01212,0.13025,8,51,64
8,2,8,200,lognormal-heavytail,0.5,1,cb,0.17650,0.17650,0.00000,0.35300,5,29,197
8,2,8,200,lognormal-heavytail,0.5,1,stepaware,0.23037,0.23037,0.00000,0.46075,6,36,237
8,2,8,200,lognormal-heavytail,0.5,2,serial,0.18625,0.25688,0.07063,0.37250,8,93,198
8,2,8,200,lognormal-heavytail,0.5,2,cb,0.25412,0.25412,0.00000,0.50825,6,33,269
8,2,8,200,lognormal-heavytail,0.5,2,stepaware,0.28763,0.28763,0.00000,0.57525,5,36,313
8,2,8,200,lognormal-heavytail,0.5,3,serial,0.29387,0.44862,0.15475,0.58775,11,57,298
8,2,8,200,lognormal-heavytail,0.5,3,cb,0.22637,0.22637,0.00000,0.45275,7,35,215
8,2,8,200,lognormal-heavytail,0.5,3,stepaware,0.10075,0.10075,0.00000,0.20150,5,41,101
8,2,8,200,lognormal-heavytail,0.5,4,serial,0.22425,0.30038,0.07612,0.44850,8,45,238
8,2,8,200,lognormal-heavytail,0.5,4,cb,0.16200,0.16200,0.00000,0.32400,6,29,173
8,2,8,200,lognormal-heavytail,0.5,4,stepaware,0.24025,0.24025,0.00000,0.48050,6,34,225
8,2,8,200,lognormal-heavytail,0.9,0,serial,0.47437,0.91575,0.44137,0.94875,31,84,510
8,2,8,200,lognormal-heavytail,0.9,0,cb,0.14050,0.14050,0.00000,0.28100,5,50,144
8,2,8,200,lognormal-heavytail,0.9,0,stepaware,0.54025,0.54025,0.00000,1.08050,6,36,578
8,2,8,200,lognormal-heavytail,0.9,1,serial,0.28137,0.44700,0.16563,0.56275,12,61,291
8,2,8,200,lognormal-heavytail,0.9,1,cb,0.21138,0.21138,0.00000,0.42275,4,35,239
8,2,8,200,lognormal-heavytail,0.9,1,stepaware,0.02600,0.02600,0.00000,0.05200,6,43,25
8,2,8,200,lognormal-heavytail,0.9,2,serial,0.15600,0.20913,0.05313,0.31200,8,50,156
8,2,8,200,lognormal-heavytail,0.9,2,cb,0.11887,0.11887,0.00000,0.23775,6,47,108
8,2,8,200,lognormal-heavytail,0.9,2,stepaware,0.33975,0.33975,0.00000,0.67950,7,46,365
8,2,8,200,lognormal-heavytail,0.9,3,serial,0.19412,0.24450,0.05038,0.38825,7,42,215
8,2,8,200,lognormal-heavytail,0.9,3,cb,0.21263,0.21263,0.00000,0.42525,6,29,255
8,2,8,200,lognormal-heavytail,0.9,3,stepaware,0.44538,0.44538,0.00000,0.89075,5,32,504
8,2,8,200,lognormal-heavytail,0.9,4,serial,0.30612,0.48313,0.17700,0.61225,11,77,319
8,2,8,200,lognormal-heavytail,0.9,4,cb,0.62587,0.62587,0.00000,1.25175,7,40,657
8,2,8,200,lognormal-heavytail,0.9,4,stepaware,0.12762,0.12762,0.00000,0.25525,5,36,138
8,2,32,50,exponential,0.0,0,serial,0.49788,0.99350,0.49563,0.99575,185,571,134
8,2,32,50,exponential,0.0,0,cb,0.95988,0.95988,0.00000,1.91975,65,233,254
8,2,32,50,exponential,0.0,0,stepaware,0.97975,0.97975,0.00000,1.95950,36,402,286
8,2,32,50,exponential,0.0,1,serial,0.49862,0.99700,0.49838,0.99725,150,428,147
8,2,32,50,exponential,0.0,1,cb,0.99125,0.99125,0.00000,1.98250,79,233,240
8,2,32,50,exponential,0.0,1,stepaware,0.99213,0.99213,0.00000,1.98425,42,705,259
8,2,32,50,exponential,0.0,2,serial,0.50000,0.99862,0.49862,1.00000,189,410,127
8,2,32,50,exponential,0.0,2,cb,0.98938,0.98938,0.00000,1.97875,75,212,234
8,2,32,50,exponential,0.0,2,stepaware,0.99550,0.99550,0.00000,1.99100,47,622,247
8,2,32,50,exponential,0.0,3,serial,0.49925,0.99700,0.49775,0.99850,203,374,123
8,2,32,50,exponential,0.0,3,cb,0.98225,0.98225,0.00000,1.96450,73,222,243
8,2,32,50,exponential,0.0,3,stepaware,0.98762,0.98762,0.00000,1.97525,36,439,273
8,2,32,50,exponential,0.0,4,serial,0.49962,0.99662,0.49700,0.99925,168,451,135
8,2,32,50,exponential,0.0,4,cb,0.97188,0.97188,0.00000,1.94375,72,243,239
8,2,32,50,exponential,0.0,4,stepaware,0.99900,0.99900,0.00000,1.99800,47,616,245
8,2,32,50,exponential,0.5,0,serial,0.49900,0.99687,0.49787,0.99800,162,378,124
8,2,32,50,exponential,0.5,0,cb,0.90600,0.90600,0.00000,1.81200,52,262,228
8,2,32,50,exponential,0.5,0,stepaware,0.90800,0.90800,0.00000,1.81600,42,370,200
8,2,32,50,exponential,0.5,1,serial,0.48287,0.92025,0.43738,0.96575,119,311,124
8,2,32,50,exponential,0.5,1,cb,0.97037,0.97037,0.00000,1.94075,70,283,230
8,2,32,50,exponential,0.5,1,stepaware,0.95125,0.95125,0.00000,1.90250,46,409,244
8,2,32,50,exponential,0.5,2,serial,0.49700,0.97875,0.48175,0.99400,132,348,151
8,2,32,50,exponential,0.5,2,cb,0.90087,0.90087,0.00000,1.80175,45,246,224
8,2,32,50,exponential,0.5,2,stepaware,0.99187,0.99187,0.00000,1.98375,48,488,225
8,2,32,50,exponential,0.5,3,serial,0.49975,0.98575,0.48600,0.99950,178,329,132
8,2,32,50,exponential,0.5,3,cb,0.91350,0.91350,0.00000,1.82700,75,212,199
8,2,32,50,exponential,0.5,3,stepaware,0.87487,0.87487,0.00000,1.74975,30,221,250
8,2,32,50,exponential,0.5,4,serial,0.49300,0.97862,0.48562,0.98600,186,391,120
8,2,32,50,exponential,0.5,4,cb,0.89350,0.89350,0.00000,1.78700,50,214,222
8,2,32,50,exponential,0.5,4,stepaware,0.92450,0.92450,0.00000,1.84900,41,433,212
8,2,32,50,exponential,0.9,0,serial,0.47450,0.89312,0.41862,0.94900,131,288,143
8,2,32,50,exponential,0.9,0,cb,0.85550,0.85550,0.00000,1.71100,51,199,216
8,2,32,50,exponential,0.9,0,stepaware,0.95837,0.95837,0.00000,1.91675,46,297,224
8,2,32,50,exponential,0.9,1,serial,0.49100,0.96288,0.47188,0.98200,205,464,99
8,2,32,50,exponential,0.9,1,cb,0.85688,0.85688,0.00000,1.71375,46,177,224
8,2,32,50,exponential,0.9,1,stepaware,0.74125,0.74125,0.00000,1.48250,31,256,206
8,2,32,50,exponential,0.9,2,serial,0.49538,0.98662,0.49125,0.99075,224,479,104
8,2,32,50,exponential,0.9,2,cb,0.70325,0.70325,0.00000,1.40650,33,144,222
8,2,32,50,exponential,0.9,2,stepaware,0.92325,0.92325,0.00000,1.84650,42,454,231
8,2,32,50,exponential,0.9,3,serial,0.47350,0.90850,0.43500,0.94700,100,319,131
8,2,32,50,exponential,0.9,3,cb,0.83950,0.83950,0.00000,1.67900,49,211,197
8,2,32,50,exponential,0.9,3,stepaware,0.80625,0.80625,0.00000,1.61250,38,326,201
8,2,32,50,exponential,0.9,4,serial,0.49100,0.95275,0.46175,0.98200,170,435,109
8,2,32,50,exponential,0.9,4,cb,0.75213,0.75213,0.00000,1.50425,35,143,220
8,2,32,50,exponential,0.9,4,stepaware,0.92937,0.92937,0.00000,1.85875,34,280,254
8,2,32,50,lognormal-heavytail,0.0,0,serial,0.49725,0.99450,0.49725,0.99450,202,324,128
8,2,32,50,lognormal-heavytail,0.0,0,cb,0.97150,0.97150,0.00000,1.94300,62,189,269
8,2,32,50,lognormal-heavytail,0.0,0,stepaware,0.99800,0.99800,0.00000,1.99600,49,392,256
8,2,32,50,lognormal-heavytail,0.0,1,serial,0.49838,0.99513,0.49675,0.99675,197,403,126
8,2,32,50,lognormal-heavytail,0.0,1,cb,0.97262,0.97262,0.00000,1.94525,65,204,257
8,2,32,50,lognormal-heavytail,0.0,1,stepaware,0.97813,0.97813,0.00000,1.95625,46,549,228
8,2,32,50,lognormal-heavytail,0.0,2,serial,0.49825,0.99338,0.49512,0.99650,177,371,130
8,2,32,50,lognormal-heavytail,0.0,2,cb,0.96962,0.96962,0.00000,1.93925,58,190,262
8,2,32,50,lognormal-heavytail,0.0,2,stepaware,0.98750,0.98750,0.00000,1.97500,43,582,246
8,2,32,50,lognormal-heavytail,0.0,3,serial,0.49975,0.99925,0.49950,0.99950,182,514,126
8,2,32,50,lognormal-heavytail,0.0,3,cb,0.98813,0.98813,0.00000,1.97625,75,205,245
8,2,32,50,lognormal-heavytail,0.0,3,stepaware,0.97662,0.97662,0.00000,1.95325,45,581,254
8,2,32,50,lognormal-heavytail,0.0,4,serial,0.49975,0.99938,0.49962,0.99950,208,393,127
8,2,32,50,lognormal-heavytail,0.0,4,cb,0.97762,0.97762,0.00000,1.95525,65,179,271
8,2,32,50,lognormal-heavytail,0.0,4,stepaware,0.99275,0.99275,0.00000,1.98550,41,408,257
8,2,32,50,lognormal-heavytail,0.5,0,serial,0.49150,0.97588,0.48438,0.98300,134,311,140
8,2,32,50,lognormal-heavytail,0.5,0,cb,0.92825,0.92825,0.00000,1.85650,70,222,235
8,2,32,50,lognormal-heavytail,0.5,0,stepaware,0.87687,0.87687,0.00000,1.75375,35,198,210
8,2,32,50,lognormal-heavytail,0.5,1,serial,0.49838,0.99362,0.49525,0.99675,179,406,127
8,2,32,50,lognormal-heavytail,0.5,1,cb,0.95488,0.95488,0.00000,1.90975,62,155,284
8,2,32,50,lognormal-heavytail,0.5,1,stepaware,0.99650,0.99650,0.00000,1.99300,39,993,281
8,2,32,50,lognormal-heavytail,0.5,2,serial,0.40413,0.67812,0.27400,0.80825,75,250,93
8,2,32,50,lognormal-heavytail,0.5,2,cb,0.96425,0.96425,0.00000,1.92850,70,219,236
8,2,32,50,lognormal-heavytail,0.5,2,stepaware,0.37912,0.37912,0.00000,0.75825,22,187,111
8,2,32,50,lognormal-heavytail,0.5,3,serial,0.48137,0.94350,0.46213,0.96275,153,445,144
8,2,32,50,lognormal-heavytail,0.5,3,cb,0.81663,0.81663,0.00000,1.63325,35,180,235
8,2,32,50,lognormal-heavytail,0.5,3,stepaware,0.98313,0.98313,0.00000,1.96625,45,366,233
8,2,32,50,lognormal-heavytail,0.5,4,serial,0.49988,0.99750,0.49763,0.99975,155,324,137
8,2,32,50,lognormal-heavytail,0.5,4,cb,0.93125,0.93125,0.00000,1.86250,61,182,229
8,2,32,50,lognormal-heavytail,0.5,4,stepaware,0.98013,0.98013,0.00000,1.96025,44,690,265
8,2,32,50,lognormal-heavytail,0.9,0,serial,0.43050,0.84988,0.41938,0.86100,203,559,98
8,2,32,50,lognormal-heavytail,0.9,0,cb,0.72962,0.72962,0.00000,1.45925,38,213,185
8,2,32,50,lognormal-heavytail,0.9,0,stepaware,0.96588,0.96588,0.00000,1.93175,44,550,255
8,2,32,50,lognormal-heavytail,0.9,1,serial,0.37488,0.71862,0.34375,0.74975,155,317,99
8,2,32,50,lognormal-heavytail,0.9,1,cb,0.75638,0.75638,0.00000,1.51275,35,140,214
8,2,32,50,lognormal-heavytail,0.9,1,stepaware,0.79450,0.79450,0.00000,1.58900,39,271,216
8,2,32,50,lognormal-heavytail,0.9,2,serial,0.49312,0.97413,0.48100,0.98625,164,464,113
8,2,32,50,lognormal-heavytail,0.9,2,cb,0.88100,0.88100,0.00000,1.76200,65,190,236
8,2,32,50,lognormal-heavytail,0.9,2,stepaware,0.68925,0.68925,0.00000,1.37850,35,484,167
8,2,32,50,lognormal-heavytail,0.9,3,serial,0.45088,0.86050,0.40963,0.90175,141,465,112
8,2,32,50,lognormal-heavytail,0.9,3,cb,0.15200,0.15200,0.00000,0.30400,79,209,39
8,2,32,50,lognormal-heavytail,0.9,3,stepaware,0.72537,0.72537,0.00000,1.45075,30,401,193
8,2,32,50,lognormal-heavytail,0.9,4,serial,0.49262,0.97062,0.47800,0.98525,201,435,112
8,2,32,50,lognormal-heavytail,0.9,4,cb,0.79688,0.79688,0.00000,1.59375,37,162,208
8,2,32,50,lognormal-heavytail,0.9,4,stepaware,0.49412,0.49412,0.00000,0.98825,27,157,124
8,2,32,200,exponential,0.0,0,serial,0.46063,0.84500,0.38437,0.92125,88,285,105
8,2,32,200,exponential,0.0,0,cb,0.45162,0.45162,0.00000,0.90325,17,168,133
8,2,32,200,exponential,0.0,0,stepaware,0.54125,0.54125,0.00000,1.08250,26,216,142
8,2,32,200,exponential,0.0,1,serial,0.43650,0.75613,0.31963,0.87300,59,254,112
8,2,32,200,exponential,0.0,1,cb,0.51938,0.51938,0.00000,1.03875,23,166,150
8,2,32,200,exponential,0.0,1,stepaware,0.53487,0.53487,0.00000,1.06975,23,168,142
8,2,32,200,exponential,0.0,2,serial,0.44962,0.83788,0.38825,0.89925,86,268,117
8,2,32,200,exponential,0.0,2,cb,0.57725,0.57725,0.00000,1.15450,29,133,135
8,2,32,200,exponential,0.0,2,stepaware,0.55475,0.55475,0.00000,1.10950,28,136,141
8,2,32,200,exponential,0.0,3,serial,0.42075,0.73962,0.31887,0.84150,60,273,112
8,2,32,200,exponential,0.0,3,cb,0.60362,0.60362,0.00000,1.20725,30,165,137
8,2,32,200,exponential,0.0,3,stepaware,0.52825,0.52825,0.00000,1.05650,21,131,138
8,2,32,200,exponential,0.0,4,serial,0.47387,0.89212,0.41825,0.94775,107,336,109
8,2,32,200,exponential,0.0,4,cb,0.54138,0.54138,0.00000,1.08275,27,157,153
8,2,32,200,exponential,0.0,4,stepaware,0.60325,0.60325,0.00000,1.20650,26,168,156
8,2,32,200,exponential,0.5,0,serial,0.38825,0.63287,0.24462,0.77650,42,263,101
8,2,32,200,exponential,0.5,0,cb,0.48662,0.48662,0.00000,0.97325,26,152,120
8,2,32,200,exponential,0.5,0,stepaware,0.38125,0.38125,0.00000,0.76250,21,218,101
8,2,32,200,exponential,0.5,1,serial,0.38200,0.63500,0.25300,0.76400,56,243,99
8,2,32,200,exponential,0.5,1,cb,0.45437,0.45437,0.00000,0.90875,36,164,100
8,2,32,200,exponential,0.5,1,stepaware,0.49638,0.49638,0.00000,0.99275,22,139,155
8,2,32,200,exponential,0.5,2,serial,0.49338,0.95662,0.46325,0.98675,111,229,133
8,2,32,200,exponential,0.5,2,cb,0.29663,0.29663,0.00000,0.59325,25,150,82
8,2,32,200,exponential,0.5,2,stepaware,0.43425,0.43425,0.00000,0.86850,20,130,140
8,2,32,200,exponential,0.5,3,serial,0.32225,0.53500,0.21275,0.64450,65,340,82
8,2,32,200,exponential,0.5,3,cb,0.46600,0.46600,0.00000,0.93200,25,125,129
8,2,32,200,exponential,0.5,3,stepaware,0.22412,0.22412,0.00000,0.44825,18,87,69
8,2,32,200,exponential,0.5,4,serial,0.46287,0.86625,0.40337,0.92575,100,317,113
8,2,32,200,exponential,0.5,4,cb,0.35137,0.35137,0.00000,0.70275,22,132,102
8,2,32,200,exponential,0.5,4,stepaware,0.34437,0.34437,0.00000,0.68875,24,132,91
8,2,32,200,exponential,0.9,0,serial,0.48000,0.92725,0.44725,0.96000,135,357,114
8,2,32,200,exponential,0.9,0,cb,0.76413,0.76413,0.00000,1.52825,41,145,193
8,2,32,200,exponential,0.9,0,stepaware,0.73388,0.73388,0.00000,1.46775,33,178,188
8,2,32,200,exponential,0.9,1,serial,0.38238,0.71000,0.32762,0.76475,112,255,103
8,2,32,200,exponential,0.9,1,cb,0.87075,0.87075,0.00000,1.74150,48,169,219
8,2,32,200,exponential,0.9,1,stepaware,0.65650,0.65650,0.00000,1.31300,32,287,156
8,2,32,200,exponential,0.9,2,serial,0.47113,0.90950,0.43837,0.94225,124,348,104
8,2,32,200,exponential,0.9,2,cb,0.61638,0.61638,0.00000,1.23275,31,157,156
8,2,32,200,exponential,0.9,2,stepaware,0.67500,0.67500,0.00000,1.35000,29,187,166
8,2,32,200,exponential,0.9,3,serial,0.43525,0.81663,0.38138,0.87050,80,468,114
8,2,32,200,exponential,0.9,3,cb,0.38438,0.38438,0.00000,0.76875,29,120,98
8,2,32,200,exponential,0.9,3,stepaware,0.26488,0.26488,0.00000,0.52975,21,130,76
8,2,32,200,exponential,0.9,4,serial,0.40750,0.71350,0.30600,0.81500,62,358,106
8,2,32,200,exponential,0.9,4,cb,0.42375,0.42375,0.00000,0.84750,29,177,97
8,2,32,200,exponential,0.9,4,stepaware,0.69788,0.69788,0.00000,1.39575,34,291,165
8,2,32,200,lognormal-heavytail,0.0,0,serial,0.47687,0.91412,0.43725,0.95375,116,383,116
8,2,32,200,lognormal-heavytail,0.0,0,cb,0.57825,0.57825,0.00000,1.15650,26,198,146
8,2,32,200,lognormal-heavytail,0.0,0,stepaware,0.64487,0.64487,0.00000,1.28975,31,166,155
8,2,32,200,lognormal-heavytail,0.0,1,serial,0.41100,0.75587,0.34487,0.82200,91,273,104
8,2,32,200,lognormal-heavytail,0.0,1,cb,0.52525,0.52525,0.00000,1.05050,42,142,121
8,2,32,200,lognormal-heavytail,0.0,1,stepaware,0.51362,0.51362,0.00000,1.02725,29,153,117
8,2,32,200,lognormal-heavytail,0.0,2,serial,0.46750,0.89750,0.43000,0.93500,137,261,112
8,2,32,200,lognormal-heavytail,0.0,2,cb,0.39213,0.39213,0.00000,0.78425,22,111,121
8,2,32,200,lognormal-heavytail,0.0,2,stepaware,0.51525,0.51525,0.00000,1.03050,25,210,139
8,2,32,200,lognormal-heavytail,0.0,3,serial,0.45900,0.85313,0.39413,0.91800,84,342,133
8,2,32,200,lognormal-heavytail,0.0,3,cb,0.68375,0.68375,0.00000,1.36750,30,210,159
8,2,32,200,lognormal-heavytail,0.0,3,stepaware,0.58950,0.58950,0.00000,1.17900,29,196,146
8,2,32,200,lognormal-heavytail,0.0,4,serial,0.46625,0.87387,0.40762,0.93250,111,328,107
8,2,32,200,lognormal-heavytail,0.0,4,cb,0.58250,0.58250,0.00000,1.16500,27,142,160
8,2,32,200,lognormal-heavytail,0.0,4,stepaware,0.63325,0.63325,0.00000,1.26650,30,168,157
8,2,32,200,lognormal-heavytail,0.5,0,serial,0.42738,0.75850,0.33112,0.85475,59,234,140
8,2,32,200,lognormal-heavytail,0.5,0,cb,0.63562,0.63562,0.00000,1.27125,37,180,152
8,2,32,200,lognormal-heavytail,0.5,0,stepaware,0.40825,0.40825,0.00000,0.81650,21,106,118
8,2,32,200,lognormal-heavytail,0.5,1,serial,0.40037,0.68725,0.28688,0.80075,75,249,107
8,2,32,200,lognormal-heavytail,0.5,1,cb,0.57163,0.57163,0.00000,1.14325,31,178,155
8,2,32,200,lognormal-heavytail,0.5,1,stepaware,0.68550,0.68550,0.00000,1.37100,28,178,180
8,2,32,200,lognormal-heavytail,0.5,2,serial,0.46075,0.84400,0.38325,0.92150,111,362,95
8,2,32,200,lognormal-heavytail,0.5,2,cb,0.57388,0.57388,0.00000,1.14775,30,134,154
8,2,32,200,lognormal-heavytail,0.5,2,stepaware,0.75575,0.75575,0.00000,1.51150,32,244,182
8,2,32,200,lognormal-heavytail,0.5,3,serial,0.48488,0.95962,0.47475,0.96975,123,417,127
8,2,32,200,lognormal-heavytail,0.5,3,cb,0.63738,0.63738,0.00000,1.27475,30,138,169
8,2,32,200,lognormal-heavytail,0.5,3,stepaware,0.45537,0.45537,0.00000,0.91075,27,121,120
8,2,32,200,lognormal-heavytail,0.5,4,serial,0.40975,0.70225,0.29250,0.81950,119,483,82
8,2,32,200,lognormal-heavytail,0.5,4,cb,0.45550,0.45550,0.00000,0.91100,31,170,124
8,2,32,200,lognormal-heavytail,0.5,4,stepaware,0.68463,0.68463,0.00000,1.36925,38,285,148
8,2,32,200,lognormal-heavytail,0.9,0,serial,0.46237,0.87000,0.40763,0.92475,133,280,107
8,2,32,200,lognormal-heavytail,0.9,0,cb,0.08475,0.08475,0.00000,0.16950,32,115,30
8,2,32,200,lognormal-heavytail,0.9,0,stepaware,0.36825,0.36825,0.00000,0.73650,27,235,87
8,2,32,200,lognormal-heavytail,0.9,1,serial,0.22987,0.34325,0.11338,0.45975,33,284,65
8,2,32,200,lognormal-heavytail,0.9,1,cb,0.74325,0.74325,0.00000,1.48650,34,133,205
8,2,32,200,lognormal-heavytail,0.9,1,stepaware,0.51162,0.51162,0.00000,1.02325,31,195,117
8,2,32,200,lognormal-heavytail,0.9,2,serial,0.45637,0.85575,0.39938,0.91275,101,240,112
8,2,32,200,lognormal-heavytail,0.9,2,cb,0.29938,0.29938,0.00000,0.59875,19,216,82
8,2,32,200,lognormal-heavytail,0.9,2,stepaware,0.88313,0.88313,0.00000,1.76625,46,422,212
8,2,32,200,lognormal-heavytail,0.9,3,serial,0.41250,0.65863,0.24613,0.82500,57,416,98
8,2,32,200,lognormal-heavytail,0.9,3,cb,0.78725,0.78725,0.00000,1.57450,55,189,194
8,2,32,200,lognormal-heavytail,0.9,3,stepaware,0.36662,0.36662,0.00000,0.73325,22,125,99
8,2,32,200,lognormal-heavytail,0.9,4,serial,0.06750,0.10875,0.04125,0.13500,51,180,17
8,2,32,200,lognormal-heavytail,0.9,4,cb,0.33537,0.33537,0.00000,0.67075,24,183,85
8,2,32,200,lognormal-heavytail,0.9,4,stepaware,0.64575,0.64575,0.00000,1.29150,31,175,163
8,4,8,50,exponential,0.0,0,serial,0.22269,0.61356,0.39087,0.89075,20,94,482
8,4,8,50,exponential,0.0,0,cb,0.26200,0.26200,0.00000,1.04800,5,36,557
8,4,8,50,exponential,0.0,0,stepaware,0.25531,0.25531,0.00000,1.02125,5,36,572
8,4,8,50,exponential,0.0,1,serial,0.21181,0.59850,0.38669,0.84725,20,92,436
8,4,8,50,exponential,0.0,1,cb,0.24800,0.24800,0.00000,0.99200,5,31,538
8,4,8,50,exponential,0.0,1,stepaware,0.27063,0.27063,0.00000,1.08250,5,38,590
8,4,8,50,exponential,0.0,2,serial,0.21700,0.59913,0.38213,0.86800,21,61,465
8,4,8,50,exponential,0.0,2,cb,0.25912,0.25912,0.00000,1.03650,4,33,607
8,4,8,50,exponential,0.0,2,stepaware,0.30138,0.30138,0.00000,1.20550,5,45,582
8,4,8,50,exponential,0.0,3,serial,0.20881,0.58844,0.37962,0.83525,19,83,451
8,4,8,50,exponential,0.0,3,cb,0.26700,0.26700,0.00000,1.06800,5,40,551
8,4,8,50,exponential,0.0,3,stepaware,0.27569,0.27569,0.00000,1.10275,5,34,568
8,4,8,50,exponential,0.0,4,serial,0.20769,0.54056,0.33287,0.83075,16,84,458
8,4,8,50,exponential,0.0,4,cb,0.26206,0.26206,0.00000,1.04825,5,40,541
8,4,8,50,exponential,0.0,4,stepaware,0.27969,0.27969,0.00000,1.11875,5,35,573
8,4,8,50,exponential,0.5,0,serial,0.18650,0.43219,0.24569,0.74600,14,65,404
8,4,8,50,exponential,0.5,0,cb,0.46881,0.46881,0.00000,1.87525,5,36,960
8,4,8,50,exponential,0.5,0,stepaware,0.29475,0.29475,0.00000,1.17900,5,36,620
8,4,8,50,exponential,0.5,1,serial,0.22462,0.63981,0.41519,0.89850,23,73,444
8,4,8,50,exponential,0.5,1,cb,0.12937,0.12937,0.00000,0.51750,5,33,296
8,4,8,50,exponential,0.5,1,stepaware,0.37544,0.37544,0.00000,1.50175,5,32,812
8,4,8,50,exponential,0.5,2,serial,0.22244,0.64681,0.42438,0.88975,22,97,471
8,4,8,50,exponential,0.5,2,cb,0.41056,0.41056,0.00000,1.64225,5,36,864
8,4,8,50,exponential,0.5,2,stepaware,0.34756,0.34756,0.00000,1.39025,5,34,719
8,4,8,50,exponential,0.5,3,serial,0.18450,0.46994,0.28544,0.73800,16,86,400
8,4,8,50,exponential,0.5,3,cb,0.33263,0.33263,0.00000,1.33050,5,41,654
8,4,8,50,exponential,0.5,3,stepaware,0.22900,0.22900,0.00000,0.91600,5,44,445
8,4,8,50,exponential,0.5,4,serial,0.17938,0.41881,0.23944,0.71750,14,75,373
8,4,8,50,exponential,0.5,4,cb,0.45550,0.45550,0.00000,1.82200,5,36,965
8,4,8,50,exponential,0.5,4,stepaware,0.26562,0.26562,0.00000,1.06250,5,32,606
8,4,8,50,exponential,0.9,0,serial,0.13706,0.33000,0.19294,0.54825,13,74,303
8,4,8,50,exponential,0.9,0,cb,0.52844,0.52844,0.00000,2.11375,6,39,1067
8,4,8,50,exponential,0.9,0,stepaware,0.07331,0.07331,0.00000,0.29325,5,31,152
8,4,8,50,exponential,0.9,1,serial,0.17475,0.36788,0.19313,0.69900,14,72,337
8,4,8,50,exponential,0.9,1,cb,0.37819,0.37819,0.00000,1.51275,5,36,765
8,4,8,50,exponential,0.9,1,stepaware,0.22294,0.22294,0.00000,0.89175,5,38,479
8,4,8,50,exponential,0.9,2,serial,0.08175,0.10875,0.02700,0.32700,7,38,185
8,4,8,50,exponential,0.9,2,cb,0.23412,0.23412,0.00000,0.93650,5,45,482
8,4,8,50,exponential,0.9,2,stepaware,0.43000,0.43000,0.00000,1.72000,5,35,917
8,4,8,50,exponential,0.9,3,serial,0.20425,0.59300,0.38875,0.81700,23,76,429
8,4,8,50,exponential,0.9,3,cb,0.36788,0.36788,0.00000,1.47150,6,36,727
8,4,8,50,exponential,0.9,3,stepaware,0.04406,0.04406,0.00000,0.17625,5,27,104
8,4,8,50,exponential,0.9,4,serial,0.15956,0.34031,0.18075,0.63825,13,126,302
8,4,8,50,exponential,0.9,4,cb,0.20050,0.20050,0.00000,0.80200,5,36,450
8,4,8,50,exponential,0.9,4,stepaware,0.11344,0.11344,0.00000,0.45375,5,36,248
8,4,8,50,lognormal-heavytail,0.0,0,serial,0.20194,0.54338,0.34144,0.80775,14,73,475
8,4,8,50,lognormal-heavytail,0.0,0,cb,0.28106,0.28106,0.00000,1.12425,5,31,614
8,4,8,50,lognormal-heavytail,0.0,0,stepaware,0.28069,0.28069,0.00000,1.12275,5,36,626
8,4,8,50,lognormal-heavytail,0.0,1,serial,0.21381,0.55525,0.34144,0.85525,16,78,452
8,4,8,50,lognormal-heavytail,0.0,1,cb,0.27231,0.27231,0.00000,1.08925,5,34,546
8,4,8,50,lognormal-heavytail,0.0,1,stepaware,0.24456,0.24456,0.00000,0.97825,5,32,523
8,4,8,50,lognormal-heavytail,0.0,2,serial,0.21400,0.59719,0.38319,0.85600,17,107,449
8,4,8,50,lognormal-heavytail,0.0,2,cb,0.26587,0.26587,0.00000,1.06350,5,35,560
8,4,8,50,lognormal-heavytail,0.0,2,stepaware,0.26875,0.26875,0.00000,1.07500,5,33,566
8,4,8,50,lognormal-heavytail,0.0,3,serial,0.21981,0.63281,0.41300,0.87925,19,72,478
8,4,8,50,lognormal-heavytail,0.0,3,cb,0.29269,0.29269,0.00000,1.17075,5,34,579
8,4,8,50,lognormal-heavytail,0.0,3,stepaware,0.22681,0.22681,0.00000,0.90725,4,42,498
8,4,8,50,lognormal-heavytail,0.0,4,serial,0.20869,0.52300,0.31431,0.83475,17,74,446
8,4,8,50,lognormal-heavytail,0.0,4,cb,0.25694,0.25694,0.00000,1.02775,5,36,531
8,4,8,50,lognormal-heavytail,0.0,4,stepaware,0.23794,0.23794,0.00000,0.95175,5,34,495
8,4,8,50,lognormal-heavytail,0.5,0,serial,0.14969,0.29894,0.14925,0.59875,10,72,310
8,4,8,50,lognormal-heavytail,0.5,0,cb,0.17056,0.17056,0.00000,0.68225,5,38,364
8,4,8,50,lognormal-heavytail,0.5,0,stepaware,0.29294,0.29294,0.00000,1.17175,5,41,611
8,4,8,50,lognormal-heavytail,0.5,1,serial,0.14344,0.26081,0.11738,0.57375,11,50,309
8,4,8,50,lognormal-heavytail,0.5,1,cb,0.47019,0.47019,0.00000,1.88075,5,39,982
8,4,8,50,lognormal-heavytail,0.5,1,stepaware,0.10931,0.10931,0.00000,0.43725,5,32,235
8,4,8,50,lognormal-heavytail,0.5,2,serial,0.21100,0.61925,0.40825,0.84400,23,81,421
8,4,8,50,lognormal-heavytail,0.5,2,cb,0.24431,0.24431,0.00000,0.97725,5,35,503
8,4,8,50,lognormal-heavytail,0.5,2,stepaware,0.21638,0.21638,0.00000,0.86550,5,37,444
8,4,8,50,lognormal-heavytail,0.5,3,serial,0.20106,0.51444,0.31337,0.80425,18,80,417
8,4,8,50,lognormal-heavytail,0.5,3,cb,0.48456,0.48456,0.00000,1.93825,5,34,1037
8,4,8,50,lognormal-heavytail,0.5,3,stepaware,0.35194,0.35194,0.00000,1.40775,5,40,714
8,4,8,50,lognormal-heavytail,0.5,4,serial,0.22850,0.67550,0.44700,0.91400,21,105,490
8,4,8,50,lognormal-heavytail,0.5,4,cb,0.32456,0.32456,0.00000,1.29825,5,36,688
8,4,8,50,lognormal-heavytail,0.5,4,stepaware,0.17806,0.17806,0.00000,0.71225,6,37,347
8,4,8,50,lognormal-heavytail,0.9,0,serial,0.17656,0.40219,0.22562,0.70625,13,63,364
8,4,8,50,lognormal-heavytail,0.9,0,cb,0.39244,0.39244,0.00000,1.56975,5,37,863
8,4,8,50,lognormal-heavytail,0.9,0,stepaware,0.36038,0.36038,0.00000,1.44150,5,37,771
8,4,8,50,lognormal-heavytail,0.9,1,serial,0.20900,0.59675,0.38775,0.83600,20,100,425
8,4,8,50,lognormal-heavytail,0.9,1,cb,0.17700,0.17700,0.00000,0.70800,5,36,382
8,4,8,50,lognormal-heavytail,0.9,1,stepaware,0.44838,0.44838,0.00000,1.79350,5,35,976
8,4,8,50,lognormal-heavytail,0.9,2,serial,0.22712,0.68344,0.45631,0.90850,24,86,432
8,4,8,50,lognormal-heavytail,0.9,2,cb,0.52975,0.52975,0.00000,2.11900,5,35,1119
8,4,8,50,lognormal-heavytail,0.9,2,stepaware,0.63862,0.63862,0.00000,2.55450,6,34,1342
8,4,8,50,lognormal-heavytail,0.9,3,serial,0.12662,0.21800,0.09138,0.50650,9,66,248
8,4,8,50,lognormal-heavytail,0.9,3,cb,0.59325,0.59325,0.00000,2.37300,6,40,1197
8,4,8,50,lognormal-heavytail,0.9,3,stepaware,0.19331,0.19331,0.00000,0.77325,5,42,429
8,4,8,50,lognormal-heavytail,0.9,4,serial,0.17675,0.44656,0.26981,0.70700,16,82,361
8,4,8,50,lognormal-heavytail,0.9,4,cb,0.56875,0.56875,0.00000,2.27500,5,39,1199
8,4,8,50,lognormal-heavytail,0.9,4,stepaware,0.50313,0.50313,0.00000,2.01250,5,32,1072
8,4,8,200,exponential,0.0,0,serial,0.07119,0.09431,0.02312,0.28475,6,42,166
8,4,8,200,exponential,0.0,0,cb,0.08031,0.08031,0.00000,0.32125,6,37,150
8,4,8,200,exponential,0.0,0,stepaware,0.08475,0.08475,0.00000,0.33900,6,41,161
8,4,8,200,exponential,0.0,1,serial,0.08625,0.11506,0.02881,0.34500,7,42,180
8,4,8,200,exponential,0.0,1,cb,0.07144,0.07144,0.00000,0.28575,5,28,157
8,4,8,200,exponential,0.0,1,stepaware,0.07450,0.07450,0.00000,0.29800,4,38,161
8,4,8,200,exponential,0.0,2,serial,0.07875,0.09825,0.01950,0.31500,6,45,179
8,4,8,200,exponential,0.0,2,cb,0.06838,0.06838,0.00000,0.27350,5,33,151
8,4,8,200,exponential,0.0,2,stepaware,0.07562,0.07562,0.00000,0.30250,4,32,172
8,4,8,200,exponential,0.0,3,serial,0.07137,0.08887,0.01750,0.28550,6,41,153
8,4,8,200,exponential,0.0,3,cb,0.07669,0.07669,0.00000,0.30675,5,51,153
8,4,8,200,exponential,0.0,3,stepaware,0.06944,0.06944,0.00000,0.27775,6,34,148
8,4,8,200,exponential,0.0,4,serial,0.07500,0.09731,0.02231,0.30000,5,42,171
8,4,8,200,exponential,0.0,4,cb,0.07337,0.07337,0.00000,0.29350,5,35,148
8,4,8,200,exponential,0.0,4,stepaware,0.07569,0.07569,0.00000,0.30275,5,42,153
8,4,8,200,exponential,0.5,0,serial,0.08662,0.11706,0.03044,0.34650,6,41,189
8,4,8,200,exponential,0.5,0,cb,0.05856,0.05856,0.00000,0.23425,5,29,120
8,4,8,200,exponential,0.5,0,stepaware,0.14650,0.14650,0.00000,0.58600,6,37,286
8,4,8,200,exponential,0.5,1,serial,0.11787,0.18762,0.06975,0.47150,8,46,280
8,4,8,200,exponential,0.5,1,cb,0.06963,0.06963,0.00000,0.27850,5,43,139
8,4,8,200,exponential,0.5,1,stepaware,0.05931,0.05931,0.00000,0.23725,4,26,137
8,4,8,200,exponential,0.5,2,serial,0.04331,0.04994,0.00663,0.17325,5,27,106
8,4,8,200,exponential,0.5,2,cb,0.12394,0.12394,0.00000,0.49575,5,41,255
8,4,8,200,exponential,0.5,2,stepaware,0.09225,0.09225,0.00000,0.36900,5,42,189
8,4,8,200,exponential,0.5,3,serial,0.06600,0.08025,0.01425,0.26400,7,40,143
8,4,8,200,exponential,0.5,3,cb,0.07412,0.07412,0.00000,0.29650,5,31,149
8,4,8,200,exponential,0.5,3,stepaware,0.07819,0.07819,0.00000,0.31275,6,33,157
8,4,8,200,exponential,0.5,4,serial,0.13481,0.27531,0.14050,0.53925,11,61,275
8,4,8,200,exponential,0.5,4,cb,0.11944,0.11944,0.00000,0.47775,5,31,269
8,4,8,200,exponential,0.5,4,stepaware,0.14506,0.14506,0.00000,0.58025,6,37,279
8,4,8,200,exponential,0.9,0,serial,0.02931,0.05937,0.03006,0.11725,10,56,67
8,4,8,200,exponential,0.9,0,cb,0.17087,0.17087,0.00000,0.68350,5,33,368
8,4,8,200,exponential,0.9,0,stepaware,0.07594,0.07594,0.00000,0.30375,5,42,147
8,4,8,200,exponential,0.9,1,serial,0.06756,0.07931,0.01175,0.27025,7,31,147
8,4,8,200,exponential,0.9,1,cb,0.20312,0.20312,0.00000,0.81250,5,37,447
8,4,8,200,exponential,0.9,1,stepaware,0.14331,0.14331,0.00000,0.57325,5,33,302
8,4,8,200,exponential,0.9,2,serial,0.03931,0.05325,0.01394,0.15725,9,49,64
8,4,8,200,exponential,0.9,2,cb,0.05800,0.05800,0.00000,0.23200,4,37,128
8,4,8,200,exponential,0.9,2,stepaware,0.16675,0.16675,0.00000,0.66700,5,37,394
8,4,8,200,exponential,0.9,3,serial,0.11431,0.18831,0.07400,0.45725,8,59,259
8,4,8,200,exponential,0.9,3,cb,0.04963,0.04963,0.00000,0.19850,5,36,111
8,4,8,200,exponential,0.9,3,stepaware,0.31350,0.31350,0.00000,1.25400,5,40,603
8,4,8,200,exponential,0.9,4,serial,0.08725,0.14044,0.05319,0.34900,7,50,199
8,4,8,200,exponential,0.9,4,cb,0.27369,0.27369,0.00000,1.09475,6,35,567
8,4,8,200,exponential,0.9,4,stepaware,0.13062,0.13062,0.00000,0.52250,5,47,262
8,4,8,200,lognormal-heavytail,0.0,0,serial,0.08138,0.10337,0.02200,0.32550,7,40,161
8,4,8,200,lognormal-heavytail,0.0,0,cb,0.06681,0.06681,0.00000,0.26725,3,41,156
8,4,8,200,lognormal-heavytail,0.0,0,stepaware,0.09094,0.09094,0.00000,0.36375,5,47,179
8,4,8,200,lognormal-heavytail,0.0,1,serial,0.05437,0.07006,0.01569,0.21750,7,40,119
8,4,8,200,lognormal-heavytail,0.0,1,cb,0.07387,0.07387,0.00000,0.29550,4,27,181
8,4,8,200,lognormal-heavytail,0.0,1,stepaware,0.09569,0.09569,0.00000,0.38275,5,37,186
8,4,8,200,lognormal-heavytail,0.0,2,serial,0.07400,0.10006,0.02606,0.29600,8,62,136
8,4,8,200,lognormal-heavytail,0.0,2,cb,0.07806,0.07806,0.00000,0.31225,4,51,171
8,4,8,200,lognormal-heavytail,0.0,2,stepaware,0.08525,0.08525,0.00000,0.34100,6,31,184
8,4,8,200,lognormal-heavytail,0.0,3,serial,0.08094,0.11300,0.03206,0.32375,7,59,166
8,4,8,200,lognormal-heavytail,0.0,3,cb,0.08163,0.08163,0.00000,0.32650,4,50,175
8,4,8,200,lognormal-heavytail,0.0,3,stepaware,0.07331,0.07331,0.00000,0.29325,5,40,161
8,4,8,200,lognormal-heavytail,0.0,4,serial,0.06544,0.08175,0.01631,0.26175,6,46,142
8,4,8,200,lognormal-heavytail,0.0,4,cb,0.07819,0.07819,0.00000,0.31275,5,42,152
8,4,8,200,lognormal-heavytail,0.0,4,stepaware,0.07531,0.07531,0.00000,0.30125,5,48,153
8,4,8,200,lognormal-heavytail,0.5,0,serial,0.06150,0.07725,0.01575,0.24600,5,46,144
8,4,8,200,lognormal-heavytail,0.5,0,cb,0.14469,0.14469,0.00000,0.57875,5,37,293
8,4,8,200,lognormal-heavytail,0.5,0,stepaware,0.12144,0.12144,0.00000,0.48575,7,31,223
8,4,8,200,lognormal-heavytail,0.5,1,serial,0.03425,0.03594,0.00169,0.13700,6,48,61
8,4,8,200,lognormal-heavytail,0.5,1,cb,0.12175,0.12175,0.00000,0.48700,5,29,290
8,4,8,200,lognormal-heavytail,0.5,1,stepaware,0.07850,0.07850,0.00000,0.31400,5,28,175
8,4,8,200,lognormal-heavytail,0.5,2,serial,0.11925,0.19006,0.07081,0.47700,8,55,267
8,4,8,200,lognormal-heavytail,0.5,2,cb,0.11744,0.11744,0.00000,0.46975,6,38,238
8,4,8,200,lognormal-heavytail,0.5,2,stepaware,0.08113,0.08113,0.00000,0.32450,5,42,160
8,4,8,200,lognormal-heavytail,0.5,3,serial,0.11850,0.19756,0.07906,0.47400,11,42,241
8,4,8,200,lognormal-heavytail,0.5,3,cb,0.13231,0.13231,0.00000,0.52925,5,37,273
8,4,8,200,lognormal-heavytail,0.5,3,stepaware,0.11731,0.11731,0.00000,0.46925,5,43,234
8,4,8,200,lognormal-heavytail,0.5,4,serial,0.10075,0.14894,0.04819,0.40300,8,37,237
8,4,8,200,lognormal-heavytail,0.5,4,cb,0.19350,0.19350,0.00000,0.77400,5,43,387
8,4,8,200,lognormal-heavytail,0.5,4,stepaware,0.10025,0.10025,0.00000,0.40100,5,32,206
8,4,8,200,lognormal-heavytail,0.9,0,serial,0.17125,0.36325,0.19200,0.68500,14,56,332
8,4,8,200,lognormal-heavytail,0.9,0,cb,0.07150,0.07150,0.00000,0.28600,5,32,144
8,4,8,200,lognormal-heavytail,0.9,0,stepaware,0.18344,0.18344,0.00000,0.73375,5,29,417
8,4,8,200,lognormal-heavytail,0.9,1,serial,0.19587,0.46413,0.26825,0.78350,15,74,420
8,4,8,200,lognormal-heavytail,0.9,1,cb,0.21313,0.21313,0.00000,0.85250,5,33,445
8,4,8,200,lognormal-heavytail,0.9,1,stepaware,0.34950,0.34950,0.00000,1.39800,5,38,698
8,4,8,200,lognormal-heavytail,0.9,2,serial,0.13406,0.21556,0.08150,0.53625,9,53,291
8,4,8,200,lognormal-heavytail,0.9,2,cb,0.17056,0.17056,0.00000,0.68225,6,38,351
8,4,8,200,lognormal-heavytail,0.9,2,stepaware,0.11987,0.11987,0.00000,0.47950,6,38,250
8,4,8,200,lognormal-heavytail,0.9,3,serial,0.15531,0.28337,0.12806,0.62125,12,59,295
8,4,8,200,lognormal-heavytail,0.9,3,cb,0.12869,0.12869,0.00000,0.51475,4,39,299
8,4,8,200,lognormal-heavytail,0.9,3,stepaware,0.04063,0.04063,0.00000,0.16250,5,25,94
8,4,8,200,lognormal-heavytail,0.9,4,serial,0.21438,0.58956,0.37519,0.85750,19,91,435
8,4,8,200,lognormal-heavytail,0.9,4,cb,0.33706,0.33706,0.00000,1.34825,5,39,699
8,4,8,200,lognormal-heavytail,0.9,4,stepaware,0.32794,0.32794,0.00000,1.31175,5,44,698
8,4,32,50,exponential,0.0,0,serial,0.24894,0.98275,0.73381,0.99575,174,344,135
8,4,32,50,exponential,0.0,0,cb,0.78687,0.78687,0.00000,3.14750,28,166,383
8,4,32,50,exponential,0.0,0,stepaware,0.77725,0.77725,0.00000,3.10900,25,154,397
8,4,32,50,exponential,0.0,1,serial,0.24925,0.98694,0.73769,0.99700,245,478,107
8,4,32,50,exponential,0.0,1,cb,0.72569,0.72569,0.00000,2.90275,24,154,381
8,4,32,50,exponential,0.0,1,stepaware,0.74844,0.74844,0.00000,2.99375,24,130,392
8,4,32,50,exponential,0.0,2,serial,0.24975,0.98781,0.73806,0.99900,146,355,147
8,4,32,50,exponential,0.0,2,cb,0.78038,0.78038,0.00000,3.12150,27,160,379
8,4,32,50,exponential,0.0,2,stepaware,0.77163,0.77163,0.00000,3.08650,26,162,401
8,4,32,50,exponential,0.0,3,serial,0.24975,0.97450,0.72475,0.99900,158,392,143
8,4,32,50,exponential,0.0,3,cb,0.74775,0.74775,0.00000,2.99100,27,149,380
8,4,32,50,exponential,0.0,3,stepaware,0.75956,0.75956,0.00000,3.03825,26,157,366
8,4,32,50,exponential,0.0,4,serial,0.24975,0.99031,0.74056,0.99900,189,367,123
8,4,32,50,exponential,0.0,4,cb,0.71600,0.71600,0.00000,2.86400,25,177,398
8,4,32,50,exponential,0.0,4,stepaware,0.71225,0.71225,0.00000,2.84900,22,157,391
8,4,32,50,exponential,0.5,0,serial,0.25000,0.98656,0.73656,1.00000,189,499,120
8,4,32,50,exponential,0.5,0,cb,0.77531,0.77531,0.00000,3.10125,27,142,434
8,4,32,50,exponential,0.5,0,stepaware,0.85806,0.85806,0.00000,3.43225,25,154,443
8,4,32,50,exponential,0.5,1,serial,0.24956,0.97681,0.72725,0.99825,214,460,116
8,4,32,50,exponential,0.5,1,cb,0.71288,0.71288,0.00000,2.85150,27,142,365
8,4,32,50,exponential,0.5,1,stepaware,0.55100,0.55100,0.00000,2.20400,23,191,266
8,4,32,50,exponential,0.5,2,serial,0.24913,0.97313,0.72400,0.99650,164,395,132
8,4,32,50,exponential,0.5,2,cb,0.83969,0.83969,0.00000,3.35875,29,142,417
8,4,32,50,exponential,0.5,2,stepaware,0.53756,0.53756,0.00000,2.15025,22,157,285
8,4,32,50,exponential,0.5,3,serial,0.24981,0.98625,0.73644,0.99925,211,459,116
8,4,32,50,exponential,0.5,3,cb,0.67750,0.67750,0.00000,2.71000,25,166,340
8,4,32,50,exponential,0.5,3,stepaware,0.61762,0.61762,0.00000,2.47050,27,156,302
8,4,32,50,exponential,0.5,4,serial,0.24675,0.93081,0.68406,0.98700,151,387,130
8,4,32,50,exponential,0.5,4,cb,0.47156,0.47156,0.00000,1.88625,24,133,250
8,4,32,50,exponential,0.5,4,stepaware,0.58481,0.58481,0.00000,2.33925,22,130,311
8,4,32,50,exponential,0.9,0,serial,0.22081,0.67469,0.45388,0.88325,105,333,107
8,4,32,50,exponential,0.9,0,cb,0.61381,0.61381,0.00000,2.45525,24,133,330
8,4,32,50,exponential,0.9,0,stepaware,0.74431,0.74431,0.00000,2.97725,23,136,405
8,4,32,50,exponential,0.9,1,serial,0.24081,0.80075,0.55994,0.96325,116,278,126
8,4,32,50,exponential,0.9,1,cb,0.50287,0.50287,0.00000,2.01150,26,157,215
8,4,32,50,exponential,0.9,1,stepaware,0.50287,0.50287,0.00000,2.01150,21,165,283
8,4,32,50,exponential,0.9,2,serial,0.24881,0.95300,0.70419,0.99525,180,374,126
8,4,32,50,exponential,0.9,2,cb,0.73156,0.73156,0.00000,2.92625,28,161,353
8,4,32,50,exponential,0.9,2,stepaware,0.46781,0.46781,0.00000,1.87125,19,135,252
8,4,32,50,exponential,0.9,3,serial,0.24231,0.86519,0.62288,0.96925,139,434,131
8,4,32,50,exponential,0.9,3,cb,0.68956,0.68956,0.00000,2.75825,32,129,335
8,4,32,50,exponential,0.9,3,stepaware,0.73800,0.73800,0.00000,2.95200,27,144,379
8,4,32,50,exponential,0.9,4,serial,0.22887,0.68519,0.45631,0.91550,83,317,118
8,4,32,50,exponential,0.9,4,cb,0.28944,0.28944,0.00000,1.15775,21,115,149
8,4,32,50,exponential,0.9,4,stepaware,0.60650,0.60650,0.00000,2.42600,23,136,312
8,4,32,50,lognormal-heavytail,0.0,0,serial,0.24975,0.98494,0.73519,0.99900,192,380,131
8,4,32,50,lognormal-heavytail,0.0,0,cb,0.76138,0.76138,0.00000,3.04550,24,150,413
8,4,32,50,lognormal-heavytail,0.0,0,stepaware,0.76794,0.76794,0.00000,3.07175,25,140,408
8,4,32,50,lognormal-heavytail,0.0,1,serial,0.24669,0.93631,0.68962,0.98675,165,645,123
8,4,32,50,lognormal-heavytail,0.0,1,cb,0.77794,0.77794,0.00000,3.11175,26,135,399
8,4,32,50,lognormal-heavytail,0.0,1,stepaware,0.78700,0.78700,0.00000,3.14800,24,152,409
8,4,32,50,lognormal-heavytail,0.0,2,serial,0.24956,0.98794,0.73838,0.99825,168,484,134
8,4,32,50,lognormal-heavytail,0.0,2,cb,0.75869,0.75869,0.00000,3.03475,27,143,385
8,4,32,50,lognormal-heavytail,0.0,2,stepaware,0.69700,0.69700,0.00000,2.78800,22,162,376
8,4,32,50,lognormal-heavytail,0.0,3,serial,0.24963,0.99400,0.74438,0.99850,228,486,112
8,4,32,50,lognormal-heavytail,0.0,3,cb,0.75800,0.75800,0.00000,3.03200,27,146,376
8,4,32,50,lognormal-heavytail,0.0,3,stepaware,0.71525,0.71525,0.00000,2.86100,23,129,400
8,4,32,50,lognormal-heavytail,0.0,4,serial,0.24994,0.99750,0.74756,0.99975,216,431,109
8,4,32,50,lognormal-heavytail,0.0,4,cb,0.78300,0.78300,0.00000,3.13200,25,168,396
8,4,32,50,lognormal-heavytail,0.0,4,stepaware,0.77400,0.77400,0.00000,3.09600,26,152,382
8,4,32,50,lognormal-heavytail,0.5,0,serial,0.24975,0.94594,0.69619,0.99900,190,399,119
8,4,32,50,lognormal-heavytail,0.5,0,cb,0.40056,0.40056,0.00000,1.60225,25,197,184
8,4,32,50,lognormal-heavytail,0.5,0,stepaware,0.42938,0.42938,0.00000,1.71750,23,145,229
8,4,32,50,lognormal-heavytail,0.5,1,serial,0.24944,0.99556,0.74613,0.99775,172,347,143
8,4,32,50,lognormal-heavytail,0.5,1,cb,0.74613,0.74613,0.00000,2.98450,27,171,392
8,4,32,50,lognormal-heavytail,0.5,1,stepaware,0.53912,0.53912,0.00000,2.15650,24,122,276
8,4,32,50,lognormal-heavytail,0.5,2,serial,0.24313,0.86044,0.61731,0.97250,139,318,109
8,4,32,50,lognormal-heavytail,0.5,2,cb,0.76719,0.76719,0.00000,3.06875,23,126,442
8,4,32,50,lognormal-heavytail,0.5,2,stepaware,0.37600,0.37600,0.00000,1.50400,21,144,191
8,4,32,50,lognormal-heavytail,0.5,3,serial,0.23700,0.86925,0.63225,0.94800,145,281,135
8,4,32,50,lognormal-heavytail,0.5,3,cb,0.82037,0.82037,0.00000,3.28150,30,152,405
8,4,32,50,lognormal-heavytail,0.5,3,stepaware,0.61969,0.61969,0.00000,2.47875,23,155,302
8,4,32,50,lognormal-heavytail,0.5,4,serial,0.24944,0.98925,0.73981,0.99775,213,418,121
8,4,32,50,lognormal-heavytail,0.5,4,cb,0.63019,0.63019,0.00000,2.52075,24,150,335
8,4,32,50,lognormal-heavytail,0.5,4,stepaware,0.17663,0.17663,0.00000,0.70650,26,137,86
8,4,32,50,lognormal-heavytail,0.9,0,serial,0.24056,0.83150,0.59094,0.96225,130,283,137
8,4,32,50,lognormal-heavytail,0.9,0,cb,0.62362,0.62362,0.00000,2.49450,23,156,320
8,4,32,50,lognormal-heavytail,0.9,0,stepaware,0.53025,0.53025,0.00000,2.12100,25,195,271
8,4,32,50,lognormal-heavytail,0.9,1,serial,0.24081,0.85069,0.60988,0.96325,144,541,116
8,4,32,50,lognormal-heavytail,0.9,1,cb,0.37556,0.37556,0.00000,1.50225,24,134,203
8,4,32,50,lognormal-heavytail,0.9,1,stepaware,0.61256,0.61256,0.00000,2.45025,24,125,314
8,4,32,50,lognormal-heavytail,0.9,2,serial,0.21656,0.58575,0.36919,0.86625,86,472,97
8,4,32,50,lognormal-heavytail,0.9,2,cb,0.57481,0.57481,0.00000,2.29925,24,145,294
8,4,32,50,lognormal-heavytail,0.9,2,stepaware,0.52138,0.52138,0.00000,2.08550,23,164,250
8,4,32,50,lognormal-heavytail,0.9,3,serial,0.23419,0.90387,0.66969,0.93675,190,361,125
8,4,32,50,lognormal-heavytail,0.9,3,cb,0.45737,0.45737,0.00000,1.82950,20,141,251
8,4,32,50,lognormal-heavytail,0.9,3,stepaware,0.55706,0.55706,0.00000,2.22825,21,158,253
8,4,32,50,lognormal-heavytail,0.9,4,serial,0.23788,0.83662,0.59875,0.95150,170,415,113
8,4,32,50,lognormal-heavytail,0.9,4,cb,0.83769,0.83769,0.00000,3.35075,28,169,383
8,4,32,50,lognormal-heavytail,0.9,4,stepaware,0.71344,0.71344,0.00000,2.85375,27,174,347
8,4,32,200,exponential,0.0,0,serial,0.23175,0.69563,0.46388,0.92700,98,384,104
8,4,32,200,exponential,0.0,0,cb,0.26844,0.26844,0.00000,1.07375,21,145,144
8,4,32,200,exponential,0.0,0,stepaware,0.27913,0.27913,0.00000,1.11650,21,147,148
8,4,32,200,exponential,0.0,1,serial,0.23575,0.70513,0.46937,0.94300,104,279,110
8,4,32,200,exponential,0.0,1,cb,0.33519,0.33519,0.00000,1.34075,26,218,142
8,4,32,200,exponential,0.0,1,stepaware,0.28119,0.28119,0.00000,1.12475,23,142,151
8,4,32,200,exponential,0.0,2,serial,0.21656,0.58313,0.36656,0.86625,78,298,116
8,4,32,200,exponential,0.0,2,cb,0.26663,0.26663,0.00000,1.06650,20,165,143
8,4,32,200,exponential,0.0,2,stepaware,0.31131,0.31131,0.00000,1.24525,24,154,142
8,4,32,200,exponential,0.0,3,serial,0.20463,0.49850,0.29387,0.81850,66,261,103
8,4,32,200,exponential,0.0,3,cb,0.31319,0.31319,0.00000,1.25275,26,151,142
8,4,32,200,exponential,0.0,3,stepaware,0.32206,0.32206,0.00000,1.28825,25,153,154
8,4,32,200,exponential,0.0,4,serial,0.22106,0.63150,0.41044,0.88425,77,338,114
8,4,32,200,exponential,0.0,4,cb,0.27325,0.27325,0.00000,1.09300,22,129,142
8,4,32,200,exponential,0.0,4,stepaware,0.26000,0.26000,0.00000,1.04000,19,117,154
8,4,32,200,exponential,0.5,0,serial,0.21306,0.58900,0.37594,0.85225,89,331,112
8,4,32,200,exponential,0.5,0,cb,0.41337,0.41337,0.00000,1.65350,20,126,228
8,4,32,200,exponential,0.5,0,stepaware,0.48456,0.48456,0.00000,1.93825,21,132,258
8,4,32,200,exponential,0.5,1,serial,0.21175,0.55269,0.34094,0.84700,75,287,104
8,4,32,200,exponential,0.5,1,cb,0.28000,0.28000,0.00000,1.12000,22,109,140
8,4,32,200,exponential,0.5,1,stepaware,0.26294,0.26294,0.00000,1.05175,18,120,155
8,4,32,200,exponential,0.5,2,serial,0.22050,0.69925,0.47875,0.88200,153,379,95
8,4,32,200,exponential,0.5,2,cb,0.28794,0.28794,0.00000,1.15175,24,126,137
8,4,32,200,exponential,0.5,2,stepaware,0.28844,0.28844,0.00000,1.15375,21,137,144
8,4,32,200,exponential,0.5,3,serial,0.16081,0.32900,0.16819,0.64325,33,215,90
8,4,32,200,exponential,0.5,3,cb,0.31762,0.31762,0.00000,1.27050,21,147,146
8,4,32,200,exponential,0.5,3,stepaware,0.27700,0.27700,0.00000,1.10800,22,159,139
8,4,32,200,exponential,0.5,4,serial,0.15275,0.28169,0.12894,0.61100,37,200,85
8,4,32,200,exponential,0.5,4,cb,0.34869,0.34869,0.00000,1.39475,24,108,185
8,4,32,200,exponential,0.5,4,stepaware,0.26869,0.26869,0.00000,1.07475,23,134,141
8,4,32,200,exponential,0.9,0,serial,0.23425,0.66238,0.42813,0.93700,95,234,112
8,4,32,200,exponential,0.9,0,cb,0.27144,0.27144,0.00000,1.08575,23,100,161
8,4,32,200,exponential,0.9,0,stepaware,0.40431,0.40431,0.00000,1.61725,27,196,188
8,4,32,200,exponential,0.9,1,serial,0.20438,0.55681,0.35244,0.81750,78,339,97
8,4,32,200,exponential,0.9,1,cb,0.40900,0.40900,0.00000,1.63600,24,147,192
8,4,32,200,exponential,0.9,1,stepaware,0.17856,0.17856,0.00000,0.71425,21,138,89
8,4,32,200,exponential,0.9,2,serial,0.24263,0.81625,0.57363,0.97050,122,322,116
8,4,32,200,exponential,0.9,2,cb,0.14869,0.14869,0.00000,0.59475,30,232,68
8,4,32,200,exponential,0.9,2,stepaware,0.21106,0.21106,0.00000,0.84425,28,158,100
8,4,32,200,exponential,0.9,3,serial,0.18163,0.61431,0.43269,0.72650,169,287,88
8,4,32,200,exponential,0.9,3,cb,0.27706,0.27706,0.00000,1.10825,23,149,131
8,4,32,200,exponential,0.9,3,stepaware,0.18375,0.18375,0.00000,0.73500,23,94,112
8,4,32,200,exponential,0.9,4,serial,0.24081,0.73394,0.49313,0.96325,92,257,121
8,4,32,200,exponential,0.9,4,cb,0.29606,0.29606,0.00000,1.18425,21,122,152
8,4,32,200,exponential,0.9,4,stepaware,0.42619,0.42619,0.00000,1.70475,23,109,226
8,4,32,200,lognormal-heavytail,0.0,0,serial,0.20556,0.54338,0.33781,0.82225,68,312,106
8,4,32,200,lognormal-heavytail,0.0,0,cb,0.26125,0.26125,0.00000,1.04500,23,133,134
8,4,32,200,lognormal-heavytail,0.0,0,stepaware,0.28687,0.28687,0.00000,1.14750,24,125,147
8,4,32,200,lognormal-heavytail,0.0,1,serial,0.22075,0.64463,0.42388,0.88300,82,300,114
8,4,32,200,lognormal-heavytail,0.0,1,cb,0.23919,0.23919,0.00000,0.95675,21,139,120
8,4,32,200,lognormal-heavytail,0.0,1,stepaware,0.29144,0.29144,0.00000,1.16575,20,201,160
8,4,32,200,lognormal-heavytail,0.0,2,serial,0.22581,0.60550,0.37969,0.90325,86,261,111
8,4,32,200,lognormal-heavytail,0.0,2,cb,0.30100,0.30100,0.00000,1.20400,20,166,153
8,4,32,200,lognormal-heavytail,0.0,2,stepaware,0.26531,0.26531,0.00000,1.06125,20,170,126
8,4,32,200,lognormal-heavytail,0.0,3,serial,0.21744,0.59125,0.37381,0.86975,82,361,102
8,4,32,200,lognormal-heavytail,0.0,3,cb,0.27544,0.27544,0.00000,1.10175,25,134,127
8,4,32,200,lognormal-heavytail,0.0,3,stepaware,0.28406,0.28406,0.00000,1.13625,20,148,149
8,4,32,200,lognormal-heavytail,0.0,4,serial,0.22462,0.68481,0.46019,0.89850,109,260,105
8,4,32,200,lognormal-heavytail,0.0,4,cb,0.30006,0.30006,0.00000,1.20025,21,107,163
8,4,32,200,lognormal-heavytail,0.0,4,stepaware,0.26300,0.26300,0.00000,1.05200,24,134,132
8,4,32,200,lognormal-heavytail,0.5,0,serial,0.16750,0.42225,0.25475,0.67000,72,446,85
8,4,32,200,lognormal-heavytail,0.5,0,cb,0.21525,0.21525,0.00000,0.86100,24,131,110
8,4,32,200,lognormal-heavytail,0.5,0,stepaware,0.41269,0.41269,0.00000,1.65075,23,118,204
8,4,32,200,lognormal-heavytail,0.5,1,serial,0.18094,0.41087,0.22994,0.72375,53,269,101
8,4,32,200,lognormal-heavytail,0.5,1,cb,0.36812,0.36812,0.00000,1.47250,20,155,215
8,4,32,200,lognormal-heavytail,0.5,1,stepaware,0.25756,0.25756,0.00000,1.03025,18,148,143
8,4,32,200,lognormal-heavytail,0.5,2,serial,0.24175,0.81863,0.57688,0.96700,115,371,120
8,4,32,200,lognormal-heavytail,0.5,2,cb,0.20694,0.20694,0.00000,0.82775,24,182,100
8,4,32,200,lognormal-heavytail,0.5,2,stepaware,0.35081,0.35081,0.00000,1.40325,22,153,181
8,4,32,200,lognormal-heavytail,0.5,3,serial,0.21925,0.60725,0.38800,0.87700,94,266,101
8,4,32,200,lognormal-heavytail,0.5,3,cb,0.47781,0.47781,0.00000,1.91125,20,158,254
8,4,32,200,lognormal-heavytail,0.5,3,stepaware,0.33894,0.33894,0.00000,1.35575,23,133,172
8,4,32,200,lognormal-heavytail,0.5,4,serial,0.23181,0.73838,0.50656,0.92725,117,359,103
8,4,32,200,lognormal-heavytail,0.5,4,cb,0.21088,0.21088,0.00000,0.84350,21,156,115
8,4,32,200,lognormal-heavytail,0.5,4,stepaware,0.26494,0.26494,0.00000,1.05975,21,123,142
8,4,32,200,lognormal-heavytail,0.9,0,serial,0.11238,0.23162,0.11925,0.44950,36,258,69
8,4,32,200,lognormal-heavytail,0.9,0,cb,0.25738,0.25738,0.00000,1.02950,17,121,132
8,4,32,200,lognormal-heavytail,0.9,0,stepaware,0.42181,0.42181,0.00000,1.68725,24,156,206
8,4,32,200,lognormal-heavytail,0.9,1,serial,0.20581,0.52206,0.31625,0.82325,62,250,103
8,4,32,200,lognormal-heavytail,0.9,1,cb,0.52425,0.52425,0.00000,2.09700,23,142,274
8,4,32,200,lognormal-heavytail,0.9,1,stepaware,0.37238,0.37238,0.00000,1.48950,26,196,168
8,4,32,200,lognormal-heavytail,0.9,2,serial,0.21075,0.61713,0.40638,0.84300,87,301,115
8,4,32,200,lognormal-heavytail,0.9,2,cb,0.40169,0.40169,0.00000,1.60675,26,150,190
8,4,32,200,lognormal-heavytail,0.9,2,stepaware,0.52375,0.52375,0.00000,2.09500,23,133,278
8,4,32,200,lognormal-heavytail,0.9,3,serial,0.22419,0.66763,0.44344,0.89675,97,369,102
8,4,32,200,lognormal-heavytail,0.9,3,cb,0.40000,0.40000,0.00000,1.60000,18,113,236
8,4,32,200,lognormal-heavytail,0.9,3,stepaware,0.44206,0.44206,0.00000,1.76825,26,128,204
8,4,32,200,lognormal-heavytail,0.9,4,serial,0.20162,0.50438,0.30275,0.80650,68,326,104
8,4,32,200,lognormal-heavytail,0.9,4,cb,0.15544,0.15544,0.00000,0.62175,20,179,74
8,4,32,200,lognormal-heavytail,0.9,4,stepaware,0.66069,0.66069,0.00000,2.64275,24,177,341
8,8,8,50,exponential,0.0,0,serial,0.10797,0.30941,0.20144,0.86375,18,68,452
8,8,8,50,exponential,0.0,0,cb,0.13194,0.13194,0.00000,1.05550,5,40,566
8,8,8,50,exponential,0.0,0,stepaware,0.14219,0.14219,0.00000,1.13750,5,39,583
8,8,8,50,exponential,0.0,1,serial,0.10919,0.35716,0.24797,0.87350,21,100,433
8,8,8,50,exponential,0.0,1,cb,0.14034,0.14034,0.00000,1.12275,5,37,587
8,8,8,50,exponential,0.0,1,stepaware,0.13834,0.13834,0.00000,1.10675,5,45,564
8,8,8,50,exponential,0.0,2,serial,0.10712,0.34081,0.23369,0.85700,22,102,420
8,8,8,50,exponential,0.0,2,cb,0.14231,0.14231,0.00000,1.13850,5,40,609
8,8,8,50,exponential,0.0,2,stepaware,0.13997,0.13997,0.00000,1.11975,5,37,592
8,8,8,50,exponential,0.0,3,serial,0.10441,0.31362,0.20922,0.83525,16,79,444
8,8,8,50,exponential,0.0,3,cb,0.13144,0.13144,0.00000,1.05150,5,33,571
8,8,8,50,exponential,0.0,3,stepaware,0.13812,0.13812,0.00000,1.10500,5,39,567
8,8,8,50,exponential,0.0,4,serial,0.10381,0.29581,0.19200,0.83050,16,74,460
8,8,8,50,exponential,0.0,4,cb,0.12406,0.12406,0.00000,0.99250,5,33,546
8,8,8,50,exponential,0.0,4,stepaware,0.12372,0.12372,0.00000,0.98975,4,37,534
8,8,8,50,exponential,0.5,0,serial,0.10347,0.28734,0.18388,0.82775,17,77,447
8,8,8,50,exponential,0.5,0,cb,0.19159,0.19159,0.00000,1.53275,5,34,807
8,8,8,50,exponential,0.5,0,stepaware,0.09272,0.09272,0.00000,0.74175,5,42,380
8,8,8,50,exponential,0.5,1,serial,0.09703,0.29694,0.19991,0.77625,16,98,380
8,8,8,50,exponential,0.5,1,cb,0.14213,0.14213,0.00000,1.13700,4,36,610
8,8,8,50,exponential,0.5,1,stepaware,0.08694,0.08694,0.00000,0.69550,5,36,362
8,8,8,50,exponential,0.5,2,serial,0.08481,0.18406,0.09925,0.67850,11,66,381
8,8,8,50,exponential,0.5,2,cb,0.17216,0.17216,0.00000,1.37725,5,41,690
8,8,8,50,exponential,0.5,2,stepaware,0.22100,0.22100,0.00000,1.76800,5,36,898
8,8,8,50,exponential,0.5,3,serial,0.10063,0.33675,0.23612,0.80500,23,81,409
8,8,8,50,exponential,0.5,3,cb,0.23356,0.23356,0.00000,1.86850,5,39,985
8,8,8,50,exponential,0.5,3,stepaware,0.20328,0.20328,0.00000,1.62625,5,36,840
8,8,8,50,exponential,0.5,4,serial,0.09659,0.23934,0.14275,0.77275,15,69,406
8,8,8,50,exponential,0.5,4,cb,0.22619,0.22619,0.00000,1.80950,5,36,932
8,8,8,50,exponential,0.5,4,stepaware,0.13872,0.13872,0.00000,1.10975,5,35,579
8,8,8,50,exponential,0.9,0,serial,0.10972,0.33184,0.22212,0.87775,19,85,452
8,8,8,50,exponential,0.9,0,cb,0.09822,0.09822,0.00000,0.78575,5,39,392
8,8,8,50,exponential,0.9,0,stepaware,0.21519,0.21519,0.00000,1.72150,5,35,901
8,8,8,50,exponential,0.9,1,serial,0.05825,0.10116,0.04291,0.46600,11,77,207
8,8,8,50,exponential,0.9,1,cb,0.21100,0.21100,0.00000,1.68800,5,37,899
8,8,8,50,exponential,0.9,1,stepaware,0.11584,0.11584,0.00000,0.92675,5,36,469
8,8,8,50,exponential,0.9,2,serial,0.11300,0.37847,0.26547,0.90400,23,84,468
8,8,8,50,exponential,0.9,2,cb,0.21816,0.21816,0.00000,1.74525,5,34,945
8,8,8,50,exponential,0.9,2,stepaware,0.23866,0.23866,0.00000,1.90925,5,38,990
8,8,8,50,exponential,0.9,3,serial,0.04956,0.08737,0.03781,0.39650,8,53,243
8,8,8,50,exponential,0.9,3,cb,0.36616,0.36616,0.00000,2.92925,5,37,1506
8,8,8,50,exponential,0.9,3,stepaware,0.30081,0.30081,0.00000,2.40650,5,34,1226
8,8,8,50,exponential,0.9,4,serial,0.06416,0.16219,0.09803,0.51325,15,81,293
8,8,8,50,exponential,0.9,4,cb,0.18266,0.18266,0.00000,1.46125,6,35,735
8,8,8,50,exponential,0.9,4,stepaware,0.06497,0.06497,0.00000,0.51975,5,44,256
8,8,8,50,lognormal-heavytail,0.0,0,serial,0.10562,0.32438,0.21875,0.84500,20,77,435
8,8,8,50,lognormal-heavytail,0.0,0,cb,0.13309,0.13309,0.00000,1.06475,5,40,545
8,8,8,50,lognormal-heavytail,0.0,0,stepaware,0.13375,0.13375,0.00000,1.07000,5,33,582
8,8,8,50,lognormal-heavytail,0.0,1,serial,0.11494,0.37203,0.25709,0.91950,24,95,427
8,8,8,50,lognormal-heavytail,0.0,1,cb,0.13984,0.13984,0.00000,1.11875,5,47,566
8,8,8,50,lognormal-heavytail,0.0,1,stepaware,0.14356,0.14356,0.00000,1.14850,5,36,577
8,8,8,50,lognormal-heavytail,0.0,2,serial,0.11222,0.38994,0.27772,0.89775,27,81,432
8,8,8,50,lognormal-heavytail,0.0,2,cb,0.12497,0.12497,0.00000,0.99975,5,37,561
8,8,8,50,lognormal-heavytail,0.0,2,stepaware,0.15231,0.15231,0.00000,1.21850,5,33,638
8,8,8,50,lognormal-heavytail,0.0,3,serial,0.10828,0.35225,0.24397,0.86625,21,97,440
8,8,8,50,lognormal-heavytail,0.0,3,cb,0.14703,0.14703,0.00000,1.17625,5,35,611
8,8,8,50,lognormal-heavytail,0.0,3,stepaware,0.13737,0.13737,0.00000,1.09900,5,35,590
8,8,8,50,lognormal-heavytail,0.0,4,serial,0.10862,0.31644,0.20781,0.86900,21,82,439
8,8,8,50,lognormal-heavytail,0.0,4,cb,0.13184,0.13184,0.00000,1.05475,4,36,599
8,8,8,50,lognormal-heavytail,0.0,4,stepaware,0.14041,0.14041,0.00000,1.12325,6,34,589
8,8,8,50,lognormal-heavytail,0.5,0,serial,0.11578,0.44050,0.32472,0.92625,26,106,474
8,8,8,50,lognormal-heavytail,0.5,0,cb,0.23047,0.23047,0.00000,1.84375,6,34,920
8,8,8,50,lognormal-heavytail,0.5,0,stepaware,0.06519,0.06519,0.00000,0.52150,5,41,272
8,8,8,50,lognormal-heavytail,0.5,1,serial,0.10337,0.32478,0.22141,0.82700,20,79,452
8,8,8,50,lognormal-heavytail,0.5,1,cb,0.22878,0.22878,0.00000,1.83025,5,34,942
8,8,8,50,lognormal-heavytail,0.5,1,stepaware,0.19666,0.19666,0.00000,1.57325,5,37,779
8,8,8,50,lognormal-heavytail,0.5,2,serial,0.07172,0.14141,0.06969,0.57375,13,63,258
8,8,8,50,lognormal-heavytail,0.5,2,cb,0.12822,0.12822,0.00000,1.02575,4,34,595
8,8,8,50,lognormal-heavytail,0.5,2,stepaware,0.14413,0.14413,0.00000,1.15300,5,38,616
8,8,8,50,lognormal-heavytail,0.5,3,serial,0.10216,0.29200,0.18984,0.81725,15,111,431
8,8,8,50,lognormal-heavytail,0.5,3,cb,0.22484,0.22484,0.00000,1.79875,5,35,929
8,8,8,50,lognormal-heavytail,0.5,3,stepaware,0.04916,0.04916,0.00000,0.39325,4,52,195
8,8,8,50,lognormal-heavytail,0.5,4,serial,0.08528,0.19003,0.10475,0.68225,13,62,350
8,8,8,50,lognormal-heavytail,0.5,4,cb,0.22287,0.22287,0.00000,1.78300,5,36,922
8,8,8,50,lognormal-heavytail,0.5,4,stepaware,0.21978,0.21978,0.00000,1.75825,5,33,912
8,8,8,50,lognormal-heavytail,0.9,0,serial,0.07062,0.13653,0.06591,0.56500,9,87,320
8,8,8,50,lognormal-heavytail,0.9,0,cb,0.09525,0.09525,0.00000,0.76200,5,43,389
8,8,8,50,lognormal-heavytail,0.9,0,stepaware,0.11853,0.11853,0.00000,0.94825,5,29,527
8,8,8,50,lognormal-heavytail,0.9,1,serial,0.05328,0.08894,0.03566,0.42625,9,65,207
8,8,8,50,lognormal-heavytail,0.9,1,cb,0.04394,0.04394,0.00000,0.35150,5,54,179
8,8,8,50,lognormal-heavytail,0.9,1,stepaware,0.31128,0.31128,0.00000,2.49025,5,40,1286
8,8,8,50,lognormal-heavytail,0.9,2,serial,0.07631,0.26453,0.18822,0.61050,23,83,333
8,8,8,50,lognormal-heavytail,0.9,2,cb,0.23672,0.23672,0.00000,1.89375,5,39,951
8,8,8,50,lognormal-heavytail,0.9,2,stepaware,0.14981,0.14981,0.00000,1.19850,4,38,680
8,8,8,50,lognormal-heavytail,0.9,3,serial,0.08859,0.22959,0.14100,0.70875,14,63,385
8,8,8,50,lognormal-heavytail,0.9,3,cb,0.34234,0.34234,0.00000,2.73875,5,37,1452
8,8,8,50,lognormal-heavytail,0.9,3,stepaware,0.17875,0.17875,0.00000,1.43000,6,32,733
8,8,8,50,lognormal-heavytail,0.9,4,serial,0.06788,0.14272,0.07484,0.54300,11,75,258
8,8,8,50,lognormal-heavytail,0.9,4,cb,0.14944,0.14944,0.00000,1.19550,5,36,606
8,8,8,50,lognormal-heavytail,0.9,4,stepaware,0.12081,0.12081,0.00000,0.96650,5,29,521
8,8,8,200,exponential,0.0,0,serial,0.03809,0.04994,0.01184,0.30475,8,45,147
8,8,8,200,exponential,0.0,0,cb,0.04153,0.04153,0.00000,0.33225,5,39,162
8,8,8,200,exponential,0.0,0,stepaware,0.03509,0.03509,0.00000,0.28075,4,46,156
8,8,8,200,exponential,0.0,1,serial,0.03044,0.03791,0.00747,0.24350,6,37,142
8,8,8,200,exponential,0.0,1,cb,0.03734,0.03734,0.00000,0.29875,5,50,154
8,8,8,200,exponential,0.0,1,stepaware,0.03534,0.03534,0.00000,0.28275,4,35,157
8,8,8,200,exponential,0.0,2,serial,0.03553,0.04263,0.00709,0.28425,7,47,150
8,8,8,200,exponential,0.0,2,cb,0.03769,0.03769,0.00000,0.30150,5,29,168
8,8,8,200,exponential,0.0,2,stepaware,0.04075,0.04075,0.00000,0.32600,6,42,157
8,8,8,200,exponential,0.0,3,serial,0.03344,0.04341,0.00997,0.26750,7,37,142
8,8,8,200,exponential,0.0,3,cb,0.04113,0.04113,0.00000,0.32900,7,35,153
8,8,8,200,exponential,0.0,3,stepaware,0.03584,0.03584,0.00000,0.28675,5,34,151
8,8,8,200,exponential,0.0,4,serial,0.03919,0.05622,0.01703,0.31350,7,51,158
8,8,8,200,exponential,0.0,4,cb,0.04378,0.04378,0.00000,0.35025,5,44,177
8,8,8,200,exponential,0.0,4,stepaware,0.04459,0.04459,0.00000,0.35675,5,32,180
8,8,8,200,exponential,0.5,0,serial,0.05969,0.09328,0.03359,0.47750,9,50,236
8,8,8,200,exponential,0.5,0,cb,0.03922,0.03922,0.00000,0.31375,5,36,164
8,8,8,200,exponential,0.5,0,stepaware,0.03191,0.03191,0.00000,0.25525,4,37,147
8,8,8,200,exponential,0.5,1,serial,0.04103,0.05894,0.01791,0.32825,6,49,186
8,8,8,200,exponential,0.5,1,cb,0.01266,0.01266,0.00000,0.10125,4,28,67
8,8,8,200,exponential,0.5,1,stepaware,0.05097,0.05097,0.00000,0.40775,4,31,225
8,8,8,200,exponential,0.5,2,serial,0.06247,0.10969,0.04722,0.49975,9,48,263
8,8,8,200,exponential,0.5,2,cb,0.04128,0.04128,0.00000,0.33025,5,41,165
8,8,8,200,exponential,0.5,2,stepaware,0.02884,0.02884,0.00000,0.23075,5,32,118
8,8,8,200,exponential,0.5,3,serial,0.02628,0.03303,0.00675,0.21025,6,49,115
8,8,8,200,exponential,0.5,3,cb,0.02156,0.02156,0.00000,0.17250,5,38,81
8,8,8,200,exponential,0.5,3,stepaware,0.05422,0.05422,0.00000,0.43375,6,32,223
8,8,8,200,exponential,0.5,4,serial,0.02809,0.03419,0.00609,0.22475,6,49,118
8,8,8,200,exponential,0.5,4,cb,0.06463,0.06463,0.00000,0.51700,5,30,282
8,8,8,200,exponential,0.5,4,stepaware,0.04556,0.04556,0.00000,0.36450,5,36,193
8,8,8,200,exponential,0.9,0,serial,0.02687,0.02997,0.00309,0.21500,7,40,106
8,8,8,200,exponential,0.9,0,cb,0.09644,0.09644,0.00000,0.77150,5,37,410
8,8,8,200,exponential,0.9,0,stepaware,0.01744,0.01744,0.00000,0.13950,5,41,74
8,8,8,200,exponential,0.9,1,serial,0.07969,0.29422,0.21453,0.63750,23,84,332
8,8,8,200,exponential,0.9,1,cb,0.10509,0.10509,0.00000,0.84075,5,35,431
8,8,8,200,exponential,0.9,1,stepaware,0.02075,0.02075,0.00000,0.16600,6,38,77
8,8,8,200,exponential,0.9,2,serial,0.03184,0.04550,0.01366,0.25475,8,39,138
8,8,8,200,exponential,0.9,2,cb,0.07863,0.07863,0.00000,0.62900,4,31,342
8,8,8,200,exponential,0.9,2,stepaware,0.19903,0.19903,0.00000,1.59225,5,36,873
8,8,8,200,exponential,0.9,3,serial,0.05381,0.08850,0.03469,0.43050,8,53,229
8,8,8,200,exponential,0.9,3,cb,0.05706,0.05706,0.00000,0.45650,6,37,209
8,8,8,200,exponential,0.9,3,stepaware,0.02428,0.02428,0.00000,0.19425,4,33,106
8,8,8,200,exponential,0.9,4,serial,0.01878,0.02375,0.00497,0.15025,8,71,66
8,8,8,200,exponential,0.9,4,cb,0.04325,0.04325,0.00000,0.34600,5,39,183
8,8,8,200,exponential,0.9,4,stepaware,0.03531,0.03531,0.00000,0.28250,5,45,146
8,8,8,200,lognormal-heavytail,0.0,0,serial,0.04038,0.05616,0.01578,0.32300,8,80,145
8,8,8,200,lognormal-heavytail,0.0,0,cb,0.04181,0.04181,0.00000,0.33450,5,49,157
8,8,8,200,lognormal-heavytail,0.0,0,stepaware,0.03753,0.03753,0.00000,0.30025,5,42,163
8,8,8,200,lognormal-heavytail,0.0,1,serial,0.03909,0.05153,0.01244,0.31275,8,49,163
8,8,8,200,lognormal-heavytail,0.0,1,cb,0.04078,0.04078,0.00000,0.32625,6,40,152
8,8,8,200,lognormal-heavytail,0.0,1,stepaware,0.03366,0.03366,0.00000,0.26925,5,34,147
8,8,8,200,lognormal-heavytail,0.0,2,serial,0.03953,0.05244,0.01291,0.31625,7,35,177
8,8,8,200,lognormal-heavytail,0.0,2,cb,0.03828,0.03828,0.00000,0.30625,5,33,170
8,8,8,200,lognormal-heavytail,0.0,2,stepaware,0.03444,0.03444,0.00000,0.27550,5,34,154
8,8,8,200,lognormal-heavytail,0.0,3,serial,0.04756,0.06719,0.01962,0.38050,9,48,176
8,8,8,200,lognormal-heavytail,0.0,3,cb,0.04784,0.04784,0.00000,0.38275,6,40,186
8,8,8,200,lognormal-heavytail,0.0,3,stepaware,0.03578,0.03578,0.00000,0.28625,5,28,153
8,8,8,200,lognormal-heavytail,0.0,4,serial,0.03756,0.05131,0.01375,0.30050,7,51,149
8,8,8,200,lognormal-heavytail,0.0,4,cb,0.03394,0.03394,0.00000,0.27150,4,38,162
8,8,8,200,lognormal-heavytail,0.0,4,stepaware,0.04288,0.04288,0.00000,0.34300,5,46,181
8,8,8,200,lognormal-heavytail,0.5,0,serial,0.01650,0.01816,0.00166,0.13200,5,35,80
8,8,8,200,lognormal-heavytail,0.5,0,cb,0.06241,0.06241,0.00000,0.49925,6,34,242
8,8,8,200,lognormal-heavytail,0.5,0,stepaware,0.04097,0.04097,0.00000,0.32775,6,34,157
8,8,8,200,lognormal-heavytail,0.5,1,serial,0.04581,0.06313,0.01731,0.36650,7,52,188
8,8,8,200,lognormal-heavytail,0.5,1,cb,0.07791,0.07791,0.00000,0.62325,5,41,310
8,8,8,200,lognormal-heavytail,0.5,1,stepaware,0.04044,0.04044,0.00000,0.32350,5,29,177
8,8,8,200,lognormal-heavytail,0.5,2,serial,0.05175,0.08369,0.03194,0.41400,9,60,207
8,8,8,200,lognormal-heavytail,0.5,2,cb,0.08088,0.08088,0.00000,0.64700,6,42,318
8,8,8,200,lognormal-heavytail,0.5,2,stepaware,0.06909,0.06909,0.00000,0.55275,6,39,280
8,8,8,200,lognormal-heavytail,0.5,3,serial,0.04412,0.06972,0.02559,0.35300,8,78,184
8,8,8,200,lognormal-heavytail,0.5,3,cb,0.08134,0.08134,0.00000,0.65075,6,43,324
8,8,8,200,lognormal-heavytail,0.5,3,stepaware,0.02156,0.02156,0.00000,0.17250,5,48,95
8,8,8,200,lognormal-heavytail,0.5,4,serial,0.04609,0.07150,0.02541,0.36875,9,47,192
8,8,8,200,lognormal-heavytail,0.5,4,cb,0.07644,0.07644,0.00000,0.61150,5,34,327
8,8,8,200,lognormal-heavytail,0.5,4,stepaware,0.05153,0.05153,0.00000,0.41225,6,36,210
8,8,8,200,lognormal-heavytail,0.9,0,serial,0.04253,0.06103,0.01850,0.34025,6,47,201
8,8,8,200,lognormal-heavytail,0.9,0,cb,0.08597,0.08597,0.00000,0.68775,5,40,355
8,8,8,200,lognormal-heavytail,0.9,0,stepaware,0.02559,0.02559,0.00000,0.20475,6,27,108
8,8,8,200,lognormal-heavytail,0.9,1,serial,0.01203,0.01372,0.00169,0.09625,7,34,57
8,8,8,200,lognormal-heavytail,0.9,1,cb,0.05722,0.05722,0.00000,0.45775,6,34,235
8,8,8,200,lognormal-heavytail,0.9,1,stepaware,0.08581,0.08581,0.00000,0.68650,5,49,328
8,8,8,200,lognormal-heavytail,0.9,2,serial,0.05819,0.09172,0.03353,0.46550,8,82,238
8,8,8,200,lognormal-heavytail,0.9,2,cb,0.04838,0.04838,0.00000,0.38700,5,30,210
8,8,8,200,lognormal-heavytail,0.9,2,stepaware,0.06744,0.06744,0.00000,0.53950,6,31,269
8,8,8,200,lognormal-heavytail,0.9,3,serial,0.01344,0.01503,0.00159,0.10750,5,40,65
8,8,8,200,lognormal-heavytail,0.9,3,cb,0.08734,0.08734,0.00000,0.69875,5,41,362
8,8,8,200,lognormal-heavytail,0.9,3,stepaware,0.03612,0.03612,0.00000,0.28900,6,36,137
8,8,8,200,lognormal-heavytail,0.9,4,serial,0.11069,0.34347,0.23278,0.88550,19,75,467
8,8,8,200,lognormal-heavytail,0.9,4,cb,0.04775,0.04775,0.00000,0.38200,5,35,202
8,8,8,200,lognormal-heavytail,0.9,4,stepaware,0.08509,0.08509,0.00000,0.68075,5,38,333
8,8,32,50,exponential,0.0,0,serial,0.12500,0.80219,0.67719,1.00000,182,409,134
8,8,32,50,exponential,0.0,0,cb,0.39294,0.39294,0.00000,3.14350,23,147,402
8,8,32,50,exponential,0.0,0,stepaware,0.38834,0.38834,0.00000,3.10675,21,130,412
8,8,32,50,exponential,0.0,1,serial,0.12494,0.82631,0.70137,0.99950,217,437,113
8,8,32,50,exponential,0.0,1,cb,0.37506,0.37506,0.00000,3.00050,22,153,376
8,8,32,50,exponential,0.0,1,stepaware,0.39103,0.39103,0.00000,3.12825,26,132,363
8,8,32,50,exponential,0.0,2,serial,0.12434,0.80037,0.67603,0.99475,199,360,132
8,8,32,50,exponential,0.0,2,cb,0.35113,0.35113,0.00000,2.80900,21,131,381
8,8,32,50,exponential,0.0,2,stepaware,0.39072,0.39072,0.00000,3.12575,22,141,404
8,8,32,50,exponential,0.0,3,serial,0.12472,0.81375,0.68903,0.99775,196,354,128
8,8,32,50,exponential,0.0,3,cb,0.37278,0.37278,0.00000,2.98225,22,115,408
8,8,32,50,exponential,0.0,3,stepaware,0.40475,0.40475,0.00000,3.23800,20,151,409
8,8,32,50,exponential,0.0,4,serial,0.12481,0.78994,0.66512,0.99850,154,457,144
8,8,32,50,exponential,0.0,4,cb,0.38469,0.38469,0.00000,3.07750,20,149,389
8,8,32,50,exponential,0.0,4,stepaware,0.41472,0.41472,0.00000,3.31775,25,145,391
8,8,32,50,exponential,0.5,0,serial,0.12450,0.76941,0.64491,0.99600,193,337,129
8,8,32,50,exponential,0.5,0,cb,0.26887,0.26887,0.00000,2.15100,24,140,258
8,8,32,50,exponential,0.5,0,stepaware,0.44091,0.44091,0.00000,3.52725,21,129,462
8,8,32,50,exponential,0.5,1,serial,0.12466,0.74113,0.61647,0.99725,148,327,139
8,8,32,50,exponential,0.5,1,cb,0.48722,0.48722,0.00000,3.89775,20,131,522
8,8,32,50,exponential,0.5,1,stepaware,0.33881,0.33881,0.00000,2.71050,19,157,357
8,8,32,50,exponential,0.5,2,serial,0.12491,0.77881,0.65391,0.99925,175,418,132
8,8,32,50,exponential,0.5,2,cb,0.37691,0.37691,0.00000,3.01525,24,149,368
8,8,32,50,exponential,0.5,2,stepaware,0.33906,0.33906,0.00000,2.71250,24,131,318
8,8,32,50,exponential,0.5,3,serial,0.11275,0.52653,0.41378,0.90200,140,514,113
8,8,32,50,exponential,0.5,3,cb,0.25084,0.25084,0.00000,2.00675,20,148,266
8,8,32,50,exponential,0.5,3,stepaware,0.47837,0.47837,0.00000,3.82700,20,180,475
8,8,32,50,exponential,0.5,4,serial,0.12212,0.54484,0.42272,0.97700,116,397,128
8,8,32,50,exponential,0.5,4,cb,0.28903,0.28903,0.00000,2.31225,23,144,279
8,8,32,50,exponential,0.5,4,stepaware,0.48925,0.48925,0.00000,3.91400,22,140,474
8,8,32,50,exponential,0.9,0,serial,0.11169,0.36322,0.25153,0.89350,75,296,118
8,8,32,50,exponential,0.9,0,cb,0.34375,0.34375,0.00000,2.75000,22,121,365
8,8,32,50,exponential,0.9,0,stepaware,0.36850,0.36850,0.00000,2.94800,24,175,352
8,8,32,50,exponential,0.9,1,serial,0.12153,0.64925,0.52772,0.97225,140,351,142
8,8,32,50,exponential,0.9,1,cb,0.21150,0.21150,0.00000,1.69200,18,166,207
8,8,32,50,exponential,0.9,1,stepaware,0.26975,0.26975,0.00000,2.15800,22,161,275
8,8,32,50,exponential,0.9,2,serial,0.12400,0.59356,0.46956,0.99200,130,260,133
8,8,32,50,exponential,0.9,2,cb,0.38269,0.38269,0.00000,3.06150,21,158,398
8,8,32,50,exponential,0.9,2,stepaware,0.22012,0.22012,0.00000,1.76100,22,172,227
8,8,32,50,exponential,0.9,3,serial,0.11944,0.50947,0.39003,0.95550,154,322,103
8,8,32,50,exponential,0.9,3,cb,0.34622,0.34622,0.00000,2.76975,22,129,369
8,8,32,50,exponential,0.9,3,stepaware,0.43428,0.43428,0.00000,3.47425,23,143,441
8,8,32,50,exponential,0.9,4,serial,0.12272,0.66744,0.54472,0.98175,137,365,132
8,8,32,50,exponential,0.9,4,cb,0.44834,0.44834,0.00000,3.58675,22,151,437
8,8,32,50,exponential,0.9,4,stepaware,0.28475,0.28475,0.00000,2.27800,19,148,315
8,8,32,50,lognormal-heavytail,0.0,0,serial,0.12491,0.80737,0.68247,0.99925,183,369,130
8,8,32,50,lognormal-heavytail,0.0,0,cb,0.39353,0.39353,0.00000,3.14825,21,159,373
8,8,32,50,lognormal-heavytail,0.0,0,stepaware,0.37691,0.37691,0.00000,3.01525,21,126,396
8,8,32,50,lognormal-heavytail,0.0,1,serial,0.12450,0.82684,0.70234,0.99600,193,363,123
8,8,32,50,lognormal-heavytail,0.0,1,cb,0.43347,0.43347,0.00000,3.46775,21,151,442
8,8,32,50,lognormal-heavytail,0.0,1,stepaware,0.42066,0.42066,0.00000,3.36525,24,136,407
8,8,32,50,lognormal-heavytail,0.0,2,serial,0.12478,0.82675,0.70197,0.99825,223,352,116
8,8,32,50,lognormal-heavytail,0.0,2,cb,0.39328,0.39328,0.00000,3.14625,19,144,437
8,8,32,50,lognormal-heavytail,0.0,2,stepaware,0.40491,0.40491,0.00000,3.23925,22,173,397
8,8,32,50,lognormal-heavytail,0.0,3,serial,0.12491,0.84859,0.72369,0.99925,233,469,111
8,8,32,50,lognormal-heavytail,0.0,3,cb,0.38722,0.38722,0.00000,3.09775,22,176,369
8,8,32,50,lognormal-heavytail,0.0,3,stepaware,0.41156,0.41156,0.00000,3.29250,21,128,435
8,8,32,50,lognormal-heavytail,0.0,4,serial,0.12500,0.70097,0.57597,1.00000,176,335,127
8,8,32,50,lognormal-heavytail,0.0,4,cb,0.40134,0.40134,0.00000,3.21075,24,151,370
8,8,32,50,lognormal-heavytail,0.0,4,stepaware,0.38591,0.38591,0.00000,3.08725,22,138,393
8,8,32,50,lognormal-heavytail,0.5,0,serial,0.12409,0.67891,0.55481,0.99275,160,338,117
8,8,32,50,lognormal-heavytail,0.5,0,cb,0.43050,0.43050,0.00000,3.44400,22,119,462
8,8,32,50,lognormal-heavytail,0.5,0,stepaware,0.38978,0.38978,0.00000,3.11825,22,154,391
8,8,32,50,lognormal-heavytail,0.5,1,serial,0.12028,0.55363,0.43334,0.96225,108,365,136
8,8,32,50,lognormal-heavytail,0.5,1,cb,0.47709,0.47709,0.00000,3.81675,20,148,511
8,8,32,50,lognormal-heavytail,0.5,1,stepaware,0.49222,0.49222,0.00000,3.93775,21,153,520
8,8,32,50,lognormal-heavytail,0.5,2,serial,0.11225,0.38628,0.27403,0.89800,87,297,118
8,8,32,50,lognormal-heavytail,0.5,2,cb,0.35231,0.35231,0.00000,2.81850,23,169,351
8,8,32,50,lognormal-heavytail,0.5,2,stepaware,0.41963,0.41963,0.00000,3.35700,23,133,408
8,8,32,50,lognormal-heavytail,0.5,3,serial,0.12462,0.70266,0.57803,0.99700,150,337,132
8,8,32,50,lognormal-heavytail,0.5,3,cb,0.30759,0.30759,0.00000,2.46075,20,115,334
8,8,32,50,lognormal-heavytail,0.5,3,stepaware,0.52016,0.52016,0.00000,4.16125,22,140,532
8,8,32,50,lognormal-heavytail,0.5,4,serial,0.12212,0.72978,0.60766,0.97700,179,446,126
8,8,32,50,lognormal-heavytail,0.5,4,cb,0.40337,0.40337,0.00000,3.22700,19,154,439
8,8,32,50,lognormal-heavytail,0.5,4,stepaware,0.40975,0.40975,0.00000,3.27800,23,151,395
8,8,32,50,lognormal-heavytail,0.9,0,serial,0.09087,0.46131,0.37044,0.72700,141,312,106
8,8,32,50,lognormal-heavytail,0.9,0,cb,0.30159,0.30159,0.00000,2.41275,26,160,279
8,8,32,50,lognormal-heavytail,0.9,0,stepaware,0.40625,0.40625,0.00000,3.25000,24,135,400
8,8,32,50,lognormal-heavytail,0.9,1,serial,0.10812,0.33591,0.22778,0.86500,88,287,107
8,8,32,50,lognormal-heavytail,0.9,1,cb,0.37528,0.37528,0.00000,3.00225,23,147,370
8,8,32,50,lognormal-heavytail,0.9,1,stepaware,0.39844,0.39844,0.00000,3.18750,22,144,413
8,8,32,50,lognormal-heavytail,0.9,2,serial,0.12153,0.54150,0.41997,0.97225,112,410,133
8,8,32,50,lognormal-heavytail,0.9,2,cb,0.23247,0.23247,0.00000,1.85975,22,144,233
8,8,32,50,lognormal-heavytail,0.9,2,stepaware,0.31378,0.31378,0.00000,2.51025,23,152,284
8,8,32,50,lognormal-heavytail,0.9,3,serial,0.12453,0.73887,0.61434,0.99625,165,479,112
8,8,32,50,lognormal-heavytail,0.9,3,cb,0.26156,0.26156,0.00000,2.09250,22,133,253
8,8,32,50,lognormal-heavytail,0.9,3,stepaware,0.08984,0.08984,0.00000,0.71875,22,202,93
8,8,32,50,lognormal-heavytail,0.9,4,serial,0.11159,0.38981,0.27822,0.89275,85,284,126
8,8,32,50,lognormal-heavytail,0.9,4,cb,0.37538,0.37538,0.00000,3.00300,23,171,377
8,8,32,50,lognormal-heavytail,0.9,4,stepaware,0.39891,0.39891,0.00000,3.19125,22,142,398
8,8,32,200,exponential,0.0,0,serial,0.09656,0.33669,0.24012,0.77250,122,273,96
8,8,32,200,exponential,0.0,0,cb,0.13944,0.13944,0.00000,1.11550,23,129,146
8,8,32,200,exponential,0.0,0,stepaware,0.13512,0.13512,0.00000,1.08100,22,161,136
8,8,32,200,exponential,0.0,1,serial,0.11581,0.37544,0.25962,0.92650,95,302,113
8,8,32,200,exponential,0.0,1,cb,0.13853,0.13853,0.00000,1.10825,20,205,132
8,8,32,200,exponential,0.0,1,stepaware,0.13997,0.13997,0.00000,1.11975,18,156,153
8,8,32,200,exponential,0.0,2,serial,0.10728,0.32481,0.21753,0.85825,64,253,116
8,8,32,200,exponential,0.0,2,cb,0.12706,0.12706,0.00000,1.01650,17,123,145
8,8,32,200,exponential,0.0,2,stepaware,0.14072,0.14072,0.00000,1.12575,20,137,137
8,8,32,200,exponential,0.0,3,serial,0.11719,0.32166,0.20447,0.93750,94,236,103
8,8,32,200,exponential,0.0,3,cb,0.14481,0.14481,0.00000,1.15850,20,178,143
8,8,32,200,exponential,0.0,3,stepaware,0.12647,0.12647,0.00000,1.01175,19,145,138
8,8,32,200,exponential,0.0,4,serial,0.11009,0.32497,0.21487,0.88075,105,246,96
8,8,32,200,exponential,0.0,4,cb,0.12862,0.12862,0.00000,1.02900,17,111,145
8,8,32,200,exponential,0.0,4,stepaware,0.17134,0.17134,0.00000,1.37075,25,201,148
8,8,32,200,exponential,0.5,0,serial,0.09797,0.30153,0.20356,0.78375,70,399,90
8,8,32,200,exponential,0.5,0,cb,0.16187,0.16187,0.00000,1.29500,23,141,168
8,8,32,200,exponential,0.5,0,stepaware,0.17350,0.17350,0.00000,1.38800,20,154,199
8,8,32,200,exponential,0.5,1,serial,0.12119,0.53887,0.41769,0.96950,135,393,120
8,8,32,200,exponential,0.5,1,cb,0.17356,0.17356,0.00000,1.38850,23,140,162
8,8,32,200,exponential,0.5,1,stepaware,0.14053,0.14053,0.00000,1.12425,25,111,147
8,8,32,200,exponential,0.5,2,serial,0.10981,0.35831,0.24850,0.87850,73,387,101
8,8,32,200,exponential,0.5,2,cb,0.07953,0.07953,0.00000,0.63625,21,149,86
8,8,32,200,exponential,0.5,2,stepaware,0.18691,0.18691,0.00000,1.49525,26,120,178
8,8,32,200,exponential,0.5,3,serial,0.11794,0.46713,0.34919,0.94350,105,275,127
8,8,32,200,exponential,0.5,3,cb,0.16247,0.16247,0.00000,1.29975,21,142,165
8,8,32,200,exponential,0.5,3,stepaware,0.11319,0.11319,0.00000,0.90550,25,109,108
8,8,32,200,exponential,0.5,4,serial,0.09575,0.27441,0.17866,0.76600,83,375,86
8,8,32,200,exponential,0.5,4,cb,0.13500,0.13500,0.00000,1.08000,24,183,140
8,8,32,200,exponential,0.5,4,stepaware,0.21641,0.21641,0.00000,1.73125,21,110,225
8,8,32,200,exponential,0.9,0,serial,0.10203,0.32081,0.21878,0.81625,82,237,123
8,8,32,200,exponential,0.9,0,cb,0.20669,0.20669,0.00000,1.65350,19,146,222
8,8,32,200,exponential,0.9,0,stepaware,0.37953,0.37953,0.00000,3.03625,19,130,398
8,8,32,200,exponential,0.9,1,serial,0.07794,0.17669,0.09875,0.62350,55,325,75
8,8,32,200,exponential,0.9,1,cb,0.30175,0.30175,0.00000,2.41400,23,131,316
8,8,32,200,exponential,0.9,1,stepaware,0.12791,0.12791,0.00000,1.02325,20,180,126
8,8,32,200,exponential,0.9,2,serial,0.07925,0.21987,0.14062,0.63400,34,430,97
8,8,32,200,exponential,0.9,2,cb,0.03353,0.03353,0.00000,0.26825,20,110,33
8,8,32,200,exponential,0.9,2,stepaware,0.19269,0.19269,0.00000,1.54150,18,147,217
8,8,32,200,exponential,0.9,3,serial,0.12103,0.47891,0.35787,0.96825,119,318,123
8,8,32,200,exponential,0.9,3,cb,0.13475,0.13475,0.00000,1.07800,19,149,142
8,8,32,200,exponential,0.9,3,stepaware,0.32119,0.32119,0.00000,2.56950,23,193,299
8,8,32,200,exponential,0.9,4,serial,0.11903,0.47113,0.35209,0.95225,143,403,106
8,8,32,200,exponential,0.9,4,cb,0.15113,0.15113,0.00000,1.20900,19,190,141
8,8,32,200,exponential,0.9,4,stepaware,0.27013,0.27013,0.00000,2.16100,25,139,282
8,8,32,200,lognormal-heavytail,0.0,0,serial,0.11153,0.35066,0.23913,0.89225,79,323,110
8,8,32,200,lognormal-heavytail,0.0,0,cb,0.18700,0.18700,0.00000,1.49600,23,162,175
8,8,32,200,lognormal-heavytail,0.0,0,stepaware,0.15428,0.15428,0.00000,1.23425,15,153,151
8,8,32,200,lognormal-heavytail,0.0,1,serial,0.10966,0.35141,0.24175,0.87725,85,317,107
8,8,32,200,lognormal-heavytail,0.0,1,cb,0.13169,0.13169,0.00000,1.05350,25,94,133
8,8,32,200,lognormal-heavytail,0.0,1,stepaware,0.13337,0.13337,0.00000,1.06700,23,125,137
8,8,32,200,lognormal-heavytail,0.0,2,serial,0.11025,0.32984,0.21959,0.88200,89,283,101
8,8,32,200,lognormal-heavytail,0.0,2,cb,0.15225,0.15225,0.00000,1.21800,20,129,147
8,8,32,200,lognormal-heavytail,0.0,2,stepaware,0.14594,0.14594,0.00000,1.16750,22,152,159
8,8,32,200,lognormal-heavytail,0.0,3,serial,0.11550,0.40634,0.29084,0.92400,110,355,110
8,8,32,200,lognormal-heavytail,0.0,3,cb,0.16737,0.16737,0.00000,1.33900,17,159,186
8,8,32,200,lognormal-heavytail,0.0,3,stepaware,0.14803,0.14803,0.00000,1.18425,22,144,145
8,8,32,200,lognormal-heavytail,0.0,4,serial,0.11513,0.39650,0.28138,0.92100,108,303,110
8,8,32,200,lognormal-heavytail,0.0,4,cb,0.16566,0.16566,0.00000,1.32525,23,154,164
8,8,32,200,lognormal-heavytail,0.0,4,stepaware,0.13231,0.13231,0.00000,1.05850,22,131,131
8,8,32,200,lognormal-heavytail,0.5,0,serial,0.08659,0.33078,0.24419,0.69275,92,341,93
8,8,32,200,lognormal-heavytail,0.5,0,cb,0.14069,0.14069,0.00000,1.12550,22,128,150
8,8,32,200,lognormal-heavytail,0.5,0,stepaware,0.18581,0.18581,0.00000,1.48650,23,153,193
8,8,32,200,lognormal-heavytail,0.5,1,serial,0.09728,0.26687,0.16959,0.77825,59,304,109
8,8,32,200,lognormal-heavytail,0.5,1,cb,0.22309,0.22309,0.00000,1.78475,22,144,231
8,8,32,200,lognormal-heavytail,0.5,1,stepaware,0.09903,0.09903,0.00000,0.79225,21,111,113
8,8,32,200,lognormal-heavytail,0.5,2,serial,0.11809,0.46953,0.35144,0.94475,115,296,126
8,8,32,200,lognormal-heavytail,0.5,2,cb,0.16378,0.16378,0.00000,1.31025,21,165,167
8,8,32,200,lognormal-heavytail,0.5,2,stepaware,0.21838,0.21838,0.00000,1.74700,17,112,244
8,8,32,200,lognormal-heavytail,0.5,3,serial,0.11797,0.45794,0.33997,0.94375,111,337,121
8,8,32,200,lognormal-heavytail,0.5,3,cb,0.14838,0.14838,0.00000,1.18700,22,133,145
8,8,32,200,lognormal-heavytail,0.5,3,stepaware,0.22153,0.22153,0.00000,1.77225,20,129,247
8,8,32,200,lognormal-heavytail,0.5,4,serial,0.10941,0.37925,0.26984,0.87525,94,275,106
8,8,32,200,lognormal-heavytail,0.5,4,cb,0.22337,0.22337,0.00000,1.78700,23,141,214
8,8,32,200,lognormal-heavytail,0.5,4,stepaware,0.17194,0.17194,0.00000,1.37550,21,137,187
8,8,32,200,lognormal-heavytail,0.9,0,serial,0.11603,0.46313,0.34709,0.92825,117,430,99
8,8,32,200,lognormal-heavytail,0.9,0,cb,0.25578,0.25578,0.00000,2.04625,20,122,280
8,8,32,200,lognormal-heavytail,0.9,0,stepaware,0.12328,0.12328,0.00000,0.98625,25,144,124
8,8,32,200,lognormal-heavytail,0.9,1,serial,0.05569,0.14012,0.08444,0.44550,37,253,65
8,8,32,200,lognormal-heavytail,0.9,1,cb,0.38288,0.38288,0.00000,3.06300,22,189,383
8,8,32,200,lognormal-heavytail,0.9,1,stepaware,0.12984,0.12984,0.00000,1.03875,22,159,131
8,8,32,200,lognormal-heavytail,0.9,2,serial,0.11403,0.42203,0.30800,0.91225,115,307,108
8,8,32,200,lognormal-heavytail,0.9,2,cb,0.25231,0.25231,0.00000,2.01850,20,142,267
8,8,32,200,lognormal-heavytail,0.9,2,stepaware,0.23428,0.23428,0.00000,1.87425,23,125,223
8,8,32,200,lognormal-heavytail,0.9,3,serial,0.09925,0.26325,0.16400,0.79400,65,253,100
8,8,32,200,lognormal-heavytail,0.9,3,cb,0.15616,0.15616,0.00000,1.24925,25,167,159
8,8,32,200,lognormal-heavytail,0.9,3,stepaware,0.23438,0.23438,0.00000,1.87500,21,132,246
8,8,32,200,lognormal-heavytail,0.9,4,serial,0.04172,0.05966,0.01794,0.33375,26,152,54
8,8,32,200,lognormal-heavytail,0.9,4,cb,0.36991,0.36991,0.00000,2.95925,21,161,374
8,8,32,200,lognormal-heavytail,0.9,4,stepaware,0.02647,0.02647,0.00000,0.21175,14,127,33
16,2,8,50,exponential,0.0,0,serial,0.49612,0.99050,0.49438,0.99225,71,155,522
16,2,8,50,exponential,0.0,0,cb,0.91350,0.91350,0.00000,1.82700,18,69,907
16,2,8,50,exponential,0.0,0,stepaware,0.95725,0.95725,0.00000,1.91450,11,176,943
16,2,8,50,exponential,0.0,1,serial,0.49950,0.99813,0.49863,0.99900,72,154,529
16,2,8,50,exponential,0.0,1,cb,0.92612,0.92612,0.00000,1.85225,17,67,949
16,2,8,50,exponential,0.0,1,stepaware,0.95775,0.95775,0.00000,1.91550,9,112,1012
16,2,8,50,exponential,0.0,2,serial,0.49700,0.98800,0.49100,0.99400,61,178,554
16,2,8,50,exponential,0.0,2,cb,0.87313,0.87313,0.00000,1.74625,14,67,940
16,2,8,50,exponential,0.0,2,stepaware,0.96375,0.96375,0.00000,1.92750,10,118,989
16,2,8,50,exponential,0.0,3,serial,0.49988,0.99825,0.49837,0.99975,75,169,510
16,2,8,50,exponential,0.0,3,cb,0.90312,0.90312,0.00000,1.80625,16,56,966
16,2,8,50,exponential,0.0,3,stepaware,0.92050,0.92050,0.00000,1.84100,9,99,1029
16,2,8,50,exponential,0.0,4,serial,0.49838,0.99462,0.49625,0.99675,62,132,553
16,2,8,50,exponential,0.0,4,cb,0.90138,0.90138,0.00000,1.80275,16,59,951
16,2,8,50,exponential,0.0,4,stepaware,0.93563,0.93563,0.00000,1.87125,9,115,1039
16,2,8,50,exponential,0.5,0,serial,0.44088,0.81988,0.37900,0.88175,30,130,501
16,2,8,50,exponential,0.5,0,cb,0.96788,0.96788,0.00000,1.93575,22,66,1020
16,2,8,50,exponential,0.5,0,stepaware,0.99813,0.99813,0.00000,1.99625,10,298,1123
16,2,8,50,exponential,0.5,1,serial,0.49862,0.99613,0.49750,0.99725,81,145,532
16,2,8,50,exponential,0.5,1,cb,0.88862,0.88862,0.00000,1.77725,15,69,960
16,2,8,50,exponential,0.5,1,stepaware,0.87550,0.87550,0.00000,1.75100,9,80,981
16,2,8,50,exponential,0.5,2,serial,0.49812,0.99550,0.49738,0.99625,66,140,556
16,2,8,50,exponential,0.5,2,cb,0.99662,0.99662,0.00000,1.99325,31,92,1062
16,2,8,50,exponential,0.5,2,stepaware,0.96250,0.96250,0.00000,1.92500,11,165,952
16,2,8,50,exponential,0.5,3,serial,0.50000,1.00000,0.50000,1.00000,87,175,495
16,2,8,50,exponential,0.5,3,cb,0.52112,0.52112,0.00000,1.04225,7,36,527
16,2,8,50,exponential,0.5,3,stepaware,0.99687,0.99687,0.00000,1.99375,11,249,1027
16,2,8,50,exponential,0.5,4,serial,0.49962,0.99862,0.49900,0.99925,81,171,547
16,2,8,50,exponential,0.5,4,cb,0.72575,0.72575,0.00000,1.45150,10,49,749
16,2,8,50,exponential,0.5,4,stepaware,0.98775,0.98775,0.00000,1.97550,10,195,1024
16,2,8,50,exponential,0.9,0,serial,0.49925,0.99513,0.49588,0.99850,79,138,519
16,2,8,50,exponential,0.9,0,cb,0.97000,0.97000,0.00000,1.94000,32,80,1018
16,2,8,50,exponential,0.9,0,stepaware,0.93112,0.93112,0.00000,1.86225,10,240,969
16,2,8,50,exponential,0.9,1,serial,0.49588,0.98300,0.48712,0.99175,58,134,544
16,2,8,50,exponential,0.9,1,cb,0.44900,0.44900,0.00000,0.89800,7,36,499
16,2,8,50,exponential,0.9,1,stepaware,0.99800,0.99800,0.00000,1.99600,11,326,1100
16,2,8,50,exponential,0.9,2,serial,0.44975,0.84862,0.39887,0.89950,38,159,471
16,2,8,50,exponential,0.9,2,cb,0.95400,0.95400,0.00000,1.90800,19,72,982
16,2,8,50,exponential,0.9,2,stepaware,0.79763,0.79763,0.00000,1.59525,10,454,826
16,2,8,50,exponential,0.9,3,serial,0.49962,0.99862,0.49900,0.99925,70,128,532
16,2,8,50,exponential,0.9,3,cb,0.76950,0.76950,0.00000,1.53900,11,63,772
16,2,8,50,exponential,0.9,3,stepaware,0.47575,0.47575,0.00000,0.95150,6,42,497
16,2,8,50,exponential,0.9,4,serial,0.49838,0.99225,0.49387,0.99675,57,132,532
16,2,8,50,exponential,0.9,4,cb,0.75562,0.75562,0.00000,1.51125,37,82,765
16,2,8,50,exponential,0.9,4,stepaware,0.66725,0.66725,0.00000,1.33450,7,46,687
16,2,8,50,lognormal-heavytail,0.0,0,serial,0.49912,0.99700,0.49788,0.99825,80,157,504
16,2,8,50,lognormal-heavytail,0.0,0,cb,0.94737,0.94737,0.00000,1.89475,20,63,971
16,2,8,50,lognormal-heavytail,0.0,0,stepaware,0.94950,0.94950,0.00000,1.89900,10,133,1036
16,2,8,50,lognormal-heavytail,0.0,1,serial,0.49988,0.99875,0.49888,0.99975,65,162,542
16,2,8,50,lognormal-heavytail,0.0,1,cb,0.92563,0.92563,0.00000,1.85125,19,64,988
16,2,8,50,lognormal-heavytail,0.0,1,stepaware,0.94500,0.94500,0.00000,1.89000,9,137,978
16,2,8,50,lognormal-heavytail,0.0,2,serial,0.49938,0.99825,0.49887,0.99875,68,187,531
16,2,8,50,lognormal-heavytail,0.0,2,cb,0.91200,0.91200,0.00000,1.82400,18,59,953
16,2,8,50,lognormal-heavytail,0.0,2,stepaware,0.96662,0.96662,0.00000,1.93325,11,206,973
16,2,8,50,lognormal-heavytail,0.0,3,serial,0.49975,0.99938,0.49962,0.99950,70,168,488
16,2,8,50,lognormal-heavytail,0.0,3,cb,0.92850,0.92850,0.00000,1.85700,21,75,921
16,2,8,50,lognormal-heavytail,0.0,3,stepaware,0.94025,0.94025,0.00000,1.88050,9,122,996
16,2,8,50,lognormal-heavytail,0.0,4,serial,0.50000,0.99950,0.49950,1.00000,69,171,533
16,2,8,50,lognormal-heavytail,0.0,4,cb,0.92825,0.92825,0.00000,1.85650,19,64,965
16,2,8,50,lognormal-heavytail,0.0,4,stepaware,0.93037,0.93037,0.00000,1.86075,10,119,987
16,2,8,50,lognormal-heavytail,0.5,0,serial,0.49262,0.97162,0.47900,0.98525,53,106,538
16,2,8,50,lognormal-heavytail,0.5,0,cb,0.99150,0.99150,0.00000,1.98300,32,71,1025
16,2,8,50,lognormal-heavytail,0.5,0,stepaware,0.81637,0.81637,0.00000,1.63275,8,59,816
16,2,8,50,lognormal-heavytail,0.5,1,serial,0.49875,0.99650,0.49775,0.99750,67,166,525
16,2,8,50,lognormal-heavytail,0.5,1,cb,0.98587,0.98587,0.00000,1.97175,26,69,1093
16,2,8,50,lognormal-heavytail,0.5,1,stepaware,0.99475,0.99475,0.00000,1.98950,10,257,1064
16,2,8,50,lognormal-heavytail,0.5,2,serial,0.49975,0.99875,0.49900,0.99950,97,153,514
16,2,8,50,lognormal-heavytail,0.5,2,cb,0.98288,0.98288,0.00000,1.96575,26,71,1059
16,2,8,50,lognormal-heavytail,0.5,2,stepaware,0.92138,0.92138,0.00000,1.84275,9,92,992
16,2,8,50,lognormal-heavytail,0.5,3,serial,0.49788,0.98875,0.49088,0.99575,69,142,540
16,2,8,50,lognormal-heavytail,0.5,3,cb,0.99762,0.99762,0.00000,1.99525,38,81,1033
16,2,8,50,lognormal-heavytail,0.5,3,stepaware,0.99800,0.99800,0.00000,1.99600,12,266,1032
16,2,8,50,lognormal-heavytail,0.5,4,serial,0.15125,0.25450,0.10325,0.30250,21,122,158
16,2,8,50,lognormal-heavytail,0.5,4,cb,0.99413,0.99413,0.00000,1.98825,28,71,1098
16,2,8,50,lognormal-heavytail,0.5,4,stepaware,0.99975,0.99975,0.00000,1.99950,9,424,1133
16,2,8,50,lognormal-heavytail,0.9,0,serial,0.33625,0.57163,0.23538,0.67250,16,171,361
16,2,8,50,lognormal-heavytail,0.9,0,cb,0.74050,0.74050,0.00000,1.48100,10,59,800
16,2,8,50,lognormal-heavytail,0.9,0,stepaware,0.84625,0.84625,0.00000,1.69250,10,293,867
16,2,8,50,lognormal-heavytail,0.9,1,serial,0.43212,0.82950,0.39738,0.86425,71,162,462
16,2,8,50,lognormal-heavytail,0.9,1,cb,0.99425,0.99425,0.00000,1.98850,33,76,1029
16,2,8,50,lognormal-heavytail,0.9,1,stepaware,0.86062,0.86062,0.00000,1.72125,9,350,923
16,2,8,50,lognormal-heavytail,0.9,2,serial,0.42900,0.78763,0.35863,0.85800,30,102,438
16,2,8,50,lognormal-heavytail,0.9,2,cb,0.57250,0.57250,0.00000,1.14500,13,70,599
16,2,8,50,lognormal-heavytail,0.9,2,stepaware,0.99875,0.99875,0.00000,1.99750,11,376,1003
16,2,8,50,lognormal-heavytail,0.9,3,serial,0.49325,0.97700,0.48375,0.98650,58,159,512
16,2,8,50,lognormal-heavytail,0.9,3,cb,0.99200,0.99200,0.00000,1.98400,29,85,1075
16,2,8,50,lognormal-heavytail,0.9,3,stepaware,0.99650,0.99650,0.00000,1.99300,11,635,1084
16,2,8,50,lognormal-heavytail,0.9,4,serial,0.49962,0.99862,0.49900,0.99925,73,148,513
16,2,8,50,lognormal-heavytail,0.9,4,cb,0.46337,0.46337,0.00000,0.92675,9,60,497
16,2,8,50,lognormal-heavytail,0.9,4,stepaware,0.58025,0.58025,0.00000,1.16050,7,296,603
16,2,8,200,exponential,0.0,0,serial,0.29650,0.45112,0.15463,0.59300,11,69,311
16,2,8,200,exponential,0.0,0,cb,0.30488,0.30488,0.00000,0.60975,6,37,316
16,2,8,200,exponential,0.0,0,stepaware,0.32200,0.32200,0.00000,0.64400,7,34,320
16,2,8,200,exponential,0.0,1,serial,0.29450,0.43650,0.14200,0.58900,10,66,283
16,2,8,200,exponential,0.0,1,cb,0.34000,0.34000,0.00000,0.68000,6,42,313
16,2,8,200,exponential,0.0,1,stepaware,0.29475,0.29475,0.00000,0.58950,6,35,322
16,2,8,200,exponential,0.0,2,serial,0.28863,0.44088,0.15225,0.57725,9,67,313
16,2,8,200,exponential,0.0,2,cb,0.29075,0.29075,0.00000,0.58150,5,34,307
16,2,8,200,exponential,0.0,2,stepaware,0.28963,0.28963,0.00000,0.57925,6,36,301
16,2,8,200,exponential,0.0,3,serial,0.29625,0.47525,0.17900,0.59250,12,84,294
16,2,8,200,exponential,0.0,3,cb,0.27475,0.27475,0.00000,0.54950,5,36,312
16,2,8,200,exponential,0.0,3,stepaware,0.31338,0.31338,0.00000,0.62675,6,46,324
16,2,8,200,exponential,0.0,4,serial,0.29550,0.47787,0.18238,0.59100,12,91,305
16,2,8,200,exponential,0.0,4,cb,0.27737,0.27737,0.00000,0.55475,6,40,287
16,2,8,200,exponential,0.0,4,stepaware,0.27625,0.27625,0.00000,0.55250,6,47,287
16,2,8,200,exponential,0.5,0,serial,0.44062,0.81312,0.37250,0.88125,27,108,438
16,2,8,200,exponential,0.5,0,cb,0.39187,0.39187,0.00000,0.78375,6,44,416
16,2,8,200,exponential,0.5,0,stepaware,0.23563,0.23563,0.00000,0.47125,5,37,258
16,2,8,200,exponential,0.5,1,serial,0.40775,0.73188,0.32413,0.81550,22,126,428
16,2,8,200,exponential,0.5,1,cb,0.38312,0.38312,0.00000,0.76625,7,40,396
16,2,8,200,exponential,0.5,1,stepaware,0.29825,0.29825,0.00000,0.59650,5,33,318
16,2,8,200,exponential,0.5,2,serial,0.18575,0.26412,0.07838,0.37150,7,57,214
16,2,8,200,exponential,0.5,2,cb,0.47575,0.47575,0.00000,0.95150,6,38,539
16,2,8,200,exponential,0.5,2,stepaware,0.25188,0.25188,0.00000,0.50375,6,35,263
16,2,8,200,exponential,0.5,3,serial,0.38438,0.65800,0.27363,0.76875,18,89,396
16,2,8,200,exponential,0.5,3,cb,0.57650,0.57650,0.00000,1.15300,8,46,578
16,2,8,200,exponential,0.5,3,stepaware,0.38612,0.38612,0.00000,0.77225,6,39,390
16,2,8,200,exponential,0.5,4,serial,0.37912,0.65350,0.27437,0.75825,17,104,407
16,2,8,200,exponential,0.5,4,cb,0.44225,0.44225,0.00000,0.88450,6,40,484
16,2,8,200,exponential,0.5,4,stepaware,0.21463,0.21463,0.00000,0.42925,5,39,227
16,2,8,200,exponential,0.9,0,serial,0.12300,0.18100,0.05800,0.24600,10,60,135
16,2,8,200,exponential,0.9,0,cb,0.25912,0.25912,0.00000,0.51825,5,37,269
16,2,8,200,exponential,0.9,0,stepaware,0.37675,0.37675,0.00000,0.75350,5,41,398
16,2,8,200,exponential,0.9,1,serial,0.40587,0.71137,0.30550,0.81175,18,93,409
16,2,8,200,exponential,0.9,1,cb,0.77687,0.77687,0.00000,1.55375,11,47,810
16,2,8,200,exponential,0.9,1,stepaware,0.95500,0.95500,0.00000,1.91000,11,129,980
16,2,8,200,exponential,0.9,2,serial,0.45600,0.84075,0.38475,0.91200,30,98,447
16,2,8,200,exponential,0.9,2,cb,0.15725,0.15725,0.00000,0.31450,5,31,169
16,2,8,200,exponential,0.9,2,stepaware,0.26900,0.26900,0.00000,0.53800,5,33,286
16,2,8,200,exponential,0.9,3,serial,0.49412,0.97875,0.48463,0.98825,53,130,502
16,2,8,200,exponential,0.9,3,cb,0.42650,0.42650,0.00000,0.85300,7,43,434
16,2,8,200,exponential,0.9,3,stepaware,0.18375,0.18375,0.00000,0.36750,5,36,185
16,2,8,200,exponential,0.9,4,serial,0.48725,0.95937,0.47212,0.97450,46,128,492
16,2,8,200,exponential,0.9,4,cb,0.19550,0.19550,0.00000,0.39100,7,51,177
16,2,8,200,exponential,0.9,4,stepaware,0.07900,0.07900,0.00000,0.15800,6,34,84
16,2,8,200,lognormal-heavytail,0.0,0,serial,0.25788,0.38425,0.12637,0.51575,9,53,292
16,2,8,200,lognormal-heavytail,0.0,0,cb,0.30888,0.30888,0.00000,0.61775,6,36,329
16,2,8,200,lognormal-heavytail,0.0,0,stepaware,0.35650,0.35650,0.00000,0.71300,6,47,349
16,2,8,200,lognormal-heavytail,0.0,1,serial,0.30612,0.49088,0.18475,0.61225,11,58,341
16,2,8,200,lognormal-heavytail,0.0,1,cb,0.40337,0.40337,0.00000,0.80675,6,46,395
16,2,8,200,lognormal-heavytail,0.0,1,stepaware,0.33987,0.33987,0.00000,0.67975,5,43,362
16,2,8,200,lognormal-heavytail,0.0,2,serial,0.33737,0.53563,0.19825,0.67475,13,83,338
16,2,8,200,lognormal-heavytail,0.0,2,cb,0.40350,0.40350,0.00000,0.80700,6,41,394
16,2,8,200,lognormal-heavytail,0.0,2,stepaware,0.24275,0.24275,0.00000,0.48550,5,38,299
16,2,8,200,lognormal-heavytail,0.0,3,serial,0.26100,0.40525,0.14425,0.52200,10,77,276
16,2,8,200,lognormal-heavytail,0.0,3,cb,0.35962,0.35962,0.00000,0.71925,6,41,350
16,2,8,200,lognormal-heavytail,0.0,3,stepaware,0.29988,0.29988,0.00000,0.59975,5,32,340
16,2,8,200,lognormal-heavytail,0.0,4,serial,0.32438,0.53263,0.20825,0.64875,14,67,304
16,2,8,200,lognormal-heavytail,0.0,4,cb,0.29850,0.29850,0.00000,0.59700,7,38,295
16,2,8,200,lognormal-heavytail,0.0,4,stepaware,0.33513,0.33513,0.00000,0.67025,5,35,354
16,2,8,200,lognormal-heavytail,0.5,0,serial,0.27937,0.44100,0.16163,0.55875,11,48,312
16,2,8,200,lognormal-heavytail,0.5,0,cb,0.26512,0.26512,0.00000,0.53025,5,53,257
16,2,8,200,lognormal-heavytail,0.5,0,stepaware,0.45513,0.45513,0.00000,0.91025,5,39,506
16,2,8,200,lognormal-heavytail,0.5,1,serial,0.26275,0.38075,0.11800,0.52550,10,58,267
16,2,8,200,lognormal-heavytail,0.5,1,cb,0.40013,0.40013,0.00000,0.80025,6,33,455
16,2,8,200,lognormal-heavytail,0.5,1,stepaware,0.13075,0.13075,0.00000,0.26150,5,31,153
16,2,8,200,lognormal-heavytail,0.5,2,serial,0.20863,0.29037,0.08175,0.41725,9,65,215
16,2,8,200,lognormal-heavytail,0.5,2,cb,0.39525,0.39525,0.00000,0.79050,6,34,412
16,2,8,200,lognormal-heavytail,0.5,2,stepaware,0.41050,0.41050,0.00000,0.82100,6,29,458
16,2,8,200,lognormal-heavytail,0.5,3,serial,0.45238,0.85575,0.40337,0.90475,33,117,465
16,2,8,200,lognormal-heavytail,0.5,3,cb,0.32412,0.32412,0.00000,0.64825,6,45,318
16,2,8,200,lognormal-heavytail,0.5,3,stepaware,0.59650,0.59650,0.00000,1.19300,7,61,617
16,2,8,200,lognormal-heavytail,0.5,4,serial,0.44300,0.83337,0.39037,0.88600,30,138,449
16,2,8,200,lognormal-heavytail,0.5,4,cb,0.58250,0.58250,0.00000,1.16500,8,49,611
16,2,8,200,lognormal-heavytail,0.5,4,stepaware,0.26562,0.26562,0.00000,0.53125,5,35,287
16,2,8,200,lognormal-heavytail,0.9,0,serial,0.33437,0.55675,0.22237,0.66875,14,90,375
16,2,8,200,lognormal-heavytail,0.9,0,cb,0.52475,0.52475,0.00000,1.04950,7,50,539
16,2,8,200,lognormal-heavytail,0.9,0,stepaware,0.26925,0.26925,0.00000,0.53850,5,45,270
16,2,8,200,lognormal-heavytail,0.9,1,serial,0.44725,0.83062,0.38337,0.89450,26,126,462
16,2,8,200,lognormal-heavytail,0.9,1,cb,0.16537,0.16537,0.00000,0.33075,5,30,187
16,2,8,200,lognormal-heavytail,0.9,1,stepaware,0.22475,0.22475,0.00000,0.44950,5,40,224
16,2,8,200,lognormal-heavytail,0.9,2,serial,0.48588,0.95625,0.47038,0.97175,45,123,490
16,2,8,200,lognormal-heavytail,0.9,2,cb,0.20700,0.20700,0.00000,0.41400,6,34,219
16,2,8,200,lognormal-heavytail,0.9,2,stepaware,0.38012,0.38012,0.00000,0.76025,7,41,362
16,2,8,200,lognormal-heavytail,0.9,3,serial,0.24825,0.38362,0.13537,0.49650,13,75,245
16,2,8,200,lognormal-heavytail,0.9,3,cb,0.96425,0.96425,0.00000,1.92850,21,63,1054
16,2,8,200,lognormal-heavytail,0.9,3,stepaware,0.88713,0.88713,0.00000,1.77425,9,75,966
16,2,8,200,lognormal-heavytail,0.9,4,serial,0.48113,0.92888,0.44775,0.96225,35,121,518
16,2,8,200,lognormal-heavytail,0.9,4,cb,0.71150,0.71150,0.00000,1.42300,9,42,750
16,2,8,200,lognormal-heavytail,0.9,4,stepaware,0.97762,0.97762,0.00000,1.95525,10,264,1056
16,2,32,50,exponential,0.0,0,serial,0.50000,1.00000,0.50000,1.00000,414,734,134
16,2,32,50,exponential,0.0,0,cb,0.99750,0.99750,0.00000,1.99500,199,356,250
16,2,32,50,exponential,0.0,0,stepaware,0.99875,0.99875,0.00000,1.99750,38,2059,312
16,2,32,50,exponential,0.0,1,serial,0.50000,0.99950,0.49950,1.00000,492,741,116
16,2,32,50,exponential,0.0,1,cb,0.99950,0.99950,0.00000,1.99900,205,373,243
16,2,32,50,exponential,0.0,1,stepaware,0.99825,0.99825,0.00000,1.99650,38,1401,312
16,2,32,50,exponential,0.0,2,serial,0.49938,0.99862,0.49925,0.99875,423,606,135
16,2,32,50,exponential,0.0,2,cb,1.00000,1.00000,0.00000,2.00000,209,386,236
16,2,32,50,exponential,0.0,2,stepaware,0.99787,0.99787,0.00000,1.99575,43,1672,281
16,2,32,50,exponential,0.0,3,serial,0.49975,0.99862,0.49887,0.99950,366,616,144
16,2,32,50,exponential,0.0,3,cb,1.00000,1.00000,0.00000,2.00000,185,312,266
16,2,32,50,exponential,0.0,3,stepaware,0.99962,0.99962,0.00000,1.99925,41,1659,295
16,2,32,50,exponential,0.0,4,serial,0.49925,0.99787,0.49862,0.99850,480,739,118
16,2,32,50,exponential,0.0,4,cb,0.99900,0.99900,0.00000,1.99800,196,457,247
16,2,32,50,exponential,0.0,4,stepaware,0.99987,0.99987,0.00000,1.99975,41,1999,287
16,2,32,50,exponential,0.5,0,serial,0.49888,0.99725,0.49837,0.99775,397,645,133
16,2,32,50,exponential,0.5,0,cb,0.99700,0.99700,0.00000,1.99400,164,390,241
16,2,32,50,exponential,0.5,0,stepaware,0.99975,0.99975,0.00000,1.99950,54,1882,241
16,2,32,50,exponential,0.5,1,serial,0.49975,0.99800,0.49825,0.99950,302,578,149
16,2,32,50,exponential,0.5,1,cb,0.99913,0.99913,0.00000,1.99825,142,274,255
16,2,32,50,exponential,0.5,1,stepaware,1.00000,1.00000,0.00000,2.00000,41,1402,276
16,2,32,50,exponential,0.5,2,serial,0.49875,0.99700,0.49825,0.99750,398,687,123
16,2,32,50,exponential,0.5,2,cb,0.99925,0.99925,0.00000,1.99850,220,413,230
16,2,32,50,exponential,0.5,2,stepaware,0.99975,0.99975,0.00000,1.99950,39,2990,293
16,2,32,50,exponential,0.5,3,serial,0.50000,0.99962,0.49962,1.00000,397,626,137
16,2,32,50,exponential,0.5,3,cb,1.00000,1.00000,0.00000,2.00000,225,402,218
16,2,32,50,exponential,0.5,3,stepaware,0.99762,0.99762,0.00000,1.99525,38,2618,287
16,2,32,50,exponential,0.5,4,serial,0.50000,0.99975,0.49975,1.00000,440,606,119
16,2,32,50,exponential,0.5,4,cb,0.99762,0.99762,0.00000,1.99525,129,341,261
16,2,32,50,exponential,0.5,4,stepaware,0.99987,0.99987,0.00000,1.99975,52,1907,259
16,2,32,50,exponential,0.9,0,serial,0.49962,0.99900,0.49938,0.99925,462,729,122
16,2,32,50,exponential,0.9,0,cb,0.99887,0.99887,0.00000,1.99775,171,295,269
16,2,32,50,exponential,0.9,0,stepaware,0.99875,0.99875,0.00000,1.99750,51,645,261
16,2,32,50,exponential,0.9,1,serial,0.49988,0.99938,0.49950,0.99975,382,681,124
16,2,32,50,exponential,0.9,1,cb,0.99700,0.99700,0.00000,1.99400,152,401,245
16,2,32,50,exponential,0.9,1,stepaware,0.99975,0.99975,0.00000,1.99950,41,1597,281
16,2,32,50,exponential,0.9,2,serial,0.50000,0.99913,0.49913,1.00000,255,446,139
16,2,32,50,exponential,0.9,2,cb,0.99100,0.99100,0.00000,1.98200,116,280,271
16,2,32,50,exponential,0.9,2,stepaware,0.99950,0.99950,0.00000,1.99900,43,2506,267
16,2,32,50,exponential,0.9,3,serial,0.49938,0.99862,0.49925,0.99875,399,771,111
16,2,32,50,exponential,0.9,3,cb,0.92712,0.92712,0.00000,1.85425,113,371,227
16,2,32,50,exponential,0.9,3,stepaware,0.99938,0.99938,0.00000,1.99875,55,1172,248
16,2,32,50,exponential,0.9,4,serial,0.49925,0.99800,0.49875,0.99850,370,599,129
16,2,32,50,exponential,0.9,4,cb,0.99950,0.99950,0.00000,1.99900,192,423,230
16,2,32,50,exponential,0.9,4,stepaware,0.99987,0.99987,0.00000,1.99975,44,1297,282
16,2,32,50,lognormal-heavytail,0.0,0,serial,0.49988,0.99962,0.49975,0.99975,436,1052,99
16,2,32,50,lognormal-heavytail,0.0,0,cb,0.99987,0.99987,0.00000,1.99975,183,358,259
16,2,32,50,lognormal-heavytail,0.0,0,stepaware,0.99825,0.99825,0.00000,1.99650,46,2401,284
16,2,32,50,lognormal-heavytail,0.0,1,serial,0.49988,0.99887,0.49900,0.99975,427,564,127
16,2,32,50,lognormal-heavytail,0.0,1,cb,0.99825,0.99825,0.00000,1.99650,183,348,270
16,2,32,50,lognormal-heavytail,0.0,1,stepaware,0.99750,0.99750,0.00000,1.99500,43,1021,271
16,2,32,50,lognormal-heavytail,0.0,2,serial,0.50000,0.99850,0.49850,1.00000,362,574,150
16,2,32,50,lognormal-heavytail,0.0,2,cb,0.99900,0.99900,0.00000,1.99800,195,326,247
16,2,32,50,lognormal-heavytail,0.0,2,stepaware,0.99813,0.99813,0.00000,1.99625,42,1351,275
16,2,32,50,lognormal-heavytail,0.0,3,serial,0.49900,0.99787,0.49887,0.99800,487,952,102
16,2,32,50,lognormal-heavytail,0.0,3,cb,1.00000,1.00000,0.00000,2.00000,187,342,265
16,2,32,50,lognormal-heavytail,0.0,3,stepaware,1.00000,1.00000,0.00000,2.00000,39,1826,288
16,2,32,50,lognormal-heavytail,0.0,4,serial,0.49975,0.99938,0.49962,0.99950,371,673,129
16,2,32,50,lognormal-heavytail,0.0,4,cb,0.99713,0.99713,0.00000,1.99425,192,366,259
16,2,32,50,lognormal-heavytail,0.0,4,stepaware,0.99625,0.99625,0.00000,1.99250,38,1531,301
16,2,32,50,lognormal-heavytail,0.5,0,serial,0.49900,0.99750,0.49850,0.99800,404,809,129
16,2,32,50,lognormal-heavytail,0.5,0,cb,0.63862,0.63862,0.00000,1.27725,94,306,179
16,2,32,50,lognormal-heavytail,0.5,0,stepaware,0.99962,0.99962,0.00000,1.99925,53,1295,248
16,2,32,50,lognormal-heavytail,0.5,1,serial,0.49975,0.99887,0.49912,0.99950,457,719,124
16,2,32,50,lognormal-heavytail,0.5,1,cb,0.91300,0.91300,0.00000,1.82600,110,364,226
16,2,32,50,lognormal-heavytail,0.5,1,stepaware,0.99900,0.99900,0.00000,1.99800,49,1446,249
16,2,32,50,lognormal-heavytail,0.5,2,serial,0.49975,0.99887,0.49912,0.99950,346,671,141
16,2,32,50,lognormal-heavytail,0.5,2,cb,0.99825,0.99825,0.00000,1.99650,191,384,252
16,2,32,50,lognormal-heavytail,0.5,2,stepaware,0.94600,0.94600,0.00000,1.89200,46,900,232
16,2,32,50,lognormal-heavytail,0.5,3,serial,0.49912,0.99800,0.49888,0.99825,389,530,133
16,2,32,50,lognormal-heavytail,0.5,3,cb,0.97537,0.97537,0.00000,1.95075,128,268,233
16,2,32,50,lognormal-heavytail,0.5,3,stepaware,0.99875,0.99875,0.00000,1.99750,46,1422,269
16,2,32,50,lognormal-heavytail,0.5,4,serial,0.49925,0.99838,0.49912,0.99850,401,617,144
16,2,32,50,lognormal-heavytail,0.5,4,cb,0.99875,0.99875,0.00000,1.99750,184,358,256
16,2,32,50,lognormal-heavytail,0.5,4,stepaware,0.99913,0.99913,0.00000,1.99825,52,1106,216
16,2,32,50,lognormal-heavytail,0.9,0,serial,0.49925,0.99850,0.49925,0.99850,352,533,129
16,2,32,50,lognormal-heavytail,0.9,0,cb,0.99838,0.99838,0.00000,1.99675,166,339,243
16,2,32,50,lognormal-heavytail,0.9,0,stepaware,0.99900,0.99900,0.00000,1.99800,47,2251,263
16,2,32,50,lognormal-heavytail,0.9,1,serial,0.49950,0.99850,0.49900,0.99900,405,571,125
16,2,32,50,lognormal-heavytail,0.9,1,cb,0.99987,0.99987,0.00000,1.99975,187,356,252
16,2,32,50,lognormal-heavytail,0.9,1,stepaware,0.99950,0.99950,0.00000,1.99900,46,1434,265
16,2,32,50,lognormal-heavytail,0.9,2,serial,0.49950,0.99813,0.49863,0.99900,434,594,127
16,2,32,50,lognormal-heavytail,0.9,2,cb,0.99662,0.99662,0.00000,1.99325,116,272,243
16,2,32,50,lognormal-heavytail,0.9,2,stepaware,0.99975,0.99975,0.00000,1.99950,44,828,263
16,2,32,50,lognormal-heavytail,0.9,3,serial,0.50000,0.99987,0.49987,1.00000,432,603,128
16,2,32,50,lognormal-heavytail,0.9,3,cb,0.94563,0.94563,0.00000,1.89125,154,291,283
16,2,32,50,lognormal-heavytail,0.9,3,stepaware,0.99775,0.99775,0.00000,1.99550,50,1303,262
16,2,32,50,lognormal-heavytail,0.9,4,serial,0.50000,0.99987,0.49987,1.00000,383,627,127
16,2,32,50,lognormal-heavytail,0.9,4,cb,0.99900,0.99900,0.00000,1.99800,135,272,270
16,2,32,50,lognormal-heavytail,0.9,4,stepaware,0.99925,0.99925,0.00000,1.99850,48,2441,255
16,2,32,200,exponential,0.0,0,serial,0.49925,0.99462,0.49537,0.99850,264,530,133
16,2,32,200,exponential,0.0,0,cb,0.87013,0.87013,0.00000,1.74025,60,260,237
16,2,32,200,exponential,0.0,0,stepaware,0.97737,0.97737,0.00000,1.95475,45,677,241
16,2,32,200,exponential,0.0,1,serial,0.49900,0.99687,0.49787,0.99800,304,542,124
16,2,32,200,exponential,0.0,1,cb,0.92388,0.92388,0.00000,1.84775,86,266,227
16,2,32,200,exponential,0.0,1,stepaware,0.95637,0.95637,0.00000,1.91275,48,447,250
16,2,32,200,exponential,0.0,2,serial,0.49900,0.99775,0.49875,0.99800,277,461,129
16,2,32,200,exponential,0.0,2,cb,0.90750,0.90750,0.00000,1.81500,68,216,222
16,2,32,200,exponential,0.0,2,stepaware,0.91875,0.91875,0.00000,1.83750,45,1061,216
16,2,32,200,exponential,0.0,3,serial,0.49500,0.98900,0.49400,0.99000,311,459,119
16,2,32,200,exponential,0.0,3,cb,0.93175,0.93175,0.00000,1.86350,76,238,231
16,2,32,200,exponential,0.0,3,stepaware,0.96988,0.96988,0.00000,1.93975,42,580,242
16,2,32,200,exponential,0.0,4,serial,0.49762,0.99462,0.49700,0.99525,356,618,108
16,2,32,200,exponential,0.0,4,cb,0.90438,0.90438,0.00000,1.80875,75,243,229
16,2,32,200,exponential,0.0,4,stepaware,0.94163,0.94163,0.00000,1.88325,38,565,232
16,2,32,200,exponential,0.5,0,serial,0.48387,0.94137,0.45750,0.96775,241,582,139
16,2,32,200,exponential,0.5,0,cb,0.92700,0.92700,0.00000,1.85400,82,231,218
16,2,32,200,exponential,0.5,0,stepaware,0.76362,0.76362,0.00000,1.52725,32,275,194
16,2,32,200,exponential,0.5,1,serial,0.49500,0.98213,0.48713,0.99000,197,415,134
16,2,32,200,exponential,0.5,1,cb,0.97762,0.97762,0.00000,1.95525,159,349,224
16,2,32,200,exponential,0.5,1,stepaware,0.76950,0.76950,0.00000,1.53900,32,349,196
16,2,32,200,exponential,0.5,2,serial,0.44412,0.81312,0.36900,0.88825,139,343,106
16,2,32,200,exponential,0.5,2,cb,0.98262,0.98262,0.00000,1.96525,77,306,273
16,2,32,200,exponential,0.5,2,stepaware,0.98762,0.98762,0.00000,1.97525,45,1388,259
16,2,32,200,exponential,0.5,3,serial,0.47487,0.90525,0.43038,0.94975,281,584,112
16,2,32,200,exponential,0.5,3,cb,0.99762,0.99762,0.00000,1.99525,154,336,235
16,2,32,200,exponential,0.5,3,stepaware,0.99575,0.99575,0.00000,1.99150,38,1220,289
16,2,32,200,exponential,0.5,4,serial,0.49838,0.99638,0.49800,0.99675,347,680,125
16,2,32,200,exponential,0.5,4,cb,0.65250,0.65250,0.00000,1.30500,40,200,175
16,2,32,200,exponential,0.5,4,stepaware,0.97625,0.97625,0.00000,1.95250,49,388,247
16,2,32,200,exponential,0.9,0,serial,0.46575,0.89250,0.42675,0.93150,124,597,121
16,2,32,200,exponential,0.9,0,cb,0.99500,0.99500,0.00000,1.99000,173,301,242
16,2,32,200,exponential,0.9,0,stepaware,0.24713,0.24713,0.00000,0.49425,28,167,68
16,2,32,200,exponential,0.9,1,serial,0.49388,0.98088,0.48700,0.98775,418,680,106
16,2,32,200,exponential,0.9,1,cb,0.72125,0.72125,0.00000,1.44250,41,170,195
16,2,32,200,exponential,0.9,1,stepaware,0.64475,0.64475,0.00000,1.28950,32,229,147
16,2,32,200,exponential,0.9,2,serial,0.43662,0.81450,0.37788,0.87325,114,451,120
16,2,32,200,exponential,0.9,2,cb,0.96100,0.96100,0.00000,1.92200,85,246,275
16,2,32,200,exponential,0.9,2,stepaware,0.99113,0.99113,0.00000,1.98225,54,524,248
16,2,32,200,exponential,0.9,3,serial,0.36088,0.61113,0.25025,0.72175,84,573,90
16,2,32,200,exponential,0.9,3,cb,0.32488,0.32488,0.00000,0.64975,45,164,94
16,2,32,200,exponential,0.9,3,stepaware,0.87700,0.87700,0.00000,1.75400,35,225,232
16,2,32,200,exponential,0.9,4,serial,0.49950,0.99425,0.49475,0.99900,255,508,126
16,2,32,200,exponential,0.9,4,cb,0.77663,0.77663,0.00000,1.55325,41,157,201
16,2,32,200,exponential,0.9,4,stepaware,0.98425,0.98425,0.00000,1.96850,43,484,254
16,2,32,200,lognormal-heavytail,0.0,0,serial,0.49838,0.99525,0.49687,0.99675,231,512,141
16,2,32,200,lognormal-heavytail,0.0,0,cb,0.87387,0.87387,0.00000,1.74775,60,181,230
16,2,32,200,lognormal-heavytail,0.0,0,stepaware,0.97225,0.97225,0.00000,1.94450,44,805,241
16,2,32,200,lognormal-heavytail,0.0,1,serial,0.49862,0.99687,0.49825,0.99725,235,460,143
16,2,32,200,lognormal-heavytail,0.0,1,cb,0.95462,0.95462,0.00000,1.90925,93,256,225
16,2,32,200,lognormal-heavytail,0.0,1,stepaware,0.89400,0.89400,0.00000,1.78800,35,518,250
16,2,32,200,lognormal-heavytail,0.0,2,serial,0.49938,0.99525,0.49587,0.99875,262,477,137
16,2,32,200,lognormal-heavytail,0.0,2,cb,0.87575,0.87575,0.00000,1.75150,71,201,222
16,2,32,200,lognormal-heavytail,0.0,2,stepaware,0.97513,0.97513,0.00000,1.95025,41,465,272
16,2,32,200,lognormal-heavytail,0.0,3,serial,0.49812,0.98738,0.48925,0.99625,267,542,134
16,2,32,200,lognormal-heavytail,0.0,3,cb,0.93388,0.93388,0.00000,1.86775,87,269,234
16,2,32,200,lognormal-heavytail,0.0,3,stepaware,0.95537,0.95537,0.00000,1.91075,40,400,260
16,2,32,200,lognormal-heavytail,0.0,4,serial,0.49838,0.99387,0.49550,0.99675,317,505,126
16,2,32,200,lognormal-heavytail,0.0,4,cb,0.96088,0.96088,0.00000,1.92175,79,219,244
16,2,32,200,lognormal-heavytail,0.0,4,stepaware,0.93637,0.93637,0.00000,1.87275,37,747,252
16,2,32,200,lognormal-heavytail,0.5,0,serial,0.49562,0.98887,0.49325,0.99125,349,678,136
16,2,32,200,lognormal-heavytail,0.5,0,cb,0.98850,0.98850,0.00000,1.97700,123,323,254
16,2,32,200,lognormal-heavytail,0.5,0,stepaware,0.96337,0.96337,0.00000,1.92675,39,380,251
16,2,32,200,lognormal-heavytail,0.5,1,serial,0.47813,0.94412,0.46600,0.95625,340,660,118
16,2,32,200,lognormal-heavytail,0.5,1,cb,0.98425,0.98425,0.00000,1.96850,97,262,265
16,2,32,200,lognormal-heavytail,0.5,1,stepaware,0.98950,0.98950,0.00000,1.97900,43,2185,256
16,2,32,200,lognormal-heavytail,0.5,2,serial,0.49862,0.99125,0.49262,0.99725,358,766,120
16,2,32,200,lognormal-heavytail,0.5,2,cb,0.99487,0.99487,0.00000,1.98975,150,348,243
16,2,32,200,lognormal-heavytail,0.5,2,stepaware,0.83500,0.83500,0.00000,1.67000,38,277,222
16,2,32,200,lognormal-heavytail,0.5,3,serial,0.49062,0.94350,0.45288,0.98125,163,487,128
16,2,32,200,lognormal-heavytail,0.5,3,cb,0.96662,0.96662,0.00000,1.93325,106,331,216
16,2,32,200,lognormal-heavytail,0.5,3,stepaware,0.71550,0.71550,0.00000,1.43100,32,332,168
16,2,32,200,lognormal-heavytail,0.5,4,serial,0.49950,0.99687,0.49737,0.99900,263,567,135
16,2,32,200,lognormal-heavytail,0.5,4,cb,0.98237,0.98237,0.00000,1.96475,131,244,226
16,2,32,200,lognormal-heavytail,0.5,4,stepaware,0.99438,0.99438,0.00000,1.98875,42,570,283
16,2,32,200,lognormal-heavytail,0.9,0,serial,0.49925,0.99287,0.49362,0.99850,307,538,132
16,2,32,200,lognormal-heavytail,0.9,0,cb,0.84550,0.84550,0.00000,1.69100,45,218,217
16,2,32,200,lognormal-heavytail,0.9,0,stepaware,0.99813,0.99813,0.00000,1.99625,38,1497,293
16,2,32,200,lognormal-heavytail,0.9,1,serial,0.49838,0.99625,0.49787,0.99675,379,706,113
16,2,32,200,lognormal-heavytail,0.9,1,cb,0.97762,0.97762,0.00000,1.95525,110,300,242
16,2,32,200,lognormal-heavytail,0.9,1,stepaware,0.98450,0.98450,0.00000,1.96900,42,1813,263
16,2,32,200,lognormal-heavytail,0.9,2,serial,0.46863,0.90675,0.43812,0.93725,129,625,130
16,2,32,200,lognormal-heavytail,0.9,2,cb,0.98713,0.98713,0.00000,1.97425,141,380,254
16,2,32,200,lognormal-heavytail,0.9,2,stepaware,0.99387,0.99387,0.00000,1.98775,44,2178,247
16,2,32,200,lognormal-heavytail,0.9,3,serial,0.49912,0.99138,0.49225,0.99825,237,607,136
16,2,32,200,lognormal-heavytail,0.9,3,cb,0.99075,0.99075,0.00000,1.98150,129,306,255
16,2,32,200,lognormal-heavytail,0.9,3,stepaware,0.94325,0.94325,0.00000,1.88650,45,2292,239
16,2,32,200,lognormal-heavytail,0.9,4,serial,0.19887,0.31725,0.11837,0.39775,44,265,62
16,2,32,200,lognormal-heavytail,0.9,4,cb,0.57388,0.57388,0.00000,1.14775,31,207,138
16,2,32,200,lognormal-heavytail,0.9,4,stepaware,0.93300,0.93300,0.00000,1.86600,41,520,258
16,4,8,50,exponential,0.0,0,serial,0.24981,0.99525,0.74544,0.99925,65,146,535
16,4,8,50,exponential,0.0,0,cb,0.58806,0.58806,0.00000,2.35225,6,35,1203
16,4,8,50,exponential,0.0,0,stepaware,0.54569,0.54569,0.00000,2.18275,5,37,1117
16,4,8,50,exponential,0.0,1,serial,0.24969,0.99162,0.74194,0.99875,75,157,524
16,4,8,50,exponential,0.0,1,cb,0.53287,0.53287,0.00000,2.13150,5,39,1127
16,4,8,50,exponential,0.0,1,stepaware,0.54763,0.54763,0.00000,2.19050,6,35,1113
16,4,8,50,exponential,0.0,2,serial,0.24956,0.98825,0.73869,0.99825,75,220,499
16,4,8,50,exponential,0.0,2,cb,0.56225,0.56225,0.00000,2.24900,6,38,1108
16,4,8,50,exponential,0.0,2,stepaware,0.54994,0.54994,0.00000,2.19975,5,39,1119
16,4,8,50,exponential,0.0,3,serial,0.24981,0.99738,0.74756,0.99925,70,179,539
16,4,8,50,exponential,0.0,3,cb,0.54194,0.54194,0.00000,2.16775,6,39,1142
16,4,8,50,exponential,0.0,3,stepaware,0.54563,0.54563,0.00000,2.18250,6,35,1116
16,4,8,50,exponential,0.0,4,serial,0.24994,0.99294,0.74300,0.99975,73,166,519
16,4,8,50,exponential,0.0,4,cb,0.51462,0.51462,0.00000,2.05850,6,32,1103
16,4,8,50,exponential,0.0,4,stepaware,0.54256,0.54256,0.00000,2.17025,6,38,1127
16,4,8,50,exponential,0.5,0,serial,0.25000,0.99138,0.74138,1.00000,66,144,540
16,4,8,50,exponential,0.5,0,cb,0.16656,0.16656,0.00000,0.66625,5,35,377
16,4,8,50,exponential,0.5,0,stepaware,0.87506,0.87506,0.00000,3.50025,6,60,1846
16,4,8,50,exponential,0.5,1,serial,0.24975,0.99519,0.74544,0.99900,83,142,506
16,4,8,50,exponential,0.5,1,cb,0.82794,0.82794,0.00000,3.31175,8,40,1760
16,4,8,50,exponential,0.5,1,stepaware,0.33113,0.33113,0.00000,1.32450,5,33,709
16,4,8,50,exponential,0.5,2,serial,0.24719,0.95137,0.70419,0.98875,54,149,494
16,4,8,50,exponential,0.5,2,cb,0.41600,0.41600,0.00000,1.66400,5,34,916
16,4,8,50,exponential,0.5,2,stepaware,0.80825,0.80825,0.00000,3.23300,6,50,1728
16,4,8,50,exponential,0.5,3,serial,0.24231,0.90125,0.65894,0.96925,46,113,514
16,4,8,50,exponential,0.5,3,cb,0.25988,0.25988,0.00000,1.03950,5,34,549
16,4,8,50,exponential,0.5,3,stepaware,0.51581,0.51581,0.00000,2.06325,5,40,1063
16,4,8,50,exponential,0.5,4,serial,0.24944,0.99094,0.74150,0.99775,90,192,475
16,4,8,50,exponential,0.5,4,cb,0.34656,0.34656,0.00000,1.38625,6,45,665
16,4,8,50,exponential,0.5,4,stepaware,0.85281,0.85281,0.00000,3.41125,7,52,1683
16,4,8,50,exponential,0.9,0,serial,0.24925,0.98131,0.73206,0.99700,66,137,546
16,4,8,50,exponential,0.9,0,cb,0.54350,0.54350,0.00000,2.17400,6,37,1163
16,4,8,50,exponential,0.9,0,stepaware,0.69900,0.69900,0.00000,2.79600,6,140,1498
16,4,8,50,exponential,0.9,1,serial,0.24988,0.99213,0.74225,0.99950,75,166,512
16,4,8,50,exponential,0.9,1,cb,0.72000,0.72000,0.00000,2.88000,6,38,1512
16,4,8,50,exponential,0.9,1,stepaware,0.21450,0.21450,0.00000,0.85800,5,36,436
16,4,8,50,exponential,0.9,2,serial,0.24994,0.99575,0.74581,0.99975,77,143,519
16,4,8,50,exponential,0.9,2,cb,0.84250,0.84250,0.00000,3.37000,9,43,1698
16,4,8,50,exponential,0.9,2,stepaware,0.23450,0.23450,0.00000,0.93800,5,38,428
16,4,8,50,exponential,0.9,3,serial,0.24056,0.86387,0.62331,0.96225,39,122,530
16,4,8,50,exponential,0.9,3,cb,0.49631,0.49631,0.00000,1.98525,6,38,1024
16,4,8,50,exponential,0.9,3,stepaware,0.39031,0.39031,0.00000,1.56125,5,36,804
16,4,8,50,exponential,0.9,4,serial,0.20844,0.61706,0.40862,0.83375,29,99,409
16,4,8,50,exponential,0.9,4,cb,0.93019,0.93019,0.00000,3.72075,11,44,1970
16,4,8,50,exponential,0.9,4,stepaware,0.97044,0.97044,0.00000,3.88175,8,80,2000
16,4,8,50,lognormal-heavytail,0.0,0,serial,0.24994,0.99794,0.74800,0.99975,76,148,528
16,4,8,50,lognormal-heavytail,0.0,0,cb,0.52431,0.52431,0.00000,2.09725,6,34,1083
16,4,8,50,lognormal-heavytail,0.0,0,stepaware,0.59981,0.59981,0.00000,2.39925,6,37,1238
16,4,8,50,lognormal-heavytail,0.0,1,serial,0.24956,0.98531,0.73575,0.99825,72,157,517
16,4,8,50,lognormal-heavytail,0.0,1,cb,0.56781,0.56781,0.00000,2.27125,5,37,1229
16,4,8,50,lognormal-heavytail,0.0,1,stepaware,0.56531,0.56531,0.00000,2.26125,6,36,1184
16,4,8,50,lognormal-heavytail,0.0,2,serial,0.24994,0.99650,0.74656,0.99975,76,143,513
16,4,8,50,lognormal-heavytail,0.0,2,cb,0.53225,0.53225,0.00000,2.12900,6,35,1122
16,4,8,50,lognormal-heavytail,0.0,2,stepaware,0.55919,0.55919,0.00000,2.23675,5,39,1168
16,4,8,50,lognormal-heavytail,0.0,3,serial,0.24975,0.99706,0.74731,0.99900,90,177,473
16,4,8,50,lognormal-heavytail,0.0,3,cb,0.54975,0.54975,0.00000,2.19900,5,39,1161
16,4,8,50,lognormal-heavytail,0.0,3,stepaware,0.55219,0.55219,0.00000,2.20875,5,33,1240
16,4,8,50,lognormal-heavytail,0.0,4,serial,0.24975,0.99569,0.74594,0.99900,65,141,579
16,4,8,50,lognormal-heavytail,0.0,4,cb,0.57419,0.57419,0.00000,2.29675,6,39,1150
16,4,8,50,lognormal-heavytail,0.0,4,stepaware,0.54444,0.54444,0.00000,2.17775,5,36,1145
16,4,8,50,lognormal-heavytail,0.5,0,serial,0.24975,0.98613,0.73638,0.99900,69,181,500
16,4,8,50,lognormal-heavytail,0.5,0,cb,0.48550,0.48550,0.00000,1.94200,5,39,1027
16,4,8,50,lognormal-heavytail,0.5,0,stepaware,0.72806,0.72806,0.00000,2.91225,6,37,1551
16,4,8,50,lognormal-heavytail,0.5,1,serial,0.25000,0.99331,0.74331,1.00000,73,191,523
16,4,8,50,lognormal-heavytail,0.5,1,cb,0.52894,0.52894,0.00000,2.11575,6,38,1106
16,4,8,50,lognormal-heavytail,0.5,1,stepaware,0.56612,0.56612,0.00000,2.26450,5,40,1150
16,4,8,50,lognormal-heavytail,0.5,2,serial,0.24956,0.99694,0.74738,0.99825,73,177,568
16,4,8,50,lognormal-heavytail,0.5,2,cb,0.42569,0.42569,0.00000,1.70275,6,39,843
16,4,8,50,lognormal-heavytail,0.5,2,stepaware,0.65000,0.65000,0.00000,2.60000,6,43,1358
16,4,8,50,lognormal-heavytail,0.5,3,serial,0.24831,0.95894,0.71063,0.99325,71,161,492
16,4,8,50,lognormal-heavytail,0.5,3,cb,0.83475,0.83475,0.00000,3.33900,8,42,1735
16,4,8,50,lognormal-heavytail,0.5,3,stepaware,0.40637,0.40637,0.00000,1.62550,5,35,811
16,4,8,50,lognormal-heavytail,0.5,4,serial,0.24913,0.97575,0.72662,0.99650,56,143,575
16,4,8,50,lognormal-heavytail,0.5,4,cb,0.61431,0.61431,0.00000,2.45725,6,38,1298
16,4,8,50,lognormal-heavytail,0.5,4,stepaware,0.76438,0.76438,0.00000,3.05750,6,46,1626
16,4,8,50,lognormal-heavytail,0.9,0,serial,0.24594,0.94863,0.70269,0.98375,66,171,476
16,4,8,50,lognormal-heavytail,0.9,0,cb,0.25906,0.25906,0.00000,1.03625,5,40,520
16,4,8,50,lognormal-heavytail,0.9,0,stepaware,0.62469,0.62469,0.00000,2.49875,6,75,1278
16,4,8,50,lognormal-heavytail,0.9,1,serial,0.24994,0.99281,0.74287,0.99975,78,145,514
16,4,8,50,lognormal-heavytail,0.9,1,cb,0.88062,0.88062,0.00000,3.52250,9,41,1886
16,4,8,50,lognormal-heavytail,0.9,1,stepaware,0.49412,0.49412,0.00000,1.97650,5,32,1092
16,4,8,50,lognormal-heavytail,0.9,2,serial,0.23731,0.80888,0.57156,0.94925,38,133,511
16,4,8,50,lognormal-heavytail,0.9,2,cb,0.98462,0.98462,0.00000,3.93850,15,49,1997
16,4,8,50,lognormal-heavytail,0.9,2,stepaware,0.88438,0.88438,0.00000,3.53750,7,142,1908
16,4,8,50,lognormal-heavytail,0.9,3,serial,0.23056,0.76669,0.53612,0.92225,30,167,487
16,4,8,50,lognormal-heavytail,0.9,3,cb,0.21975,0.21975,0.00000,0.87900,5,40,456
16,4,8,50,lognormal-heavytail,0.9,3,stepaware,0.99431,0.99431,0.00000,3.97725,8,170,2054
16,4,8,50,lognormal-heavytail,0.9,4,serial,0.23644,0.83719,0.60075,0.94575,36,154,507
16,4,8,50,lognormal-heavytail,0.9,4,cb,0.95756,0.95756,0.00000,3.83025,15,48,2044
16,4,8,50,lognormal-heavytail,0.9,4,stepaware,0.31044,0.31044,0.00000,1.24175,6,35,635
16,4,8,200,exponential,0.0,0,serial,0.14819,0.30712,0.15894,0.59275,13,57,308
16,4,8,200,exponential,0.0,0,cb,0.16894,0.16894,0.00000,0.67575,6,38,313
16,4,8,200,exponential,0.0,0,stepaware,0.14700,0.14700,0.00000,0.58800,5,46,298
16,4,8,200,exponential,0.0,1,serial,0.16300,0.36731,0.20431,0.65200,16,62,313
16,4,8,200,exponential,0.0,1,cb,0.13706,0.13706,0.00000,0.54825,5,32,302
16,4,8,200,exponential,0.0,1,stepaware,0.16206,0.16206,0.00000,0.64825,6,43,318
16,4,8,200,exponential,0.0,2,serial,0.14813,0.29106,0.14294,0.59250,11,59,310
16,4,8,200,exponential,0.0,2,cb,0.13787,0.13787,0.00000,0.55150,5,37,318
16,4,8,200,exponential,0.0,2,stepaware,0.14538,0.14538,0.00000,0.58150,5,37,285
16,4,8,200,exponential,0.0,3,serial,0.14075,0.29250,0.15175,0.56300,14,57,291
16,4,8,200,exponential,0.0,3,cb,0.18300,0.18300,0.00000,0.73200,6,40,348
16,4,8,200,exponential,0.0,3,stepaware,0.17175,0.17175,0.00000,0.68700,5,36,359
16,4,8,200,exponential,0.0,4,serial,0.13575,0.26300,0.12725,0.54300,11,53,300
16,4,8,200,exponential,0.0,4,cb,0.15050,0.15050,0.00000,0.60200,5,38,312
16,4,8,200,exponential,0.0,4,stepaware,0.14756,0.14756,0.00000,0.59025,5,34,318
16,4,8,200,exponential,0.5,0,serial,0.17044,0.39156,0.22112,0.68175,13,69,383
16,4,8,200,exponential,0.5,0,cb,0.23150,0.23150,0.00000,0.92600,5,33,512
16,4,8,200,exponential,0.5,0,stepaware,0.09569,0.09569,0.00000,0.38275,4,34,225
16,4,8,200,exponential,0.5,1,serial,0.22956,0.75781,0.52825,0.91825,34,112,469
16,4,8,200,exponential,0.5,1,cb,0.19862,0.19862,0.00000,0.79450,5,32,425
16,4,8,200,exponential,0.5,1,stepaware,0.24719,0.24719,0.00000,0.98875,6,41,481
16,4,8,200,exponential,0.5,2,serial,0.21838,0.69212,0.47375,0.87350,27,101,448
16,4,8,200,exponential,0.5,2,cb,0.16950,0.16950,0.00000,0.67800,6,40,324
16,4,8,200,exponential,0.5,2,stepaware,0.23488,0.23488,0.00000,0.93950,5,37,457
16,4,8,200,exponential,0.5,3,serial,0.22594,0.75481,0.52887,0.90375,37,151,452
16,4,8,200,exponential,0.5,3,cb,0.25938,0.25938,0.00000,1.03750,5,35,553
16,4,8,200,exponential,0.5,3,stepaware,0.17150,0.17150,0.00000,0.68600,5,34,382
16,4,8,200,exponential,0.5,4,serial,0.21856,0.68156,0.46300,0.87425,27,131,464
16,4,8,200,exponential,0.5,4,cb,0.16087,0.16087,0.00000,0.64350,5,36,336
16,4,8,200,exponential,0.5,4,stepaware,0.19681,0.19681,0.00000,0.78725,6,29,412
16,4,8,200,exponential,0.9,0,serial,0.19575,0.59569,0.39994,0.78300,26,87,408
16,4,8,200,exponential,0.9,0,cb,0.39950,0.39950,0.00000,1.59800,5,35,882
16,4,8,200,exponential,0.9,0,stepaware,0.57012,0.57012,0.00000,2.28050,5,37,1226
16,4,8,200,exponential,0.9,1,serial,0.07056,0.11837,0.04781,0.28225,10,50,133
16,4,8,200,exponential,0.9,1,cb,0.21488,0.21488,0.00000,0.85950,5,45,467
16,4,8,200,exponential,0.9,1,stepaware,0.05669,0.05669,0.00000,0.22675,5,42,112
16,4,8,200,exponential,0.9,2,serial,0.17094,0.34325,0.17231,0.68375,13,53,340
16,4,8,200,exponential,0.9,2,cb,0.09475,0.09475,0.00000,0.37900,5,39,190
16,4,8,200,exponential,0.9,2,stepaware,0.11175,0.11175,0.00000,0.44700,4,39,255
16,4,8,200,exponential,0.9,3,serial,0.09100,0.16419,0.07319,0.36400,9,78,182
16,4,8,200,exponential,0.9,3,cb,0.04106,0.04106,0.00000,0.16425,6,33,85
16,4,8,200,exponential,0.9,3,stepaware,0.08275,0.08275,0.00000,0.33100,6,43,153
16,4,8,200,exponential,0.9,4,serial,0.07169,0.14688,0.07519,0.28675,13,65,152
16,4,8,200,exponential,0.9,4,cb,0.15131,0.15131,0.00000,0.60525,5,34,331
16,4,8,200,exponential,0.9,4,stepaware,0.40200,0.40200,0.00000,1.60800,5,41,822
16,4,8,200,lognormal-heavytail,0.0,0,serial,0.11388,0.18144,0.06756,0.45550,8,43,272
16,4,8,200,lognormal-heavytail,0.0,0,cb,0.14481,0.14481,0.00000,0.57925,5,29,315
16,4,8,200,lognormal-heavytail,0.0,0,stepaware,0.16269,0.16269,0.00000,0.65075,6,42,335
16,4,8,200,lognormal-heavytail,0.0,1,serial,0.12887,0.24131,0.11244,0.51550,9,56,320
16,4,8,200,lognormal-heavytail,0.0,1,cb,0.17056,0.17056,0.00000,0.68225,5,33,351
16,4,8,200,lognormal-heavytail,0.0,1,stepaware,0.16700,0.16700,0.00000,0.66800,4,40,371
16,4,8,200,lognormal-heavytail,0.0,2,serial,0.11969,0.22537,0.10569,0.47875,8,67,278
16,4,8,200,lognormal-heavytail,0.0,2,cb,0.17575,0.17575,0.00000,0.70300,5,37,346
16,4,8,200,lognormal-heavytail,0.0,2,stepaware,0.17169,0.17169,0.00000,0.68675,5,34,365
16,4,8,200,lognormal-heavytail,0.0,3,serial,0.17294,0.38238,0.20944,0.69175,15,73,337
16,4,8,200,lognormal-heavytail,0.0,3,cb,0.16312,0.16312,0.00000,0.65250,5,39,337
16,4,8,200,lognormal-heavytail,0.0,3,stepaware,0.14231,0.14231,0.00000,0.56925,5,28,320
16,4,8,200,lognormal-heavytail,0.0,4,serial,0.12919,0.24531,0.11612,0.51675,9,110,275
16,4,8,200,lognormal-heavytail,0.0,4,cb,0.16894,0.16894,0.00000,0.67575,6,32,347
16,4,8,200,lognormal-heavytail,0.0,4,stepaware,0.19031,0.19031,0.00000,0.76125,5,39,390
16,4,8,200,lognormal-heavytail,0.5,0,serial,0.15606,0.31706,0.16100,0.62425,11,74,329
16,4,8,200,lognormal-heavytail,0.5,0,cb,0.17181,0.17181,0.00000,0.68725,4,35,406
16,4,8,200,lognormal-heavytail,0.5,0,stepaware,0.21531,0.21531,0.00000,0.86125,5,39,456
16,4,8,200,lognormal-heavytail,0.5,1,serial,0.22681,0.75687,0.53006,0.90725,34,112,456
16,4,8,200,lognormal-heavytail,0.5,1,cb,0.30038,0.30038,0.00000,1.20150,6,40,584
16,4,8,200,lognormal-heavytail,0.5,1,stepaware,0.08962,0.08962,0.00000,0.35850,5,27,208
16,4,8,200,lognormal-heavytail,0.5,2,serial,0.24413,0.89087,0.64675,0.97650,42,150,489
16,4,8,200,lognormal-heavytail,0.5,2,cb,0.11525,0.11525,0.00000,0.46100,5,34,251
16,4,8,200,lognormal-heavytail,0.5,2,stepaware,0.21881,0.21881,0.00000,0.87525,5,42,441
16,4,8,200,lognormal-heavytail,0.5,3,serial,0.19137,0.50287,0.31150,0.76550,18,79,398
16,4,8,200,lognormal-heavytail,0.5,3,cb,0.24350,0.24350,0.00000,0.97400,5,40,511
16,4,8,200,lognormal-heavytail,0.5,3,stepaware,0.28587,0.28587,0.00000,1.14350,5,40,579
16,4,8,200,lognormal-heavytail,0.5,4,serial,0.22450,0.74787,0.52337,0.89800,36,109,453
16,4,8,200,lognormal-heavytail,0.5,4,cb,0.11769,0.11769,0.00000,0.47075,5,35,234
16,4,8,200,lognormal-heavytail,0.5,4,stepaware,0.06438,0.06438,0.00000,0.25750,4,26,149
16,4,8,200,lognormal-heavytail,0.9,0,serial,0.19450,0.63787,0.44337,0.77800,62,122,418
16,4,8,200,lognormal-heavytail,0.9,0,cb,0.12325,0.12325,0.00000,0.49300,5,32,279
16,4,8,200,lognormal-heavytail,0.9,0,stepaware,0.16175,0.16175,0.00000,0.64700,5,39,321
16,4,8,200,lognormal-heavytail,0.9,1,serial,0.09494,0.14225,0.04731,0.37975,8,53,193
16,4,8,200,lognormal-heavytail,0.9,1,cb,0.36431,0.36431,0.00000,1.45725,5,37,770
16,4,8,200,lognormal-heavytail,0.9,1,stepaware,0.54206,0.54206,0.00000,2.16825,5,38,1133
16,4,8,200,lognormal-heavytail,0.9,2,serial,0.16656,0.39787,0.23131,0.66625,14,135,354
16,4,8,200,lognormal-heavytail,0.9,2,cb,0.56356,0.56356,0.00000,2.25425,6,38,1218
16,4,8,200,lognormal-heavytail,0.9,2,stepaware,0.24950,0.24950,0.00000,0.99800,5,33,524
16,4,8,200,lognormal-heavytail,0.9,3,serial,0.24038,0.86831,0.62794,0.96150,40,103,521
16,4,8,200,lognormal-heavytail,0.9,3,cb,0.54063,0.54063,0.00000,2.16250,5,41,1149
16,4,8,200,lognormal-heavytail,0.9,3,stepaware,0.53925,0.53925,0.00000,2.15700,5,43,1082
16,4,8,200,lognormal-heavytail,0.9,4,serial,0.03712,0.07125,0.03412,0.14850,13,41,87
16,4,8,200,lognormal-heavytail,0.9,4,cb,0.74556,0.74556,0.00000,2.98225,7,46,1500
16,4,8,200,lognormal-heavytail,0.9,4,stepaware,0.33681,0.33681,0.00000,1.34725,5,34,721
16,4,32,50,exponential,0.0,0,serial,0.24975,0.99744,0.74769,0.99900,337,594,156
16,4,32,50,exponential,0.0,0,cb,0.99606,0.99606,0.00000,3.98425,77,220,472
16,4,32,50,exponential,0.0,0,stepaware,0.99669,0.99669,0.00000,3.98675,35,562,512
16,4,32,50,exponential,0.0,1,serial,0.24994,0.99900,0.74906,0.99975,456,694,118
16,4,32,50,exponential,0.0,1,cb,0.99875,0.99875,0.00000,3.99500,80,212,462
16,4,32,50,exponential,0.0,1,stepaware,0.99825,0.99825,0.00000,3.99300,33,657,528
16,4,32,50,exponential,0.0,2,serial,0.25000,0.99962,0.74962,1.00000,415,595,132
16,4,32,50,exponential,0.0,2,cb,0.99750,0.99750,0.00000,3.99000,65,184,541
16,4,32,50,exponential,0.0,2,stepaware,0.99813,0.99813,0.00000,3.99250,33,718,539
16,4,32,50,exponential,0.0,3,serial,0.24988,0.99875,0.74887,0.99950,461,645,127
16,4,32,50,exponential,0.0,3,cb,0.99619,0.99619,0.00000,3.98475,78,236,481
16,4,32,50,exponential,0.0,3,stepaware,0.99825,0.99825,0.00000,3.99300,36,478,514
16,4,32,50,exponential,0.0,4,serial,0.24969,0.99619,0.74650,0.99875,470,816,116
16,4,32,50,exponential,0.0,4,cb,0.99519,0.99519,0.00000,3.98075,73,239,483
16,4,32,50,exponential,0.0,4,stepaware,0.99762,0.99762,0.00000,3.99050,34,520,558
16,4,32,50,exponential,0.5,0,serial,0.25000,0.96588,0.71588,1.00000,234,747,134
16,4,32,50,exponential,0.5,0,cb,0.99156,0.99156,0.00000,3.96625,77,205,502
16,4,32,50,exponential,0.5,0,stepaware,0.99831,0.99831,0.00000,3.99325,34,576,532
16,4,32,50,exponential,0.5,1,serial,0.24994,0.99875,0.74881,0.99975,323,644,143
16,4,32,50,exponential,0.5,1,cb,0.98594,0.98594,0.00000,3.94375,63,197,528
16,4,32,50,exponential,0.5,1,stepaware,0.99706,0.99706,0.00000,3.98825,34,764,544
16,4,32,50,exponential,0.5,2,serial,0.24975,0.99850,0.74875,0.99900,416,714,120
16,4,32,50,exponential,0.5,2,cb,0.95869,0.95869,0.00000,3.83475,47,195,487
16,4,32,50,exponential,0.5,2,stepaware,0.99831,0.99831,0.00000,3.99325,34,741,515
16,4,32,50,exponential,0.5,3,serial,0.24994,0.99644,0.74650,0.99975,440,788,124
16,4,32,50,exponential,0.5,3,cb,0.99544,0.99544,0.00000,3.98175,80,236,466
16,4,32,50,exponential,0.5,3,stepaware,0.95006,0.95006,0.00000,3.80025,31,1129,463
16,4,32,50,exponential,0.5,4,serial,0.24975,0.99750,0.74775,0.99900,366,811,134
16,4,32,50,exponential,0.5,4,cb,0.99325,0.99325,0.00000,3.97300,70,212,508
16,4,32,50,exponential,0.5,4,stepaware,0.97050,0.97050,0.00000,3.88200,33,235,516
16,4,32,50,exponential,0.9,0,serial,0.24994,0.99875,0.74881,0.99975,356,527,145
16,4,32,50,exponential,0.9,0,cb,0.99469,0.99469,0.00000,3.97875,75,227,510
16,4,32,50,exponential,0.9,0,stepaware,0.99094,0.99094,0.00000,3.96375,35,493,511
16,4,32,50,exponential,0.9,1,serial,0.24994,0.99819,0.74825,0.99975,429,878,112
16,4,32,50,exponential,0.9,1,cb,0.99462,0.99462,0.00000,3.97850,66,190,532
16,4,32,50,exponential,0.9,1,stepaware,0.99713,0.99713,0.00000,3.98850,31,718,520
16,4,32,50,exponential,0.9,2,serial,0.24994,0.99894,0.74900,0.99975,418,738,119
16,4,32,50,exponential,0.9,2,cb,0.99225,0.99225,0.00000,3.96900,69,184,514
16,4,32,50,exponential,0.9,2,stepaware,0.99831,0.99831,0.00000,3.99325,36,1114,498
16,4,32,50,exponential,0.9,3,serial,0.24844,0.98425,0.73581,0.99375,354,690,129
16,4,32,50,exponential,0.9,3,cb,0.52950,0.52950,0.00000,2.11800,24,139,297
16,4,32,50,exponential,0.9,3,stepaware,0.77738,0.77738,0.00000,3.10950,25,186,376
16,4,32,50,exponential,0.9,4,serial,0.24956,0.99781,0.74825,0.99825,396,590,129
16,4,32,50,exponential,0.9,4,cb,0.92756,0.92756,0.00000,3.71025,37,137,536
16,4,32,50,exponential,0.9,4,stepaware,0.89206,0.89206,0.00000,3.56825,27,198,469
16,4,32,50,lognormal-heavytail,0.0,0,serial,0.25000,0.99862,0.74862,1.00000,482,905,119
16,4,32,50,lognormal-heavytail,0.0,0,cb,0.99675,0.99675,0.00000,3.98700,75,228,488
16,4,32,50,lognormal-heavytail,0.0,0,stepaware,0.99781,0.99781,0.00000,3.99125,31,452,541
16,4,32,50,lognormal-heavytail,0.0,1,serial,0.24963,0.99681,0.74719,0.99850,392,610,137
16,4,32,50,lognormal-heavytail,0.0,1,cb,0.98662,0.98662,0.00000,3.94650,74,209,494
16,4,32,50,lognormal-heavytail,0.0,1,stepaware,0.99719,0.99719,0.00000,3.98875,35,537,538
16,4,32,50,lognormal-heavytail,0.0,2,serial,0.25000,0.99831,0.74831,1.00000,500,1002,111
16,4,32,50,lognormal-heavytail,0.0,2,cb,0.99675,0.99675,0.00000,3.98700,70,193,511
16,4,32,50,lognormal-heavytail,0.0,2,stepaware,0.99775,0.99775,0.00000,3.99100,34,776,526
16,4,32,50,lognormal-heavytail,0.0,3,serial,0.24975,0.99713,0.74738,0.99900,470,905,121
16,4,32,50,lognormal-heavytail,0.0,3,cb,0.99613,0.99613,0.00000,3.98450,69,189,515
16,4,32,50,lognormal-heavytail,0.0,3,stepaware,0.99906,0.99906,0.00000,3.99625,32,758,510
16,4,32,50,lognormal-heavytail,0.0,4,serial,0.24969,0.99750,0.74781,0.99875,374,798,131
16,4,32,50,lognormal-heavytail,0.0,4,cb,0.99644,0.99644,0.00000,3.98575,60,189,535
16,4,32,50,lognormal-heavytail,0.0,4,stepaware,0.99825,0.99825,0.00000,3.99300,31,628,562
16,4,32,50,lognormal-heavytail,0.5,0,serial,0.24113,0.94712,0.70600,0.96450,348,638,132
16,4,32,50,lognormal-heavytail,0.5,0,cb,0.99487,0.99487,0.00000,3.97950,77,202,472
16,4,32,50,lognormal-heavytail,0.5,0,stepaware,0.99913,0.99913,0.00000,3.99650,36,1010,488
16,4,32,50,lognormal-heavytail,0.5,1,serial,0.24975,0.99744,0.74769,0.99900,447,774,110
16,4,32,50,lognormal-heavytail,0.5,1,cb,0.66487,0.66487,0.00000,2.65950,33,181,306
16,4,32,50,lognormal-heavytail,0.5,1,stepaware,0.99869,0.99869,0.00000,3.99475,30,1009,547
16,4,32,50,lognormal-heavytail,0.5,2,serial,0.25000,0.99950,0.74950,1.00000,361,646,152
16,4,32,50,lognormal-heavytail,0.5,2,cb,0.23750,0.23750,0.00000,0.95000,38,149,115
16,4,32,50,lognormal-heavytail,0.5,2,stepaware,0.84162,0.84162,0.00000,3.36650,32,645,424
16,4,32,50,lognormal-heavytail,0.5,3,serial,0.24969,0.99738,0.74769,0.99875,545,855,107
16,4,32,50,lognormal-heavytail,0.5,3,cb,0.99613,0.99613,0.00000,3.98450,65,181,516
16,4,32,50,lognormal-heavytail,0.5,3,stepaware,0.99887,0.99887,0.00000,3.99550,36,810,519
16,4,32,50,lognormal-heavytail,0.5,4,serial,0.24969,0.99819,0.74850,0.99875,333,614,144
16,4,32,50,lognormal-heavytail,0.5,4,cb,0.99031,0.99031,0.00000,3.96125,55,189,497
16,4,32,50,lognormal-heavytail,0.5,4,stepaware,0.99731,0.99731,0.00000,3.98925,34,583,540
16,4,32,50,lognormal-heavytail,0.9,0,serial,0.24988,0.99856,0.74869,0.99950,412,806,117
16,4,32,50,lognormal-heavytail,0.9,0,cb,0.70400,0.70400,0.00000,2.81600,29,162,357
16,4,32,50,lognormal-heavytail,0.9,0,stepaware,0.78875,0.78875,0.00000,3.15500,27,203,400
16,4,32,50,lognormal-heavytail,0.9,1,serial,0.24988,0.99862,0.74875,0.99950,380,704,111
16,4,32,50,lognormal-heavytail,0.9,1,cb,0.88981,0.88981,0.00000,3.55925,38,156,457
16,4,32,50,lognormal-heavytail,0.9,1,stepaware,0.99725,0.99725,0.00000,3.98900,33,838,532
16,4,32,50,lognormal-heavytail,0.9,2,serial,0.25000,0.99831,0.74831,1.00000,377,773,116
16,4,32,50,lognormal-heavytail,0.9,2,cb,0.99087,0.99087,0.00000,3.96350,58,161,504
16,4,32,50,lognormal-heavytail,0.9,2,stepaware,0.99725,0.99725,0.00000,3.98900,29,511,586
16,4,32,50,lognormal-heavytail,0.9,3,serial,0.24988,0.99781,0.74794,0.99950,394,652,122
16,4,32,50,lognormal-heavytail,0.9,3,cb,0.83731,0.83731,0.00000,3.34925,36,166,436
16,4,32,50,lognormal-heavytail,0.9,3,stepaware,0.99381,0.99381,0.00000,3.97525,36,1135,518
16,4,32,50,lognormal-heavytail,0.9,4,serial,0.24994,0.99719,0.74725,0.99975,340,618,130
16,4,32,50,lognormal-heavytail,0.9,4,cb,0.72569,0.72569,0.00000,2.90275,30,140,383
16,4,32,50,lognormal-heavytail,0.9,4,stepaware,0.99881,0.99881,0.00000,3.99525,33,670,554
16,4,32,200,exponential,0.0,0,serial,0.24975,0.99669,0.74694,0.99900,297,546,122
16,4,32,200,exponential,0.0,0,cb,0.55775,0.55775,0.00000,2.23100,26,150,281
16,4,32,200,exponential,0.0,0,stepaware,0.54494,0.54494,0.00000,2.17975,25,145,264
16,4,32,200,exponential,0.0,1,serial,0.24819,0.99075,0.74256,0.99275,267,552,139
16,4,32,200,exponential,0.0,1,cb,0.60731,0.60731,0.00000,2.42925,28,157,292
16,4,32,200,exponential,0.0,1,stepaware,0.56050,0.56050,0.00000,2.24200,20,169,283
16,4,32,200,exponential,0.0,2,serial,0.24631,0.96631,0.72000,0.98525,276,484,130
16,4,32,200,exponential,0.0,2,cb,0.57913,0.57913,0.00000,2.31650,25,150,295
16,4,32,200,exponential,0.0,2,stepaware,0.63581,0.63581,0.00000,2.54325,22,170,312
16,4,32,200,exponential,0.0,3,serial,0.24813,0.98050,0.73237,0.99250,343,593,126
16,4,32,200,exponential,0.0,3,cb,0.53575,0.53575,0.00000,2.14300,23,141,256
16,4,32,200,exponential,0.0,3,stepaware,0.55169,0.55169,0.00000,2.20675,26,153,254
16,4,32,200,exponential,0.0,4,serial,0.24988,0.98913,0.73925,0.99950,342,649,119
16,4,32,200,exponential,0.0,4,cb,0.54131,0.54131,0.00000,2.16525,26,180,285
16,4,32,200,exponential,0.0,4,stepaware,0.53631,0.53631,0.00000,2.14525,23,159,275
16,4,32,200,exponential,0.5,0,serial,0.24888,0.99125,0.74238,0.99550,321,536,130
16,4,32,200,exponential,0.5,0,cb,0.70813,0.70813,0.00000,2.83250,27,177,344
16,4,32,200,exponential,0.5,0,stepaware,0.54244,0.54244,0.00000,2.16975,22,166,278
16,4,32,200,exponential,0.5,1,serial,0.24975,0.99594,0.74619,0.99900,286,432,135
16,4,32,200,exponential,0.5,1,cb,0.76169,0.76169,0.00000,3.04675,33,152,373
16,4,32,200,exponential,0.5,1,stepaware,0.92106,0.92106,0.00000,3.68425,33,259,444
16,4,32,200,exponential,0.5,2,serial,0.24938,0.99469,0.74531,0.99750,348,524,133
16,4,32,200,exponential,0.5,2,cb,0.67312,0.67312,0.00000,2.69250,21,140,369
16,4,32,200,exponential,0.5,2,stepaware,0.87469,0.87469,0.00000,3.49875,32,198,411
16,4,32,200,exponential,0.5,3,serial,0.24806,0.94688,0.69881,0.99225,221,596,129
16,4,32,200,exponential,0.5,3,cb,0.57050,0.57050,0.00000,2.28200,26,160,263
16,4,32,200,exponential,0.5,3,stepaware,0.71944,0.71944,0.00000,2.87775,25,173,359
16,4,32,200,exponential,0.5,4,serial,0.24981,0.98838,0.73856,0.99925,300,648,106
16,4,32,200,exponential,0.5,4,cb,0.68363,0.68363,0.00000,2.73450,26,149,337
16,4,32,200,exponential,0.5,4,stepaware,0.47619,0.47619,0.00000,1.90475,24,164,244
16,4,32,200,exponential,0.9,0,serial,0.19294,0.55825,0.36531,0.77175,87,474,97
16,4,32,200,exponential,0.9,0,cb,0.91556,0.91556,0.00000,3.66225,39,176,453
16,4,32,200,exponential,0.9,0,stepaware,0.88925,0.88925,0.00000,3.55700,31,202,442
16,4,32,200,exponential,0.9,1,serial,0.23400,0.75438,0.52038,0.93600,137,568,115
16,4,32,200,exponential,0.9,1,cb,0.82962,0.82962,0.00000,3.31850,61,192,412
16,4,32,200,exponential,0.9,1,stepaware,0.63331,0.63331,0.00000,2.53325,23,133,323
16,4,32,200,exponential,0.9,2,serial,0.22356,0.77612,0.55256,0.89425,108,371,129
16,4,32,200,exponential,0.9,2,cb,0.90106,0.90106,0.00000,3.60425,40,164,437
16,4,32,200,exponential,0.9,2,stepaware,0.74731,0.74731,0.00000,2.98925,28,164,379
16,4,32,200,exponential,0.9,3,serial,0.24350,0.94356,0.70006,0.97400,242,767,112
16,4,32,200,exponential,0.9,3,cb,0.60231,0.60231,0.00000,2.40925,23,196,326
16,4,32,200,exponential,0.9,3,stepaware,0.71394,0.71394,0.00000,2.85575,28,155,359
16,4,32,200,exponential,0.9,4,serial,0.23769,0.91731,0.67962,0.95075,302,558,98
16,4,32,200,exponential,0.9,4,cb,0.44806,0.44806,0.00000,1.79225,21,158,228
16,4,32,200,exponential,0.9,4,stepaware,0.69325,0.69325,0.00000,2.77300,25,154,348
16,4,32,200,lognormal-heavytail,0.0,0,serial,0.24806,0.98706,0.73900,0.99225,358,787,111
16,4,32,200,lognormal-heavytail,0.0,0,cb,0.60037,0.60037,0.00000,2.40150,26,182,299
16,4,32,200,lognormal-heavytail,0.0,0,stepaware,0.51738,0.51738,0.00000,2.06950,26,142,271
16,4,32,200,lognormal-heavytail,0.0,1,serial,0.24894,0.98394,0.73500,0.99575,265,424,127
16,4,32,200,lognormal-heavytail,0.0,1,cb,0.61100,0.61100,0.00000,2.44400,23,160,307
16,4,32,200,lognormal-heavytail,0.0,1,stepaware,0.57550,0.57550,0.00000,2.30200,24,148,283
16,4,32,200,lognormal-heavytail,0.0,2,serial,0.24981,0.99156,0.74175,0.99925,392,527,109
16,4,32,200,lognormal-heavytail,0.0,2,cb,0.53744,0.53744,0.00000,2.14975,20,127,295
16,4,32,200,lognormal-heavytail,0.0,2,stepaware,0.51869,0.51869,0.00000,2.07475,23,168,262
16,4,32,200,lognormal-heavytail,0.0,3,serial,0.24719,0.97194,0.72475,0.98875,256,631,136
16,4,32,200,lognormal-heavytail,0.0,3,cb,0.62281,0.62281,0.00000,2.49125,26,153,308
16,4,32,200,lognormal-heavytail,0.0,3,stepaware,0.55769,0.55769,0.00000,2.23075,21,190,301
16,4,32,200,lognormal-heavytail,0.0,4,serial,0.24925,0.99006,0.74081,0.99700,309,513,130
16,4,32,200,lognormal-heavytail,0.0,4,cb,0.58606,0.58606,0.00000,2.34425,24,130,313
16,4,32,200,lognormal-heavytail,0.0,4,stepaware,0.58006,0.58006,0.00000,2.32025,25,159,268
16,4,32,200,lognormal-heavytail,0.5,0,serial,0.24950,0.99519,0.74569,0.99800,364,605,129
16,4,32,200,lognormal-heavytail,0.5,0,cb,0.36756,0.36756,0.00000,1.47025,23,136,166
16,4,32,200,lognormal-heavytail,0.5,0,stepaware,0.14125,0.14125,0.00000,0.56500,25,180,70
16,4,32,200,lognormal-heavytail,0.5,1,serial,0.24888,0.98525,0.73638,0.99550,369,631,116
16,4,32,200,lognormal-heavytail,0.5,1,cb,0.83581,0.83581,0.00000,3.34325,32,159,437
16,4,32,200,lognormal-heavytail,0.5,1,stepaware,0.91200,0.91200,0.00000,3.64800,28,218,458
16,4,32,200,lognormal-heavytail,0.5,2,serial,0.24813,0.98819,0.74006,0.99250,349,556,128
16,4,32,200,lognormal-heavytail,0.5,2,cb,0.77638,0.77638,0.00000,3.10550,27,143,413
16,4,32,200,lognormal-heavytail,0.5,2,stepaware,0.49825,0.49825,0.00000,1.99300,25,143,253
16,4,32,200,lognormal-heavytail,0.5,3,serial,0.22650,0.87281,0.64631,0.90600,383,672,112
16,4,32,200,lognormal-heavytail,0.5,3,cb,0.63506,0.63506,0.00000,2.54025,28,166,307
16,4,32,200,lognormal-heavytail,0.5,3,stepaware,0.77912,0.77912,0.00000,3.11650,26,144,406
16,4,32,200,lognormal-heavytail,0.5,4,serial,0.23650,0.84713,0.61062,0.94600,174,381,112
16,4,32,200,lognormal-heavytail,0.5,4,cb,0.59850,0.59850,0.00000,2.39400,26,161,295
16,4,32,200,lognormal-heavytail,0.5,4,stepaware,0.42844,0.42844,0.00000,1.71375,23,142,210
16,4,32,200,lognormal-heavytail,0.9,0,serial,0.24925,0.98738,0.73813,0.99700,328,592,116
16,4,32,200,lognormal-heavytail,0.9,0,cb,0.98062,0.98062,0.00000,3.92250,78,236,490
16,4,32,200,lognormal-heavytail,0.9,0,stepaware,0.58269,0.58269,0.00000,2.33075,27,181,288
16,4,32,200,lognormal-heavytail,0.9,1,serial,0.24825,0.96856,0.72031,0.99300,210,379,122
16,4,32,200,lognormal-heavytail,0.9,1,cb,0.95794,0.95794,0.00000,3.83175,52,196,489
16,4,32,200,lognormal-heavytail,0.9,1,stepaware,0.91431,0.91431,0.00000,3.65725,27,184,521
16,4,32,200,lognormal-heavytail,0.9,2,serial,0.14600,0.41931,0.27331,0.58400,91,608,79
16,4,32,200,lognormal-heavytail,0.9,2,cb,0.35231,0.35231,0.00000,1.40925,20,131,204
16,4,32,200,lognormal-heavytail,0.9,2,stepaware,0.69894,0.69894,0.00000,2.79575,24,157,374
16,4,32,200,lognormal-heavytail,0.9,3,serial,0.24888,0.96662,0.71775,0.99550,239,717,112
16,4,32,200,lognormal-heavytail,0.9,3,cb,0.82112,0.82112,0.00000,3.28450,34,162,418
16,4,32,200,lognormal-heavytail,0.9,3,stepaware,0.42506,0.42506,0.00000,1.70025,19,162,234
16,4,32,200,lognormal-heavytail,0.9,4,serial,0.24494,0.92769,0.68275,0.97975,230,595,138
16,4,32,200,lognormal-heavytail,0.9,4,cb,0.99400,0.99400,0.00000,3.97600,91,211,504
16,4,32,200,lognormal-heavytail,0.9,4,stepaware,0.60488,0.60488,0.00000,2.41950,23,170,285
16,8,8,50,exponential,0.0,0,serial,0.12431,0.91728,0.79297,0.99450,65,148,535
16,8,8,50,exponential,0.0,0,cb,0.27034,0.27034,0.00000,2.16275,5,37,1146
16,8,8,50,exponential,0.0,0,stepaware,0.26981,0.26981,0.00000,2.15850,5,36,1139
16,8,8,50,exponential,0.0,1,serial,0.12487,0.89753,0.77266,0.99900,60,152,548
16,8,8,50,exponential,0.0,1,cb,0.26266,0.26266,0.00000,2.10125,5,31,1146
16,8,8,50,exponential,0.0,1,stepaware,0.27678,0.27678,0.00000,2.21425,5,40,1110
16,8,8,50,exponential,0.0,2,serial,0.12456,0.93691,0.81234,0.99650,66,157,508
16,8,8,50,exponential,0.0,2,cb,0.27391,0.27391,0.00000,2.19125,5,34,1174
16,8,8,50,exponential,0.0,2,stepaware,0.27713,0.27713,0.00000,2.21700,6,34,1129
16,8,8,50,exponential,0.0,3,serial,0.12497,0.92619,0.80122,0.99975,67,125,561
16,8,8,50,exponential,0.0,3,cb,0.28184,0.28184,0.00000,2.25475,5,33,1147
16,8,8,50,exponential,0.0,3,stepaware,0.28628,0.28628,0.00000,2.29025,5,36,1149
16,8,8,50,exponential,0.0,4,serial,0.12491,0.95266,0.82775,0.99925,77,155,493
16,8,8,50,exponential,0.0,4,cb,0.25266,0.25266,0.00000,2.02125,5,33,1139
16,8,8,50,exponential,0.0,4,stepaware,0.27656,0.27656,0.00000,2.21250,5,35,1142
16,8,8,50,exponential,0.5,0,serial,0.11253,0.51144,0.39891,0.90025,36,99,438
16,8,8,50,exponential,0.5,0,cb,0.27359,0.27359,0.00000,2.18875,5,39,1155
16,8,8,50,exponential,0.5,0,stepaware,0.41528,0.41528,0.00000,3.32225,5,35,1812
16,8,8,50,exponential,0.5,1,serial,0.12472,0.98862,0.86391,0.99775,79,163,536
16,8,8,50,exponential,0.5,1,cb,0.18134,0.18134,0.00000,1.45075,5,39,715
16,8,8,50,exponential,0.5,1,stepaware,0.25991,0.25991,0.00000,2.07925,5,33,1120
16,8,8,50,exponential,0.5,2,serial,0.11075,0.50787,0.39712,0.88600,30,158,449
16,8,8,50,exponential,0.5,2,cb,0.12437,0.12437,0.00000,0.99500,5,33,518
16,8,8,50,exponential,0.5,2,stepaware,0.45563,0.45563,0.00000,3.64500,5,34,1882
16,8,8,50,exponential,0.5,3,serial,0.12422,0.86406,0.73984,0.99375,60,146,520
16,8,8,50,exponential,0.5,3,cb,0.37738,0.37738,0.00000,3.01900,5,37,1604
16,8,8,50,exponential,0.5,3,stepaware,0.46834,0.46834,0.00000,3.74675,5,37,2007
16,8,8,50,exponential,0.5,4,serial,0.12228,0.74544,0.62316,0.97825,49,141,502
16,8,8,50,exponential,0.5,4,cb,0.32884,0.32884,0.00000,2.63075,5,34,1377
16,8,8,50,exponential,0.5,4,stepaware,0.45406,0.45406,0.00000,3.63250,5,38,1919
16,8,8,50,exponential,0.9,0,serial,0.11578,0.52847,0.41269,0.92625,30,123,503
16,8,8,50,exponential,0.9,0,cb,0.19066,0.19066,0.00000,1.52525,5,36,827
16,8,8,50,exponential,0.9,0,stepaware,0.39703,0.39703,0.00000,3.17625,5,34,1617
16,8,8,50,exponential,0.9,1,serial,0.12150,0.72844,0.60694,0.97200,47,124,536
16,8,8,50,exponential,0.9,1,cb,0.28322,0.28322,0.00000,2.26575,5,39,1189
16,8,8,50,exponential,0.9,1,stepaware,0.37834,0.37834,0.00000,3.02675,5,39,1595
16,8,8,50,exponential,0.9,2,serial,0.12425,0.89041,0.76616,0.99400,66,163,494
16,8,8,50,exponential,0.9,2,cb,0.73122,0.73122,0.00000,5.84975,8,40,2980
16,8,8,50,exponential,0.9,2,stepaware,0.51106,0.51106,0.00000,4.08850,5,41,2106
16,8,8,50,exponential,0.9,3,serial,0.09928,0.36216,0.26288,0.79425,22,125,404
16,8,8,50,exponential,0.9,3,cb,0.16556,0.16556,0.00000,1.32450,5,35,715
16,8,8,50,exponential,0.9,3,stepaware,0.18109,0.18109,0.00000,1.44875,6,38,701
16,8,8,50,exponential,0.9,4,serial,0.08531,0.34766,0.26234,0.68250,25,168,360
16,8,8,50,exponential,0.9,4,cb,0.19775,0.19775,0.00000,1.58200,5,31,867
16,8,8,50,exponential,0.9,4,stepaware,0.25822,0.25822,0.00000,2.06575,5,35,1086
16,8,8,50,lognormal-heavytail,0.0,0,serial,0.12494,0.93759,0.81266,0.99950,64,143,558
16,8,8,50,lognormal-heavytail,0.0,0,cb,0.25844,0.25844,0.00000,2.06750,5,34,1083
16,8,8,50,lognormal-heavytail,0.0,0,stepaware,0.27072,0.27072,0.00000,2.16575,5,40,1117
16,8,8,50,lognormal-heavytail,0.0,1,serial,0.12478,0.89112,0.76634,0.99825,55,158,570
16,8,8,50,lognormal-heavytail,0.0,1,cb,0.28734,0.28734,0.00000,2.29875,5,37,1181
16,8,8,50,lognormal-heavytail,0.0,1,stepaware,0.27137,0.27137,0.00000,2.17100,5,38,1141
16,8,8,50,lognormal-heavytail,0.0,2,serial,0.12500,0.94878,0.82378,1.00000,75,146,502
16,8,8,50,lognormal-heavytail,0.0,2,cb,0.29166,0.29166,0.00000,2.33325,5,36,1212
16,8,8,50,lognormal-heavytail,0.0,2,stepaware,0.28753,0.28753,0.00000,2.30025,6,40,1116
16,8,8,50,lognormal-heavytail,0.0,3,serial,0.12491,0.96566,0.84075,0.99925,75,165,507
16,8,8,50,lognormal-heavytail,0.0,3,cb,0.28831,0.28831,0.00000,2.30650,5,33,1202
16,8,8,50,lognormal-heavytail,0.0,3,stepaware,0.28031,0.28031,0.00000,2.24250,5,33,1220
16,8,8,50,lognormal-heavytail,0.0,4,serial,0.12494,0.96913,0.84419,0.99950,76,178,504
16,8,8,50,lognormal-heavytail,0.0,4,cb,0.26850,0.26850,0.00000,2.14800,5,37,1170
16,8,8,50,lognormal-heavytail,0.0,4,stepaware,0.26050,0.26050,0.00000,2.08400,5,34,1137
16,8,8,50,lognormal-heavytail,0.5,0,serial,0.12478,0.94084,0.81606,0.99825,72,148,504
16,8,8,50,lognormal-heavytail,0.5,0,cb,0.24003,0.24003,0.00000,1.92025,5,39,964
16,8,8,50,lognormal-heavytail,0.5,0,stepaware,0.14734,0.14734,0.00000,1.17875,5,43,571
16,8,8,50,lognormal-heavytail,0.5,1,serial,0.12400,0.76287,0.63887,0.99200,45,107,547
16,8,8,50,lognormal-heavytail,0.5,1,cb,0.32084,0.32084,0.00000,2.56675,5,35,1359
16,8,8,50,lognormal-heavytail,0.5,1,stepaware,0.20481,0.20481,0.00000,1.63850,5,39,859
16,8,8,50,lognormal-heavytail,0.5,2,serial,0.12487,0.95125,0.82638,0.99900,67,154,547
16,8,8,50,lognormal-heavytail,0.5,2,cb,0.39694,0.39694,0.00000,3.17550,5,37,1671
16,8,8,50,lognormal-heavytail,0.5,2,stepaware,0.22356,0.22356,0.00000,1.78850,5,37,923
16,8,8,50,lognormal-heavytail,0.5,3,serial,0.12441,0.78491,0.66050,0.99525,53,133,495
16,8,8,50,lognormal-heavytail,0.5,3,cb,0.39803,0.39803,0.00000,3.18425,5,35,1705
16,8,8,50,lognormal-heavytail,0.5,3,stepaware,0.47572,0.47572,0.00000,3.80575,5,36,1886
16,8,8,50,lognormal-heavytail,0.5,4,serial,0.12447,0.87238,0.74791,0.99575,70,158,514
16,8,8,50,lognormal-heavytail,0.5,4,cb,0.42794,0.42794,0.00000,3.42350,5,34,1844
16,8,8,50,lognormal-heavytail,0.5,4,stepaware,0.44541,0.44541,0.00000,3.56325,5,37,1892
16,8,8,50,lognormal-heavytail,0.9,0,serial,0.12422,0.91550,0.79128,0.99375,70,164,496
16,8,8,50,lognormal-heavytail,0.9,0,cb,0.09372,0.09372,0.00000,0.74975,5,34,411
16,8,8,50,lognormal-heavytail,0.9,0,stepaware,0.79978,0.79978,0.00000,6.39825,5,37,3318
16,8,8,50,lognormal-heavytail,0.9,1,serial,0.09669,0.49547,0.39878,0.77350,60,159,364
16,8,8,50,lognormal-heavytail,0.9,1,cb,0.38447,0.38447,0.00000,3.07575,5,35,1596
16,8,8,50,lognormal-heavytail,0.9,1,stepaware,0.47022,0.47022,0.00000,3.76175,5,36,1978
16,8,8,50,lognormal-heavytail,0.9,2,serial,0.11575,0.58194,0.46619,0.92600,37,150,461
16,8,8,50,lognormal-heavytail,0.9,2,cb,0.09247,0.09247,0.00000,0.73975,5,29,407
16,8,8,50,lognormal-heavytail,0.9,2,stepaware,0.39169,0.39169,0.00000,3.13350,5,40,1578
16,8,8,50,lognormal-heavytail,0.9,3,serial,0.12481,0.90453,0.77972,0.99850,62,170,522
16,8,8,50,lognormal-heavytail,0.9,3,cb,0.43622,0.43622,0.00000,3.48975,5,35,1874
16,8,8,50,lognormal-heavytail,0.9,3,stepaware,0.35819,0.35819,0.00000,2.86550,5,34,1549
16,8,8,50,lognormal-heavytail,0.9,4,serial,0.12450,0.86597,0.74147,0.99600,57,139,563
16,8,8,50,lognormal-heavytail,0.9,4,cb,0.15528,0.15528,0.00000,1.24225,5,34,695
16,8,8,50,lognormal-heavytail,0.9,4,stepaware,0.53247,0.53247,0.00000,4.25975,5,37,2203
16,8,8,200,exponential,0.0,0,serial,0.06869,0.13728,0.06859,0.54950,11,61,301
16,8,8,200,exponential,0.0,0,cb,0.07366,0.07366,0.00000,0.58925,5,30,342
16,8,8,200,exponential,0.0,0,stepaware,0.07919,0.07919,0.00000,0.63350,6,42,289
16,8,8,200,exponential,0.0,1,serial,0.06647,0.13216,0.06569,0.53175,10,64,286
16,8,8,200,exponential,0.0,1,cb,0.07600,0.07600,0.00000,0.60800,5,31,306
16,8,8,200,exponential,0.0,1,stepaware,0.08184,0.08184,0.00000,0.65475,6,35,334
16,8,8,200,exponential,0.0,2,serial,0.07416,0.14491,0.07075,0.59325,12,57,320
16,8,8,200,exponential,0.0,2,cb,0.06888,0.06888,0.00000,0.55100,4,27,322
16,8,8,200,exponential,0.0,2,stepaware,0.06625,0.06625,0.00000,0.53000,5,37,312
16,8,8,200,exponential,0.0,3,serial,0.07062,0.12775,0.05713,0.56500,10,52,316
16,8,8,200,exponential,0.0,3,cb,0.07244,0.07244,0.00000,0.57950,5,29,330
16,8,8,200,exponential,0.0,3,stepaware,0.08188,0.08188,0.00000,0.65500,5,34,344
16,8,8,200,exponential,0.0,4,serial,0.07528,0.15859,0.08331,0.60225,13,75,300
16,8,8,200,exponential,0.0,4,cb,0.07787,0.07787,0.00000,0.62300,5,37,313
16,8,8,200,exponential,0.0,4,stepaware,0.07450,0.07450,0.00000,0.59600,4,34,336
16,8,8,200,exponential,0.5,0,serial,0.09547,0.31700,0.22153,0.76375,17,117,437
16,8,8,200,exponential,0.5,0,cb,0.10469,0.10469,0.00000,0.83750,5,42,432
16,8,8,200,exponential,0.5,0,stepaware,0.04584,0.04584,0.00000,0.36675,5,45,187
16,8,8,200,exponential,0.5,1,serial,0.08166,0.19106,0.10941,0.65325,12,59,363
16,8,8,200,exponential,0.5,1,cb,0.13922,0.13922,0.00000,1.11375,5,34,607
16,8,8,200,exponential,0.5,1,stepaware,0.10088,0.10088,0.00000,0.80700,6,41,375
16,8,8,200,exponential,0.5,2,serial,0.08631,0.21897,0.13266,0.69050,14,64,370
16,8,8,200,exponential,0.5,2,cb,0.11394,0.11394,0.00000,0.91150,5,42,453
16,8,8,200,exponential,0.5,2,stepaware,0.11809,0.11809,0.00000,0.94475,5,36,502
16,8,8,200,exponential,0.5,3,serial,0.03494,0.05644,0.02150,0.27950,9,42,163
16,8,8,200,exponential,0.5,3,cb,0.06694,0.06694,0.00000,0.53550,6,31,278
16,8,8,200,exponential,0.5,3,stepaware,0.12603,0.12603,0.00000,1.00825,5,30,548
16,8,8,200,exponential,0.5,4,serial,0.09078,0.23716,0.14638,0.72625,17,68,383
16,8,8,200,exponential,0.5,4,cb,0.08378,0.08378,0.00000,0.67025,6,42,322
16,8,8,200,exponential,0.5,4,stepaware,0.11591,0.11591,0.00000,0.92725,4,40,497
16,8,8,200,exponential,0.9,0,serial,0.12225,0.77984,0.65759,0.97800,47,131,571
16,8,8,200,exponential,0.9,0,cb,0.06175,0.06175,0.00000,0.49400,5,34,262
16,8,8,200,exponential,0.9,0,stepaware,0.24469,0.24469,0.00000,1.95750,5,32,1081
16,8,8,200,exponential,0.9,1,serial,0.03144,0.04897,0.01753,0.25150,8,55,139
16,8,8,200,exponential,0.9,1,cb,0.10559,0.10559,0.00000,0.84475,6,37,408
16,8,8,200,exponential,0.9,1,stepaware,0.21028,0.21028,0.00000,1.68225,5,36,934
16,8,8,200,exponential,0.9,2,serial,0.04634,0.09681,0.05047,0.37075,10,96,180
16,8,8,200,exponential,0.9,2,cb,0.08350,0.08350,0.00000,0.66800,6,32,358
16,8,8,200,exponential,0.9,2,stepaware,0.11466,0.11466,0.00000,0.91725,5,40,467
16,8,8,200,exponential,0.9,3,serial,0.09850,0.31094,0.21244,0.78800,18,87,426
16,8,8,200,exponential,0.9,3,cb,0.36200,0.36200,0.00000,2.89600,5,36,1501
16,8,8,200,exponential,0.9,3,stepaware,0.03394,0.03394,0.00000,0.27150,5,32,129
16,8,8,200,exponential,0.9,4,serial,0.05741,0.09009,0.03269,0.45925,9,52,241
16,8,8,200,exponential,0.9,4,cb,0.26456,0.26456,0.00000,2.11650,5,36,1130
16,8,8,200,exponential,0.9,4,stepaware,0.05991,0.05991,0.00000,0.47925,6,46,220
16,8,8,200,lognormal-heavytail,0.0,0,serial,0.07075,0.14963,0.07888,0.56600,12,71,296
16,8,8,200,lognormal-heavytail,0.0,0,cb,0.07766,0.07766,0.00000,0.62125,5,32,315
16,8,8,200,lognormal-heavytail,0.0,0,stepaware,0.08238,0.08238,0.00000,0.65900,5,31,350
16,8,8,200,lognormal-heavytail,0.0,1,serial,0.07503,0.16725,0.09222,0.60025,11,68,322
16,8,8,200,lognormal-heavytail,0.0,1,cb,0.07366,0.07366,0.00000,0.58925,5,30,324
16,8,8,200,lognormal-heavytail,0.0,1,stepaware,0.08753,0.08753,0.00000,0.70025,4,44,389
16,8,8,200,lognormal-heavytail,0.0,2,serial,0.07119,0.14372,0.07253,0.56950,11,57,319
16,8,8,200,lognormal-heavytail,0.0,2,cb,0.07453,0.07453,0.00000,0.59625,5,33,336
16,8,8,200,lognormal-heavytail,0.0,2,stepaware,0.08222,0.08222,0.00000,0.65775,6,35,309
16,8,8,200,lognormal-heavytail,0.0,3,serial,0.07675,0.17022,0.09347,0.61400,11,67,334
16,8,8,200,lognormal-heavytail,0.0,3,cb,0.09069,0.09069,0.00000,0.72550,5,39,352
16,8,8,200,lognormal-heavytail,0.0,3,stepaware,0.08003,0.08003,0.00000,0.64025,5,38,347
16,8,8,200,lognormal-heavytail,0.0,4,serial,0.06969,0.15919,0.08950,0.55750,12,71,292
16,8,8,200,lognormal-heavytail,0.0,4,cb,0.07606,0.07606,0.00000,0.60850,5,39,296
16,8,8,200,lognormal-heavytail,0.0,4,stepaware,0.08013,0.08013,0.00000,0.64100,5,33,339
16,8,8,200,lognormal-heavytail,0.5,0,serial,0.10662,0.40866,0.30203,0.85300,25,105,441
16,8,8,200,lognormal-heavytail,0.5,0,cb,0.12266,0.12266,0.00000,0.98125,5,36,530
16,8,8,200,lognormal-heavytail,0.5,0,stepaware,0.13019,0.13019,0.00000,1.04150,4,34,602
16,8,8,200,lognormal-heavytail,0.5,1,serial,0.08113,0.19081,0.10969,0.64900,12,77,354
16,8,8,200,lognormal-heavytail,0.5,1,cb,0.01266,0.01266,0.00000,0.10125,5,39,51
16,8,8,200,lognormal-heavytail,0.5,1,stepaware,0.13641,0.13641,0.00000,1.09125,5,36,585
16,8,8,200,lognormal-heavytail,0.5,2,serial,0.05525,0.09053,0.03528,0.44200,10,59,227
16,8,8,200,lognormal-heavytail,0.5,2,cb,0.10656,0.10656,0.00000,0.85250,5,31,457
16,8,8,200,lognormal-heavytail,0.5,2,stepaware,0.13359,0.13359,0.00000,1.06875,5,37,608
16,8,8,200,lognormal-heavytail,0.5,3,serial,0.04731,0.06700,0.01969,0.37850,9,51,182
16,8,8,200,lognormal-heavytail,0.5,3,cb,0.08325,0.08325,0.00000,0.66600,5,31,360
16,8,8,200,lognormal-heavytail,0.5,3,stepaware,0.14459,0.14459,0.00000,1.15675,5,36,635
16,8,8,200,lognormal-heavytail,0.5,4,serial,0.08791,0.23903,0.15113,0.70325,15,70,390
16,8,8,200,lognormal-heavytail,0.5,4,cb,0.10750,0.10750,0.00000,0.86000,6,46,434
16,8,8,200,lognormal-heavytail,0.5,4,stepaware,0.13419,0.13419,0.00000,1.07350,5,39,538
16,8,8,200,lognormal-heavytail,0.9,0,serial,0.08113,0.24559,0.16447,0.64900,14,111,354
16,8,8,200,lognormal-heavytail,0.9,0,cb,0.06400,0.06400,0.00000,0.51200,5,34,275
16,8,8,200,lognormal-heavytail,0.9,0,stepaware,0.14725,0.14725,0.00000,1.17800,5,43,587
16,8,8,200,lognormal-heavytail,0.9,1,serial,0.09963,0.36150,0.26187,0.79700,20,164,411
16,8,8,200,lognormal-heavytail,0.9,1,cb,0.16331,0.16331,0.00000,1.30650,5,29,752
16,8,8,200,lognormal-heavytail,0.9,1,stepaware,0.28106,0.28106,0.00000,2.24850,5,36,1220
16,8,8,200,lognormal-heavytail,0.9,2,serial,0.12281,0.84956,0.72675,0.98250,57,136,519
16,8,8,200,lognormal-heavytail,0.9,2,cb,0.32366,0.32366,0.00000,2.58925,5,36,1341
16,8,8,200,lognormal-heavytail,0.9,2,stepaware,0.05709,0.05709,0.00000,0.45675,5,38,232
16,8,8,200,lognormal-heavytail,0.9,3,serial,0.07281,0.15850,0.08569,0.58250,12,65,308
16,8,8,200,lognormal-heavytail,0.9,3,cb,0.18294,0.18294,0.00000,1.46350,5,35,779
16,8,8,200,lognormal-heavytail,0.9,3,stepaware,0.34356,0.34356,0.00000,2.74850,5,38,1401
16,8,8,200,lognormal-heavytail,0.9,4,serial,0.12356,0.94672,0.82316,0.98850,74,148,509
16,8,8,200,lognormal-heavytail,0.9,4,cb,0.06391,0.06391,0.00000,0.51125,5,40,238
16,8,8,200,lognormal-heavytail,0.9,4,stepaware,0.14253,0.14253,0.00000,1.14025,5,32,587
16,8,32,50,exponential,0.0,0,serial,0.12494,0.99609,0.87116,0.99950,461,680,116
16,8,32,50,exponential,0.0,0,cb,0.77206,0.77206,0.00000,6.17650,22,155,750
16,8,32,50,exponential,0.0,0,stepaware,0.74647,0.74647,0.00000,5.97175,21,155,764
16,8,32,50,exponential,0.0,1,serial,0.12500,0.99581,0.87081,1.00000,437,544,131
16,8,32,50,exponential,0.0,1,cb,0.78584,0.78584,0.00000,6.28675,24,151,798
16,8,32,50,exponential,0.0,1,stepaware,0.81459,0.81459,0.00000,6.51675,25,163,791
16,8,32,50,exponential,0.0,2,serial,0.12500,0.99753,0.87253,1.00000,411,704,136
16,8,32,50,exponential,0.0,2,cb,0.78100,0.78100,0.00000,6.24800,23,140,777
16,8,32,50,exponential,0.0,2,stepaware,0.79106,0.79106,0.00000,6.32850,24,151,769
16,8,32,50,exponential,0.0,3,serial,0.12500,0.99678,0.87178,1.00000,484,870,111
16,8,32,50,exponential,0.0,3,cb,0.77906,0.77906,0.00000,6.23250,24,175,760
16,8,32,50,exponential,0.0,3,stepaware,0.77159,0.77159,0.00000,6.17275,22,146,791
16,8,32,50,exponential,0.0,4,serial,0.12491,0.99734,0.87244,0.99925,389,782,142
16,8,32,50,exponential,0.0,4,cb,0.78991,0.78991,0.00000,6.31925,24,167,787
16,8,32,50,exponential,0.0,4,stepaware,0.81959,0.81959,0.00000,6.55675,24,155,787
16,8,32,50,exponential,0.5,0,serial,0.12497,0.99828,0.87331,0.99975,396,878,115
16,8,32,50,exponential,0.5,0,cb,0.87203,0.87203,0.00000,6.97625,26,151,827
16,8,32,50,exponential,0.5,0,stepaware,0.88650,0.88650,0.00000,7.09200,24,151,913
16,8,32,50,exponential,0.5,1,serial,0.12494,0.99616,0.87122,0.99950,344,633,145
16,8,32,50,exponential,0.5,1,cb,0.92856,0.92856,0.00000,7.42850,27,158,957
16,8,32,50,exponential,0.5,1,stepaware,0.53438,0.53438,0.00000,4.27500,20,154,567
16,8,32,50,exponential,0.5,2,serial,0.12487,0.99731,0.87244,0.99900,392,686,144
16,8,32,50,exponential,0.5,2,cb,0.79628,0.79628,0.00000,6.37025,23,160,808
16,8,32,50,exponential,0.5,2,stepaware,0.79797,0.79797,0.00000,6.38375,22,157,824
16,8,32,50,exponential,0.5,3,serial,0.12484,0.97841,0.85356,0.99875,321,540,144
16,8,32,50,exponential,0.5,3,cb,0.63338,0.63338,0.00000,5.06700,19,165,692
16,8,32,50,exponential,0.5,3,stepaware,0.58834,0.58834,0.00000,4.70675,24,151,567
16,8,32,50,exponential,0.5,4,serial,0.12497,0.99750,0.87253,0.99975,424,612,136
16,8,32,50,exponential,0.5,4,cb,0.63347,0.63347,0.00000,5.06775,20,140,673
16,8,32,50,exponential,0.5,4,stepaware,0.85894,0.85894,0.00000,6.87150,23,250,872
16,8,32,50,exponential,0.9,0,serial,0.12481,0.99562,0.87081,0.99850,440,683,110
16,8,32,50,exponential,0.9,0,cb,0.88281,0.88281,0.00000,7.06250,24,148,968
16,8,32,50,exponential,0.9,0,stepaware,0.79559,0.79559,0.00000,6.36475,22,177,799
16,8,32,50,exponential,0.9,1,serial,0.12500,0.98538,0.86038,1.00000,366,972,106
16,8,32,50,exponential,0.9,1,cb,0.94375,0.94375,0.00000,7.55000,31,156,948
16,8,32,50,exponential,0.9,1,stepaware,0.64934,0.64934,0.00000,5.19475,22,138,664
16,8,32,50,exponential,0.9,2,serial,0.12478,0.94619,0.82141,0.99825,261,520,134
16,8,32,50,exponential,0.9,2,cb,0.94128,0.94128,0.00000,7.53025,33,134,922
16,8,32,50,exponential,0.9,2,stepaware,0.96350,0.96350,0.00000,7.70800,28,215,921
16,8,32,50,exponential,0.9,3,serial,0.12500,0.91741,0.79241,1.00000,268,470,138
16,8,32,50,exponential,0.9,3,cb,0.63928,0.63928,0.00000,5.11425,23,166,601
16,8,32,50,exponential,0.9,3,stepaware,0.86159,0.86159,0.00000,6.89275,24,169,866
16,8,32,50,exponential,0.9,4,serial,0.12497,0.98850,0.86353,0.99975,347,537,144
16,8,32,50,exponential,0.9,4,cb,0.67522,0.67522,0.00000,5.40175,25,149,701
16,8,32,50,exponential,0.9,4,stepaware,0.90634,0.90634,0.00000,7.25075,25,212,913
16,8,32,50,lognormal-heavytail,0.0,0,serial,0.12481,0.99516,0.87034,0.99850,385,528,141
16,8,32,50,lognormal-heavytail,0.0,0,cb,0.74309,0.74309,0.00000,5.94475,22,143,800
16,8,32,50,lognormal-heavytail,0.0,0,stepaware,0.75862,0.75862,0.00000,6.06900,23,149,771
16,8,32,50,lognormal-heavytail,0.0,1,serial,0.12487,0.99522,0.87034,0.99900,443,635,134
16,8,32,50,lognormal-heavytail,0.0,1,cb,0.75878,0.75878,0.00000,6.07025,23,153,783
16,8,32,50,lognormal-heavytail,0.0,1,stepaware,0.78997,0.78997,0.00000,6.31975,23,144,800
16,8,32,50,lognormal-heavytail,0.0,2,serial,0.12491,0.99625,0.87134,0.99925,474,724,118
16,8,32,50,lognormal-heavytail,0.0,2,cb,0.74109,0.74109,0.00000,5.92875,22,142,792
16,8,32,50,lognormal-heavytail,0.0,2,stepaware,0.81012,0.81012,0.00000,6.48100,25,159,788
16,8,32,50,lognormal-heavytail,0.0,3,serial,0.12487,0.99672,0.87184,0.99900,450,605,135
16,8,32,50,lognormal-heavytail,0.0,3,cb,0.77787,0.77787,0.00000,6.22300,24,165,781
16,8,32,50,lognormal-heavytail,0.0,3,stepaware,0.78656,0.78656,0.00000,6.29250,24,139,802
16,8,32,50,lognormal-heavytail,0.0,4,serial,0.12500,0.99803,0.87303,1.00000,485,704,123
16,8,32,50,lognormal-heavytail,0.0,4,cb,0.72094,0.72094,0.00000,5.76750,23,133,737
16,8,32,50,lognormal-heavytail,0.0,4,stepaware,0.78044,0.78044,0.00000,6.24350,21,153,803
16,8,32,50,lognormal-heavytail,0.5,0,serial,0.12491,0.99622,0.87131,0.99925,479,702,114
16,8,32,50,lognormal-heavytail,0.5,0,cb,0.94988,0.94988,0.00000,7.59900,29,162,982
16,8,32,50,lognormal-heavytail,0.5,0,stepaware,0.86822,0.86822,0.00000,6.94575,23,174,882
16,8,32,50,lognormal-heavytail,0.5,1,serial,0.12500,0.99694,0.87194,1.00000,330,622,150
16,8,32,50,lognormal-heavytail,0.5,1,cb,0.47734,0.47734,0.00000,3.81875,20,152,486
16,8,32,50,lognormal-heavytail,0.5,1,stepaware,0.88972,0.88972,0.00000,7.11775,24,168,916
16,8,32,50,lognormal-heavytail,0.5,2,serial,0.12500,0.99675,0.87175,1.00000,368,580,133
16,8,32,50,lognormal-heavytail,0.5,2,cb,0.94488,0.94488,0.00000,7.55900,29,146,981
16,8,32,50,lognormal-heavytail,0.5,2,stepaware,0.94466,0.94466,0.00000,7.55725,26,176,954
16,8,32,50,lognormal-heavytail,0.5,3,serial,0.12497,0.99584,0.87088,0.99975,356,789,129
16,8,32,50,lognormal-heavytail,0.5,3,cb,0.75728,0.75728,0.00000,6.05825,22,137,781
16,8,32,50,lognormal-heavytail,0.5,3,stepaware,0.93388,0.93388,0.00000,7.47100,26,164,941
16,8,32,50,lognormal-heavytail,0.5,4,serial,0.12491,0.99319,0.86828,0.99925,353,674,129
16,8,32,50,lognormal-heavytail,0.5,4,cb,0.77563,0.77563,0.00000,6.20500,21,137,837
16,8,32,50,lognormal-heavytail,0.5,4,stepaware,0.72272,0.72272,0.00000,5.78175,22,133,755
16,8,32,50,lognormal-heavytail,0.9,0,serial,0.08016,0.49078,0.41063,0.64125,273,563,89
16,8,32,50,lognormal-heavytail,0.9,0,cb,0.93969,0.93969,0.00000,7.51750,31,162,891
16,8,32,50,lognormal-heavytail,0.9,0,stepaware,0.46897,0.46897,0.00000,3.75175,20,141,473
16,8,32,50,lognormal-heavytail,0.9,1,serial,0.12447,0.81703,0.69256,0.99575,162,583,154
16,8,32,50,lognormal-heavytail,0.9,1,cb,0.75538,0.75538,0.00000,6.04300,22,141,795
16,8,32,50,lognormal-heavytail,0.9,1,stepaware,0.84628,0.84628,0.00000,6.77025,22,160,882
16,8,32,50,lognormal-heavytail,0.9,2,serial,0.12462,0.99484,0.87022,0.99700,420,724,127
16,8,32,50,lognormal-heavytail,0.9,2,cb,0.77169,0.77169,0.00000,6.17350,22,136,838
16,8,32,50,lognormal-heavytail,0.9,2,stepaware,0.94544,0.94544,0.00000,7.56350,25,160,969
16,8,32,50,lognormal-heavytail,0.9,3,serial,0.12484,0.96722,0.84237,0.99875,264,698,133
16,8,32,50,lognormal-heavytail,0.9,3,cb,0.66509,0.66509,0.00000,5.32075,22,148,681
16,8,32,50,lognormal-heavytail,0.9,3,stepaware,0.43988,0.43988,0.00000,3.51900,19,154,459
16,8,32,50,lognormal-heavytail,0.9,4,serial,0.12494,0.99669,0.87175,0.99950,451,794,115
16,8,32,50,lognormal-heavytail,0.9,4,cb,0.83872,0.83872,0.00000,6.70975,29,162,836
16,8,32,50,lognormal-heavytail,0.9,4,stepaware,0.66556,0.66556,0.00000,5.32450,21,129,716
16,8,32,200,exponential,0.0,0,serial,0.12475,0.89359,0.76884,0.99800,209,499,142
16,8,32,200,exponential,0.0,0,cb,0.28144,0.28144,0.00000,2.25150,19,172,290
16,8,32,200,exponential,0.0,0,stepaware,0.31550,0.31550,0.00000,2.52400,25,174,289
16,8,32,200,exponential,0.0,1,serial,0.12444,0.93300,0.80856,0.99550,245,496,134
16,8,32,200,exponential,0.0,1,cb,0.26631,0.26631,0.00000,2.13050,23,141,280
16,8,32,200,exponential,0.0,1,stepaware,0.28769,0.28769,0.00000,2.30150,23,140,285
16,8,32,200,exponential,0.0,2,serial,0.12450,0.92803,0.80353,0.99600,235,374,141
16,8,32,200,exponential,0.0,2,cb,0.26681,0.26681,0.00000,2.13450,24,141,276
16,8,32,200,exponential,0.0,2,stepaware,0.27881,0.27881,0.00000,2.23050,21,123,293
16,8,32,200,exponential,0.0,3,serial,0.12497,0.94337,0.81841,0.99975,271,479,132
16,8,32,200,exponential,0.0,3,cb,0.28391,0.28391,0.00000,2.27125,23,166,284
16,8,32,200,exponential,0.0,3,stepaware,0.24528,0.24528,0.00000,1.96225,21,137,281
16,8,32,200,exponential,0.0,4,serial,0.12384,0.94444,0.82059,0.99075,313,482,120
16,8,32,200,exponential,0.0,4,cb,0.26216,0.26216,0.00000,2.09725,22,122,301
16,8,32,200,exponential,0.0,4,stepaware,0.28963,0.28963,0.00000,2.31700,20,189,281
16,8,32,200,exponential,0.5,0,serial,0.10044,0.33266,0.23222,0.80350,111,226,99
16,8,32,200,exponential,0.5,0,cb,0.41431,0.41431,0.00000,3.31450,24,134,417
16,8,32,200,exponential,0.5,0,stepaware,0.44725,0.44725,0.00000,3.57800,22,142,437
16,8,32,200,exponential,0.5,1,serial,0.12419,0.92525,0.80106,0.99350,270,600,122
16,8,32,200,exponential,0.5,1,cb,0.38603,0.38603,0.00000,3.08825,25,128,377
16,8,32,200,exponential,0.5,1,stepaware,0.17478,0.17478,0.00000,1.39825,22,166,171
16,8,32,200,exponential,0.5,2,serial,0.12484,0.94250,0.81766,0.99875,379,571,113
16,8,32,200,exponential,0.5,2,cb,0.18309,0.18309,0.00000,1.46475,19,168,196
16,8,32,200,exponential,0.5,2,stepaware,0.17203,0.17203,0.00000,1.37625,24,133,162
16,8,32,200,exponential,0.5,3,serial,0.12466,0.90731,0.78266,0.99725,333,613,108
16,8,32,200,exponential,0.5,3,cb,0.35559,0.35559,0.00000,2.84475,23,165,345
16,8,32,200,exponential,0.5,3,stepaware,0.32672,0.32672,0.00000,2.61375,23,145,324
16,8,32,200,exponential,0.5,4,serial,0.12462,0.79878,0.67416,0.99700,191,461,124
16,8,32,200,exponential,0.5,4,cb,0.41769,0.41769,0.00000,3.34150,20,165,411
16,8,32,200,exponential,0.5,4,stepaware,0.46000,0.46000,0.00000,3.68000,22,169,415
16,8,32,200,exponential,0.9,0,serial,0.09253,0.39547,0.30294,0.74025,94,586,100
16,8,32,200,exponential,0.9,0,cb,0.65722,0.65722,0.00000,5.25775,23,149,621
16,8,32,200,exponential,0.9,0,stepaware,0.55772,0.55772,0.00000,4.46175,24,155,536
16,8,32,200,exponential,0.9,1,serial,0.12334,0.69759,0.57425,0.98675,195,372,114
16,8,32,200,exponential,0.9,1,cb,0.82822,0.82822,0.00000,6.62575,24,181,814
16,8,32,200,exponential,0.9,1,stepaware,0.18309,0.18309,0.00000,1.46475,24,156,181
16,8,32,200,exponential,0.9,2,serial,0.09781,0.34128,0.24347,0.78250,69,258,120
16,8,32,200,exponential,0.9,2,cb,0.38956,0.38956,0.00000,3.11650,22,149,400
16,8,32,200,exponential,0.9,2,stepaware,0.25534,0.25534,0.00000,2.04275,20,126,285
16,8,32,200,exponential,0.9,3,serial,0.12128,0.56522,0.44394,0.97025,127,804,95
16,8,32,200,exponential,0.9,3,cb,0.34194,0.34194,0.00000,2.73550,24,167,311
16,8,32,200,exponential,0.9,3,stepaware,0.21338,0.21338,0.00000,1.70700,19,121,257
16,8,32,200,exponential,0.9,4,serial,0.12453,0.93600,0.81147,0.99625,275,668,123
16,8,32,200,exponential,0.9,4,cb,0.95403,0.95403,0.00000,7.63225,33,162,958
16,8,32,200,exponential,0.9,4,stepaware,0.66222,0.66222,0.00000,5.29775,23,178,644
16,8,32,200,lognormal-heavytail,0.0,0,serial,0.12466,0.97328,0.84862,0.99725,273,525,141
16,8,32,200,lognormal-heavytail,0.0,0,cb,0.29006,0.29006,0.00000,2.32050,20,132,318
16,8,32,200,lognormal-heavytail,0.0,0,stepaware,0.31484,0.31484,0.00000,2.51875,24,122,305
16,8,32,200,lognormal-heavytail,0.0,1,serial,0.12450,0.94328,0.81878,0.99600,245,674,132
16,8,32,200,lognormal-heavytail,0.0,1,cb,0.29931,0.29931,0.00000,2.39450,22,122,306
16,8,32,200,lognormal-heavytail,0.0,1,stepaware,0.24988,0.24988,0.00000,1.99900,22,127,266
16,8,32,200,lognormal-heavytail,0.0,2,serial,0.12494,0.95053,0.82559,0.99950,289,663,108
16,8,32,200,lognormal-heavytail,0.0,2,cb,0.24659,0.24659,0.00000,1.97275,20,124,259
16,8,32,200,lognormal-heavytail,0.0,2,stepaware,0.28422,0.28422,0.00000,2.27375,19,151,303
16,8,32,200,lognormal-heavytail,0.0,3,serial,0.12384,0.97303,0.84919,0.99075,371,564,119
16,8,32,200,lognormal-heavytail,0.0,3,cb,0.29988,0.29988,0.00000,2.39900,24,170,284
16,8,32,200,lognormal-heavytail,0.0,3,stepaware,0.32088,0.32088,0.00000,2.56700,21,158,307
16,8,32,200,lognormal-heavytail,0.0,4,serial,0.12494,0.94428,0.81934,0.99950,257,554,130
16,8,32,200,lognormal-heavytail,0.0,4,cb,0.25962,0.25962,0.00000,2.07700,21,153,275
16,8,32,200,lognormal-heavytail,0.0,4,stepaware,0.29928,0.29928,0.00000,2.39425,24,144,281
16,8,32,200,lognormal-heavytail,0.5,0,serial,0.12497,0.99194,0.86697,0.99975,461,1003,97
16,8,32,200,lognormal-heavytail,0.5,0,cb,0.33566,0.33566,0.00000,2.68525,22,132,329
16,8,32,200,lognormal-heavytail,0.5,0,stepaware,0.12191,0.12191,0.00000,0.97525,20,149,135
16,8,32,200,lognormal-heavytail,0.5,1,serial,0.11816,0.75509,0.63694,0.94525,273,452,138
16,8,32,200,lognormal-heavytail,0.5,1,cb,0.20831,0.20831,0.00000,1.66650,20,131,211
16,8,32,200,lognormal-heavytail,0.5,1,stepaware,0.42028,0.42028,0.00000,3.36225,21,146,421
16,8,32,200,lognormal-heavytail,0.5,2,serial,0.12444,0.97972,0.85528,0.99550,301,687,142
16,8,32,200,lognormal-heavytail,0.5,2,cb,0.41575,0.41575,0.00000,3.32600,23,135,427
16,8,32,200,lognormal-heavytail,0.5,2,stepaware,0.44584,0.44584,0.00000,3.56675,21,154,443
16,8,32,200,lognormal-heavytail,0.5,3,serial,0.12487,0.83903,0.71416,0.99900,265,525,126
16,8,32,200,lognormal-heavytail,0.5,3,cb,0.45856,0.45856,0.00000,3.66850,22,155,480
16,8,32,200,lognormal-heavytail,0.5,3,stepaware,0.44516,0.44516,0.00000,3.56125,22,146,427
16,8,32,200,lognormal-heavytail,0.5,4,serial,0.12472,0.93869,0.81397,0.99775,305,544,130
16,8,32,200,lognormal-heavytail,0.5,4,cb,0.10912,0.10912,0.00000,0.87300,22,119,109
16,8,32,200,lognormal-heavytail,0.5,4,stepaware,0.32659,0.32659,0.00000,2.61275,24,134,315
16,8,32,200,lognormal-heavytail,0.9,0,serial,0.12366,0.92741,0.80375,0.98925,285,698,114
16,8,32,200,lognormal-heavytail,0.9,0,cb,0.86881,0.86881,0.00000,6.95050,24,137,920
16,8,32,200,lognormal-heavytail,0.9,0,stepaware,0.22831,0.22831,0.00000,1.82650,20,116,251
16,8,32,200,lognormal-heavytail,0.9,1,serial,0.12469,0.93312,0.80844,0.99750,280,605,130
16,8,32,200,lognormal-heavytail,0.9,1,cb,0.85666,0.85666,0.00000,6.85325,27,155,896
16,8,32,200,lognormal-heavytail,0.9,1,stepaware,0.59150,0.59150,0.00000,4.73200,20,132,651
16,8,32,200,lognormal-heavytail,0.9,2,serial,0.12437,0.98603,0.86166,0.99500,319,730,128
16,8,32,200,lognormal-heavytail,0.9,2,cb,0.92712,0.92712,0.00000,7.41700,29,158,945
16,8,32,200,lognormal-heavytail,0.9,2,stepaware,0.38834,0.38834,0.00000,3.10675,20,148,422
16,8,32,200,lognormal-heavytail,0.9,3,serial,0.12478,0.98897,0.86419,0.99825,339,736,120
16,8,32,200,lognormal-heavytail,0.9,3,cb,0.16337,0.16337,0.00000,1.30700,28,128,162
16,8,32,200,lognormal-heavytail,0.9,3,stepaware,0.35141,0.35141,0.00000,2.81125,22,142,365
16,8,32,200,lognormal-heavytail,0.9,4,serial,0.12397,0.85734,0.73337,0.99175,239,540,133
16,8,32,200,lognormal-heavytail,0.9,4,cb,0.04019,0.04019,0.00000,0.32150,21,197,37
16,8,32,200,lognormal-heavytail,0.9,4,stepaware,0.79756,0.79756,0.00000,6.38050,22,152,794
32,2,8,50,exponential,0.0,0,serial,0.49975,0.99925,0.49950,0.99950,209,310,500
32,2,8,50,exponential,0.0,0,cb,0.99962,0.99962,0.00000,1.99925,76,123,1033
32,2,8,50,exponential,0.0,0,stepaware,0.99900,0.99900,0.00000,1.99800,10,811,1133
32,2,8,50,exponential,0.0,1,serial,0.49962,0.99913,0.49950,0.99925,193,288,515
32,2,8,50,exponential,0.0,1,cb,0.99925,0.99925,0.00000,1.99850,69,132,1078
32,2,8,50,exponential,0.0,1,stepaware,0.99975,0.99975,0.00000,1.99950,10,491,1149
32,2,8,50,exponential,0.0,2,serial,0.49950,0.99887,0.49937,0.99900,204,308,517
32,2,8,50,exponential,0.0,2,cb,0.99913,0.99913,0.00000,1.99825,82,127,994
32,2,8,50,exponential,0.0,2,stepaware,0.99975,0.99975,0.00000,1.99950,10,1268,1119
32,2,8,50,exponential,0.0,3,serial,0.50000,0.99987,0.49987,1.00000,197,289,506
32,2,8,50,exponential,0.0,3,cb,0.99938,0.99938,0.00000,1.99875,66,116,1107
32,2,8,50,exponential,0.0,3,stepaware,0.99962,0.99962,0.00000,1.99925,11,797,1081
32,2,8,50,exponential,0.0,4,serial,0.49950,0.99887,0.49937,0.99900,189,299,517
32,2,8,50,exponential,0.0,4,cb,0.99975,0.99975,0.00000,1.99950,71,132,1049
32,2,8,50,exponential,0.0,4,stepaware,0.99987,0.99987,0.00000,1.99975,10,1016,1120
32,2,8,50,exponential,0.5,0,serial,0.49988,0.99938,0.49950,0.99975,163,292,519
32,2,8,50,exponential,0.5,0,cb,0.99975,0.99975,0.00000,1.99950,97,149,1007
32,2,8,50,exponential,0.5,0,stepaware,0.99962,0.99962,0.00000,1.99925,10,570,1102
32,2,8,50,exponential,0.5,1,serial,0.50000,0.99987,0.49987,1.00000,203,312,494
32,2,8,50,exponential,0.5,1,cb,1.00000,1.00000,0.00000,2.00000,68,110,1043
32,2,8,50,exponential,0.5,1,stepaware,0.99938,0.99938,0.00000,1.99875,11,917,1102
32,2,8,50,exponential,0.5,2,serial,0.50000,0.99962,0.49962,1.00000,145,265,522
32,2,8,50,exponential,0.5,2,cb,0.99975,0.99975,0.00000,1.99950,88,153,1009
32,2,8,50,exponential,0.5,2,stepaware,0.99975,0.99975,0.00000,1.99950,11,499,1058
32,2,8,50,exponential,0.5,3,serial,0.50000,0.99862,0.49862,1.00000,119,224,465
32,2,8,50,exponential,0.5,3,cb,0.99900,0.99900,0.00000,1.99800,73,152,1006
32,2,8,50,exponential,0.5,3,stepaware,0.99962,0.99962,0.00000,1.99925,10,758,1122
32,2,8,50,exponential,0.5,4,serial,0.50000,1.00000,0.50000,1.00000,202,283,497
32,2,8,50,exponential,0.5,4,cb,0.98288,0.98288,0.00000,1.96575,72,151,994
32,2,8,50,exponential,0.5,4,stepaware,0.99925,0.99925,0.00000,1.99850,10,552,1077
32,2,8,50,exponential,0.9,0,serial,0.49962,0.99875,0.49913,0.99925,187,291,535
32,2,8,50,exponential,0.9,0,cb,0.99975,0.99975,0.00000,1.99950,83,146,1036
32,2,8,50,exponential,0.9,0,stepaware,0.99900,0.99900,0.00000,1.99800,11,284,1071
32,2,8,50,exponential,0.9,1,serial,0.49988,0.99975,0.49988,0.99975,174,312,523
32,2,8,50,exponential,0.9,1,cb,0.98188,0.98188,0.00000,1.96375,35,168,1043
32,2,8,50,exponential,0.9,1,stepaware,0.89475,0.89475,0.00000,1.78950,9,98,927
32,2,8,50,exponential,0.9,2,serial,0.49988,0.99962,0.49975,0.99975,123,259,573
32,2,8,50,exponential,0.9,2,cb,0.84875,0.84875,0.00000,1.69750,18,74,858
32,2,8,50,exponential,0.9,2,stepaware,0.99975,0.99975,0.00000,1.99950,10,1061,1182
32,2,8,50,exponential,0.9,3,serial,0.50000,1.00000,0.50000,1.00000,155,293,536
32,2,8,50,exponential,0.9,3,cb,0.97513,0.97513,0.00000,1.95025,34,139,1021
32,2,8,50,exponential,0.9,3,stepaware,0.99987,0.99987,0.00000,1.99975,10,1662,1077
32,2,8,50,exponential,0.9,4,serial,0.48775,0.96125,0.47350,0.97550,63,210,531
32,2,8,50,exponential,0.9,4,cb,0.99900,0.99900,0.00000,1.99800,76,133,1057
32,2,8,50,exponential,0.9,4,stepaware,0.99925,0.99925,0.00000,1.99850,10,996,1182
32,2,8,50,lognormal-heavytail,0.0,0,serial,0.50000,0.99950,0.49950,1.00000,175,268,540
32,2,8,50,lognormal-heavytail,0.0,0,cb,0.99975,0.99975,0.00000,1.99950,79,133,997
32,2,8,50,lognormal-heavytail,0.0,0,stepaware,1.00000,1.00000,0.00000,2.00000,11,1441,1047
32,2,8,50,lognormal-heavytail,0.0,1,serial,0.50000,1.00000,0.50000,1.00000,200,280,513
32,2,8,50,lognormal-heavytail,0.0,1,cb,0.99950,0.99950,0.00000,1.99900,78,121,1015
32,2,8,50,lognormal-heavytail,0.0,1,stepaware,0.99938,0.99938,0.00000,1.99875,10,796,1150
32,2,8,50,lognormal-heavytail,0.0,2,serial,0.49975,0.99938,0.49962,0.99950,189,274,536
32,2,8,50,lognormal-heavytail,0.0,2,cb,0.99938,0.99938,0.00000,1.99875,80,134,985
32,2,8,50,lognormal-heavytail,0.0,2,stepaware,0.99887,0.99887,0.00000,1.99775,10,750,1100
32,2,8,50,lognormal-heavytail,0.0,3,serial,0.49950,0.99813,0.49863,0.99900,186,303,518
32,2,8,50,lognormal-heavytail,0.0,3,cb,1.00000,1.00000,0.00000,2.00000,64,102,1127
32,2,8,50,lognormal-heavytail,0.0,3,stepaware,0.99913,0.99913,0.00000,1.99825,10,1202,1117
32,2,8,50,lognormal-heavytail,0.0,4,serial,0.50000,0.99987,0.49987,1.00000,192,301,533
32,2,8,50,lognormal-heavytail,0.0,4,cb,0.99887,0.99887,0.00000,1.99775,67,125,1035
32,2,8,50,lognormal-heavytail,0.0,4,stepaware,0.99913,0.99913,0.00000,1.99825,10,1077,1151
32,2,8,50,lognormal-heavytail,0.5,0,serial,0.50000,0.99975,0.49975,1.00000,198,300,499
32,2,8,50,lognormal-heavytail,0.5,0,cb,0.99987,0.99987,0.00000,1.99975,90,150,1031
32,2,8,50,lognormal-heavytail,0.5,0,stepaware,0.99987,0.99987,0.00000,1.99975,11,1180,1119
32,2,8,50,lognormal-heavytail,0.5,1,serial,0.49950,0.99850,0.49900,0.99900,116,315,539
32,2,8,50,lognormal-heavytail,0.5,1,cb,0.99950,0.99950,0.00000,1.99900,97,154,1070
32,2,8,50,lognormal-heavytail,0.5,1,stepaware,0.99938,0.99938,0.00000,1.99875,11,259,1125
32,2,8,50,lognormal-heavytail,0.5,2,serial,0.50000,0.99987,0.49987,1.00000,171,274,561
32,2,8,50,lognormal-heavytail,0.5,2,cb,0.99962,0.99962,0.00000,1.99925,86,143,976
32,2,8,50,lognormal-heavytail,0.5,2,stepaware,0.99950,0.99950,0.00000,1.99900,10,1330,1198
32,2,8,50,lognormal-heavytail,0.5,3,serial,0.50000,0.99975,0.49975,1.00000,172,243,583
32,2,8,50,lognormal-heavytail,0.5,3,cb,0.99987,0.99987,0.00000,1.99975,99,164,1055
32,2,8,50,lognormal-heavytail,0.5,3,stepaware,1.00000,1.00000,0.00000,2.00000,10,361,1033
32,2,8,50,lognormal-heavytail,0.5,4,serial,0.49988,0.99950,0.49963,0.99975,160,331,567
32,2,8,50,lognormal-heavytail,0.5,4,cb,0.99950,0.99950,0.00000,1.99900,63,116,1050
32,2,8,50,lognormal-heavytail,0.5,4,stepaware,0.99962,0.99962,0.00000,1.99925,10,698,1079
32,2,8,50,lognormal-heavytail,0.9,0,serial,0.50000,0.99975,0.49975,1.00000,121,289,500
32,2,8,50,lognormal-heavytail,0.9,0,cb,0.99950,0.99950,0.00000,1.99900,81,156,1091
32,2,8,50,lognormal-heavytail,0.9,0,stepaware,0.96837,0.96837,0.00000,1.93675,11,1425,997
32,2,8,50,lognormal-heavytail,0.9,1,serial,0.50000,1.00000,0.50000,1.00000,161,257,534
32,2,8,50,lognormal-heavytail,0.9,1,cb,0.99975,0.99975,0.00000,1.99950,80,132,1069
32,2,8,50,lognormal-heavytail,0.9,1,stepaware,0.99987,0.99987,0.00000,1.99975,10,1027,1107
32,2,8,50,lognormal-heavytail,0.9,2,serial,0.49988,0.99950,0.49963,0.99975,185,288,529
32,2,8,50,lognormal-heavytail,0.9,2,cb,0.99887,0.99887,0.00000,1.99775,100,146,1057
32,2,8,50,lognormal-heavytail,0.9,2,stepaware,0.99975,0.99975,0.00000,1.99950,11,1477,1119
32,2,8,50,lognormal-heavytail,0.9,3,serial,0.49962,0.99875,0.49913,0.99925,166,283,496
32,2,8,50,lognormal-heavytail,0.9,3,cb,0.56250,0.56250,0.00000,1.12500,9,60,564
32,2,8,50,lognormal-heavytail,0.9,3,stepaware,0.42762,0.42762,0.00000,0.85525,8,85,409
32,2,8,50,lognormal-heavytail,0.9,4,serial,0.49975,0.99913,0.49938,0.99950,142,353,494
32,2,8,50,lognormal-heavytail,0.9,4,cb,0.69050,0.69050,0.00000,1.38100,12,119,722
32,2,8,50,lognormal-heavytail,0.9,4,stepaware,0.99950,0.99950,0.00000,1.99900,10,1810,1030
32,2,8,200,exponential,0.0,0,serial,0.47337,0.91775,0.44437,0.94675,62,134,486
32,2,8,200,exponential,0.0,0,cb,0.55575,0.55575,0.00000,1.11150,7,43,601
32,2,8,200,exponential,0.0,0,stepaware,0.59637,0.59637,0.00000,1.19275,7,55,623
32,2,8,200,exponential,0.0,1,serial,0.47550,0.92337,0.44787,0.95100,50,144,500
32,2,8,200,exponential,0.0,1,cb,0.54975,0.54975,0.00000,1.09950,7,44,580
32,2,8,200,exponential,0.0,1,stepaware,0.64825,0.64825,0.00000,1.29650,8,56,646
32,2,8,200,exponential,0.0,2,serial,0.49438,0.98088,0.48650,0.98875,65,177,502
32,2,8,200,exponential,0.0,2,cb,0.55325,0.55325,0.00000,1.10650,7,48,605
32,2,8,200,exponential,0.0,2,stepaware,0.54763,0.54763,0.00000,1.09525,6,53,612
32,2,8,200,exponential,0.0,3,serial,0.48225,0.94488,0.46263,0.96450,62,207,473
32,2,8,200,exponential,0.0,3,cb,0.58075,0.58075,0.00000,1.16150,9,40,616
32,2,8,200,exponential,0.0,3,stepaware,0.60662,0.60662,0.00000,1.21325,7,52,621
32,2,8,200,exponential,0.0,4,serial,0.49688,0.98962,0.49275,0.99375,85,197,482
32,2,8,200,exponential,0.0,4,cb,0.59113,0.59113,0.00000,1.18225,9,45,625
32,2,8,200,exponential,0.0,4,stepaware,0.59962,0.59962,0.00000,1.19925,8,68,603
32,2,8,200,exponential,0.5,0,serial,0.49225,0.97225,0.48000,0.98450,61,220,522
32,2,8,200,exponential,0.5,0,cb,0.45337,0.45337,0.00000,0.90675,6,38,518
32,2,8,200,exponential,0.5,0,stepaware,0.81412,0.81412,0.00000,1.62825,7,86,892
32,2,8,200,exponential,0.5,1,serial,0.48450,0.95100,0.46650,0.96900,48,117,515
32,2,8,200,exponential,0.5,1,cb,0.40250,0.40250,0.00000,0.80500,7,43,440
32,2,8,200,exponential,0.5,1,stepaware,0.82575,0.82575,0.00000,1.65150,9,79,859
32,2,8,200,exponential,0.5,2,serial,0.49912,0.99762,0.49850,0.99825,140,252,512
32,2,8,200,exponential,0.5,2,cb,0.97037,0.97037,0.00000,1.94075,27,68,1024
32,2,8,200,exponential,0.5,2,stepaware,0.72062,0.72062,0.00000,1.44125,8,62,744
32,2,8,200,exponential,0.5,3,serial,0.49325,0.98150,0.48825,0.98650,82,186,495
32,2,8,200,exponential,0.5,3,cb,0.73700,0.73700,0.00000,1.47400,10,52,756
32,2,8,200,exponential,0.5,3,stepaware,0.89375,0.89375,0.00000,1.78750,10,175,930
32,2,8,200,exponential,0.5,4,serial,0.49962,0.99887,0.49925,0.99925,132,292,514
32,2,8,200,exponential,0.5,4,cb,0.63700,0.63700,0.00000,1.27400,9,52,654
32,2,8,200,exponential,0.5,4,stepaware,0.58400,0.58400,0.00000,1.16800,7,52,657
32,2,8,200,exponential,0.9,0,serial,0.49650,0.98800,0.49150,0.99300,175,262,552
32,2,8,200,exponential,0.9,0,cb,0.96800,0.96800,0.00000,1.93600,32,82,1009
32,2,8,200,exponential,0.9,0,stepaware,0.73300,0.73300,0.00000,1.46600,7,54,783
32,2,8,200,exponential,0.9,1,serial,0.10162,0.16725,0.06563,0.20325,24,60,110
32,2,8,200,exponential,0.9,1,cb,0.64638,0.64638,0.00000,1.29275,9,49,637
32,2,8,200,exponential,0.9,1,stepaware,0.58050,0.58050,0.00000,1.16100,6,51,635
32,2,8,200,exponential,0.9,2,serial,0.49662,0.98650,0.48988,0.99325,114,210,494
32,2,8,200,exponential,0.9,2,cb,0.90587,0.90587,0.00000,1.81175,18,72,949
32,2,8,200,exponential,0.9,2,stepaware,0.96325,0.96325,0.00000,1.92650,9,124,1023
32,2,8,200,exponential,0.9,3,serial,0.24113,0.38750,0.14638,0.48225,14,72,254
32,2,8,200,exponential,0.9,3,cb,0.29912,0.29912,0.00000,0.59825,6,33,327
32,2,8,200,exponential,0.9,3,stepaware,0.45262,0.45262,0.00000,0.90525,6,35,499
32,2,8,200,exponential,0.9,4,serial,0.49950,0.99713,0.49763,0.99900,175,254,511
32,2,8,200,exponential,0.9,4,cb,0.45975,0.45975,0.00000,0.91950,8,45,480
32,2,8,200,exponential,0.9,4,stepaware,0.71275,0.71275,0.00000,1.42550,8,55,711
32,2,8,200,lognormal-heavytail,0.0,0,serial,0.49712,0.99025,0.49312,0.99425,80,193,511
32,2,8,200,lognormal-heavytail,0.0,0,cb,0.62287,0.62287,0.00000,1.24575,9,52,683
32,2,8,200,lognormal-heavytail,0.0,0,stepaware,0.61187,0.61187,0.00000,1.22375,7,65,668
32,2,8,200,lognormal-heavytail,0.0,1,serial,0.48125,0.94600,0.46475,0.96250,72,152,493
32,2,8,200,lognormal-heavytail,0.0,1,cb,0.63525,0.63525,0.00000,1.27050,11,46,629
32,2,8,200,lognormal-heavytail,0.0,1,stepaware,0.58013,0.58013,0.00000,1.16025,6,38,660
32,2,8,200,lognormal-heavytail,0.0,2,serial,0.46975,0.90138,0.43163,0.93950,34,131,521
32,2,8,200,lognormal-heavytail,0.0,2,cb,0.62038,0.62038,0.00000,1.24075,9,42,669
32,2,8,200,lognormal-heavytail,0.0,2,stepaware,0.59637,0.59637,0.00000,1.19275,6,46,706
32,2,8,200,lognormal-heavytail,0.0,3,serial,0.47775,0.92450,0.44675,0.95550,56,210,531
32,2,8,200,lognormal-heavytail,0.0,3,cb,0.68125,0.68125,0.00000,1.36250,10,61,696
32,2,8,200,lognormal-heavytail,0.0,3,stepaware,0.58862,0.58862,0.00000,1.17725,8,59,582
32,2,8,200,lognormal-heavytail,0.0,4,serial,0.49538,0.97750,0.48213,0.99075,74,230,517
32,2,8,200,lognormal-heavytail,0.0,4,cb,0.66100,0.66100,0.00000,1.32200,10,51,641
32,2,8,200,lognormal-heavytail,0.0,4,stepaware,0.60888,0.60888,0.00000,1.21775,7,51,639
32,2,8,200,lognormal-heavytail,0.5,0,serial,0.49812,0.98975,0.49163,0.99625,80,201,533
32,2,8,200,lognormal-heavytail,0.5,0,cb,0.41300,0.41300,0.00000,0.82600,7,34,435
32,2,8,200,lognormal-heavytail,0.5,0,stepaware,0.88387,0.88387,0.00000,1.76775,9,112,940
32,2,8,200,lognormal-heavytail,0.5,1,serial,0.49688,0.98787,0.49100,0.99375,111,196,502
32,2,8,200,lognormal-heavytail,0.5,1,cb,0.81237,0.81237,0.00000,1.62475,17,68,861
32,2,8,200,lognormal-heavytail,0.5,1,stepaware,0.78225,0.78225,0.00000,1.56450,7,82,848
32,2,8,200,lognormal-heavytail,0.5,2,serial,0.36175,0.62662,0.26487,0.72350,15,101,405
32,2,8,200,lognormal-heavytail,0.5,2,cb,0.94512,0.94512,0.00000,1.89025,27,87,1015
32,2,8,200,lognormal-heavytail,0.5,2,stepaware,0.51513,0.51513,0.00000,1.03025,6,38,553
32,2,8,200,lognormal-heavytail,0.5,3,serial,0.50000,0.99987,0.49987,1.00000,124,272,520
32,2,8,200,lognormal-heavytail,0.5,3,cb,0.63913,0.63913,0.00000,1.27825,7,40,703
32,2,8,200,lognormal-heavytail,0.5,3,stepaware,0.94912,0.94912,0.00000,1.89825,10,165,1001
32,2,8,200,lognormal-heavytail,0.5,4,serial,0.49862,0.99713,0.49850,0.99725,145,238,521
32,2,8,200,lognormal-heavytail,0.5,4,cb,0.80600,0.80600,0.00000,1.61200,14,53,831
32,2,8,200,lognormal-heavytail,0.5,4,stepaware,0.38912,0.38912,0.00000,0.77825,6,32,428
32,2,8,200,lognormal-heavytail,0.9,0,serial,0.49862,0.99525,0.49662,0.99725,122,239,512
32,2,8,200,lognormal-heavytail,0.9,0,cb,0.99413,0.99413,0.00000,1.98825,68,121,1073
32,2,8,200,lognormal-heavytail,0.9,0,stepaware,0.89412,0.89412,0.00000,1.78825,9,118,921
32,2,8,200,lognormal-heavytail,0.9,1,serial,0.49688,0.99225,0.49537,0.99375,182,288,540
32,2,8,200,lognormal-heavytail,0.9,1,cb,0.98900,0.98900,0.00000,1.97800,67,121,1025
32,2,8,200,lognormal-heavytail,0.9,1,stepaware,0.29287,0.29287,0.00000,0.58575,7,39,279
32,2,8,200,lognormal-heavytail,0.9,2,serial,0.24675,0.41313,0.16638,0.49350,14,317,268
32,2,8,200,lognormal-heavytail,0.9,2,cb,0.15300,0.15300,0.00000,0.30600,6,40,170
32,2,8,200,lognormal-heavytail,0.9,2,stepaware,0.17400,0.17400,0.00000,0.34800,6,37,186
32,2,8,200,lognormal-heavytail,0.9,3,serial,0.33113,0.55488,0.22375,0.66225,13,113,384
32,2,8,200,lognormal-heavytail,0.9,3,cb,0.27313,0.27313,0.00000,0.54625,8,52,298
32,2,8,200,lognormal-heavytail,0.9,3,stepaware,0.99300,0.99300,0.00000,1.98600,10,801,1078
32,2,8,200,lognormal-heavytail,0.9,4,serial,0.47200,0.91612,0.44412,0.94400,51,167,465
32,2,8,200,lognormal-heavytail,0.9,4,cb,0.92525,0.92525,0.00000,1.85050,26,86,987
32,2,8,200,lognormal-heavytail,0.9,4,stepaware,0.35513,0.35513,0.00000,0.71025,6,39,377
32,2,32,50,exponential,0.0,0,serial,0.50000,0.99962,0.49962,1.00000,913,1247,134
32,2,32,50,exponential,0.0,0,cb,0.99950,0.99950,0.00000,1.99900,417,593,265
32,2,32,50,exponential,0.0,0,stepaware,0.99987,0.99987,0.00000,1.99975,40,2530,316
32,2,32,50,exponential,0.0,1,serial,0.50000,0.99987,0.49987,1.00000,895,1095,130
32,2,32,50,exponential,0.0,1,cb,0.99987,0.99987,0.00000,1.99975,442,628,255
32,2,32,50,exponential,0.0,1,stepaware,1.00000,1.00000,0.00000,2.00000,37,2781,317
32,2,32,50,exponential,0.0,2,serial,0.49988,0.99938,0.49950,0.99975,1036,1316,107
32,2,32,50,exponential,0.0,2,cb,0.99950,0.99950,0.00000,1.99900,453,777,236
32,2,32,50,exponential,0.0,2,stepaware,0.99962,0.99962,0.00000,1.99925,42,2316,318
32,2,32,50,exponential,0.0,3,serial,0.50000,0.99962,0.49962,1.00000,999,1356,113
32,2,32,50,exponential,0.0,3,cb,0.99987,0.99987,0.00000,1.99975,455,622,257
32,2,32,50,exponential,0.0,3,stepaware,0.99987,0.99987,0.00000,1.99975,39,2236,330
32,2,32,50,exponential,0.0,4,serial,0.50000,0.99938,0.49938,1.00000,874,1250,124
32,2,32,50,exponential,0.0,4,cb,0.99975,0.99975,0.00000,1.99950,409,552,273
32,2,32,50,exponential,0.0,4,stepaware,0.99975,0.99975,0.00000,1.99950,36,2414,338
32,2,32,50,exponential,0.5,0,serial,0.49912,0.99813,0.49900,0.99825,1009,1613,107
32,2,32,50,exponential,0.5,0,cb,0.99962,0.99962,0.00000,1.99925,481,722,227
32,2,32,50,exponential,0.5,0,stepaware,0.99887,0.99887,0.00000,1.99775,43,1998,309
32,2,32,50,exponential,0.5,1,serial,0.50000,1.00000,0.50000,1.00000,722,894,153
32,2,32,50,exponential,0.5,1,cb,0.99987,0.99987,0.00000,1.99975,390,521,254
32,2,32,50,exponential,0.5,1,stepaware,0.99962,0.99962,0.00000,1.99925,38,2138,330
32,2,32,50,exponential,0.5,2,serial,0.49962,0.99862,0.49900,0.99925,742,1051,149
32,2,32,50,exponential,0.5,2,cb,0.99975,0.99975,0.00000,1.99950,391,644,248
32,2,32,50,exponential,0.5,2,stepaware,0.99925,0.99925,0.00000,1.99850,40,2204,306
32,2,32,50,exponential,0.5,3,serial,0.50000,0.99975,0.49975,1.00000,1074,1440,102
32,2,32,50,exponential,0.5,3,cb,0.99962,0.99962,0.00000,1.99925,520,872,211
32,2,32,50,exponential,0.5,3,stepaware,0.99975,0.99975,0.00000,1.99950,38,2363,319
32,2,32,50,exponential,0.5,4,serial,0.50000,0.99987,0.49987,1.00000,877,1388,109
32,2,32,50,exponential,0.5,4,cb,1.00000,1.00000,0.00000,2.00000,374,579,259
32,2,32,50,exponential,0.5,4,stepaware,1.00000,1.00000,0.00000,2.00000,39,2901,313
32,2,32,50,exponential,0.9,0,serial,0.49988,0.99962,0.49975,0.99975,858,1063,120
32,2,32,50,exponential,0.9,0,cb,0.99962,0.99962,0.00000,1.99925,375,723,271
32,2,32,50,exponential,0.9,0,stepaware,0.99987,0.99987,0.00000,1.99975,38,1826,321
32,2,32,50,exponential,0.9,1,serial,0.50000,1.00000,0.50000,1.00000,774,1331,130
32,2,32,50,exponential,0.9,1,cb,0.99975,0.99975,0.00000,1.99950,446,569,248
32,2,32,50,exponential,0.9,1,stepaware,0.99962,0.99962,0.00000,1.99925,39,2424,316
32,2,32,50,exponential,0.9,2,serial,0.49988,0.99962,0.49975,0.99975,774,1017,125
32,2,32,50,exponential,0.9,2,cb,0.99950,0.99950,0.00000,1.99900,467,676,224
32,2,32,50,exponential,0.9,2,stepaware,0.99950,0.99950,0.00000,1.99900,39,2515,319
32,2,32,50,exponential,0.9,3,serial,0.50000,0.99950,0.49950,1.00000,1016,1233,115
32,2,32,50,exponential,0.9,3,cb,0.99987,0.99987,0.00000,1.99975,447,640,231
32,2,32,50,exponential,0.9,3,stepaware,0.99875,0.99875,0.00000,1.99750,37,2451,355
32,2,32,50,exponential,0.9,4,serial,0.49975,0.99938,0.49962,0.99950,815,998,135
32,2,32,50,exponential,0.9,4,cb,0.99975,0.99975,0.00000,1.99950,395,595,242
32,2,32,50,exponential,0.9,4,stepaware,0.99950,0.99950,0.00000,1.99900,44,3012,293
32,2,32,50,lognormal-heavytail,0.0,0,serial,0.50000,1.00000,0.50000,1.00000,903,1217,127
32,2,32,50,lognormal-heavytail,0.0,0,cb,0.99938,0.99938,0.00000,1.99875,402,595,272
32,2,32,50,lognormal-heavytail,0.0,0,stepaware,1.00000,1.00000,0.00000,2.00000,41,2173,295
32,2,32,50,lognormal-heavytail,0.0,1,serial,0.50000,0.99987,0.49987,1.00000,961,1232,120
32,2,32,50,lognormal-heavytail,0.0,1,cb,0.99987,0.99987,0.00000,1.99975,467,738,236
32,2,32,50,lognormal-heavytail,0.0,1,stepaware,0.99987,0.99987,0.00000,1.99975,41,2624,300
32,2,32,50,lognormal-heavytail,0.0,2,serial,0.49975,0.99950,0.49975,0.99950,699,1258,139
32,2,32,50,lognormal-heavytail,0.0,2,cb,0.99987,0.99987,0.00000,1.99975,450,605,267
32,2,32,50,lognormal-heavytail,0.0,2,stepaware,0.99750,0.99750,0.00000,1.99500,42,2078,303
32,2,32,50,lognormal-heavytail,0.0,3,serial,0.49988,0.99962,0.49975,0.99975,959,1321,119
32,2,32,50,lognormal-heavytail,0.0,3,cb,0.99987,0.99987,0.00000,1.99975,416,573,274
32,2,32,50,lognormal-heavytail,0.0,3,stepaware,1.00000,1.00000,0.00000,2.00000,39,2497,308
32,2,32,50,lognormal-heavytail,0.0,4,serial,0.49975,0.99938,0.49962,0.99950,924,1120,125
32,2,32,50,lognormal-heavytail,0.0,4,cb,0.99987,0.99987,0.00000,1.99975,421,638,267
32,2,32,50,lognormal-heavytail,0.0,4,stepaware,0.99913,0.99913,0.00000,1.99825,40,2177,331
32,2,32,50,lognormal-heavytail,0.5,0,serial,0.50000,0.99962,0.49962,1.00000,1052,1196,113
32,2,32,50,lognormal-heavytail,0.5,0,cb,0.99850,0.99850,0.00000,1.99700,399,539,264
32,2,32,50,lognormal-heavytail,0.5,0,stepaware,1.00000,1.00000,0.00000,2.00000,45,2655,302
32,2,32,50,lognormal-heavytail,0.5,1,serial,0.49988,0.99975,0.49988,0.99975,866,1318,124
32,2,32,50,lognormal-heavytail,0.5,1,cb,0.99987,0.99987,0.00000,1.99975,331,609,247
32,2,32,50,lognormal-heavytail,0.5,1,stepaware,0.99987,0.99987,0.00000,1.99975,43,2892,296
32,2,32,50,lognormal-heavytail,0.5,2,serial,0.49975,0.99938,0.49962,0.99950,729,1158,132
32,2,32,50,lognormal-heavytail,0.5,2,cb,0.99925,0.99925,0.00000,1.99850,460,661,244
32,2,32,50,lognormal-heavytail,0.5,2,stepaware,0.99987,0.99987,0.00000,1.99975,39,2408,315
32,2,32,50,lognormal-heavytail,0.5,3,serial,0.50000,0.99950,0.49950,1.00000,807,1147,140
32,2,32,50,lognormal-heavytail,0.5,3,cb,0.99938,0.99938,0.00000,1.99875,436,659,246
32,2,32,50,lognormal-heavytail,0.5,3,stepaware,0.99913,0.99913,0.00000,1.99825,42,1459,301
32,2,32,50,lognormal-heavytail,0.5,4,serial,0.50000,0.99987,0.49987,1.00000,712,1202,113
32,2,32,50,lognormal-heavytail,0.5,4,cb,0.99938,0.99938,0.00000,1.99875,418,658,238
32,2,32,50,lognormal-heavytail,0.5,4,stepaware,0.99987,0.99987,0.00000,1.99975,39,2385,309
32,2,32,50,lognormal-heavytail,0.9,0,serial,0.49975,0.99938,0.49962,0.99950,892,1464,115
32,2,32,50,lognormal-heavytail,0.9,0,cb,0.99875,0.99875,0.00000,1.99750,381,570,259
32,2,32,50,lognormal-heavytail,0.9,0,stepaware,0.99975,0.99975,0.00000,1.99950,41,3227,289
32,2,32,50,lognormal-heavytail,0.9,1,serial,0.49988,0.99962,0.49975,0.99975,839,1145,132
32,2,32,50,lognormal-heavytail,0.9,1,cb,0.99950,0.99950,0.00000,1.99900,429,664,251
32,2,32,50,lognormal-heavytail,0.9,1,stepaware,0.99975,0.99975,0.00000,1.99950,41,2743,292
32,2,32,50,lognormal-heavytail,0.9,2,serial,0.50000,0.99987,0.49987,1.00000,680,1288,133
32,2,32,50,lognormal-heavytail,0.9,2,cb,0.99938,0.99938,0.00000,1.99875,384,606,243
32,2,32,50,lognormal-heavytail,0.9,2,stepaware,0.99987,0.99987,0.00000,1.99975,42,2349,300
32,2,32,50,lognormal-heavytail,0.9,3,serial,0.50000,0.99987,0.49987,1.00000,873,1214,117
32,2,32,50,lognormal-heavytail,0.9,3,cb,0.99787,0.99787,0.00000,1.99575,460,714,242
32,2,32,50,lognormal-heavytail,0.9,3,stepaware,0.99925,0.99925,0.00000,1.99850,44,1865,294
32,2,32,50,lognormal-heavytail,0.9,4,serial,0.49988,0.99913,0.49925,0.99975,638,993,151
32,2,32,50,lognormal-heavytail,0.9,4,cb,0.99825,0.99825,0.00000,1.99650,439,775,227
32,2,32,50,lognormal-heavytail,0.9,4,stepaware,0.99938,0.99938,0.00000,1.99875,43,2598,295
32,2,32,200,exponential,0.0,0,serial,0.49862,0.99725,0.49862,0.99725,851,1431,115
32,2,32,200,exponential,0.0,0,cb,0.99600,0.99600,0.00000,1.99200,261,512,284
32,2,32,200,exponential,0.0,0,stepaware,0.99687,0.99687,0.00000,1.99375,37,2511,304
32,2,32,200,exponential,0.0,1,serial,0.49938,0.99825,0.49887,0.99875,807,1231,117
32,2,32,200,exponential,0.0,1,cb,0.99400,0.99400,0.00000,1.98800,290,533,236
32,2,32,200,exponential,0.0,1,stepaware,0.99762,0.99762,0.00000,1.99525,40,1225,283
32,2,32,200,exponential,0.0,2,serial,0.49988,0.99950,0.49963,0.99975,1000,1284,110
32,2,32,200,exponential,0.0,2,cb,0.99675,0.99675,0.00000,1.99350,340,498,254
32,2,32,200,exponential,0.0,2,stepaware,0.99650,0.99650,0.00000,1.99300,34,2178,321
32,2,32,200,exponential,0.0,3,serial,0.50000,0.99875,0.49875,1.00000,823,1064,118
32,2,32,200,exponential,0.0,3,cb,0.99687,0.99687,0.00000,1.99375,325,512,235
32,2,32,200,exponential,0.0,3,stepaware,0.99750,0.99750,0.00000,1.99500,36,1518,315
32,2,32,200,exponential,0.0,4,serial,0.49988,0.99950,0.49963,0.99975,722,1115,123
32,2,32,200,exponential,0.0,4,cb,0.99875,0.99875,0.00000,1.99750,362,603,233
32,2,32,200,exponential,0.0,4,stepaware,0.99938,0.99938,0.00000,1.99875,37,2107,299
32,2,32,200,exponential,0.5,0,serial,0.49950,0.99613,0.49663,0.99900,700,1215,119
32,2,32,200,exponential,0.5,0,cb,0.99538,0.99538,0.00000,1.99075,392,596,210
32,2,32,200,exponential,0.5,0,stepaware,0.98950,0.98950,0.00000,1.97900,44,1327,288
32,2,32,200,exponential,0.5,1,serial,0.49862,0.99700,0.49838,0.99725,841,1067,129
32,2,32,200,exponential,0.5,1,cb,0.99513,0.99513,0.00000,1.99025,370,579,251
32,2,32,200,exponential,0.5,1,stepaware,0.93912,0.93912,0.00000,1.87825,33,514,270
32,2,32,200,exponential,0.5,2,serial,0.50000,0.99862,0.49862,1.00000,750,1115,129
32,2,32,200,exponential,0.5,2,cb,0.99875,0.99875,0.00000,1.99750,252,536,246
32,2,32,200,exponential,0.5,2,stepaware,0.99675,0.99675,0.00000,1.99350,39,1908,328
32,2,32,200,exponential,0.5,3,serial,0.49962,0.99750,0.49788,0.99925,740,1027,130
32,2,32,200,exponential,0.5,3,cb,0.99575,0.99575,0.00000,1.99150,423,782,226
32,2,32,200,exponential,0.5,3,stepaware,0.99987,0.99987,0.00000,1.99975,37,1606,311
32,2,32,200,exponential,0.5,4,serial,0.49812,0.99538,0.49725,0.99625,683,879,136
32,2,32,200,exponential,0.5,4,cb,0.99562,0.99562,0.00000,1.99125,372,518,265
32,2,32,200,exponential,0.5,4,stepaware,0.99900,0.99900,0.00000,1.99800,42,2377,299
32,2,32,200,exponential,0.9,0,serial,0.49975,0.99913,0.49938,0.99950,863,1048,124
32,2,32,200,exponential,0.9,0,cb,0.98913,0.98913,0.00000,1.97825,108,340,242
32,2,32,200,exponential,0.9,0,stepaware,0.99150,0.99150,0.00000,1.98300,41,1388,311
32,2,32,200,exponential,0.9,1,serial,0.49975,0.99875,0.49900,0.99950,438,1090,139
32,2,32,200,exponential,0.9,1,cb,0.99938,0.99938,0.00000,1.99875,318,618,238
32,2,32,200,exponential,0.9,1,stepaware,0.99875,0.99875,0.00000,1.99750,42,1994,302
32,2,32,200,exponential,0.9,2,serial,0.49600,0.99100,0.49500,0.99200,799,1312,109
32,2,32,200,exponential,0.9,2,cb,0.93325,0.93325,0.00000,1.86650,97,279,246
32,2,32,200,exponential,0.9,2,stepaware,0.98813,0.98813,0.00000,1.97625,44,753,257
32,2,32,200,exponential,0.9,3,serial,0.49962,0.99887,0.49925,0.99925,617,1072,138
32,2,32,200,exponential,0.9,3,cb,0.99913,0.99913,0.00000,1.99825,389,613,257
32,2,32,200,exponential,0.9,3,stepaware,0.99900,0.99900,0.00000,1.99800,41,826,272
32,2,32,200,exponential,0.9,4,serial,0.49988,0.99950,0.49963,0.99975,460,771,138
32,2,32,200,exponential,0.9,4,cb,0.99950,0.99950,0.00000,1.99900,261,428,214
32,2,32,200,exponential,0.9,4,stepaware,0.99875,0.99875,0.00000,1.99750,40,1742,282
32,2,32,200,lognormal-heavytail,0.0,0,serial,0.49862,0.99662,0.49800,0.99725,862,1139,107
32,2,32,200,lognormal-heavytail,0.0,0,cb,0.99887,0.99887,0.00000,1.99775,249,509,253
32,2,32,200,lognormal-heavytail,0.0,0,stepaware,0.99987,0.99987,0.00000,1.99975,39,1847,298
32,2,32,200,lognormal-heavytail,0.0,1,serial,0.49962,0.99775,0.49813,0.99925,645,953,133
32,2,32,200,lognormal-heavytail,0.0,1,cb,0.99538,0.99538,0.00000,1.99075,348,501,251
32,2,32,200,lognormal-heavytail,0.0,1,stepaware,0.99713,0.99713,0.00000,1.99425,41,2825,300
32,2,32,200,lognormal-heavytail,0.0,2,serial,0.49975,0.99887,0.49912,0.99950,795,1267,124
32,2,32,200,lognormal-heavytail,0.0,2,cb,0.99500,0.99500,0.00000,1.99000,373,697,231
32,2,32,200,lognormal-heavytail,0.0,2,stepaware,0.99938,0.99938,0.00000,1.99875,43,2787,278
32,2,32,200,lognormal-heavytail,0.0,3,serial,0.49850,0.99662,0.49812,0.99700,765,1332,123
32,2,32,200,lognormal-heavytail,0.0,3,cb,0.99938,0.99938,0.00000,1.99875,299,550,253
32,2,32,200,lognormal-heavytail,0.0,3,stepaware,0.99825,0.99825,0.00000,1.99650,37,1730,306
32,2,32,200,lognormal-heavytail,0.0,4,serial,0.50000,0.99938,0.49938,1.00000,714,1122,135
32,2,32,200,lognormal-heavytail,0.0,4,cb,0.99838,0.99838,0.00000,1.99675,359,527,228
32,2,32,200,lognormal-heavytail,0.0,4,stepaware,0.99813,0.99813,0.00000,1.99625,51,2432,256
32,2,32,200,lognormal-heavytail,0.5,0,serial,0.49888,0.99613,0.49725,0.99775,725,1024,129
32,2,32,200,lognormal-heavytail,0.5,0,cb,0.99625,0.99625,0.00000,1.99250,356,534,249
32,2,32,200,lognormal-heavytail,0.5,0,stepaware,0.99613,0.99613,0.00000,1.99225,41,2461,294
32,2,32,200,lognormal-heavytail,0.5,1,serial,0.49975,0.99938,0.49962,0.99950,838,1306,111
32,2,32,200,lognormal-heavytail,0.5,1,cb,0.99375,0.99375,0.00000,1.98750,394,627,252
32,2,32,200,lognormal-heavytail,0.5,1,stepaware,0.99900,0.99900,0.00000,1.99800,42,2095,277
32,2,32,200,lognormal-heavytail,0.5,2,serial,0.49988,0.99938,0.49950,0.99975,216,756,148
32,2,32,200,lognormal-heavytail,0.5,2,cb,0.99887,0.99887,0.00000,1.99775,273,454,281
32,2,32,200,lognormal-heavytail,0.5,2,stepaware,0.99513,0.99513,0.00000,1.99025,35,1942,334
32,2,32,200,lognormal-heavytail,0.5,3,serial,0.50000,0.99938,0.49938,1.00000,703,1182,127
32,2,32,200,lognormal-heavytail,0.5,3,cb,0.99962,0.99962,0.00000,1.99925,316,513,261
32,2,32,200,lognormal-heavytail,0.5,3,stepaware,0.99575,0.99575,0.00000,1.99150,39,1730,313
32,2,32,200,lognormal-heavytail,0.5,4,serial,0.49988,0.99938,0.49950,0.99975,957,1222,117
32,2,32,200,lognormal-heavytail,0.5,4,cb,0.99625,0.99625,0.00000,1.99250,409,583,226
32,2,32,200,lognormal-heavytail,0.5,4,stepaware,0.99425,0.99425,0.00000,1.98850,39,1756,314
32,2,32,200,lognormal-heavytail,0.9,0,serial,0.49850,0.99425,0.49575,0.99700,927,1283,108
32,2,32,200,lognormal-heavytail,0.9,0,cb,0.99575,0.99575,0.00000,1.99150,302,533,239
32,2,32,200,lognormal-heavytail,0.9,0,stepaware,0.98850,0.98850,0.00000,1.97700,39,2475,302
32,2,32,200,lognormal-heavytail,0.9,1,serial,0.49825,0.99625,0.49800,0.99650,759,1133,135
32,2,32,200,lognormal-heavytail,0.9,1,cb,0.99600,0.99600,0.00000,1.99200,353,499,248
32,2,32,200,lognormal-heavytail,0.9,1,stepaware,0.99900,0.99900,0.00000,1.99800,39,2728,325
32,2,32,200,lognormal-heavytail,0.9,2,serial,0.49988,0.99950,0.49963,0.99975,719,888,128
32,2,32,200,lognormal-heavytail,0.9,2,cb,0.99450,0.99450,0.00000,1.98900,420,589,254
32,2,32,200,lognormal-heavytail,0.9,2,stepaware,0.99462,0.99462,0.00000,1.98925,38,1929,298
32,2,32,200,lognormal-heavytail,0.9,3,serial,0.49725,0.99425,0.49700,0.99450,794,1110,127
32,2,32,200,lognormal-heavytail,0.9,3,cb,0.99725,0.99725,0.00000,1.99450,350,627,260
32,2,32,200,lognormal-heavytail,0.9,3,stepaware,0.99787,0.99787,0.00000,1.99575,43,1111,268
32,2,32,200,lognormal-heavytail,0.9,4,serial,0.49988,0.99975,0.49988,0.99975,794,1209,117
32,2,32,200,lognormal-heavytail,0.9,4,cb,0.99813,0.99813,0.00000,1.99625,371,571,252
32,2,32,200,lognormal-heavytail,0.9,4,stepaware,0.99750,0.99750,0.00000,1.99500,43,2693,285
32,4,8,50,exponential,0.0,0,serial,0.24994,0.99875,0.74881,0.99975,204,298,508
32,4,8,50,exponential,0.0,0,cb,0.95163,0.95163,0.00000,3.80650,15,51,1943
32,4,8,50,exponential,0.0,0,stepaware,0.96556,0.96556,0.00000,3.86225,8,120,2048
32,4,8,50,exponential,0.0,1,serial,0.24956,0.99769,0.74812,0.99825,189,308,523
32,4,8,50,exponential,0.0,1,cb,0.94037,0.94037,0.00000,3.76150,13,47,2033
32,4,8,50,exponential,0.0,1,stepaware,0.94869,0.94869,0.00000,3.79475,7,109,2043
32,4,8,50,exponential,0.0,2,serial,0.24969,0.99769,0.74800,0.99875,175,266,557
32,4,8,50,exponential,0.0,2,cb,0.93256,0.93256,0.00000,3.73025,13,54,1938
32,4,8,50,exponential,0.0,2,stepaware,0.97269,0.97269,0.00000,3.89075,8,126,2022
32,4,8,50,exponential,0.0,3,serial,0.25000,0.99975,0.74975,1.00000,195,325,507
32,4,8,50,exponential,0.0,3,cb,0.94994,0.94994,0.00000,3.79975,15,50,1998
32,4,8,50,exponential,0.0,3,stepaware,0.97225,0.97225,0.00000,3.88900,8,150,1998
32,4,8,50,exponential,0.0,4,serial,0.25000,0.99906,0.74906,1.00000,201,294,503
32,4,8,50,exponential,0.0,4,cb,0.93356,0.93356,0.00000,3.73425,13,44,2022
32,4,8,50,exponential,0.0,4,stepaware,0.95750,0.95750,0.00000,3.83000,7,102,2069
32,4,8,50,exponential,0.5,0,serial,0.24994,0.99938,0.74944,0.99975,177,266,553
32,4,8,50,exponential,0.5,0,cb,0.76356,0.76356,0.00000,3.05425,8,45,1629
32,4,8,50,exponential,0.5,0,stepaware,0.90494,0.90494,0.00000,3.61975,7,66,1907
32,4,8,50,exponential,0.5,1,serial,0.24988,0.99906,0.74919,0.99950,170,266,539
32,4,8,50,exponential,0.5,1,cb,0.99913,0.99913,0.00000,3.99650,28,66,2104
32,4,8,50,exponential,0.5,1,stepaware,0.85219,0.85219,0.00000,3.40875,7,67,1743
32,4,8,50,exponential,0.5,2,serial,0.25000,0.99969,0.74969,1.00000,157,244,502
32,4,8,50,exponential,0.5,2,cb,0.97162,0.97162,0.00000,3.88650,15,53,2043
32,4,8,50,exponential,0.5,2,stepaware,0.92369,0.92369,0.00000,3.69475,7,78,1950
32,4,8,50,exponential,0.5,3,serial,0.24994,0.99969,0.74975,0.99975,202,284,529
32,4,8,50,exponential,0.5,3,cb,0.98494,0.98494,0.00000,3.93975,20,56,2107
32,4,8,50,exponential,0.5,3,stepaware,0.88206,0.88206,0.00000,3.52825,7,63,1826
32,4,8,50,exponential,0.5,4,serial,0.25000,0.99969,0.74969,1.00000,187,315,514
32,4,8,50,exponential,0.5,4,cb,0.86250,0.86250,0.00000,3.45000,10,53,1789
32,4,8,50,exponential,0.5,4,stepaware,0.99762,0.99762,0.00000,3.99050,8,327,2195
32,4,8,50,exponential,0.9,0,serial,0.24994,0.99969,0.74975,0.99975,130,290,512
32,4,8,50,exponential,0.9,0,cb,0.90825,0.90825,0.00000,3.63300,12,47,1923
32,4,8,50,exponential,0.9,0,stepaware,0.99756,0.99756,0.00000,3.99025,8,197,2074
32,4,8,50,exponential,0.9,1,serial,0.24975,0.99681,0.74706,0.99900,168,292,542
32,4,8,50,exponential,0.9,1,cb,0.80912,0.80912,0.00000,3.23650,9,48,1665
32,4,8,50,exponential,0.9,1,stepaware,0.99938,0.99938,0.00000,3.99750,8,282,2158
32,4,8,50,exponential,0.9,2,serial,0.24875,0.98306,0.73431,0.99500,86,296,564
32,4,8,50,exponential,0.9,2,cb,0.99725,0.99725,0.00000,3.98900,27,63,2065
32,4,8,50,exponential,0.9,2,stepaware,0.17894,0.17894,0.00000,0.71575,5,35,392
32,4,8,50,exponential,0.9,3,serial,0.24988,0.99850,0.74863,0.99950,180,277,516
32,4,8,50,exponential,0.9,3,cb,0.99750,0.99750,0.00000,3.99000,34,67,2222
32,4,8,50,exponential,0.9,3,stepaware,0.34756,0.34756,0.00000,1.39025,5,33,736
32,4,8,50,exponential,0.9,4,serial,0.24969,0.99862,0.74894,0.99875,154,259,530
32,4,8,50,exponential,0.9,4,cb,0.60669,0.60669,0.00000,2.42675,6,37,1300
32,4,8,50,exponential,0.9,4,stepaware,0.61381,0.61381,0.00000,2.45525,6,230,1300
32,4,8,50,lognormal-heavytail,0.0,0,serial,0.24969,0.99800,0.74831,0.99875,191,296,520
32,4,8,50,lognormal-heavytail,0.0,0,cb,0.96494,0.96494,0.00000,3.85975,16,51,1998
32,4,8,50,lognormal-heavytail,0.0,0,stepaware,0.98431,0.98431,0.00000,3.93725,8,159,2044
32,4,8,50,lognormal-heavytail,0.0,1,serial,0.24994,0.99813,0.74819,0.99975,206,289,506
32,4,8,50,lognormal-heavytail,0.0,1,cb,0.94731,0.94731,0.00000,3.78925,14,50,1983
32,4,8,50,lognormal-heavytail,0.0,1,stepaware,0.97950,0.97950,0.00000,3.91800,8,144,2005
32,4,8,50,lognormal-heavytail,0.0,2,serial,0.24994,0.99894,0.74900,0.99975,188,316,521
32,4,8,50,lognormal-heavytail,0.0,2,cb,0.93500,0.93500,0.00000,3.74000,16,55,1881
32,4,8,50,lognormal-heavytail,0.0,2,stepaware,0.98406,0.98406,0.00000,3.93625,8,128,2027
32,4,8,50,lognormal-heavytail,0.0,3,serial,0.25000,0.99925,0.74925,1.00000,208,323,499
32,4,8,50,lognormal-heavytail,0.0,3,cb,0.94237,0.94237,0.00000,3.76950,13,51,1956
32,4,8,50,lognormal-heavytail,0.0,3,stepaware,0.94081,0.94081,0.00000,3.76325,7,104,2032
32,4,8,50,lognormal-heavytail,0.0,4,serial,0.24988,0.99850,0.74863,0.99950,213,310,500
32,4,8,50,lognormal-heavytail,0.0,4,cb,0.92750,0.92750,0.00000,3.71000,14,61,1888
32,4,8,50,lognormal-heavytail,0.0,4,stepaware,0.95300,0.95300,0.00000,3.81200,8,84,2005
32,4,8,50,lognormal-heavytail,0.5,0,serial,0.24994,0.99925,0.74931,0.99975,216,295,493
32,4,8,50,lognormal-heavytail,0.5,0,cb,0.99744,0.99744,0.00000,3.98975,26,56,2138
32,4,8,50,lognormal-heavytail,0.5,0,stepaware,0.99906,0.99906,0.00000,3.99625,7,366,2242
32,4,8,50,lognormal-heavytail,0.5,1,serial,0.25000,0.99906,0.74906,1.00000,197,278,522
32,4,8,50,lognormal-heavytail,0.5,1,cb,0.99644,0.99644,0.00000,3.98575,26,64,2087
32,4,8,50,lognormal-heavytail,0.5,1,stepaware,0.99762,0.99762,0.00000,3.99050,8,427,2137
32,4,8,50,lognormal-heavytail,0.5,2,serial,0.25000,0.99869,0.74869,1.00000,193,267,522
32,4,8,50,lognormal-heavytail,0.5,2,cb,0.99400,0.99400,0.00000,3.97600,25,63,2041
32,4,8,50,lognormal-heavytail,0.5,2,stepaware,0.99938,0.99938,0.00000,3.99750,8,267,2096
32,4,8,50,lognormal-heavytail,0.5,3,serial,0.24988,0.99494,0.74506,0.99950,132,231,524
32,4,8,50,lognormal-heavytail,0.5,3,cb,0.99769,0.99769,0.00000,3.99075,31,68,2041
32,4,8,50,lognormal-heavytail,0.5,3,stepaware,0.99344,0.99344,0.00000,3.97375,8,175,2064
32,4,8,50,lognormal-heavytail,0.5,4,serial,0.24975,0.99850,0.74875,0.99900,199,298,498
32,4,8,50,lognormal-heavytail,0.5,4,cb,0.99975,0.99975,0.00000,3.99900,32,72,2096
32,4,8,50,lognormal-heavytail,0.5,4,stepaware,0.81631,0.81631,0.00000,3.26525,7,49,1705
32,4,8,50,lognormal-heavytail,0.9,0,serial,0.24825,0.97119,0.72294,0.99300,117,334,543
32,4,8,50,lognormal-heavytail,0.9,0,cb,0.99687,0.99687,0.00000,3.98750,28,64,2101
32,4,8,50,lognormal-heavytail,0.9,0,stepaware,0.99713,0.99713,0.00000,3.98850,8,270,2113
32,4,8,50,lognormal-heavytail,0.9,1,serial,0.25000,0.99969,0.74969,1.00000,140,353,523
32,4,8,50,lognormal-heavytail,0.9,1,cb,0.99775,0.99775,0.00000,3.99100,43,79,2155
32,4,8,50,lognormal-heavytail,0.9,1,stepaware,0.99700,0.99700,0.00000,3.98800,8,373,2079
32,4,8,50,lognormal-heavytail,0.9,2,serial,0.24225,0.90363,0.66138,0.96900,50,332,480
32,4,8,50,lognormal-heavytail,0.9,2,cb,0.98913,0.98913,0.00000,3.95650,23,54,2102
32,4,8,50,lognormal-heavytail,0.9,2,stepaware,0.36538,0.36538,0.00000,1.46150,6,46,713
32,4,8,50,lognormal-heavytail,0.9,3,serial,0.24994,0.99938,0.74944,0.99975,178,283,514
32,4,8,50,lognormal-heavytail,0.9,3,cb,0.99894,0.99894,0.00000,3.99575,28,66,2098
32,4,8,50,lognormal-heavytail,0.9,3,stepaware,0.99875,0.99875,0.00000,3.99500,8,453,2181
32,4,8,50,lognormal-heavytail,0.9,4,serial,0.24744,0.97662,0.72919,0.98975,81,204,514
32,4,8,50,lognormal-heavytail,0.9,4,cb,0.99544,0.99544,0.00000,3.98175,27,67,2067
32,4,8,50,lognormal-heavytail,0.9,4,stepaware,0.71537,0.71537,0.00000,2.86150,6,342,1489
32,4,8,200,exponential,0.0,0,serial,0.23763,0.85962,0.62200,0.95050,56,133,520
32,4,8,200,exponential,0.0,0,cb,0.27537,0.27537,0.00000,1.10150,5,37,631
32,4,8,200,exponential,0.0,0,stepaware,0.30106,0.30106,0.00000,1.20425,5,38,636
32,4,8,200,exponential,0.0,1,serial,0.24450,0.90694,0.66244,0.97800,68,163,489
32,4,8,200,exponential,0.0,1,cb,0.30631,0.30631,0.00000,1.22525,5,45,616
32,4,8,200,exponential,0.0,1,stepaware,0.28956,0.28956,0.00000,1.15825,5,31,636
32,4,8,200,exponential,0.0,2,serial,0.23975,0.86987,0.63012,0.95900,50,115,510
32,4,8,200,exponential,0.0,2,cb,0.29119,0.29119,0.00000,1.16475,5,37,626
32,4,8,200,exponential,0.0,2,stepaware,0.30675,0.30675,0.00000,1.22700,5,34,631
32,4,8,200,exponential,0.0,3,serial,0.23713,0.85719,0.62006,0.94850,50,172,493
32,4,8,200,exponential,0.0,3,cb,0.32094,0.32094,0.00000,1.28375,5,35,671
32,4,8,200,exponential,0.0,3,stepaware,0.29800,0.29800,0.00000,1.19200,5,33,674
32,4,8,200,exponential,0.0,4,serial,0.23638,0.88413,0.64775,0.94550,55,177,482
32,4,8,200,exponential,0.0,4,cb,0.29650,0.29650,0.00000,1.18600,4,40,637
32,4,8,200,exponential,0.0,4,stepaware,0.32131,0.32131,0.00000,1.28525,5,41,664
32,4,8,200,exponential,0.5,0,serial,0.22437,0.74406,0.51969,0.89750,38,166,448
32,4,8,200,exponential,0.5,0,cb,0.38681,0.38681,0.00000,1.54725,6,35,805
32,4,8,200,exponential,0.5,0,stepaware,0.22487,0.22487,0.00000,0.89950,5,33,511
32,4,8,200,exponential,0.5,1,serial,0.24863,0.96631,0.71769,0.99450,73,165,518
32,4,8,200,exponential,0.5,1,cb,0.15787,0.15787,0.00000,0.63150,5,33,343
32,4,8,200,exponential,0.5,1,stepaware,0.50800,0.50800,0.00000,2.03200,5,41,1080
32,4,8,200,exponential,0.5,2,serial,0.24988,0.99238,0.74250,0.99950,82,179,513
32,4,8,200,exponential,0.5,2,cb,0.40169,0.40169,0.00000,1.60675,5,39,820
32,4,8,200,exponential,0.5,2,stepaware,0.14281,0.14281,0.00000,0.57125,6,37,290
32,4,8,200,exponential,0.5,3,serial,0.24925,0.99162,0.74238,0.99700,109,214,532
32,4,8,200,exponential,0.5,3,cb,0.56119,0.56119,0.00000,2.24475,6,37,1180
32,4,8,200,exponential,0.5,3,stepaware,0.31756,0.31756,0.00000,1.27025,5,30,701
32,4,8,200,exponential,0.5,4,serial,0.25000,0.99744,0.74744,1.00000,115,237,483
32,4,8,200,exponential,0.5,4,cb,0.18975,0.18975,0.00000,0.75900,5,31,413
32,4,8,200,exponential,0.5,4,stepaware,0.24494,0.24494,0.00000,0.97975,5,36,546
32,4,8,200,exponential,0.9,0,serial,0.23925,0.93225,0.69300,0.95700,171,267,517
32,4,8,200,exponential,0.9,0,cb,0.99519,0.99519,0.00000,3.98075,39,77,2069
32,4,8,200,exponential,0.9,0,stepaware,0.96119,0.96119,0.00000,3.84475,8,184,2082
32,4,8,200,exponential,0.9,1,serial,0.20950,0.62462,0.41512,0.83800,27,127,476
32,4,8,200,exponential,0.9,1,cb,0.97781,0.97781,0.00000,3.91125,22,66,2057
32,4,8,200,exponential,0.9,1,stepaware,0.31381,0.31381,0.00000,1.25525,5,37,649
32,4,8,200,exponential,0.9,2,serial,0.24638,0.95312,0.70675,0.98550,70,155,505
32,4,8,200,exponential,0.9,2,cb,0.20731,0.20731,0.00000,0.82925,7,33,372
32,4,8,200,exponential,0.9,2,stepaware,0.32094,0.32094,0.00000,1.28375,5,35,655
32,4,8,200,exponential,0.9,3,serial,0.15069,0.32894,0.17825,0.60275,13,93,333
32,4,8,200,exponential,0.9,3,cb,0.59525,0.59525,0.00000,2.38100,6,38,1261
32,4,8,200,exponential,0.9,3,stepaware,0.39575,0.39575,0.00000,1.58300,5,38,840
32,4,8,200,exponential,0.9,4,serial,0.24994,0.99231,0.74238,0.99975,133,241,525
32,4,8,200,exponential,0.9,4,cb,0.13219,0.13219,0.00000,0.52875,5,36,277
32,4,8,200,exponential,0.9,4,stepaware,0.99431,0.99431,0.00000,3.97725,8,261,2174
32,4,8,200,lognormal-heavytail,0.0,0,serial,0.24100,0.88594,0.64494,0.96400,61,164,522
32,4,8,200,lognormal-heavytail,0.0,0,cb,0.30781,0.30781,0.00000,1.23125,5,41,649
32,4,8,200,lognormal-heavytail,0.0,0,stepaware,0.32794,0.32794,0.00000,1.31175,6,33,653
32,4,8,200,lognormal-heavytail,0.0,1,serial,0.24094,0.86406,0.62312,0.96375,56,205,538
32,4,8,200,lognormal-heavytail,0.0,1,cb,0.27519,0.27519,0.00000,1.10075,5,38,580
32,4,8,200,lognormal-heavytail,0.0,1,stepaware,0.28263,0.28263,0.00000,1.13050,5,34,615
32,4,8,200,lognormal-heavytail,0.0,2,serial,0.24663,0.96206,0.71544,0.98650,87,185,505
32,4,8,200,lognormal-heavytail,0.0,2,cb,0.32588,0.32588,0.00000,1.30350,5,37,643
32,4,8,200,lognormal-heavytail,0.0,2,stepaware,0.31269,0.31269,0.00000,1.25075,5,40,637
32,4,8,200,lognormal-heavytail,0.0,3,serial,0.24769,0.94437,0.69669,0.99075,65,221,498
32,4,8,200,lognormal-heavytail,0.0,3,cb,0.29756,0.29756,0.00000,1.19025,5,39,637
32,4,8,200,lognormal-heavytail,0.0,3,stepaware,0.29794,0.29794,0.00000,1.19175,5,37,629
32,4,8,200,lognormal-heavytail,0.0,4,serial,0.24106,0.90212,0.66106,0.96425,61,158,508
32,4,8,200,lognormal-heavytail,0.0,4,cb,0.31275,0.31275,0.00000,1.25100,5,37,673
32,4,8,200,lognormal-heavytail,0.0,4,stepaware,0.31231,0.31231,0.00000,1.24925,5,37,670
32,4,8,200,lognormal-heavytail,0.5,0,serial,0.20425,0.59975,0.39550,0.81700,20,103,465
32,4,8,200,lognormal-heavytail,0.5,0,cb,0.30281,0.30281,0.00000,1.21125,4,38,653
32,4,8,200,lognormal-heavytail,0.5,0,stepaware,0.43988,0.43988,0.00000,1.75950,5,42,920
32,4,8,200,lognormal-heavytail,0.5,1,serial,0.24231,0.89481,0.65250,0.96925,52,125,497
32,4,8,200,lognormal-heavytail,0.5,1,cb,0.12969,0.12969,0.00000,0.51875,6,30,269
32,4,8,200,lognormal-heavytail,0.5,1,stepaware,0.15375,0.15375,0.00000,0.61500,5,36,331
32,4,8,200,lognormal-heavytail,0.5,2,serial,0.24813,0.97094,0.72281,0.99250,73,183,540
32,4,8,200,lognormal-heavytail,0.5,2,cb,0.19587,0.19587,0.00000,0.78350,5,34,422
32,4,8,200,lognormal-heavytail,0.5,2,stepaware,0.36075,0.36075,0.00000,1.44300,5,35,770
32,4,8,200,lognormal-heavytail,0.5,3,serial,0.19725,0.56681,0.36956,0.78900,20,117,435
32,4,8,200,lognormal-heavytail,0.5,3,cb,0.52881,0.52881,0.00000,2.11525,6,35,1083
32,4,8,200,lognormal-heavytail,0.5,3,stepaware,0.47806,0.47806,0.00000,1.91225,6,36,1008
32,4,8,200,lognormal-heavytail,0.5,4,serial,0.06969,0.17800,0.10831,0.27875,24,115,141
32,4,8,200,lognormal-heavytail,0.5,4,cb,0.59075,0.59075,0.00000,2.36300,7,41,1214
32,4,8,200,lognormal-heavytail,0.5,4,stepaware,0.45500,0.45500,0.00000,1.82000,5,39,990
32,4,8,200,lognormal-heavytail,0.9,0,serial,0.24988,0.99169,0.74181,0.99950,104,187,501
32,4,8,200,lognormal-heavytail,0.9,0,cb,0.61119,0.61119,0.00000,2.44475,6,39,1296
32,4,8,200,lognormal-heavytail,0.9,0,stepaware,0.24369,0.24369,0.00000,0.97475,5,31,549
32,4,8,200,lognormal-heavytail,0.9,1,serial,0.19156,0.51775,0.32619,0.76625,21,77,400
32,4,8,200,lognormal-heavytail,0.9,1,cb,0.17675,0.17675,0.00000,0.70700,5,41,385
32,4,8,200,lognormal-heavytail,0.9,1,stepaware,0.83225,0.83225,0.00000,3.32900,6,54,1767
32,4,8,200,lognormal-heavytail,0.9,2,serial,0.23694,0.85425,0.61731,0.94775,65,252,517
32,4,8,200,lognormal-heavytail,0.9,2,cb,0.23931,0.23931,0.00000,0.95725,6,33,538
32,4,8,200,lognormal-heavytail,0.9,2,stepaware,0.15031,0.15031,0.00000,0.60125,5,34,328
32,4,8,200,lognormal-heavytail,0.9,3,serial,0.24200,0.90963,0.66763,0.96800,57,141,516
32,4,8,200,lognormal-heavytail,0.9,3,cb,0.40525,0.40525,0.00000,1.62100,6,34,862
32,4,8,200,lognormal-heavytail,0.9,3,stepaware,0.27600,0.27600,0.00000,1.10400,5,33,607
32,4,8,200,lognormal-heavytail,0.9,4,serial,0.13856,0.32625,0.18769,0.55425,17,58,302
32,4,8,200,lognormal-heavytail,0.9,4,cb,0.38544,0.38544,0.00000,1.54175,5,37,811
32,4,8,200,lognormal-heavytail,0.9,4,stepaware,0.22512,0.22512,0.00000,0.90050,5,35,461
32,4,32,50,exponential,0.0,0,serial,0.24994,0.99938,0.74944,0.99975,783,1120,155
32,4,32,50,exponential,0.0,0,cb,0.99944,0.99944,0.00000,3.99775,190,358,499
32,4,32,50,exponential,0.0,0,stepaware,0.99887,0.99887,0.00000,3.99550,33,1933,599
32,4,32,50,exponential,0.0,1,serial,0.24994,0.99925,0.74931,0.99975,956,1196,119
32,4,32,50,exponential,0.0,1,cb,0.99956,0.99956,0.00000,3.99825,193,361,512
32,4,32,50,exponential,0.0,1,stepaware,0.99962,0.99962,0.00000,3.99850,32,1500,566
32,4,32,50,exponential,0.0,2,serial,0.24994,0.99969,0.74975,0.99975,888,1259,132
32,4,32,50,exponential,0.0,2,cb,0.99931,0.99931,0.00000,3.99725,195,350,511
32,4,32,50,exponential,0.0,2,stepaware,0.99956,0.99956,0.00000,3.99825,32,1700,612
32,4,32,50,exponential,0.0,3,serial,0.25000,0.99862,0.74862,1.00000,981,1150,125
32,4,32,50,exponential,0.0,3,cb,0.99994,0.99994,0.00000,3.99975,197,350,517
32,4,32,50,exponential,0.0,3,stepaware,0.99887,0.99887,0.00000,3.99550,32,1668,582
32,4,32,50,exponential,0.0,4,serial,0.24994,0.99913,0.74919,0.99975,744,1254,144
32,4,32,50,exponential,0.0,4,cb,0.99975,0.99975,0.00000,3.99900,207,361,490
32,4,32,50,exponential,0.0,4,stepaware,0.99950,0.99950,0.00000,3.99800,32,1386,602
32,4,32,50,exponential,0.5,0,serial,0.24994,0.99850,0.74856,0.99975,824,1119,138
32,4,32,50,exponential,0.5,0,cb,0.99856,0.99856,0.00000,3.99425,195,315,515
32,4,32,50,exponential,0.5,0,stepaware,0.99856,0.99856,0.00000,3.99425,34,1756,547
32,4,32,50,exponential,0.5,1,serial,0.24994,0.99956,0.74962,0.99975,875,1133,134
32,4,32,50,exponential,0.5,1,cb,0.99913,0.99913,0.00000,3.99650,198,365,501
32,4,32,50,exponential,0.5,1,stepaware,0.99781,0.99781,0.00000,3.99125,27,2093,588
32,4,32,50,exponential,0.5,2,serial,0.24994,0.99938,0.74944,0.99975,818,1108,135
32,4,32,50,exponential,0.5,2,cb,0.99925,0.99925,0.00000,3.99700,182,364,518
32,4,32,50,exponential,0.5,2,stepaware,0.99869,0.99869,0.00000,3.99475,33,1979,587
32,4,32,50,exponential,0.5,3,serial,0.24994,0.99950,0.74956,0.99975,824,1378,128
32,4,32,50,exponential,0.5,3,cb,0.99806,0.99806,0.00000,3.99225,177,303,528
32,4,32,50,exponential,0.5,3,stepaware,0.99862,0.99862,0.00000,3.99450,36,1471,539
32,4,32,50,exponential,0.5,4,serial,0.24994,0.99900,0.74906,0.99975,935,1531,107
32,4,32,50,exponential,0.5,4,cb,0.99850,0.99850,0.00000,3.99400,189,322,497
32,4,32,50,exponential,0.5,4,stepaware,0.99887,0.99887,0.00000,3.99550,35,1641,567
32,4,32,50,exponential,0.9,0,serial,0.24994,0.99962,0.74969,0.99975,874,1259,123
32,4,32,50,exponential,0.9,0,cb,0.99931,0.99931,0.00000,3.99725,222,364,463
32,4,32,50,exponential,0.9,0,stepaware,0.99956,0.99956,0.00000,3.99825,36,1610,547
32,4,32,50,exponential,0.9,1,serial,0.25000,0.99944,0.74944,1.00000,852,1171,123
32,4,32,50,exponential,0.9,1,cb,0.99913,0.99913,0.00000,3.99650,192,343,485
32,4,32,50,exponential,0.9,1,stepaware,0.99913,0.99913,0.00000,3.99650,37,1575,542
32,4,32,50,exponential,0.9,2,serial,0.25000,0.99956,0.74956,1.00000,830,1493,108
32,4,32,50,exponential,0.9,2,cb,0.99938,0.99938,0.00000,3.99750,165,342,533
32,4,32,50,exponential,0.9,2,stepaware,0.99975,0.99975,0.00000,3.99900,33,1775,562
32,4,32,50,exponential,0.9,3,serial,0.24988,0.99806,0.74819,0.99950,1026,1318,114
32,4,32,50,exponential,0.9,3,cb,0.99869,0.99869,0.00000,3.99475,201,311,522
32,4,32,50,exponential,0.9,3,stepaware,0.99906,0.99906,0.00000,3.99625,32,1735,594
32,4,32,50,exponential,0.9,4,serial,0.24975,0.99819,0.74844,0.99900,767,1200,122
32,4,32,50,exponential,0.9,4,cb,0.99844,0.99844,0.00000,3.99375,179,366,499
32,4,32,50,exponential,0.9,4,stepaware,0.99925,0.99925,0.00000,3.99700,33,1483,583
32,4,32,50,lognormal-heavytail,0.0,0,serial,0.25000,0.99956,0.74956,1.00000,903,1376,132
32,4,32,50,lognormal-heavytail,0.0,0,cb,0.99950,0.99950,0.00000,3.99800,188,350,509
32,4,32,50,lognormal-heavytail,0.0,0,stepaware,0.99831,0.99831,0.00000,3.99325,33,1853,572
32,4,32,50,lognormal-heavytail,0.0,1,serial,0.24994,0.99962,0.74969,0.99975,878,1522,119
32,4,32,50,lognormal-heavytail,0.0,1,cb,0.99950,0.99950,0.00000,3.99800,218,352,480
32,4,32,50,lognormal-heavytail,0.0,1,stepaware,0.99862,0.99862,0.00000,3.99450,34,2046,564
32,4,32,50,lognormal-heavytail,0.0,2,serial,0.25000,0.99925,0.74925,1.00000,1101,1633,101
32,4,32,50,lognormal-heavytail,0.0,2,cb,0.99894,0.99894,0.00000,3.99575,207,351,488
32,4,32,50,lognormal-heavytail,0.0,2,stepaware,0.99844,0.99844,0.00000,3.99375,34,1999,556
32,4,32,50,lognormal-heavytail,0.0,3,serial,0.24950,0.99769,0.74819,0.99800,955,1236,121
32,4,32,50,lognormal-heavytail,0.0,3,cb,0.99944,0.99944,0.00000,3.99775,197,319,522
32,4,32,50,lognormal-heavytail,0.0,3,stepaware,0.99862,0.99862,0.00000,3.99450,36,1767,556
32,4,32,50,lognormal-heavytail,0.0,4,serial,0.24981,0.99825,0.74844,0.99925,922,1539,115
32,4,32,50,lognormal-heavytail,0.0,4,cb,0.99862,0.99862,0.00000,3.99450,217,393,460
32,4,32,50,lognormal-heavytail,0.0,4,stepaware,0.99906,0.99906,0.00000,3.99625,32,2072,596
32,4,32,50,lognormal-heavytail,0.5,0,serial,0.25000,0.99975,0.74975,1.00000,905,1404,117
32,4,32,50,lognormal-heavytail,0.5,0,cb,0.99887,0.99887,0.00000,3.99550,108,286,516
32,4,32,50,lognormal-heavytail,0.5,0,stepaware,0.99825,0.99825,0.00000,3.99300,31,2330,597
32,4,32,50,lognormal-heavytail,0.5,1,serial,0.24975,0.99869,0.74894,0.99900,927,1189,126
32,4,32,50,lognormal-heavytail,0.5,1,cb,0.99687,0.99687,0.00000,3.98750,89,249,556
32,4,32,50,lognormal-heavytail,0.5,1,stepaware,0.99969,0.99969,0.00000,3.99875,34,1772,562
32,4,32,50,lognormal-heavytail,0.5,2,serial,0.25000,0.99969,0.74969,1.00000,607,1026,147
32,4,32,50,lognormal-heavytail,0.5,2,cb,0.99906,0.99906,0.00000,3.99625,181,324,515
32,4,32,50,lognormal-heavytail,0.5,2,stepaware,0.99738,0.99738,0.00000,3.98950,33,1851,573
32,4,32,50,lognormal-heavytail,0.5,3,serial,0.25000,0.99950,0.74950,1.00000,830,1157,138
32,4,32,50,lognormal-heavytail,0.5,3,cb,0.99931,0.99931,0.00000,3.99725,221,340,483
32,4,32,50,lognormal-heavytail,0.5,3,stepaware,0.99944,0.99944,0.00000,3.99775,33,2094,568
32,4,32,50,lognormal-heavytail,0.5,4,serial,0.24988,0.99894,0.74906,0.99950,893,1560,113
32,4,32,50,lognormal-heavytail,0.5,4,cb,0.99931,0.99931,0.00000,3.99725,168,307,505
32,4,32,50,lognormal-heavytail,0.5,4,stepaware,0.99869,0.99869,0.00000,3.99475,30,2294,590
32,4,32,50,lognormal-heavytail,0.9,0,serial,0.25000,0.99962,0.74962,1.00000,957,1176,97
32,4,32,50,lognormal-heavytail,0.9,0,cb,0.99250,0.99250,0.00000,3.97000,141,315,513
32,4,32,50,lognormal-heavytail,0.9,0,stepaware,0.99913,0.99913,0.00000,3.99650,36,1593,551
32,4,32,50,lognormal-heavytail,0.9,1,serial,0.24988,0.99856,0.74869,0.99950,856,1131,134
32,4,32,50,lognormal-heavytail,0.9,1,cb,0.65219,0.65219,0.00000,2.60875,36,195,310
32,4,32,50,lognormal-heavytail,0.9,1,stepaware,0.99906,0.99906,0.00000,3.99625,34,944,544
32,4,32,50,lognormal-heavytail,0.9,2,serial,0.25000,0.99931,0.74931,1.00000,968,1308,116
32,4,32,50,lognormal-heavytail,0.9,2,cb,0.99900,0.99900,0.00000,3.99600,187,328,497
32,4,32,50,lognormal-heavytail,0.9,2,stepaware,0.99944,0.99944,0.00000,3.99775,35,1365,573
32,4,32,50,lognormal-heavytail,0.9,3,serial,0.25000,0.99975,0.74975,1.00000,712,1008,121
32,4,32,50,lognormal-heavytail,0.9,3,cb,0.99950,0.99950,0.00000,3.99800,197,323,525
32,4,32,50,lognormal-heavytail,0.9,3,stepaware,0.97488,0.97488,0.00000,3.89950,41,902,454
32,4,32,50,lognormal-heavytail,0.9,4,serial,0.24994,0.99906,0.74912,0.99975,940,1280,123
32,4,32,50,lognormal-heavytail,0.9,4,cb,0.99956,0.99956,0.00000,3.99825,119,331,520
32,4,32,50,lognormal-heavytail,0.9,4,stepaware,0.99900,0.99900,0.00000,3.99600,32,1403,598
32,4,32,200,exponential,0.0,0,serial,0.24981,0.99138,0.74156,0.99925,600,858,148
32,4,32,200,exponential,0.0,0,cb,0.93344,0.93344,0.00000,3.73375,57,188,489
32,4,32,200,exponential,0.0,0,stepaware,0.97500,0.97500,0.00000,3.90000,35,649,492
32,4,32,200,exponential,0.0,1,serial,0.24925,0.99444,0.74519,0.99700,632,876,150
32,4,32,200,exponential,0.0,1,cb,0.94519,0.94519,0.00000,3.78075,69,227,473
32,4,32,200,exponential,0.0,1,stepaware,0.99313,0.99313,0.00000,3.97250,36,912,476
32,4,32,200,exponential,0.0,2,serial,0.24988,0.99819,0.74831,0.99950,611,1236,134
32,4,32,200,exponential,0.0,2,cb,0.97875,0.97875,0.00000,3.91500,70,229,481
32,4,32,200,exponential,0.0,2,stepaware,0.99475,0.99475,0.00000,3.97900,33,539,507
32,4,32,200,exponential,0.0,3,serial,0.24944,0.99631,0.74688,0.99775,764,944,129
32,4,32,200,exponential,0.0,3,cb,0.95944,0.95944,0.00000,3.83775,61,193,491
32,4,32,200,exponential,0.0,3,stepaware,0.96462,0.96462,0.00000,3.85850,30,423,514
32,4,32,200,exponential,0.0,4,serial,0.24950,0.99162,0.74212,0.99800,666,1022,128
32,4,32,200,exponential,0.0,4,cb,0.95675,0.95675,0.00000,3.82700,64,204,474
32,4,32,200,exponential,0.0,4,stepaware,0.97744,0.97744,0.00000,3.90975,31,400,506
32,4,32,200,exponential,0.5,0,serial,0.24994,0.99550,0.74556,0.99975,758,1010,133
32,4,32,200,exponential,0.5,0,cb,0.37919,0.37919,0.00000,1.51675,24,156,198
32,4,32,200,exponential,0.5,0,stepaware,0.98856,0.98856,0.00000,3.95425,33,578,533
32,4,32,200,exponential,0.5,1,serial,0.24944,0.99500,0.74556,0.99775,629,1044,142
32,4,32,200,exponential,0.5,1,cb,0.84413,0.84413,0.00000,3.37650,43,184,455
32,4,32,200,exponential,0.5,1,stepaware,0.99762,0.99762,0.00000,3.99050,34,661,519
32,4,32,200,exponential,0.5,2,serial,0.24988,0.99850,0.74863,0.99950,903,1302,117
32,4,32,200,exponential,0.5,2,cb,0.43831,0.43831,0.00000,1.75325,31,153,200
32,4,32,200,exponential,0.5,2,stepaware,0.99519,0.99519,0.00000,3.98075,33,568,542
32,4,32,200,exponential,0.5,3,serial,0.24975,0.99844,0.74869,0.99900,471,797,146
32,4,32,200,exponential,0.5,3,cb,0.70869,0.70869,0.00000,2.83475,40,176,327
32,4,32,200,exponential,0.5,3,stepaware,0.99419,0.99419,0.00000,3.97675,33,667,529
32,4,32,200,exponential,0.5,4,serial,0.24975,0.99775,0.74800,0.99900,579,1327,117
32,4,32,200,exponential,0.5,4,cb,0.69525,0.69525,0.00000,2.78100,28,137,373
32,4,32,200,exponential,0.5,4,stepaware,0.99313,0.99313,0.00000,3.97250,37,894,523
32,4,32,200,exponential,0.9,0,serial,0.24988,0.99569,0.74581,0.99950,873,1243,112
32,4,32,200,exponential,0.9,0,cb,0.90881,0.90881,0.00000,3.63525,50,170,470
32,4,32,200,exponential,0.9,0,stepaware,0.99187,0.99187,0.00000,3.96750,33,1618,577
32,4,32,200,exponential,0.9,1,serial,0.24975,0.99575,0.74600,0.99900,795,1026,126
32,4,32,200,exponential,0.9,1,cb,0.99313,0.99313,0.00000,3.97250,135,264,479
32,4,32,200,exponential,0.9,1,stepaware,0.99325,0.99325,0.00000,3.97300,32,1536,558
32,4,32,200,exponential,0.9,2,serial,0.24994,0.99731,0.74738,0.99975,666,799,135
32,4,32,200,exponential,0.9,2,cb,0.96150,0.96150,0.00000,3.84600,67,278,484
32,4,32,200,exponential,0.9,2,stepaware,0.99381,0.99381,0.00000,3.97525,33,1444,554
32,4,32,200,exponential,0.9,3,serial,0.24925,0.99462,0.74538,0.99700,731,876,140
32,4,32,200,exponential,0.9,3,cb,0.84894,0.84894,0.00000,3.39575,39,169,414
32,4,32,200,exponential,0.9,3,stepaware,0.93394,0.93394,0.00000,3.73575,33,248,481
32,4,32,200,exponential,0.9,4,serial,0.24981,0.99762,0.74781,0.99925,815,1001,132
32,4,32,200,exponential,0.9,4,cb,0.95637,0.95637,0.00000,3.82550,77,207,445
32,4,32,200,exponential,0.9,4,stepaware,0.99750,0.99750,0.00000,3.99000,31,1141,589
32,4,32,200,lognormal-heavytail,0.0,0,serial,0.24950,0.99650,0.74700,0.99800,702,1060,137
32,4,32,200,lognormal-heavytail,0.0,0,cb,0.89375,0.89375,0.00000,3.57500,52,188,470
32,4,32,200,lognormal-heavytail,0.0,0,stepaware,0.99231,0.99231,0.00000,3.96925,35,797,499
32,4,32,200,lognormal-heavytail,0.0,1,serial,0.24981,0.99575,0.74594,0.99925,838,1013,126
32,4,32,200,lognormal-heavytail,0.0,1,cb,0.98938,0.98938,0.00000,3.95750,90,230,478
32,4,32,200,lognormal-heavytail,0.0,1,stepaware,0.99131,0.99131,0.00000,3.96525,33,578,502
32,4,32,200,lognormal-heavytail,0.0,2,serial,0.24975,0.99681,0.74706,0.99900,1010,1293,99
32,4,32,200,lognormal-heavytail,0.0,2,cb,0.97662,0.97662,0.00000,3.90650,73,221,486
32,4,32,200,lognormal-heavytail,0.0,2,stepaware,0.97450,0.97450,0.00000,3.89800,33,413,529
32,4,32,200,lognormal-heavytail,0.0,3,serial,0.24988,0.99787,0.74800,0.99950,752,1016,131
32,4,32,200,lognormal-heavytail,0.0,3,cb,0.94137,0.94137,0.00000,3.76550,71,220,469
32,4,32,200,lognormal-heavytail,0.0,3,stepaware,0.97888,0.97888,0.00000,3.91550,34,551,489
32,4,32,200,lognormal-heavytail,0.0,4,serial,0.24981,0.99681,0.74700,0.99925,885,1080,115
32,4,32,200,lognormal-heavytail,0.0,4,cb,0.95537,0.95537,0.00000,3.82150,62,205,538
32,4,32,200,lognormal-heavytail,0.0,4,stepaware,0.99694,0.99694,0.00000,3.98775,37,783,472
32,4,32,200,lognormal-heavytail,0.5,0,serial,0.24969,0.99556,0.74588,0.99875,999,1129,116
32,4,32,200,lognormal-heavytail,0.5,0,cb,0.97656,0.97656,0.00000,3.90625,74,230,479
32,4,32,200,lognormal-heavytail,0.5,0,stepaware,0.99300,0.99300,0.00000,3.97200,36,1019,502
32,4,32,200,lognormal-heavytail,0.5,1,serial,0.24925,0.99438,0.74513,0.99700,947,1160,118
32,4,32,200,lognormal-heavytail,0.5,1,cb,0.99587,0.99587,0.00000,3.98350,148,289,519
32,4,32,200,lognormal-heavytail,0.5,1,stepaware,0.99575,0.99575,0.00000,3.98300,34,1313,548
32,4,32,200,lognormal-heavytail,0.5,2,serial,0.25000,0.99894,0.74894,1.00000,700,1052,151
32,4,32,200,lognormal-heavytail,0.5,2,cb,0.99906,0.99906,0.00000,3.99625,146,291,508
32,4,32,200,lognormal-heavytail,0.5,2,stepaware,0.75819,0.75819,0.00000,3.03275,27,254,381
32,4,32,200,lognormal-heavytail,0.5,3,serial,0.24925,0.99600,0.74675,0.99700,781,953,127
32,4,32,200,lognormal-heavytail,0.5,3,cb,0.53863,0.53863,0.00000,2.15450,33,137,270
32,4,32,200,lognormal-heavytail,0.5,3,stepaware,0.99587,0.99587,0.00000,3.98350,32,603,535
32,4,32,200,lognormal-heavytail,0.5,4,serial,0.24994,0.99687,0.74694,0.99975,597,1067,133
32,4,32,200,lognormal-heavytail,0.5,4,cb,0.99806,0.99806,0.00000,3.99225,149,326,474
32,4,32,200,lognormal-heavytail,0.5,4,stepaware,0.99287,0.99287,0.00000,3.97150,35,1185,523
32,4,32,200,lognormal-heavytail,0.9,0,serial,0.24919,0.98950,0.74031,0.99675,671,972,145
32,4,32,200,lognormal-heavytail,0.9,0,cb,0.79763,0.79763,0.00000,3.19050,33,139,412
32,4,32,200,lognormal-heavytail,0.9,0,stepaware,0.99338,0.99338,0.00000,3.97350,34,1296,543
32,4,32,200,lognormal-heavytail,0.9,1,serial,0.24975,0.99706,0.74731,0.99900,723,928,131
32,4,32,200,lognormal-heavytail,0.9,1,cb,0.38662,0.38662,0.00000,1.54650,28,186,203
32,4,32,200,lognormal-heavytail,0.9,1,stepaware,0.39513,0.39513,0.00000,1.58050,24,174,203
32,4,32,200,lognormal-heavytail,0.9,2,serial,0.24994,0.99900,0.74906,0.99975,631,913,138
32,4,32,200,lognormal-heavytail,0.9,2,cb,0.59619,0.59619,0.00000,2.38475,29,165,316
32,4,32,200,lognormal-heavytail,0.9,2,stepaware,0.76256,0.76256,0.00000,3.05025,26,158,412
32,4,32,200,lognormal-heavytail,0.9,3,serial,0.24963,0.99544,0.74581,0.99850,610,1212,125
32,4,32,200,lognormal-heavytail,0.9,3,cb,0.99206,0.99206,0.00000,3.96825,130,300,498
32,4,32,200,lognormal-heavytail,0.9,3,stepaware,0.99769,0.99769,0.00000,3.99075,31,1364,595
32,4,32,200,lognormal-heavytail,0.9,4,serial,0.24950,0.99425,0.74475,0.99800,614,1357,124
32,4,32,200,lognormal-heavytail,0.9,4,cb,0.99206,0.99206,0.00000,3.96825,93,227,518
32,4,32,200,lognormal-heavytail,0.9,4,stepaware,0.99462,0.99462,0.00000,3.97850,35,1980,480
32,8,8,50,exponential,0.0,0,serial,0.12494,0.99831,0.87338,0.99950,182,315,532
32,8,8,50,exponential,0.0,0,cb,0.54478,0.54478,0.00000,4.35825,5,36,2295
32,8,8,50,exponential,0.0,0,stepaware,0.53328,0.53328,0.00000,4.26625,5,36,2311
32,8,8,50,exponential,0.0,1,serial,0.12500,0.99869,0.87369,1.00000,195,312,512
32,8,8,50,exponential,0.0,1,cb,0.53275,0.53275,0.00000,4.26200,5,40,2233
32,8,8,50,exponential,0.0,1,stepaware,0.54234,0.54234,0.00000,4.33875,5,37,2270
32,8,8,50,exponential,0.0,2,serial,0.12491,0.99831,0.87341,0.99925,203,316,500
32,8,8,50,exponential,0.0,2,cb,0.53650,0.53650,0.00000,4.29200,5,39,2272
32,8,8,50,exponential,0.0,2,stepaware,0.54556,0.54556,0.00000,4.36450,5,37,2264
32,8,8,50,exponential,0.0,3,serial,0.12500,0.99813,0.87313,1.00000,202,289,508
32,8,8,50,exponential,0.0,3,cb,0.54703,0.54703,0.00000,4.37625,5,40,2234
32,8,8,50,exponential,0.0,3,stepaware,0.55297,0.55297,0.00000,4.42375,5,39,2308
32,8,8,50,exponential,0.0,4,serial,0.12497,0.99822,0.87325,0.99975,177,329,547
32,8,8,50,exponential,0.0,4,cb,0.54378,0.54378,0.00000,4.35025,5,38,2338
32,8,8,50,exponential,0.0,4,stepaware,0.54731,0.54731,0.00000,4.37850,5,35,2297
32,8,8,50,exponential,0.5,0,serial,0.12487,0.99731,0.87244,0.99900,160,260,557
32,8,8,50,exponential,0.5,0,cb,0.65225,0.65225,0.00000,5.21800,5,38,2722
32,8,8,50,exponential,0.5,0,stepaware,0.45841,0.45841,0.00000,3.66725,5,37,1988
32,8,8,50,exponential,0.5,1,serial,0.12500,0.99756,0.87256,1.00000,155,319,546
32,8,8,50,exponential,0.5,1,cb,0.38241,0.38241,0.00000,3.05925,5,35,1588
32,8,8,50,exponential,0.5,1,stepaware,0.35087,0.35087,0.00000,2.80700,5,35,1524
32,8,8,50,exponential,0.5,2,serial,0.12497,0.99787,0.87291,0.99975,188,321,527
32,8,8,50,exponential,0.5,2,cb,0.42453,0.42453,0.00000,3.39625,5,36,1823
32,8,8,50,exponential,0.5,2,stepaware,0.74913,0.74913,0.00000,5.99300,6,39,3094
32,8,8,50,exponential,0.5,3,serial,0.12500,0.99772,0.87272,1.00000,164,252,566
32,8,8,50,exponential,0.5,3,cb,0.22812,0.22812,0.00000,1.82500,5,40,961
32,8,8,50,exponential,0.5,3,stepaware,0.83378,0.83378,0.00000,6.67025,5,47,3494
32,8,8,50,exponential,0.5,4,serial,0.12500,0.99847,0.87347,1.00000,213,327,481
32,8,8,50,exponential,0.5,4,cb,0.75669,0.75669,0.00000,6.05350,6,38,3143
32,8,8,50,exponential,0.5,4,stepaware,0.84097,0.84097,0.00000,6.72775,6,44,3495
32,8,8,50,exponential,0.9,0,serial,0.12462,0.95022,0.82559,0.99700,83,334,511
32,8,8,50,exponential,0.9,0,cb,0.35275,0.35275,0.00000,2.82200,5,40,1455
32,8,8,50,exponential,0.9,0,stepaware,0.90231,0.90231,0.00000,7.21850,6,46,3881
32,8,8,50,exponential,0.9,1,serial,0.12497,0.99828,0.87331,0.99975,184,317,527
32,8,8,50,exponential,0.9,1,cb,0.36397,0.36397,0.00000,2.91175,5,37,1493
32,8,8,50,exponential,0.9,1,stepaware,0.99719,0.99719,0.00000,7.97750,6,128,4301
32,8,8,50,exponential,0.9,2,serial,0.12500,0.99934,0.87434,1.00000,189,254,553
32,8,8,50,exponential,0.9,2,cb,0.99506,0.99506,0.00000,7.96050,15,46,4202
32,8,8,50,exponential,0.9,2,stepaware,0.99528,0.99528,0.00000,7.96225,7,148,4225
32,8,8,50,exponential,0.9,3,serial,0.12500,0.99791,0.87291,1.00000,191,317,518
32,8,8,50,exponential,0.9,3,cb,0.94994,0.94994,0.00000,7.59950,9,39,4073
32,8,8,50,exponential,0.9,3,stepaware,0.23384,0.23384,0.00000,1.87075,4,33,1052
32,8,8,50,exponential,0.9,4,serial,0.12500,0.99859,0.87359,1.00000,164,281,528
32,8,8,50,exponential,0.9,4,cb,0.08381,0.08381,0.00000,0.67050,5,33,347
32,8,8,50,exponential,0.9,4,stepaware,0.84584,0.84584,0.00000,6.76675,6,41,3578
32,8,8,50,lognormal-heavytail,0.0,0,serial,0.12487,0.99813,0.87325,0.99900,209,329,485
32,8,8,50,lognormal-heavytail,0.0,0,cb,0.50766,0.50766,0.00000,4.06125,5,39,2100
32,8,8,50,lognormal-heavytail,0.0,0,stepaware,0.49806,0.49806,0.00000,3.98450,5,36,2162
32,8,8,50,lognormal-heavytail,0.0,1,serial,0.12500,0.99891,0.87391,1.00000,200,300,514
32,8,8,50,lognormal-heavytail,0.0,1,cb,0.55956,0.55956,0.00000,4.47650,5,35,2381
32,8,8,50,lognormal-heavytail,0.0,1,stepaware,0.54659,0.54659,0.00000,4.37275,5,36,2283
32,8,8,50,lognormal-heavytail,0.0,2,serial,0.12500,0.99784,0.87284,1.00000,219,331,488
32,8,8,50,lognormal-heavytail,0.0,2,cb,0.55788,0.55788,0.00000,4.46300,5,38,2354
32,8,8,50,lognormal-heavytail,0.0,2,stepaware,0.53891,0.53891,0.00000,4.31125,5,35,2370
32,8,8,50,lognormal-heavytail,0.0,3,serial,0.12500,0.99884,0.87384,1.00000,201,290,519
32,8,8,50,lognormal-heavytail,0.0,3,cb,0.55703,0.55703,0.00000,4.45625,5,37,2339
32,8,8,50,lognormal-heavytail,0.0,3,stepaware,0.54816,0.54816,0.00000,4.38525,5,36,2289
32,8,8,50,lognormal-heavytail,0.0,4,serial,0.12500,0.99753,0.87253,1.00000,180,301,539
32,8,8,50,lognormal-heavytail,0.0,4,cb,0.51050,0.51050,0.00000,4.08400,5,38,2158
32,8,8,50,lognormal-heavytail,0.0,4,stepaware,0.58584,0.58584,0.00000,4.68675,5,37,2390
32,8,8,50,lognormal-heavytail,0.5,0,serial,0.12500,0.99900,0.87400,1.00000,209,299,506
32,8,8,50,lognormal-heavytail,0.5,0,cb,0.71625,0.71625,0.00000,5.73000,6,37,2969
32,8,8,50,lognormal-heavytail,0.5,0,stepaware,0.66163,0.66163,0.00000,5.29300,5,36,2717
32,8,8,50,lognormal-heavytail,0.5,1,serial,0.12500,0.99862,0.87362,1.00000,205,361,497
32,8,8,50,lognormal-heavytail,0.5,1,cb,0.79972,0.79972,0.00000,6.39775,6,36,3363
32,8,8,50,lognormal-heavytail,0.5,1,stepaware,0.77369,0.77369,0.00000,6.18950,5,38,3236
32,8,8,50,lognormal-heavytail,0.5,2,serial,0.12491,0.98634,0.86144,0.99925,99,227,527
32,8,8,50,lognormal-heavytail,0.5,2,cb,0.54847,0.54847,0.00000,4.38775,5,36,2315
32,8,8,50,lognormal-heavytail,0.5,2,stepaware,0.89581,0.89581,0.00000,7.16650,6,54,3624
32,8,8,50,lognormal-heavytail,0.5,3,serial,0.12497,0.99769,0.87272,0.99975,176,311,532
32,8,8,50,lognormal-heavytail,0.5,3,cb,0.64728,0.64728,0.00000,5.17825,5,35,2783
32,8,8,50,lognormal-heavytail,0.5,3,stepaware,0.22787,0.22787,0.00000,1.82300,5,38,975
32,8,8,50,lognormal-heavytail,0.5,4,serial,0.12500,0.99750,0.87250,1.00000,174,289,568
32,8,8,50,lognormal-heavytail,0.5,4,cb,0.19794,0.19794,0.00000,1.58350,5,40,811
32,8,8,50,lognormal-heavytail,0.5,4,stepaware,0.70688,0.70688,0.00000,5.65500,5,37,3012
32,8,8,50,lognormal-heavytail,0.9,0,serial,0.12500,0.99913,0.87413,1.00000,183,277,533
32,8,8,50,lognormal-heavytail,0.9,0,cb,0.56316,0.56316,0.00000,4.50525,6,38,2260
32,8,8,50,lognormal-heavytail,0.9,0,stepaware,0.98866,0.98866,0.00000,7.90925,7,73,4182
32,8,8,50,lognormal-heavytail,0.9,1,serial,0.12500,0.99872,0.87372,1.00000,197,309,519
32,8,8,50,lognormal-heavytail,0.9,1,cb,0.66456,0.66456,0.00000,5.31650,5,38,2778
32,8,8,50,lognormal-heavytail,0.9,1,stepaware,0.99497,0.99497,0.00000,7.95975,7,109,4219
32,8,8,50,lognormal-heavytail,0.9,2,serial,0.12500,0.99856,0.87356,1.00000,165,266,552
32,8,8,50,lognormal-heavytail,0.9,2,cb,0.99781,0.99781,0.00000,7.98250,17,50,4172
32,8,8,50,lognormal-heavytail,0.9,2,stepaware,0.38866,0.38866,0.00000,3.10925,5,38,1623
32,8,8,50,lognormal-heavytail,0.9,3,serial,0.12500,0.99875,0.87375,1.00000,179,307,488
32,8,8,50,lognormal-heavytail,0.9,3,cb,0.99747,0.99747,0.00000,7.97975,20,52,4249
32,8,8,50,lognormal-heavytail,0.9,3,stepaware,0.99866,0.99866,0.00000,7.98925,7,151,4218
32,8,8,50,lognormal-heavytail,0.9,4,serial,0.12497,0.99841,0.87344,0.99975,178,266,554
32,8,8,50,lognormal-heavytail,0.9,4,cb,0.11419,0.11419,0.00000,0.91350,6,33,488
32,8,8,50,lognormal-heavytail,0.9,4,stepaware,0.98725,0.98725,0.00000,7.89800,6,89,4183
32,8,8,200,exponential,0.0,0,serial,0.12287,0.80869,0.68581,0.98300,60,137,538
32,8,8,200,exponential,0.0,0,cb,0.14341,0.14341,0.00000,1.14725,5,33,629
32,8,8,200,exponential,0.0,0,stepaware,0.14594,0.14594,0.00000,1.16750,5,36,618
32,8,8,200,exponential,0.0,1,serial,0.11881,0.74113,0.62231,0.95050,51,166,502
32,8,8,200,exponential,0.0,1,cb,0.16375,0.16375,0.00000,1.31000,5,37,665
32,8,8,200,exponential,0.0,1,stepaware,0.14050,0.14050,0.00000,1.12400,5,33,616
32,8,8,200,exponential,0.0,2,serial,0.12225,0.75831,0.63606,0.97800,55,177,488
32,8,8,200,exponential,0.0,2,cb,0.15078,0.15078,0.00000,1.20625,5,36,653
32,8,8,200,exponential,0.0,2,stepaware,0.15372,0.15372,0.00000,1.22975,6,32,627
32,8,8,200,exponential,0.0,3,serial,0.12034,0.73741,0.61706,0.96275,52,154,508
32,8,8,200,exponential,0.0,3,cb,0.15331,0.15331,0.00000,1.22650,5,33,670
32,8,8,200,exponential,0.0,3,stepaware,0.15528,0.15528,0.00000,1.24225,6,35,645
32,8,8,200,exponential,0.0,4,serial,0.12097,0.70209,0.58113,0.96775,47,197,499
32,8,8,200,exponential,0.0,4,cb,0.15538,0.15538,0.00000,1.24300,5,34,654
32,8,8,200,exponential,0.0,4,stepaware,0.15309,0.15309,0.00000,1.22475,5,38,626
32,8,8,200,exponential,0.5,0,serial,0.12459,0.96256,0.83797,0.99675,101,201,526
32,8,8,200,exponential,0.5,0,cb,0.19325,0.19325,0.00000,1.54600,5,36,838
32,8,8,200,exponential,0.5,0,stepaware,0.21716,0.21716,0.00000,1.73725,5,40,842
32,8,8,200,exponential,0.5,1,serial,0.12450,0.96394,0.83944,0.99600,86,280,516
32,8,8,200,exponential,0.5,1,cb,0.17397,0.17397,0.00000,1.39175,5,37,778
32,8,8,200,exponential,0.5,1,stepaware,0.18966,0.18966,0.00000,1.51725,5,36,816
32,8,8,200,exponential,0.5,2,serial,0.12456,0.99194,0.86738,0.99650,130,241,519
32,8,8,200,exponential,0.5,2,cb,0.14781,0.14781,0.00000,1.18250,5,31,622
32,8,8,200,exponential,0.5,2,stepaware,0.11919,0.11919,0.00000,0.95350,5,37,470
32,8,8,200,exponential,0.5,3,serial,0.11547,0.53925,0.42378,0.92375,33,113,482
32,8,8,200,exponential,0.5,3,cb,0.11663,0.11663,0.00000,0.93300,6,35,458
32,8,8,200,exponential,0.5,3,stepaware,0.14700,0.14700,0.00000,1.17600,5,39,598
32,8,8,200,exponential,0.5,4,serial,0.08100,0.24850,0.16750,0.64800,15,104,349
32,8,8,200,exponential,0.5,4,cb,0.19984,0.19984,0.00000,1.59875,5,35,856
32,8,8,200,exponential,0.5,4,stepaware,0.22791,0.22791,0.00000,1.82325,5,37,951
32,8,8,200,exponential,0.9,0,serial,0.12006,0.82578,0.70572,0.96050,76,300,483
32,8,8,200,exponential,0.9,0,cb,0.11756,0.11756,0.00000,0.94050,5,38,483
32,8,8,200,exponential,0.9,0,stepaware,0.71803,0.71803,0.00000,5.74425,5,37,3012
32,8,8,200,exponential,0.9,1,serial,0.12303,0.95888,0.83584,0.98425,116,210,509
32,8,8,200,exponential,0.9,1,cb,0.19116,0.19116,0.00000,1.52925,5,36,778
32,8,8,200,exponential,0.9,1,stepaware,0.98113,0.98113,0.00000,7.84900,5,115,4056
32,8,8,200,exponential,0.9,2,serial,0.07206,0.22625,0.15419,0.57650,21,70,316
32,8,8,200,exponential,0.9,2,cb,0.17463,0.17463,0.00000,1.39700,5,33,739
32,8,8,200,exponential,0.9,2,stepaware,0.19475,0.19475,0.00000,1.55800,5,43,743
32,8,8,200,exponential,0.9,3,serial,0.12494,0.97641,0.85147,0.99950,84,215,556
32,8,8,200,exponential,0.9,3,cb,0.29591,0.29591,0.00000,2.36725,5,37,1206
32,8,8,200,exponential,0.9,3,stepaware,0.16916,0.16916,0.00000,1.35325,5,33,734
32,8,8,200,exponential,0.9,4,serial,0.06809,0.18394,0.11584,0.54475,15,141,265
32,8,8,200,exponential,0.9,4,cb,0.22556,0.22556,0.00000,1.80450,5,43,936
32,8,8,200,exponential,0.9,4,stepaware,0.07622,0.07622,0.00000,0.60975,5,28,350
32,8,8,200,lognormal-heavytail,0.0,0,serial,0.12000,0.82666,0.70666,0.96000,78,226,505
32,8,8,200,lognormal-heavytail,0.0,0,cb,0.17103,0.17103,0.00000,1.36825,5,36,714
32,8,8,200,lognormal-heavytail,0.0,0,stepaware,0.14669,0.14669,0.00000,1.17350,5,31,637
32,8,8,200,lognormal-heavytail,0.0,1,serial,0.11866,0.75016,0.63150,0.94925,49,146,547
32,8,8,200,lognormal-heavytail,0.0,1,cb,0.15516,0.15516,0.00000,1.24125,5,35,654
32,8,8,200,lognormal-heavytail,0.0,1,stepaware,0.16247,0.16247,0.00000,1.29975,6,37,652
32,8,8,200,lognormal-heavytail,0.0,2,serial,0.12169,0.74522,0.62353,0.97350,47,160,509
32,8,8,200,lognormal-heavytail,0.0,2,cb,0.15397,0.15397,0.00000,1.23175,5,32,644
32,8,8,200,lognormal-heavytail,0.0,2,stepaware,0.14100,0.14100,0.00000,1.12800,4,35,633
32,8,8,200,lognormal-heavytail,0.0,3,serial,0.12306,0.77328,0.65022,0.98450,59,156,534
32,8,8,200,lognormal-heavytail,0.0,3,cb,0.17103,0.17103,0.00000,1.36825,5,36,671
32,8,8,200,lognormal-heavytail,0.0,3,stepaware,0.16331,0.16331,0.00000,1.30650,6,36,660
32,8,8,200,lognormal-heavytail,0.0,4,serial,0.12256,0.85922,0.73666,0.98050,74,171,489
32,8,8,200,lognormal-heavytail,0.0,4,cb,0.17381,0.17381,0.00000,1.39050,5,36,688
32,8,8,200,lognormal-heavytail,0.0,4,stepaware,0.14628,0.14628,0.00000,1.17025,5,37,618
32,8,8,200,lognormal-heavytail,0.5,0,serial,0.12428,0.93141,0.80712,0.99425,78,162,522
32,8,8,200,lognormal-heavytail,0.5,0,cb,0.16441,0.16441,0.00000,1.31525,5,35,694
32,8,8,200,lognormal-heavytail,0.5,0,stepaware,0.25344,0.25344,0.00000,2.02750,5,32,1111
32,8,8,200,lognormal-heavytail,0.5,1,serial,0.12437,0.98506,0.86069,0.99500,101,223,526
32,8,8,200,lognormal-heavytail,0.5,1,cb,0.19831,0.19831,0.00000,1.58650,5,37,831
32,8,8,200,lognormal-heavytail,0.5,1,stepaware,0.23925,0.23925,0.00000,1.91400,5,38,1005
32,8,8,200,lognormal-heavytail,0.5,2,serial,0.11903,0.78694,0.66791,0.95225,70,160,496
32,8,8,200,lognormal-heavytail,0.5,2,cb,0.27078,0.27078,0.00000,2.16625,5,38,1117
32,8,8,200,lognormal-heavytail,0.5,2,stepaware,0.22434,0.22434,0.00000,1.79475,5,35,970
32,8,8,200,lognormal-heavytail,0.5,3,serial,0.12431,0.93022,0.80591,0.99450,86,184,515
32,8,8,200,lognormal-heavytail,0.5,3,cb,0.06756,0.06756,0.00000,0.54050,6,40,259
32,8,8,200,lognormal-heavytail,0.5,3,stepaware,0.21887,0.21887,0.00000,1.75100,5,36,865
32,8,8,200,lognormal-heavytail,0.5,4,serial,0.12466,0.99272,0.86806,0.99725,135,223,518
32,8,8,200,lognormal-heavytail,0.5,4,cb,0.20394,0.20394,0.00000,1.63150,5,37,831
32,8,8,200,lognormal-heavytail,0.5,4,stepaware,0.10084,0.10084,0.00000,0.80675,5,37,445
32,8,8,200,lognormal-heavytail,0.9,0,serial,0.12403,0.98122,0.85719,0.99225,169,247,525
32,8,8,200,lognormal-heavytail,0.9,0,cb,0.08444,0.08444,0.00000,0.67550,4,40,356
32,8,8,200,lognormal-heavytail,0.9,0,stepaware,0.17009,0.17009,0.00000,1.36075,5,40,696
32,8,8,200,lognormal-heavytail,0.9,1,serial,0.12475,0.99350,0.86875,0.99800,137,227,535
32,8,8,200,lognormal-heavytail,0.9,1,cb,0.15781,0.15781,0.00000,1.26250,5,34,694
32,8,8,200,lognormal-heavytail,0.9,1,stepaware,0.21681,0.21681,0.00000,1.73450,6,35,870
32,8,8,200,lognormal-heavytail,0.9,2,serial,0.10291,0.54175,0.43884,0.82325,45,191,464
32,8,8,200,lognormal-heavytail,0.9,2,cb,0.59819,0.59819,0.00000,4.78550,6,36,2468
32,8,8,200,lognormal-heavytail,0.9,2,stepaware,0.35675,0.35675,0.00000,2.85400,5,37,1537
32,8,8,200,lognormal-heavytail,0.9,3,serial,0.12322,0.96666,0.84344,0.98575,119,268,487
32,8,8,200,lognormal-heavytail,0.9,3,cb,0.24234,0.24234,0.00000,1.93875,5,35,1026
32,8,8,200,lognormal-heavytail,0.9,3,stepaware,0.48669,0.48669,0.00000,3.89350,4,37,2151
32,8,8,200,lognormal-heavytail,0.9,4,serial,0.12137,0.80037,0.67900,0.97100,66,159,495
32,8,8,200,lognormal-heavytail,0.9,4,cb,0.15097,0.15097,0.00000,1.20775,6,39,579
32,8,8,200,lognormal-heavytail,0.9,4,stepaware,0.02831,0.02831,0.00000,0.22650,3,35,135
32,8,32,50,exponential,0.0,0,serial,0.12500,0.99881,0.87381,1.00000,801,965,150
32,8,32,50,exponential,0.0,0,cb,0.99831,0.99831,0.00000,7.98650,67,203,1030
32,8,32,50,exponential,0.0,0,stepaware,0.99834,0.99834,0.00000,7.98675,26,531,1119
32,8,32,50,exponential,0.0,1,serial,0.12500,0.99919,0.87419,1.00000,830,1011,142
32,8,32,50,exponential,0.0,1,cb,0.99800,0.99800,0.00000,7.98400,73,188,1000
32,8,32,50,exponential,0.0,1,stepaware,0.99903,0.99903,0.00000,7.99225,29,564,1059
32,8,32,50,exponential,0.0,2,serial,0.12500,0.99800,0.87300,1.00000,949,1124,130
32,8,32,50,exponential,0.0,2,cb,0.99906,0.99906,0.00000,7.99250,68,185,1043
32,8,32,50,exponential,0.0,2,stepaware,0.99741,0.99741,0.00000,7.97925,31,664,1035
32,8,32,50,exponential,0.0,3,serial,0.12500,0.99972,0.87472,1.00000,1100,1229,112
32,8,32,50,exponential,0.0,3,cb,0.99706,0.99706,0.00000,7.97650,76,210,990
32,8,32,50,exponential,0.0,3,stepaware,0.99816,0.99816,0.00000,7.98525,27,460,1058
32,8,32,50,exponential,0.0,4,serial,0.12500,0.99778,0.87278,1.00000,875,1230,130
32,8,32,50,exponential,0.0,4,cb,0.99781,0.99781,0.00000,7.98250,73,182,1014
32,8,32,50,exponential,0.0,4,stepaware,0.99828,0.99828,0.00000,7.98625,28,578,1038
32,8,32,50,exponential,0.5,0,serial,0.12500,0.99906,0.87406,1.00000,897,1136,131
32,8,32,50,exponential,0.5,0,cb,0.99856,0.99856,0.00000,7.98850,86,207,1009
32,8,32,50,exponential,0.5,0,stepaware,0.99766,0.99766,0.00000,7.98125,26,1045,1103
32,8,32,50,exponential,0.5,1,serial,0.12500,0.99906,0.87406,1.00000,930,1361,118
32,8,32,50,exponential,0.5,1,cb,0.99625,0.99625,0.00000,7.97000,94,240,955
32,8,32,50,exponential,0.5,1,stepaware,0.99703,0.99703,0.00000,7.97625,29,498,1010
32,8,32,50,exponential,0.5,2,serial,0.12491,0.99713,0.87222,0.99925,1119,1366,109
32,8,32,50,exponential,0.5,2,cb,0.99641,0.99641,0.00000,7.97125,62,199,971
32,8,32,50,exponential,0.5,2,stepaware,0.99819,0.99819,0.00000,7.98550,29,407,1068
32,8,32,50,exponential,0.5,3,serial,0.12500,0.99834,0.87334,1.00000,969,1142,123
32,8,32,50,exponential,0.5,3,cb,0.98059,0.98059,0.00000,7.84475,45,179,975
32,8,32,50,exponential,0.5,3,stepaware,0.99834,0.99834,0.00000,7.98675,28,366,1077
32,8,32,50,exponential,0.5,4,serial,0.12500,0.99862,0.87362,1.00000,970,1242,118
32,8,32,50,exponential,0.5,4,cb,0.99791,0.99791,0.00000,7.98325,66,174,1098
32,8,32,50,exponential,0.5,4,stepaware,0.99709,0.99709,0.00000,7.97675,28,557,1071
32,8,32,50,exponential,0.9,0,serial,0.12497,0.99847,0.87350,0.99975,888,1183,122
32,8,32,50,exponential,0.9,0,cb,0.99553,0.99553,0.00000,7.96425,57,182,1015
32,8,32,50,exponential,0.9,0,stepaware,0.99844,0.99844,0.00000,7.98750,27,641,1069
32,8,32,50,exponential,0.9,1,serial,0.12497,0.99900,0.87403,0.99975,820,1203,118
32,8,32,50,exponential,0.9,1,cb,0.99856,0.99856,0.00000,7.98850,67,189,1079
32,8,32,50,exponential,0.9,1,stepaware,0.99894,0.99894,0.00000,7.99150,28,850,1051
32,8,32,50,exponential,0.9,2,serial,0.12500,0.99875,0.87375,1.00000,1045,1355,118
32,8,32,50,exponential,0.9,2,cb,0.99806,0.99806,0.00000,7.98450,85,219,1024
32,8,32,50,exponential,0.9,2,stepaware,0.95828,0.95828,0.00000,7.66625,26,921,990
32,8,32,50,exponential,0.9,3,serial,0.12491,0.99853,0.87362,0.99925,726,1475,123
32,8,32,50,exponential,0.9,3,cb,0.99062,0.99062,0.00000,7.92500,52,198,991
32,8,32,50,exponential,0.9,3,stepaware,0.99800,0.99800,0.00000,7.98400,30,587,1034
32,8,32,50,exponential,0.9,4,serial,0.12500,0.99803,0.87303,1.00000,793,1177,127
32,8,32,50,exponential,0.9,4,cb,0.99816,0.99816,0.00000,7.98525,87,215,1065
32,8,32,50,exponential,0.9,4,stepaware,0.99697,0.99697,0.00000,7.97575,31,486,1032
32,8,32,50,lognormal-heavytail,0.0,0,serial,0.12500,0.99878,0.87378,1.00000,741,1335,138
32,8,32,50,lognormal-heavytail,0.0,0,cb,0.99825,0.99825,0.00000,7.98600,74,203,971
32,8,32,50,lognormal-heavytail,0.0,0,stepaware,0.99775,0.99775,0.00000,7.98200,28,803,1068
32,8,32,50,lognormal-heavytail,0.0,1,serial,0.12497,0.99919,0.87422,0.99975,887,1255,121
32,8,32,50,lognormal-heavytail,0.0,1,cb,0.99750,0.99750,0.00000,7.98000,76,206,1008
32,8,32,50,lognormal-heavytail,0.0,1,stepaware,0.99859,0.99859,0.00000,7.98875,28,635,1045
32,8,32,50,lognormal-heavytail,0.0,2,serial,0.12497,0.99838,0.87341,0.99975,888,1160,126
32,8,32,50,lognormal-heavytail,0.0,2,cb,0.99775,0.99775,0.00000,7.98200,71,197,1011
32,8,32,50,lognormal-heavytail,0.0,2,stepaware,0.99819,0.99819,0.00000,7.98550,28,700,1035
32,8,32,50,lognormal-heavytail,0.0,3,serial,0.12500,0.99772,0.87272,1.00000,793,1049,139
32,8,32,50,lognormal-heavytail,0.0,3,cb,0.99641,0.99641,0.00000,7.97125,81,199,978
32,8,32,50,lognormal-heavytail,0.0,3,stepaware,0.99706,0.99706,0.00000,7.97650,29,539,1054
32,8,32,50,lognormal-heavytail,0.0,4,serial,0.12497,0.99816,0.87319,0.99975,1177,1749,98
32,8,32,50,lognormal-heavytail,0.0,4,cb,0.99803,0.99803,0.00000,7.98425,68,196,1036
32,8,32,50,lognormal-heavytail,0.0,4,stepaware,0.99781,0.99781,0.00000,7.98250,27,593,1102
32,8,32,50,lognormal-heavytail,0.5,0,serial,0.12500,0.99834,0.87334,1.00000,989,1358,119
32,8,32,50,lognormal-heavytail,0.5,0,cb,0.99587,0.99587,0.00000,7.96700,54,165,1004
32,8,32,50,lognormal-heavytail,0.5,0,stepaware,0.99772,0.99772,0.00000,7.98175,28,911,1087
32,8,32,50,lognormal-heavytail,0.5,1,serial,0.12494,0.99791,0.87297,0.99950,727,1096,139
32,8,32,50,lognormal-heavytail,0.5,1,cb,0.99759,0.99759,0.00000,7.98075,87,216,996
32,8,32,50,lognormal-heavytail,0.5,1,stepaware,0.99644,0.99644,0.00000,7.97150,31,631,1008
32,8,32,50,lognormal-heavytail,0.5,2,serial,0.12500,0.99922,0.87422,1.00000,1041,1223,108
32,8,32,50,lognormal-heavytail,0.5,2,cb,0.99947,0.99947,0.00000,7.99575,94,216,1042
32,8,32,50,lognormal-heavytail,0.5,2,stepaware,0.99722,0.99722,0.00000,7.97775,29,581,1065
32,8,32,50,lognormal-heavytail,0.5,3,serial,0.12494,0.99853,0.87359,0.99950,805,1223,128
32,8,32,50,lognormal-heavytail,0.5,3,cb,0.99859,0.99859,0.00000,7.98875,83,215,1035
32,8,32,50,lognormal-heavytail,0.5,3,stepaware,0.99897,0.99897,0.00000,7.99175,29,763,1056
32,8,32,50,lognormal-heavytail,0.5,4,serial,0.12500,0.99781,0.87281,1.00000,732,1179,131
32,8,32,50,lognormal-heavytail,0.5,4,cb,0.99881,0.99881,0.00000,7.99050,89,211,1042
32,8,32,50,lognormal-heavytail,0.5,4,stepaware,0.80591,0.80591,0.00000,6.44725,22,168,867
32,8,32,50,lognormal-heavytail,0.9,0,serial,0.12500,0.99925,0.87425,1.00000,855,1232,117
32,8,32,50,lognormal-heavytail,0.9,0,cb,0.98525,0.98525,0.00000,7.88200,47,188,994
32,8,32,50,lognormal-heavytail,0.9,0,stepaware,0.99662,0.99662,0.00000,7.97300,30,617,1039
32,8,32,50,lognormal-heavytail,0.9,1,serial,0.12500,0.99869,0.87369,1.00000,646,852,139
32,8,32,50,lognormal-heavytail,0.9,1,cb,0.99831,0.99831,0.00000,7.98650,87,234,1018
32,8,32,50,lognormal-heavytail,0.9,1,stepaware,0.99925,0.99925,0.00000,7.99400,31,942,1050
32,8,32,50,lognormal-heavytail,0.9,2,serial,0.12494,0.99862,0.87369,0.99950,598,834,162
32,8,32,50,lognormal-heavytail,0.9,2,cb,0.99866,0.99866,0.00000,7.98925,83,202,1046
32,8,32,50,lognormal-heavytail,0.9,2,stepaware,0.36872,0.36872,0.00000,2.94975,22,144,368
32,8,32,50,lognormal-heavytail,0.9,3,serial,0.12487,0.99709,0.87222,0.99900,735,1074,146
32,8,32,50,lognormal-heavytail,0.9,3,cb,0.99766,0.99766,0.00000,7.98125,74,192,1029
32,8,32,50,lognormal-heavytail,0.9,3,stepaware,0.97003,0.97003,0.00000,7.76025,29,1643,1018
32,8,32,50,lognormal-heavytail,0.9,4,serial,0.12500,0.99800,0.87300,1.00000,1005,1248,127
32,8,32,50,lognormal-heavytail,0.9,4,cb,0.61569,0.61569,0.00000,4.92550,27,160,611
32,8,32,50,lognormal-heavytail,0.9,4,stepaware,0.99103,0.99103,0.00000,7.92825,30,257,912
32,8,32,200,exponential,0.0,0,serial,0.12500,0.98872,0.86372,1.00000,945,1169,105
32,8,32,200,exponential,0.0,0,cb,0.54075,0.54075,0.00000,4.32600,21,158,563
32,8,32,200,exponential,0.0,0,stepaware,0.53566,0.53566,0.00000,4.28525,22,125,555
32,8,32,200,exponential,0.0,1,serial,0.12444,0.99334,0.86891,0.99550,900,1341,107
32,8,32,200,exponential,0.0,1,cb,0.55381,0.55381,0.00000,4.43050,24,138,559
32,8,32,200,exponential,0.0,1,stepaware,0.53312,0.53312,0.00000,4.26500,19,155,566
32,8,32,200,exponential,0.0,2,serial,0.12497,0.99078,0.86581,0.99975,702,955,144
32,8,32,200,exponential,0.0,2,cb,0.52703,0.52703,0.00000,4.21625,22,142,545
32,8,32,200,exponential,0.0,2,stepaware,0.55941,0.55941,0.00000,4.47525,24,135,558
32,8,32,200,exponential,0.0,3,serial,0.12497,0.99103,0.86606,0.99975,639,777,150
32,8,32,200,exponential,0.0,3,cb,0.57881,0.57881,0.00000,4.63050,22,179,570
32,8,32,200,exponential,0.0,3,stepaware,0.53650,0.53650,0.00000,4.29200,21,135,584
32,8,32,200,exponential,0.0,4,serial,0.12491,0.98816,0.86325,0.99925,726,1150,128
32,8,32,200,exponential,0.0,4,cb,0.60453,0.60453,0.00000,4.83625,26,173,553
32,8,32,200,exponential,0.0,4,stepaware,0.51062,0.51062,0.00000,4.08500,20,142,544
32,8,32,200,exponential,0.5,0,serial,0.12494,0.99613,0.87119,0.99950,994,1137,120
32,8,32,200,exponential,0.5,0,cb,0.82003,0.82003,0.00000,6.56025,28,161,839
32,8,32,200,exponential,0.5,0,stepaware,0.70822,0.70822,0.00000,5.66575,22,156,744
32,8,32,200,exponential,0.5,1,serial,0.12484,0.98962,0.86478,0.99875,581,815,144
32,8,32,200,exponential,0.5,1,cb,0.64241,0.64241,0.00000,5.13925,24,148,639
32,8,32,200,exponential,0.5,1,stepaware,0.88800,0.88800,0.00000,7.10400,26,212,877
32,8,32,200,exponential,0.5,2,serial,0.12494,0.99478,0.86984,0.99950,681,1002,130
32,8,32,200,exponential,0.5,2,cb,0.86628,0.86628,0.00000,6.93025,31,151,893
32,8,32,200,exponential,0.5,2,stepaware,0.85341,0.85341,0.00000,6.82725,25,180,875
32,8,32,200,exponential,0.5,3,serial,0.12491,0.99191,0.86700,0.99925,843,1120,125
32,8,32,200,exponential,0.5,3,cb,0.42812,0.42812,0.00000,3.42500,20,157,425
32,8,32,200,exponential,0.5,3,stepaware,0.61319,0.61319,0.00000,4.90550,23,136,628
32,8,32,200,exponential,0.5,4,serial,0.12481,0.99016,0.86534,0.99850,809,1266,112
32,8,32,200,exponential,0.5,4,cb,0.56578,0.56578,0.00000,4.52625,21,122,619
32,8,32,200,exponential,0.5,4,stepaware,0.52600,0.52600,0.00000,4.20800,21,139,571
32,8,32,200,exponential,0.9,0,serial,0.12481,0.99638,0.87156,0.99850,731,1275,115
32,8,32,200,exponential,0.9,0,cb,0.33550,0.33550,0.00000,2.68400,21,155,356
32,8,32,200,exponential,0.9,0,stepaware,0.98128,0.98128,0.00000,7.85025,28,303,1009
32,8,32,200,exponential,0.9,1,serial,0.12491,0.99503,0.87013,0.99925,851,1168,110
32,8,32,200,exponential,0.9,1,cb,0.28247,0.28247,0.00000,2.25975,22,137,294
32,8,32,200,exponential,0.9,1,stepaware,0.63400,0.63400,0.00000,5.07200,25,142,608
32,8,32,200,exponential,0.9,2,serial,0.12497,0.99684,0.87188,0.99975,934,1208,121
32,8,32,200,exponential,0.9,2,cb,0.98075,0.98075,0.00000,7.84600,57,202,999
32,8,32,200,exponential,0.9,2,stepaware,0.18928,0.18928,0.00000,1.51425,21,158,197
32,8,32,200,exponential,0.9,3,serial,0.12491,0.99044,0.86553,0.99925,516,1124,135
32,8,32,200,exponential,0.9,3,cb,0.83106,0.83106,0.00000,6.64850,26,151,846
32,8,32,200,exponential,0.9,3,stepaware,0.98913,0.98913,0.00000,7.91300,29,426,1019
32,8,32,200,exponential,0.9,4,serial,0.12500,0.99553,0.87053,1.00000,850,1043,122
32,8,32,200,exponential,0.9,4,cb,0.28913,0.28913,0.00000,2.31300,21,128,304
32,8,32,200,exponential,0.9,4,stepaware,0.98272,0.98272,0.00000,7.86175,29,1368,1056
32,8,32,200,lognormal-heavytail,0.0,0,serial,0.12500,0.99447,0.86947,1.00000,613,860,134
32,8,32,200,lognormal-heavytail,0.0,0,cb,0.59556,0.59556,0.00000,4.76450,22,162,591
32,8,32,200,lognormal-heavytail,0.0,0,stepaware,0.52928,0.52928,0.00000,4.23425,23,127,549
32,8,32,200,lognormal-heavytail,0.0,1,serial,0.12453,0.98853,0.86400,0.99625,793,1221,114
32,8,32,200,lognormal-heavytail,0.0,1,cb,0.61434,0.61434,0.00000,4.91475,21,163,617
32,8,32,200,lognormal-heavytail,0.0,1,stepaware,0.56775,0.56775,0.00000,4.54200,21,163,583
32,8,32,200,lognormal-heavytail,0.0,2,serial,0.12500,0.99509,0.87009,1.00000,1323,1759,78
32,8,32,200,lognormal-heavytail,0.0,2,cb,0.58075,0.58075,0.00000,4.64600,22,168,595
32,8,32,200,lognormal-heavytail,0.0,2,stepaware,0.61591,0.61591,0.00000,4.92725,24,153,595
32,8,32,200,lognormal-heavytail,0.0,3,serial,0.12472,0.98997,0.86525,0.99775,677,1107,130
32,8,32,200,lognormal-heavytail,0.0,3,cb,0.60731,0.60731,0.00000,4.85850,24,140,619
32,8,32,200,lognormal-heavytail,0.0,3,stepaware,0.53731,0.53731,0.00000,4.29850,21,153,568
32,8,32,200,lognormal-heavytail,0.0,4,serial,0.12497,0.99431,0.86934,0.99975,607,924,145
32,8,32,200,lognormal-heavytail,0.0,4,cb,0.56119,0.56119,0.00000,4.48950,22,169,578
32,8,32,200,lognormal-heavytail,0.0,4,stepaware,0.61528,0.61528,0.00000,4.92225,24,149,615
32,8,32,200,lognormal-heavytail,0.5,0,serial,0.12500,0.98694,0.86194,1.00000,737,994,131
32,8,32,200,lognormal-heavytail,0.5,0,cb,0.60006,0.60006,0.00000,4.80050,23,158,592
32,8,32,200,lognormal-heavytail,0.5,0,stepaware,0.25134,0.25134,0.00000,2.01075,20,122,264
32,8,32,200,lognormal-heavytail,0.5,1,serial,0.12487,0.98947,0.86459,0.99900,753,1183,122
32,8,32,200,lognormal-heavytail,0.5,1,cb,0.36031,0.36031,0.00000,2.88250,24,165,339
32,8,32,200,lognormal-heavytail,0.5,1,stepaware,0.87606,0.87606,0.00000,7.00850,24,221,849
32,8,32,200,lognormal-heavytail,0.5,2,serial,0.12478,0.99006,0.86528,0.99825,819,1072,120
32,8,32,200,lognormal-heavytail,0.5,2,cb,0.76681,0.76681,0.00000,6.13450,24,143,830
32,8,32,200,lognormal-heavytail,0.5,2,stepaware,0.76572,0.76572,0.00000,6.12575,24,159,796
32,8,32,200,lognormal-heavytail,0.5,3,serial,0.12475,0.99197,0.86722,0.99800,876,1271,114
32,8,32,200,lognormal-heavytail,0.5,3,cb,0.91884,0.91884,0.00000,7.35075,38,160,902
32,8,32,200,lognormal-heavytail,0.5,3,stepaware,0.28444,0.28444,0.00000,2.27550,21,140,294
32,8,32,200,lognormal-heavytail,0.5,4,serial,0.12491,0.99500,0.87009,0.99925,709,1010,126
32,8,32,200,lognormal-heavytail,0.5,4,cb,0.68041,0.68041,0.00000,5.44325,24,146,693
32,8,32,200,lognormal-heavytail,0.5,4,stepaware,0.44850,0.44850,0.00000,3.58800,23,137,440
32,8,32,200,lognormal-heavytail,0.9,0,serial,0.12437,0.90644,0.78206,0.99500,313,869,108
32,8,32,200,lognormal-heavytail,0.9,0,cb,0.98484,0.98484,0.00000,7.87875,75,220,976
32,8,32,200,lognormal-heavytail,0.9,0,stepaware,0.86391,0.86391,0.00000,6.91125,25,167,866
32,8,32,200,lognormal-heavytail,0.9,1,serial,0.12475,0.98738,0.86262,0.99800,958,1118,117
32,8,32,200,lognormal-heavytail,0.9,1,cb,0.18794,0.18794,0.00000,1.50350,22,144,192
32,8,32,200,lognormal-heavytail,0.9,1,stepaware,0.99194,0.99194,0.00000,7.93550,28,767,1048
32,8,32,200,lognormal-heavytail,0.9,2,serial,0.10225,0.65219,0.54994,0.81800,636,1197,102
32,8,32,200,lognormal-heavytail,0.9,2,cb,0.98531,0.98531,0.00000,7.88250,65,205,978
32,8,32,200,lognormal-heavytail,0.9,2,stepaware,0.93031,0.93031,0.00000,7.44250,27,207,900
32,8,32,200,lognormal-heavytail,0.9,3,serial,0.12497,0.99744,0.87247,0.99975,688,1125,105
32,8,32,200,lognormal-heavytail,0.9,3,cb,0.50225,0.50225,0.00000,4.01800,20,133,545
32,8,32,200,lognormal-heavytail,0.9,3,stepaware,0.94747,0.94747,0.00000,7.57975,28,264,951
32,8,32,200,lognormal-heavytail,0.9,4,serial,0.12494,0.97234,0.84741,0.99950,529,1001,126
32,8,32,200,lognormal-heavytail,0.9,4,cb,0.17997,0.17997,0.00000,1.43975,21,159,190
32,8,32,200,lognormal-heavytail,0.9,4,stepaware,0.78106,0.78106,0.00000,6.24850,21,167,796
