K,skew,B,load,capfam,lam,cap_blocks,policy,W,p99_mean,p99_std,recomp_mean,recomp_std,hit_mean,p99_seeds,recomp_seeds
8,1.5,4,0.7,5,2.8,640,greedy,0,2.6943514187479725,0.7194068181956464,114602.66666666667,13591.057975333963,0.8601041666666667,2.3083;2.1099;3.0729;3.2097;2.8421;2.2772;1.9025;3.7921;2.1606;3.2823;2.7029;2.9401;1.7945;3.2408;2.4244;2.4802;2.3363;2.9897;2.7305;1.6374;3.2495;2.2703;1.9392;4.9711,94208;129024;133120;137216;116736;118784;106496;102400;102400;114688;106496;135168;100352;96256;137216;116736;106496;96256;118784;102400;126976;110592;110592;131072
8,1.5,4,0.7,5,2.8,640,vtc,0,7.6417595120767325,3.734229159158737,124842.66666666667,15613.668314083729,0.8476041666666667,7.4478;4.5546;7.6590;8.7656;4.8673;5.6274;7.2251;15.4043;6.3142;4.4025;11.7372;3.4934;6.0026;6.8760;7.6502;3.5749;5.2270;12.9929;8.0165;2.6049;7.3680;11.5117;6.0441;18.0350,106496;139264;147456;145408;126976;118784;126976;116736;112640;116736;122880;131072;108544;100352;167936;116736;114688;120832;135168;102400;139264;122880;116736;139264
8,1.5,4,0.7,5,2.8,640,bounded,1,3.412021549122078,1.3400105294196685,121173.33333333333,16359.092178017974,0.8520833333333333,3.3494;2.6010;3.4864;4.5324;2.5480;1.9014;2.0423;3.5948;3.8451;2.6210;5.1979;2.3882;4.5620;3.2728;2.7987;1.9550;2.0618;4.1293;4.9236;1.4693;3.9310;7.2127;2.3132;5.1511,108544;139264;147456;149504;120832;114688;110592;98304;108544;116736;116736;135168;104448;100352;157696;116736;112640;106496;129024;102400;135168;131072;110592;135168
8,1.5,4,0.7,5,2.8,640,bounded,2,3.1365514503102347,1.1936996726675546,119637.33333333333,15106.65136804168,0.8539583333333334,3.2928;2.0939;3.1544;3.0455;2.7714;2.1041;1.8738;3.4853;2.3088;2.6820;4.5387;2.2321;3.4935;3.4207;2.1243;1.9490;2.0564;4.2528;4.8789;1.2157;4.6595;5.8370;2.5036;5.3029,102400;137216;145408;143360;118784;114688;110592;102400;106496;118784;118784;135168;106496;100352;145408;116736;106496;104448;129024;100352;139264;126976;108544;133120
8,1.5,4,0.7,5,2.8,640,bounded,4,2.7883026099088877,0.8639678398379906,117418.66666666667,13810.297735948909,0.8566666666666667,3.1205;2.0126;3.0397;2.7944;1.9718;2.1635;1.8117;3.7401;2.1259;2.9648;2.4464;2.4888;2.2761;3.2091;2.2280;2.3841;2.1112;3.3699;3.3333;1.6374;3.0585;4.5304;2.6510;5.4499,100352;129024;139264;139264;120832;118784;106496;100352;106496;118784;108544;135168;106496;100352;143360;114688;108544;102400;118784;100352;133120;122880;110592;133120
8,1.5,4,0.7,5,2.8,640,bounded,8,2.728940924886764,0.8109783650618057,116053.33333333333,12988.619155074013,0.8583333333333333,3.1202;2.1099;2.9383;3.1844;2.0559;2.2772;1.8724;4.2506;2.2356;3.0220;2.8551;2.9401;1.7233;2.9609;2.1904;2.4802;2.5658;3.0518;3.0053;1.6374;3.3097;2.1677;2.1478;5.3926,98304;129024;133120;139264;120832;118784;106496;104448;106496;120832;104448;135168;100352;100352;137216;114688;110592;100352;118784;102400;133120;110592;112640;126976
8,1.5,4,0.7,5,2.8,640,bounded,16,2.698653740299538,0.7050898399508533,114346.66666666667,13670.38934664587,0.8604166666666666,2.3083;2.1099;3.0729;3.2097;2.8421;2.2772;1.9025;4.1421;2.1606;3.2823;2.7029;2.9401;1.7945;3.2408;2.4244;2.4802;2.3363;2.9897;2.8135;1.6374;3.2495;2.2703;1.9392;4.6413,94208;129024;133120;137216;116736;118784;106496;98304;102400;114688;106496;135168;100352;96256;137216;116736;106496;96256;118784;102400;126976;110592;110592;129024
8,1.5,4,0.7,5,2.8,640,bounded,32,2.6943514187479725,0.7194068181956464,114602.66666666667,13591.057975333963,0.8601041666666667,2.3083;2.1099;3.0729;3.2097;2.8421;2.2772;1.9025;3.7921;2.1606;3.2823;2.7029;2.9401;1.7945;3.2408;2.4244;2.4802;2.3363;2.9897;2.7305;1.6374;3.2495;2.2703;1.9392;4.9711,94208;129024;133120;137216;116736;118784;106496;102400;102400;114688;106496;135168;100352;96256;137216;116736;106496;96256;118784;102400;126976;110592;110592;131072
8,1.5,4,0.7,6,2.8,768,greedy,0,1.8944446700299342,0.8861044879936282,72106.66666666667,8907.01795714418,0.9119791666666667,1.2535;1.2012;1.2954;2.6534;1.1744;1.1464;1.1980;2.6177;2.1606;2.0573;1.8609;2.8915;0.8751;1.1749;1.5936;1.3700;2.0562;2.9643;2.5363;1.2998;1.6312;2.1887;1.2952;4.9711,55296;77824;86016;88064;65536;69632;67584;69632;71680;73728;65536;83968;57344;57344;86016;69632;69632;61440;79872;71680;77824;73728;75776;75776
8,1.5,4,0.7,6,2.8,768,vtc,0,4.050241405690072,2.0910408132827447,75946.66666666667,10031.658331945366,0.9072916666666667,4.4734;1.2773;3.2581;5.6591;2.0221;2.8333;1.7643;6.0479;6.0601;2.5050;5.6660;3.1281;1.9194;2.7901;2.6961;3.5126;3.4375;7.0863;4.9727;2.1550;4.8462;8.8482;1.8900;8.3570,61440;77824;88064;100352;67584;71680;69632;77824;75776;73728;67584;92160;63488;59392;88064;71680;69632;65536;81920;73728;86016;75776;77824;86016
8,1.5,4,0.7,6,2.8,768,bounded,1,2.097024139155586,0.9771983727382945,74581.33333333333,9604.455262475269,0.9089583333333333,2.3474;1.1708;1.2969;2.9966;1.0005;1.5899;1.0769;3.0700;1.7487;2.4275;2.5571;2.3882;0.7796;1.5156;1.3714;1.9358;1.8334;2.9467;3.0082;1.1785;2.2175;3.7793;1.1971;4.8948,61440;77824;86016;96256;67584;71680;65536;73728;73728;73728;67584;90112;59392;59392;88064;69632;67584;65536;79872;73728;81920;79872;75776;83968
8,1.5,4,0.7,6,2.8,768,bounded,2,2.025966481909287,1.0116837503915568,74154.66666666667,9347.40881504364,0.9094791666666666,1.7459;1.1708;1.3122;2.6754;0.8970;1.6457;1.1980;2.7778;1.9489;2.3486;2.4952;2.2321;0.8348;1.4022;1.1247;1.7008;1.6406;3.1648;3.0833;1.1696;1.8322;3.8218;1.2337;5.1672,59392;77824;86016;94208;67584;71680;67584;71680;73728;73728;67584;90112;59392;59392;86016;69632;67584;65536;81920;71680;77824;79872;75776;83968
8,1.5,4,0.7,6,2.8,768,bounded,4,1.9610670214973724,0.9139684856677216,72789.33333333333,9309.94097128918,0.9111458333333333,1.5795;1.2012;1.2578;2.5474;1.1744;1.8797;1.1980;2.7171;2.0559;2.0573;2.1997;2.3463;0.8751;1.3764;1.3439;1.3700;1.8283;2.8339;3.3333;1.2998;1.7801;2.2510;1.3383;5.2212,57344;77824;86016;92160;65536;69632;67584;69632;73728;73728;65536;83968;57344;59392;88064;69632;67584;61440;79872;71680;77824;73728;75776;81920
8,1.5,4,0.7,6,2.8,768,bounded,8,1.925108821531518,0.9516846366860777,72362.66666666667,9247.55093104235,0.9116666666666666,1.4139;1.2012;1.2954;2.5634;1.1744;1.1464;1.1980;2.5182;2.1606;2.0573;2.1666;2.8915;0.8751;1.1749;1.5936;1.3700;2.1112;2.8493;3.0053;1.2998;1.7003;1.7484;1.2952;5.3926,57344;77824;86016;90112;65536;69632;67584;69632;71680;73728;65536;83968;57344;57344;86016;69632;67584;59392;79872;71680;77824;73728;75776;81920
8,1.5,4,0.7,6,2.8,768,bounded,16,1.8894657114863813,0.8474862386755545,72277.33333333333,9014.286340150407,0.9117708333333333,1.2535;1.2012;1.2954;2.6534;1.1744;1.1464;1.1980;2.6177;2.1606;2.0573;1.8609;2.8915;0.8751;1.1749;1.5936;1.3700;2.0562;2.9643;2.7466;1.2998;1.6312;2.1887;1.2952;4.6413,55296;77824;86016;88064;65536;69632;67584;69632;71680;73728;65536;83968;57344;57344;86016;69632;69632;61440;79872;71680;77824;73728;75776;79872
8,1.5,4,0.7,6,2.8,768,bounded,32,1.8944446700299342,0.8861044879936282,72106.66666666667,8907.01795714418,0.9119791666666667,1.2535;1.2012;1.2954;2.6534;1.1744;1.1464;1.1980;2.6177;2.1606;2.0573;1.8609;2.8915;0.8751;1.1749;1.5936;1.3700;2.0562;2.9643;2.5363;1.2998;1.6312;2.1887;1.2952;4.9711,55296;77824;86016;88064;65536;69632;67584;69632;71680;73728;65536;83968;57344;57344;86016;69632;69632;61440;79872;71680;77824;73728;75776;75776
8,1.5,4,0.7,7,2.8,896,greedy,0,1.5403108634558766,1.0268614204235533,39509.333333333336,5303.725818286194,0.9517708333333333,0.9610;1.1708;0.5569;1.3146;0.7898;0.5330;0.6826;2.5091;1.5441;2.0573;1.8110;2.8915;0.6295;1.1143;1.3231;1.3700;1.7630;2.9643;2.5114;0.6318;1.6052;0.7679;0.4944;4.9711,38912;43008;43008;49152;36864;38912;32768;36864;45056;49152;43008;43008;36864;40960;49152;32768;28672;36864;38912;40960;38912;32768;36864;34816
8,1.5,4,0.7,7,2.8,896,vtc,0,2.4457880851218903,1.7284774789538138,39594.666666666664,5439.958169773816,0.9516666666666667,1.1235;0.9044;1.8264;1.7839;1.1859;0.5330;1.0980;5.4990;2.4972;2.5050;5.4201;2.4496;0.4136;1.0660;2.6234;3.5126;2.4310;4.7822;4.4724;0.9818;3.7977;0.9759;0.5126;6.3035,36864;43008;45056;51200;36864;38912;32768;38912;45056;49152;43008;43008;36864;40960;47104;32768;28672;36864;40960;40960;36864;32768;36864;34816
8,1.5,4,0.7,7,2.8,896,bounded,1,1.6173741679362519,1.0584976431395587,39850.666666666664,5320.175769861577,0.9513541666666666,1.0036;1.0510;1.1123;1.2190;0.8127;0.5330;0.6910;3.0700;1.4219;2.4275;2.5571;2.1109;0.6295;0.8441;0.8960;1.9358;1.8334;2.8247;3.0082;0.7910;1.9086;0.7503;0.4905;4.8948,38912;43008;45056;49152;36864;38912;32768;38912;45056;49152;43008;43008;36864;40960;49152;32768;28672;38912;40960;40960;38912;32768;36864;34816
8,1.5,4,0.7,7,2.8,896,bounded,2,1.6118534063600272,1.0803750890982187,39680,5380.06195751189,0.9515625,0.8924;1.0510;1.0518;1.2731;0.8127;0.5330;0.6910;2.7778;1.4938;2.3486;2.4952;2.1110;0.6295;1.1143;0.9593;1.7008;1.6406;3.0104;3.0833;0.7800;1.8322;0.7413;0.4944;5.1672,38912;43008;45056;49152;36864;38912;32768;36864;45056;49152;43008;43008;36864;40960;49152;32768;28672;36864;40960;40960;38912;32768;36864;34816
8,1.5,4,0.7,7,2.8,896,bounded,4,1.5859042524416789,1.0928927384258276,39680,5380.06195751189,0.9515625,0.9610;1.1708;0.5569;1.3454;0.7898;0.5330;0.6826;2.7171;1.6571;2.0573;2.1997;2.2682;0.6295;1.1143;1.1314;1.3700;1.8283;2.8339;3.3333;0.6318;1.7671;0.7679;0.4944;5.2212,38912;43008;43008;49152;36864;38912;32768;36864;45056;49152;45056;43008;36864;40960;49152;32768;28672;36864;38912;40960;40960;32768;36864;34816
8,1.5,4,0.7,7,2.8,896,bounded,8,1.601753686023163,1.1140117464350814,39680,5314.698109958834,0.9515625,0.9610;1.1708;0.5569;1.3146;0.7898;0.5330;0.6826;2.5182;1.5441;2.0573;2.1666;2.8915;0.6295;1.1143;1.3231;1.3700;2.1112;2.8493;3.0053;0.6318;1.5665;0.7679;0.4944;5.3926,38912;43008;43008;49152;36864;38912;32768;36864;45056;49152;45056;43008;36864;40960;49152;32768;28672;36864;38912;40960;38912;32768;36864;36864
8,1.5,4,0.7,7,2.8,896,bounded,16,1.5363697844482616,0.9929856791901267,39594.666666666664,5243.6621638783035,0.9516666666666667,0.9610;1.1708;0.5569;1.3146;0.7898;0.5330;0.6826;2.5091;1.5441;2.0573;1.8110;2.8915;0.6295;1.1143;1.3231;1.3700;1.7630;2.9643;2.7466;0.6318;1.6052;0.7679;0.4944;4.6413,38912;43008;43008;49152;36864;38912;32768;36864;45056;49152;43008;43008;36864;40960;49152;32768;28672;36864;38912;40960;38912;32768;36864;36864
8,1.5,4,0.7,7,2.8,896,bounded,32,1.5403108634558766,1.0268614204235533,39509.333333333336,5303.725818286194,0.9517708333333333,0.9610;1.1708;0.5569;1.3146;0.7898;0.5330;0.6826;2.5091;1.5441;2.0573;1.8110;2.8915;0.6295;1.1143;1.3231;1.3700;1.7630;2.9643;2.5114;0.6318;1.6052;0.7679;0.4944;4.9711,38912;43008;43008;49152;36864;38912;32768;36864;45056;49152;43008;43008;36864;40960;49152;32768;28672;36864;38912;40960;38912;32768;36864;34816
8,1.5,4,1.0,5,4.0,640,greedy,0,5.527365307308136,1.404230676103027,88917.33333333333,10491.489545764647,0.8914583333333334,5.9083;5.4716;5.1904;6.0359;4.9051;4.5919;3.9419;6.9175;6.3215;7.7965;6.2569;4.5717;3.4405;6.9886;5.6628;3.4908;4.8897;6.6356;6.8512;3.5191;6.9402;4.7019;3.2687;8.3585,71680;100352;98304;90112;92160;90112;96256;67584;79872;88064;81920;108544;75776;73728;92160;104448;100352;77824;90112;90112;83968;86016;98304;96256
8,1.5,4,1.0,5,4.0,640,vtc,0,27.723304305297454,13.87935393217173,121941.33333333333,13337.957598106574,0.8511458333333334,25.3683;35.8063;33.3106;55.5318;22.9270;19.7385;10.9047;26.1726;23.8910;19.5558;16.5935;21.5550;26.1905;27.5283;56.1551;12.9883;12.7815;34.9724;43.9007;8.9508;44.2181;21.1678;11.9286;53.2222,108544;135168;133120;137216;122880;118784;114688;100352;112640;116736;110592;129024;106496;106496;143360;118784;120832;124928;131072;108544;135168;114688;118784;157696
8,1.5,4,1.0,5,4.0,640,bounded,1,9.918965732089545,4.116036447115566,117930.66666666667,12554.154619974308,0.8560416666666667,9.5950;13.2350;15.2165;17.1466;5.7192;7.2048;5.0276;16.7608;10.9407;8.0674;10.0423;7.2660;7.7063;9.1198;16.3305;5.2173;5.7808;9.2457;13.2298;3.8213;13.0842;15.1700;3.9795;9.1480,100352;126976;139264;135168;108544;108544;112640;106496;112640;116736;122880;133120;102400;96256;143360;116736;120832;106496;120832;104448;131072;126976;112640;124928
8,1.5,4,1.0,5,4.0,640,bounded,2,8.633041747517778,2.831353813007177,112896,9011.054544280598,0.8621875,10.7586;10.3184;11.4073;12.5427;6.0484;6.2394;4.7601;13.5336;11.5185;6.9580;7.9467;7.2122;8.7488;8.0907;11.4808;4.6522;5.1794;10.1071;11.7017;3.8975;9.7368;10.9819;4.1874;9.1846,102400;120832;131072;122880;108544;104448;106496;94208;110592;114688;112640;122880;104448;98304;126976;114688;116736;108544;114688;104448;122880;112640;112640;120832
8,1.5,4,1.0,5,4.0,640,bounded,4,7.393901501566966,2.4133013606399967,107008,11329.747511161344,0.869375,8.6827;11.3392;9.2640;12.0185;5.7118;6.2703;5.4249;11.5248;8.4929;6.4521;5.4065;7.2017;4.5878;6.7022;8.8638;3.1323;4.6774;7.7715;8.2185;4.1301;8.9410;9.9269;4.3490;8.3638,88064;120832;124928;118784;108544;100352;104448;83968;102400;112640;100352;120832;88064;94208;120832;106496;102400;98304;108544;102400;118784;112640;108544;120832
8,1.5,4,1.0,5,4.0,640,bounded,8,6.535251831774106,1.8048414861402282,102485.33333333333,9468.155375902015,0.8748958333333333,8.1859;9.2824;6.2528;7.4054;4.7366;5.8547;5.0236;9.7400;6.2392;5.3456;5.1546;4.8946;4.8811;6.0637;9.7790;4.4198;4.8128;7.4928;8.6501;4.4482;6.9383;9.2721;4.2843;7.6882,90112;116736;110592;106496;96256;104448;102400;77824;96256;100352;94208;110592;88064;96256;120832;108544;104448;98304;102400;96256;108544;110592;108544;110592
8,1.5,4,1.0,5,4.0,640,bounded,16,5.329175554602332,1.099121314885166,93440,10081.980757767791,0.8859375,5.3875;8.1895;4.6746;5.1892;5.5790;4.5501;3.4387;6.5319;5.8477;6.0669;5.5726;4.5800;3.7405;5.9756;5.7258;4.1602;5.4408;5.7321;6.0080;4.0480;6.3050;5.2142;3.3474;6.5950,73728;110592;98304;92160;94208;90112;90112;69632;96256;94208;88064;108544;79872;81920;102400;102400;104448;86016;96256;90112;96256;92160;98304;106496
8,1.5,4,1.0,5,4.0,640,bounded,32,5.4906277097776215,1.3557198671367838,90026.66666666667,10400.519645137396,0.8901041666666667,5.9083;5.4716;5.1904;6.0359;4.9051;4.5545;3.9419;7.6535;6.3215;7.3730;6.2686;4.5717;3.4405;6.0420;5.6628;3.4908;4.8897;6.8788;7.1303;3.5191;6.9402;4.7019;3.2687;7.6144,71680;100352;98304;90112;94208;90112;96256;67584;79872;90112;88064;108544;75776;75776;92160;104448;100352;79872;92160;90112;88064;86016;98304;102400
8,1.5,4,1.0,6,4.0,768,greedy,0,4.1557965006567406,1.477132837428624,64170.666666666664,7835.812033364648,0.9216666666666666,4.0979;3.4157;2.5107;5.1371;3.3581;2.5329;2.6790;5.2904;5.0254;5.7816;5.3658;4.1280;1.8158;4.1585;3.7662;2.6599;3.1682;5.1878;6.4575;2.9978;5.6299;3.3438;3.0753;8.1557,51200;67584;71680;71680;69632;53248;63488;53248;63488;63488;49152;75776;53248;59392;71680;65536;67584;57344;69632;67584;65536;59392;73728;75776
8,1.5,4,1.0,6,4.0,768,vtc,0,10.809006742649977,4.682156220802024,78933.33333333333,12443.168442518525,0.9036458333333334,10.2667;9.8003;7.8180;21.8284;10.2233;8.9564;4.5891;17.3092;7.8053;12.1196;13.7614;18.3730;5.3539;5.7767;14.3037;5.1371;8.3069;12.8834;14.8835;7.0255;11.6161;9.1902;4.3830;17.7054,63488;83968;94208;106496;71680;67584;65536;73728;71680;81920;73728;100352;63488;63488;102400;73728;71680;71680;88064;73728;86016;73728;79872;92160
8,1.5,4,1.0,6,4.0,768,bounded,1,4.615170674404625,1.814826948124767,76544,9959.902543030563,0.9065625,5.9712;3.9442;4.2536;7.7204;2.9293;3.7177;2.5405;9.8028;5.1555;3.9934;4.6739;6.1100;3.1992;2.7816;3.4962;2.7152;3.4348;5.3053;4.7698;3.3093;5.1705;7.3600;2.3078;6.1019,69632;79872;98304;92160;69632;67584;67584;75776;75776;75776;69632;90112;61440;59392;88064;69632;71680;65536;88064;73728;79872;81920;77824;88064
8,1.5,4,1.0,6,4.0,768,bounded,2,4.451468051104582,1.5743551164558722,75349.33333333333,9660.019783738655,0.9080208333333333,5.3336;3.8715;4.1748;6.1256;2.6553;3.8918;2.3960;7.5056;4.9030;4.0459;4.1763;6.0298;2.2489;2.9344;3.5428;2.7252;3.4661;5.9994;5.6810;3.4769;5.4750;7.6166;2.3365;6.2233,65536;75776;96256;88064;69632;65536;67584;69632;77824;75776;67584;90112;59392;59392;88064;69632;71680;67584;86016;73728;81920;79872;77824;83968
8,1.5,4,1.0,6,4.0,768,bounded,4,4.22107044013664,1.4682175730806413,72362.66666666667,8959.593641578966,0.9116666666666666,4.6404;5.1204;2.8340;4.1963;2.8334;3.0139;2.5761;7.7447;5.3625;4.2926;4.0490;4.6911;2.1666;3.0759;3.5046;2.4576;3.5297;5.1828;4.7951;3.5727;5.6685;7.0091;2.5660;6.4227,63488;79872;83968;86016;69632;61440;65536;69632;77824;73728;59392;88064;57344;57344;81920;67584;69632;63488;79872;71680;75776;73728;77824;81920
8,1.5,4,1.0,6,4.0,768,bounded,8,4.008345396137296,1.2077178349488529,70314.66666666667,8621.623255255101,0.9141666666666667,4.6962;4.2202;2.5822;4.1451;3.0342;3.6205;2.5679;6.2048;4.7737;4.4655;4.0242;3.4194;2.2073;3.0354;3.7581;2.6545;3.1784;4.9634;5.4319;2.8126;5.0443;5.4018;3.0753;6.8834,61440;73728;75776;83968;71680;59392;63488;65536;73728;75776;57344;79872;57344;55296;81920;65536;69632;63488;81920;67584;71680;69632;77824;83968
8,1.5,4,1.0,6,4.0,768,bounded,16,4.0602991228061915,1.1906536462686053,65706.66666666667,8504.270508920144,0.9197916666666667,4.8134;4.1543;2.5107;3.7299;3.3021;2.5329;2.6790;5.1857;4.3960;5.3552;5.2299;4.1280;1.8158;3.9608;3.6821;2.6599;4.2832;4.9685;5.8663;2.9978;5.4854;3.9757;3.1445;6.5900,53248;71680;71680;75776;69632;53248;63488;51200;67584;71680;59392;75776;51200;55296;71680;65536;69632;55296;75776;67584;69632;59392;75776;75776
8,1.5,4,1.0,6,4.0,768,bounded,32,4.122537437928848,1.3235344929130266,64853.333333333336,7470.444758439011,0.9208333333333334,4.0979;3.4157;2.5107;5.1371;3.3581;2.5329;2.6790;5.2904;5.0254;5.9371;5.3658;4.1280;1.8158;4.7002;3.7662;2.6599;3.1682;5.2662;6.4575;2.9978;5.6299;3.5374;3.0753;6.3884,51200;67584;71680;71680;69632;53248;63488;53248;63488;69632;53248;75776;53248;61440;71680;65536;67584;57344;69632;67584;69632;61440;73728;73728
8,1.5,4,1.0,7,4.0,896,greedy,0,3.430151516579604,1.7630758253452627,37461.333333333336,4158.632253785158,0.9542708333333333,3.2274;1.8618;1.4300;2.5244;2.2013;2.0294;1.5552;4.9631;4.8367;4.1719;5.0789;3.9912;1.3328;2.9930;3.5741;2.2219;2.7640;5.1878;5.8802;2.2357;6.2524;2.4447;1.4099;8.1557,30720;43008;40960;38912;34816;34816;32768;34816;40960;45056;36864;40960;36864;40960;45056;32768;28672;36864;38912;40960;36864;34816;36864;34816
8,1.5,4,1.0,7,4.0,896,vtc,0,5.6757464904962704,2.244773836148617,40448,5329.064958633299,0.9506249999999999,8.6177;3.1095;2.9728;6.1346;3.8800;5.6816;2.6229;6.5711;6.6056;8.7701;8.6142;4.0020;1.5761;5.7767;6.0121;4.8499;4.3704;8.5857;6.6832;3.8802;8.9750;6.3941;2.6424;8.8900,38912;43008;43008;53248;38912;38912;32768;40960;45056;51200;43008;43008;36864;40960;47104;32768;28672;38912;40960;40960;38912;38912;36864;36864
8,1.5,4,1.0,7,4.0,896,bounded,1,3.036782242050445,1.1949183237617773,39850.666666666664,5187.11566179981,0.9513541666666666,3.3302;1.4897;2.2472;2.6875;2.1433;2.7342;1.8420;4.7279;4.0425;3.2692;3.9263;2.8833;1.2110;2.5967;3.0267;2.7152;3.4348;4.5720;4.4258;2.3557;4.3232;1.8227;1.1072;5.9683,36864;43008;45056;47104;38912;38912;32768;40960;45056;49152;43008;43008;36864;40960;49152;32768;28672;38912;40960;40960;38912;32768;36864;34816
8,1.5,4,1.0,7,4.0,896,bounded,2,3.0447345641512062,1.234932679832192,39594.666666666664,5074.284799084717,0.9516666666666667,3.4029;1.5225;2.1648;2.6286;2.1482;2.8115;1.6187;4.4255;4.0607;3.2978;3.8413;2.9495;1.2637;2.5926;2.9955;2.7252;3.4661;4.6083;4.6759;2.0121;4.5560;2.0286;1.1072;6.1704,36864;43008;45056;47104;40960;38912;32768;36864;45056;49152;43008;40960;36864;40960;47104;32768;28672;36864;40960;40960;40960;32768;36864;34816
8,1.5,4,1.0,7,4.0,896,bounded,4,3.1282375406758667,1.3152902222145442,39594.666666666664,4899.0549655577,0.9516666666666667,3.2822;1.5914;1.4513;2.9788;2.2783;2.9037;1.5552;4.5376;4.4514;3.4659;4.0490;2.9799;1.4321;2.7632;3.1770;2.4576;3.5297;4.8809;4.7951;1.9977;4.7804;1.9569;1.4099;6.3726,36864;43008;43008;49152;38912;38912;32768;36864;45056;49152;40960;38912;36864;40960;47104;32768;28672;38912;40960;40960;40960;34816;36864;36864
8,1.5,4,1.0,7,4.0,896,bounded,8,3.1801410634181644,1.3651405566146444,38912,4617.471746890644,0.9525,3.7264;1.7873;1.4300;2.7302;2.3097;2.0940;1.5552;4.3225;4.6305;4.1855;4.0242;3.4194;1.3328;2.9930;3.2596;2.2219;3.1784;4.8944;5.4319;2.3550;4.1204;2.3198;1.4099;6.5913,36864;43008;43008;43008;38912;36864;32768;34816;47104;49152;40960;38912;36864;40960;45056;32768;28672;38912;38912;40960;36864;34816;36864;36864
8,1.5,4,1.0,7,4.0,896,bounded,16,3.3812492883687337,1.4630102905715476,37973.333333333336,4221.197723658799,0.9536458333333333,4.8134;1.8618;1.4300;2.6949;2.2013;2.0294;1.5552;5.1857;4.3863;3.9919;4.5885;3.9912;1.3328;2.9930;4.0978;2.2219;4.2832;4.9685;5.8663;2.2357;4.6978;2.4447;1.4099;5.8686,38912;43008;40960;40960;34816;34816;32768;34816;43008;47104;36864;40960;36864;40960;45056;32768;28672;36864;36864;40960;36864;34816;36864;34816
8,1.5,4,1.0,7,4.0,896,bounded,32,3.3117909004324493,1.5293147619116565,37546.666666666664,4166.504316837104,0.9541666666666666,3.2274;1.8618;1.4300;2.5244;2.2013;2.0294;1.5552;4.9631;4.8367;4.0163;5.0789;3.9912;1.3328;2.9930;3.5741;2.2219;2.7640;5.2662;5.8802;2.2357;5.2562;2.4447;1.4099;6.3884,30720;43008;40960;38912;34816;34816;32768;34816;40960;45056;36864;40960;36864;40960;45056;32768;28672;36864;38912;40960;38912;34816;36864;34816
8,1.5,4,1.4,5,5.6,640,greedy,0,17.57615881614213,5.649591412225815,39850.666666666664,9120.29317267573,0.9513541666666666,18.1402;14.1902;13.2534;25.2800;10.7445;17.1928;9.7289;30.7359;20.7003;16.5983;19.7287;14.4821;15.3805;26.9303;22.4088;9.7026;13.2199;28.0177;18.7072;16.9680;19.0455;12.7960;11.6024;16.2735,32768;43008;45056;32768;45056;38912;53248;24576;30720;38912;34816;55296;43008;28672;32768;49152;47104;24576;28672;49152;34816;45056;55296;43008
8,1.5,4,1.4,5,5.6,640,vtc,0,63.36053314110467,10.022384533916028,125866.66666666667,24347.23153780642,0.8463541666666666,61.0930;64.2929;60.5934;61.8140;60.8665;59.0529;49.9527;50.1567;60.4815;74.7480;64.5797;71.6175;43.9359;57.8195;88.9537;62.2101;62.1794;60.8768;69.0855;53.2540;72.3132;67.3577;58.1846;85.2335,120832;135168;122880;118784;116736;118784;104448;88064;106496;155648;116736;141312;88064;106496;182272;126976;116736;129024;143360;104448;135168;131072;118784;192512
8,1.5,4,1.4,5,5.6,640,bounded,1,32.26086106978782,5.747851502618025,116053.33333333333,12880.528905634617,0.8583333333333334,28.3087;36.5921;38.8956;42.9423;29.1561;32.0166;23.9692;33.6762;32.4194;32.9880;35.5199;27.6447;25.3464;27.6059;43.4497;22.5512;29.0520;35.8207;38.2369;25.1812;39.1045;33.9574;26.1059;33.7201,102400;124928;137216;135168;110592;112640;106496;100352;106496;114688;118784;129024;98304;92160;143360;104448;114688;108544;122880;108544;129024;124928;114688;124928
8,1.5,4,1.4,5,5.6,640,bounded,2,29.45148216621171,5.633114892792407,108544,12457.497662050753,0.8675,29.5767;31.0982;31.0064;37.3808;28.4479;26.6254;25.0011;32.5294;34.7299;25.3203;32.7353;22.9787;21.6232;25.1293;45.0144;22.2013;23.7034;33.7963;34.5063;24.4946;32.2888;30.6243;22.2099;33.8138,102400;110592;116736;120832;108544;100352;112640;96256;112640;94208;110592;114688;88064;86016;147456;104448;100352;102400;112640;104448;112640;116736;104448;124928
8,1.5,4,1.4,5,5.6,640,bounded,4,25.31543480731133,4.131512887389052,97109.33333333333,8807.127618519497,0.8814583333333333,23.5326;27.4575;28.3808;25.2519;20.7023;26.3410;22.4627;30.8959;29.3371;22.8998;23.4281;20.2887;21.0146;27.9325;32.7762;17.4192;20.4035;28.1364;29.9949;21.8722;31.8180;25.5387;21.0966;28.5892,86016;102400;112640;88064;88064;100352;102400;92160;96256;86016;88064;106496;88064;92160;110592;90112;92160;88064;98304;96256;112640;100352;100352;112640
8,1.5,4,1.4,5,5.6,640,bounded,8,21.237769216844722,4.5733119408831735,84480,8970.964719582838,0.896875,22.4542;24.4451;24.3678;25.6033;15.8111;19.8912;14.1893;25.1662;29.3967;24.0402;21.6182;14.7589;17.6568;18.6894;23.7251;13.7024;15.6759;22.4403;31.4758;20.2860;24.2625;18.8578;18.1062;23.0859,79872;96256;98304;92160;73728;79872;79872;75776;94208;90112;81920;83968;77824;67584;88064;75776;79872;73728;104448;86016;83968;77824;92160;94208
8,1.5,4,1.4,5,5.6,640,bounded,16,17.590411892113814,3.0577450567728603,71850.66666666667,5574.82085412218,0.9122916666666667,18.2835;21.9396;16.4523;20.1378;12.7951;17.1419;13.7569;22.5267;18.9147;18.0688;20.7293;14.5997;14.5703;18.4057;20.8638;12.6392;14.5716;22.9117;19.0018;16.3370;18.8185;18.7402;12.5601;17.4038,67584;88064;75776;73728;65536;69632;77824;67584;67584;71680;75776;75776;67584;61440;77824;73728;71680;67584;63488;75776;69632;69632;73728;75776
8,1.5,4,1.4,5,5.6,640,bounded,32,14.583046314990344,2.853796446342658,58282.666666666664,4343.6259302824665,0.9288541666666666,16.5214;14.2543;14.2442;16.5118;10.2156;13.0241;9.5226;19.6419;15.2411;16.7197;15.3786;11.6554;13.6922;17.1259;17.3453;8.8206;11.1465;18.9733;17.3515;14.8188;17.2099;14.1429;11.9668;14.4686,57344;63488;63488;55296;55296;59392;57344;53248;51200;65536;53248;59392;59392;53248;59392;53248;55296;53248;59392;67584;61440;57344;63488;61440
8,1.5,4,1.4,6,5.6,768,greedy,0,16.435946358453567,7.783608530947882,33962.666666666664,7569.215782071189,0.9585416666666666,15.8841;10.4073;9.7306;23.4063;7.8337;10.4039;6.8208;31.7114;17.5461;16.1382;22.0644;11.2173;10.3368;29.8399;24.2698;8.3170;10.3802;27.1659;31.3211;14.2480;18.9612;9.9413;8.9946;17.5228,24576;36864;40960;28672;40960;32768;40960;20480;26624;34816;28672;45056;36864;22528;30720;40960;40960;22528;26624;40960;28672;36864;47104;38912
8,1.5,4,1.4,6,5.6,768,vtc,0,39.86413598475321,11.342938179925824,80384,13009.905559482999,0.901875,31.8108;44.6014;39.0784;53.2678;32.0021;25.5863;21.3680;41.6620;42.1236;58.4319;36.4058;41.6997;27.4010;43.2892;58.1952;24.1853;27.5463;47.7216;61.3346;32.0281;49.2103;30.2671;35.1152;52.4075,69632;83968;86016;96256;73728;67584;67584;71680;75776;104448;67584;86016;63488;71680;104448;69632;71680;83968;108544;75776;79872;67584;86016;96256
8,1.5,4,1.4,6,5.6,768,bounded,1,17.21055870263074,4.35539123848024,73984,8450.585462952651,0.9096875,17.9571;20.6530;20.0512;23.5551;14.6733;12.5830;10.0407;25.0254;20.1315;16.8844;18.1114;18.0056;10.7219;16.9129;22.6961;9.9498;12.8253;19.9318;22.1291;14.3291;20.0205;18.1213;10.0657;17.6781,71680;83968;88064;83968;71680;61440;69632;73728;71680;71680;69632;92160;59392;61440;83968;63488;71680;65536;79872;73728;75776;79872;71680;79872
8,1.5,4,1.4,6,5.6,768,bounded,2,16.79671802565073,4.911509605362816,72533.33333333333,10722.159649788635,0.9114583333333334,18.0730;19.6219;21.6327;21.3996;13.9191;11.0539;9.7261;20.8632;17.7346;14.5709;19.0070;17.2004;8.6145;17.7599;25.8840;8.3089;12.1586;21.4605;23.8353;11.5703;19.3803;19.7978;10.3238;19.2250,71680;81920;94208;77824;69632;57344;69632;59392;65536;65536;73728;88064;53248;63488;92160;61440;69632;69632;81920;65536;73728;86016;67584;81920
8,1.5,4,1.4,6,5.6,768,bounded,4,15.421089550317145,4.107294533919091,67754.66666666667,7382.196481325113,0.9172916666666666,15.7187;18.8670;15.3614;20.3388;13.3331;11.8823;9.1685;24.8342;18.0147;15.1400;18.8395;14.0791;10.8720;16.4140;20.8615;7.9494;10.8419;16.9364;20.0894;11.0483;18.2382;16.3031;10.6654;14.3094,61440;79872;77824;75776;67584;57344;67584;67584;67584;63488;73728;73728;59392;59392;79872;55296;65536;55296;71680;61440;67584;75776;73728;67584
8,1.5,4,1.4,6,5.6,768,bounded,8,14.481102533237532,3.5379727568381534,64170.666666666664,7563.441427169396,0.9216666666666667,17.4407;17.2821;12.1549;19.1249;14.0431;12.2172;8.7314;18.6635;14.8408;14.1168;13.7384;14.7812;9.1462;16.2322;16.3176;8.8649;9.6368;16.9010;18.7399;10.9912;21.0094;12.7947;11.1348;18.6426,69632;77824;65536;65536;69632;61440;65536;51200;57344;61440;57344;73728;53248;57344;61440;61440;59392;55296;67584;61440;77824;61440;67584;79872
8,1.5,4,1.4,6,5.6,768,bounded,16,13.64512421813539,3.4718848093349037,58965.333333333336,6171.78900769911,0.9280208333333333,15.7534;16.8443;11.3286;17.2326;10.1991;15.1449;6.6588;19.3200;13.7619;13.9702;12.9097;12.4731;8.5215;16.3319;17.0196;7.1190;8.4973;18.1054;16.9482;14.6613;16.0653;13.9601;10.9140;13.7429,57344;73728;63488;57344;57344;61440;51200;51200;51200;57344;55296;63488;51200;55296;63488;49152;55296;57344;57344;67584;63488;63488;69632;61440
8,1.5,4,1.4,6,5.6,768,bounded,32,11.55530535214926,3.368028775090234,47957.333333333336,4943.444772850428,0.9414583333333333,17.8908;10.6896;7.2385;15.6671;7.8220;10.6004;6.4034;16.1014;11.6449;14.7458;12.8870;9.6276;9.5994;14.0080;14.0659;6.7782;8.2584;17.2523;13.9461;11.0053;13.3968;9.1563;7.0137;11.5287,57344;55296;45056;51200;43008;49152;45056;43008;43008;57344;40960;49152;47104;43008;49152;40960;43008;51200;47104;53248;49152;43008;51200;53248
8,1.5,4,1.4,7,5.6,896,greedy,0,14.89957588354684,9.846567020351136,25600,4463.51251818565,0.96875,15.8699;5.2835;4.6585;21.0770;5.3520;7.9133;3.4402;38.0095;16.2490;18.2148;22.0644;11.0284;5.0370;29.8399;24.2698;5.6283;9.2997;27.4746;31.3211;7.2403;18.9612;8.0604;3.7743;17.5228,20480;26624;34816;22528;24576;24576;30720;16384;24576;26624;24576;26624;28672;18432;24576;30720;30720;18432;20480;28672;24576;28672;30720;26624
8,1.5,4,1.4,7,5.6,896,vtc,0,15.578992023725151,6.081288052472732,41301.333333333336,5243.6621638783035,0.9495833333333333,17.0676;18.4458;8.9790;25.3320;18.3113;14.2468;5.5001;22.7152;21.8058;22.8755;19.2581;15.1746;5.8160;20.6865;20.9825;6.8240;9.2819;17.7517;17.2853;13.1311;16.5078;9.6003;4.7282;21.5888,43008;45056;45056;47104;45056;40960;34816;43008;45056;51200;47104;40960;36864;40960;45056;32768;28672;40960;40960;43008;43008;32768;34816;43008
8,1.5,4,1.4,7,5.6,896,bounded,1,7.374957762962285,2.9519234085120534,39936,5254.759873993609,0.9512499999999999,6.7579;8.2353;4.5521;12.7648;5.9215;7.2124;2.7995;13.6501;8.6176;10.2835;8.1972;7.2021;2.9660;9.5114;11.2846;3.5093;5.3457;10.0576;9.6154;5.6860;7.8734;4.7803;3.2212;6.9539,36864;43008;43008;49152;38912;40960;34816;40960;40960;49152;43008;38912;36864;40960;51200;32768;28672;38912;43008;43008;38912;32768;36864;34816
8,1.5,4,1.4,7,5.6,896,bounded,2,7.316772107362245,2.8327254635574928,39680,5044.780801316677,0.9515625,6.8039;7.2193;4.3065;10.6855;6.0475;6.5978;2.8582;13.8430;10.3016;9.2265;9.9245;9.3218;2.9829;9.6418;11.0394;3.8315;5.2447;9.2910;8.1038;5.8391;7.2514;4.9347;3.1912;7.1148,36864;40960;40960;43008;38912;38912;34816;40960;45056;47104;47104;47104;36864;40960;49152;32768;28672;36864;36864;43008;38912;32768;38912;34816
8,1.5,4,1.4,7,5.6,896,bounded,4,7.742729012460747,2.764739742052232,39765.333333333336,4907.965045605855,0.9514583333333333,7.4601;8.7668;5.0136;11.9198;8.3603;6.3435;2.9304;12.3990;8.9804;8.5269;9.0942;7.2510;3.2797;10.5417;11.4022;3.7672;5.6845;10.4728;7.0350;6.1080;11.5995;7.8123;3.3449;7.7319,38912;45056;43008;45056;43008;36864;34816;38912;40960;43008;40960;36864;36864;43008;49152;32768;28672;36864;34816;43008;49152;40960;36864;34816
8,1.5,4,1.4,7,5.6,896,bounded,8,7.979009866654748,2.9319548182955466,39936,4729.653405201414,0.9512499999999999,8.6684;6.4024;3.5419;11.3894;8.3344;6.1695;2.9146;14.9907;9.8400;9.1975;9.6844;7.4075;4.1462;11.3011;10.2576;4.1083;5.9380;10.9173;10.6987;6.6149;8.7324;8.2502;3.8543;8.1366,40960;38912;38912;47104;45056;34816;32768;38912;40960;49152;40960;38912;36864;43008;47104;32768;28672;38912;45056;40960;40960;40960;38912;36864
8,1.5,4,1.4,7,5.6,896,bounded,16,8.338550336048812,2.7667845123824453,38570.666666666664,5309.900522190181,0.9529166666666666,9.6344;8.7643;4.2713;11.5349;7.4610;6.5497;3.4014;13.9713;9.4036;9.5872;8.4545;9.2372;4.3506;12.2124;11.9679;4.8860;6.9935;11.4878;8.7577;7.2615;9.0060;7.6977;3.8181;9.4152,40960;43008;43008;45056;34816;32768;32768;34816;40960;47104;38912;38912;34816;43008;51200;32768;28672;38912;36864;43008;38912;38912;32768;32768
8,1.5,4,1.4,7,5.6,896,bounded,32,8.47241198546822,3.0563330711184307,32768,4802.985738059192,0.96,9.4016;5.6345;4.2183;10.7315;5.9763;7.0393;3.4402;15.5454;8.7703;11.7201;9.5110;8.4926;4.3512;11.8057;11.0703;5.6283;7.2046;12.5759;10.7397;8.5803;11.0101;7.2415;3.7743;8.8751,28672;30720;36864;30720;26624;28672;30720;40960;28672;47104;30720;30720;30720;32768;36864;30720;28672;36864;34816;40960;32768;28672;30720;30720
8,2.0,4,0.7,5,2.8,640,greedy,0,1.761937199543739,0.8186629046963,61184,8429.879556276788,0.9253125,1.8788;1.2668;1.1425;1.1409;1.3496;1.1642;1.5754;3.2057;1.4944;2.0986;2.8382;0.7308;0.6295;1.4198;2.0856;2.8252;0.9026;2.0332;2.0667;0.6142;2.2341;2.3386;1.3807;3.8705,61440;67584;57344;83968;61440;61440;57344;61440;65536;61440;59392;63488;47104;65536;73728;51200;45056;55296;47104;61440;67584;59392;63488;69632
8,2.0,4,0.7,5,2.8,640,vtc,0,2.853651965000029,1.5850356937007646,62720,8725.307253424757,0.9234375,3.3259;1.2668;1.7777;1.4239;1.6333;2.0536;2.6982;5.5405;1.8397;2.5282;3.7732;0.7966;0.6678;2.7063;3.7509;3.1044;3.6209;3.4845;3.5843;0.6647;3.4473;6.0598;1.9650;6.7739,59392;67584;57344;86016;61440;63488;63488;63488;65536;63488;59392;63488;47104;69632;73728;51200;49152;57344;49152;63488;67584;61440;63488;77824
8,2.0,4,0.7,5,2.8,640,bounded,1,1.7518202597165435,0.9261992809717229,62208,8785.189961899894,0.9240625,1.7016;1.2087;0.8924;0.9591;1.1229;1.4079;1.2417;2.9075;1.0799;2.3486;3.8258;0.7308;0.6295;1.2097;2.6009;2.8252;1.4894;1.4525;1.9877;0.5916;2.0447;2.4141;1.3807;3.9909,59392;67584;55296;83968;61440;63488;59392;63488;65536;61440;65536;63488;47104;67584;75776;51200;49152;55296;47104;61440;69632;59392;63488;75776
8,2.0,4,0.7,5,2.8,640,bounded,2,1.6652458878662575,0.8329972810437358,62208,8785.189961899894,0.9240625,1.5247;1.2087;0.9100;0.9591;1.2656;1.2394;1.3499;2.6784;1.1492;2.3486;3.6082;0.7308;0.6295;1.1749;2.0229;2.8252;1.2916;1.4100;1.9099;0.6142;1.7801;2.3386;1.3807;3.6156,59392;67584;55296;83968;61440;63488;59392;63488;65536;61440;65536;63488;47104;67584;75776;51200;49152;55296;47104;61440;69632;59392;63488;75776
8,2.0,4,0.7,5,2.8,640,bounded,4,1.6907092804215544,0.7520657706021493,61781.333333333336,8395.689899519211,0.9245833333333333,1.8914;1.2355;1.1425;1.1409;1.3496;1.2394;1.5754;2.6039;1.3081;2.0986;2.7746;0.7308;0.6295;1.3773;1.6631;2.8252;1.2457;1.4819;2.1062;0.6142;2.0275;2.3386;1.3807;3.7963,61440;67584;57344;83968;61440;63488;59392;59392;65536;61440;61440;63488;47104;65536;73728;51200;49152;55296;47104;61440;69632;59392;63488;73728
8,2.0,4,0.7,5,2.8,640,bounded,8,1.7574835272396991,0.7915428624553212,61696,8367.454411786975,0.9246875,1.8788;1.2668;1.1425;1.1409;1.3496;1.1642;1.5754;2.9811;1.4944;2.0986;2.8382;0.7308;0.6295;1.4198;2.0856;2.8252;1.1240;1.8229;2.2325;0.6142;2.1269;2.4372;1.3807;3.8200,61440;67584;57344;83968;61440;61440;57344;61440;65536;61440;59392;63488;47104;65536;73728;51200;51200;55296;47104;61440;67584;59392;63488;75776
8,2.0,4,0.7,5,2.8,640,bounded,16,1.757903745178662,0.8084391163490413,61354.666666666664,8638.077152288517,0.9251041666666667,1.8788;1.2668;1.1425;1.1409;1.3496;1.1642;1.5754;3.2057;1.4944;2.0986;2.8382;0.7308;0.6295;1.4198;2.0856;2.8252;0.9026;2.0332;2.0667;0.6142;2.2341;2.3386;1.3807;3.7737,61440;67584;57344;83968;61440;61440;57344;61440;65536;61440;59392;63488;47104;65536;73728;51200;45056;55296;47104;61440;67584;59392;63488;73728
8,2.0,4,0.7,5,2.8,640,bounded,32,1.761937199543739,0.8186629046963,61184,8429.879556276788,0.9253125,1.8788;1.2668;1.1425;1.1409;1.3496;1.1642;1.5754;3.2057;1.4944;2.0986;2.8382;0.7308;0.6295;1.4198;2.0856;2.8252;0.9026;2.0332;2.0667;0.6142;2.2341;2.3386;1.3807;3.8705,61440;67584;57344;83968;61440;61440;57344;61440;65536;61440;59392;63488;47104;65536;73728;51200;45056;55296;47104;61440;67584;59392;63488;69632
8,2.0,4,0.7,6,2.8,768,greedy,0,1.3675861007856753,0.8006711234946225,39680,7114.466763808327,0.9515625,1.0611;0.9853;0.5569;0.9424;0.5060;1.1389;0.6394;1.6899;1.0083;2.0986;2.4464;0.7308;0.6295;1.4198;1.1839;2.8252;0.9026;1.4471;2.0667;0.5315;1.3576;1.7554;1.0282;3.8705,38912;43008;38912;61440;47104;47104;30720;36864;40960;47104;40960;40960;34816;43008;47104;26624;30720;38912;34816;34816;38912;38912;38912;30720
8,2.0,4,0.7,6,2.8,768,vtc,0,1.9559470665608711,1.365342915410854,39594.666666666664,7256.846208160187,0.9516666666666667,1.8129;0.9853;0.5859;0.6928;0.5330;1.2594;0.7134;4.9971;0.9355;2.5282;2.6295;0.7841;0.5810;1.4413;2.5572;3.1044;1.6677;1.8520;3.5843;0.5313;2.9794;3.7419;1.2540;5.1911,36864;43008;38912;61440;47104;47104;30720;36864;40960;47104;36864;40960;34816;43008;49152;26624;30720;38912;34816;34816;38912;40960;38912;30720
8,2.0,4,0.7,6,2.8,768,bounded,1,1.4105899123267638,0.8604034811265941,39765.333333333336,7286.887096391404,0.9514583333333333,1.3853;0.9853;0.5162;0.6792;0.5019;1.0609;0.4820;1.8762;0.8162;2.3486;1.4928;0.7308;0.6295;1.1143;1.9167;2.8252;1.4894;1.2154;1.9877;0.5315;2.0447;2.4141;0.8196;3.9909,38912;43008;38912;61440;47104;47104;30720;38912;40960;47104;34816;40960;34816;43008;49152;26624;30720;38912;34816;34816;38912;43008;38912;30720
8,2.0,4,0.7,6,2.8,768,bounded,2,1.3883309974066038,0.7734523816890161,39850.666666666664,7191.833393200621,0.9513541666666667,1.3441;0.9853;0.5469;0.8050;0.5060;1.0753;0.6394;1.8187;0.8548;2.3486;2.2098;0.7308;0.6295;1.1345;1.7126;2.8252;1.2901;1.2591;1.9099;0.5315;1.7591;1.7598;1.0282;3.6156,38912;43008;38912;61440;47104;47104;30720;38912;40960;47104;38912;40960;34816;43008;49152;26624;30720;38912;34816;34816;38912;40960;38912;30720
8,2.0,4,0.7,6,2.8,768,bounded,4,1.3794557713770625,0.7837026471108415,39850.666666666664,7216.0926330590355,0.9513541666666667,1.0611;0.9853;0.5569;0.9424;0.5060;1.1389;0.6394;1.4593;0.8872;2.0986;2.3912;0.7308;0.6295;1.3764;1.5409;2.8252;1.2093;1.4253;2.1062;0.5315;1.6217;1.6191;1.0282;3.7963,38912;43008;38912;61440;47104;47104;30720;36864;40960;47104;40960;40960;34816;43008;49152;26624;30720;38912;34816;34816;38912;40960;38912;30720
8,2.0,4,0.7,6,2.8,768,bounded,8,1.3723930241055924,0.8008990676684324,39765.333333333336,7117.025096360292,0.9514583333333333,1.0611;0.9853;0.5569;0.9424;0.5060;1.1389;0.6394;1.6899;1.0083;2.0986;2.4464;0.7308;0.6295;1.4198;1.1839;2.8252;0.9026;1.4471;2.2325;0.5315;1.3576;1.7554;1.0282;3.8200,38912;43008;38912;61440;47104;47104;30720;36864;40960;47104;40960;40960;34816;43008;47104;26624;30720;38912;34816;34816;38912;40960;38912;30720
8,2.0,4,0.7,6,2.8,768,bounded,16,1.3635526464205985,0.7881991543983409,39680,7114.466763808327,0.9515625,1.0611;0.9853;0.5569;0.9424;0.5060;1.1389;0.6394;1.6899;1.0083;2.0986;2.4464;0.7308;0.6295;1.4198;1.1839;2.8252;0.9026;1.4471;2.0667;0.5315;1.3576;1.7554;1.0282;3.7737,38912;43008;38912;61440;47104;47104;30720;36864;40960;47104;40960;40960;34816;43008;47104;26624;30720;38912;34816;34816;38912;38912;38912;30720
8,2.0,4,0.7,6,2.8,768,bounded,32,1.3675861007856753,0.8006711234946225,39680,7114.466763808327,0.9515625,1.0611;0.9853;0.5569;0.9424;0.5060;1.1389;0.6394;1.6899;1.0083;2.0986;2.4464;0.7308;0.6295;1.4198;1.1839;2.8252;0.9026;1.4471;2.0667;0.5315;1.3576;1.7554;1.0282;3.8705,38912;43008;38912;61440;47104;47104;30720;36864;40960;47104;40960;40960;34816;43008;47104;26624;30720;38912;34816;34816;38912;38912;38912;30720
8,2.0,4,0.7,7,2.8,896,greedy,0,1.177211465886432,0.824198691089107,23637.333333333332,3691.0982406625567,0.9711458333333334,1.0528;0.5188;0.5569;0.5349;0.5019;0.4915;0.4684;1.6899;1.0083;2.0986;1.7135;0.6727;0.6295;1.1143;0.7102;2.8252;0.8475;1.3860;1.7913;0.3838;1.3576;1.3385;0.6904;3.8705,18432;26624;24576;30720;26624;28672;22528;26624;28672;24576;24576;24576;18432;24576;24576;18432;22528;22528;20480;22528;28672;20480;16384;20480
8,2.0,4,0.7,7,2.8,896,vtc,0,1.7097893680569776,1.3832831390338902,23637.333333333332,3691.0982406625567,0.9711458333333334,1.8129;0.4389;0.5859;0.5349;0.4630;0.4915;0.6335;4.9971;0.8353;2.5282;2.6295;0.7135;0.5768;1.1749;0.8583;3.1044;1.6677;1.8520;3.5843;0.4841;2.9794;1.7895;1.1082;5.1911,18432;26624;24576;30720;26624;28672;22528;26624;28672;24576;24576;24576;18432;24576;24576;18432;22528;22528;20480;22528;28672;20480;16384;20480
8,2.0,4,0.7,7,2.8,896,bounded,1,1.2233985809588306,0.880715911831459,23637.333333333332,3691.0982406625567,0.9711458333333334,1.3853;0.4739;0.4727;0.5264;0.4997;0.4915;0.4820;1.8762;0.8162;2.3486;1.3149;0.6727;0.6295;0.8441;0.7066;2.8252;1.4894;1.1319;1.9877;0.3838;2.0447;1.1482;0.8196;3.9909,18432;26624;24576;30720;26624;28672;22528;26624;28672;24576;24576;24576;18432;24576;24576;18432;22528;22528;20480;22528;28672;20480;16384;20480
8,2.0,4,0.7,7,2.8,896,bounded,2,1.1919703468112535,0.8124136390957603,23637.333333333332,3691.0982406625567,0.9711458333333334,1.3441;0.4739;0.5287;0.5046;0.5019;0.4915;0.4684;1.7874;0.8548;2.3486;1.2827;0.6727;0.6295;0.9496;0.7095;2.8252;1.2901;1.1178;1.9099;0.3838;1.7591;1.3385;0.8193;3.6156,18432;26624;24576;30720;26624;28672;22528;26624;28672;24576;24576;24576;18432;24576;24576;18432;22528;22528;20480;22528;28672;20480;16384;20480
8,2.0,4,0.7,7,2.8,896,bounded,4,1.1878200062471038,0.8126147977511257,23637.333333333332,3691.0982406625567,0.9711458333333334,1.0528;0.5188;0.5569;0.5349;0.5019;0.4915;0.4684;1.4593;0.8872;2.0986;1.2932;0.6727;0.6295;1.1143;0.9593;2.8252;1.2093;1.2968;2.1062;0.3838;1.6217;1.3385;0.6904;3.7963,18432;26624;24576;30720;26624;28672;22528;26624;28672;24576;24576;24576;18432;24576;24576;18432;22528;22528;20480;22528;28672;20480;16384;20480
8,2.0,4,0.7,7,2.8,896,bounded,8,1.1934936249640096,0.8357690597363922,23637.333333333332,3691.0982406625567,0.9711458333333334,1.0528;0.5188;0.5569;0.5349;0.5019;0.4915;0.4684;1.6899;1.0083;2.0986;1.7135;0.6727;0.6295;1.1143;0.7102;2.8252;0.8475;1.3860;2.2325;0.3838;1.3576;1.3385;0.6904;3.8200,18432;26624;24576;30720;26624;28672;22528;26624;28672;24576;24576;24576;18432;24576;24576;18432;22528;22528;20480;22528;28672;20480;16384;20480
8,2.0,4,0.7,7,2.8,896,bounded,16,1.1731780115213553,0.8111420384771382,23637.333333333332,3691.0982406625567,0.9711458333333334,1.0528;0.5188;0.5569;0.5349;0.5019;0.4915;0.4684;1.6899;1.0083;2.0986;1.7135;0.6727;0.6295;1.1143;0.7102;2.8252;0.8475;1.3860;1.7913;0.3838;1.3576;1.3385;0.6904;3.7737,18432;26624;24576;30720;26624;28672;22528;26624;28672;24576;24576;24576;18432;24576;24576;18432;22528;22528;20480;22528;28672;20480;16384;20480
8,2.0,4,0.7,7,2.8,896,bounded,32,1.177211465886432,0.824198691089107,23637.333333333332,3691.0982406625567,0.9711458333333334,1.0528;0.5188;0.5569;0.5349;0.5019;0.4915;0.4684;1.6899;1.0083;2.0986;1.7135;0.6727;0.6295;1.1143;0.7102;2.8252;0.8475;1.3860;1.7913;0.3838;1.3576;1.3385;0.6904;3.8705,18432;26624;24576;30720;26624;28672;22528;26624;28672;24576;24576;24576;18432;24576;24576;18432;22528;22528;20480;22528;28672;20480;16384;20480
8,2.0,4,1.0,5,4.0,640,greedy,0,3.578858540771114,1.2127930182669155,55978.666666666664,7768.6146913218845,0.9316666666666666,3.8044;2.8284;2.5888;4.7278;2.4495;3.1852;1.8531;6.5262;4.4156;3.3797;4.0719;2.2554;1.8158;4.4005;4.0301;3.4514;3.0406;4.6518;3.9003;1.6263;5.5924;3.6612;2.5892;5.0471,55296;63488;53248;75776;57344;59392;47104;51200;63488;59392;49152;65536;45056;57344;67584;49152;40960;51200;49152;53248;59392;51200;61440;57344
8,2.0,4,1.0,5,4.0,640,vtc,0,6.703193440828029,3.3164538748356076,64853.333333333336,9922.178972159067,0.9208333333333333,6.3761;2.9946;5.3368;7.7791;3.8226;9.3059;5.2210;13.6427;5.4162;5.5385;11.5526;1.9292;3.5884;5.5959;9.1317;3.5381;4.7436;9.7692;5.5591;5.6078;6.7582;8.0636;3.9429;15.6629,59392;67584;61440;83968;61440;67584;63488;69632;65536;63488;63488;65536;49152;71680;83968;51200;47104;61440;49152;67584;67584;61440;67584;86016
8,2.0,4,1.0,5,4.0,640,bounded,1,3.4445077145878895,1.2172814834268628,62037.333333333336,8433.334071146213,0.9242708333333334,3.3750;2.1729;1.7365;3.0510;2.6321;4.4465;3.1285;6.8997;3.3153;2.9827;5.5199;2.1891;1.9729;3.2314;3.9581;3.2688;3.2033;3.6938;3.9886;2.1905;3.6851;4.5452;2.1418;5.3396,59392;65536;57344;83968;61440;65536;57344;63488;65536;61440;59392;67584;49152;67584;75776;49152;49152;55296;51200;63488;67584;55296;63488;73728
8,2.0,4,1.0,5,4.0,640,bounded,2,3.4474801986587096,1.198850118087213,61696,7894.6016998959485,0.9246875,3.2899;2.0866;1.7709;2.8876;2.4813;4.3288;2.9428;6.7354;3.4270;3.0175;5.3170;2.1029;2.0818;3.4278;3.8768;3.2688;4.0217;3.7394;4.1436;2.2390;3.7664;4.4171;2.0065;5.3629,61440;65536;55296;81920;63488;65536;57344;63488;65536;61440;57344;67584;49152;67584;75776;49152;51200;55296;51200;61440;67584;55296;63488;67584
8,2.0,4,1.0,5,4.0,640,bounded,4,3.2659587774001033,1.0715729234793576,60501.333333333336,7887.219253675883,0.9261458333333333,3.5421;2.0554;2.0919;2.9821;2.2763;3.7590;2.4054;5.8947;3.5615;3.1784;3.6356;1.9733;1.9382;3.5790;4.2287;3.3951;2.9857;3.6460;4.2030;1.7368;3.6937;4.4382;1.8931;5.2898,61440;65536;57344;81920;59392;63488;51200;65536;63488;61440;53248;67584;49152;63488;73728;49152;49152;53248;53248;59392;65536;55296;63488;65536
8,2.0,4,1.0,5,4.0,640,bounded,8,3.4276638967546864,1.0255444089013475,59306.666666666664,7764.395547769461,0.9276041666666667,3.6108;2.5889;2.4813;2.8983;2.4495;3.7210;1.8916;5.0403;3.6355;3.0838;3.9176;2.0516;1.8158;3.8642;4.6009;3.4514;3.0658;4.0188;4.0625;2.5062;4.3366;5.0841;2.4938;5.5935,57344;65536;55296;75776;61440;63488;49152;57344;65536;61440;51200;65536;45056;63488;73728;49152;49152;55296;51200;57344;67584;55296;63488;63488
8,2.0,4,1.0,5,4.0,640,bounded,16,3.496243368783877,1.0079037096943937,57429.333333333336,7582.192002023923,0.9298958333333334,2.9637;2.8284;2.5888;3.4739;2.4495;3.1852;1.8531;5.1973;4.1242;3.8859;4.0719;2.2554;1.8158;4.0506;4.0167;3.4514;3.1682;4.8127;4.6166;2.3488;4.7625;4.2084;2.5892;5.1915,53248;63488;53248;75776;57344;59392;47104;53248;65536;63488;49152;65536;45056;61440;69632;49152;49152;51200;51200;57344;63488;53248;61440;59392
8,2.0,4,1.0,5,4.0,640,bounded,32,3.578858540771114,1.2127930182669155,56064,7794.348721990825,0.9315625,3.8044;2.8284;2.5888;4.7278;2.4495;3.1852;1.8531;6.5262;4.4156;3.3797;4.0719;2.2554;1.8158;4.4005;4.0301;3.4514;3.0406;4.6518;3.9003;1.6263;5.5924;3.6612;2.5892;5.0471,55296;63488;53248;75776;57344;59392;47104;51200;63488;59392;49152;65536;45056;57344;67584;49152;40960;51200;49152;53248;59392;51200;61440;59392
8,2.0,4,1.0,6,4.0,768,greedy,0,3.0033992126465066,1.0668783599343108,38314.666666666664,6489.261967965917,0.9532291666666667,2.7720;1.4977;1.4741;3.9630;1.5424;2.2172;1.8420;3.8799;3.1711;3.3797;4.3922;2.1330;1.7790;4.3720;3.5362;3.4514;3.0406;4.7437;3.6257;1.7951;3.4365;2.9400;2.0500;5.0471,36864;40960;38912;57344;45056;43008;30720;36864;40960;45056;36864;43008;34816;45056;43008;26624;30720;38912;30720;34816;36864;32768;38912;30720
8,2.0,4,1.0,6,4.0,768,vtc,0,3.9465403358108166,1.5543811651439896,39765.333333333336,7165.967965940741,0.9514583333333333,4.4315;2.1914;1.7696;2.6133;2.4994;4.3396;3.0387;5.9816;4.9101;3.6378;5.6814;1.5724;2.3863;3.2904;4.2206;3.5381;3.1514;6.1518;5.5591;2.6266;4.6663;7.2340;2.8647;6.3609,38912;43008;38912;59392;47104;47104;30720;38912;40960;47104;34816;43008;34816;43008;51200;26624;30720;38912;34816;34816;38912;40960;38912;30720
8,2.0,4,1.0,6,4.0,768,bounded,1,2.6254008632536885,1.0267570541941649,39594.666666666664,7280.888834628793,0.9516666666666667,2.7583;1.2055;1.3176;2.0358;1.4182;2.3498;1.6655;3.3253;3.3104;2.8242;3.1045;1.5968;1.2047;2.2623;2.9027;3.2688;2.7788;3.4100;3.9886;1.7471;2.9026;4.5452;1.9448;5.1420,38912;40960;38912;61440;47104;47104;30720;36864;40960;47104;34816;43008;34816;43008;49152;26624;30720;38912;34816;34816;38912;40960;38912;30720
8,2.0,4,1.0,6,4.0,768,bounded,2,2.636479724656927,0.9801506960320665,39509.333333333336,7007.212538203444,0.9517708333333333,2.7216;1.2428;1.3968;2.2213;1.4336;2.5152;1.6411;3.3645;3.2400;2.7281;3.3435;1.6053;1.3966;2.3455;2.8816;3.2688;2.6696;3.3609;4.1436;1.7101;3.0026;4.4171;1.8089;4.8164,36864;40960;38912;59392;47104;47104;30720;36864;40960;47104;36864;43008;34816;43008;49152;26624;30720;38912;34816;34816;38912;40960;38912;30720
8,2.0,4,1.0,6,4.0,768,bounded,4,2.6635101447382463,1.0554232822853264,39424,7100.635840073292,0.951875,3.0006;1.3804;1.1852;2.3303;1.5895;2.3096;1.7843;3.3413;3.4862;2.6870;3.4514;1.5465;1.4321;2.3962;2.7323;3.3951;2.4962;3.4312;4.2030;1.5363;3.0841;4.4382;1.4751;5.2122,34816;40960;38912;59392;47104;45056;30720;40960;40960;47104;38912;43008;34816;43008;49152;26624;30720;38912;30720;34816;38912;40960;38912;30720
8,2.0,4,1.0,6,4.0,768,bounded,8,2.8239468764917297,0.9154625994039219,39082.666666666664,6790.303151471876,0.9522916666666666,3.0750;1.4977;1.7279;2.7885;1.9524;2.3594;1.8125;3.3279;3.6355;2.7281;3.8561;1.8216;1.7790;3.2163;2.9668;3.4514;2.3286;3.3737;4.0625;1.8055;3.4602;3.4371;2.0500;5.2613,34816;40960;38912;57344;47104;43008;30720;38912;40960;45056;38912;43008;34816;45056;49152;26624;30720;38912;30720;34816;40960;36864;38912;30720
8,2.0,4,1.0,6,4.0,768,bounded,16,3.006677191015817,1.0726633732956112,38485.333333333336,6556.243911129468,0.9530208333333333,2.7720;1.4977;1.4741;3.3041;1.5424;2.2172;1.8420;3.9535;3.7300;3.0609;4.5630;2.1330;1.7790;4.0392;2.9992;3.4514;3.1673;4.3822;4.6166;1.7951;4.0748;2.8934;2.0500;4.8221,34816;40960;38912;57344;45056;43008;30720;36864;40960;47104;36864;43008;34816;45056;43008;26624;30720;38912;30720;34816;38912;34816;38912;30720
8,2.0,4,1.0,6,4.0,768,bounded,32,3.006179687564287,1.06924343031805,38314.666666666664,6489.261967965917,0.9532291666666667,2.7720;1.4977;1.4741;3.9630;1.5424;2.2172;1.8420;3.9466;3.1711;3.3797;4.3922;2.1330;1.7790;4.3720;3.5362;3.4514;3.0406;4.7437;3.6257;1.7951;3.4365;2.9400;2.0500;5.0471,36864;40960;38912;57344;45056;43008;30720;36864;40960;45056;36864;43008;34816;45056;43008;26624;30720;38912;30720;34816;36864;32768;38912;30720
8,2.0,4,1.0,7,4.0,896,greedy,0,2.5251825058610535,1.003949503854504,23637.333333333332,3691.0982406625567,0.9711458333333334,1.7782;1.2699;1.4741;2.7287;1.3685;1.4727;1.6411;3.4658;3.1711;2.7281;2.7621;1.7735;1.3563;3.2287;2.3490;3.4514;3.0406;3.9571;3.6257;1.1185;3.4365;2.3096;2.0500;5.0471,18432;26624;24576;30720;26624;28672;22528;26624;28672;24576;24576;24576;18432;24576;24576;18432;22528;22528;20480;22528;28672;20480;16384;20480
8,2.0,4,1.0,7,4.0,896,vtc,0,3.4519119172615738,1.6170228723059987,23637.333333333332,3691.0982406625567,0.9711458333333334,4.4315;1.1117;1.7176;2.2186;2.0230;1.6380;2.0134;5.9816;4.9101;3.3214;5.6814;1.5646;1.4552;3.0487;3.8344;3.5381;3.1514;6.1518;5.5591;2.6266;4.6663;2.9758;2.8647;6.3609,18432;26624;24576;30720;26624;28672;22528;26624;28672;24576;24576;24576;18432;24576;24576;18432;22528;22528;20480;22528;28672;20480;16384;20480
8,2.0,4,1.0,7,4.0,896,bounded,1,2.3678000655458673,1.0279257047275667,23637.333333333332,3691.0982406625567,0.9711458333333334,2.6107;0.8798;1.3176;1.7204;1.3370;1.2195;1.6655;3.3253;3.3104;2.8242;3.1045;1.5450;1.1892;1.8469;2.0587;3.2688;2.7788;3.4100;3.9886;1.7471;2.9026;1.6897;1.9448;5.1420,18432;26624;24576;30720;26624;28672;22528;26624;28672;24576;24576;24576;18432;24576;24576;18432;22528;22528;20480;22528;28672;20480;16384;20480
8,2.0,4,1.0,7,4.0,896,bounded,2,2.3629074936135424,0.9941922060234677,23637.333333333332,3691.0982406625567,0.9711458333333334,2.7131;0.8982;1.3968;1.6462;1.3200;1.3971;1.6411;3.3645;3.2400;2.7281;3.0547;1.2735;1.2557;1.9485;2.1381;3.2688;2.6696;3.3609;4.1436;1.7101;3.0026;1.9133;1.8089;4.8164,18432;26624;24576;30720;26624;28672;22528;26624;28672;24576;24576;24576;18432;24576;24576;18432;22528;22528;20480;22528;28672;20480;16384;20480
8,2.0,4,1.0,7,4.0,896,bounded,4,2.403267063541462,1.0760957154562996,23637.333333333332,3691.0982406625567,0.9711458333333334,3.0006;1.2699;1.1852;1.5582;1.4287;1.4069;1.6411;3.3413;3.4862;2.6870;3.2751;1.3460;1.3563;2.1996;2.0792;3.3951;2.4962;3.4312;4.2030;1.3146;3.0841;1.9438;1.3368;5.2122,18432;26624;24576;30720;26624;28672;22528;26624;28672;24576;24576;24576;18432;24576;24576;18432;22528;22528;20480;22528;28672;20480;16384;20480
8,2.0,4,1.0,7,4.0,896,bounded,8,2.552781694388695,1.0035120402556663,23637.333333333332,3691.0982406625567,0.9711458333333334,3.0750;1.2699;1.7279;2.1646;1.5947;1.4727;1.6411;3.3279;3.6355;2.7281;2.8575;1.7328;1.3563;2.7129;2.8269;3.4514;2.3286;3.3176;4.0625;1.1185;3.4602;2.0930;2.0500;5.2613,18432;26624;24576;30720;26624;28672;22528;26624;28672;24576;24576;24576;18432;24576;24576;18432;22528;22528;20480;22528;28672;20480;16384;20480
8,2.0,4,1.0,7,4.0,896,bounded,16,2.6729537999777904,1.1156908847731382,23637.333333333332,3691.0982406625567,0.9711458333333334,2.1557;1.2699;1.4741;2.7287;1.3685;1.4727;1.6411;3.9535;3.7300;2.9030;2.8575;1.7735;1.3563;3.3469;2.4405;3.4514;3.1673;4.0687;4.6166;1.1185;4.0748;2.3096;2.0500;4.8221,18432;26624;24576;30720;26624;28672;22528;26624;28672;24576;24576;24576;18432;24576;24576;18432;22528;22528;20480;22528;28672;20480;16384;20480
8,2.0,4,1.0,7,4.0,896,bounded,32,2.5251825058610535,1.003949503854504,23637.333333333332,3691.0982406625567,0.9711458333333334,1.7782;1.2699;1.4741;2.7287;1.3685;1.4727;1.6411;3.4658;3.1711;2.7281;2.7621;1.7735;1.3563;3.2287;2.3490;3.4514;3.0406;3.9571;3.6257;1.1185;3.4365;2.3096;2.0500;5.0471,18432;26624;24576;30720;26624;28672;22528;26624;28672;24576;24576;24576;18432;24576;24576;18432;22528;22528;20480;22528;28672;20480;16384;20480
8,2.0,4,1.4,5,5.6,640,greedy,0,14.216905261142173,7.253417315109688,34133.333333333336,7036.766934387474,0.9583333333333334,13.2083;10.0204;6.4107;20.3526;8.6278;12.2779;4.6542;31.3506;18.2186;15.3400;15.3137;10.0493;5.9561;17.6572;27.1670;6.1611;8.1837;23.9277;26.8536;9.4170;15.5370;12.7496;6.5593;15.2123,28672;38912;40960;30720;38912;36864;36864;18432;26624;36864;32768;43008;32768;26624;28672;40960;34816;22528;26624;47104;30720;38912;45056;34816
8,2.0,4,1.4,5,5.6,640,vtc,0,24.748224142043085,9.343427535877264,66730.66666666667,9586.241993375483,0.9185416666666667,23.8257;24.3553;17.9696;47.2180;20.9299;25.1854;14.3863;37.3166;30.7359;30.8540;27.0769;20.6849;15.5912;33.2926;41.5559;11.3994;10.0228;24.9834;22.9432;17.3079;34.0873;17.8994;14.1779;30.1577,63488;69632;61440;94208;67584;69632;63488;71680;69632;75776;63488;67584;53248;69632;81920;59392;47104;57344;57344;65536;73728;57344;65536;75776
8,2.0,4,1.4,5,5.6,640,bounded,1,13.03884441463494,4.324703781975046,61866.666666666664,5852.025366391442,0.9244791666666666,14.9972;13.5785;11.3815;19.1361;10.7790;14.4714;7.1332;21.6240;16.2297;13.4643;15.2829;10.2573;8.9612;17.9214;18.8866;4.2194;7.5596;16.8875;12.6315;9.0123;16.2460;10.6353;7.1876;14.4489,59392;65536;61440;71680;61440;63488;61440;61440;63488;63488;63488;67584;51200;67584;71680;53248;49152;57344;53248;63488;67584;57344;61440;67584
8,2.0,4,1.4,5,5.6,640,bounded,2,12.527047387772052,4.32049477048452,59648,6152.882468133668,0.9271875,15.2316;14.3256;9.7976;18.4933;10.7795;14.0710;6.2547;20.7939;16.2541;14.3042;15.1767;11.7181;6.5785;16.5496;16.6049;4.4618;6.8327;16.9928;13.5591;7.2395;12.6830;10.8119;6.6130;14.5222,59392;67584;57344;69632;61440;61440;55296;59392;63488;65536;61440;67584;45056;59392;65536;53248;47104;57344;55296;57344;55296;57344;59392;69632
8,2.0,4,1.4,5,5.6,640,bounded,4,12.066454478253695,4.134270730656853,57856,7553.807693254222,0.9293750000000001,15.3230;12.6615;9.8822;18.9548;9.9946;13.5534;7.6647;19.3494;15.2878;14.2799;8.4721;10.6001;8.0603;15.8353;16.1244;5.3963;4.5839;15.9148;13.1120;7.7402;12.7055;10.2226;6.8339;17.0424,59392;61440;57344;69632;59392;61440;57344;57344;61440;61440;40960;69632;49152;57344;63488;55296;40960;53248;53248;59392;55296;51200;59392;73728
8,2.0,4,1.4,5,5.6,640,bounded,8,11.52600507861321,3.968299990274185,55808,5709.048724028666,0.931875,14.4569;11.9181;7.5379;14.5695;10.4010;12.5765;4.4105;18.4942;13.9635;16.8178;9.4223;11.8547;6.0200;16.9354;14.6892;4.2854;6.1143;16.6573;13.3536;7.9073;12.8598;12.0057;8.9270;10.4462,55296;59392;53248;57344;59392;59392;49152;51200;57344;67584;47104;63488;43008;57344;59392;51200;47104;55296;53248;59392;55296;55296;65536;57344
8,2.0,4,1.4,5,5.6,640,bounded,16,11.174671733941551,3.9901790119219753,52650.666666666664,6462.274797279635,0.9357291666666667,14.2758;11.4700;6.2566;16.9399;10.8203;11.8657;4.1447;18.3633;13.9277;13.6477;10.5930;9.1645;4.9505;15.1490;13.1717;4.7906;6.0995;16.4826;12.7649;7.4935;14.1235;10.7766;7.6275;13.2929,59392;57344;49152;61440;59392;55296;40960;51200;55296;57344;47104;55296;38912;51200;51200;40960;43008;55296;53248;53248;57344;49152;59392;61440
8,2.0,4,1.4,5,5.6,640,bounded,32,10.86782314428588,3.5275601195650332,46677.333333333336,4945.65380466077,0.9430208333333333,12.7113;11.0669;6.5728;13.8459;7.6548;12.8500;4.6542;18.1050;13.8409;12.8754;11.9918;9.4316;6.6884;14.7828;14.5652;6.1045;7.7357;17.0836;11.7672;8.3202;12.2768;8.4215;7.2340;10.2474,47104;53248;43008;49152;43008;53248;36864;49152;49152;55296;40960;49152;38912;47104;51200;43008;40960;51200;45056;53248;49152;40960;47104;43008
8,2.0,4,1.4,6,5.6,768,greedy,0,13.256641573199342,8.667118693722122,26965.333333333332,4290.493470711991,0.9670833333333333,14.1139;7.2193;4.5494;24.2672;6.2903;8.2308;3.3394;36.0224;16.2496;15.9439;13.4048;6.9721;5.3361;18.0903;27.7356;5.9958;8.1837;23.1219;26.8536;5.9914;14.2713;6.8263;4.8929;14.2574,22528;30720;28672;26624;30720;30720;26624;16384;26624;30720;26624;28672;28672;22528;26624;26624;30720;18432;22528;36864;26624;24576;30720;26624
8,2.0,4,1.4,6,5.6,768,vtc,0,12.183349532033942,5.868432571821223,40448,7125.205587677219,0.9506249999999999,10.5025;12.4895;5.5047;28.3378;8.0027;11.9500;6.5039;19.2778;13.8538;14.8016;9.0465;12.5488;8.3030;18.9861;23.9828;5.2424;6.3139;16.2038;12.5038;5.3734;13.3783;9.8682;5.6220;13.8031,36864;45056;40960;59392;47104;47104;32768;40960;40960;47104;36864;45056;34816;43008;53248;26624;30720;40960;34816;34816;40960;34816;38912;36864
8,2.0,4,1.4,6,5.6,768,bounded,1,7.145117033486385,2.8987293474795957,39509.333333333336,6753.204737176434,0.9517708333333333,7.4569;7.3087;3.1404;12.9834;5.6181;8.7066;3.2430;12.3470;8.5153;7.5204;5.2950;6.8943;5.1576;10.3077;12.4387;3.5572;4.5363;10.0481;7.3634;3.6662;6.9777;8.7258;3.5242;6.1509,38912;40960;38912;55296;47104;47104;30720;36864;40960;47104;34816;43008;34816;43008;51200;26624;30720;38912;34816;34816;38912;43008;38912;30720
8,2.0,4,1.4,6,5.6,768,bounded,2,7.118760835927548,2.908987271139869,39509.333333333336,6407.959494947583,0.9517708333333333,6.7194;7.2061;3.3420;12.2912;4.8652;8.4216;3.0045;13.1706;8.5688;7.4990;6.6533;6.9985;4.2806;11.2075;11.4495;3.5660;4.5591;10.0945;8.2401;3.6626;7.8539;7.4210;3.5178;6.2574,36864;40960;38912;53248;45056;47104;30720;38912;40960;47104;38912;43008;32768;47104;49152;26624;30720;38912;36864;34816;40960;38912;38912;30720
8,2.0,4,1.4,6,5.6,768,bounded,4,7.200857504095413,3.2794353408056143,39168,7077.52423756594,0.9521875,6.6900;7.0579;2.9301;12.7711;4.8487;7.0908;2.9843;13.0534;10.0920;8.3655;5.6959;4.2390;4.3333;11.3602;12.3396;3.5660;4.5839;11.2920;7.5173;3.6586;11.1823;6.9857;3.6662;6.5166,36864;40960;36864;51200;45056;43008;30720;38912;45056;49152;34816;34816;32768;45056;51200;26624;30720;40960;34816;34816;51200;36864;38912;28672
8,2.0,4,1.4,6,5.6,768,bounded,8,7.5518334110689285,3.5642662050603073,39168,7199.928888537719,0.9521875,7.7484;7.4299;3.2948;13.7206;5.4213;7.5990;3.1188;17.0049;8.5063;7.7599;6.2888;4.8279;4.3829;12.0715;13.5522;4.1251;4.6047;10.6462;7.7107;3.5517;8.8761;7.8095;4.3369;6.8560,38912;40960;34816;55296;43008;43008;28672;49152;40960;45056;32768;34816;32768;45056;53248;26624;30720;38912;36864;32768;45056;38912;38912;32768
8,2.0,4,1.4,6,5.6,768,bounded,16,8.044907260426926,3.340144328200086,38314.666666666664,6855.93724851355,0.9532291666666667,8.4256;8.5397;4.2470;13.0257;5.7806;8.8338;3.2591;15.7729;8.8234;8.5531;7.2162;5.9019;4.4661;13.7362;12.5342;4.7906;5.2853;12.8334;7.7420;4.6304;9.3469;7.5840;4.4512;7.2986,40960;43008;34816;51200;43008;45056;28672;40960;40960;45056;30720;34816;32768;47104;51200;26624;30720;40960;32768;32768;43008;36864;34816;30720
8,2.0,4,1.4,6,5.6,768,bounded,32,8.57045015047416,2.935174497041538,34048,5248.520299411381,0.9584374999999999,8.2773;8.1252;4.5494;11.4760;7.3275;8.0060;3.3394;14.5252;10.7879;9.4943;8.9290;7.1766;5.2783;10.8344;12.2074;5.9958;7.2944;15.2755;9.7314;6.4702;10.4936;6.5824;4.8929;8.6207,30720;38912;30720;40960;38912;40960;26624;38912;38912;36864;28672;30720;28672;32768;40960;26624;30720;45056;32768;36864;32768;28672;30720;28672
8,2.0,4,1.4,7,5.6,896,greedy,0,12.745730647254849,9.11462079649808,20992,2788.716311614838,0.974375,12.6577;4.4141;4.5494;24.6637;6.0767;4.5282;3.1879;36.0224;15.1949;16.3989;12.9564;6.9721;3.3140;19.3679;27.7356;5.9958;8.1837;23.1219;26.8536;4.4267;14.2713;6.8263;3.9211;14.2574,20480;22528;24576;22528;26624;24576;20480;16384;22528;22528;22528;26624;18432;18432;20480;18432;20480;18432;20480;20480;22528;18432;16384;18432
8,2.0,4,1.4,7,5.6,896,vtc,0,7.0704365923576065,2.5198907807688085,23722.666666666668,3781.720713584698,0.9710416666666667,7.0110;4.8692;3.4593;9.6243;5.2107;4.7309;3.1530;11.6177;9.1460;9.6816;8.3884;7.1587;3.2506;9.1872;10.3107;5.2424;6.3139;7.8957;10.1408;4.7876;8.3711;4.5482;5.3213;10.2705,18432;26624;24576;30720;26624;28672;22528;26624;28672;22528;26624;26624;18432;24576;24576;18432;22528;22528;20480;22528;28672;20480;16384;20480
8,2.0,4,1.4,7,5.6,896,bounded,1,4.621891401328145,1.566091922536285,23808,3913.2567851684184,0.9709375,4.9358;3.9755;2.6796;6.3560;3.4137;3.0026;2.3987;8.5201;5.8010;5.4001;4.8848;3.5914;2.0876;5.5279;7.0001;3.5572;4.5363;5.6839;5.7466;3.6662;5.4848;3.0452;3.4795;6.1509,18432;26624;24576;32768;26624;28672;22528;26624;28672;24576;24576;24576;18432;24576;26624;18432;22528;22528;20480;22528;28672;20480;16384;20480
8,2.0,4,1.4,7,5.6,896,bounded,2,4.677341990924823,1.5831391437853726,23722.666666666668,3962.261082877918,0.9710416666666667,5.0055;3.8370;2.7399;6.3903;3.4656;3.1736;2.3987;8.5439;5.8378;5.4780;4.9723;3.6141;2.1698;5.4913;7.1504;3.5660;4.5591;5.8756;5.8915;3.6626;5.6134;3.1295;3.4328;6.2574,18432;26624;24576;32768;26624;28672;20480;26624;28672;24576;24576;24576;18432;24576;26624;18432;22528;22528;20480;22528;28672;20480;16384;20480
8,2.0,4,1.4,7,5.6,896,bounded,4,4.952241812105887,1.7932601574426135,24064,4512.1891213319805,0.970625,5.1505;3.9570;2.8511;5.9936;3.8095;3.4148;2.3799;9.9846;6.0053;6.1203;5.2143;4.0424;2.3953;6.4527;7.8752;3.5660;4.5839;5.8196;6.2524;3.6586;5.9643;3.3388;3.5072;6.5166,18432;26624;24576;30720;26624;30720;20480;30720;28672;26624;24576;24576;18432;26624;30720;18432;20480;22528;20480;22528;28672;18432;16384;20480
8,2.0,4,1.4,7,5.6,896,bounded,8,5.25711786930508,1.660156961735534,23637.333333333332,4303.20356117264,0.9711458333333334,5.8129;3.8890;3.1587;6.3979;4.3231;4.5913;2.5302;9.2400;6.5239;5.9160;5.7765;4.1704;2.9689;6.2965;8.2529;4.1251;4.6047;6.2421;6.6057;3.4792;6.4390;3.8845;4.0861;6.8560,18432;26624;24576;28672;26624;32768;20480;28672;28672;24576;24576;24576;18432;24576;28672;18432;20480;22528;20480;20480;28672;18432;16384;20480
8,2.0,4,1.4,7,5.6,896,bounded,16,5.936210611102526,1.7318037013478826,23296,3822.895237905428,0.9715625,5.9477;4.7849;3.7625;7.3472;4.4927;4.3072;3.1879;10.5610;7.1186;6.5720;6.9802;5.2895;3.8459;7.0686;8.1026;4.7906;5.2853;7.1156;7.6273;4.6304;7.5058;4.5068;4.3399;7.2986,18432;26624;24576;28672;24576;28672;20480;28672;26624;24576;24576;26624;18432;26624;24576;18432;20480;22528;20480;20480;28672;18432;16384;20480
8,2.0,4,1.4,7,5.6,896,bounded,32,7.030218865823533,2.4279637764642783,22613.333333333332,3099.139378745152,0.9723958333333333,6.8403;3.9624;4.5494;9.7145;5.7304;4.5282;3.1879;12.1767;8.8794;8.5138;7.8820;6.9674;3.0280;8.3355;9.7561;5.9958;7.0706;9.2393;9.5642;6.1207;9.5777;4.5634;3.9211;8.6207,20480;24576;24576;24576;26624;24576;20480;28672;26624;24576;22528;26624;18432;22528;24576;18432;20480;22528;20480;20480;24576;18432;16384;20480
16,1.5,4,0.7,5,2.8,640,greedy,0,5.845338627453645,1.3208274722501012,190122.66666666666,11995.32946145661,0.7679166666666667,6.2624;6.9311;7.1627;8.1635;6.0278;5.8737;5.2574;7.6491;7.9553;6.6687;5.7999;3.7290;5.0918;4.4918;6.2934;3.5845;4.5145;6.6712;6.9120;3.3484;5.5974;6.0388;4.2632;6.0007,182272;198656;186368;198656;200704;188416;200704;155648;190464;198656;190464;196608;174080;176128;204800;194560;182272;169984;180224;192512;198656;200704;196608;204800
16,1.5,4,0.7,5,2.8,640,vtc,0,38.613419904707456,20.83813297354317,221696,15733.763609935588,0.729375,27.8054;47.5392;24.5635;77.5077;37.6451;43.9552;20.8011;69.2147;34.8050;22.8817;53.2634;24.3860;24.0515;44.0632;53.8415;19.0690;17.3231;34.3669;94.3590;17.6071;54.2617;18.1190;10.9583;54.3336,202752;229376;210944;241664;235520;215040;227328;212992;202752;221184;239616;215040;194560;212992;247808;223232;200704;215040;245760;212992;239616;210944;212992;249856
16,1.5,4,0.7,5,2.8,640,bounded,1,10.286913990872455,3.9996244497968916,217173.33333333334,16664.050994747813,0.7348958333333333,8.4735;19.1579;8.1263;14.8667;10.7227;11.6991;9.8373;16.9634;14.1128;8.7215;13.2945;8.1937;8.6007;4.6871;11.9283;4.1389;5.2912;10.7424;14.4556;4.4676;11.9010;10.9236;3.7747;11.8055,202752;233472;202752;233472;239616;217088;233472;198656;215040;231424;235520;208896;192512;192512;237568;210944;196608;198656;210944;210944;237568;223232;202752;245760
16,1.5,4,0.7,5,2.8,640,bounded,2,8.583069457437905,3.01901367393564,209152,14760.200179311028,0.7446875,7.8402;15.5210;6.6335;10.5881;8.7966;10.8435;7.9739;12.4534;12.6604;7.7067;8.4453;4.5928;7.0238;6.0788;8.7301;4.0310;5.2251;9.3756;13.0398;4.4885;11.3458;10.1342;4.0722;8.3934,198656;227328;196608;221184;233472;217088;215040;180224;206848;210944;212992;200704;186368;196608;231424;206848;190464;192512;206848;204800;225280;221184;202752;233472
16,1.5,4,0.7,5,2.8,640,bounded,4,7.135081502250925,2.3490957191408675,201216,11886.783248633754,0.754375,5.9420;9.8306;7.5410;8.3833;6.9568;8.3391;4.6797;12.0335;10.0157;8.5030;7.1580;3.9014;6.4375;4.7292;6.3426;3.4856;5.2895;7.5593;11.6382;3.7696;8.3015;8.1740;3.8836;8.3472,192512;208896;200704;212992;206848;196608;202752;176128;202752;215040;202752;196608;182272;186368;221184;200704;188416;182272;200704;200704;217088;212992;202752;219136
16,1.5,4,0.7,5,2.8,640,bounded,8,6.274919244904441,1.6374441011461183,195242.66666666666,11320.745951079765,0.7616666666666667,5.9370;8.2752;6.4604;6.7076;6.9775;7.9979;4.9356;10.2394;8.1377;6.3954;5.6039;3.8744;5.6166;5.0376;6.8765;3.6217;5.6925;6.6504;8.0500;3.4301;5.6984;8.1117;4.1481;6.1225,186368;206848;192512;208896;206848;192512;202752;167936;194560;198656;196608;196608;176128;186368;210944;196608;188416;174080;188416;192512;202752;206848;200704;210944
16,1.5,4,0.7,5,2.8,640,bounded,16,5.763108321327733,1.2292934839380951,190634.66666666666,12747.55478077615,0.7672916666666667,6.2624;6.3695;6.5073;7.3207;6.0278;6.2044;5.2574;7.3420;7.7053;7.4025;5.9037;3.7290;5.1057;4.5190;6.1406;3.5845;4.7922;5.9763;7.5208;3.3484;5.5917;5.6348;4.2744;5.7944,182272;198656;188416;204800;200704;190464;200704;153600;188416;196608;192512;196608;172032;176128;202752;194560;182272;167936;186368;192512;202752;198656;196608;208896
16,1.5,4,0.7,5,2.8,640,bounded,32,5.845338627453645,1.3208274722501012,190122.66666666666,11995.32946145661,0.7679166666666667,6.2624;6.9311;7.1627;8.1635;6.0278;5.8737;5.2574;7.6491;7.9553;6.6687;5.7999;3.7290;5.0918;4.4918;6.2934;3.5845;4.5145;6.6712;6.9120;3.3484;5.5974;6.0388;4.2632;6.0007,182272;198656;186368;198656;200704;188416;200704;155648;190464;198656;190464;196608;174080;176128;204800;194560;182272;169984;180224;192512;198656;200704;196608;204800
16,1.5,4,0.7,6,2.8,768,greedy,0,4.642021472063266,1.12203562673404,162730.66666666666,13245.921468722196,0.8013541666666667,5.1710;4.2825;4.3846;6.1321;3.5496;4.0032;4.9825;6.2362;5.9562;5.8454;4.9753;3.0975;3.3333;4.0476;5.9330;3.5013;3.9267;5.4657;5.9855;1.7619;4.4388;5.5388;4.0238;4.8357,147456;167936;161792;190464;167936;161792;163840;139264;161792;174080;163840;153600;143360;143360;182272;167936;157696;139264;159744;165888;180224;165888;165888;180224
16,1.5,4,0.7,6,2.8,768,vtc,0,21.115462786538973,9.114065129186995,185088,17040.83378241804,0.7740625,15.4131;38.1574;18.8433;30.5301;28.5597;38.5112;10.4885;26.5713;18.3759;15.3825;18.2638;16.8701;17.5581;11.2938;29.1163;11.2169;9.2782;29.8094;32.8683;9.5446;28.2375;17.1264;8.5407;26.2138,163840;196608;184320;212992;204800;188416;192512;172032;176128;190464;182272;163840;161792;161792;215040;176128;165888;169984;192512;172032;219136;192512;184320;202752
16,1.5,4,0.7,6,2.8,768,bounded,1,6.128855954459524,2.3206463151676524,177920,16151.010040654837,0.7828125,6.8835;7.8435;4.8968;7.0204;4.7512;9.6566;5.1130;11.6267;7.8540;5.8703;5.8513;4.2561;3.5714;4.2669;4.5821;3.2932;5.2912;8.5856;8.7735;1.8417;7.3645;8.9726;3.1434;5.7830,165888;182272;174080;204800;186368;184320;188416;169984;176128;184320;182272;159744;147456;143360;196608;172032;167936;161792;182272;165888;206848;196608;172032;198656
16,1.5,4,0.7,6,2.8,768,bounded,2,5.682803163262145,1.9157121962458763,174592,15577.48255228253,0.786875,7.8402;6.8572;5.1757;6.5838;4.7671;7.3634;5.5437;9.4256;7.0863;6.0972;5.7888;2.4079;3.9691;4.4205;5.2543;3.1959;4.3413;7.0905;8.4181;1.7619;5.8318;8.2856;3.2178;5.6634,163840;180224;176128;200704;184320;176128;176128;157696;178176;184320;178176;153600;147456;143360;196608;172032;165888;157696;178176;163840;200704;190464;169984;194560
16,1.5,4,0.7,6,2.8,768,bounded,4,5.288413690920555,1.720047247686281,172117.33333333334,14595.492759372288,0.7898958333333334,6.0122;6.6446;4.6290;4.5351;5.3798;7.0644;3.7175;8.2735;7.1596;5.4703;5.1882;2.5549;4.2238;4.1571;4.6119;3.4170;4.5459;6.1557;8.9204;1.7619;5.7658;7.0191;3.2473;6.4670,161792;180224;172032;196608;182272;172032;167936;157696;176128;180224;174080;153600;149504;143360;194560;167936;163840;153600;172032;165888;194560;180224;172032;198656
16,1.5,4,0.7,6,2.8,768,bounded,8,4.587103355352721,1.141659972051966,166058.66666666666,12526.282271909553,0.7972916666666667,5.7336;4.0034;3.8923;5.0457;4.2456;5.3922;4.9825;6.8687;6.2357;5.0794;4.5666;3.0241;3.7472;3.7136;4.2286;3.4856;3.8710;5.7569;5.5376;1.7619;4.1207;5.7603;3.4644;5.5727,155648;169984;167936;188416;176128;163840;165888;149504;167936;174080;163840;153600;145408;145408;184320;167936;159744;143360;163840;165888;182272;176128;167936;186368
16,1.5,4,0.7,6,2.8,768,bounded,16,4.606607871667774,1.0856882574680844,163072,13256.911656440448,0.8009375,5.1710;4.2825;4.3846;6.0054;3.6109;4.0032;4.9825;6.2317;5.9562;5.4095;4.9753;3.0975;3.3333;4.0476;5.9330;3.5013;3.9267;5.1515;5.7826;1.7619;4.4388;5.7405;4.0238;4.8071,147456;167936;161792;188416;167936;161792;163840;141312;161792;174080;163840;153600;143360;143360;182272;167936;157696;139264;157696;165888;180224;174080;165888;182272
16,1.5,4,0.7,6,2.8,768,bounded,32,4.642021472063266,1.12203562673404,162730.66666666666,13245.921468722196,0.8013541666666667,5.1710;4.2825;4.3846;6.1321;3.5496;4.0032;4.9825;6.2362;5.9562;5.8454;4.9753;3.0975;3.3333;4.0476;5.9330;3.5013;3.9267;5.4657;5.9855;1.7619;4.4388;5.5388;4.0238;4.8357,147456;167936;161792;190464;167936;161792;163840;139264;161792;174080;163840;153600;143360;143360;182272;167936;157696;139264;159744;165888;180224;165888;165888;180224
16,1.5,4,0.7,8,2.8,1024,greedy,0,3.3067799241931812,1.0342380271342488,119893.33333333333,12857.612565670537,0.8536458333333333,2.5304;3.2413;3.3471;3.5664;2.6800;2.4098;2.2230;4.7087;4.1579;4.1059;3.5968;2.3558;2.8676;1.6287;3.1471;3.4170;2.7153;4.9207;4.7614;1.5950;3.2162;4.8609;2.1392;5.1705,102400;137216;129024;143360;124928;120832;124928;114688;120832;133120;104448;100352;100352;106496;139264;114688;104448;102400;118784;126976;135168;124928;124928;122880
16,1.5,4,0.7,8,2.8,1024,vtc,0,9.316982327270988,3.8143321914264865,128256,15024.2413896121,0.8434375,9.6134;4.2580;9.9104;15.2594;9.8505;14.0480;7.5678;15.0880;14.9287;11.7279;8.9310;4.2468;5.8306;4.9496;10.9584;5.3874;9.2437;13.3676;12.4972;3.0455;6.4844;13.9920;5.4223;6.9991,114688;139264;139264;157696;137216;131072;139264;131072;135168;139264;108544;102400;106496;108544;157696;114688;112640;114688;135168;126976;137216;141312;124928;122880
16,1.5,4,0.7,8,2.8,1024,bounded,1,3.2887340699306615,1.1064801329795126,124416,14155.04847513188,0.848125,2.8155;2.7373;2.9636;2.9411;3.2114;2.4676;3.4953;4.3567;3.4539;4.9294;3.3630;2.1163;2.4823;1.5334;2.6653;3.1766;3.9385;4.2886;4.4758;1.3887;2.6856;5.5951;2.2508;5.5978,108544;137216;133120;151552;129024;126976;133120;118784;129024;139264;108544;100352;102400;108544;145408;114688;110592;104448;129024;126976;135168;143360;126976;122880
16,1.5,4,0.7,8,2.8,1024,bounded,2,3.275148027256262,1.177991454336499,123904,13927.905800945095,0.84875,2.8114;2.7002;2.5291;3.0851;3.2600;2.0988;2.8805;4.0284;3.1214;5.0577;3.4165;2.1927;2.4823;1.7442;2.8290;3.1959;4.0627;4.4707;4.2796;1.6151;2.6290;6.3459;2.1392;5.6281,108544;139264;126976;151552;126976;122880;131072;116736;129024;139264;108544;100352;102400;108544;143360;116736;112640;104448;124928;126976;135168;145408;126976;124928
16,1.5,4,0.7,8,2.8,1024,bounded,4,3.1978293336498296,1.0151819943872031,121941.33333333333,13377.20781362422,0.8511458333333334,2.3878;2.8836;3.0720;3.1363;2.9182;2.1753;2.5607;4.0591;3.1393;4.1953;3.4607;2.3165;2.6248;1.5439;2.7508;3.4170;3.7866;4.3379;4.0934;1.5950;2.9445;5.5233;2.3285;5.4972,100352;137216;126976;149504;124928;120832;129024;116736;126976;135168;106496;100352;102400;106496;139264;114688;112640;104448;124928;126976;137216;135168;124928;122880
16,1.5,4,0.7,8,2.8,1024,bounded,8,3.238921814912185,0.8970507606008711,121429.33333333333,13199.66275663469,0.8517708333333334,2.5304;3.2565;3.2876;3.5205;2.9925;2.9834;2.2230;4.1862;3.8609;4.3551;3.6014;2.3463;2.6248;1.6287;3.2457;3.4170;2.9219;4.1767;3.9666;1.5950;3.2162;4.0320;2.2335;5.5321,102400;137216;129024;151552;124928;122880;124928;116736;124928;135168;104448;100352;102400;106496;139264;114688;110592;106496;122880;126976;135168;131072;124928;118784
16,1.5,4,0.7,8,2.8,1024,bounded,16,3.3558582123388265,1.034953681321882,119722.66666666667,12844.013218443662,0.8538541666666667,2.5304;3.2565;3.3471;3.5664;2.6800;2.4098;2.2230;4.6158;4.1579;4.2446;3.5968;2.3558;2.8676;1.6287;3.1471;3.4170;3.9104;5.4657;4.7550;1.5950;3.2162;4.6073;2.1392;4.8071,102400;137216;129024;143360;124928;120832;124928;114688;120832;133120;104448;100352;100352;106496;139264;114688;102400;104448;118784;126976;135168;124928;124928;118784
16,1.5,4,0.7,8,2.8,1024,bounded,32,3.3067799241931812,1.0342380271342488,119893.33333333333,12857.612565670537,0.8536458333333333,2.5304;3.2413;3.3471;3.5664;2.6800;2.4098;2.2230;4.7087;4.1579;4.1059;3.5968;2.3558;2.8676;1.6287;3.1471;3.4170;2.7153;4.9207;4.7614;1.5950;3.2162;4.8609;2.1392;5.1705,102400;137216;129024;143360;124928;120832;124928;114688;120832;133120;104448;100352;100352;106496;139264;114688;104448;102400;118784;126976;135168;124928;124928;122880
16,1.5,4,1.0,5,4.0,640,greedy,0,13.789207341674064,2.9197170446916436,121856,12707.505813494638,0.85125,15.5051;17.6839;12.4578;19.3578;14.8328;17.4408;10.9821;21.8304;14.7790;13.1927;11.7278;11.5140;11.1482;13.6520;15.2493;9.8797;12.2909;14.8109;12.3359;10.5525;14.8194;11.5774;11.0818;12.2389,112640;133120;124928;110592;133120;114688;141312;92160;112640;122880;116736;139264;129024;106496;118784;139264;126976;102400;108544;135168;114688;131072;135168;122880
16,1.5,4,1.0,5,4.0,640,vtc,0,95.070876533115,10.874951360867225,218282.66666666666,19872.95900351922,0.7335416666666666,87.2626;95.7674;83.4808;94.0471;111.4075;92.7721;92.8048;95.1556;88.7841;99.5497;96.7458;76.7774;76.2200;91.6521;116.4525;102.0846;85.1154;92.6954;112.8752;90.1847;109.3807;103.5222;79.9376;107.0258,202752;215040;198656;215040;256000;210944;212992;219136;194560;229376;215040;204800;188416;204800;258048;237568;196608;210944;258048;210944;237568;229376;196608;235520
16,1.5,4,1.0,5,4.0,640,bounded,1,39.75876442777193,8.415146083647974,212053.33333333334,15484.414644696419,0.7411458333333333,37.9457;48.8141;31.9001;52.1697;41.2461;40.9173;31.8562;46.8377;45.4308;44.4640;50.0823;23.4734;34.6660;37.0456;49.1028;28.8217;28.2121;42.3456;46.9676;29.6739;47.3433;35.6255;28.5056;50.7633,196608;235520;192512;231424;221184;212992;212992;194560;212992;225280;229376;198656;200704;190464;231424;208896;192512;194560;217088;206848;225280;210944;200704;245760
16,1.5,4,1.0,5,4.0,640,bounded,2,34.24328116243226,6.88942439188139,196778.66666666666,12978.523935931835,0.7597916666666666,33.9729;38.5307;31.3957;43.7821;32.5499;38.1379;29.5315;41.2816;37.2135;36.0726;43.2274;22.0336;28.4387;34.6523;43.6472;22.0227;24.6866;35.5287;34.6912;28.0340;42.4253;32.6887;23.2448;44.0490,188416;208896;188416;210944;198656;206848;206848;180224;192512;202752;208896;186368;186368;184320;215040;188416;182272;176128;182272;198656;212992;204800;186368;225280
16,1.5,4,1.0,5,4.0,640,bounded,4,25.620460556507453,5.905226759692115,172629.33333333334,11099.567479060714,0.7892708333333334,24.7461;30.3038;22.9718;33.6386;29.0304;25.9067;17.6534;35.4415;28.9758;22.8278;31.9936;17.5202;23.4431;22.8884;36.2857;17.7114;18.2252;24.6023;30.5284;17.9869;30.7388;26.7343;16.4182;28.3186,163840;188416;167936;182272;184320;172032;174080;157696;169984;167936;178176;172032;169984;151552;196608;176128;163840;149504;174080;167936;178176;188416;165888;182272
16,1.5,4,1.0,5,4.0,640,bounded,8,21.012015266081193,4.709346778991603,158293.33333333334,8617.82174076231,0.8067708333333333,23.3717;24.6999;20.3255;25.6410;17.4766;17.9339;14.2220;30.5766;25.6555;19.8680;20.5715;12.4380;21.9467;20.9781;20.2270;15.5133;16.0716;24.9802;25.1046;14.0338;28.3556;26.6348;17.6727;19.9896,153600;178176;159744;163840;153600;147456;165888;145408;157696;157696;149504;147456;165888;149504;151552;155648;155648;151552;157696;155648;172032;174080;165888;163840
16,1.5,4,1.0,5,4.0,640,bounded,16,15.263895553186213,3.0989874632259875,139520,8654.920450241007,0.8296875,14.4080;16.8816;15.5202;19.5587;14.1688;18.0616;12.0038;23.7694;19.6555;14.9504;14.2192;13.5445;12.6625;15.1347;15.8554;11.6645;10.3125;16.3508;16.0189;11.0991;19.2865;15.4486;11.9028;13.8558,129024;151552;141312;141312;147456;139264;155648;122880;143360;143360;131072;147456;141312;126976;133120;145408;139264;122880;126976;141312;145408;143360;145408;143360
16,1.5,4,1.0,5,4.0,640,bounded,32,12.961474840543822,2.3506568895278455,126890.66666666667,9687.118778162174,0.8451041666666667,13.5403;15.7981;11.4642;18.5959;12.6252;14.9710;11.0656;18.0046;13.9300;12.7286;11.8926;10.8125;11.5082;15.9342;14.2602;9.6397;9.7390;12.9807;13.2810;10.6566;12.7192;13.3179;9.9817;11.6282,118784;143360;124928;120832;137216;124928;141312;114688;122880;124928;116736;143360;131072;120832;120832;139264;124928;110592;110592;135168;120832;131072;137216;129024
16,1.5,4,1.0,6,4.0,768,greedy,0,11.165093928413249,2.4029602080255597,115712,11735.117440116794,0.85875,12.1844;13.0946;10.0014;14.5470;10.5970;13.0200;9.5809;19.4276;11.8933;10.5477;9.6026;7.7037;9.0098;11.0624;12.6425;8.3919;10.0692;9.8804;11.8870;8.5619;12.6735;10.2720;9.4555;11.8559,104448;124928;120832;110592;129024;110592;129024;88064;108544;116736;108544;124928;120832;102400;112640;131072;122880;94208;102400;131072;108544;122880;129024;122880
16,1.5,4,1.0,6,4.0,768,vtc,0,79.05369581055854,18.561490128730973,189781.33333333334,26091.355673649632,0.7683333333333333,86.2021;63.7524;75.1357;94.0434;89.5132;76.8978;57.4481;85.5107;74.8334;73.9131;89.7801;47.1521;47.0191;74.3177;109.5411;95.1793;46.4237;75.3151;109.0387;63.2663;105.2932;89.7629;66.2681;101.6811,190464;174080;180224;212992;206848;188416;172032;188416;163840;184320;204800;157696;151552;163840;237568;210944;159744;165888;247808;174080;223232;192512;174080;229376
16,1.5,4,1.0,6,4.0,768,bounded,1,25.881610909177763,6.846112151572826,172800,10994.09975092701,0.7890625,30.2198;31.7733;25.1334;35.7942;25.0989;25.9333;21.4130;34.9484;29.2160;24.0330;32.0206;12.9226;18.0782;24.8179;35.4129;16.3848;15.1950;32.3431;30.7056;15.7662;33.9389;22.8054;19.1199;28.0841,174080;184320;174080;188416;176128;172032;182272;159744;169984;172032;180224;157696;151552;157696;194560;167936;155648;167936;174080;165888;190464;176128;172032;182272
16,1.5,4,1.0,6,4.0,768,bounded,2,22.480183527299694,5.300129890588724,163157.33333333334,11670.405800808965,0.8008333333333333,23.1325;27.7766;24.2023;28.9464;21.7871;21.5016;15.2858;28.2957;27.6291;22.9477;24.2984;11.3006;15.7804;21.7305;27.8116;16.2957;12.4924;24.8156;26.8694;19.0285;31.7703;24.1196;18.0156;23.6911,157696;174080;172032;169984;165888;155648;165888;141312;165888;169984;159744;145408;145408;147456;174080;167936;147456;147456;165888;167936;182272;178176;172032;176128
16,1.5,4,1.0,6,4.0,768,bounded,4,20.082187188248575,5.183860358782245,155562.66666666666,9468.155375902015,0.8101041666666666,18.6420;22.6502;20.9207;26.2946;20.3720;18.7804;15.1708;33.6255;24.2038;19.5441;19.3379;10.9182;18.1584;16.5636;23.3402;14.7754;10.7734;22.8249;24.9360;16.2382;28.4336;18.4629;15.2538;21.7517,145408;167936;155648;161792;161792;151552;165888;153600;155648;155648;145408;141312;151552;135168;165888;157696;143360;143360;155648;157696;174080;161792;157696;167936
16,1.5,4,1.0,6,4.0,768,bounded,8,16.770101538594734,4.696669939259684,145237.33333333334,9457.767084371566,0.8227083333333334,14.9376;19.4967;17.5027;23.1587;16.9906;15.1888;14.0296;27.4018;23.5779;15.6483;16.7247;10.4073;12.3989;15.6675;21.8278;8.8065;9.0503;20.5441;17.8023;10.5850;21.7600;19.6419;15.5626;13.7708,135168;155648;151552;149504;151552;131072;159744;137216;153600;145408;137216;143360;137216;131072;155648;141312;137216;137216;131072;143360;153600;161792;157696;147456
16,1.5,4,1.0,6,4.0,768,bounded,16,12.829608627993363,3.828278193381472,132693.33333333334,6919.370555830124,0.8380208333333333,10.6436;15.1136;11.6999;19.4438;10.9337;13.0418;7.7954;21.9244;16.0066;13.0574;12.7448;8.7410;9.8109;13.4486;16.6298;7.5489;8.0308;15.5302;15.7268;8.8365;18.5304;12.5712;8.6989;11.4014,120832;143360;131072;141312;137216;131072;141312;124928;131072;137216;126976;131072;126976;120832;137216;131072;133120;120832;124928;135168;143360;139264;137216;137216
16,1.5,4,1.0,6,4.0,768,bounded,32,10.879340317344273,2.100991089951716,119381.33333333333,8798.441882262765,0.8542708333333333,12.5745;12.7534;9.7380;15.7295;10.9231;12.4577;8.4964;16.0506;11.6634;9.6728;10.4152;7.7037;9.2395;11.1031;13.4314;8.5552;8.5355;11.1277;10.5952;9.3350;11.5838;10.1152;9.0707;10.2335,114688;129024;120832;118784;131072;116736;129024;106496;114688;114688;116736;124928;122880;104448;116736;129024;124928;102400;102400;129024;116736;122880;133120;122880
16,1.5,4,1.0,8,4.0,1024,greedy,0,8.264897979416277,2.3896331419395502,99584,9547.804773873417,0.8784375,8.1212;8.8024;7.4714;10.5341;5.1459;8.9070;5.5854;13.2471;11.3676;8.3257;7.8336;5.9229;7.1606;7.1701;11.4698;5.4129;6.1576;10.5566;10.6652;6.4049;9.0727;6.8796;4.1262;12.0170,81920;104448;108544;102400;106496;96256;112640;79872;100352;100352;92160;92160;92160;92160;104448;104448;98304;83968;90112;114688;106496;110592;110592;104448
16,1.5,4,1.0,8,4.0,1024,vtc,0,38.793928390939264,18.48982264686479,133376,16850.038496494104,0.8371875,25.3312;52.0616;31.6101;68.5364;29.9699;36.1483;30.9113;56.2399;41.5964;40.7441;24.6571;21.1780;22.1947;23.0142;68.9953;18.0214;16.3976;33.1482;66.2135;23.3574;72.5905;31.8729;23.8213;72.4428,112640;143360;131072;161792;139264;126976;147456;135168;131072;141312;118784;108544;110592;110592;153600;118784;116736;120832;147456;131072;155648;135168;131072;172032
16,1.5,4,1.0,8,4.0,1024,bounded,1,11.016823948215334,4.573368403230254,123648,12113.426600264684,0.8490625,8.9706;15.5350;11.3791;20.1712;8.5629;12.8258;8.6078;20.7058;15.7696;10.3288;7.1679;6.4353;8.6771;7.1149;16.1611;5.5145;6.6886;10.7496;17.7134;6.0249;13.9677;12.7083;4.9416;7.6825,104448;133120;135168;145408;131072;129024;135168;120832;131072;129024;114688;104448;102400;108544;139264;118784;110592;104448;126976;124928;131072;135168;124928;126976
16,1.5,4,1.0,8,4.0,1024,bounded,2,10.423496095415784,4.255570950016415,121941.33333333333,12610.580672153399,0.8511458333333333,8.3382;14.6653;7.8548;18.1978;8.7546;10.8363;7.0113;18.2669;16.5720;9.8574;8.1665;5.0119;7.7513;8.3708;15.8475;7.2032;6.4335;9.9392;16.9094;6.2003;14.7633;11.7633;4.2010;7.2478,102400;131072;126976;141312;131072;118784;131072;116736;135168;131072;116736;102400;100352;110592;139264;120832;106496;100352;122880;122880;135168;139264;120832;122880
16,1.5,4,1.0,8,4.0,1024,bounded,4,10.628416458088248,4.295271899103852,121514.66666666667,12154.534444212808,0.8516666666666667,8.0729;13.5665;7.2855;17.7034;10.5274;11.1072;8.9322;20.0517;16.5565;10.6532;8.7017;6.1665;8.8846;7.8792;16.6263;6.7843;6.5987;10.4202;17.7211;5.6930;13.8150;9.9962;4.3136;7.0250,102400;131072;120832;141312;135168;116736;133120;118784;126976;133120;118784;104448;102400;108544;139264;116736;106496;100352;129024;122880;133120;133120;118784;122880
16,1.5,4,1.0,8,4.0,1024,bounded,8,9.796146766088409,4.438513366766264,117333.33333333333,11637.602196710837,0.8567708333333334,7.9364;12.0900;6.8419;17.1876;7.3593;11.1129;6.1471;21.2005;14.6504;12.4579;6.9991;6.2071;8.3007;7.0631;16.2001;4.7279;7.5042;7.8920;13.2905;4.8860;15.6478;8.0170;4.0110;7.3771,100352;126976;118784;135168;126976;114688;120832;120832;124928;135168;112640;102400;100352;108544;135168;102400;108544;96256;116736;114688;135168;120832;114688;122880
16,1.5,4,1.0,8,4.0,1024,bounded,16,8.482973590192323,3.316066949936815,108800,10431.280138762133,0.8671875,7.3471;11.5368;7.3461;15.2888;5.3286;9.8586;5.7182;17.1629;10.5656;7.4757;6.8664;5.6517;6.5811;6.4356;14.0133;5.3551;5.6775;7.8756;10.5947;5.7797;11.2342;6.9518;4.3878;8.5586,96256;122880;116736;129024;108544;112640;114688;108544;112640;110592;94208;92160;94208;96256;124928;104448;102400;94208;106496;114688;124928;110592;112640;106496
16,1.5,4,1.0,8,4.0,1024,bounded,32,7.944790427867945,2.060751338177976,100693.33333333333,8861.528736936734,0.8770833333333333,8.1567;9.5552;7.7022;9.5773;5.1459;8.9402;5.5854;12.9255;9.8573;7.3337;7.5850;5.9229;6.7601;7.3236;11.2520;5.4129;6.4928;8.7546;9.7546;6.4049;9.9866;6.8796;4.1262;9.2397,83968;108544;108544;104448;106496;100352;112640;94208;100352;98304;92160;92160;90112;92160;104448;104448;98304;83968;90112;114688;108544;110592;110592;106496
16,1.5,4,1.4,5,5.6,640,greedy,0,32.04033248584404,5.957839385697392,62976,7001.4946975628,0.923125,31.2807;29.6839;29.8448;44.6944;28.6185;41.9699;21.8093;45.2040;34.5770;31.3370;32.3339;25.4436;24.8224;32.7639;37.5070;31.0837;25.4653;34.1814;33.9875;25.6595;27.6562;38.4173;30.7803;29.8463,63488;65536;69632;57344;71680;57344;77824;49152;57344;61440;57344;71680;63488;53248;61440;71680;65536;53248;55296;63488;59392;69632;67584;67584
16,1.5,4,1.4,5,5.6,640,vtc,0,106.598061888639,13.862408836323484,231168,33461.0052050642,0.7178125,117.9167;105.9785;98.6912;108.3789;110.7381;107.2254;103.9517;113.3628;95.1636;115.1439;112.1352;91.9165;77.2914;100.5110;122.0726;94.7500;112.9374;88.6807;117.6298;103.4142;143.6990;113.5512;83.5230;119.6906,264192;235520;217088;237568;239616;233472;231424;256000;196608;251904;245760;188416;161792;215040;264192;198656;243712;186368;253952;227328;317440;243712;178176;260096
16,1.5,4,1.4,5,5.6,640,bounded,1,66.82838938983963,7.2249474877288185,210261.33333333334,15161.502593374078,0.7433333333333333,63.4731;74.3053;62.0858;73.8087;71.4961;69.5202;61.8007;67.9957;73.8700;67.6148;76.4249;53.0970;62.7619;60.4641;75.4507;59.7983;57.6819;67.5201;73.1072;57.0840;74.5408;64.8299;56.0862;79.0638,194560;227328;204800;219136;225280;215040;212992;190464;217088;212992;227328;198656;200704;182272;229376;208896;192512;192512;217088;200704;225280;210944;194560;245760
16,1.5,4,1.4,5,5.6,640,bounded,2,61.03653637603791,7.312829202060035,194816,13793.150764056774,0.7621875,60.9824;62.4274;55.8187;70.5945;59.2020;62.4150;57.3022;65.8650;67.6626;62.7170;68.2646;46.1651;55.1401;60.6013;66.8751;52.3185;51.4292;63.3878;67.0690;47.6174;71.4039;64.4211;52.1792;73.0178,188416;196608;184320;212992;192512;196608;198656;184320;198656;200704;204800;180224;182272;182272;204800;188416;178176;182272;204800;174080;215040;210944;182272;231424
16,1.5,4,1.4,5,5.6,640,bounded,4,51.83488574702016,6.779905544269907,169728,14031.82059938529,0.7928125,50.4858;54.5043;53.0524;60.4738;51.6822;50.3057;49.4966;57.0208;56.0472;50.0917;56.3066;42.9668;45.4350;49.0529;60.9565;39.7776;41.5195;56.2826;53.8899;42.1755;66.4144;54.6740;42.3500;59.0754,157696;174080;176128;184320;172032;163840;176128;159744;167936;165888;172032;167936;155648;151552;192512;153600;151552;163840;165888;157696;204800;186368;157696;194560
16,1.5,4,1.4,5,5.6,640,bounded,8,42.710290466931255,5.815494767320294,145152,10597.49303687748,0.8228125,41.2520;45.9129;42.0296;51.6050;44.7169;41.9259;38.0656;48.7816;48.4915;41.4192;48.2068;28.8991;35.5411;44.2419;44.1715;37.2858;34.0834;46.3141;49.5329;31.6539;47.4844;45.6646;40.3614;47.4058,137216;157696;149504;161792;153600;141312;147456;137216;149504;141312;149504;129024;124928;139264;143360;145408;131072;137216;153600;126976;153600;161792;151552;159744
16,1.5,4,1.4,5,5.6,640,bounded,16,33.86379148148838,4.696254286727316,119296,11375.928738642251,0.854375,32.3550;39.2091;32.1997;37.0864;38.8338;30.4973;30.8438;39.6436;41.4755;36.2902;32.6059;23.7855;29.6093;36.7170;39.2551;30.0786;25.4753;31.4997;34.4342;33.7256;37.8489;37.0269;25.9761;36.2586,108544;133120;120832;122880;135168;108544;124928;112640;133120;126976;110592;106496;108544;110592;135168;124928;102400;96256;114688;122880;126976;135168;110592;131072
16,1.5,4,1.4,5,5.6,640,bounded,32,27.568837208334223,2.950378810873899,97877.33333333333,6502.713553244949,0.8805208333333333,28.8897;31.2187;28.2145;32.7862;25.0250;28.2959;23.9727;34.0392;27.5250;27.7443;27.2100;22.8044;25.0495;29.2627;31.2790;25.4176;22.3991;28.0649;28.5108;24.8899;30.5491;27.6856;25.9924;24.8259,88064;110592;104448;104448;98304;96256;104448;96256;88064;100352;94208;96256;96256;90112;106496;104448;92160;86016;90112;100352;102400;100352;104448;94208
16,1.5,4,1.4,6,5.6,768,greedy,0,29.114957222610492,5.269300526717387,58538.666666666664,6527.8605649596675,0.9285416666666667,30.3064;27.7176;23.7110;34.6528;25.4032;36.2627;21.8239;37.6149;34.3250;28.7257;29.4059;24.1750;23.1186;32.5570;32.9048;24.3344;19.3102;38.0904;35.4933;24.2810;29.0620;33.2070;26.7861;25.4903,59392;63488;65536;53248;65536;55296;67584;51200;53248;55296;55296;63488;61440;49152;55296;65536;67584;45056;49152;61440;51200;65536;61440;63488
16,1.5,4,1.4,6,5.6,768,vtc,0,91.92572576886329,10.567225818791902,191658.66666666666,26259.938224519028,0.7660416666666667,85.8932;96.0951;78.0012;103.0471;96.2197;80.1374;91.6651;100.8690;78.9786;102.6357;105.1600;89.6463;71.2254;97.4274;101.4138;89.3844;77.4818;78.0679;108.5426;96.4414;102.9449;94.6154;79.6454;100.6789,188416;204800;161792;223232;200704;159744;198656;221184;149504;219136;227328;182272;147456;200704;206848;184320;147456;155648;231424;208896;208896;196608;167936;206848
16,1.5,4,1.4,6,5.6,768,bounded,1,52.22502227637567,7.133243862314995,170752,13938.097048497451,0.7915625,55.9582;56.5283;51.0862;62.2143;53.0379;57.2784;50.5013;54.1449;55.9282;51.7333;60.5905;38.2690;43.6286;47.6418;63.5382;43.1350;40.1649;54.1191;56.8372;39.1969;61.3949;53.3055;46.8692;56.2991,172032;178176;174080;188416;174080;182272;180224;153600;169984;172032;184320;159744;149504;147456;196608;163840;145408;157696;174080;153600;190464;180224;167936;182272
16,1.5,4,1.4,6,5.6,768,bounded,2,48.58366505622516,6.397577863177251,161194.66666666666,11547.148257855222,0.8032291666666667,49.7335;50.9136;48.3602;57.5588;50.7578;52.7758;46.8317;53.2640;53.2432;48.7130;52.7824;30.5741;40.6032;46.9205;55.7179;36.6807;40.8981;50.0669;53.3167;40.7374;55.4224;53.3595;46.1467;50.6297,157696;163840;165888;176128;167936;172032;169984;149504;161792;163840;161792;137216;143360;147456;176128;145408;149504;147456;165888;155648;172032;180224;165888;172032
16,1.5,4,1.4,6,5.6,768,bounded,4,43.028328122445785,6.584398724903319,145578.66666666666,13324.02875342973,0.8222916666666666,42.6164;47.6087;43.9171;51.7368;43.2547;39.5049;38.3296;52.6135;49.0586;41.8183;43.9275;27.5366;34.3228;41.2724;52.8549;34.2485;34.1690;43.1585;45.3978;34.8529;50.3531;49.2038;41.5522;49.3715,139264;157696;153600;159744;147456;131072;149504;147456;149504;143360;139264;124928;124928;131072;167936;139264;133120;129024;145408;131072;159744;169984;153600;165888
16,1.5,4,1.4,6,5.6,768,bounded,8,37.36457699700149,5.262567105090535,129962.66666666667,8255.310910088258,0.8413541666666666,39.1477;39.8623;35.1802;45.7827;38.1434;37.6165;30.2100;43.8963;40.8179;37.9780;41.3040;28.8535;33.3822;38.7747;40.1149;31.7639;26.6215;39.9263;43.4499;29.0515;41.6215;38.2775;31.1244;43.8490,126976;139264;129024;143360;135168;126976;126976;126976;129024;133120;131072;129024;122880;124928;133120;129024;110592;116736;135168;120832;133120;141312;124928;149504
16,1.5,4,1.4,6,5.6,768,bounded,16,31.340859390288365,4.845988119027578,111872,7883.525438110372,0.8634375,31.0835;34.0479;33.9524;33.7847;33.4169;28.1963;27.9280;40.8438;39.0407;31.5592;32.2970;21.6754;25.1736;35.3396;38.1121;25.6268;25.7507;30.6000;33.3629;24.9759;37.6358;32.0930;27.8555;27.8289,106496;118784;120832;110592;120832;102400;116736;114688;120832;114688;108544;98304;102400;110592;124928;112640;102400;98304;106496;110592;124928;120832;110592;106496
16,1.5,4,1.4,6,5.6,768,bounded,32,26.098851394389104,3.374243762268284,93525.33333333333,6358.33549148063,0.8858333333333334,27.7997;25.1707;24.9989;32.4911;28.4589;25.4961;21.7443;32.4944;26.4041;27.8388;28.0099;21.2993;21.2194;27.7014;29.9239;21.4573;21.2029;28.6855;26.6905;24.5000;29.0795;27.6779;21.3879;24.6399,90112;94208;96256;100352;106496;90112;98304;86016;83968;100352;92160;90112;86016;81920;102400;98304;86016;88064;88064;96256;98304;100352;96256;94208
16,1.5,4,1.4,8,5.6,1024,greedy,0,30.29603172628645,9.515800055912816,49749.333333333336,7324.264938469177,0.9392708333333333,30.1036;26.8292;24.1284;41.6672;23.5872;33.7916;14.9666;55.1596;36.8136;31.8935;37.7839;20.8477;21.0187;40.9079;34.1285;19.4756;19.2080;42.7819;40.0529;20.6374;29.5879;33.2015;21.6593;26.8731,43008;55296;55296;45056;57344;49152;61440;36864;43008;45056;47104;59392;49152;40960;49152;57344;55296;38912;38912;59392;43008;55296;57344;51200
16,1.5,4,1.4,8,5.6,1024,vtc,0,72.4810296352474,9.884634169736977,140544,23543.18675682344,0.8284375,60.4923;68.2922;67.1168;84.4869;83.8738;64.1145;75.9946;68.0132;71.5337;94.1336;67.8595;65.0561;56.1865;66.7302;80.0382;72.4547;61.3972;64.1524;82.3821;67.2410;84.3875;87.3716;63.2508;82.9853,108544;135168;135168;174080;167936;122880;153600;135168;131072;200704;122880;118784;108544;126976;153600;137216;110592;122880;161792;126976;159744;174080;124928;159744
16,1.5,4,1.4,8,5.6,1024,bounded,1,33.76433670453503,5.641050861612816,119978.66666666667,12400.08143342436,0.8535416666666666,30.4140;39.5500;36.0186;43.8800;36.1455;36.7022;32.3859;39.6073;37.8027;34.7946;32.0614;21.8263;26.4975;32.2086;41.9649;26.0022;24.7611;33.0603;39.0357;29.0441;40.9717;34.9271;28.4179;32.2646,104448;133120;133120;139264;129024;124928;133120;114688;120832;124928;106496;104448;100352;104448;139264;114688;104448;100352;124928;118784;133120;131072;118784;120832
16,1.5,4,1.4,8,5.6,1024,bounded,2,32.31842875537379,6.134997213134067,115968,13137.731108021151,0.8584375,30.4421;36.3401;34.5026;44.5912;34.6279;31.6911;32.3824;40.9298;37.1153;35.8098;32.1751;19.4413;27.0416;33.6641;40.0616;22.1760;23.0519;27.5948;36.7865;26.0929;39.0324;33.4193;26.1099;30.5626,102400;124928;126976;141312;124928;112640;133120;118784;116736;126976;106496;96256;102400;110592;133120;104448;100352;86016;118784;110592;129024;126976;112640;116736
16,1.5,4,1.4,8,5.6,1024,bounded,4,30.465444901579616,6.538860159831399,111360,12936.65716739323,0.8640625,30.1552;34.8692;33.0706;44.5596;30.2216;29.5727;28.3784;40.6642;31.5968;30.4594;32.6003;20.0926;24.3173;29.7706;36.0450;20.7717;18.0490;30.8411;37.6840;24.7122;40.3604;32.8986;22.9671;26.5130,104448;122880;124928;139264;112640;106496;124928;118784;104448;112640;108544;96256;94208;98304;122880;100352;86016;96256;120832;110592;131072;124928;106496;104448
16,1.5,4,1.4,8,5.6,1024,bounded,8,28.111441527952437,4.66457771005298,104277.33333333333,10524.751947459643,0.8727083333333333,29.3521;31.1633;30.2021;37.9381;28.1371;25.9667;26.9613;31.3622;27.4889;29.2583;32.0737;18.7513;23.3477;29.4510;34.0548;17.6568;21.8111;30.7056;27.6672;24.3715;33.4107;31.5417;23.7171;28.2846,98304;116736;114688;124928;108544;98304;118784;92160;90112;108544;106496;92160;92160;98304;114688;90112;98304;96256;90112;106496;110592;120832;104448;110592
16,1.5,4,1.4,8,5.6,1024,bounded,16,25.90185472270419,3.774822321257138,96768,7198.411676659419,0.881875,27.6289;29.3998;26.3949;32.1544;28.0611;23.6393;22.4670;32.0169;28.4688;24.5521;25.4110;18.7424;21.3516;24.5160;31.1830;21.0441;21.4744;29.6916;26.7326;23.4221;31.6977;25.7795;21.8853;23.9301,92160;110592;102400;104448;106496;86016;104448;90112;94208;94208;90112;90112;88064;81920;104448;100352;92160;94208;94208;100352;104448;102400;100352;94208
16,1.5,4,1.4,8,5.6,1024,bounded,32,23.82562744067599,3.4156453948604764,86528,6695.268777278475,0.894375,24.9084;23.3154;26.0781;30.2855;24.1347;22.4835;18.8858;31.8206;25.1417;23.7441;24.6585;20.0256;17.0716;23.8590;28.2317;20.9269;19.3897;26.1421;25.6089;22.4202;25.7200;23.7720;19.6591;23.5320,81920;90112;100352;94208;92160;81920;94208;83968;86016;86016;79872;83968;71680;75776;92160;94208;81920;77824;81920;92160;83968;90112;90112;90112
16,2.0,4,0.7,5,2.8,640,greedy,0,2.7492369145753766,0.7583815267628644,104021.33333333333,13245.921468722196,0.8730208333333334,1.7894;2.7606;2.4133;2.8510;2.0540;2.2401;2.6567;3.5980;2.6020;3.3274;2.9611;2.2063;1.6135;2.4872;2.4912;3.1685;2.2287;3.4006;3.5415;1.9119;3.5232;3.8658;1.5944;4.6953,77824;124928;104448;133120;108544;116736;98304;90112;102400;114688;104448;102400;92160;94208;129024;94208;83968;98304;102400;98304;114688;112640;94208;104448
16,2.0,4,0.7,5,2.8,640,vtc,0,6.616769150599689,2.620762393854714,109738.66666666667,14456.383442003129,0.8660416666666667,3.7555;7.6967;6.2988;4.8407;6.1937;5.6830;6.0846;8.7804;9.6954;6.3734;11.9656;4.7540;2.8879;4.5473;7.3279;3.2358;4.5471;9.0837;7.8446;4.9035;6.7019;13.2499;3.4124;8.9387,79872;129024;114688;139264;122880;116736;108544;100352;106496;114688;112640;112640;94208;94208;137216;96256;88064;106496;108544;98304;122880;118784;96256;114688
16,2.0,4,0.7,5,2.8,640,bounded,1,2.8982961999254644,0.8868819382090458,107605.33333333333,13725.409753041578,0.8686458333333333,1.9283;3.2643;2.8726;2.6671;3.0911;1.7349;3.6162;3.5162;4.1236;3.3168;2.8461;2.4127;1.7498;1.9470;3.4568;2.8546;2.5038;2.4291;3.4403;2.0422;3.0217;3.5223;1.5744;5.6274,79872;126976;110592;139264;118784;112640;108544;100352;104448;118784;106496;108544;94208;94208;133120;94208;88064;100352;108544;98304;116736;112640;94208;112640
16,2.0,4,0.7,5,2.8,640,bounded,2,2.660677334361687,0.9136579366444968,106752,13498.589753501414,0.8696875,1.7241;2.9730;2.7651;2.5246;1.8922;1.7472;3.3949;3.2896;4.1380;2.7529;3.0750;2.1927;1.4178;2.0898;2.4512;2.5178;2.3198;2.4281;2.7847;1.7097;2.8523;3.5417;1.5944;5.6797,79872;124928;110592;137216;116736;116736;104448;96256;106496;116736;108544;106496;92160;92160;131072;94208;88064;100352;106496;98304;116736;114688;94208;108544
16,2.0,4,0.7,5,2.8,640,bounded,4,2.6087104917530755,0.7904544968561111,105642.66666666667,14113.834095981463,0.8710416666666667,1.6486;3.2050;2.7486;2.7690;1.6616;1.9167;2.8883;2.9769;2.8154;2.7458;2.7771;2.1832;1.7336;2.0794;2.9894;2.8266;2.1697;2.7092;2.9649;1.7097;2.4278;3.6718;1.6649;5.3258,77824;126976;108544;135168;110592;116736;102400;90112;104448;114688;106496;102400;92160;92160;135168;94208;86016;100352;106496;98304;114688;116736;94208;108544
16,2.0,4,0.7,5,2.8,640,bounded,8,2.7189002812671332,0.7556232367294529,104448,13166.797839009048,0.8725,1.7894;3.5629;2.9901;2.7927;2.0540;2.2401;2.6567;3.2705;2.7290;3.2568;2.9635;2.2063;1.6135;2.4872;2.4912;3.1685;2.4526;3.1262;3.1329;1.9119;2.1951;3.4389;1.5944;5.1293,77824;124928;104448;133120;108544;116736;98304;90112;102400;116736;104448;102400;92160;94208;129024;94208;86016;100352;104448;98304;112640;114688;94208;106496
16,2.0,4,0.7,5,2.8,640,bounded,16,2.7524871151064674,0.7668350525700629,104021.33333333333,13245.921468722196,0.8730208333333334,1.7894;2.7606;2.4133;2.8510;2.0540;2.2401;2.6567;3.5980;2.6020;3.3274;2.9611;2.2063;1.6135;2.4872;2.4912;3.1685;2.2287;3.4006;3.5415;1.9119;3.5232;3.8658;1.5944;4.7734,77824;124928;104448;133120;108544;116736;98304;90112;102400;114688;104448;102400;92160;94208;129024;94208;83968;98304;102400;98304;114688;112640;94208;104448
16,2.0,4,0.7,5,2.8,640,bounded,32,2.7492369145753766,0.7583815267628644,104021.33333333333,13245.921468722196,0.8730208333333334,1.7894;2.7606;2.4133;2.8510;2.0540;2.2401;2.6567;3.5980;2.6020;3.3274;2.9611;2.2063;1.6135;2.4872;2.4912;3.1685;2.2287;3.4006;3.5415;1.9119;3.5232;3.8658;1.5944;4.6953,77824;124928;104448;133120;108544;116736;98304;90112;102400;114688;104448;102400;92160;94208;129024;94208;83968;98304;102400;98304;114688;112640;94208;104448
16,2.0,4,0.7,6,2.8,768,greedy,0,2.3038723653696644,0.8894752863640434,83968,13033.392190830444,0.8975,1.2375;2.1997;1.7037;2.1429;1.2231;1.5626;1.9928;3.2223;1.8047;3.3081;2.6252;1.8119;1.1801;1.7629;1.8584;3.1685;2.2287;3.4006;2.8947;1.3396;3.3726;3.0974;1.4595;4.6953,63488;102400;83968;114688;90112;90112;90112;77824;79872;96256;65536;67584;75776;77824;104448;79872;59392;86016;83968;86016;90112;96256;75776;77824
16,2.0,4,0.7,6,2.8,768,vtc,0,4.621812815689317,2.572419989144547,86357.33333333333,13923.722618450698,0.8945833333333333,1.7669;4.3507;5.1880;2.6271;3.9435;3.8031;6.0846;6.1582;6.3017;3.3784;4.2284;1.6481;1.9324;2.0436;5.3958;3.2358;3.4894;7.8742;6.7100;1.6265;5.4227;12.7217;2.5026;8.4900,63488;104448;86016;116736;94208;92160;96256;77824;86016;96256;69632;69632;75776;77824;108544;79872;59392;88064;83968;86016;94208;104448;75776;86016
16,2.0,4,0.7,6,2.8,768,bounded,1,2.3031448348825765,0.9337168564140752,85333.33333333333,13516.11042012046,0.8958333333333334,1.1051;2.9829;2.7877;1.7499;3.0657;1.7333;2.0081;2.5226;2.3795;2.5019;2.5571;1.4925;1.1460;1.3887;2.0848;2.8546;2.1346;2.4291;2.3901;1.1309;2.2576;3.3711;1.5744;5.6274,63488;106496;86016;114688;94208;92160;88064;77824;81920;96256;67584;67584;75776;77824;106496;79872;59392;88064;86016;86016;94208;98304;75776;83968
16,2.0,4,0.7,6,2.8,768,bounded,2,2.175583291433047,0.9170002240410026,85333.33333333333,13541.94563404962,0.8958333333333334,1.1170;2.9730;1.7368;1.5972;1.7882;1.5970;1.9946;2.4262;2.2786;2.4275;2.4464;1.5469;1.1460;1.7428;2.0212;2.5178;1.9173;2.4281;2.4886;1.1309;2.2397;3.3781;1.5944;5.6797,63488;106496;83968;114688;94208;92160;90112;77824;81920;96256;67584;67584;75776;77824;106496;79872;59392;88064;86016;86016;94208;98304;75776;83968
16,2.0,4,0.7,6,2.8,768,bounded,4,2.114343502091094,0.8539150964114554,84650.66666666667,13373.124624493044,0.8966666666666666,1.2375;2.1997;1.7037;1.8240;1.1405;1.6660;1.6830;2.6039;1.7495;2.3486;2.1287;1.5867;1.1801;1.8105;1.7344;2.8266;2.1129;2.6903;2.6623;1.3396;2.4278;3.0974;1.6649;5.3258,63488;104448;83968;114688;90112;94208;88064;77824;77824;94208;65536;67584;75776;77824;104448;79872;59392;88064;86016;86016;92160;100352;75776;83968
16,2.0,4,0.7,6,2.8,768,bounded,8,2.1861307779040233,0.880026514415061,84480,13183.378626133743,0.896875,1.2375;2.8731;1.7037;2.1429;0.9872;1.5626;1.9928;2.9634;1.8047;2.5408;2.4255;1.8119;1.1801;1.7629;1.8584;3.1685;2.4526;3.1262;2.2325;1.3396;1.7003;3.0109;1.4595;5.1293,63488;106496;83968;114688;90112;90112;90112;77824;79872;96256;65536;67584;75776;77824;104448;79872;59392;88064;83968;86016;90112;94208;75776;86016
16,2.0,4,0.7,6,2.8,768,bounded,16,2.3147755837300577,0.905758584637189,83968,12925.67635883451,0.8975,1.2375;2.1997;1.7037;2.1429;1.2231;1.5626;1.9928;3.2223;1.8047;3.3081;2.6252;1.8119;1.1801;1.7629;1.8584;3.1685;2.2287;3.4006;2.8947;1.3396;3.3726;3.2811;1.4595;4.7734,63488;102400;83968;114688;90112;90112;90112;77824;79872;96256;65536;67584;75776;77824;104448;79872;59392;86016;83968;86016;90112;94208;75776;79872
16,2.0,4,0.7,6,2.8,768,bounded,32,2.3038723653696644,0.8894752863640434,83968,13033.392190830444,0.8975,1.2375;2.1997;1.7037;2.1429;1.2231;1.5626;1.9928;3.2223;1.8047;3.3081;2.6252;1.8119;1.1801;1.7629;1.8584;3.1685;2.2287;3.4006;2.8947;1.3396;3.3726;3.0974;1.4595;4.6953,63488;102400;83968;114688;90112;90112;90112;77824;79872;96256;65536;67584;75776;77824;104448;79872;59392;86016;83968;86016;90112;96256;75776;77824
16,2.0,4,0.7,8,2.8,1024,greedy,0,1.7737365165967707,1.0605439357093362,57088,10954.28756241135,0.9303125,0.6880;1.3840;0.6098;1.6482;0.8177;0.5213;0.6103;2.2873;1.3294;2.3151;2.3965;1.8119;0.7639;1.5119;1.7402;3.1685;2.2287;2.9585;2.8947;0.5916;3.3726;1.2632;0.9608;4.6953,40960;65536;57344;92160;59392;57344;59392;55296;59392;71680;47104;53248;51200;59392;71680;47104;45056;57344;38912;57344;63488;59392;49152;51200
16,2.0,4,0.7,8,2.8,1024,vtc,0,2.526186149905855,1.8972541100180376,56917.333333333336,10492.530591912622,0.9305208333333334,1.0028;1.2959;0.6424;1.8398;1.1251;0.5008;0.6103;6.1582;1.2197;2.5050;3.9258;1.6481;0.9223;1.9399;3.2725;3.2358;3.4894;5.8612;4.8332;0.6675;4.1338;1.5760;1.1236;7.0992,40960;65536;57344;90112;61440;57344;59392;55296;59392;71680;49152;53248;51200;59392;67584;47104;45056;53248;38912;57344;63488;61440;49152;51200
16,2.0,4,0.7,8,2.8,1024,bounded,1,1.6426576242709099,1.1069747961497955,56917.333333333336,10657.78830506384,0.9305208333333334,0.7405;1.0921;0.6776;1.7339;0.7667;0.5213;0.5370;2.2755;1.0083;2.4275;2.5571;1.4925;0.7639;1.3887;1.5205;2.8546;2.1346;2.3623;2.3790;0.5780;2.1017;0.9224;0.9608;5.6274,40960;65536;57344;90112;61440;57344;59392;55296;59392;71680;47104;53248;51200;59392;69632;47104;45056;53248;38912;57344;63488;61440;49152;51200
16,2.0,4,0.7,8,2.8,1024,bounded,2,1.6266723710611137,1.0794596649880828,56832,10629.396219917668,0.930625,0.6448;1.0510;0.6098;1.5585;0.7667;0.5213;0.6103;2.0244;1.1492;2.3486;2.4464;1.5469;0.7639;1.7428;1.8222;2.5178;1.9173;2.1427;2.4697;0.5916;2.0526;1.1011;0.9608;5.6797,40960;65536;57344;90112;59392;57344;59392;55296;59392;71680;47104;53248;51200;59392;69632;47104;45056;53248;38912;57344;63488;61440;49152;51200
16,2.0,4,0.7,8,2.8,1024,bounded,4,1.6486157720108454,1.03294565803347,56917.333333333336,10690.533299242943,0.9305208333333334,0.6880;1.2959;0.6098;1.6482;0.8177;0.5213;0.6103;2.2873;1.1492;2.0573;2.1287;1.5867;0.7639;1.8105;1.4671;2.8266;2.1129;2.3670;2.6623;0.5916;2.0145;1.2632;0.9608;5.3258,40960;65536;57344;90112;59392;57344;59392;55296;59392;71680;47104;53248;51200;59392;69632;47104;45056;53248;38912;57344;65536;61440;49152;51200
16,2.0,4,0.7,8,2.8,1024,bounded,8,1.6923242717312696,1.046736723907655,57173.333333333336,11011.637641856707,0.9302083333333333,0.6880;1.3840;0.6098;1.6482;0.8177;0.5213;0.6103;2.2873;1.3294;2.0573;2.3980;1.8119;0.7639;1.5119;1.7402;3.1685;2.4526;3.0624;2.2325;0.5916;1.5756;1.2632;0.9608;5.1293,40960;65536;57344;92160;59392;57344;59392;55296;59392;71680;47104;53248;51200;59392;71680;47104;45056;57344;38912;57344;65536;59392;49152;51200
16,2.0,4,0.7,8,2.8,1024,bounded,16,1.7769867171278615,1.0695737660900184,57088,10954.28756241135,0.9303125,0.6880;1.3840;0.6098;1.6482;0.8177;0.5213;0.6103;2.2873;1.3294;2.3151;2.3965;1.8119;0.7639;1.5119;1.7402;3.1685;2.2287;2.9585;2.8947;0.5916;3.3726;1.2632;0.9608;4.7734,40960;65536;57344;92160;59392;57344;59392;55296;59392;71680;47104;53248;51200;59392;71680;47104;45056;57344;38912;57344;63488;59392;49152;51200
16,2.0,4,0.7,8,2.8,1024,bounded,32,1.7737365165967707,1.0605439357093362,57088,10954.28756241135,0.9303125,0.6880;1.3840;0.6098;1.6482;0.8177;0.5213;0.6103;2.2873;1.3294;2.3151;2.3965;1.8119;0.7639;1.5119;1.7402;3.1685;2.2287;2.9585;2.8947;0.5916;3.3726;1.2632;0.9608;4.6953,40960;65536;57344;92160;59392;57344;59392;55296;59392;71680;47104;53248;51200;59392;71680;47104;45056;57344;38912;57344;63488;59392;49152;51200
16,2.0,4,1.0,5,4.0,640,greedy,0,6.806709008761724,1.8635333185687442,90368,10055.945902798007,0.8896875,6.2015;6.5241;6.2057;10.0140;5.7867;6.9811;5.4477;9.4453;6.7900;7.9197;8.0476;4.8321;6.3058;4.9789;9.7910;3.5338;4.8010;8.8106;6.5907;4.8654;7.8176;7.3062;4.0938;10.2709,69632;106496;88064;106496;104448;92160;100352;75776;88064;96256;83968;98304;75776;83968;96256;90112;81920;77824;79872;90112;96256;102400;92160;92160
16,2.0,4,1.0,5,4.0,640,vtc,0,23.038991898470506,11.498127735362976,115456,15894.693454105996,0.8590625,14.6695;34.6166;17.4606;53.0004;30.3723;22.7237;10.6063;22.0032;25.4056;25.1867;24.1384;15.2000;26.9753;24.3239;45.4121;11.1466;5.7673;16.0837;29.5282;14.9433;38.5314;14.3922;5.0436;25.4048,88064;135168;112640;145408;133120;120832;110592;100352;110592;126976;120832;114688;96256;108544;141312;102400;88064;100352;120832;108544;135168;116736;100352;133120
16,2.0,4,1.0,5,4.0,640,bounded,1,8.43662237166473,3.3816674477520707,108117.33333333333,12610.580672153399,0.8680208333333334,6.6672;13.1362;7.3715;14.7054;7.7615;9.5507;5.2381;12.1158;9.9002;6.9623;9.5797;5.0783;12.5795;7.1136;14.5886;3.4537;4.6126;8.0798;12.0160;3.9711;9.2572;9.3022;2.6838;6.7540,81920;124928;108544;131072;122880;112640;106496;96256;104448;114688;116736;106496;98304;100352;131072;94208;92160;102400;110592;94208;118784;118784;94208;112640
16,2.0,4,1.0,5,4.0,640,bounded,2,7.819438935026982,2.9705485513955803,105813.33333333333,12798.862171649826,0.8708333333333333,5.3461;12.9768;7.4640;13.9597;6.9310;10.5503;6.8863;11.3391;7.0207;7.1638;6.2987;5.0037;9.2705;7.1463;13.6738;3.3416;4.2654;8.0218;9.0673;4.7138;8.2945;9.1296;2.8171;6.9846,77824;124928;104448;126976;118784;112640;112640;96256;98304;114688;106496;104448;90112;100352;129024;94208;86016;102400;104448;96256;116736;116736;94208;110592
16,2.0,4,1.0,5,4.0,640,bounded,4,7.435495105541606,2.913530804971971,104192,12221.151500574731,0.8728125,6.3865;10.3270;7.1579;13.4830;5.3113;8.6011;5.8130;12.6960;7.2745;7.1865;6.5976;4.0277;8.8204;6.0721;13.9738;3.3417;3.7934;8.8199;8.2331;4.7094;7.8920;7.9060;2.7394;7.2886,77824;118784;104448;124928;114688;106496;106496;96256;98304;114688;112640;100352;86016;96256;120832;96256;81920;102400;102400;96256;114688;118784;94208;114688
16,2.0,4,1.0,5,4.0,640,bounded,8,7.039070701301185,2.6210983180484306,101802.66666666667,11302.399194664624,0.8757291666666667,5.5008;7.8302;6.5568;12.0574;4.5619;9.4175;4.3060;12.2405;7.4112;8.3959;5.8542;3.5001;8.5108;6.0323;11.8742;3.6262;4.3150;7.0512;9.9976;4.9146;6.7832;7.4287;3.1866;7.5849,77824;114688;98304;122880;104448;110592;100352;92160;94208;118784;106496;100352;88064;92160;118784;90112;86016;94208;98304;100352;110592;114688;100352;108544
16,2.0,4,1.0,5,4.0,640,bounded,16,6.546215095885601,2.0569797449781375,95914.66666666667,10268.40504763141,0.8829166666666667,5.4999;5.9241;6.3355;10.9743;5.0843;8.0885;4.5898;9.6987;6.2635;7.2907;6.4188;4.0228;7.2257;5.8070;12.0277;3.5338;4.6390;6.3193;7.7447;4.8091;6.7406;6.5421;4.0938;7.4355,69632;106496;96256;116736;106496;102400;100352;90112;92160;98304;92160;98304;83968;83968;110592;90112;86016;86016;92160;92160;108544;104448;92160;102400
16,2.0,4,1.0,5,4.0,640,bounded,32,6.820266495201682,1.7562178871939322,91733.33333333333,9366.086530076951,0.8880208333333334,6.2015;6.6650;5.7080;9.4630;5.7867;7.3173;5.4477;9.7446;7.3480;8.1561;8.0884;4.8321;7.2233;4.9789;10.7072;3.5338;4.8010;7.4987;7.3849;5.5934;8.2040;7.3062;4.0938;7.6029,71680;106496;90112;104448;104448;92160;100352;81920;90112;94208;83968;98304;77824;83968;96256;90112;79872;83968;81920;92160;100352;102400;92160;102400
16,2.0,4,1.0,6,4.0,768,greedy,0,5.516517236578995,1.8662822826920522,76970.66666666667,9784.723512814362,0.9060416666666666,5.0591;4.5312;4.3847;7.9239;3.3796;4.2104;3.0250;8.7273;5.9041;6.9384;6.2334;3.5194;4.2341;4.5237;8.3080;4.0611;4.4788;7.3267;6.3186;4.2905;5.7438;5.5304;3.4733;10.2709,57344;92160;75776;98304;86016;79872;86016;71680;75776;83968;63488;73728;67584;69632;86016;75776;61440;71680;67584;81920;86016;86016;73728;75776
16,2.0,4,1.0,6,4.0,768,vtc,0,12.247673566062474,6.500863447102632,88576,13805.02401301787,0.891875,6.5074;12.3988;8.9279;32.4290;14.7105;17.0517;8.3965;13.5039;13.9618;9.9833;11.1994;7.2813;19.2565;4.9966;23.6343;4.2604;5.0386;12.6008;8.9876;8.8593;13.8915;13.2409;4.0252;18.8012,65536;102400;88064;120832;98304;94208;96256;81920;88064;100352;73728;75776;81920;77824;106496;79872;59392;88064;81920;88064;98304;104448;75776;98304
16,2.0,4,1.0,6,4.0,768,bounded,1,5.593867200625332,2.000274501411973,85504,12710.9435264788,0.895625,4.3736;7.1687;6.0332;8.9517;4.6192;7.8078;3.8479;7.2927;5.7025;4.9171;4.3552;2.6375;7.0070;2.5897;9.8817;3.4537;3.8371;6.2631;6.6245;3.8178;5.8824;8.0456;2.5546;6.5884,65536;100352;86016;112640;94208;96256;92160;77824;81920;96256;67584;71680;75776;77824;104448;79872;59392;90112;86016;83968;94208;98304;75776;83968
16,2.0,4,1.0,6,4.0,768,bounded,2,5.497384101994268,2.051388987438362,84565.33333333333,12520.176924557505,0.8967708333333333,4.2132;6.2942;5.4398;9.5278;5.1836;7.9068;3.0372;7.3194;5.4982;5.1006;4.7480;2.3515;7.0553;2.7636;10.0369;3.3416;3.7671;5.8997;6.5778;3.6033;5.0491;7.5497;2.8089;6.8639,65536;98304;83968;114688;92160;88064;88064;77824;83968;94208;67584;69632;75776;77824;104448;79872;59392;90112;86016;83968;90112;100352;75776;81920
16,2.0,4,1.0,6,4.0,768,bounded,4,5.275437965667828,2.264022020264468,83712,12573.57058807614,0.8978125,3.4767;5.8395;4.9753;8.0998;3.1649;8.6335;2.5992;8.1745;4.7083;5.0706;5.5564;2.2748;5.3625;2.8479;11.5619;3.3417;3.7934;6.0332;4.9690;3.4963;5.1892;7.7467;2.7281;6.9671,63488;98304;83968;110592;90112;92160;86016;77824;79872;98304;71680;67584;71680;73728;104448;75776;59392;88064;83968;83968;90112;98304;75776;83968
16,2.0,4,1.0,6,4.0,768,bounded,8,4.932810428252291,1.6363584394695923,81749.33333333333,11508.300231668542,0.9002083333333333,3.4626;5.6166;3.8862;6.1762;2.9557;8.1886;2.9813;6.5843;5.1247;4.9479;4.5767;2.9513;4.7991;3.3576;9.0442;3.6262;3.8665;5.8994;5.4416;3.9945;4.4519;6.1533;3.1858;7.1155,59392;100352;79872;106496;88064;90112;86016;75776;81920;94208;67584;71680;69632;73728;94208;75776;59392;83968;83968;83968;88064;90112;73728;83968
16,2.0,4,1.0,6,4.0,768,bounded,16,5.007691095599873,1.4690955707856972,78592,10736.751091461514,0.9040625,5.0977;5.1185;3.9006;7.3100;3.3796;4.1658;3.0250;6.2513;4.5515;5.7845;5.4742;3.5194;4.0905;4.1860;9.6985;3.5338;4.1689;5.7293;5.8545;4.2887;5.5262;4.5126;4.0938;6.9235,59392;96256;75776;102400;86016;77824;86016;71680;77824;88064;67584;73728;67584;69632;94208;75776;59392;73728;73728;83968;90112;86016;73728;75776
16,2.0,4,1.0,6,4.0,768,bounded,32,5.478690897371863,1.6344109852817341,77141.33333333333,9957.343331542917,0.9058333333333334,5.0591;5.0003;4.3847;7.7052;3.3796;4.2104;3.0250;8.1379;5.9041;6.5293;6.0969;3.5194;4.2341;4.5237;8.2419;4.0611;4.4788;7.3267;6.6458;4.7232;6.9271;5.5304;3.4733;8.3708,57344;92160;75776;98304;86016;79872;86016;69632;75776;83968;63488;73728;67584;69632;86016;75776;61440;71680;69632;81920;90112;86016;73728;75776
16,2.0,4,1.0,8,4.0,1024,greedy,0,4.39184100631594,2.053641160053185,55125.333333333336,8747.395091619499,0.9327083333333334,4.4743;3.7602;2.2798;5.1625;2.4129;2.3990;1.9628;7.5746;4.5688;4.5865;6.2709;2.6175;1.4710;4.2879;5.6237;3.4944;4.4788;6.2269;6.1095;2.3879;5.7438;4.2050;2.6652;10.6402,40960;61440;51200;81920;57344;57344;59392;51200;57344;67584;49152;53248;51200;59392;59392;45056;45056;55296;40960;57344;63488;59392;49152;49152
16,2.0,4,1.0,8,4.0,1024,vtc,0,5.995675629754792,3.1793084545994774,57600,10825.904735094122,0.9296875,5.6943;7.2128;4.1136;6.0005;3.1356;2.8534;2.1787;9.6870;5.6816;5.3384;8.8190;3.0589;1.9840;3.7523;14.9318;4.2604;5.0386;11.7931;7.4024;4.1782;7.4978;7.7297;2.2455;9.3086,40960;67584;57344;90112;61440;55296;59392;57344;59392;69632;51200;53248;51200;59392;73728;47104;45056;57344;38912;57344;67584;61440;49152;51200
16,2.0,4,1.0,8,4.0,1024,bounded,1,3.282947880257721,1.3926921770851228,57088,10330.268792888854,0.9303125,2.9266;3.4909;2.0104;3.1803;1.9270;1.6227;1.6208;4.5225;3.3752;3.0530;4.0174;2.1816;1.5457;2.5377;6.0046;3.4537;3.8371;5.1603;4.8374;1.7471;4.2073;3.2864;1.6567;6.5884,40960;65536;57344;90112;61440;57344;59392;55296;59392;71680;49152;53248;51200;59392;67584;47104;45056;55296;40960;57344;63488;61440;49152;51200
16,2.0,4,1.0,8,4.0,1024,bounded,2,3.304375100561081,1.431610467042309,57344,10575.82652404372,0.93,2.8381;3.5077;2.0355;3.0586;2.2240;1.5776;1.5088;4.5063;3.3216;2.9958;3.9374;2.0855;1.6134;2.5619;6.0240;3.3416;3.7671;5.0818;5.1320;1.8395;4.4900;3.3362;1.6567;6.8639,40960;65536;57344;90112;59392;57344;59392;55296;59392;71680;49152;53248;51200;59392;71680;47104;45056;55296;40960;59392;65536;61440;49152;51200
16,2.0,4,1.0,8,4.0,1024,bounded,4,3.3509171459007083,1.3986450166632591,56832,10037.463690262262,0.930625,3.0705;3.3720;2.0471;2.9061;2.1300;2.0600;1.6373;4.5760;3.3023;3.1036;3.8967;2.2748;1.5454;2.6789;6.0032;3.3417;3.7934;5.1850;4.8111;1.9853;4.6146;3.4626;1.6570;6.9671,40960;65536;55296;86016;57344;57344;59392;55296;59392;69632;49152;53248;51200;59392;71680;45056;45056;55296;40960;59392;65536;61440;49152;51200
16,2.0,4,1.0,8,4.0,1024,bounded,8,3.605446922251399,1.3580042878850649,56234.666666666664,9272.321727713195,0.9313541666666667,3.4358;3.1942;2.2798;3.2573;2.2933;2.3224;1.9628;4.9398;3.3625;3.5312;4.0783;2.7829;1.4710;3.1319;6.6423;3.6262;3.8665;5.7628;4.9666;2.4421;4.4435;4.1819;2.0982;6.4576,40960;63488;55296;81920;57344;57344;59392;53248;57344;67584;49152;53248;51200;59392;71680;45056;45056;57344;40960;59392;63488;59392;49152;51200
16,2.0,4,1.0,8,4.0,1024,bounded,16,3.960674385663591,1.4284906611451311,55552,8972.182194613155,0.9321875,4.9503;3.3345;2.2798;4.4621;2.4129;2.3990;1.9628;5.6754;3.7895;4.3891;4.9417;2.6175;1.4710;4.0659;6.0770;3.4944;4.1689;5.7293;5.7361;2.3879;5.3468;4.2050;2.6652;6.4940,40960;61440;51200;83968;57344;57344;59392;55296;57344;67584;49152;53248;51200;59392;63488;45056;45056;55296;40960;57344;61440;59392;49152;51200
16,2.0,4,1.0,8,4.0,1024,bounded,32,4.285615891196283,1.758109405583167,55125.333333333336,8747.395091619499,0.9327083333333334,4.4743;3.7602;2.2798;5.1625;2.4129;2.3990;1.9628;7.0567;4.5688;5.2122;5.7041;2.6175;1.4710;4.2879;5.6237;3.4944;4.4788;6.2269;6.2885;2.3879;5.7438;4.2050;2.6652;8.3708,40960;61440;51200;81920;57344;57344;59392;51200;57344;67584;49152;53248;51200;59392;59392;45056;45056;55296;40960;57344;63488;59392;49152;49152
16,2.0,4,1.4,5,5.6,640,greedy,0,25.66178514076683,6.713190789850047,49920,7015.521078294897,0.9390625,23.3818;26.3040;22.9009;35.5563;24.2871;36.6571;14.7345;40.7946;29.2393;27.3563;26.7938;18.3825;18.0396;27.7732;30.4192;16.6738;19.3591;33.6139;30.2467;17.6808;28.1619;26.3000;17.6089;23.6175,43008;55296;53248;47104;53248;51200;63488;36864;45056;47104;43008;59392;55296;45056;45056;57344;57344;43008;38912;57344;45056;51200;59392;45056
16,2.0,4,1.4,5,5.6,640,vtc,0,54.86871308076474,11.527378146964713,117674.66666666667,17507.896377222354,0.8563541666666666,40.4039;55.5635;50.8985;72.2679;66.2391;53.0191;44.8766;62.2563;55.3523;62.4327;58.5257;45.8420;34.0327;49.8121;69.4026;40.4864;36.2108;60.1335;66.2339;41.2871;75.4403;62.7106;47.6896;65.7320,90112;118784;114688;149504;135168;114688;110592;122880;106496;122880;120832;110592;88064;98304;141312;100352;92160;129024;139264;102400;151552;124928;110592;129024
16,2.0,4,1.4,5,5.6,640,bounded,1,28.849218877796826,6.668310414164917,106666.66666666667,14150.932438849706,0.8697916666666666,22.6406;36.4071;29.4790;39.1577;30.7059;34.9091;25.2989;31.6280;30.7651;32.4586;34.4119;19.8486;19.2664;26.1201;40.6252;20.5032;18.2449;31.9650;32.7339;20.6061;36.2026;31.0718;18.6579;28.6739,81920;124928;110592;124928;114688;118784;112640;92160;102400;118784;112640;106496;81920;90112;133120;100352;86016;98304;108544;94208;120832;120832;94208;110592
16,2.0,4,1.4,5,5.6,640,bounded,2,26.83391658919812,6.24348165647264,100864,11437.213646688602,0.876875,23.5433;31.4330;28.1720;36.6178;29.2638;30.7551;21.3086;33.3320;27.8289;32.1682;31.2779;18.5144;18.5289;26.1853;35.9193;15.3340;18.3398;30.5070;32.0135;17.6611;33.1384;26.8625;18.2881;27.0211,86016;112640;106496;118784;110592;108544;102400;96256;94208;118784;104448;94208;81920;90112;120832;86016;86016;94208;102400;86016;112640;106496;94208;106496
16,2.0,4,1.4,5,5.6,640,bounded,4,24.390968225544945,5.690839523924952,93610.66666666667,10796.268655831462,0.8857291666666667,19.8621;30.6151;27.3168;35.0434;26.9034;24.6801;19.7678;32.2130;24.7479;27.3858;27.8462;16.0180;17.8093;24.8431;30.5771;14.3793;16.2237;27.2717;28.2963;15.9205;30.1221;25.6646;18.3367;23.5393,75776;112640;104448;114688;104448;92160;98304;94208;83968;100352;94208;83968;77824;88064;102400;81920;79872;83968;92160;81920;102400;106496;92160;98304
16,2.0,4,1.4,5,5.6,640,bounded,8,22.49872565574737,4.681507938224648,88149.33333333333,8897.20215698296,0.8923958333333333,20.7914;26.0435;21.6070;31.5649;23.2228;22.8243;20.5101;30.5251;22.9369;22.7878;22.1183;16.9529;17.6028;21.7330;26.8762;14.4907;17.8801;27.2438;22.2124;16.6475;32.0727;23.7969;15.5950;21.9331,79872;100352;92160;104448;94208;88064;100352;86016;79872;88064;79872;86016;77824;77824;92160;77824;83968;86016;75776;81920;106496;100352;83968;92160
16,2.0,4,1.4,5,5.6,640,bounded,16,20.517931709461443,3.5645837028495486,81749.33333333333,7661.013567987521,0.9002083333333333,19.8044;23.8435;20.5080;27.3459;20.7146;20.6761;17.8358;25.2059;22.1331;24.0953;19.5301;17.0286;15.0194;21.6482;22.7544;13.9279;14.6294;24.4430;21.9836;17.1488;24.4839;21.4570;15.1733;21.0400,73728;94208;83968;96256;90112;81920;94208;69632;77824;88064;73728;83968;69632;75776;79872;79872;69632;77824;75776;81920;88064;83968;83968;88064
16,2.0,4,1.4,5,5.6,640,bounded,32,18.94405083807169,3.353414588571833,73130.66666666667,6380.6284608614815,0.9107291666666667,16.4098;20.0927;17.4412;24.7855;18.1417;18.3110;16.4135;25.4870;20.6371;20.1147;20.1684;16.7511;14.9806;19.4075;21.9026;13.6395;12.4017;24.3322;19.2370;17.3490;23.6730;19.6132;15.1582;18.2092,59392;81920;73728;81920;79872;71680;86016;69632;69632;77824;67584;71680;67584;67584;75776;67584;61440;73728;67584;77824;77824;77824;75776;73728
16,2.0,4,1.4,6,5.6,768,greedy,0,24.350526448186972,9.635402094863371,45653.333333333336,6727.276483755435,0.9442708333333333,22.9066;20.5929;15.8983;35.7363;17.0518;35.4188;11.3970;53.0804;29.7005;25.8067;25.8845;21.3907;13.2943;29.4876;29.9655;15.4878;13.5938;33.9800;32.9986;13.9697;28.7326;24.1462;13.6690;20.2232,40960;53248;49152;45056;51200;45056;63488;30720;38912;40960;40960;53248;47104;43008;43008;51200;45056;36864;38912;51200;43008;47104;53248;43008
16,2.0,4,1.4,6,5.6,768,vtc,0,40.54406119951453,11.95110026711912,90197.33333333333,14329.649387042084,0.8898958333333333,27.1540;42.7849;33.9148;59.8605;50.7599;38.9678;36.2687;50.3830;39.9165;55.1586;34.7584;25.3594;27.3986;41.6844;61.4628;24.9858;19.2691;45.5098;43.9815;32.0398;53.9888;53.3641;23.9716;50.1148,67584;100352;88064;114688;106496;92160;94208;94208;83968;108544;73728;73728;75776;83968;114688;77824;63488;90112;86016;90112;98304;108544;75776;102400
16,2.0,4,1.4,6,5.6,768,bounded,1,21.142506190367076,6.4554766030333415,84309.33333333333,13082.46555083899,0.8970833333333333,15.7950;27.2364;19.4882;34.6381;23.0824;24.4834;18.5255;26.2701;25.3459;23.5656;16.5138;11.9605;16.2096;21.5714;31.4900;12.5024;9.3521;29.9194;24.3313;17.4907;26.1464;21.2838;11.3299;18.8885,63488;100352;83968;112640;94208;90112;92160;77824;86016;92160;65536;67584;73728;77824;106496;75776;59392;92160;83968;86016;92160;94208;73728;81920
16,2.0,4,1.4,6,5.6,768,bounded,2,20.14654289496288,5.541432203003533,81493.33333333333,11478.840049799845,0.9005208333333333,15.8282;26.9721;19.9982;30.9482;23.0866;24.5880;16.7174;27.8893;23.2443;22.6679;17.0027;12.1056;14.8710;20.1173;28.2137;11.8246;10.1395;22.9430;22.9378;16.7541;24.0536;19.7300;12.6723;18.2117,63488;100352;86016;102400;94208;90112;90112;77824;79872;90112;65536;67584;69632;73728;98304;71680;61440;73728;79872;86016;86016;90112;77824;79872
16,2.0,4,1.4,6,5.6,768,bounded,4,20.204800525360376,5.672404490642593,81408,10905.319558209501,0.900625,15.3061;27.4888;19.8884;28.0501;20.7791;22.4655;17.5417;30.0655;23.0456;21.3464;16.2869;13.2887;14.1168;21.1175;28.9713;12.2998;12.0414;25.6159;24.5110;15.3784;26.9371;20.4179;11.4003;16.5551,61440;104448;86016;96256;88064;86016;92160;83968;79872;81920;63488;71680;67584;77824;98304;71680;65536;81920;83968;79872;92160;88064;73728;77824
16,2.0,4,1.4,6,5.6,768,bounded,8,18.995785740466786,4.8057025089371495,78165.33333333333,9037.279433300464,0.9045833333333333,14.6030;22.0902;16.9315;27.2468;20.5870;19.0310;15.8769;27.6564;22.1149;22.5795;16.5753;15.1060;13.9817;19.1541;25.3398;14.4605;10.3065;24.3537;22.2124;14.4747;25.2081;18.1805;11.6390;16.1896,59392;88064;77824;94208;88064;73728;88064;79872;77824;88064;65536;75776;67584;73728;88064;73728;61440;77824;75776;75776;90112;86016;73728;75776
16,2.0,4,1.4,6,5.6,768,bounded,16,18.52731414192246,3.859379050474124,75776,7798.5516604046425,0.9075,14.8908;20.8794;18.6739;24.5225;17.5130;18.9672;15.6073;23.9987;21.5624;20.0555;18.4753;15.7412;13.0296;20.8310;22.6180;12.7010;11.5554;23.5454;21.8392;12.9516;21.0967;21.0929;13.2389;19.2686,59392;83968;83968;88064;79872;77824;86016;67584;77824;83968;67584;73728;65536;73728;77824;65536;65536;71680;77824;69632;75776;88064;75776;81920
16,2.0,4,1.4,6,5.6,768,bounded,32,17.28394635148541,4.0019360115961975,67840,7485.538056813284,0.9171875,13.8617;18.7103;15.2018;23.7356;18.1417;19.3162;12.6415;25.4870;18.3910;19.3841;16.9315;16.1476;10.4337;19.0062;22.0034;11.8122;10.4183;22.2923;18.8317;15.4173;20.7843;17.1777;11.6841;17.0035,51200;79872;67584;75776;79872;69632;75776;69632;63488;73728;63488;67584;53248;65536;71680;61440;53248;67584;63488;71680;73728;71680;67584;69632
16,2.0,4,1.4,8,5.6,1024,greedy,0,21.871198190141296,11.567237151704168,39168,5396.279211950891,0.9521875,21.4614;10.3886;9.1126;37.8224;14.9748;22.1163;7.2544;54.1039;29.3367;22.2680;33.6647;20.5140;9.8283;30.7455;31.0751;9.0761;14.6021;33.9800;33.2268;11.8179;24.6946;16.7636;6.9895;19.0915,34816;43008;43008;38912;45056;38912;53248;28672;34816;36864;34816;40960;43008;34816;38912;38912;40960;34816;28672;43008;36864;45056;45056;36864
16,2.0,4,1.4,8,5.6,1024,vtc,0,21.667386643953442,9.920050740916034,58624,11657.60775917026,0.9284375,11.9703;23.9605;22.0733;47.6811;16.8687;18.2270;8.9802;26.2885;26.8854;31.0142;20.8661;17.8086;13.2608;28.1757;40.4807;8.3077;9.7608;28.0724;16.5715;14.5506;32.4799;26.9211;7.9456;20.8665,40960;67584;65536;92160;61440;55296;59392;53248;59392;71680;51200;55296;51200;59392;77824;47104;45056;59392;38912;57344;67584;67584;49152;53248
16,2.0,4,1.4,8,5.6,1024,bounded,1,11.763492434351878,5.1647441624417185,56832,10711.28800222768,0.930625,7.5302;13.3022;9.1328;25.5730;10.7651;12.1863;5.4573;19.2824;15.3940;16.4189;9.9804;9.5688;8.3335;13.9214;20.8547;5.1102;6.2852;16.1141;9.6679;7.7833;15.2329;11.0194;5.0206;8.3894,40960;65536;55296;88064;61440;57344;59392;55296;59392;73728;47104;53248;51200;55296;73728;47104;45056;55296;38912;57344;63488;59392;49152;51200
16,2.0,4,1.4,8,5.6,1024,bounded,2,11.554395157517899,4.794312467725133,56234.666666666664,9803.682210725156,0.9313541666666667,7.7775;10.8852;8.8350;23.6840;11.5268;11.4716;5.2398;19.3199;14.7752;16.4448;10.7629;9.8344;9.0556;13.1588;18.9264;5.2783;6.4640;15.4939;9.8363;7.7667;16.9178;10.5384;5.0302;8.2820,40960;59392;55296;83968;63488;55296;59392;55296;57344;69632;49152;53248;53248;53248;71680;47104;45056;53248;38912;57344;67584;59392;49152;51200
16,2.0,4,1.4,8,5.6,1024,bounded,4,11.99032812577784,4.60979272555911,57002.666666666664,9056.596760863813,0.9304166666666667,7.9604;12.2901;8.8109;22.1029;12.6426;13.0649;8.2648;20.2430;16.2848;15.2365;10.9370;9.3155;8.4052;13.3890;19.5624;4.4963;6.3242;17.3560;10.7810;9.4986;14.7128;12.1129;5.2353;8.7408,40960;63488;55296;79872;65536;59392;67584;57344;61440;65536;49152;51200;51200;53248;67584;45056;45056;57344;45056;61440;61440;63488;49152;51200
16,2.0,4,1.4,8,5.6,1024,bounded,8,11.830368070196018,4.422526265462779,56576,7839.063889691592,0.9309375,7.7483;11.7053;8.2707;20.1539;11.0348;12.8015;6.6720;20.1977;14.4022;14.1812;10.9001;9.7508;8.0208;14.1654;18.4884;5.5395;6.4426;17.8793;11.0446;10.4089;17.3240;12.8025;5.3724;8.6219,40960;63488;55296;69632;61440;57344;63488;57344;57344;63488;51200;51200;51200;57344;67584;47104;45056;59392;45056;63488;65536;65536;49152;49152
16,2.0,4,1.4,8,5.6,1024,bounded,16,12.26875989168673,4.678856287247749,55808,8387.012181541966,0.931875,8.4809;9.7049;9.0366;22.2295;10.9325;16.5221;6.6741;22.1814;14.6661;16.6893;9.2601;11.4610;8.9085;15.6285;19.0634;6.0802;7.2767;16.8767;10.8662;9.9146;13.5370;13.0696;6.0226;9.3679,40960;55296;53248;73728;61440;69632;61440;61440;57344;71680;47104;53248;53248;59392;61440;47104;45056;53248;45056;59392;55296;57344;51200;45056
16,2.0,4,1.4,8,5.6,1024,bounded,32,12.898984193975647,4.302937716134385,51968,9078.680667732877,0.9365625,9.6716;10.2006;8.9942;21.8117;13.7263;12.7748;6.9136;18.2441;14.6821;16.7606;11.0287;11.2961;8.5129;16.9893;21.1750;8.0447;8.7239;19.4123;12.4658;9.8920;16.0007;14.0589;7.4008;10.7950,38912;53248;49152;71680;63488;53248;53248;49152;53248;67584;40960;49152;47104;57344;65536;43008;38912;57344;40960;53248;57344;57344;47104;38912
