mix,a_prose,gap,a_tool,a_mixed,drift,sess_spread,r,k_star_fixed,k_map,ntps_fixed,ntps_adapt_ideal,ntps_adapt,ntps_adapt_std,ntps_k1,fixed_captured_frac,ideal_gain_pct,gain_pct,p_err,s
realistic_deep,0.55,-0.3,0.25,0.4,0.3,0.3,0.05,2,4;2;2,1.3609,1.3795,1.3795,0.0,1.2905,0.7907,1.37,1.37,0.0,0.0
realistic_deep,0.55,-0.3,0.25,0.4,0.3,0.3,0.05,2,4;2;2,1.3609,1.3795,1.352,0.0,1.2905,0.7907,1.37,-0.658,0.0,0.02
realistic_deep,0.55,-0.3,0.25,0.4,0.3,0.3,0.05,2,4;2;2,1.3609,1.3795,1.3106,0.0,1.2905,0.7907,1.37,-3.699,0.0,0.05
realistic_deep,0.55,-0.3,0.25,0.4,0.3,0.3,0.05,2,4;2;2,1.3609,1.3795,1.3795,0.0,1.2905,0.7907,1.37,1.37,0.05,0.0
realistic_deep,0.55,-0.3,0.25,0.4,0.3,0.3,0.05,2,4;2;2,1.3609,1.3795,1.352,0.0,1.2905,0.7907,1.37,-0.658,0.05,0.02
realistic_deep,0.55,-0.3,0.25,0.4,0.3,0.3,0.05,2,4;2;2,1.3609,1.3795,1.3106,0.0,1.2905,0.7907,1.37,-3.699,0.05,0.05
realistic_deep,0.55,-0.3,0.25,0.4,0.3,0.3,0.05,2,4;2;2,1.3609,1.3795,1.3795,0.0,1.2905,0.7907,1.37,1.37,0.15,0.0
realistic_deep,0.55,-0.3,0.25,0.4,0.3,0.3,0.05,2,4;2;2,1.3609,1.3795,1.332,0.0143,1.2905,0.7907,1.37,-2.122,0.15,0.02
realistic_deep,0.55,-0.3,0.25,0.4,0.3,0.3,0.05,2,4;2;2,1.3609,1.3795,1.307,0.0071,1.2905,0.7907,1.37,-3.959,0.15,0.05
realistic_deep,0.55,-0.3,0.25,0.4,0.3,0.3,0.1,2,3;1;2,1.2475,1.2732,1.2732,0.0,1.2318,0.3785,2.064,2.064,0.0,0.0
realistic_deep,0.55,-0.3,0.25,0.4,0.3,0.3,0.1,2,3;1;2,1.2475,1.2732,1.2478,0.0,1.2318,0.3785,2.064,0.022,0.0,0.02
realistic_deep,0.55,-0.3,0.25,0.4,0.3,0.3,0.1,2,3;1;2,1.2475,1.2732,1.2096,0.0,1.2318,0.3785,2.064,-3.039,0.0,0.05
realistic_deep,0.55,-0.3,0.25,0.4,0.3,0.3,0.1,2,3;1;2,1.2475,1.2732,1.2728,0.0009,1.2318,0.3785,2.064,2.027,0.05,0.0
realistic_deep,0.55,-0.3,0.25,0.4,0.3,0.3,0.1,2,3;1;2,1.2475,1.2732,1.2478,0.0,1.2318,0.3785,2.064,0.022,0.05,0.02
realistic_deep,0.55,-0.3,0.25,0.4,0.3,0.3,0.1,2,3;1;2,1.2475,1.2732,1.2096,0.0,1.2318,0.3785,2.064,-3.039,0.05,0.05
realistic_deep,0.55,-0.3,0.25,0.4,0.3,0.3,0.1,2,3;1;2,1.2475,1.2732,1.264,0.0088,1.2318,0.3785,2.064,1.325,0.15,0.0
realistic_deep,0.55,-0.3,0.25,0.4,0.3,0.3,0.1,2,3;1;2,1.2475,1.2732,1.2351,0.0165,1.2318,0.3785,2.064,-0.997,0.15,0.02
realistic_deep,0.55,-0.3,0.25,0.4,0.3,0.3,0.1,2,3;1;2,1.2475,1.2732,1.1942,0.0253,1.2318,0.3785,2.064,-4.273,0.15,0.05
realistic_deep,0.55,-0.3,0.25,0.4,0.3,0.3,0.2,1,2;1;1,1.1292,1.1371,1.1371,0.0,1.1292,0.0,0.698,0.698,0.0,0.0
realistic_deep,0.55,-0.3,0.25,0.4,0.3,0.3,0.2,1,2;1;1,1.1292,1.1371,1.1143,0.0,1.1292,0.0,0.698,-1.315,0.0,0.02
realistic_deep,0.55,-0.3,0.25,0.4,0.3,0.3,0.2,1,2;1;1,1.1292,1.1371,1.0802,0.0,1.1292,0.0,0.698,-4.336,0.0,0.05
realistic_deep,0.55,-0.3,0.25,0.4,0.3,0.3,0.2,1,2;1;1,1.1292,1.1371,1.1371,0.0,1.1292,0.0,0.698,0.698,0.05,0.0
realistic_deep,0.55,-0.3,0.25,0.4,0.3,0.3,0.2,1,2;1;1,1.1292,1.1371,1.1123,0.0041,1.1292,0.0,0.698,-1.497,0.05,0.02
realistic_deep,0.55,-0.3,0.25,0.4,0.3,0.3,0.2,1,2;1;1,1.1292,1.1371,1.0802,0.0,1.1292,0.0,0.698,-4.336,0.05,0.05
realistic_deep,0.55,-0.3,0.25,0.4,0.3,0.3,0.2,1,2;1;1,1.1292,1.1371,1.1371,0.0,1.1292,0.0,0.698,0.698,0.15,0.0
realistic_deep,0.55,-0.3,0.25,0.4,0.3,0.3,0.2,1,2;1;1,1.1292,1.1371,1.0919,0.0275,1.1292,0.0,0.698,-3.304,0.15,0.02
realistic_deep,0.55,-0.3,0.25,0.4,0.3,0.3,0.2,1,2;1;1,1.1292,1.1371,1.0747,0.0071,1.1292,0.0,0.698,-4.822,0.15,0.05
realistic_deep,0.55,-0.3,0.25,0.4,0.3,0.3,0.4,1,1;1;1,0.9679,0.9679,0.9679,0.0,0.9679,1.0,0.0,0.0,0.0,0.0
realistic_deep,0.55,-0.3,0.25,0.4,0.3,0.3,0.4,1,1;1;1,0.9679,0.9679,0.9485,0.0,0.9679,1.0,0.0,-2.0,0.0,0.02
realistic_deep,0.55,-0.3,0.25,0.4,0.3,0.3,0.4,1,1;1;1,0.9679,0.9679,0.9195,0.0,0.9679,1.0,0.0,-5.0,0.0,0.05
realistic_deep,0.55,-0.3,0.25,0.4,0.3,0.3,0.4,1,1;1;1,0.9679,0.9679,0.9679,0.0,0.9679,1.0,0.0,0.0,0.05,0.0
realistic_deep,0.55,-0.3,0.25,0.4,0.3,0.3,0.4,1,1;1;1,0.9679,0.9679,0.9485,0.0,0.9679,1.0,0.0,-2.0,0.05,0.02
realistic_deep,0.55,-0.3,0.25,0.4,0.3,0.3,0.4,1,1;1;1,0.9679,0.9679,0.9195,0.0,0.9679,1.0,0.0,-5.0,0.05,0.05
realistic_deep,0.55,-0.3,0.25,0.4,0.3,0.3,0.4,1,1;1;1,0.9679,0.9679,0.9679,0.0,0.9679,1.0,0.0,0.0,0.15,0.0
realistic_deep,0.55,-0.3,0.25,0.4,0.3,0.3,0.4,1,1;1;1,0.9679,0.9679,0.9485,0.0,0.9679,1.0,0.0,-2.0,0.15,0.02
realistic_deep,0.55,-0.3,0.25,0.4,0.3,0.3,0.4,1,1;1;1,0.9679,0.9679,0.9195,0.0,0.9679,1.0,0.0,-5.0,0.15,0.05
realistic_deep,0.55,-0.2,0.35,0.45,0.2,0.2,0.05,3,4;2;3,1.4669,1.4792,1.4792,0.0,1.3524,0.9031,0.837,0.837,0.0,0.0
realistic_deep,0.55,-0.2,0.35,0.45,0.2,0.2,0.05,3,4;2;3,1.4669,1.4792,1.4496,0.0,1.3524,0.9031,0.837,-1.179,0.0,0.02
realistic_deep,0.55,-0.2,0.35,0.45,0.2,0.2,0.05,3,4;2;3,1.4669,1.4792,1.4052,0.0,1.3524,0.9031,0.837,-4.205,0.0,0.05
realistic_deep,0.55,-0.2,0.35,0.45,0.2,0.2,0.05,3,4;2;3,1.4669,1.4792,1.4792,0.0,1.3524,0.9031,0.837,0.837,0.05,0.0
realistic_deep,0.55,-0.2,0.35,0.45,0.2,0.2,0.05,3,4;2;3,1.4669,1.4792,1.449,0.0011,1.3524,0.9031,0.837,-1.217,0.05,0.02
realistic_deep,0.55,-0.2,0.35,0.45,0.2,0.2,0.05,3,4;2;3,1.4669,1.4792,1.4017,0.0071,1.3524,0.9031,0.837,-4.446,0.05,0.05
realistic_deep,0.55,-0.2,0.35,0.45,0.2,0.2,0.05,3,4;2;3,1.4669,1.4792,1.4681,0.0142,1.3524,0.9031,0.837,0.087,0.15,0.0
realistic_deep,0.55,-0.2,0.35,0.45,0.2,0.2,0.05,3,4;2;3,1.4669,1.4792,1.4435,0.0077,1.3524,0.9031,0.837,-1.591,0.15,0.02
realistic_deep,0.55,-0.2,0.35,0.45,0.2,0.2,0.05,3,4;2;3,1.4669,1.4792,1.4015,0.007,1.3524,0.9031,0.837,-4.456,0.15,0.05
realistic_deep,0.55,-0.2,0.35,0.45,0.2,0.2,0.1,2,3;1;2,1.3363,1.3387,1.3387,0.0,1.2909,0.9495,0.18,0.18,0.0,0.0
realistic_deep,0.55,-0.2,0.35,0.45,0.2,0.2,0.1,2,3;1;2,1.3363,1.3387,1.3119,0.0,1.2909,0.9495,0.18,-1.823,0.0,0.02
realistic_deep,0.55,-0.2,0.35,0.45,0.2,0.2,0.1,2,3;1;2,1.3363,1.3387,1.2717,0.0,1.2909,0.9495,0.18,-4.829,0.0,0.05
realistic_deep,0.55,-0.2,0.35,0.45,0.2,0.2,0.1,2,3;1;2,1.3363,1.3387,1.3372,0.0029,1.2909,0.9495,0.18,0.073,0.05,0.0
realistic_deep,0.55,-0.2,0.35,0.45,0.2,0.2,0.1,2,3;1;2,1.3363,1.3387,1.2986,0.0163,1.2909,0.9495,0.18,-2.817,0.05,0.02
realistic_deep,0.55,-0.2,0.35,0.45,0.2,0.2,0.1,2,3;1;2,1.3363,1.3387,1.2653,0.0129,1.2909,0.9495,0.18,-5.312,0.05,0.05
realistic_deep,0.55,-0.2,0.35,0.45,0.2,0.2,0.1,2,3;1;2,1.3363,1.3387,1.3175,0.0173,1.2909,0.9495,0.18,-1.403,0.15,0.0
realistic_deep,0.55,-0.2,0.35,0.45,0.2,0.2,0.1,2,3;1;2,1.3363,1.3387,1.2963,0.0267,1.2909,0.9495,0.18,-2.987,0.15,0.02
realistic_deep,0.55,-0.2,0.35,0.45,0.2,0.2,0.1,2,3;1;2,1.3363,1.3387,1.2608,0.0166,1.2909,0.9495,0.18,-5.645,0.15,0.05
realistic_deep,0.55,-0.2,0.35,0.45,0.2,0.2,0.2,1,2;1;1,1.1833,1.1912,1.1912,0.0,1.1833,0.0,0.666,0.666,0.0,0.0
realistic_deep,0.55,-0.2,0.35,0.45,0.2,0.2,0.2,1,2;1;1,1.1833,1.1912,1.1674,0.0,1.1833,0.0,0.666,-1.347,0.0,0.02
realistic_deep,0.55,-0.2,0.35,0.45,0.2,0.2,0.2,1,2;1;1,1.1833,1.1912,1.1317,0.0,1.1833,0.0,0.666,-4.367,0.0,0.05
realistic_deep,0.55,-0.2,0.35,0.45,0.2,0.2,0.2,1,2;1;1,1.1833,1.1912,1.1912,0.0,1.1833,0.0,0.666,0.666,0.05,0.0
realistic_deep,0.55,-0.2,0.35,0.45,0.2,0.2,0.2,1,2;1;1,1.1833,1.1912,1.1595,0.0158,1.1833,0.0,0.666,-2.014,0.05,0.02
realistic_deep,0.55,-0.2,0.35,0.45,0.2,0.2,0.2,1,2;1;1,1.1833,1.1912,1.1287,0.0037,1.1833,0.0,0.666,-4.62,0.05,0.05
realistic_deep,0.55,-0.2,0.35,0.45,0.2,0.2,0.2,1,2;1;1,1.1833,1.1912,1.1881,0.0039,1.1833,0.0,0.666,0.4,0.15,0.0
realistic_deep,0.55,-0.2,0.35,0.45,0.2,0.2,0.2,1,2;1;1,1.1833,1.1912,1.1674,0.0,1.1833,0.0,0.666,-1.347,0.15,0.02
realistic_deep,0.55,-0.2,0.35,0.45,0.2,0.2,0.2,1,2;1;1,1.1833,1.1912,1.1317,0.0,1.1833,0.0,0.666,-4.367,0.15,0.05
realistic_deep,0.55,-0.2,0.35,0.45,0.2,0.2,0.4,1,1;1;1,1.0143,1.0143,1.0143,0.0,1.0143,1.0,0.0,0.0,0.0,0.0
realistic_deep,0.55,-0.2,0.35,0.45,0.2,0.2,0.4,1,1;1;1,1.0143,1.0143,0.994,0.0,1.0143,1.0,0.0,-2.0,0.0,0.02
realistic_deep,0.55,-0.2,0.35,0.45,0.2,0.2,0.4,1,1;1;1,1.0143,1.0143,0.9636,0.0,1.0143,1.0,0.0,-5.0,0.0,0.05
realistic_deep,0.55,-0.2,0.35,0.45,0.2,0.2,0.4,1,1;1;1,1.0143,1.0143,1.0143,0.0,1.0143,1.0,0.0,0.0,0.05,0.0
realistic_deep,0.55,-0.2,0.35,0.45,0.2,0.2,0.4,1,1;1;1,1.0143,1.0143,0.994,0.0,1.0143,1.0,0.0,-2.0,0.05,0.02
realistic_deep,0.55,-0.2,0.35,0.45,0.2,0.2,0.4,1,1;1;1,1.0143,1.0143,0.9636,0.0,1.0143,1.0,0.0,-5.0,0.05,0.05
realistic_deep,0.55,-0.2,0.35,0.45,0.2,0.2,0.4,1,1;1;1,1.0143,1.0143,1.0143,0.0,1.0143,1.0,0.0,0.0,0.15,0.0
realistic_deep,0.55,-0.2,0.35,0.45,0.2,0.2,0.4,1,1;1;1,1.0143,1.0143,0.994,0.0,1.0143,1.0,0.0,-2.0,0.15,0.02
realistic_deep,0.55,-0.2,0.35,0.45,0.2,0.2,0.4,1,1;1;1,1.0143,1.0143,0.9636,0.0,1.0143,1.0,0.0,-5.0,0.15,0.05
realistic_deep,0.55,-0.1,0.45,0.5,0.1,0.1,0.05,3,4;3;3,1.5989,1.5997,1.5997,0.0,1.4143,0.9958,0.049,0.049,0.0,0.0
realistic_deep,0.55,-0.1,0.45,0.5,0.1,0.1,0.05,3,4;3;3,1.5989,1.5997,1.5677,0.0,1.4143,0.9958,0.049,-1.952,0.0,0.02
realistic_deep,0.55,-0.1,0.45,0.5,0.1,0.1,0.05,3,4;3;3,1.5989,1.5997,1.5197,0.0,1.4143,0.9958,0.049,-4.954,0.0,0.05
realistic_deep,0.55,-0.1,0.45,0.5,0.1,0.1,0.05,3,4;3;3,1.5989,1.5997,1.5995,0.0003,1.4143,0.9958,0.049,0.039,0.05,0.0
realistic_deep,0.55,-0.1,0.45,0.5,0.1,0.1,0.05,3,4;3;3,1.5989,1.5997,1.5677,0.0,1.4143,0.9958,0.049,-1.952,0.05,0.02
realistic_deep,0.55,-0.1,0.45,0.5,0.1,0.1,0.05,3,4;3;3,1.5989,1.5997,1.5197,0.0,1.4143,0.9958,0.049,-4.954,0.05,0.05
realistic_deep,0.55,-0.1,0.45,0.5,0.1,0.1,0.05,3,4;3;3,1.5989,1.5997,1.5965,0.0064,1.4143,0.9958,0.049,-0.151,0.15,0.0
realistic_deep,0.55,-0.1,0.45,0.5,0.1,0.1,0.05,3,4;3;3,1.5989,1.5997,1.5669,0.0012,1.4143,0.9958,0.049,-2.001,0.15,0.02
realistic_deep,0.55,-0.1,0.45,0.5,0.1,0.1,0.05,3,4;3;3,1.5989,1.5997,1.5163,0.0063,1.4143,0.9958,0.049,-5.162,0.15,0.05
realistic_deep,0.55,-0.1,0.45,0.5,0.1,0.1,0.1,2,3;2;2,1.435,1.4373,1.4373,0.0,1.35,0.9736,0.161,0.161,0.0,0.0
realistic_deep,0.55,-0.1,0.45,0.5,0.1,0.1,0.1,2,3;2;2,1.435,1.4373,1.4086,0.0,1.35,0.9736,0.161,-1.842,0.0,0.02
realistic_deep,0.55,-0.1,0.45,0.5,0.1,0.1,0.1,2,3;2;2,1.435,1.4373,1.3654,0.0,1.35,0.9736,0.161,-4.847,0.0,0.05
realistic_deep,0.55,-0.1,0.45,0.5,0.1,0.1,0.1,2,3;2;2,1.435,1.4373,1.4368,0.0009,1.35,0.9736,0.161,0.129,0.05,0.0
realistic_deep,0.55,-0.1,0.45,0.5,0.1,0.1,0.1,2,3;2;2,1.435,1.4373,1.4086,0.0,1.35,0.9736,0.161,-1.842,0.05,0.02
realistic_deep,0.55,-0.1,0.45,0.5,0.1,0.1,0.1,2,3;2;2,1.435,1.4373,1.3654,0.0,1.35,0.9736,0.161,-4.847,0.05,0.05
realistic_deep,0.55,-0.1,0.45,0.5,0.1,0.1,0.1,2,3;2;2,1.435,1.4373,1.4368,0.0009,1.35,0.9736,0.161,0.129,0.15,0.0
realistic_deep,0.55,-0.1,0.45,0.5,0.1,0.1,0.1,2,3;2;2,1.435,1.4373,1.4081,0.0009,1.35,0.9736,0.161,-1.874,0.15,0.02
realistic_deep,0.55,-0.1,0.45,0.5,0.1,0.1,0.1,2,3;2;2,1.435,1.4373,1.3613,0.0073,1.35,0.9736,0.161,-5.139,0.15,0.05
realistic_deep,0.55,-0.1,0.45,0.5,0.1,0.1,0.2,1,2;1;1,1.2375,1.2454,1.2454,0.0,1.2375,0.0,0.637,0.637,0.0,0.0
realistic_deep,0.55,-0.1,0.45,0.5,0.1,0.1,0.2,1,2;1;1,1.2375,1.2454,1.2205,0.0,1.2375,0.0,0.637,-1.375,0.0,0.02
realistic_deep,0.55,-0.1,0.45,0.5,0.1,0.1,0.2,1,2;1;1,1.2375,1.2454,1.1831,0.0,1.2375,0.0,0.637,-4.395,0.0,0.05
realistic_deep,0.55,-0.1,0.45,0.5,0.1,0.1,0.2,1,2;1;1,1.2375,1.2454,1.2438,0.0032,1.2375,0.0,0.637,0.51,0.05,0.0
realistic_deep,0.55,-0.1,0.45,0.5,0.1,0.1,0.2,1,2;1;1,1.2375,1.2454,1.2189,0.0031,1.2375,0.0,0.637,-1.5,0.05,0.02
realistic_deep,0.55,-0.1,0.45,0.5,0.1,0.1,0.2,1,2;1;1,1.2375,1.2454,1.1831,0.0,1.2375,0.0,0.637,-4.395,0.05,0.05
realistic_deep,0.55,-0.1,0.45,0.5,0.1,0.1,0.2,1,2;1;1,1.2375,1.2454,1.2454,0.0,1.2375,0.0,0.637,0.637,0.15,0.0
realistic_deep,0.55,-0.1,0.45,0.5,0.1,0.1,0.2,1,2;1;1,1.2375,1.2454,1.2189,0.0031,1.2375,0.0,0.637,-1.5,0.15,0.02
realistic_deep,0.55,-0.1,0.45,0.5,0.1,0.1,0.2,1,2;1;1,1.2375,1.2454,1.1831,0.0,1.2375,0.0,0.637,-4.395,0.15,0.05
realistic_deep,0.55,-0.1,0.45,0.5,0.1,0.1,0.4,1,1;1;1,1.0607,1.0607,1.0607,0.0,1.0607,1.0,0.0,0.0,0.0,0.0
realistic_deep,0.55,-0.1,0.45,0.5,0.1,0.1,0.4,1,1;1;1,1.0607,1.0607,1.0395,0.0,1.0607,1.0,0.0,-2.0,0.0,0.02
realistic_deep,0.55,-0.1,0.45,0.5,0.1,0.1,0.4,1,1;1;1,1.0607,1.0607,1.0077,0.0,1.0607,1.0,0.0,-5.0,0.0,0.05
realistic_deep,0.55,-0.1,0.45,0.5,0.1,0.1,0.4,1,1;1;1,1.0607,1.0607,1.0607,0.0,1.0607,1.0,0.0,0.0,0.05,0.0
realistic_deep,0.55,-0.1,0.45,0.5,0.1,0.1,0.4,1,1;1;1,1.0607,1.0607,1.0395,0.0,1.0607,1.0,0.0,-2.0,0.05,0.02
realistic_deep,0.55,-0.1,0.45,0.5,0.1,0.1,0.4,1,1;1;1,1.0607,1.0607,1.0077,0.0,1.0607,1.0,0.0,-5.0,0.05,0.05
realistic_deep,0.55,-0.1,0.45,0.5,0.1,0.1,0.4,1,1;1;1,1.0607,1.0607,1.0607,0.0,1.0607,1.0,0.0,0.0,0.15,0.0
realistic_deep,0.55,-0.1,0.45,0.5,0.1,0.1,0.4,1,1;1;1,1.0607,1.0607,1.0395,0.0,1.0607,1.0,0.0,-2.0,0.15,0.02
realistic_deep,0.55,-0.1,0.45,0.5,0.1,0.1,0.4,1,1;1;1,1.0607,1.0607,1.0077,0.0,1.0607,1.0,0.0,-5.0,0.15,0.05
realistic_deep,0.55,0.0,0.55,0.55,0.0,0.0,0.05,4,4;4;4,1.7587,1.7587,1.7587,0.0,1.4762,1.0,0.0,0.0,0.0,0.0
realistic_deep,0.55,0.0,0.55,0.55,0.0,0.0,0.05,4,4;4;4,1.7587,1.7587,1.7235,0.0,1.4762,1.0,0.0,-2.0,0.0,0.02
realistic_deep,0.55,0.0,0.55,0.55,0.0,0.0,0.05,4,4;4;4,1.7587,1.7587,1.6707,0.0,1.4762,1.0,0.0,-5.0,0.0,0.05
realistic_deep,0.55,0.0,0.55,0.55,0.0,0.0,0.05,4,4;4;4,1.7587,1.7587,1.7587,0.0,1.4762,1.0,0.0,0.0,0.05,0.0
realistic_deep,0.55,0.0,0.55,0.55,0.0,0.0,0.05,4,4;4;4,1.7587,1.7587,1.7235,0.0,1.4762,1.0,0.0,-2.0,0.05,0.02
realistic_deep,0.55,0.0,0.55,0.55,0.0,0.0,0.05,4,4;4;4,1.7587,1.7587,1.6707,0.0,1.4762,1.0,0.0,-5.0,0.05,0.05
realistic_deep,0.55,0.0,0.55,0.55,0.0,0.0,0.05,4,4;4;4,1.7587,1.7587,1.7587,0.0,1.4762,1.0,0.0,0.0,0.15,0.0
realistic_deep,0.55,0.0,0.55,0.55,0.0,0.0,0.05,4,4;4;4,1.7587,1.7587,1.7235,0.0,1.4762,1.0,0.0,-2.0,0.15,0.02
realistic_deep,0.55,0.0,0.55,0.55,0.0,0.0,0.05,4,4;4;4,1.7587,1.7587,1.6707,0.0,1.4762,1.0,0.0,-5.0,0.15,0.05
realistic_deep,0.55,0.0,0.55,0.55,0.0,0.0,0.1,3,3;3;3,1.553,1.553,1.553,0.0,1.4091,1.0,0.0,0.0,0.0,0.0
realistic_deep,0.55,0.0,0.55,0.55,0.0,0.0,0.1,3,3;3;3,1.553,1.553,1.5219,0.0,1.4091,1.0,0.0,-2.0,0.0,0.02
realistic_deep,0.55,0.0,0.55,0.55,0.0,0.0,0.1,3,3;3;3,1.553,1.553,1.4753,0.0,1.4091,1.0,0.0,-5.0,0.0,0.05
realistic_deep,0.55,0.0,0.55,0.55,0.0,0.0,0.1,3,3;3;3,1.553,1.553,1.553,0.0,1.4091,1.0,0.0,0.0,0.05,0.0
realistic_deep,0.55,0.0,0.55,0.55,0.0,0.0,0.1,3,3;3;3,1.553,1.553,1.5219,0.0,1.4091,1.0,0.0,-2.0,0.05,0.02
realistic_deep,0.55,0.0,0.55,0.55,0.0,0.0,0.1,3,3;3;3,1.553,1.553,1.4753,0.0,1.4091,1.0,0.0,-5.0,0.05,0.05
realistic_deep,0.55,0.0,0.55,0.55,0.0,0.0,0.1,3,3;3;3,1.553,1.553,1.553,0.0,1.4091,1.0,0.0,0.0,0.15,0.0
realistic_deep,0.55,0.0,0.55,0.55,0.0,0.0,0.1,3,3;3;3,1.553,1.553,1.5219,0.0,1.4091,1.0,0.0,-2.0,0.15,0.02
realistic_deep,0.55,0.0,0.55,0.55,0.0,0.0,0.1,3,3;3;3,1.553,1.553,1.4753,0.0,1.4091,1.0,0.0,-5.0,0.15,0.05
realistic_deep,0.55,0.0,0.55,0.55,0.0,0.0,0.2,2,2;2;2,1.3232,1.3232,1.3232,0.0,1.2917,1.0,0.0,0.0,0.0,0.0
realistic_deep,0.55,0.0,0.55,0.55,0.0,0.0,0.2,2,2;2;2,1.3232,1.3232,1.2968,0.0,1.2917,1.0,0.0,-2.0,0.0,0.02
realistic_deep,0.55,0.0,0.55,0.55,0.0,0.0,0.2,2,2;2;2,1.3232,1.3232,1.2571,0.0,1.2917,1.0,0.0,-5.0,0.0,0.05
realistic_deep,0.55,0.0,0.55,0.55,0.0,0.0,0.2,2,2;2;2,1.3232,1.3232,1.3232,0.0,1.2917,1.0,0.0,0.0,0.05,0.0
realistic_deep,0.55,0.0,0.55,0.55,0.0,0.0,0.2,2,2;2;2,1.3232,1.3232,1.2968,0.0,1.2917,1.0,0.0,-2.0,0.05,0.02
realistic_deep,0.55,0.0,0.55,0.55,0.0,0.0,0.2,2,2;2;2,1.3232,1.3232,1.2571,0.0,1.2917,1.0,0.0,-5.0,0.05,0.05
realistic_deep,0.55,0.0,0.55,0.55,0.0,0.0,0.2,2,2;2;2,1.3232,1.3232,1.3232,0.0,1.2917,1.0,0.0,0.0,0.15,0.0
realistic_deep,0.55,0.0,0.55,0.55,0.0,0.0,0.2,2,2;2;2,1.3232,1.3232,1.2968,0.0,1.2917,1.0,0.0,-2.0,0.15,0.02
realistic_deep,0.55,0.0,0.55,0.55,0.0,0.0,0.2,2,2;2;2,1.3232,1.3232,1.2571,0.0,1.2917,1.0,0.0,-5.0,0.15,0.05
realistic_deep,0.55,0.0,0.55,0.55,0.0,0.0,0.4,1,1;1;1,1.1071,1.1071,1.1071,0.0,1.1071,1.0,0.0,0.0,0.0,0.0
realistic_deep,0.55,0.0,0.55,0.55,0.0,0.0,0.4,1,1;1;1,1.1071,1.1071,1.085,0.0,1.1071,1.0,0.0,-2.0,0.0,0.02
realistic_deep,0.55,0.0,0.55,0.55,0.0,0.0,0.4,1,1;1;1,1.1071,1.1071,1.0518,0.0,1.1071,1.0,0.0,-5.0,0.0,0.05
realistic_deep,0.55,0.0,0.55,0.55,0.0,0.0,0.4,1,1;1;1,1.1071,1.1071,1.1071,0.0,1.1071,1.0,0.0,0.0,0.05,0.0
realistic_deep,0.55,0.0,0.55,0.55,0.0,0.0,0.4,1,1;1;1,1.1071,1.1071,1.085,0.0,1.1071,1.0,0.0,-2.0,0.05,0.02
realistic_deep,0.55,0.0,0.55,0.55,0.0,0.0,0.4,1,1;1;1,1.1071,1.1071,1.0518,0.0,1.1071,1.0,0.0,-5.0,0.05,0.05
realistic_deep,0.55,0.0,0.55,0.55,0.0,0.0,0.4,1,1;1;1,1.1071,1.1071,1.1071,0.0,1.1071,1.0,0.0,0.0,0.15,0.0
realistic_deep,0.55,0.0,0.55,0.55,0.0,0.0,0.4,1,1;1;1,1.1071,1.1071,1.085,0.0,1.1071,1.0,0.0,-2.0,0.15,0.02
realistic_deep,0.55,0.0,0.55,0.55,0.0,0.0,0.4,1,1;1;1,1.1071,1.1071,1.0518,0.0,1.1071,1.0,0.0,-5.0,0.15,0.05
realistic_deep,0.55,0.1,0.65,0.6,0.1,0.1,0.05,4,4;5;4,1.9815,1.9863,1.9863,0.0,1.5381,0.9894,0.24,0.24,0.0,0.0
realistic_deep,0.55,0.1,0.65,0.6,0.1,0.1,0.05,4,4;5;4,1.9815,1.9863,1.9465,0.0,1.5381,0.9894,0.24,-1.765,0.0,0.02
realistic_deep,0.55,0.1,0.65,0.6,0.1,0.1,0.05,4,4;5;4,1.9815,1.9863,1.8869,0.0,1.5381,0.9894,0.24,-4.772,0.0,0.05
realistic_deep,0.55,0.1,0.65,0.6,0.1,0.1,0.05,4,4;5;4,1.9815,1.9863,1.9863,0.0,1.5381,0.9894,0.24,0.24,0.05,0.0
realistic_deep,0.55,0.1,0.65,0.6,0.1,0.1,0.05,4,4;5;4,1.9815,1.9863,1.9465,0.0,1.5381,0.9894,0.24,-1.765,0.05,0.02
realistic_deep,0.55,0.1,0.65,0.6,0.1,0.1,0.05,4,4;5;4,1.9815,1.9863,1.8851,0.0022,1.5381,0.9894,0.24,-4.863,0.05,0.05
realistic_deep,0.55,0.1,0.65,0.6,0.1,0.1,0.05,4,4;5;4,1.9815,1.9863,1.9829,0.0048,1.5381,0.9894,0.24,0.068,0.15,0.0
realistic_deep,0.55,0.1,0.65,0.6,0.1,0.1,0.05,4,4;5;4,1.9815,1.9863,1.9441,0.0031,1.5381,0.9894,0.24,-1.888,0.15,0.02
realistic_deep,0.55,0.1,0.65,0.6,0.1,0.1,0.05,4,4;5;4,1.9815,1.9863,1.8837,0.0018,1.5381,0.9894,0.24,-4.937,0.15,0.05
realistic_deep,0.55,0.1,0.65,0.6,0.1,0.1,0.1,3,3;3;3,1.716,1.716,1.716,0.0,1.4682,1.0,0.0,0.0,0.0,0.0
realistic_deep,0.55,0.1,0.65,0.6,0.1,0.1,0.1,3,3;3;3,1.716,1.716,1.6817,0.0,1.4682,1.0,0.0,-2.0,0.0,0.02
realistic_deep,0.55,0.1,0.65,0.6,0.1,0.1,0.1,3,3;3;3,1.716,1.716,1.6302,0.0,1.4682,1.0,0.0,-5.0,0.0,0.05
realistic_deep,0.55,0.1,0.65,0.6,0.1,0.1,0.1,3,3;3;3,1.716,1.716,1.716,0.0,1.4682,1.0,0.0,0.0,0.05,0.0
realistic_deep,0.55,0.1,0.65,0.6,0.1,0.1,0.1,3,3;3;3,1.716,1.716,1.6817,0.0,1.4682,1.0,0.0,-2.0,0.05,0.02
realistic_deep,0.55,0.1,0.65,0.6,0.1,0.1,0.1,3,3;3;3,1.716,1.716,1.6302,0.0,1.4682,1.0,0.0,-5.0,0.05,0.05
realistic_deep,0.55,0.1,0.65,0.6,0.1,0.1,0.1,3,3;3;3,1.716,1.716,1.716,0.0,1.4682,1.0,0.0,0.0,0.15,0.0
realistic_deep,0.55,0.1,0.65,0.6,0.1,0.1,0.1,3,3;3;3,1.716,1.716,1.6817,0.0,1.4682,1.0,0.0,-2.0,0.15,0.02
realistic_deep,0.55,0.1,0.65,0.6,0.1,0.1,0.1,3,3;3;3,1.716,1.716,1.6302,0.0,1.4682,1.0,0.0,-5.0,0.15,0.05
realistic_deep,0.55,0.1,0.65,0.6,0.1,0.1,0.2,2,2;2;2,1.425,1.425,1.425,0.0,1.3458,1.0,0.0,0.0,0.0,0.0
realistic_deep,0.55,0.1,0.65,0.6,0.1,0.1,0.2,2,2;2;2,1.425,1.425,1.3965,0.0,1.3458,1.0,0.0,-2.0,0.0,0.02
realistic_deep,0.55,0.1,0.65,0.6,0.1,0.1,0.2,2,2;2;2,1.425,1.425,1.3538,0.0,1.3458,1.0,0.0,-5.0,0.0,0.05
realistic_deep,0.55,0.1,0.65,0.6,0.1,0.1,0.2,2,2;2;2,1.425,1.425,1.425,0.0,1.3458,1.0,0.0,0.0,0.05,0.0
realistic_deep,0.55,0.1,0.65,0.6,0.1,0.1,0.2,2,2;2;2,1.425,1.425,1.3965,0.0,1.3458,1.0,0.0,-2.0,0.05,0.02
realistic_deep,0.55,0.1,0.65,0.6,0.1,0.1,0.2,2,2;2;2,1.425,1.425,1.3538,0.0,1.3458,1.0,0.0,-5.0,0.05,0.05
realistic_deep,0.55,0.1,0.65,0.6,0.1,0.1,0.2,2,2;2;2,1.425,1.425,1.425,0.0,1.3458,1.0,0.0,0.0,0.15,0.0
realistic_deep,0.55,0.1,0.65,0.6,0.1,0.1,0.2,2,2;2;2,1.425,1.425,1.3965,0.0,1.3458,1.0,0.0,-2.0,0.15,0.02
realistic_deep,0.55,0.1,0.65,0.6,0.1,0.1,0.2,2,2;2;2,1.425,1.425,1.3538,0.0,1.3458,1.0,0.0,-5.0,0.15,0.05
realistic_deep,0.55,0.1,0.65,0.6,0.1,0.1,0.4,1,1;1;1,1.1536,1.1536,1.1536,0.0,1.1536,1.0,0.0,0.0,0.0,0.0
realistic_deep,0.55,0.1,0.65,0.6,0.1,0.1,0.4,1,1;1;1,1.1536,1.1536,1.1305,0.0,1.1536,1.0,0.0,-2.0,0.0,0.02
realistic_deep,0.55,0.1,0.65,0.6,0.1,0.1,0.4,1,1;1;1,1.1536,1.1536,1.0959,0.0,1.1536,1.0,0.0,-5.0,0.0,0.05
realistic_deep,0.55,0.1,0.65,0.6,0.1,0.1,0.4,1,1;1;1,1.1536,1.1536,1.1536,0.0,1.1536,1.0,0.0,0.0,0.05,0.0
realistic_deep,0.55,0.1,0.65,0.6,0.1,0.1,0.4,1,1;1;1,1.1536,1.1536,1.1305,0.0,1.1536,1.0,0.0,-2.0,0.05,0.02
realistic_deep,0.55,0.1,0.65,0.6,0.1,0.1,0.4,1,1;1;1,1.1536,1.1536,1.0959,0.0,1.1536,1.0,0.0,-5.0,0.05,0.05
realistic_deep,0.55,0.1,0.65,0.6,0.1,0.1,0.4,1,1;1;1,1.1536,1.1536,1.1536,0.0,1.1536,1.0,0.0,0.0,0.15,0.0
realistic_deep,0.55,0.1,0.65,0.6,0.1,0.1,0.4,1,1;1;1,1.1536,1.1536,1.1305,0.0,1.1536,1.0,0.0,-2.0,0.15,0.02
realistic_deep,0.55,0.1,0.65,0.6,0.1,0.1,0.4,1,1;1;1,1.1536,1.1536,1.0959,0.0,1.1536,1.0,0.0,-5.0,0.15,0.05
realistic_deep,0.55,0.2,0.75,0.65,0.2,0.2,0.05,6,4;7;5,2.3053,2.3288,2.3288,0.0,1.6,0.9677,1.021,1.021,0.0,0.0
realistic_deep,0.55,0.2,0.75,0.65,0.2,0.2,0.05,6,4;7;5,2.3053,2.3288,2.2822,0.0,1.6,0.9677,1.021,-0.999,0.0,0.02
realistic_deep,0.55,0.2,0.75,0.65,0.2,0.2,0.05,6,4;7;5,2.3053,2.3288,2.2124,0.0,1.6,0.9677,1.021,-4.03,0.0,0.05
realistic_deep,0.55,0.2,0.75,0.65,0.2,0.2,0.05,6,4;7;5,2.3053,2.3288,2.3262,0.0051,1.6,0.9677,1.021,0.91,0.05,0.0
realistic_deep,0.55,0.2,0.75,0.65,0.2,0.2,0.05,6,4;7;5,2.3053,2.3288,2.2822,0.0,1.6,0.9677,1.021,-0.999,0.05,0.02
realistic_deep,0.55,0.2,0.75,0.65,0.2,0.2,0.05,6,4;7;5,2.3053,2.3288,2.2124,0.0,1.6,0.9677,1.021,-4.03,0.05,0.05
realistic_deep,0.55,0.2,0.75,0.65,0.2,0.2,0.05,6,4;7;5,2.3053,2.3288,2.3258,0.0037,1.6,0.9677,1.021,0.891,0.15,0.0
realistic_deep,0.55,0.2,0.75,0.65,0.2,0.2,0.05,6,4;7;5,2.3053,2.3288,2.2663,0.0318,1.6,0.9677,1.021,-1.689,0.15,0.02
realistic_deep,0.55,0.2,0.75,0.65,0.2,0.2,0.05,6,4;7;5,2.3053,2.3288,2.2065,0.0072,1.6,0.9677,1.021,-4.283,0.15,0.05
realistic_deep,0.55,0.2,0.75,0.65,0.2,0.2,0.1,4,3;5;3,1.9362,1.955,1.955,0.0,1.5273,0.9561,0.971,0.971,0.0,0.0
realistic_deep,0.55,0.2,0.75,0.65,0.2,0.2,0.1,4,3;5;3,1.9362,1.955,1.9159,0.0,1.5273,0.9561,0.971,-1.049,0.0,0.02
realistic_deep,0.55,0.2,0.75,0.65,0.2,0.2,0.1,4,3;5;3,1.9362,1.955,1.8572,0.0,1.5273,0.9561,0.971,-4.078,0.0,0.05
realistic_deep,0.55,0.2,0.75,0.65,0.2,0.2,0.1,4,3;5;3,1.9362,1.955,1.955,0.0,1.5273,0.9561,0.971,0.971,0.05,0.0
realistic_deep,0.55,0.2,0.75,0.65,0.2,0.2,0.1,4,3;5;3,1.9362,1.955,1.8968,0.0234,1.5273,0.9561,0.971,-2.036,0.05,0.02
realistic_deep,0.55,0.2,0.75,0.65,0.2,0.2,0.1,4,3;5;3,1.9362,1.955,1.8572,0.0,1.5273,0.9561,0.971,-4.078,0.05,0.05
realistic_deep,0.55,0.2,0.75,0.65,0.2,0.2,0.1,4,3;5;3,1.9362,1.955,1.955,0.0,1.5273,0.9561,0.971,0.971,0.15,0.0
realistic_deep,0.55,0.2,0.75,0.65,0.2,0.2,0.1,4,3;5;3,1.9362,1.955,1.9063,0.0191,1.5273,0.9561,0.971,-1.543,0.15,0.02
realistic_deep,0.55,0.2,0.75,0.65,0.2,0.2,0.1,4,3;5;3,1.9362,1.955,1.8333,0.0304,1.5273,0.9561,0.971,-5.311,0.15,0.05
realistic_deep,0.55,0.2,0.75,0.65,0.2,0.2,0.2,3,2;3;2,1.5488,1.5668,1.5668,0.0,1.4,0.8919,1.164,1.164,0.0,0.0
realistic_deep,0.55,0.2,0.75,0.65,0.2,0.2,0.2,3,2;3;2,1.5488,1.5668,1.5355,0.0,1.4,0.8919,1.164,-0.859,0.0,0.02
realistic_deep,0.55,0.2,0.75,0.65,0.2,0.2,0.2,3,2;3;2,1.5488,1.5668,1.4885,0.0,1.4,0.8919,1.164,-3.894,0.0,0.05
realistic_deep,0.55,0.2,0.75,0.65,0.2,0.2,0.2,3,2;3;2,1.5488,1.5668,1.5668,0.0,1.4,0.8919,1.164,1.164,0.05,0.0
realistic_deep,0.55,0.2,0.75,0.65,0.2,0.2,0.2,3,2;3;2,1.5488,1.5668,1.5325,0.006,1.4,0.8919,1.164,-1.053,0.05,0.02
realistic_deep,0.55,0.2,0.75,0.65,0.2,0.2,0.2,3,2;3;2,1.5488,1.5668,1.4885,0.0,1.4,0.8919,1.164,-3.894,0.05,0.05
realistic_deep,0.55,0.2,0.75,0.65,0.2,0.2,0.2,3,2;3;2,1.5488,1.5668,1.5605,0.0126,1.4,0.8919,1.164,0.758,0.15,0.0
realistic_deep,0.55,0.2,0.75,0.65,0.2,0.2,0.2,3,2;3;2,1.5488,1.5668,1.5325,0.006,1.4,0.8919,1.164,-1.053,0.15,0.02
realistic_deep,0.55,0.2,0.75,0.65,0.2,0.2,0.2,3,2;3;2,1.5488,1.5668,1.4845,0.0054,1.4,0.8919,1.164,-4.148,0.15,0.05
realistic_deep,0.55,0.2,0.75,0.65,0.2,0.2,0.4,1,1;2;1,1.2,1.2191,1.2191,0.0,1.2,0.0,1.591,1.591,0.0,0.0
realistic_deep,0.55,0.2,0.75,0.65,0.2,0.2,0.4,1,1;2;1,1.2,1.2191,1.1947,0.0,1.2,0.0,1.591,-0.44,0.0,0.02
realistic_deep,0.55,0.2,0.75,0.65,0.2,0.2,0.4,1,1;2;1,1.2,1.2191,1.1581,0.0,1.2,0.0,1.591,-3.488,0.0,0.05
realistic_deep,0.55,0.2,0.75,0.65,0.2,0.2,0.4,1,1;2;1,1.2,1.2191,1.2191,0.0,1.2,0.0,1.591,1.591,0.05,0.0
realistic_deep,0.55,0.2,0.75,0.65,0.2,0.2,0.4,1,1;2;1,1.2,1.2191,1.1871,0.0094,1.2,0.0,1.591,-1.077,0.05,0.02
realistic_deep,0.55,0.2,0.75,0.65,0.2,0.2,0.4,1,1;2;1,1.2,1.2191,1.1581,0.0,1.2,0.0,1.591,-3.488,0.05,0.05
realistic_deep,0.55,0.2,0.75,0.65,0.2,0.2,0.4,1,1;2;1,1.2,1.2191,1.2114,0.0095,1.2,0.0,1.591,0.948,0.15,0.0
realistic_deep,0.55,0.2,0.75,0.65,0.2,0.2,0.4,1,1;2;1,1.2,1.2191,1.1926,0.0026,1.2,0.0,1.591,-0.618,0.15,0.02
realistic_deep,0.55,0.2,0.75,0.65,0.2,0.2,0.4,1,1;2;1,1.2,1.2191,1.1509,0.0089,1.2,0.0,1.591,-4.093,0.15,0.05
realistic_deep,0.55,0.3,0.85,0.7,0.3,0.3,0.05,8,4;10;6,2.8644,2.9456,2.9456,0.0,1.6619,0.9367,2.836,2.836,0.0,0.0
realistic_deep,0.55,0.3,0.85,0.7,0.3,0.3,0.05,8,4;10;6,2.8644,2.9456,2.8867,0.0,1.6619,0.9367,2.836,0.779,0.0,0.02
realistic_deep,0.55,0.3,0.85,0.7,0.3,0.3,0.05,8,4;10;6,2.8644,2.9456,2.7984,0.0,1.6619,0.9367,2.836,-2.306,0.0,0.05
realistic_deep,0.55,0.3,0.85,0.7,0.3,0.3,0.05,8,4;10;6,2.8644,2.9456,2.8785,0.1342,1.6619,0.9367,2.836,0.493,0.05,0.0
realistic_deep,0.55,0.3,0.85,0.7,0.3,0.3,0.05,8,4;10;6,2.8644,2.9456,2.8634,0.0467,1.6619,0.9367,2.836,-0.036,0.05,0.02
realistic_deep,0.55,0.3,0.85,0.7,0.3,0.3,0.05,8,4;10;6,2.8644,2.9456,2.7984,0.0,1.6619,0.9367,2.836,-2.306,0.05,0.05
realistic_deep,0.55,0.3,0.85,0.7,0.3,0.3,0.05,8,4;10;6,2.8644,2.9456,2.9009,0.0453,1.6619,0.9367,2.836,1.273,0.15,0.0
realistic_deep,0.55,0.3,0.85,0.7,0.3,0.3,0.05,8,4;10;6,2.8644,2.9456,2.8867,0.0,1.6619,0.9367,2.836,0.779,0.15,0.02
realistic_deep,0.55,0.3,0.85,0.7,0.3,0.3,0.05,8,4;10;6,2.8644,2.9456,2.7534,0.0265,1.6619,0.9367,2.836,-3.876,0.15,0.05
realistic_deep,0.55,0.3,0.85,0.7,0.3,0.3,0.1,6,3;7;4,2.2813,2.3535,2.3535,0.0,1.5864,0.9058,3.167,3.167,0.0,0.0
realistic_deep,0.55,0.3,0.85,0.7,0.3,0.3,0.1,6,3;7;4,2.2813,2.3535,2.3065,0.0,1.5864,0.9058,3.167,1.103,0.0,0.02
realistic_deep,0.55,0.3,0.85,0.7,0.3,0.3,0.1,6,3;7;4,2.2813,2.3535,2.2359,0.0,1.5864,0.9058,3.167,-1.992,0.0,0.05
realistic_deep,0.55,0.3,0.85,0.7,0.3,0.3,0.1,6,3;7;4,2.2813,2.3535,2.2965,0.0856,1.5864,0.9058,3.167,0.667,0.05,0.0
realistic_deep,0.55,0.3,0.85,0.7,0.3,0.3,0.1,6,3;7;4,2.2813,2.3535,2.3042,0.0045,1.5864,0.9058,3.167,1.005,0.05,0.02
realistic_deep,0.55,0.3,0.85,0.7,0.3,0.3,0.1,6,3;7;4,2.2813,2.3535,2.2334,0.003,1.5864,0.9058,3.167,-2.099,0.05,0.05
realistic_deep,0.55,0.3,0.85,0.7,0.3,0.3,0.1,6,3;7;4,2.2813,2.3535,2.3429,0.013,1.5864,0.9058,3.167,2.7,0.15,0.0
realistic_deep,0.55,0.3,0.85,0.7,0.3,0.3,0.1,6,3;7;4,2.2813,2.3535,2.3065,0.0,1.5864,0.9058,3.167,1.103,0.15,0.02
realistic_deep,0.55,0.3,0.85,0.7,0.3,0.3,0.1,6,3;7;4,2.2813,2.3535,2.1726,0.0841,1.5864,0.9058,3.167,-4.766,0.15,0.05
realistic_deep,0.55,0.3,0.85,0.7,0.3,0.3,0.2,4,2;5;3,1.7344,1.7893,1.7893,0.0,1.4542,0.8362,3.165,3.165,0.0,0.0
realistic_deep,0.55,0.3,0.85,0.7,0.3,0.3,0.2,4,2;5;3,1.7344,1.7893,1.7535,0.0,1.4542,0.8362,3.165,1.102,0.0,0.02
realistic_deep,0.55,0.3,0.85,0.7,0.3,0.3,0.2,4,2;5;3,1.7344,1.7893,1.6999,0.0,1.4542,0.8362,3.165,-1.993,0.0,0.05
realistic_deep,0.55,0.3,0.85,0.7,0.3,0.3,0.2,4,2;5;3,1.7344,1.7893,1.7848,0.009,1.4542,0.8362,3.165,2.906,0.05,0.0
realistic_deep,0.55,0.3,0.85,0.7,0.3,0.3,0.2,4,2;5;3,1.7344,1.7893,1.7535,0.0,1.4542,0.8362,3.165,1.102,0.05,0.02
realistic_deep,0.55,0.3,0.85,0.7,0.3,0.3,0.2,4,2;5;3,1.7344,1.7893,1.6867,0.0176,1.4542,0.8362,3.165,-2.749,0.05,0.05
realistic_deep,0.55,0.3,0.85,0.7,0.3,0.3,0.2,4,2;5;3,1.7344,1.7893,1.7741,0.0235,1.4542,0.8362,3.165,2.288,0.15,0.0
realistic_deep,0.55,0.3,0.85,0.7,0.3,0.3,0.2,4,2;5;3,1.7344,1.7893,1.7105,0.045,1.4542,0.8362,3.165,-1.377,0.15,0.02
realistic_deep,0.55,0.3,0.85,0.7,0.3,0.3,0.2,4,2;5;3,1.7344,1.7893,1.6493,0.062,1.4542,0.8362,3.165,-4.91,0.15,0.05
realistic_deep,0.55,0.3,0.85,0.7,0.3,0.3,0.4,2,1;3;2,1.2867,1.3168,1.3168,0.0,1.2464,0.572,2.34,2.34,0.0,0.0
realistic_deep,0.55,0.3,0.85,0.7,0.3,0.3,0.4,2,1;3;2,1.2867,1.3168,1.2904,0.0,1.2464,0.572,2.34,0.293,0.0,0.02
realistic_deep,0.55,0.3,0.85,0.7,0.3,0.3,0.4,2,1;3;2,1.2867,1.3168,1.2509,0.0,1.2464,0.572,2.34,-2.777,0.0,0.05
realistic_deep,0.55,0.3,0.85,0.7,0.3,0.3,0.4,2,1;3;2,1.2867,1.3168,1.3051,0.0185,1.2464,0.572,2.34,1.431,0.05,0.0
realistic_deep,0.55,0.3,0.85,0.7,0.3,0.3,0.4,2,1;3;2,1.2867,1.3168,1.2903,0.0002,1.2464,0.572,2.34,0.286,0.05,0.02
realistic_deep,0.55,0.3,0.85,0.7,0.3,0.3,0.4,2,1;3;2,1.2867,1.3168,1.2399,0.0174,1.2464,0.572,2.34,-3.633,0.05,0.05
realistic_deep,0.55,0.3,0.85,0.7,0.3,0.3,0.4,2,1;3;2,1.2867,1.3168,1.3028,0.0279,1.2464,0.572,2.34,1.254,0.15,0.0
realistic_deep,0.55,0.3,0.85,0.7,0.3,0.3,0.4,2,1;3;2,1.2867,1.3168,1.2811,0.0185,1.2464,0.572,2.34,-0.436,0.15,0.02
realistic_deep,0.55,0.3,0.85,0.7,0.3,0.3,0.4,2,1;3;2,1.2867,1.3168,1.2485,0.005,1.2464,0.572,2.34,-2.97,0.15,0.05
realistic_deep,0.65,-0.3,0.35,0.5,0.3,0.3,0.05,3,5;2;3,1.5611,1.5907,1.5907,0.0,1.3857,0.8556,1.896,1.896,0.0,0.0
realistic_deep,0.65,-0.3,0.35,0.5,0.3,0.3,0.05,3,5;2;3,1.5611,1.5907,1.5589,0.0,1.3857,0.8556,1.896,-0.142,0.0,0.02
realistic_deep,0.65,-0.3,0.35,0.5,0.3,0.3,0.05,3,5;2;3,1.5611,1.5907,1.5111,0.0,1.3857,0.8556,1.896,-3.199,0.0,0.05
realistic_deep,0.65,-0.3,0.35,0.5,0.3,0.3,0.05,3,5;2;3,1.5611,1.5907,1.5875,0.0039,1.3857,0.8556,1.896,1.693,0.05,0.0
realistic_deep,0.65,-0.3,0.35,0.5,0.3,0.3,0.05,3,5;2;3,1.5611,1.5907,1.5589,0.0,1.3857,0.8556,1.896,-0.142,0.05,0.02
realistic_deep,0.65,-0.3,0.35,0.5,0.3,0.3,0.05,3,5;2;3,1.5611,1.5907,1.5077,0.0069,1.3857,0.8556,1.896,-3.419,0.05,0.05
realistic_deep,0.65,-0.3,0.35,0.5,0.3,0.3,0.05,3,5;2;3,1.5611,1.5907,1.5839,0.0101,1.3857,0.8556,1.896,1.461,0.15,0.0
realistic_deep,0.65,-0.3,0.35,0.5,0.3,0.3,0.05,3,5;2;3,1.5611,1.5907,1.5486,0.009,1.3857,0.8556,1.896,-0.797,0.15,0.02
realistic_deep,0.65,-0.3,0.35,0.5,0.3,0.3,0.05,3,5;2;3,1.5611,1.5907,1.5077,0.0069,1.3857,0.8556,1.896,-3.419,0.15,0.05
realistic_deep,0.65,-0.3,0.35,0.5,0.3,0.3,0.1,2,3;1;2,1.3983,1.418,1.418,0.0,1.3227,0.7933,1.409,1.409,0.0,0.0
realistic_deep,0.65,-0.3,0.35,0.5,0.3,0.3,0.1,2,3;1;2,1.3983,1.418,1.3897,0.0,1.3227,0.7933,1.409,-0.619,0.0,0.02
realistic_deep,0.65,-0.3,0.35,0.5,0.3,0.3,0.1,2,3;1;2,1.3983,1.418,1.3471,0.0,1.3227,0.7933,1.409,-3.661,0.0,0.05
realistic_deep,0.65,-0.3,0.35,0.5,0.3,0.3,0.1,2,3;1;2,1.3983,1.418,1.4141,0.0078,1.3227,0.7933,1.409,1.129,0.05,0.0
realistic_deep,0.65,-0.3,0.35,0.5,0.3,0.3,0.1,2,3;1;2,1.3983,1.418,1.3747,0.0299,1.3227,0.7933,1.409,-1.69,0.05,0.02
realistic_deep,0.65,-0.3,0.35,0.5,0.3,0.3,0.1,2,3;1;2,1.3983,1.418,1.3435,0.0072,1.3227,0.7933,1.409,-3.919,0.05,0.05
realistic_deep,0.65,-0.3,0.35,0.5,0.3,0.3,0.1,2,3;1;2,1.3983,1.418,1.4174,0.0013,1.3227,0.7933,1.409,1.362,0.15,0.0
realistic_deep,0.65,-0.3,0.35,0.5,0.3,0.3,0.1,2,3;1;2,1.3983,1.418,1.3747,0.0299,1.3227,0.7933,1.409,-1.69,0.15,0.02
realistic_deep,0.65,-0.3,0.35,0.5,0.3,0.3,0.1,2,3;1;2,1.3983,1.418,1.3435,0.0072,1.3227,0.7933,1.409,-3.92,0.15,0.05
realistic_deep,0.65,-0.3,0.35,0.5,0.3,0.3,0.2,1,2;1;1,1.2125,1.2388,1.2388,0.0,1.2125,0.0,2.172,2.172,0.0,0.0
realistic_deep,0.65,-0.3,0.35,0.5,0.3,0.3,0.2,1,2;1;1,1.2125,1.2388,1.2141,0.0,1.2125,0.0,2.172,0.129,0.0,0.02
realistic_deep,0.65,-0.3,0.35,0.5,0.3,0.3,0.2,1,2;1;1,1.2125,1.2388,1.1769,0.0,1.2125,0.0,2.172,-2.936,0.0,0.05
realistic_deep,0.65,-0.3,0.35,0.5,0.3,0.3,0.2,1,2;1;1,1.2125,1.2388,1.2388,0.0,1.2125,0.0,2.172,2.172,0.05,0.0
realistic_deep,0.65,-0.3,0.35,0.5,0.3,0.3,0.2,1,2;1;1,1.2125,1.2388,1.2141,0.0,1.2125,0.0,2.172,0.129,0.05,0.02
realistic_deep,0.65,-0.3,0.35,0.5,0.3,0.3,0.2,1,2;1;1,1.2125,1.2388,1.1769,0.0,1.2125,0.0,2.172,-2.936,0.05,0.05
realistic_deep,0.65,-0.3,0.35,0.5,0.3,0.3,0.2,1,2;1;1,1.2125,1.2388,1.2388,0.0,1.2125,0.0,2.172,2.172,0.15,0.0
realistic_deep,0.65,-0.3,0.35,0.5,0.3,0.3,0.2,1,2;1;1,1.2125,1.2388,1.2141,0.0,1.2125,0.0,2.172,0.129,0.15,0.02
realistic_deep,0.65,-0.3,0.35,0.5,0.3,0.3,0.2,1,2;1;1,1.2125,1.2388,1.1669,0.0123,1.2125,0.0,2.172,-3.762,0.15,0.05
realistic_deep,0.65,-0.3,0.35,0.5,0.3,0.3,0.4,1,1;1;1,1.0393,1.0393,1.0393,0.0,1.0393,1.0,0.0,0.0,0.0,0.0
realistic_deep,0.65,-0.3,0.35,0.5,0.3,0.3,0.4,1,1;1;1,1.0393,1.0393,1.0185,0.0,1.0393,1.0,0.0,-2.0,0.0,0.02
realistic_deep,0.65,-0.3,0.35,0.5,0.3,0.3,0.4,1,1;1;1,1.0393,1.0393,0.9873,0.0,1.0393,1.0,0.0,-5.0,0.0,0.05
realistic_deep,0.65,-0.3,0.35,0.5,0.3,0.3,0.4,1,1;1;1,1.0393,1.0393,1.0393,0.0,1.0393,1.0,0.0,0.0,0.05,0.0
realistic_deep,0.65,-0.3,0.35,0.5,0.3,0.3,0.4,1,1;1;1,1.0393,1.0393,1.0185,0.0,1.0393,1.0,0.0,-2.0,0.05,0.02
realistic_deep,0.65,-0.3,0.35,0.5,0.3,0.3,0.4,1,1;1;1,1.0393,1.0393,0.9873,0.0,1.0393,1.0,0.0,-5.0,0.05,0.05
realistic_deep,0.65,-0.3,0.35,0.5,0.3,0.3,0.4,1,1;1;1,1.0393,1.0393,1.0393,0.0,1.0393,1.0,0.0,0.0,0.15,0.0
realistic_deep,0.65,-0.3,0.35,0.5,0.3,0.3,0.4,1,1;1;1,1.0393,1.0393,1.0185,0.0,1.0393,1.0,0.0,-2.0,0.15,0.02
realistic_deep,0.65,-0.3,0.35,0.5,0.3,0.3,0.4,1,1;1;1,1.0393,1.0393,0.9873,0.0,1.0393,1.0,0.0,-5.0,0.15,0.05
realistic_deep,0.65,-0.2,0.45,0.55,0.2,0.2,0.05,4,5;3;4,1.6959,1.714,1.714,0.0,1.4476,0.932,1.068,1.068,0.0,0.0
realistic_deep,0.65,-0.2,0.45,0.55,0.2,0.2,0.05,4,5;3;4,1.6959,1.714,1.6797,0.0,1.4476,0.932,1.068,-0.953,0.0,0.02
realistic_deep,0.65,-0.2,0.45,0.55,0.2,0.2,0.05,4,5;3;4,1.6959,1.714,1.6283,0.0,1.4476,0.932,1.068,-3.985,0.0,0.05
realistic_deep,0.65,-0.2,0.45,0.55,0.2,0.2,0.05,4,5;3;4,1.6959,1.714,1.7107,0.0063,1.4476,0.932,1.068,0.872,0.05,0.0
realistic_deep,0.65,-0.2,0.45,0.55,0.2,0.2,0.05,4,5;3;4,1.6959,1.714,1.6785,0.0024,1.4476,0.932,1.068,-1.023,0.05,0.02
realistic_deep,0.65,-0.2,0.45,0.55,0.2,0.2,0.05,4,5;3;4,1.6959,1.714,1.6283,0.0,1.4476,0.932,1.068,-3.985,0.05,0.05
realistic_deep,0.65,-0.2,0.45,0.55,0.2,0.2,0.05,4,5;3;4,1.6959,1.714,1.7135,0.0009,1.4476,0.932,1.068,1.042,0.15,0.0
realistic_deep,0.65,-0.2,0.45,0.55,0.2,0.2,0.05,4,5;3;4,1.6959,1.714,1.6796,0.0002,1.4476,0.932,1.068,-0.961,0.15,0.02
realistic_deep,0.65,-0.2,0.45,0.55,0.2,0.2,0.05,4,5;3;4,1.6959,1.714,1.6194,0.015,1.4476,0.932,1.068,-4.507,0.15,0.05
realistic_deep,0.65,-0.2,0.45,0.55,0.2,0.2,0.1,3,3;2;3,1.4997,1.5194,1.5194,0.0,1.3818,0.8567,1.314,1.314,0.0,0.0
realistic_deep,0.65,-0.2,0.45,0.55,0.2,0.2,0.1,3,3;2;3,1.4997,1.5194,1.489,0.0,1.3818,0.8567,1.314,-0.712,0.0,0.02
realistic_deep,0.65,-0.2,0.45,0.55,0.2,0.2,0.1,3,3;2;3,1.4997,1.5194,1.4434,0.0,1.3818,0.8567,1.314,-3.752,0.0,0.05
realistic_deep,0.65,-0.2,0.45,0.55,0.2,0.2,0.1,3,3;2;3,1.4997,1.5194,1.5194,0.0,1.3818,0.8567,1.314,1.314,0.05,0.0
realistic_deep,0.65,-0.2,0.45,0.55,0.2,0.2,0.1,3,3;2;3,1.4997,1.5194,1.4851,0.0077,1.3818,0.8567,1.314,-0.97,0.05,0.02
realistic_deep,0.65,-0.2,0.45,0.55,0.2,0.2,0.1,3,3;2;3,1.4997,1.5194,1.4434,0.0,1.3818,0.8567,1.314,-3.752,0.05,0.05
realistic_deep,0.65,-0.2,0.45,0.55,0.2,0.2,0.1,3,3;2;3,1.4997,1.5194,1.5154,0.0079,1.3818,0.8567,1.314,1.051,0.15,0.0
realistic_deep,0.65,-0.2,0.45,0.55,0.2,0.2,0.1,3,3;2;3,1.4997,1.5194,1.4851,0.0077,1.3818,0.8567,1.314,-0.97,0.15,0.02
realistic_deep,0.65,-0.2,0.45,0.55,0.2,0.2,0.1,3,3;2;3,1.4997,1.5194,1.4396,0.0075,1.3818,0.8567,1.314,-4.001,0.15,0.05
realistic_deep,0.65,-0.2,0.45,0.55,0.2,0.2,0.2,2,2;1;2,1.2839,1.2993,1.2993,0.0,1.2667,0.5287,1.198,1.198,0.0,0.0
realistic_deep,0.65,-0.2,0.45,0.55,0.2,0.2,0.2,2,2;1;2,1.2839,1.2993,1.2733,0.0,1.2667,0.5287,1.198,-0.826,0.0,0.02
realistic_deep,0.65,-0.2,0.45,0.55,0.2,0.2,0.2,2,2;1;2,1.2839,1.2993,1.2343,0.0,1.2667,0.5287,1.198,-3.861,0.0,0.05
realistic_deep,0.65,-0.2,0.45,0.55,0.2,0.2,0.2,2,2;1;2,1.2839,1.2993,1.2932,0.0075,1.2667,0.5287,1.198,0.719,0.05,0.0
realistic_deep,0.65,-0.2,0.45,0.55,0.2,0.2,0.2,2,2;1;2,1.2839,1.2993,1.2733,0.0,1.2667,0.5287,1.198,-0.826,0.05,0.02
realistic_deep,0.65,-0.2,0.45,0.55,0.2,0.2,0.2,2,2;1;2,1.2839,1.2993,1.2343,0.0,1.2667,0.5287,1.198,-3.861,0.05,0.05
realistic_deep,0.65,-0.2,0.45,0.55,0.2,0.2,0.2,2,2;1;2,1.2839,1.2993,1.2888,0.0063,1.2667,0.5287,1.198,0.381,0.15,0.0
realistic_deep,0.65,-0.2,0.45,0.55,0.2,0.2,0.2,2,2;1;2,1.2839,1.2993,1.2691,0.0059,1.2667,0.5287,1.198,-1.157,0.15,0.02
realistic_deep,0.65,-0.2,0.45,0.55,0.2,0.2,0.2,2,2;1;2,1.2839,1.2993,1.2252,0.0123,1.2667,0.5287,1.198,-4.572,0.15,0.05
realistic_deep,0.65,-0.2,0.45,0.55,0.2,0.2,0.4,1,1;1;1,1.0857,1.0857,1.0857,0.0,1.0857,1.0,0.0,0.0,0.0,0.0
realistic_deep,0.65,-0.2,0.45,0.55,0.2,0.2,0.4,1,1;1;1,1.0857,1.0857,1.064,0.0,1.0857,1.0,0.0,-2.0,0.0,0.02
realistic_deep,0.65,-0.2,0.45,0.55,0.2,0.2,0.4,1,1;1;1,1.0857,1.0857,1.0314,0.0,1.0857,1.0,0.0,-5.0,0.0,0.05
realistic_deep,0.65,-0.2,0.45,0.55,0.2,0.2,0.4,1,1;1;1,1.0857,1.0857,1.0857,0.0,1.0857,1.0,0.0,0.0,0.05,0.0
realistic_deep,0.65,-0.2,0.45,0.55,0.2,0.2,0.4,1,1;1;1,1.0857,1.0857,1.064,0.0,1.0857,1.0,0.0,-2.0,0.05,0.02
realistic_deep,0.65,-0.2,0.45,0.55,0.2,0.2,0.4,1,1;1;1,1.0857,1.0857,1.0314,0.0,1.0857,1.0,0.0,-5.0,0.05,0.05
realistic_deep,0.65,-0.2,0.45,0.55,0.2,0.2,0.4,1,1;1;1,1.0857,1.0857,1.0857,0.0,1.0857,1.0,0.0,0.0,0.15,0.0
realistic_deep,0.65,-0.2,0.45,0.55,0.2,0.2,0.4,1,1;1;1,1.0857,1.0857,1.064,0.0,1.0857,1.0,0.0,-2.0,0.15,0.02
realistic_deep,0.65,-0.2,0.45,0.55,0.2,0.2,0.4,1,1;1;1,1.0857,1.0857,1.0314,0.0,1.0857,1.0,0.0,-5.0,0.15,0.05
realistic_deep,0.65,-0.1,0.55,0.6,0.1,0.1,0.05,4,5;4;4,1.8777,1.8799,1.8799,0.0,1.5095,0.9942,0.115,0.115,0.0,0.0
realistic_deep,0.65,-0.1,0.55,0.6,0.1,0.1,0.05,4,5;4;4,1.8777,1.8799,1.8423,0.0,1.5095,0.9942,0.115,-1.887,0.0,0.02
realistic_deep,0.65,-0.1,0.55,0.6,0.1,0.1,0.05,4,5;4;4,1.8777,1.8799,1.7859,0.0,1.5095,0.9942,0.115,-4.891,0.0,0.05
realistic_deep,0.65,-0.1,0.55,0.6,0.1,0.1,0.05,4,5;4;4,1.8777,1.8799,1.8799,0.0,1.5095,0.9942,0.115,0.115,0.05,0.0
realistic_deep,0.65,-0.1,0.55,0.6,0.1,0.1,0.05,4,5;4;4,1.8777,1.8799,1.8423,0.0,1.5095,0.9942,0.115,-1.887,0.05,0.02
realistic_deep,0.65,-0.1,0.55,0.6,0.1,0.1,0.05,4,5;4;4,1.8777,1.8799,1.7859,0.0,1.5095,0.9942,0.115,-4.891,0.05,0.05
realistic_deep,0.65,-0.1,0.55,0.6,0.1,0.1,0.05,4,5;4;4,1.8777,1.8799,1.8784,0.002,1.5095,0.9942,0.115,0.038,0.15,0.0
realistic_deep,0.65,-0.1,0.55,0.6,0.1,0.1,0.05,4,5;4;4,1.8777,1.8799,1.8417,0.0011,1.5095,0.9942,0.115,-1.918,0.15,0.02
realistic_deep,0.65,-0.1,0.55,0.6,0.1,0.1,0.05,4,5;4;4,1.8777,1.8799,1.7853,0.0011,1.5095,0.9942,0.115,-4.92,0.15,0.05
realistic_deep,0.65,-0.1,0.55,0.6,0.1,0.1,0.1,3,3;3;3,1.6403,1.6403,1.6403,0.0,1.4409,1.0,0.0,0.0,0.0,0.0
realistic_deep,0.65,-0.1,0.55,0.6,0.1,0.1,0.1,3,3;3;3,1.6403,1.6403,1.6075,0.0,1.4409,1.0,0.0,-2.0,0.0,0.02
realistic_deep,0.65,-0.1,0.55,0.6,0.1,0.1,0.1,3,3;3;3,1.6403,1.6403,1.5583,0.0,1.4409,1.0,0.0,-5.0,0.0,0.05
realistic_deep,0.65,-0.1,0.55,0.6,0.1,0.1,0.1,3,3;3;3,1.6403,1.6403,1.6403,0.0,1.4409,1.0,0.0,0.0,0.05,0.0
realistic_deep,0.65,-0.1,0.55,0.6,0.1,0.1,0.1,3,3;3;3,1.6403,1.6403,1.6075,0.0,1.4409,1.0,0.0,-2.0,0.05,0.02
realistic_deep,0.65,-0.1,0.55,0.6,0.1,0.1,0.1,3,3;3;3,1.6403,1.6403,1.5583,0.0,1.4409,1.0,0.0,-5.0,0.05,0.05
realistic_deep,0.65,-0.1,0.55,0.6,0.1,0.1,0.1,3,3;3;3,1.6403,1.6403,1.6403,0.0,1.4409,1.0,0.0,0.0,0.15,0.0
realistic_deep,0.65,-0.1,0.55,0.6,0.1,0.1,0.1,3,3;3;3,1.6403,1.6403,1.6075,0.0,1.4409,1.0,0.0,-2.0,0.15,0.02
realistic_deep,0.65,-0.1,0.55,0.6,0.1,0.1,0.1,3,3;3;3,1.6403,1.6403,1.5583,0.0,1.4409,1.0,0.0,-5.0,0.15,0.05
realistic_deep,0.65,-0.1,0.55,0.6,0.1,0.1,0.2,2,2;2;2,1.3779,1.3779,1.3779,0.0,1.3208,1.0,0.0,0.0,0.0,0.0
realistic_deep,0.65,-0.1,0.55,0.6,0.1,0.1,0.2,2,2;2;2,1.3779,1.3779,1.3503,0.0,1.3208,1.0,0.0,-2.0,0.0,0.02
realistic_deep,0.65,-0.1,0.55,0.6,0.1,0.1,0.2,2,2;2;2,1.3779,1.3779,1.309,0.0,1.3208,1.0,0.0,-5.0,0.0,0.05
realistic_deep,0.65,-0.1,0.55,0.6,0.1,0.1,0.2,2,2;2;2,1.3779,1.3779,1.3779,0.0,1.3208,1.0,0.0,0.0,0.05,0.0
realistic_deep,0.65,-0.1,0.55,0.6,0.1,0.1,0.2,2,2;2;2,1.3779,1.3779,1.3503,0.0,1.3208,1.0,0.0,-2.0,0.05,0.02
realistic_deep,0.65,-0.1,0.55,0.6,0.1,0.1,0.2,2,2;2;2,1.3779,1.3779,1.309,0.0,1.3208,1.0,0.0,-5.0,0.05,0.05
realistic_deep,0.65,-0.1,0.55,0.6,0.1,0.1,0.2,2,2;2;2,1.3779,1.3779,1.3779,0.0,1.3208,1.0,0.0,0.0,0.15,0.0
realistic_deep,0.65,-0.1,0.55,0.6,0.1,0.1,0.2,2,2;2;2,1.3779,1.3779,1.3503,0.0,1.3208,1.0,0.0,-2.0,0.15,0.02
realistic_deep,0.65,-0.1,0.55,0.6,0.1,0.1,0.2,2,2;2;2,1.3779,1.3779,1.309,0.0,1.3208,1.0,0.0,-5.0,0.15,0.05
realistic_deep,0.65,-0.1,0.55,0.6,0.1,0.1,0.4,1,1;1;1,1.1321,1.1321,1.1321,0.0,1.1321,1.0,0.0,0.0,0.0,0.0
realistic_deep,0.65,-0.1,0.55,0.6,0.1,0.1,0.4,1,1;1;1,1.1321,1.1321,1.1095,0.0,1.1321,1.0,0.0,-2.0,0.0,0.02
realistic_deep,0.65,-0.1,0.55,0.6,0.1,0.1,0.4,1,1;1;1,1.1321,1.1321,1.0755,0.0,1.1321,1.0,0.0,-5.0,0.0,0.05
realistic_deep,0.65,-0.1,0.55,0.6,0.1,0.1,0.4,1,1;1;1,1.1321,1.1321,1.1321,0.0,1.1321,1.0,0.0,0.0,0.05,0.0
realistic_deep,0.65,-0.1,0.55,0.6,0.1,0.1,0.4,1,1;1;1,1.1321,1.1321,1.1095,0.0,1.1321,1.0,0.0,-2.0,0.05,0.02
realistic_deep,0.65,-0.1,0.55,0.6,0.1,0.1,0.4,1,1;1;1,1.1321,1.1321,1.0755,0.0,1.1321,1.0,0.0,-5.0,0.05,0.05
realistic_deep,0.65,-0.1,0.55,0.6,0.1,0.1,0.4,1,1;1;1,1.1321,1.1321,1.1321,0.0,1.1321,1.0,0.0,0.0,0.15,0.0
realistic_deep,0.65,-0.1,0.55,0.6,0.1,0.1,0.4,1,1;1;1,1.1321,1.1321,1.1095,0.0,1.1321,1.0,0.0,-2.0,0.15,0.02
realistic_deep,0.65,-0.1,0.55,0.6,0.1,0.1,0.4,1,1;1;1,1.1321,1.1321,1.0755,0.0,1.1321,1.0,0.0,-5.0,0.15,0.05
realistic_deep,0.65,0.0,0.65,0.65,0.0,0.0,0.05,5,5;5;5,2.1133,2.1133,2.1133,0.0,1.5714,1.0,0.0,0.0,0.0,0.0
realistic_deep,0.65,0.0,0.65,0.65,0.0,0.0,0.05,5,5;5;5,2.1133,2.1133,2.0711,0.0,1.5714,1.0,0.0,-2.0,0.0,0.02
realistic_deep,0.65,0.0,0.65,0.65,0.0,0.0,0.05,5,5;5;5,2.1133,2.1133,2.0077,0.0,1.5714,1.0,0.0,-5.0,0.0,0.05
realistic_deep,0.65,0.0,0.65,0.65,0.0,0.0,0.05,5,5;5;5,2.1133,2.1133,2.1133,0.0,1.5714,1.0,0.0,0.0,0.05,0.0
realistic_deep,0.65,0.0,0.65,0.65,0.0,0.0,0.05,5,5;5;5,2.1133,2.1133,2.0711,0.0,1.5714,1.0,0.0,-2.0,0.05,0.02
realistic_deep,0.65,0.0,0.65,0.65,0.0,0.0,0.05,5,5;5;5,2.1133,2.1133,2.0077,0.0,1.5714,1.0,0.0,-5.0,0.05,0.05
realistic_deep,0.65,0.0,0.65,0.65,0.0,0.0,0.05,5,5;5;5,2.1133,2.1133,2.1133,0.0,1.5714,1.0,0.0,0.0,0.15,0.0
realistic_deep,0.65,0.0,0.65,0.65,0.0,0.0,0.05,5,5;5;5,2.1133,2.1133,2.0711,0.0,1.5714,1.0,0.0,-2.0,0.15,0.02
realistic_deep,0.65,0.0,0.65,0.65,0.0,0.0,0.05,5,5;5;5,2.1133,2.1133,2.0077,0.0,1.5714,1.0,0.0,-5.0,0.15,0.05
realistic_deep,0.65,0.0,0.65,0.65,0.0,0.0,0.1,3,3;3;3,1.8055,1.8055,1.8055,0.0,1.5,1.0,0.0,0.0,0.0,0.0
realistic_deep,0.65,0.0,0.65,0.65,0.0,0.0,0.1,3,3;3;3,1.8055,1.8055,1.7694,0.0,1.5,1.0,0.0,-2.0,0.0,0.02
realistic_deep,0.65,0.0,0.65,0.65,0.0,0.0,0.1,3,3;3;3,1.8055,1.8055,1.7152,0.0,1.5,1.0,0.0,-5.0,0.0,0.05
realistic_deep,0.65,0.0,0.65,0.65,0.0,0.0,0.1,3,3;3;3,1.8055,1.8055,1.8055,0.0,1.5,1.0,0.0,0.0,0.05,0.0
realistic_deep,0.65,0.0,0.65,0.65,0.0,0.0,0.1,3,3;3;3,1.8055,1.8055,1.7694,0.0,1.5,1.0,0.0,-2.0,0.05,0.02
realistic_deep,0.65,0.0,0.65,0.65,0.0,0.0,0.1,3,3;3;3,1.8055,1.8055,1.7152,0.0,1.5,1.0,0.0,-5.0,0.05,0.05
realistic_deep,0.65,0.0,0.65,0.65,0.0,0.0,0.1,3,3;3;3,1.8055,1.8055,1.8055,0.0,1.5,1.0,0.0,0.0,0.15,0.0
realistic_deep,0.65,0.0,0.65,0.65,0.0,0.0,0.1,3,3;3;3,1.8055,1.8055,1.7694,0.0,1.5,1.0,0.0,-2.0,0.15,0.02
realistic_deep,0.65,0.0,0.65,0.65,0.0,0.0,0.1,3,3;3;3,1.8055,1.8055,1.7152,0.0,1.5,1.0,0.0,-5.0,0.15,0.05
realistic_deep,0.65,0.0,0.65,0.65,0.0,0.0,0.2,2,2;2;2,1.4804,1.4804,1.4804,0.0,1.375,1.0,0.0,0.0,0.0,0.0
realistic_deep,0.65,0.0,0.65,0.65,0.0,0.0,0.2,2,2;2;2,1.4804,1.4804,1.4507,0.0,1.375,1.0,0.0,-2.0,0.0,0.02
realistic_deep,0.65,0.0,0.65,0.65,0.0,0.0,0.2,2,2;2;2,1.4804,1.4804,1.4063,0.0,1.375,1.0,0.0,-5.0,0.0,0.05
realistic_deep,0.65,0.0,0.65,0.65,0.0,0.0,0.2,2,2;2;2,1.4804,1.4804,1.4804,0.0,1.375,1.0,0.0,0.0,0.05,0.0
realistic_deep,0.65,0.0,0.65,0.65,0.0,0.0,0.2,2,2;2;2,1.4804,1.4804,1.4507,0.0,1.375,1.0,0.0,-2.0,0.05,0.02
realistic_deep,0.65,0.0,0.65,0.65,0.0,0.0,0.2,2,2;2;2,1.4804,1.4804,1.4063,0.0,1.375,1.0,0.0,-5.0,0.05,0.05
realistic_deep,0.65,0.0,0.65,0.65,0.0,0.0,0.2,2,2;2;2,1.4804,1.4804,1.4804,0.0,1.375,1.0,0.0,0.0,0.15,0.0
realistic_deep,0.65,0.0,0.65,0.65,0.0,0.0,0.2,2,2;2;2,1.4804,1.4804,1.4507,0.0,1.375,1.0,0.0,-2.0,0.15,0.02
realistic_deep,0.65,0.0,0.65,0.65,0.0,0.0,0.2,2,2;2;2,1.4804,1.4804,1.4063,0.0,1.375,1.0,0.0,-5.0,0.15,0.05
realistic_deep,0.65,0.0,0.65,0.65,0.0,0.0,0.4,1,1;1;1,1.1786,1.1786,1.1786,0.0,1.1786,1.0,0.0,0.0,0.0,0.0
realistic_deep,0.65,0.0,0.65,0.65,0.0,0.0,0.4,1,1;1;1,1.1786,1.1786,1.155,0.0,1.1786,1.0,0.0,-2.0,0.0,0.02
realistic_deep,0.65,0.0,0.65,0.65,0.0,0.0,0.4,1,1;1;1,1.1786,1.1786,1.1196,0.0,1.1786,1.0,0.0,-5.0,0.0,0.05
realistic_deep,0.65,0.0,0.65,0.65,0.0,0.0,0.4,1,1;1;1,1.1786,1.1786,1.1786,0.0,1.1786,1.0,0.0,0.0,0.05,0.0
realistic_deep,0.65,0.0,0.65,0.65,0.0,0.0,0.4,1,1;1;1,1.1786,1.1786,1.155,0.0,1.1786,1.0,0.0,-2.0,0.05,0.02
realistic_deep,0.65,0.0,0.65,0.65,0.0,0.0,0.4,1,1;1;1,1.1786,1.1786,1.1196,0.0,1.1786,1.0,0.0,-5.0,0.05,0.05
realistic_deep,0.65,0.0,0.65,0.65,0.0,0.0,0.4,1,1;1;1,1.1786,1.1786,1.1786,0.0,1.1786,1.0,0.0,0.0,0.15,0.0
realistic_deep,0.65,0.0,0.65,0.65,0.0,0.0,0.4,1,1;1;1,1.1786,1.1786,1.155,0.0,1.1786,1.0,0.0,-2.0,0.15,0.02
realistic_deep,0.65,0.0,0.65,0.65,0.0,0.0,0.4,1,1;1;1,1.1786,1.1786,1.1196,0.0,1.1786,1.0,0.0,-5.0,0.15,0.05
realistic_deep,0.65,0.1,0.75,0.7,0.1,0.1,0.05,6,5;7;6,2.4595,2.4654,2.4654,0.0,1.6333,0.9929,0.239,0.239,0.0,0.0
realistic_deep,0.65,0.1,0.75,0.7,0.1,0.1,0.05,6,5;7;6,2.4595,2.4654,2.4161,0.0,1.6333,0.9929,0.239,-1.765,0.0,0.02
realistic_deep,0.65,0.1,0.75,0.7,0.1,0.1,0.05,6,5;7;6,2.4595,2.4654,2.3421,0.0,1.6333,0.9929,0.239,-4.773,0.0,0.05
realistic_deep,0.65,0.1,0.75,0.7,0.1,0.1,0.05,6,5;7;6,2.4595,2.4654,2.4622,0.0064,1.6333,0.9929,0.239,0.109,0.05,0.0
realistic_deep,0.65,0.1,0.75,0.7,0.1,0.1,0.05,6,5;7;6,2.4595,2.4654,2.4161,0.0,1.6333,0.9929,0.239,-1.765,0.05,0.02
realistic_deep,0.65,0.1,0.75,0.7,0.1,0.1,0.05,6,5;7;6,2.4595,2.4654,2.3421,0.0,1.6333,0.9929,0.239,-4.773,0.05,0.05
realistic_deep,0.65,0.1,0.75,0.7,0.1,0.1,0.05,6,5;7;6,2.4595,2.4654,2.4622,0.0064,1.6333,0.9929,0.239,0.109,0.15,0.0
realistic_deep,0.65,0.1,0.75,0.7,0.1,0.1,0.05,6,5;7;6,2.4595,2.4654,2.4151,0.002,1.6333,0.9929,0.239,-1.808,0.15,0.02
realistic_deep,0.65,0.1,0.75,0.7,0.1,0.1,0.05,6,5;7;6,2.4595,2.4654,2.3391,0.0061,1.6333,0.9929,0.239,-4.897,0.15,0.05
realistic_deep,0.65,0.1,0.75,0.7,0.1,0.1,0.1,4,3;5;4,2.0457,2.0532,2.0532,0.0,1.5591,0.9849,0.365,0.365,0.0,0.0
realistic_deep,0.65,0.1,0.75,0.7,0.1,0.1,0.1,4,3;5;4,2.0457,2.0532,2.0121,0.0,1.5591,0.9849,0.365,-1.642,0.0,0.02
realistic_deep,0.65,0.1,0.75,0.7,0.1,0.1,0.1,4,3;5;4,2.0457,2.0532,1.9505,0.0,1.5591,0.9849,0.365,-4.653,0.0,0.05
realistic_deep,0.65,0.1,0.75,0.7,0.1,0.1,0.1,4,3;5;4,2.0457,2.0532,2.0524,0.0016,1.5591,0.9849,0.365,0.326,0.05,0.0
realistic_deep,0.65,0.1,0.75,0.7,0.1,0.1,0.1,4,3;5;4,2.0457,2.0532,2.0121,0.0,1.5591,0.9849,0.365,-1.642,0.05,0.02
realistic_deep,0.65,0.1,0.75,0.7,0.1,0.1,0.1,4,3;5;4,2.0457,2.0532,1.9484,0.0027,1.5591,0.9849,0.365,-4.756,0.05,0.05
realistic_deep,0.65,0.1,0.75,0.7,0.1,0.1,0.1,4,3;5;4,2.0457,2.0532,2.0509,0.0044,1.5591,0.9849,0.365,0.253,0.15,0.0
realistic_deep,0.65,0.1,0.75,0.7,0.1,0.1,0.1,4,3;5;4,2.0457,2.0532,1.999,0.0175,1.5591,0.9849,0.365,-2.281,0.15,0.02
realistic_deep,0.65,0.1,0.75,0.7,0.1,0.1,0.1,4,3;5;4,2.0457,2.0532,1.9307,0.0243,1.5591,0.9849,0.365,-5.619,0.15,0.05
realistic_deep,0.65,0.1,0.75,0.7,0.1,0.1,0.2,3,2;3;3,1.6233,1.6267,1.6267,0.0,1.4292,0.983,0.206,0.206,0.0,0.0
realistic_deep,0.65,0.1,0.75,0.7,0.1,0.1,0.2,3,2;3;3,1.6233,1.6267,1.5941,0.0,1.4292,0.983,0.206,-1.798,0.0,0.02
realistic_deep,0.65,0.1,0.75,0.7,0.1,0.1,0.2,3,2;3;3,1.6233,1.6267,1.5453,0.0,1.4292,0.983,0.206,-4.804,0.0,0.05
realistic_deep,0.65,0.1,0.75,0.7,0.1,0.1,0.2,3,2;3;3,1.6233,1.6267,1.6267,0.0,1.4292,0.983,0.206,0.206,0.05,0.0
realistic_deep,0.65,0.1,0.75,0.7,0.1,0.1,0.2,3,2;3;3,1.6233,1.6267,1.5872,0.012,1.4292,0.983,0.206,-2.223,0.05,0.02
realistic_deep,0.65,0.1,0.75,0.7,0.1,0.1,0.2,3,2;3;3,1.6233,1.6267,1.5447,0.0013,1.4292,0.983,0.206,-4.843,0.05,0.05
realistic_deep,0.65,0.1,0.75,0.7,0.1,0.1,0.2,3,2;3;3,1.6233,1.6267,1.6183,0.0152,1.4292,0.983,0.206,-0.31,0.15,0.0
realistic_deep,0.65,0.1,0.75,0.7,0.1,0.1,0.2,3,2;3;3,1.6233,1.6267,1.592,0.0017,1.4292,0.983,0.206,-1.929,0.15,0.02
realistic_deep,0.65,0.1,0.75,0.7,0.1,0.1,0.2,3,2;3;3,1.6233,1.6267,1.5446,0.0014,1.4292,0.983,0.206,-4.848,0.15,0.05
realistic_deep,0.65,0.1,0.75,0.7,0.1,0.1,0.4,2,1;2;2,1.2378,1.2446,1.2446,0.0,1.225,0.6528,0.549,0.549,0.0,0.0
realistic_deep,0.65,0.1,0.75,0.7,0.1,0.1,0.4,2,1;2;2,1.2378,1.2446,1.2197,0.0,1.225,0.6528,0.549,-1.462,0.0,0.02
realistic_deep,0.65,0.1,0.75,0.7,0.1,0.1,0.4,2,1;2;2,1.2378,1.2446,1.1823,0.0,1.225,0.6528,0.549,-4.478,0.0,0.05
realistic_deep,0.65,0.1,0.75,0.7,0.1,0.1,0.4,2,1;2;2,1.2378,1.2446,1.2446,0.0,1.225,0.6528,0.549,0.549,0.05,0.0
realistic_deep,0.65,0.1,0.75,0.7,0.1,0.1,0.4,2,1;2;2,1.2378,1.2446,1.2159,0.0075,1.225,0.6528,0.549,-1.764,0.05,0.02
realistic_deep,0.65,0.1,0.75,0.7,0.1,0.1,0.4,2,1;2;2,1.2378,1.2446,1.1823,0.0,1.225,0.6528,0.549,-4.478,0.05,0.05
realistic_deep,0.65,0.1,0.75,0.7,0.1,0.1,0.4,2,1;2;2,1.2378,1.2446,1.2432,0.0027,1.225,0.6528,0.549,0.439,0.15,0.0
realistic_deep,0.65,0.1,0.75,0.7,0.1,0.1,0.4,2,1;2;2,1.2378,1.2446,1.2122,0.0092,1.225,0.6528,0.549,-2.067,0.15,0.02
realistic_deep,0.65,0.1,0.75,0.7,0.1,0.1,0.4,2,1;2;2,1.2378,1.2446,1.1823,0.0,1.225,0.6528,0.549,-4.478,0.15,0.05
realistic_deep,0.65,0.2,0.85,0.75,0.2,0.2,0.05,8,5;10;7,3.0406,3.097,3.097,0.0,1.6952,0.9598,1.855,1.855,0.0,0.0
realistic_deep,0.65,0.2,0.85,0.75,0.2,0.2,0.05,8,5;10;7,3.0406,3.097,3.035,0.0,1.6952,0.9598,1.855,-0.183,0.0,0.02
realistic_deep,0.65,0.2,0.85,0.75,0.2,0.2,0.05,8,5;10;7,3.0406,3.097,2.9421,0.0,1.6952,0.9598,1.855,-3.238,0.0,0.05
realistic_deep,0.65,0.2,0.85,0.75,0.2,0.2,0.05,8,5;10;7,3.0406,3.097,3.0553,0.0833,1.6952,0.9598,1.855,0.484,0.05,0.0
realistic_deep,0.65,0.2,0.85,0.75,0.2,0.2,0.05,8,5;10;7,3.0406,3.097,3.035,0.0,1.6952,0.9598,1.855,-0.183,0.05,0.02
realistic_deep,0.65,0.2,0.85,0.75,0.2,0.2,0.05,8,5;10;7,3.0406,3.097,2.9188,0.0286,1.6952,0.9598,1.855,-4.006,0.05,0.05
realistic_deep,0.65,0.2,0.85,0.75,0.2,0.2,0.05,8,5;10;7,3.0406,3.097,3.0812,0.0221,1.6952,0.9598,1.855,1.336,0.15,0.0
realistic_deep,0.65,0.2,0.85,0.75,0.2,0.2,0.05,8,5;10;7,3.0406,3.097,3.0226,0.0215,1.6952,0.9598,1.855,-0.592,0.15,0.02
realistic_deep,0.65,0.2,0.85,0.75,0.2,0.2,0.05,8,5;10;7,3.0406,3.097,2.9025,0.0792,1.6952,0.9598,1.855,-4.54,0.15,0.05
realistic_deep,0.65,0.2,0.85,0.75,0.2,0.2,0.1,6,3;7;5,2.4148,2.4589,2.4589,0.0,1.6182,0.9475,1.827,1.827,0.0,0.0
realistic_deep,0.65,0.2,0.85,0.75,0.2,0.2,0.1,6,3;7;5,2.4148,2.4589,2.4097,0.0,1.6182,0.9475,1.827,-0.21,0.0,0.02
realistic_deep,0.65,0.2,0.85,0.75,0.2,0.2,0.1,6,3;7;5,2.4148,2.4589,2.336,0.0,1.6182,0.9475,1.827,-3.265,0.0,0.05
realistic_deep,0.65,0.2,0.85,0.75,0.2,0.2,0.1,6,3;7;5,2.4148,2.4589,2.4567,0.0044,1.6182,0.9475,1.827,1.735,0.05,0.0
realistic_deep,0.65,0.2,0.85,0.75,0.2,0.2,0.1,6,3;7;5,2.4148,2.4589,2.4076,0.0043,1.6182,0.9475,1.827,-0.3,0.05,0.02
realistic_deep,0.65,0.2,0.85,0.75,0.2,0.2,0.1,6,3;7;5,2.4148,2.4589,2.3271,0.0177,1.6182,0.9475,1.827,-3.632,0.05,0.05
realistic_deep,0.65,0.2,0.85,0.75,0.2,0.2,0.1,6,3;7;5,2.4148,2.4589,2.3971,0.1023,1.6182,0.9475,1.827,-0.735,0.15,0.0
realistic_deep,0.65,0.2,0.85,0.75,0.2,0.2,0.1,6,3;7;5,2.4148,2.4589,2.4063,0.007,1.6182,0.9475,1.827,-0.354,0.15,0.02
realistic_deep,0.65,0.2,0.85,0.75,0.2,0.2,0.1,6,3;7;5,2.4148,2.4589,2.325,0.0172,1.6182,0.9475,1.827,-3.719,0.15,0.05
realistic_deep,0.65,0.2,0.85,0.75,0.2,0.2,0.2,4,2;5;3,1.823,1.8538,1.8538,0.0,1.4833,0.9168,1.691,1.691,0.0,0.0
realistic_deep,0.65,0.2,0.85,0.75,0.2,0.2,0.2,4,2;5;3,1.823,1.8538,1.8167,0.0,1.4833,0.9168,1.691,-0.343,0.0,0.02
realistic_deep,0.65,0.2,0.85,0.75,0.2,0.2,0.2,4,2;5;3,1.823,1.8538,1.7611,0.0,1.4833,0.9168,1.691,-3.393,0.0,0.05
realistic_deep,0.65,0.2,0.85,0.75,0.2,0.2,0.2,4,2;5;3,1.823,1.8538,1.8538,0.0,1.4833,0.9168,1.691,1.691,0.05,0.0
realistic_deep,0.65,0.2,0.85,0.75,0.2,0.2,0.2,4,2;5;3,1.823,1.8538,1.805,0.0177,1.4833,0.9168,1.691,-0.982,0.05,0.02
realistic_deep,0.65,0.2,0.85,0.75,0.2,0.2,0.2,4,2;5;3,1.823,1.8538,1.7611,0.0,1.4833,0.9168,1.691,-3.393,0.05,0.05
realistic_deep,0.65,0.2,0.85,0.75,0.2,0.2,0.2,4,2;5;3,1.823,1.8538,1.8428,0.0202,1.4833,0.9168,1.691,1.091,0.15,0.0
realistic_deep,0.65,0.2,0.85,0.75,0.2,0.2,0.2,4,2;5;3,1.823,1.8538,1.8021,0.0216,1.4833,0.9168,1.691,-1.141,0.15,0.02
realistic_deep,0.65,0.2,0.85,0.75,0.2,0.2,0.2,4,2;5;3,1.823,1.8538,1.7482,0.0185,1.4833,0.9168,1.691,-4.099,0.15,0.05
realistic_deep,0.65,0.2,0.85,0.75,0.2,0.2,0.4,2,1;3;2,1.3308,1.3482,1.3482,0.0,1.2714,0.7733,1.308,1.308,0.0,0.0
realistic_deep,0.65,0.2,0.85,0.75,0.2,0.2,0.4,2,1;3;2,1.3308,1.3482,1.3213,0.0,1.2714,0.7733,1.308,-0.718,0.0,0.02
realistic_deep,0.65,0.2,0.85,0.75,0.2,0.2,0.4,2,1;3;2,1.3308,1.3482,1.2808,0.0,1.2714,0.7733,1.308,-3.757,0.0,0.05
realistic_deep,0.65,0.2,0.85,0.75,0.2,0.2,0.4,2,1;3;2,1.3308,1.3482,1.3469,0.0028,1.2714,0.7733,1.308,1.204,0.05,0.0
realistic_deep,0.65,0.2,0.85,0.75,0.2,0.2,0.4,2,1;3;2,1.3308,1.3482,1.3144,0.0106,1.2714,0.7733,1.308,-1.231,0.05,0.02
realistic_deep,0.65,0.2,0.85,0.75,0.2,0.2,0.4,2,1;3;2,1.3308,1.3482,1.2808,0.0,1.2714,0.7733,1.308,-3.757,0.05,0.05
realistic_deep,0.65,0.2,0.85,0.75,0.2,0.2,0.4,2,1;3;2,1.3308,1.3482,1.3444,0.0047,1.2714,0.7733,1.308,1.023,0.15,0.0
realistic_deep,0.65,0.2,0.85,0.75,0.2,0.2,0.4,2,1;3;2,1.3308,1.3482,1.3076,0.0274,1.2714,0.7733,1.308,-1.747,0.15,0.02
realistic_deep,0.65,0.2,0.85,0.75,0.2,0.2,0.4,2,1;3;2,1.3308,1.3482,1.2808,0.0,1.2714,0.7733,1.308,-3.757,0.15,0.05
realistic_deep,0.65,0.3,0.95,0.8,0.3,0.3,0.05,17,5;21;8,4.5009,4.7766,4.7766,0.0,1.7571,0.9087,6.125,6.125,0.0,0.0
realistic_deep,0.65,0.3,0.95,0.8,0.3,0.3,0.05,17,5;21;8,4.5009,4.7766,4.681,0.0,1.7571,0.9087,6.125,4.003,0.0,0.02
realistic_deep,0.65,0.3,0.95,0.8,0.3,0.3,0.05,17,5;21;8,4.5009,4.7766,4.5377,0.0,1.7571,0.9087,6.125,0.819,0.0,0.05
realistic_deep,0.65,0.3,0.95,0.8,0.3,0.3,0.05,17,5;21;8,4.5009,4.7766,4.7766,0.0,1.7571,0.9087,6.125,6.125,0.05,0.0
realistic_deep,0.65,0.3,0.95,0.8,0.3,0.3,0.05,17,5;21;8,4.5009,4.7766,4.681,0.0,1.7571,0.9087,6.125,4.003,0.05,0.02
realistic_deep,0.65,0.3,0.95,0.8,0.3,0.3,0.05,17,5;21;8,4.5009,4.7766,4.5122,0.051,1.7571,0.9087,6.125,0.253,0.05,0.05
realistic_deep,0.65,0.3,0.95,0.8,0.3,0.3,0.05,17,5;21;8,4.5009,4.7766,4.6259,0.2872,1.7571,0.9087,6.125,2.778,0.15,0.0
realistic_deep,0.65,0.3,0.95,0.8,0.3,0.3,0.05,17,5;21;8,4.5009,4.7766,4.6755,0.011,1.7571,0.9087,6.125,3.88,0.15,0.02
realistic_deep,0.65,0.3,0.95,0.8,0.3,0.3,0.05,17,5;21;8,4.5009,4.7766,4.5323,0.0109,1.7571,0.9087,6.125,0.698,0.15,0.05
realistic_deep,0.65,0.3,0.95,0.8,0.3,0.3,0.1,11,3;15;6,3.1893,3.4087,3.4087,0.0,1.6773,0.8733,6.88,6.88,0.0,0.0
realistic_deep,0.65,0.3,0.95,0.8,0.3,0.3,0.1,11,3;15;6,3.1893,3.4087,3.3406,0.0,1.6773,0.8733,6.88,4.743,0.0,0.02
realistic_deep,0.65,0.3,0.95,0.8,0.3,0.3,0.1,11,3;15;6,3.1893,3.4087,3.2383,0.0,1.6773,0.8733,6.88,1.536,0.0,0.05
realistic_deep,0.65,0.3,0.95,0.8,0.3,0.3,0.1,11,3;15;6,3.1893,3.4087,3.4087,0.0,1.6773,0.8733,6.88,6.88,0.05,0.0
realistic_deep,0.65,0.3,0.95,0.8,0.3,0.3,0.1,11,3;15;6,3.1893,3.4087,3.3406,0.0,1.6773,0.8733,6.88,4.743,0.05,0.02
realistic_deep,0.65,0.3,0.95,0.8,0.3,0.3,0.1,11,3;15;6,3.1893,3.4087,3.2383,0.0,1.6773,0.8733,6.88,1.536,0.05,0.05
realistic_deep,0.65,0.3,0.95,0.8,0.3,0.3,0.1,11,3;15;6,3.1893,3.4087,3.4034,0.0107,1.6773,0.8733,6.88,6.712,0.15,0.0
realistic_deep,0.65,0.3,0.95,0.8,0.3,0.3,0.1,11,3;15;6,3.1893,3.4087,3.2874,0.0678,1.6773,0.8733,6.88,3.076,0.15,0.02
realistic_deep,0.65,0.3,0.95,0.8,0.3,0.3,0.1,11,3;15;6,3.1893,3.4087,2.9894,0.3313,1.6773,0.8733,6.88,-6.269,0.15,0.05
realistic_deep,0.65,0.3,0.95,0.8,0.3,0.3,0.2,7,2;10;4,2.1776,2.3247,2.3247,0.0,1.5375,0.8131,6.756,6.756,0.0,0.0
realistic_deep,0.65,0.3,0.95,0.8,0.3,0.3,0.2,7,2;10;4,2.1776,2.3247,2.2782,0.0,1.5375,0.8131,6.756,4.621,0.0,0.02
realistic_deep,0.65,0.3,0.95,0.8,0.3,0.3,0.2,7,2;10;4,2.1776,2.3247,2.2084,0.0,1.5375,0.8131,6.756,1.418,0.0,0.05
realistic_deep,0.65,0.3,0.95,0.8,0.3,0.3,0.2,7,2;10;4,2.1776,2.3247,2.3247,0.0,1.5375,0.8131,6.756,6.756,0.05,0.0
realistic_deep,0.65,0.3,0.95,0.8,0.3,0.3,0.2,7,2;10;4,2.1776,2.3247,2.2733,0.0098,1.5375,0.8131,6.756,4.396,0.05,0.02
realistic_deep,0.65,0.3,0.95,0.8,0.3,0.3,0.2,7,2;10;4,2.1776,2.3247,2.2084,0.0,1.5375,0.8131,6.756,1.418,0.05,0.05
realistic_deep,0.65,0.3,0.95,0.8,0.3,0.3,0.2,7,2;10;4,2.1776,2.3247,2.192,0.1713,1.5375,0.8131,6.756,0.663,0.15,0.0
realistic_deep,0.65,0.3,0.95,0.8,0.3,0.3,0.2,7,2;10;4,2.1776,2.3247,2.1841,0.1881,1.5375,0.8131,6.756,0.303,0.15,0.02
realistic_deep,0.65,0.3,0.95,0.8,0.3,0.3,0.2,7,2;10;4,2.1776,2.3247,2.167,0.074,1.5375,0.8131,6.756,-0.483,0.15,0.05
realistic_deep,0.65,0.3,0.95,0.8,0.3,0.3,0.4,3,1;6;2,1.4626,1.5417,1.5417,0.0,1.3179,0.6463,5.413,5.413,0.0,0.0
realistic_deep,0.65,0.3,0.95,0.8,0.3,0.3,0.4,3,1;6;2,1.4626,1.5417,1.5109,0.0,1.3179,0.6463,5.413,3.305,0.0,0.02
realistic_deep,0.65,0.3,0.95,0.8,0.3,0.3,0.4,3,1;6;2,1.4626,1.5417,1.4646,0.0,1.3179,0.6463,5.413,0.143,0.0,0.05
realistic_deep,0.65,0.3,0.95,0.8,0.3,0.3,0.4,3,1;6;2,1.4626,1.5417,1.5208,0.0417,1.3179,0.6463,5.413,3.986,0.05,0.0
realistic_deep,0.65,0.3,0.95,0.8,0.3,0.3,0.4,3,1;6;2,1.4626,1.5417,1.4697,0.0823,1.3179,0.6463,5.413,0.492,0.05,0.02
realistic_deep,0.65,0.3,0.95,0.8,0.3,0.3,0.4,3,1;6;2,1.4626,1.5417,1.4067,0.0789,1.3179,0.6463,5.413,-3.817,0.05,0.05
realistic_deep,0.65,0.3,0.95,0.8,0.3,0.3,0.4,3,1;6;2,1.4626,1.5417,1.5118,0.0399,1.3179,0.6463,5.413,3.364,0.15,0.0
realistic_deep,0.65,0.3,0.95,0.8,0.3,0.3,0.4,3,1;6;2,1.4626,1.5417,1.4864,0.0458,1.3179,0.6463,5.413,1.628,0.15,0.02
realistic_deep,0.65,0.3,0.95,0.8,0.3,0.3,0.4,3,1;6;2,1.4626,1.5417,1.4573,0.0147,1.3179,0.6463,5.413,-0.36,0.15,0.05
realistic_deep,0.75,-0.3,0.45,0.6,0.3,0.3,0.05,4,7;3;4,1.8378,1.8848,1.8848,0.0,1.481,0.8837,2.555,2.555,0.0,0.0
realistic_deep,0.75,-0.3,0.45,0.6,0.3,0.3,0.05,4,7;3;4,1.8378,1.8848,1.8471,0.0,1.481,0.8837,2.555,0.504,0.0,0.02
realistic_deep,0.75,-0.3,0.45,0.6,0.3,0.3,0.05,4,7;3;4,1.8378,1.8848,1.7905,0.0,1.481,0.8837,2.555,-2.573,0.0,0.05
realistic_deep,0.75,-0.3,0.45,0.6,0.3,0.3,0.05,4,7;3;4,1.8378,1.8848,1.8848,0.0,1.481,0.8837,2.555,2.555,0.05,0.0
realistic_deep,0.75,-0.3,0.45,0.6,0.3,0.3,0.05,4,7;3;4,1.8378,1.8848,1.8431,0.0079,1.481,0.8837,2.555,0.289,0.05,0.02
realistic_deep,0.75,-0.3,0.45,0.6,0.3,0.3,0.05,4,7;3;4,1.8378,1.8848,1.7726,0.0359,1.481,0.8837,2.555,-3.549,0.05,0.05
realistic_deep,0.75,-0.3,0.45,0.6,0.3,0.3,0.05,4,7;3;4,1.8378,1.8848,1.8836,0.0023,1.481,0.8837,2.555,2.492,0.15,0.0
realistic_deep,0.75,-0.3,0.45,0.6,0.3,0.3,0.05,4,7;3;4,1.8378,1.8848,1.8274,0.0393,1.481,0.8837,2.555,-0.565,0.15,0.02
realistic_deep,0.75,-0.3,0.45,0.6,0.3,0.3,0.05,4,7;3;4,1.8378,1.8848,1.7894,0.0022,1.481,0.8837,2.555,-2.633,0.15,0.05
realistic_deep,0.75,-0.3,0.45,0.6,0.3,0.3,0.1,3,5;2;3,1.5983,1.6402,1.6402,0.0,1.4136,0.8151,2.62,2.62,0.0,0.0
realistic_deep,0.75,-0.3,0.45,0.6,0.3,0.3,0.1,3,5;2;3,1.5983,1.6402,1.6074,0.0,1.4136,0.8151,2.62,0.568,0.0,0.02
realistic_deep,0.75,-0.3,0.45,0.6,0.3,0.3,0.1,3,5;2;3,1.5983,1.6402,1.5582,0.0,1.4136,0.8151,2.62,-2.511,0.0,0.05
realistic_deep,0.75,-0.3,0.45,0.6,0.3,0.3,0.1,3,5;2;3,1.5983,1.6402,1.6402,0.0,1.4136,0.8151,2.62,2.62,0.05,0.0
realistic_deep,0.75,-0.3,0.45,0.6,0.3,0.3,0.1,3,5;2;3,1.5983,1.6402,1.6074,0.0,1.4136,0.8151,2.62,0.568,0.05,0.02
realistic_deep,0.75,-0.3,0.45,0.6,0.3,0.3,0.1,3,5;2;3,1.5983,1.6402,1.5582,0.0,1.4136,0.8151,2.62,-2.511,0.05,0.05
realistic_deep,0.75,-0.3,0.45,0.6,0.3,0.3,0.1,3,5;2;3,1.5983,1.6402,1.625,0.0146,1.4136,0.8151,2.62,1.671,0.15,0.0
realistic_deep,0.75,-0.3,0.45,0.6,0.3,0.3,0.1,3,5;2;3,1.5983,1.6402,1.59,0.0252,1.4136,0.8151,2.62,-0.516,0.15,0.02
realistic_deep,0.75,-0.3,0.45,0.6,0.3,0.3,0.1,3,5;2;3,1.5983,1.6402,1.5399,0.0366,1.4136,0.8151,2.62,-3.655,0.15,0.05
realistic_deep,0.75,-0.3,0.45,0.6,0.3,0.3,0.2,2,3;1;2,1.3421,1.3718,1.3718,0.0,1.2958,0.6094,2.212,2.212,0.0,0.0
realistic_deep,0.75,-0.3,0.45,0.6,0.3,0.3,0.2,2,3;1;2,1.3421,1.3718,1.3444,0.0,1.2958,0.6094,2.212,0.168,0.0,0.02
realistic_deep,0.75,-0.3,0.45,0.6,0.3,0.3,0.2,2,3;1;2,1.3421,1.3718,1.3032,0.0,1.2958,0.6094,2.212,-2.899,0.0,0.05
realistic_deep,0.75,-0.3,0.45,0.6,0.3,0.3,0.2,2,3;1;2,1.3421,1.3718,1.3718,0.0,1.2958,0.6094,2.212,2.212,0.05,0.0
realistic_deep,0.75,-0.3,0.45,0.6,0.3,0.3,0.2,2,3;1;2,1.3421,1.3718,1.3444,0.0,1.2958,0.6094,2.212,0.168,0.05,0.02
realistic_deep,0.75,-0.3,0.45,0.6,0.3,0.3,0.2,2,3;1;2,1.3421,1.3718,1.3032,0.0,1.2958,0.6094,2.212,-2.899,0.05,0.05
realistic_deep,0.75,-0.3,0.45,0.6,0.3,0.3,0.2,2,3;1;2,1.3421,1.3718,1.3463,0.0313,1.2958,0.6094,2.212,0.306,0.15,0.0
realistic_deep,0.75,-0.3,0.45,0.6,0.3,0.3,0.2,2,3;1;2,1.3421,1.3718,1.3416,0.0056,1.2958,0.6094,2.212,-0.041,0.15,0.02
realistic_deep,0.75,-0.3,0.45,0.6,0.3,0.3,0.2,2,3;1;2,1.3421,1.3718,1.2685,0.0478,1.2958,0.6094,2.212,-5.484,0.15,0.05
realistic_deep,0.75,-0.3,0.45,0.6,0.3,0.3,0.4,1,2;1;1,1.1107,1.1194,1.1194,0.0,1.1107,0.0,0.782,0.782,0.0,0.0
realistic_deep,0.75,-0.3,0.45,0.6,0.3,0.3,0.4,1,2;1;1,1.1107,1.1194,1.097,0.0,1.1107,0.0,0.782,-1.234,0.0,0.02
realistic_deep,0.75,-0.3,0.45,0.6,0.3,0.3,0.4,1,2;1;1,1.1107,1.1194,1.0634,0.0,1.1107,0.0,0.782,-4.258,0.0,0.05
realistic_deep,0.75,-0.3,0.45,0.6,0.3,0.3,0.4,1,2;1;1,1.1107,1.1194,1.1177,0.0035,1.1107,0.0,0.782,0.625,0.05,0.0
realistic_deep,0.75,-0.3,0.45,0.6,0.3,0.3,0.4,1,2;1;1,1.1107,1.1194,1.0953,0.0034,1.1107,0.0,0.782,-1.387,0.05,0.02
realistic_deep,0.75,-0.3,0.45,0.6,0.3,0.3,0.4,1,2;1;1,1.1107,1.1194,1.0618,0.0033,1.1107,0.0,0.782,-4.406,0.05,0.05
realistic_deep,0.75,-0.3,0.45,0.6,0.3,0.3,0.4,1,2;1;1,1.1107,1.1194,1.1065,0.0259,1.1107,0.0,0.782,-0.384,0.15,0.0
realistic_deep,0.75,-0.3,0.45,0.6,0.3,0.3,0.4,1,2;1;1,1.1107,1.1194,1.0822,0.0247,1.1107,0.0,0.782,-2.567,0.15,0.02
realistic_deep,0.75,-0.3,0.45,0.6,0.3,0.3,0.4,1,2;1;1,1.1107,1.1194,1.0597,0.0046,1.1107,0.0,0.782,-4.591,0.15,0.05
realistic_deep,0.75,-0.2,0.55,0.65,0.2,0.2,0.05,5,7;4;5,2.031,2.0565,2.0565,0.0,1.5429,0.9503,1.256,1.256,0.0,0.0
realistic_deep,0.75,-0.2,0.55,0.65,0.2,0.2,0.05,5,7;4;5,2.031,2.0565,2.0154,0.0,1.5429,0.9503,1.256,-0.769,0.0,0.02
realistic_deep,0.75,-0.2,0.55,0.65,0.2,0.2,0.05,5,7;4;5,2.031,2.0565,1.9537,0.0,1.5429,0.9503,1.256,-3.807,0.0,0.05
realistic_deep,0.75,-0.2,0.55,0.65,0.2,0.2,0.05,5,7;4;5,2.031,2.0565,2.0565,0.0,1.5429,0.9503,1.256,1.256,0.05,0.0
realistic_deep,0.75,-0.2,0.55,0.65,0.2,0.2,0.05,5,7;4;5,2.031,2.0565,2.0154,0.0,1.5429,0.9503,1.256,-0.769,0.05,0.02
realistic_deep,0.75,-0.2,0.55,0.65,0.2,0.2,0.05,5,7;4;5,2.031,2.0565,1.9537,0.0,1.5429,0.9503,1.256,-3.807,0.05,0.05
realistic_deep,0.75,-0.2,0.55,0.65,0.2,0.2,0.05,5,7;4;5,2.031,2.0565,2.016,0.0253,1.5429,0.9503,1.256,-0.739,0.15,0.0
realistic_deep,0.75,-0.2,0.55,0.65,0.2,0.2,0.05,5,7;4;5,2.031,2.0565,2.009,0.012,1.5429,0.9503,1.256,-1.085,0.15,0.02
realistic_deep,0.75,-0.2,0.55,0.65,0.2,0.2,0.05,5,7;4;5,2.031,2.0565,1.9453,0.0063,1.5429,0.9503,1.256,-4.218,0.15,0.05
realistic_deep,0.75,-0.2,0.55,0.65,0.2,0.2,0.1,3,5;3;3,1.7411,1.7632,1.7632,0.0,1.4727,0.9237,1.274,1.274,0.0,0.0
realistic_deep,0.75,-0.2,0.55,0.65,0.2,0.2,0.1,3,5;3;3,1.7411,1.7632,1.728,0.0,1.4727,0.9237,1.274,-0.752,0.0,0.02
realistic_deep,0.75,-0.2,0.55,0.65,0.2,0.2,0.1,3,5;3;3,1.7411,1.7632,1.6751,0.0,1.4727,0.9237,1.274,-3.79,0.0,0.05
realistic_deep,0.75,-0.2,0.55,0.65,0.2,0.2,0.1,3,5;3;3,1.7411,1.7632,1.7632,0.0,1.4727,0.9237,1.274,1.274,0.05,0.0
realistic_deep,0.75,-0.2,0.55,0.65,0.2,0.2,0.1,3,5;3;3,1.7411,1.7632,1.728,0.0,1.4727,0.9237,1.274,-0.752,0.05,0.02
realistic_deep,0.75,-0.2,0.55,0.65,0.2,0.2,0.1,3,5;3;3,1.7411,1.7632,1.6751,0.0,1.4727,0.9237,1.274,-3.79,0.05,0.05
realistic_deep,0.75,-0.2,0.55,0.65,0.2,0.2,0.1,3,5;3;3,1.7411,1.7632,1.7482,0.0127,1.4727,0.9237,1.274,0.407,0.15,0.0
realistic_deep,0.75,-0.2,0.55,0.65,0.2,0.2,0.1,3,5;3;3,1.7411,1.7632,1.728,0.0,1.4727,0.9237,1.274,-0.752,0.15,0.02
realistic_deep,0.75,-0.2,0.55,0.65,0.2,0.2,0.1,3,5;3;3,1.7411,1.7632,1.6751,0.0,1.4727,0.9237,1.274,-3.79,0.15,0.05
realistic_deep,0.75,-0.2,0.55,0.65,0.2,0.2,0.2,2,3;2;2,1.4368,1.4511,1.4511,0.0,1.35,0.8585,0.995,0.995,0.0,0.0
realistic_deep,0.75,-0.2,0.55,0.65,0.2,0.2,0.2,2,3;2;2,1.4368,1.4511,1.4221,0.0,1.35,0.8585,0.995,-1.025,0.0,0.02
realistic_deep,0.75,-0.2,0.55,0.65,0.2,0.2,0.2,2,3;2;2,1.4368,1.4511,1.3785,0.0,1.35,0.8585,0.995,-4.055,0.0,0.05
realistic_deep,0.75,-0.2,0.55,0.65,0.2,0.2,0.2,2,3;2;2,1.4368,1.4511,1.4511,0.0,1.35,0.8585,0.995,0.995,0.05,0.0
realistic_deep,0.75,-0.2,0.55,0.65,0.2,0.2,0.2,2,3;2;2,1.4368,1.4511,1.4165,0.0069,1.35,0.8585,0.995,-1.415,0.05,0.02
realistic_deep,0.75,-0.2,0.55,0.65,0.2,0.2,0.2,2,3;2;2,1.4368,1.4511,1.3785,0.0,1.35,0.8585,0.995,-4.055,0.05,0.05
realistic_deep,0.75,-0.2,0.55,0.65,0.2,0.2,0.2,2,3;2;2,1.4368,1.4511,1.4482,0.0057,1.35,0.8585,0.995,0.796,0.15,0.0
realistic_deep,0.75,-0.2,0.55,0.65,0.2,0.2,0.2,2,3;2;2,1.4368,1.4511,1.4215,0.0011,1.35,0.8585,0.995,-1.061,0.15,0.02
realistic_deep,0.75,-0.2,0.55,0.65,0.2,0.2,0.2,2,3;2;2,1.4368,1.4511,1.363,0.0195,1.35,0.8585,0.995,-5.137,0.15,0.05
realistic_deep,0.75,-0.2,0.55,0.65,0.2,0.2,0.4,1,2;1;1,1.1571,1.1658,1.1658,0.0,1.1571,0.0,0.75,0.75,0.0,0.0
realistic_deep,0.75,-0.2,0.55,0.65,0.2,0.2,0.4,1,2;1;1,1.1571,1.1658,1.1425,0.0,1.1571,0.0,0.75,-1.265,0.0,0.02
realistic_deep,0.75,-0.2,0.55,0.65,0.2,0.2,0.4,1,2;1;1,1.1571,1.1658,1.1075,0.0,1.1571,0.0,0.75,-4.287,0.0,0.05
realistic_deep,0.75,-0.2,0.55,0.65,0.2,0.2,0.4,1,2;1;1,1.1571,1.1658,1.1641,0.0035,1.1571,0.0,0.75,0.6,0.05,0.0
realistic_deep,0.75,-0.2,0.55,0.65,0.2,0.2,0.4,1,2;1;1,1.1571,1.1658,1.1408,0.0034,1.1571,0.0,0.75,-1.412,0.05,0.02
realistic_deep,0.75,-0.2,0.55,0.65,0.2,0.2,0.4,1,2;1;1,1.1571,1.1658,1.0994,0.0163,1.1571,0.0,0.75,-4.992,0.05,0.05
realistic_deep,0.75,-0.2,0.55,0.65,0.2,0.2,0.4,1,2;1;1,1.1571,1.1658,1.1647,0.0022,1.1571,0.0,0.75,0.656,0.15,0.0
realistic_deep,0.75,-0.2,0.55,0.65,0.2,0.2,0.4,1,2;1;1,1.1571,1.1658,1.1408,0.0034,1.1571,0.0,0.75,-1.412,0.15,0.02
realistic_deep,0.75,-0.2,0.55,0.65,0.2,0.2,0.4,1,2;1;1,1.1571,1.1658,1.1059,0.0033,1.1571,0.0,0.75,-4.43,0.15,0.05
realistic_deep,0.75,-0.1,0.65,0.7,0.1,0.1,0.05,5,7;5;6,2.2905,2.2995,2.2995,0.0,1.6048,0.9871,0.391,0.391,0.0,0.0
realistic_deep,0.75,-0.1,0.65,0.7,0.1,0.1,0.05,5,7;5;6,2.2905,2.2995,2.2535,0.0,1.6048,0.9871,0.391,-1.616,0.0,0.02
realistic_deep,0.75,-0.1,0.65,0.7,0.1,0.1,0.05,5,7;5;6,2.2905,2.2995,2.1845,0.0,1.6048,0.9871,0.391,-4.628,0.0,0.05
realistic_deep,0.75,-0.1,0.65,0.7,0.1,0.1,0.05,5,7;5;6,2.2905,2.2995,2.2995,0.0,1.6048,0.9871,0.391,0.391,0.05,0.0
realistic_deep,0.75,-0.1,0.65,0.7,0.1,0.1,0.05,5,7;5;6,2.2905,2.2995,2.2535,0.0,1.6048,0.9871,0.391,-1.616,0.05,0.02
realistic_deep,0.75,-0.1,0.65,0.7,0.1,0.1,0.05,5,7;5;6,2.2905,2.2995,2.1845,0.0,1.6048,0.9871,0.391,-4.628,0.05,0.05
realistic_deep,0.75,-0.1,0.65,0.7,0.1,0.1,0.05,5,7;5;6,2.2905,2.2995,2.2951,0.0055,1.6048,0.9871,0.391,0.201,0.15,0.0
realistic_deep,0.75,-0.1,0.65,0.7,0.1,0.1,0.05,5,7;5;6,2.2905,2.2995,2.2466,0.0139,1.6048,0.9871,0.391,-1.92,0.15,0.02
realistic_deep,0.75,-0.1,0.65,0.7,0.1,0.1,0.05,5,7;5;6,2.2905,2.2995,2.1778,0.0134,1.6048,0.9871,0.391,-4.922,0.15,0.05
realistic_deep,0.75,-0.1,0.65,0.7,0.1,0.1,0.1,4,5;3;4,1.9332,1.9372,1.9372,0.0,1.5318,0.99,0.209,0.209,0.0,0.0
realistic_deep,0.75,-0.1,0.65,0.7,0.1,0.1,0.1,4,5;3;4,1.9332,1.9372,1.8984,0.0,1.5318,0.99,0.209,-1.795,0.0,0.02
realistic_deep,0.75,-0.1,0.65,0.7,0.1,0.1,0.1,4,5;3;4,1.9332,1.9372,1.8403,0.0,1.5318,0.99,0.209,-4.802,0.0,0.05
realistic_deep,0.75,-0.1,0.65,0.7,0.1,0.1,0.1,4,5;3;4,1.9332,1.9372,1.9372,0.0,1.5318,0.99,0.209,0.209,0.05,0.0
realistic_deep,0.75,-0.1,0.65,0.7,0.1,0.1,0.1,4,5;3;4,1.9332,1.9372,1.8929,0.0093,1.5318,0.99,0.209,-2.084,0.05,0.02
realistic_deep,0.75,-0.1,0.65,0.7,0.1,0.1,0.1,4,5;3;4,1.9332,1.9372,1.8361,0.0084,1.5318,0.99,0.209,-5.02,0.05,0.05
realistic_deep,0.75,-0.1,0.65,0.7,0.1,0.1,0.1,4,5;3;4,1.9332,1.9372,1.9302,0.0124,1.5318,0.99,0.209,-0.152,0.15,0.0
realistic_deep,0.75,-0.1,0.65,0.7,0.1,0.1,0.1,4,5;3;4,1.9332,1.9372,1.8961,0.0016,1.5318,0.99,0.209,-1.918,0.15,0.02
realistic_deep,0.75,-0.1,0.65,0.7,0.1,0.1,0.1,4,5;3;4,1.9332,1.9372,1.8383,0.0025,1.5318,0.99,0.209,-4.905,0.15,0.05
realistic_deep,0.75,-0.1,0.65,0.7,0.1,0.1,0.2,3,3;2;3,1.5507,1.5581,1.5581,0.0,1.4042,0.9521,0.475,0.475,0.0,0.0
realistic_deep,0.75,-0.1,0.65,0.7,0.1,0.1,0.2,3,3;2;3,1.5507,1.5581,1.5269,0.0,1.4042,0.9521,0.475,-1.534,0.0,0.02
realistic_deep,0.75,-0.1,0.65,0.7,0.1,0.1,0.2,3,3;2;3,1.5507,1.5581,1.4802,0.0,1.4042,0.9521,0.475,-4.548,0.0,0.05
realistic_deep,0.75,-0.1,0.65,0.7,0.1,0.1,0.2,3,3;2;3,1.5507,1.5581,1.5537,0.0057,1.4042,0.9521,0.475,0.196,0.05,0.0
realistic_deep,0.75,-0.1,0.65,0.7,0.1,0.1,0.2,3,3;2;3,1.5507,1.5581,1.5269,0.0,1.4042,0.9521,0.475,-1.534,0.05,0.02
realistic_deep,0.75,-0.1,0.65,0.7,0.1,0.1,0.2,3,3;2;3,1.5507,1.5581,1.476,0.0055,1.4042,0.9521,0.475,-4.814,0.05,0.05
realistic_deep,0.75,-0.1,0.65,0.7,0.1,0.1,0.2,3,3;2;3,1.5507,1.5581,1.5566,0.0029,1.4042,0.9521,0.475,0.38,0.15,0.0
realistic_deep,0.75,-0.1,0.65,0.7,0.1,0.1,0.2,3,3;2;3,1.5507,1.5581,1.5241,0.0056,1.4042,0.9521,0.475,-1.715,0.15,0.02
realistic_deep,0.75,-0.1,0.65,0.7,0.1,0.1,0.2,3,3;2;3,1.5507,1.5581,1.4794,0.0014,1.4042,0.9521,0.475,-4.595,0.15,0.05
realistic_deep,0.75,-0.1,0.65,0.7,0.1,0.1,0.4,1,2;1;2,1.2036,1.2127,1.2127,0.0,1.2036,0.0,0.761,0.761,0.0,0.0
realistic_deep,0.75,-0.1,0.65,0.7,0.1,0.1,0.4,1,2;1;2,1.2036,1.2127,1.1885,0.0,1.2036,0.0,0.761,-1.254,0.0,0.02
realistic_deep,0.75,-0.1,0.65,0.7,0.1,0.1,0.4,1,2;1;2,1.2036,1.2127,1.1521,0.0,1.2036,0.0,0.761,-4.277,0.0,0.05
realistic_deep,0.75,-0.1,0.65,0.7,0.1,0.1,0.4,1,2;1;2,1.2036,1.2127,1.208,0.0095,1.2036,0.0,0.761,0.368,0.05,0.0
realistic_deep,0.75,-0.1,0.65,0.7,0.1,0.1,0.4,1,2;1;2,1.2036,1.2127,1.1885,0.0,1.2036,0.0,0.761,-1.254,0.05,0.02
realistic_deep,0.75,-0.1,0.65,0.7,0.1,0.1,0.4,1,2;1;2,1.2036,1.2127,1.1521,0.0,1.2036,0.0,0.761,-4.277,0.05,0.05
realistic_deep,0.75,-0.1,0.65,0.7,0.1,0.1,0.4,1,2;1;2,1.2036,1.2127,1.2097,0.006,1.2036,0.0,0.761,0.512,0.15,0.0
realistic_deep,0.75,-0.1,0.65,0.7,0.1,0.1,0.4,1,2;1;2,1.2036,1.2127,1.1838,0.006,1.2036,0.0,0.761,-1.639,0.15,0.02
realistic_deep,0.75,-0.1,0.65,0.7,0.1,0.1,0.4,1,2;1;2,1.2036,1.2127,1.1493,0.0057,1.2036,0.0,0.761,-4.513,0.15,0.05
realistic_deep,0.75,0.0,0.75,0.75,0.0,0.0,0.05,7,7;7;7,2.6663,2.6663,2.6663,0.0,1.6667,1.0,0.0,0.0,0.0,0.0
realistic_deep,0.75,0.0,0.75,0.75,0.0,0.0,0.05,7,7;7;7,2.6663,2.6663,2.613,0.0,1.6667,1.0,0.0,-2.0,0.0,0.02
realistic_deep,0.75,0.0,0.75,0.75,0.0,0.0,0.05,7,7;7;7,2.6663,2.6663,2.533,0.0,1.6667,1.0,0.0,-5.0,0.0,0.05
realistic_deep,0.75,0.0,0.75,0.75,0.0,0.0,0.05,7,7;7;7,2.6663,2.6663,2.6663,0.0,1.6667,1.0,0.0,0.0,0.05,0.0
realistic_deep,0.75,0.0,0.75,0.75,0.0,0.0,0.05,7,7;7;7,2.6663,2.6663,2.613,0.0,1.6667,1.0,0.0,-2.0,0.05,0.02
realistic_deep,0.75,0.0,0.75,0.75,0.0,0.0,0.05,7,7;7;7,2.6663,2.6663,2.533,0.0,1.6667,1.0,0.0,-5.0,0.05,0.05
realistic_deep,0.75,0.0,0.75,0.75,0.0,0.0,0.05,7,7;7;7,2.6663,2.6663,2.6663,0.0,1.6667,1.0,0.0,0.0,0.15,0.0
realistic_deep,0.75,0.0,0.75,0.75,0.0,0.0,0.05,7,7;7;7,2.6663,2.6663,2.613,0.0,1.6667,1.0,0.0,-2.0,0.15,0.02
realistic_deep,0.75,0.0,0.75,0.75,0.0,0.0,0.05,7,7;7;7,2.6663,2.6663,2.533,0.0,1.6667,1.0,0.0,-5.0,0.15,0.05
realistic_deep,0.75,0.0,0.75,0.75,0.0,0.0,0.1,5,5;5;5,2.1921,2.1921,2.1921,0.0,1.5909,1.0,0.0,0.0,0.0,0.0
realistic_deep,0.75,0.0,0.75,0.75,0.0,0.0,0.1,5,5;5;5,2.1921,2.1921,2.1482,0.0,1.5909,1.0,0.0,-2.0,0.0,0.02
realistic_deep,0.75,0.0,0.75,0.75,0.0,0.0,0.1,5,5;5;5,2.1921,2.1921,2.0825,0.0,1.5909,1.0,0.0,-5.0,0.0,0.05
realistic_deep,0.75,0.0,0.75,0.75,0.0,0.0,0.1,5,5;5;5,2.1921,2.1921,2.1921,0.0,1.5909,1.0,0.0,0.0,0.05,0.0
realistic_deep,0.75,0.0,0.75,0.75,0.0,0.0,0.1,5,5;5;5,2.1921,2.1921,2.1482,0.0,1.5909,1.0,0.0,-2.0,0.05,0.02
realistic_deep,0.75,0.0,0.75,0.75,0.0,0.0,0.1,5,5;5;5,2.1921,2.1921,2.0825,0.0,1.5909,1.0,0.0,-5.0,0.05,0.05
realistic_deep,0.75,0.0,0.75,0.75,0.0,0.0,0.1,5,5;5;5,2.1921,2.1921,2.1921,0.0,1.5909,1.0,0.0,0.0,0.15,0.0
realistic_deep,0.75,0.0,0.75,0.75,0.0,0.0,0.1,5,5;5;5,2.1921,2.1921,2.1482,0.0,1.5909,1.0,0.0,-2.0,0.15,0.02
realistic_deep,0.75,0.0,0.75,0.75,0.0,0.0,0.1,5,5;5;5,2.1921,2.1921,2.0825,0.0,1.5909,1.0,0.0,-5.0,0.15,0.05
realistic_deep,0.75,0.0,0.75,0.75,0.0,0.0,0.2,3,3;3;3,1.709,1.709,1.709,0.0,1.4583,1.0,0.0,0.0,0.0,0.0
realistic_deep,0.75,0.0,0.75,0.75,0.0,0.0,0.2,3,3;3;3,1.709,1.709,1.6748,0.0,1.4583,1.0,0.0,-2.0,0.0,0.02
realistic_deep,0.75,0.0,0.75,0.75,0.0,0.0,0.2,3,3;3;3,1.709,1.709,1.6235,0.0,1.4583,1.0,0.0,-5.0,0.0,0.05
realistic_deep,0.75,0.0,0.75,0.75,0.0,0.0,0.2,3,3;3;3,1.709,1.709,1.709,0.0,1.4583,1.0,0.0,0.0,0.05,0.0
realistic_deep,0.75,0.0,0.75,0.75,0.0,0.0,0.2,3,3;3;3,1.709,1.709,1.6748,0.0,1.4583,1.0,0.0,-2.0,0.05,0.02
realistic_deep,0.75,0.0,0.75,0.75,0.0,0.0,0.2,3,3;3;3,1.709,1.709,1.6235,0.0,1.4583,1.0,0.0,-5.0,0.05,0.05
realistic_deep,0.75,0.0,0.75,0.75,0.0,0.0,0.2,3,3;3;3,1.709,1.709,1.709,0.0,1.4583,1.0,0.0,0.0,0.15,0.0
realistic_deep,0.75,0.0,0.75,0.75,0.0,0.0,0.2,3,3;3;3,1.709,1.709,1.6748,0.0,1.4583,1.0,0.0,-2.0,0.15,0.02
realistic_deep,0.75,0.0,0.75,0.75,0.0,0.0,0.2,3,3;3;3,1.709,1.709,1.6235,0.0,1.4583,1.0,0.0,-5.0,0.15,0.05
realistic_deep,0.75,0.0,0.75,0.75,0.0,0.0,0.4,2,2;2;2,1.2847,1.2847,1.2847,0.0,1.25,1.0,0.0,0.0,0.0,0.0
realistic_deep,0.75,0.0,0.75,0.75,0.0,0.0,0.4,2,2;2;2,1.2847,1.2847,1.259,0.0,1.25,1.0,0.0,-2.0,0.0,0.02
realistic_deep,0.75,0.0,0.75,0.75,0.0,0.0,0.4,2,2;2;2,1.2847,1.2847,1.2205,0.0,1.25,1.0,0.0,-5.0,0.0,0.05
realistic_deep,0.75,0.0,0.75,0.75,0.0,0.0,0.4,2,2;2;2,1.2847,1.2847,1.2847,0.0,1.25,1.0,0.0,0.0,0.05,0.0
realistic_deep,0.75,0.0,0.75,0.75,0.0,0.0,0.4,2,2;2;2,1.2847,1.2847,1.259,0.0,1.25,1.0,0.0,-2.0,0.05,0.02
realistic_deep,0.75,0.0,0.75,0.75,0.0,0.0,0.4,2,2;2;2,1.2847,1.2847,1.2205,0.0,1.25,1.0,0.0,-5.0,0.05,0.05
realistic_deep,0.75,0.0,0.75,0.75,0.0,0.0,0.4,2,2;2;2,1.2847,1.2847,1.2847,0.0,1.25,1.0,0.0,0.0,0.15,0.0
realistic_deep,0.75,0.0,0.75,0.75,0.0,0.0,0.4,2,2;2;2,1.2847,1.2847,1.259,0.0,1.25,1.0,0.0,-2.0,0.15,0.02
realistic_deep,0.75,0.0,0.75,0.75,0.0,0.0,0.4,2,2;2;2,1.2847,1.2847,1.2205,0.0,1.25,1.0,0.0,-5.0,0.15,0.05
realistic_deep,0.75,0.1,0.85,0.8,0.1,0.1,0.05,9,7;10;8,3.2973,3.3204,3.3204,0.0,1.7286,0.9855,0.7,0.7,0.0,0.0
realistic_deep,0.75,0.1,0.85,0.8,0.1,0.1,0.05,9,7;10;8,3.2973,3.3204,3.254,0.0,1.7286,0.9855,0.7,-1.314,0.0,0.02
realistic_deep,0.75,0.1,0.85,0.8,0.1,0.1,0.05,9,7;10;8,3.2973,3.3204,3.1544,0.0,1.7286,0.9855,0.7,-4.335,0.0,0.05
realistic_deep,0.75,0.1,0.85,0.8,0.1,0.1,0.05,9,7;10;8,3.2973,3.3204,3.3192,0.0024,1.7286,0.9855,0.7,0.664,0.05,0.0
realistic_deep,0.75,0.1,0.85,0.8,0.1,0.1,0.05,9,7;10;8,3.2973,3.3204,3.254,0.0,1.7286,0.9855,0.7,-1.314,0.05,0.02
realistic_deep,0.75,0.1,0.85,0.8,0.1,0.1,0.05,9,7;10;8,3.2973,3.3204,3.154,0.0007,1.7286,0.9855,0.7,-4.347,0.05,0.05
realistic_deep,0.75,0.1,0.85,0.8,0.1,0.1,0.05,9,7;10;8,3.2973,3.3204,3.3069,0.0231,1.7286,0.9855,0.7,0.291,0.15,0.0
realistic_deep,0.75,0.1,0.85,0.8,0.1,0.1,0.05,9,7;10;8,3.2973,3.3204,3.254,0.0,1.7286,0.9855,0.7,-1.314,0.15,0.02
realistic_deep,0.75,0.1,0.85,0.8,0.1,0.1,0.05,9,7;10;8,3.2973,3.3204,3.1483,0.0085,1.7286,0.9855,0.7,-4.52,0.15,0.05
realistic_deep,0.75,0.1,0.85,0.8,0.1,0.1,0.1,6,5;7;6,2.5925,2.6111,2.6111,0.0,1.65,0.9807,0.716,0.716,0.0,0.0
realistic_deep,0.75,0.1,0.85,0.8,0.1,0.1,0.1,6,5;7;6,2.5925,2.6111,2.5589,0.0,1.65,0.9807,0.716,-1.298,0.0,0.02
realistic_deep,0.75,0.1,0.85,0.8,0.1,0.1,0.1,6,5;7;6,2.5925,2.6111,2.4805,0.0,1.65,0.9807,0.716,-4.32,0.0,0.05
realistic_deep,0.75,0.1,0.85,0.8,0.1,0.1,0.1,6,5;7;6,2.5925,2.6111,2.6111,0.0,1.65,0.9807,0.716,0.716,0.05,0.0
realistic_deep,0.75,0.1,0.85,0.8,0.1,0.1,0.1,6,5;7;6,2.5925,2.6111,2.5585,0.0008,1.65,0.9807,0.716,-1.313,0.05,0.02
realistic_deep,0.75,0.1,0.85,0.8,0.1,0.1,0.1,6,5;7;6,2.5925,2.6111,2.4805,0.0,1.65,0.9807,0.716,-4.32,0.05,0.05
realistic_deep,0.75,0.1,0.85,0.8,0.1,0.1,0.1,6,5;7;6,2.5925,2.6111,2.5971,0.0177,1.65,0.9807,0.716,0.179,0.15,0.0
realistic_deep,0.75,0.1,0.85,0.8,0.1,0.1,0.1,6,5;7;6,2.5925,2.6111,2.5485,0.0208,1.65,0.9807,0.716,-1.699,0.15,0.02
realistic_deep,0.75,0.1,0.85,0.8,0.1,0.1,0.1,6,5;7;6,2.5925,2.6111,2.477,0.0046,1.65,0.9807,0.716,-4.456,0.15,0.05
realistic_deep,0.75,0.1,0.85,0.8,0.1,0.1,0.2,4,3;5;4,1.9304,1.9426,1.9426,0.0,1.5125,0.9716,0.633,0.633,0.0,0.0
realistic_deep,0.75,0.1,0.85,0.8,0.1,0.1,0.2,4,3;5;4,1.9304,1.9426,1.9038,0.0,1.5125,0.9716,0.633,-1.379,0.0,0.02
realistic_deep,0.75,0.1,0.85,0.8,0.1,0.1,0.2,4,3;5;4,1.9304,1.9426,1.8455,0.0,1.5125,0.9716,0.633,-4.398,0.0,0.05
realistic_deep,0.75,0.1,0.85,0.8,0.1,0.1,0.2,4,3;5;4,1.9304,1.9426,1.9408,0.0022,1.5125,0.9716,0.633,0.538,0.05,0.0
realistic_deep,0.75,0.1,0.85,0.8,0.1,0.1,0.2,4,3;5;4,1.9304,1.9426,1.9022,0.0032,1.5125,0.9716,0.633,-1.461,0.05,0.02
realistic_deep,0.75,0.1,0.85,0.8,0.1,0.1,0.2,4,3;5;4,1.9304,1.9426,1.8447,0.0017,1.5125,0.9716,0.633,-4.443,0.05,0.05
realistic_deep,0.75,0.1,0.85,0.8,0.1,0.1,0.2,4,3;5;4,1.9304,1.9426,1.9324,0.0182,1.5125,0.9716,0.633,0.104,0.15,0.0
realistic_deep,0.75,0.1,0.85,0.8,0.1,0.1,0.2,4,3;5;4,1.9304,1.9426,1.9029,0.0018,1.5125,0.9716,0.633,-1.425,0.15,0.02
realistic_deep,0.75,0.1,0.85,0.8,0.1,0.1,0.2,4,3;5;4,1.9304,1.9426,1.8447,0.0017,1.5125,0.9716,0.633,-4.443,0.15,0.05
realistic_deep,0.75,0.1,0.85,0.8,0.1,0.1,0.4,2,2;3;2,1.3783,1.3889,1.3889,0.0,1.2964,0.8853,0.77,0.77,0.0,0.0
realistic_deep,0.75,0.1,0.85,0.8,0.1,0.1,0.4,2,2;3;2,1.3783,1.3889,1.3612,0.0,1.2964,0.8853,0.77,-1.245,0.0,0.02
realistic_deep,0.75,0.1,0.85,0.8,0.1,0.1,0.4,2,2;3;2,1.3783,1.3889,1.3195,0.0,1.2964,0.8853,0.77,-4.268,0.0,0.05
realistic_deep,0.75,0.1,0.85,0.8,0.1,0.1,0.4,2,2;3;2,1.3783,1.3889,1.3857,0.0039,1.2964,0.8853,0.77,0.536,0.05,0.0
realistic_deep,0.75,0.1,0.85,0.8,0.1,0.1,0.4,2,2;3;2,1.3783,1.3889,1.3606,0.0011,1.2964,0.8853,0.77,-1.284,0.05,0.02
realistic_deep,0.75,0.1,0.85,0.8,0.1,0.1,0.4,2,2;3;2,1.3783,1.3889,1.3175,0.004,1.2964,0.8853,0.77,-4.415,0.05,0.05
realistic_deep,0.75,0.1,0.85,0.8,0.1,0.1,0.4,2,2;3;2,1.3783,1.3889,1.3869,0.0042,1.2964,0.8853,0.77,0.618,0.15,0.0
realistic_deep,0.75,0.1,0.85,0.8,0.1,0.1,0.4,2,2;3;2,1.3783,1.3889,1.3591,0.0041,1.2964,0.8853,0.77,-1.394,0.15,0.02
realistic_deep,0.75,0.1,0.85,0.8,0.1,0.1,0.4,2,2;3;2,1.3783,1.3889,1.3155,0.0049,1.2964,0.8853,0.77,-4.561,0.15,0.05
realistic_deep,0.75,0.2,0.95,0.85,0.2,0.2,0.05,17,7;21;10,4.8037,5.0365,5.0365,0.0,1.7905,0.9283,4.848,4.848,0.0,0.0
realistic_deep,0.75,0.2,0.95,0.85,0.2,0.2,0.05,17,7;21;10,4.8037,5.0365,4.9358,0.0,1.7905,0.9283,4.848,2.751,0.0,0.02
realistic_deep,0.75,0.2,0.95,0.85,0.2,0.2,0.05,17,7;21;10,4.8037,5.0365,4.7847,0.0,1.7905,0.9283,4.848,-0.395,0.0,0.05
realistic_deep,0.75,0.2,0.95,0.85,0.2,0.2,0.05,17,7;21;10,4.8037,5.0365,5.0309,0.0112,1.7905,0.9283,4.848,4.731,0.05,0.0
realistic_deep,0.75,0.2,0.95,0.85,0.2,0.2,0.05,17,7;21;10,4.8037,5.0365,4.9358,0.0,1.7905,0.9283,4.848,2.751,0.05,0.02
realistic_deep,0.75,0.2,0.95,0.85,0.2,0.2,0.05,17,7;21;10,4.8037,5.0365,4.6959,0.1777,1.7905,0.9283,4.848,-2.245,0.05,0.05
realistic_deep,0.75,0.2,0.95,0.85,0.2,0.2,0.05,17,7;21;10,4.8037,5.0365,4.7876,0.2422,1.7905,0.9283,4.848,-0.334,0.15,0.0
realistic_deep,0.75,0.2,0.95,0.85,0.2,0.2,0.05,17,7;21;10,4.8037,5.0365,4.7271,0.216,1.7905,0.9283,4.848,-1.595,0.15,0.02
realistic_deep,0.75,0.2,0.95,0.85,0.2,0.2,0.05,17,7;21;10,4.8037,5.0365,4.67,0.169,1.7905,0.9283,4.848,-2.783,0.15,0.05
realistic_deep,0.75,0.2,0.95,0.85,0.2,0.2,0.1,11,5;15;7,3.4134,3.5821,3.5821,0.0,1.7091,0.9099,4.942,4.942,0.0,0.0
realistic_deep,0.75,0.2,0.95,0.85,0.2,0.2,0.1,11,5;15;7,3.4134,3.5821,3.5104,0.0,1.7091,0.9099,4.942,2.844,0.0,0.02
realistic_deep,0.75,0.2,0.95,0.85,0.2,0.2,0.1,11,5;15;7,3.4134,3.5821,3.403,0.0,1.7091,0.9099,4.942,-0.305,0.0,0.05
realistic_deep,0.75,0.2,0.95,0.85,0.2,0.2,0.1,11,5;15;7,3.4134,3.5821,3.5821,0.0,1.7091,0.9099,4.942,4.942,0.05,0.0
realistic_deep,0.75,0.2,0.95,0.85,0.2,0.2,0.1,11,5;15;7,3.4134,3.5821,3.5104,0.0,1.7091,0.9099,4.942,2.844,0.05,0.02
realistic_deep,0.75,0.2,0.95,0.85,0.2,0.2,0.1,11,5;15;7,3.4134,3.5821,3.403,0.0,1.7091,0.9099,4.942,-0.305,0.05,0.05
realistic_deep,0.75,0.2,0.95,0.85,0.2,0.2,0.1,11,5;15;7,3.4134,3.5821,3.5667,0.0307,1.7091,0.9099,4.942,4.492,0.15,0.0
realistic_deep,0.75,0.2,0.95,0.85,0.2,0.2,0.1,11,5;15;7,3.4134,3.5821,3.4917,0.0292,1.7091,0.9099,4.942,2.295,0.15,0.02
realistic_deep,0.75,0.2,0.95,0.85,0.2,0.2,0.1,11,5;15;7,3.4134,3.5821,3.3419,0.1059,1.7091,0.9099,4.942,-2.093,0.15,0.05
realistic_deep,0.75,0.2,0.95,0.85,0.2,0.2,0.2,7,3;10;5,2.3218,2.4235,2.4235,0.0,1.5667,0.8812,4.383,4.383,0.0,0.0
realistic_deep,0.75,0.2,0.95,0.85,0.2,0.2,0.2,7,3;10;5,2.3218,2.4235,2.3751,0.0,1.5667,0.8812,4.383,2.295,0.0,0.02
realistic_deep,0.75,0.2,0.95,0.85,0.2,0.2,0.2,7,3;10;5,2.3218,2.4235,2.3024,0.0,1.5667,0.8812,4.383,-0.836,0.0,0.05
realistic_deep,0.75,0.2,0.95,0.85,0.2,0.2,0.2,7,3;10;5,2.3218,2.4235,2.4202,0.0068,1.5667,0.8812,4.383,4.237,0.05,0.0
realistic_deep,0.75,0.2,0.95,0.85,0.2,0.2,0.2,7,3;10;5,2.3218,2.4235,2.3507,0.0412,1.5667,0.8812,4.383,1.247,0.05,0.02
realistic_deep,0.75,0.2,0.95,0.85,0.2,0.2,0.2,7,3;10;5,2.3218,2.4235,2.2552,0.0577,1.5667,0.8812,4.383,-2.867,0.05,0.05
realistic_deep,0.75,0.2,0.95,0.85,0.2,0.2,0.2,7,3;10;5,2.3218,2.4235,2.3559,0.0681,1.5667,0.8812,4.383,1.467,0.15,0.0
realistic_deep,0.75,0.2,0.95,0.85,0.2,0.2,0.2,7,3;10;5,2.3218,2.4235,2.3506,0.0412,1.5667,0.8812,4.383,1.241,0.15,0.02
realistic_deep,0.75,0.2,0.95,0.85,0.2,0.2,0.2,7,3;10;5,2.3218,2.4235,2.2938,0.0172,1.5667,0.8812,4.383,-1.206,0.15,0.05
realistic_deep,0.75,0.2,0.95,0.85,0.2,0.2,0.4,4,2;6;3,1.5357,1.5868,1.5868,0.0,1.3429,0.7904,3.33,3.33,0.0,0.0
realistic_deep,0.75,0.2,0.95,0.85,0.2,0.2,0.4,4,2;6;3,1.5357,1.5868,1.5551,0.0,1.3429,0.7904,3.33,1.263,0.0,0.02
realistic_deep,0.75,0.2,0.95,0.85,0.2,0.2,0.4,4,2;6;3,1.5357,1.5868,1.5075,0.0,1.3429,0.7904,3.33,-1.837,0.0,0.05
realistic_deep,0.75,0.2,0.95,0.85,0.2,0.2,0.4,4,2;6;3,1.5357,1.5868,1.5451,0.0511,1.3429,0.7904,3.33,0.611,0.05,0.0
realistic_deep,0.75,0.2,0.95,0.85,0.2,0.2,0.4,4,2;6;3,1.5357,1.5868,1.5531,0.0041,1.3429,0.7904,3.33,1.13,0.05,0.02
realistic_deep,0.75,0.2,0.95,0.85,0.2,0.2,0.4,4,2;6;3,1.5357,1.5868,1.4929,0.0245,1.3429,0.7904,3.33,-2.787,0.05,0.05
realistic_deep,0.75,0.2,0.95,0.85,0.2,0.2,0.4,4,2;6;3,1.5357,1.5868,1.5728,0.0262,1.3429,0.7904,3.33,2.416,0.15,0.0
realistic_deep,0.75,0.2,0.95,0.85,0.2,0.2,0.4,4,2;6;3,1.5357,1.5868,1.5163,0.0648,1.3429,0.7904,3.33,-1.261,0.15,0.02
realistic_deep,0.75,0.2,0.95,0.85,0.2,0.2,0.4,4,2;6;3,1.5357,1.5868,1.5075,0.0,1.3429,0.7904,3.33,-1.837,0.15,0.05
realistic_deep,0.75,0.3,0.98,0.865,0.23,0.23,0.05,29,7;32;11,6.1067,6.6013,6.6013,0.0,1.809,0.8968,8.1,8.1,0.0,0.0
realistic_deep,0.75,0.3,0.98,0.865,0.23,0.23,0.05,29,7;32;11,6.1067,6.6013,6.4693,0.0,1.809,0.8968,8.1,5.938,0.0,0.02
realistic_deep,0.75,0.3,0.98,0.865,0.23,0.23,0.05,29,7;32;11,6.1067,6.6013,6.2713,0.0,1.809,0.8968,8.1,2.695,0.0,0.05
realistic_deep,0.75,0.3,0.98,0.865,0.23,0.23,0.05,29,7;32;11,6.1067,6.6013,6.3359,0.5309,1.809,0.8968,8.1,3.754,0.05,0.0
realistic_deep,0.75,0.3,0.98,0.865,0.23,0.23,0.05,29,7;32;11,6.1067,6.6013,6.4693,0.0,1.809,0.8968,8.1,5.938,0.05,0.02
realistic_deep,0.75,0.3,0.98,0.865,0.23,0.23,0.05,29,7;32;11,6.1067,6.6013,5.871,0.8005,1.809,0.8968,8.1,-3.859,0.05,0.05
realistic_deep,0.75,0.3,0.98,0.865,0.23,0.23,0.05,29,7;32;11,6.1067,6.6013,6.5449,0.1128,1.809,0.8968,8.1,7.177,0.15,0.0
realistic_deep,0.75,0.3,0.98,0.865,0.23,0.23,0.05,29,7;32;11,6.1067,6.6013,6.4188,0.0851,1.809,0.8968,8.1,5.111,0.15,0.02
realistic_deep,0.75,0.3,0.98,0.865,0.23,0.23,0.05,29,7;32;11,6.1067,6.6013,5.3748,0.9065,1.809,0.8968,8.1,-11.985,0.15,0.05
realistic_deep,0.75,0.3,0.98,0.865,0.23,0.23,0.1,18,5;26;8,3.9818,4.3596,4.3596,0.0,1.7268,0.8565,9.486,9.486,0.0,0.0
realistic_deep,0.75,0.3,0.98,0.865,0.23,0.23,0.1,18,5;26;8,3.9818,4.3596,4.2724,0.0,1.7268,0.8565,9.486,7.296,0.0,0.02
realistic_deep,0.75,0.3,0.98,0.865,0.23,0.23,0.1,18,5;26;8,3.9818,4.3596,4.1416,0.0,1.7268,0.8565,9.486,4.012,0.0,0.05
realistic_deep,0.75,0.3,0.98,0.865,0.23,0.23,0.1,18,5;26;8,3.9818,4.3596,4.3596,0.0,1.7268,0.8565,9.486,9.486,0.05,0.0
realistic_deep,0.75,0.3,0.98,0.865,0.23,0.23,0.1,18,5;26;8,3.9818,4.3596,4.2673,0.0102,1.7268,0.8565,9.486,7.168,0.05,0.02
realistic_deep,0.75,0.3,0.98,0.865,0.23,0.23,0.1,18,5;26;8,3.9818,4.3596,4.1416,0.0,1.7268,0.8565,9.486,4.012,0.05,0.05
realistic_deep,0.75,0.3,0.98,0.865,0.23,0.23,0.1,18,5;26;8,3.9818,4.3596,4.2935,0.103,1.7268,0.8565,9.486,7.826,0.15,0.0
realistic_deep,0.75,0.3,0.98,0.865,0.23,0.23,0.1,18,5;26;8,3.9818,4.3596,4.2673,0.0102,1.7268,0.8565,9.486,7.168,0.15,0.02
realistic_deep,0.75,0.3,0.98,0.865,0.23,0.23,0.1,18,5;26;8,3.9818,4.3596,4.0902,0.1027,1.7268,0.8565,9.486,2.722,0.15,0.05
realistic_deep,0.75,0.3,0.98,0.865,0.23,0.23,0.2,10,3;18;5,2.5395,2.7634,2.7634,0.0,1.5829,0.8104,8.814,8.814,0.0,0.0
realistic_deep,0.75,0.3,0.98,0.865,0.23,0.23,0.2,10,3;18;5,2.5395,2.7634,2.7081,0.0,1.5829,0.8104,8.814,6.638,0.0,0.02
realistic_deep,0.75,0.3,0.98,0.865,0.23,0.23,0.2,10,3;18;5,2.5395,2.7634,2.6252,0.0,1.5829,0.8104,8.814,3.373,0.0,0.05
realistic_deep,0.75,0.3,0.98,0.865,0.23,0.23,0.2,10,3;18;5,2.5395,2.7634,2.6069,0.223,1.5829,0.8104,8.814,2.654,0.05,0.0
realistic_deep,0.75,0.3,0.98,0.865,0.23,0.23,0.2,10,3;18;5,2.5395,2.7634,2.7081,0.0,1.5829,0.8104,8.814,6.638,0.05,0.02
realistic_deep,0.75,0.3,0.98,0.865,0.23,0.23,0.2,10,3;18;5,2.5395,2.7634,2.5852,0.0801,1.5829,0.8104,8.814,1.796,0.05,0.05
realistic_deep,0.75,0.3,0.98,0.865,0.23,0.23,0.2,10,3;18;5,2.5395,2.7634,2.7634,0.0,1.5829,0.8104,8.814,8.814,0.15,0.0
realistic_deep,0.75,0.3,0.98,0.865,0.23,0.23,0.2,10,3;18;5,2.5395,2.7634,2.6576,0.0619,1.5829,0.8104,8.814,4.649,0.15,0.02
realistic_deep,0.75,0.3,0.98,0.865,0.23,0.23,0.2,10,3;18;5,2.5395,2.7634,2.5166,0.2171,1.5829,0.8104,8.814,-0.901,0.15,0.05
realistic_deep,0.75,0.3,0.98,0.865,0.23,0.23,0.4,5,2;11;3,1.6074,1.7139,1.7139,0.0,1.3568,0.7018,6.626,6.626,0.0,0.0
realistic_deep,0.75,0.3,0.98,0.865,0.23,0.23,0.4,5,2;11;3,1.6074,1.7139,1.6797,0.0,1.3568,0.7018,6.626,4.494,0.0,0.02
realistic_deep,0.75,0.3,0.98,0.865,0.23,0.23,0.4,5,2;11;3,1.6074,1.7139,1.6282,0.0,1.3568,0.7018,6.626,1.295,0.0,0.05
realistic_deep,0.75,0.3,0.98,0.865,0.23,0.23,0.4,5,2;11;3,1.6074,1.7139,1.7139,0.0,1.3568,0.7018,6.626,6.626,0.05,0.0
realistic_deep,0.75,0.3,0.98,0.865,0.23,0.23,0.4,5,2;11;3,1.6074,1.7139,1.6797,0.0,1.3568,0.7018,6.626,4.494,0.05,0.02
realistic_deep,0.75,0.3,0.98,0.865,0.23,0.23,0.4,5,2;11;3,1.6074,1.7139,1.6023,0.047,1.3568,0.7018,6.626,-0.317,0.05,0.05
realistic_deep,0.75,0.3,0.98,0.865,0.23,0.23,0.4,5,2;11;3,1.6074,1.7139,1.6999,0.0281,1.3568,0.7018,6.626,5.753,0.15,0.0
realistic_deep,0.75,0.3,0.98,0.865,0.23,0.23,0.4,5,2;11;3,1.6074,1.7139,1.6638,0.0268,1.3568,0.7018,6.626,3.51,0.15,0.02
realistic_deep,0.75,0.3,0.98,0.865,0.23,0.23,0.4,5,2;11;3,1.6074,1.7139,1.6282,0.0,1.3568,0.7018,6.626,1.295,0.15,0.05
realistic_deep,0.85,-0.3,0.55,0.7,0.3,0.3,0.05,6,10;4;6,2.2675,2.363,2.363,0.0,1.5762,0.8786,4.213,4.213,0.0,0.0
realistic_deep,0.85,-0.3,0.55,0.7,0.3,0.3,0.05,6,10;4;6,2.2675,2.363,2.3158,0.0,1.5762,0.8786,4.213,2.128,0.0,0.02
realistic_deep,0.85,-0.3,0.55,0.7,0.3,0.3,0.05,6,10;4;6,2.2675,2.363,2.2449,0.0,1.5762,0.8786,4.213,-0.998,0.0,0.05
realistic_deep,0.85,-0.3,0.55,0.7,0.3,0.3,0.05,6,10;4;6,2.2675,2.363,2.3323,0.0614,1.5762,0.8786,4.213,2.858,0.05,0.0
realistic_deep,0.85,-0.3,0.55,0.7,0.3,0.3,0.05,6,10;4;6,2.2675,2.363,2.2772,0.0573,1.5762,0.8786,4.213,0.426,0.05,0.02
realistic_deep,0.85,-0.3,0.55,0.7,0.3,0.3,0.05,6,10;4;6,2.2675,2.363,2.2346,0.0206,1.5762,0.8786,4.213,-1.452,0.05,0.05
realistic_deep,0.85,-0.3,0.55,0.7,0.3,0.3,0.05,6,10;4;6,2.2675,2.363,2.356,0.014,1.5762,0.8786,4.213,3.904,0.15,0.0
realistic_deep,0.85,-0.3,0.55,0.7,0.3,0.3,0.05,6,10;4;6,2.2675,2.363,2.297,0.0374,1.5762,0.8786,4.213,1.303,0.15,0.02
realistic_deep,0.85,-0.3,0.55,0.7,0.3,0.3,0.05,6,10;4;6,2.2675,2.363,2.2366,0.0129,1.5762,0.8786,4.213,-1.361,0.15,0.05
realistic_deep,0.85,-0.3,0.55,0.7,0.3,0.3,0.1,4,7;3;4,1.8875,1.9635,1.9635,0.0,1.5045,0.8343,4.029,4.029,0.0,0.0
realistic_deep,0.85,-0.3,0.55,0.7,0.3,0.3,0.1,4,7;3;4,1.8875,1.9635,1.9243,0.0,1.5045,0.8343,4.029,1.949,0.0,0.02
realistic_deep,0.85,-0.3,0.55,0.7,0.3,0.3,0.1,4,7;3;4,1.8875,1.9635,1.8654,0.0,1.5045,0.8343,4.029,-1.172,0.0,0.05
realistic_deep,0.85,-0.3,0.55,0.7,0.3,0.3,0.1,4,7;3;4,1.8875,1.9635,1.9331,0.0493,1.5045,0.8343,4.029,2.417,0.05,0.0
realistic_deep,0.85,-0.3,0.55,0.7,0.3,0.3,0.1,4,7;3;4,1.8875,1.9635,1.9191,0.0104,1.5045,0.8343,4.029,1.672,0.05,0.02
realistic_deep,0.85,-0.3,0.55,0.7,0.3,0.3,0.1,4,7;3;4,1.8875,1.9635,1.8415,0.037,1.5045,0.8343,4.029,-2.436,0.05,0.05
realistic_deep,0.85,-0.3,0.55,0.7,0.3,0.3,0.1,4,7;3;4,1.8875,1.9635,1.9353,0.0565,1.5045,0.8343,4.029,2.533,0.15,0.0
realistic_deep,0.85,-0.3,0.55,0.7,0.3,0.3,0.1,4,7;3;4,1.8875,1.9635,1.8994,0.0381,1.5045,0.8343,4.029,0.629,0.15,0.02
realistic_deep,0.85,-0.3,0.55,0.7,0.3,0.3,0.1,4,7;3;4,1.8875,1.9635,1.8641,0.0025,1.5045,0.8343,4.029,-1.237,0.15,0.05
realistic_deep,0.85,-0.3,0.55,0.7,0.3,0.3,0.2,3,5;2;3,1.5085,1.5634,1.5634,0.0,1.3792,0.702,3.64,3.64,0.0,0.0
realistic_deep,0.85,-0.3,0.55,0.7,0.3,0.3,0.2,3,5;2;3,1.5085,1.5634,1.5322,0.0,1.3792,0.702,3.64,1.567,0.0,0.02
realistic_deep,0.85,-0.3,0.55,0.7,0.3,0.3,0.2,3,5;2;3,1.5085,1.5634,1.4853,0.0,1.3792,0.702,3.64,-1.542,0.0,0.05
realistic_deep,0.85,-0.3,0.55,0.7,0.3,0.3,0.2,3,5;2;3,1.5085,1.5634,1.5634,0.0,1.3792,0.702,3.64,3.64,0.05,0.0
realistic_deep,0.85,-0.3,0.55,0.7,0.3,0.3,0.2,3,5;2;3,1.5085,1.5634,1.506,0.0524,1.3792,0.702,3.64,-0.168,0.05,0.02
realistic_deep,0.85,-0.3,0.55,0.7,0.3,0.3,0.2,3,5;2;3,1.5085,1.5634,1.4853,0.0,1.3792,0.702,3.64,-1.542,0.05,0.05
realistic_deep,0.85,-0.3,0.55,0.7,0.3,0.3,0.2,3,5;2;3,1.5085,1.5634,1.5432,0.0367,1.3792,0.702,3.64,2.301,0.15,0.0
realistic_deep,0.85,-0.3,0.55,0.7,0.3,0.3,0.2,3,5;2;3,1.5085,1.5634,1.4798,0.0641,1.3792,0.702,3.64,-1.904,0.15,0.02
realistic_deep,0.85,-0.3,0.55,0.7,0.3,0.3,0.2,3,5;2;3,1.5085,1.5634,1.4853,0.0,1.3792,0.702,3.64,-1.542,0.15,0.05
realistic_deep,0.85,-0.3,0.55,0.7,0.3,0.3,0.4,1,3;1;2,1.1821,1.2144,1.2144,0.0,1.1821,0.0,2.727,2.727,0.0,0.0
realistic_deep,0.85,-0.3,0.55,0.7,0.3,0.3,0.4,1,3;1;2,1.1821,1.2144,1.1901,0.0,1.1821,0.0,2.727,0.672,0.0,0.02
realistic_deep,0.85,-0.3,0.55,0.7,0.3,0.3,0.4,1,3;1;2,1.1821,1.2144,1.1537,0.0,1.1821,0.0,2.727,-2.409,0.0,0.05
realistic_deep,0.85,-0.3,0.55,0.7,0.3,0.3,0.4,1,3;1;2,1.1821,1.2144,1.2071,0.0124,1.1821,0.0,2.727,2.108,0.05,0.0
realistic_deep,0.85,-0.3,0.55,0.7,0.3,0.3,0.4,1,3;1;2,1.1821,1.2144,1.1891,0.0019,1.1821,0.0,2.727,0.584,0.05,0.02
realistic_deep,0.85,-0.3,0.55,0.7,0.3,0.3,0.4,1,3;1;2,1.1821,1.2144,1.1527,0.0018,1.1821,0.0,2.727,-2.487,0.05,0.05
realistic_deep,0.85,-0.3,0.55,0.7,0.3,0.3,0.4,1,3;1;2,1.1821,1.2144,1.202,0.0242,1.1821,0.0,2.727,1.683,0.15,0.0
realistic_deep,0.85,-0.3,0.55,0.7,0.3,0.3,0.4,1,3;1;2,1.1821,1.2144,1.1771,0.0159,1.1821,0.0,2.727,-0.423,0.15,0.02
realistic_deep,0.85,-0.3,0.55,0.7,0.3,0.3,0.4,1,3;1;2,1.1821,1.2144,1.1305,0.0382,1.1821,0.0,2.727,-4.372,0.15,0.05
realistic_deep,0.85,-0.2,0.65,0.75,0.2,0.2,0.05,7,10;5;7,2.5584,2.6208,2.6208,0.0,1.6381,0.9365,2.44,2.44,0.0,0.0
realistic_deep,0.85,-0.2,0.65,0.75,0.2,0.2,0.05,7,10;5;7,2.5584,2.6208,2.5684,0.0,1.6381,0.9365,2.44,0.391,0.0,0.02
realistic_deep,0.85,-0.2,0.65,0.75,0.2,0.2,0.05,7,10;5;7,2.5584,2.6208,2.4897,0.0,1.6381,0.9365,2.44,-2.682,0.0,0.05
realistic_deep,0.85,-0.2,0.65,0.75,0.2,0.2,0.05,7,10;5;7,2.5584,2.6208,2.6208,0.0,1.6381,0.9365,2.44,2.44,0.05,0.0
realistic_deep,0.85,-0.2,0.65,0.75,0.2,0.2,0.05,7,10;5;7,2.5584,2.6208,2.5614,0.0139,1.6381,0.9365,2.44,0.12,0.05,0.02
realistic_deep,0.85,-0.2,0.65,0.75,0.2,0.2,0.05,7,10;5;7,2.5584,2.6208,2.4482,0.0831,1.6381,0.9365,2.44,-4.306,0.05,0.05
realistic_deep,0.85,-0.2,0.65,0.75,0.2,0.2,0.05,7,10;5;7,2.5584,2.6208,2.6018,0.0379,1.6381,0.9365,2.44,1.699,0.15,0.0
realistic_deep,0.85,-0.2,0.65,0.75,0.2,0.2,0.05,7,10;5;7,2.5584,2.6208,2.5318,0.0486,1.6381,0.9365,2.44,-1.036,0.15,0.02
realistic_deep,0.85,-0.2,0.65,0.75,0.2,0.2,0.05,7,10;5;7,2.5584,2.6208,2.4787,0.014,1.6381,0.9365,2.44,-3.112,0.15,0.05
realistic_deep,0.85,-0.2,0.65,0.75,0.2,0.2,0.1,5,7;3;5,2.0991,2.1447,2.1447,0.0,1.5636,0.9215,2.172,2.172,0.0,0.0
realistic_deep,0.85,-0.2,0.65,0.75,0.2,0.2,0.1,5,7;3;5,2.0991,2.1447,2.1018,0.0,1.5636,0.9215,2.172,0.129,0.0,0.02
realistic_deep,0.85,-0.2,0.65,0.75,0.2,0.2,0.1,5,7;3;5,2.0991,2.1447,2.0374,0.0,1.5636,0.9215,2.172,-2.937,0.0,0.05
realistic_deep,0.85,-0.2,0.65,0.75,0.2,0.2,0.1,5,7;3;5,2.0991,2.1447,2.1411,0.0071,1.5636,0.9215,2.172,2.003,0.05,0.0
realistic_deep,0.85,-0.2,0.65,0.75,0.2,0.2,0.1,5,7;3;5,2.0991,2.1447,2.1018,0.0,1.5636,0.9215,2.172,0.129,0.05,0.02
realistic_deep,0.85,-0.2,0.65,0.75,0.2,0.2,0.1,5,7;3;5,2.0991,2.1447,2.0374,0.0,1.5636,0.9215,2.172,-2.937,0.05,0.05
realistic_deep,0.85,-0.2,0.65,0.75,0.2,0.2,0.1,5,7;3;5,2.0991,2.1447,2.1404,0.0085,1.5636,0.9215,2.172,1.97,0.15,0.0
realistic_deep,0.85,-0.2,0.65,0.75,0.2,0.2,0.1,5,7;3;5,2.0991,2.1447,2.0976,0.0083,1.5636,0.9215,2.172,-0.069,0.15,0.02
realistic_deep,0.85,-0.2,0.65,0.75,0.2,0.2,0.1,5,7;3;5,2.0991,2.1447,1.9922,0.0722,1.5636,0.9215,2.172,-5.09,0.15,0.05
realistic_deep,0.85,-0.2,0.65,0.75,0.2,0.2,0.2,3,5;2;3,1.6465,1.675,1.675,0.0,1.4333,0.8821,1.731,1.731,0.0,0.0
realistic_deep,0.85,-0.2,0.65,0.75,0.2,0.2,0.2,3,5;2;3,1.6465,1.675,1.6415,0.0,1.4333,0.8821,1.731,-0.303,0.0,0.02
realistic_deep,0.85,-0.2,0.65,0.75,0.2,0.2,0.2,3,5;2;3,1.6465,1.675,1.5913,0.0,1.4333,0.8821,1.731,-3.355,0.0,0.05
realistic_deep,0.85,-0.2,0.65,0.75,0.2,0.2,0.2,3,5;2;3,1.6465,1.675,1.6724,0.0052,1.4333,0.8821,1.731,1.573,0.05,0.0
realistic_deep,0.85,-0.2,0.65,0.75,0.2,0.2,0.2,3,5;2;3,1.6465,1.675,1.6273,0.0227,1.4333,0.8821,1.731,-1.168,0.05,0.02
realistic_deep,0.85,-0.2,0.65,0.75,0.2,0.2,0.2,3,5;2;3,1.6465,1.675,1.5913,0.0,1.4333,0.8821,1.731,-3.355,0.05,0.05
realistic_deep,0.85,-0.2,0.65,0.75,0.2,0.2,0.2,3,5;2;3,1.6465,1.675,1.6713,0.0048,1.4333,0.8821,1.731,1.503,0.15,0.0
realistic_deep,0.85,-0.2,0.65,0.75,0.2,0.2,0.2,3,5;2;3,1.6465,1.675,1.6243,0.0344,1.4333,0.8821,1.731,-1.348,0.15,0.02
realistic_deep,0.85,-0.2,0.65,0.75,0.2,0.2,0.2,3,5;2;3,1.6465,1.675,1.5913,0.0,1.4333,0.8821,1.731,-3.355,0.15,0.05
realistic_deep,0.85,-0.2,0.65,0.75,0.2,0.2,0.4,2,3;1;2,1.2475,1.2673,1.2673,0.0,1.2286,0.4891,1.585,1.585,0.0,0.0
realistic_deep,0.85,-0.2,0.65,0.75,0.2,0.2,0.4,2,3;1;2,1.2475,1.2673,1.2419,0.0,1.2286,0.4891,1.585,-0.447,0.0,0.02
realistic_deep,0.85,-0.2,0.65,0.75,0.2,0.2,0.4,2,3;1;2,1.2475,1.2673,1.2039,0.0,1.2286,0.4891,1.585,-3.494,0.0,0.05
realistic_deep,0.85,-0.2,0.65,0.75,0.2,0.2,0.4,2,3;1;2,1.2475,1.2673,1.2486,0.0247,1.2286,0.4891,1.585,0.091,0.05,0.0
realistic_deep,0.85,-0.2,0.65,0.75,0.2,0.2,0.4,2,3;1;2,1.2475,1.2673,1.2419,0.0,1.2286,0.4891,1.585,-0.447,0.05,0.02
realistic_deep,0.85,-0.2,0.65,0.75,0.2,0.2,0.4,2,3;1;2,1.2475,1.2673,1.203,0.0018,1.2286,0.4891,1.585,-3.568,0.05,0.05
realistic_deep,0.85,-0.2,0.65,0.75,0.2,0.2,0.4,2,3;1;2,1.2475,1.2673,1.2616,0.0056,1.2286,0.4891,1.585,1.134,0.15,0.0
realistic_deep,0.85,-0.2,0.65,0.75,0.2,0.2,0.4,2,3;1;2,1.2475,1.2673,1.2334,0.0121,1.2286,0.4891,1.585,-1.13,0.15,0.02
realistic_deep,0.85,-0.2,0.65,0.75,0.2,0.2,0.4,2,3;1;2,1.2475,1.2673,1.1893,0.0124,1.2286,0.4891,1.585,-4.666,0.15,0.05
realistic_deep,0.85,-0.1,0.75,0.8,0.1,0.1,0.05,8,10;7;8,2.9866,3.0101,3.0101,0.0,1.7,0.9821,0.786,0.786,0.0,0.0
realistic_deep,0.85,-0.1,0.75,0.8,0.1,0.1,0.05,8,10;7;8,2.9866,3.0101,2.9499,0.0,1.7,0.9821,0.786,-1.23,0.0,0.02
realistic_deep,0.85,-0.1,0.75,0.8,0.1,0.1,0.05,8,10;7;8,2.9866,3.0101,2.8596,0.0,1.7,0.9821,0.786,-4.253,0.0,0.05
realistic_deep,0.85,-0.1,0.75,0.8,0.1,0.1,0.05,8,10;7;8,2.9866,3.0101,3.0075,0.0052,1.7,0.9821,0.786,0.699,0.05,0.0
realistic_deep,0.85,-0.1,0.75,0.8,0.1,0.1,0.05,8,10;7;8,2.9866,3.0101,2.9499,0.0,1.7,0.9821,0.786,-1.23,0.05,0.02
realistic_deep,0.85,-0.1,0.75,0.8,0.1,0.1,0.05,8,10;7;8,2.9866,3.0101,2.8576,0.004,1.7,0.9821,0.786,-4.32,0.05,0.05
realistic_deep,0.85,-0.1,0.75,0.8,0.1,0.1,0.05,8,10;7;8,2.9866,3.0101,2.9923,0.0244,1.7,0.9821,0.786,0.192,0.15,0.0
realistic_deep,0.85,-0.1,0.75,0.8,0.1,0.1,0.05,8,10;7;8,2.9866,3.0101,2.9455,0.0054,1.7,0.9821,0.786,-1.374,0.15,0.02
realistic_deep,0.85,-0.1,0.75,0.8,0.1,0.1,0.05,8,10;7;8,2.9866,3.0101,2.8592,0.0007,1.7,0.9821,0.786,-4.266,0.15,0.05
realistic_deep,0.85,-0.1,0.75,0.8,0.1,0.1,0.1,6,7;5;6,2.3931,2.4128,2.4128,0.0,1.6227,0.9751,0.823,0.823,0.0,0.0
realistic_deep,0.85,-0.1,0.75,0.8,0.1,0.1,0.1,6,7;5;6,2.3931,2.4128,2.3645,0.0,1.6227,0.9751,0.823,-1.194,0.0,0.02
realistic_deep,0.85,-0.1,0.75,0.8,0.1,0.1,0.1,6,7;5;6,2.3931,2.4128,2.2922,0.0,1.6227,0.9751,0.823,-4.219,0.0,0.05
realistic_deep,0.85,-0.1,0.75,0.8,0.1,0.1,0.1,6,7;5;6,2.3931,2.4128,2.412,0.001,1.6227,0.9751,0.823,0.789,0.05,0.0
realistic_deep,0.85,-0.1,0.75,0.8,0.1,0.1,0.1,6,7;5;6,2.3931,2.4128,2.3626,0.0039,1.6227,0.9751,0.823,-1.275,0.05,0.02
realistic_deep,0.85,-0.1,0.75,0.8,0.1,0.1,0.1,6,7;5;6,2.3931,2.4128,2.2913,0.0017,1.6227,0.9751,0.823,-4.253,0.05,0.05
realistic_deep,0.85,-0.1,0.75,0.8,0.1,0.1,0.1,6,7;5;6,2.3931,2.4128,2.4042,0.0162,1.6227,0.9751,0.823,0.462,0.15,0.0
realistic_deep,0.85,-0.1,0.75,0.8,0.1,0.1,0.1,6,7;5;6,2.3931,2.4128,2.3637,0.0017,1.6227,0.9751,0.823,-1.23,0.15,0.02
realistic_deep,0.85,-0.1,0.75,0.8,0.1,0.1,0.1,6,7;5;6,2.3931,2.4128,2.2913,0.0017,1.6227,0.9751,0.823,-4.253,0.15,0.05
realistic_deep,0.85,-0.1,0.75,0.8,0.1,0.1,0.2,4,5;3;4,1.8208,1.8325,1.8325,0.0,1.4875,0.966,0.643,0.643,0.0,0.0
realistic_deep,0.85,-0.1,0.75,0.8,0.1,0.1,0.2,4,5;3;4,1.8208,1.8325,1.7958,0.0,1.4875,0.966,0.643,-1.37,0.0,0.02
realistic_deep,0.85,-0.1,0.75,0.8,0.1,0.1,0.2,4,5;3;4,1.8208,1.8325,1.7409,0.0,1.4875,0.966,0.643,-4.389,0.0,0.05
realistic_deep,0.85,-0.1,0.75,0.8,0.1,0.1,0.2,4,5;3;4,1.8208,1.8325,1.8309,0.0031,1.4875,0.966,0.643,0.558,0.05,0.0
realistic_deep,0.85,-0.1,0.75,0.8,0.1,0.1,0.2,4,5;3;4,1.8208,1.8325,1.7888,0.014,1.4875,0.966,0.643,-1.754,0.05,0.02
realistic_deep,0.85,-0.1,0.75,0.8,0.1,0.1,0.2,4,5;3;4,1.8208,1.8325,1.7301,0.0139,1.4875,0.966,0.643,-4.982,0.05,0.05
realistic_deep,0.85,-0.1,0.75,0.8,0.1,0.1,0.2,4,5;3;4,1.8208,1.8325,1.8292,0.003,1.4875,0.966,0.643,0.465,0.15,0.0
realistic_deep,0.85,-0.1,0.75,0.8,0.1,0.1,0.2,4,5;3;4,1.8208,1.8325,1.7927,0.0047,1.4875,0.966,0.643,-1.545,0.15,0.02
realistic_deep,0.85,-0.1,0.75,0.8,0.1,0.1,0.2,4,5;3;4,1.8208,1.8325,1.74,0.0017,1.4875,0.966,0.643,-4.436,0.15,0.05
realistic_deep,0.85,-0.1,0.75,0.8,0.1,0.1,0.4,2,3;2;2,1.335,1.3398,1.3398,0.0,1.275,0.9256,0.361,0.361,0.0,0.0
realistic_deep,0.85,-0.1,0.75,0.8,0.1,0.1,0.4,2,3;2;2,1.335,1.3398,1.313,0.0,1.275,0.9256,0.361,-1.646,0.0,0.02
realistic_deep,0.85,-0.1,0.75,0.8,0.1,0.1,0.4,2,3;2;2,1.335,1.3398,1.2728,0.0,1.275,0.9256,0.361,-4.657,0.0,0.05
realistic_deep,0.85,-0.1,0.75,0.8,0.1,0.1,0.4,2,3;2;2,1.335,1.3398,1.3398,0.0,1.275,0.9256,0.361,0.361,0.05,0.0
realistic_deep,0.85,-0.1,0.75,0.8,0.1,0.1,0.4,2,3;2;2,1.335,1.3398,1.313,0.0,1.275,0.9256,0.361,-1.646,0.05,0.02
realistic_deep,0.85,-0.1,0.75,0.8,0.1,0.1,0.4,2,3;2;2,1.335,1.3398,1.2728,0.0,1.275,0.9256,0.361,-4.657,0.05,0.05
realistic_deep,0.85,-0.1,0.75,0.8,0.1,0.1,0.4,2,3;2;2,1.335,1.3398,1.3287,0.0099,1.275,0.9256,0.361,-0.472,0.15,0.0
realistic_deep,0.85,-0.1,0.75,0.8,0.1,0.1,0.4,2,3;2;2,1.335,1.3398,1.307,0.012,1.275,0.9256,0.361,-2.095,0.15,0.02
realistic_deep,0.85,-0.1,0.75,0.8,0.1,0.1,0.4,2,3;2;2,1.335,1.3398,1.2719,0.0018,1.275,0.9256,0.361,-4.725,0.15,0.05
realistic_deep,0.85,0.0,0.85,0.85,0.0,0.0,0.05,10,10;10;10,3.7007,3.7007,3.7007,0.0,1.7619,1.0,0.0,0.0,0.0,0.0
realistic_deep,0.85,0.0,0.85,0.85,0.0,0.0,0.05,10,10;10;10,3.7007,3.7007,3.6267,0.0,1.7619,1.0,0.0,-2.0,0.0,0.02
realistic_deep,0.85,0.0,0.85,0.85,0.0,0.0,0.05,10,10;10;10,3.7007,3.7007,3.5157,0.0,1.7619,1.0,0.0,-5.0,0.0,0.05
realistic_deep,0.85,0.0,0.85,0.85,0.0,0.0,0.05,10,10;10;10,3.7007,3.7007,3.7007,0.0,1.7619,1.0,0.0,0.0,0.05,0.0
realistic_deep,0.85,0.0,0.85,0.85,0.0,0.0,0.05,10,10;10;10,3.7007,3.7007,3.6267,0.0,1.7619,1.0,0.0,-2.0,0.05,0.02
realistic_deep,0.85,0.0,0.85,0.85,0.0,0.0,0.05,10,10;10;10,3.7007,3.7007,3.5157,0.0,1.7619,1.0,0.0,-5.0,0.05,0.05
realistic_deep,0.85,0.0,0.85,0.85,0.0,0.0,0.05,10,10;10;10,3.7007,3.7007,3.7007,0.0,1.7619,1.0,0.0,0.0,0.15,0.0
realistic_deep,0.85,0.0,0.85,0.85,0.0,0.0,0.05,10,10;10;10,3.7007,3.7007,3.6267,0.0,1.7619,1.0,0.0,-2.0,0.15,0.02
realistic_deep,0.85,0.0,0.85,0.85,0.0,0.0,0.05,10,10;10;10,3.7007,3.7007,3.5157,0.0,1.7619,1.0,0.0,-5.0,0.15,0.05
realistic_deep,0.85,0.0,0.85,0.85,0.0,0.0,0.1,7,7;7;7,2.853,2.853,2.853,0.0,1.6818,1.0,0.0,0.0,0.0,0.0
realistic_deep,0.85,0.0,0.85,0.85,0.0,0.0,0.1,7,7;7;7,2.853,2.853,2.7959,0.0,1.6818,1.0,0.0,-2.0,0.0,0.02
realistic_deep,0.85,0.0,0.85,0.85,0.0,0.0,0.1,7,7;7;7,2.853,2.853,2.7103,0.0,1.6818,1.0,0.0,-5.0,0.0,0.05
realistic_deep,0.85,0.0,0.85,0.85,0.0,0.0,0.1,7,7;7;7,2.853,2.853,2.853,0.0,1.6818,1.0,0.0,0.0,0.05,0.0
realistic_deep,0.85,0.0,0.85,0.85,0.0,0.0,0.1,7,7;7;7,2.853,2.853,2.7959,0.0,1.6818,1.0,0.0,-2.0,0.05,0.02
realistic_deep,0.85,0.0,0.85,0.85,0.0,0.0,0.1,7,7;7;7,2.853,2.853,2.7103,0.0,1.6818,1.0,0.0,-5.0,0.05,0.05
realistic_deep,0.85,0.0,0.85,0.85,0.0,0.0,0.1,7,7;7;7,2.853,2.853,2.853,0.0,1.6818,1.0,0.0,0.0,0.15,0.0
realistic_deep,0.85,0.0,0.85,0.85,0.0,0.0,0.1,7,7;7;7,2.853,2.853,2.7959,0.0,1.6818,1.0,0.0,-2.0,0.15,0.02
realistic_deep,0.85,0.0,0.85,0.85,0.0,0.0,0.1,7,7;7;7,2.853,2.853,2.7103,0.0,1.6818,1.0,0.0,-5.0,0.15,0.05
realistic_deep,0.85,0.0,0.85,0.85,0.0,0.0,0.2,5,5;5;5,2.0762,2.0762,2.0762,0.0,1.5417,1.0,0.0,0.0,0.0,0.0
realistic_deep,0.85,0.0,0.85,0.85,0.0,0.0,0.2,5,5;5;5,2.0762,2.0762,2.0346,0.0,1.5417,1.0,0.0,-2.0,0.0,0.02
realistic_deep,0.85,0.0,0.85,0.85,0.0,0.0,0.2,5,5;5;5,2.0762,2.0762,1.9724,0.0,1.5417,1.0,0.0,-5.0,0.0,0.05
realistic_deep,0.85,0.0,0.85,0.85,0.0,0.0,0.2,5,5;5;5,2.0762,2.0762,2.0762,0.0,1.5417,1.0,0.0,0.0,0.05,0.0
realistic_deep,0.85,0.0,0.85,0.85,0.0,0.0,0.2,5,5;5;5,2.0762,2.0762,2.0346,0.0,1.5417,1.0,0.0,-2.0,0.05,0.02
realistic_deep,0.85,0.0,0.85,0.85,0.0,0.0,0.2,5,5;5;5,2.0762,2.0762,1.9724,0.0,1.5417,1.0,0.0,-5.0,0.05,0.05
realistic_deep,0.85,0.0,0.85,0.85,0.0,0.0,0.2,5,5;5;5,2.0762,2.0762,2.0762,0.0,1.5417,1.0,0.0,0.0,0.15,0.0
realistic_deep,0.85,0.0,0.85,0.85,0.0,0.0,0.2,5,5;5;5,2.0762,2.0762,2.0346,0.0,1.5417,1.0,0.0,-2.0,0.15,0.02
realistic_deep,0.85,0.0,0.85,0.85,0.0,0.0,0.2,5,5;5;5,2.0762,2.0762,1.9724,0.0,1.5417,1.0,0.0,-5.0,0.15,0.05
realistic_deep,0.85,0.0,0.85,0.85,0.0,0.0,0.4,3,3;3;3,1.4485,1.4485,1.4485,0.0,1.3214,1.0,0.0,0.0,0.0,0.0
realistic_deep,0.85,0.0,0.85,0.85,0.0,0.0,0.4,3,3;3;3,1.4485,1.4485,1.4195,0.0,1.3214,1.0,0.0,-2.0,0.0,0.02
realistic_deep,0.85,0.0,0.85,0.85,0.0,0.0,0.4,3,3;3;3,1.4485,1.4485,1.376,0.0,1.3214,1.0,0.0,-5.0,0.0,0.05
realistic_deep,0.85,0.0,0.85,0.85,0.0,0.0,0.4,3,3;3;3,1.4485,1.4485,1.4485,0.0,1.3214,1.0,0.0,0.0,0.05,0.0
realistic_deep,0.85,0.0,0.85,0.85,0.0,0.0,0.4,3,3;3;3,1.4485,1.4485,1.4195,0.0,1.3214,1.0,0.0,-2.0,0.05,0.02
realistic_deep,0.85,0.0,0.85,0.85,0.0,0.0,0.4,3,3;3;3,1.4485,1.4485,1.376,0.0,1.3214,1.0,0.0,-5.0,0.05,0.05
realistic_deep,0.85,0.0,0.85,0.85,0.0,0.0,0.4,3,3;3;3,1.4485,1.4485,1.4485,0.0,1.3214,1.0,0.0,0.0,0.15,0.0
realistic_deep,0.85,0.0,0.85,0.85,0.0,0.0,0.4,3,3;3;3,1.4485,1.4485,1.4195,0.0,1.3214,1.0,0.0,-2.0,0.15,0.02
realistic_deep,0.85,0.0,0.85,0.85,0.0,0.0,0.4,3,3;3;3,1.4485,1.4485,1.376,0.0,1.3214,1.0,0.0,-5.0,0.15,0.05
realistic_deep,0.85,0.1,0.95,0.9,0.1,0.1,0.05,17,10;21;13,5.3555,5.4898,5.4898,0.0,1.8238,0.9634,2.508,2.508,0.0,0.0
realistic_deep,0.85,0.1,0.95,0.9,0.1,0.1,0.05,17,10;21;13,5.3555,5.4898,5.38,0.0,1.8238,0.9634,2.508,0.458,0.0,0.02
realistic_deep,0.85,0.1,0.95,0.9,0.1,0.1,0.05,17,10;21;13,5.3555,5.4898,5.2153,0.0,1.8238,0.9634,2.508,-2.618,0.0,0.05
realistic_deep,0.85,0.1,0.95,0.9,0.1,0.1,0.05,17,10;21;13,5.3555,5.4898,5.4898,0.0,1.8238,0.9634,2.508,2.508,0.05,0.0
realistic_deep,0.85,0.1,0.95,0.9,0.1,0.1,0.05,17,10;21;13,5.3555,5.4898,5.3116,0.0874,1.8238,0.9634,2.508,-0.821,0.05,0.02
realistic_deep,0.85,0.1,0.95,0.9,0.1,0.1,0.05,17,10;21;13,5.3555,5.4898,5.0376,0.2177,1.8238,0.9634,2.508,-5.936,0.05,0.05
realistic_deep,0.85,0.1,0.95,0.9,0.1,0.1,0.05,17,10;21;13,5.3555,5.4898,5.3963,0.1871,1.8238,0.9634,2.508,0.761,0.15,0.0
realistic_deep,0.85,0.1,0.95,0.9,0.1,0.1,0.05,17,10;21;13,5.3555,5.4898,5.38,0.0,1.8238,0.9634,2.508,0.458,0.15,0.02
realistic_deep,0.85,0.1,0.95,0.9,0.1,0.1,0.05,17,10;21;13,5.3555,5.4898,5.1859,0.0499,1.8238,0.9634,2.508,-3.167,0.15,0.05
realistic_deep,0.85,0.1,0.95,0.9,0.1,0.1,0.1,12,7;15;10,3.7773,3.8629,3.8629,0.0,1.7409,0.9597,2.266,2.266,0.0,0.0
realistic_deep,0.85,0.1,0.95,0.9,0.1,0.1,0.1,12,7;15;10,3.7773,3.8629,3.7856,0.0,1.7409,0.9597,2.266,0.221,0.0,0.02
realistic_deep,0.85,0.1,0.95,0.9,0.1,0.1,0.1,12,7;15;10,3.7773,3.8629,3.6697,0.0,1.7409,0.9597,2.266,-2.847,0.0,0.05
realistic_deep,0.85,0.1,0.95,0.9,0.1,0.1,0.1,12,7;15;10,3.7773,3.8629,3.7865,0.111,1.7409,0.9597,2.266,0.245,0.05,0.0
realistic_deep,0.85,0.1,0.95,0.9,0.1,0.1,0.1,12,7;15;10,3.7773,3.8629,3.7856,0.0,1.7409,0.9597,2.266,0.221,0.05,0.02
realistic_deep,0.85,0.1,0.95,0.9,0.1,0.1,0.1,12,7;15;10,3.7773,3.8629,3.6515,0.0365,1.7409,0.9597,2.266,-3.331,0.05,0.05
realistic_deep,0.85,0.1,0.95,0.9,0.1,0.1,0.1,12,7;15;10,3.7773,3.8629,3.8629,0.0,1.7409,0.9597,2.266,2.266,0.15,0.0
realistic_deep,0.85,0.1,0.95,0.9,0.1,0.1,0.1,12,7;15;10,3.7773,3.8629,3.7721,0.0165,1.7409,0.9597,2.266,-0.137,0.15,0.02
realistic_deep,0.85,0.1,0.95,0.9,0.1,0.1,0.1,12,7;15;10,3.7773,3.8629,3.6155,0.1085,1.7409,0.9597,2.266,-4.284,0.15,0.05
realistic_deep,0.85,0.1,0.95,0.9,0.1,0.1,0.2,8,5;10;7,2.5281,2.5747,2.5747,0.0,1.5958,0.9524,1.844,1.844,0.0,0.0
realistic_deep,0.85,0.1,0.95,0.9,0.1,0.1,0.2,8,5;10;7,2.5281,2.5747,2.5232,0.0,1.5958,0.9524,1.844,-0.193,0.0,0.02
realistic_deep,0.85,0.1,0.95,0.9,0.1,0.1,0.2,8,5;10;7,2.5281,2.5747,2.446,0.0,1.5958,0.9524,1.844,-3.248,0.0,0.05
realistic_deep,0.85,0.1,0.95,0.9,0.1,0.1,0.2,8,5;10;7,2.5281,2.5747,2.5747,0.0,1.5958,0.9524,1.844,1.844,0.05,0.0
realistic_deep,0.85,0.1,0.95,0.9,0.1,0.1,0.2,8,5;10;7,2.5281,2.5747,2.5232,0.0,1.5958,0.9524,1.844,-0.193,0.05,0.02
realistic_deep,0.85,0.1,0.95,0.9,0.1,0.1,0.2,8,5;10;7,2.5281,2.5747,2.4224,0.0471,1.5958,0.9524,1.844,-4.181,0.05,0.05
realistic_deep,0.85,0.1,0.95,0.9,0.1,0.1,0.2,8,5;10;7,2.5281,2.5747,2.5499,0.0496,1.5958,0.9524,1.844,0.863,0.15,0.0
realistic_deep,0.85,0.1,0.95,0.9,0.1,0.1,0.2,8,5;10;7,2.5281,2.5747,2.5054,0.0202,1.5958,0.9524,1.844,-0.896,0.15,0.02
realistic_deep,0.85,0.1,0.95,0.9,0.1,0.1,0.2,8,5;10;7,2.5281,2.5747,2.4117,0.0467,1.5958,0.9524,1.844,-4.605,0.15,0.05
realistic_deep,0.85,0.1,0.95,0.9,0.1,0.1,0.4,5,3;6;4,1.6297,1.6531,1.6531,0.0,1.3679,0.9181,1.433,1.433,0.0,0.0
realistic_deep,0.85,0.1,0.95,0.9,0.1,0.1,0.4,5,3;6;4,1.6297,1.6531,1.62,0.0,1.3679,0.9181,1.433,-0.595,0.0,0.02
realistic_deep,0.85,0.1,0.95,0.9,0.1,0.1,0.4,5,3;6;4,1.6297,1.6531,1.5704,0.0,1.3679,0.9181,1.433,-3.638,0.0,0.05
realistic_deep,0.85,0.1,0.95,0.9,0.1,0.1,0.4,5,3;6;4,1.6297,1.6531,1.6531,0.0,1.3679,0.9181,1.433,1.433,0.05,0.0
realistic_deep,0.85,0.1,0.95,0.9,0.1,0.1,0.4,5,3;6;4,1.6297,1.6531,1.62,0.0,1.3679,0.9181,1.433,-0.595,0.05,0.02
realistic_deep,0.85,0.1,0.95,0.9,0.1,0.1,0.4,5,3;6;4,1.6297,1.6531,1.5704,0.0,1.3679,0.9181,1.433,-3.638,0.05,0.05
realistic_deep,0.85,0.1,0.95,0.9,0.1,0.1,0.4,5,3;6;4,1.6297,1.6531,1.6429,0.0203,1.3679,0.9181,1.433,0.809,0.15,0.0
realistic_deep,0.85,0.1,0.95,0.9,0.1,0.1,0.4,5,3;6;4,1.6297,1.6531,1.6037,0.0188,1.3679,0.9181,1.433,-1.594,0.15,0.02
realistic_deep,0.85,0.1,0.95,0.9,0.1,0.1,0.4,5,3;6;4,1.6297,1.6531,1.5597,0.0215,1.3679,0.9181,1.433,-4.298,0.15,0.05
realistic_deep,0.85,0.2,0.98,0.915,0.13,0.13,0.05,27,10;32;15,6.6753,7.0918,7.0918,0.0,1.8424,0.9207,6.239,6.239,0.0,0.0
realistic_deep,0.85,0.2,0.98,0.915,0.13,0.13,0.05,27,10;32;15,6.6753,7.0918,6.95,0.0,1.8424,0.9207,6.239,4.114,0.0,0.02
realistic_deep,0.85,0.2,0.98,0.915,0.13,0.13,0.05,27,10;32;15,6.6753,7.0918,6.7372,0.0,1.8424,0.9207,6.239,0.927,0.0,0.05
realistic_deep,0.85,0.2,0.98,0.915,0.13,0.13,0.05,27,10;32;15,6.6753,7.0918,6.7931,0.5974,1.8424,0.9207,6.239,1.765,0.05,0.0
realistic_deep,0.85,0.2,0.98,0.915,0.13,0.13,0.05,27,10;32;15,6.6753,7.0918,6.95,0.0,1.8424,0.9207,6.239,4.114,0.05,0.02
realistic_deep,0.85,0.2,0.98,0.915,0.13,0.13,0.05,27,10;32;15,6.6753,7.0918,6.7372,0.0,1.8424,0.9207,6.239,0.927,0.05,0.05
realistic_deep,0.85,0.2,0.98,0.915,0.13,0.13,0.05,27,10;32;15,6.6753,7.0918,6.7609,0.3885,1.8424,0.9207,6.239,1.282,0.15,0.0
realistic_deep,0.85,0.2,0.98,0.915,0.13,0.13,0.05,27,10;32;15,6.6753,7.0918,6.5198,0.6645,1.8424,0.9207,6.239,-2.33,0.15,0.02
realistic_deep,0.85,0.2,0.98,0.915,0.13,0.13,0.05,27,10;32;15,6.6753,7.0918,6.7062,0.062,1.8424,0.9207,6.239,0.462,0.15,0.05
realistic_deep,0.85,0.2,0.98,0.915,0.13,0.13,0.1,17,7;26;11,4.3846,4.6595,4.6595,0.0,1.7586,0.9053,6.269,6.269,0.0,0.0
realistic_deep,0.85,0.2,0.98,0.915,0.13,0.13,0.1,17,7;26;11,4.3846,4.6595,4.5663,0.0,1.7586,0.9053,6.269,4.143,0.0,0.02
realistic_deep,0.85,0.2,0.98,0.915,0.13,0.13,0.1,17,7;26;11,4.3846,4.6595,4.4265,0.0,1.7586,0.9053,6.269,0.955,0.0,0.05
realistic_deep,0.85,0.2,0.98,0.915,0.13,0.13,0.1,17,7;26;11,4.3846,4.6595,4.6595,0.0,1.7586,0.9053,6.269,6.269,0.05,0.0
realistic_deep,0.85,0.2,0.98,0.915,0.13,0.13,0.1,17,7;26;11,4.3846,4.6595,4.5161,0.1004,1.7586,0.9053,6.269,2.999,0.05,0.02
realistic_deep,0.85,0.2,0.98,0.915,0.13,0.13,0.1,17,7;26;11,4.3846,4.6595,4.4265,0.0,1.7586,0.9053,6.269,0.955,0.05,0.05
realistic_deep,0.85,0.2,0.98,0.915,0.13,0.13,0.1,17,7;26;11,4.3846,4.6595,4.4654,0.3061,1.7586,0.9053,6.269,1.842,0.15,0.0
realistic_deep,0.85,0.2,0.98,0.915,0.13,0.13,0.1,17,7;26;11,4.3846,4.6595,4.2932,0.302,1.7586,0.9053,6.269,-2.085,0.15,0.02
realistic_deep,0.85,0.2,0.98,0.915,0.13,0.13,0.1,17,7;26;11,4.3846,4.6595,4.3817,0.0495,1.7586,0.9053,6.269,-0.067,0.15,0.05
realistic_deep,0.85,0.2,0.98,0.915,0.13,0.13,0.2,11,5;18;7,2.7789,2.9234,2.9234,0.0,1.6121,0.8898,5.2,5.2,0.0,0.0
realistic_deep,0.85,0.2,0.98,0.915,0.13,0.13,0.2,11,5;18;7,2.7789,2.9234,2.8649,0.0,1.6121,0.8898,5.2,3.096,0.0,0.02
realistic_deep,0.85,0.2,0.98,0.915,0.13,0.13,0.2,11,5;18;7,2.7789,2.9234,2.7772,0.0,1.6121,0.8898,5.2,-0.06,0.0,0.05
realistic_deep,0.85,0.2,0.98,0.915,0.13,0.13,0.2,11,5;18;7,2.7789,2.9234,2.8537,0.1332,1.6121,0.8898,5.2,2.691,0.05,0.0
realistic_deep,0.85,0.2,0.98,0.915,0.13,0.13,0.2,11,5;18;7,2.7789,2.9234,2.8649,0.0,1.6121,0.8898,5.2,3.096,0.05,0.02
realistic_deep,0.85,0.2,0.98,0.915,0.13,0.13,0.2,11,5;18;7,2.7789,2.9234,2.7401,0.0744,1.6121,0.8898,5.2,-1.397,0.05,0.05
realistic_deep,0.85,0.2,0.98,0.915,0.13,0.13,0.2,11,5;18;7,2.7789,2.9234,2.9043,0.0318,1.6121,0.8898,5.2,4.512,0.15,0.0
realistic_deep,0.85,0.2,0.98,0.915,0.13,0.13,0.2,11,5;18;7,2.7789,2.9234,2.8266,0.0767,1.6121,0.8898,5.2,1.716,0.15,0.02
realistic_deep,0.85,0.2,0.98,0.915,0.13,0.13,0.2,11,5;18;7,2.7789,2.9234,2.6935,0.0764,1.6121,0.8898,5.2,-3.074,0.15,0.05
realistic_deep,0.85,0.2,0.98,0.915,0.13,0.13,0.4,6,3;11;4,1.7201,1.783,1.783,0.0,1.3818,0.8432,3.657,3.657,0.0,0.0
realistic_deep,0.85,0.2,0.98,0.915,0.13,0.13,0.4,6,3;11;4,1.7201,1.783,1.7474,0.0,1.3818,0.8432,3.657,1.584,0.0,0.02
realistic_deep,0.85,0.2,0.98,0.915,0.13,0.13,0.4,6,3;11;4,1.7201,1.783,1.6939,0.0,1.3818,0.8432,3.657,-1.526,0.0,0.05
realistic_deep,0.85,0.2,0.98,0.915,0.13,0.13,0.4,6,3;11;4,1.7201,1.783,1.783,0.0,1.3818,0.8432,3.657,3.657,0.05,0.0
realistic_deep,0.85,0.2,0.98,0.915,0.13,0.13,0.4,6,3;11;4,1.7201,1.783,1.7474,0.0,1.3818,0.8432,3.657,1.584,0.05,0.02
realistic_deep,0.85,0.2,0.98,0.915,0.13,0.13,0.4,6,3;11;4,1.7201,1.783,1.656,0.0478,1.3818,0.8432,3.657,-3.726,0.05,0.05
realistic_deep,0.85,0.2,0.98,0.915,0.13,0.13,0.4,6,3;11;4,1.7201,1.783,1.7661,0.0316,1.3818,0.8432,3.657,2.67,0.15,0.0
realistic_deep,0.85,0.2,0.98,0.915,0.13,0.13,0.4,6,3;11;4,1.7201,1.783,1.7397,0.0152,1.3818,0.8432,3.657,1.141,0.15,0.02
realistic_deep,0.85,0.2,0.98,0.915,0.13,0.13,0.4,6,3;11;4,1.7201,1.783,1.6754,0.037,1.3818,0.8432,3.657,-2.602,0.15,0.05
realistic_deep,0.85,0.3,0.98,0.915,0.13,0.13,0.05,27,10;32;15,6.6753,7.0918,7.0918,0.0,1.8424,0.9207,6.239,6.239,0.0,0.0
realistic_deep,0.85,0.3,0.98,0.915,0.13,0.13,0.05,27,10;32;15,6.6753,7.0918,6.95,0.0,1.8424,0.9207,6.239,4.114,0.0,0.02
realistic_deep,0.85,0.3,0.98,0.915,0.13,0.13,0.05,27,10;32;15,6.6753,7.0918,6.7372,0.0,1.8424,0.9207,6.239,0.927,0.0,0.05
realistic_deep,0.85,0.3,0.98,0.915,0.13,0.13,0.05,27,10;32;15,6.6753,7.0918,7.0592,0.0653,1.8424,0.9207,6.239,5.75,0.05,0.0
realistic_deep,0.85,0.3,0.98,0.915,0.13,0.13,0.05,27,10;32;15,6.6753,7.0918,6.95,0.0,1.8424,0.9207,6.239,4.114,0.05,0.02
realistic_deep,0.85,0.3,0.98,0.915,0.13,0.13,0.05,27,10;32;15,6.6753,7.0918,6.5761,0.3028,1.8424,0.9207,6.239,-1.487,0.05,0.05
realistic_deep,0.85,0.3,0.98,0.915,0.13,0.13,0.05,27,10;32;15,6.6753,7.0918,7.0835,0.0167,1.8424,0.9207,6.239,6.114,0.15,0.0
realistic_deep,0.85,0.3,0.98,0.915,0.13,0.13,0.05,27,10;32;15,6.6753,7.0918,6.9336,0.02,1.8424,0.9207,6.239,3.869,0.15,0.02
realistic_deep,0.85,0.3,0.98,0.915,0.13,0.13,0.05,27,10;32;15,6.6753,7.0918,6.6744,0.1062,1.8424,0.9207,6.239,-0.014,0.15,0.05
realistic_deep,0.85,0.3,0.98,0.915,0.13,0.13,0.1,17,7;26;11,4.3846,4.6595,4.6595,0.0,1.7586,0.9053,6.269,6.269,0.0,0.0
realistic_deep,0.85,0.3,0.98,0.915,0.13,0.13,0.1,17,7;26;11,4.3846,4.6595,4.5663,0.0,1.7586,0.9053,6.269,4.143,0.0,0.02
realistic_deep,0.85,0.3,0.98,0.915,0.13,0.13,0.1,17,7;26;11,4.3846,4.6595,4.4265,0.0,1.7586,0.9053,6.269,0.955,0.0,0.05
realistic_deep,0.85,0.3,0.98,0.915,0.13,0.13,0.1,17,7;26;11,4.3846,4.6595,4.6595,0.0,1.7586,0.9053,6.269,6.269,0.05,0.0
realistic_deep,0.85,0.3,0.98,0.915,0.13,0.13,0.1,17,7;26;11,4.3846,4.6595,4.3598,0.3035,1.7586,0.9053,6.269,-0.566,0.05,0.02
realistic_deep,0.85,0.3,0.98,0.915,0.13,0.13,0.1,17,7;26;11,4.3846,4.6595,4.4265,0.0,1.7586,0.9053,6.269,0.955,0.05,0.05
realistic_deep,0.85,0.3,0.98,0.915,0.13,0.13,0.1,17,7;26;11,4.3846,4.6595,4.6082,0.1024,1.7586,0.9053,6.269,5.101,0.15,0.0
realistic_deep,0.85,0.3,0.98,0.915,0.13,0.13,0.1,17,7;26;11,4.3846,4.6595,4.3997,0.1916,1.7586,0.9053,6.269,0.344,0.15,0.02
realistic_deep,0.85,0.3,0.98,0.915,0.13,0.13,0.1,17,7;26;11,4.3846,4.6595,4.0968,0.3528,1.7586,0.9053,6.269,-6.565,0.15,0.05
realistic_deep,0.85,0.3,0.98,0.915,0.13,0.13,0.2,11,5;18;7,2.7789,2.9234,2.9234,0.0,1.6121,0.8898,5.2,5.2,0.0,0.0
realistic_deep,0.85,0.3,0.98,0.915,0.13,0.13,0.2,11,5;18;7,2.7789,2.9234,2.8649,0.0,1.6121,0.8898,5.2,3.096,0.0,0.02
realistic_deep,0.85,0.3,0.98,0.915,0.13,0.13,0.2,11,5;18;7,2.7789,2.9234,2.7772,0.0,1.6121,0.8898,5.2,-0.06,0.0,0.05
realistic_deep,0.85,0.3,0.98,0.915,0.13,0.13,0.2,11,5;18;7,2.7789,2.9234,2.8562,0.1344,1.6121,0.8898,5.2,2.782,0.05,0.0
realistic_deep,0.85,0.3,0.98,0.915,0.13,0.13,0.2,11,5;18;7,2.7789,2.9234,2.8241,0.0756,1.6121,0.8898,5.2,1.627,0.05,0.02
realistic_deep,0.85,0.3,0.98,0.915,0.13,0.13,0.2,11,5;18;7,2.7789,2.9234,2.7748,0.0048,1.6121,0.8898,5.2,-0.146,0.05,0.05
realistic_deep,0.85,0.3,0.98,0.915,0.13,0.13,0.2,11,5;18;7,2.7789,2.9234,2.8561,0.099,1.6121,0.8898,5.2,2.776,0.15,0.0
realistic_deep,0.85,0.3,0.98,0.915,0.13,0.13,0.2,11,5;18;7,2.7789,2.9234,2.7914,0.1282,1.6121,0.8898,5.2,0.451,0.15,0.02
realistic_deep,0.85,0.3,0.98,0.915,0.13,0.13,0.2,11,5;18;7,2.7789,2.9234,2.7443,0.0658,1.6121,0.8898,5.2,-1.244,0.15,0.05
realistic_deep,0.85,0.3,0.98,0.915,0.13,0.13,0.4,6,3;11;4,1.7201,1.783,1.783,0.0,1.3818,0.8432,3.657,3.657,0.0,0.0
realistic_deep,0.85,0.3,0.98,0.915,0.13,0.13,0.4,6,3;11;4,1.7201,1.783,1.7474,0.0,1.3818,0.8432,3.657,1.584,0.0,0.02
realistic_deep,0.85,0.3,0.98,0.915,0.13,0.13,0.4,6,3;11;4,1.7201,1.783,1.6939,0.0,1.3818,0.8432,3.657,-1.526,0.0,0.05
realistic_deep,0.85,0.3,0.98,0.915,0.13,0.13,0.4,6,3;11;4,1.7201,1.783,1.783,0.0,1.3818,0.8432,3.657,3.657,0.05,0.0
realistic_deep,0.85,0.3,0.98,0.915,0.13,0.13,0.4,6,3;11;4,1.7201,1.783,1.7474,0.0,1.3818,0.8432,3.657,1.584,0.05,0.02
realistic_deep,0.85,0.3,0.98,0.915,0.13,0.13,0.4,6,3;11;4,1.7201,1.783,1.6939,0.0,1.3818,0.8432,3.657,-1.526,0.05,0.05
realistic_deep,0.85,0.3,0.98,0.915,0.13,0.13,0.4,6,3;11;4,1.7201,1.783,1.7572,0.0468,1.3818,0.8432,3.657,2.154,0.15,0.0
realistic_deep,0.85,0.3,0.98,0.915,0.13,0.13,0.4,6,3;11;4,1.7201,1.783,1.7454,0.0025,1.3818,0.8432,3.657,1.467,0.15,0.02
realistic_deep,0.85,0.3,0.98,0.915,0.13,0.13,0.4,6,3;11;4,1.7201,1.783,1.693,0.0018,1.3818,0.8432,3.657,-1.578,0.15,0.05
balanced,0.55,-0.3,0.25,0.4,0.3,0.3,0.05,3,4;2;2,1.5067,1.5209,1.5209,0.0,1.3619,0.9104,0.945,0.945,0.0,0.0
balanced,0.55,-0.3,0.25,0.4,0.3,0.3,0.05,3,4;2;2,1.5067,1.5209,1.4905,0.0,1.3619,0.9104,0.945,-1.074,0.0,0.02
balanced,0.55,-0.3,0.25,0.4,0.3,0.3,0.05,3,4;2;2,1.5067,1.5209,1.4449,0.0,1.3619,0.9104,0.945,-4.102,0.0,0.05
balanced,0.55,-0.3,0.25,0.4,0.3,0.3,0.05,3,4;2;2,1.5067,1.5209,1.5209,0.0,1.3619,0.9104,0.945,0.945,0.05,0.0
balanced,0.55,-0.3,0.25,0.4,0.3,0.3,0.05,3,4;2;2,1.5067,1.5209,1.4905,0.0,1.3619,0.9104,0.945,-1.074,0.05,0.02
balanced,0.55,-0.3,0.25,0.4,0.3,0.3,0.05,3,4;2;2,1.5067,1.5209,1.4449,0.0,1.3619,0.9104,0.945,-4.102,0.05,0.05
balanced,0.55,-0.3,0.25,0.4,0.3,0.3,0.05,3,4;2;2,1.5067,1.5209,1.5209,0.0,1.3619,0.9104,0.945,0.945,0.15,0.0
balanced,0.55,-0.3,0.25,0.4,0.3,0.3,0.05,3,4;2;2,1.5067,1.5209,1.4637,0.0142,1.3619,0.9104,0.945,-2.853,0.15,0.02
balanced,0.55,-0.3,0.25,0.4,0.3,0.3,0.05,3,4;2;2,1.5067,1.5209,1.4378,0.0142,1.3619,0.9104,0.945,-4.572,0.15,0.05
balanced,0.55,-0.3,0.25,0.4,0.3,0.3,0.1,2,3;1;2,1.36,1.3774,1.3774,0.0,1.3,0.7752,1.279,1.279,0.0,0.0
balanced,0.55,-0.3,0.25,0.4,0.3,0.3,0.1,2,3;1;2,1.36,1.3774,1.3499,0.0,1.3,0.7752,1.279,-0.746,0.0,0.02
balanced,0.55,-0.3,0.25,0.4,0.3,0.3,0.1,2,3;1;2,1.36,1.3774,1.3085,0.0,1.3,0.7752,1.279,-3.785,0.0,0.05
balanced,0.55,-0.3,0.25,0.4,0.3,0.3,0.1,2,3;1;2,1.36,1.3774,1.3765,0.0018,1.3,0.7752,1.279,1.211,0.05,0.0
balanced,0.55,-0.3,0.25,0.4,0.3,0.3,0.1,2,3;1;2,1.36,1.3774,1.3499,0.0,1.3,0.7752,1.279,-0.746,0.05,0.02
balanced,0.55,-0.3,0.25,0.4,0.3,0.3,0.1,2,3;1;2,1.36,1.3774,1.3085,0.0,1.3,0.7752,1.279,-3.785,0.05,0.05
balanced,0.55,-0.3,0.25,0.4,0.3,0.3,0.1,2,3;1;2,1.36,1.3774,1.3699,0.0063,1.3,0.7752,1.279,0.725,0.15,0.0
balanced,0.55,-0.3,0.25,0.4,0.3,0.3,0.1,2,3;1;2,1.36,1.3774,1.3322,0.0295,1.3,0.7752,1.279,-2.046,0.15,0.02
balanced,0.55,-0.3,0.25,0.4,0.3,0.3,0.1,2,3;1;2,1.36,1.3774,1.2981,0.0148,1.3,0.7752,1.279,-4.548,0.15,0.05
balanced,0.55,-0.3,0.25,0.4,0.3,0.3,0.2,1,2;1;1,1.1917,1.2074,1.2074,0.0,1.1917,0.0,1.324,1.324,0.0,0.0
balanced,0.55,-0.3,0.25,0.4,0.3,0.3,0.2,1,2;1;1,1.1917,1.2074,1.1833,0.0,1.1917,0.0,1.324,-0.703,0.0,0.02
balanced,0.55,-0.3,0.25,0.4,0.3,0.3,0.2,1,2;1;1,1.1917,1.2074,1.1471,0.0,1.1917,0.0,1.324,-3.743,0.0,0.05
balanced,0.55,-0.3,0.25,0.4,0.3,0.3,0.2,1,2;1;1,1.1917,1.2074,1.2074,0.0,1.1917,0.0,1.324,1.324,0.05,0.0
balanced,0.55,-0.3,0.25,0.4,0.3,0.3,0.2,1,2;1;1,1.1917,1.2074,1.1812,0.0041,1.1917,0.0,1.324,-0.875,0.05,0.02
balanced,0.55,-0.3,0.25,0.4,0.3,0.3,0.2,1,2;1;1,1.1917,1.2074,1.1471,0.0,1.1917,0.0,1.324,-3.743,0.05,0.05
balanced,0.55,-0.3,0.25,0.4,0.3,0.3,0.2,1,2;1;1,1.1917,1.2074,1.2074,0.0,1.1917,0.0,1.324,1.324,0.15,0.0
balanced,0.55,-0.3,0.25,0.4,0.3,0.3,0.2,1,2;1;1,1.1917,1.2074,1.171,0.015,1.1917,0.0,1.324,-1.731,0.15,0.02
balanced,0.55,-0.3,0.25,0.4,0.3,0.3,0.2,1,2;1;1,1.1917,1.2074,1.1401,0.0098,1.1917,0.0,1.324,-4.328,0.15,0.05
balanced,0.55,-0.3,0.25,0.4,0.3,0.3,0.4,1,1;1;1,1.0214,1.0214,1.0214,0.0,1.0214,1.0,0.0,0.0,0.0,0.0
balanced,0.55,-0.3,0.25,0.4,0.3,0.3,0.4,1,1;1;1,1.0214,1.0214,1.001,0.0,1.0214,1.0,0.0,-2.0,0.0,0.02
balanced,0.55,-0.3,0.25,0.4,0.3,0.3,0.4,1,1;1;1,1.0214,1.0214,0.9704,0.0,1.0214,1.0,0.0,-5.0,0.0,0.05
balanced,0.55,-0.3,0.25,0.4,0.3,0.3,0.4,1,1;1;1,1.0214,1.0214,1.0214,0.0,1.0214,1.0,0.0,0.0,0.05,0.0
balanced,0.55,-0.3,0.25,0.4,0.3,0.3,0.4,1,1;1;1,1.0214,1.0214,1.001,0.0,1.0214,1.0,0.0,-2.0,0.05,0.02
balanced,0.55,-0.3,0.25,0.4,0.3,0.3,0.4,1,1;1;1,1.0214,1.0214,0.9704,0.0,1.0214,1.0,0.0,-5.0,0.05,0.05
balanced,0.55,-0.3,0.25,0.4,0.3,0.3,0.4,1,1;1;1,1.0214,1.0214,1.0214,0.0,1.0214,1.0,0.0,0.0,0.15,0.0
balanced,0.55,-0.3,0.25,0.4,0.3,0.3,0.4,1,1;1;1,1.0214,1.0214,1.001,0.0,1.0214,1.0,0.0,-2.0,0.15,0.02
balanced,0.55,-0.3,0.25,0.4,0.3,0.3,0.4,1,1;1;1,1.0214,1.0214,0.9704,0.0,1.0214,1.0,0.0,-5.0,0.15,0.05
balanced,0.55,-0.2,0.35,0.45,0.2,0.2,0.05,3,4;2;3,1.5763,1.5842,1.5842,0.0,1.4,0.9575,0.497,0.497,0.0,0.0
balanced,0.55,-0.2,0.35,0.45,0.2,0.2,0.05,3,4;2;3,1.5763,1.5842,1.5525,0.0,1.4,0.9575,0.497,-1.513,0.0,0.02
balanced,0.55,-0.2,0.35,0.45,0.2,0.2,0.05,3,4;2;3,1.5763,1.5842,1.5049,0.0,1.4,0.9575,0.497,-4.528,0.0,0.05
balanced,0.55,-0.2,0.35,0.45,0.2,0.2,0.05,3,4;2;3,1.5763,1.5842,1.5842,0.0,1.4,0.9575,0.497,0.497,0.05,0.0
balanced,0.55,-0.2,0.35,0.45,0.2,0.2,0.05,3,4;2;3,1.5763,1.5842,1.5519,0.0011,1.4,0.9575,0.497,-1.548,0.05,0.02
balanced,0.55,-0.2,0.35,0.45,0.2,0.2,0.05,3,4;2;3,1.5763,1.5842,1.4979,0.0142,1.4,0.9575,0.497,-4.977,0.05,0.05
balanced,0.55,-0.2,0.35,0.45,0.2,0.2,0.05,3,4;2;3,1.5763,1.5842,1.5723,0.0149,1.4,0.9575,0.497,-0.257,0.15,0.0
balanced,0.55,-0.2,0.35,0.45,0.2,0.2,0.05,3,4;2;3,1.5763,1.5842,1.5426,0.0148,1.4,0.9575,0.497,-2.137,0.15,0.02
balanced,0.55,-0.2,0.35,0.45,0.2,0.2,0.05,3,4;2;3,1.5763,1.5842,1.4976,0.014,1.4,0.9575,0.497,-4.996,0.15,0.05
balanced,0.55,-0.2,0.35,0.45,0.2,0.2,0.1,2,3;1;2,1.4154,1.4201,1.4201,0.0,1.3364,0.9442,0.33,0.33,0.0,0.0
balanced,0.55,-0.2,0.35,0.45,0.2,0.2,0.1,2,3;1;2,1.4154,1.4201,1.3917,0.0,1.3364,0.9442,0.33,-1.677,0.0,0.02
balanced,0.55,-0.2,0.35,0.45,0.2,0.2,0.1,2,3;1;2,1.4154,1.4201,1.3491,0.0,1.3364,0.9442,0.33,-4.686,0.0,0.05
balanced,0.55,-0.2,0.35,0.45,0.2,0.2,0.1,2,3;1;2,1.4154,1.4201,1.4187,0.0029,1.3364,0.9442,0.33,0.229,0.05,0.0
balanced,0.55,-0.2,0.35,0.45,0.2,0.2,0.1,2,3;1;2,1.4154,1.4201,1.3844,0.0089,1.3364,0.9442,0.33,-2.188,0.05,0.02
balanced,0.55,-0.2,0.35,0.45,0.2,0.2,0.1,2,3;1;2,1.4154,1.4201,1.3456,0.007,1.3364,0.9442,0.33,-4.935,0.05,0.05
balanced,0.55,-0.2,0.35,0.45,0.2,0.2,0.1,2,3;1;2,1.4154,1.4201,1.3876,0.0329,1.3364,0.9442,0.33,-1.964,0.15,0.0
balanced,0.55,-0.2,0.35,0.45,0.2,0.2,0.1,2,3;1;2,1.4154,1.4201,1.3717,0.0346,1.3364,0.9442,0.33,-3.092,0.15,0.02
balanced,0.55,-0.2,0.35,0.45,0.2,0.2,0.1,2,3;1;2,1.4154,1.4201,1.3402,0.0108,1.3364,0.9442,0.33,-5.313,0.15,0.05
balanced,0.55,-0.2,0.35,0.45,0.2,0.2,0.2,1,2;1;1,1.225,1.2408,1.2408,0.0,1.225,0.0,1.288,1.288,0.0,0.0
balanced,0.55,-0.2,0.35,0.45,0.2,0.2,0.2,1,2;1;1,1.225,1.2408,1.216,0.0,1.225,0.0,1.288,-0.738,0.0,0.02
balanced,0.55,-0.2,0.35,0.45,0.2,0.2,0.2,1,2;1;1,1.225,1.2408,1.1787,0.0,1.225,0.0,1.288,-3.777,0.0,0.05
balanced,0.55,-0.2,0.35,0.45,0.2,0.2,0.2,1,2;1;1,1.225,1.2408,1.2408,0.0,1.225,0.0,1.288,1.288,0.05,0.0
balanced,0.55,-0.2,0.35,0.45,0.2,0.2,0.2,1,2;1;1,1.225,1.2408,1.2117,0.0086,1.225,0.0,1.288,-1.09,0.05,0.02
balanced,0.55,-0.2,0.35,0.45,0.2,0.2,0.2,1,2;1;1,1.225,1.2408,1.1727,0.0073,1.225,0.0,1.288,-4.266,0.05,0.05
balanced,0.55,-0.2,0.35,0.45,0.2,0.2,0.2,1,2;1;1,1.225,1.2408,1.2345,0.0077,1.225,0.0,1.288,0.773,0.15,0.0
balanced,0.55,-0.2,0.35,0.45,0.2,0.2,0.2,1,2;1;1,1.225,1.2408,1.216,0.0,1.225,0.0,1.288,-0.738,0.15,0.02
balanced,0.55,-0.2,0.35,0.45,0.2,0.2,0.2,1,2;1;1,1.225,1.2408,1.1787,0.0,1.225,0.0,1.288,-3.777,0.15,0.05
balanced,0.55,-0.2,0.35,0.45,0.2,0.2,0.4,1,1;1;1,1.05,1.05,1.05,0.0,1.05,1.0,0.0,0.0,0.0,0.0
balanced,0.55,-0.2,0.35,0.45,0.2,0.2,0.4,1,1;1;1,1.05,1.05,1.029,0.0,1.05,1.0,0.0,-2.0,0.0,0.02
balanced,0.55,-0.2,0.35,0.45,0.2,0.2,0.4,1,1;1;1,1.05,1.05,0.9975,0.0,1.05,1.0,0.0,-5.0,0.0,0.05
balanced,0.55,-0.2,0.35,0.45,0.2,0.2,0.4,1,1;1;1,1.05,1.05,1.05,0.0,1.05,1.0,0.0,0.0,0.05,0.0
balanced,0.55,-0.2,0.35,0.45,0.2,0.2,0.4,1,1;1;1,1.05,1.05,1.029,0.0,1.05,1.0,0.0,-2.0,0.05,0.02
balanced,0.55,-0.2,0.35,0.45,0.2,0.2,0.4,1,1;1;1,1.05,1.05,0.9975,0.0,1.05,1.0,0.0,-5.0,0.05,0.05
balanced,0.55,-0.2,0.35,0.45,0.2,0.2,0.4,1,1;1;1,1.05,1.05,1.05,0.0,1.05,1.0,0.0,0.0,0.15,0.0
balanced,0.55,-0.2,0.35,0.45,0.2,0.2,0.4,1,1;1;1,1.05,1.05,1.029,0.0,1.05,1.0,0.0,-2.0,0.15,0.02
balanced,0.55,-0.2,0.35,0.45,0.2,0.2,0.4,1,1;1;1,1.05,1.05,0.9975,0.0,1.05,1.0,0.0,-5.0,0.15,0.05
balanced,0.55,-0.1,0.45,0.5,0.1,0.1,0.05,3,4;3;3,1.6587,1.6603,1.6603,0.0,1.4381,0.993,0.094,0.094,0.0,0.0
balanced,0.55,-0.1,0.45,0.5,0.1,0.1,0.05,3,4;3;3,1.6587,1.6603,1.6271,0.0,1.4381,0.993,0.094,-1.908,0.0,0.02
balanced,0.55,-0.1,0.45,0.5,0.1,0.1,0.05,3,4;3;3,1.6587,1.6603,1.5773,0.0,1.4381,0.993,0.094,-4.911,0.0,0.05
balanced,0.55,-0.1,0.45,0.5,0.1,0.1,0.05,3,4;3;3,1.6587,1.6603,1.66,0.0006,1.4381,0.993,0.094,0.075,0.05,0.0
balanced,0.55,-0.1,0.45,0.5,0.1,0.1,0.05,3,4;3;3,1.6587,1.6603,1.6271,0.0,1.4381,0.993,0.094,-1.908,0.05,0.02
balanced,0.55,-0.1,0.45,0.5,0.1,0.1,0.05,3,4;3;3,1.6587,1.6603,1.5773,0.0,1.4381,0.993,0.094,-4.911,0.05,0.05
balanced,0.55,-0.1,0.45,0.5,0.1,0.1,0.05,3,4;3;3,1.6587,1.6603,1.6585,0.0035,1.4381,0.993,0.094,-0.011,0.15,0.0
balanced,0.55,-0.1,0.45,0.5,0.1,0.1,0.05,3,4;3;3,1.6587,1.6603,1.6261,0.0012,1.4381,0.993,0.094,-1.964,0.15,0.02
balanced,0.55,-0.1,0.45,0.5,0.1,0.1,0.05,3,4;3;3,1.6587,1.6603,1.575,0.0038,1.4381,0.993,0.094,-5.046,0.15,0.05
balanced,0.55,-0.1,0.45,0.5,0.1,0.1,0.1,2,3;2;2,1.4767,1.4813,1.4813,0.0,1.3727,0.9575,0.313,0.313,0.0,0.0
balanced,0.55,-0.1,0.45,0.5,0.1,0.1,0.1,2,3;2;2,1.4767,1.4813,1.4517,0.0,1.3727,0.9575,0.313,-1.694,0.0,0.02
balanced,0.55,-0.1,0.45,0.5,0.1,0.1,0.1,2,3;2;2,1.4767,1.4813,1.4072,0.0,1.3727,0.9575,0.313,-4.703,0.0,0.05
balanced,0.55,-0.1,0.45,0.5,0.1,0.1,0.1,2,3;2;2,1.4767,1.4813,1.4804,0.0018,1.3727,0.9575,0.313,0.25,0.05,0.0
balanced,0.55,-0.1,0.45,0.5,0.1,0.1,0.1,2,3;2;2,1.4767,1.4813,1.4517,0.0,1.3727,0.9575,0.313,-1.694,0.05,0.02
balanced,0.55,-0.1,0.45,0.5,0.1,0.1,0.1,2,3;2;2,1.4767,1.4813,1.4072,0.0,1.3727,0.9575,0.313,-4.703,0.05,0.05
balanced,0.55,-0.1,0.45,0.5,0.1,0.1,0.1,2,3;2;2,1.4767,1.4813,1.4804,0.0018,1.3727,0.9575,0.313,0.25,0.15,0.0
balanced,0.55,-0.1,0.45,0.5,0.1,0.1,0.1,2,3;2;2,1.4767,1.4813,1.4508,0.0018,1.3727,0.9575,0.313,-1.755,0.15,0.02
balanced,0.55,-0.1,0.45,0.5,0.1,0.1,0.1,2,3;2;2,1.4767,1.4813,1.4043,0.004,1.3727,0.9575,0.313,-4.901,0.15,0.05
balanced,0.55,-0.1,0.45,0.5,0.1,0.1,0.2,2,2;1;1,1.2657,1.2741,1.2741,0.0,1.2583,0.4679,0.663,0.663,0.0,0.0
balanced,0.55,-0.1,0.45,0.5,0.1,0.1,0.2,2,2;1;1,1.2657,1.2741,1.2486,0.0,1.2583,0.4679,0.663,-1.35,0.0,0.02
balanced,0.55,-0.1,0.45,0.5,0.1,0.1,0.2,2,2;1;1,1.2657,1.2741,1.2104,0.0,1.2583,0.4679,0.663,-4.37,0.0,0.05
balanced,0.55,-0.1,0.45,0.5,0.1,0.1,0.2,2,2;1;1,1.2657,1.2741,1.271,0.0063,1.2583,0.4679,0.663,0.414,0.05,0.0
balanced,0.55,-0.1,0.45,0.5,0.1,0.1,0.2,2,2;1;1,1.2657,1.2741,1.2455,0.0062,1.2583,0.4679,0.663,-1.594,0.05,0.02
balanced,0.55,-0.1,0.45,0.5,0.1,0.1,0.2,2,2;1;1,1.2657,1.2741,1.2104,0.0,1.2583,0.4679,0.663,-4.37,0.05,0.05
balanced,0.55,-0.1,0.45,0.5,0.1,0.1,0.2,2,2;1;1,1.2657,1.2741,1.2741,0.0,1.2583,0.4679,0.663,0.663,0.15,0.0
balanced,0.55,-0.1,0.45,0.5,0.1,0.1,0.2,2,2;1;1,1.2657,1.2741,1.2455,0.0062,1.2583,0.4679,0.663,-1.594,0.15,0.02
balanced,0.55,-0.1,0.45,0.5,0.1,0.1,0.2,2,2;1;1,1.2657,1.2741,1.2104,0.0,1.2583,0.4679,0.663,-4.37,0.15,0.05
balanced,0.55,-0.1,0.45,0.5,0.1,0.1,0.4,1,1;1;1,1.0786,1.0786,1.0786,0.0,1.0786,1.0,0.0,0.0,0.0,0.0
balanced,0.55,-0.1,0.45,0.5,0.1,0.1,0.4,1,1;1;1,1.0786,1.0786,1.057,0.0,1.0786,1.0,0.0,-2.0,0.0,0.02
balanced,0.55,-0.1,0.45,0.5,0.1,0.1,0.4,1,1;1;1,1.0786,1.0786,1.0246,0.0,1.0786,1.0,0.0,-5.0,0.0,0.05
balanced,0.55,-0.1,0.45,0.5,0.1,0.1,0.4,1,1;1;1,1.0786,1.0786,1.0786,0.0,1.0786,1.0,0.0,0.0,0.05,0.0
balanced,0.55,-0.1,0.45,0.5,0.1,0.1,0.4,1,1;1;1,1.0786,1.0786,1.057,0.0,1.0786,1.0,0.0,-2.0,0.05,0.02
balanced,0.55,-0.1,0.45,0.5,0.1,0.1,0.4,1,1;1;1,1.0786,1.0786,1.0246,0.0,1.0786,1.0,0.0,-5.0,0.05,0.05
balanced,0.55,-0.1,0.45,0.5,0.1,0.1,0.4,1,1;1;1,1.0786,1.0786,1.0786,0.0,1.0786,1.0,0.0,0.0,0.15,0.0
balanced,0.55,-0.1,0.45,0.5,0.1,0.1,0.4,1,1;1;1,1.0786,1.0786,1.057,0.0,1.0786,1.0,0.0,-2.0,0.15,0.02
balanced,0.55,-0.1,0.45,0.5,0.1,0.1,0.4,1,1;1;1,1.0786,1.0786,1.0246,0.0,1.0786,1.0,0.0,-5.0,0.15,0.05
balanced,0.55,0.0,0.55,0.55,0.0,0.0,0.05,4,4;4;4,1.7587,1.7587,1.7587,0.0,1.4762,1.0,0.0,0.0,0.0,0.0
balanced,0.55,0.0,0.55,0.55,0.0,0.0,0.05,4,4;4;4,1.7587,1.7587,1.7235,0.0,1.4762,1.0,0.0,-2.0,0.0,0.02
balanced,0.55,0.0,0.55,0.55,0.0,0.0,0.05,4,4;4;4,1.7587,1.7587,1.6707,0.0,1.4762,1.0,0.0,-5.0,0.0,0.05
balanced,0.55,0.0,0.55,0.55,0.0,0.0,0.05,4,4;4;4,1.7587,1.7587,1.7587,0.0,1.4762,1.0,0.0,0.0,0.05,0.0
balanced,0.55,0.0,0.55,0.55,0.0,0.0,0.05,4,4;4;4,1.7587,1.7587,1.7235,0.0,1.4762,1.0,0.0,-2.0,0.05,0.02
balanced,0.55,0.0,0.55,0.55,0.0,0.0,0.05,4,4;4;4,1.7587,1.7587,1.6707,0.0,1.4762,1.0,0.0,-5.0,0.05,0.05
balanced,0.55,0.0,0.55,0.55,0.0,0.0,0.05,4,4;4;4,1.7587,1.7587,1.7587,0.0,1.4762,1.0,0.0,0.0,0.15,0.0
balanced,0.55,0.0,0.55,0.55,0.0,0.0,0.05,4,4;4;4,1.7587,1.7587,1.7235,0.0,1.4762,1.0,0.0,-2.0,0.15,0.02
balanced,0.55,0.0,0.55,0.55,0.0,0.0,0.05,4,4;4;4,1.7587,1.7587,1.6707,0.0,1.4762,1.0,0.0,-5.0,0.15,0.05
balanced,0.55,0.0,0.55,0.55,0.0,0.0,0.1,3,3;3;3,1.553,1.553,1.553,0.0,1.4091,1.0,0.0,0.0,0.0,0.0
balanced,0.55,0.0,0.55,0.55,0.0,0.0,0.1,3,3;3;3,1.553,1.553,1.5219,0.0,1.4091,1.0,0.0,-2.0,0.0,0.02
balanced,0.55,0.0,0.55,0.55,0.0,0.0,0.1,3,3;3;3,1.553,1.553,1.4753,0.0,1.4091,1.0,0.0,-5.0,0.0,0.05
balanced,0.55,0.0,0.55,0.55,0.0,0.0,0.1,3,3;3;3,1.553,1.553,1.553,0.0,1.4091,1.0,0.0,0.0,0.05,0.0
balanced,0.55,0.0,0.55,0.55,0.0,0.0,0.1,3,3;3;3,1.553,1.553,1.5219,0.0,1.4091,1.0,0.0,-2.0,0.05,0.02
balanced,0.55,0.0,0.55,0.55,0.0,0.0,0.1,3,3;3;3,1.553,1.553,1.4753,0.0,1.4091,1.0,0.0,-5.0,0.05,0.05
balanced,0.55,0.0,0.55,0.55,0.0,0.0,0.1,3,3;3;3,1.553,1.553,1.553,0.0,1.4091,1.0,0.0,0.0,0.15,0.0
balanced,0.55,0.0,0.55,0.55,0.0,0.0,0.1,3,3;3;3,1.553,1.553,1.5219,0.0,1.4091,1.0,0.0,-2.0,0.15,0.02
balanced,0.55,0.0,0.55,0.55,0.0,0.0,0.1,3,3;3;3,1.553,1.553,1.4753,0.0,1.4091,1.0,0.0,-5.0,0.15,0.05
balanced,0.55,0.0,0.55,0.55,0.0,0.0,0.2,2,2;2;2,1.3232,1.3232,1.3232,0.0,1.2917,1.0,0.0,0.0,0.0,0.0
balanced,0.55,0.0,0.55,0.55,0.0,0.0,0.2,2,2;2;2,1.3232,1.3232,1.2968,0.0,1.2917,1.0,0.0,-2.0,0.0,0.02
balanced,0.55,0.0,0.55,0.55,0.0,0.0,0.2,2,2;2;2,1.3232,1.3232,1.2571,0.0,1.2917,1.0,0.0,-5.0,0.0,0.05
balanced,0.55,0.0,0.55,0.55,0.0,0.0,0.2,2,2;2;2,1.3232,1.3232,1.3232,0.0,1.2917,1.0,0.0,0.0,0.05,0.0
balanced,0.55,0.0,0.55,0.55,0.0,0.0,0.2,2,2;2;2,1.3232,1.3232,1.2968,0.0,1.2917,1.0,0.0,-2.0,0.05,0.02
balanced,0.55,0.0,0.55,0.55,0.0,0.0,0.2,2,2;2;2,1.3232,1.3232,1.2571,0.0,1.2917,1.0,0.0,-5.0,0.05,0.05
balanced,0.55,0.0,0.55,0.55,0.0,0.0,0.2,2,2;2;2,1.3232,1.3232,1.3232,0.0,1.2917,1.0,0.0,0.0,0.15,0.0
balanced,0.55,0.0,0.55,0.55,0.0,0.0,0.2,2,2;2;2,1.3232,1.3232,1.2968,0.0,1.2917,1.0,0.0,-2.0,0.15,0.02
balanced,0.55,0.0,0.55,0.55,0.0,0.0,0.2,2,2;2;2,1.3232,1.3232,1.2571,0.0,1.2917,1.0,0.0,-5.0,0.15,0.05
balanced,0.55,0.0,0.55,0.55,0.0,0.0,0.4,1,1;1;1,1.1071,1.1071,1.1071,0.0,1.1071,1.0,0.0,0.0,0.0,0.0
balanced,0.55,0.0,0.55,0.55,0.0,0.0,0.4,1,1;1;1,1.1071,1.1071,1.085,0.0,1.1071,1.0,0.0,-2.0,0.0,0.02
balanced,0.55,0.0,0.55,0.55,0.0,0.0,0.4,1,1;1;1,1.1071,1.1071,1.0518,0.0,1.1071,1.0,0.0,-5.0,0.0,0.05
balanced,0.55,0.0,0.55,0.55,0.0,0.0,0.4,1,1;1;1,1.1071,1.1071,1.1071,0.0,1.1071,1.0,0.0,0.0,0.05,0.0
balanced,0.55,0.0,0.55,0.55,0.0,0.0,0.4,1,1;1;1,1.1071,1.1071,1.085,0.0,1.1071,1.0,0.0,-2.0,0.05,0.02
balanced,0.55,0.0,0.55,0.55,0.0,0.0,0.4,1,1;1;1,1.1071,1.1071,1.0518,0.0,1.1071,1.0,0.0,-5.0,0.05,0.05
balanced,0.55,0.0,0.55,0.55,0.0,0.0,0.4,1,1;1;1,1.1071,1.1071,1.1071,0.0,1.1071,1.0,0.0,0.0,0.15,0.0
balanced,0.55,0.0,0.55,0.55,0.0,0.0,0.4,1,1;1;1,1.1071,1.1071,1.085,0.0,1.1071,1.0,0.0,-2.0,0.15,0.02
balanced,0.55,0.0,0.55,0.55,0.0,0.0,0.4,1,1;1;1,1.1071,1.1071,1.0518,0.0,1.1071,1.0,0.0,-5.0,0.15,0.05
balanced,0.55,0.1,0.65,0.6,0.1,0.1,0.05,4,4;5;4,1.895,1.8976,1.8976,0.0,1.5143,0.9932,0.137,0.137,0.0,0.0
balanced,0.55,0.1,0.65,0.6,0.1,0.1,0.05,4,4;5;4,1.895,1.8976,1.8596,0.0,1.5143,0.9932,0.137,-1.866,0.0,0.02
balanced,0.55,0.1,0.65,0.6,0.1,0.1,0.05,4,4;5;4,1.895,1.8976,1.8027,0.0,1.5143,0.9932,0.137,-4.87,0.0,0.05
balanced,0.55,0.1,0.65,0.6,0.1,0.1,0.05,4,4;5;4,1.895,1.8976,1.8976,0.0,1.5143,0.9932,0.137,0.137,0.05,0.0
balanced,0.55,0.1,0.65,0.6,0.1,0.1,0.05,4,4;5;4,1.895,1.8976,1.8596,0.0,1.5143,0.9932,0.137,-1.866,0.05,0.02
balanced,0.55,0.1,0.65,0.6,0.1,0.1,0.05,4,4;5;4,1.895,1.8976,1.8017,0.0012,1.5143,0.9932,0.137,-4.922,0.05,0.05
balanced,0.55,0.1,0.65,0.6,0.1,0.1,0.05,4,4;5;4,1.895,1.8976,1.8935,0.0069,1.5143,0.9932,0.137,-0.077,0.15,0.0
balanced,0.55,0.1,0.65,0.6,0.1,0.1,0.05,4,4;5;4,1.895,1.8976,1.858,0.0021,1.5143,0.9932,0.137,-1.95,0.15,0.02
balanced,0.55,0.1,0.65,0.6,0.1,0.1,0.05,4,4;5;4,1.895,1.8976,1.8007,0.001,1.5143,0.9932,0.137,-4.977,0.15,0.05
balanced,0.55,0.1,0.65,0.6,0.1,0.1,0.1,3,3;3;3,1.6529,1.6529,1.6529,0.0,1.4455,1.0,0.0,0.0,0.0,0.0
balanced,0.55,0.1,0.65,0.6,0.1,0.1,0.1,3,3;3;3,1.6529,1.6529,1.6198,0.0,1.4455,1.0,0.0,-2.0,0.0,0.02
balanced,0.55,0.1,0.65,0.6,0.1,0.1,0.1,3,3;3;3,1.6529,1.6529,1.5703,0.0,1.4455,1.0,0.0,-5.0,0.0,0.05
balanced,0.55,0.1,0.65,0.6,0.1,0.1,0.1,3,3;3;3,1.6529,1.6529,1.6529,0.0,1.4455,1.0,0.0,0.0,0.05,0.0
balanced,0.55,0.1,0.65,0.6,0.1,0.1,0.1,3,3;3;3,1.6529,1.6529,1.6198,0.0,1.4455,1.0,0.0,-2.0,0.05,0.02
balanced,0.55,0.1,0.65,0.6,0.1,0.1,0.1,3,3;3;3,1.6529,1.6529,1.5703,0.0,1.4455,1.0,0.0,-5.0,0.05,0.05
balanced,0.55,0.1,0.65,0.6,0.1,0.1,0.1,3,3;3;3,1.6529,1.6529,1.6529,0.0,1.4455,1.0,0.0,0.0,0.15,0.0
balanced,0.55,0.1,0.65,0.6,0.1,0.1,0.1,3,3;3;3,1.6529,1.6529,1.6198,0.0,1.4455,1.0,0.0,-2.0,0.15,0.02
balanced,0.55,0.1,0.65,0.6,0.1,0.1,0.1,3,3;3;3,1.6529,1.6529,1.5703,0.0,1.4455,1.0,0.0,-5.0,0.15,0.05
balanced,0.55,0.1,0.65,0.6,0.1,0.1,0.2,2,2;2;2,1.3857,1.3857,1.3857,0.0,1.325,1.0,0.0,0.0,0.0,0.0
balanced,0.55,0.1,0.65,0.6,0.1,0.1,0.2,2,2;2;2,1.3857,1.3857,1.358,0.0,1.325,1.0,0.0,-2.0,0.0,0.02
balanced,0.55,0.1,0.65,0.6,0.1,0.1,0.2,2,2;2;2,1.3857,1.3857,1.3164,0.0,1.325,1.0,0.0,-5.0,0.0,0.05
balanced,0.55,0.1,0.65,0.6,0.1,0.1,0.2,2,2;2;2,1.3857,1.3857,1.3857,0.0,1.325,1.0,0.0,0.0,0.05,0.0
balanced,0.55,0.1,0.65,0.6,0.1,0.1,0.2,2,2;2;2,1.3857,1.3857,1.358,0.0,1.325,1.0,0.0,-2.0,0.05,0.02
balanced,0.55,0.1,0.65,0.6,0.1,0.1,0.2,2,2;2;2,1.3857,1.3857,1.3164,0.0,1.325,1.0,0.0,-5.0,0.05,0.05
balanced,0.55,0.1,0.65,0.6,0.1,0.1,0.2,2,2;2;2,1.3857,1.3857,1.3857,0.0,1.325,1.0,0.0,0.0,0.15,0.0
balanced,0.55,0.1,0.65,0.6,0.1,0.1,0.2,2,2;2;2,1.3857,1.3857,1.358,0.0,1.325,1.0,0.0,-2.0,0.15,0.02
balanced,0.55,0.1,0.65,0.6,0.1,0.1,0.2,2,2;2;2,1.3857,1.3857,1.3164,0.0,1.325,1.0,0.0,-5.0,0.15,0.05
balanced,0.55,0.1,0.65,0.6,0.1,0.1,0.4,1,1;1;1,1.1357,1.1357,1.1357,0.0,1.1357,1.0,0.0,0.0,0.0,0.0
balanced,0.55,0.1,0.65,0.6,0.1,0.1,0.4,1,1;1;1,1.1357,1.1357,1.113,0.0,1.1357,1.0,0.0,-2.0,0.0,0.02
balanced,0.55,0.1,0.65,0.6,0.1,0.1,0.4,1,1;1;1,1.1357,1.1357,1.0789,0.0,1.1357,1.0,0.0,-5.0,0.0,0.05
balanced,0.55,0.1,0.65,0.6,0.1,0.1,0.4,1,1;1;1,1.1357,1.1357,1.1357,0.0,1.1357,1.0,0.0,0.0,0.05,0.0
balanced,0.55,0.1,0.65,0.6,0.1,0.1,0.4,1,1;1;1,1.1357,1.1357,1.113,0.0,1.1357,1.0,0.0,-2.0,0.05,0.02
balanced,0.55,0.1,0.65,0.6,0.1,0.1,0.4,1,1;1;1,1.1357,1.1357,1.0789,0.0,1.1357,1.0,0.0,-5.0,0.05,0.05
balanced,0.55,0.1,0.65,0.6,0.1,0.1,0.4,1,1;1;1,1.1357,1.1357,1.1357,0.0,1.1357,1.0,0.0,0.0,0.15,0.0
balanced,0.55,0.1,0.65,0.6,0.1,0.1,0.4,1,1;1;1,1.1357,1.1357,1.113,0.0,1.1357,1.0,0.0,-2.0,0.15,0.02
balanced,0.55,0.1,0.65,0.6,0.1,0.1,0.4,1,1;1;1,1.1357,1.1357,1.0789,0.0,1.1357,1.0,0.0,-5.0,0.15,0.05
balanced,0.55,0.2,0.75,0.65,0.2,0.2,0.05,5,4;7;5,2.0761,2.1019,2.1019,0.0,1.5524,0.953,1.243,1.243,0.0,0.0
balanced,0.55,0.2,0.75,0.65,0.2,0.2,0.05,5,4;7;5,2.0761,2.1019,2.0599,0.0,1.5524,0.953,1.243,-0.782,0.0,0.02
balanced,0.55,0.2,0.75,0.65,0.2,0.2,0.05,5,4;7;5,2.0761,2.1019,1.9968,0.0,1.5524,0.953,1.243,-3.819,0.0,0.05
balanced,0.55,0.2,0.75,0.65,0.2,0.2,0.05,5,4;7;5,2.0761,2.1019,2.0993,0.0051,1.5524,0.953,1.243,1.119,0.05,0.0
balanced,0.55,0.2,0.75,0.65,0.2,0.2,0.05,5,4;7;5,2.0761,2.1019,2.0599,0.0,1.5524,0.953,1.243,-0.782,0.05,0.02
balanced,0.55,0.2,0.75,0.65,0.2,0.2,0.05,5,4;7;5,2.0761,2.1019,1.9968,0.0,1.5524,0.953,1.243,-3.819,0.05,0.05
balanced,0.55,0.2,0.75,0.65,0.2,0.2,0.05,5,4;7;5,2.0761,2.1019,2.0959,0.0074,1.5524,0.953,1.243,0.953,0.15,0.0
balanced,0.55,0.2,0.75,0.65,0.2,0.2,0.05,5,4;7;5,2.0761,2.1019,2.05,0.0196,1.5524,0.953,1.243,-1.255,0.15,0.02
balanced,0.55,0.2,0.75,0.65,0.2,0.2,0.05,5,4;7;5,2.0761,2.1019,1.9912,0.0064,1.5524,0.953,1.243,-4.087,0.15,0.05
balanced,0.55,0.2,0.75,0.65,0.2,0.2,0.1,3,3;5;3,1.7686,1.7952,1.7952,0.0,1.4818,0.9151,1.504,1.504,0.0,0.0
balanced,0.55,0.2,0.75,0.65,0.2,0.2,0.1,3,3;5;3,1.7686,1.7952,1.7593,0.0,1.4818,0.9151,1.504,-0.526,0.0,0.02
balanced,0.55,0.2,0.75,0.65,0.2,0.2,0.1,3,3;5;3,1.7686,1.7952,1.7054,0.0,1.4818,0.9151,1.504,-3.571,0.0,0.05
balanced,0.55,0.2,0.75,0.65,0.2,0.2,0.1,3,3;5;3,1.7686,1.7952,1.7952,0.0,1.4818,0.9151,1.504,1.504,0.05,0.0
balanced,0.55,0.2,0.75,0.65,0.2,0.2,0.1,3,3;5;3,1.7686,1.7952,1.7489,0.0128,1.4818,0.9151,1.504,-1.115,0.05,0.02
balanced,0.55,0.2,0.75,0.65,0.2,0.2,0.1,3,3;5;3,1.7686,1.7952,1.7054,0.0,1.4818,0.9151,1.504,-3.571,0.05,0.05
balanced,0.55,0.2,0.75,0.65,0.2,0.2,0.1,3,3;5;3,1.7686,1.7952,1.7952,0.0,1.4818,0.9151,1.504,1.504,0.15,0.0
balanced,0.55,0.2,0.75,0.65,0.2,0.2,0.1,3,3;5;3,1.7686,1.7952,1.7541,0.0104,1.4818,0.9151,1.504,-0.821,0.15,0.02
balanced,0.55,0.2,0.75,0.65,0.2,0.2,0.1,3,3;5;3,1.7686,1.7952,1.6846,0.0306,1.4818,0.9151,1.504,-4.747,0.15,0.05
balanced,0.55,0.2,0.75,0.65,0.2,0.2,0.2,2,2;3;2,1.4532,1.4704,1.4704,0.0,1.3583,0.8468,1.181,1.181,0.0,0.0
balanced,0.55,0.2,0.75,0.65,0.2,0.2,0.2,2,2;3;2,1.4532,1.4704,1.441,0.0,1.3583,0.8468,1.181,-0.843,0.0,0.02
balanced,0.55,0.2,0.75,0.65,0.2,0.2,0.2,2,2;3;2,1.4532,1.4704,1.3969,0.0,1.3583,0.8468,1.181,-3.878,0.0,0.05
balanced,0.55,0.2,0.75,0.65,0.2,0.2,0.2,2,2;3;2,1.4532,1.4704,1.4704,0.0,1.3583,0.8468,1.181,1.181,0.05,0.0
balanced,0.55,0.2,0.75,0.65,0.2,0.2,0.2,2,2;3;2,1.4532,1.4704,1.4349,0.012,1.3583,0.8468,1.181,-1.257,0.05,0.02
balanced,0.55,0.2,0.75,0.65,0.2,0.2,0.2,2,2;3;2,1.4532,1.4704,1.3969,0.0,1.3583,0.8468,1.181,-3.878,0.05,0.05
balanced,0.55,0.2,0.75,0.65,0.2,0.2,0.2,2,2;3;2,1.4532,1.4704,1.4669,0.0069,1.3583,0.8468,1.181,0.945,0.15,0.0
balanced,0.55,0.2,0.75,0.65,0.2,0.2,0.2,2,2;3;2,1.4532,1.4704,1.4349,0.012,1.3583,0.8468,1.181,-1.257,0.15,0.02
balanced,0.55,0.2,0.75,0.65,0.2,0.2,0.2,2,2;3;2,1.4532,1.4704,1.39,0.0112,1.3583,0.8468,1.181,-4.35,0.15,0.05
balanced,0.55,0.2,0.75,0.65,0.2,0.2,0.4,1,1;2;1,1.1643,1.1747,1.1747,0.0,1.1643,0.0,0.895,0.895,0.0,0.0
balanced,0.55,0.2,0.75,0.65,0.2,0.2,0.4,1,1;2;1,1.1643,1.1747,1.1512,0.0,1.1643,0.0,0.895,-1.123,0.0,0.02
balanced,0.55,0.2,0.75,0.65,0.2,0.2,0.4,1,1;2;1,1.1643,1.1747,1.116,0.0,1.1643,0.0,0.895,-4.15,0.0,0.05
balanced,0.55,0.2,0.75,0.65,0.2,0.2,0.4,1,1;2;1,1.1643,1.1747,1.1747,0.0,1.1643,0.0,0.895,0.895,0.05,0.0
balanced,0.55,0.2,0.75,0.65,0.2,0.2,0.4,1,1;2;1,1.1643,1.1747,1.1359,0.0187,1.1643,0.0,0.895,-2.436,0.05,0.02
balanced,0.55,0.2,0.75,0.65,0.2,0.2,0.4,1,1;2;1,1.1643,1.1747,1.116,0.0,1.1643,0.0,0.895,-4.15,0.05,0.05
balanced,0.55,0.2,0.75,0.65,0.2,0.2,0.4,1,1;2;1,1.1643,1.1747,1.1648,0.0151,1.1643,0.0,0.895,0.046,0.15,0.0
balanced,0.55,0.2,0.75,0.65,0.2,0.2,0.4,1,1;2;1,1.1643,1.1747,1.1491,0.0026,1.1643,0.0,0.895,-1.306,0.15,0.02
balanced,0.55,0.2,0.75,0.65,0.2,0.2,0.4,1,1;2;1,1.1643,1.1747,1.112,0.0048,1.1643,0.0,0.895,-4.49,0.15,0.05
balanced,0.55,0.3,0.85,0.7,0.3,0.3,0.05,7,4;10;6,2.3593,2.4601,2.4601,0.0,1.5905,0.8841,4.273,4.273,0.0,0.0
balanced,0.55,0.3,0.85,0.7,0.3,0.3,0.05,7,4;10;6,2.3593,2.4601,2.4109,0.0,1.5905,0.8841,4.273,2.188,0.0,0.02
balanced,0.55,0.3,0.85,0.7,0.3,0.3,0.05,7,4;10;6,2.3593,2.4601,2.3371,0.0,1.5905,0.8841,4.273,-0.94,0.0,0.05
balanced,0.55,0.3,0.85,0.7,0.3,0.3,0.05,7,4;10;6,2.3593,2.4601,2.4235,0.0732,1.5905,0.8841,4.273,2.721,0.05,0.0
balanced,0.55,0.3,0.85,0.7,0.3,0.3,0.05,7,4;10;6,2.3593,2.4601,2.3982,0.0255,1.5905,0.8841,4.273,1.648,0.05,0.02
balanced,0.55,0.3,0.85,0.7,0.3,0.3,0.05,7,4;10;6,2.3593,2.4601,2.3371,0.0,1.5905,0.8841,4.273,-0.94,0.05,0.05
balanced,0.55,0.3,0.85,0.7,0.3,0.3,0.05,7,4;10;6,2.3593,2.4601,2.4122,0.0519,1.5905,0.8841,4.273,2.243,0.15,0.0
balanced,0.55,0.3,0.85,0.7,0.3,0.3,0.05,7,4;10;6,2.3593,2.4601,2.4109,0.0,1.5905,0.8841,4.273,2.188,0.15,0.02
balanced,0.55,0.3,0.85,0.7,0.3,0.3,0.05,7,4;10;6,2.3593,2.4601,2.262,0.0548,1.5905,0.8841,4.273,-4.123,0.15,0.05
balanced,0.55,0.3,0.85,0.7,0.3,0.3,0.1,4,3;7;4,1.9446,2.0285,2.0285,0.0,1.5182,0.8355,4.318,4.318,0.0,0.0
balanced,0.55,0.3,0.85,0.7,0.3,0.3,0.1,4,3;7;4,1.9446,2.0285,1.988,0.0,1.5182,0.8355,4.318,2.232,0.0,0.02
balanced,0.55,0.3,0.85,0.7,0.3,0.3,0.1,4,3;7;4,1.9446,2.0285,1.9271,0.0,1.5182,0.8355,4.318,-0.898,0.0,0.05
balanced,0.55,0.3,0.85,0.7,0.3,0.3,0.1,4,3;7;4,1.9446,2.0285,1.9788,0.061,1.5182,0.8355,4.318,1.758,0.05,0.0
balanced,0.55,0.3,0.85,0.7,0.3,0.3,0.1,4,3;7;4,1.9446,2.0285,1.9835,0.0089,1.5182,0.8355,4.318,2.002,0.05,0.02
balanced,0.55,0.3,0.85,0.7,0.3,0.3,0.1,4,3;7;4,1.9446,2.0285,1.9247,0.003,1.5182,0.8355,4.318,-1.024,0.05,0.05
balanced,0.55,0.3,0.85,0.7,0.3,0.3,0.1,4,3;7;4,1.9446,2.0285,2.0179,0.013,1.5182,0.8355,4.318,3.771,0.15,0.0
balanced,0.55,0.3,0.85,0.7,0.3,0.3,0.1,4,3;7;4,1.9446,2.0285,1.988,0.0,1.5182,0.8355,4.318,2.232,0.15,0.02
balanced,0.55,0.3,0.85,0.7,0.3,0.3,0.1,4,3;7;4,1.9446,2.0285,1.8926,0.0459,1.5182,0.8355,4.318,-2.673,0.15,0.05
balanced,0.55,0.3,0.85,0.7,0.3,0.3,0.2,3,2;5;3,1.545,1.6011,1.6011,0.0,1.3917,0.7323,3.629,3.629,0.0,0.0
balanced,0.55,0.3,0.85,0.7,0.3,0.3,0.2,3,2;5;3,1.545,1.6011,1.5691,0.0,1.3917,0.7323,3.629,1.556,0.0,0.02
balanced,0.55,0.3,0.85,0.7,0.3,0.3,0.2,3,2;5;3,1.545,1.6011,1.521,0.0,1.3917,0.7323,3.629,-1.553,0.0,0.05
balanced,0.55,0.3,0.85,0.7,0.3,0.3,0.2,3,2;5;3,1.545,1.6011,1.5966,0.009,1.3917,0.7323,3.629,3.338,0.05,0.0
balanced,0.55,0.3,0.85,0.7,0.3,0.3,0.2,3,2;5;3,1.545,1.6011,1.5691,0.0,1.3917,0.7323,3.629,1.556,0.05,0.02
balanced,0.55,0.3,0.85,0.7,0.3,0.3,0.2,3,2;5;3,1.545,1.6011,1.5119,0.0112,1.3917,0.7323,3.629,-2.141,0.05,0.05
balanced,0.55,0.3,0.85,0.7,0.3,0.3,0.2,3,2;5;3,1.545,1.6011,1.5707,0.047,1.3917,0.7323,3.629,1.659,0.15,0.0
balanced,0.55,0.3,0.85,0.7,0.3,0.3,0.2,3,2;5;3,1.545,1.6011,1.5389,0.0219,1.3917,0.7323,3.629,-0.397,0.15,0.02
balanced,0.55,0.3,0.85,0.7,0.3,0.3,0.2,3,2;5;3,1.545,1.6011,1.4931,0.0342,1.3917,0.7323,3.629,-3.36,0.15,0.05
balanced,0.55,0.3,0.85,0.7,0.3,0.3,0.4,1,1;3;2,1.1929,1.2314,1.2314,0.0,1.1929,0.0,3.235,3.235,0.0,0.0
balanced,0.55,0.3,0.85,0.7,0.3,0.3,0.4,1,1;3;2,1.1929,1.2314,1.2068,0.0,1.1929,0.0,3.235,1.17,0.0,0.02
balanced,0.55,0.3,0.85,0.7,0.3,0.3,0.4,1,1;3;2,1.1929,1.2314,1.1699,0.0,1.1929,0.0,3.235,-1.927,0.0,0.05
balanced,0.55,0.3,0.85,0.7,0.3,0.3,0.4,1,1;3;2,1.1929,1.2314,1.2112,0.0376,1.1929,0.0,3.235,1.541,0.05,0.0
balanced,0.55,0.3,0.85,0.7,0.3,0.3,0.4,1,1;3;2,1.1929,1.2314,1.2067,0.0002,1.1929,0.0,3.235,1.162,0.05,0.02
balanced,0.55,0.3,0.85,0.7,0.3,0.3,0.4,1,1;3;2,1.1929,1.2314,1.1508,0.0355,1.1929,0.0,3.235,-3.528,0.05,0.05
balanced,0.55,0.3,0.85,0.7,0.3,0.3,0.4,1,1;3;2,1.1929,1.2314,1.2238,0.0152,1.1929,0.0,3.235,2.596,0.15,0.0
balanced,0.55,0.3,0.85,0.7,0.3,0.3,0.4,1,1;3;2,1.1929,1.2314,1.1882,0.0371,1.1929,0.0,3.235,-0.394,0.15,0.02
balanced,0.55,0.3,0.85,0.7,0.3,0.3,0.4,1,1;3;2,1.1929,1.2314,1.1674,0.005,1.1929,0.0,3.235,-2.135,0.15,0.05
balanced,0.65,-0.3,0.35,0.5,0.3,0.3,0.05,4,5;2;3,1.7579,1.7843,1.7843,0.0,1.4571,0.9191,1.507,1.507,0.0,0.0
balanced,0.65,-0.3,0.35,0.5,0.3,0.3,0.05,4,5;2;3,1.7579,1.7843,1.7487,0.0,1.4571,0.9191,1.507,-0.524,0.0,0.02
balanced,0.65,-0.3,0.35,0.5,0.3,0.3,0.05,4,5;2;3,1.7579,1.7843,1.6951,0.0,1.4571,0.9191,1.507,-3.569,0.0,0.05
balanced,0.65,-0.3,0.35,0.5,0.3,0.3,0.05,4,5;2;3,1.7579,1.7843,1.7812,0.0039,1.4571,0.9191,1.507,1.327,0.05,0.0
balanced,0.65,-0.3,0.35,0.5,0.3,0.3,0.05,4,5;2;3,1.7579,1.7843,1.7487,0.0,1.4571,0.9191,1.507,-0.524,0.05,0.02
balanced,0.65,-0.3,0.35,0.5,0.3,0.3,0.05,4,5;2;3,1.7579,1.7843,1.6883,0.0137,1.4571,0.9191,1.507,-3.96,0.05,0.05
balanced,0.65,-0.3,0.35,0.5,0.3,0.3,0.05,4,5;2;3,1.7579,1.7843,1.7739,0.0171,1.4571,0.9191,1.507,0.915,0.15,0.0
balanced,0.65,-0.3,0.35,0.5,0.3,0.3,0.05,4,5;2;3,1.7579,1.7843,1.7369,0.0134,1.4571,0.9191,1.507,-1.19,0.15,0.02
balanced,0.65,-0.3,0.35,0.5,0.3,0.3,0.05,4,5;2;3,1.7579,1.7843,1.6883,0.0137,1.4571,0.9191,1.507,-3.96,0.15,0.05
balanced,0.65,-0.3,0.35,0.5,0.3,0.3,0.1,3,3;1;2,1.5409,1.5626,1.5626,0.0,1.3909,0.8737,1.407,1.407,0.0,0.0
balanced,0.65,-0.3,0.35,0.5,0.3,0.3,0.1,3,3;1;2,1.5409,1.5626,1.5313,0.0,1.3909,0.8737,1.407,-0.621,0.0,0.02
balanced,0.65,-0.3,0.35,0.5,0.3,0.3,0.1,3,3;1;2,1.5409,1.5626,1.4845,0.0,1.3909,0.8737,1.407,-3.663,0.0,0.05
balanced,0.65,-0.3,0.35,0.5,0.3,0.3,0.1,3,3;1;2,1.5409,1.5626,1.5547,0.0157,1.3909,0.8737,1.407,0.899,0.05,0.0
balanced,0.65,-0.3,0.35,0.5,0.3,0.3,0.1,3,3;1;2,1.5409,1.5626,1.5014,0.0599,1.3909,0.8737,1.407,-2.564,0.05,0.02
balanced,0.65,-0.3,0.35,0.5,0.3,0.3,0.1,3,3;1;2,1.5409,1.5626,1.4809,0.0072,1.3909,0.8737,1.407,-3.897,0.05,0.05
balanced,0.65,-0.3,0.35,0.5,0.3,0.3,0.1,3,3;1;2,1.5409,1.5626,1.5619,0.0013,1.3909,0.8737,1.407,1.365,0.15,0.0
balanced,0.65,-0.3,0.35,0.5,0.3,0.3,0.1,3,3;1;2,1.5409,1.5626,1.5014,0.0599,1.3909,0.8737,1.407,-2.564,0.15,0.02
balanced,0.65,-0.3,0.35,0.5,0.3,0.3,0.1,3,3;1;2,1.5409,1.5626,1.4809,0.0072,1.3909,0.8737,1.407,-3.897,0.15,0.05
balanced,0.65,-0.3,0.35,0.5,0.3,0.3,0.2,2,2;1;1,1.3057,1.3277,1.3277,0.0,1.275,0.5831,1.682,1.682,0.0,0.0
balanced,0.65,-0.3,0.35,0.5,0.3,0.3,0.2,2,2;1;1,1.3057,1.3277,1.3011,0.0,1.275,0.5831,1.682,-0.351,0.0,0.02
balanced,0.65,-0.3,0.35,0.5,0.3,0.3,0.2,2,2;1;1,1.3057,1.3277,1.2613,0.0,1.275,0.5831,1.682,-3.402,0.0,0.05
balanced,0.65,-0.3,0.35,0.5,0.3,0.3,0.2,2,2;1;1,1.3057,1.3277,1.3277,0.0,1.275,0.5831,1.682,1.682,0.05,0.0
balanced,0.65,-0.3,0.35,0.5,0.3,0.3,0.2,2,2;1;1,1.3057,1.3277,1.3011,0.0,1.275,0.5831,1.682,-0.351,0.05,0.02
balanced,0.65,-0.3,0.35,0.5,0.3,0.3,0.2,2,2;1;1,1.3057,1.3277,1.2613,0.0,1.275,0.5831,1.682,-3.402,0.05,0.05
balanced,0.65,-0.3,0.35,0.5,0.3,0.3,0.2,2,2;1;1,1.3057,1.3277,1.3277,0.0,1.275,0.5831,1.682,1.682,0.15,0.0
balanced,0.65,-0.3,0.35,0.5,0.3,0.3,0.2,2,2;1;1,1.3057,1.3277,1.3011,0.0,1.275,0.5831,1.682,-0.351,0.15,0.02
balanced,0.65,-0.3,0.35,0.5,0.3,0.3,0.2,2,2;1;1,1.3057,1.3277,1.2413,0.0245,1.275,0.5831,1.682,-4.935,0.15,0.05
balanced,0.65,-0.3,0.35,0.5,0.3,0.3,0.4,1,1;1;1,1.0929,1.0929,1.0929,0.0,1.0929,1.0,0.0,0.0,0.0,0.0
balanced,0.65,-0.3,0.35,0.5,0.3,0.3,0.4,1,1;1;1,1.0929,1.0929,1.071,0.0,1.0929,1.0,0.0,-2.0,0.0,0.02
balanced,0.65,-0.3,0.35,0.5,0.3,0.3,0.4,1,1;1;1,1.0929,1.0929,1.0382,0.0,1.0929,1.0,0.0,-5.0,0.0,0.05
balanced,0.65,-0.3,0.35,0.5,0.3,0.3,0.4,1,1;1;1,1.0929,1.0929,1.0929,0.0,1.0929,1.0,0.0,0.0,0.05,0.0
balanced,0.65,-0.3,0.35,0.5,0.3,0.3,0.4,1,1;1;1,1.0929,1.0929,1.071,0.0,1.0929,1.0,0.0,-2.0,0.05,0.02
balanced,0.65,-0.3,0.35,0.5,0.3,0.3,0.4,1,1;1;1,1.0929,1.0929,1.0382,0.0,1.0929,1.0,0.0,-5.0,0.05,0.05
balanced,0.65,-0.3,0.35,0.5,0.3,0.3,0.4,1,1;1;1,1.0929,1.0929,1.0929,0.0,1.0929,1.0,0.0,0.0,0.15,0.0
balanced,0.65,-0.3,0.35,0.5,0.3,0.3,0.4,1,1;1;1,1.0929,1.0929,1.071,0.0,1.0929,1.0,0.0,-2.0,0.15,0.02
balanced,0.65,-0.3,0.35,0.5,0.3,0.3,0.4,1,1;1;1,1.0929,1.0929,1.0382,0.0,1.0929,1.0,0.0,-5.0,0.15,0.05
balanced,0.65,-0.2,0.45,0.55,0.2,0.2,0.05,4,5;3;4,1.8502,1.8633,1.8633,0.0,1.4952,0.9646,0.704,0.704,0.0,0.0
balanced,0.65,-0.2,0.45,0.55,0.2,0.2,0.05,4,5;3;4,1.8502,1.8633,1.826,0.0,1.4952,0.9646,0.704,-1.31,0.0,0.02
balanced,0.65,-0.2,0.45,0.55,0.2,0.2,0.05,4,5;3;4,1.8502,1.8633,1.7701,0.0,1.4952,0.9646,0.704,-4.332,0.0,0.05
balanced,0.65,-0.2,0.45,0.55,0.2,0.2,0.05,4,5;3;4,1.8502,1.8633,1.8614,0.0034,1.4952,0.9646,0.704,0.603,0.05,0.0
balanced,0.65,-0.2,0.45,0.55,0.2,0.2,0.05,4,5;3;4,1.8502,1.8633,1.8248,0.0024,1.4952,0.9646,0.704,-1.374,0.05,0.02
balanced,0.65,-0.2,0.45,0.55,0.2,0.2,0.05,4,5;3;4,1.8502,1.8633,1.7701,0.0,1.4952,0.9646,0.704,-4.332,0.05,0.05
balanced,0.65,-0.2,0.45,0.55,0.2,0.2,0.05,4,5;3;4,1.8502,1.8633,1.8624,0.0017,1.4952,0.9646,0.704,0.657,0.15,0.0
balanced,0.65,-0.2,0.45,0.55,0.2,0.2,0.05,4,5;3;4,1.8502,1.8633,1.8259,0.0002,1.4952,0.9646,0.704,-1.317,0.15,0.02
balanced,0.65,-0.2,0.45,0.55,0.2,0.2,0.05,4,5;3;4,1.8502,1.8633,1.7647,0.0081,1.4952,0.9646,0.704,-4.62,0.15,0.05
balanced,0.65,-0.2,0.45,0.55,0.2,0.2,0.1,3,3;2;3,1.6157,1.6265,1.6265,0.0,1.4273,0.946,0.665,0.665,0.0,0.0
balanced,0.65,-0.2,0.45,0.55,0.2,0.2,0.1,3,3;2;3,1.6157,1.6265,1.5939,0.0,1.4273,0.946,0.665,-1.348,0.0,0.02
balanced,0.65,-0.2,0.45,0.55,0.2,0.2,0.1,3,3;2;3,1.6157,1.6265,1.5451,0.0,1.4273,0.946,0.665,-4.368,0.0,0.05
balanced,0.65,-0.2,0.45,0.55,0.2,0.2,0.1,3,3;2;3,1.6157,1.6265,1.6265,0.0,1.4273,0.946,0.665,0.665,0.05,0.0
balanced,0.65,-0.2,0.45,0.55,0.2,0.2,0.1,3,3;2;3,1.6157,1.6265,1.5918,0.0042,1.4273,0.946,0.665,-1.478,0.05,0.02
balanced,0.65,-0.2,0.45,0.55,0.2,0.2,0.1,3,3;2;3,1.6157,1.6265,1.5451,0.0,1.4273,0.946,0.665,-4.368,0.05,0.05
balanced,0.65,-0.2,0.45,0.55,0.2,0.2,0.1,3,3;2;3,1.6157,1.6265,1.6243,0.0043,1.4273,0.946,0.665,0.532,0.15,0.0
balanced,0.65,-0.2,0.45,0.55,0.2,0.2,0.1,3,3;2;3,1.6157,1.6265,1.5918,0.0042,1.4273,0.946,0.665,-1.478,0.15,0.02
balanced,0.65,-0.2,0.45,0.55,0.2,0.2,0.1,3,3;2;3,1.6157,1.6265,1.5431,0.0041,1.4273,0.946,0.665,-4.494,0.15,0.05
balanced,0.65,-0.2,0.45,0.55,0.2,0.2,0.2,2,2;1;2,1.3589,1.3673,1.3673,0.0,1.3083,0.8577,0.618,0.618,0.0,0.0
balanced,0.65,-0.2,0.45,0.55,0.2,0.2,0.2,2,2;1;2,1.3589,1.3673,1.34,0.0,1.3083,0.8577,0.618,-1.395,0.0,0.02
balanced,0.65,-0.2,0.45,0.55,0.2,0.2,0.2,2,2;1;2,1.3589,1.3673,1.299,0.0,1.3083,0.8577,0.618,-4.413,0.0,0.05
balanced,0.65,-0.2,0.45,0.55,0.2,0.2,0.2,2,2;1;2,1.3589,1.3673,1.364,0.0041,1.3083,0.8577,0.618,0.371,0.05,0.0
balanced,0.65,-0.2,0.45,0.55,0.2,0.2,0.2,2,2;1;2,1.3589,1.3673,1.34,0.0,1.3083,0.8577,0.618,-1.395,0.05,0.02
balanced,0.65,-0.2,0.45,0.55,0.2,0.2,0.2,2,2;1;2,1.3589,1.3673,1.299,0.0,1.3083,0.8577,0.618,-4.413,0.05,0.05
balanced,0.65,-0.2,0.45,0.55,0.2,0.2,0.2,2,2;1;2,1.3589,1.3673,1.361,0.0033,1.3083,0.8577,0.618,0.154,0.15,0.0
balanced,0.65,-0.2,0.45,0.55,0.2,0.2,0.2,2,2;1;2,1.3589,1.3673,1.3371,0.0036,1.3083,0.8577,0.618,-1.607,0.15,0.02
balanced,0.65,-0.2,0.45,0.55,0.2,0.2,0.2,2,2;1;2,1.3589,1.3673,1.2862,0.0218,1.3083,0.8577,0.618,-5.355,0.15,0.05
balanced,0.65,-0.2,0.45,0.55,0.2,0.2,0.4,1,1;1;1,1.1214,1.1214,1.1214,0.0,1.1214,1.0,0.0,0.0,0.0,0.0
balanced,0.65,-0.2,0.45,0.55,0.2,0.2,0.4,1,1;1;1,1.1214,1.1214,1.099,0.0,1.1214,1.0,0.0,-2.0,0.0,0.02
balanced,0.65,-0.2,0.45,0.55,0.2,0.2,0.4,1,1;1;1,1.1214,1.1214,1.0654,0.0,1.1214,1.0,0.0,-5.0,0.0,0.05
balanced,0.65,-0.2,0.45,0.55,0.2,0.2,0.4,1,1;1;1,1.1214,1.1214,1.1214,0.0,1.1214,1.0,0.0,0.0,0.05,0.0
balanced,0.65,-0.2,0.45,0.55,0.2,0.2,0.4,1,1;1;1,1.1214,1.1214,1.099,0.0,1.1214,1.0,0.0,-2.0,0.05,0.02
balanced,0.65,-0.2,0.45,0.55,0.2,0.2,0.4,1,1;1;1,1.1214,1.1214,1.0654,0.0,1.1214,1.0,0.0,-5.0,0.05,0.05
balanced,0.65,-0.2,0.45,0.55,0.2,0.2,0.4,1,1;1;1,1.1214,1.1214,1.1214,0.0,1.1214,1.0,0.0,0.0,0.15,0.0
balanced,0.65,-0.2,0.45,0.55,0.2,0.2,0.4,1,1;1;1,1.1214,1.1214,1.099,0.0,1.1214,1.0,0.0,-2.0,0.15,0.02
balanced,0.65,-0.2,0.45,0.55,0.2,0.2,0.4,1,1;1;1,1.1214,1.1214,1.0654,0.0,1.1214,1.0,0.0,-5.0,0.15,0.05
balanced,0.65,-0.1,0.55,0.6,0.1,0.1,0.05,4,5;4;4,1.9642,1.9685,1.9685,0.0,1.5333,0.9901,0.22,0.22,0.0,0.0
balanced,0.65,-0.1,0.55,0.6,0.1,0.1,0.05,4,5;4;4,1.9642,1.9685,1.9292,0.0,1.5333,0.9901,0.22,-1.785,0.0,0.02
balanced,0.65,-0.1,0.55,0.6,0.1,0.1,0.05,4,5;4;4,1.9642,1.9685,1.8701,0.0,1.5333,0.9901,0.22,-4.791,0.0,0.05
balanced,0.65,-0.1,0.55,0.6,0.1,0.1,0.05,4,5;4;4,1.9642,1.9685,1.9685,0.0,1.5333,0.9901,0.22,0.22,0.05,0.0
balanced,0.65,-0.1,0.55,0.6,0.1,0.1,0.05,4,5;4;4,1.9642,1.9685,1.9292,0.0,1.5333,0.9901,0.22,-1.785,0.05,0.02
balanced,0.65,-0.1,0.55,0.6,0.1,0.1,0.05,4,5;4;4,1.9642,1.9685,1.8701,0.0,1.5333,0.9901,0.22,-4.791,0.05,0.05
balanced,0.65,-0.1,0.55,0.6,0.1,0.1,0.05,4,5;4;4,1.9642,1.9685,1.9662,0.003,1.5333,0.9901,0.22,0.102,0.15,0.0
balanced,0.65,-0.1,0.55,0.6,0.1,0.1,0.05,4,5;4;4,1.9642,1.9685,1.9286,0.0011,1.5333,0.9901,0.22,-1.814,0.15,0.02
balanced,0.65,-0.1,0.55,0.6,0.1,0.1,0.05,4,5;4;4,1.9642,1.9685,1.8695,0.0011,1.5333,0.9901,0.22,-4.82,0.15,0.05
balanced,0.65,-0.1,0.55,0.6,0.1,0.1,0.1,3,3;3;3,1.7034,1.7034,1.7034,0.0,1.4636,1.0,0.0,0.0,0.0,0.0
balanced,0.65,-0.1,0.55,0.6,0.1,0.1,0.1,3,3;3;3,1.7034,1.7034,1.6693,0.0,1.4636,1.0,0.0,-2.0,0.0,0.02
balanced,0.65,-0.1,0.55,0.6,0.1,0.1,0.1,3,3;3;3,1.7034,1.7034,1.6182,0.0,1.4636,1.0,0.0,-5.0,0.0,0.05
balanced,0.65,-0.1,0.55,0.6,0.1,0.1,0.1,3,3;3;3,1.7034,1.7034,1.7034,0.0,1.4636,1.0,0.0,0.0,0.05,0.0
balanced,0.65,-0.1,0.55,0.6,0.1,0.1,0.1,3,3;3;3,1.7034,1.7034,1.6693,0.0,1.4636,1.0,0.0,-2.0,0.05,0.02
balanced,0.65,-0.1,0.55,0.6,0.1,0.1,0.1,3,3;3;3,1.7034,1.7034,1.6182,0.0,1.4636,1.0,0.0,-5.0,0.05,0.05
balanced,0.65,-0.1,0.55,0.6,0.1,0.1,0.1,3,3;3;3,1.7034,1.7034,1.7034,0.0,1.4636,1.0,0.0,0.0,0.15,0.0
balanced,0.65,-0.1,0.55,0.6,0.1,0.1,0.1,3,3;3;3,1.7034,1.7034,1.6693,0.0,1.4636,1.0,0.0,-2.0,0.15,0.02
balanced,0.65,-0.1,0.55,0.6,0.1,0.1,0.1,3,3;3;3,1.7034,1.7034,1.6182,0.0,1.4636,1.0,0.0,-5.0,0.15,0.05
balanced,0.65,-0.1,0.55,0.6,0.1,0.1,0.2,2,2;2;2,1.4171,1.4171,1.4171,0.0,1.3417,1.0,0.0,0.0,0.0,0.0
balanced,0.65,-0.1,0.55,0.6,0.1,0.1,0.2,2,2;2;2,1.4171,1.4171,1.3888,0.0,1.3417,1.0,0.0,-2.0,0.0,0.02
balanced,0.65,-0.1,0.55,0.6,0.1,0.1,0.2,2,2;2;2,1.4171,1.4171,1.3463,0.0,1.3417,1.0,0.0,-5.0,0.0,0.05
balanced,0.65,-0.1,0.55,0.6,0.1,0.1,0.2,2,2;2;2,1.4171,1.4171,1.4171,0.0,1.3417,1.0,0.0,0.0,0.05,0.0
balanced,0.65,-0.1,0.55,0.6,0.1,0.1,0.2,2,2;2;2,1.4171,1.4171,1.3888,0.0,1.3417,1.0,0.0,-2.0,0.05,0.02
balanced,0.65,-0.1,0.55,0.6,0.1,0.1,0.2,2,2;2;2,1.4171,1.4171,1.3463,0.0,1.3417,1.0,0.0,-5.0,0.05,0.05
balanced,0.65,-0.1,0.55,0.6,0.1,0.1,0.2,2,2;2;2,1.4171,1.4171,1.4171,0.0,1.3417,1.0,0.0,0.0,0.15,0.0
balanced,0.65,-0.1,0.55,0.6,0.1,0.1,0.2,2,2;2;2,1.4171,1.4171,1.3888,0.0,1.3417,1.0,0.0,-2.0,0.15,0.02
balanced,0.65,-0.1,0.55,0.6,0.1,0.1,0.2,2,2;2;2,1.4171,1.4171,1.3463,0.0,1.3417,1.0,0.0,-5.0,0.15,0.05
balanced,0.65,-0.1,0.55,0.6,0.1,0.1,0.4,1,1;1;1,1.15,1.15,1.15,0.0,1.15,1.0,0.0,0.0,0.0,0.0
balanced,0.65,-0.1,0.55,0.6,0.1,0.1,0.4,1,1;1;1,1.15,1.15,1.127,0.0,1.15,1.0,0.0,-2.0,0.0,0.02
balanced,0.65,-0.1,0.55,0.6,0.1,0.1,0.4,1,1;1;1,1.15,1.15,1.0925,0.0,1.15,1.0,0.0,-5.0,0.0,0.05
balanced,0.65,-0.1,0.55,0.6,0.1,0.1,0.4,1,1;1;1,1.15,1.15,1.15,0.0,1.15,1.0,0.0,0.0,0.05,0.0
balanced,0.65,-0.1,0.55,0.6,0.1,0.1,0.4,1,1;1;1,1.15,1.15,1.127,0.0,1.15,1.0,0.0,-2.0,0.05,0.02
balanced,0.65,-0.1,0.55,0.6,0.1,0.1,0.4,1,1;1;1,1.15,1.15,1.0925,0.0,1.15,1.0,0.0,-5.0,0.05,0.05
balanced,0.65,-0.1,0.55,0.6,0.1,0.1,0.4,1,1;1;1,1.15,1.15,1.15,0.0,1.15,1.0,0.0,0.0,0.15,0.0
balanced,0.65,-0.1,0.55,0.6,0.1,0.1,0.4,1,1;1;1,1.15,1.15,1.127,0.0,1.15,1.0,0.0,-2.0,0.15,0.02
balanced,0.65,-0.1,0.55,0.6,0.1,0.1,0.4,1,1;1;1,1.15,1.15,1.0925,0.0,1.15,1.0,0.0,-5.0,0.15,0.05
balanced,0.65,0.0,0.65,0.65,0.0,0.0,0.05,5,5;5;5,2.1133,2.1133,2.1133,0.0,1.5714,1.0,0.0,0.0,0.0,0.0
balanced,0.65,0.0,0.65,0.65,0.0,0.0,0.05,5,5;5;5,2.1133,2.1133,2.0711,0.0,1.5714,1.0,0.0,-2.0,0.0,0.02
balanced,0.65,0.0,0.65,0.65,0.0,0.0,0.05,5,5;5;5,2.1133,2.1133,2.0077,0.0,1.5714,1.0,0.0,-5.0,0.0,0.05
balanced,0.65,0.0,0.65,0.65,0.0,0.0,0.05,5,5;5;5,2.1133,2.1133,2.1133,0.0,1.5714,1.0,0.0,0.0,0.05,0.0
balanced,0.65,0.0,0.65,0.65,0.0,0.0,0.05,5,5;5;5,2.1133,2.1133,2.0711,0.0,1.5714,1.0,0.0,-2.0,0.05,0.02
balanced,0.65,0.0,0.65,0.65,0.0,0.0,0.05,5,5;5;5,2.1133,2.1133,2.0077,0.0,1.5714,1.0,0.0,-5.0,0.05,0.05
balanced,0.65,0.0,0.65,0.65,0.0,0.0,0.05,5,5;5;5,2.1133,2.1133,2.1133,0.0,1.5714,1.0,0.0,0.0,0.15,0.0
balanced,0.65,0.0,0.65,0.65,0.0,0.0,0.05,5,5;5;5,2.1133,2.1133,2.0711,0.0,1.5714,1.0,0.0,-2.0,0.15,0.02
balanced,0.65,0.0,0.65,0.65,0.0,0.0,0.05,5,5;5;5,2.1133,2.1133,2.0077,0.0,1.5714,1.0,0.0,-5.0,0.15,0.05
balanced,0.65,0.0,0.65,0.65,0.0,0.0,0.1,3,3;3;3,1.8055,1.8055,1.8055,0.0,1.5,1.0,0.0,0.0,0.0,0.0
balanced,0.65,0.0,0.65,0.65,0.0,0.0,0.1,3,3;3;3,1.8055,1.8055,1.7694,0.0,1.5,1.0,0.0,-2.0,0.0,0.02
balanced,0.65,0.0,0.65,0.65,0.0,0.0,0.1,3,3;3;3,1.8055,1.8055,1.7152,0.0,1.5,1.0,0.0,-5.0,0.0,0.05
balanced,0.65,0.0,0.65,0.65,0.0,0.0,0.1,3,3;3;3,1.8055,1.8055,1.8055,0.0,1.5,1.0,0.0,0.0,0.05,0.0
balanced,0.65,0.0,0.65,0.65,0.0,0.0,0.1,3,3;3;3,1.8055,1.8055,1.7694,0.0,1.5,1.0,0.0,-2.0,0.05,0.02
balanced,0.65,0.0,0.65,0.65,0.0,0.0,0.1,3,3;3;3,1.8055,1.8055,1.7152,0.0,1.5,1.0,0.0,-5.0,0.05,0.05
balanced,0.65,0.0,0.65,0.65,0.0,0.0,0.1,3,3;3;3,1.8055,1.8055,1.8055,0.0,1.5,1.0,0.0,0.0,0.15,0.0
balanced,0.65,0.0,0.65,0.65,0.0,0.0,0.1,3,3;3;3,1.8055,1.8055,1.7694,0.0,1.5,1.0,0.0,-2.0,0.15,0.02
balanced,0.65,0.0,0.65,0.65,0.0,0.0,0.1,3,3;3;3,1.8055,1.8055,1.7152,0.0,1.5,1.0,0.0,-5.0,0.15,0.05
balanced,0.65,0.0,0.65,0.65,0.0,0.0,0.2,2,2;2;2,1.4804,1.4804,1.4804,0.0,1.375,1.0,0.0,0.0,0.0,0.0
balanced,0.65,0.0,0.65,0.65,0.0,0.0,0.2,2,2;2;2,1.4804,1.4804,1.4507,0.0,1.375,1.0,0.0,-2.0,0.0,0.02
balanced,0.65,0.0,0.65,0.65,0.0,0.0,0.2,2,2;2;2,1.4804,1.4804,1.4063,0.0,1.375,1.0,0.0,-5.0,0.0,0.05
balanced,0.65,0.0,0.65,0.65,0.0,0.0,0.2,2,2;2;2,1.4804,1.4804,1.4804,0.0,1.375,1.0,0.0,0.0,0.05,0.0
balanced,0.65,0.0,0.65,0.65,0.0,0.0,0.2,2,2;2;2,1.4804,1.4804,1.4507,0.0,1.375,1.0,0.0,-2.0,0.05,0.02
balanced,0.65,0.0,0.65,0.65,0.0,0.0,0.2,2,2;2;2,1.4804,1.4804,1.4063,0.0,1.375,1.0,0.0,-5.0,0.05,0.05
balanced,0.65,0.0,0.65,0.65,0.0,0.0,0.2,2,2;2;2,1.4804,1.4804,1.4804,0.0,1.375,1.0,0.0,0.0,0.15,0.0
balanced,0.65,0.0,0.65,0.65,0.0,0.0,0.2,2,2;2;2,1.4804,1.4804,1.4507,0.0,1.375,1.0,0.0,-2.0,0.15,0.02
balanced,0.65,0.0,0.65,0.65,0.0,0.0,0.2,2,2;2;2,1.4804,1.4804,1.4063,0.0,1.375,1.0,0.0,-5.0,0.15,0.05
balanced,0.65,0.0,0.65,0.65,0.0,0.0,0.4,1,1;1;1,1.1786,1.1786,1.1786,0.0,1.1786,1.0,0.0,0.0,0.0,0.0
balanced,0.65,0.0,0.65,0.65,0.0,0.0,0.4,1,1;1;1,1.1786,1.1786,1.155,0.0,1.1786,1.0,0.0,-2.0,0.0,0.02
balanced,0.65,0.0,0.65,0.65,0.0,0.0,0.4,1,1;1;1,1.1786,1.1786,1.1196,0.0,1.1786,1.0,0.0,-5.0,0.0,0.05
balanced,0.65,0.0,0.65,0.65,0.0,0.0,0.4,1,1;1;1,1.1786,1.1786,1.1786,0.0,1.1786,1.0,0.0,0.0,0.05,0.0
balanced,0.65,0.0,0.65,0.65,0.0,0.0,0.4,1,1;1;1,1.1786,1.1786,1.155,0.0,1.1786,1.0,0.0,-2.0,0.05,0.02
balanced,0.65,0.0,0.65,0.65,0.0,0.0,0.4,1,1;1;1,1.1786,1.1786,1.1196,0.0,1.1786,1.0,0.0,-5.0,0.05,0.05
balanced,0.65,0.0,0.65,0.65,0.0,0.0,0.4,1,1;1;1,1.1786,1.1786,1.1786,0.0,1.1786,1.0,0.0,0.0,0.15,0.0
balanced,0.65,0.0,0.65,0.65,0.0,0.0,0.4,1,1;1;1,1.1786,1.1786,1.155,0.0,1.1786,1.0,0.0,-2.0,0.15,0.02
balanced,0.65,0.0,0.65,0.65,0.0,0.0,0.4,1,1;1;1,1.1786,1.1786,1.1196,0.0,1.1786,1.0,0.0,-5.0,0.15,0.05
balanced,0.65,0.1,0.75,0.7,0.1,0.1,0.05,5,5;7;6,2.3164,2.3272,2.3272,0.0,1.6095,0.985,0.464,0.464,0.0,0.0
balanced,0.65,0.1,0.75,0.7,0.1,0.1,0.05,5,5;7;6,2.3164,2.3272,2.2806,0.0,1.6095,0.985,0.464,-1.545,0.0,0.02
balanced,0.65,0.1,0.75,0.7,0.1,0.1,0.05,5,5;7;6,2.3164,2.3272,2.2108,0.0,1.6095,0.985,0.464,-4.559,0.0,0.05
balanced,0.65,0.1,0.75,0.7,0.1,0.1,0.05,5,5;7;6,2.3164,2.3272,2.3207,0.0129,1.6095,0.985,0.464,0.187,0.05,0.0
balanced,0.65,0.1,0.75,0.7,0.1,0.1,0.05,5,5;7;6,2.3164,2.3272,2.2806,0.0,1.6095,0.985,0.464,-1.545,0.05,0.02
balanced,0.65,0.1,0.75,0.7,0.1,0.1,0.05,5,5;7;6,2.3164,2.3272,2.2108,0.0,1.6095,0.985,0.464,-4.559,0.05,0.05
balanced,0.65,0.1,0.75,0.7,0.1,0.1,0.05,5,5;7;6,2.3164,2.3272,2.3207,0.0129,1.6095,0.985,0.464,0.187,0.15,0.0
balanced,0.65,0.1,0.75,0.7,0.1,0.1,0.05,5,5;7;6,2.3164,2.3272,2.2796,0.002,1.6095,0.985,0.464,-1.589,0.15,0.02
balanced,0.65,0.1,0.75,0.7,0.1,0.1,0.05,5,5;7;6,2.3164,2.3272,2.2047,0.0122,1.6095,0.985,0.464,-4.823,0.15,0.05
balanced,0.65,0.1,0.75,0.7,0.1,0.1,0.1,4,3;5;4,1.9519,1.9565,1.9565,0.0,1.5364,0.989,0.236,0.236,0.0,0.0
balanced,0.65,0.1,0.75,0.7,0.1,0.1,0.1,4,3;5;4,1.9519,1.9565,1.9174,0.0,1.5364,0.989,0.236,-1.769,0.0,0.02
balanced,0.65,0.1,0.75,0.7,0.1,0.1,0.1,4,3;5;4,1.9519,1.9565,1.8587,0.0,1.5364,0.989,0.236,-4.776,0.0,0.05
balanced,0.65,0.1,0.75,0.7,0.1,0.1,0.1,4,3;5;4,1.9519,1.9565,1.9557,0.0016,1.5364,0.989,0.236,0.195,0.05,0.0
balanced,0.65,0.1,0.75,0.7,0.1,0.1,0.1,4,3;5;4,1.9519,1.9565,1.9174,0.0,1.5364,0.989,0.236,-1.769,0.05,0.02
balanced,0.65,0.1,0.75,0.7,0.1,0.1,0.1,4,3;5;4,1.9519,1.9565,1.8572,0.0018,1.5364,0.989,0.236,-4.852,0.05,0.05
balanced,0.65,0.1,0.75,0.7,0.1,0.1,0.1,4,3;5;4,1.9519,1.9565,1.9519,0.0088,1.5364,0.989,0.236,0.001,0.15,0.0
balanced,0.65,0.1,0.75,0.7,0.1,0.1,0.1,4,3;5;4,1.9519,1.9565,1.9092,0.0091,1.5364,0.989,0.236,-2.187,0.15,0.02
balanced,0.65,0.1,0.75,0.7,0.1,0.1,0.1,4,3;5;4,1.9519,1.9565,1.8473,0.014,1.5364,0.989,0.236,-5.357,0.15,0.05
balanced,0.65,0.1,0.75,0.7,0.1,0.1,0.2,3,2;3;3,1.5628,1.5695,1.5695,0.0,1.4083,0.9584,0.429,0.429,0.0,0.0
balanced,0.65,0.1,0.75,0.7,0.1,0.1,0.2,3,2;3;3,1.5628,1.5695,1.5381,0.0,1.4083,0.9584,0.429,-1.58,0.0,0.02
balanced,0.65,0.1,0.75,0.7,0.1,0.1,0.2,3,2;3;3,1.5628,1.5695,1.491,0.0,1.4083,0.9584,0.429,-4.593,0.0,0.05
balanced,0.65,0.1,0.75,0.7,0.1,0.1,0.2,3,2;3;3,1.5628,1.5695,1.5695,0.0,1.4083,0.9584,0.429,0.429,0.05,0.0
balanced,0.65,0.1,0.75,0.7,0.1,0.1,0.2,3,2;3;3,1.5628,1.5695,1.534,0.0065,1.4083,0.9584,0.429,-1.842,0.05,0.02
balanced,0.65,0.1,0.75,0.7,0.1,0.1,0.2,3,2;3;3,1.5628,1.5695,1.4898,0.0025,1.4083,0.9584,0.429,-4.674,0.05,0.05
balanced,0.65,0.1,0.75,0.7,0.1,0.1,0.2,3,2;3;3,1.5628,1.5695,1.5626,0.0107,1.4083,0.9584,0.429,-0.011,0.15,0.0
balanced,0.65,0.1,0.75,0.7,0.1,0.1,0.2,3,2;3;3,1.5628,1.5695,1.5353,0.0025,1.4083,0.9584,0.429,-1.758,0.15,0.02
balanced,0.65,0.1,0.75,0.7,0.1,0.1,0.2,3,2;3;3,1.5628,1.5695,1.4903,0.0014,1.4083,0.9584,0.429,-4.638,0.15,0.05
balanced,0.65,0.1,0.75,0.7,0.1,0.1,0.4,1,1;2;2,1.2071,1.218,1.218,0.0,1.2071,0.0,0.902,0.902,0.0,0.0
balanced,0.65,0.1,0.75,0.7,0.1,0.1,0.4,1,1;2;2,1.2071,1.218,1.1937,0.0,1.2071,0.0,0.902,-1.116,0.0,0.02
balanced,0.65,0.1,0.75,0.7,0.1,0.1,0.4,1,1;2;2,1.2071,1.218,1.1571,0.0,1.2071,0.0,0.902,-4.143,0.0,0.05
balanced,0.65,0.1,0.75,0.7,0.1,0.1,0.4,1,1;2;2,1.2071,1.218,1.218,0.0,1.2071,0.0,0.902,0.902,0.05,0.0
balanced,0.65,0.1,0.75,0.7,0.1,0.1,0.4,1,1;2;2,1.2071,1.218,1.1916,0.0041,1.2071,0.0,0.902,-1.285,0.05,0.02
balanced,0.65,0.1,0.75,0.7,0.1,0.1,0.4,1,1;2;2,1.2071,1.218,1.1571,0.0,1.2071,0.0,0.902,-4.143,0.05,0.05
balanced,0.65,0.1,0.75,0.7,0.1,0.1,0.4,1,1;2;2,1.2071,1.218,1.2153,0.0054,1.2071,0.0,0.902,0.677,0.15,0.0
balanced,0.65,0.1,0.75,0.7,0.1,0.1,0.4,1,1;2;2,1.2071,1.218,1.1896,0.005,1.2071,0.0,0.902,-1.454,0.15,0.02
balanced,0.65,0.1,0.75,0.7,0.1,0.1,0.4,1,1;2;2,1.2071,1.218,1.1571,0.0,1.2071,0.0,0.902,-4.143,0.15,0.05
balanced,0.65,0.2,0.85,0.75,0.2,0.2,0.05,7,5;10;7,2.6355,2.7001,2.7001,0.0,1.6476,0.9386,2.451,2.451,0.0,0.0
balanced,0.65,0.2,0.85,0.75,0.2,0.2,0.05,7,5;10;7,2.6355,2.7001,2.6461,0.0,1.6476,0.9386,2.451,0.402,0.0,0.02
balanced,0.65,0.2,0.85,0.75,0.2,0.2,0.05,7,5;10;7,2.6355,2.7001,2.5651,0.0,1.6476,0.9386,2.451,-2.671,0.0,0.05
balanced,0.65,0.2,0.85,0.75,0.2,0.2,0.05,7,5;10;7,2.6355,2.7001,2.6774,0.0455,1.6476,0.9386,2.451,1.589,0.05,0.0
balanced,0.65,0.2,0.85,0.75,0.2,0.2,0.05,7,5;10;7,2.6355,2.7001,2.6461,0.0,1.6476,0.9386,2.451,0.402,0.05,0.02
balanced,0.65,0.2,0.85,0.75,0.2,0.2,0.05,7,5;10;7,2.6355,2.7001,2.5362,0.0441,1.6476,0.9386,2.451,-3.769,0.05,0.05
balanced,0.65,0.2,0.85,0.75,0.2,0.2,0.05,7,5;10;7,2.6355,2.7001,2.6731,0.0437,1.6476,0.9386,2.451,1.426,0.15,0.0
balanced,0.65,0.2,0.85,0.75,0.2,0.2,0.05,7,5;10;7,2.6355,2.7001,2.6227,0.0435,1.6476,0.9386,2.451,-0.489,0.15,0.02
balanced,0.65,0.2,0.85,0.75,0.2,0.2,0.05,7,5;10;7,2.6355,2.7001,2.5435,0.0432,1.6476,0.9386,2.451,-3.491,0.15,0.05
balanced,0.65,0.2,0.85,0.75,0.2,0.2,0.1,5,3;7;5,2.1494,2.197,2.197,0.0,1.5727,0.9237,2.215,2.215,0.0,0.0
balanced,0.65,0.2,0.85,0.75,0.2,0.2,0.1,5,3;7;5,2.1494,2.197,2.1531,0.0,1.5727,0.9237,2.215,0.171,0.0,0.02
balanced,0.65,0.2,0.85,0.75,0.2,0.2,0.1,5,3;7;5,2.1494,2.197,2.0872,0.0,1.5727,0.9237,2.215,-2.896,0.0,0.05
balanced,0.65,0.2,0.85,0.75,0.2,0.2,0.1,5,3;7;5,2.1494,2.197,2.1926,0.0089,1.5727,0.9237,2.215,2.009,0.05,0.0
balanced,0.65,0.2,0.85,0.75,0.2,0.2,0.1,5,3;7;5,2.1494,2.197,2.1488,0.0087,1.5727,0.9237,2.215,-0.031,0.05,0.02
balanced,0.65,0.2,0.85,0.75,0.2,0.2,0.1,5,3;7;5,2.1494,2.197,2.0824,0.0097,1.5727,0.9237,2.215,-3.12,0.05,0.05
balanced,0.65,0.2,0.85,0.75,0.2,0.2,0.1,5,3;7;5,2.1494,2.197,2.1441,0.0796,1.5727,0.9237,2.215,-0.247,0.15,0.0
balanced,0.65,0.2,0.85,0.75,0.2,0.2,0.1,5,3;7;5,2.1494,2.197,2.1496,0.007,1.5727,0.9237,2.215,0.009,0.15,0.02
balanced,0.65,0.2,0.85,0.75,0.2,0.2,0.1,5,3;7;5,2.1494,2.197,2.0781,0.0111,1.5727,0.9237,2.215,-3.316,0.15,0.05
balanced,0.65,0.2,0.85,0.75,0.2,0.2,0.2,3,2;5;3,1.6728,1.7048,1.7048,0.0,1.4417,0.8782,1.917,1.917,0.0,0.0
balanced,0.65,0.2,0.85,0.75,0.2,0.2,0.2,3,2;5;3,1.6728,1.7048,1.6707,0.0,1.4417,0.8782,1.917,-0.122,0.0,0.02
balanced,0.65,0.2,0.85,0.75,0.2,0.2,0.2,3,2;5;3,1.6728,1.7048,1.6196,0.0,1.4417,0.8782,1.917,-3.179,0.0,0.05
balanced,0.65,0.2,0.85,0.75,0.2,0.2,0.2,3,2;5;3,1.6728,1.7048,1.7048,0.0,1.4417,0.8782,1.917,1.917,0.05,0.0
balanced,0.65,0.2,0.85,0.75,0.2,0.2,0.2,3,2;5;3,1.6728,1.7048,1.6632,0.01,1.4417,0.8782,1.917,-0.571,0.05,0.02
balanced,0.65,0.2,0.85,0.75,0.2,0.2,0.2,3,2;5;3,1.6728,1.7048,1.6196,0.0,1.4417,0.8782,1.917,-3.179,0.05,0.05
balanced,0.65,0.2,0.85,0.75,0.2,0.2,0.2,3,2;5;3,1.6728,1.7048,1.6852,0.0359,1.4417,0.8782,1.917,0.746,0.15,0.0
balanced,0.65,0.2,0.85,0.75,0.2,0.2,0.2,3,2;5;3,1.6728,1.7048,1.6597,0.0134,1.4417,0.8782,1.917,-0.784,0.15,0.02
balanced,0.65,0.2,0.85,0.75,0.2,0.2,0.2,3,2;5;3,1.6728,1.7048,1.5985,0.0331,1.4417,0.8782,1.917,-4.439,0.15,0.05
balanced,0.65,0.2,0.85,0.75,0.2,0.2,0.4,2,1;3;2,1.2614,1.2808,1.2808,0.0,1.2357,0.5698,1.536,1.536,0.0,0.0
balanced,0.65,0.2,0.85,0.75,0.2,0.2,0.4,2,1;3;2,1.2614,1.2808,1.2552,0.0,1.2357,0.5698,1.536,-0.494,0.0,0.02
balanced,0.65,0.2,0.85,0.75,0.2,0.2,0.4,2,1;3;2,1.2614,1.2808,1.2167,0.0,1.2357,0.5698,1.536,-3.54,0.0,0.05
balanced,0.65,0.2,0.85,0.75,0.2,0.2,0.4,2,1;3;2,1.2614,1.2808,1.2794,0.0028,1.2357,0.5698,1.536,1.426,0.05,0.0
balanced,0.65,0.2,0.85,0.75,0.2,0.2,0.4,2,1;3;2,1.2614,1.2808,1.2428,0.0214,1.2357,0.5698,1.536,-1.47,0.05,0.02
balanced,0.65,0.2,0.85,0.75,0.2,0.2,0.4,2,1;3;2,1.2614,1.2808,1.2167,0.0,1.2357,0.5698,1.536,-3.54,0.05,0.05
balanced,0.65,0.2,0.85,0.75,0.2,0.2,0.4,2,1;3;2,1.2614,1.2808,1.2779,0.0036,1.2357,0.5698,1.536,1.312,0.15,0.0
balanced,0.65,0.2,0.85,0.75,0.2,0.2,0.4,2,1;3;2,1.2614,1.2808,1.2477,0.0149,1.2357,0.5698,1.536,-1.086,0.15,0.02
balanced,0.65,0.2,0.85,0.75,0.2,0.2,0.4,2,1;3;2,1.2614,1.2808,1.2167,0.0,1.2357,0.5698,1.536,-3.54,0.15,0.05
balanced,0.65,0.3,0.95,0.8,0.3,0.3,0.05,13,5;21;8,3.3061,3.655,3.655,0.0,1.6857,0.8228,10.552,10.552,0.0,0.0
balanced,0.65,0.3,0.95,0.8,0.3,0.3,0.05,13,5;21;8,3.3061,3.655,3.5819,0.0,1.6857,0.8228,10.552,8.341,0.0,0.02
balanced,0.65,0.3,0.95,0.8,0.3,0.3,0.05,13,5;21;8,3.3061,3.655,3.4722,0.0,1.6857,0.8228,10.552,5.024,0.0,0.05
balanced,0.65,0.3,0.95,0.8,0.3,0.3,0.05,13,5;21;8,3.3061,3.655,3.655,0.0,1.6857,0.8228,10.552,10.552,0.05,0.0
balanced,0.65,0.3,0.95,0.8,0.3,0.3,0.05,13,5;21;8,3.3061,3.655,3.5819,0.0,1.6857,0.8228,10.552,8.341,0.05,0.02
balanced,0.65,0.3,0.95,0.8,0.3,0.3,0.05,13,5;21;8,3.3061,3.655,3.4467,0.051,1.6857,0.8228,10.552,4.253,0.05,0.05
balanced,0.65,0.3,0.95,0.8,0.3,0.3,0.05,13,5;21;8,3.3061,3.655,3.5645,0.154,1.6857,0.8228,10.552,7.814,0.15,0.0
balanced,0.65,0.3,0.95,0.8,0.3,0.3,0.05,13,5;21;8,3.3061,3.655,3.5764,0.011,1.6857,0.8228,10.552,8.174,0.15,0.02
balanced,0.65,0.3,0.95,0.8,0.3,0.3,0.05,13,5;21;8,3.3061,3.655,3.4613,0.0218,1.6857,0.8228,10.552,4.694,0.15,0.05
balanced,0.65,0.3,0.95,0.8,0.3,0.3,0.1,7,3;15;6,2.491,2.7404,2.7404,0.0,1.6091,0.7796,10.009,10.009,0.0,0.0
balanced,0.65,0.3,0.95,0.8,0.3,0.3,0.1,7,3;15;6,2.491,2.7404,2.6856,0.0,1.6091,0.7796,10.009,7.809,0.0,0.02
balanced,0.65,0.3,0.95,0.8,0.3,0.3,0.1,7,3;15;6,2.491,2.7404,2.6033,0.0,1.6091,0.7796,10.009,4.509,0.0,0.05
balanced,0.65,0.3,0.95,0.8,0.3,0.3,0.1,7,3;15;6,2.491,2.7404,2.7404,0.0,1.6091,0.7796,10.009,10.009,0.05,0.0
balanced,0.65,0.3,0.95,0.8,0.3,0.3,0.1,7,3;15;6,2.491,2.7404,2.6856,0.0,1.6091,0.7796,10.009,7.809,0.05,0.02
balanced,0.65,0.3,0.95,0.8,0.3,0.3,0.1,7,3;15;6,2.491,2.7404,2.6033,0.0,1.6091,0.7796,10.009,4.509,0.05,0.05
balanced,0.65,0.3,0.95,0.8,0.3,0.3,0.1,7,3;15;6,2.491,2.7404,2.7296,0.0215,1.6091,0.7796,10.009,9.578,0.15,0.0
balanced,0.65,0.3,0.95,0.8,0.3,0.3,0.1,7,3;15;6,2.491,2.7404,2.5999,0.1263,1.6091,0.7796,10.009,4.37,0.15,0.02
balanced,0.65,0.3,0.95,0.8,0.3,0.3,0.1,7,3;15;6,2.491,2.7404,2.4601,0.1763,1.6091,0.7796,10.009,-1.24,0.15,0.05
balanced,0.65,0.3,0.95,0.8,0.3,0.3,0.2,4,2;10;4,1.8291,1.9761,1.9761,0.0,1.475,0.7067,8.034,8.034,0.0,0.0
balanced,0.65,0.3,0.95,0.8,0.3,0.3,0.2,4,2;10;4,1.8291,1.9761,1.9366,0.0,1.475,0.7067,8.034,5.873,0.0,0.02
balanced,0.65,0.3,0.95,0.8,0.3,0.3,0.2,4,2;10;4,1.8291,1.9761,1.8773,0.0,1.475,0.7067,8.034,2.632,0.0,0.05
balanced,0.65,0.3,0.95,0.8,0.3,0.3,0.2,4,2;10;4,1.8291,1.9761,1.9761,0.0,1.475,0.7067,8.034,8.034,0.05,0.0
balanced,0.65,0.3,0.95,0.8,0.3,0.3,0.2,4,2;10;4,1.8291,1.9761,1.9317,0.0098,1.475,0.7067,8.034,5.606,0.05,0.02
balanced,0.65,0.3,0.95,0.8,0.3,0.3,0.2,4,2;10;4,1.8291,1.9761,1.8773,0.0,1.475,0.7067,8.034,2.632,0.05,0.05
balanced,0.65,0.3,0.95,0.8,0.3,0.3,0.2,4,2;10;4,1.8291,1.9761,1.8585,0.1188,1.475,0.7067,8.034,1.603,0.15,0.0
balanced,0.65,0.3,0.95,0.8,0.3,0.3,0.2,4,2;10;4,1.8291,1.9761,1.8798,0.1136,1.475,0.7067,8.034,2.768,0.15,0.02
balanced,0.65,0.3,0.95,0.8,0.3,0.3,0.2,4,2;10;4,1.8291,1.9761,1.8494,0.0401,1.475,0.7067,8.034,1.106,0.15,0.05
balanced,0.65,0.3,0.95,0.8,0.3,0.3,0.4,2,1;6;2,1.3222,1.3927,1.3927,0.0,1.2643,0.451,5.333,5.333,0.0,0.0
balanced,0.65,0.3,0.95,0.8,0.3,0.3,0.4,2,1;6;2,1.3222,1.3927,1.3649,0.0,1.2643,0.451,5.333,3.227,0.0,0.02
balanced,0.65,0.3,0.95,0.8,0.3,0.3,0.4,2,1;6;2,1.3222,1.3927,1.3231,0.0,1.2643,0.451,5.333,0.067,0.0,0.05
balanced,0.65,0.3,0.95,0.8,0.3,0.3,0.4,2,1;6;2,1.3222,1.3927,1.3814,0.0228,1.2643,0.451,5.333,4.472,0.05,0.0
balanced,0.65,0.3,0.95,0.8,0.3,0.3,0.4,2,1;6;2,1.3222,1.3927,1.3424,0.0449,1.2643,0.451,5.333,1.53,0.05,0.02
balanced,0.65,0.3,0.95,0.8,0.3,0.3,0.4,2,1;6;2,1.3222,1.3927,1.2653,0.0743,1.2643,0.451,5.333,-4.305,0.05,0.05
balanced,0.65,0.3,0.95,0.8,0.3,0.3,0.4,2,1;6;2,1.3222,1.3927,1.3709,0.0225,1.2643,0.451,5.333,3.682,0.15,0.0
balanced,0.65,0.3,0.95,0.8,0.3,0.3,0.4,2,1;6;2,1.3222,1.3927,1.3483,0.027,1.2643,0.451,5.333,1.974,0.15,0.02
balanced,0.65,0.3,0.95,0.8,0.3,0.3,0.4,2,1;6;2,1.3222,1.3927,1.3158,0.0147,1.2643,0.451,5.333,-0.489,0.15,0.05
balanced,0.75,-0.3,0.45,0.6,0.3,0.3,0.05,5,7;3;4,2.1293,2.1723,2.1723,0.0,1.5524,0.9307,2.018,2.018,0.0,0.0
balanced,0.75,-0.3,0.45,0.6,0.3,0.3,0.05,5,7;3;4,2.1293,2.1723,2.1288,0.0,1.5524,0.9307,2.018,-0.022,0.0,0.02
balanced,0.75,-0.3,0.45,0.6,0.3,0.3,0.05,5,7;3;4,2.1293,2.1723,2.0637,0.0,1.5524,0.9307,2.018,-3.082,0.0,0.05
balanced,0.75,-0.3,0.45,0.6,0.3,0.3,0.05,5,7;3;4,2.1293,2.1723,2.1723,0.0,1.5524,0.9307,2.018,2.018,0.05,0.0
balanced,0.75,-0.3,0.45,0.6,0.3,0.3,0.05,5,7;3;4,2.1293,2.1723,2.1249,0.0079,1.5524,0.9307,2.018,-0.207,0.05,0.02
balanced,0.75,-0.3,0.45,0.6,0.3,0.3,0.05,5,7;3;4,2.1293,2.1723,2.0539,0.0196,1.5524,0.9307,2.018,-3.542,0.05,0.05
balanced,0.75,-0.3,0.45,0.6,0.3,0.3,0.05,5,7;3;4,2.1293,2.1723,2.1711,0.0023,1.5524,0.9307,2.018,1.964,0.15,0.0
balanced,0.75,-0.3,0.45,0.6,0.3,0.3,0.05,5,7;3;4,2.1293,2.1723,2.1176,0.0225,1.5524,0.9307,2.018,-0.55,0.15,0.02
balanced,0.75,-0.3,0.45,0.6,0.3,0.3,0.05,5,7;3;4,2.1293,2.1723,2.0626,0.0022,1.5524,0.9307,2.018,-3.135,0.15,0.05
balanced,0.75,-0.3,0.45,0.6,0.3,0.3,0.1,4,5;2;3,1.8014,1.8439,1.8439,0.0,1.4818,0.8824,2.363,2.363,0.0,0.0
balanced,0.75,-0.3,0.45,0.6,0.3,0.3,0.1,4,5;2;3,1.8014,1.8439,1.807,0.0,1.4818,0.8824,2.363,0.316,0.0,0.02
balanced,0.75,-0.3,0.45,0.6,0.3,0.3,0.1,4,5;2;3,1.8014,1.8439,1.7517,0.0,1.4818,0.8824,2.363,-2.755,0.0,0.05
balanced,0.75,-0.3,0.45,0.6,0.3,0.3,0.1,4,5;2;3,1.8014,1.8439,1.8439,0.0,1.4818,0.8824,2.363,2.363,0.05,0.0
balanced,0.75,-0.3,0.45,0.6,0.3,0.3,0.1,4,5;2;3,1.8014,1.8439,1.807,0.0,1.4818,0.8824,2.363,0.316,0.05,0.02
balanced,0.75,-0.3,0.45,0.6,0.3,0.3,0.1,4,5;2;3,1.8014,1.8439,1.7517,0.0,1.4818,0.8824,2.363,-2.755,0.05,0.05
balanced,0.75,-0.3,0.45,0.6,0.3,0.3,0.1,4,5;2;3,1.8014,1.8439,1.8261,0.0227,1.4818,0.8824,2.363,1.374,0.15,0.0
balanced,0.75,-0.3,0.45,0.6,0.3,0.3,0.1,4,5;2;3,1.8014,1.8439,1.7724,0.0505,1.4818,0.8824,2.363,-1.608,0.15,0.02
balanced,0.75,-0.3,0.45,0.6,0.3,0.3,0.1,4,5;2;3,1.8014,1.8439,1.7418,0.02,1.4818,0.8824,2.363,-3.309,0.15,0.05
balanced,0.75,-0.3,0.45,0.6,0.3,0.3,0.2,2,3;1;2,1.46,1.497,1.497,0.0,1.3583,0.7332,2.534,2.534,0.0,0.0
balanced,0.75,-0.3,0.45,0.6,0.3,0.3,0.2,2,3;1;2,1.46,1.497,1.4671,0.0,1.3583,0.7332,2.534,0.483,0.0,0.02
balanced,0.75,-0.3,0.45,0.6,0.3,0.3,0.2,2,3;1;2,1.46,1.497,1.4221,0.0,1.3583,0.7332,2.534,-2.593,0.0,0.05
balanced,0.75,-0.3,0.45,0.6,0.3,0.3,0.2,2,3;1;2,1.46,1.497,1.497,0.0,1.3583,0.7332,2.534,2.534,0.05,0.0
balanced,0.75,-0.3,0.45,0.6,0.3,0.3,0.2,2,3;1;2,1.46,1.497,1.4671,0.0,1.3583,0.7332,2.534,0.483,0.05,0.02
balanced,0.75,-0.3,0.45,0.6,0.3,0.3,0.2,2,3;1;2,1.46,1.497,1.4221,0.0,1.3583,0.7332,2.534,-2.593,0.05,0.05
balanced,0.75,-0.3,0.45,0.6,0.3,0.3,0.2,2,3;1;2,1.46,1.497,1.4648,0.0486,1.3583,0.7332,2.534,0.33,0.15,0.0
balanced,0.75,-0.3,0.45,0.6,0.3,0.3,0.2,2,3;1;2,1.46,1.497,1.4614,0.0112,1.3583,0.7332,2.534,0.099,0.15,0.02
balanced,0.75,-0.3,0.45,0.6,0.3,0.3,0.2,2,3;1;2,1.46,1.497,1.3838,0.0613,1.3583,0.7332,2.534,-5.218,0.15,0.05
balanced,0.75,-0.3,0.45,0.6,0.3,0.3,0.4,1,2;1;1,1.1643,1.1816,1.1816,0.0,1.1643,0.0,1.491,1.491,0.0,0.0
balanced,0.75,-0.3,0.45,0.6,0.3,0.3,0.4,1,2;1;1,1.1643,1.1816,1.158,0.0,1.1643,0.0,1.491,-0.539,0.0,0.02
balanced,0.75,-0.3,0.45,0.6,0.3,0.3,0.4,1,2;1;1,1.1643,1.1816,1.1226,0.0,1.1643,0.0,1.491,-3.583,0.0,0.05
balanced,0.75,-0.3,0.45,0.6,0.3,0.3,0.4,1,2;1;1,1.1643,1.1816,1.1782,0.0069,1.1643,0.0,1.491,1.193,0.05,0.0
balanced,0.75,-0.3,0.45,0.6,0.3,0.3,0.4,1,2;1;1,1.1643,1.1816,1.1546,0.0068,1.1643,0.0,1.491,-0.831,0.05,0.02
balanced,0.75,-0.3,0.45,0.6,0.3,0.3,0.4,1,2;1;1,1.1643,1.1816,1.1193,0.0066,1.1643,0.0,1.491,-3.867,0.05,0.05
balanced,0.75,-0.3,0.45,0.6,0.3,0.3,0.4,1,2;1;1,1.1643,1.1816,1.1746,0.0141,1.1643,0.0,1.491,0.885,0.15,0.0
balanced,0.75,-0.3,0.45,0.6,0.3,0.3,0.4,1,2;1;1,1.1643,1.1816,1.149,0.0134,1.1643,0.0,1.491,-1.315,0.15,0.02
balanced,0.75,-0.3,0.45,0.6,0.3,0.3,0.4,1,2;1;1,1.1643,1.1816,1.1172,0.0068,1.1643,0.0,1.491,-4.043,0.15,0.05
balanced,0.75,-0.2,0.55,0.65,0.2,0.2,0.05,5,7;4;5,2.2565,2.2834,2.2834,0.0,1.5905,0.9611,1.195,1.195,0.0,0.0
balanced,0.75,-0.2,0.55,0.65,0.2,0.2,0.05,5,7;4;5,2.2565,2.2834,2.2378,0.0,1.5905,0.9611,1.195,-0.829,0.0,0.02
balanced,0.75,-0.2,0.55,0.65,0.2,0.2,0.05,5,7;4;5,2.2565,2.2834,2.1693,0.0,1.5905,0.9611,1.195,-3.865,0.0,0.05
balanced,0.75,-0.2,0.55,0.65,0.2,0.2,0.05,5,7;4;5,2.2565,2.2834,2.2834,0.0,1.5905,0.9611,1.195,1.195,0.05,0.0
balanced,0.75,-0.2,0.55,0.65,0.2,0.2,0.05,5,7;4;5,2.2565,2.2834,2.2378,0.0,1.5905,0.9611,1.195,-0.829,0.05,0.02
balanced,0.75,-0.2,0.55,0.65,0.2,0.2,0.05,5,7;4;5,2.2565,2.2834,2.1693,0.0,1.5905,0.9611,1.195,-3.865,0.05,0.05
balanced,0.75,-0.2,0.55,0.65,0.2,0.2,0.05,5,7;4;5,2.2565,2.2834,2.2303,0.0273,1.5905,0.9611,1.195,-1.158,0.15,0.0
balanced,0.75,-0.2,0.55,0.65,0.2,0.2,0.05,5,7;4;5,2.2565,2.2834,2.2253,0.0241,1.5905,0.9611,1.195,-1.383,0.15,0.02
balanced,0.75,-0.2,0.55,0.65,0.2,0.2,0.05,5,7;4;5,2.2565,2.2834,2.1623,0.0052,1.5905,0.9611,1.195,-4.172,0.15,0.05
balanced,0.75,-0.2,0.55,0.65,0.2,0.2,0.1,4,5;3;3,1.9026,1.923,1.923,0.0,1.5182,0.9495,1.074,1.074,0.0,0.0
balanced,0.75,-0.2,0.55,0.65,0.2,0.2,0.1,4,5;3;3,1.9026,1.923,1.8846,0.0,1.5182,0.9495,1.074,-0.948,0.0,0.02
balanced,0.75,-0.2,0.55,0.65,0.2,0.2,0.1,4,5;3;3,1.9026,1.923,1.8269,0.0,1.5182,0.9495,1.074,-3.98,0.0,0.05
balanced,0.75,-0.2,0.55,0.65,0.2,0.2,0.1,4,5;3;3,1.9026,1.923,1.923,0.0,1.5182,0.9495,1.074,1.074,0.05,0.0
balanced,0.75,-0.2,0.55,0.65,0.2,0.2,0.1,4,5;3;3,1.9026,1.923,1.8846,0.0,1.5182,0.9495,1.074,-0.948,0.05,0.02
balanced,0.75,-0.2,0.55,0.65,0.2,0.2,0.1,4,5;3;3,1.9026,1.923,1.8269,0.0,1.5182,0.9495,1.074,-3.98,0.05,0.05
balanced,0.75,-0.2,0.55,0.65,0.2,0.2,0.1,4,5;3;3,1.9026,1.923,1.8946,0.0234,1.5182,0.9495,1.074,-0.418,0.15,0.0
balanced,0.75,-0.2,0.55,0.65,0.2,0.2,0.1,4,5;3;3,1.9026,1.923,1.8846,0.0,1.5182,0.9495,1.074,-0.948,0.15,0.02
balanced,0.75,-0.2,0.55,0.65,0.2,0.2,0.1,4,5;3;3,1.9026,1.923,1.8269,0.0,1.5182,0.9495,1.074,-3.98,0.15,0.05
balanced,0.75,-0.2,0.55,0.65,0.2,0.2,0.2,3,3;2;2,1.5264,1.5475,1.5475,0.0,1.3917,0.8646,1.383,1.383,0.0,0.0
balanced,0.75,-0.2,0.55,0.65,0.2,0.2,0.2,3,3;2;2,1.5264,1.5475,1.5166,0.0,1.3917,0.8646,1.383,-0.645,0.0,0.02
balanced,0.75,-0.2,0.55,0.65,0.2,0.2,0.2,3,3;2;2,1.5264,1.5475,1.4702,0.0,1.3917,0.8646,1.383,-3.686,0.0,0.05
balanced,0.75,-0.2,0.55,0.65,0.2,0.2,0.2,3,3;2;2,1.5264,1.5475,1.5475,0.0,1.3917,0.8646,1.383,1.383,0.05,0.0
balanced,0.75,-0.2,0.55,0.65,0.2,0.2,0.2,3,3;2;2,1.5264,1.5475,1.5054,0.0137,1.3917,0.8646,1.383,-1.379,0.05,0.02
balanced,0.75,-0.2,0.55,0.65,0.2,0.2,0.2,3,3;2;2,1.5264,1.5475,1.4702,0.0,1.3917,0.8646,1.383,-3.686,0.05,0.05
balanced,0.75,-0.2,0.55,0.65,0.2,0.2,0.2,3,3;2;2,1.5264,1.5475,1.5418,0.0114,1.3917,0.8646,1.383,1.008,0.15,0.0
balanced,0.75,-0.2,0.55,0.65,0.2,0.2,0.2,3,3;2;2,1.5264,1.5475,1.5161,0.0011,1.3917,0.8646,1.383,-0.679,0.15,0.02
balanced,0.75,-0.2,0.55,0.65,0.2,0.2,0.2,3,3;2;2,1.5264,1.5475,1.4577,0.0175,1.3917,0.8646,1.383,-4.501,0.15,0.05
balanced,0.75,-0.2,0.55,0.65,0.2,0.2,0.4,1,2;1;1,1.1929,1.2102,1.2102,0.0,1.1929,0.0,1.455,1.455,0.0,0.0
balanced,0.75,-0.2,0.55,0.65,0.2,0.2,0.4,1,2;1;1,1.1929,1.2102,1.186,0.0,1.1929,0.0,1.455,-0.574,0.0,0.02
balanced,0.75,-0.2,0.55,0.65,0.2,0.2,0.4,1,2;1;1,1.1929,1.2102,1.1497,0.0,1.1929,0.0,1.455,-3.617,0.0,0.05
balanced,0.75,-0.2,0.55,0.65,0.2,0.2,0.4,1,2;1;1,1.1929,1.2102,1.2067,0.0069,1.1929,0.0,1.455,1.164,0.05,0.0
balanced,0.75,-0.2,0.55,0.65,0.2,0.2,0.4,1,2;1;1,1.1929,1.2102,1.1826,0.0068,1.1929,0.0,1.455,-0.859,0.05,0.02
balanced,0.75,-0.2,0.55,0.65,0.2,0.2,0.4,1,2;1;1,1.1929,1.2102,1.1453,0.0089,1.1929,0.0,1.455,-3.99,0.05,0.05
balanced,0.75,-0.2,0.55,0.65,0.2,0.2,0.4,1,2;1;1,1.1929,1.2102,1.2091,0.0022,1.1929,0.0,1.455,1.364,0.15,0.0
balanced,0.75,-0.2,0.55,0.65,0.2,0.2,0.4,1,2;1;1,1.1929,1.2102,1.1826,0.0068,1.1929,0.0,1.455,-0.859,0.15,0.02
balanced,0.75,-0.2,0.55,0.65,0.2,0.2,0.4,1,2;1;1,1.1929,1.2102,1.1464,0.0066,1.1929,0.0,1.455,-3.894,0.15,0.05
balanced,0.75,-0.1,0.65,0.7,0.1,0.1,0.05,6,7;5;6,2.4307,2.4378,2.4378,0.0,1.6286,0.9913,0.29,0.29,0.0,0.0
balanced,0.75,-0.1,0.65,0.7,0.1,0.1,0.05,6,7;5;6,2.4307,2.4378,2.389,0.0,1.6286,0.9913,0.29,-1.716,0.0,0.02
balanced,0.75,-0.1,0.65,0.7,0.1,0.1,0.05,6,7;5;6,2.4307,2.4378,2.3159,0.0,1.6286,0.9913,0.29,-4.725,0.0,0.05
balanced,0.75,-0.1,0.65,0.7,0.1,0.1,0.05,6,7;5;6,2.4307,2.4378,2.4378,0.0,1.6286,0.9913,0.29,0.29,0.05,0.0
balanced,0.75,-0.1,0.65,0.7,0.1,0.1,0.05,6,7;5;6,2.4307,2.4378,2.389,0.0,1.6286,0.9913,0.29,-1.716,0.05,0.02
balanced,0.75,-0.1,0.65,0.7,0.1,0.1,0.05,6,7;5;6,2.4307,2.4378,2.3159,0.0,1.6286,0.9913,0.29,-4.725,0.05,0.05
balanced,0.75,-0.1,0.65,0.7,0.1,0.1,0.05,6,7;5;6,2.4307,2.4378,2.4328,0.007,1.6286,0.9913,0.29,0.085,0.15,0.0
balanced,0.75,-0.1,0.65,0.7,0.1,0.1,0.05,6,7;5;6,2.4307,2.4378,2.3852,0.0076,1.6286,0.9913,0.29,-1.873,0.15,0.02
balanced,0.75,-0.1,0.65,0.7,0.1,0.1,0.05,6,7;5;6,2.4307,2.4378,2.3122,0.0073,1.6286,0.9913,0.29,-4.876,0.15,0.05
balanced,0.75,-0.1,0.65,0.7,0.1,0.1,0.1,4,5;3;4,2.0269,2.0338,2.0338,0.0,1.5545,0.9856,0.34,0.34,0.0,0.0
balanced,0.75,-0.1,0.65,0.7,0.1,0.1,0.1,4,5;3;4,2.0269,2.0338,1.9932,0.0,1.5545,0.9856,0.34,-1.666,0.0,0.02
balanced,0.75,-0.1,0.65,0.7,0.1,0.1,0.1,4,5;3;4,2.0269,2.0338,1.9321,0.0,1.5545,0.9856,0.34,-4.677,0.0,0.05
balanced,0.75,-0.1,0.65,0.7,0.1,0.1,0.1,4,5;3;4,2.0269,2.0338,2.0338,0.0,1.5545,0.9856,0.34,0.34,0.05,0.0
balanced,0.75,-0.1,0.65,0.7,0.1,0.1,0.1,4,5;3;4,2.0269,2.0338,1.9898,0.0051,1.5545,0.9856,0.34,-1.834,0.05,0.02
balanced,0.75,-0.1,0.65,0.7,0.1,0.1,0.1,4,5;3;4,2.0269,2.0338,1.9237,0.0169,1.5545,0.9856,0.34,-5.092,0.05,0.05
balanced,0.75,-0.1,0.65,0.7,0.1,0.1,0.1,4,5;3;4,2.0269,2.0338,2.0278,0.0092,1.5545,0.9856,0.34,0.042,0.15,0.0
balanced,0.75,-0.1,0.65,0.7,0.1,0.1,0.1,4,5;3;4,2.0269,2.0338,1.9902,0.0024,1.5545,0.9856,0.34,-1.81,0.15,0.02
balanced,0.75,-0.1,0.65,0.7,0.1,0.1,0.1,4,5;3;4,2.0269,2.0338,1.9301,0.0025,1.5545,0.9856,0.34,-4.775,0.15,0.05
balanced,0.75,-0.1,0.65,0.7,0.1,0.1,0.2,3,3;2;3,1.6112,1.6152,1.6152,0.0,1.425,0.9789,0.25,0.25,0.0,0.0
balanced,0.75,-0.1,0.65,0.7,0.1,0.1,0.2,3,3;2;3,1.6112,1.6152,1.5829,0.0,1.425,0.9789,0.25,-1.755,0.0,0.02
balanced,0.75,-0.1,0.65,0.7,0.1,0.1,0.2,3,3;2;3,1.6112,1.6152,1.5345,0.0,1.425,0.9789,0.25,-4.763,0.0,0.05
balanced,0.75,-0.1,0.65,0.7,0.1,0.1,0.2,3,3;2;3,1.6112,1.6152,1.6087,0.0111,1.425,0.9789,0.25,-0.155,0.05,0.0
balanced,0.75,-0.1,0.65,0.7,0.1,0.1,0.2,3,3;2;3,1.6112,1.6152,1.5829,0.0,1.425,0.9789,0.25,-1.755,0.05,0.02
balanced,0.75,-0.1,0.65,0.7,0.1,0.1,0.2,3,3;2;3,1.6112,1.6152,1.5283,0.0106,1.425,0.9789,0.25,-5.148,0.05,0.05
balanced,0.75,-0.1,0.65,0.7,0.1,0.1,0.2,3,3;2;3,1.6112,1.6152,1.6144,0.0016,1.425,0.9789,0.25,0.2,0.15,0.0
balanced,0.75,-0.1,0.65,0.7,0.1,0.1,0.2,3,3;2;3,1.6112,1.6152,1.5773,0.0112,1.425,0.9789,0.25,-2.103,0.15,0.02
balanced,0.75,-0.1,0.65,0.7,0.1,0.1,0.2,3,3;2;3,1.6112,1.6152,1.5337,0.0014,1.425,0.9789,0.25,-4.807,0.15,0.05
balanced,0.75,-0.1,0.65,0.7,0.1,0.1,0.4,2,2;1;2,1.2311,1.2393,1.2393,0.0,1.2214,0.5428,0.662,0.662,0.0,0.0
balanced,0.75,-0.1,0.65,0.7,0.1,0.1,0.4,2,2;1;2,1.2311,1.2393,1.2145,0.0,1.2214,0.5428,0.662,-1.351,0.0,0.02
balanced,0.75,-0.1,0.65,0.7,0.1,0.1,0.4,2,2;1;2,1.2311,1.2393,1.1773,0.0,1.2214,0.5428,0.662,-4.371,0.0,0.05
balanced,0.75,-0.1,0.65,0.7,0.1,0.1,0.4,2,2;1;2,1.2311,1.2393,1.2342,0.0102,1.2214,0.5428,0.662,0.248,0.05,0.0
balanced,0.75,-0.1,0.65,0.7,0.1,0.1,0.4,2,2;1;2,1.2311,1.2393,1.2145,0.0,1.2214,0.5428,0.662,-1.351,0.05,0.02
balanced,0.75,-0.1,0.65,0.7,0.1,0.1,0.4,2,2;1;2,1.2311,1.2393,1.1773,0.0,1.2214,0.5428,0.662,-4.371,0.05,0.05
balanced,0.75,-0.1,0.65,0.7,0.1,0.1,0.4,2,2;1;2,1.2311,1.2393,1.2376,0.0033,1.2214,0.5428,0.662,0.53,0.15,0.0
balanced,0.75,-0.1,0.65,0.7,0.1,0.1,0.4,2,2;1;2,1.2311,1.2393,1.2095,0.0068,1.2214,0.5428,0.662,-1.757,0.15,0.02
balanced,0.75,-0.1,0.65,0.7,0.1,0.1,0.4,2,2;1;2,1.2311,1.2393,1.1758,0.0031,1.2214,0.5428,0.662,-4.497,0.15,0.05
balanced,0.75,0.0,0.75,0.75,0.0,0.0,0.05,7,7;7;7,2.6663,2.6663,2.6663,0.0,1.6667,1.0,0.0,0.0,0.0,0.0
balanced,0.75,0.0,0.75,0.75,0.0,0.0,0.05,7,7;7;7,2.6663,2.6663,2.613,0.0,1.6667,1.0,0.0,-2.0,0.0,0.02
balanced,0.75,0.0,0.75,0.75,0.0,0.0,0.05,7,7;7;7,2.6663,2.6663,2.533,0.0,1.6667,1.0,0.0,-5.0,0.0,0.05
balanced,0.75,0.0,0.75,0.75,0.0,0.0,0.05,7,7;7;7,2.6663,2.6663,2.6663,0.0,1.6667,1.0,0.0,0.0,0.05,0.0
balanced,0.75,0.0,0.75,0.75,0.0,0.0,0.05,7,7;7;7,2.6663,2.6663,2.613,0.0,1.6667,1.0,0.0,-2.0,0.05,0.02
balanced,0.75,0.0,0.75,0.75,0.0,0.0,0.05,7,7;7;7,2.6663,2.6663,2.533,0.0,1.6667,1.0,0.0,-5.0,0.05,0.05
balanced,0.75,0.0,0.75,0.75,0.0,0.0,0.05,7,7;7;7,2.6663,2.6663,2.6663,0.0,1.6667,1.0,0.0,0.0,0.15,0.0
balanced,0.75,0.0,0.75,0.75,0.0,0.0,0.05,7,7;7;7,2.6663,2.6663,2.613,0.0,1.6667,1.0,0.0,-2.0,0.15,0.02
balanced,0.75,0.0,0.75,0.75,0.0,0.0,0.05,7,7;7;7,2.6663,2.6663,2.533,0.0,1.6667,1.0,0.0,-5.0,0.15,0.05
balanced,0.75,0.0,0.75,0.75,0.0,0.0,0.1,5,5;5;5,2.1921,2.1921,2.1921,0.0,1.5909,1.0,0.0,0.0,0.0,0.0
balanced,0.75,0.0,0.75,0.75,0.0,0.0,0.1,5,5;5;5,2.1921,2.1921,2.1482,0.0,1.5909,1.0,0.0,-2.0,0.0,0.02
balanced,0.75,0.0,0.75,0.75,0.0,0.0,0.1,5,5;5;5,2.1921,2.1921,2.0825,0.0,1.5909,1.0,0.0,-5.0,0.0,0.05
balanced,0.75,0.0,0.75,0.75,0.0,0.0,0.1,5,5;5;5,2.1921,2.1921,2.1921,0.0,1.5909,1.0,0.0,0.0,0.05,0.0
balanced,0.75,0.0,0.75,0.75,0.0,0.0,0.1,5,5;5;5,2.1921,2.1921,2.1482,0.0,1.5909,1.0,0.0,-2.0,0.05,0.02
balanced,0.75,0.0,0.75,0.75,0.0,0.0,0.1,5,5;5;5,2.1921,2.1921,2.0825,0.0,1.5909,1.0,0.0,-5.0,0.05,0.05
balanced,0.75,0.0,0.75,0.75,0.0,0.0,0.1,5,5;5;5,2.1921,2.1921,2.1921,0.0,1.5909,1.0,0.0,0.0,0.15,0.0
balanced,0.75,0.0,0.75,0.75,0.0,0.0,0.1,5,5;5;5,2.1921,2.1921,2.1482,0.0,1.5909,1.0,0.0,-2.0,0.15,0.02
balanced,0.75,0.0,0.75,0.75,0.0,0.0,0.1,5,5;5;5,2.1921,2.1921,2.0825,0.0,1.5909,1.0,0.0,-5.0,0.15,0.05
balanced,0.75,0.0,0.75,0.75,0.0,0.0,0.2,3,3;3;3,1.709,1.709,1.709,0.0,1.4583,1.0,0.0,0.0,0.0,0.0
balanced,0.75,0.0,0.75,0.75,0.0,0.0,0.2,3,3;3;3,1.709,1.709,1.6748,0.0,1.4583,1.0,0.0,-2.0,0.0,0.02
balanced,0.75,0.0,0.75,0.75,0.0,0.0,0.2,3,3;3;3,1.709,1.709,1.6235,0.0,1.4583,1.0,0.0,-5.0,0.0,0.05
balanced,0.75,0.0,0.75,0.75,0.0,0.0,0.2,3,3;3;3,1.709,1.709,1.709,0.0,1.4583,1.0,0.0,0.0,0.05,0.0
balanced,0.75,0.0,0.75,0.75,0.0,0.0,0.2,3,3;3;3,1.709,1.709,1.6748,0.0,1.4583,1.0,0.0,-2.0,0.05,0.02
balanced,0.75,0.0,0.75,0.75,0.0,0.0,0.2,3,3;3;3,1.709,1.709,1.6235,0.0,1.4583,1.0,0.0,-5.0,0.05,0.05
balanced,0.75,0.0,0.75,0.75,0.0,0.0,0.2,3,3;3;3,1.709,1.709,1.709,0.0,1.4583,1.0,0.0,0.0,0.15,0.0
balanced,0.75,0.0,0.75,0.75,0.0,0.0,0.2,3,3;3;3,1.709,1.709,1.6748,0.0,1.4583,1.0,0.0,-2.0,0.15,0.02
balanced,0.75,0.0,0.75,0.75,0.0,0.0,0.2,3,3;3;3,1.709,1.709,1.6235,0.0,1.4583,1.0,0.0,-5.0,0.15,0.05
balanced,0.75,0.0,0.75,0.75,0.0,0.0,0.4,2,2;2;2,1.2847,1.2847,1.2847,0.0,1.25,1.0,0.0,0.0,0.0,0.0
balanced,0.75,0.0,0.75,0.75,0.0,0.0,0.4,2,2;2;2,1.2847,1.2847,1.259,0.0,1.25,1.0,0.0,-2.0,0.0,0.02
balanced,0.75,0.0,0.75,0.75,0.0,0.0,0.4,2,2;2;2,1.2847,1.2847,1.2205,0.0,1.25,1.0,0.0,-5.0,0.0,0.05
balanced,0.75,0.0,0.75,0.75,0.0,0.0,0.4,2,2;2;2,1.2847,1.2847,1.2847,0.0,1.25,1.0,0.0,0.0,0.05,0.0
balanced,0.75,0.0,0.75,0.75,0.0,0.0,0.4,2,2;2;2,1.2847,1.2847,1.259,0.0,1.25,1.0,0.0,-2.0,0.05,0.02
balanced,0.75,0.0,0.75,0.75,0.0,0.0,0.4,2,2;2;2,1.2847,1.2847,1.2205,0.0,1.25,1.0,0.0,-5.0,0.05,0.05
balanced,0.75,0.0,0.75,0.75,0.0,0.0,0.4,2,2;2;2,1.2847,1.2847,1.2847,0.0,1.25,1.0,0.0,0.0,0.15,0.0
balanced,0.75,0.0,0.75,0.75,0.0,0.0,0.4,2,2;2;2,1.2847,1.2847,1.259,0.0,1.25,1.0,0.0,-2.0,0.15,0.02
balanced,0.75,0.0,0.75,0.75,0.0,0.0,0.4,2,2;2;2,1.2847,1.2847,1.2205,0.0,1.25,1.0,0.0,-5.0,0.15,0.05
balanced,0.75,0.1,0.85,0.8,0.1,0.1,0.05,8,7;10;8,3.0374,3.0618,3.0618,0.0,1.7048,0.982,0.803,0.803,0.0,0.0
balanced,0.75,0.1,0.85,0.8,0.1,0.1,0.05,8,7;10;8,3.0374,3.0618,3.0006,0.0,1.7048,0.982,0.803,-1.213,0.0,0.02
balanced,0.75,0.1,0.85,0.8,0.1,0.1,0.05,8,7;10;8,3.0374,3.0618,2.9087,0.0,1.7048,0.982,0.803,-4.238,0.0,0.05
balanced,0.75,0.1,0.85,0.8,0.1,0.1,0.05,8,7;10;8,3.0374,3.0618,3.0594,0.0047,1.7048,0.982,0.803,0.724,0.05,0.0
balanced,0.75,0.1,0.85,0.8,0.1,0.1,0.05,8,7;10;8,3.0374,3.0618,3.0006,0.0,1.7048,0.982,0.803,-1.213,0.05,0.02
balanced,0.75,0.1,0.85,0.8,0.1,0.1,0.05,8,7;10;8,3.0374,3.0618,2.9083,0.0007,1.7048,0.982,0.803,-4.25,0.05,0.05
balanced,0.75,0.1,0.85,0.8,0.1,0.1,0.05,8,7;10;8,3.0374,3.0618,3.0525,0.0124,1.7048,0.982,0.803,0.498,0.15,0.0
balanced,0.75,0.1,0.85,0.8,0.1,0.1,0.05,8,7;10;8,3.0374,3.0618,3.0006,0.0,1.7048,0.982,0.803,-1.213,0.15,0.02
balanced,0.75,0.1,0.85,0.8,0.1,0.1,0.05,8,7;10;8,3.0374,3.0618,2.9046,0.0051,1.7048,0.982,0.803,-4.372,0.15,0.05
balanced,0.75,0.1,0.85,0.8,0.1,0.1,0.1,6,5;7;6,2.4264,2.4459,2.4459,0.0,1.6273,0.9762,0.804,0.804,0.0,0.0
balanced,0.75,0.1,0.85,0.8,0.1,0.1,0.1,6,5;7;6,2.4264,2.4459,2.3969,0.0,1.6273,0.9762,0.804,-1.212,0.0,0.02
balanced,0.75,0.1,0.85,0.8,0.1,0.1,0.1,6,5;7;6,2.4264,2.4459,2.3236,0.0,1.6273,0.9762,0.804,-4.237,0.0,0.05
balanced,0.75,0.1,0.85,0.8,0.1,0.1,0.1,6,5;7;6,2.4264,2.4459,2.4459,0.0,1.6273,0.9762,0.804,0.804,0.05,0.0
balanced,0.75,0.1,0.85,0.8,0.1,0.1,0.1,6,5;7;6,2.4264,2.4459,2.3965,0.0008,1.6273,0.9762,0.804,-1.229,0.05,0.02
balanced,0.75,0.1,0.85,0.8,0.1,0.1,0.1,6,5;7;6,2.4264,2.4459,2.3236,0.0,1.6273,0.9762,0.804,-4.237,0.05,0.05
balanced,0.75,0.1,0.85,0.8,0.1,0.1,0.1,6,5;7;6,2.4264,2.4459,2.4324,0.0152,1.6273,0.9762,0.804,0.25,0.15,0.0
balanced,0.75,0.1,0.85,0.8,0.1,0.1,0.1,6,5;7;6,2.4264,2.4459,2.3894,0.015,1.6273,0.9762,0.804,-1.522,0.15,0.02
balanced,0.75,0.1,0.85,0.8,0.1,0.1,0.1,6,5;7;6,2.4264,2.4459,2.3199,0.0049,1.6273,0.9762,0.804,-4.389,0.15,0.05
balanced,0.75,0.1,0.85,0.8,0.1,0.1,0.2,4,3;5;4,1.8391,1.8509,1.8509,0.0,1.4917,0.9672,0.642,0.642,0.0,0.0
balanced,0.75,0.1,0.85,0.8,0.1,0.1,0.2,4,3;5;4,1.8391,1.8509,1.8138,0.0,1.4917,0.9672,0.642,-1.371,0.0,0.02
balanced,0.75,0.1,0.85,0.8,0.1,0.1,0.2,4,3;5;4,1.8391,1.8509,1.7583,0.0,1.4917,0.9672,0.642,-4.391,0.0,0.05
balanced,0.75,0.1,0.85,0.8,0.1,0.1,0.2,4,3;5;4,1.8391,1.8509,1.849,0.0022,1.4917,0.9672,0.642,0.542,0.05,0.0
balanced,0.75,0.1,0.85,0.8,0.1,0.1,0.2,4,3;5;4,1.8391,1.8509,1.8116,0.0045,1.4917,0.9672,0.642,-1.495,0.05,0.02
balanced,0.75,0.1,0.85,0.8,0.1,0.1,0.2,4,3;5;4,1.8391,1.8509,1.7575,0.0017,1.4917,0.9672,0.642,-4.437,0.05,0.05
balanced,0.75,0.1,0.85,0.8,0.1,0.1,0.2,4,3;5;4,1.8391,1.8509,1.8449,0.0098,1.4917,0.9672,0.642,0.316,0.15,0.0
balanced,0.75,0.1,0.85,0.8,0.1,0.1,0.2,4,3;5;4,1.8391,1.8509,1.813,0.0018,1.4917,0.9672,0.642,-1.419,0.15,0.02
balanced,0.75,0.1,0.85,0.8,0.1,0.1,0.2,4,3;5;4,1.8391,1.8509,1.7575,0.0017,1.4917,0.9672,0.642,-4.437,0.15,0.05
balanced,0.75,0.1,0.85,0.8,0.1,0.1,0.4,2,2;3;2,1.3422,1.348,1.348,0.0,1.2786,0.9166,0.431,0.431,0.0,0.0
balanced,0.75,0.1,0.85,0.8,0.1,0.1,0.4,2,2;3;2,1.3422,1.348,1.3211,0.0,1.2786,0.9166,0.431,-1.577,0.0,0.02
balanced,0.75,0.1,0.85,0.8,0.1,0.1,0.4,2,2;3;2,1.3422,1.348,1.2806,0.0,1.2786,0.9166,0.431,-4.59,0.0,0.05
balanced,0.75,0.1,0.85,0.8,0.1,0.1,0.4,2,2;3;2,1.3422,1.348,1.3458,0.0022,1.2786,0.9166,0.431,0.263,0.05,0.0
balanced,0.75,0.1,0.85,0.8,0.1,0.1,0.4,2,2;3;2,1.3422,1.348,1.3205,0.0011,1.2786,0.9166,0.431,-1.617,0.05,0.02
balanced,0.75,0.1,0.85,0.8,0.1,0.1,0.4,2,2;3;2,1.3422,1.348,1.2795,0.0022,1.2786,0.9166,0.431,-4.672,0.05,0.05
balanced,0.75,0.1,0.85,0.8,0.1,0.1,0.4,2,2;3;2,1.3422,1.348,1.3438,0.0084,1.2786,0.9166,0.431,0.12,0.15,0.0
balanced,0.75,0.1,0.85,0.8,0.1,0.1,0.4,2,2;3;2,1.3422,1.348,1.317,0.0082,1.2786,0.9166,0.431,-1.883,0.15,0.02
balanced,0.75,0.1,0.85,0.8,0.1,0.1,0.4,2,2;3;2,1.3422,1.348,1.2784,0.0027,1.2786,0.9166,0.431,-4.754,0.15,0.05
balanced,0.75,0.2,0.95,0.85,0.2,0.2,0.05,13,7;21;10,3.7786,4.0532,4.0532,0.0,1.7429,0.8811,7.269,7.269,0.0,0.0
balanced,0.75,0.2,0.95,0.85,0.2,0.2,0.05,13,7;21;10,3.7786,4.0532,3.9721,0.0,1.7429,0.8811,7.269,5.123,0.0,0.02
balanced,0.75,0.2,0.95,0.85,0.2,0.2,0.05,13,7;21;10,3.7786,4.0532,3.8505,0.0,1.7429,0.8811,7.269,1.905,0.0,0.05
balanced,0.75,0.2,0.95,0.85,0.2,0.2,0.05,13,7;21;10,3.7786,4.0532,4.042,0.0225,1.7429,0.8811,7.269,6.971,0.05,0.0
balanced,0.75,0.2,0.95,0.85,0.2,0.2,0.05,13,7;21;10,3.7786,4.0532,3.9721,0.0,1.7429,0.8811,7.269,5.123,0.05,0.02
balanced,0.75,0.2,0.95,0.85,0.2,0.2,0.05,13,7;21;10,3.7786,4.0532,3.8021,0.0969,1.7429,0.8811,7.269,0.622,0.05,0.05
balanced,0.75,0.2,0.95,0.85,0.2,0.2,0.05,13,7;21;10,3.7786,4.0532,3.8534,0.166,1.7429,0.8811,7.269,1.981,0.15,0.0
balanced,0.75,0.2,0.95,0.85,0.2,0.2,0.05,13,7;21;10,3.7786,4.0532,3.8467,0.1171,1.7429,0.8811,7.269,1.805,0.15,0.02
balanced,0.75,0.2,0.95,0.85,0.2,0.2,0.05,13,7;21;10,3.7786,4.0532,3.7709,0.0899,1.7429,0.8811,7.269,-0.203,0.15,0.05
balanced,0.75,0.2,0.95,0.85,0.2,0.2,0.1,8,5;15;7,2.8294,3.0103,3.0103,0.0,1.6636,0.8656,6.396,6.396,0.0,0.0
balanced,0.75,0.2,0.95,0.85,0.2,0.2,0.1,8,5;15;7,2.8294,3.0103,2.9501,0.0,1.6636,0.8656,6.396,4.268,0.0,0.02
balanced,0.75,0.2,0.95,0.85,0.2,0.2,0.1,8,5;15;7,2.8294,3.0103,2.8598,0.0,1.6636,0.8656,6.396,1.076,0.0,0.05
balanced,0.75,0.2,0.95,0.85,0.2,0.2,0.1,8,5;15;7,2.8294,3.0103,3.0103,0.0,1.6636,0.8656,6.396,6.396,0.05,0.0
balanced,0.75,0.2,0.95,0.85,0.2,0.2,0.1,8,5;15;7,2.8294,3.0103,2.9501,0.0,1.6636,0.8656,6.396,4.268,0.05,0.02
balanced,0.75,0.2,0.95,0.85,0.2,0.2,0.1,8,5;15;7,2.8294,3.0103,2.8598,0.0,1.6636,0.8656,6.396,1.076,0.05,0.05
balanced,0.75,0.2,0.95,0.85,0.2,0.2,0.1,8,5;15;7,2.8294,3.0103,2.9949,0.0307,1.6636,0.8656,6.396,5.853,0.15,0.0
balanced,0.75,0.2,0.95,0.85,0.2,0.2,0.1,8,5;15;7,2.8294,3.0103,2.9277,0.03,1.6636,0.8656,6.396,3.477,0.15,0.02
balanced,0.75,0.2,0.95,0.85,0.2,0.2,0.1,8,5;15;7,2.8294,3.0103,2.8199,0.0576,1.6636,0.8656,6.396,-0.335,0.15,0.05
balanced,0.75,0.2,0.95,0.85,0.2,0.2,0.2,5,3;10;5,2.032,2.1321,2.1321,0.0,1.525,0.835,4.929,4.929,0.0,0.0
balanced,0.75,0.2,0.95,0.85,0.2,0.2,0.2,5,3;10;5,2.032,2.1321,2.0895,0.0,1.525,0.835,4.929,2.83,0.0,0.02
balanced,0.75,0.2,0.95,0.85,0.2,0.2,0.2,5,3;10;5,2.032,2.1321,2.0255,0.0,1.525,0.835,4.929,-0.318,0.0,0.05
balanced,0.75,0.2,0.95,0.85,0.2,0.2,0.2,5,3;10;5,2.032,2.1321,2.1287,0.0068,1.525,0.835,4.929,4.762,0.05,0.0
balanced,0.75,0.2,0.95,0.85,0.2,0.2,0.2,5,3;10;5,2.032,2.1321,2.0408,0.0824,1.525,0.835,4.929,0.433,0.05,0.02
balanced,0.75,0.2,0.95,0.85,0.2,0.2,0.2,5,3;10;5,2.032,2.1321,1.9998,0.0315,1.525,0.835,4.929,-1.584,0.05,0.05
balanced,0.75,0.2,0.95,0.85,0.2,0.2,0.2,5,3;10;5,2.032,2.1321,2.087,0.0428,1.525,0.835,4.929,2.707,0.15,0.0
balanced,0.75,0.2,0.95,0.85,0.2,0.2,0.2,5,3;10;5,2.032,2.1321,2.0438,0.0833,1.525,0.835,4.929,0.584,0.15,0.02
balanced,0.75,0.2,0.95,0.85,0.2,0.2,0.2,5,3;10;5,2.032,2.1321,2.0169,0.0172,1.525,0.835,4.929,-0.74,0.15,0.05
balanced,0.75,0.2,0.95,0.85,0.2,0.2,0.4,3,2;6;3,1.417,1.4644,1.4644,0.0,1.3071,0.6988,3.343,3.343,0.0,0.0
balanced,0.75,0.2,0.95,0.85,0.2,0.2,0.4,3,2;6;3,1.417,1.4644,1.4351,0.0,1.3071,0.6988,3.343,1.276,0.0,0.02
balanced,0.75,0.2,0.95,0.85,0.2,0.2,0.4,3,2;6;3,1.417,1.4644,1.3912,0.0,1.3071,0.6988,3.343,-1.825,0.0,0.05
balanced,0.75,0.2,0.95,0.85,0.2,0.2,0.4,3,2;6;3,1.417,1.4644,1.4416,0.0279,1.3071,0.6988,3.343,1.736,0.05,0.0
balanced,0.75,0.2,0.95,0.85,0.2,0.2,0.4,3,2;6;3,1.417,1.4644,1.431,0.0082,1.3071,0.6988,3.343,0.987,0.05,0.02
balanced,0.75,0.2,0.95,0.85,0.2,0.2,0.4,3,2;6;3,1.417,1.4644,1.362,0.049,1.3071,0.6988,3.343,-3.883,0.05,0.05
balanced,0.75,0.2,0.95,0.85,0.2,0.2,0.4,3,2;6;3,1.417,1.4644,1.4371,0.0527,1.3071,0.6988,3.343,1.416,0.15,0.0
balanced,0.75,0.2,0.95,0.85,0.2,0.2,0.4,3,2;6;3,1.417,1.4644,1.3926,0.0722,1.3071,0.6988,3.343,-1.721,0.15,0.02
balanced,0.75,0.2,0.95,0.85,0.2,0.2,0.4,3,2;6;3,1.417,1.4644,1.3912,0.0,1.3071,0.6988,3.343,-1.825,0.15,0.05
balanced,0.75,0.3,0.98,0.865,0.23,0.23,0.05,19,7;32;11,4.2972,4.9285,4.9285,0.0,1.7543,0.8011,14.692,14.692,0.0,0.0
balanced,0.75,0.3,0.98,0.865,0.23,0.23,0.05,19,7;32;11,4.2972,4.9285,4.83,0.0,1.7543,0.8011,14.692,12.398,0.0,0.02
balanced,0.75,0.3,0.98,0.865,0.23,0.23,0.05,19,7;32;11,4.2972,4.9285,4.6821,0.0,1.7543,0.8011,14.692,8.957,0.0,0.05
balanced,0.75,0.3,0.98,0.865,0.23,0.23,0.05,19,7;32;11,4.2972,4.9285,4.7837,0.2896,1.7543,0.8011,14.692,11.322,0.05,0.0
balanced,0.75,0.3,0.98,0.865,0.23,0.23,0.05,19,7;32;11,4.2972,4.9285,4.83,0.0,1.7543,0.8011,14.692,12.398,0.05,0.02
balanced,0.75,0.3,0.98,0.865,0.23,0.23,0.05,19,7;32;11,4.2972,4.9285,4.4638,0.4367,1.7543,0.8011,14.692,3.876,0.05,0.05
balanced,0.75,0.3,0.98,0.865,0.23,0.23,0.05,19,7;32;11,4.2972,4.9285,4.8157,0.2256,1.7543,0.8011,14.692,12.067,0.15,0.0
balanced,0.75,0.3,0.98,0.865,0.23,0.23,0.05,19,7;32;11,4.2972,4.9285,4.7795,0.0851,1.7543,0.8011,14.692,11.222,0.15,0.02
balanced,0.75,0.3,0.98,0.865,0.23,0.23,0.05,19,7;32;11,4.2972,4.9285,4.0959,0.4466,1.7543,0.8011,14.692,-4.684,0.15,0.05
balanced,0.75,0.3,0.98,0.865,0.23,0.23,0.1,10,5;26;8,3.0428,3.4477,3.4477,0.0,1.6745,0.7716,13.31,13.31,0.0,0.0
balanced,0.75,0.3,0.98,0.865,0.23,0.23,0.1,10,5;26;8,3.0428,3.4477,3.3788,0.0,1.6745,0.7716,13.31,11.043,0.0,0.02
balanced,0.75,0.3,0.98,0.865,0.23,0.23,0.1,10,5;26;8,3.0428,3.4477,3.2754,0.0,1.6745,0.7716,13.31,7.644,0.0,0.05
balanced,0.75,0.3,0.98,0.865,0.23,0.23,0.1,10,5;26;8,3.0428,3.4477,3.4477,0.0,1.6745,0.7716,13.31,13.31,0.05,0.0
balanced,0.75,0.3,0.98,0.865,0.23,0.23,0.1,10,5;26;8,3.0428,3.4477,3.3737,0.0102,1.6745,0.7716,13.31,10.876,0.05,0.02
balanced,0.75,0.3,0.98,0.865,0.23,0.23,0.1,10,5;26;8,3.0428,3.4477,3.2754,0.0,1.6745,0.7716,13.31,7.644,0.05,0.05
balanced,0.75,0.3,0.98,0.865,0.23,0.23,0.1,10,5;26;8,3.0428,3.4477,3.3207,0.2084,1.6745,0.7716,13.31,9.136,0.15,0.0
balanced,0.75,0.3,0.98,0.865,0.23,0.23,0.1,10,5;26;8,3.0428,3.4477,3.3737,0.0102,1.6745,0.7716,13.31,10.876,0.15,0.02
balanced,0.75,0.3,0.98,0.865,0.23,0.23,0.1,10,5;26;8,3.0428,3.4477,3.1726,0.2055,1.6745,0.7716,13.31,4.268,0.15,0.05
balanced,0.75,0.3,0.98,0.865,0.23,0.23,0.2,6,3;18;5,2.1163,2.3244,2.3244,0.0,1.535,0.7364,9.834,9.834,0.0,0.0
balanced,0.75,0.3,0.98,0.865,0.23,0.23,0.2,6,3;18;5,2.1163,2.3244,2.2779,0.0,1.535,0.7364,9.834,7.637,0.0,0.02
balanced,0.75,0.3,0.98,0.865,0.23,0.23,0.2,6,3;18;5,2.1163,2.3244,2.2082,0.0,1.535,0.7364,9.834,4.342,0.0,0.05
balanced,0.75,0.3,0.98,0.865,0.23,0.23,0.2,6,3;18;5,2.1163,2.3244,2.1778,0.1829,1.535,0.7364,9.834,2.905,0.05,0.0
balanced,0.75,0.3,0.98,0.865,0.23,0.23,0.2,6,3;18;5,2.1163,2.3244,2.2779,0.0,1.535,0.7364,9.834,7.637,0.05,0.02
balanced,0.75,0.3,0.98,0.865,0.23,0.23,0.2,6,3;18;5,2.1163,2.3244,2.1281,0.1602,1.535,0.7364,9.834,0.558,0.05,0.05
balanced,0.75,0.3,0.98,0.865,0.23,0.23,0.2,6,3;18;5,2.1163,2.3244,2.3244,0.0,1.535,0.7364,9.834,9.834,0.15,0.0
balanced,0.75,0.3,0.98,0.865,0.23,0.23,0.2,6,3;18;5,2.1163,2.3244,2.2274,0.0619,1.535,0.7364,9.834,5.25,0.15,0.02
balanced,0.75,0.3,0.98,0.865,0.23,0.23,0.2,6,3;18;5,2.1163,2.3244,2.149,0.1184,1.535,0.7364,9.834,1.544,0.15,0.05
balanced,0.75,0.3,0.98,0.865,0.23,0.23,0.4,3,2;11;3,1.4472,1.5368,1.5368,0.0,1.3157,0.5946,6.192,6.192,0.0,0.0
balanced,0.75,0.3,0.98,0.865,0.23,0.23,0.4,3,2;11;3,1.4472,1.5368,1.506,0.0,1.3157,0.5946,6.192,4.069,0.0,0.02
balanced,0.75,0.3,0.98,0.865,0.23,0.23,0.4,3,2;11;3,1.4472,1.5368,1.4599,0.0,1.3157,0.5946,6.192,0.883,0.0,0.05
balanced,0.75,0.3,0.98,0.865,0.23,0.23,0.4,3,2;11;3,1.4472,1.5368,1.5368,0.0,1.3157,0.5946,6.192,6.192,0.05,0.0
balanced,0.75,0.3,0.98,0.865,0.23,0.23,0.4,3,2;11;3,1.4472,1.5368,1.506,0.0,1.3157,0.5946,6.192,4.069,0.05,0.02
balanced,0.75,0.3,0.98,0.865,0.23,0.23,0.4,3,2;11;3,1.4472,1.5368,1.4429,0.0253,1.3157,0.5946,6.192,-0.294,0.05,0.05
balanced,0.75,0.3,0.98,0.865,0.23,0.23,0.4,3,2;11;3,1.4472,1.5368,1.5227,0.0281,1.3157,0.5946,6.192,5.222,0.15,0.0
balanced,0.75,0.3,0.98,0.865,0.23,0.23,0.4,3,2;11;3,1.4472,1.5368,1.4882,0.0267,1.3157,0.5946,6.192,2.835,0.15,0.02
balanced,0.75,0.3,0.98,0.865,0.23,0.23,0.4,3,2;11;3,1.4472,1.5368,1.4599,0.0,1.3157,0.5946,6.192,0.883,0.15,0.05
balanced,0.85,-0.3,0.55,0.7,0.3,0.3,0.05,8,10;4;6,2.7605,2.8485,2.8485,0.0,1.6476,0.9267,3.191,3.191,0.0,0.0
balanced,0.85,-0.3,0.55,0.7,0.3,0.3,0.05,8,10;4;6,2.7605,2.8485,2.7916,0.0,1.6476,0.9267,3.191,1.127,0.0,0.02
balanced,0.85,-0.3,0.55,0.7,0.3,0.3,0.05,8,10;4;6,2.7605,2.8485,2.7061,0.0,1.6476,0.9267,3.191,-1.969,0.0,0.05
balanced,0.85,-0.3,0.55,0.7,0.3,0.3,0.05,8,10;4;6,2.7605,2.8485,2.8318,0.0335,1.6476,0.9267,3.191,2.584,0.05,0.0
balanced,0.85,-0.3,0.55,0.7,0.3,0.3,0.05,8,10;4;6,2.7605,2.8485,2.7666,0.0312,1.6476,0.9267,3.191,0.224,0.05,0.02
balanced,0.85,-0.3,0.55,0.7,0.3,0.3,0.05,8,10;4;6,2.7605,2.8485,2.6855,0.0411,1.6476,0.9267,3.191,-2.714,0.05,0.05
balanced,0.85,-0.3,0.55,0.7,0.3,0.3,0.05,8,10;4;6,2.7605,2.8485,2.8415,0.014,1.6476,0.9267,3.191,2.938,0.15,0.0
balanced,0.85,-0.3,0.55,0.7,0.3,0.3,0.05,8,10;4;6,2.7605,2.8485,2.7659,0.0513,1.6476,0.9267,3.191,0.198,0.15,0.02
balanced,0.85,-0.3,0.55,0.7,0.3,0.3,0.05,8,10;4;6,2.7605,2.8485,2.6979,0.0129,1.6476,0.9267,3.191,-2.267,0.15,0.05
balanced,0.85,-0.3,0.55,0.7,0.3,0.3,0.1,5,7;3;4,2.2084,2.2885,2.2885,0.0,1.5727,0.8881,3.628,3.628,0.0,0.0
balanced,0.85,-0.3,0.55,0.7,0.3,0.3,0.1,5,7;3;4,2.2084,2.2885,2.2428,0.0,1.5727,0.8881,3.628,1.556,0.0,0.02
balanced,0.85,-0.3,0.55,0.7,0.3,0.3,0.1,5,7;3;4,2.2084,2.2885,2.1741,0.0,1.5727,0.8881,3.628,-1.553,0.0,0.05
balanced,0.85,-0.3,0.55,0.7,0.3,0.3,0.1,5,7;3;4,2.2084,2.2885,2.2403,0.0898,1.5727,0.8881,3.628,1.445,0.05,0.0
balanced,0.85,-0.3,0.55,0.7,0.3,0.3,0.1,5,7;3;4,2.2084,2.2885,2.2376,0.0104,1.5727,0.8881,3.628,1.32,0.05,0.02
balanced,0.85,-0.3,0.55,0.7,0.3,0.3,0.1,5,7;3;4,2.2084,2.2885,2.1334,0.0752,1.5727,0.8881,3.628,-3.399,0.05,0.05
balanced,0.85,-0.3,0.55,0.7,0.3,0.3,0.1,5,7;3;4,2.2084,2.2885,2.2731,0.0308,1.5727,0.8881,3.628,2.931,0.15,0.0
balanced,0.85,-0.3,0.55,0.7,0.3,0.3,0.1,5,7;3;4,2.2084,2.2885,2.1982,0.0768,1.5727,0.8881,3.628,-0.463,0.15,0.02
balanced,0.85,-0.3,0.55,0.7,0.3,0.3,0.1,5,7;3;4,2.2084,2.2885,2.1729,0.0025,1.5727,0.8881,3.628,-1.609,0.15,0.05
balanced,0.85,-0.3,0.55,0.7,0.3,0.3,0.2,3,5;2;3,1.691,1.7517,1.7517,0.0,1.4417,0.8042,3.589,3.589,0.0,0.0
balanced,0.85,-0.3,0.55,0.7,0.3,0.3,0.2,3,5;2;3,1.691,1.7517,1.7166,0.0,1.4417,0.8042,3.589,1.517,0.0,0.02
balanced,0.85,-0.3,0.55,0.7,0.3,0.3,0.2,3,5;2;3,1.691,1.7517,1.6641,0.0,1.4417,0.8042,3.589,-1.59,0.0,0.05
balanced,0.85,-0.3,0.55,0.7,0.3,0.3,0.2,3,5;2;3,1.691,1.7517,1.7517,0.0,1.4417,0.8042,3.589,3.589,0.05,0.0
balanced,0.85,-0.3,0.55,0.7,0.3,0.3,0.2,3,5;2;3,1.691,1.7517,1.7024,0.0286,1.4417,0.8042,3.589,0.673,0.05,0.02
balanced,0.85,-0.3,0.55,0.7,0.3,0.3,0.2,3,5;2;3,1.691,1.7517,1.6641,0.0,1.4417,0.8042,3.589,-1.59,0.05,0.05
balanced,0.85,-0.3,0.55,0.7,0.3,0.3,0.2,3,5;2;3,1.691,1.7517,1.7226,0.0544,1.4417,0.8042,3.589,1.871,0.15,0.0
balanced,0.85,-0.3,0.55,0.7,0.3,0.3,0.2,3,5;2;3,1.691,1.7517,1.6881,0.035,1.4417,0.8042,3.589,-0.172,0.15,0.02
balanced,0.85,-0.3,0.55,0.7,0.3,0.3,0.2,3,5;2;3,1.691,1.7517,1.6641,0.0,1.4417,0.8042,3.589,-1.59,0.15,0.05
balanced,0.85,-0.3,0.55,0.7,0.3,0.3,0.4,2,3;1;2,1.2667,1.2997,1.2997,0.0,1.2357,0.4837,2.609,2.609,0.0,0.0
balanced,0.85,-0.3,0.55,0.7,0.3,0.3,0.4,2,3;1;2,1.2667,1.2997,1.2737,0.0,1.2357,0.4837,2.609,0.556,0.0,0.02
balanced,0.85,-0.3,0.55,0.7,0.3,0.3,0.4,2,3;1;2,1.2667,1.2997,1.2347,0.0,1.2357,0.4837,2.609,-2.522,0.0,0.05
balanced,0.85,-0.3,0.55,0.7,0.3,0.3,0.4,2,3;1;2,1.2667,1.2997,1.2851,0.0247,1.2357,0.4837,2.609,1.453,0.05,0.0
balanced,0.85,-0.3,0.55,0.7,0.3,0.3,0.4,2,3;1;2,1.2667,1.2997,1.2717,0.0037,1.2357,0.4837,2.609,0.4,0.05,0.02
balanced,0.85,-0.3,0.55,0.7,0.3,0.3,0.4,2,3;1;2,1.2667,1.2997,1.2329,0.0037,1.2357,0.4837,2.609,-2.667,0.05,0.05
balanced,0.85,-0.3,0.55,0.7,0.3,0.3,0.4,2,3;1;2,1.2667,1.2997,1.2903,0.0183,1.2357,0.4837,2.609,1.866,0.15,0.0
balanced,0.85,-0.3,0.55,0.7,0.3,0.3,0.4,2,3;1;2,1.2667,1.2997,1.2627,0.0101,1.2357,0.4837,2.609,-0.314,0.15,0.02
balanced,0.85,-0.3,0.55,0.7,0.3,0.3,0.4,2,3;1;2,1.2667,1.2997,1.2196,0.0201,1.2357,0.4837,2.609,-3.715,0.15,0.05
balanced,0.85,-0.2,0.65,0.75,0.2,0.2,0.05,8,10;5;7,2.9576,3.0176,3.0176,0.0,1.6857,0.9549,2.03,2.03,0.0,0.0
balanced,0.85,-0.2,0.65,0.75,0.2,0.2,0.05,8,10;5;7,2.9576,3.0176,2.9573,0.0,1.6857,0.9549,2.03,-0.01,0.0,0.02
balanced,0.85,-0.2,0.65,0.75,0.2,0.2,0.05,8,10;5;7,2.9576,3.0176,2.8667,0.0,1.6857,0.9549,2.03,-3.071,0.0,0.05
balanced,0.85,-0.2,0.65,0.75,0.2,0.2,0.05,8,10;5;7,2.9576,3.0176,3.0176,0.0,1.6857,0.9549,2.03,2.03,0.05,0.0
balanced,0.85,-0.2,0.65,0.75,0.2,0.2,0.05,8,10;5;7,2.9576,3.0176,2.9535,0.0076,1.6857,0.9549,2.03,-0.138,0.05,0.02
balanced,0.85,-0.2,0.65,0.75,0.2,0.2,0.05,8,10;5;7,2.9576,3.0176,2.8179,0.0977,1.6857,0.9549,2.03,-4.722,0.05,0.05
balanced,0.85,-0.2,0.65,0.75,0.2,0.2,0.05,8,10;5;7,2.9576,3.0176,2.9797,0.0758,1.6857,0.9549,2.03,0.749,0.15,0.0
balanced,0.85,-0.2,0.65,0.75,0.2,0.2,0.05,8,10;5;7,2.9576,3.0176,2.9296,0.0339,1.6857,0.9549,2.03,-0.944,0.15,0.02
balanced,0.85,-0.2,0.65,0.75,0.2,0.2,0.05,8,10;5;7,2.9576,3.0176,2.8588,0.0098,1.6857,0.9549,2.03,-3.34,0.15,0.05
balanced,0.85,-0.2,0.65,0.75,0.2,0.2,0.1,6,7;3;5,2.3582,2.4065,2.4065,0.0,1.6091,0.9393,2.051,2.051,0.0,0.0
balanced,0.85,-0.2,0.65,0.75,0.2,0.2,0.1,6,7;3;5,2.3582,2.4065,2.3584,0.0,1.6091,0.9393,2.051,0.01,0.0,0.02
balanced,0.85,-0.2,0.65,0.75,0.2,0.2,0.1,6,7;3;5,2.3582,2.4065,2.2862,0.0,1.6091,0.9393,2.051,-3.051,0.0,0.05
balanced,0.85,-0.2,0.65,0.75,0.2,0.2,0.1,6,7;3;5,2.3582,2.4065,2.403,0.0071,1.6091,0.9393,2.051,1.901,0.05,0.0
balanced,0.85,-0.2,0.65,0.75,0.2,0.2,0.1,6,7;3;5,2.3582,2.4065,2.3584,0.0,1.6091,0.9393,2.051,0.01,0.05,0.02
balanced,0.85,-0.2,0.65,0.75,0.2,0.2,0.1,6,7;3;5,2.3582,2.4065,2.2862,0.0,1.6091,0.9393,2.051,-3.051,0.05,0.05
balanced,0.85,-0.2,0.65,0.75,0.2,0.2,0.1,6,7;3;5,2.3582,2.4065,2.3981,0.017,1.6091,0.9393,2.051,1.692,0.15,0.0
balanced,0.85,-0.2,0.65,0.75,0.2,0.2,0.1,6,7;3;5,2.3582,2.4065,2.3501,0.0166,1.6091,0.9393,2.051,-0.342,0.15,0.02
balanced,0.85,-0.2,0.65,0.75,0.2,0.2,0.1,6,7;3;5,2.3582,2.4065,2.2325,0.0942,1.6091,0.9393,2.051,-5.328,0.15,0.05
balanced,0.85,-0.2,0.65,0.75,0.2,0.2,0.2,4,5;2;3,1.7901,1.824,1.824,0.0,1.475,0.9029,1.894,1.894,0.0,0.0
balanced,0.85,-0.2,0.65,0.75,0.2,0.2,0.2,4,5;2;3,1.7901,1.824,1.7875,0.0,1.475,0.9029,1.894,-0.144,0.0,0.02
balanced,0.85,-0.2,0.65,0.75,0.2,0.2,0.2,4,5;2;3,1.7901,1.824,1.7328,0.0,1.475,0.9029,1.894,-3.201,0.0,0.05
balanced,0.85,-0.2,0.65,0.75,0.2,0.2,0.2,4,5;2;3,1.7901,1.824,1.8214,0.0052,1.475,0.9029,1.894,1.749,0.05,0.0
balanced,0.85,-0.2,0.65,0.75,0.2,0.2,0.2,4,5;2;3,1.7901,1.824,1.7616,0.0458,1.475,0.9029,1.894,-1.593,0.05,0.02
balanced,0.85,-0.2,0.65,0.75,0.2,0.2,0.2,4,5;2;3,1.7901,1.824,1.7328,0.0,1.475,0.9029,1.894,-3.201,0.05,0.05
balanced,0.85,-0.2,0.65,0.75,0.2,0.2,0.2,4,5;2;3,1.7901,1.824,1.8209,0.0045,1.475,0.9029,1.894,1.721,0.15,0.0
balanced,0.85,-0.2,0.65,0.75,0.2,0.2,0.2,4,5;2;3,1.7901,1.824,1.7781,0.0188,1.475,0.9029,1.894,-0.668,0.15,0.02
balanced,0.85,-0.2,0.65,0.75,0.2,0.2,0.2,4,5;2;3,1.7901,1.824,1.7328,0.0,1.475,0.9029,1.894,-3.201,0.15,0.05
balanced,0.85,-0.2,0.65,0.75,0.2,0.2,0.4,2,3;1;2,1.3169,1.3347,1.3347,0.0,1.2643,0.7473,1.352,1.352,0.0,0.0
balanced,0.85,-0.2,0.65,0.75,0.2,0.2,0.4,2,3;1;2,1.3169,1.3347,1.3081,0.0,1.2643,0.7473,1.352,-0.675,0.0,0.02
balanced,0.85,-0.2,0.65,0.75,0.2,0.2,0.4,2,3;1;2,1.3169,1.3347,1.268,0.0,1.2643,0.7473,1.352,-3.716,0.0,0.05
balanced,0.85,-0.2,0.65,0.75,0.2,0.2,0.4,2,3;1;2,1.3169,1.3347,1.3153,0.0256,1.2643,0.7473,1.352,-0.122,0.05,0.0
balanced,0.85,-0.2,0.65,0.75,0.2,0.2,0.4,2,3;1;2,1.3169,1.3347,1.3081,0.0,1.2643,0.7473,1.352,-0.675,0.05,0.02
balanced,0.85,-0.2,0.65,0.75,0.2,0.2,0.4,2,3;1;2,1.3169,1.3347,1.2662,0.0037,1.2643,0.7473,1.352,-3.855,0.05,0.05
balanced,0.85,-0.2,0.65,0.75,0.2,0.2,0.4,2,3;1;2,1.3169,1.3347,1.3295,0.0043,1.2643,0.7473,1.352,0.955,0.15,0.0
balanced,0.85,-0.2,0.65,0.75,0.2,0.2,0.4,2,3;1;2,1.3169,1.3347,1.2924,0.0241,1.2643,0.7473,1.352,-1.867,0.15,0.02
balanced,0.85,-0.2,0.65,0.75,0.2,0.2,0.4,2,3;1;2,1.3169,1.3347,1.2499,0.0222,1.2643,0.7473,1.352,-5.088,0.15,0.05
balanced,0.85,-0.1,0.75,0.8,0.1,0.1,0.05,9,10;7;8,3.2429,3.2687,3.2687,0.0,1.7238,0.9833,0.796,0.796,0.0,0.0
balanced,0.85,-0.1,0.75,0.8,0.1,0.1,0.05,9,10;7;8,3.2429,3.2687,3.2033,0.0,1.7238,0.9833,0.796,-1.22,0.0,0.02
balanced,0.85,-0.1,0.75,0.8,0.1,0.1,0.05,9,10;7;8,3.2429,3.2687,3.1052,0.0,1.7238,0.9833,0.796,-4.244,0.0,0.05
balanced,0.85,-0.1,0.75,0.8,0.1,0.1,0.05,9,10;7;8,3.2429,3.2687,3.2672,0.0028,1.7238,0.9833,0.796,0.752,0.05,0.0
balanced,0.85,-0.1,0.75,0.8,0.1,0.1,0.05,9,10;7;8,3.2429,3.2687,3.2033,0.0,1.7238,0.9833,0.796,-1.22,0.05,0.02
balanced,0.85,-0.1,0.75,0.8,0.1,0.1,0.05,9,10;7;8,3.2429,3.2687,3.1013,0.0079,1.7238,0.9833,0.796,-4.366,0.05,0.05
balanced,0.85,-0.1,0.75,0.8,0.1,0.1,0.05,9,10;7;8,3.2429,3.2687,3.2511,0.0224,1.7238,0.9833,0.796,0.255,0.15,0.0
balanced,0.85,-0.1,0.75,0.8,0.1,0.1,0.05,9,10;7;8,3.2429,3.2687,3.2001,0.0039,1.7238,0.9833,0.796,-1.317,0.15,0.02
balanced,0.85,-0.1,0.75,0.8,0.1,0.1,0.05,9,10;7;8,3.2429,3.2687,3.1049,0.0007,1.7238,0.9833,0.796,-4.255,0.15,0.05
balanced,0.85,-0.1,0.75,0.8,0.1,0.1,0.1,6,7;5;6,2.5593,2.578,2.578,0.0,1.6455,0.9799,0.733,0.733,0.0,0.0
balanced,0.85,-0.1,0.75,0.8,0.1,0.1,0.1,6,7;5;6,2.5593,2.578,2.5265,0.0,1.6455,0.9799,0.733,-1.282,0.0,0.02
balanced,0.85,-0.1,0.75,0.8,0.1,0.1,0.1,6,7;5;6,2.5593,2.578,2.4491,0.0,1.6455,0.9799,0.733,-4.304,0.0,0.05
balanced,0.85,-0.1,0.75,0.8,0.1,0.1,0.1,6,7;5;6,2.5593,2.578,2.5772,0.001,1.6455,0.9799,0.733,0.701,0.05,0.0
balanced,0.85,-0.1,0.75,0.8,0.1,0.1,0.1,6,7;5;6,2.5593,2.578,2.5235,0.006,1.6455,0.9799,0.733,-1.4,0.05,0.02
balanced,0.85,-0.1,0.75,0.8,0.1,0.1,0.1,6,7;5;6,2.5593,2.578,2.4483,0.0017,1.6455,0.9799,0.733,-4.336,0.05,0.05
balanced,0.85,-0.1,0.75,0.8,0.1,0.1,0.1,6,7;5;6,2.5593,2.578,2.5731,0.0088,1.6455,0.9799,0.733,0.542,0.15,0.0
balanced,0.85,-0.1,0.75,0.8,0.1,0.1,0.1,6,7;5;6,2.5593,2.578,2.5256,0.0017,1.6455,0.9799,0.733,-1.315,0.15,0.02
balanced,0.85,-0.1,0.75,0.8,0.1,0.1,0.1,6,7;5;6,2.5593,2.578,2.4483,0.0017,1.6455,0.9799,0.733,-4.336,0.15,0.05
balanced,0.85,-0.1,0.75,0.8,0.1,0.1,0.2,4,5;3;4,1.9122,1.9243,1.9243,0.0,1.5083,0.9708,0.635,0.635,0.0,0.0
balanced,0.85,-0.1,0.75,0.8,0.1,0.1,0.2,4,5;3;4,1.9122,1.9243,1.8858,0.0,1.5083,0.9708,0.635,-1.378,0.0,0.02
balanced,0.85,-0.1,0.75,0.8,0.1,0.1,0.2,4,5;3;4,1.9122,1.9243,1.8281,0.0,1.5083,0.9708,0.635,-4.397,0.0,0.05
balanced,0.85,-0.1,0.75,0.8,0.1,0.1,0.2,4,5;3;4,1.9122,1.9243,1.9234,0.0017,1.5083,0.9708,0.635,0.591,0.05,0.0
balanced,0.85,-0.1,0.75,0.8,0.1,0.1,0.2,4,5;3;4,1.9122,1.9243,1.882,0.0076,1.5083,0.9708,0.635,-1.577,0.05,0.02
balanced,0.85,-0.1,0.75,0.8,0.1,0.1,0.2,4,5;3;4,1.9122,1.9243,1.8163,0.0159,1.5083,0.9708,0.635,-5.01,0.05,0.05
balanced,0.85,-0.1,0.75,0.8,0.1,0.1,0.2,4,5;3;4,1.9122,1.9243,1.921,0.003,1.5083,0.9708,0.635,0.461,0.15,0.0
balanced,0.85,-0.1,0.75,0.8,0.1,0.1,0.2,4,5;3;4,1.9122,1.9243,1.8825,0.004,1.5083,0.9708,0.635,-1.549,0.15,0.02
balanced,0.85,-0.1,0.75,0.8,0.1,0.1,0.2,4,5;3;4,1.9122,1.9243,1.8272,0.0017,1.5083,0.9708,0.635,-4.442,0.15,0.05
balanced,0.85,-0.1,0.75,0.8,0.1,0.1,0.4,2,3;2;2,1.3711,1.3808,1.3808,0.0,1.2929,0.8902,0.704,0.704,0.0,0.0
balanced,0.85,-0.1,0.75,0.8,0.1,0.1,0.4,2,3;2;2,1.3711,1.3808,1.3531,0.0,1.2929,0.8902,0.704,-1.31,0.0,0.02
balanced,0.85,-0.1,0.75,0.8,0.1,0.1,0.4,2,3;2;2,1.3711,1.3808,1.3117,0.0,1.2929,0.8902,0.704,-4.331,0.0,0.05
balanced,0.85,-0.1,0.75,0.8,0.1,0.1,0.4,2,3;2;2,1.3711,1.3808,1.3808,0.0,1.2929,0.8902,0.704,0.704,0.05,0.0
balanced,0.85,-0.1,0.75,0.8,0.1,0.1,0.4,2,3;2;2,1.3711,1.3808,1.3531,0.0,1.2929,0.8902,0.704,-1.31,0.05,0.02
balanced,0.85,-0.1,0.75,0.8,0.1,0.1,0.4,2,3;2;2,1.3711,1.3808,1.3117,0.0,1.2929,0.8902,0.704,-4.331,0.05,0.05
balanced,0.85,-0.1,0.75,0.8,0.1,0.1,0.4,2,3;2;2,1.3711,1.3808,1.3719,0.0046,1.2929,0.8902,0.704,0.056,0.15,0.0
balanced,0.85,-0.1,0.75,0.8,0.1,0.1,0.4,2,3;2;2,1.3711,1.3808,1.3483,0.0098,1.2929,0.8902,0.704,-1.667,0.15,0.02
balanced,0.85,-0.1,0.75,0.8,0.1,0.1,0.4,2,3;2;2,1.3711,1.3808,1.3099,0.0037,1.2929,0.8902,0.704,-4.465,0.15,0.05
balanced,0.85,0.0,0.85,0.85,0.0,0.0,0.05,10,10;10;10,3.7007,3.7007,3.7007,0.0,1.7619,1.0,0.0,0.0,0.0,0.0
balanced,0.85,0.0,0.85,0.85,0.0,0.0,0.05,10,10;10;10,3.7007,3.7007,3.6267,0.0,1.7619,1.0,0.0,-2.0,0.0,0.02
balanced,0.85,0.0,0.85,0.85,0.0,0.0,0.05,10,10;10;10,3.7007,3.7007,3.5157,0.0,1.7619,1.0,0.0,-5.0,0.0,0.05
balanced,0.85,0.0,0.85,0.85,0.0,0.0,0.05,10,10;10;10,3.7007,3.7007,3.7007,0.0,1.7619,1.0,0.0,0.0,0.05,0.0
balanced,0.85,0.0,0.85,0.85,0.0,0.0,0.05,10,10;10;10,3.7007,3.7007,3.6267,0.0,1.7619,1.0,0.0,-2.0,0.05,0.02
balanced,0.85,0.0,0.85,0.85,0.0,0.0,0.05,10,10;10;10,3.7007,3.7007,3.5157,0.0,1.7619,1.0,0.0,-5.0,0.05,0.05
balanced,0.85,0.0,0.85,0.85,0.0,0.0,0.05,10,10;10;10,3.7007,3.7007,3.7007,0.0,1.7619,1.0,0.0,0.0,0.15,0.0
balanced,0.85,0.0,0.85,0.85,0.0,0.0,0.05,10,10;10;10,3.7007,3.7007,3.6267,0.0,1.7619,1.0,0.0,-2.0,0.15,0.02
balanced,0.85,0.0,0.85,0.85,0.0,0.0,0.05,10,10;10;10,3.7007,3.7007,3.5157,0.0,1.7619,1.0,0.0,-5.0,0.15,0.05
balanced,0.85,0.0,0.85,0.85,0.0,0.0,0.1,7,7;7;7,2.853,2.853,2.853,0.0,1.6818,1.0,0.0,0.0,0.0,0.0
balanced,0.85,0.0,0.85,0.85,0.0,0.0,0.1,7,7;7;7,2.853,2.853,2.7959,0.0,1.6818,1.0,0.0,-2.0,0.0,0.02
balanced,0.85,0.0,0.85,0.85,0.0,0.0,0.1,7,7;7;7,2.853,2.853,2.7103,0.0,1.6818,1.0,0.0,-5.0,0.0,0.05
balanced,0.85,0.0,0.85,0.85,0.0,0.0,0.1,7,7;7;7,2.853,2.853,2.853,0.0,1.6818,1.0,0.0,0.0,0.05,0.0
balanced,0.85,0.0,0.85,0.85,0.0,0.0,0.1,7,7;7;7,2.853,2.853,2.7959,0.0,1.6818,1.0,0.0,-2.0,0.05,0.02
balanced,0.85,0.0,0.85,0.85,0.0,0.0,0.1,7,7;7;7,2.853,2.853,2.7103,0.0,1.6818,1.0,0.0,-5.0,0.05,0.05
balanced,0.85,0.0,0.85,0.85,0.0,0.0,0.1,7,7;7;7,2.853,2.853,2.853,0.0,1.6818,1.0,0.0,0.0,0.15,0.0
balanced,0.85,0.0,0.85,0.85,0.0,0.0,0.1,7,7;7;7,2.853,2.853,2.7959,0.0,1.6818,1.0,0.0,-2.0,0.15,0.02
balanced,0.85,0.0,0.85,0.85,0.0,0.0,0.1,7,7;7;7,2.853,2.853,2.7103,0.0,1.6818,1.0,0.0,-5.0,0.15,0.05
balanced,0.85,0.0,0.85,0.85,0.0,0.0,0.2,5,5;5;5,2.0762,2.0762,2.0762,0.0,1.5417,1.0,0.0,0.0,0.0,0.0
balanced,0.85,0.0,0.85,0.85,0.0,0.0,0.2,5,5;5;5,2.0762,2.0762,2.0346,0.0,1.5417,1.0,0.0,-2.0,0.0,0.02
balanced,0.85,0.0,0.85,0.85,0.0,0.0,0.2,5,5;5;5,2.0762,2.0762,1.9724,0.0,1.5417,1.0,0.0,-5.0,0.0,0.05
balanced,0.85,0.0,0.85,0.85,0.0,0.0,0.2,5,5;5;5,2.0762,2.0762,2.0762,0.0,1.5417,1.0,0.0,0.0,0.05,0.0
balanced,0.85,0.0,0.85,0.85,0.0,0.0,0.2,5,5;5;5,2.0762,2.0762,2.0346,0.0,1.5417,1.0,0.0,-2.0,0.05,0.02
balanced,0.85,0.0,0.85,0.85,0.0,0.0,0.2,5,5;5;5,2.0762,2.0762,1.9724,0.0,1.5417,1.0,0.0,-5.0,0.05,0.05
balanced,0.85,0.0,0.85,0.85,0.0,0.0,0.2,5,5;5;5,2.0762,2.0762,2.0762,0.0,1.5417,1.0,0.0,0.0,0.15,0.0
balanced,0.85,0.0,0.85,0.85,0.0,0.0,0.2,5,5;5;5,2.0762,2.0762,2.0346,0.0,1.5417,1.0,0.0,-2.0,0.15,0.02
balanced,0.85,0.0,0.85,0.85,0.0,0.0,0.2,5,5;5;5,2.0762,2.0762,1.9724,0.0,1.5417,1.0,0.0,-5.0,0.15,0.05
balanced,0.85,0.0,0.85,0.85,0.0,0.0,0.4,3,3;3;3,1.4485,1.4485,1.4485,0.0,1.3214,1.0,0.0,0.0,0.0,0.0
balanced,0.85,0.0,0.85,0.85,0.0,0.0,0.4,3,3;3;3,1.4485,1.4485,1.4195,0.0,1.3214,1.0,0.0,-2.0,0.0,0.02
balanced,0.85,0.0,0.85,0.85,0.0,0.0,0.4,3,3;3;3,1.4485,1.4485,1.376,0.0,1.3214,1.0,0.0,-5.0,0.0,0.05
balanced,0.85,0.0,0.85,0.85,0.0,0.0,0.4,3,3;3;3,1.4485,1.4485,1.4485,0.0,1.3214,1.0,0.0,0.0,0.05,0.0
balanced,0.85,0.0,0.85,0.85,0.0,0.0,0.4,3,3;3;3,1.4485,1.4485,1.4195,0.0,1.3214,1.0,0.0,-2.0,0.05,0.02
balanced,0.85,0.0,0.85,0.85,0.0,0.0,0.4,3,3;3;3,1.4485,1.4485,1.376,0.0,1.3214,1.0,0.0,-5.0,0.05,0.05
balanced,0.85,0.0,0.85,0.85,0.0,0.0,0.4,3,3;3;3,1.4485,1.4485,1.4485,0.0,1.3214,1.0,0.0,0.0,0.15,0.0
balanced,0.85,0.0,0.85,0.85,0.0,0.0,0.4,3,3;3;3,1.4485,1.4485,1.4195,0.0,1.3214,1.0,0.0,-2.0,0.15,0.02
balanced,0.85,0.0,0.85,0.85,0.0,0.0,0.4,3,3;3;3,1.4485,1.4485,1.376,0.0,1.3214,1.0,0.0,-5.0,0.15,0.05
balanced,0.85,0.1,0.95,0.9,0.1,0.1,0.05,14,10;21;13,4.618,4.7651,4.7651,0.0,1.8,0.9504,3.185,3.185,0.0,0.0
balanced,0.85,0.1,0.95,0.9,0.1,0.1,0.05,14,10;21;13,4.618,4.7651,4.6698,0.0,1.8,0.9504,3.185,1.121,0.0,0.02
balanced,0.85,0.1,0.95,0.9,0.1,0.1,0.05,14,10;21;13,4.618,4.7651,4.5268,0.0,1.8,0.9504,3.185,-1.975,0.0,0.05
balanced,0.85,0.1,0.95,0.9,0.1,0.1,0.05,14,10;21;13,4.618,4.7651,4.7651,0.0,1.8,0.9504,3.185,3.185,0.05,0.0
balanced,0.85,0.1,0.95,0.9,0.1,0.1,0.05,14,10;21;13,4.618,4.7651,4.594,0.1042,1.8,0.9504,3.185,-0.521,0.05,0.02
balanced,0.85,0.1,0.95,0.9,0.1,0.1,0.05,14,10;21;13,4.618,4.7651,4.4299,0.1187,1.8,0.9504,3.185,-4.074,0.05,0.05
balanced,0.85,0.1,0.95,0.9,0.1,0.1,0.05,14,10;21;13,4.618,4.7651,4.7141,0.102,1.8,0.9504,3.185,2.08,0.15,0.0
balanced,0.85,0.1,0.95,0.9,0.1,0.1,0.05,14,10;21;13,4.618,4.7651,4.6698,0.0,1.8,0.9504,3.185,1.121,0.15,0.02
balanced,0.85,0.1,0.95,0.9,0.1,0.1,0.05,14,10;21;13,4.618,4.7651,4.4718,0.1009,1.8,0.9504,3.185,-3.167,0.15,0.05
balanced,0.85,0.1,0.95,0.9,0.1,0.1,0.1,10,7;15;10,3.3676,3.4564,3.4564,0.0,1.7182,0.9489,2.638,2.638,0.0,0.0
balanced,0.85,0.1,0.95,0.9,0.1,0.1,0.1,10,7;15;10,3.3676,3.4564,3.3872,0.0,1.7182,0.9489,2.638,0.585,0.0,0.02
balanced,0.85,0.1,0.95,0.9,0.1,0.1,0.1,10,7;15;10,3.3676,3.4564,3.2836,0.0,1.7182,0.9489,2.638,-2.494,0.0,0.05
balanced,0.85,0.1,0.95,0.9,0.1,0.1,0.1,10,7;15;10,3.3676,3.4564,3.3868,0.086,1.7182,0.9489,2.638,0.571,0.05,0.0
balanced,0.85,0.1,0.95,0.9,0.1,0.1,0.1,10,7;15;10,3.3676,3.4564,3.3872,0.0,1.7182,0.9489,2.638,0.585,0.05,0.02
balanced,0.85,0.1,0.95,0.9,0.1,0.1,0.1,10,7;15;10,3.3676,3.4564,3.247,0.073,1.7182,0.9489,2.638,-3.578,0.05,0.05
balanced,0.85,0.1,0.95,0.9,0.1,0.1,0.1,10,7;15;10,3.3676,3.4564,3.4564,0.0,1.7182,0.9489,2.638,2.638,0.15,0.0
balanced,0.85,0.1,0.95,0.9,0.1,0.1,0.1,10,7;15;10,3.3676,3.4564,3.3738,0.0165,1.7182,0.9489,2.638,0.184,0.15,0.02
balanced,0.85,0.1,0.95,0.9,0.1,0.1,0.1,10,7;15;10,3.3676,3.4564,3.254,0.0592,1.7182,0.9489,2.638,-3.373,0.15,0.05
balanced,0.85,0.1,0.95,0.9,0.1,0.1,0.2,7,5;10;7,2.3265,2.3751,2.3751,0.0,1.575,0.9393,2.089,2.089,0.0,0.0
balanced,0.85,0.1,0.95,0.9,0.1,0.1,0.2,7,5;10;7,2.3265,2.3751,2.3276,0.0,1.575,0.9393,2.089,0.047,0.0,0.02
balanced,0.85,0.1,0.95,0.9,0.1,0.1,0.2,7,5;10;7,2.3265,2.3751,2.2563,0.0,1.575,0.9393,2.089,-3.015,0.0,0.05
balanced,0.85,0.1,0.95,0.9,0.1,0.1,0.2,7,5;10;7,2.3265,2.3751,2.3751,0.0,1.575,0.9393,2.089,2.089,0.05,0.0
balanced,0.85,0.1,0.95,0.9,0.1,0.1,0.2,7,5;10;7,2.3265,2.3751,2.3276,0.0,1.575,0.9393,2.089,0.047,0.05,0.02
balanced,0.85,0.1,0.95,0.9,0.1,0.1,0.2,7,5;10;7,2.3265,2.3751,2.2435,0.0257,1.575,0.9393,2.089,-3.568,0.05,0.05
balanced,0.85,0.1,0.95,0.9,0.1,0.1,0.2,7,5;10;7,2.3265,2.3751,2.3616,0.0271,1.575,0.9393,2.089,1.507,0.15,0.0
balanced,0.85,0.1,0.95,0.9,0.1,0.1,0.2,7,5;10;7,2.3265,2.3751,2.2987,0.0416,1.575,0.9393,2.089,-1.193,0.15,0.02
balanced,0.85,0.1,0.95,0.9,0.1,0.1,0.2,7,5;10;7,2.3265,2.3751,2.222,0.0442,1.575,0.9393,2.089,-4.49,0.15,0.05
balanced,0.85,0.1,0.95,0.9,0.1,0.1,0.4,4,3;6;4,1.5502,1.5716,1.5716,0.0,1.35,0.9037,1.376,1.376,0.0,0.0
balanced,0.85,0.1,0.95,0.9,0.1,0.1,0.4,4,3;6;4,1.5502,1.5716,1.5402,0.0,1.35,0.9037,1.376,-0.651,0.0,0.02
balanced,0.85,0.1,0.95,0.9,0.1,0.1,0.4,4,3;6;4,1.5502,1.5716,1.493,0.0,1.35,0.9037,1.376,-3.692,0.0,0.05
balanced,0.85,0.1,0.95,0.9,0.1,0.1,0.4,4,3;6;4,1.5502,1.5716,1.5716,0.0,1.35,0.9037,1.376,1.376,0.05,0.0
balanced,0.85,0.1,0.95,0.9,0.1,0.1,0.4,4,3;6;4,1.5502,1.5716,1.5402,0.0,1.35,0.9037,1.376,-0.651,0.05,0.02
balanced,0.85,0.1,0.95,0.9,0.1,0.1,0.4,4,3;6;4,1.5502,1.5716,1.493,0.0,1.35,0.9037,1.376,-3.692,0.05,0.05
balanced,0.85,0.1,0.95,0.9,0.1,0.1,0.4,4,3;6;4,1.5502,1.5716,1.5658,0.0115,1.35,0.9037,1.376,1.004,0.15,0.0
balanced,0.85,0.1,0.95,0.9,0.1,0.1,0.4,4,3;6;4,1.5502,1.5716,1.5214,0.0213,1.35,0.9037,1.376,-1.86,0.15,0.02
balanced,0.85,0.1,0.95,0.9,0.1,0.1,0.4,4,3;6;4,1.5502,1.5716,1.4864,0.0131,1.35,0.9037,1.376,-4.116,0.15,0.05
balanced,0.85,0.2,0.98,0.915,0.13,0.13,0.05,19,10;32;15,5.2025,5.6776,5.6776,0.0,1.8114,0.8771,9.133,9.133,0.0,0.0
balanced,0.85,0.2,0.98,0.915,0.13,0.13,0.05,19,10;32;15,5.2025,5.6776,5.564,0.0,1.8114,0.8771,9.133,6.95,0.0,0.02
balanced,0.85,0.2,0.98,0.915,0.13,0.13,0.05,19,10;32;15,5.2025,5.6776,5.3937,0.0,1.8114,0.8771,9.133,3.676,0.0,0.05
balanced,0.85,0.2,0.98,0.915,0.13,0.13,0.05,19,10;32;15,5.2025,5.6776,5.5147,0.3258,1.8114,0.8771,9.133,6.001,0.05,0.0
balanced,0.85,0.2,0.98,0.915,0.13,0.13,0.05,19,10;32;15,5.2025,5.6776,5.564,0.0,1.8114,0.8771,9.133,6.95,0.05,0.02
balanced,0.85,0.2,0.98,0.915,0.13,0.13,0.05,19,10;32;15,5.2025,5.6776,5.3937,0.0,1.8114,0.8771,9.133,3.676,0.05,0.05
balanced,0.85,0.2,0.98,0.915,0.13,0.13,0.05,19,10;32;15,5.2025,5.6776,5.4933,0.2092,1.8114,0.8771,9.133,5.59,0.15,0.0
balanced,0.85,0.2,0.98,0.915,0.13,0.13,0.05,19,10;32;15,5.2025,5.6776,5.1458,0.5124,1.8114,0.8771,9.133,-1.089,0.15,0.02
balanced,0.85,0.2,0.98,0.915,0.13,0.13,0.05,19,10;32;15,5.2025,5.6776,5.3627,0.062,1.8114,0.8771,9.133,3.08,0.15,0.05
balanced,0.85,0.2,0.98,0.915,0.13,0.13,0.1,12,7;26;11,3.6393,3.9129,3.9129,0.0,1.7291,0.8747,7.517,7.517,0.0,0.0
balanced,0.85,0.2,0.98,0.915,0.13,0.13,0.1,12,7;26;11,3.6393,3.9129,3.8346,0.0,1.7291,0.8747,7.517,5.367,0.0,0.02
balanced,0.85,0.2,0.98,0.915,0.13,0.13,0.1,12,7;26;11,3.6393,3.9129,3.7172,0.0,1.7291,0.8747,7.517,2.141,0.0,0.05
balanced,0.85,0.2,0.98,0.915,0.13,0.13,0.1,12,7;26;11,3.6393,3.9129,3.9129,0.0,1.7291,0.8747,7.517,7.517,0.05,0.0
balanced,0.85,0.2,0.98,0.915,0.13,0.13,0.1,12,7;26;11,3.6393,3.9129,3.7342,0.2007,1.7291,0.8747,7.517,2.609,0.05,0.02
balanced,0.85,0.2,0.98,0.915,0.13,0.13,0.1,12,7;26;11,3.6393,3.9129,3.7172,0.0,1.7291,0.8747,7.517,2.141,0.05,0.05
balanced,0.85,0.2,0.98,0.915,0.13,0.13,0.1,12,7;26;11,3.6393,3.9129,3.7848,0.162,1.7291,0.8747,7.517,3.998,0.15,0.0
balanced,0.85,0.2,0.98,0.915,0.13,0.13,0.1,12,7;26;11,3.6393,3.9129,3.6612,0.1687,1.7291,0.8747,7.517,0.601,0.15,0.02
balanced,0.85,0.2,0.98,0.915,0.13,0.13,0.1,12,7;26;11,3.6393,3.9129,3.6601,0.0519,1.7291,0.8747,7.517,0.571,0.15,0.05
balanced,0.85,0.2,0.98,0.915,0.13,0.13,0.2,8,5;18;7,2.4424,2.5762,2.5762,0.0,1.585,0.865,5.481,5.481,0.0,0.0
balanced,0.85,0.2,0.98,0.915,0.13,0.13,0.2,8,5;18;7,2.4424,2.5762,2.5247,0.0,1.585,0.865,5.481,3.371,0.0,0.02
balanced,0.85,0.2,0.98,0.915,0.13,0.13,0.2,8,5;18;7,2.4424,2.5762,2.4474,0.0,1.585,0.865,5.481,0.207,0.0,0.05
balanced,0.85,0.2,0.98,0.915,0.13,0.13,0.2,8,5;18;7,2.4424,2.5762,2.5371,0.0722,1.585,0.865,5.481,3.876,0.05,0.0
balanced,0.85,0.2,0.98,0.915,0.13,0.13,0.2,8,5;18;7,2.4424,2.5762,2.5247,0.0,1.585,0.865,5.481,3.371,0.05,0.02
balanced,0.85,0.2,0.98,0.915,0.13,0.13,0.2,8,5;18;7,2.4424,2.5762,2.4272,0.0406,1.585,0.865,5.481,-0.624,0.05,0.05
balanced,0.85,0.2,0.98,0.915,0.13,0.13,0.2,8,5;18;7,2.4424,2.5762,2.5544,0.0318,1.585,0.865,5.481,4.584,0.15,0.0
balanced,0.85,0.2,0.98,0.915,0.13,0.13,0.2,8,5;18;7,2.4424,2.5762,2.5038,0.0418,1.585,0.865,5.481,2.514,0.15,0.02
balanced,0.85,0.2,0.98,0.915,0.13,0.13,0.2,8,5;18;7,2.4424,2.5762,2.2978,0.1542,1.585,0.865,5.481,-5.919,0.15,0.05
balanced,0.85,0.2,0.98,0.915,0.13,0.13,0.4,4,3;11;4,1.5921,1.6468,1.6468,0.0,1.3586,0.8101,3.438,3.438,0.0,0.0
balanced,0.85,0.2,0.98,0.915,0.13,0.13,0.4,4,3;11;4,1.5921,1.6468,1.6139,0.0,1.3586,0.8101,3.438,1.37,0.0,0.02
balanced,0.85,0.2,0.98,0.915,0.13,0.13,0.4,4,3;11;4,1.5921,1.6468,1.5645,0.0,1.3586,0.8101,3.438,-1.734,0.0,0.05
balanced,0.85,0.2,0.98,0.915,0.13,0.13,0.4,4,3;11;4,1.5921,1.6468,1.6468,0.0,1.3586,0.8101,3.438,3.438,0.05,0.0
balanced,0.85,0.2,0.98,0.915,0.13,0.13,0.4,4,3;11;4,1.5921,1.6468,1.6139,0.0,1.3586,0.8101,3.438,1.37,0.05,0.02
balanced,0.85,0.2,0.98,0.915,0.13,0.13,0.4,4,3;11;4,1.5921,1.6468,1.5405,0.0316,1.3586,0.8101,3.438,-3.241,0.05,0.05
balanced,0.85,0.2,0.98,0.915,0.13,0.13,0.4,4,3;11;4,1.5921,1.6468,1.6371,0.0171,1.3586,0.8101,3.438,2.83,0.15,0.0
balanced,0.85,0.2,0.98,0.915,0.13,0.13,0.4,4,3;11;4,1.5921,1.6468,1.6062,0.0152,1.3586,0.8101,3.438,0.891,0.15,0.02
balanced,0.85,0.2,0.98,0.915,0.13,0.13,0.4,4,3;11;4,1.5921,1.6468,1.5275,0.074,1.3586,0.8101,3.438,-4.058,0.15,0.05
balanced,0.85,0.3,0.98,0.915,0.13,0.13,0.05,19,10;32;15,5.2025,5.6776,5.6776,0.0,1.8114,0.8771,9.133,9.133,0.0,0.0
balanced,0.85,0.3,0.98,0.915,0.13,0.13,0.05,19,10;32;15,5.2025,5.6776,5.564,0.0,1.8114,0.8771,9.133,6.95,0.0,0.02
balanced,0.85,0.3,0.98,0.915,0.13,0.13,0.05,19,10;32;15,5.2025,5.6776,5.3937,0.0,1.8114,0.8771,9.133,3.676,0.0,0.05
balanced,0.85,0.3,0.98,0.915,0.13,0.13,0.05,19,10;32;15,5.2025,5.6776,5.6449,0.0653,1.8114,0.8771,9.133,8.505,0.05,0.0
balanced,0.85,0.3,0.98,0.915,0.13,0.13,0.05,19,10;32;15,5.2025,5.6776,5.564,0.0,1.8114,0.8771,9.133,6.95,0.05,0.02
balanced,0.85,0.3,0.98,0.915,0.13,0.13,0.05,19,10;32;15,5.2025,5.6776,5.3022,0.1639,1.8114,0.8771,9.133,1.917,0.05,0.05
balanced,0.85,0.3,0.98,0.915,0.13,0.13,0.05,19,10;32;15,5.2025,5.6776,5.6692,0.0167,1.8114,0.8771,9.133,8.972,0.15,0.0
balanced,0.85,0.3,0.98,0.915,0.13,0.13,0.05,19,10;32;15,5.2025,5.6776,5.5477,0.02,1.8114,0.8771,9.133,6.635,0.15,0.02
balanced,0.85,0.3,0.98,0.915,0.13,0.13,0.05,19,10;32;15,5.2025,5.6776,5.2681,0.2124,1.8114,0.8771,9.133,1.261,0.15,0.05
balanced,0.85,0.3,0.98,0.915,0.13,0.13,0.1,12,7;26;11,3.6393,3.9129,3.9129,0.0,1.7291,0.8747,7.517,7.517,0.0,0.0
balanced,0.85,0.3,0.98,0.915,0.13,0.13,0.1,12,7;26;11,3.6393,3.9129,3.8346,0.0,1.7291,0.8747,7.517,5.367,0.0,0.02
balanced,0.85,0.3,0.98,0.915,0.13,0.13,0.1,12,7;26;11,3.6393,3.9129,3.7172,0.0,1.7291,0.8747,7.517,2.141,0.0,0.05
balanced,0.85,0.3,0.98,0.915,0.13,0.13,0.1,12,7;26;11,3.6393,3.9129,3.9129,0.0,1.7291,0.8747,7.517,7.517,0.05,0.0
balanced,0.85,0.3,0.98,0.915,0.13,0.13,0.1,12,7;26;11,3.6393,3.9129,3.649,0.2286,1.7291,0.8747,7.517,0.266,0.05,0.02
balanced,0.85,0.3,0.98,0.915,0.13,0.13,0.1,12,7;26;11,3.6393,3.9129,3.7172,0.0,1.7291,0.8747,7.517,2.141,0.05,0.05
balanced,0.85,0.3,0.98,0.915,0.13,0.13,0.1,12,7;26;11,3.6393,3.9129,3.8105,0.2048,1.7291,0.8747,7.517,4.703,0.15,0.0
balanced,0.85,0.3,0.98,0.915,0.13,0.13,0.1,12,7;26;11,3.6393,3.9129,3.7252,0.1123,1.7291,0.8747,7.517,2.361,0.15,0.02
balanced,0.85,0.3,0.98,0.915,0.13,0.13,0.1,12,7;26;11,3.6393,3.9129,3.5253,0.1871,1.7291,0.8747,7.517,-3.134,0.15,0.05
balanced,0.85,0.3,0.98,0.915,0.13,0.13,0.2,8,5;18;7,2.4424,2.5762,2.5762,0.0,1.585,0.865,5.481,5.481,0.0,0.0
balanced,0.85,0.3,0.98,0.915,0.13,0.13,0.2,8,5;18;7,2.4424,2.5762,2.5247,0.0,1.585,0.865,5.481,3.371,0.0,0.02
balanced,0.85,0.3,0.98,0.915,0.13,0.13,0.2,8,5;18;7,2.4424,2.5762,2.4474,0.0,1.585,0.865,5.481,0.207,0.0,0.05
balanced,0.85,0.3,0.98,0.915,0.13,0.13,0.2,8,5;18;7,2.4424,2.5762,2.5396,0.0733,1.585,0.865,5.481,3.98,0.05,0.0
balanced,0.85,0.3,0.98,0.915,0.13,0.13,0.2,8,5;18;7,2.4424,2.5762,2.5013,0.0409,1.585,0.865,5.481,2.413,0.05,0.02
balanced,0.85,0.3,0.98,0.915,0.13,0.13,0.2,8,5;18;7,2.4424,2.5762,2.445,0.0048,1.585,0.865,5.481,0.108,0.05,0.05
balanced,0.85,0.3,0.98,0.915,0.13,0.13,0.2,8,5;18;7,2.4424,2.5762,2.4742,0.1662,1.585,0.865,5.481,1.304,0.15,0.0
balanced,0.85,0.3,0.98,0.915,0.13,0.13,0.2,8,5;18;7,2.4424,2.5762,2.4784,0.0682,1.585,0.865,5.481,1.475,0.15,0.02
balanced,0.85,0.3,0.98,0.915,0.13,0.13,0.2,8,5;18;7,2.4424,2.5762,2.3816,0.1317,1.585,0.865,5.481,-2.489,0.15,0.05
balanced,0.85,0.3,0.98,0.915,0.13,0.13,0.4,4,3;11;4,1.5921,1.6468,1.6468,0.0,1.3586,0.8101,3.438,3.438,0.0,0.0
balanced,0.85,0.3,0.98,0.915,0.13,0.13,0.4,4,3;11;4,1.5921,1.6468,1.6139,0.0,1.3586,0.8101,3.438,1.37,0.0,0.02
balanced,0.85,0.3,0.98,0.915,0.13,0.13,0.4,4,3;11;4,1.5921,1.6468,1.5645,0.0,1.3586,0.8101,3.438,-1.734,0.0,0.05
balanced,0.85,0.3,0.98,0.915,0.13,0.13,0.4,4,3;11;4,1.5921,1.6468,1.6468,0.0,1.3586,0.8101,3.438,3.438,0.05,0.0
balanced,0.85,0.3,0.98,0.915,0.13,0.13,0.4,4,3;11;4,1.5921,1.6468,1.6139,0.0,1.3586,0.8101,3.438,1.37,0.05,0.02
balanced,0.85,0.3,0.98,0.915,0.13,0.13,0.4,4,3;11;4,1.5921,1.6468,1.5645,0.0,1.3586,0.8101,3.438,-1.734,0.05,0.05
balanced,0.85,0.3,0.98,0.915,0.13,0.13,0.4,4,3;11;4,1.5921,1.6468,1.6271,0.032,1.3586,0.8101,3.438,2.203,0.15,0.0
balanced,0.85,0.3,0.98,0.915,0.13,0.13,0.4,4,3;11;4,1.5921,1.6468,1.6108,0.0043,1.3586,0.8101,3.438,1.176,0.15,0.02
balanced,0.85,0.3,0.98,0.915,0.13,0.13,0.4,4,3;11;4,1.5921,1.6468,1.5636,0.0018,1.3586,0.8101,3.438,-1.79,0.15,0.05
tool_heavy,0.55,-0.3,0.25,0.4,0.3,0.3,0.05,2,4;2;2,1.2873,1.2947,1.2947,0.0,1.2476,0.8417,0.579,0.579,0.0,0.0
tool_heavy,0.55,-0.3,0.25,0.4,0.3,0.3,0.05,2,4;2;2,1.2873,1.2947,1.2688,0.0,1.2476,0.8417,0.579,-1.432,0.0,0.02
tool_heavy,0.55,-0.3,0.25,0.4,0.3,0.3,0.05,2,4;2;2,1.2873,1.2947,1.23,0.0,1.2476,0.8417,0.579,-4.45,0.0,0.05
tool_heavy,0.55,-0.3,0.25,0.4,0.3,0.3,0.05,2,4;2;2,1.2873,1.2947,1.2947,0.0,1.2476,0.8417,0.579,0.579,0.05,0.0
tool_heavy,0.55,-0.3,0.25,0.4,0.3,0.3,0.05,2,4;2;2,1.2873,1.2947,1.2688,0.0,1.2476,0.8417,0.579,-1.432,0.05,0.02
tool_heavy,0.55,-0.3,0.25,0.4,0.3,0.3,0.05,2,4;2;2,1.2873,1.2947,1.23,0.0,1.2476,0.8417,0.579,-4.45,0.05,0.05
tool_heavy,0.55,-0.3,0.25,0.4,0.3,0.3,0.05,2,4;2;2,1.2873,1.2947,1.2947,0.0,1.2476,0.8417,0.579,0.579,0.15,0.0
tool_heavy,0.55,-0.3,0.25,0.4,0.3,0.3,0.05,2,4;2;2,1.2873,1.2947,1.253,0.0208,1.2476,0.8417,0.579,-2.659,0.15,0.02
tool_heavy,0.55,-0.3,0.25,0.4,0.3,0.3,0.05,2,4;2;2,1.2873,1.2947,1.2286,0.0028,1.2476,0.8417,0.579,-4.56,0.15,0.05
tool_heavy,0.55,-0.3,0.25,0.4,0.3,0.3,0.1,1,3;1;2,1.1909,1.2108,1.2108,0.0,1.1909,0.0,1.666,1.666,0.0,0.0
tool_heavy,0.55,-0.3,0.25,0.4,0.3,0.3,0.1,1,3;1;2,1.1909,1.2108,1.1865,0.0,1.1909,0.0,1.666,-0.367,0.0,0.02
tool_heavy,0.55,-0.3,0.25,0.4,0.3,0.3,0.1,1,3;1;2,1.1909,1.2108,1.1502,0.0,1.1909,0.0,1.666,-3.417,0.0,0.05
tool_heavy,0.55,-0.3,0.25,0.4,0.3,0.3,0.1,1,3;1;2,1.1909,1.2108,1.2106,0.0004,1.1909,0.0,1.666,1.651,0.05,0.0
tool_heavy,0.55,-0.3,0.25,0.4,0.3,0.3,0.1,1,3;1;2,1.1909,1.2108,1.1865,0.0,1.1909,0.0,1.666,-0.367,0.05,0.02
tool_heavy,0.55,-0.3,0.25,0.4,0.3,0.3,0.1,1,3;1;2,1.1909,1.2108,1.1502,0.0,1.1909,0.0,1.666,-3.417,0.05,0.05
tool_heavy,0.55,-0.3,0.25,0.4,0.3,0.3,0.1,1,3;1;2,1.1909,1.2108,1.2005,0.0109,1.1909,0.0,1.666,0.809,0.15,0.0
tool_heavy,0.55,-0.3,0.25,0.4,0.3,0.3,0.1,1,3;1;2,1.1909,1.2108,1.1768,0.0123,1.1909,0.0,1.666,-1.185,0.15,0.02
tool_heavy,0.55,-0.3,0.25,0.4,0.3,0.3,0.1,1,3;1;2,1.1909,1.2108,1.1318,0.0318,1.1909,0.0,1.666,-4.962,0.15,0.05
tool_heavy,0.55,-0.3,0.25,0.4,0.3,0.3,0.2,1,2;1;1,1.0917,1.0948,1.0948,0.0,1.0917,0.0,0.289,0.289,0.0,0.0
tool_heavy,0.55,-0.3,0.25,0.4,0.3,0.3,0.2,1,2;1;1,1.0917,1.0948,1.0729,0.0,1.0917,0.0,0.289,-1.717,0.0,0.02
tool_heavy,0.55,-0.3,0.25,0.4,0.3,0.3,0.2,1,2;1;1,1.0917,1.0948,1.0401,0.0,1.0917,0.0,0.289,-4.725,0.0,0.05
tool_heavy,0.55,-0.3,0.25,0.4,0.3,0.3,0.2,1,2;1;1,1.0917,1.0948,1.0948,0.0,1.0917,0.0,0.289,0.289,0.05,0.0
tool_heavy,0.55,-0.3,0.25,0.4,0.3,0.3,0.2,1,2;1;1,1.0917,1.0948,1.0709,0.0041,1.0917,0.0,0.289,-1.905,0.05,0.02
tool_heavy,0.55,-0.3,0.25,0.4,0.3,0.3,0.2,1,2;1;1,1.0917,1.0948,1.0401,0.0,1.0917,0.0,0.289,-4.725,0.05,0.05
tool_heavy,0.55,-0.3,0.25,0.4,0.3,0.3,0.2,1,2;1;1,1.0917,1.0948,1.0948,0.0,1.0917,0.0,0.289,0.289,0.15,0.0
tool_heavy,0.55,-0.3,0.25,0.4,0.3,0.3,0.2,1,2;1;1,1.0917,1.0948,1.0443,0.035,1.0917,0.0,0.289,-4.335,0.15,0.02
tool_heavy,0.55,-0.3,0.25,0.4,0.3,0.3,0.2,1,2;1;1,1.0917,1.0948,1.0355,0.0057,1.0917,0.0,0.289,-5.145,0.15,0.05
tool_heavy,0.55,-0.3,0.25,0.4,0.3,0.3,0.4,1,1;1;1,0.9357,0.9357,0.9357,0.0,0.9357,1.0,0.0,0.0,0.0,0.0
tool_heavy,0.55,-0.3,0.25,0.4,0.3,0.3,0.4,1,1;1;1,0.9357,0.9357,0.917,0.0,0.9357,1.0,0.0,-2.0,0.0,0.02
tool_heavy,0.55,-0.3,0.25,0.4,0.3,0.3,0.4,1,1;1;1,0.9357,0.9357,0.8889,0.0,0.9357,1.0,0.0,-5.0,0.0,0.05
tool_heavy,0.55,-0.3,0.25,0.4,0.3,0.3,0.4,1,1;1;1,0.9357,0.9357,0.9357,0.0,0.9357,1.0,0.0,0.0,0.05,0.0
tool_heavy,0.55,-0.3,0.25,0.4,0.3,0.3,0.4,1,1;1;1,0.9357,0.9357,0.917,0.0,0.9357,1.0,0.0,-2.0,0.05,0.02
tool_heavy,0.55,-0.3,0.25,0.4,0.3,0.3,0.4,1,1;1;1,0.9357,0.9357,0.8889,0.0,0.9357,1.0,0.0,-5.0,0.05,0.05
tool_heavy,0.55,-0.3,0.25,0.4,0.3,0.3,0.4,1,1;1;1,0.9357,0.9357,0.9357,0.0,0.9357,1.0,0.0,0.0,0.15,0.0
tool_heavy,0.55,-0.3,0.25,0.4,0.3,0.3,0.4,1,1;1;1,0.9357,0.9357,0.917,0.0,0.9357,1.0,0.0,-2.0,0.15,0.02
tool_heavy,0.55,-0.3,0.25,0.4,0.3,0.3,0.4,1,1;1;1,0.9357,0.9357,0.8889,0.0,0.9357,1.0,0.0,-5.0,0.15,0.05
tool_heavy,0.55,-0.2,0.35,0.45,0.2,0.2,0.05,2,4;2;3,1.4059,1.4161,1.4161,0.0,1.3238,0.8891,0.728,0.728,0.0,0.0
tool_heavy,0.55,-0.2,0.35,0.45,0.2,0.2,0.05,2,4;2;3,1.4059,1.4161,1.3878,0.0,1.3238,0.8891,0.728,-1.286,0.0,0.02
tool_heavy,0.55,-0.2,0.35,0.45,0.2,0.2,0.05,2,4;2;3,1.4059,1.4161,1.3453,0.0,1.3238,0.8891,0.728,-4.308,0.0,0.05
tool_heavy,0.55,-0.2,0.35,0.45,0.2,0.2,0.05,2,4;2;3,1.4059,1.4161,1.4161,0.0,1.3238,0.8891,0.728,0.728,0.05,0.0
tool_heavy,0.55,-0.2,0.35,0.45,0.2,0.2,0.05,2,4;2;3,1.4059,1.4161,1.3873,0.0011,1.3238,0.8891,0.728,-1.325,0.05,0.02
tool_heavy,0.55,-0.2,0.35,0.45,0.2,0.2,0.05,2,4;2;3,1.4059,1.4161,1.3439,0.0028,1.3238,0.8891,0.728,-4.409,0.05,0.05
tool_heavy,0.55,-0.2,0.35,0.45,0.2,0.2,0.05,2,4;2;3,1.4059,1.4161,1.4057,0.0173,1.3238,0.8891,0.728,-0.017,0.15,0.0
tool_heavy,0.55,-0.2,0.35,0.45,0.2,0.2,0.05,2,4;2;3,1.4059,1.4161,1.3841,0.0037,1.3238,0.8891,0.728,-1.553,0.15,0.02
tool_heavy,0.55,-0.2,0.35,0.45,0.2,0.2,0.05,2,4;2;3,1.4059,1.4161,1.3439,0.0028,1.3238,0.8891,0.728,-4.413,0.15,0.05
tool_heavy,0.55,-0.2,0.35,0.45,0.2,0.2,0.1,2,3;1;2,1.2888,1.2898,1.2898,0.0,1.2636,0.9597,0.082,0.082,0.0,0.0
tool_heavy,0.55,-0.2,0.35,0.45,0.2,0.2,0.1,2,3;1;2,1.2888,1.2898,1.264,0.0,1.2636,0.9597,0.082,-1.92,0.0,0.02
tool_heavy,0.55,-0.2,0.35,0.45,0.2,0.2,0.1,2,3;1;2,1.2888,1.2898,1.2253,0.0,1.2636,0.9597,0.082,-4.922,0.0,0.05
tool_heavy,0.55,-0.2,0.35,0.45,0.2,0.2,0.1,2,3;1;2,1.2888,1.2898,1.2884,0.0029,1.2636,0.9597,0.082,-0.029,0.05,0.0
tool_heavy,0.55,-0.2,0.35,0.45,0.2,0.2,0.1,2,3;1;2,1.2888,1.2898,1.2471,0.0207,1.2636,0.9597,0.082,-3.231,0.05,0.02
tool_heavy,0.55,-0.2,0.35,0.45,0.2,0.2,0.1,2,3;1;2,1.2888,1.2898,1.2171,0.0164,1.2636,0.9597,0.082,-5.56,0.05,0.05
tool_heavy,0.55,-0.2,0.35,0.45,0.2,0.2,0.1,2,3;1;2,1.2888,1.2898,1.2754,0.0157,1.2636,0.9597,0.082,-1.034,0.15,0.0
tool_heavy,0.55,-0.2,0.35,0.45,0.2,0.2,0.1,2,3;1;2,1.2888,1.2898,1.2512,0.022,1.2636,0.9597,0.082,-2.917,0.15,0.02
tool_heavy,0.55,-0.2,0.35,0.45,0.2,0.2,0.1,2,3;1;2,1.2888,1.2898,1.2132,0.0202,1.2636,0.9597,0.082,-5.864,0.15,0.05
tool_heavy,0.55,-0.2,0.35,0.45,0.2,0.2,0.2,1,2;1;1,1.1583,1.1615,1.1615,0.0,1.1583,0.0,0.272,0.272,0.0,0.0
tool_heavy,0.55,-0.2,0.35,0.45,0.2,0.2,0.2,1,2;1;1,1.1583,1.1615,1.1383,0.0,1.1583,0.0,0.272,-1.733,0.0,0.02
tool_heavy,0.55,-0.2,0.35,0.45,0.2,0.2,0.2,1,2;1;1,1.1583,1.1615,1.1034,0.0,1.1583,0.0,0.272,-4.741,0.0,0.05
tool_heavy,0.55,-0.2,0.35,0.45,0.2,0.2,0.2,1,2;1;1,1.1583,1.1615,1.1615,0.0,1.1583,0.0,0.272,0.272,0.05,0.0
tool_heavy,0.55,-0.2,0.35,0.45,0.2,0.2,0.2,1,2;1;1,1.1583,1.1615,1.1282,0.0201,1.1583,0.0,0.272,-2.6,0.05,0.02
tool_heavy,0.55,-0.2,0.35,0.45,0.2,0.2,0.2,1,2;1;1,1.1583,1.1615,1.1022,0.0015,1.1583,0.0,0.272,-4.845,0.05,0.05
tool_heavy,0.55,-0.2,0.35,0.45,0.2,0.2,0.2,1,2;1;1,1.1583,1.1615,1.1602,0.0015,1.1583,0.0,0.272,0.163,0.15,0.0
tool_heavy,0.55,-0.2,0.35,0.45,0.2,0.2,0.2,1,2;1;1,1.1583,1.1615,1.1383,0.0,1.1583,0.0,0.272,-1.733,0.15,0.02
tool_heavy,0.55,-0.2,0.35,0.45,0.2,0.2,0.2,1,2;1;1,1.1583,1.1615,1.1034,0.0,1.1583,0.0,0.272,-4.741,0.15,0.05
tool_heavy,0.55,-0.2,0.35,0.45,0.2,0.2,0.4,1,1;1;1,0.9929,0.9929,0.9929,0.0,0.9929,1.0,0.0,0.0,0.0,0.0
tool_heavy,0.55,-0.2,0.35,0.45,0.2,0.2,0.4,1,1;1;1,0.9929,0.9929,0.973,0.0,0.9929,1.0,0.0,-2.0,0.0,0.02
tool_heavy,0.55,-0.2,0.35,0.45,0.2,0.2,0.4,1,1;1;1,0.9929,0.9929,0.9432,0.0,0.9929,1.0,0.0,-5.0,0.0,0.05
tool_heavy,0.55,-0.2,0.35,0.45,0.2,0.2,0.4,1,1;1;1,0.9929,0.9929,0.9929,0.0,0.9929,1.0,0.0,0.0,0.05,0.0
tool_heavy,0.55,-0.2,0.35,0.45,0.2,0.2,0.4,1,1;1;1,0.9929,0.9929,0.973,0.0,0.9929,1.0,0.0,-2.0,0.05,0.02
tool_heavy,0.55,-0.2,0.35,0.45,0.2,0.2,0.4,1,1;1;1,0.9929,0.9929,0.9432,0.0,0.9929,1.0,0.0,-5.0,0.05,0.05
tool_heavy,0.55,-0.2,0.35,0.45,0.2,0.2,0.4,1,1;1;1,0.9929,0.9929,0.9929,0.0,0.9929,1.0,0.0,0.0,0.15,0.0
tool_heavy,0.55,-0.2,0.35,0.45,0.2,0.2,0.4,1,1;1;1,0.9929,0.9929,0.973,0.0,0.9929,1.0,0.0,-2.0,0.15,0.02
tool_heavy,0.55,-0.2,0.35,0.45,0.2,0.2,0.4,1,1;1;1,0.9929,0.9929,0.9432,0.0,0.9929,1.0,0.0,-5.0,0.15,0.05
tool_heavy,0.55,-0.1,0.45,0.5,0.1,0.1,0.05,3,4;3;3,1.563,1.5633,1.5633,0.0,1.4,0.9981,0.02,0.02,0.0,0.0
tool_heavy,0.55,-0.1,0.45,0.5,0.1,0.1,0.05,3,4;3;3,1.563,1.5633,1.532,0.0,1.4,0.9981,0.02,-1.981,0.0,0.02
tool_heavy,0.55,-0.1,0.45,0.5,0.1,0.1,0.05,3,4;3;3,1.563,1.5633,1.4851,0.0,1.4,0.9981,0.02,-4.981,0.0,0.05
tool_heavy,0.55,-0.1,0.45,0.5,0.1,0.1,0.05,3,4;3;3,1.563,1.5633,1.5632,0.0001,1.4,0.9981,0.02,0.016,0.05,0.0
tool_heavy,0.55,-0.1,0.45,0.5,0.1,0.1,0.05,3,4;3;3,1.563,1.5633,1.532,0.0,1.4,0.9981,0.02,-1.981,0.05,0.02
tool_heavy,0.55,-0.1,0.45,0.5,0.1,0.1,0.05,3,4;3;3,1.563,1.5633,1.4851,0.0,1.4,0.9981,0.02,-4.981,0.05,0.05
tool_heavy,0.55,-0.1,0.45,0.5,0.1,0.1,0.05,3,4;3;3,1.563,1.5633,1.5592,0.0081,1.4,0.9981,0.02,-0.24,0.15,0.0
tool_heavy,0.55,-0.1,0.45,0.5,0.1,0.1,0.05,3,4;3;3,1.563,1.5633,1.5313,0.0012,1.4,0.9981,0.02,-2.024,0.15,0.02
tool_heavy,0.55,-0.1,0.45,0.5,0.1,0.1,0.05,3,4;3;3,1.563,1.5633,1.4811,0.0078,1.4,0.9981,0.02,-5.235,0.15,0.05
tool_heavy,0.55,-0.1,0.45,0.5,0.1,0.1,0.1,2,3;2;2,1.41,1.4109,1.4109,0.0,1.3364,0.9876,0.065,0.065,0.0,0.0
tool_heavy,0.55,-0.1,0.45,0.5,0.1,0.1,0.1,2,3;2;2,1.41,1.4109,1.3827,0.0,1.3364,0.9876,0.065,-1.936,0.0,0.02
tool_heavy,0.55,-0.1,0.45,0.5,0.1,0.1,0.1,2,3;2;2,1.41,1.4109,1.3404,0.0,1.3364,0.9876,0.065,-4.938,0.0,0.05
tool_heavy,0.55,-0.1,0.45,0.5,0.1,0.1,0.1,2,3;2;2,1.41,1.4109,1.4107,0.0004,1.3364,0.9876,0.065,0.052,0.05,0.0
tool_heavy,0.55,-0.1,0.45,0.5,0.1,0.1,0.1,2,3;2;2,1.41,1.4109,1.3827,0.0,1.3364,0.9876,0.065,-1.936,0.05,0.02
tool_heavy,0.55,-0.1,0.45,0.5,0.1,0.1,0.1,2,3;2;2,1.41,1.4109,1.3404,0.0,1.3364,0.9876,0.065,-4.938,0.05,0.05
tool_heavy,0.55,-0.1,0.45,0.5,0.1,0.1,0.1,2,3;2;2,1.41,1.4109,1.4107,0.0004,1.3364,0.9876,0.065,0.052,0.15,0.0
tool_heavy,0.55,-0.1,0.45,0.5,0.1,0.1,0.1,2,3;2;2,1.41,1.4109,1.3825,0.0004,1.3364,0.9876,0.065,-1.949,0.15,0.02
tool_heavy,0.55,-0.1,0.45,0.5,0.1,0.1,0.1,2,3;2;2,1.41,1.4109,1.3354,0.0095,1.3364,0.9876,0.065,-5.288,0.15,0.05
tool_heavy,0.55,-0.1,0.45,0.5,0.1,0.1,0.2,1,2;1;1,1.225,1.2282,1.2282,0.0,1.225,0.0,0.258,0.258,0.0,0.0
tool_heavy,0.55,-0.1,0.45,0.5,0.1,0.1,0.2,1,2;1;1,1.225,1.2282,1.2036,0.0,1.225,0.0,0.258,-1.748,0.0,0.02
tool_heavy,0.55,-0.1,0.45,0.5,0.1,0.1,0.2,1,2;1;1,1.225,1.2282,1.1667,0.0,1.225,0.0,0.258,-4.755,0.0,0.05
tool_heavy,0.55,-0.1,0.45,0.5,0.1,0.1,0.2,1,2;1;1,1.225,1.2282,1.2275,0.0013,1.225,0.0,0.258,0.206,0.05,0.0
tool_heavy,0.55,-0.1,0.45,0.5,0.1,0.1,0.2,1,2;1;1,1.225,1.2282,1.203,0.0012,1.225,0.0,0.258,-1.798,0.05,0.02
tool_heavy,0.55,-0.1,0.45,0.5,0.1,0.1,0.2,1,2;1;1,1.225,1.2282,1.1667,0.0,1.225,0.0,0.258,-4.755,0.05,0.05
tool_heavy,0.55,-0.1,0.45,0.5,0.1,0.1,0.2,1,2;1;1,1.225,1.2282,1.2282,0.0,1.225,0.0,0.258,0.258,0.15,0.0
tool_heavy,0.55,-0.1,0.45,0.5,0.1,0.1,0.2,1,2;1;1,1.225,1.2282,1.203,0.0012,1.225,0.0,0.258,-1.798,0.15,0.02
tool_heavy,0.55,-0.1,0.45,0.5,0.1,0.1,0.2,1,2;1;1,1.225,1.2282,1.1667,0.0,1.225,0.0,0.258,-4.755,0.15,0.05
tool_heavy,0.55,-0.1,0.45,0.5,0.1,0.1,0.4,1,1;1;1,1.05,1.05,1.05,0.0,1.05,1.0,0.0,0.0,0.0,0.0
tool_heavy,0.55,-0.1,0.45,0.5,0.1,0.1,0.4,1,1;1;1,1.05,1.05,1.029,0.0,1.05,1.0,0.0,-2.0,0.0,0.02
tool_heavy,0.55,-0.1,0.45,0.5,0.1,0.1,0.4,1,1;1;1,1.05,1.05,0.9975,0.0,1.05,1.0,0.0,-5.0,0.0,0.05
tool_heavy,0.55,-0.1,0.45,0.5,0.1,0.1,0.4,1,1;1;1,1.05,1.05,1.05,0.0,1.05,1.0,0.0,0.0,0.05,0.0
tool_heavy,0.55,-0.1,0.45,0.5,0.1,0.1,0.4,1,1;1;1,1.05,1.05,1.029,0.0,1.05,1.0,0.0,-2.0,0.05,0.02
tool_heavy,0.55,-0.1,0.45,0.5,0.1,0.1,0.4,1,1;1;1,1.05,1.05,0.9975,0.0,1.05,1.0,0.0,-5.0,0.05,0.05
tool_heavy,0.55,-0.1,0.45,0.5,0.1,0.1,0.4,1,1;1;1,1.05,1.05,1.05,0.0,1.05,1.0,0.0,0.0,0.15,0.0
tool_heavy,0.55,-0.1,0.45,0.5,0.1,0.1,0.4,1,1;1;1,1.05,1.05,1.029,0.0,1.05,1.0,0.0,-2.0,0.15,0.02
tool_heavy,0.55,-0.1,0.45,0.5,0.1,0.1,0.4,1,1;1;1,1.05,1.05,0.9975,0.0,1.05,1.0,0.0,-5.0,0.15,0.05
tool_heavy,0.55,0.0,0.55,0.55,0.0,0.0,0.05,4,4;4;4,1.7587,1.7587,1.7587,0.0,1.4762,1.0,0.0,0.0,0.0,0.0
tool_heavy,0.55,0.0,0.55,0.55,0.0,0.0,0.05,4,4;4;4,1.7587,1.7587,1.7235,0.0,1.4762,1.0,0.0,-2.0,0.0,0.02
tool_heavy,0.55,0.0,0.55,0.55,0.0,0.0,0.05,4,4;4;4,1.7587,1.7587,1.6707,0.0,1.4762,1.0,0.0,-5.0,0.0,0.05
tool_heavy,0.55,0.0,0.55,0.55,0.0,0.0,0.05,4,4;4;4,1.7587,1.7587,1.7587,0.0,1.4762,1.0,0.0,0.0,0.05,0.0
tool_heavy,0.55,0.0,0.55,0.55,0.0,0.0,0.05,4,4;4;4,1.7587,1.7587,1.7235,0.0,1.4762,1.0,0.0,-2.0,0.05,0.02
tool_heavy,0.55,0.0,0.55,0.55,0.0,0.0,0.05,4,4;4;4,1.7587,1.7587,1.6707,0.0,1.4762,1.0,0.0,-5.0,0.05,0.05
tool_heavy,0.55,0.0,0.55,0.55,0.0,0.0,0.05,4,4;4;4,1.7587,1.7587,1.7587,0.0,1.4762,1.0,0.0,0.0,0.15,0.0
tool_heavy,0.55,0.0,0.55,0.55,0.0,0.0,0.05,4,4;4;4,1.7587,1.7587,1.7235,0.0,1.4762,1.0,0.0,-2.0,0.15,0.02
tool_heavy,0.55,0.0,0.55,0.55,0.0,0.0,0.05,4,4;4;4,1.7587,1.7587,1.6707,0.0,1.4762,1.0,0.0,-5.0,0.15,0.05
tool_heavy,0.55,0.0,0.55,0.55,0.0,0.0,0.1,3,3;3;3,1.553,1.553,1.553,0.0,1.4091,1.0,0.0,0.0,0.0,0.0
tool_heavy,0.55,0.0,0.55,0.55,0.0,0.0,0.1,3,3;3;3,1.553,1.553,1.5219,0.0,1.4091,1.0,0.0,-2.0,0.0,0.02
tool_heavy,0.55,0.0,0.55,0.55,0.0,0.0,0.1,3,3;3;3,1.553,1.553,1.4753,0.0,1.4091,1.0,0.0,-5.0,0.0,0.05
tool_heavy,0.55,0.0,0.55,0.55,0.0,0.0,0.1,3,3;3;3,1.553,1.553,1.553,0.0,1.4091,1.0,0.0,0.0,0.05,0.0
tool_heavy,0.55,0.0,0.55,0.55,0.0,0.0,0.1,3,3;3;3,1.553,1.553,1.5219,0.0,1.4091,1.0,0.0,-2.0,0.05,0.02
tool_heavy,0.55,0.0,0.55,0.55,0.0,0.0,0.1,3,3;3;3,1.553,1.553,1.4753,0.0,1.4091,1.0,0.0,-5.0,0.05,0.05
tool_heavy,0.55,0.0,0.55,0.55,0.0,0.0,0.1,3,3;3;3,1.553,1.553,1.553,0.0,1.4091,1.0,0.0,0.0,0.15,0.0
tool_heavy,0.55,0.0,0.55,0.55,0.0,0.0,0.1,3,3;3;3,1.553,1.553,1.5219,0.0,1.4091,1.0,0.0,-2.0,0.15,0.02
tool_heavy,0.55,0.0,0.55,0.55,0.0,0.0,0.1,3,3;3;3,1.553,1.553,1.4753,0.0,1.4091,1.0,0.0,-5.0,0.15,0.05
tool_heavy,0.55,0.0,0.55,0.55,0.0,0.0,0.2,2,2;2;2,1.3232,1.3232,1.3232,0.0,1.2917,1.0,0.0,0.0,0.0,0.0
tool_heavy,0.55,0.0,0.55,0.55,0.0,0.0,0.2,2,2;2;2,1.3232,1.3232,1.2968,0.0,1.2917,1.0,0.0,-2.0,0.0,0.02
tool_heavy,0.55,0.0,0.55,0.55,0.0,0.0,0.2,2,2;2;2,1.3232,1.3232,1.2571,0.0,1.2917,1.0,0.0,-5.0,0.0,0.05
tool_heavy,0.55,0.0,0.55,0.55,0.0,0.0,0.2,2,2;2;2,1.3232,1.3232,1.3232,0.0,1.2917,1.0,0.0,0.0,0.05,0.0
tool_heavy,0.55,0.0,0.55,0.55,0.0,0.0,0.2,2,2;2;2,1.3232,1.3232,1.2968,0.0,1.2917,1.0,0.0,-2.0,0.05,0.02
tool_heavy,0.55,0.0,0.55,0.55,0.0,0.0,0.2,2,2;2;2,1.3232,1.3232,1.2571,0.0,1.2917,1.0,0.0,-5.0,0.05,0.05
tool_heavy,0.55,0.0,0.55,0.55,0.0,0.0,0.2,2,2;2;2,1.3232,1.3232,1.3232,0.0,1.2917,1.0,0.0,0.0,0.15,0.0
tool_heavy,0.55,0.0,0.55,0.55,0.0,0.0,0.2,2,2;2;2,1.3232,1.3232,1.2968,0.0,1.2917,1.0,0.0,-2.0,0.15,0.02
tool_heavy,0.55,0.0,0.55,0.55,0.0,0.0,0.2,2,2;2;2,1.3232,1.3232,1.2571,0.0,1.2917,1.0,0.0,-5.0,0.15,0.05
tool_heavy,0.55,0.0,0.55,0.55,0.0,0.0,0.4,1,1;1;1,1.1071,1.1071,1.1071,0.0,1.1071,1.0,0.0,0.0,0.0,0.0
tool_heavy,0.55,0.0,0.55,0.55,0.0,0.0,0.4,1,1;1;1,1.1071,1.1071,1.085,0.0,1.1071,1.0,0.0,-2.0,0.0,0.02
tool_heavy,0.55,0.0,0.55,0.55,0.0,0.0,0.4,1,1;1;1,1.1071,1.1071,1.0518,0.0,1.1071,1.0,0.0,-5.0,0.0,0.05
tool_heavy,0.55,0.0,0.55,0.55,0.0,0.0,0.4,1,1;1;1,1.1071,1.1071,1.1071,0.0,1.1071,1.0,0.0,0.0,0.05,0.0
tool_heavy,0.55,0.0,0.55,0.55,0.0,0.0,0.4,1,1;1;1,1.1071,1.1071,1.085,0.0,1.1071,1.0,0.0,-2.0,0.05,0.02
tool_heavy,0.55,0.0,0.55,0.55,0.0,0.0,0.4,1,1;1;1,1.1071,1.1071,1.0518,0.0,1.1071,1.0,0.0,-5.0,0.05,0.05
tool_heavy,0.55,0.0,0.55,0.55,0.0,0.0,0.4,1,1;1;1,1.1071,1.1071,1.1071,0.0,1.1071,1.0,0.0,0.0,0.15,0.0
tool_heavy,0.55,0.0,0.55,0.55,0.0,0.0,0.4,1,1;1;1,1.1071,1.1071,1.085,0.0,1.1071,1.0,0.0,-2.0,0.15,0.02
tool_heavy,0.55,0.0,0.55,0.55,0.0,0.0,0.4,1,1;1;1,1.1071,1.1071,1.0518,0.0,1.1071,1.0,0.0,-5.0,0.15,0.05
tool_heavy,0.55,0.1,0.65,0.6,0.1,0.1,0.05,5,4;5;4,2.0335,2.0395,2.0395,0.0,1.5524,0.9878,0.292,0.292,0.0,0.0
tool_heavy,0.55,0.1,0.65,0.6,0.1,0.1,0.05,5,4;5;4,2.0335,2.0395,1.9987,0.0,1.5524,0.9878,0.292,-1.714,0.0,0.02
tool_heavy,0.55,0.1,0.65,0.6,0.1,0.1,0.05,5,4;5;4,2.0335,2.0395,1.9375,0.0,1.5524,0.9878,0.292,-4.723,0.0,0.05
tool_heavy,0.55,0.1,0.65,0.6,0.1,0.1,0.05,5,4;5;4,2.0335,2.0395,2.0395,0.0,1.5524,0.9878,0.292,0.292,0.05,0.0
tool_heavy,0.55,0.1,0.65,0.6,0.1,0.1,0.05,5,4;5;4,2.0335,2.0395,1.9987,0.0,1.5524,0.9878,0.292,-1.714,0.05,0.02
tool_heavy,0.55,0.1,0.65,0.6,0.1,0.1,0.05,5,4;5;4,2.0335,2.0395,1.9352,0.0028,1.5524,0.9878,0.292,-4.836,0.05,0.05
tool_heavy,0.55,0.1,0.65,0.6,0.1,0.1,0.05,5,4;5;4,2.0335,2.0395,2.0364,0.0038,1.5524,0.9878,0.292,0.143,0.15,0.0
tool_heavy,0.55,0.1,0.65,0.6,0.1,0.1,0.05,5,4;5;4,2.0335,2.0395,1.9957,0.0037,1.5524,0.9878,0.292,-1.859,0.15,0.02
tool_heavy,0.55,0.1,0.65,0.6,0.1,0.1,0.05,5,4;5;4,2.0335,2.0395,1.9335,0.0023,1.5524,0.9878,0.292,-4.919,0.15,0.05
tool_heavy,0.55,0.1,0.65,0.6,0.1,0.1,0.1,3,3;3;3,1.7539,1.7539,1.7539,0.0,1.4818,1.0,0.0,0.0,0.0,0.0
tool_heavy,0.55,0.1,0.65,0.6,0.1,0.1,0.1,3,3;3;3,1.7539,1.7539,1.7188,0.0,1.4818,1.0,0.0,-2.0,0.0,0.02
tool_heavy,0.55,0.1,0.65,0.6,0.1,0.1,0.1,3,3;3;3,1.7539,1.7539,1.6662,0.0,1.4818,1.0,0.0,-5.0,0.0,0.05
tool_heavy,0.55,0.1,0.65,0.6,0.1,0.1,0.1,3,3;3;3,1.7539,1.7539,1.7539,0.0,1.4818,1.0,0.0,0.0,0.05,0.0
tool_heavy,0.55,0.1,0.65,0.6,0.1,0.1,0.1,3,3;3;3,1.7539,1.7539,1.7188,0.0,1.4818,1.0,0.0,-2.0,0.05,0.02
tool_heavy,0.55,0.1,0.65,0.6,0.1,0.1,0.1,3,3;3;3,1.7539,1.7539,1.6662,0.0,1.4818,1.0,0.0,-5.0,0.05,0.05
tool_heavy,0.55,0.1,0.65,0.6,0.1,0.1,0.1,3,3;3;3,1.7539,1.7539,1.7539,0.0,1.4818,1.0,0.0,0.0,0.15,0.0
tool_heavy,0.55,0.1,0.65,0.6,0.1,0.1,0.1,3,3;3;3,1.7539,1.7539,1.7188,0.0,1.4818,1.0,0.0,-2.0,0.15,0.02
tool_heavy,0.55,0.1,0.65,0.6,0.1,0.1,0.1,3,3;3;3,1.7539,1.7539,1.6662,0.0,1.4818,1.0,0.0,-5.0,0.15,0.05
tool_heavy,0.55,0.1,0.65,0.6,0.1,0.1,0.2,2,2;2;2,1.4486,1.4486,1.4486,0.0,1.3583,1.0,0.0,0.0,0.0,0.0
tool_heavy,0.55,0.1,0.65,0.6,0.1,0.1,0.2,2,2;2;2,1.4486,1.4486,1.4196,0.0,1.3583,1.0,0.0,-2.0,0.0,0.02
tool_heavy,0.55,0.1,0.65,0.6,0.1,0.1,0.2,2,2;2;2,1.4486,1.4486,1.3761,0.0,1.3583,1.0,0.0,-5.0,0.0,0.05
tool_heavy,0.55,0.1,0.65,0.6,0.1,0.1,0.2,2,2;2;2,1.4486,1.4486,1.4486,0.0,1.3583,1.0,0.0,0.0,0.05,0.0
tool_heavy,0.55,0.1,0.65,0.6,0.1,0.1,0.2,2,2;2;2,1.4486,1.4486,1.4196,0.0,1.3583,1.0,0.0,-2.0,0.05,0.02
tool_heavy,0.55,0.1,0.65,0.6,0.1,0.1,0.2,2,2;2;2,1.4486,1.4486,1.3761,0.0,1.3583,1.0,0.0,-5.0,0.05,0.05
tool_heavy,0.55,0.1,0.65,0.6,0.1,0.1,0.2,2,2;2;2,1.4486,1.4486,1.4486,0.0,1.3583,1.0,0.0,0.0,0.15,0.0
tool_heavy,0.55,0.1,0.65,0.6,0.1,0.1,0.2,2,2;2;2,1.4486,1.4486,1.4196,0.0,1.3583,1.0,0.0,-2.0,0.15,0.02
tool_heavy,0.55,0.1,0.65,0.6,0.1,0.1,0.2,2,2;2;2,1.4486,1.4486,1.3761,0.0,1.3583,1.0,0.0,-5.0,0.15,0.05
tool_heavy,0.55,0.1,0.65,0.6,0.1,0.1,0.4,1,1;1;1,1.1643,1.1643,1.1643,0.0,1.1643,1.0,0.0,0.0,0.0,0.0
tool_heavy,0.55,0.1,0.65,0.6,0.1,0.1,0.4,1,1;1;1,1.1643,1.1643,1.141,0.0,1.1643,1.0,0.0,-2.0,0.0,0.02
tool_heavy,0.55,0.1,0.65,0.6,0.1,0.1,0.4,1,1;1;1,1.1643,1.1643,1.1061,0.0,1.1643,1.0,0.0,-5.0,0.0,0.05
tool_heavy,0.55,0.1,0.65,0.6,0.1,0.1,0.4,1,1;1;1,1.1643,1.1643,1.1643,0.0,1.1643,1.0,0.0,0.0,0.05,0.0
tool_heavy,0.55,0.1,0.65,0.6,0.1,0.1,0.4,1,1;1;1,1.1643,1.1643,1.141,0.0,1.1643,1.0,0.0,-2.0,0.05,0.02
tool_heavy,0.55,0.1,0.65,0.6,0.1,0.1,0.4,1,1;1;1,1.1643,1.1643,1.1061,0.0,1.1643,1.0,0.0,-5.0,0.05,0.05
tool_heavy,0.55,0.1,0.65,0.6,0.1,0.1,0.4,1,1;1;1,1.1643,1.1643,1.1643,0.0,1.1643,1.0,0.0,0.0,0.15,0.0
tool_heavy,0.55,0.1,0.65,0.6,0.1,0.1,0.4,1,1;1;1,1.1643,1.1643,1.141,0.0,1.1643,1.0,0.0,-2.0,0.15,0.02
tool_heavy,0.55,0.1,0.65,0.6,0.1,0.1,0.4,1,1;1;1,1.1643,1.1643,1.1061,0.0,1.1643,1.0,0.0,-5.0,0.15,0.05
tool_heavy,0.55,0.2,0.75,0.65,0.2,0.2,0.05,6,4;7;5,2.4527,2.465,2.465,0.0,1.6286,0.9853,0.5,0.5,0.0,0.0
tool_heavy,0.55,0.2,0.75,0.65,0.2,0.2,0.05,6,4;7;5,2.4527,2.465,2.4157,0.0,1.6286,0.9853,0.5,-1.51,0.0,0.02
tool_heavy,0.55,0.2,0.75,0.65,0.2,0.2,0.05,6,4;7;5,2.4527,2.465,2.3417,0.0,1.6286,0.9853,0.5,-4.525,0.0,0.05
tool_heavy,0.55,0.2,0.75,0.65,0.2,0.2,0.05,6,4;7;5,2.4527,2.465,2.4624,0.0051,1.6286,0.9853,0.5,0.395,0.05,0.0
tool_heavy,0.55,0.2,0.75,0.65,0.2,0.2,0.05,6,4;7;5,2.4527,2.465,2.4157,0.0,1.6286,0.9853,0.5,-1.51,0.05,0.02
tool_heavy,0.55,0.2,0.75,0.65,0.2,0.2,0.05,6,4;7;5,2.4527,2.465,2.3417,0.0,1.6286,0.9853,0.5,-4.525,0.05,0.05
tool_heavy,0.55,0.2,0.75,0.65,0.2,0.2,0.05,6,4;7;5,2.4527,2.465,2.4638,0.0015,1.6286,0.9853,0.5,0.451,0.15,0.0
tool_heavy,0.55,0.2,0.75,0.65,0.2,0.2,0.05,6,4;7;5,2.4527,2.465,2.3961,0.0391,1.6286,0.9853,0.5,-2.306,0.15,0.02
tool_heavy,0.55,0.2,0.75,0.65,0.2,0.2,0.05,6,4;7;5,2.4527,2.465,2.3357,0.0091,1.6286,0.9853,0.5,-4.769,0.15,0.05
tool_heavy,0.55,0.2,0.75,0.65,0.2,0.2,0.1,4,3;5;3,2.0369,2.0508,2.0508,0.0,1.5545,0.972,0.682,0.682,0.0,0.0
tool_heavy,0.55,0.2,0.75,0.65,0.2,0.2,0.1,4,3;5;3,2.0369,2.0508,2.0098,0.0,1.5545,0.972,0.682,-1.331,0.0,0.02
tool_heavy,0.55,0.2,0.75,0.65,0.2,0.2,0.1,4,3;5;3,2.0369,2.0508,1.9483,0.0,1.5545,0.972,0.682,-4.352,0.0,0.05
tool_heavy,0.55,0.2,0.75,0.65,0.2,0.2,0.1,4,3;5;3,2.0369,2.0508,2.0508,0.0,1.5545,0.972,0.682,0.682,0.05,0.0
tool_heavy,0.55,0.2,0.75,0.65,0.2,0.2,0.1,4,3;5;3,2.0369,2.0508,1.9855,0.0298,1.5545,0.972,0.682,-2.526,0.05,0.02
tool_heavy,0.55,0.2,0.75,0.65,0.2,0.2,0.1,4,3;5;3,2.0369,2.0508,1.9483,0.0,1.5545,0.972,0.682,-4.352,0.05,0.05
tool_heavy,0.55,0.2,0.75,0.65,0.2,0.2,0.1,4,3;5;3,2.0369,2.0508,2.0508,0.0,1.5545,0.972,0.682,0.682,0.15,0.0
tool_heavy,0.55,0.2,0.75,0.65,0.2,0.2,0.1,4,3;5;3,2.0369,2.0508,1.9976,0.0243,1.5545,0.972,0.682,-1.929,0.15,0.02
tool_heavy,0.55,0.2,0.75,0.65,0.2,0.2,0.1,4,3;5;3,2.0369,2.0508,1.9226,0.0317,1.5545,0.972,0.682,-5.615,0.15,0.05
tool_heavy,0.55,0.2,0.75,0.65,0.2,0.2,0.2,3,2;3;2,1.6159,1.6247,1.6247,0.0,1.425,0.9558,0.546,0.546,0.0,0.0
tool_heavy,0.55,0.2,0.75,0.65,0.2,0.2,0.2,3,2;3;2,1.6159,1.6247,1.5922,0.0,1.425,0.9558,0.546,-1.465,0.0,0.02
tool_heavy,0.55,0.2,0.75,0.65,0.2,0.2,0.2,3,2;3;2,1.6159,1.6247,1.5434,0.0,1.425,0.9558,0.546,-4.481,0.0,0.05
tool_heavy,0.55,0.2,0.75,0.65,0.2,0.2,0.2,3,2;3;2,1.6159,1.6247,1.6247,0.0,1.425,0.9558,0.546,0.546,0.05,0.0
tool_heavy,0.55,0.2,0.75,0.65,0.2,0.2,0.2,3,2;3;2,1.6159,1.6247,1.591,0.0024,1.425,0.9558,0.546,-1.539,0.05,0.02
tool_heavy,0.55,0.2,0.75,0.65,0.2,0.2,0.2,3,2;3;2,1.6159,1.6247,1.5434,0.0,1.425,0.9558,0.546,-4.481,0.05,0.05
tool_heavy,0.55,0.2,0.75,0.65,0.2,0.2,0.2,3,2;3;2,1.6159,1.6247,1.6167,0.016,1.425,0.9558,0.546,0.05,0.15,0.0
tool_heavy,0.55,0.2,0.75,0.65,0.2,0.2,0.2,3,2;3;2,1.6159,1.6247,1.591,0.0024,1.425,0.9558,0.546,-1.539,0.15,0.02
tool_heavy,0.55,0.2,0.75,0.65,0.2,0.2,0.2,3,2;3;2,1.6159,1.6247,1.5413,0.0022,1.425,0.9558,0.546,-4.617,0.15,0.05
tool_heavy,0.55,0.2,0.75,0.65,0.2,0.2,0.4,2,1;2;1,1.2325,1.2457,1.2457,0.0,1.2214,0.4555,1.074,1.074,0.0,0.0
tool_heavy,0.55,0.2,0.75,0.65,0.2,0.2,0.4,2,1;2;1,1.2325,1.2457,1.2208,0.0,1.2214,0.4555,1.074,-0.948,0.0,0.02
tool_heavy,0.55,0.2,0.75,0.65,0.2,0.2,0.4,2,1;2;1,1.2325,1.2457,1.1834,0.0,1.2214,0.4555,1.074,-3.98,0.0,0.05
tool_heavy,0.55,0.2,0.75,0.65,0.2,0.2,0.4,2,1;2;1,1.2325,1.2457,1.2457,0.0,1.2214,0.4555,1.074,1.074,0.05,0.0
tool_heavy,0.55,0.2,0.75,0.65,0.2,0.2,0.4,2,1;2;1,1.2325,1.2457,1.2178,0.0037,1.2214,0.4555,1.074,-1.196,0.05,0.02
tool_heavy,0.55,0.2,0.75,0.65,0.2,0.2,0.4,2,1;2;1,1.2325,1.2457,1.1834,0.0,1.2214,0.4555,1.074,-3.98,0.05,0.05
tool_heavy,0.55,0.2,0.75,0.65,0.2,0.2,0.4,2,1;2;1,1.2325,1.2457,1.2393,0.0094,1.2214,0.4555,1.074,0.553,0.15,0.0
tool_heavy,0.55,0.2,0.75,0.65,0.2,0.2,0.4,2,1;2;1,1.2325,1.2457,1.2187,0.0026,1.2214,0.4555,1.074,-1.121,0.15,0.02
tool_heavy,0.55,0.2,0.75,0.65,0.2,0.2,0.4,2,1;2;1,1.2325,1.2457,1.1742,0.0113,1.2214,0.4555,1.074,-4.729,0.15,0.05
tool_heavy,0.55,0.3,0.85,0.7,0.3,0.3,0.05,9,4;10;6,3.1844,3.2369,3.2369,0.0,1.7048,0.9657,1.649,1.649,0.0,0.0
tool_heavy,0.55,0.3,0.85,0.7,0.3,0.3,0.05,9,4;10;6,3.1844,3.2369,3.1722,0.0,1.7048,0.9657,1.649,-0.384,0.0,0.02
tool_heavy,0.55,0.3,0.85,0.7,0.3,0.3,0.05,9,4;10;6,3.1844,3.2369,3.0751,0.0,1.7048,0.9657,1.649,-3.433,0.0,0.05
tool_heavy,0.55,0.3,0.85,0.7,0.3,0.3,0.05,9,4;10;6,3.1844,3.2369,3.1515,0.1708,1.7048,0.9657,1.649,-1.033,0.05,0.0
tool_heavy,0.55,0.3,0.85,0.7,0.3,0.3,0.05,9,4;10;6,3.1844,3.2369,3.1425,0.0594,1.7048,0.9657,1.649,-1.316,0.05,0.02
tool_heavy,0.55,0.3,0.85,0.7,0.3,0.3,0.05,9,4;10;6,3.1844,3.2369,3.0751,0.0,1.7048,0.9657,1.649,-3.433,0.05,0.05
tool_heavy,0.55,0.3,0.85,0.7,0.3,0.3,0.05,9,4;10;6,3.1844,3.2369,3.1941,0.0562,1.7048,0.9657,1.649,0.303,0.15,0.0
tool_heavy,0.55,0.3,0.85,0.7,0.3,0.3,0.05,9,4;10;6,3.1844,3.2369,3.1722,0.0,1.7048,0.9657,1.649,-0.384,0.15,0.02
tool_heavy,0.55,0.3,0.85,0.7,0.3,0.3,0.05,9,4;10;6,3.1844,3.2369,3.0482,0.0142,1.7048,0.9657,1.649,-4.278,0.15,0.05
tool_heavy,0.55,0.3,0.85,0.7,0.3,0.3,0.1,6,3;7;4,2.5008,2.5485,2.5485,0.0,1.6273,0.9482,1.91,1.91,0.0,0.0
tool_heavy,0.55,0.3,0.85,0.7,0.3,0.3,0.1,6,3;7;4,2.5008,2.5485,2.4976,0.0,1.6273,0.9482,1.91,-0.128,0.0,0.02
tool_heavy,0.55,0.3,0.85,0.7,0.3,0.3,0.1,6,3;7;4,2.5008,2.5485,2.4211,0.0,1.6273,0.9482,1.91,-3.186,0.0,0.05
tool_heavy,0.55,0.3,0.85,0.7,0.3,0.3,0.1,6,3;7;4,2.5008,2.5485,2.4872,0.1104,1.6273,0.9482,1.91,-0.544,0.05,0.0
tool_heavy,0.55,0.3,0.85,0.7,0.3,0.3,0.1,6,3;7;4,2.5008,2.5485,2.4967,0.0018,1.6273,0.9482,1.91,-0.164,0.05,0.02
tool_heavy,0.55,0.3,0.85,0.7,0.3,0.3,0.1,6,3;7;4,2.5008,2.5485,2.4187,0.003,1.6273,0.9482,1.91,-3.284,0.05,0.05
tool_heavy,0.55,0.3,0.85,0.7,0.3,0.3,0.1,6,3;7;4,2.5008,2.5485,2.5379,0.013,1.6273,0.9482,1.91,1.484,0.15,0.0
tool_heavy,0.55,0.3,0.85,0.7,0.3,0.3,0.1,6,3;7;4,2.5008,2.5485,2.4976,0.0,1.6273,0.9482,1.91,-0.128,0.15,0.02
tool_heavy,0.55,0.3,0.85,0.7,0.3,0.3,0.1,6,3;7;4,2.5008,2.5485,2.3406,0.1071,1.6273,0.9482,1.91,-6.407,0.15,0.05
tool_heavy,0.55,0.3,0.85,0.7,0.3,0.3,0.2,4,2;5;3,1.8676,1.9023,1.9023,0.0,1.4917,0.9156,1.855,1.855,0.0,0.0
tool_heavy,0.55,0.3,0.85,0.7,0.3,0.3,0.2,4,2;5;3,1.8676,1.9023,1.8642,0.0,1.4917,0.9156,1.855,-0.182,0.0,0.02
tool_heavy,0.55,0.3,0.85,0.7,0.3,0.3,0.2,4,2;5;3,1.8676,1.9023,1.8072,0.0,1.4917,0.9156,1.855,-3.237,0.0,0.05
tool_heavy,0.55,0.3,0.85,0.7,0.3,0.3,0.2,4,2;5;3,1.8676,1.9023,1.8978,0.009,1.4917,0.9156,1.855,1.614,0.05,0.0
tool_heavy,0.55,0.3,0.85,0.7,0.3,0.3,0.2,4,2;5;3,1.8676,1.9023,1.8642,0.0,1.4917,0.9156,1.855,-0.182,0.05,0.02
tool_heavy,0.55,0.3,0.85,0.7,0.3,0.3,0.2,4,2;5;3,1.8676,1.9023,1.7916,0.022,1.4917,0.9156,1.855,-4.068,0.05,0.05
tool_heavy,0.55,0.3,0.85,0.7,0.3,0.3,0.2,4,2;5;3,1.8676,1.9023,1.8962,0.0094,1.4917,0.9156,1.855,1.53,0.15,0.0
tool_heavy,0.55,0.3,0.85,0.7,0.3,0.3,0.2,4,2;5;3,1.8676,1.9023,1.8135,0.0598,1.4917,0.9156,1.855,-2.896,0.15,0.02
tool_heavy,0.55,0.3,0.85,0.7,0.3,0.3,0.2,4,2;5;3,1.8676,1.9023,1.7429,0.0786,1.4917,0.9156,1.855,-6.675,0.15,0.05
tool_heavy,0.55,0.3,0.85,0.7,0.3,0.3,0.4,2,1;3;2,1.3467,1.368,1.368,0.0,1.2786,0.7617,1.582,1.582,0.0,0.0
tool_heavy,0.55,0.3,0.85,0.7,0.3,0.3,0.4,2,1;3;2,1.3467,1.368,1.3406,0.0,1.2786,0.7617,1.582,-0.449,0.0,0.02
tool_heavy,0.55,0.3,0.85,0.7,0.3,0.3,0.4,2,1;3;2,1.3467,1.368,1.2996,0.0,1.2786,0.7617,1.582,-3.497,0.0,0.05
tool_heavy,0.55,0.3,0.85,0.7,0.3,0.3,0.4,2,1;3;2,1.3467,1.368,1.3614,0.0083,1.2786,0.7617,1.582,1.093,0.05,0.0
tool_heavy,0.55,0.3,0.85,0.7,0.3,0.3,0.4,2,1;3;2,1.3467,1.368,1.3405,0.0002,1.2786,0.7617,1.582,-0.456,0.05,0.02
tool_heavy,0.55,0.3,0.85,0.7,0.3,0.3,0.4,2,1;3;2,1.3467,1.368,1.2934,0.0077,1.2786,0.7617,1.582,-3.955,0.05,0.05
tool_heavy,0.55,0.3,0.85,0.7,0.3,0.3,0.4,2,1;3;2,1.3467,1.368,1.3502,0.0356,1.2786,0.7617,1.582,0.262,0.15,0.0
tool_heavy,0.55,0.3,0.85,0.7,0.3,0.3,0.4,2,1;3;2,1.3467,1.368,1.3368,0.0074,1.2786,0.7617,1.582,-0.732,0.15,0.02
tool_heavy,0.55,0.3,0.85,0.7,0.3,0.3,0.4,2,1;3;2,1.3467,1.368,1.2971,0.005,1.2786,0.7617,1.582,-3.681,0.15,0.05
tool_heavy,0.65,-0.3,0.35,0.5,0.3,0.3,0.05,3,5;2;3,1.4526,1.4745,1.4745,0.0,1.3429,0.8338,1.506,1.506,0.0,0.0
tool_heavy,0.65,-0.3,0.35,0.5,0.3,0.3,0.05,3,5;2;3,1.4526,1.4745,1.445,0.0,1.3429,0.8338,1.506,-0.524,0.0,0.02
tool_heavy,0.65,-0.3,0.35,0.5,0.3,0.3,0.05,3,5;2;3,1.4526,1.4745,1.4007,0.0,1.3429,0.8338,1.506,-3.569,0.0,0.05
tool_heavy,0.65,-0.3,0.35,0.5,0.3,0.3,0.05,3,5;2;3,1.4526,1.4745,1.4713,0.0039,1.3429,0.8338,1.506,1.288,0.05,0.0
tool_heavy,0.65,-0.3,0.35,0.5,0.3,0.3,0.05,3,5;2;3,1.4526,1.4745,1.445,0.0,1.3429,0.8338,1.506,-0.524,0.05,0.02
tool_heavy,0.65,-0.3,0.35,0.5,0.3,0.3,0.05,3,5;2;3,1.4526,1.4745,1.3994,0.0027,1.3429,0.8338,1.506,-3.664,0.05,0.05
tool_heavy,0.65,-0.3,0.35,0.5,0.3,0.3,0.05,3,5;2;3,1.4526,1.4745,1.4699,0.0061,1.3429,0.8338,1.506,1.189,0.15,0.0
tool_heavy,0.65,-0.3,0.35,0.5,0.3,0.3,0.05,3,5;2;3,1.4526,1.4745,1.4356,0.0096,1.3429,0.8338,1.506,-1.166,0.15,0.02
tool_heavy,0.65,-0.3,0.35,0.5,0.3,0.3,0.05,3,5;2;3,1.4526,1.4745,1.3994,0.0027,1.3429,0.8338,1.506,-3.664,0.15,0.05
tool_heavy,0.65,-0.3,0.35,0.5,0.3,0.3,0.1,2,3;1;2,1.3233,1.3313,1.3313,0.0,1.2818,0.8389,0.602,0.602,0.0,0.0
tool_heavy,0.65,-0.3,0.35,0.5,0.3,0.3,0.1,2,3;1;2,1.3233,1.3313,1.3047,0.0,1.2818,0.8389,0.602,-1.41,0.0,0.02
tool_heavy,0.65,-0.3,0.35,0.5,0.3,0.3,0.1,2,3;1;2,1.3233,1.3313,1.2647,0.0,1.2818,0.8389,0.602,-4.428,0.0,0.05
tool_heavy,0.65,-0.3,0.35,0.5,0.3,0.3,0.1,2,3;1;2,1.3233,1.3313,1.3297,0.0031,1.2818,0.8389,0.602,0.484,0.05,0.0
tool_heavy,0.65,-0.3,0.35,0.5,0.3,0.3,0.1,2,3;1;2,1.3233,1.3313,1.2987,0.012,1.2818,0.8389,0.602,-1.862,0.05,0.02
tool_heavy,0.65,-0.3,0.35,0.5,0.3,0.3,0.1,2,3;1;2,1.3233,1.3313,1.2611,0.0072,1.2818,0.8389,0.602,-4.7,0.05,0.05
tool_heavy,0.65,-0.3,0.35,0.5,0.3,0.3,0.1,2,3;1;2,1.3233,1.3313,1.3306,0.0013,1.2818,0.8389,0.602,0.552,0.15,0.0
tool_heavy,0.65,-0.3,0.35,0.5,0.3,0.3,0.1,2,3;1;2,1.3233,1.3313,1.2987,0.012,1.2818,0.8389,0.602,-1.862,0.15,0.02
tool_heavy,0.65,-0.3,0.35,0.5,0.3,0.3,0.1,2,3;1;2,1.3233,1.3313,1.2611,0.0072,1.2818,0.8389,0.602,-4.702,0.15,0.05
tool_heavy,0.65,-0.3,0.35,0.5,0.3,0.3,0.2,1,2;1;1,1.175,1.1855,1.1855,0.0,1.175,0.0,0.897,0.897,0.0,0.0
tool_heavy,0.65,-0.3,0.35,0.5,0.3,0.3,0.2,1,2;1;1,1.175,1.1855,1.1618,0.0,1.175,0.0,0.897,-1.121,0.0,0.02
tool_heavy,0.65,-0.3,0.35,0.5,0.3,0.3,0.2,1,2;1;1,1.175,1.1855,1.1263,0.0,1.175,0.0,0.897,-4.148,0.0,0.05
tool_heavy,0.65,-0.3,0.35,0.5,0.3,0.3,0.2,1,2;1;1,1.175,1.1855,1.1855,0.0,1.175,0.0,0.897,0.897,0.05,0.0
tool_heavy,0.65,-0.3,0.35,0.5,0.3,0.3,0.2,1,2;1;1,1.175,1.1855,1.1618,0.0,1.175,0.0,0.897,-1.121,0.05,0.02
tool_heavy,0.65,-0.3,0.35,0.5,0.3,0.3,0.2,1,2;1;1,1.175,1.1855,1.1263,0.0,1.175,0.0,0.897,-4.148,0.05,0.05
tool_heavy,0.65,-0.3,0.35,0.5,0.3,0.3,0.2,1,2;1;1,1.175,1.1855,1.1855,0.0,1.175,0.0,0.897,0.897,0.15,0.0
tool_heavy,0.65,-0.3,0.35,0.5,0.3,0.3,0.2,1,2;1;1,1.175,1.1855,1.1618,0.0,1.175,0.0,0.897,-1.121,0.15,0.02
tool_heavy,0.65,-0.3,0.35,0.5,0.3,0.3,0.2,1,2;1;1,1.175,1.1855,1.1223,0.0049,1.175,0.0,0.897,-4.489,0.15,0.05
tool_heavy,0.65,-0.3,0.35,0.5,0.3,0.3,0.4,1,1;1;1,1.0071,1.0071,1.0071,0.0,1.0071,1.0,0.0,0.0,0.0,0.0
tool_heavy,0.65,-0.3,0.35,0.5,0.3,0.3,0.4,1,1;1;1,1.0071,1.0071,0.987,0.0,1.0071,1.0,0.0,-2.0,0.0,0.02
tool_heavy,0.65,-0.3,0.35,0.5,0.3,0.3,0.4,1,1;1;1,1.0071,1.0071,0.9568,0.0,1.0071,1.0,0.0,-5.0,0.0,0.05
tool_heavy,0.65,-0.3,0.35,0.5,0.3,0.3,0.4,1,1;1;1,1.0071,1.0071,1.0071,0.0,1.0071,1.0,0.0,0.0,0.05,0.0
tool_heavy,0.65,-0.3,0.35,0.5,0.3,0.3,0.4,1,1;1;1,1.0071,1.0071,0.987,0.0,1.0071,1.0,0.0,-2.0,0.05,0.02
tool_heavy,0.65,-0.3,0.35,0.5,0.3,0.3,0.4,1,1;1;1,1.0071,1.0071,0.9568,0.0,1.0071,1.0,0.0,-5.0,0.05,0.05
tool_heavy,0.65,-0.3,0.35,0.5,0.3,0.3,0.4,1,1;1;1,1.0071,1.0071,1.0071,0.0,1.0071,1.0,0.0,0.0,0.15,0.0
tool_heavy,0.65,-0.3,0.35,0.5,0.3,0.3,0.4,1,1;1;1,1.0071,1.0071,0.987,0.0,1.0071,1.0,0.0,-2.0,0.15,0.02
tool_heavy,0.65,-0.3,0.35,0.5,0.3,0.3,0.4,1,1;1;1,1.0071,1.0071,0.9568,0.0,1.0071,1.0,0.0,-5.0,0.15,0.05
tool_heavy,0.65,-0.2,0.45,0.55,0.2,0.2,0.05,3,5;3;4,1.6165,1.6244,1.6244,0.0,1.419,0.9617,0.486,0.486,0.0,0.0
tool_heavy,0.65,-0.2,0.45,0.55,0.2,0.2,0.05,3,5;3;4,1.6165,1.6244,1.5919,0.0,1.419,0.9617,0.486,-1.524,0.0,0.02
tool_heavy,0.65,-0.2,0.45,0.55,0.2,0.2,0.05,3,5;3;4,1.6165,1.6244,1.5432,0.0,1.419,0.9617,0.486,-4.538,0.0,0.05
tool_heavy,0.65,-0.2,0.45,0.55,0.2,0.2,0.05,3,5;3;4,1.6165,1.6244,1.6202,0.0081,1.419,0.9617,0.486,0.227,0.05,0.0
tool_heavy,0.65,-0.2,0.45,0.55,0.2,0.2,0.05,3,5;3;4,1.6165,1.6244,1.5907,0.0024,1.419,0.9617,0.486,-1.597,0.05,0.02
tool_heavy,0.65,-0.2,0.45,0.55,0.2,0.2,0.05,3,5;3;4,1.6165,1.6244,1.5432,0.0,1.419,0.9617,0.486,-4.538,0.05,0.05
tool_heavy,0.65,-0.2,0.45,0.55,0.2,0.2,0.05,3,5;3;4,1.6165,1.6244,1.6242,0.0003,1.419,0.9617,0.486,0.475,0.15,0.0
tool_heavy,0.65,-0.2,0.45,0.55,0.2,0.2,0.05,3,5;3;4,1.6165,1.6244,1.5918,0.0002,1.419,0.9617,0.486,-1.531,0.15,0.02
tool_heavy,0.65,-0.2,0.45,0.55,0.2,0.2,0.05,3,5;3;4,1.6165,1.6244,1.5322,0.0192,1.419,0.9617,0.486,-5.216,0.15,0.05
tool_heavy,0.65,-0.2,0.45,0.55,0.2,0.2,0.1,2,3;2;3,1.4454,1.4551,1.4551,0.0,1.3545,0.9037,0.67,0.67,0.0,0.0
tool_heavy,0.65,-0.2,0.45,0.55,0.2,0.2,0.1,2,3;2;3,1.4454,1.4551,1.426,0.0,1.3545,0.9037,0.67,-1.343,0.0,0.02
tool_heavy,0.65,-0.2,0.45,0.55,0.2,0.2,0.1,2,3;2;3,1.4454,1.4551,1.3823,0.0,1.3545,0.9037,0.67,-4.363,0.0,0.05
tool_heavy,0.65,-0.2,0.45,0.55,0.2,0.2,0.1,2,3;2;3,1.4454,1.4551,1.4551,0.0,1.3545,0.9037,0.67,0.67,0.05,0.0
tool_heavy,0.65,-0.2,0.45,0.55,0.2,0.2,0.1,2,3;2;3,1.4454,1.4551,1.4211,0.0098,1.3545,0.9037,0.67,-1.683,0.05,0.02
tool_heavy,0.65,-0.2,0.45,0.55,0.2,0.2,0.1,2,3;2;3,1.4454,1.4551,1.3823,0.0,1.3545,0.9037,0.67,-4.363,0.05,0.05
tool_heavy,0.65,-0.2,0.45,0.55,0.2,0.2,0.1,2,3;2;3,1.4454,1.4551,1.4501,0.01,1.3545,0.9037,0.67,0.323,0.15,0.0
tool_heavy,0.65,-0.2,0.45,0.55,0.2,0.2,0.1,2,3;2;3,1.4454,1.4551,1.4211,0.0098,1.3545,0.9037,0.67,-1.683,0.15,0.02
tool_heavy,0.65,-0.2,0.45,0.55,0.2,0.2,0.1,2,3;2;3,1.4454,1.4551,1.3776,0.0095,1.3545,0.9037,0.67,-4.693,0.15,0.05
tool_heavy,0.65,-0.2,0.45,0.55,0.2,0.2,0.2,1,2;1;2,1.2417,1.2585,1.2585,0.0,1.2417,0.0,1.357,1.357,0.0,0.0
tool_heavy,0.65,-0.2,0.45,0.55,0.2,0.2,0.2,1,2;1;2,1.2417,1.2585,1.2333,0.0,1.2417,0.0,1.357,-0.67,0.0,0.02
tool_heavy,0.65,-0.2,0.45,0.55,0.2,0.2,0.2,1,2;1;2,1.2417,1.2585,1.1956,0.0,1.2417,0.0,1.357,-3.711,0.0,0.05
tool_heavy,0.65,-0.2,0.45,0.55,0.2,0.2,0.2,1,2;1;2,1.2417,1.2585,1.2507,0.0096,1.2417,0.0,1.357,0.726,0.05,0.0
tool_heavy,0.65,-0.2,0.45,0.55,0.2,0.2,0.2,1,2;1;2,1.2417,1.2585,1.2333,0.0,1.2417,0.0,1.357,-0.67,0.05,0.02
tool_heavy,0.65,-0.2,0.45,0.55,0.2,0.2,0.2,1,2;1;2,1.2417,1.2585,1.1956,0.0,1.2417,0.0,1.357,-3.711,0.05,0.05
tool_heavy,0.65,-0.2,0.45,0.55,0.2,0.2,0.2,1,2;1;2,1.2417,1.2585,1.2455,0.0083,1.2417,0.0,1.357,0.309,0.15,0.0
tool_heavy,0.65,-0.2,0.45,0.55,0.2,0.2,0.2,1,2;1;2,1.2417,1.2585,1.2283,0.0075,1.2417,0.0,1.357,-1.079,0.15,0.02
tool_heavy,0.65,-0.2,0.45,0.55,0.2,0.2,0.2,1,2;1;2,1.2417,1.2585,1.1887,0.0085,1.2417,0.0,1.357,-4.269,0.15,0.05
tool_heavy,0.65,-0.2,0.45,0.55,0.2,0.2,0.4,1,1;1;1,1.0643,1.0643,1.0643,0.0,1.0643,1.0,0.0,0.0,0.0,0.0
tool_heavy,0.65,-0.2,0.45,0.55,0.2,0.2,0.4,1,1;1;1,1.0643,1.0643,1.043,0.0,1.0643,1.0,0.0,-2.0,0.0,0.02
tool_heavy,0.65,-0.2,0.45,0.55,0.2,0.2,0.4,1,1;1;1,1.0643,1.0643,1.0111,0.0,1.0643,1.0,0.0,-5.0,0.0,0.05
tool_heavy,0.65,-0.2,0.45,0.55,0.2,0.2,0.4,1,1;1;1,1.0643,1.0643,1.0643,0.0,1.0643,1.0,0.0,0.0,0.05,0.0
tool_heavy,0.65,-0.2,0.45,0.55,0.2,0.2,0.4,1,1;1;1,1.0643,1.0643,1.043,0.0,1.0643,1.0,0.0,-2.0,0.05,0.02
tool_heavy,0.65,-0.2,0.45,0.55,0.2,0.2,0.4,1,1;1;1,1.0643,1.0643,1.0111,0.0,1.0643,1.0,0.0,-5.0,0.05,0.05
tool_heavy,0.65,-0.2,0.45,0.55,0.2,0.2,0.4,1,1;1;1,1.0643,1.0643,1.0643,0.0,1.0643,1.0,0.0,0.0,0.15,0.0
tool_heavy,0.65,-0.2,0.45,0.55,0.2,0.2,0.4,1,1;1;1,1.0643,1.0643,1.043,0.0,1.0643,1.0,0.0,-2.0,0.15,0.02
tool_heavy,0.65,-0.2,0.45,0.55,0.2,0.2,0.4,1,1;1;1,1.0643,1.0643,1.0111,0.0,1.0643,1.0,0.0,-5.0,0.15,0.05
tool_heavy,0.65,-0.1,0.55,0.6,0.1,0.1,0.05,4,5;4;4,1.8258,1.8267,1.8267,0.0,1.4952,0.9974,0.047,0.047,0.0,0.0
tool_heavy,0.65,-0.1,0.55,0.6,0.1,0.1,0.05,4,5;4;4,1.8258,1.8267,1.7901,0.0,1.4952,0.9974,0.047,-1.954,0.0,0.02
tool_heavy,0.65,-0.1,0.55,0.6,0.1,0.1,0.05,4,5;4;4,1.8258,1.8267,1.7353,0.0,1.4952,0.9974,0.047,-4.955,0.0,0.05
tool_heavy,0.65,-0.1,0.55,0.6,0.1,0.1,0.05,4,5;4;4,1.8258,1.8267,1.8267,0.0,1.4952,0.9974,0.047,0.047,0.05,0.0
tool_heavy,0.65,-0.1,0.55,0.6,0.1,0.1,0.05,4,5;4;4,1.8258,1.8267,1.7901,0.0,1.4952,0.9974,0.047,-1.954,0.05,0.02
tool_heavy,0.65,-0.1,0.55,0.6,0.1,0.1,0.05,4,5;4;4,1.8258,1.8267,1.7353,0.0,1.4952,0.9974,0.047,-4.955,0.05,0.05
tool_heavy,0.65,-0.1,0.55,0.6,0.1,0.1,0.05,4,5;4;4,1.8258,1.8267,1.8257,0.0015,1.4952,0.9974,0.047,-0.004,0.15,0.0
tool_heavy,0.65,-0.1,0.55,0.6,0.1,0.1,0.05,4,5;4;4,1.8258,1.8267,1.7895,0.0011,1.4952,0.9974,0.047,-1.985,0.15,0.02
tool_heavy,0.65,-0.1,0.55,0.6,0.1,0.1,0.05,4,5;4;4,1.8258,1.8267,1.7348,0.0011,1.4952,0.9974,0.047,-4.986,0.15,0.05
tool_heavy,0.65,-0.1,0.55,0.6,0.1,0.1,0.1,3,3;3;3,1.6024,1.6024,1.6024,0.0,1.4273,1.0,0.0,0.0,0.0,0.0
tool_heavy,0.65,-0.1,0.55,0.6,0.1,0.1,0.1,3,3;3;3,1.6024,1.6024,1.5704,0.0,1.4273,1.0,0.0,-2.0,0.0,0.02
tool_heavy,0.65,-0.1,0.55,0.6,0.1,0.1,0.1,3,3;3;3,1.6024,1.6024,1.5223,0.0,1.4273,1.0,0.0,-5.0,0.0,0.05
tool_heavy,0.65,-0.1,0.55,0.6,0.1,0.1,0.1,3,3;3;3,1.6024,1.6024,1.6024,0.0,1.4273,1.0,0.0,0.0,0.05,0.0
tool_heavy,0.65,-0.1,0.55,0.6,0.1,0.1,0.1,3,3;3;3,1.6024,1.6024,1.5704,0.0,1.4273,1.0,0.0,-2.0,0.05,0.02
tool_heavy,0.65,-0.1,0.55,0.6,0.1,0.1,0.1,3,3;3;3,1.6024,1.6024,1.5223,0.0,1.4273,1.0,0.0,-5.0,0.05,0.05
tool_heavy,0.65,-0.1,0.55,0.6,0.1,0.1,0.1,3,3;3;3,1.6024,1.6024,1.6024,0.0,1.4273,1.0,0.0,0.0,0.15,0.0
tool_heavy,0.65,-0.1,0.55,0.6,0.1,0.1,0.1,3,3;3;3,1.6024,1.6024,1.5704,0.0,1.4273,1.0,0.0,-2.0,0.15,0.02
tool_heavy,0.65,-0.1,0.55,0.6,0.1,0.1,0.1,3,3;3;3,1.6024,1.6024,1.5223,0.0,1.4273,1.0,0.0,-5.0,0.15,0.05
tool_heavy,0.65,-0.1,0.55,0.6,0.1,0.1,0.2,2,2;2;2,1.3543,1.3543,1.3543,0.0,1.3083,1.0,0.0,0.0,0.0,0.0
tool_heavy,0.65,-0.1,0.55,0.6,0.1,0.1,0.2,2,2;2;2,1.3543,1.3543,1.3272,0.0,1.3083,1.0,0.0,-2.0,0.0,0.02
tool_heavy,0.65,-0.1,0.55,0.6,0.1,0.1,0.2,2,2;2;2,1.3543,1.3543,1.2866,0.0,1.3083,1.0,0.0,-5.0,0.0,0.05
tool_heavy,0.65,-0.1,0.55,0.6,0.1,0.1,0.2,2,2;2;2,1.3543,1.3543,1.3543,0.0,1.3083,1.0,0.0,0.0,0.05,0.0
tool_heavy,0.65,-0.1,0.55,0.6,0.1,0.1,0.2,2,2;2;2,1.3543,1.3543,1.3272,0.0,1.3083,1.0,0.0,-2.0,0.05,0.02
tool_heavy,0.65,-0.1,0.55,0.6,0.1,0.1,0.2,2,2;2;2,1.3543,1.3543,1.2866,0.0,1.3083,1.0,0.0,-5.0,0.05,0.05
tool_heavy,0.65,-0.1,0.55,0.6,0.1,0.1,0.2,2,2;2;2,1.3543,1.3543,1.3543,0.0,1.3083,1.0,0.0,0.0,0.15,0.0
tool_heavy,0.65,-0.1,0.55,0.6,0.1,0.1,0.2,2,2;2;2,1.3543,1.3543,1.3272,0.0,1.3083,1.0,0.0,-2.0,0.15,0.02
tool_heavy,0.65,-0.1,0.55,0.6,0.1,0.1,0.2,2,2;2;2,1.3543,1.3543,1.2866,0.0,1.3083,1.0,0.0,-5.0,0.15,0.05
tool_heavy,0.65,-0.1,0.55,0.6,0.1,0.1,0.4,1,1;1;1,1.1214,1.1214,1.1214,0.0,1.1214,1.0,0.0,0.0,0.0,0.0
tool_heavy,0.65,-0.1,0.55,0.6,0.1,0.1,0.4,1,1;1;1,1.1214,1.1214,1.099,0.0,1.1214,1.0,0.0,-2.0,0.0,0.02
tool_heavy,0.65,-0.1,0.55,0.6,0.1,0.1,0.4,1,1;1;1,1.1214,1.1214,1.0654,0.0,1.1214,1.0,0.0,-5.0,0.0,0.05
tool_heavy,0.65,-0.1,0.55,0.6,0.1,0.1,0.4,1,1;1;1,1.1214,1.1214,1.1214,0.0,1.1214,1.0,0.0,0.0,0.05,0.0
tool_heavy,0.65,-0.1,0.55,0.6,0.1,0.1,0.4,1,1;1;1,1.1214,1.1214,1.099,0.0,1.1214,1.0,0.0,-2.0,0.05,0.02
tool_heavy,0.65,-0.1,0.55,0.6,0.1,0.1,0.4,1,1;1;1,1.1214,1.1214,1.0654,0.0,1.1214,1.0,0.0,-5.0,0.05,0.05
tool_heavy,0.65,-0.1,0.55,0.6,0.1,0.1,0.4,1,1;1;1,1.1214,1.1214,1.1214,0.0,1.1214,1.0,0.0,0.0,0.15,0.0
tool_heavy,0.65,-0.1,0.55,0.6,0.1,0.1,0.4,1,1;1;1,1.1214,1.1214,1.099,0.0,1.1214,1.0,0.0,-2.0,0.15,0.02
tool_heavy,0.65,-0.1,0.55,0.6,0.1,0.1,0.4,1,1;1;1,1.1214,1.1214,1.0654,0.0,1.1214,1.0,0.0,-5.0,0.15,0.05
tool_heavy,0.65,0.0,0.65,0.65,0.0,0.0,0.05,5,5;5;5,2.1133,2.1133,2.1133,0.0,1.5714,1.0,0.0,0.0,0.0,0.0
tool_heavy,0.65,0.0,0.65,0.65,0.0,0.0,0.05,5,5;5;5,2.1133,2.1133,2.0711,0.0,1.5714,1.0,0.0,-2.0,0.0,0.02
tool_heavy,0.65,0.0,0.65,0.65,0.0,0.0,0.05,5,5;5;5,2.1133,2.1133,2.0077,0.0,1.5714,1.0,0.0,-5.0,0.0,0.05
tool_heavy,0.65,0.0,0.65,0.65,0.0,0.0,0.05,5,5;5;5,2.1133,2.1133,2.1133,0.0,1.5714,1.0,0.0,0.0,0.05,0.0
tool_heavy,0.65,0.0,0.65,0.65,0.0,0.0,0.05,5,5;5;5,2.1133,2.1133,2.0711,0.0,1.5714,1.0,0.0,-2.0,0.05,0.02
tool_heavy,0.65,0.0,0.65,0.65,0.0,0.0,0.05,5,5;5;5,2.1133,2.1133,2.0077,0.0,1.5714,1.0,0.0,-5.0,0.05,0.05
tool_heavy,0.65,0.0,0.65,0.65,0.0,0.0,0.05,5,5;5;5,2.1133,2.1133,2.1133,0.0,1.5714,1.0,0.0,0.0,0.15,0.0
tool_heavy,0.65,0.0,0.65,0.65,0.0,0.0,0.05,5,5;5;5,2.1133,2.1133,2.0711,0.0,1.5714,1.0,0.0,-2.0,0.15,0.02
tool_heavy,0.65,0.0,0.65,0.65,0.0,0.0,0.05,5,5;5;5,2.1133,2.1133,2.0077,0.0,1.5714,1.0,0.0,-5.0,0.15,0.05
tool_heavy,0.65,0.0,0.65,0.65,0.0,0.0,0.1,3,3;3;3,1.8055,1.8055,1.8055,0.0,1.5,1.0,0.0,0.0,0.0,0.0
tool_heavy,0.65,0.0,0.65,0.65,0.0,0.0,0.1,3,3;3;3,1.8055,1.8055,1.7694,0.0,1.5,1.0,0.0,-2.0,0.0,0.02
tool_heavy,0.65,0.0,0.65,0.65,0.0,0.0,0.1,3,3;3;3,1.8055,1.8055,1.7152,0.0,1.5,1.0,0.0,-5.0,0.0,0.05
tool_heavy,0.65,0.0,0.65,0.65,0.0,0.0,0.1,3,3;3;3,1.8055,1.8055,1.8055,0.0,1.5,1.0,0.0,0.0,0.05,0.0
tool_heavy,0.65,0.0,0.65,0.65,0.0,0.0,0.1,3,3;3;3,1.8055,1.8055,1.7694,0.0,1.5,1.0,0.0,-2.0,0.05,0.02
tool_heavy,0.65,0.0,0.65,0.65,0.0,0.0,0.1,3,3;3;3,1.8055,1.8055,1.7152,0.0,1.5,1.0,0.0,-5.0,0.05,0.05
tool_heavy,0.65,0.0,0.65,0.65,0.0,0.0,0.1,3,3;3;3,1.8055,1.8055,1.8055,0.0,1.5,1.0,0.0,0.0,0.15,0.0
tool_heavy,0.65,0.0,0.65,0.65,0.0,0.0,0.1,3,3;3;3,1.8055,1.8055,1.7694,0.0,1.5,1.0,0.0,-2.0,0.15,0.02
tool_heavy,0.65,0.0,0.65,0.65,0.0,0.0,0.1,3,3;3;3,1.8055,1.8055,1.7152,0.0,1.5,1.0,0.0,-5.0,0.15,0.05
tool_heavy,0.65,0.0,0.65,0.65,0.0,0.0,0.2,2,2;2;2,1.4804,1.4804,1.4804,0.0,1.375,1.0,0.0,0.0,0.0,0.0
tool_heavy,0.65,0.0,0.65,0.65,0.0,0.0,0.2,2,2;2;2,1.4804,1.4804,1.4507,0.0,1.375,1.0,0.0,-2.0,0.0,0.02
tool_heavy,0.65,0.0,0.65,0.65,0.0,0.0,0.2,2,2;2;2,1.4804,1.4804,1.4063,0.0,1.375,1.0,0.0,-5.0,0.0,0.05
tool_heavy,0.65,0.0,0.65,0.65,0.0,0.0,0.2,2,2;2;2,1.4804,1.4804,1.4804,0.0,1.375,1.0,0.0,0.0,0.05,0.0
tool_heavy,0.65,0.0,0.65,0.65,0.0,0.0,0.2,2,2;2;2,1.4804,1.4804,1.4507,0.0,1.375,1.0,0.0,-2.0,0.05,0.02
tool_heavy,0.65,0.0,0.65,0.65,0.0,0.0,0.2,2,2;2;2,1.4804,1.4804,1.4063,0.0,1.375,1.0,0.0,-5.0,0.05,0.05
tool_heavy,0.65,0.0,0.65,0.65,0.0,0.0,0.2,2,2;2;2,1.4804,1.4804,1.4804,0.0,1.375,1.0,0.0,0.0,0.15,0.0
tool_heavy,0.65,0.0,0.65,0.65,0.0,0.0,0.2,2,2;2;2,1.4804,1.4804,1.4507,0.0,1.375,1.0,0.0,-2.0,0.15,0.02
tool_heavy,0.65,0.0,0.65,0.65,0.0,0.0,0.2,2,2;2;2,1.4804,1.4804,1.4063,0.0,1.375,1.0,0.0,-5.0,0.15,0.05
tool_heavy,0.65,0.0,0.65,0.65,0.0,0.0,0.4,1,1;1;1,1.1786,1.1786,1.1786,0.0,1.1786,1.0,0.0,0.0,0.0,0.0
tool_heavy,0.65,0.0,0.65,0.65,0.0,0.0,0.4,1,1;1;1,1.1786,1.1786,1.155,0.0,1.1786,1.0,0.0,-2.0,0.0,0.02
tool_heavy,0.65,0.0,0.65,0.65,0.0,0.0,0.4,1,1;1;1,1.1786,1.1786,1.1196,0.0,1.1786,1.0,0.0,-5.0,0.0,0.05
tool_heavy,0.65,0.0,0.65,0.65,0.0,0.0,0.4,1,1;1;1,1.1786,1.1786,1.1786,0.0,1.1786,1.0,0.0,0.0,0.05,0.0
tool_heavy,0.65,0.0,0.65,0.65,0.0,0.0,0.4,1,1;1;1,1.1786,1.1786,1.155,0.0,1.1786,1.0,0.0,-2.0,0.05,0.02
tool_heavy,0.65,0.0,0.65,0.65,0.0,0.0,0.4,1,1;1;1,1.1786,1.1786,1.1196,0.0,1.1786,1.0,0.0,-5.0,0.05,0.05
tool_heavy,0.65,0.0,0.65,0.65,0.0,0.0,0.4,1,1;1;1,1.1786,1.1786,1.1786,0.0,1.1786,1.0,0.0,0.0,0.15,0.0
tool_heavy,0.65,0.0,0.65,0.65,0.0,0.0,0.4,1,1;1;1,1.1786,1.1786,1.155,0.0,1.1786,1.0,0.0,-2.0,0.15,0.02
tool_heavy,0.65,0.0,0.65,0.65,0.0,0.0,0.4,1,1;1;1,1.1786,1.1786,1.1196,0.0,1.1786,1.0,0.0,-5.0,0.15,0.05
tool_heavy,0.65,0.1,0.75,0.7,0.1,0.1,0.05,6,5;7;6,2.5459,2.5484,2.5484,0.0,1.6476,0.9973,0.095,0.095,0.0,0.0
tool_heavy,0.65,0.1,0.75,0.7,0.1,0.1,0.05,6,5;7;6,2.5459,2.5484,2.4974,0.0,1.6476,0.9973,0.095,-1.907,0.0,0.02
tool_heavy,0.65,0.1,0.75,0.7,0.1,0.1,0.05,6,5;7;6,2.5459,2.5484,2.4209,0.0,1.6476,0.9973,0.095,-4.91,0.0,0.05
tool_heavy,0.65,0.1,0.75,0.7,0.1,0.1,0.05,6,5;7;6,2.5459,2.5484,2.5471,0.0026,1.6476,0.9973,0.095,0.044,0.05,0.0
tool_heavy,0.65,0.1,0.75,0.7,0.1,0.1,0.05,6,5;7;6,2.5459,2.5484,2.4974,0.0,1.6476,0.9973,0.095,-1.907,0.05,0.02
tool_heavy,0.65,0.1,0.75,0.7,0.1,0.1,0.05,6,5;7;6,2.5459,2.5484,2.4209,0.0,1.6476,0.9973,0.095,-4.91,0.05,0.05
tool_heavy,0.65,0.1,0.75,0.7,0.1,0.1,0.05,6,5;7;6,2.5459,2.5484,2.5471,0.0026,1.6476,0.9973,0.095,0.044,0.15,0.0
tool_heavy,0.65,0.1,0.75,0.7,0.1,0.1,0.05,6,5;7;6,2.5459,2.5484,2.4963,0.002,1.6476,0.9973,0.095,-1.948,0.15,0.02
tool_heavy,0.65,0.1,0.75,0.7,0.1,0.1,0.05,6,5;7;6,2.5459,2.5484,2.4197,0.0024,1.6476,0.9973,0.095,-4.959,0.15,0.05
tool_heavy,0.65,0.1,0.75,0.7,0.1,0.1,0.1,5,3;5;4,2.1027,2.1111,2.1111,0.0,1.5727,0.9843,0.401,0.401,0.0,0.0
tool_heavy,0.65,0.1,0.75,0.7,0.1,0.1,0.1,5,3;5;4,2.1027,2.1111,2.0689,0.0,1.5727,0.9843,0.401,-1.607,0.0,0.02
tool_heavy,0.65,0.1,0.75,0.7,0.1,0.1,0.1,5,3;5;4,2.1027,2.1111,2.0056,0.0,1.5727,0.9843,0.401,-4.619,0.0,0.05
tool_heavy,0.65,0.1,0.75,0.7,0.1,0.1,0.1,5,3;5;4,2.1027,2.1111,2.1103,0.0016,1.5727,0.9843,0.401,0.363,0.05,0.0
tool_heavy,0.65,0.1,0.75,0.7,0.1,0.1,0.1,5,3;5;4,2.1027,2.1111,2.0689,0.0,1.5727,0.9843,0.401,-1.607,0.05,0.02
tool_heavy,0.65,0.1,0.75,0.7,0.1,0.1,0.1,5,3;5;4,2.1027,2.1111,2.0031,0.0034,1.5727,0.9843,0.401,-4.737,0.05,0.05
tool_heavy,0.65,0.1,0.75,0.7,0.1,0.1,0.1,5,3;5;4,2.1027,2.1111,2.1102,0.0018,1.5727,0.9843,0.401,0.358,0.15,0.0
tool_heavy,0.65,0.1,0.75,0.7,0.1,0.1,0.1,5,3;5;4,2.1027,2.1111,2.0529,0.0226,1.5727,0.9843,0.401,-2.369,0.15,0.02
tool_heavy,0.65,0.1,0.75,0.7,0.1,0.1,0.1,5,3;5;4,2.1027,2.1111,1.9808,0.0305,1.5727,0.9843,0.401,-5.799,0.15,0.05
tool_heavy,0.65,0.1,0.75,0.7,0.1,0.1,0.2,3,2;3;3,1.6596,1.6609,1.6609,0.0,1.4417,0.9939,0.081,0.081,0.0,0.0
tool_heavy,0.65,0.1,0.75,0.7,0.1,0.1,0.2,3,2;3;3,1.6596,1.6609,1.6277,0.0,1.4417,0.9939,0.081,-1.921,0.0,0.02
tool_heavy,0.65,0.1,0.75,0.7,0.1,0.1,0.2,3,2;3;3,1.6596,1.6609,1.5779,0.0,1.4417,0.9939,0.081,-4.923,0.0,0.05
tool_heavy,0.65,0.1,0.75,0.7,0.1,0.1,0.2,3,2;3;3,1.6596,1.6609,1.6609,0.0,1.4417,0.9939,0.081,0.081,0.05,0.0
tool_heavy,0.65,0.1,0.75,0.7,0.1,0.1,0.2,3,2;3;3,1.6596,1.6609,1.6191,0.0154,1.4417,0.9939,0.081,-2.438,0.05,0.02
tool_heavy,0.65,0.1,0.75,0.7,0.1,0.1,0.2,3,2;3;3,1.6596,1.6609,1.5776,0.0005,1.4417,0.9939,0.081,-4.939,0.05,0.05
tool_heavy,0.65,0.1,0.75,0.7,0.1,0.1,0.2,3,2;3;3,1.6596,1.6609,1.6517,0.0179,1.4417,0.9939,0.081,-0.479,0.15,0.0
tool_heavy,0.65,0.1,0.75,0.7,0.1,0.1,0.2,3,2;3;3,1.6596,1.6609,1.626,0.0017,1.4417,0.9939,0.081,-2.026,0.15,0.02
tool_heavy,0.65,0.1,0.75,0.7,0.1,0.1,0.2,3,2;3;3,1.6596,1.6609,1.5772,0.0014,1.4417,0.9939,0.081,-4.966,0.15,0.05
tool_heavy,0.65,0.1,0.75,0.7,0.1,0.1,0.4,2,1;2;2,1.2578,1.2605,1.2605,0.0,1.2357,0.8903,0.216,0.216,0.0,0.0
tool_heavy,0.65,0.1,0.75,0.7,0.1,0.1,0.4,2,1;2;2,1.2578,1.2605,1.2353,0.0,1.2357,0.8903,0.216,-1.788,0.0,0.02
tool_heavy,0.65,0.1,0.75,0.7,0.1,0.1,0.4,2,1;2;2,1.2578,1.2605,1.1975,0.0,1.2357,0.8903,0.216,-4.795,0.0,0.05
tool_heavy,0.65,0.1,0.75,0.7,0.1,0.1,0.4,2,1;2;2,1.2578,1.2605,1.2605,0.0,1.2357,0.8903,0.216,0.216,0.05,0.0
tool_heavy,0.65,0.1,0.75,0.7,0.1,0.1,0.4,2,1;2;2,1.2578,1.2605,1.2305,0.0095,1.2357,0.8903,0.216,-2.167,0.05,0.02
tool_heavy,0.65,0.1,0.75,0.7,0.1,0.1,0.4,2,1;2;2,1.2578,1.2605,1.1975,0.0,1.2357,0.8903,0.216,-4.795,0.05,0.05
tool_heavy,0.65,0.1,0.75,0.7,0.1,0.1,0.4,2,1;2;2,1.2578,1.2605,1.26,0.0011,1.2357,0.8903,0.216,0.173,0.15,0.0
tool_heavy,0.65,0.1,0.75,0.7,0.1,0.1,0.4,2,1;2;2,1.2578,1.2605,1.2258,0.0117,1.2357,0.8903,0.216,-2.546,0.15,0.02
tool_heavy,0.65,0.1,0.75,0.7,0.1,0.1,0.4,2,1;2;2,1.2578,1.2605,1.1975,0.0,1.2357,0.8903,0.216,-4.795,0.15,0.05
tool_heavy,0.65,0.2,0.85,0.75,0.2,0.2,0.05,9,5;10;7,3.2998,3.3351,3.3351,0.0,1.7238,0.9781,1.069,1.069,0.0,0.0
tool_heavy,0.65,0.2,0.85,0.75,0.2,0.2,0.05,9,5;10;7,3.2998,3.3351,3.2684,0.0,1.7238,0.9781,1.069,-0.953,0.0,0.02
tool_heavy,0.65,0.2,0.85,0.75,0.2,0.2,0.05,9,5;10;7,3.2998,3.3351,3.1683,0.0,1.7238,0.9781,1.069,-3.985,0.0,0.05
tool_heavy,0.65,0.2,0.85,0.75,0.2,0.2,0.05,9,5;10;7,3.2998,3.3351,3.2821,0.1061,1.7238,0.9781,1.069,-0.538,0.05,0.0
tool_heavy,0.65,0.2,0.85,0.75,0.2,0.2,0.05,9,5;10;7,3.2998,3.3351,3.2684,0.0,1.7238,0.9781,1.069,-0.953,0.05,0.02
tool_heavy,0.65,0.2,0.85,0.75,0.2,0.2,0.05,9,5;10;7,3.2998,3.3351,3.1483,0.0281,1.7238,0.9781,1.069,-4.591,0.05,0.05
tool_heavy,0.65,0.2,0.85,0.75,0.2,0.2,0.05,9,5;10;7,3.2998,3.3351,3.3261,0.011,1.7238,0.9781,1.069,0.796,0.15,0.0
tool_heavy,0.65,0.2,0.85,0.75,0.2,0.2,0.05,9,5;10;7,3.2998,3.3351,3.2626,0.0086,1.7238,0.9781,1.069,-1.129,0.15,0.02
tool_heavy,0.65,0.2,0.85,0.75,0.2,0.2,0.05,9,5;10;7,3.2998,3.3351,3.1179,0.1008,1.7238,0.9781,1.069,-5.512,0.15,0.05
tool_heavy,0.65,0.2,0.85,0.75,0.2,0.2,0.1,6,3;7;5,2.5847,2.616,2.616,0.0,1.6455,0.9677,1.212,1.212,0.0,0.0
tool_heavy,0.65,0.2,0.85,0.75,0.2,0.2,0.1,6,3;7;5,2.5847,2.616,2.5637,0.0,1.6455,0.9677,1.212,-0.813,0.0,0.02
tool_heavy,0.65,0.2,0.85,0.75,0.2,0.2,0.1,6,3;7;5,2.5847,2.616,2.4852,0.0,1.6455,0.9677,1.212,-3.849,0.0,0.05
tool_heavy,0.65,0.2,0.85,0.75,0.2,0.2,0.1,6,3;7;5,2.5847,2.616,2.6152,0.0018,1.6455,0.9677,1.212,1.177,0.05,0.0
tool_heavy,0.65,0.2,0.85,0.75,0.2,0.2,0.1,6,3;7;5,2.5847,2.616,2.5629,0.0017,1.6455,0.9677,1.212,-0.846,0.05,0.02
tool_heavy,0.65,0.2,0.85,0.75,0.2,0.2,0.1,6,3;7;5,2.5847,2.616,2.474,0.0225,1.6455,0.9677,1.212,-4.285,0.05,0.05
tool_heavy,0.65,0.2,0.85,0.75,0.2,0.2,0.1,6,3;7;5,2.5847,2.616,2.5488,0.1162,1.6455,0.9677,1.212,-1.389,0.15,0.0
tool_heavy,0.65,0.2,0.85,0.75,0.2,0.2,0.1,6,3;7;5,2.5847,2.616,2.5602,0.007,1.6455,0.9677,1.212,-0.947,0.15,0.02
tool_heavy,0.65,0.2,0.85,0.75,0.2,0.2,0.1,6,3;7;5,2.5847,2.616,2.4731,0.0222,1.6455,0.9677,1.212,-4.318,0.15,0.05
tool_heavy,0.65,0.2,0.85,0.75,0.2,0.2,0.2,4,2;5;3,1.9215,1.9432,1.9432,0.0,1.5083,0.9503,1.125,1.125,0.0,0.0
tool_heavy,0.65,0.2,0.85,0.75,0.2,0.2,0.2,4,2;5;3,1.9215,1.9432,1.9043,0.0,1.5083,0.9503,1.125,-0.898,0.0,0.02
tool_heavy,0.65,0.2,0.85,0.75,0.2,0.2,0.2,4,2;5;3,1.9215,1.9432,1.846,0.0,1.5083,0.9503,1.125,-3.931,0.0,0.05
tool_heavy,0.65,0.2,0.85,0.75,0.2,0.2,0.2,4,2;5;3,1.9215,1.9432,1.9432,0.0,1.5083,0.9503,1.125,1.125,0.05,0.0
tool_heavy,0.65,0.2,0.85,0.75,0.2,0.2,0.2,4,2;5;3,1.9215,1.9432,1.8901,0.0225,1.5083,0.9503,1.125,-1.634,0.05,0.02
tool_heavy,0.65,0.2,0.85,0.75,0.2,0.2,0.2,4,2;5;3,1.9215,1.9432,1.846,0.0,1.5083,0.9503,1.125,-3.931,0.05,0.05
tool_heavy,0.65,0.2,0.85,0.75,0.2,0.2,0.2,4,2;5;3,1.9215,1.9432,1.9374,0.0108,1.5083,0.9503,1.125,0.826,0.15,0.0
tool_heavy,0.65,0.2,0.85,0.75,0.2,0.2,0.2,4,2;5;3,1.9215,1.9432,1.8876,0.0267,1.5083,0.9503,1.125,-1.764,0.15,0.02
tool_heavy,0.65,0.2,0.85,0.75,0.2,0.2,0.2,4,2;5;3,1.9215,1.9432,1.8381,0.0102,1.5083,0.9503,1.125,-4.344,0.15,0.05
tool_heavy,0.65,0.2,0.85,0.75,0.2,0.2,0.4,2,1;3;2,1.3725,1.3887,1.3887,0.0,1.2929,0.8307,1.182,1.182,0.0,0.0
tool_heavy,0.65,0.2,0.85,0.75,0.2,0.2,0.4,2,1;3;2,1.3725,1.3887,1.361,0.0,1.2929,0.8307,1.182,-0.841,0.0,0.02
tool_heavy,0.65,0.2,0.85,0.75,0.2,0.2,0.4,2,1;3;2,1.3725,1.3887,1.3193,0.0,1.2929,0.8307,1.182,-3.877,0.0,0.05
tool_heavy,0.65,0.2,0.85,0.75,0.2,0.2,0.4,2,1;3;2,1.3725,1.3887,1.3873,0.0028,1.2929,0.8307,1.182,1.081,0.05,0.0
tool_heavy,0.65,0.2,0.85,0.75,0.2,0.2,0.4,2,1;3;2,1.3725,1.3887,1.3574,0.0045,1.2929,0.8307,1.182,-1.1,0.05,0.02
tool_heavy,0.65,0.2,0.85,0.75,0.2,0.2,0.4,2,1;3;2,1.3725,1.3887,1.3193,0.0,1.2929,0.8307,1.182,-3.877,0.05,0.05
tool_heavy,0.65,0.2,0.85,0.75,0.2,0.2,0.4,2,1;3;2,1.3725,1.3887,1.3844,0.0056,1.2929,0.8307,1.182,0.864,0.15,0.0
tool_heavy,0.65,0.2,0.85,0.75,0.2,0.2,0.4,2,1;3;2,1.3725,1.3887,1.3435,0.0349,1.2929,0.8307,1.182,-2.111,0.15,0.02
tool_heavy,0.65,0.2,0.85,0.75,0.2,0.2,0.4,2,1;3;2,1.3725,1.3887,1.3193,0.0,1.2929,0.8307,1.182,-3.877,0.15,0.05
tool_heavy,0.65,0.3,0.95,0.8,0.3,0.3,0.05,19,5;21;8,5.2591,5.4495,5.4495,0.0,1.8,0.9478,3.62,3.62,0.0,0.0
tool_heavy,0.65,0.3,0.95,0.8,0.3,0.3,0.05,19,5;21;8,5.2591,5.4495,5.3405,0.0,1.8,0.9478,3.62,1.548,0.0,0.02
tool_heavy,0.65,0.3,0.95,0.8,0.3,0.3,0.05,19,5;21;8,5.2591,5.4495,5.177,0.0,1.8,0.9478,3.62,-1.561,0.0,0.05
tool_heavy,0.65,0.3,0.95,0.8,0.3,0.3,0.05,19,5;21;8,5.2591,5.4495,5.4495,0.0,1.8,0.9478,3.62,3.62,0.05,0.0
tool_heavy,0.65,0.3,0.95,0.8,0.3,0.3,0.05,19,5;21;8,5.2591,5.4495,5.3405,0.0,1.8,0.9478,3.62,1.548,0.05,0.02
tool_heavy,0.65,0.3,0.95,0.8,0.3,0.3,0.05,19,5;21;8,5.2591,5.4495,5.1515,0.051,1.8,0.9478,3.62,-2.046,0.05,0.05
tool_heavy,0.65,0.3,0.95,0.8,0.3,0.3,0.05,19,5;21;8,5.2591,5.4495,5.2628,0.3678,1.8,0.9478,3.62,0.069,0.15,0.0
tool_heavy,0.65,0.3,0.95,0.8,0.3,0.3,0.05,19,5;21;8,5.2591,5.4495,5.335,0.011,1.8,0.9478,3.62,1.443,0.15,0.02
tool_heavy,0.65,0.3,0.95,0.8,0.3,0.3,0.05,19,5;21;8,5.2591,5.4495,5.1749,0.0044,1.8,0.9478,3.62,-1.603,0.15,0.05
tool_heavy,0.65,0.3,0.95,0.8,0.3,0.3,0.1,13,3;15;6,3.6581,3.8098,3.8098,0.0,1.7182,0.9275,4.146,4.146,0.0,0.0
tool_heavy,0.65,0.3,0.95,0.8,0.3,0.3,0.1,13,3;15;6,3.6581,3.8098,3.7336,0.0,1.7182,0.9275,4.146,2.064,0.0,0.02
tool_heavy,0.65,0.3,0.95,0.8,0.3,0.3,0.1,13,3;15;6,3.6581,3.8098,3.6193,0.0,1.7182,0.9275,4.146,-1.061,0.0,0.05
tool_heavy,0.65,0.3,0.95,0.8,0.3,0.3,0.1,13,3;15;6,3.6581,3.8098,3.8098,0.0,1.7182,0.9275,4.146,4.146,0.05,0.0
tool_heavy,0.65,0.3,0.95,0.8,0.3,0.3,0.1,13,3;15;6,3.6581,3.8098,3.7336,0.0,1.7182,0.9275,4.146,2.064,0.05,0.02
tool_heavy,0.65,0.3,0.95,0.8,0.3,0.3,0.1,13,3;15;6,3.6581,3.8098,3.6193,0.0,1.7182,0.9275,4.146,-1.061,0.05,0.05
tool_heavy,0.65,0.3,0.95,0.8,0.3,0.3,0.1,13,3;15;6,3.6581,3.8098,3.8076,0.0043,1.7182,0.9275,4.146,4.088,0.15,0.0
tool_heavy,0.65,0.3,0.95,0.8,0.3,0.3,0.1,13,3;15;6,3.6581,3.8098,3.6999,0.0429,1.7182,0.9275,4.146,1.144,0.15,0.02
tool_heavy,0.65,0.3,0.95,0.8,0.3,0.3,0.1,13,3;15;6,3.6581,3.8098,3.3069,0.4248,1.7182,0.9275,4.146,-9.6,0.15,0.05
tool_heavy,0.65,0.3,0.95,0.8,0.3,0.3,0.2,8,2;10;4,2.4316,2.5338,2.5338,0.0,1.575,0.8934,4.205,4.205,0.0,0.0
tool_heavy,0.65,0.3,0.95,0.8,0.3,0.3,0.2,8,2;10;4,2.4316,2.5338,2.4831,0.0,1.575,0.8934,4.205,2.121,0.0,0.02
tool_heavy,0.65,0.3,0.95,0.8,0.3,0.3,0.2,8,2;10;4,2.4316,2.5338,2.4071,0.0,1.575,0.8934,4.205,-1.006,0.0,0.05
tool_heavy,0.65,0.3,0.95,0.8,0.3,0.3,0.2,8,2;10;4,2.4316,2.5338,2.5338,0.0,1.575,0.8934,4.205,4.205,0.05,0.0
tool_heavy,0.65,0.3,0.95,0.8,0.3,0.3,0.2,8,2;10;4,2.4316,2.5338,2.4782,0.0098,1.575,0.8934,4.205,1.92,0.05,0.02
tool_heavy,0.65,0.3,0.95,0.8,0.3,0.3,0.2,8,2;10;4,2.4316,2.5338,2.4071,0.0,1.575,0.8934,4.205,-1.006,0.05,0.05
tool_heavy,0.65,0.3,0.95,0.8,0.3,0.3,0.2,8,2;10;4,2.4316,2.5338,2.3921,0.2239,1.575,0.8934,4.205,-1.622,0.15,0.0
tool_heavy,0.65,0.3,0.95,0.8,0.3,0.3,0.2,8,2;10;4,2.4316,2.5338,2.3668,0.2327,1.575,0.8934,4.205,-2.665,0.15,0.02
tool_heavy,0.65,0.3,0.95,0.8,0.3,0.3,0.2,8,2;10;4,2.4316,2.5338,2.3576,0.0954,1.575,0.8934,4.205,-3.041,0.15,0.05
tool_heavy,0.65,0.3,0.95,0.8,0.3,0.3,0.4,4,1;6;2,1.5738,1.6311,1.6311,0.0,1.35,0.7962,3.64,3.64,0.0,0.0
tool_heavy,0.65,0.3,0.95,0.8,0.3,0.3,0.4,4,1;6;2,1.5738,1.6311,1.5985,0.0,1.35,0.7962,3.64,1.567,0.0,0.02
tool_heavy,0.65,0.3,0.95,0.8,0.3,0.3,0.4,4,1;6;2,1.5738,1.6311,1.5496,0.0,1.35,0.7962,3.64,-1.542,0.0,0.05
tool_heavy,0.65,0.3,0.95,0.8,0.3,0.3,0.4,4,1;6;2,1.5738,1.6311,1.6045,0.0531,1.35,0.7962,3.64,1.952,0.05,0.0
tool_heavy,0.65,0.3,0.95,0.8,0.3,0.3,0.4,4,1;6;2,1.5738,1.6311,1.5461,0.1047,1.35,0.7962,3.64,-1.76,0.05,0.02
tool_heavy,0.65,0.3,0.95,0.8,0.3,0.3,0.4,4,1;6;2,1.5738,1.6311,1.4916,0.0989,1.35,0.7962,3.64,-5.225,0.05,0.05
tool_heavy,0.65,0.3,0.95,0.8,0.3,0.3,0.4,4,1;6;2,1.5738,1.6311,1.5963,0.0511,1.35,0.7962,3.64,1.426,0.15,0.0
tool_heavy,0.65,0.3,0.95,0.8,0.3,0.3,0.4,4,1;6;2,1.5738,1.6311,1.5692,0.0573,1.35,0.7962,3.64,-0.295,0.15,0.02
tool_heavy,0.65,0.3,0.95,0.8,0.3,0.3,0.4,4,1;6;2,1.5738,1.6311,1.5422,0.0147,1.35,0.7962,3.64,-2.009,0.15,0.05
tool_heavy,0.75,-0.3,0.45,0.6,0.3,0.3,0.05,4,7;3;4,1.6795,1.7122,1.7122,0.0,1.4381,0.8807,1.947,1.947,0.0,0.0
tool_heavy,0.75,-0.3,0.45,0.6,0.3,0.3,0.05,4,7;3;4,1.6795,1.7122,1.678,0.0,1.4381,0.8807,1.947,-0.092,0.0,0.02
tool_heavy,0.75,-0.3,0.45,0.6,0.3,0.3,0.05,4,7;3;4,1.6795,1.7122,1.6266,0.0,1.4381,0.8807,1.947,-3.15,0.0,0.05
tool_heavy,0.75,-0.3,0.45,0.6,0.3,0.3,0.05,4,7;3;4,1.6795,1.7122,1.7122,0.0,1.4381,0.8807,1.947,1.947,0.05,0.0
tool_heavy,0.75,-0.3,0.45,0.6,0.3,0.3,0.05,4,7;3;4,1.6795,1.7122,1.674,0.0079,1.4381,0.8807,1.947,-0.327,0.05,0.02
tool_heavy,0.75,-0.3,0.45,0.6,0.3,0.3,0.05,4,7;3;4,1.6795,1.7122,1.6038,0.0457,1.4381,0.8807,1.947,-4.51,0.05,0.05
tool_heavy,0.75,-0.3,0.45,0.6,0.3,0.3,0.05,4,7;3;4,1.6795,1.7122,1.7111,0.0023,1.4381,0.8807,1.947,1.878,0.15,0.0
tool_heavy,0.75,-0.3,0.45,0.6,0.3,0.3,0.05,4,7;3;4,1.6795,1.7122,1.6533,0.0494,1.4381,0.8807,1.947,-1.562,0.15,0.02
tool_heavy,0.75,-0.3,0.45,0.6,0.3,0.3,0.05,4,7;3;4,1.6795,1.7122,1.6255,0.0022,1.4381,0.8807,1.947,-3.216,0.15,0.05
tool_heavy,0.75,-0.3,0.45,0.6,0.3,0.3,0.1,3,5;2;3,1.484,1.5179,1.5179,0.0,1.3727,0.7662,2.288,2.288,0.0,0.0
tool_heavy,0.75,-0.3,0.45,0.6,0.3,0.3,0.1,3,5;2;3,1.484,1.5179,1.4876,0.0,1.3727,0.7662,2.288,0.242,0.0,0.02
tool_heavy,0.75,-0.3,0.45,0.6,0.3,0.3,0.1,3,5;2;3,1.484,1.5179,1.442,0.0,1.3727,0.7662,2.288,-2.826,0.0,0.05
tool_heavy,0.75,-0.3,0.45,0.6,0.3,0.3,0.1,3,5;2;3,1.484,1.5179,1.5179,0.0,1.3727,0.7662,2.288,2.288,0.05,0.0
tool_heavy,0.75,-0.3,0.45,0.6,0.3,0.3,0.1,3,5;2;3,1.484,1.5179,1.4876,0.0,1.3727,0.7662,2.288,0.242,0.05,0.02
tool_heavy,0.75,-0.3,0.45,0.6,0.3,0.3,0.1,3,5;2;3,1.484,1.5179,1.442,0.0,1.3727,0.7662,2.288,-2.826,0.05,0.05
tool_heavy,0.75,-0.3,0.45,0.6,0.3,0.3,0.1,3,5;2;3,1.484,1.5179,1.5043,0.0115,1.3727,0.7662,2.288,1.372,0.15,0.0
tool_heavy,0.75,-0.3,0.45,0.6,0.3,0.3,0.1,3,5;2;3,1.484,1.5179,1.4806,0.0101,1.3727,0.7662,2.288,-0.225,0.15,0.02
tool_heavy,0.75,-0.3,0.45,0.6,0.3,0.3,0.1,3,5;2;3,1.484,1.5179,1.4188,0.0466,1.3727,0.7662,2.288,-4.395,0.15,0.05
tool_heavy,0.75,-0.3,0.45,0.6,0.3,0.3,0.2,2,3;1;2,1.2714,1.2967,1.2967,0.0,1.2583,0.341,1.99,1.99,0.0,0.0
tool_heavy,0.75,-0.3,0.45,0.6,0.3,0.3,0.2,2,3;1;2,1.2714,1.2967,1.2708,0.0,1.2583,0.341,1.99,-0.05,0.0,0.02
tool_heavy,0.75,-0.3,0.45,0.6,0.3,0.3,0.2,2,3;1;2,1.2714,1.2967,1.2319,0.0,1.2583,0.341,1.99,-3.109,0.0,0.05
tool_heavy,0.75,-0.3,0.45,0.6,0.3,0.3,0.2,2,3;1;2,1.2714,1.2967,1.2967,0.0,1.2583,0.341,1.99,1.99,0.05,0.0
tool_heavy,0.75,-0.3,0.45,0.6,0.3,0.3,0.2,2,3;1;2,1.2714,1.2967,1.2708,0.0,1.2583,0.341,1.99,-0.05,0.05,0.02
tool_heavy,0.75,-0.3,0.45,0.6,0.3,0.3,0.2,2,3;1;2,1.2714,1.2967,1.2319,0.0,1.2583,0.341,1.99,-3.109,0.05,0.05
tool_heavy,0.75,-0.3,0.45,0.6,0.3,0.3,0.2,2,3;1;2,1.2714,1.2967,1.2751,0.0322,1.2583,0.341,1.99,0.29,0.15,0.0
tool_heavy,0.75,-0.3,0.45,0.6,0.3,0.3,0.2,2,3;1;2,1.2714,1.2967,1.2697,0.0022,1.2583,0.341,1.99,-0.138,0.15,0.02
tool_heavy,0.75,-0.3,0.45,0.6,0.3,0.3,0.2,2,3;1;2,1.2714,1.2967,1.1994,0.0399,1.2583,0.341,1.99,-5.668,0.15,0.05
tool_heavy,0.75,-0.3,0.45,0.6,0.3,0.3,0.4,1,2;1;1,1.0786,1.082,1.082,0.0,1.0786,0.0,0.322,0.322,0.0,0.0
tool_heavy,0.75,-0.3,0.45,0.6,0.3,0.3,0.4,1,2;1;1,1.0786,1.082,1.0604,0.0,1.0786,0.0,0.322,-1.685,0.0,0.02
tool_heavy,0.75,-0.3,0.45,0.6,0.3,0.3,0.4,1,2;1;1,1.0786,1.082,1.0279,0.0,1.0786,0.0,0.322,-4.694,0.0,0.05
tool_heavy,0.75,-0.3,0.45,0.6,0.3,0.3,0.4,1,2;1;1,1.0786,1.082,1.0813,0.0014,1.0786,0.0,0.322,0.258,0.05,0.0
tool_heavy,0.75,-0.3,0.45,0.6,0.3,0.3,0.4,1,2;1;1,1.0786,1.082,1.0597,0.0014,1.0786,0.0,0.322,-1.748,0.05,0.02
tool_heavy,0.75,-0.3,0.45,0.6,0.3,0.3,0.4,1,2;1;1,1.0786,1.082,1.0273,0.0013,1.0786,0.0,0.322,-4.755,0.05,0.05
tool_heavy,0.75,-0.3,0.45,0.6,0.3,0.3,0.4,1,2;1;1,1.0786,1.082,1.0656,0.0329,1.0786,0.0,0.322,-1.205,0.15,0.0
tool_heavy,0.75,-0.3,0.45,0.6,0.3,0.3,0.4,1,2;1;1,1.0786,1.082,1.0421,0.0315,1.0786,0.0,0.322,-3.377,0.15,0.02
tool_heavy,0.75,-0.3,0.45,0.6,0.3,0.3,0.4,1,2;1;1,1.0786,1.082,1.0252,0.004,1.0786,0.0,0.322,-4.945,0.15,0.05
tool_heavy,0.75,-0.2,0.55,0.65,0.2,0.2,0.05,4,7;4;5,1.9062,1.9204,1.9204,0.0,1.5143,0.9652,0.741,0.741,0.0,0.0
tool_heavy,0.75,-0.2,0.55,0.65,0.2,0.2,0.05,4,7;4;5,1.9062,1.9204,1.8819,0.0,1.5143,0.9652,0.741,-1.274,0.0,0.02
tool_heavy,0.75,-0.2,0.55,0.65,0.2,0.2,0.05,4,7;4;5,1.9062,1.9204,1.8243,0.0,1.5143,0.9652,0.741,-4.296,0.0,0.05
tool_heavy,0.75,-0.2,0.55,0.65,0.2,0.2,0.05,4,7;4;5,1.9062,1.9204,1.9204,0.0,1.5143,0.9652,0.741,0.741,0.05,0.0
tool_heavy,0.75,-0.2,0.55,0.65,0.2,0.2,0.05,4,7;4;5,1.9062,1.9204,1.8819,0.0,1.5143,0.9652,0.741,-1.274,0.05,0.02
tool_heavy,0.75,-0.2,0.55,0.65,0.2,0.2,0.05,4,7;4;5,1.9062,1.9204,1.8243,0.0,1.5143,0.9652,0.741,-4.296,0.05,0.05
tool_heavy,0.75,-0.2,0.55,0.65,0.2,0.2,0.05,4,7;4;5,1.9062,1.9204,1.8874,0.0316,1.5143,0.9652,0.741,-0.989,0.15,0.0
tool_heavy,0.75,-0.2,0.55,0.65,0.2,0.2,0.05,4,7;4;5,1.9062,1.9204,1.8792,0.0047,1.5143,0.9652,0.741,-1.419,0.15,0.02
tool_heavy,0.75,-0.2,0.55,0.65,0.2,0.2,0.05,4,7;4;5,1.9062,1.9204,1.8151,0.0074,1.5143,0.9652,0.741,-4.78,0.15,0.05
tool_heavy,0.75,-0.2,0.55,0.65,0.2,0.2,0.1,3,5;3;3,1.6585,1.6674,1.6674,0.0,1.4455,0.96,0.535,0.535,0.0,0.0
tool_heavy,0.75,-0.2,0.55,0.65,0.2,0.2,0.1,3,5;3;3,1.6585,1.6674,1.634,0.0,1.4455,0.96,0.535,-1.476,0.0,0.02
tool_heavy,0.75,-0.2,0.55,0.65,0.2,0.2,0.1,3,5;3;3,1.6585,1.6674,1.584,0.0,1.4455,0.96,0.535,-4.492,0.0,0.05
tool_heavy,0.75,-0.2,0.55,0.65,0.2,0.2,0.1,3,5;3;3,1.6585,1.6674,1.6674,0.0,1.4455,0.96,0.535,0.535,0.05,0.0
tool_heavy,0.75,-0.2,0.55,0.65,0.2,0.2,0.1,3,5;3;3,1.6585,1.6674,1.634,0.0,1.4455,0.96,0.535,-1.476,0.05,0.02
tool_heavy,0.75,-0.2,0.55,0.65,0.2,0.2,0.1,3,5;3;3,1.6585,1.6674,1.584,0.0,1.4455,0.96,0.535,-4.492,0.05,0.05
tool_heavy,0.75,-0.2,0.55,0.65,0.2,0.2,0.1,3,5;3;3,1.6585,1.6674,1.6603,0.0066,1.4455,0.96,0.535,0.107,0.15,0.0
tool_heavy,0.75,-0.2,0.55,0.65,0.2,0.2,0.1,3,5;3;3,1.6585,1.6674,1.634,0.0,1.4455,0.96,0.535,-1.476,0.15,0.02
tool_heavy,0.75,-0.2,0.55,0.65,0.2,0.2,0.1,3,5;3;3,1.6585,1.6674,1.584,0.0,1.4455,0.96,0.535,-4.492,0.15,0.05
tool_heavy,0.75,-0.2,0.55,0.65,0.2,0.2,0.2,2,3;2;2,1.3875,1.3932,1.3932,0.0,1.325,0.9162,0.412,0.412,0.0,0.0
tool_heavy,0.75,-0.2,0.55,0.65,0.2,0.2,0.2,2,3;2;2,1.3875,1.3932,1.3654,0.0,1.325,0.9162,0.412,-1.596,0.0,0.02
tool_heavy,0.75,-0.2,0.55,0.65,0.2,0.2,0.2,2,3;2;2,1.3875,1.3932,1.3236,0.0,1.325,0.9162,0.412,-4.608,0.0,0.05
tool_heavy,0.75,-0.2,0.55,0.65,0.2,0.2,0.2,2,3;2;2,1.3875,1.3932,1.3932,0.0,1.325,0.9162,0.412,0.412,0.05,0.0
tool_heavy,0.75,-0.2,0.55,0.65,0.2,0.2,0.2,2,3;2;2,1.3875,1.3932,1.3631,0.0027,1.325,0.9162,0.412,-1.758,0.05,0.02
tool_heavy,0.75,-0.2,0.55,0.65,0.2,0.2,0.2,2,3;2;2,1.3875,1.3932,1.3236,0.0,1.325,0.9162,0.412,-4.608,0.05,0.05
tool_heavy,0.75,-0.2,0.55,0.65,0.2,0.2,0.2,2,3;2;2,1.3875,1.3932,1.3921,0.0023,1.325,0.9162,0.412,0.33,0.15,0.0
tool_heavy,0.75,-0.2,0.55,0.65,0.2,0.2,0.2,2,3;2;2,1.3875,1.3932,1.3648,0.0011,1.325,0.9162,0.412,-1.634,0.15,0.02
tool_heavy,0.75,-0.2,0.55,0.65,0.2,0.2,0.2,2,3;2;2,1.3875,1.3932,1.3061,0.0214,1.325,0.9162,0.412,-5.864,0.15,0.05
tool_heavy,0.75,-0.2,0.55,0.65,0.2,0.2,0.4,1,2;1;1,1.1357,1.1392,1.1392,0.0,1.1357,0.0,0.306,0.306,0.0,0.0
tool_heavy,0.75,-0.2,0.55,0.65,0.2,0.2,0.4,1,2;1;1,1.1357,1.1392,1.1164,0.0,1.1357,0.0,0.306,-1.7,0.0,0.02
tool_heavy,0.75,-0.2,0.55,0.65,0.2,0.2,0.4,1,2;1;1,1.1357,1.1392,1.0822,0.0,1.1357,0.0,0.306,-4.71,0.0,0.05
tool_heavy,0.75,-0.2,0.55,0.65,0.2,0.2,0.4,1,2;1;1,1.1357,1.1392,1.1385,0.0014,1.1357,0.0,0.306,0.245,0.05,0.0
tool_heavy,0.75,-0.2,0.55,0.65,0.2,0.2,0.4,1,2;1;1,1.1357,1.1392,1.1157,0.0014,1.1357,0.0,0.306,-1.76,0.05,0.02
tool_heavy,0.75,-0.2,0.55,0.65,0.2,0.2,0.4,1,2;1;1,1.1357,1.1392,1.0719,0.0207,1.1357,0.0,0.306,-5.623,0.05,0.05
tool_heavy,0.75,-0.2,0.55,0.65,0.2,0.2,0.4,1,2;1;1,1.1357,1.1392,1.1381,0.0022,1.1357,0.0,0.306,0.21,0.15,0.0
tool_heavy,0.75,-0.2,0.55,0.65,0.2,0.2,0.4,1,2;1;1,1.1357,1.1392,1.1157,0.0014,1.1357,0.0,0.306,-1.76,0.15,0.02
tool_heavy,0.75,-0.2,0.55,0.65,0.2,0.2,0.4,1,2;1;1,1.1357,1.1392,1.0816,0.0013,1.1357,0.0,0.306,-4.768,0.15,0.05
tool_heavy,0.75,-0.1,0.65,0.7,0.1,0.1,0.05,5,7;5;6,2.213,2.2166,2.2166,0.0,1.5905,0.9943,0.162,0.162,0.0,0.0
tool_heavy,0.75,-0.1,0.65,0.7,0.1,0.1,0.05,5,7;5;6,2.213,2.2166,2.1722,0.0,1.5905,0.9943,0.162,-1.841,0.0,0.02
tool_heavy,0.75,-0.1,0.65,0.7,0.1,0.1,0.05,5,7;5;6,2.213,2.2166,2.1057,0.0,1.5905,0.9943,0.162,-4.846,0.0,0.05
tool_heavy,0.75,-0.1,0.65,0.7,0.1,0.1,0.05,5,7;5;6,2.213,2.2166,2.2166,0.0,1.5905,0.9943,0.162,0.162,0.05,0.0
tool_heavy,0.75,-0.1,0.65,0.7,0.1,0.1,0.05,5,7;5;6,2.213,2.2166,2.1722,0.0,1.5905,0.9943,0.162,-1.841,0.05,0.02
tool_heavy,0.75,-0.1,0.65,0.7,0.1,0.1,0.05,5,7;5;6,2.213,2.2166,2.1057,0.0,1.5905,0.9943,0.162,-4.846,0.05,0.05
tool_heavy,0.75,-0.1,0.65,0.7,0.1,0.1,0.05,5,7;5;6,2.213,2.2166,2.2126,0.0063,1.5905,0.9943,0.162,-0.018,0.15,0.0
tool_heavy,0.75,-0.1,0.65,0.7,0.1,0.1,0.05,5,7;5;6,2.213,2.2166,2.1634,0.0177,1.5905,0.9943,0.162,-2.24,0.15,0.02
tool_heavy,0.75,-0.1,0.65,0.7,0.1,0.1,0.05,5,7;5;6,2.213,2.2166,2.0972,0.0171,1.5905,0.9943,0.162,-5.233,0.15,0.05
tool_heavy,0.75,-0.1,0.65,0.7,0.1,0.1,0.1,4,5;3;4,1.8769,1.8792,1.8792,0.0,1.5182,0.9936,0.123,0.123,0.0,0.0
tool_heavy,0.75,-0.1,0.65,0.7,0.1,0.1,0.1,4,5;3;4,1.8769,1.8792,1.8416,0.0,1.5182,0.9936,0.123,-1.879,0.0,0.02
tool_heavy,0.75,-0.1,0.65,0.7,0.1,0.1,0.1,4,5;3;4,1.8769,1.8792,1.7852,0.0,1.5182,0.9936,0.123,-4.883,0.0,0.05
tool_heavy,0.75,-0.1,0.65,0.7,0.1,0.1,0.1,4,5;3;4,1.8769,1.8792,1.8792,0.0,1.5182,0.9936,0.123,0.123,0.05,0.0
tool_heavy,0.75,-0.1,0.65,0.7,0.1,0.1,0.1,4,5;3;4,1.8769,1.8792,1.8347,0.0119,1.5182,0.9936,0.123,-2.245,0.05,0.02
tool_heavy,0.75,-0.1,0.65,0.7,0.1,0.1,0.1,4,5;3;4,1.8769,1.8792,1.7836,0.0034,1.5182,0.9936,0.123,-4.973,0.05,0.05
tool_heavy,0.75,-0.1,0.65,0.7,0.1,0.1,0.1,4,5;3;4,1.8769,1.8792,1.8717,0.0144,1.5182,0.9936,0.123,-0.278,0.15,0.0
tool_heavy,0.75,-0.1,0.65,0.7,0.1,0.1,0.1,4,5;3;4,1.8769,1.8792,1.8396,0.0016,1.5182,0.9936,0.123,-1.987,0.15,0.02
tool_heavy,0.75,-0.1,0.65,0.7,0.1,0.1,0.1,4,5;3;4,1.8769,1.8792,1.7833,0.0025,1.5182,0.9936,0.123,-4.989,0.15,0.05
tool_heavy,0.75,-0.1,0.65,0.7,0.1,0.1,0.2,3,3;2;3,1.5144,1.5238,1.5238,0.0,1.3917,0.929,0.62,0.62,0.0,0.0
tool_heavy,0.75,-0.1,0.65,0.7,0.1,0.1,0.2,3,3;2;3,1.5144,1.5238,1.4933,0.0,1.3917,0.929,0.62,-1.393,0.0,0.02
tool_heavy,0.75,-0.1,0.65,0.7,0.1,0.1,0.2,3,3;2;3,1.5144,1.5238,1.4476,0.0,1.3917,0.929,0.62,-4.411,0.0,0.05
tool_heavy,0.75,-0.1,0.65,0.7,0.1,0.1,0.2,3,3;2;3,1.5144,1.5238,1.5208,0.0039,1.3917,0.929,0.62,0.42,0.05,0.0
tool_heavy,0.75,-0.1,0.65,0.7,0.1,0.1,0.2,3,3;2;3,1.5144,1.5238,1.4933,0.0,1.3917,0.929,0.62,-1.393,0.05,0.02
tool_heavy,0.75,-0.1,0.65,0.7,0.1,0.1,0.2,3,3;2;3,1.5144,1.5238,1.4447,0.0037,1.3917,0.929,0.62,-4.601,0.05,0.05
tool_heavy,0.75,-0.1,0.65,0.7,0.1,0.1,0.2,3,3;2;3,1.5144,1.5238,1.5219,0.0038,1.3917,0.929,0.62,0.496,0.15,0.0
tool_heavy,0.75,-0.1,0.65,0.7,0.1,0.1,0.2,3,3;2;3,1.5144,1.5238,1.4922,0.0022,1.3917,0.929,0.62,-1.467,0.15,0.02
tool_heavy,0.75,-0.1,0.65,0.7,0.1,0.1,0.2,3,3;2;3,1.5144,1.5238,1.4469,0.0014,1.3917,0.929,0.62,-4.459,0.15,0.05
tool_heavy,0.75,-0.1,0.65,0.7,0.1,0.1,0.4,1,2;1;2,1.1929,1.1968,1.1968,0.0,1.1929,0.0,0.331,0.331,0.0,0.0
tool_heavy,0.75,-0.1,0.65,0.7,0.1,0.1,0.4,1,2;1;2,1.1929,1.1968,1.1729,0.0,1.1929,0.0,0.331,-1.676,0.0,0.02
tool_heavy,0.75,-0.1,0.65,0.7,0.1,0.1,0.4,1,2;1;2,1.1929,1.1968,1.137,0.0,1.1929,0.0,0.331,-4.686,0.0,0.05
tool_heavy,0.75,-0.1,0.65,0.7,0.1,0.1,0.4,1,2;1;2,1.1929,1.1968,1.1923,0.009,1.1929,0.0,0.331,-0.046,0.05,0.0
tool_heavy,0.75,-0.1,0.65,0.7,0.1,0.1,0.4,1,2;1;2,1.1929,1.1968,1.1729,0.0,1.1929,0.0,0.331,-1.676,0.05,0.02
tool_heavy,0.75,-0.1,0.65,0.7,0.1,0.1,0.4,1,2;1;2,1.1929,1.1968,1.137,0.0,1.1929,0.0,0.331,-4.686,0.05,0.05
tool_heavy,0.75,-0.1,0.65,0.7,0.1,0.1,0.4,1,2;1;2,1.1929,1.1968,1.193,0.0076,1.1929,0.0,0.331,0.012,0.15,0.0
tool_heavy,0.75,-0.1,0.65,0.7,0.1,0.1,0.4,1,2;1;2,1.1929,1.1968,1.1685,0.0072,1.1929,0.0,0.331,-2.045,0.15,0.02
tool_heavy,0.75,-0.1,0.65,0.7,0.1,0.1,0.4,1,2;1;2,1.1929,1.1968,1.1333,0.0072,1.1929,0.0,0.331,-4.989,0.15,0.05
tool_heavy,0.75,0.0,0.75,0.75,0.0,0.0,0.05,7,7;7;7,2.6663,2.6663,2.6663,0.0,1.6667,1.0,0.0,0.0,0.0,0.0
tool_heavy,0.75,0.0,0.75,0.75,0.0,0.0,0.05,7,7;7;7,2.6663,2.6663,2.613,0.0,1.6667,1.0,0.0,-2.0,0.0,0.02
tool_heavy,0.75,0.0,0.75,0.75,0.0,0.0,0.05,7,7;7;7,2.6663,2.6663,2.533,0.0,1.6667,1.0,0.0,-5.0,0.0,0.05
tool_heavy,0.75,0.0,0.75,0.75,0.0,0.0,0.05,7,7;7;7,2.6663,2.6663,2.6663,0.0,1.6667,1.0,0.0,0.0,0.05,0.0
tool_heavy,0.75,0.0,0.75,0.75,0.0,0.0,0.05,7,7;7;7,2.6663,2.6663,2.613,0.0,1.6667,1.0,0.0,-2.0,0.05,0.02
tool_heavy,0.75,0.0,0.75,0.75,0.0,0.0,0.05,7,7;7;7,2.6663,2.6663,2.533,0.0,1.6667,1.0,0.0,-5.0,0.05,0.05
tool_heavy,0.75,0.0,0.75,0.75,0.0,0.0,0.05,7,7;7;7,2.6663,2.6663,2.6663,0.0,1.6667,1.0,0.0,0.0,0.15,0.0
tool_heavy,0.75,0.0,0.75,0.75,0.0,0.0,0.05,7,7;7;7,2.6663,2.6663,2.613,0.0,1.6667,1.0,0.0,-2.0,0.15,0.02
tool_heavy,0.75,0.0,0.75,0.75,0.0,0.0,0.05,7,7;7;7,2.6663,2.6663,2.533,0.0,1.6667,1.0,0.0,-5.0,0.15,0.05
tool_heavy,0.75,0.0,0.75,0.75,0.0,0.0,0.1,5,5;5;5,2.1921,2.1921,2.1921,0.0,1.5909,1.0,0.0,0.0,0.0,0.0
tool_heavy,0.75,0.0,0.75,0.75,0.0,0.0,0.1,5,5;5;5,2.1921,2.1921,2.1482,0.0,1.5909,1.0,0.0,-2.0,0.0,0.02
tool_heavy,0.75,0.0,0.75,0.75,0.0,0.0,0.1,5,5;5;5,2.1921,2.1921,2.0825,0.0,1.5909,1.0,0.0,-5.0,0.0,0.05
tool_heavy,0.75,0.0,0.75,0.75,0.0,0.0,0.1,5,5;5;5,2.1921,2.1921,2.1921,0.0,1.5909,1.0,0.0,0.0,0.05,0.0
tool_heavy,0.75,0.0,0.75,0.75,0.0,0.0,0.1,5,5;5;5,2.1921,2.1921,2.1482,0.0,1.5909,1.0,0.0,-2.0,0.05,0.02
tool_heavy,0.75,0.0,0.75,0.75,0.0,0.0,0.1,5,5;5;5,2.1921,2.1921,2.0825,0.0,1.5909,1.0,0.0,-5.0,0.05,0.05
tool_heavy,0.75,0.0,0.75,0.75,0.0,0.0,0.1,5,5;5;5,2.1921,2.1921,2.1921,0.0,1.5909,1.0,0.0,0.0,0.15,0.0
tool_heavy,0.75,0.0,0.75,0.75,0.0,0.0,0.1,5,5;5;5,2.1921,2.1921,2.1482,0.0,1.5909,1.0,0.0,-2.0,0.15,0.02
tool_heavy,0.75,0.0,0.75,0.75,0.0,0.0,0.1,5,5;5;5,2.1921,2.1921,2.0825,0.0,1.5909,1.0,0.0,-5.0,0.15,0.05
tool_heavy,0.75,0.0,0.75,0.75,0.0,0.0,0.2,3,3;3;3,1.709,1.709,1.709,0.0,1.4583,1.0,0.0,0.0,0.0,0.0
tool_heavy,0.75,0.0,0.75,0.75,0.0,0.0,0.2,3,3;3;3,1.709,1.709,1.6748,0.0,1.4583,1.0,0.0,-2.0,0.0,0.02
tool_heavy,0.75,0.0,0.75,0.75,0.0,0.0,0.2,3,3;3;3,1.709,1.709,1.6235,0.0,1.4583,1.0,0.0,-5.0,0.0,0.05
tool_heavy,0.75,0.0,0.75,0.75,0.0,0.0,0.2,3,3;3;3,1.709,1.709,1.709,0.0,1.4583,1.0,0.0,0.0,0.05,0.0
tool_heavy,0.75,0.0,0.75,0.75,0.0,0.0,0.2,3,3;3;3,1.709,1.709,1.6748,0.0,1.4583,1.0,0.0,-2.0,0.05,0.02
tool_heavy,0.75,0.0,0.75,0.75,0.0,0.0,0.2,3,3;3;3,1.709,1.709,1.6235,0.0,1.4583,1.0,0.0,-5.0,0.05,0.05
tool_heavy,0.75,0.0,0.75,0.75,0.0,0.0,0.2,3,3;3;3,1.709,1.709,1.709,0.0,1.4583,1.0,0.0,0.0,0.15,0.0
tool_heavy,0.75,0.0,0.75,0.75,0.0,0.0,0.2,3,3;3;3,1.709,1.709,1.6748,0.0,1.4583,1.0,0.0,-2.0,0.15,0.02
tool_heavy,0.75,0.0,0.75,0.75,0.0,0.0,0.2,3,3;3;3,1.709,1.709,1.6235,0.0,1.4583,1.0,0.0,-5.0,0.15,0.05
tool_heavy,0.75,0.0,0.75,0.75,0.0,0.0,0.4,2,2;2;2,1.2847,1.2847,1.2847,0.0,1.25,1.0,0.0,0.0,0.0,0.0
tool_heavy,0.75,0.0,0.75,0.75,0.0,0.0,0.4,2,2;2;2,1.2847,1.2847,1.259,0.0,1.25,1.0,0.0,-2.0,0.0,0.02
tool_heavy,0.75,0.0,0.75,0.75,0.0,0.0,0.4,2,2;2;2,1.2847,1.2847,1.2205,0.0,1.25,1.0,0.0,-5.0,0.0,0.05
tool_heavy,0.75,0.0,0.75,0.75,0.0,0.0,0.4,2,2;2;2,1.2847,1.2847,1.2847,0.0,1.25,1.0,0.0,0.0,0.05,0.0
tool_heavy,0.75,0.0,0.75,0.75,0.0,0.0,0.4,2,2;2;2,1.2847,1.2847,1.259,0.0,1.25,1.0,0.0,-2.0,0.05,0.02
tool_heavy,0.75,0.0,0.75,0.75,0.0,0.0,0.4,2,2;2;2,1.2847,1.2847,1.2205,0.0,1.25,1.0,0.0,-5.0,0.05,0.05
tool_heavy,0.75,0.0,0.75,0.75,0.0,0.0,0.4,2,2;2;2,1.2847,1.2847,1.2847,0.0,1.25,1.0,0.0,0.0,0.15,0.0
tool_heavy,0.75,0.0,0.75,0.75,0.0,0.0,0.4,2,2;2;2,1.2847,1.2847,1.259,0.0,1.25,1.0,0.0,-2.0,0.15,0.02
tool_heavy,0.75,0.0,0.75,0.75,0.0,0.0,0.4,2,2;2;2,1.2847,1.2847,1.2205,0.0,1.25,1.0,0.0,-5.0,0.15,0.05
tool_heavy,0.75,0.1,0.85,0.8,0.1,0.1,0.05,9,7;10;8,3.4607,3.4755,3.4755,0.0,1.7429,0.9914,0.429,0.429,0.0,0.0
tool_heavy,0.75,0.1,0.85,0.8,0.1,0.1,0.05,9,7;10;8,3.4607,3.4755,3.406,0.0,1.7429,0.9914,0.429,-1.58,0.0,0.02
tool_heavy,0.75,0.1,0.85,0.8,0.1,0.1,0.05,9,7;10;8,3.4607,3.4755,3.3018,0.0,1.7429,0.9914,0.429,-4.593,0.0,0.05
tool_heavy,0.75,0.1,0.85,0.8,0.1,0.1,0.05,9,7;10;8,3.4607,3.4755,3.4751,0.0009,1.7429,0.9914,0.429,0.415,0.05,0.0
tool_heavy,0.75,0.1,0.85,0.8,0.1,0.1,0.05,9,7;10;8,3.4607,3.4755,3.406,0.0,1.7429,0.9914,0.429,-1.58,0.05,0.02
tool_heavy,0.75,0.1,0.85,0.8,0.1,0.1,0.05,9,7;10;8,3.4607,3.4755,3.3014,0.0007,1.7429,0.9914,0.429,-4.604,0.05,0.05
tool_heavy,0.75,0.1,0.85,0.8,0.1,0.1,0.05,9,7;10;8,3.4607,3.4755,3.4595,0.0298,1.7429,0.9914,0.429,-0.033,0.15,0.0
tool_heavy,0.75,0.1,0.85,0.8,0.1,0.1,0.05,9,7;10;8,3.4607,3.4755,3.406,0.0,1.7429,0.9914,0.429,-1.58,0.15,0.02
tool_heavy,0.75,0.1,0.85,0.8,0.1,0.1,0.05,9,7;10;8,3.4607,3.4755,3.2945,0.0108,1.7429,0.9914,0.429,-4.803,0.15,0.05
tool_heavy,0.75,0.1,0.85,0.8,0.1,0.1,0.1,7,5;7;6,2.6984,2.7102,2.7102,0.0,1.6636,0.9887,0.439,0.439,0.0,0.0
tool_heavy,0.75,0.1,0.85,0.8,0.1,0.1,0.1,7,5;7;6,2.6984,2.7102,2.656,0.0,1.6636,0.9887,0.439,-1.57,0.0,0.02
tool_heavy,0.75,0.1,0.85,0.8,0.1,0.1,0.1,7,5;7;6,2.6984,2.7102,2.5747,0.0,1.6636,0.9887,0.439,-4.583,0.0,0.05
tool_heavy,0.75,0.1,0.85,0.8,0.1,0.1,0.1,7,5;7;6,2.6984,2.7102,2.7102,0.0,1.6636,0.9887,0.439,0.439,0.05,0.0
tool_heavy,0.75,0.1,0.85,0.8,0.1,0.1,0.1,7,5;7;6,2.6984,2.7102,2.6556,0.0008,1.6636,0.9887,0.439,-1.584,0.05,0.02
tool_heavy,0.75,0.1,0.85,0.8,0.1,0.1,0.1,7,5;7;6,2.6984,2.7102,2.5747,0.0,1.6636,0.9887,0.439,-4.583,0.05,0.05
tool_heavy,0.75,0.1,0.85,0.8,0.1,0.1,0.1,7,5;7;6,2.6984,2.7102,2.696,0.0227,1.6636,0.9887,0.439,-0.088,0.15,0.0
tool_heavy,0.75,0.1,0.85,0.8,0.1,0.1,0.1,7,5;7;6,2.6984,2.7102,2.6439,0.0243,1.6636,0.9887,0.439,-2.019,0.15,0.02
tool_heavy,0.75,0.1,0.85,0.8,0.1,0.1,0.1,7,5;7;6,2.6984,2.7102,2.5713,0.0057,1.6636,0.9887,0.439,-4.71,0.15,0.05
tool_heavy,0.75,0.1,0.85,0.8,0.1,0.1,0.2,5,3;5;4,1.9867,1.9977,1.9977,0.0,1.525,0.9766,0.558,0.558,0.0,0.0
tool_heavy,0.75,0.1,0.85,0.8,0.1,0.1,0.2,5,3;5;4,1.9867,1.9977,1.9578,0.0,1.525,0.9766,0.558,-1.454,0.0,0.02
tool_heavy,0.75,0.1,0.85,0.8,0.1,0.1,0.2,5,3;5;4,1.9867,1.9977,1.8978,0.0,1.525,0.9766,0.558,-4.47,0.0,0.05
tool_heavy,0.75,0.1,0.85,0.8,0.1,0.1,0.2,5,3;5;4,1.9867,1.9977,1.9959,0.0022,1.525,0.9766,0.558,0.465,0.05,0.0
tool_heavy,0.75,0.1,0.85,0.8,0.1,0.1,0.2,5,3;5;4,1.9867,1.9977,1.9566,0.0023,1.525,0.9766,0.558,-1.512,0.05,0.02
tool_heavy,0.75,0.1,0.85,0.8,0.1,0.1,0.2,5,3;5;4,1.9867,1.9977,1.897,0.0017,1.525,0.9766,0.558,-4.513,0.05,0.05
tool_heavy,0.75,0.1,0.85,0.8,0.1,0.1,0.2,5,3;5;4,1.9867,1.9977,1.985,0.0233,1.525,0.9766,0.558,-0.084,0.15,0.0
tool_heavy,0.75,0.1,0.85,0.8,0.1,0.1,0.2,5,3;5;4,1.9867,1.9977,1.9569,0.0018,1.525,0.9766,0.558,-1.498,0.15,0.02
tool_heavy,0.75,0.1,0.85,0.8,0.1,0.1,0.2,5,3;5;4,1.9867,1.9977,1.897,0.0017,1.525,0.9766,0.558,-4.513,0.15,0.05
tool_heavy,0.75,0.1,0.85,0.8,0.1,0.1,0.4,3,2;3;2,1.4066,1.4135,1.4135,0.0,1.3071,0.9348,0.493,0.493,0.0,0.0
tool_heavy,0.75,0.1,0.85,0.8,0.1,0.1,0.4,3,2;3;2,1.4066,1.4135,1.3852,0.0,1.3071,0.9348,0.493,-1.517,0.0,0.02
tool_heavy,0.75,0.1,0.85,0.8,0.1,0.1,0.4,3,2;3;2,1.4066,1.4135,1.3428,0.0,1.3071,0.9348,0.493,-4.532,0.0,0.05
tool_heavy,0.75,0.1,0.85,0.8,0.1,0.1,0.4,3,2;3;2,1.4066,1.4135,1.4097,0.005,1.3071,0.9348,0.493,0.222,0.05,0.0
tool_heavy,0.75,0.1,0.85,0.8,0.1,0.1,0.4,3,2;3;2,1.4066,1.4135,1.3847,0.0011,1.3071,0.9348,0.493,-1.555,0.05,0.02
tool_heavy,0.75,0.1,0.85,0.8,0.1,0.1,0.4,3,2;3;2,1.4066,1.4135,1.3403,0.0051,1.3071,0.9348,0.493,-4.714,0.05,0.05
tool_heavy,0.75,0.1,0.85,0.8,0.1,0.1,0.4,3,2;3;2,1.4066,1.4135,1.4127,0.0017,1.3071,0.9348,0.493,0.433,0.15,0.0
tool_heavy,0.75,0.1,0.85,0.8,0.1,0.1,0.4,3,2;3;2,1.4066,1.4135,1.3844,0.0016,1.3071,0.9348,0.493,-1.575,0.15,0.02
tool_heavy,0.75,0.1,0.85,0.8,0.1,0.1,0.4,3,2;3;2,1.4066,1.4135,1.3377,0.0063,1.3071,0.9348,0.493,-4.897,0.15,0.05
tool_heavy,0.75,0.2,0.95,0.85,0.2,0.2,0.05,19,7;21;10,5.4675,5.6265,5.6265,0.0,1.819,0.9582,2.909,2.909,0.0,0.0
tool_heavy,0.75,0.2,0.95,0.85,0.2,0.2,0.05,19,7;21;10,5.4675,5.6265,5.514,0.0,1.819,0.9582,2.909,0.851,0.0,0.02
tool_heavy,0.75,0.2,0.95,0.85,0.2,0.2,0.05,19,7;21;10,5.4675,5.6265,5.3452,0.0,1.819,0.9582,2.909,-2.236,0.0,0.05
tool_heavy,0.75,0.2,0.95,0.85,0.2,0.2,0.05,19,7;21;10,5.4675,5.6265,5.6243,0.0045,1.819,0.9582,2.909,2.868,0.05,0.0
tool_heavy,0.75,0.2,0.95,0.85,0.2,0.2,0.05,19,7;21;10,5.4675,5.6265,5.514,0.0,1.819,0.9582,2.909,0.851,0.05,0.02
tool_heavy,0.75,0.2,0.95,0.85,0.2,0.2,0.05,19,7;21;10,5.4675,5.6265,5.2321,0.2262,1.819,0.9582,2.909,-4.305,0.05,0.05
tool_heavy,0.75,0.2,0.95,0.85,0.2,0.2,0.05,19,7;21;10,5.4675,5.6265,5.3482,0.3139,1.819,0.9582,2.909,-2.182,0.15,0.0
tool_heavy,0.75,0.2,0.95,0.85,0.2,0.2,0.05,19,7;21;10,5.4675,5.6265,5.2553,0.2765,1.819,0.9582,2.909,-3.881,0.15,0.02
tool_heavy,0.75,0.2,0.95,0.85,0.2,0.2,0.05,19,7;21;10,5.4675,5.6265,5.2095,0.2183,1.819,0.9582,2.909,-4.719,0.15,0.05
tool_heavy,0.75,0.2,0.95,0.85,0.2,0.2,0.1,13,5;15;7,3.8094,3.9251,3.9251,0.0,1.7364,0.9472,3.036,3.036,0.0,0.0
tool_heavy,0.75,0.2,0.95,0.85,0.2,0.2,0.1,13,5;15;7,3.8094,3.9251,3.8466,0.0,1.7364,0.9472,3.036,0.975,0.0,0.02
tool_heavy,0.75,0.2,0.95,0.85,0.2,0.2,0.1,13,5;15;7,3.8094,3.9251,3.7288,0.0,1.7364,0.9472,3.036,-2.116,0.0,0.05
tool_heavy,0.75,0.2,0.95,0.85,0.2,0.2,0.1,13,5;15;7,3.8094,3.9251,3.9251,0.0,1.7364,0.9472,3.036,3.036,0.05,0.0
tool_heavy,0.75,0.2,0.95,0.85,0.2,0.2,0.1,13,5;15;7,3.8094,3.9251,3.8466,0.0,1.7364,0.9472,3.036,0.975,0.05,0.02
tool_heavy,0.75,0.2,0.95,0.85,0.2,0.2,0.1,13,5;15;7,3.8094,3.9251,3.7288,0.0,1.7364,0.9472,3.036,-2.116,0.05,0.05
tool_heavy,0.75,0.2,0.95,0.85,0.2,0.2,0.1,13,5;15;7,3.8094,3.9251,3.9097,0.0307,1.7364,0.9472,3.036,2.632,0.15,0.0
tool_heavy,0.75,0.2,0.95,0.85,0.2,0.2,0.1,13,5;15;7,3.8094,3.9251,3.8301,0.0295,1.7364,0.9472,3.036,0.541,0.15,0.02
tool_heavy,0.75,0.2,0.95,0.85,0.2,0.2,0.1,13,5;15;7,3.8094,3.9251,3.6551,0.1361,1.7364,0.9472,3.036,-4.051,0.15,0.05
tool_heavy,0.75,0.2,0.95,0.85,0.2,0.2,0.2,8,3;10;5,2.5273,2.5984,2.5984,0.0,1.5917,0.9294,2.813,2.813,0.0,0.0
tool_heavy,0.75,0.2,0.95,0.85,0.2,0.2,0.2,8,3;10;5,2.5273,2.5984,2.5464,0.0,1.5917,0.9294,2.813,0.757,0.0,0.02
tool_heavy,0.75,0.2,0.95,0.85,0.2,0.2,0.2,8,3;10;5,2.5273,2.5984,2.4685,0.0,1.5917,0.9294,2.813,-2.328,0.0,0.05
tool_heavy,0.75,0.2,0.95,0.85,0.2,0.2,0.2,8,3;10;5,2.5273,2.5984,2.595,0.0068,1.5917,0.9294,2.813,2.679,0.05,0.0
tool_heavy,0.75,0.2,0.95,0.85,0.2,0.2,0.2,8,3;10;5,2.5273,2.5984,2.5367,0.0165,1.5917,0.9294,2.813,0.372,0.05,0.02
tool_heavy,0.75,0.2,0.95,0.85,0.2,0.2,0.2,8,3;10;5,2.5273,2.5984,2.4085,0.0735,1.5917,0.9294,2.813,-4.702,0.05,0.05
tool_heavy,0.75,0.2,0.95,0.85,0.2,0.2,0.2,8,3;10;5,2.5273,2.5984,2.5172,0.0839,1.5917,0.9294,2.813,-0.401,0.15,0.0
tool_heavy,0.75,0.2,0.95,0.85,0.2,0.2,0.2,8,3;10;5,2.5273,2.5984,2.5347,0.0166,1.5917,0.9294,2.813,0.291,0.15,0.02
tool_heavy,0.75,0.2,0.95,0.85,0.2,0.2,0.2,8,3;10;5,2.5273,2.5984,2.4599,0.0172,1.5917,0.9294,2.813,-2.667,0.15,0.05
tool_heavy,0.75,0.2,0.95,0.85,0.2,0.2,0.4,5,2;6;3,1.6227,1.6603,1.6603,0.0,1.3643,0.8728,2.32,2.32,0.0,0.0
tool_heavy,0.75,0.2,0.95,0.85,0.2,0.2,0.4,5,2;6;3,1.6227,1.6603,1.6271,0.0,1.3643,0.8728,2.32,0.273,0.0,0.02
tool_heavy,0.75,0.2,0.95,0.85,0.2,0.2,0.4,5,2;6;3,1.6227,1.6603,1.5773,0.0,1.3643,0.8728,2.32,-2.796,0.0,0.05
tool_heavy,0.75,0.2,0.95,0.85,0.2,0.2,0.4,5,2;6;3,1.6227,1.6603,1.6072,0.0651,1.3643,0.8728,2.32,-0.955,0.05,0.0
tool_heavy,0.75,0.2,0.95,0.85,0.2,0.2,0.4,5,2;6;3,1.6227,1.6603,1.6263,0.0016,1.3643,0.8728,2.32,0.223,0.05,0.02
tool_heavy,0.75,0.2,0.95,0.85,0.2,0.2,0.4,5,2;6;3,1.6227,1.6603,1.5715,0.0098,1.3643,0.8728,2.32,-3.156,0.05,0.05
tool_heavy,0.75,0.2,0.95,0.85,0.2,0.2,0.4,5,2;6;3,1.6227,1.6603,1.6542,0.0103,1.3643,0.8728,2.32,1.945,0.15,0.0
tool_heavy,0.75,0.2,0.95,0.85,0.2,0.2,0.4,5,2;6;3,1.6227,1.6603,1.5906,0.0604,1.3643,0.8728,2.32,-1.979,0.15,0.02
tool_heavy,0.75,0.2,0.95,0.85,0.2,0.2,0.4,5,2;6;3,1.6227,1.6603,1.5773,0.0,1.3643,0.8728,2.32,-2.796,0.15,0.05
tool_heavy,0.75,0.3,0.98,0.865,0.23,0.23,0.05,32,7;32;11,7.2692,7.605,7.605,0.0,1.8419,0.9417,4.62,4.62,0.0,0.0
tool_heavy,0.75,0.3,0.98,0.865,0.23,0.23,0.05,32,7;32;11,7.2692,7.605,7.4529,0.0,1.8419,0.9417,4.62,2.528,0.0,0.02
tool_heavy,0.75,0.3,0.98,0.865,0.23,0.23,0.05,32,7;32;11,7.2692,7.605,7.2248,0.0,1.8419,0.9417,4.62,-0.611,0.0,0.05
tool_heavy,0.75,0.3,0.98,0.865,0.23,0.23,0.05,32,7;32;11,7.2692,7.605,7.2672,0.6756,1.8419,0.9417,4.62,-0.027,0.05,0.0
tool_heavy,0.75,0.3,0.98,0.865,0.23,0.23,0.05,32,7;32;11,7.2692,7.605,7.4529,0.0,1.8419,0.9417,4.62,2.528,0.05,0.02
tool_heavy,0.75,0.3,0.98,0.865,0.23,0.23,0.05,32,7;32;11,7.2692,7.605,6.7153,1.0189,1.8419,0.9417,4.62,-7.619,0.05,0.05
tool_heavy,0.75,0.3,0.98,0.865,0.23,0.23,0.05,32,7;32;11,7.2692,7.605,7.5825,0.0451,1.8419,0.9417,4.62,4.31,0.15,0.0
tool_heavy,0.75,0.3,0.98,0.865,0.23,0.23,0.05,32,7;32;11,7.2692,7.605,7.4024,0.0851,1.8419,0.9417,4.62,1.833,0.15,0.02
tool_heavy,0.75,0.3,0.98,0.865,0.23,0.23,0.05,32,7;32;11,7.2692,7.605,6.1421,1.1976,1.8419,0.9417,4.62,-15.505,0.15,0.05
tool_heavy,0.75,0.3,0.98,0.865,0.23,0.23,0.1,21,5;26;8,4.6383,4.9067,4.9067,0.0,1.7582,0.9148,5.785,5.785,0.0,0.0
tool_heavy,0.75,0.3,0.98,0.865,0.23,0.23,0.1,21,5;26;8,4.6383,4.9067,4.8085,0.0,1.7582,0.9148,5.785,3.669,0.0,0.02
tool_heavy,0.75,0.3,0.98,0.865,0.23,0.23,0.1,21,5;26;8,4.6383,4.9067,4.6613,0.0,1.7582,0.9148,5.785,0.496,0.0,0.05
tool_heavy,0.75,0.3,0.98,0.865,0.23,0.23,0.1,21,5;26;8,4.6383,4.9067,4.9067,0.0,1.7582,0.9148,5.785,5.785,0.05,0.0
tool_heavy,0.75,0.3,0.98,0.865,0.23,0.23,0.1,21,5;26;8,4.6383,4.9067,4.8034,0.0102,1.7582,0.9148,5.785,3.559,0.05,0.02
tool_heavy,0.75,0.3,0.98,0.865,0.23,0.23,0.1,21,5;26;8,4.6383,4.9067,4.6613,0.0,1.7582,0.9148,5.785,0.496,0.05,0.05
tool_heavy,0.75,0.3,0.98,0.865,0.23,0.23,0.1,21,5;26;8,4.6383,4.9067,4.8771,0.0405,1.7582,0.9148,5.785,5.148,0.15,0.0
tool_heavy,0.75,0.3,0.98,0.865,0.23,0.23,0.1,21,5;26;8,4.6383,4.9067,4.8034,0.0102,1.7582,0.9148,5.785,3.559,0.15,0.02
tool_heavy,0.75,0.3,0.98,0.865,0.23,0.23,0.1,21,5;26;8,4.6383,4.9067,4.6408,0.0411,1.7582,0.9148,5.785,0.053,0.15,0.05
tool_heavy,0.75,0.3,0.98,0.865,0.23,0.23,0.2,12,3;18;5,2.8622,3.0268,3.0268,0.0,1.6117,0.8837,5.751,5.751,0.0,0.0
tool_heavy,0.75,0.3,0.98,0.865,0.23,0.23,0.2,12,3;18;5,2.8622,3.0268,2.9662,0.0,1.6117,0.8837,5.751,3.636,0.0,0.02
tool_heavy,0.75,0.3,0.98,0.865,0.23,0.23,0.2,12,3;18;5,2.8622,3.0268,2.8754,0.0,1.6117,0.8837,5.751,0.463,0.0,0.05
tool_heavy,0.75,0.3,0.98,0.865,0.23,0.23,0.2,12,3;18;5,2.8622,3.0268,2.8645,0.2843,1.6117,0.8837,5.751,0.08,0.05,0.0
tool_heavy,0.75,0.3,0.98,0.865,0.23,0.23,0.2,12,3;18;5,2.8622,3.0268,2.9662,0.0,1.6117,0.8837,5.751,3.636,0.05,0.02
tool_heavy,0.75,0.3,0.98,0.865,0.23,0.23,0.2,12,3;18;5,2.8622,3.0268,2.8594,0.032,1.6117,0.8837,5.751,-0.096,0.05,0.05
tool_heavy,0.75,0.3,0.98,0.865,0.23,0.23,0.2,12,3;18;5,2.8622,3.0268,3.0268,0.0,1.6117,0.8837,5.751,5.751,0.15,0.0
tool_heavy,0.75,0.3,0.98,0.865,0.23,0.23,0.2,12,3;18;5,2.8622,3.0268,2.9157,0.0619,1.6117,0.8837,5.751,1.871,0.15,0.02
tool_heavy,0.75,0.3,0.98,0.865,0.23,0.23,0.2,12,3;18;5,2.8622,3.0268,2.7372,0.2763,1.6117,0.8837,5.751,-4.364,0.15,0.05
tool_heavy,0.75,0.3,0.98,0.865,0.23,0.23,0.4,6,2;11;3,1.7373,1.8202,1.8202,0.0,1.3814,0.8111,4.772,4.772,0.0,0.0
tool_heavy,0.75,0.3,0.98,0.865,0.23,0.23,0.4,6,2;11;3,1.7373,1.8202,1.7838,0.0,1.3814,0.8111,4.772,2.677,0.0,0.02
tool_heavy,0.75,0.3,0.98,0.865,0.23,0.23,0.4,6,2;11;3,1.7373,1.8202,1.7292,0.0,1.3814,0.8111,4.772,-0.466,0.0,0.05
tool_heavy,0.75,0.3,0.98,0.865,0.23,0.23,0.4,6,2;11;3,1.7373,1.8202,1.8202,0.0,1.3814,0.8111,4.772,4.772,0.05,0.0
tool_heavy,0.75,0.3,0.98,0.865,0.23,0.23,0.4,6,2;11;3,1.7373,1.8202,1.7838,0.0,1.3814,0.8111,4.772,2.677,0.05,0.02
tool_heavy,0.75,0.3,0.98,0.865,0.23,0.23,0.4,6,2;11;3,1.7373,1.8202,1.698,0.0605,1.3814,0.8111,4.772,-2.265,0.05,0.05
tool_heavy,0.75,0.3,0.98,0.865,0.23,0.23,0.4,6,2;11;3,1.7373,1.8202,1.8062,0.0281,1.3814,0.8111,4.772,3.964,0.15,0.0
tool_heavy,0.75,0.3,0.98,0.865,0.23,0.23,0.4,6,2;11;3,1.7373,1.8202,1.7692,0.0272,1.3814,0.8111,4.772,1.838,0.15,0.02
tool_heavy,0.75,0.3,0.98,0.865,0.23,0.23,0.4,6,2;11;3,1.7373,1.8202,1.7292,0.0,1.3814,0.8111,4.772,-0.466,0.15,0.05
tool_heavy,0.85,-0.3,0.55,0.7,0.3,0.3,0.05,5,10;4;6,2.0128,2.0717,2.0717,0.0,1.5333,0.8905,2.928,2.928,0.0,0.0
tool_heavy,0.85,-0.3,0.55,0.7,0.3,0.3,0.05,5,10;4;6,2.0128,2.0717,2.0303,0.0,1.5333,0.8905,2.928,0.87,0.0,0.02
tool_heavy,0.85,-0.3,0.55,0.7,0.3,0.3,0.05,5,10;4;6,2.0128,2.0717,1.9681,0.0,1.5333,0.8905,2.928,-2.218,0.0,0.05
tool_heavy,0.85,-0.3,0.55,0.7,0.3,0.3,0.05,5,10;4;6,2.0128,2.0717,2.0326,0.0782,1.5333,0.8905,2.928,0.986,0.05,0.0
tool_heavy,0.85,-0.3,0.55,0.7,0.3,0.3,0.05,5,10;4;6,2.0128,2.0717,1.9835,0.0735,1.5333,0.8905,2.928,-1.456,0.05,0.02
tool_heavy,0.85,-0.3,0.55,0.7,0.3,0.3,0.05,5,10;4;6,2.0128,2.0717,1.964,0.0082,1.5333,0.8905,2.928,-2.422,0.05,0.05
tool_heavy,0.85,-0.3,0.55,0.7,0.3,0.3,0.05,5,10;4;6,2.0128,2.0717,2.0647,0.014,1.5333,0.8905,2.928,2.581,0.15,0.0
tool_heavy,0.85,-0.3,0.55,0.7,0.3,0.3,0.05,5,10;4;6,2.0128,2.0717,2.0157,0.0291,1.5333,0.8905,2.928,0.146,0.15,0.02
tool_heavy,0.85,-0.3,0.55,0.7,0.3,0.3,0.05,5,10;4;6,2.0128,2.0717,1.9599,0.0129,1.5333,0.8905,2.928,-2.627,0.15,0.05
tool_heavy,0.85,-0.3,0.55,0.7,0.3,0.3,0.1,3,7;3;4,1.7219,1.7685,1.7685,0.0,1.4636,0.847,2.708,2.708,0.0,0.0
tool_heavy,0.85,-0.3,0.55,0.7,0.3,0.3,0.1,3,7;3;4,1.7219,1.7685,1.7332,0.0,1.4636,0.847,2.708,0.654,0.0,0.02
tool_heavy,0.85,-0.3,0.55,0.7,0.3,0.3,0.1,3,7;3;4,1.7219,1.7685,1.6801,0.0,1.4636,0.847,2.708,-2.427,0.0,0.05
tool_heavy,0.85,-0.3,0.55,0.7,0.3,0.3,0.1,3,7;3;4,1.7219,1.7685,1.7488,0.0266,1.4636,0.847,2.708,1.562,0.05,0.0
tool_heavy,0.85,-0.3,0.55,0.7,0.3,0.3,0.1,3,7;3;4,1.7219,1.7685,1.728,0.0104,1.4636,0.847,2.708,0.351,0.05,0.02
tool_heavy,0.85,-0.3,0.55,0.7,0.3,0.3,0.1,3,7;3;4,1.7219,1.7685,1.6664,0.017,1.4636,0.847,2.708,-3.222,0.05,0.05
tool_heavy,0.85,-0.3,0.55,0.7,0.3,0.3,0.1,3,7;3;4,1.7219,1.7685,1.7326,0.0719,1.4636,0.847,2.708,0.621,0.15,0.0
tool_heavy,0.85,-0.3,0.55,0.7,0.3,0.3,0.1,3,7;3;4,1.7219,1.7685,1.7201,0.0166,1.4636,0.847,2.708,-0.106,0.15,0.02
tool_heavy,0.85,-0.3,0.55,0.7,0.3,0.3,0.1,3,7;3;4,1.7219,1.7685,1.6789,0.0025,1.4636,0.847,2.708,-2.498,0.15,0.05
tool_heavy,0.85,-0.3,0.55,0.7,0.3,0.3,0.2,2,5;2;3,1.4229,1.4505,1.4505,0.0,1.3417,0.7461,1.942,1.942,0.0,0.0
tool_heavy,0.85,-0.3,0.55,0.7,0.3,0.3,0.2,2,5;2;3,1.4229,1.4505,1.4215,0.0,1.3417,0.7461,1.942,-0.097,0.0,0.02
tool_heavy,0.85,-0.3,0.55,0.7,0.3,0.3,0.2,2,5;2;3,1.4229,1.4505,1.378,0.0,1.3417,0.7461,1.942,-3.155,0.0,0.05
tool_heavy,0.85,-0.3,0.55,0.7,0.3,0.3,0.2,2,5;2;3,1.4229,1.4505,1.4505,0.0,1.3417,0.7461,1.942,1.942,0.05,0.0
tool_heavy,0.85,-0.3,0.55,0.7,0.3,0.3,0.2,2,5;2;3,1.4229,1.4505,1.3882,0.0666,1.3417,0.7461,1.942,-2.438,0.05,0.02
tool_heavy,0.85,-0.3,0.55,0.7,0.3,0.3,0.2,2,5;2;3,1.4229,1.4505,1.378,0.0,1.3417,0.7461,1.942,-3.155,0.05,0.05
tool_heavy,0.85,-0.3,0.55,0.7,0.3,0.3,0.2,2,5;2;3,1.4229,1.4505,1.4356,0.026,1.3417,0.7461,1.942,0.896,0.15,0.0
tool_heavy,0.85,-0.3,0.55,0.7,0.3,0.3,0.2,2,5;2;3,1.4229,1.4505,1.3548,0.0816,1.3417,0.7461,1.942,-4.78,0.15,0.02
tool_heavy,0.85,-0.3,0.55,0.7,0.3,0.3,0.2,2,5;2;3,1.4229,1.4505,1.378,0.0,1.3417,0.7461,1.942,-3.155,0.15,0.05
tool_heavy,0.85,-0.3,0.55,0.7,0.3,0.3,0.4,1,3;1;2,1.15,1.1632,1.1632,0.0,1.15,0.0,1.146,1.146,0.0,0.0
tool_heavy,0.85,-0.3,0.55,0.7,0.3,0.3,0.4,1,3;1;2,1.15,1.1632,1.1399,0.0,1.15,0.0,1.146,-0.877,0.0,0.02
tool_heavy,0.85,-0.3,0.55,0.7,0.3,0.3,0.4,1,3;1;2,1.15,1.1632,1.105,0.0,1.15,0.0,1.146,-3.911,0.0,0.05
tool_heavy,0.85,-0.3,0.55,0.7,0.3,0.3,0.4,1,3;1;2,1.15,1.1632,1.1603,0.0049,1.15,0.0,1.146,0.892,0.05,0.0
tool_heavy,0.85,-0.3,0.55,0.7,0.3,0.3,0.4,1,3;1;2,1.15,1.1632,1.1394,0.0007,1.15,0.0,1.146,-0.918,0.05,0.02
tool_heavy,0.85,-0.3,0.55,0.7,0.3,0.3,0.4,1,3;1;2,1.15,1.1632,1.1047,0.0007,1.15,0.0,1.146,-3.943,0.05,0.05
tool_heavy,0.85,-0.3,0.55,0.7,0.3,0.3,0.4,1,3;1;2,1.15,1.1632,1.1491,0.0277,1.15,0.0,1.146,-0.08,0.15,0.0
tool_heavy,0.85,-0.3,0.55,0.7,0.3,0.3,0.4,1,3;1;2,1.15,1.1632,1.1258,0.0204,1.15,0.0,1.146,-2.104,0.15,0.02
tool_heavy,0.85,-0.3,0.55,0.7,0.3,0.3,0.4,1,3;1;2,1.15,1.1632,1.077,0.0492,1.15,0.0,1.146,-6.35,0.15,0.05
tool_heavy,0.85,-0.2,0.65,0.75,0.2,0.2,0.05,6,10;5;7,2.3447,2.3827,2.3827,0.0,1.6095,0.9509,1.619,1.619,0.0,0.0
tool_heavy,0.85,-0.2,0.65,0.75,0.2,0.2,0.05,6,10;5;7,2.3447,2.3827,2.335,0.0,1.6095,0.9509,1.619,-0.413,0.0,0.02
tool_heavy,0.85,-0.2,0.65,0.75,0.2,0.2,0.05,6,10;5;7,2.3447,2.3827,2.2635,0.0,1.6095,0.9509,1.619,-3.462,0.0,0.05
tool_heavy,0.85,-0.2,0.65,0.75,0.2,0.2,0.05,6,10;5;7,2.3447,2.3827,2.3827,0.0,1.6095,0.9509,1.619,1.619,0.05,0.0
tool_heavy,0.85,-0.2,0.65,0.75,0.2,0.2,0.05,6,10;5;7,2.3447,2.3827,2.3262,0.0177,1.6095,0.9509,1.619,-0.79,0.05,0.02
tool_heavy,0.85,-0.2,0.65,0.75,0.2,0.2,0.05,6,10;5;7,2.3447,2.3827,2.2264,0.0743,1.6095,0.9509,1.619,-5.047,0.05,0.05
tool_heavy,0.85,-0.2,0.65,0.75,0.2,0.2,0.05,6,10;5;7,2.3447,2.3827,2.3751,0.0152,1.6095,0.9509,1.619,1.296,0.15,0.0
tool_heavy,0.85,-0.2,0.65,0.75,0.2,0.2,0.05,6,10;5;7,2.3447,2.3827,2.2932,0.0602,1.6095,0.9509,1.619,-2.198,0.15,0.02
tool_heavy,0.85,-0.2,0.65,0.75,0.2,0.2,0.05,6,10;5;7,2.3447,2.3827,2.2507,0.0171,1.6095,0.9509,1.619,-4.009,0.15,0.05
tool_heavy,0.85,-0.2,0.65,0.75,0.2,0.2,0.1,4,7;3;5,1.9635,1.9875,1.9875,0.0,1.5364,0.9468,1.222,1.222,0.0,0.0
tool_heavy,0.85,-0.2,0.65,0.75,0.2,0.2,0.1,4,7;3;5,1.9635,1.9875,1.9478,0.0,1.5364,0.9468,1.222,-0.802,0.0,0.02
tool_heavy,0.85,-0.2,0.65,0.75,0.2,0.2,0.1,4,7;3;5,1.9635,1.9875,1.8882,0.0,1.5364,0.9468,1.222,-3.839,0.0,0.05
tool_heavy,0.85,-0.2,0.65,0.75,0.2,0.2,0.1,4,7;3;5,1.9635,1.9875,1.984,0.0071,1.5364,0.9468,1.222,1.042,0.05,0.0
tool_heavy,0.85,-0.2,0.65,0.75,0.2,0.2,0.1,4,7;3;5,1.9635,1.9875,1.9478,0.0,1.5364,0.9468,1.222,-0.802,0.05,0.02
tool_heavy,0.85,-0.2,0.65,0.75,0.2,0.2,0.1,4,7;3;5,1.9635,1.9875,1.8882,0.0,1.5364,0.9468,1.222,-3.839,0.05,0.05
tool_heavy,0.85,-0.2,0.65,0.75,0.2,0.2,0.1,4,7;3;5,1.9635,1.9875,1.9859,0.0034,1.5364,0.9468,1.222,1.136,0.15,0.0
tool_heavy,0.85,-0.2,0.65,0.75,0.2,0.2,0.1,4,7;3;5,1.9635,1.9875,1.9461,0.0033,1.5364,0.9468,1.222,-0.887,0.15,0.02
tool_heavy,0.85,-0.2,0.65,0.75,0.2,0.2,0.1,4,7;3;5,1.9635,1.9875,1.8481,0.0594,1.5364,0.9468,1.222,-5.881,0.15,0.05
tool_heavy,0.85,-0.2,0.65,0.75,0.2,0.2,0.2,3,5;2;3,1.5678,1.5857,1.5857,0.0,1.4083,0.8994,1.138,1.138,0.0,0.0
tool_heavy,0.85,-0.2,0.65,0.75,0.2,0.2,0.2,3,5;2;3,1.5678,1.5857,1.554,0.0,1.4083,0.8994,1.138,-0.885,0.0,0.02
tool_heavy,0.85,-0.2,0.65,0.75,0.2,0.2,0.2,3,5;2;3,1.5678,1.5857,1.5064,0.0,1.4083,0.8994,1.138,-3.919,0.0,0.05
tool_heavy,0.85,-0.2,0.65,0.75,0.2,0.2,0.2,3,5;2;3,1.5678,1.5857,1.5831,0.0052,1.4083,0.8994,1.138,0.972,0.05,0.0
tool_heavy,0.85,-0.2,0.65,0.75,0.2,0.2,0.2,3,5;2;3,1.5678,1.5857,1.5467,0.0095,1.4083,0.8994,1.138,-1.346,0.05,0.02
tool_heavy,0.85,-0.2,0.65,0.75,0.2,0.2,0.2,3,5;2;3,1.5678,1.5857,1.5064,0.0,1.4083,0.8994,1.138,-3.919,0.05,0.05
tool_heavy,0.85,-0.2,0.65,0.75,0.2,0.2,0.2,3,5;2;3,1.5678,1.5857,1.5815,0.0051,1.4083,0.8994,1.138,0.872,0.15,0.0
tool_heavy,0.85,-0.2,0.65,0.75,0.2,0.2,0.2,3,5;2;3,1.5678,1.5857,1.5321,0.0438,1.4083,0.8994,1.138,-2.281,0.15,0.02
tool_heavy,0.85,-0.2,0.65,0.75,0.2,0.2,0.2,3,5;2;3,1.5678,1.5857,1.5064,0.0,1.4083,0.8994,1.138,-3.919,0.15,0.05
tool_heavy,0.85,-0.2,0.65,0.75,0.2,0.2,0.4,1,3;1;2,1.2071,1.2268,1.2268,0.0,1.2071,0.0,1.628,1.628,0.0,0.0
tool_heavy,0.85,-0.2,0.65,0.75,0.2,0.2,0.4,1,3;1;2,1.2071,1.2268,1.2023,0.0,1.2071,0.0,1.628,-0.405,0.0,0.02
tool_heavy,0.85,-0.2,0.65,0.75,0.2,0.2,0.4,1,3;1;2,1.2071,1.2268,1.1655,0.0,1.2071,0.0,1.628,-3.454,0.0,0.05
tool_heavy,0.85,-0.2,0.65,0.75,0.2,0.2,0.4,1,3;1;2,1.2071,1.2268,1.2086,0.0304,1.2071,0.0,1.628,0.122,0.05,0.0
tool_heavy,0.85,-0.2,0.65,0.75,0.2,0.2,0.4,1,3;1;2,1.2071,1.2268,1.2023,0.0,1.2071,0.0,1.628,-0.405,0.05,0.02
tool_heavy,0.85,-0.2,0.65,0.75,0.2,0.2,0.4,1,3;1;2,1.2071,1.2268,1.1651,0.0007,1.2071,0.0,1.628,-3.484,0.05,0.05
tool_heavy,0.85,-0.2,0.65,0.75,0.2,0.2,0.4,1,3;1;2,1.2071,1.2268,1.2209,0.0073,1.2071,0.0,1.628,1.142,0.15,0.0
tool_heavy,0.85,-0.2,0.65,0.75,0.2,0.2,0.4,1,3;1;2,1.2071,1.2268,1.198,0.0053,1.2071,0.0,1.628,-0.755,0.15,0.02
tool_heavy,0.85,-0.2,0.65,0.75,0.2,0.2,0.4,1,3;1;2,1.2071,1.2268,1.1529,0.0113,1.2071,0.0,1.628,-4.494,0.15,0.05
tool_heavy,0.85,-0.1,0.75,0.8,0.1,0.1,0.05,7,10;7;8,2.8422,2.8549,2.8549,0.0,1.6857,0.9891,0.449,0.449,0.0,0.0
tool_heavy,0.85,-0.1,0.75,0.8,0.1,0.1,0.05,7,10;7;8,2.8422,2.8549,2.7978,0.0,1.6857,0.9891,0.449,-1.56,0.0,0.02
tool_heavy,0.85,-0.1,0.75,0.8,0.1,0.1,0.05,7,10;7;8,2.8422,2.8549,2.7122,0.0,1.6857,0.9891,0.449,-4.574,0.0,0.05
tool_heavy,0.85,-0.1,0.75,0.8,0.1,0.1,0.05,7,10;7;8,2.8422,2.8549,2.8516,0.0066,1.6857,0.9891,0.449,0.332,0.05,0.0
tool_heavy,0.85,-0.1,0.75,0.8,0.1,0.1,0.05,7,10;7;8,2.8422,2.8549,2.7978,0.0,1.6857,0.9891,0.449,-1.56,0.05,0.02
tool_heavy,0.85,-0.1,0.75,0.8,0.1,0.1,0.05,7,10;7;8,2.8422,2.8549,2.7114,0.0016,1.6857,0.9891,0.449,-4.602,0.05,0.05
tool_heavy,0.85,-0.1,0.75,0.8,0.1,0.1,0.05,7,10;7;8,2.8422,2.8549,2.837,0.0306,1.6857,0.9891,0.449,-0.18,0.15,0.0
tool_heavy,0.85,-0.1,0.75,0.8,0.1,0.1,0.05,7,10;7;8,2.8422,2.8549,2.7928,0.0066,1.6857,0.9891,0.449,-1.737,0.15,0.02
tool_heavy,0.85,-0.1,0.75,0.8,0.1,0.1,0.05,7,10;7;8,2.8422,2.8549,2.7118,0.0007,1.6857,0.9891,0.449,-4.587,0.15,0.05
tool_heavy,0.85,-0.1,0.75,0.8,0.1,0.1,0.1,5,7;5;6,2.3032,2.3137,2.3137,0.0,1.6091,0.9851,0.456,0.456,0.0,0.0
tool_heavy,0.85,-0.1,0.75,0.8,0.1,0.1,0.1,5,7;5;6,2.3032,2.3137,2.2674,0.0,1.6091,0.9851,0.456,-1.553,0.0,0.02
tool_heavy,0.85,-0.1,0.75,0.8,0.1,0.1,0.1,5,7;5;6,2.3032,2.3137,2.198,0.0,1.6091,0.9851,0.456,-4.567,0.0,0.05
tool_heavy,0.85,-0.1,0.75,0.8,0.1,0.1,0.1,5,7;5;6,2.3032,2.3137,2.3129,0.001,1.6091,0.9851,0.456,0.421,0.05,0.0
tool_heavy,0.85,-0.1,0.75,0.8,0.1,0.1,0.1,5,7;5;6,2.3032,2.3137,2.2661,0.0026,1.6091,0.9851,0.456,-1.609,0.05,0.02
tool_heavy,0.85,-0.1,0.75,0.8,0.1,0.1,0.1,5,7;5;6,2.3032,2.3137,2.1972,0.0017,1.6091,0.9851,0.456,-4.603,0.05,0.05
tool_heavy,0.85,-0.1,0.75,0.8,0.1,0.1,0.1,5,7;5;6,2.3032,2.3137,2.3028,0.0207,1.6091,0.9851,0.456,-0.016,0.15,0.0
tool_heavy,0.85,-0.1,0.75,0.8,0.1,0.1,0.1,5,7;5;6,2.3032,2.3137,2.2665,0.0017,1.6091,0.9851,0.456,-1.591,0.15,0.02
tool_heavy,0.85,-0.1,0.75,0.8,0.1,0.1,0.1,5,7;5;6,2.3032,2.3137,2.1972,0.0017,1.6091,0.9851,0.456,-4.603,0.15,0.05
tool_heavy,0.85,-0.1,0.75,0.8,0.1,0.1,0.2,4,5;3;4,1.766,1.7774,1.7774,0.0,1.475,0.9621,0.649,0.649,0.0,0.0
tool_heavy,0.85,-0.1,0.75,0.8,0.1,0.1,0.2,4,5;3;4,1.766,1.7774,1.7419,0.0,1.475,0.9621,0.649,-1.364,0.0,0.02
tool_heavy,0.85,-0.1,0.75,0.8,0.1,0.1,0.2,4,5;3;4,1.766,1.7774,1.6885,0.0,1.475,0.9621,0.649,-4.384,0.0,0.05
tool_heavy,0.85,-0.1,0.75,0.8,0.1,0.1,0.2,4,5;3;4,1.766,1.7774,1.7754,0.0039,1.475,0.9621,0.649,0.537,0.05,0.0
tool_heavy,0.85,-0.1,0.75,0.8,0.1,0.1,0.2,4,5;3;4,1.766,1.7774,1.733,0.0178,1.475,0.9621,0.649,-1.869,0.05,0.02
tool_heavy,0.85,-0.1,0.75,0.8,0.1,0.1,0.2,4,5;3;4,1.766,1.7774,1.6783,0.0168,1.475,0.9621,0.649,-4.964,0.05,0.05
tool_heavy,0.85,-0.1,0.75,0.8,0.1,0.1,0.2,4,5;3;4,1.766,1.7774,1.7742,0.0037,1.475,0.9621,0.649,0.468,0.15,0.0
tool_heavy,0.85,-0.1,0.75,0.8,0.1,0.1,0.2,4,5;3;4,1.766,1.7774,1.7387,0.0055,1.475,0.9621,0.649,-1.542,0.15,0.02
tool_heavy,0.85,-0.1,0.75,0.8,0.1,0.1,0.2,4,5;3;4,1.766,1.7774,1.6877,0.0017,1.475,0.9621,0.649,-4.432,0.15,0.05
tool_heavy,0.85,-0.1,0.75,0.8,0.1,0.1,0.4,2,3;2;2,1.3133,1.3153,1.3153,0.0,1.2643,0.9621,0.147,0.147,0.0,0.0
tool_heavy,0.85,-0.1,0.75,0.8,0.1,0.1,0.4,2,3;2;2,1.3133,1.3153,1.289,0.0,1.2643,0.9621,0.147,-1.856,0.0,0.02
tool_heavy,0.85,-0.1,0.75,0.8,0.1,0.1,0.4,2,3;2;2,1.3133,1.3153,1.2495,0.0,1.2643,0.9621,0.147,-4.86,0.0,0.05
tool_heavy,0.85,-0.1,0.75,0.8,0.1,0.1,0.4,2,3;2;2,1.3133,1.3153,1.3153,0.0,1.2643,0.9621,0.147,0.147,0.05,0.0
tool_heavy,0.85,-0.1,0.75,0.8,0.1,0.1,0.4,2,3;2;2,1.3133,1.3153,1.289,0.0,1.2643,0.9621,0.147,-1.856,0.05,0.02
tool_heavy,0.85,-0.1,0.75,0.8,0.1,0.1,0.4,2,3;2;2,1.3133,1.3153,1.2495,0.0,1.2643,0.9621,0.147,-4.86,0.05,0.05
tool_heavy,0.85,-0.1,0.75,0.8,0.1,0.1,0.4,2,3;2;2,1.3133,1.3153,1.3028,0.0137,1.2643,0.9621,0.147,-0.804,0.15,0.0
tool_heavy,0.85,-0.1,0.75,0.8,0.1,0.1,0.4,2,3;2;2,1.3133,1.3153,1.2823,0.0133,1.2643,0.9621,0.147,-2.363,0.15,0.02
tool_heavy,0.85,-0.1,0.75,0.8,0.1,0.1,0.4,2,3;2;2,1.3133,1.3153,1.2491,0.0007,1.2643,0.9621,0.147,-4.888,0.15,0.05
tool_heavy,0.85,0.0,0.85,0.85,0.0,0.0,0.05,10,10;10;10,3.7007,3.7007,3.7007,0.0,1.7619,1.0,0.0,0.0,0.0,0.0
tool_heavy,0.85,0.0,0.85,0.85,0.0,0.0,0.05,10,10;10;10,3.7007,3.7007,3.6267,0.0,1.7619,1.0,0.0,-2.0,0.0,0.02
tool_heavy,0.85,0.0,0.85,0.85,0.0,0.0,0.05,10,10;10;10,3.7007,3.7007,3.5157,0.0,1.7619,1.0,0.0,-5.0,0.0,0.05
tool_heavy,0.85,0.0,0.85,0.85,0.0,0.0,0.05,10,10;10;10,3.7007,3.7007,3.7007,0.0,1.7619,1.0,0.0,0.0,0.05,0.0
tool_heavy,0.85,0.0,0.85,0.85,0.0,0.0,0.05,10,10;10;10,3.7007,3.7007,3.6267,0.0,1.7619,1.0,0.0,-2.0,0.05,0.02
tool_heavy,0.85,0.0,0.85,0.85,0.0,0.0,0.05,10,10;10;10,3.7007,3.7007,3.5157,0.0,1.7619,1.0,0.0,-5.0,0.05,0.05
tool_heavy,0.85,0.0,0.85,0.85,0.0,0.0,0.05,10,10;10;10,3.7007,3.7007,3.7007,0.0,1.7619,1.0,0.0,0.0,0.15,0.0
tool_heavy,0.85,0.0,0.85,0.85,0.0,0.0,0.05,10,10;10;10,3.7007,3.7007,3.6267,0.0,1.7619,1.0,0.0,-2.0,0.15,0.02
tool_heavy,0.85,0.0,0.85,0.85,0.0,0.0,0.05,10,10;10;10,3.7007,3.7007,3.5157,0.0,1.7619,1.0,0.0,-5.0,0.15,0.05
tool_heavy,0.85,0.0,0.85,0.85,0.0,0.0,0.1,7,7;7;7,2.853,2.853,2.853,0.0,1.6818,1.0,0.0,0.0,0.0,0.0
tool_heavy,0.85,0.0,0.85,0.85,0.0,0.0,0.1,7,7;7;7,2.853,2.853,2.7959,0.0,1.6818,1.0,0.0,-2.0,0.0,0.02
tool_heavy,0.85,0.0,0.85,0.85,0.0,0.0,0.1,7,7;7;7,2.853,2.853,2.7103,0.0,1.6818,1.0,0.0,-5.0,0.0,0.05
tool_heavy,0.85,0.0,0.85,0.85,0.0,0.0,0.1,7,7;7;7,2.853,2.853,2.853,0.0,1.6818,1.0,0.0,0.0,0.05,0.0
tool_heavy,0.85,0.0,0.85,0.85,0.0,0.0,0.1,7,7;7;7,2.853,2.853,2.7959,0.0,1.6818,1.0,0.0,-2.0,0.05,0.02
tool_heavy,0.85,0.0,0.85,0.85,0.0,0.0,0.1,7,7;7;7,2.853,2.853,2.7103,0.0,1.6818,1.0,0.0,-5.0,0.05,0.05
tool_heavy,0.85,0.0,0.85,0.85,0.0,0.0,0.1,7,7;7;7,2.853,2.853,2.853,0.0,1.6818,1.0,0.0,0.0,0.15,0.0
tool_heavy,0.85,0.0,0.85,0.85,0.0,0.0,0.1,7,7;7;7,2.853,2.853,2.7959,0.0,1.6818,1.0,0.0,-2.0,0.15,0.02
tool_heavy,0.85,0.0,0.85,0.85,0.0,0.0,0.1,7,7;7;7,2.853,2.853,2.7103,0.0,1.6818,1.0,0.0,-5.0,0.15,0.05
tool_heavy,0.85,0.0,0.85,0.85,0.0,0.0,0.2,5,5;5;5,2.0762,2.0762,2.0762,0.0,1.5417,1.0,0.0,0.0,0.0,0.0
tool_heavy,0.85,0.0,0.85,0.85,0.0,0.0,0.2,5,5;5;5,2.0762,2.0762,2.0346,0.0,1.5417,1.0,0.0,-2.0,0.0,0.02
tool_heavy,0.85,0.0,0.85,0.85,0.0,0.0,0.2,5,5;5;5,2.0762,2.0762,1.9724,0.0,1.5417,1.0,0.0,-5.0,0.0,0.05
tool_heavy,0.85,0.0,0.85,0.85,0.0,0.0,0.2,5,5;5;5,2.0762,2.0762,2.0762,0.0,1.5417,1.0,0.0,0.0,0.05,0.0
tool_heavy,0.85,0.0,0.85,0.85,0.0,0.0,0.2,5,5;5;5,2.0762,2.0762,2.0346,0.0,1.5417,1.0,0.0,-2.0,0.05,0.02
tool_heavy,0.85,0.0,0.85,0.85,0.0,0.0,0.2,5,5;5;5,2.0762,2.0762,1.9724,0.0,1.5417,1.0,0.0,-5.0,0.05,0.05
tool_heavy,0.85,0.0,0.85,0.85,0.0,0.0,0.2,5,5;5;5,2.0762,2.0762,2.0762,0.0,1.5417,1.0,0.0,0.0,0.15,0.0
tool_heavy,0.85,0.0,0.85,0.85,0.0,0.0,0.2,5,5;5;5,2.0762,2.0762,2.0346,0.0,1.5417,1.0,0.0,-2.0,0.15,0.02
tool_heavy,0.85,0.0,0.85,0.85,0.0,0.0,0.2,5,5;5;5,2.0762,2.0762,1.9724,0.0,1.5417,1.0,0.0,-5.0,0.15,0.05
tool_heavy,0.85,0.0,0.85,0.85,0.0,0.0,0.4,3,3;3;3,1.4485,1.4485,1.4485,0.0,1.3214,1.0,0.0,0.0,0.0,0.0
tool_heavy,0.85,0.0,0.85,0.85,0.0,0.0,0.4,3,3;3;3,1.4485,1.4485,1.4195,0.0,1.3214,1.0,0.0,-2.0,0.0,0.02
tool_heavy,0.85,0.0,0.85,0.85,0.0,0.0,0.4,3,3;3;3,1.4485,1.4485,1.376,0.0,1.3214,1.0,0.0,-5.0,0.0,0.05
tool_heavy,0.85,0.0,0.85,0.85,0.0,0.0,0.4,3,3;3;3,1.4485,1.4485,1.4485,0.0,1.3214,1.0,0.0,0.0,0.05,0.0
tool_heavy,0.85,0.0,0.85,0.85,0.0,0.0,0.4,3,3;3;3,1.4485,1.4485,1.4195,0.0,1.3214,1.0,0.0,-2.0,0.05,0.02
tool_heavy,0.85,0.0,0.85,0.85,0.0,0.0,0.4,3,3;3;3,1.4485,1.4485,1.376,0.0,1.3214,1.0,0.0,-5.0,0.05,0.05
tool_heavy,0.85,0.0,0.85,0.85,0.0,0.0,0.4,3,3;3;3,1.4485,1.4485,1.4485,0.0,1.3214,1.0,0.0,0.0,0.15,0.0
tool_heavy,0.85,0.0,0.85,0.85,0.0,0.0,0.4,3,3;3;3,1.4485,1.4485,1.4195,0.0,1.3214,1.0,0.0,-2.0,0.15,0.02
tool_heavy,0.85,0.0,0.85,0.85,0.0,0.0,0.4,3,3;3;3,1.4485,1.4485,1.376,0.0,1.3214,1.0,0.0,-5.0,0.15,0.05
tool_heavy,0.85,0.1,0.95,0.9,0.1,0.1,0.05,19,10;21;13,5.8353,5.9247,5.9247,0.0,1.8381,0.9781,1.531,1.531,0.0,0.0
tool_heavy,0.85,0.1,0.95,0.9,0.1,0.1,0.05,19,10;21;13,5.8353,5.9247,5.8062,0.0,1.8381,0.9781,1.531,-0.499,0.0,0.02
tool_heavy,0.85,0.1,0.95,0.9,0.1,0.1,0.05,19,10;21;13,5.8353,5.9247,5.6284,0.0,1.8381,0.9781,1.531,-3.545,0.0,0.05
tool_heavy,0.85,0.1,0.95,0.9,0.1,0.1,0.05,19,10;21;13,5.8353,5.9247,5.9247,0.0,1.8381,0.9781,1.531,1.531,0.05,0.0
tool_heavy,0.85,0.1,0.95,0.9,0.1,0.1,0.05,19,10;21;13,5.8353,5.9247,5.7421,0.1037,1.8381,0.9781,1.531,-1.597,0.05,0.02
tool_heavy,0.85,0.1,0.95,0.9,0.1,0.1,0.05,19,10;21;13,5.8353,5.9247,5.4022,0.277,1.8381,0.9781,1.531,-7.422,0.05,0.05
tool_heavy,0.85,0.1,0.95,0.9,0.1,0.1,0.05,19,10;21;13,5.8353,5.9247,5.8056,0.2381,1.8381,0.9781,1.531,-0.509,0.15,0.0
tool_heavy,0.85,0.1,0.95,0.9,0.1,0.1,0.05,19,10;21;13,5.8353,5.9247,5.8062,0.0,1.8381,0.9781,1.531,-0.499,0.15,0.02
tool_heavy,0.85,0.1,0.95,0.9,0.1,0.1,0.05,19,10;21;13,5.8353,5.9247,5.6144,0.02,1.8381,0.9781,1.531,-3.786,0.15,0.05
tool_heavy,0.85,0.1,0.95,0.9,0.1,0.1,0.1,13,7;15;10,4.0492,4.1068,4.1068,0.0,1.7545,0.9755,1.422,1.422,0.0,0.0
tool_heavy,0.85,0.1,0.95,0.9,0.1,0.1,0.1,13,7;15;10,4.0492,4.1068,4.0246,0.0,1.7545,0.9755,1.422,-0.607,0.0,0.02
tool_heavy,0.85,0.1,0.95,0.9,0.1,0.1,0.1,13,7;15;10,4.0492,4.1068,3.9014,0.0,1.7545,0.9755,1.422,-3.649,0.0,0.05
tool_heavy,0.85,0.1,0.95,0.9,0.1,0.1,0.1,13,7;15;10,4.0492,4.1068,4.0264,0.1423,1.7545,0.9755,1.422,-0.563,0.05,0.0
tool_heavy,0.85,0.1,0.95,0.9,0.1,0.1,0.1,13,7;15;10,4.0492,4.1068,4.0246,0.0,1.7545,0.9755,1.422,-0.607,0.05,0.02
tool_heavy,0.85,0.1,0.95,0.9,0.1,0.1,0.1,13,7;15;10,4.0492,4.1068,3.8941,0.0146,1.7545,0.9755,1.422,-3.83,0.05,0.05
tool_heavy,0.85,0.1,0.95,0.9,0.1,0.1,0.1,13,7;15;10,4.0492,4.1068,4.1068,0.0,1.7545,0.9755,1.422,1.422,0.15,0.0
tool_heavy,0.85,0.1,0.95,0.9,0.1,0.1,0.1,13,7;15;10,4.0492,4.1068,4.0111,0.0165,1.7545,0.9755,1.422,-0.94,0.15,0.02
tool_heavy,0.85,0.1,0.95,0.9,0.1,0.1,0.1,13,7;15;10,4.0492,4.1068,3.8324,0.1381,1.7545,0.9755,1.422,-5.355,0.15,0.05
tool_heavy,0.85,0.1,0.95,0.9,0.1,0.1,0.2,9,5;10;7,2.6628,2.6945,2.6945,0.0,1.6083,0.9708,1.192,1.192,0.0,0.0
tool_heavy,0.85,0.1,0.95,0.9,0.1,0.1,0.2,9,5;10;7,2.6628,2.6945,2.6406,0.0,1.6083,0.9708,1.192,-0.832,0.0,0.02
tool_heavy,0.85,0.1,0.95,0.9,0.1,0.1,0.2,9,5;10;7,2.6628,2.6945,2.5598,0.0,1.6083,0.9708,1.192,-3.868,0.0,0.05
tool_heavy,0.85,0.1,0.95,0.9,0.1,0.1,0.2,9,5;10;7,2.6628,2.6945,2.6945,0.0,1.6083,0.9708,1.192,1.192,0.05,0.0
tool_heavy,0.85,0.1,0.95,0.9,0.1,0.1,0.2,9,5;10;7,2.6628,2.6945,2.6406,0.0,1.6083,0.9708,1.192,-0.832,0.05,0.02
tool_heavy,0.85,0.1,0.95,0.9,0.1,0.1,0.2,9,5;10;7,2.6628,2.6945,2.5298,0.06,1.6083,0.9708,1.192,-4.995,0.05,0.05
tool_heavy,0.85,0.1,0.95,0.9,0.1,0.1,0.2,9,5;10;7,2.6628,2.6945,2.6629,0.0632,1.6083,0.9708,1.192,0.006,0.15,0.0
tool_heavy,0.85,0.1,0.95,0.9,0.1,0.1,0.2,9,5;10;7,2.6628,2.6945,2.6295,0.0093,1.6083,0.9708,1.192,-1.251,0.15,0.02
tool_heavy,0.85,0.1,0.95,0.9,0.1,0.1,0.2,9,5;10;7,2.6628,2.6945,2.5255,0.0585,1.6083,0.9708,1.192,-5.156,0.15,0.05
tool_heavy,0.85,0.1,0.95,0.9,0.1,0.1,0.4,5,3;6;4,1.687,1.702,1.702,0.0,1.3786,0.9537,0.888,0.888,0.0,0.0
tool_heavy,0.85,0.1,0.95,0.9,0.1,0.1,0.4,5,3;6;4,1.687,1.702,1.668,0.0,1.3786,0.9537,0.888,-1.13,0.0,0.02
tool_heavy,0.85,0.1,0.95,0.9,0.1,0.1,0.4,5,3;6;4,1.687,1.702,1.6169,0.0,1.3786,0.9537,0.888,-4.157,0.0,0.05
tool_heavy,0.85,0.1,0.95,0.9,0.1,0.1,0.4,5,3;6;4,1.687,1.702,1.702,0.0,1.3786,0.9537,0.888,0.888,0.05,0.0
tool_heavy,0.85,0.1,0.95,0.9,0.1,0.1,0.4,5,3;6;4,1.687,1.702,1.668,0.0,1.3786,0.9537,0.888,-1.13,0.05,0.02
tool_heavy,0.85,0.1,0.95,0.9,0.1,0.1,0.4,5,3;6;4,1.687,1.702,1.6169,0.0,1.3786,0.9537,0.888,-4.157,0.05,0.05
tool_heavy,0.85,0.1,0.95,0.9,0.1,0.1,0.4,5,3;6;4,1.687,1.702,1.6892,0.0256,1.3786,0.9537,0.888,0.128,0.15,0.0
tool_heavy,0.85,0.1,0.95,0.9,0.1,0.1,0.4,5,3;6;4,1.687,1.702,1.6531,0.0232,1.3786,0.9537,0.888,-2.008,0.15,0.02
tool_heavy,0.85,0.1,0.95,0.9,0.1,0.1,0.4,5,3;6;4,1.687,1.702,1.6036,0.0265,1.3786,0.9537,0.888,-4.944,0.15,0.05
tool_heavy,0.85,0.2,0.98,0.915,0.13,0.13,0.05,31,10;32;15,7.6639,7.9403,7.9403,0.0,1.861,0.9545,3.607,3.607,0.0,0.0
tool_heavy,0.85,0.2,0.98,0.915,0.13,0.13,0.05,31,10;32;15,7.6639,7.9403,7.7815,0.0,1.861,0.9545,3.607,1.535,0.0,0.02
tool_heavy,0.85,0.2,0.98,0.915,0.13,0.13,0.05,31,10;32;15,7.6639,7.9403,7.5433,0.0,1.861,0.9545,3.607,-1.573,0.0,0.05
tool_heavy,0.85,0.2,0.98,0.915,0.13,0.13,0.05,31,10;32;15,7.6639,7.9403,7.5602,0.7603,1.861,0.9545,3.607,-1.353,0.05,0.0
tool_heavy,0.85,0.2,0.98,0.915,0.13,0.13,0.05,31,10;32;15,7.6639,7.9403,7.7815,0.0,1.861,0.9545,3.607,1.535,0.05,0.02
tool_heavy,0.85,0.2,0.98,0.915,0.13,0.13,0.05,31,10;32;15,7.6639,7.9403,7.5433,0.0,1.861,0.9545,3.607,-1.573,0.05,0.05
tool_heavy,0.85,0.2,0.98,0.915,0.13,0.13,0.05,31,10;32;15,7.6639,7.9403,7.5215,0.4962,1.861,0.9545,3.607,-1.858,0.15,0.0
tool_heavy,0.85,0.2,0.98,0.915,0.13,0.13,0.05,31,10;32;15,7.6639,7.9403,7.3442,0.7698,1.861,0.9545,3.607,-4.171,0.15,0.02
tool_heavy,0.85,0.2,0.98,0.915,0.13,0.13,0.05,31,10;32;15,7.6639,7.9403,7.5123,0.062,1.861,0.9545,3.607,-1.978,0.15,0.05
tool_heavy,0.85,0.2,0.98,0.915,0.13,0.13,0.1,21,7;26;11,4.9118,5.1074,5.1074,0.0,1.7764,0.9413,3.982,3.982,0.0,0.0
tool_heavy,0.85,0.2,0.98,0.915,0.13,0.13,0.1,21,7;26;11,4.9118,5.1074,5.0053,0.0,1.7764,0.9413,3.982,1.902,0.0,0.02
tool_heavy,0.85,0.2,0.98,0.915,0.13,0.13,0.1,21,7;26;11,4.9118,5.1074,4.852,0.0,1.7764,0.9413,3.982,-1.217,0.0,0.05
tool_heavy,0.85,0.2,0.98,0.915,0.13,0.13,0.1,21,7;26;11,4.9118,5.1074,5.1074,0.0,1.7764,0.9413,3.982,3.982,0.05,0.0
tool_heavy,0.85,0.2,0.98,0.915,0.13,0.13,0.1,21,7;26;11,4.9118,5.1074,4.9852,0.0401,1.7764,0.9413,3.982,1.494,0.05,0.02
tool_heavy,0.85,0.2,0.98,0.915,0.13,0.13,0.1,21,7;26;11,4.9118,5.1074,4.852,0.0,1.7764,0.9413,3.982,-1.217,0.05,0.05
tool_heavy,0.85,0.2,0.98,0.915,0.13,0.13,0.1,21,7;26;11,4.9118,5.1074,4.8737,0.3942,1.7764,0.9413,3.982,-0.775,0.15,0.0
tool_heavy,0.85,0.2,0.98,0.915,0.13,0.13,0.1,21,7;26;11,4.9118,5.1074,4.6724,0.3841,1.7764,0.9413,3.982,-4.875,0.15,0.02
tool_heavy,0.85,0.2,0.98,0.915,0.13,0.13,0.1,21,7;26;11,4.9118,5.1074,4.8146,0.0503,1.7764,0.9413,3.982,-1.979,0.15,0.05
tool_heavy,0.85,0.2,0.98,0.915,0.13,0.13,0.2,13,5;18;7,3.0264,3.1317,3.1317,0.0,1.6283,0.93,3.479,3.479,0.0,0.0
tool_heavy,0.85,0.2,0.98,0.915,0.13,0.13,0.2,13,5;18;7,3.0264,3.1317,3.0691,0.0,1.6283,0.93,3.479,1.409,0.0,0.02
tool_heavy,0.85,0.2,0.98,0.915,0.13,0.13,0.2,13,5;18;7,3.0264,3.1317,2.9751,0.0,1.6283,0.93,3.479,-1.695,0.0,0.05
tool_heavy,0.85,0.2,0.98,0.915,0.13,0.13,0.2,13,5;18;7,3.0264,3.1317,3.0437,0.1699,1.6283,0.93,3.479,0.569,0.05,0.0
tool_heavy,0.85,0.2,0.98,0.915,0.13,0.13,0.2,13,5;18;7,3.0264,3.1317,3.0691,0.0,1.6283,0.93,3.479,1.409,0.05,0.02
tool_heavy,0.85,0.2,0.98,0.915,0.13,0.13,0.2,13,5;18;7,3.0264,3.1317,2.9278,0.0946,1.6283,0.93,3.479,-3.259,0.05,0.05
tool_heavy,0.85,0.2,0.98,0.915,0.13,0.13,0.2,13,5;18;7,3.0264,3.1317,3.1143,0.0322,1.6283,0.93,3.479,2.902,0.15,0.0
tool_heavy,0.85,0.2,0.98,0.915,0.13,0.13,0.2,13,5;18;7,3.0264,3.1317,3.0203,0.0976,1.6283,0.93,3.479,-0.204,0.15,0.02
tool_heavy,0.85,0.2,0.98,0.915,0.13,0.13,0.2,13,5;18;7,3.0264,3.1317,2.9309,0.0364,1.6283,0.93,3.479,-3.158,0.15,0.05
tool_heavy,0.85,0.2,0.98,0.915,0.13,0.13,0.4,7,3;11;4,1.8172,1.8648,1.8648,0.0,1.3957,0.8985,2.62,2.62,0.0,0.0
tool_heavy,0.85,0.2,0.98,0.915,0.13,0.13,0.4,7,3;11;4,1.8172,1.8648,1.8275,0.0,1.3957,0.8985,2.62,0.567,0.0,0.02
tool_heavy,0.85,0.2,0.98,0.915,0.13,0.13,0.4,7,3;11;4,1.8172,1.8648,1.7715,0.0,1.3957,0.8985,2.62,-2.511,0.0,0.05
tool_heavy,0.85,0.2,0.98,0.915,0.13,0.13,0.4,7,3;11;4,1.8172,1.8648,1.8648,0.0,1.3957,0.8985,2.62,2.62,0.05,0.0
tool_heavy,0.85,0.2,0.98,0.915,0.13,0.13,0.4,7,3;11;4,1.8172,1.8648,1.8275,0.0,1.3957,0.8985,2.62,0.567,0.05,0.02
tool_heavy,0.85,0.2,0.98,0.915,0.13,0.13,0.4,7,3;11;4,1.8172,1.8648,1.7254,0.0577,1.3957,0.8985,2.62,-5.051,0.05,0.05
tool_heavy,0.85,0.2,0.98,0.915,0.13,0.13,0.4,7,3;11;4,1.8172,1.8648,1.8434,0.0404,1.3957,0.8985,2.62,1.445,0.15,0.0
tool_heavy,0.85,0.2,0.98,0.915,0.13,0.13,0.4,7,3;11;4,1.8172,1.8648,1.8198,0.0152,1.3957,0.8985,2.62,0.148,0.15,0.02
tool_heavy,0.85,0.2,0.98,0.915,0.13,0.13,0.4,7,3;11;4,1.8172,1.8648,1.7641,0.0148,1.3957,0.8985,2.62,-2.919,0.15,0.05
tool_heavy,0.85,0.3,0.98,0.915,0.13,0.13,0.05,31,10;32;15,7.6639,7.9403,7.9403,0.0,1.861,0.9545,3.607,3.607,0.0,0.0
tool_heavy,0.85,0.3,0.98,0.915,0.13,0.13,0.05,31,10;32;15,7.6639,7.9403,7.7815,0.0,1.861,0.9545,3.607,1.535,0.0,0.02
tool_heavy,0.85,0.3,0.98,0.915,0.13,0.13,0.05,31,10;32;15,7.6639,7.9403,7.5433,0.0,1.861,0.9545,3.607,-1.573,0.0,0.05
tool_heavy,0.85,0.3,0.98,0.915,0.13,0.13,0.05,31,10;32;15,7.6639,7.9403,7.9077,0.0653,1.861,0.9545,3.607,3.181,0.05,0.0
tool_heavy,0.85,0.3,0.98,0.915,0.13,0.13,0.05,31,10;32;15,7.6639,7.9403,7.7815,0.0,1.861,0.9545,3.607,1.535,0.05,0.02
tool_heavy,0.85,0.3,0.98,0.915,0.13,0.13,0.05,31,10;32;15,7.6639,7.9403,7.3404,0.3863,1.861,0.9545,3.607,-4.221,0.05,0.05
tool_heavy,0.85,0.3,0.98,0.915,0.13,0.13,0.05,31,10;32;15,7.6639,7.9403,7.932,0.0167,1.861,0.9545,3.607,3.498,0.15,0.0
tool_heavy,0.85,0.3,0.98,0.915,0.13,0.13,0.05,31,10;32;15,7.6639,7.9403,7.7652,0.02,1.861,0.9545,3.607,1.322,0.15,0.02
tool_heavy,0.85,0.3,0.98,0.915,0.13,0.13,0.05,31,10;32;15,7.6639,7.9403,7.5182,0.0425,1.861,0.9545,3.607,-1.901,0.15,0.05
tool_heavy,0.85,0.3,0.98,0.915,0.13,0.13,0.1,21,7;26;11,4.9118,5.1074,5.1074,0.0,1.7764,0.9413,3.982,3.982,0.0,0.0
tool_heavy,0.85,0.3,0.98,0.915,0.13,0.13,0.1,21,7;26;11,4.9118,5.1074,5.0053,0.0,1.7764,0.9413,3.982,1.902,0.0,0.02
tool_heavy,0.85,0.3,0.98,0.915,0.13,0.13,0.1,21,7;26;11,4.9118,5.1074,4.852,0.0,1.7764,0.9413,3.982,-1.217,0.0,0.05
tool_heavy,0.85,0.3,0.98,0.915,0.13,0.13,0.1,21,7;26;11,4.9118,5.1074,5.1074,0.0,1.7764,0.9413,3.982,3.982,0.05,0.0
tool_heavy,0.85,0.3,0.98,0.915,0.13,0.13,0.1,21,7;26;11,4.9118,5.1074,4.7862,0.3898,1.7764,0.9413,3.982,-2.556,0.05,0.02
tool_heavy,0.85,0.3,0.98,0.915,0.13,0.13,0.1,21,7;26;11,4.9118,5.1074,4.852,0.0,1.7764,0.9413,3.982,-1.217,0.05,0.05
tool_heavy,0.85,0.3,0.98,0.915,0.13,0.13,0.1,21,7;26;11,4.9118,5.1074,5.0869,0.041,1.7764,0.9413,3.982,3.565,0.15,0.0
tool_heavy,0.85,0.3,0.98,0.915,0.13,0.13,0.1,21,7;26;11,4.9118,5.1074,4.8044,0.2409,1.7764,0.9413,3.982,-2.188,0.15,0.02
tool_heavy,0.85,0.3,0.98,0.915,0.13,0.13,0.1,21,7;26;11,4.9118,5.1074,4.4397,0.4532,1.7764,0.9413,3.982,-9.613,0.15,0.05
tool_heavy,0.85,0.3,0.98,0.915,0.13,0.13,0.2,13,5;18;7,3.0264,3.1317,3.1317,0.0,1.6283,0.93,3.479,3.479,0.0,0.0
tool_heavy,0.85,0.3,0.98,0.915,0.13,0.13,0.2,13,5;18;7,3.0264,3.1317,3.0691,0.0,1.6283,0.93,3.479,1.409,0.0,0.02
tool_heavy,0.85,0.3,0.98,0.915,0.13,0.13,0.2,13,5;18;7,3.0264,3.1317,2.9751,0.0,1.6283,0.93,3.479,-1.695,0.0,0.05
tool_heavy,0.85,0.3,0.98,0.915,0.13,0.13,0.2,13,5;18;7,3.0264,3.1317,3.0462,0.1711,1.6283,0.93,3.479,0.653,0.05,0.0
tool_heavy,0.85,0.3,0.98,0.915,0.13,0.13,0.2,13,5;18;7,3.0264,3.1317,3.0178,0.0965,1.6283,0.93,3.479,-0.286,0.05,0.02
tool_heavy,0.85,0.3,0.98,0.915,0.13,0.13,0.2,13,5;18;7,3.0264,3.1317,2.9727,0.0048,1.6283,0.93,3.479,-1.775,0.05,0.05
tool_heavy,0.85,0.3,0.98,0.915,0.13,0.13,0.2,13,5;18;7,3.0264,3.1317,3.0851,0.0611,1.6283,0.93,3.479,1.94,0.15,0.0
tool_heavy,0.85,0.3,0.98,0.915,0.13,0.13,0.2,13,5;18;7,3.0264,3.1317,2.9792,0.1648,1.6283,0.93,3.479,-1.56,0.15,0.02
tool_heavy,0.85,0.3,0.98,0.915,0.13,0.13,0.2,13,5;18;7,3.0264,3.1317,2.962,0.0263,1.6283,0.93,3.479,-2.13,0.15,0.05
tool_heavy,0.85,0.3,0.98,0.915,0.13,0.13,0.4,7,3;11;4,1.8172,1.8648,1.8648,0.0,1.3957,0.8985,2.62,2.62,0.0,0.0
tool_heavy,0.85,0.3,0.98,0.915,0.13,0.13,0.4,7,3;11;4,1.8172,1.8648,1.8275,0.0,1.3957,0.8985,2.62,0.567,0.0,0.02
tool_heavy,0.85,0.3,0.98,0.915,0.13,0.13,0.4,7,3;11;4,1.8172,1.8648,1.7715,0.0,1.3957,0.8985,2.62,-2.511,0.0,0.05
tool_heavy,0.85,0.3,0.98,0.915,0.13,0.13,0.4,7,3;11;4,1.8172,1.8648,1.8648,0.0,1.3957,0.8985,2.62,2.62,0.05,0.0
tool_heavy,0.85,0.3,0.98,0.915,0.13,0.13,0.4,7,3;11;4,1.8172,1.8648,1.8275,0.0,1.3957,0.8985,2.62,0.567,0.05,0.02
tool_heavy,0.85,0.3,0.98,0.915,0.13,0.13,0.4,7,3;11;4,1.8172,1.8648,1.7715,0.0,1.3957,0.8985,2.62,-2.511,0.05,0.05
tool_heavy,0.85,0.3,0.98,0.915,0.13,0.13,0.4,7,3;11;4,1.8172,1.8648,1.8352,0.0557,1.3957,0.8985,2.62,0.993,0.15,0.0
tool_heavy,0.85,0.3,0.98,0.915,0.13,0.13,0.4,7,3;11;4,1.8172,1.8648,1.8261,0.0018,1.3957,0.8985,2.62,0.493,0.15,0.02
tool_heavy,0.85,0.3,0.98,0.915,0.13,0.13,0.4,7,3;11;4,1.8172,1.8648,1.7706,0.0018,1.3957,0.8985,2.62,-2.561,0.15,0.05
