sigma,seed,auc,crit_auc,frac,budget,total_tok,policy,kept_tok,m1_avail,m2_task
0.05,0,0.4018,1.0,0.2,949,4746,RT,946,0.2375,0.0
0.05,0,0.4018,1.0,0.2,949,4746,H2O,942,0.3375,0.0
0.05,0,0.4018,1.0,0.2,949,4746,CAUSAL,942,0.358333,1.0
0.05,0,0.4018,1.0,0.2,949,4746,ORACLE,947,0.370833,1.0
0.05,0,0.4018,1.0,0.3,1423,4746,RT,1420,0.320833,0.0
0.05,0,0.4018,1.0,0.3,1423,4746,H2O,1419,0.479167,0.0
0.05,0,0.4018,1.0,0.3,1423,4746,CAUSAL,1422,0.4625,1.0
0.05,0,0.4018,1.0,0.3,1423,4746,ORACLE,1414,0.7125,1.0
0.05,0,0.4018,1.0,0.4,1898,4746,RT,1894,0.504167,0.0
0.05,0,0.4018,1.0,0.4,1898,4746,H2O,1886,0.516667,0.0
0.05,0,0.4018,1.0,0.4,1898,4746,CAUSAL,1891,0.4625,1.0
0.05,0,0.4018,1.0,0.4,1898,4746,ORACLE,1894,0.8,1.0
0.05,0,0.4018,1.0,0.5,2373,4746,RT,2368,0.6,0.0
0.05,0,0.4018,1.0,0.5,2373,4746,H2O,2373,0.6375,0.0
0.05,0,0.4018,1.0,0.5,2373,4746,CAUSAL,2367,0.65,1.0
0.05,0,0.4018,1.0,0.5,2373,4746,ORACLE,2365,0.858333,1.0
0.05,0,0.4018,1.0,0.6,2847,4746,RT,2847,0.75,0.0
0.05,0,0.4018,1.0,0.6,2847,4746,H2O,2837,0.716667,0.0
0.05,0,0.4018,1.0,0.6,2847,4746,CAUSAL,2837,0.829167,1.0
0.05,0,0.4018,1.0,0.6,2847,4746,ORACLE,2832,0.925,1.0
0.05,1,0.7069,0.906,0.2,973,4869,RT,972,0.1375,0.0
0.05,1,0.7069,0.906,0.2,973,4869,H2O,971,0.254167,0.0
0.05,1,0.7069,0.906,0.2,973,4869,CAUSAL,968,0.225,0.0
0.05,1,0.7069,0.906,0.2,973,4869,ORACLE,968,0.345833,0.0
0.05,1,0.7069,0.906,0.3,1460,4869,RT,1453,0.2875,0.0
0.05,1,0.7069,0.906,0.3,1460,4869,H2O,1460,0.416667,0.0
0.05,1,0.7069,0.906,0.3,1460,4869,CAUSAL,1458,0.404167,0.0
0.05,1,0.7069,0.906,0.3,1460,4869,ORACLE,1455,0.683333,1.0
0.05,1,0.7069,0.906,0.4,1947,4869,RT,1943,0.3625,0.0
0.05,1,0.7069,0.906,0.4,1947,4869,H2O,1941,0.45,0.0
0.05,1,0.7069,0.906,0.4,1947,4869,CAUSAL,1946,0.570833,0.0
0.05,1,0.7069,0.906,0.4,1947,4869,ORACLE,1945,0.829167,1.0
0.05,1,0.7069,0.906,0.5,2434,4869,RT,2432,0.441667,0.0
0.05,1,0.7069,0.906,0.5,2434,4869,H2O,2434,0.5,0.0
0.05,1,0.7069,0.906,0.5,2434,4869,CAUSAL,2433,0.670833,0.0
0.05,1,0.7069,0.906,0.5,2434,4869,ORACLE,2434,0.8625,1.0
0.05,1,0.7069,0.906,0.6,2921,4869,RT,2916,0.629167,0.0
0.05,1,0.7069,0.906,0.6,2921,4869,H2O,2920,0.645833,0.0
0.05,1,0.7069,0.906,0.6,2921,4869,CAUSAL,2917,0.75,1.0
0.05,1,0.7069,0.906,0.6,2921,4869,ORACLE,2916,0.925,1.0
0.05,2,0.4591,0.6438,0.2,857,4289,RT,853,0.329167,0.0
0.05,2,0.4591,0.6438,0.2,857,4289,H2O,854,0.379167,0.0
0.05,2,0.4591,0.6438,0.2,857,4289,CAUSAL,856,0.2375,0.0
0.05,2,0.4591,0.6438,0.2,857,4289,ORACLE,857,0.291667,0.0
0.05,2,0.4591,0.6438,0.3,1286,4289,RT,1286,0.429167,0.0
0.05,2,0.4591,0.6438,0.3,1286,4289,H2O,1283,0.433333,0.0
0.05,2,0.4591,0.6438,0.3,1286,4289,CAUSAL,1282,0.204167,0.0
0.05,2,0.4591,0.6438,0.3,1286,4289,ORACLE,1280,0.445833,0.0
0.05,2,0.4591,0.6438,0.4,1715,4289,RT,1715,0.491667,0.0
0.05,2,0.4591,0.6438,0.4,1715,4289,H2O,1700,0.558333,0.0
0.05,2,0.4591,0.6438,0.4,1715,4289,CAUSAL,1715,0.366667,0.0
0.05,2,0.4591,0.6438,0.4,1715,4289,ORACLE,1713,0.629167,1.0
0.05,2,0.4591,0.6438,0.5,2144,4289,RT,2138,0.625,0.0
0.05,2,0.4591,0.6438,0.5,2144,4289,H2O,2138,0.6,0.0
0.05,2,0.4591,0.6438,0.5,2144,4289,CAUSAL,2141,0.529167,0.0
0.05,2,0.4591,0.6438,0.5,2144,4289,ORACLE,2142,0.804167,1.0
0.05,2,0.4591,0.6438,0.6,2573,4289,RT,2564,0.65,0.0
0.05,2,0.4591,0.6438,0.6,2573,4289,H2O,2559,0.733333,0.0
0.05,2,0.4591,0.6438,0.6,2573,4289,CAUSAL,2572,0.5875,0.0
0.05,2,0.4591,0.6438,0.6,2573,4289,ORACLE,2573,0.845833,1.0
0.05,3,0.6736,0.9309,0.2,897,4488,RT,895,0.208333,0.0
0.05,3,0.6736,0.9309,0.2,897,4488,H2O,891,0.333333,0.0
0.05,3,0.6736,0.9309,0.2,897,4488,CAUSAL,892,0.275,0.0
0.05,3,0.6736,0.9309,0.2,897,4488,ORACLE,893,0.395833,1.0
0.05,3,0.6736,0.9309,0.3,1346,4488,RT,1343,0.3125,0.0
0.05,3,0.6736,0.9309,0.3,1346,4488,H2O,1346,0.425,0.0
0.05,3,0.6736,0.9309,0.3,1346,4488,CAUSAL,1346,0.404167,1.0
0.05,3,0.6736,0.9309,0.3,1346,4488,ORACLE,1342,0.833333,1.0
0.05,3,0.6736,0.9309,0.4,1795,4488,RT,1789,0.525,0.0
0.05,3,0.6736,0.9309,0.4,1795,4488,H2O,1795,0.479167,0.0
0.05,3,0.6736,0.9309,0.4,1795,4488,CAUSAL,1795,0.6,1.0
0.05,3,0.6736,0.9309,0.4,1795,4488,ORACLE,1794,0.8875,1.0
0.05,3,0.6736,0.9309,0.5,2244,4488,RT,2243,0.4875,0.0
0.05,3,0.6736,0.9309,0.5,2244,4488,H2O,2242,0.583333,0.0
0.05,3,0.6736,0.9309,0.5,2244,4488,CAUSAL,2243,0.7625,1.0
0.05,3,0.6736,0.9309,0.5,2244,4488,ORACLE,2234,0.920833,1.0
0.05,3,0.6736,0.9309,0.6,2692,4488,RT,2689,0.666667,0.0
0.05,3,0.6736,0.9309,0.6,2692,4488,H2O,2685,0.716667,0.0
0.05,3,0.6736,0.9309,0.6,2692,4488,CAUSAL,2692,0.8,1.0
0.05,3,0.6736,0.9309,0.6,2692,4488,ORACLE,2692,0.958333,1.0
0.05,4,0.5913,0.9784,0.2,728,3640,RT,727,0.225,0.0
0.05,4,0.5913,0.9784,0.2,728,3640,H2O,728,0.279167,0.0
0.05,4,0.5913,0.9784,0.2,728,3640,CAUSAL,726,0.275,0.0
0.05,4,0.5913,0.9784,0.2,728,3640,ORACLE,727,0.304167,0.0
0.05,4,0.5913,0.9784,0.3,1092,3640,RT,1091,0.404167,0.0
0.05,4,0.5913,0.9784,0.3,1092,3640,H2O,1091,0.4,0.0
0.05,4,0.5913,0.9784,0.3,1092,3640,CAUSAL,1092,0.366667,1.0
0.05,4,0.5913,0.9784,0.3,1092,3640,ORACLE,1088,0.6,1.0
0.05,4,0.5913,0.9784,0.4,1456,3640,RT,1451,0.495833,0.0
0.05,4,0.5913,0.9784,0.4,1456,3640,H2O,1455,0.495833,0.0
0.05,4,0.5913,0.9784,0.4,1456,3640,CAUSAL,1455,0.658333,1.0
0.05,4,0.5913,0.9784,0.4,1456,3640,ORACLE,1451,0.791667,1.0
0.05,4,0.5913,0.9784,0.5,1820,3640,RT,1816,0.608333,0.0
0.05,4,0.5913,0.9784,0.5,1820,3640,H2O,1817,0.629167,0.0
0.05,4,0.5913,0.9784,0.5,1820,3640,CAUSAL,1820,0.720833,1.0
0.05,4,0.5913,0.9784,0.5,1820,3640,ORACLE,1818,0.8625,1.0
0.05,4,0.5913,0.9784,0.6,2184,3640,RT,2179,0.775,0.0
0.05,4,0.5913,0.9784,0.6,2184,3640,H2O,2167,0.7625,0.0
0.05,4,0.5913,0.9784,0.6,2184,3640,CAUSAL,2181,0.783333,1.0
0.05,4,0.5913,0.9784,0.6,2184,3640,ORACLE,2182,0.929167,1.0
0.05,5,0.556,0.8611,0.2,674,3374,RT,672,0.220833,0.0
0.05,5,0.556,0.8611,0.2,674,3374,H2O,668,0.3625,0.0
0.05,5,0.556,0.8611,0.2,674,3374,CAUSAL,671,0.375,0.0
0.05,5,0.556,0.8611,0.2,674,3374,ORACLE,671,0.370833,0.0
0.05,5,0.556,0.8611,0.3,1012,3374,RT,1012,0.304167,0.0
0.05,5,0.556,0.8611,0.3,1012,3374,H2O,1011,0.4125,0.0
0.05,5,0.556,0.8611,0.3,1012,3374,CAUSAL,1009,0.420833,0.0
0.05,5,0.556,0.8611,0.3,1012,3374,ORACLE,1006,0.420833,1.0
0.05,5,0.556,0.8611,0.4,1349,3374,RT,1345,0.391667,0.0
0.05,5,0.556,0.8611,0.4,1349,3374,H2O,1347,0.516667,0.0
0.05,5,0.556,0.8611,0.4,1349,3374,CAUSAL,1342,0.554167,0.0
0.05,5,0.556,0.8611,0.4,1349,3374,ORACLE,1349,0.720833,1.0
0.05,5,0.556,0.8611,0.5,1687,3374,RT,1676,0.570833,0.0
0.05,5,0.556,0.8611,0.5,1687,3374,H2O,1679,0.6125,0.0
0.05,5,0.556,0.8611,0.5,1687,3374,CAUSAL,1683,0.604167,0.0
0.05,5,0.556,0.8611,0.5,1687,3374,ORACLE,1685,0.870833,1.0
0.05,5,0.556,0.8611,0.6,2024,3374,RT,2012,0.716667,0.0
0.05,5,0.556,0.8611,0.6,2024,3374,H2O,2011,0.729167,0.0
0.05,5,0.556,0.8611,0.6,2024,3374,CAUSAL,2020,0.666667,0.0
0.05,5,0.556,0.8611,0.6,2024,3374,ORACLE,2019,0.916667,1.0
0.05,6,0.5957,0.8758,0.2,895,4478,RT,894,0.283333,0.0
0.05,6,0.5957,0.8758,0.2,895,4478,H2O,888,0.295833,0.0
0.05,6,0.5957,0.8758,0.2,895,4478,CAUSAL,890,0.154167,0.0
0.05,6,0.5957,0.8758,0.2,895,4478,ORACLE,891,0.3125,0.0
0.05,6,0.5957,0.8758,0.3,1343,4478,RT,1341,0.441667,0.0
0.05,6,0.5957,0.8758,0.3,1343,4478,H2O,1335,0.404167,0.0
0.05,6,0.5957,0.8758,0.3,1343,4478,CAUSAL,1338,0.4,0.0
0.05,6,0.5957,0.8758,0.3,1343,4478,ORACLE,1342,0.558333,0.0
0.05,6,0.5957,0.8758,0.4,1791,4478,RT,1790,0.5125,0.0
0.05,6,0.5957,0.8758,0.4,1791,4478,H2O,1784,0.529167,0.0
0.05,6,0.5957,0.8758,0.4,1791,4478,CAUSAL,1791,0.508333,0.0
0.05,6,0.5957,0.8758,0.4,1791,4478,ORACLE,1791,0.858333,1.0
0.05,6,0.5957,0.8758,0.5,2239,4478,RT,2232,0.591667,0.0
0.05,6,0.5957,0.8758,0.5,2239,4478,H2O,2225,0.645833,0.0
0.05,6,0.5957,0.8758,0.5,2239,4478,CAUSAL,2230,0.6875,0.0
0.05,6,0.5957,0.8758,0.5,2239,4478,ORACLE,2238,0.908333,1.0
0.05,6,0.5957,0.8758,0.6,2686,4478,RT,2679,0.691667,0.0
0.05,6,0.5957,0.8758,0.6,2686,4478,H2O,2681,0.729167,0.0
0.05,6,0.5957,0.8758,0.6,2686,4478,CAUSAL,2678,0.745833,1.0
0.05,6,0.5957,0.8758,0.6,2686,4478,ORACLE,2679,0.958333,1.0
0.05,7,0.6907,0.8518,0.2,881,4407,RT,877,0.35,0.0
0.05,7,0.6907,0.8518,0.2,881,4407,H2O,878,0.304167,0.0
0.05,7,0.6907,0.8518,0.2,881,4407,CAUSAL,880,0.408333,0.0
0.05,7,0.6907,0.8518,0.2,881,4407,ORACLE,879,0.541667,1.0
0.05,7,0.6907,0.8518,0.3,1322,4407,RT,1322,0.504167,0.0
0.05,7,0.6907,0.8518,0.3,1322,4407,H2O,1318,0.383333,0.0
0.05,7,0.6907,0.8518,0.3,1322,4407,CAUSAL,1317,0.4,0.0
0.05,7,0.6907,0.8518,0.3,1322,4407,ORACLE,1314,0.841667,1.0
0.05,7,0.6907,0.8518,0.4,1762,4407,RT,1758,0.495833,0.0
0.05,7,0.6907,0.8518,0.4,1762,4407,H2O,1761,0.45,0.0
0.05,7,0.6907,0.8518,0.4,1762,4407,CAUSAL,1757,0.641667,0.0
0.05,7,0.6907,0.8518,0.4,1762,4407,ORACLE,1758,0.891667,1.0
0.05,7,0.6907,0.8518,0.5,2203,4407,RT,2199,0.558333,0.0
0.05,7,0.6907,0.8518,0.5,2203,4407,H2O,2198,0.533333,0.0
0.05,7,0.6907,0.8518,0.5,2203,4407,CAUSAL,2201,0.679167,0.0
0.05,7,0.6907,0.8518,0.5,2203,4407,ORACLE,2197,0.929167,1.0
0.05,7,0.6907,0.8518,0.6,2644,4407,RT,2641,0.679167,0.0
0.05,7,0.6907,0.8518,0.6,2644,4407,H2O,2641,0.620833,0.0
0.05,7,0.6907,0.8518,0.6,2644,4407,CAUSAL,2643,0.754167,0.0
0.05,7,0.6907,0.8518,0.6,2644,4407,ORACLE,2638,0.95,1.0
0.05,8,0.6178,0.8347,0.2,1015,5076,RT,1013,0.241667,0.0
0.05,8,0.6178,0.8347,0.2,1015,5076,H2O,1010,0.183333,0.0
0.05,8,0.6178,0.8347,0.2,1015,5076,CAUSAL,1014,0.258333,0.0
0.05,8,0.6178,0.8347,0.2,1015,5076,ORACLE,1010,0.1875,0.0
0.05,8,0.6178,0.8347,0.3,1522,5076,RT,1521,0.345833,0.0
0.05,8,0.6178,0.8347,0.3,1522,5076,H2O,1520,0.333333,0.0
0.05,8,0.6178,0.8347,0.3,1522,5076,CAUSAL,1521,0.283333,0.0
0.05,8,0.6178,0.8347,0.3,1522,5076,ORACLE,1516,0.295833,0.0
0.05,8,0.6178,0.8347,0.4,2030,5076,RT,2029,0.479167,0.0
0.05,8,0.6178,0.8347,0.4,2030,5076,H2O,2023,0.383333,0.0
0.05,8,0.6178,0.8347,0.4,2030,5076,CAUSAL,2028,0.554167,0.0
0.05,8,0.6178,0.8347,0.4,2030,5076,ORACLE,2025,0.645833,1.0
0.05,8,0.6178,0.8347,0.5,2538,5076,RT,2538,0.458333,0.0
0.05,8,0.6178,0.8347,0.5,2538,5076,H2O,2538,0.604167,0.0
0.05,8,0.6178,0.8347,0.5,2538,5076,CAUSAL,2534,0.541667,0.0
0.05,8,0.6178,0.8347,0.5,2538,5076,ORACLE,2527,0.8375,1.0
0.05,8,0.6178,0.8347,0.6,3045,5076,RT,3034,0.604167,0.0
0.05,8,0.6178,0.8347,0.6,3045,5076,H2O,3042,0.675,0.0
0.05,8,0.6178,0.8347,0.6,3045,5076,CAUSAL,3042,0.658333,0.0
0.05,8,0.6178,0.8347,0.6,3045,5076,ORACLE,3035,0.904167,1.0
0.05,9,0.5927,0.908,0.2,902,4512,RT,898,0.25,0.0
0.05,9,0.5927,0.908,0.2,902,4512,H2O,894,0.291667,0.0
0.05,9,0.5927,0.908,0.2,902,4512,CAUSAL,899,0.191667,0.0
0.05,9,0.5927,0.908,0.2,902,4512,ORACLE,900,0.279167,0.0
0.05,9,0.5927,0.908,0.3,1353,4512,RT,1347,0.308333,0.0
0.05,9,0.5927,0.908,0.3,1353,4512,H2O,1352,0.383333,0.0
0.05,9,0.5927,0.908,0.3,1353,4512,CAUSAL,1353,0.320833,0.0
0.05,9,0.5927,0.908,0.3,1353,4512,ORACLE,1350,0.3875,0.0
0.05,9,0.5927,0.908,0.4,1804,4512,RT,1799,0.4875,0.0
0.05,9,0.5927,0.908,0.4,1804,4512,H2O,1797,0.4625,0.0
0.05,9,0.5927,0.908,0.4,1804,4512,CAUSAL,1801,0.45,0.0
0.05,9,0.5927,0.908,0.4,1804,4512,ORACLE,1799,0.7125,1.0
0.05,9,0.5927,0.908,0.5,2256,4512,RT,2252,0.5625,0.0
0.05,9,0.5927,0.908,0.5,2256,4512,H2O,2252,0.495833,0.0
0.05,9,0.5927,0.908,0.5,2256,4512,CAUSAL,2255,0.575,1.0
0.05,9,0.5927,0.908,0.5,2256,4512,ORACLE,2252,0.804167,1.0
0.05,9,0.5927,0.908,0.6,2707,4512,RT,2699,0.6375,0.0
0.05,9,0.5927,0.908,0.6,2707,4512,H2O,2704,0.683333,0.0
0.05,9,0.5927,0.908,0.6,2707,4512,CAUSAL,2705,0.625,1.0
0.05,9,0.5927,0.908,0.6,2707,4512,ORACLE,2707,0.9,1.0
0.05,10,0.5432,0.71,0.2,717,3585,RT,713,0.216667,0.0
0.05,10,0.5432,0.71,0.2,717,3585,H2O,716,0.195833,0.0
0.05,10,0.5432,0.71,0.2,717,3585,CAUSAL,717,0.233333,0.0
0.05,10,0.5432,0.71,0.2,717,3585,ORACLE,713,0.2375,0.0
0.05,10,0.5432,0.71,0.3,1075,3585,RT,1075,0.291667,0.0
0.05,10,0.5432,0.71,0.3,1075,3585,H2O,1071,0.3625,0.0
0.05,10,0.5432,0.71,0.3,1075,3585,CAUSAL,1068,0.316667,0.0
0.05,10,0.5432,0.71,0.3,1075,3585,ORACLE,1070,0.4125,0.0
0.05,10,0.5432,0.71,0.4,1434,3585,RT,1429,0.479167,0.0
0.05,10,0.5432,0.71,0.4,1434,3585,H2O,1431,0.479167,0.0
0.05,10,0.5432,0.71,0.4,1434,3585,CAUSAL,1434,0.4125,0.0
0.05,10,0.5432,0.71,0.4,1434,3585,ORACLE,1428,0.758333,1.0
0.05,10,0.5432,0.71,0.5,1792,3585,RT,1786,0.554167,0.0
0.05,10,0.5432,0.71,0.5,1792,3585,H2O,1785,0.525,0.0
0.05,10,0.5432,0.71,0.5,1792,3585,CAUSAL,1792,0.504167,0.0
0.05,10,0.5432,0.71,0.5,1792,3585,ORACLE,1789,0.858333,1.0
0.05,10,0.5432,0.71,0.6,2151,3585,RT,2149,0.6,0.0
0.05,10,0.5432,0.71,0.6,2151,3585,H2O,2143,0.6875,0.0
0.05,10,0.5432,0.71,0.6,2151,3585,CAUSAL,2151,0.583333,0.0
0.05,10,0.5432,0.71,0.6,2151,3585,ORACLE,2151,0.925,1.0
0.05,11,0.434,0.6496,0.2,954,4771,RT,952,0.195833,0.0
0.05,11,0.434,0.6496,0.2,954,4771,H2O,951,0.295833,0.0
0.05,11,0.434,0.6496,0.2,954,4771,CAUSAL,947,0.279167,0.0
0.05,11,0.434,0.6496,0.2,954,4771,ORACLE,954,0.3375,1.0
0.05,11,0.434,0.6496,0.3,1431,4771,RT,1424,0.341667,0.0
0.05,11,0.434,0.6496,0.3,1431,4771,H2O,1424,0.391667,0.0
0.05,11,0.434,0.6496,0.3,1431,4771,CAUSAL,1431,0.35,0.0
0.05,11,0.434,0.6496,0.3,1431,4771,ORACLE,1425,0.775,1.0
0.05,11,0.434,0.6496,0.4,1908,4771,RT,1907,0.391667,0.0
0.05,11,0.434,0.6496,0.4,1908,4771,H2O,1904,0.379167,0.0
0.05,11,0.434,0.6496,0.4,1908,4771,CAUSAL,1904,0.4625,0.0
0.05,11,0.434,0.6496,0.4,1908,4771,ORACLE,1902,0.883333,1.0
0.05,11,0.434,0.6496,0.5,2385,4771,RT,2378,0.441667,0.0
0.05,11,0.434,0.6496,0.5,2385,4771,H2O,2382,0.5625,0.0
0.05,11,0.434,0.6496,0.5,2385,4771,CAUSAL,2379,0.5875,0.0
0.05,11,0.434,0.6496,0.5,2385,4771,ORACLE,2384,0.8625,1.0
0.05,11,0.434,0.6496,0.6,2862,4771,RT,2854,0.533333,0.0
0.05,11,0.434,0.6496,0.6,2862,4771,H2O,2857,0.579167,0.0
0.05,11,0.434,0.6496,0.6,2862,4771,CAUSAL,2856,0.7,0.0
0.05,11,0.434,0.6496,0.6,2862,4771,ORACLE,2861,0.920833,1.0
0.05,12,0.4928,0.7106,0.2,945,4727,RT,945,0.179167,0.0
0.05,12,0.4928,0.7106,0.2,945,4727,H2O,937,0.258333,0.0
0.05,12,0.4928,0.7106,0.2,945,4727,CAUSAL,944,0.279167,0.0
0.05,12,0.4928,0.7106,0.2,945,4727,ORACLE,942,0.429167,0.0
0.05,12,0.4928,0.7106,0.3,1418,4727,RT,1413,0.329167,0.0
0.05,12,0.4928,0.7106,0.3,1418,4727,H2O,1410,0.441667,0.0
0.05,12,0.4928,0.7106,0.3,1418,4727,CAUSAL,1413,0.433333,0.0
0.05,12,0.4928,0.7106,0.3,1418,4727,ORACLE,1416,0.504167,1.0
0.05,12,0.4928,0.7106,0.4,1890,4727,RT,1887,0.316667,0.0
0.05,12,0.4928,0.7106,0.4,1890,4727,H2O,1878,0.516667,0.0
0.05,12,0.4928,0.7106,0.4,1890,4727,CAUSAL,1887,0.5625,0.0
0.05,12,0.4928,0.7106,0.4,1890,4727,ORACLE,1886,0.783333,1.0
0.05,12,0.4928,0.7106,0.5,2363,4727,RT,2360,0.525,0.0
0.05,12,0.4928,0.7106,0.5,2363,4727,H2O,2360,0.604167,0.0
0.05,12,0.4928,0.7106,0.5,2363,4727,CAUSAL,2359,0.4625,0.0
0.05,12,0.4928,0.7106,0.5,2363,4727,ORACLE,2363,0.870833,1.0
0.05,12,0.4928,0.7106,0.6,2836,4727,RT,2827,0.6,0.0
0.05,12,0.4928,0.7106,0.6,2836,4727,H2O,2824,0.745833,0.0
0.05,12,0.4928,0.7106,0.6,2836,4727,CAUSAL,2834,0.670833,0.0
0.05,12,0.4928,0.7106,0.6,2836,4727,ORACLE,2834,0.904167,1.0
0.05,13,0.5499,0.7452,0.2,1008,5041,RT,998,0.341667,0.0
0.05,13,0.5499,0.7452,0.2,1008,5041,H2O,1001,0.341667,0.0
0.05,13,0.5499,0.7452,0.2,1008,5041,CAUSAL,1002,0.3625,0.0
0.05,13,0.5499,0.7452,0.2,1008,5041,ORACLE,1008,0.3625,1.0
0.05,13,0.5499,0.7452,0.3,1512,5041,RT,1508,0.458333,0.0
0.05,13,0.5499,0.7452,0.3,1512,5041,H2O,1512,0.45,0.0
0.05,13,0.5499,0.7452,0.3,1512,5041,CAUSAL,1499,0.533333,0.0
0.05,13,0.5499,0.7452,0.3,1512,5041,ORACLE,1510,0.833333,1.0
0.05,13,0.5499,0.7452,0.4,2016,5041,RT,2014,0.525,0.0
0.05,13,0.5499,0.7452,0.4,2016,5041,H2O,2014,0.5625,0.0
0.05,13,0.5499,0.7452,0.4,2016,5041,CAUSAL,2008,0.5875,0.0
0.05,13,0.5499,0.7452,0.4,2016,5041,ORACLE,2014,0.883333,1.0
0.05,13,0.5499,0.7452,0.5,2520,5041,RT,2519,0.675,0.0
0.05,13,0.5499,0.7452,0.5,2520,5041,H2O,2512,0.6125,0.0
0.05,13,0.5499,0.7452,0.5,2520,5041,CAUSAL,2508,0.620833,0.0
0.05,13,0.5499,0.7452,0.5,2520,5041,ORACLE,2519,0.925,1.0
0.05,13,0.5499,0.7452,0.6,3024,5041,RT,3017,0.658333,0.0
0.05,13,0.5499,0.7452,0.6,3024,5041,H2O,3024,0.683333,0.0
0.05,13,0.5499,0.7452,0.6,3024,5041,CAUSAL,3021,0.716667,0.0
0.05,13,0.5499,0.7452,0.6,3024,5041,ORACLE,3015,0.9375,1.0
0.05,14,0.6356,0.9399,0.2,880,4404,RT,879,0.2125,0.0
0.05,14,0.6356,0.9399,0.2,880,4404,H2O,874,0.420833,0.0
0.05,14,0.6356,0.9399,0.2,880,4404,CAUSAL,876,0.220833,0.0
0.05,14,0.6356,0.9399,0.2,880,4404,ORACLE,880,0.304167,0.0
0.05,14,0.6356,0.9399,0.3,1321,4404,RT,1320,0.479167,0.0
0.05,14,0.6356,0.9399,0.3,1321,4404,H2O,1319,0.479167,0.0
0.05,14,0.6356,0.9399,0.3,1321,4404,CAUSAL,1321,0.3125,0.0
0.05,14,0.6356,0.9399,0.3,1321,4404,ORACLE,1321,0.608333,1.0
0.05,14,0.6356,0.9399,0.4,1761,4404,RT,1754,0.508333,0.0
0.05,14,0.6356,0.9399,0.4,1761,4404,H2O,1758,0.6125,0.0
0.05,14,0.6356,0.9399,0.4,1761,4404,CAUSAL,1759,0.483333,1.0
0.05,14,0.6356,0.9399,0.4,1761,4404,ORACLE,1758,0.866667,1.0
0.05,14,0.6356,0.9399,0.5,2202,4404,RT,2200,0.691667,0.0
0.05,14,0.6356,0.9399,0.5,2202,4404,H2O,2197,0.733333,0.0
0.05,14,0.6356,0.9399,0.5,2202,4404,CAUSAL,2202,0.658333,1.0
0.05,14,0.6356,0.9399,0.5,2202,4404,ORACLE,2197,0.895833,1.0
0.05,14,0.6356,0.9399,0.6,2642,4404,RT,2636,0.791667,0.0
0.05,14,0.6356,0.9399,0.6,2642,4404,H2O,2642,0.779167,0.0
0.05,14,0.6356,0.9399,0.6,2642,4404,CAUSAL,2641,0.7375,1.0
0.05,14,0.6356,0.9399,0.6,2642,4404,ORACLE,2639,0.945833,1.0
0.05,15,0.5839,0.9811,0.2,965,4829,RT,963,0.075,0.0
0.05,15,0.5839,0.9811,0.2,965,4829,H2O,962,0.170833,0.0
0.05,15,0.5839,0.9811,0.2,965,4829,CAUSAL,964,0.320833,0.0
0.05,15,0.5839,0.9811,0.2,965,4829,ORACLE,961,0.254167,1.0
0.05,15,0.5839,0.9811,0.3,1448,4829,RT,1446,0.1625,0.0
0.05,15,0.5839,0.9811,0.3,1448,4829,H2O,1447,0.208333,0.0
0.05,15,0.5839,0.9811,0.3,1448,4829,CAUSAL,1441,0.479167,1.0
0.05,15,0.5839,0.9811,0.3,1448,4829,ORACLE,1445,0.8125,1.0
0.05,15,0.5839,0.9811,0.4,1931,4829,RT,1925,0.2625,0.0
0.05,15,0.5839,0.9811,0.4,1931,4829,H2O,1929,0.491667,0.0
0.05,15,0.5839,0.9811,0.4,1931,4829,CAUSAL,1925,0.629167,1.0
0.05,15,0.5839,0.9811,0.4,1931,4829,ORACLE,1924,0.8625,1.0
0.05,15,0.5839,0.9811,0.5,2414,4829,RT,2409,0.333333,0.0
0.05,15,0.5839,0.9811,0.5,2414,4829,H2O,2405,0.629167,0.0
0.05,15,0.5839,0.9811,0.5,2414,4829,CAUSAL,2414,0.729167,1.0
0.05,15,0.5839,0.9811,0.5,2414,4829,ORACLE,2413,0.908333,1.0
0.05,15,0.5839,0.9811,0.6,2897,4829,RT,2890,0.691667,0.0
0.05,15,0.5839,0.9811,0.6,2897,4829,H2O,2896,0.7125,0.0
0.05,15,0.5839,0.9811,0.6,2897,4829,CAUSAL,2889,0.8125,1.0
0.05,15,0.5839,0.9811,0.6,2897,4829,ORACLE,2887,0.966667,1.0
0.05,16,0.5969,0.8824,0.2,924,4623,RT,920,0.129167,0.0
0.05,16,0.5969,0.8824,0.2,924,4623,H2O,923,0.304167,0.0
0.05,16,0.5969,0.8824,0.2,924,4623,CAUSAL,924,0.1875,0.0
0.05,16,0.5969,0.8824,0.2,924,4623,ORACLE,923,0.333333,0.0
0.05,16,0.5969,0.8824,0.3,1386,4623,RT,1386,0.1875,0.0
0.05,16,0.5969,0.8824,0.3,1386,4623,H2O,1382,0.4,0.0
0.05,16,0.5969,0.8824,0.3,1386,4623,CAUSAL,1385,0.358333,0.0
0.05,16,0.5969,0.8824,0.3,1386,4623,ORACLE,1380,0.629167,1.0
0.05,16,0.5969,0.8824,0.4,1849,4623,RT,1847,0.295833,0.0
0.05,16,0.5969,0.8824,0.4,1849,4623,H2O,1843,0.445833,0.0
0.05,16,0.5969,0.8824,0.4,1849,4623,CAUSAL,1848,0.541667,0.0
0.05,16,0.5969,0.8824,0.4,1849,4623,ORACLE,1843,0.770833,1.0
0.05,16,0.5969,0.8824,0.5,2311,4623,RT,2311,0.345833,0.0
0.05,16,0.5969,0.8824,0.5,2311,4623,H2O,2311,0.479167,0.0
0.05,16,0.5969,0.8824,0.5,2311,4623,CAUSAL,2311,0.616667,0.0
0.05,16,0.5969,0.8824,0.5,2311,4623,ORACLE,2310,0.804167,1.0
0.05,16,0.5969,0.8824,0.6,2773,4623,RT,2771,0.479167,0.0
0.05,16,0.5969,0.8824,0.6,2773,4623,H2O,2770,0.633333,0.0
0.05,16,0.5969,0.8824,0.6,2773,4623,CAUSAL,2771,0.641667,0.0
0.05,16,0.5969,0.8824,0.6,2773,4623,ORACLE,2757,0.925,1.0
0.05,17,0.7377,0.8814,0.2,925,4629,RT,920,0.229167,0.0
0.05,17,0.7377,0.8814,0.2,925,4629,H2O,918,0.3,0.0
0.05,17,0.7377,0.8814,0.2,925,4629,CAUSAL,922,0.333333,0.0
0.05,17,0.7377,0.8814,0.2,925,4629,ORACLE,917,0.270833,0.0
0.05,17,0.7377,0.8814,0.3,1388,4629,RT,1381,0.354167,0.0
0.05,17,0.7377,0.8814,0.3,1388,4629,H2O,1388,0.379167,0.0
0.05,17,0.7377,0.8814,0.3,1388,4629,CAUSAL,1385,0.470833,0.0
0.05,17,0.7377,0.8814,0.3,1388,4629,ORACLE,1384,0.625,1.0
0.05,17,0.7377,0.8814,0.4,1851,4629,RT,1845,0.416667,0.0
0.05,17,0.7377,0.8814,0.4,1851,4629,H2O,1850,0.479167,0.0
0.05,17,0.7377,0.8814,0.4,1851,4629,CAUSAL,1846,0.504167,0.0
0.05,17,0.7377,0.8814,0.4,1851,4629,ORACLE,1848,0.783333,1.0
0.05,17,0.7377,0.8814,0.5,2314,4629,RT,2305,0.558333,0.0
0.05,17,0.7377,0.8814,0.5,2314,4629,H2O,2306,0.595833,0.0
0.05,17,0.7377,0.8814,0.5,2314,4629,CAUSAL,2307,0.633333,0.0
0.05,17,0.7377,0.8814,0.5,2314,4629,ORACLE,2313,0.795833,1.0
0.05,17,0.7377,0.8814,0.6,2777,4629,RT,2776,0.625,0.0
0.05,17,0.7377,0.8814,0.6,2777,4629,H2O,2773,0.670833,0.0
0.05,17,0.7377,0.8814,0.6,2777,4629,CAUSAL,2765,0.741667,0.0
0.05,17,0.7377,0.8814,0.6,2777,4629,ORACLE,2771,0.879167,1.0
0.05,18,0.8192,0.8056,0.2,802,4011,RT,801,0.329167,0.0
0.05,18,0.8192,0.8056,0.2,802,4011,H2O,802,0.3125,0.0
0.05,18,0.8192,0.8056,0.2,802,4011,CAUSAL,801,0.366667,0.0
0.05,18,0.8192,0.8056,0.2,802,4011,ORACLE,800,0.6375,1.0
0.05,18,0.8192,0.8056,0.3,1203,4011,RT,1202,0.341667,0.0
0.05,18,0.8192,0.8056,0.3,1203,4011,H2O,1197,0.3,0.0
0.05,18,0.8192,0.8056,0.3,1203,4011,CAUSAL,1194,0.5625,0.0
0.05,18,0.8192,0.8056,0.3,1203,4011,ORACLE,1197,0.841667,1.0
0.05,18,0.8192,0.8056,0.4,1604,4011,RT,1598,0.3375,0.0
0.05,18,0.8192,0.8056,0.4,1604,4011,H2O,1594,0.458333,0.0
0.05,18,0.8192,0.8056,0.4,1604,4011,CAUSAL,1598,0.525,0.0
0.05,18,0.8192,0.8056,0.4,1604,4011,ORACLE,1600,0.891667,1.0
0.05,18,0.8192,0.8056,0.5,2005,4011,RT,2005,0.425,0.0
0.05,18,0.8192,0.8056,0.5,2005,4011,H2O,1998,0.454167,0.0
0.05,18,0.8192,0.8056,0.5,2005,4011,CAUSAL,2003,0.7,1.0
0.05,18,0.8192,0.8056,0.5,2005,4011,ORACLE,2001,0.925,1.0
0.05,18,0.8192,0.8056,0.6,2406,4011,RT,2402,0.608333,0.0
0.05,18,0.8192,0.8056,0.6,2406,4011,H2O,2400,0.65,0.0
0.05,18,0.8192,0.8056,0.6,2406,4011,CAUSAL,2399,0.754167,0.0
0.05,18,0.8192,0.8056,0.6,2406,4011,ORACLE,2406,0.958333,1.0
0.05,19,0.4118,0.8571,0.2,1084,5423,RT,1083,0.216667,0.0
0.05,19,0.4118,0.8571,0.2,1084,5423,H2O,1083,0.220833,0.0
0.05,19,0.4118,0.8571,0.2,1084,5423,CAUSAL,1082,0.4,0.0
0.05,19,0.4118,0.8571,0.2,1084,5423,ORACLE,1075,0.466667,1.0
0.05,19,0.4118,0.8571,0.3,1626,5423,RT,1626,0.358333,0.0
0.05,19,0.4118,0.8571,0.3,1626,5423,H2O,1618,0.341667,0.0
0.05,19,0.4118,0.8571,0.3,1626,5423,CAUSAL,1625,0.4,0.0
0.05,19,0.4118,0.8571,0.3,1626,5423,ORACLE,1623,0.7,1.0
0.05,19,0.4118,0.8571,0.4,2169,5423,RT,2162,0.433333,0.0
0.05,19,0.4118,0.8571,0.4,2169,5423,H2O,2161,0.441667,0.0
0.05,19,0.4118,0.8571,0.4,2169,5423,CAUSAL,2169,0.475,0.0
0.05,19,0.4118,0.8571,0.4,2169,5423,ORACLE,2167,0.816667,1.0
0.05,19,0.4118,0.8571,0.5,2711,5423,RT,2709,0.6125,0.0
0.05,19,0.4118,0.8571,0.5,2711,5423,H2O,2704,0.579167,0.0
0.05,19,0.4118,0.8571,0.5,2711,5423,CAUSAL,2705,0.5875,0.0
0.05,19,0.4118,0.8571,0.5,2711,5423,ORACLE,2710,0.866667,1.0
0.05,19,0.4118,0.8571,0.6,3253,5423,RT,3241,0.633333,0.0
0.05,19,0.4118,0.8571,0.6,3253,5423,H2O,3252,0.670833,0.0
0.05,19,0.4118,0.8571,0.6,3253,5423,CAUSAL,3249,0.6375,0.0
0.05,19,0.4118,0.8571,0.6,3253,5423,ORACLE,3253,0.916667,1.0
0.05,20,0.6611,0.966,0.2,961,4807,RT,958,0.241667,0.0
0.05,20,0.6611,0.966,0.2,961,4807,H2O,955,0.2625,0.0
0.05,20,0.6611,0.966,0.2,961,4807,CAUSAL,958,0.283333,0.0
0.05,20,0.6611,0.966,0.2,961,4807,ORACLE,954,0.270833,0.0
0.05,20,0.6611,0.966,0.3,1442,4807,RT,1439,0.379167,0.0
0.05,20,0.6611,0.966,0.3,1442,4807,H2O,1435,0.304167,0.0
0.05,20,0.6611,0.966,0.3,1442,4807,CAUSAL,1435,0.354167,1.0
0.05,20,0.6611,0.966,0.3,1442,4807,ORACLE,1440,0.445833,1.0
0.05,20,0.6611,0.966,0.4,1922,4807,RT,1922,0.466667,0.0
0.05,20,0.6611,0.966,0.4,1922,4807,H2O,1921,0.4375,0.0
0.05,20,0.6611,0.966,0.4,1922,4807,CAUSAL,1920,0.445833,1.0
0.05,20,0.6611,0.966,0.4,1922,4807,ORACLE,1912,0.729167,1.0
0.05,20,0.6611,0.966,0.5,2403,4807,RT,2402,0.483333,0.0
0.05,20,0.6611,0.966,0.5,2403,4807,H2O,2403,0.504167,0.0
0.05,20,0.6611,0.966,0.5,2403,4807,CAUSAL,2402,0.629167,1.0
0.05,20,0.6611,0.966,0.5,2403,4807,ORACLE,2403,0.820833,1.0
0.05,20,0.6611,0.966,0.6,2884,4807,RT,2878,0.525,0.0
0.05,20,0.6611,0.966,0.6,2884,4807,H2O,2882,0.55,0.0
0.05,20,0.6611,0.966,0.6,2884,4807,CAUSAL,2879,0.595833,1.0
0.05,20,0.6611,0.966,0.6,2884,4807,ORACLE,2877,0.841667,1.0
0.05,21,0.7143,0.9352,0.2,1081,5408,RT,1081,0.275,0.0
0.05,21,0.7143,0.9352,0.2,1081,5408,H2O,1077,0.325,0.0
0.05,21,0.7143,0.9352,0.2,1081,5408,CAUSAL,1077,0.35,0.0
0.05,21,0.7143,0.9352,0.2,1081,5408,ORACLE,1081,0.595833,1.0
0.05,21,0.7143,0.9352,0.3,1622,5408,RT,1616,0.341667,0.0
0.05,21,0.7143,0.9352,0.3,1622,5408,H2O,1622,0.4125,0.0
0.05,21,0.7143,0.9352,0.3,1622,5408,CAUSAL,1620,0.445833,1.0
0.05,21,0.7143,0.9352,0.3,1622,5408,ORACLE,1622,0.733333,1.0
0.05,21,0.7143,0.9352,0.4,2163,5408,RT,2156,0.475,0.0
0.05,21,0.7143,0.9352,0.4,2163,5408,H2O,2158,0.529167,0.0
0.05,21,0.7143,0.9352,0.4,2163,5408,CAUSAL,2162,0.566667,1.0
0.05,21,0.7143,0.9352,0.4,2163,5408,ORACLE,2162,0.791667,1.0
0.05,21,0.7143,0.9352,0.5,2704,5408,RT,2701,0.670833,0.0
0.05,21,0.7143,0.9352,0.5,2704,5408,H2O,2703,0.570833,0.0
0.05,21,0.7143,0.9352,0.5,2704,5408,CAUSAL,2700,0.6625,1.0
0.05,21,0.7143,0.9352,0.5,2704,5408,ORACLE,2701,0.8625,1.0
0.05,21,0.7143,0.9352,0.6,3244,5408,RT,3243,0.683333,0.0
0.05,21,0.7143,0.9352,0.6,3244,5408,H2O,3239,0.666667,0.0
0.05,21,0.7143,0.9352,0.6,3244,5408,CAUSAL,3244,0.775,1.0
0.05,21,0.7143,0.9352,0.6,3244,5408,ORACLE,3233,0.904167,1.0
0.05,22,0.6661,0.76,0.2,828,4140,RT,825,0.358333,0.0
0.05,22,0.6661,0.76,0.2,828,4140,H2O,826,0.391667,0.0
0.05,22,0.6661,0.76,0.2,828,4140,CAUSAL,823,0.233333,0.0
0.05,22,0.6661,0.76,0.2,828,4140,ORACLE,823,0.295833,0.0
0.05,22,0.6661,0.76,0.3,1242,4140,RT,1237,0.454167,0.0
0.05,22,0.6661,0.76,0.3,1242,4140,H2O,1235,0.4,0.0
0.05,22,0.6661,0.76,0.3,1242,4140,CAUSAL,1234,0.366667,0.0
0.05,22,0.6661,0.76,0.3,1242,4140,ORACLE,1242,0.483333,0.0
0.05,22,0.6661,0.76,0.4,1656,4140,RT,1652,0.554167,0.0
0.05,22,0.6661,0.76,0.4,1656,4140,H2O,1653,0.545833,0.0
0.05,22,0.6661,0.76,0.4,1656,4140,CAUSAL,1656,0.525,0.0
0.05,22,0.6661,0.76,0.4,1656,4140,ORACLE,1656,0.770833,1.0
0.05,22,0.6661,0.76,0.5,2070,4140,RT,2068,0.6375,0.0
0.05,22,0.6661,0.76,0.5,2070,4140,H2O,2068,0.6625,0.0
0.05,22,0.6661,0.76,0.5,2070,4140,CAUSAL,2064,0.616667,0.0
0.05,22,0.6661,0.76,0.5,2070,4140,ORACLE,2061,0.870833,1.0
0.05,22,0.6661,0.76,0.6,2484,4140,RT,2480,0.720833,0.0
0.05,22,0.6661,0.76,0.6,2484,4140,H2O,2484,0.7,0.0
0.05,22,0.6661,0.76,0.6,2484,4140,CAUSAL,2480,0.808333,0.0
0.05,22,0.6661,0.76,0.6,2484,4140,ORACLE,2475,0.954167,1.0
0.05,23,0.7067,0.7596,0.2,986,4931,RT,984,0.258333,0.0
0.05,23,0.7067,0.7596,0.2,986,4931,H2O,982,0.35,0.0
0.05,23,0.7067,0.7596,0.2,986,4931,CAUSAL,983,0.220833,0.0
0.05,23,0.7067,0.7596,0.2,986,4931,ORACLE,979,0.275,0.0
0.05,23,0.7067,0.7596,0.3,1479,4931,RT,1479,0.379167,0.0
0.05,23,0.7067,0.7596,0.3,1479,4931,H2O,1472,0.504167,0.0
0.05,23,0.7067,0.7596,0.3,1479,4931,CAUSAL,1474,0.341667,0.0
0.05,23,0.7067,0.7596,0.3,1479,4931,ORACLE,1475,0.5875,1.0
0.05,23,0.7067,0.7596,0.4,1972,4931,RT,1970,0.475,0.0
0.05,23,0.7067,0.7596,0.4,1972,4931,H2O,1963,0.5875,0.0
0.05,23,0.7067,0.7596,0.4,1972,4931,CAUSAL,1970,0.533333,0.0
0.05,23,0.7067,0.7596,0.4,1972,4931,ORACLE,1970,0.770833,1.0
0.05,23,0.7067,0.7596,0.5,2465,4931,RT,2454,0.654167,0.0
0.05,23,0.7067,0.7596,0.5,2465,4931,H2O,2454,0.683333,0.0
0.05,23,0.7067,0.7596,0.5,2465,4931,CAUSAL,2459,0.629167,0.0
0.05,23,0.7067,0.7596,0.5,2465,4931,ORACLE,2463,0.875,1.0
0.05,23,0.7067,0.7596,0.6,2958,4931,RT,2948,0.795833,0.0
0.05,23,0.7067,0.7596,0.6,2958,4931,H2O,2950,0.804167,0.0
0.05,23,0.7067,0.7596,0.6,2958,4931,CAUSAL,2957,0.845833,0.0
0.05,23,0.7067,0.7596,0.6,2958,4931,ORACLE,2947,0.925,1.0
0.05,24,0.6587,0.8395,0.2,968,4842,RT,964,0.229167,0.0
0.05,24,0.6587,0.8395,0.2,968,4842,H2O,964,0.216667,0.0
0.05,24,0.6587,0.8395,0.2,968,4842,CAUSAL,962,0.325,0.0
0.05,24,0.6587,0.8395,0.2,968,4842,ORACLE,966,0.541667,1.0
0.05,24,0.6587,0.8395,0.3,1452,4842,RT,1447,0.229167,0.0
0.05,24,0.6587,0.8395,0.3,1452,4842,H2O,1447,0.283333,0.0
0.05,24,0.6587,0.8395,0.3,1452,4842,CAUSAL,1444,0.545833,0.0
0.05,24,0.6587,0.8395,0.3,1452,4842,ORACLE,1450,0.816667,1.0
0.05,24,0.6587,0.8395,0.4,1936,4842,RT,1931,0.3375,0.0
0.05,24,0.6587,0.8395,0.4,1936,4842,H2O,1930,0.3625,0.0
0.05,24,0.6587,0.8395,0.4,1936,4842,CAUSAL,1928,0.55,0.0
0.05,24,0.6587,0.8395,0.4,1936,4842,ORACLE,1936,0.845833,1.0
0.05,24,0.6587,0.8395,0.5,2421,4842,RT,2419,0.529167,0.0
0.05,24,0.6587,0.8395,0.5,2421,4842,H2O,2415,0.5625,0.0
0.05,24,0.6587,0.8395,0.5,2421,4842,CAUSAL,2421,0.608333,0.0
0.05,24,0.6587,0.8395,0.5,2421,4842,ORACLE,2405,0.904167,1.0
0.05,24,0.6587,0.8395,0.6,2905,4842,RT,2899,0.604167,0.0
0.05,24,0.6587,0.8395,0.6,2905,4842,H2O,2901,0.629167,0.0
0.05,24,0.6587,0.8395,0.6,2905,4842,CAUSAL,2902,0.725,1.0
0.05,24,0.6587,0.8395,0.6,2905,4842,ORACLE,2896,0.941667,1.0
0.05,25,0.6182,0.9753,0.2,813,4065,RT,813,0.1625,0.0
0.05,25,0.6182,0.9753,0.2,813,4065,H2O,812,0.245833,0.0
0.05,25,0.6182,0.9753,0.2,813,4065,CAUSAL,813,0.283333,0.0
0.05,25,0.6182,0.9753,0.2,813,4065,ORACLE,807,0.341667,1.0
0.05,25,0.6182,0.9753,0.3,1219,4065,RT,1218,0.279167,0.0
0.05,25,0.6182,0.9753,0.3,1219,4065,H2O,1219,0.366667,0.0
0.05,25,0.6182,0.9753,0.3,1219,4065,CAUSAL,1217,0.529167,1.0
0.05,25,0.6182,0.9753,0.3,1219,4065,ORACLE,1218,0.729167,1.0
0.05,25,0.6182,0.9753,0.4,1626,4065,RT,1624,0.404167,0.0
0.05,25,0.6182,0.9753,0.4,1626,4065,H2O,1623,0.345833,0.0
0.05,25,0.6182,0.9753,0.4,1626,4065,CAUSAL,1624,0.616667,1.0
0.05,25,0.6182,0.9753,0.4,1626,4065,ORACLE,1626,0.775,1.0
0.05,25,0.6182,0.9753,0.5,2032,4065,RT,2027,0.508333,0.0
0.05,25,0.6182,0.9753,0.5,2032,4065,H2O,2030,0.5375,0.0
0.05,25,0.6182,0.9753,0.5,2032,4065,CAUSAL,2032,0.695833,1.0
0.05,25,0.6182,0.9753,0.5,2032,4065,ORACLE,2031,0.866667,1.0
0.05,25,0.6182,0.9753,0.6,2439,4065,RT,2435,0.625,0.0
0.05,25,0.6182,0.9753,0.6,2439,4065,H2O,2437,0.6625,0.0
0.05,25,0.6182,0.9753,0.6,2439,4065,CAUSAL,2432,0.795833,1.0
0.05,25,0.6182,0.9753,0.6,2439,4065,ORACLE,2437,0.883333,1.0
0.05,26,0.6122,0.8113,0.2,938,4694,RT,935,0.166667,0.0
0.05,26,0.6122,0.8113,0.2,938,4694,H2O,937,0.233333,0.0
0.05,26,0.6122,0.8113,0.2,938,4694,CAUSAL,936,0.395833,0.0
0.05,26,0.6122,0.8113,0.2,938,4694,ORACLE,935,0.395833,1.0
0.05,26,0.6122,0.8113,0.3,1408,4694,RT,1408,0.158333,0.0
0.05,26,0.6122,0.8113,0.3,1408,4694,H2O,1402,0.25,0.0
0.05,26,0.6122,0.8113,0.3,1408,4694,CAUSAL,1403,0.55,0.0
0.05,26,0.6122,0.8113,0.3,1408,4694,ORACLE,1407,0.783333,1.0
0.05,26,0.6122,0.8113,0.4,1877,4694,RT,1877,0.3875,0.0
0.05,26,0.6122,0.8113,0.4,1877,4694,H2O,1873,0.420833,0.0
0.05,26,0.6122,0.8113,0.4,1877,4694,CAUSAL,1870,0.604167,0.0
0.05,26,0.6122,0.8113,0.4,1877,4694,ORACLE,1873,0.829167,1.0
0.05,26,0.6122,0.8113,0.5,2347,4694,RT,2337,0.5125,0.0
0.05,26,0.6122,0.8113,0.5,2347,4694,H2O,2343,0.491667,0.0
0.05,26,0.6122,0.8113,0.5,2347,4694,CAUSAL,2340,0.645833,0.0
0.05,26,0.6122,0.8113,0.5,2347,4694,ORACLE,2340,0.9125,1.0
0.05,26,0.6122,0.8113,0.6,2816,4694,RT,2816,0.575,0.0
0.05,26,0.6122,0.8113,0.6,2816,4694,H2O,2813,0.579167,0.0
0.05,26,0.6122,0.8113,0.6,2816,4694,CAUSAL,2813,0.766667,0.0
0.05,26,0.6122,0.8113,0.6,2816,4694,ORACLE,2814,0.9375,1.0
0.05,27,0.6202,0.964,0.2,831,4158,RT,831,0.329167,0.0
0.05,27,0.6202,0.964,0.2,831,4158,H2O,829,0.358333,0.0
0.05,27,0.6202,0.964,0.2,831,4158,CAUSAL,829,0.225,0.0
0.05,27,0.6202,0.964,0.2,831,4158,ORACLE,831,0.325,0.0
0.05,27,0.6202,0.964,0.3,1247,4158,RT,1244,0.395833,0.0
0.05,27,0.6202,0.964,0.3,1247,4158,H2O,1241,0.425,0.0
0.05,27,0.6202,0.964,0.3,1247,4158,CAUSAL,1247,0.3,0.0
0.05,27,0.6202,0.964,0.3,1247,4158,ORACLE,1246,0.4,0.0
0.05,27,0.6202,0.964,0.4,1663,4158,RT,1655,0.533333,0.0
0.05,27,0.6202,0.964,0.4,1663,4158,H2O,1663,0.479167,0.0
0.05,27,0.6202,0.964,0.4,1663,4158,CAUSAL,1663,0.408333,1.0
0.05,27,0.6202,0.964,0.4,1663,4158,ORACLE,1662,0.65,1.0
0.05,27,0.6202,0.964,0.5,2079,4158,RT,2077,0.620833,0.0
0.05,27,0.6202,0.964,0.5,2079,4158,H2O,2076,0.595833,0.0
0.05,27,0.6202,0.964,0.5,2079,4158,CAUSAL,2078,0.516667,1.0
0.05,27,0.6202,0.964,0.5,2079,4158,ORACLE,2076,0.854167,1.0
0.05,27,0.6202,0.964,0.6,2494,4158,RT,2486,0.658333,0.0
0.05,27,0.6202,0.964,0.6,2494,4158,H2O,2484,0.7375,0.0
0.05,27,0.6202,0.964,0.6,2494,4158,CAUSAL,2493,0.7,1.0
0.05,27,0.6202,0.964,0.6,2494,4158,ORACLE,2487,0.879167,1.0
0.05,28,0.5359,0.692,0.2,939,4696,RT,936,0.333333,0.0
0.05,28,0.5359,0.692,0.2,939,4696,H2O,937,0.329167,0.0
0.05,28,0.5359,0.692,0.2,939,4696,CAUSAL,933,0.2875,0.0
0.05,28,0.5359,0.692,0.2,939,4696,ORACLE,935,0.3875,0.0
0.05,28,0.5359,0.692,0.3,1408,4696,RT,1408,0.425,0.0
0.05,28,0.5359,0.692,0.3,1408,4696,H2O,1404,0.429167,0.0
0.05,28,0.5359,0.692,0.3,1408,4696,CAUSAL,1405,0.325,0.0
0.05,28,0.5359,0.692,0.3,1408,4696,ORACLE,1400,0.4375,1.0
0.05,28,0.5359,0.692,0.4,1878,4696,RT,1874,0.4625,0.0
0.05,28,0.5359,0.692,0.4,1878,4696,H2O,1876,0.454167,0.0
0.05,28,0.5359,0.692,0.4,1878,4696,CAUSAL,1872,0.545833,0.0
0.05,28,0.5359,0.692,0.4,1878,4696,ORACLE,1878,0.741667,1.0
0.05,28,0.5359,0.692,0.5,2348,4696,RT,2348,0.520833,0.0
0.05,28,0.5359,0.692,0.5,2348,4696,H2O,2346,0.516667,0.0
0.05,28,0.5359,0.692,0.5,2348,4696,CAUSAL,2347,0.575,0.0
0.05,28,0.5359,0.692,0.5,2348,4696,ORACLE,2343,0.8,1.0
0.05,28,0.5359,0.692,0.6,2817,4696,RT,2815,0.5875,0.0
0.05,28,0.5359,0.692,0.6,2817,4696,H2O,2809,0.591667,0.0
0.05,28,0.5359,0.692,0.6,2817,4696,CAUSAL,2813,0.679167,0.0
0.05,28,0.5359,0.692,0.6,2817,4696,ORACLE,2817,0.879167,1.0
0.05,29,0.6899,0.9127,0.2,984,4924,RT,984,0.3625,0.0
0.05,29,0.6899,0.9127,0.2,984,4924,H2O,978,0.304167,0.0
0.05,29,0.6899,0.9127,0.2,984,4924,CAUSAL,981,0.233333,0.0
0.05,29,0.6899,0.9127,0.2,984,4924,ORACLE,981,0.641667,1.0
0.05,29,0.6899,0.9127,0.3,1477,4924,RT,1471,0.2875,0.0
0.05,29,0.6899,0.9127,0.3,1477,4924,H2O,1473,0.4375,0.0
0.05,29,0.6899,0.9127,0.3,1477,4924,CAUSAL,1471,0.541667,0.0
0.05,29,0.6899,0.9127,0.3,1477,4924,ORACLE,1477,0.7625,1.0
0.05,29,0.6899,0.9127,0.4,1969,4924,RT,1969,0.4125,0.0
0.05,29,0.6899,0.9127,0.4,1969,4924,H2O,1964,0.570833,0.0
0.05,29,0.6899,0.9127,0.4,1969,4924,CAUSAL,1968,0.575,1.0
0.05,29,0.6899,0.9127,0.4,1969,4924,ORACLE,1969,0.770833,1.0
0.05,29,0.6899,0.9127,0.5,2462,4924,RT,2462,0.620833,0.0
0.05,29,0.6899,0.9127,0.5,2462,4924,H2O,2455,0.675,0.0
0.05,29,0.6899,0.9127,0.5,2462,4924,CAUSAL,2460,0.670833,1.0
0.05,29,0.6899,0.9127,0.5,2462,4924,ORACLE,2455,0.854167,1.0
0.05,29,0.6899,0.9127,0.6,2954,4924,RT,2945,0.75,0.0
0.05,29,0.6899,0.9127,0.6,2954,4924,H2O,2946,0.758333,0.0
0.05,29,0.6899,0.9127,0.6,2954,4924,CAUSAL,2950,0.75,1.0
0.05,29,0.6899,0.9127,0.6,2954,4924,ORACLE,2950,0.895833,1.0
0.05,30,0.704,0.8317,0.2,914,4574,RT,905,0.416667,0.0
0.05,30,0.704,0.8317,0.2,914,4574,H2O,905,0.433333,0.0
0.05,30,0.704,0.8317,0.2,914,4574,CAUSAL,910,0.316667,0.0
0.05,30,0.704,0.8317,0.2,914,4574,ORACLE,911,0.375,1.0
0.05,30,0.704,0.8317,0.3,1372,4574,RT,1371,0.508333,0.0
0.05,30,0.704,0.8317,0.3,1372,4574,H2O,1371,0.516667,0.0
0.05,30,0.704,0.8317,0.3,1372,4574,CAUSAL,1367,0.470833,0.0
0.05,30,0.704,0.8317,0.3,1372,4574,ORACLE,1371,0.754167,1.0
0.05,30,0.704,0.8317,0.4,1829,4574,RT,1824,0.575,0.0
0.05,30,0.704,0.8317,0.4,1829,4574,H2O,1827,0.641667,0.0
0.05,30,0.704,0.8317,0.4,1829,4574,CAUSAL,1829,0.708333,0.0
0.05,30,0.704,0.8317,0.4,1829,4574,ORACLE,1827,0.820833,1.0
0.05,30,0.704,0.8317,0.5,2287,4574,RT,2281,0.683333,0.0
0.05,30,0.704,0.8317,0.5,2287,4574,H2O,2281,0.7,0.0
0.05,30,0.704,0.8317,0.5,2287,4574,CAUSAL,2287,0.716667,0.0
0.05,30,0.704,0.8317,0.5,2287,4574,ORACLE,2285,0.833333,1.0
0.05,30,0.704,0.8317,0.6,2744,4574,RT,2741,0.7375,0.0
0.05,30,0.704,0.8317,0.6,2744,4574,H2O,2731,0.816667,0.0
0.05,30,0.704,0.8317,0.6,2744,4574,CAUSAL,2741,0.816667,0.0
0.05,30,0.704,0.8317,0.6,2744,4574,ORACLE,2734,0.904167,1.0
0.05,31,0.5714,0.9018,0.2,984,4923,RT,980,0.229167,0.0
0.05,31,0.5714,0.9018,0.2,984,4923,H2O,984,0.216667,0.0
0.05,31,0.5714,0.9018,0.2,984,4923,CAUSAL,979,0.25,0.0
0.05,31,0.5714,0.9018,0.2,984,4923,ORACLE,978,0.316667,0.0
0.05,31,0.5714,0.9018,0.3,1476,4923,RT,1475,0.25,0.0
0.05,31,0.5714,0.9018,0.3,1476,4923,H2O,1471,0.3125,0.0
0.05,31,0.5714,0.9018,0.3,1476,4923,CAUSAL,1475,0.341667,0.0
0.05,31,0.5714,0.9018,0.3,1476,4923,ORACLE,1474,0.4375,0.0
0.05,31,0.5714,0.9018,0.4,1969,4923,RT,1968,0.416667,0.0
0.05,31,0.5714,0.9018,0.4,1969,4923,H2O,1967,0.408333,0.0
0.05,31,0.5714,0.9018,0.4,1969,4923,CAUSAL,1969,0.445833,0.0
0.05,31,0.5714,0.9018,0.4,1969,4923,ORACLE,1962,0.7375,1.0
0.05,31,0.5714,0.9018,0.5,2461,4923,RT,2457,0.458333,0.0
0.05,31,0.5714,0.9018,0.5,2461,4923,H2O,2461,0.570833,0.0
0.05,31,0.5714,0.9018,0.5,2461,4923,CAUSAL,2458,0.55,0.0
0.05,31,0.5714,0.9018,0.5,2461,4923,ORACLE,2457,0.858333,1.0
0.05,31,0.5714,0.9018,0.6,2953,4923,RT,2953,0.683333,0.0
0.05,31,0.5714,0.9018,0.6,2953,4923,H2O,2950,0.675,0.0
0.05,31,0.5714,0.9018,0.6,2953,4923,CAUSAL,2952,0.65,0.0
0.05,31,0.5714,0.9018,0.6,2953,4923,ORACLE,2945,0.941667,1.0
0.05,32,0.6415,0.7516,0.2,885,4426,RT,885,0.3125,0.0
0.05,32,0.6415,0.7516,0.2,885,4426,H2O,885,0.3875,0.0
0.05,32,0.6415,0.7516,0.2,885,4426,CAUSAL,878,0.25,0.0
0.05,32,0.6415,0.7516,0.2,885,4426,ORACLE,881,0.316667,0.0
0.05,32,0.6415,0.7516,0.3,1327,4426,RT,1322,0.375,0.0
0.05,32,0.6415,0.7516,0.3,1327,4426,H2O,1320,0.475,0.0
0.05,32,0.6415,0.7516,0.3,1327,4426,CAUSAL,1322,0.458333,0.0
0.05,32,0.6415,0.7516,0.3,1327,4426,ORACLE,1322,0.6375,1.0
0.05,32,0.6415,0.7516,0.4,1770,4426,RT,1769,0.466667,0.0
0.05,32,0.6415,0.7516,0.4,1770,4426,H2O,1765,0.583333,0.0
0.05,32,0.6415,0.7516,0.4,1770,4426,CAUSAL,1767,0.616667,0.0
0.05,32,0.6415,0.7516,0.4,1770,4426,ORACLE,1768,0.879167,1.0
0.05,32,0.6415,0.7516,0.5,2213,4426,RT,2210,0.620833,0.0
0.05,32,0.6415,0.7516,0.5,2213,4426,H2O,2207,0.591667,0.0
0.05,32,0.6415,0.7516,0.5,2213,4426,CAUSAL,2212,0.6375,0.0
0.05,32,0.6415,0.7516,0.5,2213,4426,ORACLE,2205,0.9125,1.0
0.05,32,0.6415,0.7516,0.6,2655,4426,RT,2651,0.8125,0.0
0.05,32,0.6415,0.7516,0.6,2655,4426,H2O,2648,0.741667,0.0
0.05,32,0.6415,0.7516,0.6,2655,4426,CAUSAL,2651,0.6625,0.0
0.05,32,0.6415,0.7516,0.6,2655,4426,ORACLE,2652,0.945833,1.0
0.05,33,0.6199,0.8341,0.2,800,4003,RT,799,0.245833,0.0
0.05,33,0.6199,0.8341,0.2,800,4003,H2O,797,0.141667,0.0
0.05,33,0.6199,0.8341,0.2,800,4003,CAUSAL,793,0.3375,0.0
0.05,33,0.6199,0.8341,0.2,800,4003,ORACLE,795,0.2625,0.0
0.05,33,0.6199,0.8341,0.3,1200,4003,RT,1198,0.3375,0.0
0.05,33,0.6199,0.8341,0.3,1200,4003,H2O,1197,0.304167,0.0
0.05,33,0.6199,0.8341,0.3,1200,4003,CAUSAL,1199,0.383333,0.0
0.05,33,0.6199,0.8341,0.3,1200,4003,ORACLE,1192,0.441667,1.0
0.05,33,0.6199,0.8341,0.4,1601,4003,RT,1594,0.420833,0.0
0.05,33,0.6199,0.8341,0.4,1601,4003,H2O,1596,0.4375,0.0
0.05,33,0.6199,0.8341,0.4,1601,4003,CAUSAL,1601,0.408333,0.0
0.05,33,0.6199,0.8341,0.4,1601,4003,ORACLE,1592,0.804167,1.0
0.05,33,0.6199,0.8341,0.5,2001,4003,RT,1998,0.566667,0.0
0.05,33,0.6199,0.8341,0.5,2001,4003,H2O,1998,0.641667,0.0
0.05,33,0.6199,0.8341,0.5,2001,4003,CAUSAL,2000,0.466667,0.0
0.05,33,0.6199,0.8341,0.5,2001,4003,ORACLE,1999,0.895833,1.0
0.05,33,0.6199,0.8341,0.6,2401,4003,RT,2396,0.654167,0.0
0.05,33,0.6199,0.8341,0.6,2401,4003,H2O,2399,0.779167,0.0
0.05,33,0.6199,0.8341,0.6,2401,4003,CAUSAL,2401,0.558333,0.0
0.05,33,0.6199,0.8341,0.6,2401,4003,ORACLE,2394,0.941667,1.0
0.05,34,0.7734,0.9488,0.2,895,4475,RT,895,0.291667,0.0
0.05,34,0.7734,0.9488,0.2,895,4475,H2O,894,0.3125,0.0
0.05,34,0.7734,0.9488,0.2,895,4475,CAUSAL,895,0.308333,0.0
0.05,34,0.7734,0.9488,0.2,895,4475,ORACLE,893,0.4,0.0
0.05,34,0.7734,0.9488,0.3,1342,4475,RT,1338,0.391667,0.0
0.05,34,0.7734,0.9488,0.3,1342,4475,H2O,1335,0.441667,0.0
0.05,34,0.7734,0.9488,0.3,1342,4475,CAUSAL,1334,0.454167,1.0
0.05,34,0.7734,0.9488,0.3,1342,4475,ORACLE,1340,0.675,1.0
0.05,34,0.7734,0.9488,0.4,1790,4475,RT,1790,0.5125,0.0
0.05,34,0.7734,0.9488,0.4,1790,4475,H2O,1786,0.429167,0.0
0.05,34,0.7734,0.9488,0.4,1790,4475,CAUSAL,1784,0.504167,1.0
0.05,34,0.7734,0.9488,0.4,1790,4475,ORACLE,1790,0.829167,1.0
0.05,34,0.7734,0.9488,0.5,2237,4475,RT,2237,0.5375,0.0
0.05,34,0.7734,0.9488,0.5,2237,4475,H2O,2237,0.583333,0.0
0.05,34,0.7734,0.9488,0.5,2237,4475,CAUSAL,2233,0.6625,1.0
0.05,34,0.7734,0.9488,0.5,2237,4475,ORACLE,2234,0.9,1.0
0.05,34,0.7734,0.9488,0.6,2685,4475,RT,2682,0.575,0.0
0.05,34,0.7734,0.9488,0.6,2685,4475,H2O,2677,0.608333,0.0
0.05,34,0.7734,0.9488,0.6,2685,4475,CAUSAL,2679,0.85,1.0
0.05,34,0.7734,0.9488,0.6,2685,4475,ORACLE,2681,0.9375,1.0
0.05,35,0.509,0.7843,0.2,847,4237,RT,843,0.3125,0.0
0.05,35,0.509,0.7843,0.2,847,4237,H2O,842,0.325,0.0
0.05,35,0.509,0.7843,0.2,847,4237,CAUSAL,840,0.354167,0.0
0.05,35,0.509,0.7843,0.2,847,4237,ORACLE,840,0.341667,0.0
0.05,35,0.509,0.7843,0.3,1271,4237,RT,1269,0.2625,0.0
0.05,35,0.509,0.7843,0.3,1271,4237,H2O,1263,0.3625,0.0
0.05,35,0.509,0.7843,0.3,1271,4237,CAUSAL,1270,0.529167,0.0
0.05,35,0.509,0.7843,0.3,1271,4237,ORACLE,1270,0.75,1.0
0.05,35,0.509,0.7843,0.4,1694,4237,RT,1689,0.458333,0.0
0.05,35,0.509,0.7843,0.4,1694,4237,H2O,1686,0.45,0.0
0.05,35,0.509,0.7843,0.4,1694,4237,CAUSAL,1690,0.55,0.0
0.05,35,0.509,0.7843,0.4,1694,4237,ORACLE,1679,0.895833,1.0
0.05,35,0.509,0.7843,0.5,2118,4237,RT,2117,0.516667,0.0
0.05,35,0.509,0.7843,0.5,2118,4237,H2O,2115,0.654167,0.0
0.05,35,0.509,0.7843,0.5,2118,4237,CAUSAL,2113,0.6875,0.0
0.05,35,0.509,0.7843,0.5,2118,4237,ORACLE,2118,0.9375,1.0
0.05,35,0.509,0.7843,0.6,2542,4237,RT,2542,0.733333,0.0
0.05,35,0.509,0.7843,0.6,2542,4237,H2O,2542,0.729167,0.0
0.05,35,0.509,0.7843,0.6,2542,4237,CAUSAL,2535,0.791667,0.0
0.05,35,0.509,0.7843,0.6,2542,4237,ORACLE,2538,0.9625,1.0
0.05,36,0.742,0.8341,0.2,867,4339,RT,860,0.233333,0.0
0.05,36,0.742,0.8341,0.2,867,4339,H2O,864,0.308333,0.0
0.05,36,0.742,0.8341,0.2,867,4339,CAUSAL,864,0.2625,0.0
0.05,36,0.742,0.8341,0.2,867,4339,ORACLE,867,0.429167,1.0
0.05,36,0.742,0.8341,0.3,1301,4339,RT,1295,0.3125,0.0
0.05,36,0.742,0.8341,0.3,1301,4339,H2O,1299,0.341667,0.0
0.05,36,0.742,0.8341,0.3,1301,4339,CAUSAL,1299,0.491667,0.0
0.05,36,0.742,0.8341,0.3,1301,4339,ORACLE,1289,0.7875,1.0
0.05,36,0.742,0.8341,0.4,1735,4339,RT,1733,0.4375,0.0
0.05,36,0.742,0.8341,0.4,1735,4339,H2O,1730,0.466667,0.0
0.05,36,0.742,0.8341,0.4,1735,4339,CAUSAL,1731,0.6625,0.0
0.05,36,0.742,0.8341,0.4,1735,4339,ORACLE,1731,0.791667,1.0
0.05,36,0.742,0.8341,0.5,2169,4339,RT,2166,0.6,0.0
0.05,36,0.742,0.8341,0.5,2169,4339,H2O,2164,0.508333,0.0
0.05,36,0.742,0.8341,0.5,2169,4339,CAUSAL,2165,0.683333,0.0
0.05,36,0.742,0.8341,0.5,2169,4339,ORACLE,2166,0.845833,1.0
0.05,36,0.742,0.8341,0.6,2603,4339,RT,2599,0.591667,0.0
0.05,36,0.742,0.8341,0.6,2603,4339,H2O,2595,0.633333,0.0
0.05,36,0.742,0.8341,0.6,2603,4339,CAUSAL,2598,0.7125,0.0
0.05,36,0.742,0.8341,0.6,2603,4339,ORACLE,2601,0.904167,1.0
0.05,37,0.6667,0.9891,0.2,850,4253,RT,839,0.191667,0.0
0.05,37,0.6667,0.9891,0.2,850,4253,H2O,842,0.320833,0.0
0.05,37,0.6667,0.9891,0.2,850,4253,CAUSAL,844,0.283333,0.0
0.05,37,0.6667,0.9891,0.2,850,4253,ORACLE,850,0.366667,0.0
0.05,37,0.6667,0.9891,0.3,1275,4253,RT,1269,0.495833,0.0
0.05,37,0.6667,0.9891,0.3,1275,4253,H2O,1274,0.483333,0.0
0.05,37,0.6667,0.9891,0.3,1275,4253,CAUSAL,1268,0.445833,1.0
0.05,37,0.6667,0.9891,0.3,1275,4253,ORACLE,1272,0.520833,1.0
0.05,37,0.6667,0.9891,0.4,1701,4253,RT,1698,0.558333,0.0
0.05,37,0.6667,0.9891,0.4,1701,4253,H2O,1701,0.625,0.0
0.05,37,0.6667,0.9891,0.4,1701,4253,CAUSAL,1700,0.445833,1.0
0.05,37,0.6667,0.9891,0.4,1701,4253,ORACLE,1699,0.795833,1.0
0.05,37,0.6667,0.9891,0.5,2126,4253,RT,2124,0.591667,0.0
0.05,37,0.6667,0.9891,0.5,2126,4253,H2O,2117,0.633333,0.0
0.05,37,0.6667,0.9891,0.5,2126,4253,CAUSAL,2126,0.683333,1.0
0.05,37,0.6667,0.9891,0.5,2126,4253,ORACLE,2122,0.841667,1.0
0.05,37,0.6667,0.9891,0.6,2551,4253,RT,2546,0.695833,0.0
0.05,37,0.6667,0.9891,0.6,2551,4253,H2O,2539,0.7,0.0
0.05,37,0.6667,0.9891,0.6,2551,4253,CAUSAL,2545,0.870833,1.0
0.05,37,0.6667,0.9891,0.6,2551,4253,ORACLE,2544,0.916667,1.0
0.05,38,0.603,0.8475,0.2,1028,5141,RT,1025,0.245833,0.0
0.05,38,0.603,0.8475,0.2,1028,5141,H2O,1027,0.329167,0.0
0.05,38,0.603,0.8475,0.2,1028,5141,CAUSAL,1028,0.1875,0.0
0.05,38,0.603,0.8475,0.2,1028,5141,ORACLE,1027,0.395833,0.0
0.05,38,0.603,0.8475,0.3,1542,5141,RT,1536,0.325,0.0
0.05,38,0.603,0.8475,0.3,1542,5141,H2O,1539,0.375,0.0
0.05,38,0.603,0.8475,0.3,1542,5141,CAUSAL,1541,0.425,0.0
0.05,38,0.603,0.8475,0.3,1542,5141,ORACLE,1538,0.7125,1.0
0.05,38,0.603,0.8475,0.4,2056,5141,RT,2052,0.416667,0.0
0.05,38,0.603,0.8475,0.4,2056,5141,H2O,2053,0.420833,0.0
0.05,38,0.603,0.8475,0.4,2056,5141,CAUSAL,2055,0.570833,0.0
0.05,38,0.603,0.8475,0.4,2056,5141,ORACLE,2051,0.775,1.0
0.05,38,0.603,0.8475,0.5,2570,5141,RT,2569,0.558333,0.0
0.05,38,0.603,0.8475,0.5,2570,5141,H2O,2568,0.508333,0.0
0.05,38,0.603,0.8475,0.5,2570,5141,CAUSAL,2562,0.591667,0.0
0.05,38,0.603,0.8475,0.5,2570,5141,ORACLE,2563,0.8875,1.0
0.05,38,0.603,0.8475,0.6,3084,5141,RT,3076,0.645833,0.0
0.05,38,0.603,0.8475,0.6,3084,5141,H2O,3081,0.629167,0.0
0.05,38,0.603,0.8475,0.6,3084,5141,CAUSAL,3077,0.708333,0.0
0.05,38,0.603,0.8475,0.6,3084,5141,ORACLE,3078,0.925,1.0
0.05,39,0.5673,0.7431,0.2,908,4542,RT,901,0.279167,0.0
0.05,39,0.5673,0.7431,0.2,908,4542,H2O,905,0.304167,0.0
0.05,39,0.5673,0.7431,0.2,908,4542,CAUSAL,904,0.295833,0.0
0.05,39,0.5673,0.7431,0.2,908,4542,ORACLE,901,0.279167,0.0
0.05,39,0.5673,0.7431,0.3,1362,4542,RT,1359,0.354167,0.0
0.05,39,0.5673,0.7431,0.3,1362,4542,H2O,1356,0.358333,0.0
0.05,39,0.5673,0.7431,0.3,1362,4542,CAUSAL,1356,0.316667,0.0
0.05,39,0.5673,0.7431,0.3,1362,4542,ORACLE,1362,0.366667,0.0
0.05,39,0.5673,0.7431,0.4,1816,4542,RT,1809,0.495833,0.0
0.05,39,0.5673,0.7431,0.4,1816,4542,H2O,1812,0.504167,0.0
0.05,39,0.5673,0.7431,0.4,1816,4542,CAUSAL,1815,0.483333,0.0
0.05,39,0.5673,0.7431,0.4,1816,4542,ORACLE,1815,0.7,1.0
0.05,39,0.5673,0.7431,0.5,2271,4542,RT,2269,0.566667,0.0
0.05,39,0.5673,0.7431,0.5,2271,4542,H2O,2253,0.629167,0.0
0.05,39,0.5673,0.7431,0.5,2271,4542,CAUSAL,2270,0.620833,0.0
0.05,39,0.5673,0.7431,0.5,2271,4542,ORACLE,2266,0.833333,1.0
0.05,39,0.5673,0.7431,0.6,2725,4542,RT,2722,0.679167,0.0
0.05,39,0.5673,0.7431,0.6,2725,4542,H2O,2722,0.683333,0.0
0.05,39,0.5673,0.7431,0.6,2725,4542,CAUSAL,2725,0.641667,0.0
0.05,39,0.5673,0.7431,0.6,2725,4542,ORACLE,2722,0.875,1.0
0.05,40,0.58,0.9085,0.2,909,4548,RT,909,0.3,0.0
0.05,40,0.58,0.9085,0.2,909,4548,H2O,903,0.4125,0.0
0.05,40,0.58,0.9085,0.2,909,4548,CAUSAL,905,0.283333,0.0
0.05,40,0.58,0.9085,0.2,909,4548,ORACLE,907,0.304167,0.0
0.05,40,0.58,0.9085,0.3,1364,4548,RT,1361,0.375,0.0
0.05,40,0.58,0.9085,0.3,1364,4548,H2O,1353,0.495833,0.0
0.05,40,0.58,0.9085,0.3,1364,4548,CAUSAL,1363,0.441667,0.0
0.05,40,0.58,0.9085,0.3,1364,4548,ORACLE,1364,0.583333,1.0
0.05,40,0.58,0.9085,0.4,1819,4548,RT,1811,0.475,0.0
0.05,40,0.58,0.9085,0.4,1819,4548,H2O,1816,0.529167,0.0
0.05,40,0.58,0.9085,0.4,1819,4548,CAUSAL,1819,0.533333,1.0
0.05,40,0.58,0.9085,0.4,1819,4548,ORACLE,1816,0.8875,1.0
0.05,40,0.58,0.9085,0.5,2274,4548,RT,2272,0.55,0.0
0.05,40,0.58,0.9085,0.5,2274,4548,H2O,2271,0.6375,0.0
0.05,40,0.58,0.9085,0.5,2274,4548,CAUSAL,2268,0.691667,1.0
0.05,40,0.58,0.9085,0.5,2274,4548,ORACLE,2268,0.9,1.0
0.05,40,0.58,0.9085,0.6,2728,4548,RT,2721,0.695833,0.0
0.05,40,0.58,0.9085,0.6,2728,4548,H2O,2699,0.733333,0.0
0.05,40,0.58,0.9085,0.6,2728,4548,CAUSAL,2723,0.7625,1.0
0.05,40,0.58,0.9085,0.6,2728,4548,ORACLE,2722,0.95,1.0
0.05,41,0.5094,0.8889,0.2,982,4914,RT,982,0.241667,0.0
0.05,41,0.5094,0.8889,0.2,982,4914,H2O,975,0.279167,0.0
0.05,41,0.5094,0.8889,0.2,982,4914,CAUSAL,981,0.245833,0.0
0.05,41,0.5094,0.8889,0.2,982,4914,ORACLE,982,0.341667,0.0
0.05,41,0.5094,0.8889,0.3,1474,4914,RT,1474,0.279167,0.0
0.05,41,0.5094,0.8889,0.3,1474,4914,H2O,1468,0.441667,0.0
0.05,41,0.5094,0.8889,0.3,1474,4914,CAUSAL,1467,0.291667,0.0
0.05,41,0.5094,0.8889,0.3,1474,4914,ORACLE,1473,0.479167,1.0
0.05,41,0.5094,0.8889,0.4,1965,4914,RT,1959,0.504167,0.0
0.05,41,0.5094,0.8889,0.4,1965,4914,H2O,1961,0.504167,0.0
0.05,41,0.5094,0.8889,0.4,1965,4914,CAUSAL,1960,0.441667,0.0
0.05,41,0.5094,0.8889,0.4,1965,4914,ORACLE,1964,0.804167,1.0
0.05,41,0.5094,0.8889,0.5,2457,4914,RT,2450,0.4875,0.0
0.05,41,0.5094,0.8889,0.5,2457,4914,H2O,2454,0.641667,0.0
0.05,41,0.5094,0.8889,0.5,2457,4914,CAUSAL,2454,0.5875,0.0
0.05,41,0.5094,0.8889,0.5,2457,4914,ORACLE,2455,0.891667,1.0
0.05,41,0.5094,0.8889,0.6,2948,4914,RT,2946,0.620833,0.0
0.05,41,0.5094,0.8889,0.6,2948,4914,H2O,2940,0.704167,0.0
0.05,41,0.5094,0.8889,0.6,2948,4914,CAUSAL,2935,0.641667,0.0
0.05,41,0.5094,0.8889,0.6,2948,4914,ORACLE,2947,0.9125,1.0
0.05,42,0.4038,0.9137,0.2,947,4736,RT,945,0.208333,0.0
0.05,42,0.4038,0.9137,0.2,947,4736,H2O,943,0.325,0.0
0.05,42,0.4038,0.9137,0.2,947,4736,CAUSAL,943,0.204167,0.0
0.05,42,0.4038,0.9137,0.2,947,4736,ORACLE,944,0.316667,1.0
0.05,42,0.4038,0.9137,0.3,1420,4736,RT,1418,0.391667,0.0
0.05,42,0.4038,0.9137,0.3,1420,4736,H2O,1420,0.358333,0.0
0.05,42,0.4038,0.9137,0.3,1420,4736,CAUSAL,1417,0.279167,0.0
0.05,42,0.4038,0.9137,0.3,1420,4736,ORACLE,1414,0.770833,1.0
0.05,42,0.4038,0.9137,0.4,1894,4736,RT,1889,0.433333,0.0
0.05,42,0.4038,0.9137,0.4,1894,4736,H2O,1889,0.416667,0.0
0.05,42,0.4038,0.9137,0.4,1894,4736,CAUSAL,1894,0.441667,1.0
0.05,42,0.4038,0.9137,0.4,1894,4736,ORACLE,1894,0.8625,1.0
0.05,42,0.4038,0.9137,0.5,2368,4736,RT,2366,0.45,0.0
0.05,42,0.4038,0.9137,0.5,2368,4736,H2O,2365,0.483333,0.0
0.05,42,0.4038,0.9137,0.5,2368,4736,CAUSAL,2368,0.458333,1.0
0.05,42,0.4038,0.9137,0.5,2368,4736,ORACLE,2361,0.895833,1.0
0.05,42,0.4038,0.9137,0.6,2841,4736,RT,2839,0.5375,0.0
0.05,42,0.4038,0.9137,0.6,2841,4736,H2O,2841,0.55,0.0
0.05,42,0.4038,0.9137,0.6,2841,4736,CAUSAL,2839,0.695833,1.0
0.05,42,0.4038,0.9137,0.6,2841,4736,ORACLE,2821,0.920833,1.0
0.05,43,0.6146,0.7143,0.2,797,3986,RT,793,0.233333,0.0
0.05,43,0.6146,0.7143,0.2,797,3986,H2O,797,0.295833,0.0
0.05,43,0.6146,0.7143,0.2,797,3986,CAUSAL,791,0.1875,0.0
0.05,43,0.6146,0.7143,0.2,797,3986,ORACLE,793,0.316667,0.0
0.05,43,0.6146,0.7143,0.3,1195,3986,RT,1195,0.358333,0.0
0.05,43,0.6146,0.7143,0.3,1195,3986,H2O,1191,0.454167,0.0
0.05,43,0.6146,0.7143,0.3,1195,3986,CAUSAL,1195,0.2875,0.0
0.05,43,0.6146,0.7143,0.3,1195,3986,ORACLE,1195,0.475,1.0
0.05,43,0.6146,0.7143,0.4,1594,3986,RT,1594,0.5125,0.0
0.05,43,0.6146,0.7143,0.4,1594,3986,H2O,1594,0.608333,0.0
0.05,43,0.6146,0.7143,0.4,1594,3986,CAUSAL,1587,0.370833,0.0
0.05,43,0.6146,0.7143,0.4,1594,3986,ORACLE,1586,0.783333,1.0
0.05,43,0.6146,0.7143,0.5,1993,3986,RT,1987,0.616667,0.0
0.05,43,0.6146,0.7143,0.5,1993,3986,H2O,1979,0.658333,0.0
0.05,43,0.6146,0.7143,0.5,1993,3986,CAUSAL,1992,0.545833,0.0
0.05,43,0.6146,0.7143,0.5,1993,3986,ORACLE,1989,0.8375,1.0
0.05,43,0.6146,0.7143,0.6,2391,3986,RT,2378,0.716667,0.0
0.05,43,0.6146,0.7143,0.6,2391,3986,H2O,2388,0.733333,0.0
0.05,43,0.6146,0.7143,0.6,2391,3986,CAUSAL,2389,0.670833,0.0
0.05,43,0.6146,0.7143,0.6,2391,3986,ORACLE,2386,0.891667,1.0
0.05,44,0.5885,0.8101,0.2,1061,5306,RT,1060,0.3125,0.0
0.05,44,0.5885,0.8101,0.2,1061,5306,H2O,1060,0.2875,0.0
0.05,44,0.5885,0.8101,0.2,1061,5306,CAUSAL,1055,0.258333,0.0
0.05,44,0.5885,0.8101,0.2,1061,5306,ORACLE,1061,0.408333,1.0
0.05,44,0.5885,0.8101,0.3,1591,5306,RT,1584,0.270833,0.0
0.05,44,0.5885,0.8101,0.3,1591,5306,H2O,1590,0.3875,0.0
0.05,44,0.5885,0.8101,0.3,1591,5306,CAUSAL,1589,0.4125,0.0
0.05,44,0.5885,0.8101,0.3,1591,5306,ORACLE,1587,0.729167,1.0
0.05,44,0.5885,0.8101,0.4,2122,5306,RT,2119,0.433333,0.0
0.05,44,0.5885,0.8101,0.4,2122,5306,H2O,2120,0.475,0.0
0.05,44,0.5885,0.8101,0.4,2122,5306,CAUSAL,2117,0.558333,0.0
0.05,44,0.5885,0.8101,0.4,2122,5306,ORACLE,2119,0.804167,1.0
0.05,44,0.5885,0.8101,0.5,2653,5306,RT,2651,0.504167,0.0
0.05,44,0.5885,0.8101,0.5,2653,5306,H2O,2651,0.5625,0.0
0.05,44,0.5885,0.8101,0.5,2653,5306,CAUSAL,2646,0.6,0.0
0.05,44,0.5885,0.8101,0.5,2653,5306,ORACLE,2651,0.875,1.0
0.05,44,0.5885,0.8101,0.6,3183,5306,RT,3179,0.575,0.0
0.05,44,0.5885,0.8101,0.6,3183,5306,H2O,3181,0.641667,0.0
0.05,44,0.5885,0.8101,0.6,3183,5306,CAUSAL,3178,0.6875,0.0
0.05,44,0.5885,0.8101,0.6,3183,5306,ORACLE,3182,0.904167,1.0
0.05,45,0.596,0.8086,0.2,680,3402,RT,679,0.254167,0.0
0.05,45,0.596,0.8086,0.2,680,3402,H2O,672,0.266667,0.0
0.05,45,0.596,0.8086,0.2,680,3402,CAUSAL,678,0.325,0.0
0.05,45,0.596,0.8086,0.2,680,3402,ORACLE,677,0.458333,1.0
0.05,45,0.596,0.8086,0.3,1020,3402,RT,1018,0.291667,0.0
0.05,45,0.596,0.8086,0.3,1020,3402,H2O,1020,0.3375,0.0
0.05,45,0.596,0.8086,0.3,1020,3402,CAUSAL,1018,0.479167,0.0
0.05,45,0.596,0.8086,0.3,1020,3402,ORACLE,1016,0.7625,1.0
0.05,45,0.596,0.8086,0.4,1360,3402,RT,1355,0.504167,0.0
0.05,45,0.596,0.8086,0.4,1360,3402,H2O,1358,0.429167,0.0
0.05,45,0.596,0.8086,0.4,1360,3402,CAUSAL,1357,0.520833,0.0
0.05,45,0.596,0.8086,0.4,1360,3402,ORACLE,1359,0.8625,1.0
0.05,45,0.596,0.8086,0.5,1701,3402,RT,1700,0.583333,0.0
0.05,45,0.596,0.8086,0.5,1701,3402,H2O,1694,0.670833,0.0
0.05,45,0.596,0.8086,0.5,1701,3402,CAUSAL,1699,0.6625,0.0
0.05,45,0.596,0.8086,0.5,1701,3402,ORACLE,1694,0.929167,1.0
0.05,45,0.596,0.8086,0.6,2041,3402,RT,2040,0.645833,0.0
0.05,45,0.596,0.8086,0.6,2041,3402,H2O,2039,0.733333,0.0
0.05,45,0.596,0.8086,0.6,2041,3402,CAUSAL,2041,0.804167,0.0
0.05,45,0.596,0.8086,0.6,2041,3402,ORACLE,2040,0.954167,1.0
0.05,46,0.5687,0.6827,0.2,1016,5080,RT,1015,0.241667,0.0
0.05,46,0.5687,0.6827,0.2,1016,5080,H2O,1013,0.233333,0.0
0.05,46,0.5687,0.6827,0.2,1016,5080,CAUSAL,1016,0.216667,0.0
0.05,46,0.5687,0.6827,0.2,1016,5080,ORACLE,1011,0.333333,0.0
0.05,46,0.5687,0.6827,0.3,1524,5080,RT,1521,0.308333,0.0
0.05,46,0.5687,0.6827,0.3,1524,5080,H2O,1524,0.3875,0.0
0.05,46,0.5687,0.6827,0.3,1524,5080,CAUSAL,1518,0.316667,0.0
0.05,46,0.5687,0.6827,0.3,1524,5080,ORACLE,1516,0.558333,1.0
0.05,46,0.5687,0.6827,0.4,2032,5080,RT,2028,0.516667,0.0
0.05,46,0.5687,0.6827,0.4,2032,5080,H2O,2018,0.4875,0.0
0.05,46,0.5687,0.6827,0.4,2032,5080,CAUSAL,2032,0.520833,0.0
0.05,46,0.5687,0.6827,0.4,2032,5080,ORACLE,2031,0.808333,1.0
0.05,46,0.5687,0.6827,0.5,2540,5080,RT,2530,0.641667,0.0
0.05,46,0.5687,0.6827,0.5,2540,5080,H2O,2527,0.504167,0.0
0.05,46,0.5687,0.6827,0.5,2540,5080,CAUSAL,2534,0.558333,0.0
0.05,46,0.5687,0.6827,0.5,2540,5080,ORACLE,2533,0.8625,1.0
0.05,46,0.5687,0.6827,0.6,3048,5080,RT,3048,0.729167,0.0
0.05,46,0.5687,0.6827,0.6,3048,5080,H2O,3047,0.566667,0.0
0.05,46,0.5687,0.6827,0.6,3048,5080,CAUSAL,3040,0.641667,0.0
0.05,46,0.5687,0.6827,0.6,3048,5080,ORACLE,3044,0.891667,1.0
0.05,47,0.516,0.7952,0.2,759,3796,RT,758,0.291667,0.0
0.05,47,0.516,0.7952,0.2,759,3796,H2O,751,0.395833,0.0
0.05,47,0.516,0.7952,0.2,759,3796,CAUSAL,753,0.204167,0.0
0.05,47,0.516,0.7952,0.2,759,3796,ORACLE,752,0.270833,0.0
0.05,47,0.516,0.7952,0.3,1138,3796,RT,1138,0.475,0.0
0.05,47,0.516,0.7952,0.3,1138,3796,H2O,1137,0.458333,0.0
0.05,47,0.516,0.7952,0.3,1138,3796,CAUSAL,1135,0.2875,0.0
0.05,47,0.516,0.7952,0.3,1138,3796,ORACLE,1130,0.529167,0.0
0.05,47,0.516,0.7952,0.4,1518,3796,RT,1512,0.545833,0.0
0.05,47,0.516,0.7952,0.4,1518,3796,H2O,1501,0.6,0.0
0.05,47,0.516,0.7952,0.4,1518,3796,CAUSAL,1514,0.445833,0.0
0.05,47,0.516,0.7952,0.4,1518,3796,ORACLE,1516,0.7125,1.0
0.05,47,0.516,0.7952,0.5,1898,3796,RT,1897,0.691667,0.0
0.05,47,0.516,0.7952,0.5,1898,3796,H2O,1890,0.675,0.0
0.05,47,0.516,0.7952,0.5,1898,3796,CAUSAL,1895,0.545833,0.0
0.05,47,0.516,0.7952,0.5,1898,3796,ORACLE,1898,0.829167,1.0
0.05,47,0.516,0.7952,0.6,2277,3796,RT,2268,0.75,0.0
0.05,47,0.516,0.7952,0.6,2277,3796,H2O,2262,0.7125,0.0
0.05,47,0.516,0.7952,0.6,2277,3796,CAUSAL,2274,0.683333,0.0
0.05,47,0.516,0.7952,0.6,2277,3796,ORACLE,2274,0.925,1.0
0.05,48,0.4836,0.5822,0.2,922,4614,RT,918,0.220833,0.0
0.05,48,0.4836,0.5822,0.2,922,4614,H2O,915,0.316667,0.0
0.05,48,0.4836,0.5822,0.2,922,4614,CAUSAL,920,0.3,0.0
0.05,48,0.4836,0.5822,0.2,922,4614,ORACLE,922,0.375,0.0
0.05,48,0.4836,0.5822,0.3,1384,4614,RT,1379,0.3375,0.0
0.05,48,0.4836,0.5822,0.3,1384,4614,H2O,1382,0.495833,0.0
0.05,48,0.4836,0.5822,0.3,1384,4614,CAUSAL,1382,0.470833,0.0
0.05,48,0.4836,0.5822,0.3,1384,4614,ORACLE,1376,0.658333,1.0
0.05,48,0.4836,0.5822,0.4,1845,4614,RT,1842,0.570833,0.0
0.05,48,0.4836,0.5822,0.4,1845,4614,H2O,1827,0.575,0.0
0.05,48,0.4836,0.5822,0.4,1845,4614,CAUSAL,1844,0.608333,0.0
0.05,48,0.4836,0.5822,0.4,1845,4614,ORACLE,1840,0.7,1.0
0.05,48,0.4836,0.5822,0.5,2307,4614,RT,2303,0.670833,0.0
0.05,48,0.4836,0.5822,0.5,2307,4614,H2O,2292,0.65,0.0
0.05,48,0.4836,0.5822,0.5,2307,4614,CAUSAL,2301,0.708333,0.0
0.05,48,0.4836,0.5822,0.5,2307,4614,ORACLE,2306,0.766667,1.0
0.05,48,0.4836,0.5822,0.6,2768,4614,RT,2765,0.729167,0.0
0.05,48,0.4836,0.5822,0.6,2768,4614,H2O,2764,0.6875,0.0
0.05,48,0.4836,0.5822,0.6,2768,4614,CAUSAL,2754,0.75,0.0
0.05,48,0.4836,0.5822,0.6,2768,4614,ORACLE,2761,0.845833,1.0
0.05,49,0.5584,0.6372,0.2,900,4502,RT,895,0.270833,0.0
0.05,49,0.5584,0.6372,0.2,900,4502,H2O,893,0.220833,0.0
0.05,49,0.5584,0.6372,0.2,900,4502,CAUSAL,893,0.2875,0.0
0.05,49,0.5584,0.6372,0.2,900,4502,ORACLE,898,0.3875,0.0
0.05,49,0.5584,0.6372,0.3,1350,4502,RT,1344,0.3875,0.0
0.05,49,0.5584,0.6372,0.3,1350,4502,H2O,1346,0.391667,0.0
0.05,49,0.5584,0.6372,0.3,1350,4502,CAUSAL,1348,0.354167,0.0
0.05,49,0.5584,0.6372,0.3,1350,4502,ORACLE,1349,0.595833,1.0
0.05,49,0.5584,0.6372,0.4,1800,4502,RT,1798,0.4875,0.0
0.05,49,0.5584,0.6372,0.4,1800,4502,H2O,1800,0.475,0.0
0.05,49,0.5584,0.6372,0.4,1800,4502,CAUSAL,1800,0.533333,0.0
0.05,49,0.5584,0.6372,0.4,1800,4502,ORACLE,1795,0.770833,1.0
0.05,49,0.5584,0.6372,0.5,2251,4502,RT,2248,0.583333,0.0
0.05,49,0.5584,0.6372,0.5,2251,4502,H2O,2245,0.583333,0.0
0.05,49,0.5584,0.6372,0.5,2251,4502,CAUSAL,2249,0.645833,0.0
0.05,49,0.5584,0.6372,0.5,2251,4502,ORACLE,2250,0.820833,1.0
0.05,49,0.5584,0.6372,0.6,2701,4502,RT,2698,0.770833,0.0
0.05,49,0.5584,0.6372,0.6,2701,4502,H2O,2692,0.679167,0.0
0.05,49,0.5584,0.6372,0.6,2701,4502,CAUSAL,2695,0.704167,0.0
0.05,49,0.5584,0.6372,0.6,2701,4502,ORACLE,2696,0.908333,1.0
0.05,50,0.5633,0.8559,0.2,961,4806,RT,959,0.258333,0.0
0.05,50,0.5633,0.8559,0.2,961,4806,H2O,960,0.316667,0.0
0.05,50,0.5633,0.8559,0.2,961,4806,CAUSAL,957,0.258333,0.0
0.05,50,0.5633,0.8559,0.2,961,4806,ORACLE,959,0.266667,0.0
0.05,50,0.5633,0.8559,0.3,1441,4806,RT,1436,0.433333,0.0
0.05,50,0.5633,0.8559,0.3,1441,4806,H2O,1438,0.4875,0.0
0.05,50,0.5633,0.8559,0.3,1441,4806,CAUSAL,1441,0.2875,0.0
0.05,50,0.5633,0.8559,0.3,1441,4806,ORACLE,1441,0.370833,0.0
0.05,50,0.5633,0.8559,0.4,1922,4806,RT,1921,0.458333,0.0
0.05,50,0.5633,0.8559,0.4,1922,4806,H2O,1915,0.5375,0.0
0.05,50,0.5633,0.8559,0.4,1922,4806,CAUSAL,1916,0.379167,0.0
0.05,50,0.5633,0.8559,0.4,1922,4806,ORACLE,1917,0.533333,1.0
0.05,50,0.5633,0.8559,0.5,2403,4806,RT,2401,0.545833,0.0
0.05,50,0.5633,0.8559,0.5,2403,4806,H2O,2400,0.6375,0.0
0.05,50,0.5633,0.8559,0.5,2403,4806,CAUSAL,2401,0.608333,0.0
0.05,50,0.5633,0.8559,0.5,2403,4806,ORACLE,2393,0.808333,1.0
0.05,50,0.5633,0.8559,0.6,2883,4806,RT,2880,0.641667,0.0
0.05,50,0.5633,0.8559,0.6,2883,4806,H2O,2837,0.704167,0.0
0.05,50,0.5633,0.8559,0.6,2883,4806,CAUSAL,2881,0.6875,0.0
0.05,50,0.5633,0.8559,0.6,2883,4806,ORACLE,2879,0.8625,1.0
0.05,51,0.6442,0.5216,0.2,799,3997,RT,796,0.241667,0.0
0.05,51,0.6442,0.5216,0.2,799,3997,H2O,796,0.283333,0.0
0.05,51,0.6442,0.5216,0.2,799,3997,CAUSAL,797,0.383333,0.0
0.05,51,0.6442,0.5216,0.2,799,3997,ORACLE,793,0.391667,1.0
0.05,51,0.6442,0.5216,0.3,1199,3997,RT,1197,0.325,0.0
0.05,51,0.6442,0.5216,0.3,1199,3997,H2O,1196,0.370833,0.0
0.05,51,0.6442,0.5216,0.3,1199,3997,CAUSAL,1193,0.45,0.0
0.05,51,0.6442,0.5216,0.3,1199,3997,ORACLE,1195,0.716667,1.0
0.05,51,0.6442,0.5216,0.4,1598,3997,RT,1598,0.383333,0.0
0.05,51,0.6442,0.5216,0.4,1598,3997,H2O,1592,0.354167,0.0
0.05,51,0.6442,0.5216,0.4,1598,3997,CAUSAL,1598,0.525,0.0
0.05,51,0.6442,0.5216,0.4,1598,3997,ORACLE,1597,0.854167,1.0
0.05,51,0.6442,0.5216,0.5,1998,3997,RT,1997,0.445833,0.0
0.05,51,0.6442,0.5216,0.5,1998,3997,H2O,1997,0.504167,0.0
0.05,51,0.6442,0.5216,0.5,1998,3997,CAUSAL,1998,0.566667,0.0
0.05,51,0.6442,0.5216,0.5,1998,3997,ORACLE,1983,0.883333,1.0
0.05,51,0.6442,0.5216,0.6,2398,3997,RT,2394,0.529167,0.0
0.05,51,0.6442,0.5216,0.6,2398,3997,H2O,2398,0.616667,0.0
0.05,51,0.6442,0.5216,0.6,2398,3997,CAUSAL,2397,0.666667,0.0
0.05,51,0.6442,0.5216,0.6,2398,3997,ORACLE,2369,0.95,1.0
0.05,52,0.7429,0.8235,0.2,898,4493,RT,894,0.129167,0.0
0.05,52,0.7429,0.8235,0.2,898,4493,H2O,894,0.220833,0.0
0.05,52,0.7429,0.8235,0.2,898,4493,CAUSAL,898,0.25,0.0
0.05,52,0.7429,0.8235,0.2,898,4493,ORACLE,896,0.308333,0.0
0.05,52,0.7429,0.8235,0.3,1347,4493,RT,1342,0.304167,0.0
0.05,52,0.7429,0.8235,0.3,1347,4493,H2O,1341,0.354167,0.0
0.05,52,0.7429,0.8235,0.3,1347,4493,CAUSAL,1345,0.454167,0.0
0.05,52,0.7429,0.8235,0.3,1347,4493,ORACLE,1347,0.795833,1.0
0.05,52,0.7429,0.8235,0.4,1797,4493,RT,1793,0.379167,0.0
0.05,52,0.7429,0.8235,0.4,1797,4493,H2O,1792,0.375,0.0
0.05,52,0.7429,0.8235,0.4,1797,4493,CAUSAL,1797,0.554167,0.0
0.05,52,0.7429,0.8235,0.4,1797,4493,ORACLE,1795,0.858333,1.0
0.05,52,0.7429,0.8235,0.5,2246,4493,RT,2243,0.445833,0.0
0.05,52,0.7429,0.8235,0.5,2246,4493,H2O,2239,0.525,0.0
0.05,52,0.7429,0.8235,0.5,2246,4493,CAUSAL,2244,0.6875,0.0
0.05,52,0.7429,0.8235,0.5,2246,4493,ORACLE,2245,0.875,1.0
0.05,52,0.7429,0.8235,0.6,2695,4493,RT,2692,0.554167,0.0
0.05,52,0.7429,0.8235,0.6,2695,4493,H2O,2689,0.633333,0.0
0.05,52,0.7429,0.8235,0.6,2695,4493,CAUSAL,2690,0.6625,0.0
0.05,52,0.7429,0.8235,0.6,2695,4493,ORACLE,2688,0.916667,1.0
0.05,53,0.6438,0.9346,0.2,733,3666,RT,731,0.191667,0.0
0.05,53,0.6438,0.9346,0.2,733,3666,H2O,732,0.316667,0.0
0.05,53,0.6438,0.9346,0.2,733,3666,CAUSAL,728,0.220833,0.0
0.05,53,0.6438,0.9346,0.2,733,3666,ORACLE,729,0.270833,0.0
0.05,53,0.6438,0.9346,0.3,1099,3666,RT,1097,0.295833,0.0
0.05,53,0.6438,0.9346,0.3,1099,3666,H2O,1094,0.404167,0.0
0.05,53,0.6438,0.9346,0.3,1099,3666,CAUSAL,1098,0.3625,0.0
0.05,53,0.6438,0.9346,0.3,1099,3666,ORACLE,1099,0.375,0.0
0.05,53,0.6438,0.9346,0.4,1466,3666,RT,1465,0.466667,0.0
0.05,53,0.6438,0.9346,0.4,1466,3666,H2O,1464,0.491667,0.0
0.05,53,0.6438,0.9346,0.4,1466,3666,CAUSAL,1464,0.458333,0.0
0.05,53,0.6438,0.9346,0.4,1466,3666,ORACLE,1461,0.7375,1.0
0.05,53,0.6438,0.9346,0.5,1833,3666,RT,1833,0.554167,0.0
0.05,53,0.6438,0.9346,0.5,1833,3666,H2O,1829,0.654167,0.0
0.05,53,0.6438,0.9346,0.5,1833,3666,CAUSAL,1831,0.520833,0.0
0.05,53,0.6438,0.9346,0.5,1833,3666,ORACLE,1828,0.866667,1.0
0.05,53,0.6438,0.9346,0.6,2199,3666,RT,2199,0.645833,0.0
0.05,53,0.6438,0.9346,0.6,2199,3666,H2O,2199,0.6625,0.0
0.05,53,0.6438,0.9346,0.6,2199,3666,CAUSAL,2198,0.683333,0.0
0.05,53,0.6438,0.9346,0.6,2199,3666,ORACLE,2199,0.904167,1.0
0.05,54,0.7603,0.9091,0.2,997,4985,RT,994,0.2125,0.0
0.05,54,0.7603,0.9091,0.2,997,4985,H2O,993,0.25,0.0
0.05,54,0.7603,0.9091,0.2,997,4985,CAUSAL,988,0.254167,0.0
0.05,54,0.7603,0.9091,0.2,997,4985,ORACLE,993,0.325,0.0
0.05,54,0.7603,0.9091,0.3,1495,4985,RT,1495,0.329167,0.0
0.05,54,0.7603,0.9091,0.3,1495,4985,H2O,1488,0.3125,0.0
0.05,54,0.7603,0.9091,0.3,1495,4985,CAUSAL,1488,0.4,0.0
0.05,54,0.7603,0.9091,0.3,1495,4985,ORACLE,1484,0.7,1.0
0.05,54,0.7603,0.9091,0.4,1994,4985,RT,1987,0.345833,0.0
0.05,54,0.7603,0.9091,0.4,1994,4985,H2O,1982,0.35,0.0
0.05,54,0.7603,0.9091,0.4,1994,4985,CAUSAL,1990,0.4875,0.0
0.05,54,0.7603,0.9091,0.4,1994,4985,ORACLE,1993,0.766667,1.0
0.05,54,0.7603,0.9091,0.5,2492,4985,RT,2485,0.466667,0.0
0.05,54,0.7603,0.9091,0.5,2492,4985,H2O,2491,0.495833,0.0
0.05,54,0.7603,0.9091,0.5,2492,4985,CAUSAL,2492,0.645833,0.0
0.05,54,0.7603,0.9091,0.5,2492,4985,ORACLE,2487,0.820833,1.0
0.05,54,0.7603,0.9091,0.6,2991,4985,RT,2989,0.591667,0.0
0.05,54,0.7603,0.9091,0.6,2991,4985,H2O,2985,0.4875,0.0
0.05,54,0.7603,0.9091,0.6,2991,4985,CAUSAL,2990,0.7375,1.0
0.05,54,0.7603,0.9091,0.6,2991,4985,ORACLE,2990,0.895833,1.0
0.05,55,0.5472,0.5687,0.2,770,3851,RT,765,0.245833,0.0
0.05,55,0.5472,0.5687,0.2,770,3851,H2O,769,0.416667,0.0
0.05,55,0.5472,0.5687,0.2,770,3851,CAUSAL,766,0.195833,0.0
0.05,55,0.5472,0.5687,0.2,770,3851,ORACLE,764,0.245833,0.0
0.05,55,0.5472,0.5687,0.3,1155,3851,RT,1154,0.375,0.0
0.05,55,0.5472,0.5687,0.3,1155,3851,H2O,1154,0.433333,0.0
0.05,55,0.5472,0.5687,0.3,1155,3851,CAUSAL,1153,0.395833,0.0
0.05,55,0.5472,0.5687,0.3,1155,3851,ORACLE,1150,0.433333,1.0
0.05,55,0.5472,0.5687,0.4,1540,3851,RT,1539,0.491667,0.0
0.05,55,0.5472,0.5687,0.4,1540,3851,H2O,1536,0.5875,0.0
0.05,55,0.5472,0.5687,0.4,1540,3851,CAUSAL,1537,0.420833,0.0
0.05,55,0.5472,0.5687,0.4,1540,3851,ORACLE,1531,0.8375,1.0
0.05,55,0.5472,0.5687,0.5,1925,3851,RT,1925,0.629167,0.0
0.05,55,0.5472,0.5687,0.5,1925,3851,H2O,1920,0.654167,0.0
0.05,55,0.5472,0.5687,0.5,1925,3851,CAUSAL,1925,0.525,0.0
0.05,55,0.5472,0.5687,0.5,1925,3851,ORACLE,1923,0.879167,1.0
0.05,55,0.5472,0.5687,0.6,2310,3851,RT,2309,0.754167,0.0
0.05,55,0.5472,0.5687,0.6,2310,3851,H2O,2297,0.7125,0.0
0.05,55,0.5472,0.5687,0.6,2310,3851,CAUSAL,2306,0.566667,0.0
0.05,55,0.5472,0.5687,0.6,2310,3851,ORACLE,2307,0.916667,1.0
0.05,56,0.5708,0.7089,0.2,827,4137,RT,827,0.283333,0.0
0.05,56,0.5708,0.7089,0.2,827,4137,H2O,827,0.3625,0.0
0.05,56,0.5708,0.7089,0.2,827,4137,CAUSAL,827,0.341667,0.0
0.05,56,0.5708,0.7089,0.2,827,4137,ORACLE,827,0.370833,1.0
0.05,56,0.5708,0.7089,0.3,1241,4137,RT,1239,0.379167,0.0
0.05,56,0.5708,0.7089,0.3,1241,4137,H2O,1233,0.4375,0.0
0.05,56,0.5708,0.7089,0.3,1241,4137,CAUSAL,1240,0.595833,0.0
0.05,56,0.5708,0.7089,0.3,1241,4137,ORACLE,1238,0.770833,1.0
0.05,56,0.5708,0.7089,0.4,1654,4137,RT,1654,0.404167,0.0
0.05,56,0.5708,0.7089,0.4,1654,4137,H2O,1646,0.445833,0.0
0.05,56,0.5708,0.7089,0.4,1654,4137,CAUSAL,1654,0.6125,0.0
0.05,56,0.5708,0.7089,0.4,1654,4137,ORACLE,1649,0.858333,1.0
0.05,56,0.5708,0.7089,0.5,2068,4137,RT,2061,0.504167,0.0
0.05,56,0.5708,0.7089,0.5,2068,4137,H2O,2063,0.545833,0.0
0.05,56,0.5708,0.7089,0.5,2068,4137,CAUSAL,2065,0.775,0.0
0.05,56,0.5708,0.7089,0.5,2068,4137,ORACLE,2061,0.933333,1.0
0.05,56,0.5708,0.7089,0.6,2482,4137,RT,2482,0.625,0.0
0.05,56,0.5708,0.7089,0.6,2482,4137,H2O,2479,0.716667,0.0
0.05,56,0.5708,0.7089,0.6,2482,4137,CAUSAL,2474,0.754167,0.0
0.05,56,0.5708,0.7089,0.6,2482,4137,ORACLE,2481,0.9375,1.0
0.05,57,0.5938,0.9126,0.2,1010,5053,RT,1005,0.295833,0.0
0.05,57,0.5938,0.9126,0.2,1010,5053,H2O,1009,0.333333,0.0
0.05,57,0.5938,0.9126,0.2,1010,5053,CAUSAL,1006,0.2625,0.0
0.05,57,0.5938,0.9126,0.2,1010,5053,ORACLE,1010,0.304167,0.0
0.05,57,0.5938,0.9126,0.3,1515,5053,RT,1511,0.270833,0.0
0.05,57,0.5938,0.9126,0.3,1515,5053,H2O,1508,0.358333,0.0
0.05,57,0.5938,0.9126,0.3,1515,5053,CAUSAL,1515,0.345833,0.0
0.05,57,0.5938,0.9126,0.3,1515,5053,ORACLE,1512,0.291667,0.0
0.05,57,0.5938,0.9126,0.4,2021,5053,RT,2014,0.2875,0.0
0.05,57,0.5938,0.9126,0.4,2021,5053,H2O,2018,0.416667,0.0
0.05,57,0.5938,0.9126,0.4,2021,5053,CAUSAL,2015,0.454167,0.0
0.05,57,0.5938,0.9126,0.4,2021,5053,ORACLE,2018,0.566667,0.0
0.05,57,0.5938,0.9126,0.5,2526,5053,RT,2522,0.45,0.0
0.05,57,0.5938,0.9126,0.5,2526,5053,H2O,2515,0.520833,0.0
0.05,57,0.5938,0.9126,0.5,2526,5053,CAUSAL,2526,0.554167,0.0
0.05,57,0.5938,0.9126,0.5,2526,5053,ORACLE,2519,0.783333,1.0
0.05,57,0.5938,0.9126,0.6,3031,5053,RT,3018,0.604167,0.0
0.05,57,0.5938,0.9126,0.6,3031,5053,H2O,3020,0.629167,0.0
0.05,57,0.5938,0.9126,0.6,3031,5053,CAUSAL,3031,0.583333,0.0
0.05,57,0.5938,0.9126,0.6,3031,5053,ORACLE,3025,0.8625,1.0
0.05,58,0.8017,0.814,0.2,813,4065,RT,809,0.245833,0.0
0.05,58,0.8017,0.814,0.2,813,4065,H2O,813,0.175,0.0
0.05,58,0.8017,0.814,0.2,813,4065,CAUSAL,811,0.229167,0.0
0.05,58,0.8017,0.814,0.2,813,4065,ORACLE,812,0.254167,0.0
0.05,58,0.8017,0.814,0.3,1219,4065,RT,1216,0.291667,0.0
0.05,58,0.8017,0.814,0.3,1219,4065,H2O,1219,0.345833,0.0
0.05,58,0.8017,0.814,0.3,1219,4065,CAUSAL,1217,0.316667,0.0
0.05,58,0.8017,0.814,0.3,1219,4065,ORACLE,1217,0.395833,0.0
0.05,58,0.8017,0.814,0.4,1626,4065,RT,1626,0.375,0.0
0.05,58,0.8017,0.814,0.4,1626,4065,H2O,1625,0.470833,0.0
0.05,58,0.8017,0.814,0.4,1626,4065,CAUSAL,1624,0.420833,0.0
0.05,58,0.8017,0.814,0.4,1626,4065,ORACLE,1621,0.6875,1.0
0.05,58,0.8017,0.814,0.5,2032,4065,RT,2027,0.504167,0.0
0.05,58,0.8017,0.814,0.5,2032,4065,H2O,2031,0.516667,0.0
0.05,58,0.8017,0.814,0.5,2032,4065,CAUSAL,2032,0.55,0.0
0.05,58,0.8017,0.814,0.5,2032,4065,ORACLE,2029,0.791667,1.0
0.05,58,0.8017,0.814,0.6,2439,4065,RT,2439,0.616667,0.0
0.05,58,0.8017,0.814,0.6,2439,4065,H2O,2437,0.6625,0.0
0.05,58,0.8017,0.814,0.6,2439,4065,CAUSAL,2435,0.625,0.0
0.05,58,0.8017,0.814,0.6,2439,4065,ORACLE,2436,0.8625,1.0
0.05,59,0.7685,0.7124,0.2,873,4367,RT,868,0.183333,0.0
0.05,59,0.7685,0.7124,0.2,873,4367,H2O,872,0.229167,0.0
0.05,59,0.7685,0.7124,0.2,873,4367,CAUSAL,872,0.229167,0.0
0.05,59,0.7685,0.7124,0.2,873,4367,ORACLE,871,0.3375,0.0
0.05,59,0.7685,0.7124,0.3,1310,4367,RT,1302,0.316667,0.0
0.05,59,0.7685,0.7124,0.3,1310,4367,H2O,1306,0.35,0.0
0.05,59,0.7685,0.7124,0.3,1310,4367,CAUSAL,1310,0.4,0.0
0.05,59,0.7685,0.7124,0.3,1310,4367,ORACLE,1305,0.433333,1.0
0.05,59,0.7685,0.7124,0.4,1746,4367,RT,1739,0.441667,0.0
0.05,59,0.7685,0.7124,0.4,1746,4367,H2O,1741,0.475,0.0
0.05,59,0.7685,0.7124,0.4,1746,4367,CAUSAL,1742,0.416667,0.0
0.05,59,0.7685,0.7124,0.4,1746,4367,ORACLE,1740,0.7125,1.0
0.05,59,0.7685,0.7124,0.5,2183,4367,RT,2177,0.566667,0.0
0.05,59,0.7685,0.7124,0.5,2183,4367,H2O,2183,0.520833,0.0
0.05,59,0.7685,0.7124,0.5,2183,4367,CAUSAL,2182,0.520833,0.0
0.05,59,0.7685,0.7124,0.5,2183,4367,ORACLE,2175,0.779167,1.0
0.05,59,0.7685,0.7124,0.6,2620,4367,RT,2617,0.641667,0.0
0.05,59,0.7685,0.7124,0.6,2620,4367,H2O,2619,0.654167,0.0
0.05,59,0.7685,0.7124,0.6,2620,4367,CAUSAL,2617,0.629167,0.0
0.05,59,0.7685,0.7124,0.6,2620,4367,ORACLE,2616,0.808333,1.0
0.05,60,0.5158,0.7034,0.2,1127,5637,RT,1121,0.170833,0.0
0.05,60,0.5158,0.7034,0.2,1127,5637,H2O,1125,0.283333,0.0
0.05,60,0.5158,0.7034,0.2,1127,5637,CAUSAL,1125,0.179167,0.0
0.05,60,0.5158,0.7034,0.2,1127,5637,ORACLE,1125,0.3375,0.0
0.05,60,0.5158,0.7034,0.3,1691,5637,RT,1683,0.233333,0.0
0.05,60,0.5158,0.7034,0.3,1691,5637,H2O,1691,0.3,0.0
0.05,60,0.5158,0.7034,0.3,1691,5637,CAUSAL,1691,0.316667,0.0
0.05,60,0.5158,0.7034,0.3,1691,5637,ORACLE,1686,0.375,0.0
0.05,60,0.5158,0.7034,0.4,2254,5637,RT,2245,0.358333,0.0
0.05,60,0.5158,0.7034,0.4,2254,5637,H2O,2248,0.358333,0.0
0.05,60,0.5158,0.7034,0.4,2254,5637,CAUSAL,2254,0.4625,0.0
0.05,60,0.5158,0.7034,0.4,2254,5637,ORACLE,2247,0.783333,1.0
0.05,60,0.5158,0.7034,0.5,2818,5637,RT,2812,0.454167,0.0
0.05,60,0.5158,0.7034,0.5,2818,5637,H2O,2814,0.495833,0.0
0.05,60,0.5158,0.7034,0.5,2818,5637,CAUSAL,2816,0.475,0.0
0.05,60,0.5158,0.7034,0.5,2818,5637,ORACLE,2813,0.866667,1.0
0.05,60,0.5158,0.7034,0.6,3382,5637,RT,3382,0.575,0.0
0.05,60,0.5158,0.7034,0.6,3382,5637,H2O,3382,0.595833,0.0
0.05,60,0.5158,0.7034,0.6,3382,5637,CAUSAL,3377,0.533333,0.0
0.05,60,0.5158,0.7034,0.6,3382,5637,ORACLE,3374,0.908333,1.0
0.05,61,0.5712,0.7788,0.2,904,4521,RT,898,0.3625,0.0
0.05,61,0.5712,0.7788,0.2,904,4521,H2O,898,0.35,0.0
0.05,61,0.5712,0.7788,0.2,904,4521,CAUSAL,904,0.1375,0.0
0.05,61,0.5712,0.7788,0.2,904,4521,ORACLE,900,0.358333,0.0
0.05,61,0.5712,0.7788,0.3,1356,4521,RT,1355,0.433333,0.0
0.05,61,0.5712,0.7788,0.3,1356,4521,H2O,1355,0.395833,0.0
0.05,61,0.5712,0.7788,0.3,1356,4521,CAUSAL,1354,0.333333,0.0
0.05,61,0.5712,0.7788,0.3,1356,4521,ORACLE,1351,0.766667,1.0
0.05,61,0.5712,0.7788,0.4,1808,4521,RT,1807,0.495833,0.0
0.05,61,0.5712,0.7788,0.4,1808,4521,H2O,1807,0.520833,0.0
0.05,61,0.5712,0.7788,0.4,1808,4521,CAUSAL,1806,0.516667,0.0
0.05,61,0.5712,0.7788,0.4,1808,4521,ORACLE,1808,0.845833,1.0
0.05,61,0.5712,0.7788,0.5,2260,4521,RT,2256,0.525,0.0
0.05,61,0.5712,0.7788,0.5,2260,4521,H2O,2259,0.633333,0.0
0.05,61,0.5712,0.7788,0.5,2260,4521,CAUSAL,2253,0.6,0.0
0.05,61,0.5712,0.7788,0.5,2260,4521,ORACLE,2255,0.891667,1.0
0.05,61,0.5712,0.7788,0.6,2712,4521,RT,2710,0.6125,0.0
0.05,61,0.5712,0.7788,0.6,2712,4521,H2O,2707,0.6625,0.0
0.05,61,0.5712,0.7788,0.6,2712,4521,CAUSAL,2712,0.679167,0.0
0.05,61,0.5712,0.7788,0.6,2712,4521,ORACLE,2698,0.9375,1.0
0.05,62,0.67,0.8887,0.2,1029,5149,RT,1029,0.208333,0.0
0.05,62,0.67,0.8887,0.2,1029,5149,H2O,1028,0.341667,0.0
0.05,62,0.67,0.8887,0.2,1029,5149,CAUSAL,1024,0.245833,0.0
0.05,62,0.67,0.8887,0.2,1029,5149,ORACLE,1026,0.229167,0.0
0.05,62,0.67,0.8887,0.3,1544,5149,RT,1535,0.325,0.0
0.05,62,0.67,0.8887,0.3,1544,5149,H2O,1532,0.55,0.0
0.05,62,0.67,0.8887,0.3,1544,5149,CAUSAL,1543,0.379167,0.0
0.05,62,0.67,0.8887,0.3,1544,5149,ORACLE,1539,0.354167,0.0
0.05,62,0.67,0.8887,0.4,2059,5149,RT,2056,0.416667,0.0
0.05,62,0.67,0.8887,0.4,2059,5149,H2O,2054,0.608333,0.0
0.05,62,0.67,0.8887,0.4,2059,5149,CAUSAL,2058,0.425,0.0
0.05,62,0.67,0.8887,0.4,2059,5149,ORACLE,2059,0.616667,1.0
0.05,62,0.67,0.8887,0.5,2574,5149,RT,2566,0.491667,0.0
0.05,62,0.67,0.8887,0.5,2574,5149,H2O,2572,0.695833,0.0
0.05,62,0.67,0.8887,0.5,2574,5149,CAUSAL,2571,0.516667,0.0
0.05,62,0.67,0.8887,0.5,2574,5149,ORACLE,2573,0.9,1.0
0.05,62,0.67,0.8887,0.6,3089,5149,RT,3080,0.5375,0.0
0.05,62,0.67,0.8887,0.6,3089,5149,H2O,3070,0.783333,0.0
0.05,62,0.67,0.8887,0.6,3089,5149,CAUSAL,3081,0.616667,0.0
0.05,62,0.67,0.8887,0.6,3089,5149,ORACLE,3081,0.941667,1.0
0.05,63,0.5309,0.7741,0.2,934,4670,RT,926,0.308333,0.0
0.05,63,0.5309,0.7741,0.2,934,4670,H2O,930,0.35,0.0
0.05,63,0.5309,0.7741,0.2,934,4670,CAUSAL,933,0.3,0.0
0.05,63,0.5309,0.7741,0.2,934,4670,ORACLE,928,0.245833,0.0
0.05,63,0.5309,0.7741,0.3,1401,4670,RT,1393,0.425,0.0
0.05,63,0.5309,0.7741,0.3,1401,4670,H2O,1397,0.441667,0.0
0.05,63,0.5309,0.7741,0.3,1401,4670,CAUSAL,1398,0.266667,0.0
0.05,63,0.5309,0.7741,0.3,1401,4670,ORACLE,1400,0.358333,0.0
0.05,63,0.5309,0.7741,0.4,1868,4670,RT,1864,0.541667,0.0
0.05,63,0.5309,0.7741,0.4,1868,4670,H2O,1855,0.55,0.0
0.05,63,0.5309,0.7741,0.4,1868,4670,CAUSAL,1867,0.333333,0.0
0.05,63,0.5309,0.7741,0.4,1868,4670,ORACLE,1867,0.6625,1.0
0.05,63,0.5309,0.7741,0.5,2335,4670,RT,2326,0.666667,0.0
0.05,63,0.5309,0.7741,0.5,2335,4670,H2O,2326,0.570833,0.0
0.05,63,0.5309,0.7741,0.5,2335,4670,CAUSAL,2325,0.558333,0.0
0.05,63,0.5309,0.7741,0.5,2335,4670,ORACLE,2332,0.85,1.0
0.05,63,0.5309,0.7741,0.6,2802,4670,RT,2798,0.675,0.0
0.05,63,0.5309,0.7741,0.6,2802,4670,H2O,2796,0.729167,0.0
0.05,63,0.5309,0.7741,0.6,2802,4670,CAUSAL,2796,0.704167,0.0
0.05,63,0.5309,0.7741,0.6,2802,4670,ORACLE,2794,0.8875,1.0
0.2,0,0.5904,0.7469,0.2,860,4300,RT,859,0.345833,0.0
0.2,0,0.5904,0.7469,0.2,860,4300,H2O,853,0.404167,0.0
0.2,0,0.5904,0.7469,0.2,860,4300,CAUSAL,858,0.183333,0.0
0.2,0,0.5904,0.7469,0.2,860,4300,ORACLE,857,0.270833,0.0
0.2,0,0.5904,0.7469,0.3,1290,4300,RT,1287,0.491667,0.0
0.2,0,0.5904,0.7469,0.3,1290,4300,H2O,1285,0.508333,0.0
0.2,0,0.5904,0.7469,0.3,1290,4300,CAUSAL,1282,0.245833,0.0
0.2,0,0.5904,0.7469,0.3,1290,4300,ORACLE,1290,0.616667,1.0
0.2,0,0.5904,0.7469,0.4,1720,4300,RT,1716,0.558333,0.0
0.2,0,0.5904,0.7469,0.4,1720,4300,H2O,1717,0.558333,0.0
0.2,0,0.5904,0.7469,0.4,1720,4300,CAUSAL,1719,0.520833,0.0
0.2,0,0.5904,0.7469,0.4,1720,4300,ORACLE,1720,0.804167,1.0
0.2,0,0.5904,0.7469,0.5,2150,4300,RT,2146,0.675,0.0
0.2,0,0.5904,0.7469,0.5,2150,4300,H2O,2144,0.6625,0.0
0.2,0,0.5904,0.7469,0.5,2150,4300,CAUSAL,2147,0.608333,0.0
0.2,0,0.5904,0.7469,0.5,2150,4300,ORACLE,2148,0.883333,1.0
0.2,0,0.5904,0.7469,0.6,2580,4300,RT,2580,0.741667,0.0
0.2,0,0.5904,0.7469,0.6,2580,4300,H2O,2572,0.704167,0.0
0.2,0,0.5904,0.7469,0.6,2580,4300,CAUSAL,2577,0.6375,0.0
0.2,0,0.5904,0.7469,0.6,2580,4300,ORACLE,2580,0.933333,1.0
0.2,1,0.566,0.863,0.2,900,4502,RT,894,0.208333,0.0
0.2,1,0.566,0.863,0.2,900,4502,H2O,899,0.320833,0.0
0.2,1,0.566,0.863,0.2,900,4502,CAUSAL,896,0.354167,0.0
0.2,1,0.566,0.863,0.2,900,4502,ORACLE,896,0.441667,0.0
0.2,1,0.566,0.863,0.3,1350,4502,RT,1348,0.4,0.0
0.2,1,0.566,0.863,0.3,1350,4502,H2O,1345,0.425,0.0
0.2,1,0.566,0.863,0.3,1350,4502,CAUSAL,1349,0.341667,0.0
0.2,1,0.566,0.863,0.3,1350,4502,ORACLE,1344,0.708333,1.0
0.2,1,0.566,0.863,0.4,1800,4502,RT,1799,0.429167,0.0
0.2,1,0.566,0.863,0.4,1800,4502,H2O,1797,0.4875,0.0
0.2,1,0.566,0.863,0.4,1800,4502,CAUSAL,1795,0.470833,0.0
0.2,1,0.566,0.863,0.4,1800,4502,ORACLE,1793,0.766667,1.0
0.2,1,0.566,0.863,0.5,2251,4502,RT,2247,0.558333,0.0
0.2,1,0.566,0.863,0.5,2251,4502,H2O,2250,0.470833,0.0
0.2,1,0.566,0.863,0.5,2251,4502,CAUSAL,2251,0.5,0.0
0.2,1,0.566,0.863,0.5,2251,4502,ORACLE,2248,0.783333,1.0
0.2,1,0.566,0.863,0.6,2701,4502,RT,2697,0.65,0.0
0.2,1,0.566,0.863,0.6,2701,4502,H2O,2693,0.7125,0.0
0.2,1,0.566,0.863,0.6,2701,4502,CAUSAL,2697,0.7375,0.0
0.2,1,0.566,0.863,0.6,2701,4502,ORACLE,2695,0.9125,1.0
0.2,2,0.628,0.683,0.2,953,4766,RT,953,0.204167,0.0
0.2,2,0.628,0.683,0.2,953,4766,H2O,942,0.316667,0.0
0.2,2,0.628,0.683,0.2,953,4766,CAUSAL,953,0.229167,0.0
0.2,2,0.628,0.683,0.2,953,4766,ORACLE,952,0.2375,0.0
0.2,2,0.628,0.683,0.3,1429,4766,RT,1423,0.279167,0.0
0.2,2,0.628,0.683,0.3,1429,4766,H2O,1422,0.429167,0.0
0.2,2,0.628,0.683,0.3,1429,4766,CAUSAL,1422,0.254167,0.0
0.2,2,0.628,0.683,0.3,1429,4766,ORACLE,1422,0.320833,0.0
0.2,2,0.628,0.683,0.4,1906,4766,RT,1905,0.466667,0.0
0.2,2,0.628,0.683,0.4,1906,4766,H2O,1900,0.520833,0.0
0.2,2,0.628,0.683,0.4,1906,4766,CAUSAL,1901,0.3875,0.0
0.2,2,0.628,0.683,0.4,1906,4766,ORACLE,1905,0.433333,0.0
0.2,2,0.628,0.683,0.5,2383,4766,RT,2380,0.520833,0.0
0.2,2,0.628,0.683,0.5,2383,4766,H2O,2377,0.591667,0.0
0.2,2,0.628,0.683,0.5,2383,4766,CAUSAL,2381,0.5875,0.0
0.2,2,0.628,0.683,0.5,2383,4766,ORACLE,2382,0.825,1.0
0.2,2,0.628,0.683,0.6,2859,4766,RT,2856,0.6625,0.0
0.2,2,0.628,0.683,0.6,2859,4766,H2O,2855,0.641667,0.0
0.2,2,0.628,0.683,0.6,2859,4766,CAUSAL,2855,0.6625,0.0
0.2,2,0.628,0.683,0.6,2859,4766,ORACLE,2854,0.916667,1.0
0.2,3,0.4436,0.7118,0.2,944,4720,RT,937,0.2125,0.0
0.2,3,0.4436,0.7118,0.2,944,4720,H2O,944,0.291667,0.0
0.2,3,0.4436,0.7118,0.2,944,4720,CAUSAL,938,0.166667,0.0
0.2,3,0.4436,0.7118,0.2,944,4720,ORACLE,938,0.316667,0.0
0.2,3,0.4436,0.7118,0.3,1416,4720,RT,1414,0.320833,0.0
0.2,3,0.4436,0.7118,0.3,1416,4720,H2O,1412,0.308333,0.0
0.2,3,0.4436,0.7118,0.3,1416,4720,CAUSAL,1415,0.275,0.0
0.2,3,0.4436,0.7118,0.3,1416,4720,ORACLE,1416,0.433333,0.0
0.2,3,0.4436,0.7118,0.4,1888,4720,RT,1883,0.495833,0.0
0.2,3,0.4436,0.7118,0.4,1888,4720,H2O,1885,0.470833,0.0
0.2,3,0.4436,0.7118,0.4,1888,4720,CAUSAL,1881,0.416667,0.0
0.2,3,0.4436,0.7118,0.4,1888,4720,ORACLE,1881,0.675,1.0
0.2,3,0.4436,0.7118,0.5,2360,4720,RT,2358,0.591667,0.0
0.2,3,0.4436,0.7118,0.5,2360,4720,H2O,2360,0.545833,0.0
0.2,3,0.4436,0.7118,0.5,2360,4720,CAUSAL,2355,0.458333,0.0
0.2,3,0.4436,0.7118,0.5,2360,4720,ORACLE,2357,0.820833,1.0
0.2,3,0.4436,0.7118,0.6,2832,4720,RT,2829,0.604167,0.0
0.2,3,0.4436,0.7118,0.6,2832,4720,H2O,2819,0.625,0.0
0.2,3,0.4436,0.7118,0.6,2832,4720,CAUSAL,2830,0.6125,0.0
0.2,3,0.4436,0.7118,0.6,2832,4720,ORACLE,2831,0.895833,1.0
0.2,4,0.4767,0.9567,0.2,754,3771,RT,748,0.166667,0.0
0.2,4,0.4767,0.9567,0.2,754,3771,H2O,754,0.279167,0.0
0.2,4,0.4767,0.9567,0.2,754,3771,CAUSAL,752,0.2125,0.0
0.2,4,0.4767,0.9567,0.2,754,3771,ORACLE,753,0.279167,0.0
0.2,4,0.4767,0.9567,0.3,1131,3771,RT,1129,0.291667,0.0
0.2,4,0.4767,0.9567,0.3,1131,3771,H2O,1130,0.504167,0.0
0.2,4,0.4767,0.9567,0.3,1131,3771,CAUSAL,1125,0.420833,0.0
0.2,4,0.4767,0.9567,0.3,1131,3771,ORACLE,1131,0.616667,1.0
0.2,4,0.4767,0.9567,0.4,1508,3771,RT,1504,0.5625,0.0
0.2,4,0.4767,0.9567,0.4,1508,3771,H2O,1506,0.608333,0.0
0.2,4,0.4767,0.9567,0.4,1508,3771,CAUSAL,1507,0.458333,1.0
0.2,4,0.4767,0.9567,0.4,1508,3771,ORACLE,1499,0.925,1.0
0.2,4,0.4767,0.9567,0.5,1885,3771,RT,1882,0.6875,0.0
0.2,4,0.4767,0.9567,0.5,1885,3771,H2O,1871,0.7375,0.0
0.2,4,0.4767,0.9567,0.5,1885,3771,CAUSAL,1885,0.495833,1.0
0.2,4,0.4767,0.9567,0.5,1885,3771,ORACLE,1878,0.966667,1.0
0.2,4,0.4767,0.9567,0.6,2262,3771,RT,2261,0.820833,0.0
0.2,4,0.4767,0.9567,0.6,2262,3771,H2O,2260,0.804167,0.0
0.2,4,0.4767,0.9567,0.6,2262,3771,CAUSAL,2262,0.545833,1.0
0.2,4,0.4767,0.9567,0.6,2262,3771,ORACLE,2250,0.975,1.0
0.2,5,0.7315,0.9077,0.2,841,4207,RT,840,0.2875,0.0
0.2,5,0.7315,0.9077,0.2,841,4207,H2O,838,0.433333,0.0
0.2,5,0.7315,0.9077,0.2,841,4207,CAUSAL,834,0.191667,0.0
0.2,5,0.7315,0.9077,0.2,841,4207,ORACLE,840,0.2375,0.0
0.2,5,0.7315,0.9077,0.3,1262,4207,RT,1262,0.45,0.0
0.2,5,0.7315,0.9077,0.3,1262,4207,H2O,1262,0.466667,0.0
0.2,5,0.7315,0.9077,0.3,1262,4207,CAUSAL,1260,0.295833,0.0
0.2,5,0.7315,0.9077,0.3,1262,4207,ORACLE,1261,0.358333,0.0
0.2,5,0.7315,0.9077,0.4,1682,4207,RT,1676,0.5375,0.0
0.2,5,0.7315,0.9077,0.4,1682,4207,H2O,1681,0.5,0.0
0.2,5,0.7315,0.9077,0.4,1682,4207,CAUSAL,1681,0.4125,0.0
0.2,5,0.7315,0.9077,0.4,1682,4207,ORACLE,1682,0.4,0.0
0.2,5,0.7315,0.9077,0.5,2103,4207,RT,2101,0.520833,0.0
0.2,5,0.7315,0.9077,0.5,2103,4207,H2O,2098,0.683333,0.0
0.2,5,0.7315,0.9077,0.5,2103,4207,CAUSAL,2100,0.483333,0.0
0.2,5,0.7315,0.9077,0.5,2103,4207,ORACLE,2099,0.725,1.0
0.2,5,0.7315,0.9077,0.6,2524,4207,RT,2523,0.6875,0.0
0.2,5,0.7315,0.9077,0.6,2524,4207,H2O,2524,0.75,0.0
0.2,5,0.7315,0.9077,0.6,2524,4207,CAUSAL,2524,0.558333,0.0
0.2,5,0.7315,0.9077,0.6,2524,4207,ORACLE,2513,0.895833,1.0
0.2,6,0.558,0.8671,0.2,858,4291,RT,858,0.270833,0.0
0.2,6,0.558,0.8671,0.2,858,4291,H2O,858,0.3875,0.0
0.2,6,0.558,0.8671,0.2,858,4291,CAUSAL,855,0.154167,0.0
0.2,6,0.558,0.8671,0.2,858,4291,ORACLE,852,0.308333,0.0
0.2,6,0.558,0.8671,0.3,1287,4291,RT,1285,0.379167,0.0
0.2,6,0.558,0.8671,0.3,1287,4291,H2O,1287,0.445833,0.0
0.2,6,0.558,0.8671,0.3,1287,4291,CAUSAL,1287,0.304167,0.0
0.2,6,0.558,0.8671,0.3,1287,4291,ORACLE,1284,0.504167,1.0
0.2,6,0.558,0.8671,0.4,1716,4291,RT,1712,0.554167,0.0
0.2,6,0.558,0.8671,0.4,1716,4291,H2O,1708,0.6375,0.0
0.2,6,0.558,0.8671,0.4,1716,4291,CAUSAL,1714,0.375,0.0
0.2,6,0.558,0.8671,0.4,1716,4291,ORACLE,1714,0.708333,1.0
0.2,6,0.558,0.8671,0.5,2145,4291,RT,2145,0.666667,0.0
0.2,6,0.558,0.8671,0.5,2145,4291,H2O,2135,0.683333,0.0
0.2,6,0.558,0.8671,0.5,2145,4291,CAUSAL,2138,0.608333,0.0
0.2,6,0.558,0.8671,0.5,2145,4291,ORACLE,2140,0.804167,1.0
0.2,6,0.558,0.8671,0.6,2574,4291,RT,2571,0.758333,0.0
0.2,6,0.558,0.8671,0.6,2574,4291,H2O,2558,0.820833,0.0
0.2,6,0.558,0.8671,0.6,2574,4291,CAUSAL,2567,0.666667,0.0
0.2,6,0.558,0.8671,0.6,2574,4291,ORACLE,2562,0.870833,1.0
0.2,7,0.3725,0.7099,0.2,781,3906,RT,777,0.216667,0.0
0.2,7,0.3725,0.7099,0.2,781,3906,H2O,775,0.316667,0.0
0.2,7,0.3725,0.7099,0.2,781,3906,CAUSAL,779,0.275,0.0
0.2,7,0.3725,0.7099,0.2,781,3906,ORACLE,779,0.383333,1.0
0.2,7,0.3725,0.7099,0.3,1171,3906,RT,1166,0.295833,0.0
0.2,7,0.3725,0.7099,0.3,1171,3906,H2O,1169,0.458333,0.0
0.2,7,0.3725,0.7099,0.3,1171,3906,CAUSAL,1166,0.266667,0.0
0.2,7,0.3725,0.7099,0.3,1171,3906,ORACLE,1171,0.745833,1.0
0.2,7,0.3725,0.7099,0.4,1562,3906,RT,1562,0.504167,0.0
0.2,7,0.3725,0.7099,0.4,1562,3906,H2O,1561,0.470833,0.0
0.2,7,0.3725,0.7099,0.4,1562,3906,CAUSAL,1561,0.383333,0.0
0.2,7,0.3725,0.7099,0.4,1562,3906,ORACLE,1555,0.841667,1.0
0.2,7,0.3725,0.7099,0.5,1953,3906,RT,1947,0.6375,0.0
0.2,7,0.3725,0.7099,0.5,1953,3906,H2O,1947,0.6375,0.0
0.2,7,0.3725,0.7099,0.5,1953,3906,CAUSAL,1952,0.433333,0.0
0.2,7,0.3725,0.7099,0.5,1953,3906,ORACLE,1953,0.941667,1.0
0.2,7,0.3725,0.7099,0.6,2343,3906,RT,2332,0.708333,0.0
0.2,7,0.3725,0.7099,0.6,2343,3906,H2O,2330,0.770833,0.0
0.2,7,0.3725,0.7099,0.6,2343,3906,CAUSAL,2336,0.604167,0.0
0.2,7,0.3725,0.7099,0.6,2343,3906,ORACLE,2340,0.966667,1.0
0.2,8,0.308,0.7278,0.2,789,3946,RT,782,0.195833,0.0
0.2,8,0.308,0.7278,0.2,789,3946,H2O,788,0.279167,0.0
0.2,8,0.308,0.7278,0.2,789,3946,CAUSAL,786,0.2375,0.0
0.2,8,0.308,0.7278,0.2,789,3946,ORACLE,789,0.4375,0.0
0.2,8,0.308,0.7278,0.3,1183,3946,RT,1181,0.229167,0.0
0.2,8,0.308,0.7278,0.3,1183,3946,H2O,1177,0.383333,0.0
0.2,8,0.308,0.7278,0.3,1183,3946,CAUSAL,1183,0.341667,0.0
0.2,8,0.308,0.7278,0.3,1183,3946,ORACLE,1183,0.691667,1.0
0.2,8,0.308,0.7278,0.4,1578,3946,RT,1571,0.4,0.0
0.2,8,0.308,0.7278,0.4,1578,3946,H2O,1577,0.479167,0.0
0.2,8,0.308,0.7278,0.4,1578,3946,CAUSAL,1573,0.383333,0.0
0.2,8,0.308,0.7278,0.4,1578,3946,ORACLE,1576,0.8875,1.0
0.2,8,0.308,0.7278,0.5,1973,3946,RT,1971,0.504167,0.0
0.2,8,0.308,0.7278,0.5,1973,3946,H2O,1966,0.55,0.0
0.2,8,0.308,0.7278,0.5,1973,3946,CAUSAL,1972,0.495833,0.0
0.2,8,0.308,0.7278,0.5,1973,3946,ORACLE,1968,0.916667,1.0
0.2,8,0.308,0.7278,0.6,2367,3946,RT,2365,0.629167,0.0
0.2,8,0.308,0.7278,0.6,2367,3946,H2O,2359,0.625,0.0
0.2,8,0.308,0.7278,0.6,2367,3946,CAUSAL,2360,0.545833,0.0
0.2,8,0.308,0.7278,0.6,2367,3946,ORACLE,2358,0.954167,1.0
0.2,9,0.5745,0.9673,0.2,727,3638,RT,721,0.225,0.0
0.2,9,0.5745,0.9673,0.2,727,3638,H2O,722,0.304167,0.0
0.2,9,0.5745,0.9673,0.2,727,3638,CAUSAL,727,0.258333,0.0
0.2,9,0.5745,0.9673,0.2,727,3638,ORACLE,720,0.341667,0.0
0.2,9,0.5745,0.9673,0.3,1091,3638,RT,1081,0.325,0.0
0.2,9,0.5745,0.9673,0.3,1091,3638,H2O,1089,0.425,0.0
0.2,9,0.5745,0.9673,0.3,1091,3638,CAUSAL,1086,0.370833,0.0
0.2,9,0.5745,0.9673,0.3,1091,3638,ORACLE,1089,0.3875,1.0
0.2,9,0.5745,0.9673,0.4,1455,3638,RT,1446,0.4625,0.0
0.2,9,0.5745,0.9673,0.4,1455,3638,H2O,1452,0.529167,0.0
0.2,9,0.5745,0.9673,0.4,1455,3638,CAUSAL,1448,0.545833,1.0
0.2,9,0.5745,0.9673,0.4,1455,3638,ORACLE,1449,0.691667,1.0
0.2,9,0.5745,0.9673,0.5,1819,3638,RT,1816,0.575,0.0
0.2,9,0.5745,0.9673,0.5,1819,3638,H2O,1809,0.625,0.0
0.2,9,0.5745,0.9673,0.5,1819,3638,CAUSAL,1817,0.629167,1.0
0.2,9,0.5745,0.9673,0.5,1819,3638,ORACLE,1818,0.770833,1.0
0.2,9,0.5745,0.9673,0.6,2182,3638,RT,2169,0.683333,0.0
0.2,9,0.5745,0.9673,0.6,2182,3638,H2O,2172,0.6125,0.0
0.2,9,0.5745,0.9673,0.6,2182,3638,CAUSAL,2181,0.741667,1.0
0.2,9,0.5745,0.9673,0.6,2182,3638,ORACLE,2174,0.875,1.0
0.2,10,0.542,0.6836,0.2,972,4861,RT,970,0.241667,0.0
0.2,10,0.542,0.6836,0.2,972,4861,H2O,967,0.279167,0.0
0.2,10,0.542,0.6836,0.2,972,4861,CAUSAL,968,0.304167,0.0
0.2,10,0.542,0.6836,0.2,972,4861,ORACLE,971,0.520833,1.0
0.2,10,0.542,0.6836,0.3,1458,4861,RT,1458,0.35,0.0
0.2,10,0.542,0.6836,0.3,1458,4861,H2O,1452,0.354167,0.0
0.2,10,0.542,0.6836,0.3,1458,4861,CAUSAL,1457,0.333333,0.0
0.2,10,0.542,0.6836,0.3,1458,4861,ORACLE,1458,0.7625,1.0
0.2,10,0.542,0.6836,0.4,1944,4861,RT,1940,0.416667,0.0
0.2,10,0.542,0.6836,0.4,1944,4861,H2O,1942,0.479167,0.0
0.2,10,0.542,0.6836,0.4,1944,4861,CAUSAL,1940,0.433333,0.0
0.2,10,0.542,0.6836,0.4,1944,4861,ORACLE,1940,0.8125,1.0
0.2,10,0.542,0.6836,0.5,2430,4861,RT,2420,0.491667,0.0
0.2,10,0.542,0.6836,0.5,2430,4861,H2O,2430,0.516667,0.0
0.2,10,0.542,0.6836,0.5,2430,4861,CAUSAL,2423,0.5,0.0
0.2,10,0.542,0.6836,0.5,2430,4861,ORACLE,2429,0.895833,1.0
0.2,10,0.542,0.6836,0.6,2916,4861,RT,2913,0.675,1.0
0.2,10,0.542,0.6836,0.6,2916,4861,H2O,2908,0.729167,0.0
0.2,10,0.542,0.6836,0.6,2916,4861,CAUSAL,2912,0.708333,0.0
0.2,10,0.542,0.6836,0.6,2916,4861,ORACLE,2916,0.945833,1.0
0.2,11,0.4178,0.736,0.2,999,4996,RT,992,0.204167,0.0
0.2,11,0.4178,0.736,0.2,999,4996,H2O,996,0.1875,0.0
0.2,11,0.4178,0.736,0.2,999,4996,CAUSAL,998,0.220833,0.0
0.2,11,0.4178,0.736,0.2,999,4996,ORACLE,996,0.270833,0.0
0.2,11,0.4178,0.736,0.3,1498,4996,RT,1494,0.241667,0.0
0.2,11,0.4178,0.736,0.3,1498,4996,H2O,1495,0.2875,0.0
0.2,11,0.4178,0.736,0.3,1498,4996,CAUSAL,1491,0.2875,0.0
0.2,11,0.4178,0.736,0.3,1498,4996,ORACLE,1496,0.3375,0.0
0.2,11,0.4178,0.736,0.4,1998,4996,RT,1997,0.358333,0.0
0.2,11,0.4178,0.736,0.4,1998,4996,H2O,1994,0.375,0.0
0.2,11,0.4178,0.736,0.4,1998,4996,CAUSAL,1992,0.3875,0.0
0.2,11,0.4178,0.736,0.4,1998,4996,ORACLE,1990,0.604167,1.0
0.2,11,0.4178,0.736,0.5,2498,4996,RT,2495,0.433333,0.0
0.2,11,0.4178,0.736,0.5,2498,4996,H2O,2498,0.6125,0.0
0.2,11,0.4178,0.736,0.5,2498,4996,CAUSAL,2495,0.479167,0.0
0.2,11,0.4178,0.736,0.5,2498,4996,ORACLE,2496,0.8125,1.0
0.2,11,0.4178,0.736,0.6,2997,4996,RT,2993,0.5,0.0
0.2,11,0.4178,0.736,0.6,2997,4996,H2O,2992,0.616667,0.0
0.2,11,0.4178,0.736,0.6,2997,4996,CAUSAL,2992,0.583333,0.0
0.2,11,0.4178,0.736,0.6,2997,4996,ORACLE,2996,0.8625,1.0
0.2,12,0.5337,0.8292,0.2,957,4788,RT,949,0.183333,0.0
0.2,12,0.5337,0.8292,0.2,957,4788,H2O,951,0.283333,0.0
0.2,12,0.5337,0.8292,0.2,957,4788,CAUSAL,956,0.283333,0.0
0.2,12,0.5337,0.8292,0.2,957,4788,ORACLE,954,0.245833,0.0
0.2,12,0.5337,0.8292,0.3,1436,4788,RT,1429,0.254167,0.0
0.2,12,0.5337,0.8292,0.3,1436,4788,H2O,1435,0.4125,0.0
0.2,12,0.5337,0.8292,0.3,1436,4788,CAUSAL,1435,0.345833,0.0
0.2,12,0.5337,0.8292,0.3,1436,4788,ORACLE,1434,0.320833,0.0
0.2,12,0.5337,0.8292,0.4,1915,4788,RT,1911,0.475,0.0
0.2,12,0.5337,0.8292,0.4,1915,4788,H2O,1912,0.516667,0.0
0.2,12,0.5337,0.8292,0.4,1915,4788,CAUSAL,1910,0.408333,0.0
0.2,12,0.5337,0.8292,0.4,1915,4788,ORACLE,1908,0.441667,0.0
0.2,12,0.5337,0.8292,0.5,2394,4788,RT,2394,0.541667,0.0
0.2,12,0.5337,0.8292,0.5,2394,4788,H2O,2394,0.620833,0.0
0.2,12,0.5337,0.8292,0.5,2394,4788,CAUSAL,2393,0.554167,0.0
0.2,12,0.5337,0.8292,0.5,2394,4788,ORACLE,2392,0.75,1.0
0.2,12,0.5337,0.8292,0.6,2872,4788,RT,2872,0.704167,0.0
0.2,12,0.5337,0.8292,0.6,2872,4788,H2O,2869,0.720833,0.0
0.2,12,0.5337,0.8292,0.6,2872,4788,CAUSAL,2871,0.695833,0.0
0.2,12,0.5337,0.8292,0.6,2872,4788,ORACLE,2868,0.895833,1.0
0.2,13,0.5229,0.7871,0.2,801,4006,RT,799,0.266667,0.0
0.2,13,0.5229,0.7871,0.2,801,4006,H2O,800,0.329167,0.0
0.2,13,0.5229,0.7871,0.2,801,4006,CAUSAL,798,0.2625,0.0
0.2,13,0.5229,0.7871,0.2,801,4006,ORACLE,801,0.404167,0.0
0.2,13,0.5229,0.7871,0.3,1201,4006,RT,1197,0.316667,0.0
0.2,13,0.5229,0.7871,0.3,1201,4006,H2O,1198,0.345833,0.0
0.2,13,0.5229,0.7871,0.3,1201,4006,CAUSAL,1201,0.408333,0.0
0.2,13,0.5229,0.7871,0.3,1201,4006,ORACLE,1196,0.625,1.0
0.2,13,0.5229,0.7871,0.4,1602,4006,RT,1596,0.45,0.0
0.2,13,0.5229,0.7871,0.4,1602,4006,H2O,1596,0.375,0.0
0.2,13,0.5229,0.7871,0.4,1602,4006,CAUSAL,1596,0.529167,0.0
0.2,13,0.5229,0.7871,0.4,1602,4006,ORACLE,1600,0.8125,1.0
0.2,13,0.5229,0.7871,0.5,2003,4006,RT,1999,0.470833,0.0
0.2,13,0.5229,0.7871,0.5,2003,4006,H2O,2000,0.483333,0.0
0.2,13,0.5229,0.7871,0.5,2003,4006,CAUSAL,2000,0.595833,0.0
0.2,13,0.5229,0.7871,0.5,2003,4006,ORACLE,2003,0.845833,1.0
0.2,13,0.5229,0.7871,0.6,2403,4006,RT,2402,0.6,0.0
0.2,13,0.5229,0.7871,0.6,2403,4006,H2O,2402,0.616667,0.0
0.2,13,0.5229,0.7871,0.6,2403,4006,CAUSAL,2402,0.770833,0.0
0.2,13,0.5229,0.7871,0.6,2403,4006,ORACLE,2397,0.916667,1.0
0.2,14,0.3293,0.6779,0.2,997,4987,RT,992,0.1875,0.0
0.2,14,0.3293,0.6779,0.2,997,4987,H2O,995,0.354167,0.0
0.2,14,0.3293,0.6779,0.2,997,4987,CAUSAL,985,0.195833,0.0
0.2,14,0.3293,0.6779,0.2,997,4987,ORACLE,992,0.345833,0.0
0.2,14,0.3293,0.6779,0.3,1496,4987,RT,1496,0.329167,0.0
0.2,14,0.3293,0.6779,0.3,1496,4987,H2O,1484,0.425,0.0
0.2,14,0.3293,0.6779,0.3,1496,4987,CAUSAL,1489,0.370833,0.0
0.2,14,0.3293,0.6779,0.3,1496,4987,ORACLE,1487,0.608333,1.0
0.2,14,0.3293,0.6779,0.4,1994,4987,RT,1993,0.479167,0.0
0.2,14,0.3293,0.6779,0.4,1994,4987,H2O,1988,0.508333,0.0
0.2,14,0.3293,0.6779,0.4,1994,4987,CAUSAL,1985,0.479167,0.0
0.2,14,0.3293,0.6779,0.4,1994,4987,ORACLE,1992,0.808333,1.0
0.2,14,0.3293,0.6779,0.5,2493,4987,RT,2493,0.583333,0.0
0.2,14,0.3293,0.6779,0.5,2493,4987,H2O,2492,0.616667,0.0
0.2,14,0.3293,0.6779,0.5,2493,4987,CAUSAL,2487,0.558333,0.0
0.2,14,0.3293,0.6779,0.5,2493,4987,ORACLE,2482,0.841667,1.0
0.2,14,0.3293,0.6779,0.6,2992,4987,RT,2987,0.729167,0.0
0.2,14,0.3293,0.6779,0.6,2992,4987,H2O,2991,0.75,0.0
0.2,14,0.3293,0.6779,0.6,2992,4987,CAUSAL,2991,0.6875,0.0
0.2,14,0.3293,0.6779,0.6,2992,4987,ORACLE,2989,0.8875,1.0
0.2,15,0.514,0.6291,0.2,796,3980,RT,790,0.325,0.0
0.2,15,0.514,0.6291,0.2,796,3980,H2O,795,0.395833,0.0
0.2,15,0.514,0.6291,0.2,796,3980,CAUSAL,795,0.2375,0.0
0.2,15,0.514,0.6291,0.2,796,3980,ORACLE,794,0.566667,1.0
0.2,15,0.514,0.6291,0.3,1194,3980,RT,1190,0.366667,0.0
0.2,15,0.514,0.6291,0.3,1194,3980,H2O,1185,0.379167,0.0
0.2,15,0.514,0.6291,0.3,1194,3980,CAUSAL,1188,0.329167,0.0
0.2,15,0.514,0.6291,0.3,1194,3980,ORACLE,1186,0.8,1.0
0.2,15,0.514,0.6291,0.4,1592,3980,RT,1592,0.525,0.0
0.2,15,0.514,0.6291,0.4,1592,3980,H2O,1592,0.420833,0.0
0.2,15,0.514,0.6291,0.4,1592,3980,CAUSAL,1591,0.4625,0.0
0.2,15,0.514,0.6291,0.4,1592,3980,ORACLE,1589,0.883333,1.0
0.2,15,0.514,0.6291,0.5,1990,3980,RT,1988,0.5875,0.0
0.2,15,0.514,0.6291,0.5,1990,3980,H2O,1986,0.483333,0.0
0.2,15,0.514,0.6291,0.5,1990,3980,CAUSAL,1988,0.533333,0.0
0.2,15,0.514,0.6291,0.5,1990,3980,ORACLE,1974,0.941667,1.0
0.2,15,0.514,0.6291,0.6,2388,3980,RT,2388,0.616667,0.0
0.2,15,0.514,0.6291,0.6,2388,3980,H2O,2382,0.645833,0.0
0.2,15,0.514,0.6291,0.6,2388,3980,CAUSAL,2382,0.683333,0.0
0.2,15,0.514,0.6291,0.6,2388,3980,ORACLE,2376,0.970833,1.0
0.2,16,0.4753,0.6449,0.2,942,4713,RT,939,0.183333,0.0
0.2,16,0.4753,0.6449,0.2,942,4713,H2O,942,0.270833,0.0
0.2,16,0.4753,0.6449,0.2,942,4713,CAUSAL,941,0.258333,0.0
0.2,16,0.4753,0.6449,0.2,942,4713,ORACLE,939,0.35,0.0
0.2,16,0.4753,0.6449,0.3,1413,4713,RT,1409,0.3375,0.0
0.2,16,0.4753,0.6449,0.3,1413,4713,H2O,1412,0.3625,0.0
0.2,16,0.4753,0.6449,0.3,1413,4713,CAUSAL,1413,0.320833,0.0
0.2,16,0.4753,0.6449,0.3,1413,4713,ORACLE,1412,0.695833,1.0
0.2,16,0.4753,0.6449,0.4,1885,4713,RT,1882,0.3625,0.0
0.2,16,0.4753,0.6449,0.4,1885,4713,H2O,1875,0.395833,0.0
0.2,16,0.4753,0.6449,0.4,1885,4713,CAUSAL,1875,0.416667,0.0
0.2,16,0.4753,0.6449,0.4,1885,4713,ORACLE,1885,0.804167,1.0
0.2,16,0.4753,0.6449,0.5,2356,4713,RT,2356,0.458333,0.0
0.2,16,0.4753,0.6449,0.5,2356,4713,H2O,2352,0.433333,0.0
0.2,16,0.4753,0.6449,0.5,2356,4713,CAUSAL,2353,0.458333,0.0
0.2,16,0.4753,0.6449,0.5,2356,4713,ORACLE,2352,0.841667,1.0
0.2,16,0.4753,0.6449,0.6,2827,4713,RT,2813,0.491667,0.0
0.2,16,0.4753,0.6449,0.6,2827,4713,H2O,2826,0.491667,0.0
0.2,16,0.4753,0.6449,0.6,2827,4713,CAUSAL,2812,0.566667,0.0
0.2,16,0.4753,0.6449,0.6,2827,4713,ORACLE,2820,0.895833,1.0
0.2,17,0.7692,0.8868,0.2,1011,5058,RT,1004,0.204167,0.0
0.2,17,0.7692,0.8868,0.2,1011,5058,H2O,1009,0.420833,0.0
0.2,17,0.7692,0.8868,0.2,1011,5058,CAUSAL,1010,0.245833,0.0
0.2,17,0.7692,0.8868,0.2,1011,5058,ORACLE,1006,0.329167,0.0
0.2,17,0.7692,0.8868,0.3,1517,5058,RT,1513,0.4375,0.0
0.2,17,0.7692,0.8868,0.3,1517,5058,H2O,1512,0.479167,0.0
0.2,17,0.7692,0.8868,0.3,1517,5058,CAUSAL,1514,0.583333,0.0
0.2,17,0.7692,0.8868,0.3,1517,5058,ORACLE,1515,0.458333,1.0
0.2,17,0.7692,0.8868,0.4,2023,5058,RT,2018,0.566667,0.0
0.2,17,0.7692,0.8868,0.4,2023,5058,H2O,2018,0.529167,0.0
0.2,17,0.7692,0.8868,0.4,2023,5058,CAUSAL,2019,0.575,0.0
0.2,17,0.7692,0.8868,0.4,2023,5058,ORACLE,2022,0.795833,1.0
0.2,17,0.7692,0.8868,0.5,2529,5058,RT,2527,0.720833,0.0
0.2,17,0.7692,0.8868,0.5,2529,5058,H2O,2516,0.645833,0.0
0.2,17,0.7692,0.8868,0.5,2529,5058,CAUSAL,2528,0.616667,1.0
0.2,17,0.7692,0.8868,0.5,2529,5058,ORACLE,2515,0.895833,1.0
0.2,17,0.7692,0.8868,0.6,3034,5058,RT,3033,0.7875,0.0
0.2,17,0.7692,0.8868,0.6,3034,5058,H2O,3026,0.679167,0.0
0.2,17,0.7692,0.8868,0.6,3034,5058,CAUSAL,3028,0.7875,1.0
0.2,17,0.7692,0.8868,0.6,3034,5058,ORACLE,3021,0.941667,1.0
0.2,18,0.3423,0.8796,0.2,856,4284,RT,855,0.304167,0.0
0.2,18,0.3423,0.8796,0.2,856,4284,H2O,856,0.316667,0.0
0.2,18,0.3423,0.8796,0.2,856,4284,CAUSAL,852,0.2625,0.0
0.2,18,0.3423,0.8796,0.2,856,4284,ORACLE,851,0.4875,1.0
0.2,18,0.3423,0.8796,0.3,1285,4284,RT,1285,0.366667,0.0
0.2,18,0.3423,0.8796,0.3,1285,4284,H2O,1285,0.316667,0.0
0.2,18,0.3423,0.8796,0.3,1285,4284,CAUSAL,1283,0.316667,0.0
0.2,18,0.3423,0.8796,0.3,1285,4284,ORACLE,1285,0.6625,1.0
0.2,18,0.3423,0.8796,0.4,1713,4284,RT,1709,0.4375,0.0
0.2,18,0.3423,0.8796,0.4,1713,4284,H2O,1707,0.4375,0.0
0.2,18,0.3423,0.8796,0.4,1713,4284,CAUSAL,1709,0.441667,0.0
0.2,18,0.3423,0.8796,0.4,1713,4284,ORACLE,1703,0.8,1.0
0.2,18,0.3423,0.8796,0.5,2142,4284,RT,2135,0.558333,0.0
0.2,18,0.3423,0.8796,0.5,2142,4284,H2O,2141,0.554167,0.0
0.2,18,0.3423,0.8796,0.5,2142,4284,CAUSAL,2141,0.545833,1.0
0.2,18,0.3423,0.8796,0.5,2142,4284,ORACLE,2131,0.883333,1.0
0.2,18,0.3423,0.8796,0.6,2570,4284,RT,2565,0.641667,0.0
0.2,18,0.3423,0.8796,0.6,2570,4284,H2O,2568,0.616667,0.0
0.2,18,0.3423,0.8796,0.6,2570,4284,CAUSAL,2566,0.5875,1.0
0.2,18,0.3423,0.8796,0.6,2570,4284,ORACLE,2567,0.858333,1.0
0.2,19,0.6361,0.8679,0.2,830,4154,RT,830,0.295833,0.0
0.2,19,0.6361,0.8679,0.2,830,4154,H2O,829,0.329167,0.0
0.2,19,0.6361,0.8679,0.2,830,4154,CAUSAL,827,0.291667,0.0
0.2,19,0.6361,0.8679,0.2,830,4154,ORACLE,824,0.458333,1.0
0.2,19,0.6361,0.8679,0.3,1246,4154,RT,1241,0.3625,0.0
0.2,19,0.6361,0.8679,0.3,1246,4154,H2O,1244,0.420833,0.0
0.2,19,0.6361,0.8679,0.3,1246,4154,CAUSAL,1246,0.404167,0.0
0.2,19,0.6361,0.8679,0.3,1246,4154,ORACLE,1243,0.783333,1.0
0.2,19,0.6361,0.8679,0.4,1661,4154,RT,1656,0.408333,0.0
0.2,19,0.6361,0.8679,0.4,1661,4154,H2O,1655,0.4625,0.0
0.2,19,0.6361,0.8679,0.4,1661,4154,CAUSAL,1660,0.583333,0.0
0.2,19,0.6361,0.8679,0.4,1661,4154,ORACLE,1657,0.8625,1.0
0.2,19,0.6361,0.8679,0.5,2077,4154,RT,2071,0.529167,0.0
0.2,19,0.6361,0.8679,0.5,2077,4154,H2O,2074,0.55,0.0
0.2,19,0.6361,0.8679,0.5,2077,4154,CAUSAL,2072,0.508333,0.0
0.2,19,0.6361,0.8679,0.5,2077,4154,ORACLE,2077,0.904167,1.0
0.2,19,0.6361,0.8679,0.6,2492,4154,RT,2486,0.583333,0.0
0.2,19,0.6361,0.8679,0.6,2492,4154,H2O,2488,0.641667,0.0
0.2,19,0.6361,0.8679,0.6,2492,4154,CAUSAL,2492,0.675,1.0
0.2,19,0.6361,0.8679,0.6,2492,4154,ORACLE,2484,0.933333,1.0
0.2,20,0.574,0.7952,0.2,852,4260,RT,852,0.158333,0.0
0.2,20,0.574,0.7952,0.2,852,4260,H2O,846,0.191667,0.0
0.2,20,0.574,0.7952,0.2,852,4260,CAUSAL,847,0.216667,0.0
0.2,20,0.574,0.7952,0.2,852,4260,ORACLE,852,0.258333,0.0
0.2,20,0.574,0.7952,0.3,1278,4260,RT,1276,0.316667,0.0
0.2,20,0.574,0.7952,0.3,1278,4260,H2O,1275,0.308333,0.0
0.2,20,0.574,0.7952,0.3,1278,4260,CAUSAL,1274,0.316667,0.0
0.2,20,0.574,0.7952,0.3,1278,4260,ORACLE,1273,0.470833,1.0
0.2,20,0.574,0.7952,0.4,1704,4260,RT,1699,0.308333,0.0
0.2,20,0.574,0.7952,0.4,1704,4260,H2O,1699,0.4125,0.0
0.2,20,0.574,0.7952,0.4,1704,4260,CAUSAL,1703,0.358333,0.0
0.2,20,0.574,0.7952,0.4,1704,4260,ORACLE,1703,0.804167,1.0
0.2,20,0.574,0.7952,0.5,2130,4260,RT,2123,0.5625,0.0
0.2,20,0.574,0.7952,0.5,2130,4260,H2O,2128,0.566667,0.0
0.2,20,0.574,0.7952,0.5,2130,4260,CAUSAL,2124,0.441667,0.0
0.2,20,0.574,0.7952,0.5,2130,4260,ORACLE,2128,0.841667,1.0
0.2,20,0.574,0.7952,0.6,2556,4260,RT,2556,0.583333,0.0
0.2,20,0.574,0.7952,0.6,2556,4260,H2O,2556,0.65,0.0
0.2,20,0.574,0.7952,0.6,2556,4260,CAUSAL,2548,0.65,1.0
0.2,20,0.574,0.7952,0.6,2556,4260,ORACLE,2554,0.908333,1.0
0.2,21,0.4423,0.7428,0.2,803,4017,RT,803,0.216667,0.0
0.2,21,0.4423,0.7428,0.2,803,4017,H2O,802,0.229167,0.0
0.2,21,0.4423,0.7428,0.2,803,4017,CAUSAL,800,0.320833,0.0
0.2,21,0.4423,0.7428,0.2,803,4017,ORACLE,803,0.416667,0.0
0.2,21,0.4423,0.7428,0.3,1205,4017,RT,1202,0.358333,0.0
0.2,21,0.4423,0.7428,0.3,1205,4017,H2O,1205,0.4125,0.0
0.2,21,0.4423,0.7428,0.3,1205,4017,CAUSAL,1198,0.408333,0.0
0.2,21,0.4423,0.7428,0.3,1205,4017,ORACLE,1201,0.545833,1.0
0.2,21,0.4423,0.7428,0.4,1606,4017,RT,1598,0.470833,0.0
0.2,21,0.4423,0.7428,0.4,1606,4017,H2O,1604,0.591667,0.0
0.2,21,0.4423,0.7428,0.4,1606,4017,CAUSAL,1606,0.475,0.0
0.2,21,0.4423,0.7428,0.4,1606,4017,ORACLE,1596,0.775,1.0
0.2,21,0.4423,0.7428,0.5,2008,4017,RT,2008,0.604167,0.0
0.2,21,0.4423,0.7428,0.5,2008,4017,H2O,2004,0.65,0.0
0.2,21,0.4423,0.7428,0.5,2008,4017,CAUSAL,2002,0.595833,0.0
0.2,21,0.4423,0.7428,0.5,2008,4017,ORACLE,2007,0.845833,1.0
0.2,21,0.4423,0.7428,0.6,2410,4017,RT,2406,0.733333,0.0
0.2,21,0.4423,0.7428,0.6,2410,4017,H2O,2399,0.775,0.0
0.2,21,0.4423,0.7428,0.6,2410,4017,CAUSAL,2401,0.7375,0.0
0.2,21,0.4423,0.7428,0.6,2410,4017,ORACLE,2407,0.891667,1.0
0.2,22,0.637,0.7455,0.2,857,4287,RT,851,0.225,0.0
0.2,22,0.637,0.7455,0.2,857,4287,H2O,850,0.366667,0.0
0.2,22,0.637,0.7455,0.2,857,4287,CAUSAL,855,0.35,0.0
0.2,22,0.637,0.7455,0.2,857,4287,ORACLE,856,0.420833,1.0
0.2,22,0.637,0.7455,0.3,1286,4287,RT,1283,0.5125,0.0
0.2,22,0.637,0.7455,0.3,1286,4287,H2O,1283,0.554167,0.0
0.2,22,0.637,0.7455,0.3,1286,4287,CAUSAL,1283,0.3625,0.0
0.2,22,0.637,0.7455,0.3,1286,4287,ORACLE,1282,0.8,1.0
0.2,22,0.637,0.7455,0.4,1714,4287,RT,1714,0.6,0.0
0.2,22,0.637,0.7455,0.4,1714,4287,H2O,1708,0.558333,0.0
0.2,22,0.637,0.7455,0.4,1714,4287,CAUSAL,1714,0.454167,0.0
0.2,22,0.637,0.7455,0.4,1714,4287,ORACLE,1714,0.845833,1.0
0.2,22,0.637,0.7455,0.5,2143,4287,RT,2141,0.625,0.0
0.2,22,0.637,0.7455,0.5,2143,4287,H2O,2141,0.6375,0.0
0.2,22,0.637,0.7455,0.5,2143,4287,CAUSAL,2138,0.525,0.0
0.2,22,0.637,0.7455,0.5,2143,4287,ORACLE,2131,0.883333,1.0
0.2,22,0.637,0.7455,0.6,2572,4287,RT,2570,0.716667,0.0
0.2,22,0.637,0.7455,0.6,2572,4287,H2O,2569,0.758333,0.0
0.2,22,0.637,0.7455,0.6,2572,4287,CAUSAL,2567,0.5625,0.0
0.2,22,0.637,0.7455,0.6,2572,4287,ORACLE,2563,0.929167,1.0
0.2,23,0.6481,0.874,0.2,840,4201,RT,837,0.275,0.0
0.2,23,0.6481,0.874,0.2,840,4201,H2O,836,0.283333,0.0
0.2,23,0.6481,0.874,0.2,840,4201,CAUSAL,839,0.095833,0.0
0.2,23,0.6481,0.874,0.2,840,4201,ORACLE,840,0.358333,0.0
0.2,23,0.6481,0.874,0.3,1260,4201,RT,1254,0.320833,0.0
0.2,23,0.6481,0.874,0.3,1260,4201,H2O,1259,0.4,0.0
0.2,23,0.6481,0.874,0.3,1260,4201,CAUSAL,1257,0.270833,0.0
0.2,23,0.6481,0.874,0.3,1260,4201,ORACLE,1260,0.608333,1.0
0.2,23,0.6481,0.874,0.4,1680,4201,RT,1676,0.358333,0.0
0.2,23,0.6481,0.874,0.4,1680,4201,H2O,1673,0.508333,0.0
0.2,23,0.6481,0.874,0.4,1680,4201,CAUSAL,1675,0.454167,0.0
0.2,23,0.6481,0.874,0.4,1680,4201,ORACLE,1674,0.825,1.0
0.2,23,0.6481,0.874,0.5,2100,4201,RT,2099,0.4375,0.0
0.2,23,0.6481,0.874,0.5,2100,4201,H2O,2098,0.5875,0.0
0.2,23,0.6481,0.874,0.5,2100,4201,CAUSAL,2098,0.554167,0.0
0.2,23,0.6481,0.874,0.5,2100,4201,ORACLE,2098,0.9,1.0
0.2,23,0.6481,0.874,0.6,2520,4201,RT,2514,0.7,0.0
0.2,23,0.6481,0.874,0.6,2520,4201,H2O,2516,0.729167,0.0
0.2,23,0.6481,0.874,0.6,2520,4201,CAUSAL,2519,0.708333,1.0
0.2,23,0.6481,0.874,0.6,2520,4201,ORACLE,2517,0.916667,1.0
0.2,24,0.4907,0.8052,0.2,1070,5352,RT,1069,0.370833,0.0
0.2,24,0.4907,0.8052,0.2,1070,5352,H2O,1069,0.345833,0.0
0.2,24,0.4907,0.8052,0.2,1070,5352,CAUSAL,1068,0.208333,0.0
0.2,24,0.4907,0.8052,0.2,1070,5352,ORACLE,1068,0.308333,0.0
0.2,24,0.4907,0.8052,0.3,1605,5352,RT,1602,0.445833,0.0
0.2,24,0.4907,0.8052,0.3,1605,5352,H2O,1600,0.495833,0.0
0.2,24,0.4907,0.8052,0.3,1605,5352,CAUSAL,1603,0.279167,0.0
0.2,24,0.4907,0.8052,0.3,1605,5352,ORACLE,1605,0.416667,0.0
0.2,24,0.4907,0.8052,0.4,2140,5352,RT,2140,0.5375,0.0
0.2,24,0.4907,0.8052,0.4,2140,5352,H2O,2129,0.545833,0.0
0.2,24,0.4907,0.8052,0.4,2140,5352,CAUSAL,2137,0.5,0.0
0.2,24,0.4907,0.8052,0.4,2140,5352,ORACLE,2139,0.766667,1.0
0.2,24,0.4907,0.8052,0.5,2676,5352,RT,2672,0.670833,0.0
0.2,24,0.4907,0.8052,0.5,2676,5352,H2O,2673,0.625,0.0
0.2,24,0.4907,0.8052,0.5,2676,5352,CAUSAL,2675,0.529167,0.0
0.2,24,0.4907,0.8052,0.5,2676,5352,ORACLE,2675,0.7625,1.0
0.2,24,0.4907,0.8052,0.6,3211,5352,RT,3201,0.766667,0.0
0.2,24,0.4907,0.8052,0.6,3211,5352,H2O,3210,0.716667,0.0
0.2,24,0.4907,0.8052,0.6,3211,5352,CAUSAL,3201,0.770833,0.0
0.2,24,0.4907,0.8052,0.6,3211,5352,ORACLE,3209,0.8375,1.0
0.2,25,0.462,0.8868,0.2,910,4550,RT,910,0.2375,0.0
0.2,25,0.462,0.8868,0.2,910,4550,H2O,909,0.316667,0.0
0.2,25,0.462,0.8868,0.2,910,4550,CAUSAL,910,0.295833,0.0
0.2,25,0.462,0.8868,0.2,910,4550,ORACLE,908,0.441667,1.0
0.2,25,0.462,0.8868,0.3,1365,4550,RT,1360,0.283333,0.0
0.2,25,0.462,0.8868,0.3,1365,4550,H2O,1361,0.345833,0.0
0.2,25,0.462,0.8868,0.3,1365,4550,CAUSAL,1356,0.404167,0.0
0.2,25,0.462,0.8868,0.3,1365,4550,ORACLE,1364,0.770833,1.0
0.2,25,0.462,0.8868,0.4,1820,4550,RT,1819,0.329167,0.0
0.2,25,0.462,0.8868,0.4,1820,4550,H2O,1815,0.3875,0.0
0.2,25,0.462,0.8868,0.4,1820,4550,CAUSAL,1816,0.408333,0.0
0.2,25,0.462,0.8868,0.4,1820,4550,ORACLE,1817,0.829167,1.0
0.2,25,0.462,0.8868,0.5,2275,4550,RT,2275,0.508333,0.0
0.2,25,0.462,0.8868,0.5,2275,4550,H2O,2270,0.545833,0.0
0.2,25,0.462,0.8868,0.5,2275,4550,CAUSAL,2269,0.570833,1.0
0.2,25,0.462,0.8868,0.5,2275,4550,ORACLE,2270,0.8875,1.0
0.2,25,0.462,0.8868,0.6,2730,4550,RT,2725,0.625,0.0
0.2,25,0.462,0.8868,0.6,2730,4550,H2O,2723,0.620833,0.0
0.2,25,0.462,0.8868,0.6,2730,4550,CAUSAL,2723,0.691667,1.0
0.2,25,0.462,0.8868,0.6,2730,4550,ORACLE,2722,0.9125,1.0
0.2,26,0.5525,0.7284,0.2,880,4404,RT,879,0.183333,0.0
0.2,26,0.5525,0.7284,0.2,880,4404,H2O,872,0.229167,0.0
0.2,26,0.5525,0.7284,0.2,880,4404,CAUSAL,879,0.320833,0.0
0.2,26,0.5525,0.7284,0.2,880,4404,ORACLE,879,0.404167,0.0
0.2,26,0.5525,0.7284,0.3,1321,4404,RT,1319,0.291667,0.0
0.2,26,0.5525,0.7284,0.3,1321,4404,H2O,1316,0.445833,0.0
0.2,26,0.5525,0.7284,0.3,1321,4404,CAUSAL,1314,0.441667,0.0
0.2,26,0.5525,0.7284,0.3,1321,4404,ORACLE,1316,0.595833,1.0
0.2,26,0.5525,0.7284,0.4,1761,4404,RT,1759,0.441667,0.0
0.2,26,0.5525,0.7284,0.4,1761,4404,H2O,1761,0.5375,0.0
0.2,26,0.5525,0.7284,0.4,1761,4404,CAUSAL,1760,0.583333,0.0
0.2,26,0.5525,0.7284,0.4,1761,4404,ORACLE,1760,0.754167,1.0
0.2,26,0.5525,0.7284,0.5,2202,4404,RT,2199,0.595833,0.0
0.2,26,0.5525,0.7284,0.5,2202,4404,H2O,2201,0.616667,0.0
0.2,26,0.5525,0.7284,0.5,2202,4404,CAUSAL,2196,0.65,0.0
0.2,26,0.5525,0.7284,0.5,2202,4404,ORACLE,2199,0.754167,1.0
0.2,26,0.5525,0.7284,0.6,2642,4404,RT,2635,0.65,0.0
0.2,26,0.5525,0.7284,0.6,2642,4404,H2O,2639,0.670833,0.0
0.2,26,0.5525,0.7284,0.6,2642,4404,CAUSAL,2640,0.720833,0.0
0.2,26,0.5525,0.7284,0.6,2642,4404,ORACLE,2640,0.833333,1.0
0.2,27,0.4379,0.6104,0.2,889,4446,RT,889,0.3125,0.0
0.2,27,0.4379,0.6104,0.2,889,4446,H2O,884,0.354167,0.0
0.2,27,0.4379,0.6104,0.2,889,4446,CAUSAL,888,0.241667,0.0
0.2,27,0.4379,0.6104,0.2,889,4446,ORACLE,889,0.245833,0.0
0.2,27,0.4379,0.6104,0.3,1333,4446,RT,1329,0.3875,0.0
0.2,27,0.4379,0.6104,0.3,1333,4446,H2O,1329,0.441667,0.0
0.2,27,0.4379,0.6104,0.3,1333,4446,CAUSAL,1330,0.316667,0.0
0.2,27,0.4379,0.6104,0.3,1333,4446,ORACLE,1333,0.358333,0.0
0.2,27,0.4379,0.6104,0.4,1778,4446,RT,1777,0.45,0.0
0.2,27,0.4379,0.6104,0.4,1778,4446,H2O,1777,0.5375,0.0
0.2,27,0.4379,0.6104,0.4,1778,4446,CAUSAL,1773,0.383333,0.0
0.2,27,0.4379,0.6104,0.4,1778,4446,ORACLE,1772,0.533333,1.0
0.2,27,0.4379,0.6104,0.5,2223,4446,RT,2223,0.541667,0.0
0.2,27,0.4379,0.6104,0.5,2223,4446,H2O,2222,0.6125,0.0
0.2,27,0.4379,0.6104,0.5,2223,4446,CAUSAL,2218,0.4375,0.0
0.2,27,0.4379,0.6104,0.5,2223,4446,ORACLE,2223,0.858333,1.0
0.2,27,0.4379,0.6104,0.6,2667,4446,RT,2667,0.679167,0.0
0.2,27,0.4379,0.6104,0.6,2667,4446,H2O,2663,0.7375,0.0
0.2,27,0.4379,0.6104,0.6,2667,4446,CAUSAL,2661,0.545833,0.0
0.2,27,0.4379,0.6104,0.6,2667,4446,ORACLE,2666,0.908333,1.0
0.2,28,0.549,0.8015,0.2,1069,5346,RT,1068,0.225,0.0
0.2,28,0.549,0.8015,0.2,1069,5346,H2O,1066,0.245833,0.0
0.2,28,0.549,0.8015,0.2,1069,5346,CAUSAL,1064,0.375,0.0
0.2,28,0.549,0.8015,0.2,1069,5346,ORACLE,1068,0.3625,0.0
0.2,28,0.549,0.8015,0.3,1603,5346,RT,1602,0.333333,0.0
0.2,28,0.549,0.8015,0.3,1603,5346,H2O,1601,0.3375,0.0
0.2,28,0.549,0.8015,0.3,1603,5346,CAUSAL,1597,0.341667,0.0
0.2,28,0.549,0.8015,0.3,1603,5346,ORACLE,1599,0.575,1.0
0.2,28,0.549,0.8015,0.4,2138,5346,RT,2131,0.4,0.0
0.2,28,0.549,0.8015,0.4,2138,5346,H2O,2133,0.433333,0.0
0.2,28,0.549,0.8015,0.4,2138,5346,CAUSAL,2134,0.5,0.0
0.2,28,0.549,0.8015,0.4,2138,5346,ORACLE,2115,0.795833,1.0
0.2,28,0.549,0.8015,0.5,2673,5346,RT,2670,0.541667,0.0
0.2,28,0.549,0.8015,0.5,2673,5346,H2O,2673,0.541667,0.0
0.2,28,0.549,0.8015,0.5,2673,5346,CAUSAL,2673,0.5375,0.0
0.2,28,0.549,0.8015,0.5,2673,5346,ORACLE,2665,0.866667,1.0
0.2,28,0.549,0.8015,0.6,3207,5346,RT,3204,0.583333,0.0
0.2,28,0.549,0.8015,0.6,3207,5346,H2O,3172,0.6,0.0
0.2,28,0.549,0.8015,0.6,3207,5346,CAUSAL,3207,0.641667,0.0
0.2,28,0.549,0.8015,0.6,3207,5346,ORACLE,3189,0.920833,1.0
0.2,29,0.5745,0.7952,0.2,992,4960,RT,992,0.2375,0.0
0.2,29,0.5745,0.7952,0.2,992,4960,H2O,991,0.225,0.0
0.2,29,0.5745,0.7952,0.2,992,4960,CAUSAL,991,0.191667,0.0
0.2,29,0.5745,0.7952,0.2,992,4960,ORACLE,991,0.395833,0.0
0.2,29,0.5745,0.7952,0.3,1488,4960,RT,1484,0.291667,0.0
0.2,29,0.5745,0.7952,0.3,1488,4960,H2O,1488,0.3625,0.0
0.2,29,0.5745,0.7952,0.3,1488,4960,CAUSAL,1488,0.345833,0.0
0.2,29,0.5745,0.7952,0.3,1488,4960,ORACLE,1486,0.6375,1.0
0.2,29,0.5745,0.7952,0.4,1984,4960,RT,1977,0.345833,0.0
0.2,29,0.5745,0.7952,0.4,1984,4960,H2O,1982,0.35,0.0
0.2,29,0.5745,0.7952,0.4,1984,4960,CAUSAL,1983,0.5125,0.0
0.2,29,0.5745,0.7952,0.4,1984,4960,ORACLE,1974,0.729167,1.0
0.2,29,0.5745,0.7952,0.5,2480,4960,RT,2471,0.420833,0.0
0.2,29,0.5745,0.7952,0.5,2480,4960,H2O,2477,0.516667,0.0
0.2,29,0.5745,0.7952,0.5,2480,4960,CAUSAL,2480,0.579167,0.0
0.2,29,0.5745,0.7952,0.5,2480,4960,ORACLE,2479,0.808333,1.0
0.2,29,0.5745,0.7952,0.6,2976,4960,RT,2970,0.483333,0.0
0.2,29,0.5745,0.7952,0.6,2976,4960,H2O,2975,0.554167,0.0
0.2,29,0.5745,0.7952,0.6,2976,4960,CAUSAL,2971,0.629167,0.0
0.2,29,0.5745,0.7952,0.6,2976,4960,ORACLE,2974,0.825,1.0
0.2,30,0.5494,0.8056,0.2,882,4413,RT,881,0.329167,0.0
0.2,30,0.5494,0.8056,0.2,882,4413,H2O,878,0.454167,0.0
0.2,30,0.5494,0.8056,0.2,882,4413,CAUSAL,876,0.245833,0.0
0.2,30,0.5494,0.8056,0.2,882,4413,ORACLE,876,0.279167,1.0
0.2,30,0.5494,0.8056,0.3,1323,4413,RT,1321,0.516667,0.0
0.2,30,0.5494,0.8056,0.3,1323,4413,H2O,1318,0.425,0.0
0.2,30,0.5494,0.8056,0.3,1323,4413,CAUSAL,1323,0.470833,0.0
0.2,30,0.5494,0.8056,0.3,1323,4413,ORACLE,1318,0.716667,1.0
0.2,30,0.5494,0.8056,0.4,1765,4413,RT,1763,0.595833,0.0
0.2,30,0.5494,0.8056,0.4,1765,4413,H2O,1759,0.541667,0.0
0.2,30,0.5494,0.8056,0.4,1765,4413,CAUSAL,1758,0.508333,0.0
0.2,30,0.5494,0.8056,0.4,1765,4413,ORACLE,1762,0.845833,1.0
0.2,30,0.5494,0.8056,0.5,2206,4413,RT,2197,0.7375,0.0
0.2,30,0.5494,0.8056,0.5,2206,4413,H2O,2201,0.7125,0.0
0.2,30,0.5494,0.8056,0.5,2206,4413,CAUSAL,2203,0.658333,0.0
0.2,30,0.5494,0.8056,0.5,2206,4413,ORACLE,2205,0.891667,1.0
0.2,30,0.5494,0.8056,0.6,2647,4413,RT,2643,0.770833,1.0
0.2,30,0.5494,0.8056,0.6,2647,4413,H2O,2636,0.820833,0.0
0.2,30,0.5494,0.8056,0.6,2647,4413,CAUSAL,2639,0.708333,0.0
0.2,30,0.5494,0.8056,0.6,2647,4413,ORACLE,2632,0.933333,1.0
0.2,31,0.6776,0.8924,0.2,816,4084,RT,812,0.254167,0.0
0.2,31,0.6776,0.8924,0.2,816,4084,H2O,814,0.316667,0.0
0.2,31,0.6776,0.8924,0.2,816,4084,CAUSAL,814,0.195833,0.0
0.2,31,0.6776,0.8924,0.2,816,4084,ORACLE,816,0.366667,0.0
0.2,31,0.6776,0.8924,0.3,1225,4084,RT,1223,0.3125,0.0
0.2,31,0.6776,0.8924,0.3,1225,4084,H2O,1218,0.420833,0.0
0.2,31,0.6776,0.8924,0.3,1225,4084,CAUSAL,1224,0.354167,0.0
0.2,31,0.6776,0.8924,0.3,1225,4084,ORACLE,1222,0.466667,0.0
0.2,31,0.6776,0.8924,0.4,1633,4084,RT,1631,0.391667,0.0
0.2,31,0.6776,0.8924,0.4,1633,4084,H2O,1624,0.470833,0.0
0.2,31,0.6776,0.8924,0.4,1633,4084,CAUSAL,1631,0.475,0.0
0.2,31,0.6776,0.8924,0.4,1633,4084,ORACLE,1631,0.5875,1.0
0.2,31,0.6776,0.8924,0.5,2042,4084,RT,2036,0.508333,0.0
0.2,31,0.6776,0.8924,0.5,2042,4084,H2O,2040,0.583333,0.0
0.2,31,0.6776,0.8924,0.5,2042,4084,CAUSAL,2037,0.5875,1.0
0.2,31,0.6776,0.8924,0.5,2042,4084,ORACLE,2036,0.8125,1.0
0.2,31,0.6776,0.8924,0.6,2450,4084,RT,2443,0.675,0.0
0.2,31,0.6776,0.8924,0.6,2450,4084,H2O,2449,0.6875,0.0
0.2,31,0.6776,0.8924,0.6,2450,4084,CAUSAL,2450,0.666667,0.0
0.2,31,0.6776,0.8924,0.6,2450,4084,ORACLE,2449,0.866667,1.0
0.2,32,0.5025,0.7856,0.2,1013,5068,RT,1006,0.225,0.0
0.2,32,0.5025,0.7856,0.2,1013,5068,H2O,1010,0.225,0.0
0.2,32,0.5025,0.7856,0.2,1013,5068,CAUSAL,1008,0.25,0.0
0.2,32,0.5025,0.7856,0.2,1013,5068,ORACLE,1010,0.341667,0.0
0.2,32,0.5025,0.7856,0.3,1520,5068,RT,1520,0.325,0.0
0.2,32,0.5025,0.7856,0.3,1520,5068,H2O,1516,0.254167,0.0
0.2,32,0.5025,0.7856,0.3,1520,5068,CAUSAL,1513,0.366667,0.0
0.2,32,0.5025,0.7856,0.3,1520,5068,ORACLE,1520,0.545833,0.0
0.2,32,0.5025,0.7856,0.4,2027,5068,RT,2024,0.4375,0.0
0.2,32,0.5025,0.7856,0.4,2027,5068,H2O,2027,0.4875,0.0
0.2,32,0.5025,0.7856,0.4,2027,5068,CAUSAL,2017,0.495833,0.0
0.2,32,0.5025,0.7856,0.4,2027,5068,ORACLE,2019,0.816667,1.0
0.2,32,0.5025,0.7856,0.5,2534,5068,RT,2534,0.5625,0.0
0.2,32,0.5025,0.7856,0.5,2534,5068,H2O,2488,0.670833,0.0
0.2,32,0.5025,0.7856,0.5,2534,5068,CAUSAL,2533,0.654167,0.0
0.2,32,0.5025,0.7856,0.5,2534,5068,ORACLE,2528,0.883333,1.0
0.2,32,0.5025,0.7856,0.6,3040,5068,RT,3034,0.55,0.0
0.2,32,0.5025,0.7856,0.6,3040,5068,H2O,2978,0.704167,0.0
0.2,32,0.5025,0.7856,0.6,3040,5068,CAUSAL,3038,0.633333,0.0
0.2,32,0.5025,0.7856,0.6,3040,5068,ORACLE,3031,0.908333,1.0
0.2,33,0.4749,0.7603,0.2,950,4750,RT,947,0.225,0.0
0.2,33,0.4749,0.7603,0.2,950,4750,H2O,948,0.2125,0.0
0.2,33,0.4749,0.7603,0.2,950,4750,CAUSAL,946,0.145833,0.0
0.2,33,0.4749,0.7603,0.2,950,4750,ORACLE,950,0.370833,0.0
0.2,33,0.4749,0.7603,0.3,1425,4750,RT,1418,0.2375,0.0
0.2,33,0.4749,0.7603,0.3,1425,4750,H2O,1423,0.333333,0.0
0.2,33,0.4749,0.7603,0.3,1425,4750,CAUSAL,1421,0.270833,0.0
0.2,33,0.4749,0.7603,0.3,1425,4750,ORACLE,1423,0.508333,1.0
0.2,33,0.4749,0.7603,0.4,1900,4750,RT,1899,0.308333,0.0
0.2,33,0.4749,0.7603,0.4,1900,4750,H2O,1899,0.341667,0.0
0.2,33,0.4749,0.7603,0.4,1900,4750,CAUSAL,1899,0.383333,0.0
0.2,33,0.4749,0.7603,0.4,1900,4750,ORACLE,1899,0.804167,1.0
0.2,33,0.4749,0.7603,0.5,2375,4750,RT,2374,0.4375,0.0
0.2,33,0.4749,0.7603,0.5,2375,4750,H2O,2375,0.458333,0.0
0.2,33,0.4749,0.7603,0.5,2375,4750,CAUSAL,2375,0.516667,0.0
0.2,33,0.4749,0.7603,0.5,2375,4750,ORACLE,2365,0.8875,1.0
0.2,33,0.4749,0.7603,0.6,2850,4750,RT,2847,0.541667,0.0
0.2,33,0.4749,0.7603,0.6,2850,4750,H2O,2842,0.566667,0.0
0.2,33,0.4749,0.7603,0.6,2850,4750,CAUSAL,2850,0.525,0.0
0.2,33,0.4749,0.7603,0.6,2850,4750,ORACLE,2848,0.9,1.0
0.2,34,0.548,0.8868,0.2,881,4405,RT,876,0.2125,0.0
0.2,34,0.548,0.8868,0.2,881,4405,H2O,875,0.245833,0.0
0.2,34,0.548,0.8868,0.2,881,4405,CAUSAL,880,0.316667,0.0
0.2,34,0.548,0.8868,0.2,881,4405,ORACLE,877,0.316667,1.0
0.2,34,0.548,0.8868,0.3,1321,4405,RT,1314,0.4375,0.0
0.2,34,0.548,0.8868,0.3,1321,4405,H2O,1312,0.470833,0.0
0.2,34,0.548,0.8868,0.3,1321,4405,CAUSAL,1320,0.425,0.0
0.2,34,0.548,0.8868,0.3,1321,4405,ORACLE,1313,0.754167,1.0
0.2,34,0.548,0.8868,0.4,1762,4405,RT,1757,0.645833,0.0
0.2,34,0.548,0.8868,0.4,1762,4405,H2O,1750,0.541667,0.0
0.2,34,0.548,0.8868,0.4,1762,4405,CAUSAL,1756,0.504167,1.0
0.2,34,0.548,0.8868,0.4,1762,4405,ORACLE,1757,0.8625,1.0
0.2,34,0.548,0.8868,0.5,2202,4405,RT,2202,0.616667,0.0
0.2,34,0.548,0.8868,0.5,2202,4405,H2O,2201,0.6625,0.0
0.2,34,0.548,0.8868,0.5,2202,4405,CAUSAL,2196,0.583333,1.0
0.2,34,0.548,0.8868,0.5,2202,4405,ORACLE,2198,0.9375,1.0
0.2,34,0.548,0.8868,0.6,2643,4405,RT,2634,0.745833,0.0
0.2,34,0.548,0.8868,0.6,2643,4405,H2O,2640,0.775,0.0
0.2,34,0.548,0.8868,0.6,2643,4405,CAUSAL,2641,0.633333,1.0
0.2,34,0.548,0.8868,0.6,2643,4405,ORACLE,2638,0.9375,1.0
0.2,35,0.66,0.9085,0.2,1004,5020,RT,1004,0.120833,0.0
0.2,35,0.66,0.9085,0.2,1004,5020,H2O,998,0.245833,0.0
0.2,35,0.66,0.9085,0.2,1004,5020,CAUSAL,1004,0.25,0.0
0.2,35,0.66,0.9085,0.2,1004,5020,ORACLE,1002,0.2625,0.0
0.2,35,0.66,0.9085,0.3,1506,5020,RT,1502,0.2625,0.0
0.2,35,0.66,0.9085,0.3,1506,5020,H2O,1503,0.304167,0.0
0.2,35,0.66,0.9085,0.3,1506,5020,CAUSAL,1499,0.3125,0.0
0.2,35,0.66,0.9085,0.3,1506,5020,ORACLE,1503,0.475,1.0
0.2,35,0.66,0.9085,0.4,2008,5020,RT,2000,0.229167,0.0
0.2,35,0.66,0.9085,0.4,2008,5020,H2O,2007,0.358333,0.0
0.2,35,0.66,0.9085,0.4,2008,5020,CAUSAL,1999,0.516667,0.0
0.2,35,0.66,0.9085,0.4,2008,5020,ORACLE,2003,0.858333,1.0
0.2,35,0.66,0.9085,0.5,2510,5020,RT,2505,0.3,0.0
0.2,35,0.66,0.9085,0.5,2510,5020,H2O,2509,0.4625,0.0
0.2,35,0.66,0.9085,0.5,2510,5020,CAUSAL,2505,0.6,1.0
0.2,35,0.66,0.9085,0.5,2510,5020,ORACLE,2504,0.9,1.0
0.2,35,0.66,0.9085,0.6,3012,5020,RT,3012,0.5,0.0
0.2,35,0.66,0.9085,0.6,3012,5020,H2O,3004,0.579167,0.0
0.2,35,0.66,0.9085,0.6,3012,5020,CAUSAL,3010,0.720833,1.0
0.2,35,0.66,0.9085,0.6,3012,5020,ORACLE,3011,0.929167,1.0
0.2,36,0.7332,0.746,0.2,1024,5120,RT,1022,0.275,0.0
0.2,36,0.7332,0.746,0.2,1024,5120,H2O,1017,0.245833,0.0
0.2,36,0.7332,0.746,0.2,1024,5120,CAUSAL,1017,0.170833,0.0
0.2,36,0.7332,0.746,0.2,1024,5120,ORACLE,1023,0.2625,0.0
0.2,36,0.7332,0.746,0.3,1536,5120,RT,1535,0.325,0.0
0.2,36,0.7332,0.746,0.3,1536,5120,H2O,1533,0.375,0.0
0.2,36,0.7332,0.746,0.3,1536,5120,CAUSAL,1534,0.329167,0.0
0.2,36,0.7332,0.746,0.3,1536,5120,ORACLE,1525,0.5625,1.0
0.2,36,0.7332,0.746,0.4,2048,5120,RT,2047,0.5375,0.0
0.2,36,0.7332,0.746,0.4,2048,5120,H2O,2046,0.508333,0.0
0.2,36,0.7332,0.746,0.4,2048,5120,CAUSAL,2042,0.441667,0.0
0.2,36,0.7332,0.746,0.4,2048,5120,ORACLE,2048,0.725,1.0
0.2,36,0.7332,0.746,0.5,2560,5120,RT,2558,0.545833,0.0
0.2,36,0.7332,0.746,0.5,2560,5120,H2O,2556,0.679167,0.0
0.2,36,0.7332,0.746,0.5,2560,5120,CAUSAL,2555,0.533333,0.0
0.2,36,0.7332,0.746,0.5,2560,5120,ORACLE,2557,0.770833,1.0
0.2,36,0.7332,0.746,0.6,3072,5120,RT,3069,0.775,0.0
0.2,36,0.7332,0.746,0.6,3072,5120,H2O,3071,0.745833,0.0
0.2,36,0.7332,0.746,0.6,3072,5120,CAUSAL,3070,0.745833,0.0
0.2,36,0.7332,0.746,0.6,3072,5120,ORACLE,3066,0.808333,1.0
0.2,37,0.6645,0.8509,0.2,751,3756,RT,750,0.329167,0.0
0.2,37,0.6645,0.8509,0.2,751,3756,H2O,750,0.333333,0.0
0.2,37,0.6645,0.8509,0.2,751,3756,CAUSAL,748,0.379167,0.0
0.2,37,0.6645,0.8509,0.2,751,3756,ORACLE,751,0.2875,1.0
0.2,37,0.6645,0.8509,0.3,1126,3756,RT,1121,0.4,0.0
0.2,37,0.6645,0.8509,0.3,1126,3756,H2O,1122,0.433333,0.0
0.2,37,0.6645,0.8509,0.3,1126,3756,CAUSAL,1123,0.458333,0.0
0.2,37,0.6645,0.8509,0.3,1126,3756,ORACLE,1124,0.6875,1.0
0.2,37,0.6645,0.8509,0.4,1502,3756,RT,1500,0.4875,0.0
0.2,37,0.6645,0.8509,0.4,1502,3756,H2O,1502,0.525,0.0
0.2,37,0.6645,0.8509,0.4,1502,3756,CAUSAL,1501,0.5,0.0
0.2,37,0.6645,0.8509,0.4,1502,3756,ORACLE,1495,0.875,1.0
0.2,37,0.6645,0.8509,0.5,1878,3756,RT,1872,0.591667,0.0
0.2,37,0.6645,0.8509,0.5,1878,3756,H2O,1872,0.629167,0.0
0.2,37,0.6645,0.8509,0.5,1878,3756,CAUSAL,1872,0.625,1.0
0.2,37,0.6645,0.8509,0.5,1878,3756,ORACLE,1866,0.920833,1.0
0.2,37,0.6645,0.8509,0.6,2253,3756,RT,2251,0.695833,1.0
0.2,37,0.6645,0.8509,0.6,2253,3756,H2O,2248,0.7625,0.0
0.2,37,0.6645,0.8509,0.6,2253,3756,CAUSAL,2248,0.758333,0.0
0.2,37,0.6645,0.8509,0.6,2253,3756,ORACLE,2252,0.9625,1.0
0.2,38,0.6512,0.7477,0.2,774,3873,RT,773,0.279167,0.0
0.2,38,0.6512,0.7477,0.2,774,3873,H2O,771,0.329167,0.0
0.2,38,0.6512,0.7477,0.2,774,3873,CAUSAL,769,0.15,0.0
0.2,38,0.6512,0.7477,0.2,774,3873,ORACLE,771,0.2125,0.0
0.2,38,0.6512,0.7477,0.3,1161,3873,RT,1159,0.416667,0.0
0.2,38,0.6512,0.7477,0.3,1161,3873,H2O,1157,0.354167,0.0
0.2,38,0.6512,0.7477,0.3,1161,3873,CAUSAL,1156,0.2875,0.0
0.2,38,0.6512,0.7477,0.3,1161,3873,ORACLE,1153,0.383333,0.0
0.2,38,0.6512,0.7477,0.4,1549,3873,RT,1546,0.4625,0.0
0.2,38,0.6512,0.7477,0.4,1549,3873,H2O,1544,0.445833,0.0
0.2,38,0.6512,0.7477,0.4,1549,3873,CAUSAL,1545,0.383333,0.0
0.2,38,0.6512,0.7477,0.4,1549,3873,ORACLE,1548,0.608333,1.0
0.2,38,0.6512,0.7477,0.5,1936,3873,RT,1928,0.5125,0.0
0.2,38,0.6512,0.7477,0.5,1936,3873,H2O,1936,0.5125,0.0
0.2,38,0.6512,0.7477,0.5,1936,3873,CAUSAL,1928,0.508333,0.0
0.2,38,0.6512,0.7477,0.5,1936,3873,ORACLE,1935,0.879167,1.0
0.2,38,0.6512,0.7477,0.6,2323,3873,RT,2323,0.608333,0.0
0.2,38,0.6512,0.7477,0.6,2323,3873,H2O,2316,0.554167,0.0
0.2,38,0.6512,0.7477,0.6,2323,3873,CAUSAL,2317,0.595833,0.0
0.2,38,0.6512,0.7477,0.6,2323,3873,ORACLE,2320,0.925,1.0
0.2,39,0.532,0.5839,0.2,825,4126,RT,825,0.216667,0.0
0.2,39,0.532,0.5839,0.2,825,4126,H2O,822,0.258333,0.0
0.2,39,0.532,0.5839,0.2,825,4126,CAUSAL,823,0.195833,0.0
0.2,39,0.532,0.5839,0.2,825,4126,ORACLE,824,0.291667,0.0
0.2,39,0.532,0.5839,0.3,1237,4126,RT,1234,0.2875,0.0
0.2,39,0.532,0.5839,0.3,1237,4126,H2O,1236,0.345833,0.0
0.2,39,0.532,0.5839,0.3,1237,4126,CAUSAL,1233,0.25,0.0
0.2,39,0.532,0.5839,0.3,1237,4126,ORACLE,1237,0.445833,0.0
0.2,39,0.532,0.5839,0.4,1650,4126,RT,1650,0.4875,0.0
0.2,39,0.532,0.5839,0.4,1650,4126,H2O,1645,0.529167,0.0
0.2,39,0.532,0.5839,0.4,1650,4126,CAUSAL,1648,0.470833,0.0
0.2,39,0.532,0.5839,0.4,1650,4126,ORACLE,1649,0.7375,1.0
0.2,39,0.532,0.5839,0.5,2063,4126,RT,2060,0.508333,0.0
0.2,39,0.532,0.5839,0.5,2063,4126,H2O,2061,0.541667,0.0
0.2,39,0.532,0.5839,0.5,2063,4126,CAUSAL,2055,0.545833,0.0
0.2,39,0.532,0.5839,0.5,2063,4126,ORACLE,2062,0.8625,1.0
0.2,39,0.532,0.5839,0.6,2475,4126,RT,2474,0.670833,0.0
0.2,39,0.532,0.5839,0.6,2475,4126,H2O,2459,0.641667,0.0
0.2,39,0.532,0.5839,0.6,2475,4126,CAUSAL,2468,0.525,0.0
0.2,39,0.532,0.5839,0.6,2475,4126,ORACLE,2471,0.8875,1.0
0.2,40,0.5241,0.7284,0.2,1005,5027,RT,1004,0.283333,0.0
0.2,40,0.5241,0.7284,0.2,1005,5027,H2O,1005,0.475,0.0
0.2,40,0.5241,0.7284,0.2,1005,5027,CAUSAL,1004,0.325,0.0
0.2,40,0.5241,0.7284,0.2,1005,5027,ORACLE,1004,0.341667,1.0
0.2,40,0.5241,0.7284,0.3,1508,5027,RT,1507,0.4125,0.0
0.2,40,0.5241,0.7284,0.3,1508,5027,H2O,1508,0.483333,0.0
0.2,40,0.5241,0.7284,0.3,1508,5027,CAUSAL,1505,0.404167,0.0
0.2,40,0.5241,0.7284,0.3,1508,5027,ORACLE,1508,0.829167,1.0
0.2,40,0.5241,0.7284,0.4,2010,5027,RT,2009,0.525,0.0
0.2,40,0.5241,0.7284,0.4,2010,5027,H2O,2007,0.604167,0.0
0.2,40,0.5241,0.7284,0.4,2010,5027,CAUSAL,2005,0.566667,0.0
0.2,40,0.5241,0.7284,0.4,2010,5027,ORACLE,2004,0.891667,1.0
0.2,40,0.5241,0.7284,0.5,2513,5027,RT,2512,0.529167,0.0
0.2,40,0.5241,0.7284,0.5,2513,5027,H2O,2507,0.65,0.0
0.2,40,0.5241,0.7284,0.5,2513,5027,CAUSAL,2509,0.608333,0.0
0.2,40,0.5241,0.7284,0.5,2513,5027,ORACLE,2513,0.95,1.0
0.2,40,0.5241,0.7284,0.6,3016,5027,RT,3010,0.691667,0.0
0.2,40,0.5241,0.7284,0.6,3016,5027,H2O,3006,0.725,0.0
0.2,40,0.5241,0.7284,0.6,3016,5027,CAUSAL,2992,0.804167,0.0
0.2,40,0.5241,0.7284,0.6,3016,5027,ORACLE,3012,0.9625,1.0
0.2,41,0.698,0.8736,0.2,758,3790,RT,757,0.2625,0.0
0.2,41,0.698,0.8736,0.2,758,3790,H2O,756,0.275,0.0
0.2,41,0.698,0.8736,0.2,758,3790,CAUSAL,752,0.1625,0.0
0.2,41,0.698,0.8736,0.2,758,3790,ORACLE,754,0.2625,0.0
0.2,41,0.698,0.8736,0.3,1137,3790,RT,1131,0.304167,0.0
0.2,41,0.698,0.8736,0.3,1137,3790,H2O,1132,0.333333,0.0
0.2,41,0.698,0.8736,0.3,1137,3790,CAUSAL,1137,0.358333,0.0
0.2,41,0.698,0.8736,0.3,1137,3790,ORACLE,1135,0.35,0.0
0.2,41,0.698,0.8736,0.4,1516,3790,RT,1510,0.375,0.0
0.2,41,0.698,0.8736,0.4,1516,3790,H2O,1516,0.3625,0.0
0.2,41,0.698,0.8736,0.4,1516,3790,CAUSAL,1513,0.475,0.0
0.2,41,0.698,0.8736,0.4,1516,3790,ORACLE,1515,0.6625,1.0
0.2,41,0.698,0.8736,0.5,1895,3790,RT,1890,0.483333,0.0
0.2,41,0.698,0.8736,0.5,1895,3790,H2O,1895,0.504167,0.0
0.2,41,0.698,0.8736,0.5,1895,3790,CAUSAL,1888,0.525,0.0
0.2,41,0.698,0.8736,0.5,1895,3790,ORACLE,1890,0.8375,1.0
0.2,41,0.698,0.8736,0.6,2274,3790,RT,2273,0.625,0.0
0.2,41,0.698,0.8736,0.6,2274,3790,H2O,2267,0.666667,0.0
0.2,41,0.698,0.8736,0.6,2274,3790,CAUSAL,2270,0.679167,0.0
0.2,41,0.698,0.8736,0.6,2274,3790,ORACLE,2272,0.95,1.0
0.2,42,0.5229,0.8798,0.2,936,4681,RT,934,0.158333,0.0
0.2,42,0.5229,0.8798,0.2,936,4681,H2O,930,0.225,0.0
0.2,42,0.5229,0.8798,0.2,936,4681,CAUSAL,935,0.266667,0.0
0.2,42,0.5229,0.8798,0.2,936,4681,ORACLE,928,0.345833,0.0
0.2,42,0.5229,0.8798,0.3,1404,4681,RT,1404,0.370833,0.0
0.2,42,0.5229,0.8798,0.3,1404,4681,H2O,1396,0.391667,0.0
0.2,42,0.5229,0.8798,0.3,1404,4681,CAUSAL,1402,0.454167,0.0
0.2,42,0.5229,0.8798,0.3,1404,4681,ORACLE,1400,0.579167,1.0
0.2,42,0.5229,0.8798,0.4,1872,4681,RT,1866,0.395833,0.0
0.2,42,0.5229,0.8798,0.4,1872,4681,H2O,1870,0.420833,0.0
0.2,42,0.5229,0.8798,0.4,1872,4681,CAUSAL,1866,0.566667,0.0
0.2,42,0.5229,0.8798,0.4,1872,4681,ORACLE,1867,0.7875,1.0
0.2,42,0.5229,0.8798,0.5,2340,4681,RT,2332,0.520833,0.0
0.2,42,0.5229,0.8798,0.5,2340,4681,H2O,2334,0.579167,0.0
0.2,42,0.5229,0.8798,0.5,2340,4681,CAUSAL,2333,0.7,1.0
0.2,42,0.5229,0.8798,0.5,2340,4681,ORACLE,2340,0.833333,1.0
0.2,42,0.5229,0.8798,0.6,2808,4681,RT,2808,0.629167,0.0
0.2,42,0.5229,0.8798,0.6,2808,4681,H2O,2802,0.5875,0.0
0.2,42,0.5229,0.8798,0.6,2808,4681,CAUSAL,2806,0.729167,1.0
0.2,42,0.5229,0.8798,0.6,2808,4681,ORACLE,2799,0.908333,1.0
0.2,43,0.6667,0.8255,0.2,626,3131,RT,625,0.154167,0.0
0.2,43,0.6667,0.8255,0.2,626,3131,H2O,619,0.25,0.0
0.2,43,0.6667,0.8255,0.2,626,3131,CAUSAL,624,0.258333,0.0
0.2,43,0.6667,0.8255,0.2,626,3131,ORACLE,626,0.304167,1.0
0.2,43,0.6667,0.8255,0.3,939,3131,RT,933,0.370833,0.0
0.2,43,0.6667,0.8255,0.3,939,3131,H2O,937,0.354167,0.0
0.2,43,0.6667,0.8255,0.3,939,3131,CAUSAL,936,0.404167,0.0
0.2,43,0.6667,0.8255,0.3,939,3131,ORACLE,934,0.65,1.0
0.2,43,0.6667,0.8255,0.4,1252,3131,RT,1252,0.483333,0.0
0.2,43,0.6667,0.8255,0.4,1252,3131,H2O,1252,0.520833,0.0
0.2,43,0.6667,0.8255,0.4,1252,3131,CAUSAL,1252,0.5375,0.0
0.2,43,0.6667,0.8255,0.4,1252,3131,ORACLE,1249,0.7625,1.0
0.2,43,0.6667,0.8255,0.5,1565,3131,RT,1564,0.625,0.0
0.2,43,0.6667,0.8255,0.5,1565,3131,H2O,1555,0.641667,0.0
0.2,43,0.6667,0.8255,0.5,1565,3131,CAUSAL,1559,0.670833,0.0
0.2,43,0.6667,0.8255,0.5,1565,3131,ORACLE,1562,0.808333,1.0
0.2,43,0.6667,0.8255,0.6,1878,3131,RT,1874,0.708333,0.0
0.2,43,0.6667,0.8255,0.6,1878,3131,H2O,1876,0.8125,0.0
0.2,43,0.6667,0.8255,0.6,1878,3131,CAUSAL,1878,0.833333,1.0
0.2,43,0.6667,0.8255,0.6,1878,3131,ORACLE,1875,0.891667,1.0
0.2,44,0.634,0.8814,0.2,855,4275,RT,855,0.2375,0.0
0.2,44,0.634,0.8814,0.2,855,4275,H2O,847,0.241667,0.0
0.2,44,0.634,0.8814,0.2,855,4275,CAUSAL,849,0.329167,0.0
0.2,44,0.634,0.8814,0.2,855,4275,ORACLE,848,0.383333,0.0
0.2,44,0.634,0.8814,0.3,1282,4275,RT,1282,0.295833,0.0
0.2,44,0.634,0.8814,0.3,1282,4275,H2O,1282,0.391667,0.0
0.2,44,0.634,0.8814,0.3,1282,4275,CAUSAL,1276,0.475,0.0
0.2,44,0.634,0.8814,0.3,1282,4275,ORACLE,1277,0.670833,1.0
0.2,44,0.634,0.8814,0.4,1710,4275,RT,1708,0.408333,0.0
0.2,44,0.634,0.8814,0.4,1710,4275,H2O,1703,0.5125,0.0
0.2,44,0.634,0.8814,0.4,1710,4275,CAUSAL,1706,0.625,1.0
0.2,44,0.634,0.8814,0.4,1710,4275,ORACLE,1707,0.770833,1.0
0.2,44,0.634,0.8814,0.5,2137,4275,RT,2137,0.570833,0.0
0.2,44,0.634,0.8814,0.5,2137,4275,H2O,2130,0.591667,0.0
0.2,44,0.634,0.8814,0.5,2137,4275,CAUSAL,2137,0.666667,1.0
0.2,44,0.634,0.8814,0.5,2137,4275,ORACLE,2133,0.804167,1.0
0.2,44,0.634,0.8814,0.6,2565,4275,RT,2560,0.7125,0.0
0.2,44,0.634,0.8814,0.6,2565,4275,H2O,2550,0.633333,0.0
0.2,44,0.634,0.8814,0.6,2565,4275,CAUSAL,2562,0.704167,1.0
0.2,44,0.634,0.8814,0.6,2565,4275,ORACLE,2554,0.879167,1.0
0.2,45,0.534,0.6645,0.2,736,3683,RT,728,0.2875,0.0
0.2,45,0.534,0.6645,0.2,736,3683,H2O,730,0.316667,0.0
0.2,45,0.534,0.6645,0.2,736,3683,CAUSAL,733,0.2,0.0
0.2,45,0.534,0.6645,0.2,736,3683,ORACLE,734,0.291667,0.0
0.2,45,0.534,0.6645,0.3,1104,3683,RT,1101,0.366667,0.0
0.2,45,0.534,0.6645,0.3,1104,3683,H2O,1099,0.383333,0.0
0.2,45,0.534,0.6645,0.3,1104,3683,CAUSAL,1102,0.370833,0.0
0.2,45,0.534,0.6645,0.3,1104,3683,ORACLE,1099,0.475,1.0
0.2,45,0.534,0.6645,0.4,1473,3683,RT,1469,0.383333,0.0
0.2,45,0.534,0.6645,0.4,1473,3683,H2O,1467,0.470833,0.0
0.2,45,0.534,0.6645,0.4,1473,3683,CAUSAL,1470,0.429167,0.0
0.2,45,0.534,0.6645,0.4,1473,3683,ORACLE,1471,0.758333,1.0
0.2,45,0.534,0.6645,0.5,1841,3683,RT,1841,0.483333,0.0
0.2,45,0.534,0.6645,0.5,1841,3683,H2O,1840,0.65,0.0
0.2,45,0.534,0.6645,0.5,1841,3683,CAUSAL,1837,0.608333,0.0
0.2,45,0.534,0.6645,0.5,1841,3683,ORACLE,1833,0.858333,1.0
0.2,45,0.534,0.6645,0.6,2209,3683,RT,2200,0.7,0.0
0.2,45,0.534,0.6645,0.6,2209,3683,H2O,2192,0.704167,0.0
0.2,45,0.534,0.6645,0.6,2209,3683,CAUSAL,2200,0.645833,0.0
0.2,45,0.534,0.6645,0.6,2209,3683,ORACLE,2201,0.941667,1.0
0.2,46,0.5622,0.793,0.2,802,4010,RT,802,0.179167,0.0
0.2,46,0.5622,0.793,0.2,802,4010,H2O,796,0.254167,0.0
0.2,46,0.5622,0.793,0.2,802,4010,CAUSAL,800,0.2125,0.0
0.2,46,0.5622,0.793,0.2,802,4010,ORACLE,796,0.358333,0.0
0.2,46,0.5622,0.793,0.3,1203,4010,RT,1199,0.283333,0.0
0.2,46,0.5622,0.793,0.3,1203,4010,H2O,1201,0.383333,0.0
0.2,46,0.5622,0.793,0.3,1203,4010,CAUSAL,1203,0.3,0.0
0.2,46,0.5622,0.793,0.3,1203,4010,ORACLE,1203,0.475,1.0
0.2,46,0.5622,0.793,0.4,1604,4010,RT,1603,0.3875,0.0
0.2,46,0.5622,0.793,0.4,1604,4010,H2O,1593,0.483333,0.0
0.2,46,0.5622,0.793,0.4,1604,4010,CAUSAL,1603,0.429167,0.0
0.2,46,0.5622,0.793,0.4,1604,4010,ORACLE,1600,0.7375,1.0
0.2,46,0.5622,0.793,0.5,2005,4010,RT,2000,0.570833,0.0
0.2,46,0.5622,0.793,0.5,2005,4010,H2O,2003,0.608333,0.0
0.2,46,0.5622,0.793,0.5,2005,4010,CAUSAL,2002,0.458333,0.0
0.2,46,0.5622,0.793,0.5,2005,4010,ORACLE,1996,0.845833,1.0
0.2,46,0.5622,0.793,0.6,2406,4010,RT,2401,0.7,0.0
0.2,46,0.5622,0.793,0.6,2406,4010,H2O,2403,0.7,0.0
0.2,46,0.5622,0.793,0.6,2406,4010,CAUSAL,2406,0.504167,0.0
0.2,46,0.5622,0.793,0.6,2406,4010,ORACLE,2401,0.891667,1.0
0.2,47,0.6776,0.8733,0.2,872,4363,RT,870,0.129167,0.0
0.2,47,0.6776,0.8733,0.2,872,4363,H2O,871,0.204167,0.0
0.2,47,0.6776,0.8733,0.2,872,4363,CAUSAL,871,0.183333,0.0
0.2,47,0.6776,0.8733,0.2,872,4363,ORACLE,867,0.483333,1.0
0.2,47,0.6776,0.8733,0.3,1308,4363,RT,1301,0.2375,0.0
0.2,47,0.6776,0.8733,0.3,1308,4363,H2O,1300,0.329167,0.0
0.2,47,0.6776,0.8733,0.3,1308,4363,CAUSAL,1302,0.329167,0.0
0.2,47,0.6776,0.8733,0.3,1308,4363,ORACLE,1299,0.825,1.0
0.2,47,0.6776,0.8733,0.4,1745,4363,RT,1739,0.508333,0.0
0.2,47,0.6776,0.8733,0.4,1745,4363,H2O,1741,0.479167,0.0
0.2,47,0.6776,0.8733,0.4,1745,4363,CAUSAL,1741,0.554167,1.0
0.2,47,0.6776,0.8733,0.4,1745,4363,ORACLE,1745,0.854167,1.0
0.2,47,0.6776,0.8733,0.5,2181,4363,RT,2179,0.529167,0.0
0.2,47,0.6776,0.8733,0.5,2181,4363,H2O,2161,0.495833,0.0
0.2,47,0.6776,0.8733,0.5,2181,4363,CAUSAL,2179,0.595833,1.0
0.2,47,0.6776,0.8733,0.5,2181,4363,ORACLE,2177,0.891667,1.0
0.2,47,0.6776,0.8733,0.6,2617,4363,RT,2605,0.620833,0.0
0.2,47,0.6776,0.8733,0.6,2617,4363,H2O,2602,0.595833,0.0
0.2,47,0.6776,0.8733,0.6,2617,4363,CAUSAL,2616,0.8,1.0
0.2,47,0.6776,0.8733,0.6,2617,4363,ORACLE,2611,0.95,1.0
0.2,48,0.558,0.8281,0.2,1017,5086,RT,1011,0.325,0.0
0.2,48,0.558,0.8281,0.2,1017,5086,H2O,1011,0.379167,0.0
0.2,48,0.558,0.8281,0.2,1017,5086,CAUSAL,1013,0.266667,0.0
0.2,48,0.558,0.8281,0.2,1017,5086,ORACLE,1016,0.470833,0.0
0.2,48,0.558,0.8281,0.3,1525,5086,RT,1519,0.470833,0.0
0.2,48,0.558,0.8281,0.3,1525,5086,H2O,1520,0.508333,0.0
0.2,48,0.558,0.8281,0.3,1525,5086,CAUSAL,1521,0.383333,0.0
0.2,48,0.558,0.8281,0.3,1525,5086,ORACLE,1519,0.504167,1.0
0.2,48,0.558,0.8281,0.4,2034,5086,RT,2027,0.45,0.0
0.2,48,0.558,0.8281,0.4,2034,5086,H2O,2034,0.529167,0.0
0.2,48,0.558,0.8281,0.4,2034,5086,CAUSAL,2031,0.4625,0.0
0.2,48,0.558,0.8281,0.4,2034,5086,ORACLE,2032,0.816667,1.0
0.2,48,0.558,0.8281,0.5,2543,5086,RT,2543,0.558333,0.0
0.2,48,0.558,0.8281,0.5,2543,5086,H2O,2542,0.595833,0.0
0.2,48,0.558,0.8281,0.5,2543,5086,CAUSAL,2541,0.5875,0.0
0.2,48,0.558,0.8281,0.5,2543,5086,ORACLE,2537,0.8875,1.0
0.2,48,0.558,0.8281,0.6,3051,5086,RT,3050,0.620833,0.0
0.2,48,0.558,0.8281,0.6,3051,5086,H2O,3040,0.6625,0.0
0.2,48,0.558,0.8281,0.6,3051,5086,CAUSAL,3048,0.641667,0.0
0.2,48,0.558,0.8281,0.6,3051,5086,ORACLE,3049,0.933333,1.0
0.2,49,0.7994,0.8592,0.2,998,4992,RT,997,0.279167,0.0
0.2,49,0.7994,0.8592,0.2,998,4992,H2O,995,0.220833,0.0
0.2,49,0.7994,0.8592,0.2,998,4992,CAUSAL,996,0.2875,0.0
0.2,49,0.7994,0.8592,0.2,998,4992,ORACLE,998,0.341667,0.0
0.2,49,0.7994,0.8592,0.3,1497,4992,RT,1491,0.3125,0.0
0.2,49,0.7994,0.8592,0.3,1497,4992,H2O,1493,0.320833,0.0
0.2,49,0.7994,0.8592,0.3,1497,4992,CAUSAL,1497,0.458333,0.0
0.2,49,0.7994,0.8592,0.3,1497,4992,ORACLE,1494,0.366667,0.0
0.2,49,0.7994,0.8592,0.4,1996,4992,RT,1995,0.429167,0.0
0.2,49,0.7994,0.8592,0.4,1996,4992,H2O,1993,0.383333,0.0
0.2,49,0.7994,0.8592,0.4,1996,4992,CAUSAL,1990,0.55,0.0
0.2,49,0.7994,0.8592,0.4,1996,4992,ORACLE,1989,0.679167,1.0
0.2,49,0.7994,0.8592,0.5,2496,4992,RT,2493,0.4875,0.0
0.2,49,0.7994,0.8592,0.5,2496,4992,H2O,2495,0.479167,0.0
0.2,49,0.7994,0.8592,0.5,2496,4992,CAUSAL,2492,0.641667,0.0
0.2,49,0.7994,0.8592,0.5,2496,4992,ORACLE,2491,0.7375,1.0
0.2,49,0.7994,0.8592,0.6,2995,4992,RT,2988,0.625,0.0
0.2,49,0.7994,0.8592,0.6,2995,4992,H2O,2989,0.595833,0.0
0.2,49,0.7994,0.8592,0.6,2995,4992,CAUSAL,2991,0.795833,0.0
0.2,49,0.7994,0.8592,0.6,2995,4992,ORACLE,2993,0.8375,1.0
0.2,50,0.54,0.79,0.2,850,4253,RT,846,0.154167,0.0
0.2,50,0.54,0.79,0.2,850,4253,H2O,844,0.241667,0.0
0.2,50,0.54,0.79,0.2,850,4253,CAUSAL,846,0.254167,0.0
0.2,50,0.54,0.79,0.2,850,4253,ORACLE,841,0.366667,0.0
0.2,50,0.54,0.79,0.3,1275,4253,RT,1271,0.279167,0.0
0.2,50,0.54,0.79,0.3,1275,4253,H2O,1274,0.325,0.0
0.2,50,0.54,0.79,0.3,1275,4253,CAUSAL,1269,0.304167,0.0
0.2,50,0.54,0.79,0.3,1275,4253,ORACLE,1269,0.3375,1.0
0.2,50,0.54,0.79,0.4,1701,4253,RT,1693,0.345833,0.0
0.2,50,0.54,0.79,0.4,1701,4253,H2O,1701,0.475,0.0
0.2,50,0.54,0.79,0.4,1701,4253,CAUSAL,1700,0.404167,0.0
0.2,50,0.54,0.79,0.4,1701,4253,ORACLE,1698,0.779167,1.0
0.2,50,0.54,0.79,0.5,2126,4253,RT,2125,0.466667,0.0
0.2,50,0.54,0.79,0.5,2126,4253,H2O,2124,0.491667,0.0
0.2,50,0.54,0.79,0.5,2126,4253,CAUSAL,2116,0.445833,0.0
0.2,50,0.54,0.79,0.5,2126,4253,ORACLE,2121,0.829167,1.0
0.2,50,0.54,0.79,0.6,2551,4253,RT,2548,0.5125,0.0
0.2,50,0.54,0.79,0.6,2551,4253,H2O,2542,0.579167,0.0
0.2,50,0.54,0.79,0.6,2551,4253,CAUSAL,2544,0.508333,0.0
0.2,50,0.54,0.79,0.6,2551,4253,ORACLE,2544,0.916667,1.0
0.2,51,0.522,0.7384,0.2,865,4328,RT,862,0.316667,0.0
0.2,51,0.522,0.7384,0.2,865,4328,H2O,865,0.2875,0.0
0.2,51,0.522,0.7384,0.2,865,4328,CAUSAL,863,0.116667,0.0
0.2,51,0.522,0.7384,0.2,865,4328,ORACLE,858,0.275,0.0
0.2,51,0.522,0.7384,0.3,1298,4328,RT,1291,0.416667,0.0
0.2,51,0.522,0.7384,0.3,1298,4328,H2O,1298,0.441667,0.0
0.2,51,0.522,0.7384,0.3,1298,4328,CAUSAL,1296,0.179167,0.0
0.2,51,0.522,0.7384,0.3,1298,4328,ORACLE,1298,0.329167,0.0
0.2,51,0.522,0.7384,0.4,1731,4328,RT,1727,0.558333,0.0
0.2,51,0.522,0.7384,0.4,1731,4328,H2O,1724,0.55,0.0
0.2,51,0.522,0.7384,0.4,1731,4328,CAUSAL,1729,0.333333,0.0
0.2,51,0.522,0.7384,0.4,1731,4328,ORACLE,1731,0.383333,1.0
0.2,51,0.522,0.7384,0.5,2164,4328,RT,2160,0.6,0.0
0.2,51,0.522,0.7384,0.5,2164,4328,H2O,2164,0.654167,0.0
0.2,51,0.522,0.7384,0.5,2164,4328,CAUSAL,2162,0.541667,0.0
0.2,51,0.522,0.7384,0.5,2164,4328,ORACLE,2158,0.779167,1.0
0.2,51,0.522,0.7384,0.6,2596,4328,RT,2594,0.658333,0.0
0.2,51,0.522,0.7384,0.6,2596,4328,H2O,2588,0.733333,0.0
0.2,51,0.522,0.7384,0.6,2596,4328,CAUSAL,2596,0.645833,0.0
0.2,51,0.522,0.7384,0.6,2596,4328,ORACLE,2593,0.879167,1.0
0.2,52,0.7438,0.9299,0.2,989,4946,RT,985,0.204167,0.0
0.2,52,0.7438,0.9299,0.2,989,4946,H2O,981,0.266667,0.0
0.2,52,0.7438,0.9299,0.2,989,4946,CAUSAL,981,0.158333,0.0
0.2,52,0.7438,0.9299,0.2,989,4946,ORACLE,988,0.504167,0.0
0.2,52,0.7438,0.9299,0.3,1483,4946,RT,1474,0.35,0.0
0.2,52,0.7438,0.9299,0.3,1483,4946,H2O,1475,0.416667,0.0
0.2,52,0.7438,0.9299,0.3,1483,4946,CAUSAL,1483,0.379167,0.0
0.2,52,0.7438,0.9299,0.3,1483,4946,ORACLE,1476,0.708333,1.0
0.2,52,0.7438,0.9299,0.4,1978,4946,RT,1972,0.383333,0.0
0.2,52,0.7438,0.9299,0.4,1978,4946,H2O,1975,0.5125,0.0
0.2,52,0.7438,0.9299,0.4,1978,4946,CAUSAL,1977,0.491667,1.0
0.2,52,0.7438,0.9299,0.4,1978,4946,ORACLE,1970,0.758333,1.0
0.2,52,0.7438,0.9299,0.5,2473,4946,RT,2464,0.45,0.0
0.2,52,0.7438,0.9299,0.5,2473,4946,H2O,2462,0.516667,0.0
0.2,52,0.7438,0.9299,0.5,2473,4946,CAUSAL,2473,0.654167,1.0
0.2,52,0.7438,0.9299,0.5,2473,4946,ORACLE,2459,0.820833,1.0
0.2,52,0.7438,0.9299,0.6,2967,4946,RT,2967,0.495833,0.0
0.2,52,0.7438,0.9299,0.6,2967,4946,H2O,2964,0.6375,0.0
0.2,52,0.7438,0.9299,0.6,2967,4946,CAUSAL,2966,0.729167,1.0
0.2,52,0.7438,0.9299,0.6,2967,4946,ORACLE,2966,0.8875,1.0
0.2,53,0.688,0.6927,0.2,838,4190,RT,829,0.208333,0.0
0.2,53,0.688,0.6927,0.2,838,4190,H2O,828,0.183333,0.0
0.2,53,0.688,0.6927,0.2,838,4190,CAUSAL,837,0.283333,0.0
0.2,53,0.688,0.6927,0.2,838,4190,ORACLE,838,0.3625,0.0
0.2,53,0.688,0.6927,0.3,1257,4190,RT,1257,0.245833,0.0
0.2,53,0.688,0.6927,0.3,1257,4190,H2O,1257,0.320833,0.0
0.2,53,0.688,0.6927,0.3,1257,4190,CAUSAL,1252,0.358333,0.0
0.2,53,0.688,0.6927,0.3,1257,4190,ORACLE,1255,0.691667,1.0
0.2,53,0.688,0.6927,0.4,1676,4190,RT,1667,0.420833,0.0
0.2,53,0.688,0.6927,0.4,1676,4190,H2O,1675,0.491667,0.0
0.2,53,0.688,0.6927,0.4,1676,4190,CAUSAL,1672,0.4625,0.0
0.2,53,0.688,0.6927,0.4,1676,4190,ORACLE,1674,0.783333,1.0
0.2,53,0.688,0.6927,0.5,2095,4190,RT,2093,0.575,0.0
0.2,53,0.688,0.6927,0.5,2095,4190,H2O,2094,0.608333,0.0
0.2,53,0.688,0.6927,0.5,2095,4190,CAUSAL,2087,0.554167,0.0
0.2,53,0.688,0.6927,0.5,2095,4190,ORACLE,2085,0.85,1.0
0.2,53,0.688,0.6927,0.6,2514,4190,RT,2499,0.708333,0.0
0.2,53,0.688,0.6927,0.6,2514,4190,H2O,2499,0.7,0.0
0.2,53,0.688,0.6927,0.6,2514,4190,CAUSAL,2506,0.625,0.0
0.2,53,0.688,0.6927,0.6,2514,4190,ORACLE,2511,0.891667,1.0
0.2,54,0.3774,0.9281,0.2,927,4639,RT,925,0.1375,0.0
0.2,54,0.3774,0.9281,0.2,927,4639,H2O,926,0.1875,0.0
0.2,54,0.3774,0.9281,0.2,927,4639,CAUSAL,927,0.1875,0.0
0.2,54,0.3774,0.9281,0.2,927,4639,ORACLE,919,0.3625,0.0
0.2,54,0.3774,0.9281,0.3,1391,4639,RT,1390,0.304167,0.0
0.2,54,0.3774,0.9281,0.3,1391,4639,H2O,1388,0.2625,0.0
0.2,54,0.3774,0.9281,0.3,1391,4639,CAUSAL,1390,0.3625,0.0
0.2,54,0.3774,0.9281,0.3,1391,4639,ORACLE,1383,0.5875,1.0
0.2,54,0.3774,0.9281,0.4,1855,4639,RT,1852,0.4625,0.0
0.2,54,0.3774,0.9281,0.4,1855,4639,H2O,1853,0.3625,0.0
0.2,54,0.3774,0.9281,0.4,1855,4639,CAUSAL,1847,0.466667,0.0
0.2,54,0.3774,0.9281,0.4,1855,4639,ORACLE,1851,0.8125,1.0
0.2,54,0.3774,0.9281,0.5,2319,4639,RT,2319,0.479167,0.0
0.2,54,0.3774,0.9281,0.5,2319,4639,H2O,2305,0.454167,0.0
0.2,54,0.3774,0.9281,0.5,2319,4639,CAUSAL,2318,0.5375,1.0
0.2,54,0.3774,0.9281,0.5,2319,4639,ORACLE,2315,0.866667,1.0
0.2,54,0.3774,0.9281,0.6,2783,4639,RT,2781,0.566667,0.0
0.2,54,0.3774,0.9281,0.6,2783,4639,H2O,2771,0.608333,0.0
0.2,54,0.3774,0.9281,0.6,2783,4639,CAUSAL,2781,0.620833,1.0
0.2,54,0.3774,0.9281,0.6,2783,4639,ORACLE,2783,0.883333,1.0
0.2,55,0.4043,0.732,0.2,1075,5379,RT,1069,0.304167,0.0
0.2,55,0.4043,0.732,0.2,1075,5379,H2O,1072,0.308333,0.0
0.2,55,0.4043,0.732,0.2,1075,5379,CAUSAL,1068,0.183333,0.0
0.2,55,0.4043,0.732,0.2,1075,5379,ORACLE,1074,0.4,0.0
0.2,55,0.4043,0.732,0.3,1613,5379,RT,1608,0.270833,0.0
0.2,55,0.4043,0.732,0.3,1613,5379,H2O,1611,0.358333,0.0
0.2,55,0.4043,0.732,0.3,1613,5379,CAUSAL,1612,0.295833,0.0
0.2,55,0.4043,0.732,0.3,1613,5379,ORACLE,1604,0.658333,1.0
0.2,55,0.4043,0.732,0.4,2151,5379,RT,2151,0.4625,0.0
0.2,55,0.4043,0.732,0.4,2151,5379,H2O,2140,0.4625,0.0
0.2,55,0.4043,0.732,0.4,2151,5379,CAUSAL,2148,0.333333,0.0
0.2,55,0.4043,0.732,0.4,2151,5379,ORACLE,2146,0.779167,1.0
0.2,55,0.4043,0.732,0.5,2689,5379,RT,2685,0.5375,0.0
0.2,55,0.4043,0.732,0.5,2689,5379,H2O,2684,0.529167,0.0
0.2,55,0.4043,0.732,0.5,2689,5379,CAUSAL,2689,0.575,0.0
0.2,55,0.4043,0.732,0.5,2689,5379,ORACLE,2688,0.875,1.0
0.2,55,0.4043,0.732,0.6,3227,5379,RT,3223,0.625,0.0
0.2,55,0.4043,0.732,0.6,3227,5379,H2O,3222,0.629167,0.0
0.2,55,0.4043,0.732,0.6,3227,5379,CAUSAL,3227,0.566667,0.0
0.2,55,0.4043,0.732,0.6,3227,5379,ORACLE,3216,0.929167,1.0
0.2,56,0.8073,0.6605,0.2,1002,5011,RT,995,0.3375,0.0
0.2,56,0.8073,0.6605,0.2,1002,5011,H2O,1000,0.320833,0.0
0.2,56,0.8073,0.6605,0.2,1002,5011,CAUSAL,1001,0.266667,0.0
0.2,56,0.8073,0.6605,0.2,1002,5011,ORACLE,994,0.3375,0.0
0.2,56,0.8073,0.6605,0.3,1503,5011,RT,1502,0.370833,0.0
0.2,56,0.8073,0.6605,0.3,1503,5011,H2O,1502,0.420833,0.0
0.2,56,0.8073,0.6605,0.3,1503,5011,CAUSAL,1499,0.454167,0.0
0.2,56,0.8073,0.6605,0.3,1503,5011,ORACLE,1496,0.616667,1.0
0.2,56,0.8073,0.6605,0.4,2004,5011,RT,2000,0.454167,0.0
0.2,56,0.8073,0.6605,0.4,2004,5011,H2O,1997,0.525,0.0
0.2,56,0.8073,0.6605,0.4,2004,5011,CAUSAL,2001,0.491667,0.0
0.2,56,0.8073,0.6605,0.4,2004,5011,ORACLE,2000,0.808333,1.0
0.2,56,0.8073,0.6605,0.5,2505,5011,RT,2498,0.5625,0.0
0.2,56,0.8073,0.6605,0.5,2505,5011,H2O,2494,0.5625,0.0
0.2,56,0.8073,0.6605,0.5,2505,5011,CAUSAL,2502,0.558333,0.0
0.2,56,0.8073,0.6605,0.5,2505,5011,ORACLE,2499,0.845833,1.0
0.2,56,0.8073,0.6605,0.6,3006,5011,RT,2998,0.679167,0.0
0.2,56,0.8073,0.6605,0.6,3006,5011,H2O,3005,0.65,0.0
0.2,56,0.8073,0.6605,0.6,3006,5011,CAUSAL,2994,0.783333,0.0
0.2,56,0.8073,0.6605,0.6,3006,5011,ORACLE,2985,0.8875,1.0
0.2,57,0.5565,0.8924,0.2,844,4223,RT,837,0.195833,0.0
0.2,57,0.5565,0.8924,0.2,844,4223,H2O,844,0.279167,0.0
0.2,57,0.5565,0.8924,0.2,844,4223,CAUSAL,838,0.183333,0.0
0.2,57,0.5565,0.8924,0.2,844,4223,ORACLE,843,0.283333,0.0
0.2,57,0.5565,0.8924,0.3,1266,4223,RT,1264,0.220833,0.0
0.2,57,0.5565,0.8924,0.3,1266,4223,H2O,1260,0.341667,0.0
0.2,57,0.5565,0.8924,0.3,1266,4223,CAUSAL,1263,0.341667,0.0
0.2,57,0.5565,0.8924,0.3,1266,4223,ORACLE,1265,0.375,0.0
0.2,57,0.5565,0.8924,0.4,1689,4223,RT,1685,0.333333,0.0
0.2,57,0.5565,0.8924,0.4,1689,4223,H2O,1683,0.4875,0.0
0.2,57,0.5565,0.8924,0.4,1689,4223,CAUSAL,1682,0.3375,0.0
0.2,57,0.5565,0.8924,0.4,1689,4223,ORACLE,1688,0.708333,1.0
0.2,57,0.5565,0.8924,0.5,2111,4223,RT,2106,0.458333,0.0
0.2,57,0.5565,0.8924,0.5,2111,4223,H2O,2111,0.595833,0.0
0.2,57,0.5565,0.8924,0.5,2111,4223,CAUSAL,2108,0.3875,0.0
0.2,57,0.5565,0.8924,0.5,2111,4223,ORACLE,2108,0.866667,1.0
0.2,57,0.5565,0.8924,0.6,2533,4223,RT,2533,0.6375,0.0
0.2,57,0.5565,0.8924,0.6,2533,4223,H2O,2530,0.7125,0.0
0.2,57,0.5565,0.8924,0.6,2533,4223,CAUSAL,2532,0.629167,0.0
0.2,57,0.5565,0.8924,0.6,2533,4223,ORACLE,2529,0.929167,1.0
0.2,58,0.4141,0.4205,0.2,966,4833,RT,959,0.1875,0.0
0.2,58,0.4141,0.4205,0.2,966,4833,H2O,963,0.325,0.0
0.2,58,0.4141,0.4205,0.2,966,4833,CAUSAL,960,0.233333,0.0
0.2,58,0.4141,0.4205,0.2,966,4833,ORACLE,966,0.404167,0.0
0.2,58,0.4141,0.4205,0.3,1449,4833,RT,1447,0.4,0.0
0.2,58,0.4141,0.4205,0.3,1449,4833,H2O,1445,0.275,0.0
0.2,58,0.4141,0.4205,0.3,1449,4833,CAUSAL,1448,0.325,0.0
0.2,58,0.4141,0.4205,0.3,1449,4833,ORACLE,1446,0.783333,1.0
0.2,58,0.4141,0.4205,0.4,1933,4833,RT,1923,0.4625,0.0
0.2,58,0.4141,0.4205,0.4,1933,4833,H2O,1927,0.316667,0.0
0.2,58,0.4141,0.4205,0.4,1933,4833,CAUSAL,1928,0.379167,0.0
0.2,58,0.4141,0.4205,0.4,1933,4833,ORACLE,1926,0.858333,1.0
0.2,58,0.4141,0.4205,0.5,2416,4833,RT,2416,0.5625,0.0
0.2,58,0.4141,0.4205,0.5,2416,4833,H2O,2414,0.458333,0.0
0.2,58,0.4141,0.4205,0.5,2416,4833,CAUSAL,2402,0.479167,0.0
0.2,58,0.4141,0.4205,0.5,2416,4833,ORACLE,2409,0.916667,1.0
0.2,58,0.4141,0.4205,0.6,2899,4833,RT,2889,0.6375,0.0
0.2,58,0.4141,0.4205,0.6,2899,4833,H2O,2896,0.491667,0.0
0.2,58,0.4141,0.4205,0.6,2899,4833,CAUSAL,2899,0.475,0.0
0.2,58,0.4141,0.4205,0.6,2899,4833,ORACLE,2894,0.9625,1.0
0.2,59,0.6231,0.7081,0.2,861,4307,RT,857,0.1875,0.0
0.2,59,0.6231,0.7081,0.2,861,4307,H2O,859,0.345833,0.0
0.2,59,0.6231,0.7081,0.2,861,4307,CAUSAL,858,0.245833,0.0
0.2,59,0.6231,0.7081,0.2,861,4307,ORACLE,854,0.266667,0.0
0.2,59,0.6231,0.7081,0.3,1292,4307,RT,1291,0.383333,0.0
0.2,59,0.6231,0.7081,0.3,1292,4307,H2O,1291,0.420833,0.0
0.2,59,0.6231,0.7081,0.3,1292,4307,CAUSAL,1291,0.3875,0.0
0.2,59,0.6231,0.7081,0.3,1292,4307,ORACLE,1292,0.45,0.0
0.2,59,0.6231,0.7081,0.4,1722,4307,RT,1719,0.420833,0.0
0.2,59,0.6231,0.7081,0.4,1722,4307,H2O,1711,0.4625,0.0
0.2,59,0.6231,0.7081,0.4,1722,4307,CAUSAL,1720,0.5125,0.0
0.2,59,0.6231,0.7081,0.4,1722,4307,ORACLE,1715,0.704167,1.0
0.2,59,0.6231,0.7081,0.5,2153,4307,RT,2149,0.541667,0.0
0.2,59,0.6231,0.7081,0.5,2153,4307,H2O,2139,0.541667,0.0
0.2,59,0.6231,0.7081,0.5,2153,4307,CAUSAL,2146,0.641667,0.0
0.2,59,0.6231,0.7081,0.5,2153,4307,ORACLE,2148,0.866667,1.0
0.2,59,0.6231,0.7081,0.6,2584,4307,RT,2579,0.595833,0.0
0.2,59,0.6231,0.7081,0.6,2584,4307,H2O,2578,0.658333,0.0
0.2,59,0.6231,0.7081,0.6,2584,4307,CAUSAL,2584,0.6875,0.0
0.2,59,0.6231,0.7081,0.6,2584,4307,ORACLE,2575,0.908333,1.0
0.2,60,0.5918,0.5764,0.2,878,4393,RT,872,0.279167,0.0
0.2,60,0.5918,0.5764,0.2,878,4393,H2O,876,0.345833,0.0
0.2,60,0.5918,0.5764,0.2,878,4393,CAUSAL,874,0.333333,0.0
0.2,60,0.5918,0.5764,0.2,878,4393,ORACLE,877,0.279167,0.0
0.2,60,0.5918,0.5764,0.3,1317,4393,RT,1311,0.454167,0.0
0.2,60,0.5918,0.5764,0.3,1317,4393,H2O,1310,0.425,0.0
0.2,60,0.5918,0.5764,0.3,1317,4393,CAUSAL,1317,0.383333,0.0
0.2,60,0.5918,0.5764,0.3,1317,4393,ORACLE,1316,0.370833,0.0
0.2,60,0.5918,0.5764,0.4,1757,4393,RT,1754,0.508333,0.0
0.2,60,0.5918,0.5764,0.4,1757,4393,H2O,1745,0.470833,0.0
0.2,60,0.5918,0.5764,0.4,1757,4393,CAUSAL,1756,0.591667,0.0
0.2,60,0.5918,0.5764,0.4,1757,4393,ORACLE,1756,0.625,1.0
0.2,60,0.5918,0.5764,0.5,2196,4393,RT,2196,0.558333,0.0
0.2,60,0.5918,0.5764,0.5,2196,4393,H2O,2186,0.504167,0.0
0.2,60,0.5918,0.5764,0.5,2196,4393,CAUSAL,2184,0.645833,0.0
0.2,60,0.5918,0.5764,0.5,2196,4393,ORACLE,2196,0.841667,1.0
0.2,60,0.5918,0.5764,0.6,2635,4393,RT,2635,0.595833,0.0
0.2,60,0.5918,0.5764,0.6,2635,4393,H2O,2624,0.579167,0.0
0.2,60,0.5918,0.5764,0.6,2635,4393,CAUSAL,2630,0.641667,0.0
0.2,60,0.5918,0.5764,0.6,2635,4393,ORACLE,2633,0.870833,1.0
0.2,61,0.525,0.6298,0.2,896,4483,RT,891,0.208333,0.0
0.2,61,0.525,0.6298,0.2,896,4483,H2O,893,0.383333,0.0
0.2,61,0.525,0.6298,0.2,896,4483,CAUSAL,893,0.35,0.0
0.2,61,0.525,0.6298,0.2,896,4483,ORACLE,891,0.333333,0.0
0.2,61,0.525,0.6298,0.3,1344,4483,RT,1344,0.258333,0.0
0.2,61,0.525,0.6298,0.3,1344,4483,H2O,1341,0.370833,0.0
0.2,61,0.525,0.6298,0.3,1344,4483,CAUSAL,1339,0.525,0.0
0.2,61,0.525,0.6298,0.3,1344,4483,ORACLE,1341,0.716667,1.0
0.2,61,0.525,0.6298,0.4,1793,4483,RT,1792,0.2875,0.0
0.2,61,0.525,0.6298,0.4,1793,4483,H2O,1788,0.320833,0.0
0.2,61,0.525,0.6298,0.4,1793,4483,CAUSAL,1788,0.458333,0.0
0.2,61,0.525,0.6298,0.4,1793,4483,ORACLE,1793,0.895833,1.0
0.2,61,0.525,0.6298,0.5,2241,4483,RT,2241,0.383333,0.0
0.2,61,0.525,0.6298,0.5,2241,4483,H2O,2237,0.483333,0.0
0.2,61,0.525,0.6298,0.5,2241,4483,CAUSAL,2241,0.620833,0.0
0.2,61,0.525,0.6298,0.5,2241,4483,ORACLE,2238,0.920833,1.0
0.2,61,0.525,0.6298,0.6,2689,4483,RT,2688,0.620833,0.0
0.2,61,0.525,0.6298,0.6,2689,4483,H2O,2688,0.508333,0.0
0.2,61,0.525,0.6298,0.6,2689,4483,CAUSAL,2687,0.658333,0.0
0.2,61,0.525,0.6298,0.6,2689,4483,ORACLE,2648,0.95,1.0
0.2,62,0.414,0.6173,0.2,982,4912,RT,979,0.1625,0.0
0.2,62,0.414,0.6173,0.2,982,4912,H2O,977,0.241667,0.0
0.2,62,0.414,0.6173,0.2,982,4912,CAUSAL,977,0.2,0.0
0.2,62,0.414,0.6173,0.2,982,4912,ORACLE,982,0.516667,1.0
0.2,62,0.414,0.6173,0.3,1473,4912,RT,1473,0.279167,0.0
0.2,62,0.414,0.6173,0.3,1473,4912,H2O,1472,0.283333,0.0
0.2,62,0.414,0.6173,0.3,1473,4912,CAUSAL,1472,0.270833,0.0
0.2,62,0.414,0.6173,0.3,1473,4912,ORACLE,1468,0.733333,1.0
0.2,62,0.414,0.6173,0.4,1964,4912,RT,1959,0.425,0.0
0.2,62,0.414,0.6173,0.4,1964,4912,H2O,1963,0.475,0.0
0.2,62,0.414,0.6173,0.4,1964,4912,CAUSAL,1962,0.4625,0.0
0.2,62,0.414,0.6173,0.4,1964,4912,ORACLE,1960,0.775,1.0
0.2,62,0.414,0.6173,0.5,2456,4912,RT,2453,0.579167,0.0
0.2,62,0.414,0.6173,0.5,2456,4912,H2O,2452,0.566667,0.0
0.2,62,0.414,0.6173,0.5,2456,4912,CAUSAL,2454,0.554167,0.0
0.2,62,0.414,0.6173,0.5,2456,4912,ORACLE,2454,0.816667,1.0
0.2,62,0.414,0.6173,0.6,2947,4912,RT,2939,0.633333,0.0
0.2,62,0.414,0.6173,0.6,2947,4912,H2O,2914,0.725,0.0
0.2,62,0.414,0.6173,0.6,2947,4912,CAUSAL,2945,0.666667,0.0
0.2,62,0.414,0.6173,0.6,2947,4912,ORACLE,2941,0.908333,1.0
0.2,63,0.6623,0.8257,0.2,975,4878,RT,973,0.258333,0.0
0.2,63,0.6623,0.8257,0.2,975,4878,H2O,972,0.316667,0.0
0.2,63,0.6623,0.8257,0.2,975,4878,CAUSAL,974,0.325,0.0
0.2,63,0.6623,0.8257,0.2,975,4878,ORACLE,970,0.35,0.0
0.2,63,0.6623,0.8257,0.3,1463,4878,RT,1459,0.308333,0.0
0.2,63,0.6623,0.8257,0.3,1463,4878,H2O,1463,0.375,0.0
0.2,63,0.6623,0.8257,0.3,1463,4878,CAUSAL,1452,0.466667,0.0
0.2,63,0.6623,0.8257,0.3,1463,4878,ORACLE,1454,0.591667,1.0
0.2,63,0.6623,0.8257,0.4,1951,4878,RT,1947,0.375,0.0
0.2,63,0.6623,0.8257,0.4,1951,4878,H2O,1946,0.433333,0.0
0.2,63,0.6623,0.8257,0.4,1951,4878,CAUSAL,1940,0.533333,0.0
0.2,63,0.6623,0.8257,0.4,1951,4878,ORACLE,1941,0.741667,1.0
0.2,63,0.6623,0.8257,0.5,2439,4878,RT,2433,0.504167,0.0
0.2,63,0.6623,0.8257,0.5,2439,4878,H2O,2430,0.583333,0.0
0.2,63,0.6623,0.8257,0.5,2439,4878,CAUSAL,2432,0.645833,0.0
0.2,63,0.6623,0.8257,0.5,2439,4878,ORACLE,2439,0.845833,1.0
0.2,63,0.6623,0.8257,0.6,2926,4878,RT,2923,0.566667,0.0
0.2,63,0.6623,0.8257,0.6,2926,4878,H2O,2913,0.645833,0.0
0.2,63,0.6623,0.8257,0.6,2926,4878,CAUSAL,2915,0.766667,0.0
0.2,63,0.6623,0.8257,0.6,2926,4878,ORACLE,2925,0.891667,1.0
0.4,0,0.679,0.6982,0.2,965,4828,RT,955,0.316667,0.0
0.4,0,0.679,0.6982,0.2,965,4828,H2O,963,0.2875,0.0
0.4,0,0.679,0.6982,0.2,965,4828,CAUSAL,960,0.283333,0.0
0.4,0,0.679,0.6982,0.2,965,4828,ORACLE,962,0.645833,1.0
0.4,0,0.679,0.6982,0.3,1448,4828,RT,1444,0.35,0.0
0.4,0,0.679,0.6982,0.3,1448,4828,H2O,1444,0.416667,0.0
0.4,0,0.679,0.6982,0.3,1448,4828,CAUSAL,1445,0.5625,0.0
0.4,0,0.679,0.6982,0.3,1448,4828,ORACLE,1440,0.8625,1.0
0.4,0,0.679,0.6982,0.4,1931,4828,RT,1923,0.470833,0.0
0.4,0,0.679,0.6982,0.4,1931,4828,H2O,1930,0.5125,0.0
0.4,0,0.679,0.6982,0.4,1931,4828,CAUSAL,1931,0.729167,0.0
0.4,0,0.679,0.6982,0.4,1931,4828,ORACLE,1913,0.908333,1.0
0.4,0,0.679,0.6982,0.5,2414,4828,RT,2412,0.683333,0.0
0.4,0,0.679,0.6982,0.5,2414,4828,H2O,2410,0.616667,0.0
0.4,0,0.679,0.6982,0.5,2414,4828,CAUSAL,2409,0.733333,0.0
0.4,0,0.679,0.6982,0.5,2414,4828,ORACLE,2409,0.9125,1.0
0.4,0,0.679,0.6982,0.6,2896,4828,RT,2890,0.766667,0.0
0.4,0,0.679,0.6982,0.6,2896,4828,H2O,2891,0.770833,0.0
0.4,0,0.679,0.6982,0.6,2896,4828,CAUSAL,2895,0.8625,0.0
0.4,0,0.679,0.6982,0.6,2896,4828,ORACLE,2889,0.945833,1.0
0.4,1,0.4392,0.76,0.2,736,3684,RT,733,0.304167,0.0
0.4,1,0.4392,0.76,0.2,736,3684,H2O,736,0.35,0.0
0.4,1,0.4392,0.76,0.2,736,3684,CAUSAL,729,0.283333,0.0
0.4,1,0.4392,0.76,0.2,736,3684,ORACLE,733,0.366667,1.0
0.4,1,0.4392,0.76,0.3,1105,3684,RT,1104,0.2375,0.0
0.4,1,0.4392,0.76,0.3,1105,3684,H2O,1105,0.354167,0.0
0.4,1,0.4392,0.76,0.3,1105,3684,CAUSAL,1103,0.3375,0.0
0.4,1,0.4392,0.76,0.3,1105,3684,ORACLE,1105,0.745833,1.0
0.4,1,0.4392,0.76,0.4,1473,3684,RT,1466,0.454167,0.0
0.4,1,0.4392,0.76,0.4,1473,3684,H2O,1473,0.495833,0.0
0.4,1,0.4392,0.76,0.4,1473,3684,CAUSAL,1473,0.379167,0.0
0.4,1,0.4392,0.76,0.4,1473,3684,ORACLE,1470,0.920833,1.0
0.4,1,0.4392,0.76,0.5,1842,3684,RT,1837,0.5125,0.0
0.4,1,0.4392,0.76,0.5,1842,3684,H2O,1842,0.5875,0.0
0.4,1,0.4392,0.76,0.5,1842,3684,CAUSAL,1842,0.479167,0.0
0.4,1,0.4392,0.76,0.5,1842,3684,ORACLE,1835,0.9375,1.0
0.4,1,0.4392,0.76,0.6,2210,3684,RT,2210,0.675,0.0
0.4,1,0.4392,0.76,0.6,2210,3684,H2O,2205,0.6625,0.0
0.4,1,0.4392,0.76,0.6,2210,3684,CAUSAL,2209,0.6125,0.0
0.4,1,0.4392,0.76,0.6,2210,3684,ORACLE,2197,0.954167,1.0
0.4,2,0.6604,0.7548,0.2,963,4818,RT,962,0.279167,0.0
0.4,2,0.6604,0.7548,0.2,963,4818,H2O,963,0.2625,0.0
0.4,2,0.6604,0.7548,0.2,963,4818,CAUSAL,962,0.3,0.0
0.4,2,0.6604,0.7548,0.2,963,4818,ORACLE,961,0.529167,1.0
0.4,2,0.6604,0.7548,0.3,1445,4818,RT,1443,0.408333,0.0
0.4,2,0.6604,0.7548,0.3,1445,4818,H2O,1439,0.2875,0.0
0.4,2,0.6604,0.7548,0.3,1445,4818,CAUSAL,1439,0.483333,0.0
0.4,2,0.6604,0.7548,0.3,1445,4818,ORACLE,1441,0.695833,1.0
0.4,2,0.6604,0.7548,0.4,1927,4818,RT,1926,0.491667,0.0
0.4,2,0.6604,0.7548,0.4,1927,4818,H2O,1923,0.4625,0.0
0.4,2,0.6604,0.7548,0.4,1927,4818,CAUSAL,1923,0.591667,0.0
0.4,2,0.6604,0.7548,0.4,1927,4818,ORACLE,1926,0.779167,1.0
0.4,2,0.6604,0.7548,0.5,2409,4818,RT,2401,0.545833,0.0
0.4,2,0.6604,0.7548,0.5,2409,4818,H2O,2408,0.525,0.0
0.4,2,0.6604,0.7548,0.5,2409,4818,CAUSAL,2405,0.620833,0.0
0.4,2,0.6604,0.7548,0.5,2409,4818,ORACLE,2397,0.866667,1.0
0.4,2,0.6604,0.7548,0.6,2890,4818,RT,2886,0.7125,0.0
0.4,2,0.6604,0.7548,0.6,2890,4818,H2O,2882,0.65,0.0
0.4,2,0.6604,0.7548,0.6,2890,4818,CAUSAL,2884,0.75,0.0
0.4,2,0.6604,0.7548,0.6,2890,4818,ORACLE,2882,0.920833,1.0
0.4,3,0.48,0.8765,0.2,697,3489,RT,689,0.1875,0.0
0.4,3,0.48,0.8765,0.2,697,3489,H2O,691,0.316667,0.0
0.4,3,0.48,0.8765,0.2,697,3489,CAUSAL,696,0.341667,0.0
0.4,3,0.48,0.8765,0.2,697,3489,ORACLE,697,0.441667,1.0
0.4,3,0.48,0.8765,0.3,1046,3489,RT,1045,0.220833,0.0
0.4,3,0.48,0.8765,0.3,1046,3489,H2O,1041,0.4,0.0
0.4,3,0.48,0.8765,0.3,1046,3489,CAUSAL,1043,0.425,0.0
0.4,3,0.48,0.8765,0.3,1046,3489,ORACLE,1043,0.745833,1.0
0.4,3,0.48,0.8765,0.4,1395,3489,RT,1394,0.345833,0.0
0.4,3,0.48,0.8765,0.4,1395,3489,H2O,1393,0.4,0.0
0.4,3,0.48,0.8765,0.4,1395,3489,CAUSAL,1389,0.429167,0.0
0.4,3,0.48,0.8765,0.4,1395,3489,ORACLE,1391,0.854167,1.0
0.4,3,0.48,0.8765,0.5,1744,3489,RT,1743,0.5625,0.0
0.4,3,0.48,0.8765,0.5,1744,3489,H2O,1740,0.683333,0.0
0.4,3,0.48,0.8765,0.5,1744,3489,CAUSAL,1744,0.475,0.0
0.4,3,0.48,0.8765,0.5,1744,3489,ORACLE,1740,0.920833,1.0
0.4,3,0.48,0.8765,0.6,2093,3489,RT,2084,0.583333,0.0
0.4,3,0.48,0.8765,0.6,2093,3489,H2O,2093,0.745833,0.0
0.4,3,0.48,0.8765,0.6,2093,3489,CAUSAL,2091,0.65,1.0
0.4,3,0.48,0.8765,0.6,2093,3489,ORACLE,2092,0.933333,1.0
0.4,4,0.6122,0.7925,0.2,817,4089,RT,807,0.2875,0.0
0.4,4,0.6122,0.7925,0.2,817,4089,H2O,814,0.341667,0.0
0.4,4,0.6122,0.7925,0.2,817,4089,CAUSAL,813,0.258333,0.0
0.4,4,0.6122,0.7925,0.2,817,4089,ORACLE,817,0.395833,0.0
0.4,4,0.6122,0.7925,0.3,1226,4089,RT,1226,0.354167,0.0
0.4,4,0.6122,0.7925,0.3,1226,4089,H2O,1225,0.458333,0.0
0.4,4,0.6122,0.7925,0.3,1226,4089,CAUSAL,1224,0.408333,0.0
0.4,4,0.6122,0.7925,0.3,1226,4089,ORACLE,1219,0.633333,1.0
0.4,4,0.6122,0.7925,0.4,1635,4089,RT,1635,0.470833,0.0
0.4,4,0.6122,0.7925,0.4,1635,4089,H2O,1634,0.558333,0.0
0.4,4,0.6122,0.7925,0.4,1635,4089,CAUSAL,1632,0.429167,0.0
0.4,4,0.6122,0.7925,0.4,1635,4089,ORACLE,1629,0.779167,1.0
0.4,4,0.6122,0.7925,0.5,2044,4089,RT,2044,0.629167,0.0
0.4,4,0.6122,0.7925,0.5,2044,4089,H2O,2041,0.616667,0.0
0.4,4,0.6122,0.7925,0.5,2044,4089,CAUSAL,2039,0.6375,0.0
0.4,4,0.6122,0.7925,0.5,2044,4089,ORACLE,2039,0.883333,1.0
0.4,4,0.6122,0.7925,0.6,2453,4089,RT,2448,0.695833,0.0
0.4,4,0.6122,0.7925,0.6,2453,4089,H2O,2453,0.7625,0.0
0.4,4,0.6122,0.7925,0.6,2453,4089,CAUSAL,2452,0.708333,1.0
0.4,4,0.6122,0.7925,0.6,2453,4089,ORACLE,2442,0.9,1.0
0.4,5,0.6494,0.744,0.2,1046,5231,RT,1042,0.383333,0.0
0.4,5,0.6494,0.744,0.2,1046,5231,H2O,1045,0.445833,0.0
0.4,5,0.6494,0.744,0.2,1046,5231,CAUSAL,1043,0.275,0.0
0.4,5,0.6494,0.744,0.2,1046,5231,ORACLE,1043,0.3125,0.0
0.4,5,0.6494,0.744,0.3,1569,5231,RT,1569,0.470833,0.0
0.4,5,0.6494,0.744,0.3,1569,5231,H2O,1553,0.55,0.0
0.4,5,0.6494,0.744,0.3,1569,5231,CAUSAL,1568,0.341667,0.0
0.4,5,0.6494,0.744,0.3,1569,5231,ORACLE,1561,0.4625,0.0
0.4,5,0.6494,0.744,0.4,2092,5231,RT,2077,0.6625,0.0
0.4,5,0.6494,0.744,0.4,2092,5231,H2O,2090,0.625,0.0
0.4,5,0.6494,0.744,0.4,2092,5231,CAUSAL,2084,0.566667,0.0
0.4,5,0.6494,0.744,0.4,2092,5231,ORACLE,2087,0.775,1.0
0.4,5,0.6494,0.744,0.5,2615,5231,RT,2615,0.745833,0.0
0.4,5,0.6494,0.744,0.5,2615,5231,H2O,2606,0.720833,0.0
0.4,5,0.6494,0.744,0.5,2615,5231,CAUSAL,2615,0.608333,0.0
0.4,5,0.6494,0.744,0.5,2615,5231,ORACLE,2615,0.895833,1.0
0.4,5,0.6494,0.744,0.6,3138,5231,RT,3127,0.816667,0.0
0.4,5,0.6494,0.744,0.6,3138,5231,H2O,3104,0.795833,0.0
0.4,5,0.6494,0.744,0.6,3138,5231,CAUSAL,3126,0.75,1.0
0.4,5,0.6494,0.744,0.6,3138,5231,ORACLE,3138,0.958333,1.0
0.4,6,0.456,0.6205,0.2,807,4036,RT,806,0.358333,0.0
0.4,6,0.456,0.6205,0.2,807,4036,H2O,807,0.325,0.0
0.4,6,0.456,0.6205,0.2,807,4036,CAUSAL,806,0.225,0.0
0.4,6,0.456,0.6205,0.2,807,4036,ORACLE,806,0.404167,1.0
0.4,6,0.456,0.6205,0.3,1210,4036,RT,1207,0.404167,0.0
0.4,6,0.456,0.6205,0.3,1210,4036,H2O,1204,0.35,0.0
0.4,6,0.456,0.6205,0.3,1210,4036,CAUSAL,1207,0.3,0.0
0.4,6,0.456,0.6205,0.3,1210,4036,ORACLE,1205,0.7375,1.0
0.4,6,0.456,0.6205,0.4,1614,4036,RT,1609,0.5125,0.0
0.4,6,0.456,0.6205,0.4,1614,4036,H2O,1611,0.404167,0.0
0.4,6,0.456,0.6205,0.4,1614,4036,CAUSAL,1613,0.354167,0.0
0.4,6,0.456,0.6205,0.4,1614,4036,ORACLE,1614,0.841667,1.0
0.4,6,0.456,0.6205,0.5,2018,4036,RT,2018,0.466667,0.0
0.4,6,0.456,0.6205,0.5,2018,4036,H2O,2013,0.529167,0.0
0.4,6,0.456,0.6205,0.5,2018,4036,CAUSAL,2017,0.420833,0.0
0.4,6,0.456,0.6205,0.5,2018,4036,ORACLE,2008,0.895833,1.0
0.4,6,0.456,0.6205,0.6,2421,4036,RT,2419,0.608333,0.0
0.4,6,0.456,0.6205,0.6,2421,4036,H2O,2421,0.658333,0.0
0.4,6,0.456,0.6205,0.6,2421,4036,CAUSAL,2421,0.504167,0.0
0.4,6,0.456,0.6205,0.6,2421,4036,ORACLE,2418,0.925,1.0
0.4,7,0.5839,0.692,0.2,760,3803,RT,759,0.279167,0.0
0.4,7,0.5839,0.692,0.2,760,3803,H2O,756,0.366667,0.0
0.4,7,0.5839,0.692,0.2,760,3803,CAUSAL,757,0.3,0.0
0.4,7,0.5839,0.692,0.2,760,3803,ORACLE,752,0.520833,1.0
0.4,7,0.5839,0.692,0.3,1140,3803,RT,1135,0.458333,0.0
0.4,7,0.5839,0.692,0.3,1140,3803,H2O,1139,0.516667,0.0
0.4,7,0.5839,0.692,0.3,1140,3803,CAUSAL,1138,0.3375,0.0
0.4,7,0.5839,0.692,0.3,1140,3803,ORACLE,1126,0.816667,1.0
0.4,7,0.5839,0.692,0.4,1521,3803,RT,1520,0.391667,0.0
0.4,7,0.5839,0.692,0.4,1521,3803,H2O,1517,0.508333,0.0
0.4,7,0.5839,0.692,0.4,1521,3803,CAUSAL,1519,0.375,0.0
0.4,7,0.5839,0.692,0.4,1521,3803,ORACLE,1520,0.858333,1.0
0.4,7,0.5839,0.692,0.5,1901,3803,RT,1898,0.65,0.0
0.4,7,0.5839,0.692,0.5,1901,3803,H2O,1899,0.566667,0.0
0.4,7,0.5839,0.692,0.5,1901,3803,CAUSAL,1898,0.558333,0.0
0.4,7,0.5839,0.692,0.5,1901,3803,ORACLE,1898,0.904167,1.0
0.4,7,0.5839,0.692,0.6,2281,3803,RT,2275,0.720833,0.0
0.4,7,0.5839,0.692,0.6,2281,3803,H2O,2275,0.7625,0.0
0.4,7,0.5839,0.692,0.6,2281,3803,CAUSAL,2280,0.608333,0.0
0.4,7,0.5839,0.692,0.6,2281,3803,ORACLE,2279,0.9375,1.0
0.4,8,0.5721,0.72,0.2,818,4090,RT,812,0.2,0.0
0.4,8,0.5721,0.72,0.2,818,4090,H2O,814,0.2625,0.0
0.4,8,0.5721,0.72,0.2,818,4090,CAUSAL,818,0.208333,0.0
0.4,8,0.5721,0.72,0.2,818,4090,ORACLE,813,0.558333,1.0
0.4,8,0.5721,0.72,0.3,1227,4090,RT,1217,0.3625,0.0
0.4,8,0.5721,0.72,0.3,1227,4090,H2O,1227,0.383333,0.0
0.4,8,0.5721,0.72,0.3,1227,4090,CAUSAL,1220,0.35,0.0
0.4,8,0.5721,0.72,0.3,1227,4090,ORACLE,1222,0.733333,1.0
0.4,8,0.5721,0.72,0.4,1636,4090,RT,1634,0.366667,0.0
0.4,8,0.5721,0.72,0.4,1636,4090,H2O,1636,0.4375,0.0
0.4,8,0.5721,0.72,0.4,1636,4090,CAUSAL,1631,0.3625,0.0
0.4,8,0.5721,0.72,0.4,1636,4090,ORACLE,1634,0.791667,1.0
0.4,8,0.5721,0.72,0.5,2045,4090,RT,2043,0.4625,0.0
0.4,8,0.5721,0.72,0.5,2045,4090,H2O,2035,0.591667,0.0
0.4,8,0.5721,0.72,0.5,2045,4090,CAUSAL,2033,0.641667,0.0
0.4,8,0.5721,0.72,0.5,2045,4090,ORACLE,2041,0.85,1.0
0.4,8,0.5721,0.72,0.6,2454,4090,RT,2444,0.541667,0.0
0.4,8,0.5721,0.72,0.6,2454,4090,H2O,2445,0.7125,0.0
0.4,8,0.5721,0.72,0.6,2454,4090,CAUSAL,2441,0.7625,1.0
0.4,8,0.5721,0.72,0.6,2454,4090,ORACLE,2451,0.9,1.0
0.4,9,0.7439,0.531,0.2,925,4625,RT,917,0.25,0.0
0.4,9,0.7439,0.531,0.2,925,4625,H2O,918,0.291667,0.0
0.4,9,0.7439,0.531,0.2,925,4625,CAUSAL,917,0.166667,0.0
0.4,9,0.7439,0.531,0.2,925,4625,ORACLE,923,0.379167,0.0
0.4,9,0.7439,0.531,0.3,1387,4625,RT,1387,0.366667,0.0
0.4,9,0.7439,0.531,0.3,1387,4625,H2O,1385,0.35,0.0
0.4,9,0.7439,0.531,0.3,1387,4625,CAUSAL,1382,0.354167,0.0
0.4,9,0.7439,0.531,0.3,1387,4625,ORACLE,1380,0.695833,1.0
0.4,9,0.7439,0.531,0.4,1850,4625,RT,1841,0.420833,0.0
0.4,9,0.7439,0.531,0.4,1850,4625,H2O,1845,0.483333,0.0
0.4,9,0.7439,0.531,0.4,1850,4625,CAUSAL,1848,0.379167,0.0
0.4,9,0.7439,0.531,0.4,1850,4625,ORACLE,1840,0.7625,1.0
0.4,9,0.7439,0.531,0.5,2312,4625,RT,2312,0.533333,0.0
0.4,9,0.7439,0.531,0.5,2312,4625,H2O,2312,0.5875,0.0
0.4,9,0.7439,0.531,0.5,2312,4625,CAUSAL,2306,0.583333,0.0
0.4,9,0.7439,0.531,0.5,2312,4625,ORACLE,2308,0.883333,1.0
0.4,9,0.7439,0.531,0.6,2775,4625,RT,2775,0.604167,0.0
0.4,9,0.7439,0.531,0.6,2775,4625,H2O,2772,0.725,0.0
0.4,9,0.7439,0.531,0.6,2775,4625,CAUSAL,2769,0.733333,0.0
0.4,9,0.7439,0.531,0.6,2775,4625,ORACLE,2775,0.925,1.0
0.4,10,0.5457,0.876,0.2,906,4534,RT,906,0.15,0.0
0.4,10,0.5457,0.876,0.2,906,4534,H2O,906,0.1875,0.0
0.4,10,0.5457,0.876,0.2,906,4534,CAUSAL,900,0.416667,0.0
0.4,10,0.5457,0.876,0.2,906,4534,ORACLE,906,0.325,1.0
0.4,10,0.5457,0.876,0.3,1360,4534,RT,1354,0.216667,0.0
0.4,10,0.5457,0.876,0.3,1360,4534,H2O,1355,0.270833,0.0
0.4,10,0.5457,0.876,0.3,1360,4534,CAUSAL,1358,0.475,0.0
0.4,10,0.5457,0.876,0.3,1360,4534,ORACLE,1358,0.7375,1.0
0.4,10,0.5457,0.876,0.4,1813,4534,RT,1809,0.329167,0.0
0.4,10,0.5457,0.876,0.4,1813,4534,H2O,1813,0.420833,0.0
0.4,10,0.5457,0.876,0.4,1813,4534,CAUSAL,1809,0.575,1.0
0.4,10,0.5457,0.876,0.4,1813,4534,ORACLE,1804,0.808333,1.0
0.4,10,0.5457,0.876,0.5,2267,4534,RT,2266,0.454167,0.0
0.4,10,0.5457,0.876,0.5,2267,4534,H2O,2266,0.541667,0.0
0.4,10,0.5457,0.876,0.5,2267,4534,CAUSAL,2267,0.65,1.0
0.4,10,0.5457,0.876,0.5,2267,4534,ORACLE,2261,0.833333,1.0
0.4,10,0.5457,0.876,0.6,2720,4534,RT,2717,0.604167,0.0
0.4,10,0.5457,0.876,0.6,2720,4534,H2O,2693,0.666667,0.0
0.4,10,0.5457,0.876,0.6,2720,4534,CAUSAL,2714,0.720833,1.0
0.4,10,0.5457,0.876,0.6,2720,4534,ORACLE,2706,0.895833,1.0
0.4,11,0.4731,0.75,0.2,1117,5586,RT,1109,0.333333,0.0
0.4,11,0.4731,0.75,0.2,1117,5586,H2O,1111,0.408333,0.0
0.4,11,0.4731,0.75,0.2,1117,5586,CAUSAL,1112,0.233333,0.0
0.4,11,0.4731,0.75,0.2,1117,5586,ORACLE,1108,0.366667,0.0
0.4,11,0.4731,0.75,0.3,1675,5586,RT,1675,0.483333,0.0
0.4,11,0.4731,0.75,0.3,1675,5586,H2O,1671,0.358333,0.0
0.4,11,0.4731,0.75,0.3,1675,5586,CAUSAL,1672,0.266667,0.0
0.4,11,0.4731,0.75,0.3,1675,5586,ORACLE,1675,0.516667,0.0
0.4,11,0.4731,0.75,0.4,2234,5586,RT,2233,0.566667,0.0
0.4,11,0.4731,0.75,0.4,2234,5586,H2O,2231,0.520833,0.0
0.4,11,0.4731,0.75,0.4,2234,5586,CAUSAL,2226,0.370833,0.0
0.4,11,0.4731,0.75,0.4,2234,5586,ORACLE,2226,0.816667,1.0
0.4,11,0.4731,0.75,0.5,2793,5586,RT,2788,0.579167,0.0
0.4,11,0.4731,0.75,0.5,2793,5586,H2O,2793,0.575,0.0
0.4,11,0.4731,0.75,0.5,2793,5586,CAUSAL,2790,0.383333,0.0
0.4,11,0.4731,0.75,0.5,2793,5586,ORACLE,2786,0.8875,1.0
0.4,11,0.4731,0.75,0.6,3351,5586,RT,3347,0.641667,0.0
0.4,11,0.4731,0.75,0.6,3351,5586,H2O,3343,0.666667,0.0
0.4,11,0.4731,0.75,0.6,3351,5586,CAUSAL,3350,0.4625,0.0
0.4,11,0.4731,0.75,0.6,3351,5586,ORACLE,3346,0.933333,1.0
0.4,12,0.28,0.6597,0.2,843,4218,RT,840,0.304167,0.0
0.4,12,0.28,0.6597,0.2,843,4218,H2O,837,0.333333,0.0
0.4,12,0.28,0.6597,0.2,843,4218,CAUSAL,839,0.1375,0.0
0.4,12,0.28,0.6597,0.2,843,4218,ORACLE,836,0.204167,0.0
0.4,12,0.28,0.6597,0.3,1265,4218,RT,1261,0.341667,0.0
0.4,12,0.28,0.6597,0.3,1265,4218,H2O,1258,0.441667,0.0
0.4,12,0.28,0.6597,0.3,1265,4218,CAUSAL,1263,0.295833,0.0
0.4,12,0.28,0.6597,0.3,1265,4218,ORACLE,1261,0.270833,0.0
0.4,12,0.28,0.6597,0.4,1687,4218,RT,1686,0.466667,0.0
0.4,12,0.28,0.6597,0.4,1687,4218,H2O,1675,0.529167,0.0
0.4,12,0.28,0.6597,0.4,1687,4218,CAUSAL,1686,0.2875,0.0
0.4,12,0.28,0.6597,0.4,1687,4218,ORACLE,1684,0.391667,1.0
0.4,12,0.28,0.6597,0.5,2109,4218,RT,2103,0.545833,0.0
0.4,12,0.28,0.6597,0.5,2109,4218,H2O,2098,0.625,0.0
0.4,12,0.28,0.6597,0.5,2109,4218,CAUSAL,2098,0.5,0.0
0.4,12,0.28,0.6597,0.5,2109,4218,ORACLE,2109,0.770833,1.0
0.4,12,0.28,0.6597,0.6,2530,4218,RT,2530,0.6625,0.0
0.4,12,0.28,0.6597,0.6,2530,4218,H2O,2522,0.679167,0.0
0.4,12,0.28,0.6597,0.6,2530,4218,CAUSAL,2524,0.629167,0.0
0.4,12,0.28,0.6597,0.6,2530,4218,ORACLE,2528,0.8625,1.0
0.4,13,0.5087,0.712,0.2,822,4113,RT,812,0.216667,0.0
0.4,13,0.5087,0.712,0.2,822,4113,H2O,822,0.325,0.0
0.4,13,0.5087,0.712,0.2,822,4113,CAUSAL,820,0.1375,0.0
0.4,13,0.5087,0.712,0.2,822,4113,ORACLE,814,0.341667,0.0
0.4,13,0.5087,0.712,0.3,1233,4113,RT,1222,0.395833,0.0
0.4,13,0.5087,0.712,0.3,1233,4113,H2O,1232,0.441667,0.0
0.4,13,0.5087,0.712,0.3,1233,4113,CAUSAL,1233,0.354167,0.0
0.4,13,0.5087,0.712,0.3,1233,4113,ORACLE,1233,0.433333,1.0
0.4,13,0.5087,0.712,0.4,1645,4113,RT,1639,0.466667,0.0
0.4,13,0.5087,0.712,0.4,1645,4113,H2O,1640,0.495833,0.0
0.4,13,0.5087,0.712,0.4,1645,4113,CAUSAL,1639,0.416667,0.0
0.4,13,0.5087,0.712,0.4,1645,4113,ORACLE,1644,0.808333,1.0
0.4,13,0.5087,0.712,0.5,2056,4113,RT,2047,0.516667,0.0
0.4,13,0.5087,0.712,0.5,2056,4113,H2O,2045,0.516667,0.0
0.4,13,0.5087,0.712,0.5,2056,4113,CAUSAL,2049,0.466667,0.0
0.4,13,0.5087,0.712,0.5,2056,4113,ORACLE,2053,0.925,1.0
0.4,13,0.5087,0.712,0.6,2467,4113,RT,2457,0.616667,0.0
0.4,13,0.5087,0.712,0.6,2467,4113,H2O,2457,0.575,0.0
0.4,13,0.5087,0.712,0.6,2467,4113,CAUSAL,2467,0.620833,0.0
0.4,13,0.5087,0.712,0.6,2467,4113,ORACLE,2462,0.945833,1.0
0.4,14,0.3774,0.854,0.2,1051,5257,RT,1042,0.204167,0.0
0.4,14,0.3774,0.854,0.2,1051,5257,H2O,1045,0.295833,0.0
0.4,14,0.3774,0.854,0.2,1051,5257,CAUSAL,1051,0.304167,0.0
0.4,14,0.3774,0.854,0.2,1051,5257,ORACLE,1051,0.445833,0.0
0.4,14,0.3774,0.854,0.3,1577,5257,RT,1572,0.316667,0.0
0.4,14,0.3774,0.854,0.3,1577,5257,H2O,1577,0.404167,0.0
0.4,14,0.3774,0.854,0.3,1577,5257,CAUSAL,1574,0.354167,0.0
0.4,14,0.3774,0.854,0.3,1577,5257,ORACLE,1573,0.679167,1.0
0.4,14,0.3774,0.854,0.4,2102,5257,RT,2102,0.504167,0.0
0.4,14,0.3774,0.854,0.4,2102,5257,H2O,2095,0.479167,0.0
0.4,14,0.3774,0.854,0.4,2102,5257,CAUSAL,2095,0.404167,0.0
0.4,14,0.3774,0.854,0.4,2102,5257,ORACLE,2091,0.791667,1.0
0.4,14,0.3774,0.854,0.5,2628,5257,RT,2619,0.570833,0.0
0.4,14,0.3774,0.854,0.5,2628,5257,H2O,2622,0.5875,0.0
0.4,14,0.3774,0.854,0.5,2628,5257,CAUSAL,2626,0.570833,1.0
0.4,14,0.3774,0.854,0.5,2628,5257,ORACLE,2622,0.858333,1.0
0.4,14,0.3774,0.854,0.6,3154,5257,RT,3154,0.666667,0.0
0.4,14,0.3774,0.854,0.6,3154,5257,H2O,3140,0.691667,0.0
0.4,14,0.3774,0.854,0.6,3154,5257,CAUSAL,3147,0.554167,1.0
0.4,14,0.3774,0.854,0.6,3154,5257,ORACLE,3154,0.908333,1.0
0.4,15,0.5359,0.5769,0.2,888,4443,RT,886,0.2375,0.0
0.4,15,0.5359,0.5769,0.2,888,4443,H2O,887,0.283333,0.0
0.4,15,0.5359,0.5769,0.2,888,4443,CAUSAL,885,0.291667,0.0
0.4,15,0.5359,0.5769,0.2,888,4443,ORACLE,888,0.270833,0.0
0.4,15,0.5359,0.5769,0.3,1332,4443,RT,1329,0.320833,0.0
0.4,15,0.5359,0.5769,0.3,1332,4443,H2O,1331,0.3625,0.0
0.4,15,0.5359,0.5769,0.3,1332,4443,CAUSAL,1330,0.316667,0.0
0.4,15,0.5359,0.5769,0.3,1332,4443,ORACLE,1327,0.583333,1.0
0.4,15,0.5359,0.5769,0.4,1777,4443,RT,1771,0.375,0.0
0.4,15,0.5359,0.5769,0.4,1777,4443,H2O,1774,0.329167,0.0
0.4,15,0.5359,0.5769,0.4,1777,4443,CAUSAL,1774,0.395833,0.0
0.4,15,0.5359,0.5769,0.4,1777,4443,ORACLE,1774,0.745833,1.0
0.4,15,0.5359,0.5769,0.5,2221,4443,RT,2219,0.491667,0.0
0.4,15,0.5359,0.5769,0.5,2221,4443,H2O,2219,0.3875,0.0
0.4,15,0.5359,0.5769,0.5,2221,4443,CAUSAL,2218,0.445833,0.0
0.4,15,0.5359,0.5769,0.5,2221,4443,ORACLE,2221,0.791667,1.0
0.4,15,0.5359,0.5769,0.6,2665,4443,RT,2661,0.5625,0.0
0.4,15,0.5359,0.5769,0.6,2665,4443,H2O,2662,0.591667,0.0
0.4,15,0.5359,0.5769,0.6,2665,4443,CAUSAL,2663,0.558333,0.0
0.4,15,0.5359,0.5769,0.6,2665,4443,ORACLE,2657,0.908333,1.0
0.4,16,0.402,0.7257,0.2,972,4864,RT,969,0.2125,0.0
0.4,16,0.402,0.7257,0.2,972,4864,H2O,972,0.266667,0.0
0.4,16,0.402,0.7257,0.2,972,4864,CAUSAL,966,0.141667,0.0
0.4,16,0.402,0.7257,0.2,972,4864,ORACLE,967,0.2625,0.0
0.4,16,0.402,0.7257,0.3,1459,4864,RT,1456,0.329167,0.0
0.4,16,0.402,0.7257,0.3,1459,4864,H2O,1459,0.366667,0.0
0.4,16,0.402,0.7257,0.3,1459,4864,CAUSAL,1456,0.245833,0.0
0.4,16,0.402,0.7257,0.3,1459,4864,ORACLE,1458,0.358333,0.0
0.4,16,0.402,0.7257,0.4,1945,4864,RT,1944,0.408333,0.0
0.4,16,0.402,0.7257,0.4,1945,4864,H2O,1940,0.525,0.0
0.4,16,0.402,0.7257,0.4,1945,4864,CAUSAL,1940,0.35,0.0
0.4,16,0.402,0.7257,0.4,1945,4864,ORACLE,1945,0.783333,1.0
0.4,16,0.402,0.7257,0.5,2432,4864,RT,2429,0.525,0.0
0.4,16,0.402,0.7257,0.5,2432,4864,H2O,2420,0.554167,0.0
0.4,16,0.402,0.7257,0.5,2432,4864,CAUSAL,2430,0.441667,0.0
0.4,16,0.402,0.7257,0.5,2432,4864,ORACLE,2426,0.9125,1.0
0.4,16,0.402,0.7257,0.6,2918,4864,RT,2918,0.583333,0.0
0.4,16,0.402,0.7257,0.6,2918,4864,H2O,2911,0.7,0.0
0.4,16,0.402,0.7257,0.6,2918,4864,CAUSAL,2910,0.633333,0.0
0.4,16,0.402,0.7257,0.6,2918,4864,ORACLE,2909,0.9375,1.0
0.4,17,0.549,0.6506,0.2,1013,5067,RT,1012,0.1625,0.0
0.4,17,0.549,0.6506,0.2,1013,5067,H2O,1013,0.195833,0.0
0.4,17,0.549,0.6506,0.2,1013,5067,CAUSAL,1006,0.183333,0.0
0.4,17,0.549,0.6506,0.2,1013,5067,ORACLE,1007,0.341667,0.0
0.4,17,0.549,0.6506,0.3,1520,5067,RT,1514,0.25,0.0
0.4,17,0.549,0.6506,0.3,1520,5067,H2O,1520,0.2875,0.0
0.4,17,0.549,0.6506,0.3,1520,5067,CAUSAL,1519,0.258333,0.0
0.4,17,0.549,0.6506,0.3,1520,5067,ORACLE,1517,0.458333,0.0
0.4,17,0.549,0.6506,0.4,2026,5067,RT,2022,0.35,0.0
0.4,17,0.549,0.6506,0.4,2026,5067,H2O,2024,0.441667,0.0
0.4,17,0.549,0.6506,0.4,2026,5067,CAUSAL,2024,0.470833,0.0
0.4,17,0.549,0.6506,0.4,2026,5067,ORACLE,2022,0.791667,1.0
0.4,17,0.549,0.6506,0.5,2533,5067,RT,2530,0.470833,0.0
0.4,17,0.549,0.6506,0.5,2533,5067,H2O,2532,0.633333,0.0
0.4,17,0.549,0.6506,0.5,2533,5067,CAUSAL,2532,0.5375,0.0
0.4,17,0.549,0.6506,0.5,2533,5067,ORACLE,2533,0.895833,1.0
0.4,17,0.549,0.6506,0.6,3040,5067,RT,3040,0.620833,0.0
0.4,17,0.549,0.6506,0.6,3040,5067,H2O,3039,0.691667,0.0
0.4,17,0.549,0.6506,0.6,3040,5067,CAUSAL,3035,0.620833,0.0
0.4,17,0.549,0.6506,0.6,3040,5067,ORACLE,3033,0.941667,1.0
0.4,18,0.5696,0.5851,0.2,976,4881,RT,972,0.2,0.0
0.4,18,0.5696,0.5851,0.2,976,4881,H2O,969,0.304167,0.0
0.4,18,0.5696,0.5851,0.2,976,4881,CAUSAL,974,0.254167,0.0
0.4,18,0.5696,0.5851,0.2,976,4881,ORACLE,973,0.35,0.0
0.4,18,0.5696,0.5851,0.3,1464,4881,RT,1459,0.3125,0.0
0.4,18,0.5696,0.5851,0.3,1464,4881,H2O,1461,0.4,0.0
0.4,18,0.5696,0.5851,0.3,1464,4881,CAUSAL,1462,0.333333,0.0
0.4,18,0.5696,0.5851,0.3,1464,4881,ORACLE,1459,0.470833,1.0
0.4,18,0.5696,0.5851,0.4,1952,4881,RT,1949,0.3375,0.0
0.4,18,0.5696,0.5851,0.4,1952,4881,H2O,1950,0.491667,0.0
0.4,18,0.5696,0.5851,0.4,1952,4881,CAUSAL,1948,0.479167,0.0
0.4,18,0.5696,0.5851,0.4,1952,4881,ORACLE,1949,0.866667,1.0
0.4,18,0.5696,0.5851,0.5,2440,4881,RT,2437,0.466667,0.0
0.4,18,0.5696,0.5851,0.5,2440,4881,H2O,2440,0.670833,0.0
0.4,18,0.5696,0.5851,0.5,2440,4881,CAUSAL,2437,0.525,0.0
0.4,18,0.5696,0.5851,0.5,2440,4881,ORACLE,2432,0.8875,1.0
0.4,18,0.5696,0.5851,0.6,2928,4881,RT,2925,0.591667,0.0
0.4,18,0.5696,0.5851,0.6,2928,4881,H2O,2924,0.754167,0.0
0.4,18,0.5696,0.5851,0.6,2928,4881,CAUSAL,2918,0.620833,0.0
0.4,18,0.5696,0.5851,0.6,2928,4881,ORACLE,2900,0.920833,1.0
0.4,19,0.2957,0.8005,0.2,793,3969,RT,789,0.229167,0.0
0.4,19,0.2957,0.8005,0.2,793,3969,H2O,791,0.270833,0.0
0.4,19,0.2957,0.8005,0.2,793,3969,CAUSAL,786,0.316667,0.0
0.4,19,0.2957,0.8005,0.2,793,3969,ORACLE,793,0.266667,0.0
0.4,19,0.2957,0.8005,0.3,1190,3969,RT,1189,0.304167,0.0
0.4,19,0.2957,0.8005,0.3,1190,3969,H2O,1190,0.483333,0.0
0.4,19,0.2957,0.8005,0.3,1190,3969,CAUSAL,1188,0.345833,0.0
0.4,19,0.2957,0.8005,0.3,1190,3969,ORACLE,1186,0.458333,1.0
0.4,19,0.2957,0.8005,0.4,1587,3969,RT,1581,0.4875,0.0
0.4,19,0.2957,0.8005,0.4,1587,3969,H2O,1587,0.5125,0.0
0.4,19,0.2957,0.8005,0.4,1587,3969,CAUSAL,1582,0.470833,0.0
0.4,19,0.2957,0.8005,0.4,1587,3969,ORACLE,1584,0.833333,1.0
0.4,19,0.2957,0.8005,0.5,1984,3969,RT,1983,0.554167,0.0
0.4,19,0.2957,0.8005,0.5,1984,3969,H2O,1984,0.554167,0.0
0.4,19,0.2957,0.8005,0.5,1984,3969,CAUSAL,1981,0.620833,0.0
0.4,19,0.2957,0.8005,0.5,1984,3969,ORACLE,1977,0.9125,1.0
0.4,19,0.2957,0.8005,0.6,2381,3969,RT,2375,0.720833,0.0
0.4,19,0.2957,0.8005,0.6,2381,3969,H2O,2376,0.729167,0.0
0.4,19,0.2957,0.8005,0.6,2381,3969,CAUSAL,2380,0.625,1.0
0.4,19,0.2957,0.8005,0.6,2381,3969,ORACLE,2375,0.9375,1.0
0.4,20,0.5986,0.6797,0.2,1042,5214,RT,1042,0.175,0.0
0.4,20,0.5986,0.6797,0.2,1042,5214,H2O,1035,0.2375,0.0
0.4,20,0.5986,0.6797,0.2,1042,5214,CAUSAL,1038,0.1625,0.0
0.4,20,0.5986,0.6797,0.2,1042,5214,ORACLE,1039,0.333333,0.0
0.4,20,0.5986,0.6797,0.3,1564,5214,RT,1559,0.266667,0.0
0.4,20,0.5986,0.6797,0.3,1564,5214,H2O,1563,0.329167,0.0
0.4,20,0.5986,0.6797,0.3,1564,5214,CAUSAL,1562,0.3125,0.0
0.4,20,0.5986,0.6797,0.3,1564,5214,ORACLE,1561,0.6625,1.0
0.4,20,0.5986,0.6797,0.4,2085,5214,RT,2085,0.4375,0.0
0.4,20,0.5986,0.6797,0.4,2085,5214,H2O,2081,0.3375,0.0
0.4,20,0.5986,0.6797,0.4,2085,5214,CAUSAL,2084,0.458333,0.0
0.4,20,0.5986,0.6797,0.4,2085,5214,ORACLE,2080,0.7875,1.0
0.4,20,0.5986,0.6797,0.5,2607,5214,RT,2606,0.491667,0.0
0.4,20,0.5986,0.6797,0.5,2607,5214,H2O,2603,0.416667,0.0
0.4,20,0.5986,0.6797,0.5,2607,5214,CAUSAL,2602,0.516667,0.0
0.4,20,0.5986,0.6797,0.5,2607,5214,ORACLE,2605,0.808333,1.0
0.4,20,0.5986,0.6797,0.6,3128,5214,RT,3127,0.608333,0.0
0.4,20,0.5986,0.6797,0.6,3128,5214,H2O,3120,0.5625,0.0
0.4,20,0.5986,0.6797,0.6,3128,5214,CAUSAL,3123,0.65,0.0
0.4,20,0.5986,0.6797,0.6,3128,5214,ORACLE,3119,0.916667,1.0
0.4,21,0.608,0.646,0.2,1008,5044,RT,1000,0.158333,0.0
0.4,21,0.608,0.646,0.2,1008,5044,H2O,1006,0.220833,0.0
0.4,21,0.608,0.646,0.2,1008,5044,CAUSAL,1000,0.120833,0.0
0.4,21,0.608,0.646,0.2,1008,5044,ORACLE,1003,0.266667,0.0
0.4,21,0.608,0.646,0.3,1513,5044,RT,1506,0.283333,0.0
0.4,21,0.608,0.646,0.3,1513,5044,H2O,1513,0.383333,0.0
0.4,21,0.608,0.646,0.3,1513,5044,CAUSAL,1504,0.2875,0.0
0.4,21,0.608,0.646,0.3,1513,5044,ORACLE,1508,0.545833,1.0
0.4,21,0.608,0.646,0.4,2017,5044,RT,2009,0.425,0.0
0.4,21,0.608,0.646,0.4,2017,5044,H2O,2016,0.4875,0.0
0.4,21,0.608,0.646,0.4,2017,5044,CAUSAL,2015,0.420833,0.0
0.4,21,0.608,0.646,0.4,2017,5044,ORACLE,2013,0.7375,1.0
0.4,21,0.608,0.646,0.5,2522,5044,RT,2513,0.570833,0.0
0.4,21,0.608,0.646,0.5,2522,5044,H2O,2522,0.6,0.0
0.4,21,0.608,0.646,0.5,2522,5044,CAUSAL,2518,0.5875,0.0
0.4,21,0.608,0.646,0.5,2522,5044,ORACLE,2513,0.8125,1.0
0.4,21,0.608,0.646,0.6,3026,5044,RT,3021,0.675,0.0
0.4,21,0.608,0.646,0.6,3026,5044,H2O,3011,0.725,0.0
0.4,21,0.608,0.646,0.6,3026,5044,CAUSAL,3018,0.729167,0.0
0.4,21,0.608,0.646,0.6,3026,5044,ORACLE,3024,0.870833,1.0
0.4,22,0.51,0.7644,0.2,903,4519,RT,899,0.079167,0.0
0.4,22,0.51,0.7644,0.2,903,4519,H2O,902,0.179167,0.0
0.4,22,0.51,0.7644,0.2,903,4519,CAUSAL,896,0.279167,0.0
0.4,22,0.51,0.7644,0.2,903,4519,ORACLE,903,0.416667,0.0
0.4,22,0.51,0.7644,0.3,1355,4519,RT,1351,0.2125,0.0
0.4,22,0.51,0.7644,0.3,1355,4519,H2O,1349,0.295833,0.0
0.4,22,0.51,0.7644,0.3,1355,4519,CAUSAL,1353,0.4125,0.0
0.4,22,0.51,0.7644,0.3,1355,4519,ORACLE,1353,0.691667,1.0
0.4,22,0.51,0.7644,0.4,1807,4519,RT,1801,0.341667,0.0
0.4,22,0.51,0.7644,0.4,1807,4519,H2O,1802,0.4375,0.0
0.4,22,0.51,0.7644,0.4,1807,4519,CAUSAL,1802,0.516667,0.0
0.4,22,0.51,0.7644,0.4,1807,4519,ORACLE,1806,0.8375,1.0
0.4,22,0.51,0.7644,0.5,2259,4519,RT,2259,0.466667,0.0
0.4,22,0.51,0.7644,0.5,2259,4519,H2O,2250,0.508333,0.0
0.4,22,0.51,0.7644,0.5,2259,4519,CAUSAL,2255,0.6125,0.0
0.4,22,0.51,0.7644,0.5,2259,4519,ORACLE,2259,0.866667,1.0
0.4,22,0.51,0.7644,0.6,2711,4519,RT,2707,0.566667,0.0
0.4,22,0.51,0.7644,0.6,2711,4519,H2O,2709,0.625,0.0
0.4,22,0.51,0.7644,0.6,2711,4519,CAUSAL,2711,0.683333,0.0
0.4,22,0.51,0.7644,0.6,2711,4519,ORACLE,2711,0.920833,1.0
0.4,23,0.644,0.7596,0.2,989,4946,RT,985,0.125,0.0
0.4,23,0.644,0.7596,0.2,989,4946,H2O,986,0.1625,0.0
0.4,23,0.644,0.7596,0.2,989,4946,CAUSAL,982,0.25,0.0
0.4,23,0.644,0.7596,0.2,989,4946,ORACLE,987,0.408333,1.0
0.4,23,0.644,0.7596,0.3,1483,4946,RT,1481,0.2125,0.0
0.4,23,0.644,0.7596,0.3,1483,4946,H2O,1480,0.345833,0.0
0.4,23,0.644,0.7596,0.3,1483,4946,CAUSAL,1477,0.341667,0.0
0.4,23,0.644,0.7596,0.3,1483,4946,ORACLE,1470,0.791667,1.0
0.4,23,0.644,0.7596,0.4,1978,4946,RT,1978,0.354167,0.0
0.4,23,0.644,0.7596,0.4,1978,4946,H2O,1976,0.4125,0.0
0.4,23,0.644,0.7596,0.4,1978,4946,CAUSAL,1971,0.366667,0.0
0.4,23,0.644,0.7596,0.4,1978,4946,ORACLE,1968,0.825,1.0
0.4,23,0.644,0.7596,0.5,2473,4946,RT,2469,0.495833,0.0
0.4,23,0.644,0.7596,0.5,2473,4946,H2O,2464,0.579167,0.0
0.4,23,0.644,0.7596,0.5,2473,4946,CAUSAL,2468,0.420833,0.0
0.4,23,0.644,0.7596,0.5,2473,4946,ORACLE,2457,0.870833,1.0
0.4,23,0.644,0.7596,0.6,2967,4946,RT,2961,0.716667,0.0
0.4,23,0.644,0.7596,0.6,2967,4946,H2O,2953,0.645833,0.0
0.4,23,0.644,0.7596,0.6,2967,4946,CAUSAL,2966,0.658333,0.0
0.4,23,0.644,0.7596,0.6,2967,4946,ORACLE,2966,0.920833,1.0
0.4,24,0.5417,0.7679,0.2,929,4647,RT,923,0.145833,0.0
0.4,24,0.5417,0.7679,0.2,929,4647,H2O,928,0.341667,0.0
0.4,24,0.5417,0.7679,0.2,929,4647,CAUSAL,927,0.2,0.0
0.4,24,0.5417,0.7679,0.2,929,4647,ORACLE,928,0.745833,1.0
0.4,24,0.5417,0.7679,0.3,1394,4647,RT,1391,0.216667,0.0
0.4,24,0.5417,0.7679,0.3,1394,4647,H2O,1394,0.395833,0.0
0.4,24,0.5417,0.7679,0.3,1394,4647,CAUSAL,1393,0.295833,0.0
0.4,24,0.5417,0.7679,0.3,1394,4647,ORACLE,1394,0.8,1.0
0.4,24,0.5417,0.7679,0.4,1858,4647,RT,1848,0.404167,0.0
0.4,24,0.5417,0.7679,0.4,1858,4647,H2O,1856,0.491667,0.0
0.4,24,0.5417,0.7679,0.4,1858,4647,CAUSAL,1857,0.391667,0.0
0.4,24,0.5417,0.7679,0.4,1858,4647,ORACLE,1856,0.8625,1.0
0.4,24,0.5417,0.7679,0.5,2323,4647,RT,2315,0.541667,0.0
0.4,24,0.5417,0.7679,0.5,2323,4647,H2O,2318,0.525,0.0
0.4,24,0.5417,0.7679,0.5,2323,4647,CAUSAL,2319,0.3875,0.0
0.4,24,0.5417,0.7679,0.5,2323,4647,ORACLE,2320,0.9,1.0
0.4,24,0.5417,0.7679,0.6,2788,4647,RT,2788,0.5625,0.0
0.4,24,0.5417,0.7679,0.6,2788,4647,H2O,2782,0.533333,0.0
0.4,24,0.5417,0.7679,0.6,2788,4647,CAUSAL,2785,0.529167,1.0
0.4,24,0.5417,0.7679,0.6,2788,4647,ORACLE,2787,0.9375,1.0
0.4,25,0.5882,0.6636,0.2,836,4182,RT,834,0.254167,0.0
0.4,25,0.5882,0.6636,0.2,836,4182,H2O,831,0.35,0.0
0.4,25,0.5882,0.6636,0.2,836,4182,CAUSAL,836,0.233333,0.0
0.4,25,0.5882,0.6636,0.2,836,4182,ORACLE,832,0.329167,0.0
0.4,25,0.5882,0.6636,0.3,1254,4182,RT,1247,0.35,0.0
0.4,25,0.5882,0.6636,0.3,1254,4182,H2O,1254,0.4375,0.0
0.4,25,0.5882,0.6636,0.3,1254,4182,CAUSAL,1252,0.416667,0.0
0.4,25,0.5882,0.6636,0.3,1254,4182,ORACLE,1253,0.7,1.0
0.4,25,0.5882,0.6636,0.4,1672,4182,RT,1670,0.508333,0.0
0.4,25,0.5882,0.6636,0.4,1672,4182,H2O,1658,0.658333,0.0
0.4,25,0.5882,0.6636,0.4,1672,4182,CAUSAL,1671,0.595833,0.0
0.4,25,0.5882,0.6636,0.4,1672,4182,ORACLE,1667,0.883333,1.0
0.4,25,0.5882,0.6636,0.5,2091,4182,RT,2091,0.625,0.0
0.4,25,0.5882,0.6636,0.5,2091,4182,H2O,2086,0.658333,0.0
0.4,25,0.5882,0.6636,0.5,2091,4182,CAUSAL,2091,0.658333,0.0
0.4,25,0.5882,0.6636,0.5,2091,4182,ORACLE,2087,0.875,1.0
0.4,25,0.5882,0.6636,0.6,2509,4182,RT,2488,0.770833,0.0
0.4,25,0.5882,0.6636,0.6,2509,4182,H2O,2502,0.808333,0.0
0.4,25,0.5882,0.6636,0.6,2509,4182,CAUSAL,2505,0.625,0.0
0.4,25,0.5882,0.6636,0.6,2509,4182,ORACLE,2507,0.904167,1.0
0.4,26,0.658,0.7096,0.2,982,4913,RT,980,0.191667,0.0
0.4,26,0.658,0.7096,0.2,982,4913,H2O,982,0.291667,0.0
0.4,26,0.658,0.7096,0.2,982,4913,CAUSAL,979,0.2375,0.0
0.4,26,0.658,0.7096,0.2,982,4913,ORACLE,980,0.216667,0.0
0.4,26,0.658,0.7096,0.3,1473,4913,RT,1473,0.179167,0.0
0.4,26,0.658,0.7096,0.3,1473,4913,H2O,1471,0.425,0.0
0.4,26,0.658,0.7096,0.3,1473,4913,CAUSAL,1468,0.3125,0.0
0.4,26,0.658,0.7096,0.3,1473,4913,ORACLE,1472,0.320833,0.0
0.4,26,0.658,0.7096,0.4,1965,4913,RT,1965,0.366667,0.0
0.4,26,0.658,0.7096,0.4,1965,4913,H2O,1959,0.433333,0.0
0.4,26,0.658,0.7096,0.4,1965,4913,CAUSAL,1960,0.441667,0.0
0.4,26,0.658,0.7096,0.4,1965,4913,ORACLE,1965,0.520833,1.0
0.4,26,0.658,0.7096,0.5,2456,4913,RT,2454,0.470833,0.0
0.4,26,0.658,0.7096,0.5,2456,4913,H2O,2455,0.45,0.0
0.4,26,0.658,0.7096,0.5,2456,4913,CAUSAL,2442,0.570833,0.0
0.4,26,0.658,0.7096,0.5,2456,4913,ORACLE,2451,0.8125,1.0
0.4,26,0.658,0.7096,0.6,2947,4913,RT,2947,0.5,0.0
0.4,26,0.658,0.7096,0.6,2947,4913,H2O,2943,0.625,0.0
0.4,26,0.658,0.7096,0.6,2947,4913,CAUSAL,2946,0.6375,0.0
0.4,26,0.658,0.7096,0.6,2947,4913,ORACLE,2940,0.9125,1.0
0.4,27,0.65,0.8472,0.2,954,4773,RT,947,0.2,0.0
0.4,27,0.65,0.8472,0.2,954,4773,H2O,952,0.241667,0.0
0.4,27,0.65,0.8472,0.2,954,4773,CAUSAL,953,0.2875,0.0
0.4,27,0.65,0.8472,0.2,954,4773,ORACLE,954,0.320833,0.0
0.4,27,0.65,0.8472,0.3,1431,4773,RT,1429,0.395833,0.0
0.4,27,0.65,0.8472,0.3,1431,4773,H2O,1425,0.425,0.0
0.4,27,0.65,0.8472,0.3,1431,4773,CAUSAL,1430,0.358333,0.0
0.4,27,0.65,0.8472,0.3,1431,4773,ORACLE,1429,0.5,0.0
0.4,27,0.65,0.8472,0.4,1909,4773,RT,1909,0.55,0.0
0.4,27,0.65,0.8472,0.4,1909,4773,H2O,1907,0.45,0.0
0.4,27,0.65,0.8472,0.4,1909,4773,CAUSAL,1909,0.466667,0.0
0.4,27,0.65,0.8472,0.4,1909,4773,ORACLE,1909,0.7875,1.0
0.4,27,0.65,0.8472,0.5,2386,4773,RT,2380,0.6125,0.0
0.4,27,0.65,0.8472,0.5,2386,4773,H2O,2385,0.541667,0.0
0.4,27,0.65,0.8472,0.5,2386,4773,CAUSAL,2382,0.520833,0.0
0.4,27,0.65,0.8472,0.5,2386,4773,ORACLE,2385,0.858333,1.0
0.4,27,0.65,0.8472,0.6,2863,4773,RT,2862,0.658333,0.0
0.4,27,0.65,0.8472,0.6,2863,4773,H2O,2860,0.6375,0.0
0.4,27,0.65,0.8472,0.6,2863,4773,CAUSAL,2861,0.595833,0.0
0.4,27,0.65,0.8472,0.6,2863,4773,ORACLE,2862,0.916667,1.0
0.4,28,0.4808,0.4678,0.2,720,3601,RT,719,0.266667,0.0
0.4,28,0.4808,0.4678,0.2,720,3601,H2O,720,0.233333,0.0
0.4,28,0.4808,0.4678,0.2,720,3601,CAUSAL,719,0.116667,0.0
0.4,28,0.4808,0.4678,0.2,720,3601,ORACLE,720,0.508333,1.0
0.4,28,0.4808,0.4678,0.3,1080,3601,RT,1074,0.2875,0.0
0.4,28,0.4808,0.4678,0.3,1080,3601,H2O,1080,0.341667,0.0
0.4,28,0.4808,0.4678,0.3,1080,3601,CAUSAL,1080,0.266667,0.0
0.4,28,0.4808,0.4678,0.3,1080,3601,ORACLE,1072,0.804167,1.0
0.4,28,0.4808,0.4678,0.4,1440,3601,RT,1432,0.383333,0.0
0.4,28,0.4808,0.4678,0.4,1440,3601,H2O,1431,0.4,0.0
0.4,28,0.4808,0.4678,0.4,1440,3601,CAUSAL,1436,0.3125,0.0
0.4,28,0.4808,0.4678,0.4,1440,3601,ORACLE,1436,0.829167,1.0
0.4,28,0.4808,0.4678,0.5,1800,3601,RT,1799,0.4375,0.0
0.4,28,0.4808,0.4678,0.5,1800,3601,H2O,1791,0.4375,0.0
0.4,28,0.4808,0.4678,0.5,1800,3601,CAUSAL,1797,0.5,0.0
0.4,28,0.4808,0.4678,0.5,1800,3601,ORACLE,1792,0.841667,1.0
0.4,28,0.4808,0.4678,0.6,2160,3601,RT,2158,0.516667,0.0
0.4,28,0.4808,0.4678,0.6,2160,3601,H2O,2160,0.5375,0.0
0.4,28,0.4808,0.4678,0.6,2160,3601,CAUSAL,2160,0.666667,0.0
0.4,28,0.4808,0.4678,0.6,2160,3601,ORACLE,2159,0.908333,1.0
0.4,29,0.5793,0.637,0.2,789,3945,RT,783,0.245833,0.0
0.4,29,0.5793,0.637,0.2,789,3945,H2O,787,0.304167,0.0
0.4,29,0.5793,0.637,0.2,789,3945,CAUSAL,789,0.433333,0.0
0.4,29,0.5793,0.637,0.2,789,3945,ORACLE,789,0.283333,0.0
0.4,29,0.5793,0.637,0.3,1183,3945,RT,1183,0.366667,0.0
0.4,29,0.5793,0.637,0.3,1183,3945,H2O,1183,0.4625,0.0
0.4,29,0.5793,0.637,0.3,1183,3945,CAUSAL,1179,0.533333,0.0
0.4,29,0.5793,0.637,0.3,1183,3945,ORACLE,1183,0.454167,1.0
0.4,29,0.5793,0.637,0.4,1578,3945,RT,1578,0.508333,0.0
0.4,29,0.5793,0.637,0.4,1578,3945,H2O,1571,0.5375,0.0
0.4,29,0.5793,0.637,0.4,1578,3945,CAUSAL,1571,0.458333,0.0
0.4,29,0.5793,0.637,0.4,1578,3945,ORACLE,1571,0.833333,1.0
0.4,29,0.5793,0.637,0.5,1972,3945,RT,1972,0.5125,0.0
0.4,29,0.5793,0.637,0.5,1972,3945,H2O,1970,0.55,0.0
0.4,29,0.5793,0.637,0.5,1972,3945,CAUSAL,1963,0.533333,0.0
0.4,29,0.5793,0.637,0.5,1972,3945,ORACLE,1968,0.870833,1.0
0.4,29,0.5793,0.637,0.6,2367,3945,RT,2362,0.570833,0.0
0.4,29,0.5793,0.637,0.6,2367,3945,H2O,2358,0.645833,0.0
0.4,29,0.5793,0.637,0.6,2367,3945,CAUSAL,2367,0.55,0.0
0.4,29,0.5793,0.637,0.6,2367,3945,ORACLE,2366,0.920833,1.0
0.4,30,0.528,0.7209,0.2,975,4875,RT,968,0.183333,0.0
0.4,30,0.528,0.7209,0.2,975,4875,H2O,974,0.2375,0.0
0.4,30,0.528,0.7209,0.2,975,4875,CAUSAL,975,0.233333,0.0
0.4,30,0.528,0.7209,0.2,975,4875,ORACLE,974,0.2875,0.0
0.4,30,0.528,0.7209,0.3,1462,4875,RT,1457,0.2625,0.0
0.4,30,0.528,0.7209,0.3,1462,4875,H2O,1461,0.404167,0.0
0.4,30,0.528,0.7209,0.3,1462,4875,CAUSAL,1460,0.316667,0.0
0.4,30,0.528,0.7209,0.3,1462,4875,ORACLE,1459,0.329167,0.0
0.4,30,0.528,0.7209,0.4,1950,4875,RT,1948,0.433333,0.0
0.4,30,0.528,0.7209,0.4,1950,4875,H2O,1938,0.4875,0.0
0.4,30,0.528,0.7209,0.4,1950,4875,CAUSAL,1948,0.4375,0.0
0.4,30,0.528,0.7209,0.4,1950,4875,ORACLE,1943,0.4625,0.0
0.4,30,0.528,0.7209,0.5,2437,4875,RT,2431,0.491667,0.0
0.4,30,0.528,0.7209,0.5,2437,4875,H2O,2435,0.570833,0.0
0.4,30,0.528,0.7209,0.5,2437,4875,CAUSAL,2433,0.475,0.0
0.4,30,0.528,0.7209,0.5,2437,4875,ORACLE,2437,0.804167,1.0
0.4,30,0.528,0.7209,0.6,2925,4875,RT,2923,0.533333,0.0
0.4,30,0.528,0.7209,0.6,2925,4875,H2O,2913,0.679167,0.0
0.4,30,0.528,0.7209,0.6,2925,4875,CAUSAL,2918,0.575,0.0
0.4,30,0.528,0.7209,0.6,2925,4875,ORACLE,2922,0.916667,1.0
0.4,31,0.582,0.7564,0.2,845,4228,RT,839,0.225,0.0
0.4,31,0.582,0.7564,0.2,845,4228,H2O,845,0.408333,0.0
0.4,31,0.582,0.7564,0.2,845,4228,CAUSAL,837,0.225,0.0
0.4,31,0.582,0.7564,0.2,845,4228,ORACLE,845,0.458333,1.0
0.4,31,0.582,0.7564,0.3,1268,4228,RT,1264,0.391667,0.0
0.4,31,0.582,0.7564,0.3,1268,4228,H2O,1261,0.3875,0.0
0.4,31,0.582,0.7564,0.3,1268,4228,CAUSAL,1260,0.3625,0.0
0.4,31,0.582,0.7564,0.3,1268,4228,ORACLE,1268,0.783333,1.0
0.4,31,0.582,0.7564,0.4,1691,4228,RT,1682,0.520833,0.0
0.4,31,0.582,0.7564,0.4,1691,4228,H2O,1691,0.504167,0.0
0.4,31,0.582,0.7564,0.4,1691,4228,CAUSAL,1680,0.495833,0.0
0.4,31,0.582,0.7564,0.4,1691,4228,ORACLE,1690,0.883333,1.0
0.4,31,0.582,0.7564,0.5,2114,4228,RT,2107,0.575,0.0
0.4,31,0.582,0.7564,0.5,2114,4228,H2O,2107,0.633333,0.0
0.4,31,0.582,0.7564,0.5,2114,4228,CAUSAL,2106,0.654167,0.0
0.4,31,0.582,0.7564,0.5,2114,4228,ORACLE,2107,0.895833,1.0
0.4,31,0.582,0.7564,0.6,2536,4228,RT,2528,0.7125,0.0
0.4,31,0.582,0.7564,0.6,2536,4228,H2O,2533,0.729167,0.0
0.4,31,0.582,0.7564,0.6,2536,4228,CAUSAL,2522,0.704167,0.0
0.4,31,0.582,0.7564,0.6,2536,4228,ORACLE,2532,0.933333,1.0
0.4,32,0.6754,0.7019,0.2,868,4341,RT,867,0.279167,0.0
0.4,32,0.6754,0.7019,0.2,868,4341,H2O,868,0.295833,0.0
0.4,32,0.6754,0.7019,0.2,868,4341,CAUSAL,864,0.254167,0.0
0.4,32,0.6754,0.7019,0.2,868,4341,ORACLE,861,0.325,0.0
0.4,32,0.6754,0.7019,0.3,1302,4341,RT,1300,0.3625,0.0
0.4,32,0.6754,0.7019,0.3,1302,4341,H2O,1292,0.491667,0.0
0.4,32,0.6754,0.7019,0.3,1302,4341,CAUSAL,1299,0.5125,0.0
0.4,32,0.6754,0.7019,0.3,1302,4341,ORACLE,1302,0.675,1.0
0.4,32,0.6754,0.7019,0.4,1736,4341,RT,1727,0.429167,0.0
0.4,32,0.6754,0.7019,0.4,1736,4341,H2O,1735,0.529167,0.0
0.4,32,0.6754,0.7019,0.4,1736,4341,CAUSAL,1735,0.529167,0.0
0.4,32,0.6754,0.7019,0.4,1736,4341,ORACLE,1729,0.825,1.0
0.4,32,0.6754,0.7019,0.5,2170,4341,RT,2169,0.6125,0.0
0.4,32,0.6754,0.7019,0.5,2170,4341,H2O,2151,0.608333,0.0
0.4,32,0.6754,0.7019,0.5,2170,4341,CAUSAL,2168,0.720833,0.0
0.4,32,0.6754,0.7019,0.5,2170,4341,ORACLE,2170,0.8625,1.0
0.4,32,0.6754,0.7019,0.6,2604,4341,RT,2604,0.716667,0.0
0.4,32,0.6754,0.7019,0.6,2604,4341,H2O,2603,0.658333,0.0
0.4,32,0.6754,0.7019,0.6,2604,4341,CAUSAL,2601,0.729167,0.0
0.4,32,0.6754,0.7019,0.6,2604,4341,ORACLE,2599,0.9125,1.0
0.4,33,0.5028,0.834,0.2,786,3932,RT,778,0.170833,0.0
0.4,33,0.5028,0.834,0.2,786,3932,H2O,786,0.270833,0.0
0.4,33,0.5028,0.834,0.2,786,3932,CAUSAL,782,0.283333,0.0
0.4,33,0.5028,0.834,0.2,786,3932,ORACLE,784,0.345833,0.0
0.4,33,0.5028,0.834,0.3,1179,3932,RT,1168,0.295833,0.0
0.4,33,0.5028,0.834,0.3,1179,3932,H2O,1179,0.35,0.0
0.4,33,0.5028,0.834,0.3,1179,3932,CAUSAL,1170,0.441667,0.0
0.4,33,0.5028,0.834,0.3,1179,3932,ORACLE,1178,0.433333,0.0
0.4,33,0.5028,0.834,0.4,1572,3932,RT,1572,0.3875,0.0
0.4,33,0.5028,0.834,0.4,1572,3932,H2O,1564,0.45,0.0
0.4,33,0.5028,0.834,0.4,1572,3932,CAUSAL,1572,0.5125,0.0
0.4,33,0.5028,0.834,0.4,1572,3932,ORACLE,1569,0.595833,1.0
0.4,33,0.5028,0.834,0.5,1966,3932,RT,1958,0.408333,0.0
0.4,33,0.5028,0.834,0.5,1966,3932,H2O,1961,0.6125,0.0
0.4,33,0.5028,0.834,0.5,1966,3932,CAUSAL,1965,0.633333,0.0
0.4,33,0.5028,0.834,0.5,1966,3932,ORACLE,1959,0.895833,1.0
0.4,33,0.5028,0.834,0.6,2359,3932,RT,2350,0.583333,0.0
0.4,33,0.5028,0.834,0.6,2359,3932,H2O,2349,0.7375,0.0
0.4,33,0.5028,0.834,0.6,2359,3932,CAUSAL,2357,0.658333,1.0
0.4,33,0.5028,0.834,0.6,2359,3932,ORACLE,2347,0.933333,1.0
0.4,34,0.4815,0.7236,0.2,1066,5334,RT,1066,0.2,0.0
0.4,34,0.4815,0.7236,0.2,1066,5334,H2O,1061,0.2125,0.0
0.4,34,0.4815,0.7236,0.2,1066,5334,CAUSAL,1061,0.304167,0.0
0.4,34,0.4815,0.7236,0.2,1066,5334,ORACLE,1059,0.433333,0.0
0.4,34,0.4815,0.7236,0.3,1600,5334,RT,1598,0.216667,0.0
0.4,34,0.4815,0.7236,0.3,1600,5334,H2O,1593,0.35,0.0
0.4,34,0.4815,0.7236,0.3,1600,5334,CAUSAL,1596,0.408333,0.0
0.4,34,0.4815,0.7236,0.3,1600,5334,ORACLE,1598,0.720833,1.0
0.4,34,0.4815,0.7236,0.4,2133,5334,RT,2127,0.416667,0.0
0.4,34,0.4815,0.7236,0.4,2133,5334,H2O,2124,0.445833,0.0
0.4,34,0.4815,0.7236,0.4,2133,5334,CAUSAL,2133,0.5125,0.0
0.4,34,0.4815,0.7236,0.4,2133,5334,ORACLE,2133,0.841667,1.0
0.4,34,0.4815,0.7236,0.5,2667,5334,RT,2665,0.545833,0.0
0.4,34,0.4815,0.7236,0.5,2667,5334,H2O,2662,0.55,0.0
0.4,34,0.4815,0.7236,0.5,2667,5334,CAUSAL,2665,0.520833,0.0
0.4,34,0.4815,0.7236,0.5,2667,5334,ORACLE,2659,0.904167,1.0
0.4,34,0.4815,0.7236,0.6,3200,5334,RT,3196,0.579167,0.0
0.4,34,0.4815,0.7236,0.6,3200,5334,H2O,3192,0.679167,0.0
0.4,34,0.4815,0.7236,0.6,3200,5334,CAUSAL,3193,0.558333,0.0
0.4,34,0.4815,0.7236,0.6,3200,5334,ORACLE,3200,0.941667,1.0
0.4,35,0.6154,0.7309,0.2,860,4302,RT,860,0.266667,0.0
0.4,35,0.6154,0.7309,0.2,860,4302,H2O,859,0.341667,0.0
0.4,35,0.6154,0.7309,0.2,860,4302,CAUSAL,852,0.408333,0.0
0.4,35,0.6154,0.7309,0.2,860,4302,ORACLE,859,0.6125,1.0
0.4,35,0.6154,0.7309,0.3,1290,4302,RT,1286,0.391667,0.0
0.4,35,0.6154,0.7309,0.3,1290,4302,H2O,1285,0.354167,0.0
0.4,35,0.6154,0.7309,0.3,1290,4302,CAUSAL,1287,0.479167,0.0
0.4,35,0.6154,0.7309,0.3,1290,4302,ORACLE,1289,0.716667,1.0
0.4,35,0.6154,0.7309,0.4,1720,4302,RT,1717,0.479167,0.0
0.4,35,0.6154,0.7309,0.4,1720,4302,H2O,1719,0.508333,0.0
0.4,35,0.6154,0.7309,0.4,1720,4302,CAUSAL,1718,0.604167,0.0
0.4,35,0.6154,0.7309,0.4,1720,4302,ORACLE,1713,0.8125,1.0
0.4,35,0.6154,0.7309,0.5,2151,4302,RT,2143,0.5875,0.0
0.4,35,0.6154,0.7309,0.5,2151,4302,H2O,2141,0.591667,0.0
0.4,35,0.6154,0.7309,0.5,2151,4302,CAUSAL,2151,0.7,0.0
0.4,35,0.6154,0.7309,0.5,2151,4302,ORACLE,2142,0.845833,1.0
0.4,35,0.6154,0.7309,0.6,2581,4302,RT,2580,0.591667,0.0
0.4,35,0.6154,0.7309,0.6,2581,4302,H2O,2577,0.7,0.0
0.4,35,0.6154,0.7309,0.6,2581,4302,CAUSAL,2574,0.725,0.0
0.4,35,0.6154,0.7309,0.6,2581,4302,ORACLE,2576,0.8875,1.0
0.4,36,0.368,0.6939,0.2,684,3424,RT,684,0.358333,0.0
0.4,36,0.368,0.6939,0.2,684,3424,H2O,679,0.504167,0.0
0.4,36,0.368,0.6939,0.2,684,3424,CAUSAL,684,0.258333,0.0
0.4,36,0.368,0.6939,0.2,684,3424,ORACLE,681,0.1875,0.0
0.4,36,0.368,0.6939,0.3,1027,3424,RT,1022,0.441667,0.0
0.4,36,0.368,0.6939,0.3,1027,3424,H2O,1025,0.55,0.0
0.4,36,0.368,0.6939,0.3,1027,3424,CAUSAL,1022,0.341667,0.0
0.4,36,0.368,0.6939,0.3,1027,3424,ORACLE,1025,0.25,0.0
0.4,36,0.368,0.6939,0.4,1369,3424,RT,1367,0.645833,0.0
0.4,36,0.368,0.6939,0.4,1369,3424,H2O,1364,0.595833,0.0
0.4,36,0.368,0.6939,0.4,1369,3424,CAUSAL,1366,0.383333,0.0
0.4,36,0.368,0.6939,0.4,1369,3424,ORACLE,1362,0.308333,0.0
0.4,36,0.368,0.6939,0.5,1712,3424,RT,1712,0.666667,0.0
0.4,36,0.368,0.6939,0.5,1712,3424,H2O,1712,0.6625,0.0
0.4,36,0.368,0.6939,0.5,1712,3424,CAUSAL,1710,0.545833,0.0
0.4,36,0.368,0.6939,0.5,1712,3424,ORACLE,1711,0.583333,1.0
0.4,36,0.368,0.6939,0.6,2054,3424,RT,2052,0.691667,0.0
0.4,36,0.368,0.6939,0.6,2054,3424,H2O,2054,0.7375,0.0
0.4,36,0.368,0.6939,0.6,2054,3424,CAUSAL,2048,0.633333,0.0
0.4,36,0.368,0.6939,0.6,2054,3424,ORACLE,2054,0.875,1.0
0.4,37,0.6543,0.6846,0.2,868,4341,RT,863,0.208333,0.0
0.4,37,0.6543,0.6846,0.2,868,4341,H2O,861,0.195833,0.0
0.4,37,0.6543,0.6846,0.2,868,4341,CAUSAL,864,0.216667,0.0
0.4,37,0.6543,0.6846,0.2,868,4341,ORACLE,867,0.2125,0.0
0.4,37,0.6543,0.6846,0.3,1302,4341,RT,1292,0.283333,0.0
0.4,37,0.6543,0.6846,0.3,1302,4341,H2O,1301,0.3875,0.0
0.4,37,0.6543,0.6846,0.3,1302,4341,CAUSAL,1302,0.333333,0.0
0.4,37,0.6543,0.6846,0.3,1302,4341,ORACLE,1301,0.254167,0.0
0.4,37,0.6543,0.6846,0.4,1736,4341,RT,1730,0.329167,0.0
0.4,37,0.6543,0.6846,0.4,1736,4341,H2O,1729,0.454167,0.0
0.4,37,0.6543,0.6846,0.4,1736,4341,CAUSAL,1730,0.395833,0.0
0.4,37,0.6543,0.6846,0.4,1736,4341,ORACLE,1735,0.458333,1.0
0.4,37,0.6543,0.6846,0.5,2170,4341,RT,2168,0.4375,0.0
0.4,37,0.6543,0.6846,0.5,2170,4341,H2O,2162,0.545833,0.0
0.4,37,0.6543,0.6846,0.5,2170,4341,CAUSAL,2168,0.4875,0.0
0.4,37,0.6543,0.6846,0.5,2170,4341,ORACLE,2156,0.7875,1.0
0.4,37,0.6543,0.6846,0.6,2604,4341,RT,2604,0.6,0.0
0.4,37,0.6543,0.6846,0.6,2604,4341,H2O,2583,0.670833,0.0
0.4,37,0.6543,0.6846,0.6,2604,4341,CAUSAL,2600,0.6375,0.0
0.4,37,0.6543,0.6846,0.6,2604,4341,ORACLE,2596,0.858333,1.0
0.4,38,0.3056,0.554,0.2,813,4067,RT,811,0.266667,0.0
0.4,38,0.3056,0.554,0.2,813,4067,H2O,811,0.308333,0.0
0.4,38,0.3056,0.554,0.2,813,4067,CAUSAL,811,0.216667,0.0
0.4,38,0.3056,0.554,0.2,813,4067,ORACLE,811,0.316667,0.0
0.4,38,0.3056,0.554,0.3,1220,4067,RT,1216,0.404167,0.0
0.4,38,0.3056,0.554,0.3,1220,4067,H2O,1216,0.4125,0.0
0.4,38,0.3056,0.554,0.3,1220,4067,CAUSAL,1220,0.266667,0.0
0.4,38,0.3056,0.554,0.3,1220,4067,ORACLE,1218,0.4875,1.0
0.4,38,0.3056,0.554,0.4,1626,4067,RT,1625,0.4875,0.0
0.4,38,0.3056,0.554,0.4,1626,4067,H2O,1625,0.4375,0.0
0.4,38,0.3056,0.554,0.4,1626,4067,CAUSAL,1620,0.308333,0.0
0.4,38,0.3056,0.554,0.4,1626,4067,ORACLE,1625,0.758333,1.0
0.4,38,0.3056,0.554,0.5,2033,4067,RT,2029,0.5625,0.0
0.4,38,0.3056,0.554,0.5,2033,4067,H2O,2029,0.554167,0.0
0.4,38,0.3056,0.554,0.5,2033,4067,CAUSAL,2025,0.433333,0.0
0.4,38,0.3056,0.554,0.5,2033,4067,ORACLE,2032,0.85,1.0
0.4,38,0.3056,0.554,0.6,2440,4067,RT,2439,0.666667,0.0
0.4,38,0.3056,0.554,0.6,2440,4067,H2O,2431,0.654167,0.0
0.4,38,0.3056,0.554,0.6,2440,4067,CAUSAL,2439,0.520833,0.0
0.4,38,0.3056,0.554,0.6,2440,4067,ORACLE,2438,0.879167,1.0
0.4,39,0.424,0.8534,0.2,985,4929,RT,980,0.145833,0.0
0.4,39,0.424,0.8534,0.2,985,4929,H2O,984,0.220833,0.0
0.4,39,0.424,0.8534,0.2,985,4929,CAUSAL,982,0.225,0.0
0.4,39,0.424,0.8534,0.2,985,4929,ORACLE,984,0.420833,0.0
0.4,39,0.424,0.8534,0.3,1478,4929,RT,1475,0.333333,0.0
0.4,39,0.424,0.8534,0.3,1478,4929,H2O,1474,0.233333,0.0
0.4,39,0.424,0.8534,0.3,1478,4929,CAUSAL,1478,0.3,0.0
0.4,39,0.424,0.8534,0.3,1478,4929,ORACLE,1473,0.5,1.0
0.4,39,0.424,0.8534,0.4,1971,4929,RT,1971,0.429167,0.0
0.4,39,0.424,0.8534,0.4,1971,4929,H2O,1966,0.366667,0.0
0.4,39,0.424,0.8534,0.4,1971,4929,CAUSAL,1966,0.345833,0.0
0.4,39,0.424,0.8534,0.4,1971,4929,ORACLE,1966,0.783333,1.0
0.4,39,0.424,0.8534,0.5,2464,4929,RT,2464,0.545833,0.0
0.4,39,0.424,0.8534,0.5,2464,4929,H2O,2460,0.55,0.0
0.4,39,0.424,0.8534,0.5,2464,4929,CAUSAL,2459,0.445833,0.0
0.4,39,0.424,0.8534,0.5,2464,4929,ORACLE,2464,0.858333,1.0
0.4,39,0.424,0.8534,0.6,2957,4929,RT,2949,0.591667,0.0
0.4,39,0.424,0.8534,0.6,2957,4929,H2O,2952,0.770833,0.0
0.4,39,0.424,0.8534,0.6,2957,4929,CAUSAL,2948,0.620833,1.0
0.4,39,0.424,0.8534,0.6,2957,4929,ORACLE,2949,0.916667,1.0
0.4,40,0.514,0.6753,0.2,895,4478,RT,888,0.1625,0.0
0.4,40,0.514,0.6753,0.2,895,4478,H2O,893,0.233333,0.0
0.4,40,0.514,0.6753,0.2,895,4478,CAUSAL,894,0.254167,0.0
0.4,40,0.514,0.6753,0.2,895,4478,ORACLE,894,0.2875,0.0
0.4,40,0.514,0.6753,0.3,1343,4478,RT,1339,0.308333,0.0
0.4,40,0.514,0.6753,0.3,1343,4478,H2O,1342,0.2875,0.0
0.4,40,0.514,0.6753,0.3,1343,4478,CAUSAL,1343,0.35,0.0
0.4,40,0.514,0.6753,0.3,1343,4478,ORACLE,1336,0.3375,0.0
0.4,40,0.514,0.6753,0.4,1791,4478,RT,1786,0.466667,0.0
0.4,40,0.514,0.6753,0.4,1791,4478,H2O,1786,0.479167,0.0
0.4,40,0.514,0.6753,0.4,1791,4478,CAUSAL,1791,0.425,0.0
0.4,40,0.514,0.6753,0.4,1791,4478,ORACLE,1786,0.604167,1.0
0.4,40,0.514,0.6753,0.5,2239,4478,RT,2232,0.545833,0.0
0.4,40,0.514,0.6753,0.5,2239,4478,H2O,2239,0.595833,0.0
0.4,40,0.514,0.6753,0.5,2239,4478,CAUSAL,2235,0.541667,0.0
0.4,40,0.514,0.6753,0.5,2239,4478,ORACLE,2231,0.7125,1.0
0.4,40,0.514,0.6753,0.6,2686,4478,RT,2686,0.620833,0.0
0.4,40,0.514,0.6753,0.6,2686,4478,H2O,2685,0.625,0.0
0.4,40,0.514,0.6753,0.6,2686,4478,CAUSAL,2685,0.6625,0.0
0.4,40,0.514,0.6753,0.6,2686,4478,ORACLE,2684,0.775,1.0
0.4,41,0.568,0.7234,0.2,947,4735,RT,944,0.233333,0.0
0.4,41,0.568,0.7234,0.2,947,4735,H2O,941,0.2125,0.0
0.4,41,0.568,0.7234,0.2,947,4735,CAUSAL,942,0.2125,0.0
0.4,41,0.568,0.7234,0.2,947,4735,ORACLE,947,0.320833,0.0
0.4,41,0.568,0.7234,0.3,1420,4735,RT,1419,0.295833,0.0
0.4,41,0.568,0.7234,0.3,1420,4735,H2O,1420,0.308333,0.0
0.4,41,0.568,0.7234,0.3,1420,4735,CAUSAL,1417,0.420833,0.0
0.4,41,0.568,0.7234,0.3,1420,4735,ORACLE,1420,0.433333,0.0
0.4,41,0.568,0.7234,0.4,1894,4735,RT,1894,0.358333,0.0
0.4,41,0.568,0.7234,0.4,1894,4735,H2O,1888,0.470833,0.0
0.4,41,0.568,0.7234,0.4,1894,4735,CAUSAL,1892,0.483333,0.0
0.4,41,0.568,0.7234,0.4,1894,4735,ORACLE,1894,0.758333,1.0
0.4,41,0.568,0.7234,0.5,2367,4735,RT,2367,0.516667,0.0
0.4,41,0.568,0.7234,0.5,2367,4735,H2O,2358,0.575,0.0
0.4,41,0.568,0.7234,0.5,2367,4735,CAUSAL,2367,0.508333,0.0
0.4,41,0.568,0.7234,0.5,2367,4735,ORACLE,2364,0.808333,1.0
0.4,41,0.568,0.7234,0.6,2841,4735,RT,2835,0.55,0.0
0.4,41,0.568,0.7234,0.6,2841,4735,H2O,2835,0.654167,0.0
0.4,41,0.568,0.7234,0.6,2841,4735,CAUSAL,2836,0.708333,0.0
0.4,41,0.568,0.7234,0.6,2841,4735,ORACLE,2839,0.895833,1.0
0.4,42,0.5636,0.7674,0.2,964,4823,RT,964,0.2625,0.0
0.4,42,0.5636,0.7674,0.2,964,4823,H2O,959,0.245833,0.0
0.4,42,0.5636,0.7674,0.2,964,4823,CAUSAL,961,0.191667,0.0
0.4,42,0.5636,0.7674,0.2,964,4823,ORACLE,957,0.2375,0.0
0.4,42,0.5636,0.7674,0.3,1446,4823,RT,1444,0.325,0.0
0.4,42,0.5636,0.7674,0.3,1446,4823,H2O,1444,0.345833,0.0
0.4,42,0.5636,0.7674,0.3,1446,4823,CAUSAL,1440,0.345833,0.0
0.4,42,0.5636,0.7674,0.3,1446,4823,ORACLE,1445,0.358333,0.0
0.4,42,0.5636,0.7674,0.4,1929,4823,RT,1928,0.383333,0.0
0.4,42,0.5636,0.7674,0.4,1929,4823,H2O,1923,0.470833,0.0
0.4,42,0.5636,0.7674,0.4,1929,4823,CAUSAL,1927,0.429167,0.0
0.4,42,0.5636,0.7674,0.4,1929,4823,ORACLE,1926,0.770833,1.0
0.4,42,0.5636,0.7674,0.5,2411,4823,RT,2410,0.529167,0.0
0.4,42,0.5636,0.7674,0.5,2411,4823,H2O,2404,0.570833,0.0
0.4,42,0.5636,0.7674,0.5,2411,4823,CAUSAL,2411,0.5875,0.0
0.4,42,0.5636,0.7674,0.5,2411,4823,ORACLE,2406,0.8125,1.0
0.4,42,0.5636,0.7674,0.6,2893,4823,RT,2893,0.641667,0.0
0.4,42,0.5636,0.7674,0.6,2893,4823,H2O,2890,0.691667,0.0
0.4,42,0.5636,0.7674,0.6,2893,4823,CAUSAL,2888,0.625,0.0
0.4,42,0.5636,0.7674,0.6,2893,4823,ORACLE,2893,0.883333,1.0
0.4,43,0.5696,0.6415,0.2,726,3632,RT,720,0.2375,0.0
0.4,43,0.5696,0.6415,0.2,726,3632,H2O,725,0.3125,0.0
0.4,43,0.5696,0.6415,0.2,726,3632,CAUSAL,724,0.2875,0.0
0.4,43,0.5696,0.6415,0.2,726,3632,ORACLE,726,0.354167,0.0
0.4,43,0.5696,0.6415,0.3,1089,3632,RT,1084,0.379167,0.0
0.4,43,0.5696,0.6415,0.3,1089,3632,H2O,1089,0.475,0.0
0.4,43,0.5696,0.6415,0.3,1089,3632,CAUSAL,1087,0.370833,0.0
0.4,43,0.5696,0.6415,0.3,1089,3632,ORACLE,1086,0.458333,1.0
0.4,43,0.5696,0.6415,0.4,1452,3632,RT,1446,0.445833,0.0
0.4,43,0.5696,0.6415,0.4,1452,3632,H2O,1452,0.570833,0.0
0.4,43,0.5696,0.6415,0.4,1452,3632,CAUSAL,1448,0.408333,0.0
0.4,43,0.5696,0.6415,0.4,1452,3632,ORACLE,1452,0.75,1.0
0.4,43,0.5696,0.6415,0.5,1816,3632,RT,1812,0.491667,0.0
0.4,43,0.5696,0.6415,0.5,1816,3632,H2O,1812,0.570833,0.0
0.4,43,0.5696,0.6415,0.5,1816,3632,CAUSAL,1813,0.583333,0.0
0.4,43,0.5696,0.6415,0.5,1816,3632,ORACLE,1809,0.9125,1.0
0.4,43,0.5696,0.6415,0.6,2179,3632,RT,2178,0.6125,0.0
0.4,43,0.5696,0.6415,0.6,2179,3632,H2O,2177,0.7,0.0
0.4,43,0.5696,0.6415,0.6,2179,3632,CAUSAL,2178,0.7125,0.0
0.4,43,0.5696,0.6415,0.6,2179,3632,ORACLE,2171,0.941667,1.0
0.4,44,0.4601,0.6993,0.2,1001,5006,RT,998,0.3,0.0
0.4,44,0.4601,0.6993,0.2,1001,5006,H2O,997,0.354167,0.0
0.4,44,0.4601,0.6993,0.2,1001,5006,CAUSAL,994,0.341667,0.0
0.4,44,0.4601,0.6993,0.2,1001,5006,ORACLE,995,0.3375,0.0
0.4,44,0.4601,0.6993,0.3,1501,5006,RT,1498,0.395833,0.0
0.4,44,0.4601,0.6993,0.3,1501,5006,H2O,1494,0.483333,0.0
0.4,44,0.4601,0.6993,0.3,1501,5006,CAUSAL,1499,0.375,0.0
0.4,44,0.4601,0.6993,0.3,1501,5006,ORACLE,1498,0.733333,1.0
0.4,44,0.4601,0.6993,0.4,2002,5006,RT,2000,0.525,0.0
0.4,44,0.4601,0.6993,0.4,2002,5006,H2O,2001,0.595833,0.0
0.4,44,0.4601,0.6993,0.4,2002,5006,CAUSAL,2001,0.458333,0.0
0.4,44,0.4601,0.6993,0.4,2002,5006,ORACLE,1996,0.8625,1.0
0.4,44,0.4601,0.6993,0.5,2503,5006,RT,2501,0.570833,0.0
0.4,44,0.4601,0.6993,0.5,2503,5006,H2O,2499,0.65,0.0
0.4,44,0.4601,0.6993,0.5,2503,5006,CAUSAL,2492,0.558333,0.0
0.4,44,0.4601,0.6993,0.5,2503,5006,ORACLE,2502,0.879167,1.0
0.4,44,0.4601,0.6993,0.6,3003,5006,RT,3000,0.745833,0.0
0.4,44,0.4601,0.6993,0.6,3003,5006,H2O,3002,0.791667,0.0
0.4,44,0.4601,0.6993,0.6,3003,5006,CAUSAL,2995,0.708333,0.0
0.4,44,0.4601,0.6993,0.6,3003,5006,ORACLE,2999,0.933333,1.0
0.4,45,0.4286,0.7032,0.2,790,3954,RT,784,0.2375,0.0
0.4,45,0.4286,0.7032,0.2,790,3954,H2O,785,0.2625,0.0
0.4,45,0.4286,0.7032,0.2,790,3954,CAUSAL,787,0.154167,0.0
0.4,45,0.4286,0.7032,0.2,790,3954,ORACLE,790,0.141667,0.0
0.4,45,0.4286,0.7032,0.3,1186,3954,RT,1185,0.379167,0.0
0.4,45,0.4286,0.7032,0.3,1186,3954,H2O,1186,0.3625,0.0
0.4,45,0.4286,0.7032,0.3,1186,3954,CAUSAL,1182,0.254167,0.0
0.4,45,0.4286,0.7032,0.3,1186,3954,ORACLE,1185,0.3,0.0
0.4,45,0.4286,0.7032,0.4,1581,3954,RT,1581,0.458333,0.0
0.4,45,0.4286,0.7032,0.4,1581,3954,H2O,1580,0.541667,0.0
0.4,45,0.4286,0.7032,0.4,1581,3954,CAUSAL,1580,0.283333,0.0
0.4,45,0.4286,0.7032,0.4,1581,3954,ORACLE,1580,0.404167,0.0
0.4,45,0.4286,0.7032,0.5,1977,3954,RT,1977,0.583333,0.0
0.4,45,0.4286,0.7032,0.5,1977,3954,H2O,1972,0.625,0.0
0.4,45,0.4286,0.7032,0.5,1977,3954,CAUSAL,1976,0.429167,0.0
0.4,45,0.4286,0.7032,0.5,1977,3954,ORACLE,1970,0.595833,1.0
0.4,45,0.4286,0.7032,0.6,2372,3954,RT,2366,0.583333,0.0
0.4,45,0.4286,0.7032,0.6,2372,3954,H2O,2364,0.704167,0.0
0.4,45,0.4286,0.7032,0.6,2372,3954,CAUSAL,2368,0.4875,0.0
0.4,45,0.4286,0.7032,0.6,2372,3954,ORACLE,2372,0.791667,1.0
0.4,46,0.5391,0.7747,0.2,904,4521,RT,898,0.229167,0.0
0.4,46,0.5391,0.7747,0.2,904,4521,H2O,898,0.204167,0.0
0.4,46,0.5391,0.7747,0.2,904,4521,CAUSAL,904,0.1375,0.0
0.4,46,0.5391,0.7747,0.2,904,4521,ORACLE,898,0.470833,1.0
0.4,46,0.5391,0.7747,0.3,1356,4521,RT,1353,0.291667,0.0
0.4,46,0.5391,0.7747,0.3,1356,4521,H2O,1343,0.420833,0.0
0.4,46,0.5391,0.7747,0.3,1356,4521,CAUSAL,1356,0.341667,0.0
0.4,46,0.5391,0.7747,0.3,1356,4521,ORACLE,1354,0.725,1.0
0.4,46,0.5391,0.7747,0.4,1808,4521,RT,1808,0.45,0.0
0.4,46,0.5391,0.7747,0.4,1808,4521,H2O,1799,0.454167,0.0
0.4,46,0.5391,0.7747,0.4,1808,4521,CAUSAL,1801,0.475,0.0
0.4,46,0.5391,0.7747,0.4,1808,4521,ORACLE,1807,0.783333,1.0
0.4,46,0.5391,0.7747,0.5,2260,4521,RT,2254,0.5375,0.0
0.4,46,0.5391,0.7747,0.5,2260,4521,H2O,2254,0.558333,0.0
0.4,46,0.5391,0.7747,0.5,2260,4521,CAUSAL,2254,0.608333,1.0
0.4,46,0.5391,0.7747,0.5,2260,4521,ORACLE,2258,0.829167,1.0
0.4,46,0.5391,0.7747,0.6,2712,4521,RT,2710,0.691667,0.0
0.4,46,0.5391,0.7747,0.6,2712,4521,H2O,2708,0.641667,0.0
0.4,46,0.5391,0.7747,0.6,2712,4521,CAUSAL,2712,0.670833,1.0
0.4,46,0.5391,0.7747,0.6,2712,4521,ORACLE,2711,0.8875,1.0
0.4,47,0.5368,0.7035,0.2,809,4048,RT,804,0.204167,0.0
0.4,47,0.5368,0.7035,0.2,809,4048,H2O,802,0.275,0.0
0.4,47,0.5368,0.7035,0.2,809,4048,CAUSAL,804,0.120833,0.0
0.4,47,0.5368,0.7035,0.2,809,4048,ORACLE,806,0.266667,0.0
0.4,47,0.5368,0.7035,0.3,1214,4048,RT,1207,0.358333,0.0
0.4,47,0.5368,0.7035,0.3,1214,4048,H2O,1209,0.345833,0.0
0.4,47,0.5368,0.7035,0.3,1214,4048,CAUSAL,1209,0.3125,0.0
0.4,47,0.5368,0.7035,0.3,1214,4048,ORACLE,1209,0.516667,1.0
0.4,47,0.5368,0.7035,0.4,1619,4048,RT,1614,0.491667,0.0
0.4,47,0.5368,0.7035,0.4,1619,4048,H2O,1613,0.433333,0.0
0.4,47,0.5368,0.7035,0.4,1619,4048,CAUSAL,1613,0.416667,0.0
0.4,47,0.5368,0.7035,0.4,1619,4048,ORACLE,1611,0.825,1.0
0.4,47,0.5368,0.7035,0.5,2024,4048,RT,2014,0.575,0.0
0.4,47,0.5368,0.7035,0.5,2024,4048,H2O,2018,0.5125,0.0
0.4,47,0.5368,0.7035,0.5,2024,4048,CAUSAL,2023,0.4875,0.0
0.4,47,0.5368,0.7035,0.5,2024,4048,ORACLE,2017,0.929167,1.0
0.4,47,0.5368,0.7035,0.6,2428,4048,RT,2425,0.6625,0.0
0.4,47,0.5368,0.7035,0.6,2428,4048,H2O,2428,0.658333,0.0
0.4,47,0.5368,0.7035,0.6,2428,4048,CAUSAL,2425,0.554167,0.0
0.4,47,0.5368,0.7035,0.6,2428,4048,ORACLE,2405,0.970833,1.0
0.4,48,0.566,0.6291,0.2,849,4246,RT,849,0.2125,0.0
0.4,48,0.566,0.6291,0.2,849,4246,H2O,847,0.270833,0.0
0.4,48,0.566,0.6291,0.2,849,4246,CAUSAL,846,0.191667,0.0
0.4,48,0.566,0.6291,0.2,849,4246,ORACLE,843,0.541667,1.0
0.4,48,0.566,0.6291,0.3,1273,4246,RT,1270,0.3375,0.0
0.4,48,0.566,0.6291,0.3,1273,4246,H2O,1268,0.458333,0.0
0.4,48,0.566,0.6291,0.3,1273,4246,CAUSAL,1273,0.3125,0.0
0.4,48,0.566,0.6291,0.3,1273,4246,ORACLE,1269,0.758333,1.0
0.4,48,0.566,0.6291,0.4,1698,4246,RT,1695,0.5125,0.0
0.4,48,0.566,0.6291,0.4,1698,4246,H2O,1696,0.516667,0.0
0.4,48,0.566,0.6291,0.4,1698,4246,CAUSAL,1698,0.383333,0.0
0.4,48,0.566,0.6291,0.4,1698,4246,ORACLE,1690,0.825,1.0
0.4,48,0.566,0.6291,0.5,2123,4246,RT,2116,0.570833,0.0
0.4,48,0.566,0.6291,0.5,2123,4246,H2O,2123,0.554167,0.0
0.4,48,0.566,0.6291,0.5,2123,4246,CAUSAL,2120,0.579167,0.0
0.4,48,0.566,0.6291,0.5,2123,4246,ORACLE,2113,0.883333,1.0
0.4,48,0.566,0.6291,0.6,2547,4246,RT,2542,0.616667,0.0
0.4,48,0.566,0.6291,0.6,2547,4246,H2O,2547,0.679167,0.0
0.4,48,0.566,0.6291,0.6,2547,4246,CAUSAL,2547,0.708333,0.0
0.4,48,0.566,0.6291,0.6,2547,4246,ORACLE,2544,0.908333,1.0
0.4,49,0.5733,0.7438,0.2,820,4100,RT,819,0.158333,0.0
0.4,49,0.5733,0.7438,0.2,820,4100,H2O,818,0.258333,0.0
0.4,49,0.5733,0.7438,0.2,820,4100,CAUSAL,812,0.341667,0.0
0.4,49,0.5733,0.7438,0.2,820,4100,ORACLE,815,0.554167,1.0
0.4,49,0.5733,0.7438,0.3,1230,4100,RT,1224,0.3625,0.0
0.4,49,0.5733,0.7438,0.3,1230,4100,H2O,1225,0.266667,0.0
0.4,49,0.5733,0.7438,0.3,1230,4100,CAUSAL,1224,0.4625,0.0
0.4,49,0.5733,0.7438,0.3,1230,4100,ORACLE,1222,0.8,1.0
0.4,49,0.5733,0.7438,0.4,1640,4100,RT,1640,0.3875,0.0
0.4,49,0.5733,0.7438,0.4,1640,4100,H2O,1637,0.4625,0.0
0.4,49,0.5733,0.7438,0.4,1640,4100,CAUSAL,1635,0.654167,0.0
0.4,49,0.5733,0.7438,0.4,1640,4100,ORACLE,1636,0.858333,1.0
0.4,49,0.5733,0.7438,0.5,2050,4100,RT,2050,0.5125,0.0
0.4,49,0.5733,0.7438,0.5,2050,4100,H2O,2048,0.479167,0.0
0.4,49,0.5733,0.7438,0.5,2050,4100,CAUSAL,2050,0.708333,0.0
0.4,49,0.5733,0.7438,0.5,2050,4100,ORACLE,2049,0.895833,1.0
0.4,49,0.5733,0.7438,0.6,2460,4100,RT,2453,0.6375,0.0
0.4,49,0.5733,0.7438,0.6,2460,4100,H2O,2454,0.591667,0.0
0.4,49,0.5733,0.7438,0.6,2460,4100,CAUSAL,2452,0.75,0.0
0.4,49,0.5733,0.7438,0.6,2460,4100,ORACLE,2453,0.929167,1.0
0.4,50,0.4898,0.7146,0.2,840,4204,RT,838,0.208333,0.0
0.4,50,0.4898,0.7146,0.2,840,4204,H2O,840,0.341667,0.0
0.4,50,0.4898,0.7146,0.2,840,4204,CAUSAL,839,0.295833,0.0
0.4,50,0.4898,0.7146,0.2,840,4204,ORACLE,838,0.391667,0.0
0.4,50,0.4898,0.7146,0.3,1261,4204,RT,1259,0.333333,0.0
0.4,50,0.4898,0.7146,0.3,1261,4204,H2O,1257,0.420833,0.0
0.4,50,0.4898,0.7146,0.3,1261,4204,CAUSAL,1258,0.358333,0.0
0.4,50,0.4898,0.7146,0.3,1261,4204,ORACLE,1256,0.458333,1.0
0.4,50,0.4898,0.7146,0.4,1681,4204,RT,1678,0.4875,0.0
0.4,50,0.4898,0.7146,0.4,1681,4204,H2O,1679,0.4875,0.0
0.4,50,0.4898,0.7146,0.4,1681,4204,CAUSAL,1679,0.420833,0.0
0.4,50,0.4898,0.7146,0.4,1681,4204,ORACLE,1675,0.795833,1.0
0.4,50,0.4898,0.7146,0.5,2102,4204,RT,2095,0.491667,0.0
0.4,50,0.4898,0.7146,0.5,2102,4204,H2O,2095,0.558333,0.0
0.4,50,0.4898,0.7146,0.5,2102,4204,CAUSAL,2101,0.595833,0.0
0.4,50,0.4898,0.7146,0.5,2102,4204,ORACLE,2096,0.895833,1.0
0.4,50,0.4898,0.7146,0.6,2522,4204,RT,2519,0.695833,0.0
0.4,50,0.4898,0.7146,0.6,2522,4204,H2O,2519,0.616667,0.0
0.4,50,0.4898,0.7146,0.6,2522,4204,CAUSAL,2516,0.620833,0.0
0.4,50,0.4898,0.7146,0.6,2522,4204,ORACLE,2521,0.9375,1.0
0.4,51,0.5503,0.732,0.2,1024,5124,RT,1018,0.241667,0.0
0.4,51,0.5503,0.732,0.2,1024,5124,H2O,1023,0.329167,0.0
0.4,51,0.5503,0.732,0.2,1024,5124,CAUSAL,1022,0.270833,0.0
0.4,51,0.5503,0.732,0.2,1024,5124,ORACLE,1020,0.3125,0.0
0.4,51,0.5503,0.732,0.3,1537,5124,RT,1530,0.291667,0.0
0.4,51,0.5503,0.732,0.3,1537,5124,H2O,1537,0.395833,0.0
0.4,51,0.5503,0.732,0.3,1537,5124,CAUSAL,1537,0.391667,0.0
0.4,51,0.5503,0.732,0.3,1537,5124,ORACLE,1534,0.720833,1.0
0.4,51,0.5503,0.732,0.4,2049,5124,RT,2043,0.583333,0.0
0.4,51,0.5503,0.732,0.4,2049,5124,H2O,2044,0.5625,0.0
0.4,51,0.5503,0.732,0.4,2049,5124,CAUSAL,2048,0.429167,0.0
0.4,51,0.5503,0.732,0.4,2049,5124,ORACLE,2044,0.8,1.0
0.4,51,0.5503,0.732,0.5,2562,5124,RT,2556,0.679167,0.0
0.4,51,0.5503,0.732,0.5,2562,5124,H2O,2561,0.616667,0.0
0.4,51,0.5503,0.732,0.5,2562,5124,CAUSAL,2559,0.554167,0.0
0.4,51,0.5503,0.732,0.5,2562,5124,ORACLE,2559,0.870833,1.0
0.4,51,0.5503,0.732,0.6,3074,5124,RT,3067,0.7375,0.0
0.4,51,0.5503,0.732,0.6,3074,5124,H2O,3067,0.641667,0.0
0.4,51,0.5503,0.732,0.6,3074,5124,CAUSAL,3073,0.675,0.0
0.4,51,0.5503,0.732,0.6,3074,5124,ORACLE,3072,0.933333,1.0
0.4,52,0.532,0.7871,0.2,910,4551,RT,904,0.279167,0.0
0.4,52,0.532,0.7871,0.2,910,4551,H2O,906,0.1625,0.0
0.4,52,0.532,0.7871,0.2,910,4551,CAUSAL,910,0.216667,0.0
0.4,52,0.532,0.7871,0.2,910,4551,ORACLE,910,0.5125,0.0
0.4,52,0.532,0.7871,0.3,1365,4551,RT,1362,0.370833,0.0
0.4,52,0.532,0.7871,0.3,1365,4551,H2O,1358,0.3375,0.0
0.4,52,0.532,0.7871,0.3,1365,4551,CAUSAL,1358,0.325,0.0
0.4,52,0.532,0.7871,0.3,1365,4551,ORACLE,1365,0.733333,1.0
0.4,52,0.532,0.7871,0.4,1820,4551,RT,1814,0.404167,0.0
0.4,52,0.532,0.7871,0.4,1820,4551,H2O,1813,0.491667,0.0
0.4,52,0.532,0.7871,0.4,1820,4551,CAUSAL,1813,0.420833,0.0
0.4,52,0.532,0.7871,0.4,1820,4551,ORACLE,1812,0.791667,1.0
0.4,52,0.532,0.7871,0.5,2275,4551,RT,2275,0.4625,0.0
0.4,52,0.532,0.7871,0.5,2275,4551,H2O,2274,0.5375,0.0
0.4,52,0.532,0.7871,0.5,2275,4551,CAUSAL,2269,0.529167,0.0
0.4,52,0.532,0.7871,0.5,2275,4551,ORACLE,2269,0.858333,1.0
0.4,52,0.532,0.7871,0.6,2730,4551,RT,2730,0.6875,0.0
0.4,52,0.532,0.7871,0.6,2730,4551,H2O,2724,0.7375,0.0
0.4,52,0.532,0.7871,0.6,2730,4551,CAUSAL,2724,0.633333,0.0
0.4,52,0.532,0.7871,0.6,2730,4551,ORACLE,2724,0.891667,1.0
0.4,53,0.601,0.5896,0.2,1074,5373,RT,1070,0.158333,0.0
0.4,53,0.601,0.5896,0.2,1074,5373,H2O,1064,0.358333,0.0
0.4,53,0.601,0.5896,0.2,1074,5373,CAUSAL,1069,0.291667,0.0
0.4,53,0.601,0.5896,0.2,1074,5373,ORACLE,1074,0.2375,0.0
0.4,53,0.601,0.5896,0.3,1611,5373,RT,1606,0.333333,0.0
0.4,53,0.601,0.5896,0.3,1611,5373,H2O,1605,0.4,0.0
0.4,53,0.601,0.5896,0.3,1611,5373,CAUSAL,1605,0.408333,0.0
0.4,53,0.601,0.5896,0.3,1611,5373,ORACLE,1609,0.358333,0.0
0.4,53,0.601,0.5896,0.4,2149,5373,RT,2148,0.429167,0.0
0.4,53,0.601,0.5896,0.4,2149,5373,H2O,2146,0.45,0.0
0.4,53,0.601,0.5896,0.4,2149,5373,CAUSAL,2148,0.466667,0.0
0.4,53,0.601,0.5896,0.4,2149,5373,ORACLE,2143,0.470833,0.0
0.4,53,0.601,0.5896,0.5,2686,5373,RT,2680,0.558333,0.0
0.4,53,0.601,0.5896,0.5,2686,5373,H2O,2678,0.65,0.0
0.4,53,0.601,0.5896,0.5,2686,5373,CAUSAL,2686,0.516667,0.0
0.4,53,0.601,0.5896,0.5,2686,5373,ORACLE,2685,0.816667,1.0
0.4,53,0.601,0.5896,0.6,3223,5373,RT,3221,0.641667,0.0
0.4,53,0.601,0.5896,0.6,3223,5373,H2O,3216,0.716667,0.0
0.4,53,0.601,0.5896,0.6,3223,5373,CAUSAL,3215,0.5875,0.0
0.4,53,0.601,0.5896,0.6,3223,5373,ORACLE,3214,0.875,1.0
0.4,54,0.3005,0.69,0.2,1046,5232,RT,1040,0.125,0.0
0.4,54,0.3005,0.69,0.2,1046,5232,H2O,1043,0.3,0.0
0.4,54,0.3005,0.69,0.2,1046,5232,CAUSAL,1045,0.225,0.0
0.4,54,0.3005,0.69,0.2,1046,5232,ORACLE,1043,0.3625,0.0
0.4,54,0.3005,0.69,0.3,1569,5232,RT,1566,0.258333,0.0
0.4,54,0.3005,0.69,0.3,1569,5232,H2O,1567,0.308333,0.0
0.4,54,0.3005,0.69,0.3,1569,5232,CAUSAL,1561,0.245833,0.0
0.4,54,0.3005,0.69,0.3,1569,5232,ORACLE,1566,0.375,1.0
0.4,54,0.3005,0.69,0.4,2092,5232,RT,2092,0.2875,0.0
0.4,54,0.3005,0.69,0.4,2092,5232,H2O,2091,0.329167,0.0
0.4,54,0.3005,0.69,0.4,2092,5232,CAUSAL,2092,0.375,0.0
0.4,54,0.3005,0.69,0.4,2092,5232,ORACLE,2092,0.85,1.0
0.4,54,0.3005,0.69,0.5,2616,5232,RT,2614,0.354167,0.0
0.4,54,0.3005,0.69,0.5,2616,5232,H2O,2610,0.4375,0.0
0.4,54,0.3005,0.69,0.5,2616,5232,CAUSAL,2616,0.354167,0.0
0.4,54,0.3005,0.69,0.5,2616,5232,ORACLE,2609,0.920833,1.0
0.4,54,0.3005,0.69,0.6,3139,5232,RT,3136,0.508333,0.0
0.4,54,0.3005,0.69,0.6,3139,5232,H2O,3138,0.554167,0.0
0.4,54,0.3005,0.69,0.6,3139,5232,CAUSAL,3138,0.658333,0.0
0.4,54,0.3005,0.69,0.6,3139,5232,ORACLE,3114,0.954167,1.0
0.4,55,0.4842,0.7089,0.2,866,4331,RT,865,0.254167,0.0
0.4,55,0.4842,0.7089,0.2,866,4331,H2O,859,0.254167,0.0
0.4,55,0.4842,0.7089,0.2,866,4331,CAUSAL,864,0.1375,0.0
0.4,55,0.4842,0.7089,0.2,866,4331,ORACLE,866,0.4875,0.0
0.4,55,0.4842,0.7089,0.3,1299,4331,RT,1298,0.35,0.0
0.4,55,0.4842,0.7089,0.3,1299,4331,H2O,1289,0.345833,0.0
0.4,55,0.4842,0.7089,0.3,1299,4331,CAUSAL,1296,0.229167,0.0
0.4,55,0.4842,0.7089,0.3,1299,4331,ORACLE,1295,0.6625,1.0
0.4,55,0.4842,0.7089,0.4,1732,4331,RT,1727,0.475,0.0
0.4,55,0.4842,0.7089,0.4,1732,4331,H2O,1725,0.3625,0.0
0.4,55,0.4842,0.7089,0.4,1732,4331,CAUSAL,1726,0.345833,0.0
0.4,55,0.4842,0.7089,0.4,1732,4331,ORACLE,1731,0.791667,1.0
0.4,55,0.4842,0.7089,0.5,2165,4331,RT,2162,0.508333,0.0
0.4,55,0.4842,0.7089,0.5,2165,4331,H2O,2159,0.525,0.0
0.4,55,0.4842,0.7089,0.5,2165,4331,CAUSAL,2161,0.408333,0.0
0.4,55,0.4842,0.7089,0.5,2165,4331,ORACLE,2163,0.879167,1.0
0.4,55,0.4842,0.7089,0.6,2598,4331,RT,2592,0.570833,0.0
0.4,55,0.4842,0.7089,0.6,2598,4331,H2O,2588,0.583333,0.0
0.4,55,0.4842,0.7089,0.6,2598,4331,CAUSAL,2590,0.504167,0.0
0.4,55,0.4842,0.7089,0.6,2598,4331,ORACLE,2598,0.895833,1.0
0.4,56,0.6906,0.776,0.2,993,4967,RT,986,0.345833,0.0
0.4,56,0.6906,0.776,0.2,993,4967,H2O,990,0.325,0.0
0.4,56,0.6906,0.776,0.2,993,4967,CAUSAL,991,0.2,0.0
0.4,56,0.6906,0.776,0.2,993,4967,ORACLE,988,0.25,0.0
0.4,56,0.6906,0.776,0.3,1490,4967,RT,1485,0.425,0.0
0.4,56,0.6906,0.776,0.3,1490,4967,H2O,1485,0.466667,0.0
0.4,56,0.6906,0.776,0.3,1490,4967,CAUSAL,1490,0.345833,0.0
0.4,56,0.6906,0.776,0.3,1490,4967,ORACLE,1488,0.541667,0.0
0.4,56,0.6906,0.776,0.4,1986,4967,RT,1982,0.483333,0.0
0.4,56,0.6906,0.776,0.4,1986,4967,H2O,1985,0.529167,0.0
0.4,56,0.6906,0.776,0.4,1986,4967,CAUSAL,1986,0.420833,0.0
0.4,56,0.6906,0.776,0.4,1986,4967,ORACLE,1979,0.704167,1.0
0.4,56,0.6906,0.776,0.5,2483,4967,RT,2474,0.620833,0.0
0.4,56,0.6906,0.776,0.5,2483,4967,H2O,2458,0.654167,0.0
0.4,56,0.6906,0.776,0.5,2483,4967,CAUSAL,2482,0.554167,0.0
0.4,56,0.6906,0.776,0.5,2483,4967,ORACLE,2469,0.85,1.0
0.4,56,0.6906,0.776,0.6,2980,4967,RT,2979,0.7125,0.0
0.4,56,0.6906,0.776,0.6,2980,4967,H2O,2973,0.666667,0.0
0.4,56,0.6906,0.776,0.6,2980,4967,CAUSAL,2976,0.591667,0.0
0.4,56,0.6906,0.776,0.6,2980,4967,ORACLE,2976,0.879167,1.0
0.4,57,0.6035,0.7957,0.2,802,4013,RT,802,0.195833,0.0
0.4,57,0.6035,0.7957,0.2,802,4013,H2O,798,0.370833,0.0
0.4,57,0.6035,0.7957,0.2,802,4013,CAUSAL,797,0.325,0.0
0.4,57,0.6035,0.7957,0.2,802,4013,ORACLE,799,0.316667,0.0
0.4,57,0.6035,0.7957,0.3,1203,4013,RT,1199,0.391667,0.0
0.4,57,0.6035,0.7957,0.3,1203,4013,H2O,1195,0.504167,0.0
0.4,57,0.6035,0.7957,0.3,1203,4013,CAUSAL,1194,0.45,0.0
0.4,57,0.6035,0.7957,0.3,1203,4013,ORACLE,1197,0.604167,1.0
0.4,57,0.6035,0.7957,0.4,1605,4013,RT,1602,0.441667,0.0
0.4,57,0.6035,0.7957,0.4,1605,4013,H2O,1604,0.545833,0.0
0.4,57,0.6035,0.7957,0.4,1605,4013,CAUSAL,1600,0.5125,0.0
0.4,57,0.6035,0.7957,0.4,1605,4013,ORACLE,1598,0.804167,1.0
0.4,57,0.6035,0.7957,0.5,2006,4013,RT,2004,0.6,0.0
0.4,57,0.6035,0.7957,0.5,2006,4013,H2O,2000,0.620833,0.0
0.4,57,0.6035,0.7957,0.5,2006,4013,CAUSAL,2004,0.566667,0.0
0.4,57,0.6035,0.7957,0.5,2006,4013,ORACLE,2003,0.858333,1.0
0.4,57,0.6035,0.7957,0.6,2407,4013,RT,2391,0.716667,0.0
0.4,57,0.6035,0.7957,0.6,2407,4013,H2O,2400,0.741667,0.0
0.4,57,0.6035,0.7957,0.6,2407,4013,CAUSAL,2404,0.670833,0.0
0.4,57,0.6035,0.7957,0.6,2407,4013,ORACLE,2401,0.933333,1.0
0.4,58,0.5529,0.672,0.2,1041,5208,RT,1034,0.266667,0.0
0.4,58,0.5529,0.672,0.2,1041,5208,H2O,1037,0.254167,0.0
0.4,58,0.5529,0.672,0.2,1041,5208,CAUSAL,1039,0.4125,0.0
0.4,58,0.5529,0.672,0.2,1041,5208,ORACLE,1040,0.329167,0.0
0.4,58,0.5529,0.672,0.3,1562,5208,RT,1559,0.425,0.0
0.4,58,0.5529,0.672,0.3,1562,5208,H2O,1556,0.483333,0.0
0.4,58,0.5529,0.672,0.3,1562,5208,CAUSAL,1562,0.416667,0.0
0.4,58,0.5529,0.672,0.3,1562,5208,ORACLE,1560,0.758333,1.0
0.4,58,0.5529,0.672,0.4,2083,5208,RT,2069,0.608333,0.0
0.4,58,0.5529,0.672,0.4,2083,5208,H2O,2083,0.525,0.0
0.4,58,0.5529,0.672,0.4,2083,5208,CAUSAL,2080,0.604167,0.0
0.4,58,0.5529,0.672,0.4,2083,5208,ORACLE,2080,0.841667,1.0
0.4,58,0.5529,0.672,0.5,2604,5208,RT,2602,0.595833,0.0
0.4,58,0.5529,0.672,0.5,2604,5208,H2O,2592,0.5375,0.0
0.4,58,0.5529,0.672,0.5,2604,5208,CAUSAL,2604,0.6625,0.0
0.4,58,0.5529,0.672,0.5,2604,5208,ORACLE,2595,0.883333,1.0
0.4,58,0.5529,0.672,0.6,3124,5208,RT,3111,0.775,0.0
0.4,58,0.5529,0.672,0.6,3124,5208,H2O,3117,0.729167,0.0
0.4,58,0.5529,0.672,0.6,3124,5208,CAUSAL,3122,0.8125,0.0
0.4,58,0.5529,0.672,0.6,3124,5208,ORACLE,3117,0.929167,1.0
0.4,59,0.5359,0.6858,0.2,957,4788,RT,951,0.354167,0.0
0.4,59,0.5359,0.6858,0.2,957,4788,H2O,950,0.4375,0.0
0.4,59,0.5359,0.6858,0.2,957,4788,CAUSAL,953,0.1875,0.0
0.4,59,0.5359,0.6858,0.2,957,4788,ORACLE,956,0.245833,0.0
0.4,59,0.5359,0.6858,0.3,1436,4788,RT,1434,0.458333,0.0
0.4,59,0.5359,0.6858,0.3,1436,4788,H2O,1431,0.483333,0.0
0.4,59,0.5359,0.6858,0.3,1436,4788,CAUSAL,1436,0.4875,0.0
0.4,59,0.5359,0.6858,0.3,1436,4788,ORACLE,1436,0.375,0.0
0.4,59,0.5359,0.6858,0.4,1915,4788,RT,1914,0.558333,0.0
0.4,59,0.5359,0.6858,0.4,1915,4788,H2O,1914,0.579167,0.0
0.4,59,0.5359,0.6858,0.4,1915,4788,CAUSAL,1911,0.483333,0.0
0.4,59,0.5359,0.6858,0.4,1915,4788,ORACLE,1915,0.7375,1.0
0.4,59,0.5359,0.6858,0.5,2394,4788,RT,2393,0.666667,0.0
0.4,59,0.5359,0.6858,0.5,2394,4788,H2O,2394,0.670833,0.0
0.4,59,0.5359,0.6858,0.5,2394,4788,CAUSAL,2393,0.583333,0.0
0.4,59,0.5359,0.6858,0.5,2394,4788,ORACLE,2388,0.816667,1.0
0.4,59,0.5359,0.6858,0.6,2872,4788,RT,2865,0.745833,0.0
0.4,59,0.5359,0.6858,0.6,2872,4788,H2O,2867,0.720833,0.0
0.4,59,0.5359,0.6858,0.6,2872,4788,CAUSAL,2868,0.7,0.0
0.4,59,0.5359,0.6858,0.6,2872,4788,ORACLE,2866,0.875,1.0
0.4,60,0.7634,0.7481,0.2,1023,5118,RT,1021,0.233333,0.0
0.4,60,0.7634,0.7481,0.2,1023,5118,H2O,1023,0.391667,0.0
0.4,60,0.7634,0.7481,0.2,1023,5118,CAUSAL,1018,0.216667,0.0
0.4,60,0.7634,0.7481,0.2,1023,5118,ORACLE,1021,0.275,0.0
0.4,60,0.7634,0.7481,0.3,1535,5118,RT,1534,0.429167,0.0
0.4,60,0.7634,0.7481,0.3,1535,5118,H2O,1532,0.475,0.0
0.4,60,0.7634,0.7481,0.3,1535,5118,CAUSAL,1534,0.279167,0.0
0.4,60,0.7634,0.7481,0.3,1535,5118,ORACLE,1533,0.370833,0.0
0.4,60,0.7634,0.7481,0.4,2047,5118,RT,2045,0.5125,0.0
0.4,60,0.7634,0.7481,0.4,2047,5118,H2O,2047,0.525,0.0
0.4,60,0.7634,0.7481,0.4,2047,5118,CAUSAL,2046,0.395833,0.0
0.4,60,0.7634,0.7481,0.4,2047,5118,ORACLE,2046,0.416667,0.0
0.4,60,0.7634,0.7481,0.5,2559,5118,RT,2556,0.545833,0.0
0.4,60,0.7634,0.7481,0.5,2559,5118,H2O,2545,0.6625,0.0
0.4,60,0.7634,0.7481,0.5,2559,5118,CAUSAL,2551,0.508333,0.0
0.4,60,0.7634,0.7481,0.5,2559,5118,ORACLE,2554,0.708333,1.0
0.4,60,0.7634,0.7481,0.6,3070,5118,RT,3065,0.670833,0.0
0.4,60,0.7634,0.7481,0.6,3070,5118,H2O,3055,0.729167,0.0
0.4,60,0.7634,0.7481,0.6,3070,5118,CAUSAL,3070,0.583333,0.0
0.4,60,0.7634,0.7481,0.6,3070,5118,ORACLE,3063,0.816667,1.0
0.4,61,0.4877,0.8237,0.2,1040,5201,RT,1039,0.175,0.0
0.4,61,0.4877,0.8237,0.2,1040,5201,H2O,1032,0.341667,0.0
0.4,61,0.4877,0.8237,0.2,1040,5201,CAUSAL,1037,0.216667,0.0
0.4,61,0.4877,0.8237,0.2,1040,5201,ORACLE,1038,0.275,0.0
0.4,61,0.4877,0.8237,0.3,1560,5201,RT,1560,0.316667,0.0
0.4,61,0.4877,0.8237,0.3,1560,5201,H2O,1552,0.408333,0.0
0.4,61,0.4877,0.8237,0.3,1560,5201,CAUSAL,1559,0.3125,0.0
0.4,61,0.4877,0.8237,0.3,1560,5201,ORACLE,1559,0.295833,0.0
0.4,61,0.4877,0.8237,0.4,2080,5201,RT,2074,0.408333,0.0
0.4,61,0.4877,0.8237,0.4,2080,5201,H2O,2073,0.483333,0.0
0.4,61,0.4877,0.8237,0.4,2080,5201,CAUSAL,2080,0.375,0.0
0.4,61,0.4877,0.8237,0.4,2080,5201,ORACLE,2078,0.4875,0.0
0.4,61,0.4877,0.8237,0.5,2600,5201,RT,2599,0.579167,0.0
0.4,61,0.4877,0.8237,0.5,2600,5201,H2O,2599,0.525,0.0
0.4,61,0.4877,0.8237,0.5,2600,5201,CAUSAL,2600,0.620833,0.0
0.4,61,0.4877,0.8237,0.5,2600,5201,ORACLE,2598,0.679167,1.0
0.4,61,0.4877,0.8237,0.6,3120,5201,RT,3119,0.629167,0.0
0.4,61,0.4877,0.8237,0.6,3120,5201,H2O,3116,0.6125,0.0
0.4,61,0.4877,0.8237,0.6,3120,5201,CAUSAL,3114,0.575,0.0
0.4,61,0.4877,0.8237,0.6,3120,5201,ORACLE,3118,0.858333,1.0
0.4,62,0.728,0.666,0.2,970,4851,RT,966,0.208333,0.0
0.4,62,0.728,0.666,0.2,970,4851,H2O,967,0.25,0.0
0.4,62,0.728,0.666,0.2,970,4851,CAUSAL,965,0.225,0.0
0.4,62,0.728,0.666,0.2,970,4851,ORACLE,965,0.325,0.0
0.4,62,0.728,0.666,0.3,1455,4851,RT,1449,0.304167,0.0
0.4,62,0.728,0.666,0.3,1455,4851,H2O,1455,0.245833,0.0
0.4,62,0.728,0.666,0.3,1455,4851,CAUSAL,1454,0.341667,0.0
0.4,62,0.728,0.666,0.3,1455,4851,ORACLE,1453,0.391667,1.0
0.4,62,0.728,0.666,0.4,1940,4851,RT,1933,0.370833,0.0
0.4,62,0.728,0.666,0.4,1940,4851,H2O,1938,0.441667,0.0
0.4,62,0.728,0.666,0.4,1940,4851,CAUSAL,1938,0.491667,0.0
0.4,62,0.728,0.666,0.4,1940,4851,ORACLE,1938,0.8,1.0
0.4,62,0.728,0.666,0.5,2425,4851,RT,2421,0.391667,0.0
0.4,62,0.728,0.666,0.5,2425,4851,H2O,2425,0.5,0.0
0.4,62,0.728,0.666,0.5,2425,4851,CAUSAL,2421,0.7125,0.0
0.4,62,0.728,0.666,0.5,2425,4851,ORACLE,2424,0.85,1.0
0.4,62,0.728,0.666,0.6,2910,4851,RT,2908,0.4875,0.0
0.4,62,0.728,0.666,0.6,2910,4851,H2O,2906,0.6,0.0
0.4,62,0.728,0.666,0.6,2910,4851,CAUSAL,2903,0.875,0.0
0.4,62,0.728,0.666,0.6,2910,4851,ORACLE,2908,0.916667,1.0
0.4,63,0.6166,0.7747,0.2,754,3771,RT,753,0.179167,0.0
0.4,63,0.6166,0.7747,0.2,754,3771,H2O,752,0.3,0.0
0.4,63,0.6166,0.7747,0.2,754,3771,CAUSAL,752,0.2375,0.0
0.4,63,0.6166,0.7747,0.2,754,3771,ORACLE,753,0.3625,1.0
0.4,63,0.6166,0.7747,0.3,1131,3771,RT,1130,0.283333,0.0
0.4,63,0.6166,0.7747,0.3,1131,3771,H2O,1128,0.370833,0.0
0.4,63,0.6166,0.7747,0.3,1131,3771,CAUSAL,1129,0.416667,0.0
0.4,63,0.6166,0.7747,0.3,1131,3771,ORACLE,1125,0.729167,1.0
0.4,63,0.6166,0.7747,0.4,1508,3771,RT,1505,0.383333,0.0
0.4,63,0.6166,0.7747,0.4,1508,3771,H2O,1508,0.429167,0.0
0.4,63,0.6166,0.7747,0.4,1508,3771,CAUSAL,1504,0.545833,0.0
0.4,63,0.6166,0.7747,0.4,1508,3771,ORACLE,1507,0.858333,1.0
0.4,63,0.6166,0.7747,0.5,1885,3771,RT,1880,0.516667,0.0
0.4,63,0.6166,0.7747,0.5,1885,3771,H2O,1875,0.579167,0.0
0.4,63,0.6166,0.7747,0.5,1885,3771,CAUSAL,1878,0.720833,0.0
0.4,63,0.6166,0.7747,0.5,1885,3771,ORACLE,1883,0.904167,1.0
0.4,63,0.6166,0.7747,0.6,2262,3771,RT,2257,0.570833,0.0
0.4,63,0.6166,0.7747,0.6,2262,3771,H2O,2254,0.658333,0.0
0.4,63,0.6166,0.7747,0.6,2262,3771,CAUSAL,2258,0.808333,1.0
0.4,63,0.6166,0.7747,0.6,2262,3771,ORACLE,2249,0.958333,1.0
0.65,0,0.5278,0.7451,0.2,831,4156,RT,831,0.245833,0.0
0.65,0,0.5278,0.7451,0.2,831,4156,H2O,829,0.3125,0.0
0.65,0,0.5278,0.7451,0.2,831,4156,CAUSAL,831,0.308333,0.0
0.65,0,0.5278,0.7451,0.2,831,4156,ORACLE,830,0.275,0.0
0.65,0,0.5278,0.7451,0.3,1246,4156,RT,1246,0.341667,0.0
0.65,0,0.5278,0.7451,0.3,1246,4156,H2O,1240,0.370833,0.0
0.65,0,0.5278,0.7451,0.3,1246,4156,CAUSAL,1246,0.304167,0.0
0.65,0,0.5278,0.7451,0.3,1246,4156,ORACLE,1243,0.454167,0.0
0.65,0,0.5278,0.7451,0.4,1662,4156,RT,1659,0.358333,0.0
0.65,0,0.5278,0.7451,0.4,1662,4156,H2O,1659,0.458333,0.0
0.65,0,0.5278,0.7451,0.4,1662,4156,CAUSAL,1662,0.420833,0.0
0.65,0,0.5278,0.7451,0.4,1662,4156,ORACLE,1658,0.716667,1.0
0.65,0,0.5278,0.7451,0.5,2078,4156,RT,2077,0.5625,0.0
0.65,0,0.5278,0.7451,0.5,2078,4156,H2O,2075,0.5625,0.0
0.65,0,0.5278,0.7451,0.5,2078,4156,CAUSAL,2075,0.420833,0.0
0.65,0,0.5278,0.7451,0.5,2078,4156,ORACLE,2078,0.854167,1.0
0.65,0,0.5278,0.7451,0.6,2493,4156,RT,2489,0.695833,0.0
0.65,0,0.5278,0.7451,0.6,2493,4156,H2O,2488,0.720833,0.0
0.65,0,0.5278,0.7451,0.6,2493,4156,CAUSAL,2489,0.5875,0.0
0.65,0,0.5278,0.7451,0.6,2493,4156,ORACLE,2490,0.883333,1.0
0.65,1,0.3906,0.7582,0.2,913,4568,RT,909,0.183333,0.0
0.65,1,0.3906,0.7582,0.2,913,4568,H2O,912,0.3125,0.0
0.65,1,0.3906,0.7582,0.2,913,4568,CAUSAL,906,0.3125,0.0
0.65,1,0.3906,0.7582,0.2,913,4568,ORACLE,906,0.408333,0.0
0.65,1,0.3906,0.7582,0.3,1370,4568,RT,1364,0.366667,0.0
0.65,1,0.3906,0.7582,0.3,1370,4568,H2O,1365,0.416667,0.0
0.65,1,0.3906,0.7582,0.3,1370,4568,CAUSAL,1362,0.325,0.0
0.65,1,0.3906,0.7582,0.3,1370,4568,ORACLE,1369,0.6,1.0
0.65,1,0.3906,0.7582,0.4,1827,4568,RT,1824,0.395833,0.0
0.65,1,0.3906,0.7582,0.4,1827,4568,H2O,1823,0.445833,0.0
0.65,1,0.3906,0.7582,0.4,1827,4568,CAUSAL,1817,0.379167,0.0
0.65,1,0.3906,0.7582,0.4,1827,4568,ORACLE,1818,0.820833,1.0
0.65,1,0.3906,0.7582,0.5,2284,4568,RT,2284,0.491667,0.0
0.65,1,0.3906,0.7582,0.5,2284,4568,H2O,2281,0.525,0.0
0.65,1,0.3906,0.7582,0.5,2284,4568,CAUSAL,2281,0.525,0.0
0.65,1,0.3906,0.7582,0.5,2284,4568,ORACLE,2284,0.866667,1.0
0.65,1,0.3906,0.7582,0.6,2740,4568,RT,2733,0.570833,0.0
0.65,1,0.3906,0.7582,0.6,2740,4568,H2O,2733,0.6125,0.0
0.65,1,0.3906,0.7582,0.6,2740,4568,CAUSAL,2735,0.608333,0.0
0.65,1,0.3906,0.7582,0.6,2740,4568,ORACLE,2732,0.941667,1.0
0.65,2,0.4846,0.593,0.2,957,4787,RT,951,0.258333,0.0
0.65,2,0.4846,0.593,0.2,957,4787,H2O,957,0.266667,0.0
0.65,2,0.4846,0.593,0.2,957,4787,CAUSAL,957,0.204167,0.0
0.65,2,0.4846,0.593,0.2,957,4787,ORACLE,957,0.558333,1.0
0.65,2,0.4846,0.593,0.3,1436,4787,RT,1435,0.291667,0.0
0.65,2,0.4846,0.593,0.3,1436,4787,H2O,1434,0.258333,0.0
0.65,2,0.4846,0.593,0.3,1436,4787,CAUSAL,1434,0.275,0.0
0.65,2,0.4846,0.593,0.3,1436,4787,ORACLE,1436,0.716667,1.0
0.65,2,0.4846,0.593,0.4,1914,4787,RT,1910,0.420833,0.0
0.65,2,0.4846,0.593,0.4,1914,4787,H2O,1911,0.404167,0.0
0.65,2,0.4846,0.593,0.4,1914,4787,CAUSAL,1910,0.425,0.0
0.65,2,0.4846,0.593,0.4,1914,4787,ORACLE,1904,0.791667,1.0
0.65,2,0.4846,0.593,0.5,2393,4787,RT,2387,0.545833,0.0
0.65,2,0.4846,0.593,0.5,2393,4787,H2O,2391,0.591667,0.0
0.65,2,0.4846,0.593,0.5,2393,4787,CAUSAL,2390,0.45,0.0
0.65,2,0.4846,0.593,0.5,2393,4787,ORACLE,2372,0.870833,1.0
0.65,2,0.4846,0.593,0.6,2872,4787,RT,2871,0.620833,0.0
0.65,2,0.4846,0.593,0.6,2872,4787,H2O,2860,0.716667,0.0
0.65,2,0.4846,0.593,0.6,2872,4787,CAUSAL,2870,0.733333,0.0
0.65,2,0.4846,0.593,0.6,2872,4787,ORACLE,2872,0.904167,1.0
0.65,3,0.6085,0.4543,0.2,792,3963,RT,790,0.329167,0.0
0.65,3,0.6085,0.4543,0.2,792,3963,H2O,790,0.495833,0.0
0.65,3,0.6085,0.4543,0.2,792,3963,CAUSAL,788,0.329167,0.0
0.65,3,0.6085,0.4543,0.2,792,3963,ORACLE,788,0.320833,0.0
0.65,3,0.6085,0.4543,0.3,1188,3963,RT,1181,0.495833,0.0
0.65,3,0.6085,0.4543,0.3,1188,3963,H2O,1184,0.5375,0.0
0.65,3,0.6085,0.4543,0.3,1188,3963,CAUSAL,1188,0.445833,0.0
0.65,3,0.6085,0.4543,0.3,1188,3963,ORACLE,1185,0.729167,1.0
0.65,3,0.6085,0.4543,0.4,1585,3963,RT,1585,0.6,0.0
0.65,3,0.6085,0.4543,0.4,1585,3963,H2O,1585,0.625,0.0
0.65,3,0.6085,0.4543,0.4,1585,3963,CAUSAL,1583,0.466667,0.0
0.65,3,0.6085,0.4543,0.4,1585,3963,ORACLE,1584,0.854167,1.0
0.65,3,0.6085,0.4543,0.5,1981,3963,RT,1980,0.779167,0.0
0.65,3,0.6085,0.4543,0.5,1981,3963,H2O,1978,0.675,0.0
0.65,3,0.6085,0.4543,0.5,1981,3963,CAUSAL,1976,0.616667,0.0
0.65,3,0.6085,0.4543,0.5,1981,3963,ORACLE,1978,0.945833,1.0
0.65,3,0.6085,0.4543,0.6,2377,3963,RT,2377,0.829167,0.0
0.65,3,0.6085,0.4543,0.6,2377,3963,H2O,2376,0.7375,0.0
0.65,3,0.6085,0.4543,0.6,2377,3963,CAUSAL,2372,0.729167,0.0
0.65,3,0.6085,0.4543,0.6,2377,3963,ORACLE,2372,0.9625,1.0
0.65,4,0.432,0.7574,0.2,723,3615,RT,723,0.2125,0.0
0.65,4,0.432,0.7574,0.2,723,3615,H2O,717,0.316667,0.0
0.65,4,0.432,0.7574,0.2,723,3615,CAUSAL,721,0.258333,0.0
0.65,4,0.432,0.7574,0.2,723,3615,ORACLE,720,0.433333,0.0
0.65,4,0.432,0.7574,0.3,1084,3615,RT,1084,0.308333,0.0
0.65,4,0.432,0.7574,0.3,1084,3615,H2O,1077,0.404167,0.0
0.65,4,0.432,0.7574,0.3,1084,3615,CAUSAL,1084,0.333333,0.0
0.65,4,0.432,0.7574,0.3,1084,3615,ORACLE,1080,0.616667,1.0
0.65,4,0.432,0.7574,0.4,1446,3615,RT,1443,0.395833,0.0
0.65,4,0.432,0.7574,0.4,1446,3615,H2O,1440,0.495833,0.0
0.65,4,0.432,0.7574,0.4,1446,3615,CAUSAL,1444,0.445833,0.0
0.65,4,0.432,0.7574,0.4,1446,3615,ORACLE,1441,0.8375,1.0
0.65,4,0.432,0.7574,0.5,1807,3615,RT,1801,0.483333,0.0
0.65,4,0.432,0.7574,0.5,1807,3615,H2O,1806,0.6375,0.0
0.65,4,0.432,0.7574,0.5,1807,3615,CAUSAL,1805,0.533333,0.0
0.65,4,0.432,0.7574,0.5,1807,3615,ORACLE,1797,0.908333,1.0
0.65,4,0.432,0.7574,0.6,2169,3615,RT,2169,0.645833,0.0
0.65,4,0.432,0.7574,0.6,2169,3615,H2O,2166,0.683333,0.0
0.65,4,0.432,0.7574,0.6,2169,3615,CAUSAL,2164,0.591667,0.0
0.65,4,0.432,0.7574,0.6,2169,3615,ORACLE,2165,0.95,1.0
0.65,5,0.4097,0.5802,0.2,934,4673,RT,931,0.129167,0.0
0.65,5,0.4097,0.5802,0.2,934,4673,H2O,932,0.304167,0.0
0.65,5,0.4097,0.5802,0.2,934,4673,CAUSAL,927,0.325,0.0
0.65,5,0.4097,0.5802,0.2,934,4673,ORACLE,933,0.7125,1.0
0.65,5,0.4097,0.5802,0.3,1401,4673,RT,1401,0.370833,0.0
0.65,5,0.4097,0.5802,0.3,1401,4673,H2O,1398,0.383333,0.0
0.65,5,0.4097,0.5802,0.3,1401,4673,CAUSAL,1391,0.4375,0.0
0.65,5,0.4097,0.5802,0.3,1401,4673,ORACLE,1395,0.8,1.0
0.65,5,0.4097,0.5802,0.4,1869,4673,RT,1860,0.454167,0.0
0.65,5,0.4097,0.5802,0.4,1869,4673,H2O,1866,0.4625,0.0
0.65,5,0.4097,0.5802,0.4,1869,4673,CAUSAL,1863,0.4125,0.0
0.65,5,0.4097,0.5802,0.4,1869,4673,ORACLE,1865,0.879167,1.0
0.65,5,0.4097,0.5802,0.5,2336,4673,RT,2334,0.604167,0.0
0.65,5,0.4097,0.5802,0.5,2336,4673,H2O,2334,0.579167,0.0
0.65,5,0.4097,0.5802,0.5,2336,4673,CAUSAL,2328,0.533333,0.0
0.65,5,0.4097,0.5802,0.5,2336,4673,ORACLE,2335,0.883333,1.0
0.65,5,0.4097,0.5802,0.6,2803,4673,RT,2793,0.683333,0.0
0.65,5,0.4097,0.5802,0.6,2803,4673,H2O,2795,0.6125,0.0
0.65,5,0.4097,0.5802,0.6,2803,4673,CAUSAL,2797,0.679167,0.0
0.65,5,0.4097,0.5802,0.6,2803,4673,ORACLE,2781,0.9375,1.0
0.65,6,0.6732,0.713,0.2,956,4784,RT,953,0.204167,0.0
0.65,6,0.6732,0.713,0.2,956,4784,H2O,945,0.316667,0.0
0.65,6,0.6732,0.713,0.2,956,4784,CAUSAL,951,0.354167,0.0
0.65,6,0.6732,0.713,0.2,956,4784,ORACLE,948,0.608333,1.0
0.65,6,0.6732,0.713,0.3,1435,4784,RT,1431,0.341667,0.0
0.65,6,0.6732,0.713,0.3,1435,4784,H2O,1435,0.333333,0.0
0.65,6,0.6732,0.713,0.3,1435,4784,CAUSAL,1431,0.433333,0.0
0.65,6,0.6732,0.713,0.3,1435,4784,ORACLE,1433,0.733333,1.0
0.65,6,0.6732,0.713,0.4,1913,4784,RT,1907,0.470833,0.0
0.65,6,0.6732,0.713,0.4,1913,4784,H2O,1913,0.475,0.0
0.65,6,0.6732,0.713,0.4,1913,4784,CAUSAL,1913,0.4875,0.0
0.65,6,0.6732,0.713,0.4,1913,4784,ORACLE,1911,0.8375,1.0
0.65,6,0.6732,0.713,0.5,2392,4784,RT,2384,0.5875,0.0
0.65,6,0.6732,0.713,0.5,2392,4784,H2O,2392,0.629167,0.0
0.65,6,0.6732,0.713,0.5,2392,4784,CAUSAL,2384,0.816667,0.0
0.65,6,0.6732,0.713,0.5,2392,4784,ORACLE,2382,0.891667,1.0
0.65,6,0.6732,0.713,0.6,2870,4784,RT,2862,0.695833,0.0
0.65,6,0.6732,0.713,0.6,2870,4784,H2O,2861,0.6875,0.0
0.65,6,0.6732,0.713,0.6,2870,4784,CAUSAL,2866,0.85,0.0
0.65,6,0.6732,0.713,0.6,2870,4784,ORACLE,2863,0.9375,1.0
0.65,7,0.6,0.7205,0.2,949,4747,RT,947,0.3,0.0
0.65,7,0.6,0.7205,0.2,949,4747,H2O,944,0.354167,0.0
0.65,7,0.6,0.7205,0.2,949,4747,CAUSAL,948,0.258333,0.0
0.65,7,0.6,0.7205,0.2,949,4747,ORACLE,942,0.229167,0.0
0.65,7,0.6,0.7205,0.3,1424,4747,RT,1421,0.366667,0.0
0.65,7,0.6,0.7205,0.3,1424,4747,H2O,1415,0.508333,0.0
0.65,7,0.6,0.7205,0.3,1424,4747,CAUSAL,1418,0.308333,0.0
0.65,7,0.6,0.7205,0.3,1424,4747,ORACLE,1424,0.404167,0.0
0.65,7,0.6,0.7205,0.4,1898,4747,RT,1898,0.508333,0.0
0.65,7,0.6,0.7205,0.4,1898,4747,H2O,1869,0.5875,0.0
0.65,7,0.6,0.7205,0.4,1898,4747,CAUSAL,1893,0.570833,0.0
0.65,7,0.6,0.7205,0.4,1898,4747,ORACLE,1897,0.683333,1.0
0.65,7,0.6,0.7205,0.5,2373,4747,RT,2366,0.583333,0.0
0.65,7,0.6,0.7205,0.5,2373,4747,H2O,2350,0.641667,0.0
0.65,7,0.6,0.7205,0.5,2373,4747,CAUSAL,2371,0.641667,0.0
0.65,7,0.6,0.7205,0.5,2373,4747,ORACLE,2367,0.895833,1.0
0.65,7,0.6,0.7205,0.6,2848,4747,RT,2845,0.6875,0.0
0.65,7,0.6,0.7205,0.6,2848,4747,H2O,2828,0.7375,0.0
0.65,7,0.6,0.7205,0.6,2848,4747,CAUSAL,2842,0.770833,0.0
0.65,7,0.6,0.7205,0.6,2848,4747,ORACLE,2835,0.945833,1.0
0.65,8,0.3666,0.6667,0.2,995,4978,RT,995,0.395833,0.0
0.65,8,0.3666,0.6667,0.2,995,4978,H2O,993,0.3875,0.0
0.65,8,0.3666,0.6667,0.2,995,4978,CAUSAL,990,0.233333,0.0
0.65,8,0.3666,0.6667,0.2,995,4978,ORACLE,994,0.429167,0.0
0.65,8,0.3666,0.6667,0.3,1493,4978,RT,1492,0.5,0.0
0.65,8,0.3666,0.6667,0.3,1493,4978,H2O,1485,0.479167,0.0
0.65,8,0.3666,0.6667,0.3,1493,4978,CAUSAL,1487,0.354167,0.0
0.65,8,0.3666,0.6667,0.3,1493,4978,ORACLE,1490,0.675,1.0
0.65,8,0.3666,0.6667,0.4,1991,4978,RT,1985,0.591667,0.0
0.65,8,0.3666,0.6667,0.4,1991,4978,H2O,1989,0.5125,0.0
0.65,8,0.3666,0.6667,0.4,1991,4978,CAUSAL,1991,0.4625,0.0
0.65,8,0.3666,0.6667,0.4,1991,4978,ORACLE,1990,0.829167,1.0
0.65,8,0.3666,0.6667,0.5,2489,4978,RT,2487,0.629167,0.0
0.65,8,0.3666,0.6667,0.5,2489,4978,H2O,2487,0.533333,0.0
0.65,8,0.3666,0.6667,0.5,2489,4978,CAUSAL,2488,0.525,0.0
0.65,8,0.3666,0.6667,0.5,2489,4978,ORACLE,2481,0.891667,1.0
0.65,8,0.3666,0.6667,0.6,2986,4978,RT,2986,0.645833,0.0
0.65,8,0.3666,0.6667,0.6,2986,4978,H2O,2980,0.658333,0.0
0.65,8,0.3666,0.6667,0.6,2986,4978,CAUSAL,2985,0.7,0.0
0.65,8,0.3666,0.6667,0.6,2986,4978,ORACLE,2973,0.929167,1.0
0.65,9,0.5216,0.7439,0.2,906,4534,RT,904,0.241667,0.0
0.65,9,0.5216,0.7439,0.2,906,4534,H2O,904,0.3125,0.0
0.65,9,0.5216,0.7439,0.2,906,4534,CAUSAL,905,0.225,0.0
0.65,9,0.5216,0.7439,0.2,906,4534,ORACLE,901,0.3,0.0
0.65,9,0.5216,0.7439,0.3,1360,4534,RT,1359,0.3,0.0
0.65,9,0.5216,0.7439,0.3,1360,4534,H2O,1360,0.329167,0.0
0.65,9,0.5216,0.7439,0.3,1360,4534,CAUSAL,1359,0.333333,0.0
0.65,9,0.5216,0.7439,0.3,1360,4534,ORACLE,1359,0.625,1.0
0.65,9,0.5216,0.7439,0.4,1813,4534,RT,1805,0.458333,0.0
0.65,9,0.5216,0.7439,0.4,1813,4534,H2O,1809,0.504167,0.0
0.65,9,0.5216,0.7439,0.4,1813,4534,CAUSAL,1810,0.5125,0.0
0.65,9,0.5216,0.7439,0.4,1813,4534,ORACLE,1813,0.875,1.0
0.65,9,0.5216,0.7439,0.5,2267,4534,RT,2262,0.579167,0.0
0.65,9,0.5216,0.7439,0.5,2267,4534,H2O,2263,0.683333,0.0
0.65,9,0.5216,0.7439,0.5,2267,4534,CAUSAL,2265,0.604167,0.0
0.65,9,0.5216,0.7439,0.5,2267,4534,ORACLE,2263,0.891667,1.0
0.65,9,0.5216,0.7439,0.6,2720,4534,RT,2719,0.725,0.0
0.65,9,0.5216,0.7439,0.6,2720,4534,H2O,2719,0.741667,0.0
0.65,9,0.5216,0.7439,0.6,2720,4534,CAUSAL,2716,0.754167,1.0
0.65,9,0.5216,0.7439,0.6,2720,4534,ORACLE,2707,0.925,1.0
0.65,10,0.3606,0.6362,0.2,806,4032,RT,796,0.308333,0.0
0.65,10,0.3606,0.6362,0.2,806,4032,H2O,805,0.316667,0.0
0.65,10,0.3606,0.6362,0.2,806,4032,CAUSAL,802,0.179167,0.0
0.65,10,0.3606,0.6362,0.2,806,4032,ORACLE,804,0.2375,0.0
0.65,10,0.3606,0.6362,0.3,1209,4032,RT,1209,0.329167,0.0
0.65,10,0.3606,0.6362,0.3,1209,4032,H2O,1201,0.495833,0.0
0.65,10,0.3606,0.6362,0.3,1209,4032,CAUSAL,1207,0.283333,0.0
0.65,10,0.3606,0.6362,0.3,1209,4032,ORACLE,1205,0.329167,0.0
0.65,10,0.3606,0.6362,0.4,1612,4032,RT,1604,0.5625,0.0
0.65,10,0.3606,0.6362,0.4,1612,4032,H2O,1611,0.545833,0.0
0.65,10,0.3606,0.6362,0.4,1612,4032,CAUSAL,1611,0.329167,0.0
0.65,10,0.3606,0.6362,0.4,1612,4032,ORACLE,1611,0.591667,1.0
0.65,10,0.3606,0.6362,0.5,2016,4032,RT,2006,0.704167,0.0
0.65,10,0.3606,0.6362,0.5,2016,4032,H2O,2015,0.729167,0.0
0.65,10,0.3606,0.6362,0.5,2016,4032,CAUSAL,2013,0.495833,0.0
0.65,10,0.3606,0.6362,0.5,2016,4032,ORACLE,2008,0.841667,1.0
0.65,10,0.3606,0.6362,0.6,2419,4032,RT,2415,0.766667,0.0
0.65,10,0.3606,0.6362,0.6,2419,4032,H2O,2399,0.783333,0.0
0.65,10,0.3606,0.6362,0.6,2419,4032,CAUSAL,2418,0.566667,0.0
0.65,10,0.3606,0.6362,0.6,2419,4032,ORACLE,2406,0.916667,1.0
0.65,11,0.492,0.8431,0.2,891,4455,RT,891,0.15,0.0
0.65,11,0.492,0.8431,0.2,891,4455,H2O,889,0.25,0.0
0.65,11,0.492,0.8431,0.2,891,4455,CAUSAL,891,0.125,0.0
0.65,11,0.492,0.8431,0.2,891,4455,ORACLE,891,0.3125,0.0
0.65,11,0.492,0.8431,0.3,1336,4455,RT,1331,0.266667,0.0
0.65,11,0.492,0.8431,0.3,1336,4455,H2O,1331,0.4125,0.0
0.65,11,0.492,0.8431,0.3,1336,4455,CAUSAL,1329,0.2875,0.0
0.65,11,0.492,0.8431,0.3,1336,4455,ORACLE,1335,0.625,1.0
0.65,11,0.492,0.8431,0.4,1782,4455,RT,1777,0.345833,0.0
0.65,11,0.492,0.8431,0.4,1782,4455,H2O,1781,0.5875,0.0
0.65,11,0.492,0.8431,0.4,1782,4455,CAUSAL,1779,0.4875,0.0
0.65,11,0.492,0.8431,0.4,1782,4455,ORACLE,1778,0.825,1.0
0.65,11,0.492,0.8431,0.5,2227,4455,RT,2226,0.529167,0.0
0.65,11,0.492,0.8431,0.5,2227,4455,H2O,2222,0.6375,0.0
0.65,11,0.492,0.8431,0.5,2227,4455,CAUSAL,2226,0.541667,0.0
0.65,11,0.492,0.8431,0.5,2227,4455,ORACLE,2223,0.875,1.0
0.65,11,0.492,0.8431,0.6,2673,4455,RT,2670,0.575,0.0
0.65,11,0.492,0.8431,0.6,2673,4455,H2O,2653,0.754167,0.0
0.65,11,0.492,0.8431,0.6,2673,4455,CAUSAL,2672,0.608333,1.0
0.65,11,0.492,0.8431,0.6,2673,4455,ORACLE,2668,0.954167,1.0
0.65,12,0.628,0.6685,0.2,952,4760,RT,944,0.383333,0.0
0.65,12,0.628,0.6685,0.2,952,4760,H2O,947,0.433333,0.0
0.65,12,0.628,0.6685,0.2,952,4760,CAUSAL,946,0.3,0.0
0.65,12,0.628,0.6685,0.2,952,4760,ORACLE,949,0.358333,0.0
0.65,12,0.628,0.6685,0.3,1428,4760,RT,1425,0.445833,0.0
0.65,12,0.628,0.6685,0.3,1428,4760,H2O,1415,0.458333,0.0
0.65,12,0.628,0.6685,0.3,1428,4760,CAUSAL,1426,0.395833,0.0
0.65,12,0.628,0.6685,0.3,1428,4760,ORACLE,1427,0.7125,1.0
0.65,12,0.628,0.6685,0.4,1904,4760,RT,1903,0.5,0.0
0.65,12,0.628,0.6685,0.4,1904,4760,H2O,1899,0.570833,0.0
0.65,12,0.628,0.6685,0.4,1904,4760,CAUSAL,1898,0.5625,0.0
0.65,12,0.628,0.6685,0.4,1904,4760,ORACLE,1904,0.783333,1.0
0.65,12,0.628,0.6685,0.5,2380,4760,RT,2380,0.620833,0.0
0.65,12,0.628,0.6685,0.5,2380,4760,H2O,2372,0.5625,0.0
0.65,12,0.628,0.6685,0.5,2380,4760,CAUSAL,2375,0.554167,0.0
0.65,12,0.628,0.6685,0.5,2380,4760,ORACLE,2377,0.845833,1.0
0.65,12,0.628,0.6685,0.6,2856,4760,RT,2852,0.691667,0.0
0.65,12,0.628,0.6685,0.6,2856,4760,H2O,2845,0.716667,0.0
0.65,12,0.628,0.6685,0.6,2856,4760,CAUSAL,2855,0.645833,0.0
0.65,12,0.628,0.6685,0.6,2856,4760,ORACLE,2850,0.891667,1.0
0.65,13,0.5139,0.628,0.2,818,4090,RT,817,0.179167,0.0
0.65,13,0.5139,0.628,0.2,818,4090,H2O,818,0.275,0.0
0.65,13,0.5139,0.628,0.2,818,4090,CAUSAL,814,0.216667,0.0
0.65,13,0.5139,0.628,0.2,818,4090,ORACLE,815,0.320833,0.0
0.65,13,0.5139,0.628,0.3,1227,4090,RT,1223,0.366667,0.0
0.65,13,0.5139,0.628,0.3,1227,4090,H2O,1219,0.354167,0.0
0.65,13,0.5139,0.628,0.3,1227,4090,CAUSAL,1226,0.233333,0.0
0.65,13,0.5139,0.628,0.3,1227,4090,ORACLE,1224,0.3875,1.0
0.65,13,0.5139,0.628,0.4,1636,4090,RT,1636,0.470833,0.0
0.65,13,0.5139,0.628,0.4,1636,4090,H2O,1634,0.416667,0.0
0.65,13,0.5139,0.628,0.4,1636,4090,CAUSAL,1634,0.416667,0.0
0.65,13,0.5139,0.628,0.4,1636,4090,ORACLE,1635,0.7875,1.0
0.65,13,0.5139,0.628,0.5,2045,4090,RT,2043,0.508333,0.0
0.65,13,0.5139,0.628,0.5,2045,4090,H2O,2043,0.520833,0.0
0.65,13,0.5139,0.628,0.5,2045,4090,CAUSAL,2044,0.433333,0.0
0.65,13,0.5139,0.628,0.5,2045,4090,ORACLE,2038,0.908333,1.0
0.65,13,0.5139,0.628,0.6,2454,4090,RT,2454,0.525,0.0
0.65,13,0.5139,0.628,0.6,2454,4090,H2O,2454,0.608333,0.0
0.65,13,0.5139,0.628,0.6,2454,4090,CAUSAL,2454,0.45,0.0
0.65,13,0.5139,0.628,0.6,2454,4090,ORACLE,2453,0.95,1.0
0.65,14,0.5964,0.7013,0.2,846,4230,RT,844,0.366667,0.0
0.65,14,0.5964,0.7013,0.2,846,4230,H2O,846,0.420833,0.0
0.65,14,0.5964,0.7013,0.2,846,4230,CAUSAL,844,0.208333,0.0
0.65,14,0.5964,0.7013,0.2,846,4230,ORACLE,839,0.283333,0.0
0.65,14,0.5964,0.7013,0.3,1269,4230,RT,1264,0.479167,0.0
0.65,14,0.5964,0.7013,0.3,1269,4230,H2O,1268,0.4375,0.0
0.65,14,0.5964,0.7013,0.3,1269,4230,CAUSAL,1269,0.341667,0.0
0.65,14,0.5964,0.7013,0.3,1269,4230,ORACLE,1264,0.354167,0.0
0.65,14,0.5964,0.7013,0.4,1692,4230,RT,1685,0.529167,0.0
0.65,14,0.5964,0.7013,0.4,1692,4230,H2O,1687,0.470833,0.0
0.65,14,0.5964,0.7013,0.4,1692,4230,CAUSAL,1683,0.404167,0.0
0.65,14,0.5964,0.7013,0.4,1692,4230,ORACLE,1689,0.654167,1.0
0.65,14,0.5964,0.7013,0.5,2115,4230,RT,2115,0.595833,0.0
0.65,14,0.5964,0.7013,0.5,2115,4230,H2O,2114,0.575,0.0
0.65,14,0.5964,0.7013,0.5,2115,4230,CAUSAL,2113,0.554167,0.0
0.65,14,0.5964,0.7013,0.5,2115,4230,ORACLE,2115,0.875,1.0
0.65,14,0.5964,0.7013,0.6,2538,4230,RT,2537,0.670833,0.0
0.65,14,0.5964,0.7013,0.6,2538,4230,H2O,2528,0.729167,0.0
0.65,14,0.5964,0.7013,0.6,2538,4230,CAUSAL,2536,0.633333,0.0
0.65,14,0.5964,0.7013,0.6,2538,4230,ORACLE,2530,0.916667,1.0
0.65,15,0.722,0.594,0.2,936,4681,RT,932,0.3125,0.0
0.65,15,0.722,0.594,0.2,936,4681,H2O,934,0.2625,0.0
0.65,15,0.722,0.594,0.2,936,4681,CAUSAL,935,0.245833,0.0
0.65,15,0.722,0.594,0.2,936,4681,ORACLE,932,0.304167,0.0
0.65,15,0.722,0.594,0.3,1404,4681,RT,1401,0.45,0.0
0.65,15,0.722,0.594,0.3,1404,4681,H2O,1403,0.341667,0.0
0.65,15,0.722,0.594,0.3,1404,4681,CAUSAL,1393,0.420833,0.0
0.65,15,0.722,0.594,0.3,1404,4681,ORACLE,1401,0.329167,0.0
0.65,15,0.722,0.594,0.4,1872,4681,RT,1872,0.45,0.0
0.65,15,0.722,0.594,0.4,1872,4681,H2O,1866,0.366667,0.0
0.65,15,0.722,0.594,0.4,1872,4681,CAUSAL,1872,0.4875,0.0
0.65,15,0.722,0.594,0.4,1872,4681,ORACLE,1868,0.720833,1.0
0.65,15,0.722,0.594,0.5,2340,4681,RT,2333,0.525,0.0
0.65,15,0.722,0.594,0.5,2340,4681,H2O,2340,0.504167,0.0
0.65,15,0.722,0.594,0.5,2340,4681,CAUSAL,2333,0.558333,0.0
0.65,15,0.722,0.594,0.5,2340,4681,ORACLE,2335,0.854167,1.0
0.65,15,0.722,0.594,0.6,2808,4681,RT,2805,0.541667,0.0
0.65,15,0.722,0.594,0.6,2808,4681,H2O,2805,0.6375,0.0
0.65,15,0.722,0.594,0.6,2808,4681,CAUSAL,2799,0.6875,0.0
0.65,15,0.722,0.594,0.6,2808,4681,ORACLE,2803,0.9125,1.0
0.65,16,0.5401,0.6928,0.2,1048,5242,RT,1045,0.145833,0.0
0.65,16,0.5401,0.6928,0.2,1048,5242,H2O,1048,0.216667,0.0
0.65,16,0.5401,0.6928,0.2,1048,5242,CAUSAL,1042,0.2875,0.0
0.65,16,0.5401,0.6928,0.2,1048,5242,ORACLE,1048,0.308333,0.0
0.65,16,0.5401,0.6928,0.3,1572,5242,RT,1570,0.433333,0.0
0.65,16,0.5401,0.6928,0.3,1572,5242,H2O,1569,0.358333,0.0
0.65,16,0.5401,0.6928,0.3,1572,5242,CAUSAL,1570,0.529167,0.0
0.65,16,0.5401,0.6928,0.3,1572,5242,ORACLE,1569,0.658333,1.0
0.65,16,0.5401,0.6928,0.4,2096,5242,RT,2085,0.5375,0.0
0.65,16,0.5401,0.6928,0.4,2096,5242,H2O,2093,0.554167,0.0
0.65,16,0.5401,0.6928,0.4,2096,5242,CAUSAL,2094,0.579167,0.0
0.65,16,0.5401,0.6928,0.4,2096,5242,ORACLE,2096,0.775,1.0
0.65,16,0.5401,0.6928,0.5,2621,5242,RT,2613,0.675,0.0
0.65,16,0.5401,0.6928,0.5,2621,5242,H2O,2618,0.654167,0.0
0.65,16,0.5401,0.6928,0.5,2621,5242,CAUSAL,2619,0.675,0.0
0.65,16,0.5401,0.6928,0.5,2621,5242,ORACLE,2618,0.804167,1.0
0.65,16,0.5401,0.6928,0.6,3145,5242,RT,3136,0.716667,0.0
0.65,16,0.5401,0.6928,0.6,3145,5242,H2O,3142,0.691667,0.0
0.65,16,0.5401,0.6928,0.6,3145,5242,CAUSAL,3139,0.7375,0.0
0.65,16,0.5401,0.6928,0.6,3145,5242,ORACLE,3143,0.85,1.0
0.65,17,0.536,0.6997,0.2,870,4350,RT,864,0.1625,0.0
0.65,17,0.536,0.6997,0.2,870,4350,H2O,870,0.158333,0.0
0.65,17,0.536,0.6997,0.2,870,4350,CAUSAL,868,0.3625,0.0
0.65,17,0.536,0.6997,0.2,870,4350,ORACLE,868,0.304167,0.0
0.65,17,0.536,0.6997,0.3,1305,4350,RT,1302,0.225,0.0
0.65,17,0.536,0.6997,0.3,1305,4350,H2O,1304,0.2,0.0
0.65,17,0.536,0.6997,0.3,1305,4350,CAUSAL,1300,0.4,0.0
0.65,17,0.536,0.6997,0.3,1305,4350,ORACLE,1302,0.3875,1.0
0.65,17,0.536,0.6997,0.4,1740,4350,RT,1737,0.279167,0.0
0.65,17,0.536,0.6997,0.4,1740,4350,H2O,1740,0.245833,0.0
0.65,17,0.536,0.6997,0.4,1740,4350,CAUSAL,1736,0.55,0.0
0.65,17,0.536,0.6997,0.4,1740,4350,ORACLE,1739,0.766667,1.0
0.65,17,0.536,0.6997,0.5,2175,4350,RT,2171,0.320833,0.0
0.65,17,0.536,0.6997,0.5,2175,4350,H2O,2172,0.308333,0.0
0.65,17,0.536,0.6997,0.5,2175,4350,CAUSAL,2175,0.5625,0.0
0.65,17,0.536,0.6997,0.5,2175,4350,ORACLE,2174,0.879167,1.0
0.65,17,0.536,0.6997,0.6,2610,4350,RT,2602,0.416667,0.0
0.65,17,0.536,0.6997,0.6,2610,4350,H2O,2607,0.425,0.0
0.65,17,0.536,0.6997,0.6,2610,4350,CAUSAL,2603,0.725,0.0
0.65,17,0.536,0.6997,0.6,2610,4350,ORACLE,2605,0.920833,1.0
0.65,18,0.526,0.5527,0.2,753,3768,RT,750,0.1625,0.0
0.65,18,0.526,0.5527,0.2,753,3768,H2O,753,0.258333,0.0
0.65,18,0.526,0.5527,0.2,753,3768,CAUSAL,752,0.154167,0.0
0.65,18,0.526,0.5527,0.2,753,3768,ORACLE,748,0.504167,1.0
0.65,18,0.526,0.5527,0.3,1130,3768,RT,1122,0.325,0.0
0.65,18,0.526,0.5527,0.3,1130,3768,H2O,1125,0.35,0.0
0.65,18,0.526,0.5527,0.3,1130,3768,CAUSAL,1125,0.279167,0.0
0.65,18,0.526,0.5527,0.3,1130,3768,ORACLE,1126,0.716667,1.0
0.65,18,0.526,0.5527,0.4,1507,3768,RT,1500,0.483333,0.0
0.65,18,0.526,0.5527,0.4,1507,3768,H2O,1500,0.483333,0.0
0.65,18,0.526,0.5527,0.4,1507,3768,CAUSAL,1506,0.320833,0.0
0.65,18,0.526,0.5527,0.4,1507,3768,ORACLE,1505,0.7875,1.0
0.65,18,0.526,0.5527,0.5,1884,3768,RT,1875,0.5875,0.0
0.65,18,0.526,0.5527,0.5,1884,3768,H2O,1883,0.5375,0.0
0.65,18,0.526,0.5527,0.5,1884,3768,CAUSAL,1883,0.45,0.0
0.65,18,0.526,0.5527,0.5,1884,3768,ORACLE,1877,0.791667,1.0
0.65,18,0.526,0.5527,0.6,2260,3768,RT,2259,0.583333,0.0
0.65,18,0.526,0.5527,0.6,2260,3768,H2O,2258,0.625,0.0
0.65,18,0.526,0.5527,0.6,2260,3768,CAUSAL,2258,0.625,0.0
0.65,18,0.526,0.5527,0.6,2260,3768,ORACLE,2256,0.895833,1.0
0.65,19,0.5069,0.6481,0.2,982,4910,RT,978,0.2125,0.0
0.65,19,0.5069,0.6481,0.2,982,4910,H2O,976,0.270833,0.0
0.65,19,0.5069,0.6481,0.2,982,4910,CAUSAL,976,0.225,0.0
0.65,19,0.5069,0.6481,0.2,982,4910,ORACLE,980,0.55,1.0
0.65,19,0.5069,0.6481,0.3,1473,4910,RT,1470,0.2875,0.0
0.65,19,0.5069,0.6481,0.3,1473,4910,H2O,1467,0.404167,0.0
0.65,19,0.5069,0.6481,0.3,1473,4910,CAUSAL,1468,0.270833,0.0
0.65,19,0.5069,0.6481,0.3,1473,4910,ORACLE,1466,0.795833,1.0
0.65,19,0.5069,0.6481,0.4,1964,4910,RT,1957,0.470833,0.0
0.65,19,0.5069,0.6481,0.4,1964,4910,H2O,1956,0.504167,0.0
0.65,19,0.5069,0.6481,0.4,1964,4910,CAUSAL,1961,0.279167,0.0
0.65,19,0.5069,0.6481,0.4,1964,4910,ORACLE,1957,0.825,1.0
0.65,19,0.5069,0.6481,0.5,2455,4910,RT,2449,0.633333,0.0
0.65,19,0.5069,0.6481,0.5,2455,4910,H2O,2455,0.595833,0.0
0.65,19,0.5069,0.6481,0.5,2455,4910,CAUSAL,2454,0.3875,0.0
0.65,19,0.5069,0.6481,0.5,2455,4910,ORACLE,2451,0.883333,1.0
0.65,19,0.5069,0.6481,0.6,2946,4910,RT,2943,0.704167,0.0
0.65,19,0.5069,0.6481,0.6,2946,4910,H2O,2942,0.683333,0.0
0.65,19,0.5069,0.6481,0.6,2946,4910,CAUSAL,2939,0.604167,0.0
0.65,19,0.5069,0.6481,0.6,2946,4910,ORACLE,2939,0.945833,1.0
0.65,20,0.4553,0.514,0.2,1006,5031,RT,997,0.141667,0.0
0.65,20,0.4553,0.514,0.2,1006,5031,H2O,1006,0.179167,0.0
0.65,20,0.4553,0.514,0.2,1006,5031,CAUSAL,997,0.2375,0.0
0.65,20,0.4553,0.514,0.2,1006,5031,ORACLE,1003,0.220833,0.0
0.65,20,0.4553,0.514,0.3,1509,5031,RT,1509,0.229167,0.0
0.65,20,0.4553,0.514,0.3,1509,5031,H2O,1504,0.2625,0.0
0.65,20,0.4553,0.514,0.3,1509,5031,CAUSAL,1503,0.3,0.0
0.65,20,0.4553,0.514,0.3,1509,5031,ORACLE,1509,0.358333,0.0
0.65,20,0.4553,0.514,0.4,2012,5031,RT,2012,0.341667,0.0
0.65,20,0.4553,0.514,0.4,2012,5031,H2O,2006,0.425,0.0
0.65,20,0.4553,0.514,0.4,2012,5031,CAUSAL,2007,0.525,0.0
0.65,20,0.4553,0.514,0.4,2012,5031,ORACLE,2009,0.45,0.0
0.65,20,0.4553,0.514,0.5,2515,5031,RT,2505,0.4875,0.0
0.65,20,0.4553,0.514,0.5,2515,5031,H2O,2512,0.5,0.0
0.65,20,0.4553,0.514,0.5,2515,5031,CAUSAL,2515,0.5875,0.0
0.65,20,0.4553,0.514,0.5,2515,5031,ORACLE,2515,0.729167,1.0
0.65,20,0.4553,0.514,0.6,3018,5031,RT,3008,0.591667,0.0
0.65,20,0.4553,0.514,0.6,3018,5031,H2O,3010,0.583333,0.0
0.65,20,0.4553,0.514,0.6,3018,5031,CAUSAL,3015,0.6875,0.0
0.65,20,0.4553,0.514,0.6,3018,5031,ORACLE,3014,0.879167,1.0
0.65,21,0.516,0.684,0.2,1064,5324,RT,1063,0.133333,0.0
0.65,21,0.516,0.684,0.2,1064,5324,H2O,1063,0.254167,0.0
0.65,21,0.516,0.684,0.2,1064,5324,CAUSAL,1063,0.225,0.0
0.65,21,0.516,0.684,0.2,1064,5324,ORACLE,1061,0.333333,0.0
0.65,21,0.516,0.684,0.3,1597,5324,RT,1596,0.3125,0.0
0.65,21,0.516,0.684,0.3,1597,5324,H2O,1594,0.366667,0.0
0.65,21,0.516,0.684,0.3,1597,5324,CAUSAL,1597,0.325,0.0
0.65,21,0.516,0.684,0.3,1597,5324,ORACLE,1589,0.3875,1.0
0.65,21,0.516,0.684,0.4,2129,5324,RT,2127,0.383333,0.0
0.65,21,0.516,0.684,0.4,2129,5324,H2O,2123,0.4375,0.0
0.65,21,0.516,0.684,0.4,2129,5324,CAUSAL,2127,0.504167,0.0
0.65,21,0.516,0.684,0.4,2129,5324,ORACLE,2129,0.779167,1.0
0.65,21,0.516,0.684,0.5,2662,5324,RT,2654,0.475,0.0
0.65,21,0.516,0.684,0.5,2662,5324,H2O,2662,0.5125,0.0
0.65,21,0.516,0.684,0.5,2662,5324,CAUSAL,2652,0.5875,0.0
0.65,21,0.516,0.684,0.5,2662,5324,ORACLE,2662,0.820833,1.0
0.65,21,0.516,0.684,0.6,3194,5324,RT,3192,0.55,0.0
0.65,21,0.516,0.684,0.6,3194,5324,H2O,3189,0.641667,0.0
0.65,21,0.516,0.684,0.6,3194,5324,CAUSAL,3182,0.654167,0.0
0.65,21,0.516,0.684,0.6,3194,5324,ORACLE,3193,0.829167,1.0
0.65,22,0.6401,0.6,0.2,1062,5312,RT,1055,0.270833,0.0
0.65,22,0.6401,0.6,0.2,1062,5312,H2O,1059,0.279167,0.0
0.65,22,0.6401,0.6,0.2,1062,5312,CAUSAL,1060,0.341667,0.0
0.65,22,0.6401,0.6,0.2,1062,5312,ORACLE,1057,0.433333,0.0
0.65,22,0.6401,0.6,0.3,1593,5312,RT,1593,0.358333,0.0
0.65,22,0.6401,0.6,0.3,1593,5312,H2O,1591,0.3875,0.0
0.65,22,0.6401,0.6,0.3,1593,5312,CAUSAL,1592,0.375,0.0
0.65,22,0.6401,0.6,0.3,1593,5312,ORACLE,1591,0.720833,1.0
0.65,22,0.6401,0.6,0.4,2124,5312,RT,2120,0.358333,0.0
0.65,22,0.6401,0.6,0.4,2124,5312,H2O,2121,0.533333,0.0
0.65,22,0.6401,0.6,0.4,2124,5312,CAUSAL,2122,0.5125,0.0
0.65,22,0.6401,0.6,0.4,2124,5312,ORACLE,2118,0.825,1.0
0.65,22,0.6401,0.6,0.5,2656,5312,RT,2656,0.5375,0.0
0.65,22,0.6401,0.6,0.5,2656,5312,H2O,2649,0.604167,0.0
0.65,22,0.6401,0.6,0.5,2656,5312,CAUSAL,2652,0.6,0.0
0.65,22,0.6401,0.6,0.5,2656,5312,ORACLE,2649,0.866667,1.0
0.65,22,0.6401,0.6,0.6,3187,5312,RT,3180,0.704167,0.0
0.65,22,0.6401,0.6,0.6,3187,5312,H2O,3184,0.670833,0.0
0.65,22,0.6401,0.6,0.6,3187,5312,CAUSAL,3183,0.733333,0.0
0.65,22,0.6401,0.6,0.6,3187,5312,ORACLE,3177,0.9125,1.0
0.65,23,0.4749,0.6187,0.2,1018,5092,RT,1018,0.195833,0.0
0.65,23,0.4749,0.6187,0.2,1018,5092,H2O,1016,0.170833,0.0
0.65,23,0.4749,0.6187,0.2,1018,5092,CAUSAL,1017,0.225,0.0
0.65,23,0.4749,0.6187,0.2,1018,5092,ORACLE,1016,0.420833,0.0
0.65,23,0.4749,0.6187,0.3,1527,5092,RT,1527,0.35,0.0
0.65,23,0.4749,0.6187,0.3,1527,5092,H2O,1523,0.320833,0.0
0.65,23,0.4749,0.6187,0.3,1527,5092,CAUSAL,1527,0.295833,0.0
0.65,23,0.4749,0.6187,0.3,1527,5092,ORACLE,1521,0.770833,1.0
0.65,23,0.4749,0.6187,0.4,2036,5092,RT,2034,0.4625,0.0
0.65,23,0.4749,0.6187,0.4,2036,5092,H2O,2029,0.404167,0.0
0.65,23,0.4749,0.6187,0.4,2036,5092,CAUSAL,2036,0.3875,0.0
0.65,23,0.4749,0.6187,0.4,2036,5092,ORACLE,2027,0.845833,1.0
0.65,23,0.4749,0.6187,0.5,2546,5092,RT,2546,0.483333,0.0
0.65,23,0.4749,0.6187,0.5,2546,5092,H2O,2546,0.5875,0.0
0.65,23,0.4749,0.6187,0.5,2546,5092,CAUSAL,2543,0.445833,0.0
0.65,23,0.4749,0.6187,0.5,2546,5092,ORACLE,2541,0.891667,1.0
0.65,23,0.4749,0.6187,0.6,3055,5092,RT,3054,0.675,0.0
0.65,23,0.4749,0.6187,0.6,3055,5092,H2O,3053,0.625,0.0
0.65,23,0.4749,0.6187,0.6,3055,5092,CAUSAL,3053,0.479167,0.0
0.65,23,0.4749,0.6187,0.6,3055,5092,ORACLE,3051,0.925,1.0
0.65,24,0.6271,0.566,0.2,1051,5259,RT,1051,0.220833,0.0
0.65,24,0.6271,0.566,0.2,1051,5259,H2O,1048,0.2125,0.0
0.65,24,0.6271,0.566,0.2,1051,5259,CAUSAL,1049,0.316667,0.0
0.65,24,0.6271,0.566,0.2,1051,5259,ORACLE,1045,0.420833,0.0
0.65,24,0.6271,0.566,0.3,1577,5259,RT,1564,0.35,0.0
0.65,24,0.6271,0.566,0.3,1577,5259,H2O,1572,0.291667,0.0
0.65,24,0.6271,0.566,0.3,1577,5259,CAUSAL,1573,0.404167,0.0
0.65,24,0.6271,0.566,0.3,1577,5259,ORACLE,1576,0.791667,1.0
0.65,24,0.6271,0.566,0.4,2103,5259,RT,2099,0.454167,0.0
0.65,24,0.6271,0.566,0.4,2103,5259,H2O,2092,0.366667,0.0
0.65,24,0.6271,0.566,0.4,2103,5259,CAUSAL,2103,0.379167,0.0
0.65,24,0.6271,0.566,0.4,2103,5259,ORACLE,2102,0.8125,1.0
0.65,24,0.6271,0.566,0.5,2629,5259,RT,2621,0.579167,0.0
0.65,24,0.6271,0.566,0.5,2629,5259,H2O,2625,0.591667,0.0
0.65,24,0.6271,0.566,0.5,2629,5259,CAUSAL,2624,0.575,0.0
0.65,24,0.6271,0.566,0.5,2629,5259,ORACLE,2629,0.85,1.0
0.65,24,0.6271,0.566,0.6,3155,5259,RT,3147,0.620833,0.0
0.65,24,0.6271,0.566,0.6,3155,5259,H2O,3152,0.683333,0.0
0.65,24,0.6271,0.566,0.6,3155,5259,CAUSAL,3150,0.583333,0.0
0.65,24,0.6271,0.566,0.6,3155,5259,ORACLE,3149,0.9125,1.0
0.65,25,0.5505,0.744,0.2,1056,5283,RT,1053,0.266667,0.0
0.65,25,0.5505,0.744,0.2,1056,5283,H2O,1049,0.295833,0.0
0.65,25,0.5505,0.744,0.2,1056,5283,CAUSAL,1055,0.308333,0.0
0.65,25,0.5505,0.744,0.2,1056,5283,ORACLE,1050,0.4375,0.0
0.65,25,0.5505,0.744,0.3,1584,5283,RT,1582,0.408333,0.0
0.65,25,0.5505,0.744,0.3,1584,5283,H2O,1574,0.366667,0.0
0.65,25,0.5505,0.744,0.3,1584,5283,CAUSAL,1580,0.408333,0.0
0.65,25,0.5505,0.744,0.3,1584,5283,ORACLE,1577,0.6875,1.0
0.65,25,0.5505,0.744,0.4,2113,5283,RT,2111,0.504167,0.0
0.65,25,0.5505,0.744,0.4,2113,5283,H2O,2113,0.479167,0.0
0.65,25,0.5505,0.744,0.4,2113,5283,CAUSAL,2112,0.4625,0.0
0.65,25,0.5505,0.744,0.4,2113,5283,ORACLE,2111,0.795833,1.0
0.65,25,0.5505,0.744,0.5,2641,5283,RT,2641,0.616667,0.0
0.65,25,0.5505,0.744,0.5,2641,5283,H2O,2632,0.470833,0.0
0.65,25,0.5505,0.744,0.5,2641,5283,CAUSAL,2641,0.55,0.0
0.65,25,0.5505,0.744,0.5,2641,5283,ORACLE,2637,0.825,1.0
0.65,25,0.5505,0.744,0.6,3169,5283,RT,3159,0.683333,0.0
0.65,25,0.5505,0.744,0.6,3169,5283,H2O,3169,0.645833,0.0
0.65,25,0.5505,0.744,0.6,3169,5283,CAUSAL,3164,0.583333,0.0
0.65,25,0.5505,0.744,0.6,3169,5283,ORACLE,3159,0.879167,1.0
0.65,26,0.3612,0.6253,0.2,1040,5204,RT,1033,0.270833,0.0
0.65,26,0.3612,0.6253,0.2,1040,5204,H2O,1036,0.279167,0.0
0.65,26,0.3612,0.6253,0.2,1040,5204,CAUSAL,1035,0.241667,0.0
0.65,26,0.3612,0.6253,0.2,1040,5204,ORACLE,1033,0.354167,0.0
0.65,26,0.3612,0.6253,0.3,1561,5204,RT,1556,0.345833,0.0
0.65,26,0.3612,0.6253,0.3,1561,5204,H2O,1558,0.341667,0.0
0.65,26,0.3612,0.6253,0.3,1561,5204,CAUSAL,1561,0.270833,0.0
0.65,26,0.3612,0.6253,0.3,1561,5204,ORACLE,1561,0.645833,1.0
0.65,26,0.3612,0.6253,0.4,2081,5204,RT,2080,0.4375,0.0
0.65,26,0.3612,0.6253,0.4,2081,5204,H2O,2066,0.5125,0.0
0.65,26,0.3612,0.6253,0.4,2081,5204,CAUSAL,2081,0.266667,0.0
0.65,26,0.3612,0.6253,0.4,2081,5204,ORACLE,2077,0.833333,1.0
0.65,26,0.3612,0.6253,0.5,2602,5204,RT,2601,0.566667,0.0
0.65,26,0.3612,0.6253,0.5,2602,5204,H2O,2595,0.6125,0.0
0.65,26,0.3612,0.6253,0.5,2602,5204,CAUSAL,2602,0.404167,0.0
0.65,26,0.3612,0.6253,0.5,2602,5204,ORACLE,2582,0.875,1.0
0.65,26,0.3612,0.6253,0.6,3122,5204,RT,3105,0.675,0.0
0.65,26,0.3612,0.6253,0.6,3122,5204,H2O,3118,0.65,0.0
0.65,26,0.3612,0.6253,0.6,3122,5204,CAUSAL,3121,0.520833,0.0
0.65,26,0.3612,0.6253,0.6,3122,5204,ORACLE,3118,0.916667,1.0
0.65,27,0.549,0.546,0.2,1033,5169,RT,1030,0.2875,0.0
0.65,27,0.549,0.546,0.2,1033,5169,H2O,1032,0.25,0.0
0.65,27,0.549,0.546,0.2,1033,5169,CAUSAL,1029,0.191667,0.0
0.65,27,0.549,0.546,0.2,1033,5169,ORACLE,1028,0.308333,0.0
0.65,27,0.549,0.546,0.3,1550,5169,RT,1549,0.3375,0.0
0.65,27,0.549,0.546,0.3,1550,5169,H2O,1548,0.404167,0.0
0.65,27,0.549,0.546,0.3,1550,5169,CAUSAL,1550,0.3,0.0
0.65,27,0.549,0.546,0.3,1550,5169,ORACLE,1545,0.55,0.0
0.65,27,0.549,0.546,0.4,2067,5169,RT,2063,0.391667,0.0
0.65,27,0.549,0.546,0.4,2067,5169,H2O,2063,0.533333,0.0
0.65,27,0.549,0.546,0.4,2067,5169,CAUSAL,2067,0.366667,0.0
0.65,27,0.549,0.546,0.4,2067,5169,ORACLE,2057,0.733333,1.0
0.65,27,0.549,0.546,0.5,2584,5169,RT,2579,0.570833,0.0
0.65,27,0.549,0.546,0.5,2584,5169,H2O,2569,0.7125,0.0
0.65,27,0.549,0.546,0.5,2584,5169,CAUSAL,2584,0.483333,0.0
0.65,27,0.549,0.546,0.5,2584,5169,ORACLE,2570,0.841667,1.0
0.65,27,0.549,0.546,0.6,3101,5169,RT,3098,0.716667,0.0
0.65,27,0.549,0.546,0.6,3101,5169,H2O,3099,0.725,0.0
0.65,27,0.549,0.546,0.6,3101,5169,CAUSAL,3092,0.595833,0.0
0.65,27,0.549,0.546,0.6,3101,5169,ORACLE,3101,0.904167,1.0
0.65,28,0.423,0.463,0.2,889,4445,RT,885,0.183333,0.0
0.65,28,0.423,0.463,0.2,889,4445,H2O,889,0.266667,0.0
0.65,28,0.423,0.463,0.2,889,4445,CAUSAL,887,0.2875,0.0
0.65,28,0.423,0.463,0.2,889,4445,ORACLE,887,0.433333,0.0
0.65,28,0.423,0.463,0.3,1333,4445,RT,1333,0.283333,0.0
0.65,28,0.423,0.463,0.3,1333,4445,H2O,1333,0.320833,0.0
0.65,28,0.423,0.463,0.3,1333,4445,CAUSAL,1328,0.416667,0.0
0.65,28,0.423,0.463,0.3,1333,4445,ORACLE,1331,0.704167,1.0
0.65,28,0.423,0.463,0.4,1778,4445,RT,1771,0.458333,0.0
0.65,28,0.423,0.463,0.4,1778,4445,H2O,1772,0.529167,0.0
0.65,28,0.423,0.463,0.4,1778,4445,CAUSAL,1775,0.433333,0.0
0.65,28,0.423,0.463,0.4,1778,4445,ORACLE,1767,0.791667,1.0
0.65,28,0.423,0.463,0.5,2222,4445,RT,2221,0.5375,0.0
0.65,28,0.423,0.463,0.5,2222,4445,H2O,2222,0.633333,0.0
0.65,28,0.423,0.463,0.5,2222,4445,CAUSAL,2217,0.55,0.0
0.65,28,0.423,0.463,0.5,2222,4445,ORACLE,2219,0.870833,1.0
0.65,28,0.423,0.463,0.6,2667,4445,RT,2666,0.620833,0.0
0.65,28,0.423,0.463,0.6,2667,4445,H2O,2666,0.7125,0.0
0.65,28,0.423,0.463,0.6,2667,4445,CAUSAL,2665,0.55,0.0
0.65,28,0.423,0.463,0.6,2667,4445,ORACLE,2666,0.925,1.0
0.65,29,0.3423,0.6875,0.2,810,4052,RT,803,0.245833,0.0
0.65,29,0.3423,0.6875,0.2,810,4052,H2O,808,0.308333,0.0
0.65,29,0.3423,0.6875,0.2,810,4052,CAUSAL,809,0.3,0.0
0.65,29,0.3423,0.6875,0.2,810,4052,ORACLE,810,0.320833,0.0
0.65,29,0.3423,0.6875,0.3,1215,4052,RT,1214,0.395833,0.0
0.65,29,0.3423,0.6875,0.3,1215,4052,H2O,1214,0.383333,0.0
0.65,29,0.3423,0.6875,0.3,1215,4052,CAUSAL,1210,0.3875,0.0
0.65,29,0.3423,0.6875,0.3,1215,4052,ORACLE,1215,0.516667,1.0
0.65,29,0.3423,0.6875,0.4,1620,4052,RT,1617,0.491667,0.0
0.65,29,0.3423,0.6875,0.4,1620,4052,H2O,1612,0.516667,0.0
0.65,29,0.3423,0.6875,0.4,1620,4052,CAUSAL,1616,0.458333,0.0
0.65,29,0.3423,0.6875,0.4,1620,4052,ORACLE,1612,0.795833,1.0
0.65,29,0.3423,0.6875,0.5,2026,4052,RT,2020,0.5125,0.0
0.65,29,0.3423,0.6875,0.5,2026,4052,H2O,2025,0.55,0.0
0.65,29,0.3423,0.6875,0.5,2026,4052,CAUSAL,2025,0.508333,0.0
0.65,29,0.3423,0.6875,0.5,2026,4052,ORACLE,2020,0.85,1.0
0.65,29,0.3423,0.6875,0.6,2431,4052,RT,2428,0.55,0.0
0.65,29,0.3423,0.6875,0.6,2431,4052,H2O,2431,0.65,0.0
0.65,29,0.3423,0.6875,0.6,2431,4052,CAUSAL,2426,0.620833,0.0
0.65,29,0.3423,0.6875,0.6,2431,4052,ORACLE,2427,0.9,1.0
0.65,30,0.5948,0.5955,0.2,1111,5555,RT,1108,0.120833,0.0
0.65,30,0.5948,0.5955,0.2,1111,5555,H2O,1106,0.233333,0.0
0.65,30,0.5948,0.5955,0.2,1111,5555,CAUSAL,1104,0.3,0.0
0.65,30,0.5948,0.5955,0.2,1111,5555,ORACLE,1109,0.370833,0.0
0.65,30,0.5948,0.5955,0.3,1666,5555,RT,1664,0.175,0.0
0.65,30,0.5948,0.5955,0.3,1666,5555,H2O,1661,0.279167,0.0
0.65,30,0.5948,0.5955,0.3,1666,5555,CAUSAL,1662,0.4125,0.0
0.65,30,0.5948,0.5955,0.3,1666,5555,ORACLE,1665,0.708333,1.0
0.65,30,0.5948,0.5955,0.4,2222,5555,RT,2222,0.316667,0.0
0.65,30,0.5948,0.5955,0.4,2222,5555,H2O,2219,0.329167,0.0
0.65,30,0.5948,0.5955,0.4,2222,5555,CAUSAL,2219,0.525,0.0
0.65,30,0.5948,0.5955,0.4,2222,5555,ORACLE,2215,0.783333,1.0
0.65,30,0.5948,0.5955,0.5,2777,5555,RT,2777,0.391667,0.0
0.65,30,0.5948,0.5955,0.5,2777,5555,H2O,2777,0.4875,0.0
0.65,30,0.5948,0.5955,0.5,2777,5555,CAUSAL,2775,0.7875,0.0
0.65,30,0.5948,0.5955,0.5,2777,5555,ORACLE,2777,0.825,1.0
0.65,30,0.5948,0.5955,0.6,3333,5555,RT,3332,0.595833,0.0
0.65,30,0.5948,0.5955,0.6,3333,5555,H2O,3331,0.7,0.0
0.65,30,0.5948,0.5955,0.6,3333,5555,CAUSAL,3332,0.75,0.0
0.65,30,0.5948,0.5955,0.6,3333,5555,ORACLE,3332,0.85,1.0
0.65,31,0.5028,0.7253,0.2,925,4628,RT,925,0.254167,0.0
0.65,31,0.5028,0.7253,0.2,925,4628,H2O,923,0.433333,0.0
0.65,31,0.5028,0.7253,0.2,925,4628,CAUSAL,923,0.266667,0.0
0.65,31,0.5028,0.7253,0.2,925,4628,ORACLE,920,0.2875,1.0
0.65,31,0.5028,0.7253,0.3,1388,4628,RT,1383,0.45,0.0
0.65,31,0.5028,0.7253,0.3,1388,4628,H2O,1388,0.4875,0.0
0.65,31,0.5028,0.7253,0.3,1388,4628,CAUSAL,1388,0.420833,0.0
0.65,31,0.5028,0.7253,0.3,1388,4628,ORACLE,1380,0.766667,1.0
0.65,31,0.5028,0.7253,0.4,1851,4628,RT,1848,0.475,0.0
0.65,31,0.5028,0.7253,0.4,1851,4628,H2O,1843,0.441667,0.0
0.65,31,0.5028,0.7253,0.4,1851,4628,CAUSAL,1846,0.3625,0.0
0.65,31,0.5028,0.7253,0.4,1851,4628,ORACLE,1846,0.895833,1.0
0.65,31,0.5028,0.7253,0.5,2314,4628,RT,2310,0.4625,0.0
0.65,31,0.5028,0.7253,0.5,2314,4628,H2O,2305,0.6125,0.0
0.65,31,0.5028,0.7253,0.5,2314,4628,CAUSAL,2311,0.541667,0.0
0.65,31,0.5028,0.7253,0.5,2314,4628,ORACLE,2314,0.9375,1.0
0.65,31,0.5028,0.7253,0.6,2776,4628,RT,2768,0.570833,0.0
0.65,31,0.5028,0.7253,0.6,2776,4628,H2O,2776,0.679167,0.0
0.65,31,0.5028,0.7253,0.6,2776,4628,CAUSAL,2768,0.620833,0.0
0.65,31,0.5028,0.7253,0.6,2776,4628,ORACLE,2768,0.941667,1.0
0.65,32,0.5962,0.6698,0.2,867,4335,RT,867,0.2375,0.0
0.65,32,0.5962,0.6698,0.2,867,4335,H2O,860,0.295833,0.0
0.65,32,0.5962,0.6698,0.2,867,4335,CAUSAL,860,0.216667,0.0
0.65,32,0.5962,0.6698,0.2,867,4335,ORACLE,865,0.279167,0.0
0.65,32,0.5962,0.6698,0.3,1300,4335,RT,1300,0.320833,0.0
0.65,32,0.5962,0.6698,0.3,1300,4335,H2O,1300,0.420833,0.0
0.65,32,0.5962,0.6698,0.3,1300,4335,CAUSAL,1299,0.404167,0.0
0.65,32,0.5962,0.6698,0.3,1300,4335,ORACLE,1294,0.541667,1.0
0.65,32,0.5962,0.6698,0.4,1734,4335,RT,1731,0.441667,0.0
0.65,32,0.5962,0.6698,0.4,1734,4335,H2O,1732,0.533333,0.0
0.65,32,0.5962,0.6698,0.4,1734,4335,CAUSAL,1730,0.566667,0.0
0.65,32,0.5962,0.6698,0.4,1734,4335,ORACLE,1727,0.8125,1.0
0.65,32,0.5962,0.6698,0.5,2167,4335,RT,2154,0.516667,0.0
0.65,32,0.5962,0.6698,0.5,2167,4335,H2O,2161,0.5875,0.0
0.65,32,0.5962,0.6698,0.5,2167,4335,CAUSAL,2166,0.725,0.0
0.65,32,0.5962,0.6698,0.5,2167,4335,ORACLE,2160,0.858333,1.0
0.65,32,0.5962,0.6698,0.6,2601,4335,RT,2583,0.6625,0.0
0.65,32,0.5962,0.6698,0.6,2601,4335,H2O,2600,0.695833,0.0
0.65,32,0.5962,0.6698,0.6,2601,4335,CAUSAL,2590,0.9,0.0
0.65,32,0.5962,0.6698,0.6,2601,4335,ORACLE,2601,0.9,1.0
0.65,33,0.3906,0.6995,0.2,904,4521,RT,896,0.266667,0.0
0.65,33,0.3906,0.6995,0.2,904,4521,H2O,904,0.283333,0.0
0.65,33,0.3906,0.6995,0.2,904,4521,CAUSAL,900,0.220833,0.0
0.65,33,0.3906,0.6995,0.2,904,4521,ORACLE,899,0.3,0.0
0.65,33,0.3906,0.6995,0.3,1356,4521,RT,1355,0.395833,0.0
0.65,33,0.3906,0.6995,0.3,1356,4521,H2O,1352,0.345833,0.0
0.65,33,0.3906,0.6995,0.3,1356,4521,CAUSAL,1348,0.3,0.0
0.65,33,0.3906,0.6995,0.3,1356,4521,ORACLE,1353,0.654167,1.0
0.65,33,0.3906,0.6995,0.4,1808,4521,RT,1804,0.475,0.0
0.65,33,0.3906,0.6995,0.4,1808,4521,H2O,1800,0.4125,0.0
0.65,33,0.3906,0.6995,0.4,1808,4521,CAUSAL,1808,0.454167,0.0
0.65,33,0.3906,0.6995,0.4,1808,4521,ORACLE,1803,0.766667,1.0
0.65,33,0.3906,0.6995,0.5,2260,4521,RT,2256,0.520833,0.0
0.65,33,0.3906,0.6995,0.5,2260,4521,H2O,2258,0.579167,0.0
0.65,33,0.3906,0.6995,0.5,2260,4521,CAUSAL,2257,0.641667,0.0
0.65,33,0.3906,0.6995,0.5,2260,4521,ORACLE,2256,0.8375,1.0
0.65,33,0.3906,0.6995,0.6,2712,4521,RT,2710,0.591667,0.0
0.65,33,0.3906,0.6995,0.6,2712,4521,H2O,2710,0.629167,0.0
0.65,33,0.3906,0.6995,0.6,2712,4521,CAUSAL,2710,0.6375,0.0
0.65,33,0.3906,0.6995,0.6,2712,4521,ORACLE,2709,0.891667,1.0
0.65,34,0.7143,0.6419,0.2,1046,5231,RT,1042,0.183333,0.0
0.65,34,0.7143,0.6419,0.2,1046,5231,H2O,1041,0.366667,0.0
0.65,34,0.7143,0.6419,0.2,1046,5231,CAUSAL,1037,0.2875,0.0
0.65,34,0.7143,0.6419,0.2,1046,5231,ORACLE,1045,0.2875,0.0
0.65,34,0.7143,0.6419,0.3,1569,5231,RT,1567,0.445833,0.0
0.65,34,0.7143,0.6419,0.3,1569,5231,H2O,1556,0.454167,0.0
0.65,34,0.7143,0.6419,0.3,1569,5231,CAUSAL,1564,0.304167,0.0
0.65,34,0.7143,0.6419,0.3,1569,5231,ORACLE,1569,0.558333,0.0
0.65,34,0.7143,0.6419,0.4,2092,5231,RT,2082,0.5625,0.0
0.65,34,0.7143,0.6419,0.4,2092,5231,H2O,2086,0.491667,0.0
0.65,34,0.7143,0.6419,0.4,2092,5231,CAUSAL,2084,0.466667,0.0
0.65,34,0.7143,0.6419,0.4,2092,5231,ORACLE,2086,0.783333,1.0
0.65,34,0.7143,0.6419,0.5,2615,5231,RT,2609,0.591667,0.0
0.65,34,0.7143,0.6419,0.5,2615,5231,H2O,2603,0.625,0.0
0.65,34,0.7143,0.6419,0.5,2615,5231,CAUSAL,2607,0.495833,0.0
0.65,34,0.7143,0.6419,0.5,2615,5231,ORACLE,2611,0.841667,1.0
0.65,34,0.7143,0.6419,0.6,3138,5231,RT,3131,0.6625,0.0
0.65,34,0.7143,0.6419,0.6,3138,5231,H2O,3135,0.720833,0.0
0.65,34,0.7143,0.6419,0.6,3138,5231,CAUSAL,3137,0.554167,0.0
0.65,34,0.7143,0.6419,0.6,3138,5231,ORACLE,3127,0.9,1.0
0.65,35,0.6819,0.6543,0.2,864,4324,RT,860,0.258333,0.0
0.65,35,0.6819,0.6543,0.2,864,4324,H2O,863,0.325,0.0
0.65,35,0.6819,0.6543,0.2,864,4324,CAUSAL,863,0.158333,0.0
0.65,35,0.6819,0.6543,0.2,864,4324,ORACLE,864,0.325,1.0
0.65,35,0.6819,0.6543,0.3,1297,4324,RT,1289,0.270833,0.0
0.65,35,0.6819,0.6543,0.3,1297,4324,H2O,1294,0.3,0.0
0.65,35,0.6819,0.6543,0.3,1297,4324,CAUSAL,1296,0.329167,0.0
0.65,35,0.6819,0.6543,0.3,1297,4324,ORACLE,1289,0.7375,1.0
0.65,35,0.6819,0.6543,0.4,1729,4324,RT,1728,0.3,0.0
0.65,35,0.6819,0.6543,0.4,1729,4324,H2O,1729,0.383333,0.0
0.65,35,0.6819,0.6543,0.4,1729,4324,CAUSAL,1722,0.4375,0.0
0.65,35,0.6819,0.6543,0.4,1729,4324,ORACLE,1726,0.775,1.0
0.65,35,0.6819,0.6543,0.5,2162,4324,RT,2161,0.404167,0.0
0.65,35,0.6819,0.6543,0.5,2162,4324,H2O,2161,0.458333,0.0
0.65,35,0.6819,0.6543,0.5,2162,4324,CAUSAL,2160,0.520833,0.0
0.65,35,0.6819,0.6543,0.5,2162,4324,ORACLE,2152,0.8375,1.0
0.65,35,0.6819,0.6543,0.6,2594,4324,RT,2588,0.483333,0.0
0.65,35,0.6819,0.6543,0.6,2594,4324,H2O,2588,0.55,0.0
0.65,35,0.6819,0.6543,0.6,2594,4324,CAUSAL,2591,0.641667,0.0
0.65,35,0.6819,0.6543,0.6,2594,4324,ORACLE,2587,0.8875,1.0
0.65,36,0.4474,0.8017,0.2,1129,5646,RT,1124,0.129167,0.0
0.65,36,0.4474,0.8017,0.2,1129,5646,H2O,1126,0.358333,0.0
0.65,36,0.4474,0.8017,0.2,1129,5646,CAUSAL,1129,0.329167,0.0
0.65,36,0.4474,0.8017,0.2,1129,5646,ORACLE,1126,0.2625,0.0
0.65,36,0.4474,0.8017,0.3,1693,5646,RT,1692,0.270833,0.0
0.65,36,0.4474,0.8017,0.3,1693,5646,H2O,1691,0.395833,0.0
0.65,36,0.4474,0.8017,0.3,1693,5646,CAUSAL,1692,0.375,0.0
0.65,36,0.4474,0.8017,0.3,1693,5646,ORACLE,1692,0.666667,1.0
0.65,36,0.4474,0.8017,0.4,2258,5646,RT,2255,0.4375,0.0
0.65,36,0.4474,0.8017,0.4,2258,5646,H2O,2258,0.5125,0.0
0.65,36,0.4474,0.8017,0.4,2258,5646,CAUSAL,2256,0.454167,0.0
0.65,36,0.4474,0.8017,0.4,2258,5646,ORACLE,2252,0.804167,1.0
0.65,36,0.4474,0.8017,0.5,2823,5646,RT,2818,0.541667,0.0
0.65,36,0.4474,0.8017,0.5,2823,5646,H2O,2817,0.545833,0.0
0.65,36,0.4474,0.8017,0.5,2823,5646,CAUSAL,2819,0.566667,0.0
0.65,36,0.4474,0.8017,0.5,2823,5646,ORACLE,2819,0.858333,1.0
0.65,36,0.4474,0.8017,0.6,3387,5646,RT,3384,0.691667,0.0
0.65,36,0.4474,0.8017,0.6,3387,5646,H2O,3374,0.6375,0.0
0.65,36,0.4474,0.8017,0.6,3387,5646,CAUSAL,3381,0.604167,0.0
0.65,36,0.4474,0.8017,0.6,3387,5646,ORACLE,3371,0.9,1.0
0.65,37,0.6587,0.6399,0.2,899,4499,RT,894,0.291667,0.0
0.65,37,0.6587,0.6399,0.2,899,4499,H2O,898,0.266667,0.0
0.65,37,0.6587,0.6399,0.2,899,4499,CAUSAL,895,0.283333,0.0
0.65,37,0.6587,0.6399,0.2,899,4499,ORACLE,896,0.3375,0.0
0.65,37,0.6587,0.6399,0.3,1349,4499,RT,1348,0.341667,0.0
0.65,37,0.6587,0.6399,0.3,1349,4499,H2O,1343,0.358333,0.0
0.65,37,0.6587,0.6399,0.3,1349,4499,CAUSAL,1344,0.358333,0.0
0.65,37,0.6587,0.6399,0.3,1349,4499,ORACLE,1347,0.3875,0.0
0.65,37,0.6587,0.6399,0.4,1799,4499,RT,1796,0.441667,0.0
0.65,37,0.6587,0.6399,0.4,1799,4499,H2O,1797,0.441667,0.0
0.65,37,0.6587,0.6399,0.4,1799,4499,CAUSAL,1798,0.508333,0.0
0.65,37,0.6587,0.6399,0.4,1799,4499,ORACLE,1799,0.508333,1.0
0.65,37,0.6587,0.6399,0.5,2249,4499,RT,2245,0.495833,0.0
0.65,37,0.6587,0.6399,0.5,2249,4499,H2O,2248,0.5625,0.0
0.65,37,0.6587,0.6399,0.5,2249,4499,CAUSAL,2243,0.6,0.0
0.65,37,0.6587,0.6399,0.5,2249,4499,ORACLE,2241,0.8125,1.0
0.65,37,0.6587,0.6399,0.6,2699,4499,RT,2699,0.579167,0.0
0.65,37,0.6587,0.6399,0.6,2699,4499,H2O,2695,0.695833,0.0
0.65,37,0.6587,0.6399,0.6,2699,4499,CAUSAL,2698,0.729167,0.0
0.65,37,0.6587,0.6399,0.6,2699,4499,ORACLE,2686,0.9,1.0
0.65,38,0.5412,0.713,0.2,830,4150,RT,825,0.029167,0.0
0.65,38,0.5412,0.713,0.2,830,4150,H2O,825,0.191667,0.0
0.65,38,0.5412,0.713,0.2,830,4150,CAUSAL,823,0.316667,0.0
0.65,38,0.5412,0.713,0.2,830,4150,ORACLE,824,0.483333,1.0
0.65,38,0.5412,0.713,0.3,1245,4150,RT,1242,0.179167,0.0
0.65,38,0.5412,0.713,0.3,1245,4150,H2O,1242,0.3125,0.0
0.65,38,0.5412,0.713,0.3,1245,4150,CAUSAL,1239,0.379167,0.0
0.65,38,0.5412,0.713,0.3,1245,4150,ORACLE,1239,0.8,1.0
0.65,38,0.5412,0.713,0.4,1660,4150,RT,1656,0.254167,0.0
0.65,38,0.5412,0.713,0.4,1660,4150,H2O,1660,0.2625,0.0
0.65,38,0.5412,0.713,0.4,1660,4150,CAUSAL,1660,0.504167,0.0
0.65,38,0.5412,0.713,0.4,1660,4150,ORACLE,1657,0.870833,1.0
0.65,38,0.5412,0.713,0.5,2075,4150,RT,2072,0.341667,0.0
0.65,38,0.5412,0.713,0.5,2075,4150,H2O,2073,0.383333,0.0
0.65,38,0.5412,0.713,0.5,2075,4150,CAUSAL,2069,0.654167,0.0
0.65,38,0.5412,0.713,0.5,2075,4150,ORACLE,2074,0.908333,1.0
0.65,38,0.5412,0.713,0.6,2490,4150,RT,2490,0.483333,0.0
0.65,38,0.5412,0.713,0.6,2490,4150,H2O,2490,0.595833,0.0
0.65,38,0.5412,0.713,0.6,2490,4150,CAUSAL,2484,0.6625,0.0
0.65,38,0.5412,0.713,0.6,2490,4150,ORACLE,2473,0.958333,1.0
0.65,39,0.442,0.5599,0.2,898,4490,RT,895,0.15,0.0
0.65,39,0.442,0.5599,0.2,898,4490,H2O,898,0.283333,0.0
0.65,39,0.442,0.5599,0.2,898,4490,CAUSAL,892,0.191667,0.0
0.65,39,0.442,0.5599,0.2,898,4490,ORACLE,893,0.354167,0.0
0.65,39,0.442,0.5599,0.3,1347,4490,RT,1345,0.3375,0.0
0.65,39,0.442,0.5599,0.3,1347,4490,H2O,1345,0.383333,0.0
0.65,39,0.442,0.5599,0.3,1347,4490,CAUSAL,1342,0.170833,0.0
0.65,39,0.442,0.5599,0.3,1347,4490,ORACLE,1345,0.7,1.0
0.65,39,0.442,0.5599,0.4,1796,4490,RT,1790,0.529167,0.0
0.65,39,0.442,0.5599,0.4,1796,4490,H2O,1795,0.533333,0.0
0.65,39,0.442,0.5599,0.4,1796,4490,CAUSAL,1788,0.4625,0.0
0.65,39,0.442,0.5599,0.4,1796,4490,ORACLE,1792,0.816667,1.0
0.65,39,0.442,0.5599,0.5,2245,4490,RT,2243,0.520833,0.0
0.65,39,0.442,0.5599,0.5,2245,4490,H2O,2242,0.591667,0.0
0.65,39,0.442,0.5599,0.5,2245,4490,CAUSAL,2245,0.429167,0.0
0.65,39,0.442,0.5599,0.5,2245,4490,ORACLE,2234,0.875,1.0
0.65,39,0.442,0.5599,0.6,2694,4490,RT,2694,0.720833,0.0
0.65,39,0.442,0.5599,0.6,2694,4490,H2O,2684,0.675,0.0
0.65,39,0.442,0.5599,0.6,2694,4490,CAUSAL,2694,0.575,0.0
0.65,39,0.442,0.5599,0.6,2694,4490,ORACLE,2691,0.920833,1.0
0.65,40,0.5769,0.4198,0.2,785,3927,RT,780,0.225,0.0
0.65,40,0.5769,0.4198,0.2,785,3927,H2O,782,0.275,0.0
0.65,40,0.5769,0.4198,0.2,785,3927,CAUSAL,784,0.241667,0.0
0.65,40,0.5769,0.4198,0.2,785,3927,ORACLE,781,0.254167,1.0
0.65,40,0.5769,0.4198,0.3,1178,3927,RT,1177,0.370833,0.0
0.65,40,0.5769,0.4198,0.3,1178,3927,H2O,1170,0.454167,0.0
0.65,40,0.5769,0.4198,0.3,1178,3927,CAUSAL,1168,0.370833,0.0
0.65,40,0.5769,0.4198,0.3,1178,3927,ORACLE,1172,0.670833,1.0
0.65,40,0.5769,0.4198,0.4,1570,3927,RT,1563,0.504167,0.0
0.65,40,0.5769,0.4198,0.4,1570,3927,H2O,1560,0.5,0.0
0.65,40,0.5769,0.4198,0.4,1570,3927,CAUSAL,1568,0.433333,0.0
0.65,40,0.5769,0.4198,0.4,1570,3927,ORACLE,1566,0.8375,1.0
0.65,40,0.5769,0.4198,0.5,1963,3927,RT,1953,0.566667,0.0
0.65,40,0.5769,0.4198,0.5,1963,3927,H2O,1960,0.591667,0.0
0.65,40,0.5769,0.4198,0.5,1963,3927,CAUSAL,1963,0.458333,0.0
0.65,40,0.5769,0.4198,0.5,1963,3927,ORACLE,1957,0.8875,1.0
0.65,40,0.5769,0.4198,0.6,2356,3927,RT,2351,0.629167,0.0
0.65,40,0.5769,0.4198,0.6,2356,3927,H2O,2342,0.6625,0.0
0.65,40,0.5769,0.4198,0.6,2356,3927,CAUSAL,2356,0.5375,0.0
0.65,40,0.5769,0.4198,0.6,2356,3927,ORACLE,2350,0.920833,1.0
0.65,41,0.2884,0.7716,0.2,849,4246,RT,845,0.1875,0.0
0.65,41,0.2884,0.7716,0.2,849,4246,H2O,848,0.195833,0.0
0.65,41,0.2884,0.7716,0.2,849,4246,CAUSAL,848,0.129167,0.0
0.65,41,0.2884,0.7716,0.2,849,4246,ORACLE,847,0.3625,1.0
0.65,41,0.2884,0.7716,0.3,1273,4246,RT,1267,0.279167,0.0
0.65,41,0.2884,0.7716,0.3,1273,4246,H2O,1271,0.329167,0.0
0.65,41,0.2884,0.7716,0.3,1273,4246,CAUSAL,1267,0.204167,0.0
0.65,41,0.2884,0.7716,0.3,1273,4246,ORACLE,1273,0.7375,1.0
0.65,41,0.2884,0.7716,0.4,1698,4246,RT,1697,0.525,0.0
0.65,41,0.2884,0.7716,0.4,1698,4246,H2O,1694,0.470833,0.0
0.65,41,0.2884,0.7716,0.4,1698,4246,CAUSAL,1696,0.404167,0.0
0.65,41,0.2884,0.7716,0.4,1698,4246,ORACLE,1698,0.820833,1.0
0.65,41,0.2884,0.7716,0.5,2123,4246,RT,2122,0.625,0.0
0.65,41,0.2884,0.7716,0.5,2123,4246,H2O,2118,0.6125,0.0
0.65,41,0.2884,0.7716,0.5,2123,4246,CAUSAL,2116,0.625,0.0
0.65,41,0.2884,0.7716,0.5,2123,4246,ORACLE,2120,0.8875,1.0
0.65,41,0.2884,0.7716,0.6,2547,4246,RT,2543,0.745833,0.0
0.65,41,0.2884,0.7716,0.6,2547,4246,H2O,2538,0.741667,0.0
0.65,41,0.2884,0.7716,0.6,2547,4246,CAUSAL,2541,0.6375,1.0
0.65,41,0.2884,0.7716,0.6,2547,4246,ORACLE,2546,0.916667,1.0
0.65,42,0.3835,0.6449,0.2,988,4943,RT,988,0.1875,0.0
0.65,42,0.3835,0.6449,0.2,988,4943,H2O,984,0.225,0.0
0.65,42,0.3835,0.6449,0.2,988,4943,CAUSAL,980,0.15,0.0
0.65,42,0.3835,0.6449,0.2,988,4943,ORACLE,984,0.420833,0.0
0.65,42,0.3835,0.6449,0.3,1482,4943,RT,1479,0.2375,0.0
0.65,42,0.3835,0.6449,0.3,1482,4943,H2O,1477,0.304167,0.0
0.65,42,0.3835,0.6449,0.3,1482,4943,CAUSAL,1479,0.166667,0.0
0.65,42,0.3835,0.6449,0.3,1482,4943,ORACLE,1481,0.708333,1.0
0.65,42,0.3835,0.6449,0.4,1977,4943,RT,1970,0.3625,0.0
0.65,42,0.3835,0.6449,0.4,1977,4943,H2O,1969,0.441667,0.0
0.65,42,0.3835,0.6449,0.4,1977,4943,CAUSAL,1977,0.329167,0.0
0.65,42,0.3835,0.6449,0.4,1977,4943,ORACLE,1975,0.845833,1.0
0.65,42,0.3835,0.6449,0.5,2471,4943,RT,2466,0.445833,0.0
0.65,42,0.3835,0.6449,0.5,2471,4943,H2O,2462,0.558333,0.0
0.65,42,0.3835,0.6449,0.5,2471,4943,CAUSAL,2467,0.454167,0.0
0.65,42,0.3835,0.6449,0.5,2471,4943,ORACLE,2471,0.9,1.0
0.65,42,0.3835,0.6449,0.6,2965,4943,RT,2957,0.6,0.0
0.65,42,0.3835,0.6449,0.6,2965,4943,H2O,2958,0.6375,0.0
0.65,42,0.3835,0.6449,0.6,2965,4943,CAUSAL,2962,0.491667,0.0
0.65,42,0.3835,0.6449,0.6,2965,4943,ORACLE,2964,0.9625,1.0
0.65,43,0.5659,0.5337,0.2,801,4009,RT,799,0.279167,0.0
0.65,43,0.5659,0.5337,0.2,801,4009,H2O,797,0.4,0.0
0.65,43,0.5659,0.5337,0.2,801,4009,CAUSAL,795,0.25,0.0
0.65,43,0.5659,0.5337,0.2,801,4009,ORACLE,796,0.3125,0.0
0.65,43,0.5659,0.5337,0.3,1202,4009,RT,1193,0.433333,0.0
0.65,43,0.5659,0.5337,0.3,1202,4009,H2O,1199,0.4125,0.0
0.65,43,0.5659,0.5337,0.3,1202,4009,CAUSAL,1201,0.3625,0.0
0.65,43,0.5659,0.5337,0.3,1202,4009,ORACLE,1198,0.683333,1.0
0.65,43,0.5659,0.5337,0.4,1603,4009,RT,1602,0.545833,0.0
0.65,43,0.5659,0.5337,0.4,1603,4009,H2O,1600,0.525,0.0
0.65,43,0.5659,0.5337,0.4,1603,4009,CAUSAL,1601,0.458333,0.0
0.65,43,0.5659,0.5337,0.4,1603,4009,ORACLE,1600,0.8375,1.0
0.65,43,0.5659,0.5337,0.5,2004,4009,RT,1997,0.620833,0.0
0.65,43,0.5659,0.5337,0.5,2004,4009,H2O,1996,0.583333,0.0
0.65,43,0.5659,0.5337,0.5,2004,4009,CAUSAL,2001,0.541667,0.0
0.65,43,0.5659,0.5337,0.5,2004,4009,ORACLE,2002,0.858333,1.0
0.65,43,0.5659,0.5337,0.6,2405,4009,RT,2405,0.758333,0.0
0.65,43,0.5659,0.5337,0.6,2405,4009,H2O,2400,0.6125,0.0
0.65,43,0.5659,0.5337,0.6,2405,4009,CAUSAL,2405,0.604167,0.0
0.65,43,0.5659,0.5337,0.6,2405,4009,ORACLE,2398,0.9,1.0
0.65,44,0.5556,0.613,0.2,917,4585,RT,910,0.2625,0.0
0.65,44,0.5556,0.613,0.2,917,4585,H2O,904,0.270833,0.0
0.65,44,0.5556,0.613,0.2,917,4585,CAUSAL,916,0.170833,0.0
0.65,44,0.5556,0.613,0.2,917,4585,ORACLE,917,0.3875,0.0
0.65,44,0.5556,0.613,0.3,1375,4585,RT,1373,0.404167,0.0
0.65,44,0.5556,0.613,0.3,1375,4585,H2O,1372,0.3875,0.0
0.65,44,0.5556,0.613,0.3,1375,4585,CAUSAL,1368,0.279167,0.0
0.65,44,0.5556,0.613,0.3,1375,4585,ORACLE,1371,0.7125,1.0
0.65,44,0.5556,0.613,0.4,1834,4585,RT,1819,0.429167,0.0
0.65,44,0.5556,0.613,0.4,1834,4585,H2O,1834,0.4375,0.0
0.65,44,0.5556,0.613,0.4,1834,4585,CAUSAL,1833,0.383333,0.0
0.65,44,0.5556,0.613,0.4,1834,4585,ORACLE,1831,0.85,1.0
0.65,44,0.5556,0.613,0.5,2292,4585,RT,2286,0.529167,0.0
0.65,44,0.5556,0.613,0.5,2292,4585,H2O,2291,0.575,0.0
0.65,44,0.5556,0.613,0.5,2292,4585,CAUSAL,2286,0.633333,0.0
0.65,44,0.5556,0.613,0.5,2292,4585,ORACLE,2291,0.908333,1.0
0.65,44,0.5556,0.613,0.6,2751,4585,RT,2745,0.604167,0.0
0.65,44,0.5556,0.613,0.6,2751,4585,H2O,2745,0.620833,0.0
0.65,44,0.5556,0.613,0.6,2751,4585,CAUSAL,2745,0.733333,0.0
0.65,44,0.5556,0.613,0.6,2751,4585,ORACLE,2722,0.954167,1.0
0.65,45,0.4632,0.46,0.2,959,4795,RT,959,0.233333,0.0
0.65,45,0.4632,0.46,0.2,959,4795,H2O,951,0.270833,0.0
0.65,45,0.4632,0.46,0.2,959,4795,CAUSAL,958,0.325,0.0
0.65,45,0.4632,0.46,0.2,959,4795,ORACLE,954,0.420833,0.0
0.65,45,0.4632,0.46,0.3,1438,4795,RT,1435,0.320833,0.0
0.65,45,0.4632,0.46,0.3,1438,4795,H2O,1430,0.366667,0.0
0.65,45,0.4632,0.46,0.3,1438,4795,CAUSAL,1436,0.279167,0.0
0.65,45,0.4632,0.46,0.3,1438,4795,ORACLE,1437,0.575,1.0
0.65,45,0.4632,0.46,0.4,1918,4795,RT,1916,0.4875,0.0
0.65,45,0.4632,0.46,0.4,1918,4795,H2O,1898,0.529167,0.0
0.65,45,0.4632,0.46,0.4,1918,4795,CAUSAL,1914,0.4625,0.0
0.65,45,0.4632,0.46,0.4,1918,4795,ORACLE,1915,0.8625,1.0
0.65,45,0.4632,0.46,0.5,2397,4795,RT,2394,0.529167,0.0
0.65,45,0.4632,0.46,0.5,2397,4795,H2O,2387,0.6,0.0
0.65,45,0.4632,0.46,0.5,2397,4795,CAUSAL,2388,0.5125,0.0
0.65,45,0.4632,0.46,0.5,2397,4795,ORACLE,2395,0.925,1.0
0.65,45,0.4632,0.46,0.6,2877,4795,RT,2874,0.6125,0.0
0.65,45,0.4632,0.46,0.6,2877,4795,H2O,2876,0.704167,0.0
0.65,45,0.4632,0.46,0.6,2877,4795,CAUSAL,2872,0.770833,0.0
0.65,45,0.4632,0.46,0.6,2877,4795,ORACLE,2863,0.929167,1.0
0.65,46,0.398,0.7933,0.2,1032,5162,RT,1030,0.1375,0.0
0.65,46,0.398,0.7933,0.2,1032,5162,H2O,1027,0.2,0.0
0.65,46,0.398,0.7933,0.2,1032,5162,CAUSAL,1030,0.2625,0.0
0.65,46,0.398,0.7933,0.2,1032,5162,ORACLE,1025,0.4,1.0
0.65,46,0.398,0.7933,0.3,1548,5162,RT,1543,0.291667,0.0
0.65,46,0.398,0.7933,0.3,1548,5162,H2O,1547,0.370833,0.0
0.65,46,0.398,0.7933,0.3,1548,5162,CAUSAL,1545,0.391667,0.0
0.65,46,0.398,0.7933,0.3,1548,5162,ORACLE,1548,0.816667,1.0
0.65,46,0.398,0.7933,0.4,2064,5162,RT,2057,0.441667,0.0
0.65,46,0.398,0.7933,0.4,2064,5162,H2O,2057,0.329167,0.0
0.65,46,0.398,0.7933,0.4,2064,5162,CAUSAL,2061,0.395833,0.0
0.65,46,0.398,0.7933,0.4,2064,5162,ORACLE,2063,0.841667,1.0
0.65,46,0.398,0.7933,0.5,2581,5162,RT,2581,0.491667,0.0
0.65,46,0.398,0.7933,0.5,2581,5162,H2O,2560,0.604167,0.0
0.65,46,0.398,0.7933,0.5,2581,5162,CAUSAL,2572,0.5375,0.0
0.65,46,0.398,0.7933,0.5,2581,5162,ORACLE,2580,0.883333,1.0
0.65,46,0.398,0.7933,0.6,3097,5162,RT,3095,0.658333,0.0
0.65,46,0.398,0.7933,0.6,3097,5162,H2O,3077,0.7375,0.0
0.65,46,0.398,0.7933,0.6,3097,5162,CAUSAL,3092,0.6875,1.0
0.65,46,0.398,0.7933,0.6,3097,5162,ORACLE,3093,0.908333,1.0
0.65,47,0.59,0.642,0.2,915,4578,RT,914,0.258333,0.0
0.65,47,0.59,0.642,0.2,915,4578,H2O,914,0.275,0.0
0.65,47,0.59,0.642,0.2,915,4578,CAUSAL,914,0.183333,0.0
0.65,47,0.59,0.642,0.2,915,4578,ORACLE,914,0.616667,1.0
0.65,47,0.59,0.642,0.3,1373,4578,RT,1368,0.366667,0.0
0.65,47,0.59,0.642,0.3,1373,4578,H2O,1366,0.366667,0.0
0.65,47,0.59,0.642,0.3,1373,4578,CAUSAL,1366,0.291667,0.0
0.65,47,0.59,0.642,0.3,1373,4578,ORACLE,1363,0.8,1.0
0.65,47,0.59,0.642,0.4,1831,4578,RT,1824,0.454167,0.0
0.65,47,0.59,0.642,0.4,1831,4578,H2O,1825,0.441667,0.0
0.65,47,0.59,0.642,0.4,1831,4578,CAUSAL,1823,0.520833,0.0
0.65,47,0.59,0.642,0.4,1831,4578,ORACLE,1831,0.845833,1.0
0.65,47,0.59,0.642,0.5,2289,4578,RT,2284,0.55,0.0
0.65,47,0.59,0.642,0.5,2289,4578,H2O,2282,0.525,0.0
0.65,47,0.59,0.642,0.5,2289,4578,CAUSAL,2288,0.545833,0.0
0.65,47,0.59,0.642,0.5,2289,4578,ORACLE,2279,0.920833,1.0
0.65,47,0.59,0.642,0.6,2746,4578,RT,2742,0.645833,0.0
0.65,47,0.59,0.642,0.6,2746,4578,H2O,2742,0.675,0.0
0.65,47,0.59,0.642,0.6,2746,4578,CAUSAL,2744,0.595833,0.0
0.65,47,0.59,0.642,0.6,2746,4578,ORACLE,2741,0.954167,1.0
0.65,48,0.542,0.5309,0.2,932,4663,RT,927,0.320833,0.0
0.65,48,0.542,0.5309,0.2,932,4663,H2O,927,0.308333,0.0
0.65,48,0.542,0.5309,0.2,932,4663,CAUSAL,925,0.258333,0.0
0.65,48,0.542,0.5309,0.2,932,4663,ORACLE,932,0.591667,1.0
0.65,48,0.542,0.5309,0.3,1398,4663,RT,1395,0.3625,0.0
0.65,48,0.542,0.5309,0.3,1398,4663,H2O,1391,0.375,0.0
0.65,48,0.542,0.5309,0.3,1398,4663,CAUSAL,1393,0.358333,0.0
0.65,48,0.542,0.5309,0.3,1398,4663,ORACLE,1396,0.766667,1.0
0.65,48,0.542,0.5309,0.4,1865,4663,RT,1865,0.45,0.0
0.65,48,0.542,0.5309,0.4,1865,4663,H2O,1863,0.479167,0.0
0.65,48,0.542,0.5309,0.4,1865,4663,CAUSAL,1861,0.475,0.0
0.65,48,0.542,0.5309,0.4,1865,4663,ORACLE,1864,0.829167,1.0
0.65,48,0.542,0.5309,0.5,2331,4663,RT,2327,0.583333,0.0
0.65,48,0.542,0.5309,0.5,2331,4663,H2O,2320,0.529167,0.0
0.65,48,0.542,0.5309,0.5,2331,4663,CAUSAL,2318,0.541667,0.0
0.65,48,0.542,0.5309,0.5,2331,4663,ORACLE,2324,0.8625,1.0
0.65,48,0.542,0.5309,0.6,2797,4663,RT,2793,0.641667,0.0
0.65,48,0.542,0.5309,0.6,2797,4663,H2O,2793,0.620833,0.0
0.65,48,0.542,0.5309,0.6,2797,4663,CAUSAL,2789,0.616667,0.0
0.65,48,0.542,0.5309,0.6,2797,4663,ORACLE,2797,0.9,1.0
0.65,49,0.4856,0.6322,0.2,817,4089,RT,812,0.316667,0.0
0.65,49,0.4856,0.6322,0.2,817,4089,H2O,814,0.341667,0.0
0.65,49,0.4856,0.6322,0.2,817,4089,CAUSAL,817,0.2,0.0
0.65,49,0.4856,0.6322,0.2,817,4089,ORACLE,812,0.316667,0.0
0.65,49,0.4856,0.6322,0.3,1226,4089,RT,1220,0.333333,0.0
0.65,49,0.4856,0.6322,0.3,1226,4089,H2O,1216,0.3875,0.0
0.65,49,0.4856,0.6322,0.3,1226,4089,CAUSAL,1224,0.283333,0.0
0.65,49,0.4856,0.6322,0.3,1226,4089,ORACLE,1222,0.616667,1.0
0.65,49,0.4856,0.6322,0.4,1635,4089,RT,1635,0.5,0.0
0.65,49,0.4856,0.6322,0.4,1635,4089,H2O,1627,0.470833,0.0
0.65,49,0.4856,0.6322,0.4,1635,4089,CAUSAL,1635,0.333333,0.0
0.65,49,0.4856,0.6322,0.4,1635,4089,ORACLE,1631,0.841667,1.0
0.65,49,0.4856,0.6322,0.5,2044,4089,RT,2034,0.520833,0.0
0.65,49,0.4856,0.6322,0.5,2044,4089,H2O,2041,0.55,0.0
0.65,49,0.4856,0.6322,0.5,2044,4089,CAUSAL,2035,0.504167,0.0
0.65,49,0.4856,0.6322,0.5,2044,4089,ORACLE,2041,0.9,1.0
0.65,49,0.4856,0.6322,0.6,2453,4089,RT,2450,0.629167,0.0
0.65,49,0.4856,0.6322,0.6,2453,4089,H2O,2444,0.670833,0.0
0.65,49,0.4856,0.6322,0.6,2453,4089,CAUSAL,2446,0.6625,0.0
0.65,49,0.4856,0.6322,0.6,2453,4089,ORACLE,2448,0.908333,1.0
0.65,50,0.428,0.5823,0.2,1072,5360,RT,1069,0.291667,0.0
0.65,50,0.428,0.5823,0.2,1072,5360,H2O,1064,0.316667,0.0
0.65,50,0.428,0.5823,0.2,1072,5360,CAUSAL,1069,0.254167,0.0
0.65,50,0.428,0.5823,0.2,1072,5360,ORACLE,1069,0.291667,0.0
0.65,50,0.428,0.5823,0.3,1608,5360,RT,1599,0.408333,0.0
0.65,50,0.428,0.5823,0.3,1608,5360,H2O,1604,0.445833,0.0
0.65,50,0.428,0.5823,0.3,1608,5360,CAUSAL,1608,0.333333,0.0
0.65,50,0.428,0.5823,0.3,1608,5360,ORACLE,1605,0.329167,0.0
0.65,50,0.428,0.5823,0.4,2144,5360,RT,2140,0.4875,0.0
0.65,50,0.428,0.5823,0.4,2144,5360,H2O,2144,0.504167,0.0
0.65,50,0.428,0.5823,0.4,2144,5360,CAUSAL,2138,0.391667,0.0
0.65,50,0.428,0.5823,0.4,2144,5360,ORACLE,2143,0.616667,1.0
0.65,50,0.428,0.5823,0.5,2680,5360,RT,2680,0.541667,0.0
0.65,50,0.428,0.5823,0.5,2680,5360,H2O,2667,0.645833,0.0
0.65,50,0.428,0.5823,0.5,2680,5360,CAUSAL,2674,0.4875,0.0
0.65,50,0.428,0.5823,0.5,2680,5360,ORACLE,2676,0.833333,1.0
0.65,50,0.428,0.5823,0.6,3216,5360,RT,3212,0.654167,0.0
0.65,50,0.428,0.5823,0.6,3216,5360,H2O,3208,0.7125,0.0
0.65,50,0.428,0.5823,0.6,3216,5360,CAUSAL,3213,0.5375,0.0
0.65,50,0.428,0.5823,0.6,3216,5360,ORACLE,3201,0.8875,1.0
0.65,51,0.4987,0.63,0.2,783,3917,RT,778,0.170833,0.0
0.65,51,0.4987,0.63,0.2,783,3917,H2O,782,0.241667,0.0
0.65,51,0.4987,0.63,0.2,783,3917,CAUSAL,778,0.229167,0.0
0.65,51,0.4987,0.63,0.2,783,3917,ORACLE,781,0.341667,0.0
0.65,51,0.4987,0.63,0.3,1175,3917,RT,1174,0.2125,0.0
0.65,51,0.4987,0.63,0.3,1175,3917,H2O,1170,0.3,0.0
0.65,51,0.4987,0.63,0.3,1175,3917,CAUSAL,1172,0.345833,0.0
0.65,51,0.4987,0.63,0.3,1175,3917,ORACLE,1173,0.504167,1.0
0.65,51,0.4987,0.63,0.4,1566,3917,RT,1565,0.345833,0.0
0.65,51,0.4987,0.63,0.4,1566,3917,H2O,1566,0.383333,0.0
0.65,51,0.4987,0.63,0.4,1566,3917,CAUSAL,1561,0.445833,0.0
0.65,51,0.4987,0.63,0.4,1566,3917,ORACLE,1564,0.791667,1.0
0.65,51,0.4987,0.63,0.5,1958,3917,RT,1953,0.529167,0.0
0.65,51,0.4987,0.63,0.5,1958,3917,H2O,1950,0.570833,0.0
0.65,51,0.4987,0.63,0.5,1958,3917,CAUSAL,1951,0.5375,0.0
0.65,51,0.4987,0.63,0.5,1958,3917,ORACLE,1956,0.841667,1.0
0.65,51,0.4987,0.63,0.6,2350,3917,RT,2347,0.570833,0.0
0.65,51,0.4987,0.63,0.6,2350,3917,H2O,2338,0.625,0.0
0.65,51,0.4987,0.63,0.6,2350,3917,CAUSAL,2346,0.625,0.0
0.65,51,0.4987,0.63,0.6,2350,3917,ORACLE,2343,0.9,1.0
0.65,52,0.7015,0.6013,0.2,917,4589,RT,916,0.175,0.0
0.65,52,0.7015,0.6013,0.2,917,4589,H2O,916,0.308333,0.0
0.65,52,0.7015,0.6013,0.2,917,4589,CAUSAL,914,0.25,0.0
0.65,52,0.7015,0.6013,0.2,917,4589,ORACLE,911,0.316667,0.0
0.65,52,0.7015,0.6013,0.3,1376,4589,RT,1372,0.416667,0.0
0.65,52,0.7015,0.6013,0.3,1376,4589,H2O,1370,0.404167,0.0
0.65,52,0.7015,0.6013,0.3,1376,4589,CAUSAL,1376,0.433333,0.0
0.65,52,0.7015,0.6013,0.3,1376,4589,ORACLE,1376,0.7,1.0
0.65,52,0.7015,0.6013,0.4,1835,4589,RT,1835,0.5125,0.0
0.65,52,0.7015,0.6013,0.4,1835,4589,H2O,1827,0.533333,0.0
0.65,52,0.7015,0.6013,0.4,1835,4589,CAUSAL,1826,0.458333,0.0
0.65,52,0.7015,0.6013,0.4,1835,4589,ORACLE,1830,0.779167,1.0
0.65,52,0.7015,0.6013,0.5,2294,4589,RT,2294,0.679167,0.0
0.65,52,0.7015,0.6013,0.5,2294,4589,H2O,2292,0.591667,0.0
0.65,52,0.7015,0.6013,0.5,2294,4589,CAUSAL,2293,0.529167,0.0
0.65,52,0.7015,0.6013,0.5,2294,4589,ORACLE,2291,0.858333,1.0
0.65,52,0.7015,0.6013,0.6,2753,4589,RT,2753,0.666667,0.0
0.65,52,0.7015,0.6013,0.6,2753,4589,H2O,2752,0.633333,0.0
0.65,52,0.7015,0.6013,0.6,2753,4589,CAUSAL,2747,0.5375,0.0
0.65,52,0.7015,0.6013,0.6,2753,4589,ORACLE,2753,0.883333,1.0
0.65,53,0.618,0.6226,0.2,870,4353,RT,863,0.225,0.0
0.65,53,0.618,0.6226,0.2,870,4353,H2O,865,0.341667,0.0
0.65,53,0.618,0.6226,0.2,870,4353,CAUSAL,864,0.166667,0.0
0.65,53,0.618,0.6226,0.2,870,4353,ORACLE,867,0.258333,0.0
0.65,53,0.618,0.6226,0.3,1305,4353,RT,1300,0.325,0.0
0.65,53,0.618,0.6226,0.3,1305,4353,H2O,1299,0.3375,0.0
0.65,53,0.618,0.6226,0.3,1305,4353,CAUSAL,1302,0.375,0.0
0.65,53,0.618,0.6226,0.3,1305,4353,ORACLE,1301,0.654167,1.0
0.65,53,0.618,0.6226,0.4,1741,4353,RT,1736,0.4125,0.0
0.65,53,0.618,0.6226,0.4,1741,4353,H2O,1733,0.495833,0.0
0.65,53,0.618,0.6226,0.4,1741,4353,CAUSAL,1738,0.366667,0.0
0.65,53,0.618,0.6226,0.4,1741,4353,ORACLE,1734,0.8625,1.0
0.65,53,0.618,0.6226,0.5,2176,4353,RT,2176,0.495833,0.0
0.65,53,0.618,0.6226,0.5,2176,4353,H2O,2175,0.558333,0.0
0.65,53,0.618,0.6226,0.5,2176,4353,CAUSAL,2173,0.479167,0.0
0.65,53,0.618,0.6226,0.5,2176,4353,ORACLE,2171,0.904167,1.0
0.65,53,0.618,0.6226,0.6,2611,4353,RT,2606,0.745833,0.0
0.65,53,0.618,0.6226,0.6,2611,4353,H2O,2609,0.670833,0.0
0.65,53,0.618,0.6226,0.6,2611,4353,CAUSAL,2607,0.570833,0.0
0.65,53,0.618,0.6226,0.6,2611,4353,ORACLE,2610,0.925,1.0
0.65,54,0.6082,0.5391,0.2,920,4600,RT,918,0.258333,0.0
0.65,54,0.6082,0.5391,0.2,920,4600,H2O,916,0.329167,0.0
0.65,54,0.6082,0.5391,0.2,920,4600,CAUSAL,917,0.225,0.0
0.65,54,0.6082,0.5391,0.2,920,4600,ORACLE,918,0.475,1.0
0.65,54,0.6082,0.5391,0.3,1380,4600,RT,1377,0.316667,0.0
0.65,54,0.6082,0.5391,0.3,1380,4600,H2O,1379,0.308333,0.0
0.65,54,0.6082,0.5391,0.3,1380,4600,CAUSAL,1377,0.266667,0.0
0.65,54,0.6082,0.5391,0.3,1380,4600,ORACLE,1375,0.791667,1.0
0.65,54,0.6082,0.5391,0.4,1840,4600,RT,1837,0.325,0.0
0.65,54,0.6082,0.5391,0.4,1840,4600,H2O,1840,0.458333,0.0
0.65,54,0.6082,0.5391,0.4,1840,4600,CAUSAL,1834,0.420833,0.0
0.65,54,0.6082,0.5391,0.4,1840,4600,ORACLE,1837,0.8625,1.0
0.65,54,0.6082,0.5391,0.5,2300,4600,RT,2299,0.495833,0.0
0.65,54,0.6082,0.5391,0.5,2300,4600,H2O,2292,0.55,0.0
0.65,54,0.6082,0.5391,0.5,2300,4600,CAUSAL,2299,0.545833,0.0
0.65,54,0.6082,0.5391,0.5,2300,4600,ORACLE,2300,0.9,1.0
0.65,54,0.6082,0.5391,0.6,2760,4600,RT,2757,0.716667,0.0
0.65,54,0.6082,0.5391,0.6,2760,4600,H2O,2747,0.6625,0.0
0.65,54,0.6082,0.5391,0.6,2760,4600,CAUSAL,2757,0.6,0.0
0.65,54,0.6082,0.5391,0.6,2760,4600,ORACLE,2749,0.933333,1.0
0.65,55,0.6226,0.5881,0.2,920,4601,RT,920,0.279167,0.0
0.65,55,0.6226,0.5881,0.2,920,4601,H2O,913,0.2625,0.0
0.65,55,0.6226,0.5881,0.2,920,4601,CAUSAL,916,0.2125,0.0
0.65,55,0.6226,0.5881,0.2,920,4601,ORACLE,918,0.316667,0.0
0.65,55,0.6226,0.5881,0.3,1380,4601,RT,1375,0.329167,0.0
0.65,55,0.6226,0.5881,0.3,1380,4601,H2O,1378,0.35,0.0
0.65,55,0.6226,0.5881,0.3,1380,4601,CAUSAL,1379,0.329167,0.0
0.65,55,0.6226,0.5881,0.3,1380,4601,ORACLE,1377,0.329167,0.0
0.65,55,0.6226,0.5881,0.4,1840,4601,RT,1836,0.375,0.0
0.65,55,0.6226,0.5881,0.4,1840,4601,H2O,1837,0.391667,0.0
0.65,55,0.6226,0.5881,0.4,1840,4601,CAUSAL,1837,0.458333,0.0
0.65,55,0.6226,0.5881,0.4,1840,4601,ORACLE,1840,0.65,1.0
0.65,55,0.6226,0.5881,0.5,2300,4601,RT,2296,0.425,0.0
0.65,55,0.6226,0.5881,0.5,2300,4601,H2O,2294,0.566667,0.0
0.65,55,0.6226,0.5881,0.5,2300,4601,CAUSAL,2299,0.666667,0.0
0.65,55,0.6226,0.5881,0.5,2300,4601,ORACLE,2300,0.816667,1.0
0.65,55,0.6226,0.5881,0.6,2760,4601,RT,2760,0.55,0.0
0.65,55,0.6226,0.5881,0.6,2760,4601,H2O,2756,0.658333,0.0
0.65,55,0.6226,0.5881,0.6,2760,4601,CAUSAL,2757,0.75,0.0
0.65,55,0.6226,0.5881,0.6,2760,4601,ORACLE,2755,0.895833,1.0
0.65,56,0.5385,0.6013,0.2,905,4527,RT,904,0.283333,0.0
0.65,56,0.5385,0.6013,0.2,905,4527,H2O,898,0.354167,0.0
0.65,56,0.5385,0.6013,0.2,905,4527,CAUSAL,904,0.291667,0.0
0.65,56,0.5385,0.6013,0.2,905,4527,ORACLE,901,0.358333,0.0
0.65,56,0.5385,0.6013,0.3,1358,4527,RT,1358,0.425,0.0
0.65,56,0.5385,0.6013,0.3,1358,4527,H2O,1358,0.391667,0.0
0.65,56,0.5385,0.6013,0.3,1358,4527,CAUSAL,1353,0.370833,0.0
0.65,56,0.5385,0.6013,0.3,1358,4527,ORACLE,1352,0.5375,1.0
0.65,56,0.5385,0.6013,0.4,1810,4527,RT,1810,0.35,0.0
0.65,56,0.5385,0.6013,0.4,1810,4527,H2O,1804,0.479167,0.0
0.65,56,0.5385,0.6013,0.4,1810,4527,CAUSAL,1808,0.541667,0.0
0.65,56,0.5385,0.6013,0.4,1810,4527,ORACLE,1807,0.820833,1.0
0.65,56,0.5385,0.6013,0.5,2263,4527,RT,2262,0.604167,0.0
0.65,56,0.5385,0.6013,0.5,2263,4527,H2O,2254,0.6625,0.0
0.65,56,0.5385,0.6013,0.5,2263,4527,CAUSAL,2254,0.645833,0.0
0.65,56,0.5385,0.6013,0.5,2263,4527,ORACLE,2259,0.883333,1.0
0.65,56,0.5385,0.6013,0.6,2716,4527,RT,2713,0.6,0.0
0.65,56,0.5385,0.6013,0.6,2716,4527,H2O,2709,0.691667,0.0
0.65,56,0.5385,0.6013,0.6,2716,4527,CAUSAL,2714,0.7375,0.0
0.65,56,0.5385,0.6013,0.6,2716,4527,ORACLE,2711,0.933333,1.0
0.65,57,0.568,0.7932,0.2,880,4404,RT,876,0.233333,0.0
0.65,57,0.568,0.7932,0.2,880,4404,H2O,880,0.25,0.0
0.65,57,0.568,0.7932,0.2,880,4404,CAUSAL,872,0.425,0.0
0.65,57,0.568,0.7932,0.2,880,4404,ORACLE,872,0.508333,1.0
0.65,57,0.568,0.7932,0.3,1321,4404,RT,1314,0.279167,0.0
0.65,57,0.568,0.7932,0.3,1321,4404,H2O,1321,0.279167,0.0
0.65,57,0.568,0.7932,0.3,1321,4404,CAUSAL,1315,0.558333,0.0
0.65,57,0.568,0.7932,0.3,1321,4404,ORACLE,1315,0.75,1.0
0.65,57,0.568,0.7932,0.4,1761,4404,RT,1754,0.308333,0.0
0.65,57,0.568,0.7932,0.4,1761,4404,H2O,1761,0.4625,0.0
0.65,57,0.568,0.7932,0.4,1761,4404,CAUSAL,1756,0.5625,0.0
0.65,57,0.568,0.7932,0.4,1761,4404,ORACLE,1755,0.8125,1.0
0.65,57,0.568,0.7932,0.5,2202,4404,RT,2195,0.304167,0.0
0.65,57,0.568,0.7932,0.5,2202,4404,H2O,2194,0.529167,0.0
0.65,57,0.568,0.7932,0.5,2202,4404,CAUSAL,2195,0.583333,0.0
0.65,57,0.568,0.7932,0.5,2202,4404,ORACLE,2195,0.920833,1.0
0.65,57,0.568,0.7932,0.6,2642,4404,RT,2640,0.65,0.0
0.65,57,0.568,0.7932,0.6,2642,4404,H2O,2642,0.654167,0.0
0.65,57,0.568,0.7932,0.6,2642,4404,CAUSAL,2642,0.729167,1.0
0.65,57,0.568,0.7932,0.6,2642,4404,ORACLE,2641,0.945833,1.0
0.65,58,0.5795,0.6873,0.2,963,4816,RT,963,0.183333,0.0
0.65,58,0.5795,0.6873,0.2,963,4816,H2O,960,0.204167,0.0
0.65,58,0.5795,0.6873,0.2,963,4816,CAUSAL,962,0.145833,0.0
0.65,58,0.5795,0.6873,0.2,963,4816,ORACLE,961,0.454167,0.0
0.65,58,0.5795,0.6873,0.3,1444,4816,RT,1444,0.25,0.0
0.65,58,0.5795,0.6873,0.3,1444,4816,H2O,1441,0.270833,0.0
0.65,58,0.5795,0.6873,0.3,1444,4816,CAUSAL,1442,0.195833,0.0
0.65,58,0.5795,0.6873,0.3,1444,4816,ORACLE,1443,0.766667,1.0
0.65,58,0.5795,0.6873,0.4,1926,4816,RT,1919,0.354167,0.0
0.65,58,0.5795,0.6873,0.4,1926,4816,H2O,1922,0.433333,0.0
0.65,58,0.5795,0.6873,0.4,1926,4816,CAUSAL,1925,0.3125,0.0
0.65,58,0.5795,0.6873,0.4,1926,4816,ORACLE,1920,0.875,1.0
0.65,58,0.5795,0.6873,0.5,2408,4816,RT,2399,0.4125,0.0
0.65,58,0.5795,0.6873,0.5,2408,4816,H2O,2390,0.604167,0.0
0.65,58,0.5795,0.6873,0.5,2408,4816,CAUSAL,2408,0.5,0.0
0.65,58,0.5795,0.6873,0.5,2408,4816,ORACLE,2406,0.891667,1.0
0.65,58,0.5795,0.6873,0.6,2889,4816,RT,2878,0.6,0.0
0.65,58,0.5795,0.6873,0.6,2889,4816,H2O,2882,0.666667,0.0
0.65,58,0.5795,0.6873,0.6,2889,4816,CAUSAL,2885,0.591667,0.0
0.65,58,0.5795,0.6873,0.6,2889,4816,ORACLE,2885,0.933333,1.0
0.65,59,0.5031,0.5885,0.2,986,4934,RT,985,0.308333,0.0
0.65,59,0.5031,0.5885,0.2,986,4934,H2O,985,0.3625,0.0
0.65,59,0.5031,0.5885,0.2,986,4934,CAUSAL,980,0.325,0.0
0.65,59,0.5031,0.5885,0.2,986,4934,ORACLE,984,0.3125,0.0
0.65,59,0.5031,0.5885,0.3,1480,4934,RT,1478,0.429167,0.0
0.65,59,0.5031,0.5885,0.3,1480,4934,H2O,1480,0.4,0.0
0.65,59,0.5031,0.5885,0.3,1480,4934,CAUSAL,1480,0.395833,0.0
0.65,59,0.5031,0.5885,0.3,1480,4934,ORACLE,1476,0.529167,0.0
0.65,59,0.5031,0.5885,0.4,1973,4934,RT,1972,0.5,0.0
0.65,59,0.5031,0.5885,0.4,1973,4934,H2O,1972,0.508333,0.0
0.65,59,0.5031,0.5885,0.4,1973,4934,CAUSAL,1967,0.504167,0.0
0.65,59,0.5031,0.5885,0.4,1973,4934,ORACLE,1971,0.808333,1.0
0.65,59,0.5031,0.5885,0.5,2467,4934,RT,2460,0.504167,0.0
0.65,59,0.5031,0.5885,0.5,2467,4934,H2O,2457,0.575,0.0
0.65,59,0.5031,0.5885,0.5,2467,4934,CAUSAL,2462,0.479167,0.0
0.65,59,0.5031,0.5885,0.5,2467,4934,ORACLE,2465,0.866667,1.0
0.65,59,0.5031,0.5885,0.6,2960,4934,RT,2956,0.654167,0.0
0.65,59,0.5031,0.5885,0.6,2960,4934,H2O,2960,0.616667,0.0
0.65,59,0.5031,0.5885,0.6,2960,4934,CAUSAL,2959,0.695833,0.0
0.65,59,0.5031,0.5885,0.6,2960,4934,ORACLE,2951,0.916667,1.0
0.65,60,0.4907,0.4196,0.2,916,4582,RT,916,0.295833,0.0
0.65,60,0.4907,0.4196,0.2,916,4582,H2O,913,0.270833,0.0
0.65,60,0.4907,0.4196,0.2,916,4582,CAUSAL,915,0.233333,0.0
0.65,60,0.4907,0.4196,0.2,916,4582,ORACLE,911,0.704167,1.0
0.65,60,0.4907,0.4196,0.3,1374,4582,RT,1374,0.341667,0.0
0.65,60,0.4907,0.4196,0.3,1374,4582,H2O,1372,0.433333,0.0
0.65,60,0.4907,0.4196,0.3,1374,4582,CAUSAL,1371,0.375,0.0
0.65,60,0.4907,0.4196,0.3,1374,4582,ORACLE,1370,0.7625,1.0
0.65,60,0.4907,0.4196,0.4,1832,4582,RT,1829,0.391667,0.0
0.65,60,0.4907,0.4196,0.4,1832,4582,H2O,1832,0.470833,0.0
0.65,60,0.4907,0.4196,0.4,1832,4582,CAUSAL,1829,0.558333,0.0
0.65,60,0.4907,0.4196,0.4,1832,4582,ORACLE,1826,0.829167,1.0
0.65,60,0.4907,0.4196,0.5,2291,4582,RT,2290,0.5625,0.0
0.65,60,0.4907,0.4196,0.5,2291,4582,H2O,2289,0.495833,0.0
0.65,60,0.4907,0.4196,0.5,2291,4582,CAUSAL,2290,0.595833,0.0
0.65,60,0.4907,0.4196,0.5,2291,4582,ORACLE,2287,0.8625,1.0
0.65,60,0.4907,0.4196,0.6,2749,4582,RT,2748,0.6,0.0
0.65,60,0.4907,0.4196,0.6,2749,4582,H2O,2749,0.6,0.0
0.65,60,0.4907,0.4196,0.6,2749,4582,CAUSAL,2740,0.7125,0.0
0.65,60,0.4907,0.4196,0.6,2749,4582,ORACLE,2748,0.891667,1.0
0.65,61,0.6088,0.3962,0.2,654,3273,RT,646,0.233333,0.0
0.65,61,0.6088,0.3962,0.2,654,3273,H2O,654,0.2625,0.0
0.65,61,0.6088,0.3962,0.2,654,3273,CAUSAL,647,0.4,0.0
0.65,61,0.6088,0.3962,0.2,654,3273,ORACLE,652,0.3375,0.0
0.65,61,0.6088,0.3962,0.3,981,3273,RT,978,0.420833,0.0
0.65,61,0.6088,0.3962,0.3,981,3273,H2O,981,0.329167,0.0
0.65,61,0.6088,0.3962,0.3,981,3273,CAUSAL,981,0.458333,0.0
0.65,61,0.6088,0.3962,0.3,981,3273,ORACLE,981,0.508333,1.0
0.65,61,0.6088,0.3962,0.4,1309,3273,RT,1309,0.4,0.0
0.65,61,0.6088,0.3962,0.4,1309,3273,H2O,1308,0.3875,0.0
0.65,61,0.6088,0.3962,0.4,1309,3273,CAUSAL,1306,0.5375,0.0
0.65,61,0.6088,0.3962,0.4,1309,3273,ORACLE,1308,0.816667,1.0
0.65,61,0.6088,0.3962,0.5,1636,3273,RT,1635,0.520833,0.0
0.65,61,0.6088,0.3962,0.5,1636,3273,H2O,1632,0.516667,0.0
0.65,61,0.6088,0.3962,0.5,1636,3273,CAUSAL,1636,0.666667,0.0
0.65,61,0.6088,0.3962,0.5,1636,3273,ORACLE,1632,0.8875,1.0
0.65,61,0.6088,0.3962,0.6,1963,3273,RT,1960,0.5625,0.0
0.65,61,0.6088,0.3962,0.6,1963,3273,H2O,1956,0.675,0.0
0.65,61,0.6088,0.3962,0.6,1963,3273,CAUSAL,1963,0.766667,0.0
0.65,61,0.6088,0.3962,0.6,1963,3273,ORACLE,1961,0.9375,1.0
0.65,62,0.636,0.6319,0.2,842,4211,RT,840,0.320833,0.0
0.65,62,0.636,0.6319,0.2,842,4211,H2O,842,0.316667,0.0
0.65,62,0.636,0.6319,0.2,842,4211,CAUSAL,837,0.279167,0.0
0.65,62,0.636,0.6319,0.2,842,4211,ORACLE,838,0.233333,0.0
0.65,62,0.636,0.6319,0.3,1263,4211,RT,1262,0.35,0.0
0.65,62,0.636,0.6319,0.3,1263,4211,H2O,1261,0.541667,0.0
0.65,62,0.636,0.6319,0.3,1263,4211,CAUSAL,1260,0.4375,0.0
0.65,62,0.636,0.6319,0.3,1263,4211,ORACLE,1261,0.4875,0.0
0.65,62,0.636,0.6319,0.4,1684,4211,RT,1683,0.545833,0.0
0.65,62,0.636,0.6319,0.4,1684,4211,H2O,1683,0.570833,0.0
0.65,62,0.636,0.6319,0.4,1684,4211,CAUSAL,1677,0.595833,0.0
0.65,62,0.636,0.6319,0.4,1684,4211,ORACLE,1683,0.783333,1.0
0.65,62,0.636,0.6319,0.5,2105,4211,RT,2103,0.6625,0.0
0.65,62,0.636,0.6319,0.5,2105,4211,H2O,2101,0.554167,0.0
0.65,62,0.636,0.6319,0.5,2105,4211,CAUSAL,2104,0.633333,0.0
0.65,62,0.636,0.6319,0.5,2105,4211,ORACLE,2096,0.841667,1.0
0.65,62,0.636,0.6319,0.6,2526,4211,RT,2523,0.708333,0.0
0.65,62,0.636,0.6319,0.6,2526,4211,H2O,2524,0.6125,0.0
0.65,62,0.636,0.6319,0.6,2526,4211,CAUSAL,2520,0.741667,0.0
0.65,62,0.636,0.6319,0.6,2526,4211,ORACLE,2523,0.9125,1.0
0.65,63,0.6469,0.7699,0.2,970,4851,RT,964,0.233333,0.0
0.65,63,0.6469,0.7699,0.2,970,4851,H2O,963,0.270833,0.0
0.65,63,0.6469,0.7699,0.2,970,4851,CAUSAL,966,0.229167,0.0
0.65,63,0.6469,0.7699,0.2,970,4851,ORACLE,969,0.308333,0.0
0.65,63,0.6469,0.7699,0.3,1455,4851,RT,1446,0.345833,0.0
0.65,63,0.6469,0.7699,0.3,1455,4851,H2O,1451,0.4,0.0
0.65,63,0.6469,0.7699,0.3,1455,4851,CAUSAL,1450,0.366667,0.0
0.65,63,0.6469,0.7699,0.3,1455,4851,ORACLE,1455,0.416667,0.0
0.65,63,0.6469,0.7699,0.4,1940,4851,RT,1932,0.4875,0.0
0.65,63,0.6469,0.7699,0.4,1940,4851,H2O,1931,0.504167,0.0
0.65,63,0.6469,0.7699,0.4,1940,4851,CAUSAL,1933,0.4125,0.0
0.65,63,0.6469,0.7699,0.4,1940,4851,ORACLE,1939,0.754167,1.0
0.65,63,0.6469,0.7699,0.5,2425,4851,RT,2423,0.6375,0.0
0.65,63,0.6469,0.7699,0.5,2425,4851,H2O,2425,0.5625,0.0
0.65,63,0.6469,0.7699,0.5,2425,4851,CAUSAL,2418,0.541667,0.0
0.65,63,0.6469,0.7699,0.5,2425,4851,ORACLE,2424,0.729167,1.0
0.65,63,0.6469,0.7699,0.6,2910,4851,RT,2903,0.658333,0.0
0.65,63,0.6469,0.7699,0.6,2910,4851,H2O,2907,0.654167,0.0
0.65,63,0.6469,0.7699,0.6,2910,4851,CAUSAL,2908,0.583333,0.0
0.65,63,0.6469,0.7699,0.6,2910,4851,ORACLE,2909,0.783333,1.0
0.9,0,0.5417,0.67,0.2,781,3909,RT,780,0.129167,0.0
0.9,0,0.5417,0.67,0.2,781,3909,H2O,779,0.295833,0.0
0.9,0,0.5417,0.67,0.2,781,3909,CAUSAL,773,0.229167,0.0
0.9,0,0.5417,0.67,0.2,781,3909,ORACLE,775,0.2625,0.0
0.9,0,0.5417,0.67,0.3,1172,3909,RT,1164,0.275,0.0
0.9,0,0.5417,0.67,0.3,1172,3909,H2O,1171,0.370833,0.0
0.9,0,0.5417,0.67,0.3,1172,3909,CAUSAL,1172,0.4,0.0
0.9,0,0.5417,0.67,0.3,1172,3909,ORACLE,1165,0.475,0.0
0.9,0,0.5417,0.67,0.4,1563,3909,RT,1559,0.366667,0.0
0.9,0,0.5417,0.67,0.4,1563,3909,H2O,1559,0.358333,0.0
0.9,0,0.5417,0.67,0.4,1563,3909,CAUSAL,1558,0.441667,0.0
0.9,0,0.5417,0.67,0.4,1563,3909,ORACLE,1562,0.691667,1.0
0.9,0,0.5417,0.67,0.5,1954,3909,RT,1952,0.3625,0.0
0.9,0,0.5417,0.67,0.5,1954,3909,H2O,1953,0.445833,0.0
0.9,0,0.5417,0.67,0.5,1954,3909,CAUSAL,1947,0.5125,0.0
0.9,0,0.5417,0.67,0.5,1954,3909,ORACLE,1949,0.929167,1.0
0.9,0,0.5417,0.67,0.6,2345,3909,RT,2341,0.454167,0.0
0.9,0,0.5417,0.67,0.6,2345,3909,H2O,2341,0.616667,0.0
0.9,0,0.5417,0.67,0.6,2345,3909,CAUSAL,2344,0.654167,0.0
0.9,0,0.5417,0.67,0.6,2345,3909,ORACLE,2344,0.958333,1.0
0.9,1,0.3506,0.6646,0.2,1022,5110,RT,1014,0.241667,0.0
0.9,1,0.3506,0.6646,0.2,1022,5110,H2O,1021,0.225,0.0
0.9,1,0.3506,0.6646,0.2,1022,5110,CAUSAL,1022,0.129167,0.0
0.9,1,0.3506,0.6646,0.2,1022,5110,ORACLE,1022,0.316667,0.0
0.9,1,0.3506,0.6646,0.3,1533,5110,RT,1533,0.3875,0.0
0.9,1,0.3506,0.6646,0.3,1533,5110,H2O,1527,0.45,0.0
0.9,1,0.3506,0.6646,0.3,1533,5110,CAUSAL,1530,0.195833,0.0
0.9,1,0.3506,0.6646,0.3,1533,5110,ORACLE,1532,0.391667,0.0
0.9,1,0.3506,0.6646,0.4,2044,5110,RT,2042,0.45,0.0
0.9,1,0.3506,0.6646,0.4,2044,5110,H2O,2029,0.495833,0.0
0.9,1,0.3506,0.6646,0.4,2044,5110,CAUSAL,2036,0.295833,0.0
0.9,1,0.3506,0.6646,0.4,2044,5110,ORACLE,2039,0.625,1.0
0.9,1,0.3506,0.6646,0.5,2555,5110,RT,2549,0.479167,0.0
0.9,1,0.3506,0.6646,0.5,2555,5110,H2O,2551,0.579167,0.0
0.9,1,0.3506,0.6646,0.5,2555,5110,CAUSAL,2547,0.420833,0.0
0.9,1,0.3506,0.6646,0.5,2555,5110,ORACLE,2548,0.895833,1.0
0.9,1,0.3506,0.6646,0.6,3066,5110,RT,3064,0.670833,0.0
0.9,1,0.3506,0.6646,0.6,3066,5110,H2O,3059,0.654167,0.0
0.9,1,0.3506,0.6646,0.6,3066,5110,CAUSAL,3061,0.525,0.0
0.9,1,0.3506,0.6646,0.6,3066,5110,ORACLE,3055,0.941667,1.0
0.9,2,0.6024,0.4753,0.2,889,4448,RT,884,0.220833,0.0
0.9,2,0.6024,0.4753,0.2,889,4448,H2O,887,0.366667,0.0
0.9,2,0.6024,0.4753,0.2,889,4448,CAUSAL,888,0.204167,0.0
0.9,2,0.6024,0.4753,0.2,889,4448,ORACLE,888,0.504167,1.0
0.9,2,0.6024,0.4753,0.3,1334,4448,RT,1333,0.345833,0.0
0.9,2,0.6024,0.4753,0.3,1334,4448,H2O,1327,0.4125,0.0
0.9,2,0.6024,0.4753,0.3,1334,4448,CAUSAL,1332,0.329167,0.0
0.9,2,0.6024,0.4753,0.3,1334,4448,ORACLE,1334,0.716667,1.0
0.9,2,0.6024,0.4753,0.4,1779,4448,RT,1776,0.4875,0.0
0.9,2,0.6024,0.4753,0.4,1779,4448,H2O,1772,0.5,0.0
0.9,2,0.6024,0.4753,0.4,1779,4448,CAUSAL,1776,0.416667,0.0
0.9,2,0.6024,0.4753,0.4,1779,4448,ORACLE,1778,0.766667,1.0
0.9,2,0.6024,0.4753,0.5,2224,4448,RT,2220,0.620833,0.0
0.9,2,0.6024,0.4753,0.5,2224,4448,H2O,2219,0.591667,0.0
0.9,2,0.6024,0.4753,0.5,2224,4448,CAUSAL,2218,0.604167,0.0
0.9,2,0.6024,0.4753,0.5,2224,4448,ORACLE,2219,0.8125,1.0
0.9,2,0.6024,0.4753,0.6,2668,4448,RT,2667,0.695833,0.0
0.9,2,0.6024,0.4753,0.6,2668,4448,H2O,2662,0.6625,0.0
0.9,2,0.6024,0.4753,0.6,2668,4448,CAUSAL,2668,0.770833,0.0
0.9,2,0.6024,0.4753,0.6,2668,4448,ORACLE,2664,0.85,1.0
0.9,3,0.5556,0.6374,0.2,774,3871,RT,772,0.479167,0.0
0.9,3,0.5556,0.6374,0.2,774,3871,H2O,768,0.4375,0.0
0.9,3,0.5556,0.6374,0.2,774,3871,CAUSAL,771,0.233333,0.0
0.9,3,0.5556,0.6374,0.2,774,3871,ORACLE,770,0.691667,1.0
0.9,3,0.5556,0.6374,0.3,1161,3871,RT,1160,0.545833,0.0
0.9,3,0.5556,0.6374,0.3,1161,3871,H2O,1161,0.545833,0.0
0.9,3,0.5556,0.6374,0.3,1161,3871,CAUSAL,1159,0.375,0.0
0.9,3,0.5556,0.6374,0.3,1161,3871,ORACLE,1160,0.766667,1.0
0.9,3,0.5556,0.6374,0.4,1548,3871,RT,1548,0.683333,0.0
0.9,3,0.5556,0.6374,0.4,1548,3871,H2O,1541,0.65,0.0
0.9,3,0.5556,0.6374,0.4,1548,3871,CAUSAL,1541,0.441667,0.0
0.9,3,0.5556,0.6374,0.4,1548,3871,ORACLE,1546,0.85,1.0
0.9,3,0.5556,0.6374,0.5,1935,3871,RT,1934,0.679167,0.0
0.9,3,0.5556,0.6374,0.5,1935,3871,H2O,1924,0.820833,0.0
0.9,3,0.5556,0.6374,0.5,1935,3871,CAUSAL,1935,0.6125,0.0
0.9,3,0.5556,0.6374,0.5,1935,3871,ORACLE,1929,0.9,1.0
0.9,3,0.5556,0.6374,0.6,2322,3871,RT,2314,0.758333,0.0
0.9,3,0.5556,0.6374,0.6,2322,3871,H2O,2318,0.858333,0.0
0.9,3,0.5556,0.6374,0.6,2322,3871,CAUSAL,2322,0.741667,0.0
0.9,3,0.5556,0.6374,0.6,2322,3871,ORACLE,2321,0.916667,1.0
0.9,4,0.4132,0.5881,0.2,1010,5052,RT,1005,0.204167,0.0
0.9,4,0.4132,0.5881,0.2,1010,5052,H2O,1009,0.2125,0.0
0.9,4,0.4132,0.5881,0.2,1010,5052,CAUSAL,1003,0.120833,0.0
0.9,4,0.4132,0.5881,0.2,1010,5052,ORACLE,1009,0.295833,0.0
0.9,4,0.4132,0.5881,0.3,1515,5052,RT,1515,0.179167,0.0
0.9,4,0.4132,0.5881,0.3,1515,5052,H2O,1514,0.279167,0.0
0.9,4,0.4132,0.5881,0.3,1515,5052,CAUSAL,1506,0.325,0.0
0.9,4,0.4132,0.5881,0.3,1515,5052,ORACLE,1514,0.470833,1.0
0.9,4,0.4132,0.5881,0.4,2020,5052,RT,2019,0.3375,0.0
0.9,4,0.4132,0.5881,0.4,2020,5052,H2O,2018,0.4625,0.0
0.9,4,0.4132,0.5881,0.4,2020,5052,CAUSAL,2018,0.391667,0.0
0.9,4,0.4132,0.5881,0.4,2020,5052,ORACLE,2013,0.875,1.0
0.9,4,0.4132,0.5881,0.5,2526,5052,RT,2526,0.404167,0.0
0.9,4,0.4132,0.5881,0.5,2526,5052,H2O,2523,0.466667,0.0
0.9,4,0.4132,0.5881,0.5,2526,5052,CAUSAL,2519,0.3875,0.0
0.9,4,0.4132,0.5881,0.5,2526,5052,ORACLE,2525,0.941667,1.0
0.9,4,0.4132,0.5881,0.6,3031,5052,RT,3027,0.516667,0.0
0.9,4,0.4132,0.5881,0.6,3031,5052,H2O,3024,0.583333,0.0
0.9,4,0.4132,0.5881,0.6,3031,5052,CAUSAL,3020,0.604167,0.0
0.9,4,0.4132,0.5881,0.6,3031,5052,ORACLE,3023,0.975,1.0
0.9,5,0.5694,0.7404,0.2,1046,5230,RT,1042,0.308333,0.0
0.9,5,0.5694,0.7404,0.2,1046,5230,H2O,1040,0.358333,0.0
0.9,5,0.5694,0.7404,0.2,1046,5230,CAUSAL,1044,0.2375,0.0
0.9,5,0.5694,0.7404,0.2,1046,5230,ORACLE,1042,0.491667,1.0
0.9,5,0.5694,0.7404,0.3,1569,5230,RT,1567,0.370833,0.0
0.9,5,0.5694,0.7404,0.3,1569,5230,H2O,1563,0.4,0.0
0.9,5,0.5694,0.7404,0.3,1569,5230,CAUSAL,1565,0.466667,0.0
0.9,5,0.5694,0.7404,0.3,1569,5230,ORACLE,1560,0.85,1.0
0.9,5,0.5694,0.7404,0.4,2092,5230,RT,2087,0.458333,0.0
0.9,5,0.5694,0.7404,0.4,2092,5230,H2O,2090,0.433333,0.0
0.9,5,0.5694,0.7404,0.4,2092,5230,CAUSAL,2083,0.654167,0.0
0.9,5,0.5694,0.7404,0.4,2092,5230,ORACLE,2090,0.925,1.0
0.9,5,0.5694,0.7404,0.5,2615,5230,RT,2615,0.504167,0.0
0.9,5,0.5694,0.7404,0.5,2615,5230,H2O,2605,0.533333,0.0
0.9,5,0.5694,0.7404,0.5,2615,5230,CAUSAL,2609,0.658333,0.0
0.9,5,0.5694,0.7404,0.5,2615,5230,ORACLE,2610,0.941667,1.0
0.9,5,0.5694,0.7404,0.6,3138,5230,RT,3133,0.641667,0.0
0.9,5,0.5694,0.7404,0.6,3138,5230,H2O,3128,0.625,0.0
0.9,5,0.5694,0.7404,0.6,3138,5230,CAUSAL,3131,0.804167,0.0
0.9,5,0.5694,0.7404,0.6,3138,5230,ORACLE,3095,0.970833,1.0
0.9,6,0.5096,0.4043,0.2,751,3757,RT,750,0.3,0.0
0.9,6,0.5096,0.4043,0.2,751,3757,H2O,749,0.404167,0.0
0.9,6,0.5096,0.4043,0.2,751,3757,CAUSAL,748,0.25,0.0
0.9,6,0.5096,0.4043,0.2,751,3757,ORACLE,744,0.420833,1.0
0.9,6,0.5096,0.4043,0.3,1127,3757,RT,1119,0.291667,0.0
0.9,6,0.5096,0.4043,0.3,1127,3757,H2O,1118,0.375,0.0
0.9,6,0.5096,0.4043,0.3,1127,3757,CAUSAL,1127,0.270833,0.0
0.9,6,0.5096,0.4043,0.3,1127,3757,ORACLE,1123,0.704167,1.0
0.9,6,0.5096,0.4043,0.4,1502,3757,RT,1498,0.395833,0.0
0.9,6,0.5096,0.4043,0.4,1502,3757,H2O,1502,0.4125,0.0
0.9,6,0.5096,0.4043,0.4,1502,3757,CAUSAL,1500,0.3875,0.0
0.9,6,0.5096,0.4043,0.4,1502,3757,ORACLE,1499,0.8,1.0
0.9,6,0.5096,0.4043,0.5,1878,3757,RT,1872,0.5625,0.0
0.9,6,0.5096,0.4043,0.5,1878,3757,H2O,1878,0.4625,0.0
0.9,6,0.5096,0.4043,0.5,1878,3757,CAUSAL,1874,0.5,0.0
0.9,6,0.5096,0.4043,0.5,1878,3757,ORACLE,1877,0.833333,1.0
0.9,6,0.5096,0.4043,0.6,2254,3757,RT,2252,0.579167,0.0
0.9,6,0.5096,0.4043,0.6,2254,3757,H2O,2250,0.625,0.0
0.9,6,0.5096,0.4043,0.6,2254,3757,CAUSAL,2250,0.579167,0.0
0.9,6,0.5096,0.4043,0.6,2254,3757,ORACLE,2251,0.908333,1.0
0.9,7,0.52,0.6187,0.2,961,4805,RT,961,0.183333,0.0
0.9,7,0.52,0.6187,0.2,961,4805,H2O,957,0.216667,0.0
0.9,7,0.52,0.6187,0.2,961,4805,CAUSAL,958,0.366667,0.0
0.9,7,0.52,0.6187,0.2,961,4805,ORACLE,960,0.25,0.0
0.9,7,0.52,0.6187,0.3,1441,4805,RT,1432,0.2875,0.0
0.9,7,0.52,0.6187,0.3,1441,4805,H2O,1437,0.470833,0.0
0.9,7,0.52,0.6187,0.3,1441,4805,CAUSAL,1438,0.420833,0.0
0.9,7,0.52,0.6187,0.3,1441,4805,ORACLE,1438,0.545833,1.0
0.9,7,0.52,0.6187,0.4,1922,4805,RT,1913,0.395833,0.0
0.9,7,0.52,0.6187,0.4,1922,4805,H2O,1918,0.3875,0.0
0.9,7,0.52,0.6187,0.4,1922,4805,CAUSAL,1915,0.454167,0.0
0.9,7,0.52,0.6187,0.4,1922,4805,ORACLE,1919,0.883333,1.0
0.9,7,0.52,0.6187,0.5,2402,4805,RT,2392,0.470833,0.0
0.9,7,0.52,0.6187,0.5,2402,4805,H2O,2400,0.475,0.0
0.9,7,0.52,0.6187,0.5,2402,4805,CAUSAL,2399,0.6375,0.0
0.9,7,0.52,0.6187,0.5,2402,4805,ORACLE,2396,0.9375,1.0
0.9,7,0.52,0.6187,0.6,2883,4805,RT,2882,0.625,0.0
0.9,7,0.52,0.6187,0.6,2883,4805,H2O,2880,0.529167,0.0
0.9,7,0.52,0.6187,0.6,2883,4805,CAUSAL,2882,0.716667,0.0
0.9,7,0.52,0.6187,0.6,2883,4805,ORACLE,2880,0.95,1.0
0.9,8,0.4653,0.7412,0.2,872,4364,RT,865,0.145833,0.0
0.9,8,0.4653,0.7412,0.2,872,4364,H2O,870,0.220833,0.0
0.9,8,0.4653,0.7412,0.2,872,4364,CAUSAL,868,0.345833,0.0
0.9,8,0.4653,0.7412,0.2,872,4364,ORACLE,871,0.375,1.0
0.9,8,0.4653,0.7412,0.3,1309,4364,RT,1309,0.254167,0.0
0.9,8,0.4653,0.7412,0.3,1309,4364,H2O,1308,0.320833,0.0
0.9,8,0.4653,0.7412,0.3,1309,4364,CAUSAL,1304,0.391667,0.0
0.9,8,0.4653,0.7412,0.3,1309,4364,ORACLE,1308,0.716667,1.0
0.9,8,0.4653,0.7412,0.4,1745,4364,RT,1745,0.416667,0.0
0.9,8,0.4653,0.7412,0.4,1745,4364,H2O,1744,0.475,0.0
0.9,8,0.4653,0.7412,0.4,1745,4364,CAUSAL,1745,0.5,0.0
0.9,8,0.4653,0.7412,0.4,1745,4364,ORACLE,1745,0.85,1.0
0.9,8,0.4653,0.7412,0.5,2182,4364,RT,2178,0.5625,0.0
0.9,8,0.4653,0.7412,0.5,2182,4364,H2O,2175,0.529167,0.0
0.9,8,0.4653,0.7412,0.5,2182,4364,CAUSAL,2180,0.616667,0.0
0.9,8,0.4653,0.7412,0.5,2182,4364,ORACLE,2181,0.841667,1.0
0.9,8,0.4653,0.7412,0.6,2618,4364,RT,2617,0.716667,0.0
0.9,8,0.4653,0.7412,0.6,2618,4364,H2O,2610,0.6375,0.0
0.9,8,0.4653,0.7412,0.6,2618,4364,CAUSAL,2611,0.766667,0.0
0.9,8,0.4653,0.7412,0.6,2618,4364,ORACLE,2613,0.9125,1.0
0.9,9,0.6514,0.7603,0.2,885,4425,RT,882,0.225,0.0
0.9,9,0.6514,0.7603,0.2,885,4425,H2O,882,0.233333,0.0
0.9,9,0.6514,0.7603,0.2,885,4425,CAUSAL,880,0.254167,0.0
0.9,9,0.6514,0.7603,0.2,885,4425,ORACLE,884,0.404167,0.0
0.9,9,0.6514,0.7603,0.3,1327,4425,RT,1323,0.308333,0.0
0.9,9,0.6514,0.7603,0.3,1327,4425,H2O,1326,0.329167,0.0
0.9,9,0.6514,0.7603,0.3,1327,4425,CAUSAL,1326,0.3125,0.0
0.9,9,0.6514,0.7603,0.3,1327,4425,ORACLE,1322,0.516667,1.0
0.9,9,0.6514,0.7603,0.4,1770,4425,RT,1766,0.408333,0.0
0.9,9,0.6514,0.7603,0.4,1770,4425,H2O,1769,0.370833,0.0
0.9,9,0.6514,0.7603,0.4,1770,4425,CAUSAL,1762,0.55,0.0
0.9,9,0.6514,0.7603,0.4,1770,4425,ORACLE,1770,0.708333,1.0
0.9,9,0.6514,0.7603,0.5,2212,4425,RT,2212,0.483333,0.0
0.9,9,0.6514,0.7603,0.5,2212,4425,H2O,2210,0.491667,0.0
0.9,9,0.6514,0.7603,0.5,2212,4425,CAUSAL,2211,0.65,0.0
0.9,9,0.6514,0.7603,0.5,2212,4425,ORACLE,2210,0.754167,1.0
0.9,9,0.6514,0.7603,0.6,2655,4425,RT,2650,0.533333,0.0
0.9,9,0.6514,0.7603,0.6,2655,4425,H2O,2650,0.670833,0.0
0.9,9,0.6514,0.7603,0.6,2655,4425,CAUSAL,2652,0.725,0.0
0.9,9,0.6514,0.7603,0.6,2655,4425,ORACLE,2647,0.816667,1.0
0.9,10,0.5481,0.616,0.2,1152,5762,RT,1146,0.229167,0.0
0.9,10,0.5481,0.616,0.2,1152,5762,H2O,1149,0.208333,0.0
0.9,10,0.5481,0.616,0.2,1152,5762,CAUSAL,1151,0.229167,0.0
0.9,10,0.5481,0.616,0.2,1152,5762,ORACLE,1148,0.375,0.0
0.9,10,0.5481,0.616,0.3,1728,5762,RT,1725,0.266667,0.0
0.9,10,0.5481,0.616,0.3,1728,5762,H2O,1727,0.308333,0.0
0.9,10,0.5481,0.616,0.3,1728,5762,CAUSAL,1725,0.316667,0.0
0.9,10,0.5481,0.616,0.3,1728,5762,ORACLE,1727,0.691667,1.0
0.9,10,0.5481,0.616,0.4,2304,5762,RT,2299,0.325,0.0
0.9,10,0.5481,0.616,0.4,2304,5762,H2O,2304,0.358333,0.0
0.9,10,0.5481,0.616,0.4,2304,5762,CAUSAL,2300,0.354167,0.0
0.9,10,0.5481,0.616,0.4,2304,5762,ORACLE,2301,0.783333,1.0
0.9,10,0.5481,0.616,0.5,2881,5762,RT,2878,0.475,0.0
0.9,10,0.5481,0.616,0.5,2881,5762,H2O,2875,0.395833,0.0
0.9,10,0.5481,0.616,0.5,2881,5762,CAUSAL,2879,0.433333,0.0
0.9,10,0.5481,0.616,0.5,2881,5762,ORACLE,2880,0.825,1.0
0.9,10,0.5481,0.616,0.6,3457,5762,RT,3455,0.5125,0.0
0.9,10,0.5481,0.616,0.6,3457,5762,H2O,3456,0.516667,0.0
0.9,10,0.5481,0.616,0.6,3457,5762,CAUSAL,3451,0.545833,0.0
0.9,10,0.5481,0.616,0.6,3457,5762,ORACLE,3456,0.845833,1.0
0.9,11,0.4567,0.6536,0.2,879,4395,RT,876,0.304167,0.0
0.9,11,0.4567,0.6536,0.2,879,4395,H2O,879,0.354167,0.0
0.9,11,0.4567,0.6536,0.2,879,4395,CAUSAL,872,0.15,0.0
0.9,11,0.4567,0.6536,0.2,879,4395,ORACLE,878,0.2875,0.0
0.9,11,0.4567,0.6536,0.3,1318,4395,RT,1311,0.408333,0.0
0.9,11,0.4567,0.6536,0.3,1318,4395,H2O,1310,0.4,0.0
0.9,11,0.4567,0.6536,0.3,1318,4395,CAUSAL,1318,0.25,0.0
0.9,11,0.4567,0.6536,0.3,1318,4395,ORACLE,1318,0.5375,1.0
0.9,11,0.4567,0.6536,0.4,1758,4395,RT,1752,0.479167,0.0
0.9,11,0.4567,0.6536,0.4,1758,4395,H2O,1752,0.491667,0.0
0.9,11,0.4567,0.6536,0.4,1758,4395,CAUSAL,1755,0.304167,0.0
0.9,11,0.4567,0.6536,0.4,1758,4395,ORACLE,1751,0.833333,1.0
0.9,11,0.4567,0.6536,0.5,2197,4395,RT,2189,0.566667,0.0
0.9,11,0.4567,0.6536,0.5,2197,4395,H2O,2192,0.516667,0.0
0.9,11,0.4567,0.6536,0.5,2197,4395,CAUSAL,2189,0.5,0.0
0.9,11,0.4567,0.6536,0.5,2197,4395,ORACLE,2189,0.895833,1.0
0.9,11,0.4567,0.6536,0.6,2637,4395,RT,2637,0.633333,0.0
0.9,11,0.4567,0.6536,0.6,2637,4395,H2O,2636,0.604167,0.0
0.9,11,0.4567,0.6536,0.6,2637,4395,CAUSAL,2637,0.733333,0.0
0.9,11,0.4567,0.6536,0.6,2637,4395,ORACLE,2608,0.958333,1.0
0.9,12,0.4832,0.5601,0.2,871,4357,RT,870,0.208333,0.0
0.9,12,0.4832,0.5601,0.2,871,4357,H2O,865,0.304167,0.0
0.9,12,0.4832,0.5601,0.2,871,4357,CAUSAL,869,0.270833,0.0
0.9,12,0.4832,0.5601,0.2,871,4357,ORACLE,871,0.370833,0.0
0.9,12,0.4832,0.5601,0.3,1307,4357,RT,1304,0.270833,0.0
0.9,12,0.4832,0.5601,0.3,1307,4357,H2O,1304,0.433333,0.0
0.9,12,0.4832,0.5601,0.3,1307,4357,CAUSAL,1305,0.2875,0.0
0.9,12,0.4832,0.5601,0.3,1307,4357,ORACLE,1305,0.725,1.0
0.9,12,0.4832,0.5601,0.4,1742,4357,RT,1739,0.345833,0.0
0.9,12,0.4832,0.5601,0.4,1742,4357,H2O,1736,0.4625,0.0
0.9,12,0.4832,0.5601,0.4,1742,4357,CAUSAL,1734,0.416667,0.0
0.9,12,0.4832,0.5601,0.4,1742,4357,ORACLE,1737,0.841667,1.0
0.9,12,0.4832,0.5601,0.5,2178,4357,RT,2172,0.6,0.0
0.9,12,0.4832,0.5601,0.5,2178,4357,H2O,2176,0.570833,0.0
0.9,12,0.4832,0.5601,0.5,2178,4357,CAUSAL,2170,0.4625,0.0
0.9,12,0.4832,0.5601,0.5,2178,4357,ORACLE,2173,0.920833,1.0
0.9,12,0.4832,0.5601,0.6,2614,4357,RT,2606,0.675,0.0
0.9,12,0.4832,0.5601,0.6,2614,4357,H2O,2611,0.6125,0.0
0.9,12,0.4832,0.5601,0.6,2614,4357,CAUSAL,2610,0.483333,0.0
0.9,12,0.4832,0.5601,0.6,2614,4357,ORACLE,2609,0.916667,1.0
0.9,13,0.4688,0.5972,0.2,1047,5239,RT,1047,0.204167,0.0
0.9,13,0.4688,0.5972,0.2,1047,5239,H2O,1043,0.245833,0.0
0.9,13,0.4688,0.5972,0.2,1047,5239,CAUSAL,1046,0.283333,0.0
0.9,13,0.4688,0.5972,0.2,1047,5239,ORACLE,1043,0.416667,0.0
0.9,13,0.4688,0.5972,0.3,1571,5239,RT,1571,0.3,0.0
0.9,13,0.4688,0.5972,0.3,1571,5239,H2O,1568,0.333333,0.0
0.9,13,0.4688,0.5972,0.3,1571,5239,CAUSAL,1564,0.416667,0.0
0.9,13,0.4688,0.5972,0.3,1571,5239,ORACLE,1569,0.620833,1.0
0.9,13,0.4688,0.5972,0.4,2095,5239,RT,2094,0.3625,0.0
0.9,13,0.4688,0.5972,0.4,2095,5239,H2O,2087,0.383333,0.0
0.9,13,0.4688,0.5972,0.4,2095,5239,CAUSAL,2094,0.45,0.0
0.9,13,0.4688,0.5972,0.4,2095,5239,ORACLE,2092,0.758333,1.0
0.9,13,0.4688,0.5972,0.5,2619,5239,RT,2619,0.5125,0.0
0.9,13,0.4688,0.5972,0.5,2619,5239,H2O,2609,0.55,0.0
0.9,13,0.4688,0.5972,0.5,2619,5239,CAUSAL,2607,0.645833,0.0
0.9,13,0.4688,0.5972,0.5,2619,5239,ORACLE,2611,0.85,1.0
0.9,13,0.4688,0.5972,0.6,3143,5239,RT,3134,0.583333,0.0
0.9,13,0.4688,0.5972,0.6,3143,5239,H2O,3136,0.604167,0.0
0.9,13,0.4688,0.5972,0.6,3143,5239,CAUSAL,3142,0.695833,0.0
0.9,13,0.4688,0.5972,0.6,3143,5239,ORACLE,3130,0.895833,1.0
0.9,14,0.598,0.4731,0.2,860,4303,RT,855,0.225,0.0
0.9,14,0.598,0.4731,0.2,860,4303,H2O,856,0.295833,0.0
0.9,14,0.598,0.4731,0.2,860,4303,CAUSAL,859,0.320833,0.0
0.9,14,0.598,0.4731,0.2,860,4303,ORACLE,860,0.270833,0.0
0.9,14,0.598,0.4731,0.3,1290,4303,RT,1284,0.408333,0.0
0.9,14,0.598,0.4731,0.3,1290,4303,H2O,1287,0.416667,0.0
0.9,14,0.598,0.4731,0.3,1290,4303,CAUSAL,1284,0.354167,0.0
0.9,14,0.598,0.4731,0.3,1290,4303,ORACLE,1287,0.408333,0.0
0.9,14,0.598,0.4731,0.4,1721,4303,RT,1719,0.466667,0.0
0.9,14,0.598,0.4731,0.4,1721,4303,H2O,1721,0.495833,0.0
0.9,14,0.598,0.4731,0.4,1721,4303,CAUSAL,1716,0.475,0.0
0.9,14,0.598,0.4731,0.4,1721,4303,ORACLE,1717,0.758333,1.0
0.9,14,0.598,0.4731,0.5,2151,4303,RT,2146,0.604167,0.0
0.9,14,0.598,0.4731,0.5,2151,4303,H2O,2148,0.5875,0.0
0.9,14,0.598,0.4731,0.5,2151,4303,CAUSAL,2151,0.65,0.0
0.9,14,0.598,0.4731,0.5,2151,4303,ORACLE,2148,0.875,1.0
0.9,14,0.598,0.4731,0.6,2581,4303,RT,2580,0.729167,0.0
0.9,14,0.598,0.4731,0.6,2581,4303,H2O,2581,0.754167,0.0
0.9,14,0.598,0.4731,0.6,2581,4303,CAUSAL,2572,0.6875,0.0
0.9,14,0.598,0.4731,0.6,2581,4303,ORACLE,2571,0.891667,1.0
0.9,15,0.3309,0.5663,0.2,1103,5516,RT,1103,0.2625,0.0
0.9,15,0.3309,0.5663,0.2,1103,5516,H2O,1102,0.3625,0.0
0.9,15,0.3309,0.5663,0.2,1103,5516,CAUSAL,1097,0.204167,0.0
0.9,15,0.3309,0.5663,0.2,1103,5516,ORACLE,1103,0.354167,0.0
0.9,15,0.3309,0.5663,0.3,1654,5516,RT,1653,0.3375,0.0
0.9,15,0.3309,0.5663,0.3,1654,5516,H2O,1651,0.358333,0.0
0.9,15,0.3309,0.5663,0.3,1654,5516,CAUSAL,1654,0.3375,0.0
0.9,15,0.3309,0.5663,0.3,1654,5516,ORACLE,1654,0.5625,1.0
0.9,15,0.3309,0.5663,0.4,2206,5516,RT,2203,0.408333,0.0
0.9,15,0.3309,0.5663,0.4,2206,5516,H2O,2206,0.470833,0.0
0.9,15,0.3309,0.5663,0.4,2206,5516,CAUSAL,2200,0.408333,0.0
0.9,15,0.3309,0.5663,0.4,2206,5516,ORACLE,2204,0.7875,1.0
0.9,15,0.3309,0.5663,0.5,2758,5516,RT,2753,0.608333,0.0
0.9,15,0.3309,0.5663,0.5,2758,5516,H2O,2753,0.554167,0.0
0.9,15,0.3309,0.5663,0.5,2758,5516,CAUSAL,2754,0.583333,0.0
0.9,15,0.3309,0.5663,0.5,2758,5516,ORACLE,2758,0.833333,1.0
0.9,15,0.3309,0.5663,0.6,3309,5516,RT,3304,0.695833,0.0
0.9,15,0.3309,0.5663,0.6,3309,5516,H2O,3309,0.679167,0.0
0.9,15,0.3309,0.5663,0.6,3309,5516,CAUSAL,3305,0.645833,0.0
0.9,15,0.3309,0.5663,0.6,3309,5516,ORACLE,3309,0.891667,1.0
0.9,16,0.374,0.488,0.2,985,4925,RT,985,0.354167,0.0
0.9,16,0.374,0.488,0.2,985,4925,H2O,982,0.391667,0.0
0.9,16,0.374,0.488,0.2,985,4925,CAUSAL,985,0.320833,0.0
0.9,16,0.374,0.488,0.2,985,4925,ORACLE,983,0.575,1.0
0.9,16,0.374,0.488,0.3,1477,4925,RT,1475,0.395833,0.0
0.9,16,0.374,0.488,0.3,1477,4925,H2O,1472,0.433333,0.0
0.9,16,0.374,0.488,0.3,1477,4925,CAUSAL,1477,0.35,0.0
0.9,16,0.374,0.488,0.3,1477,4925,ORACLE,1473,0.8375,1.0
0.9,16,0.374,0.488,0.4,1970,4925,RT,1970,0.5125,0.0
0.9,16,0.374,0.488,0.4,1970,4925,H2O,1970,0.579167,0.0
0.9,16,0.374,0.488,0.4,1970,4925,CAUSAL,1970,0.408333,0.0
0.9,16,0.374,0.488,0.4,1970,4925,ORACLE,1964,0.8625,1.0
0.9,16,0.374,0.488,0.5,2462,4925,RT,2461,0.654167,0.0
0.9,16,0.374,0.488,0.5,2462,4925,H2O,2461,0.604167,0.0
0.9,16,0.374,0.488,0.5,2462,4925,CAUSAL,2462,0.545833,0.0
0.9,16,0.374,0.488,0.5,2462,4925,ORACLE,2457,0.920833,1.0
0.9,16,0.374,0.488,0.6,2955,4925,RT,2952,0.691667,0.0
0.9,16,0.374,0.488,0.6,2955,4925,H2O,2941,0.716667,0.0
0.9,16,0.374,0.488,0.6,2955,4925,CAUSAL,2950,0.695833,0.0
0.9,16,0.374,0.488,0.6,2955,4925,ORACLE,2946,0.945833,1.0
0.9,17,0.6927,0.6048,0.2,822,4111,RT,819,0.195833,0.0
0.9,17,0.6927,0.6048,0.2,822,4111,H2O,821,0.295833,0.0
0.9,17,0.6927,0.6048,0.2,822,4111,CAUSAL,821,0.258333,0.0
0.9,17,0.6927,0.6048,0.2,822,4111,ORACLE,815,0.3375,0.0
0.9,17,0.6927,0.6048,0.3,1233,4111,RT,1226,0.233333,0.0
0.9,17,0.6927,0.6048,0.3,1233,4111,H2O,1226,0.35,0.0
0.9,17,0.6927,0.6048,0.3,1233,4111,CAUSAL,1230,0.445833,0.0
0.9,17,0.6927,0.6048,0.3,1233,4111,ORACLE,1233,0.4375,0.0
0.9,17,0.6927,0.6048,0.4,1644,4111,RT,1643,0.345833,0.0
0.9,17,0.6927,0.6048,0.4,1644,4111,H2O,1644,0.445833,0.0
0.9,17,0.6927,0.6048,0.4,1644,4111,CAUSAL,1637,0.508333,0.0
0.9,17,0.6927,0.6048,0.4,1644,4111,ORACLE,1641,0.633333,1.0
0.9,17,0.6927,0.6048,0.5,2055,4111,RT,2051,0.441667,0.0
0.9,17,0.6927,0.6048,0.5,2055,4111,H2O,2054,0.5125,0.0
0.9,17,0.6927,0.6048,0.5,2055,4111,CAUSAL,2047,0.579167,0.0
0.9,17,0.6927,0.6048,0.5,2055,4111,ORACLE,2047,0.783333,1.0
0.9,17,0.6927,0.6048,0.6,2466,4111,RT,2464,0.508333,0.0
0.9,17,0.6927,0.6048,0.6,2466,4111,H2O,2461,0.666667,0.0
0.9,17,0.6927,0.6048,0.6,2466,4111,CAUSAL,2460,0.6875,0.0
0.9,17,0.6927,0.6048,0.6,2466,4111,ORACLE,2465,0.883333,1.0
0.9,18,0.599,0.6209,0.2,938,4693,RT,938,0.120833,0.0
0.9,18,0.599,0.6209,0.2,938,4693,H2O,935,0.266667,0.0
0.9,18,0.599,0.6209,0.2,938,4693,CAUSAL,936,0.316667,0.0
0.9,18,0.599,0.6209,0.2,938,4693,ORACLE,935,0.4,0.0
0.9,18,0.599,0.6209,0.3,1407,4693,RT,1406,0.254167,0.0
0.9,18,0.599,0.6209,0.3,1407,4693,H2O,1407,0.354167,0.0
0.9,18,0.599,0.6209,0.3,1407,4693,CAUSAL,1406,0.404167,0.0
0.9,18,0.599,0.6209,0.3,1407,4693,ORACLE,1407,0.441667,0.0
0.9,18,0.599,0.6209,0.4,1877,4693,RT,1876,0.45,0.0
0.9,18,0.599,0.6209,0.4,1877,4693,H2O,1874,0.3875,0.0
0.9,18,0.599,0.6209,0.4,1877,4693,CAUSAL,1871,0.495833,0.0
0.9,18,0.599,0.6209,0.4,1877,4693,ORACLE,1874,0.766667,1.0
0.9,18,0.599,0.6209,0.5,2346,4693,RT,2342,0.479167,0.0
0.9,18,0.599,0.6209,0.5,2346,4693,H2O,2346,0.541667,0.0
0.9,18,0.599,0.6209,0.5,2346,4693,CAUSAL,2345,0.595833,0.0
0.9,18,0.599,0.6209,0.5,2346,4693,ORACLE,2344,0.879167,1.0
0.9,18,0.599,0.6209,0.6,2815,4693,RT,2811,0.55,0.0
0.9,18,0.599,0.6209,0.6,2815,4693,H2O,2813,0.629167,0.0
0.9,18,0.599,0.6209,0.6,2815,4693,CAUSAL,2814,0.733333,0.0
0.9,18,0.599,0.6209,0.6,2815,4693,ORACLE,2814,0.933333,1.0
0.9,19,0.4183,0.5908,0.2,1084,5423,RT,1084,0.2625,0.0
0.9,19,0.4183,0.5908,0.2,1084,5423,H2O,1079,0.283333,0.0
0.9,19,0.4183,0.5908,0.2,1084,5423,CAUSAL,1083,0.2375,0.0
0.9,19,0.4183,0.5908,0.2,1084,5423,ORACLE,1079,0.295833,0.0
0.9,19,0.4183,0.5908,0.3,1626,5423,RT,1624,0.358333,0.0
0.9,19,0.4183,0.5908,0.3,1626,5423,H2O,1624,0.404167,0.0
0.9,19,0.4183,0.5908,0.3,1626,5423,CAUSAL,1618,0.254167,0.0
0.9,19,0.4183,0.5908,0.3,1626,5423,ORACLE,1625,0.445833,0.0
0.9,19,0.4183,0.5908,0.4,2169,5423,RT,2160,0.4625,0.0
0.9,19,0.4183,0.5908,0.4,2169,5423,H2O,2168,0.479167,0.0
0.9,19,0.4183,0.5908,0.4,2169,5423,CAUSAL,2160,0.370833,0.0
0.9,19,0.4183,0.5908,0.4,2169,5423,ORACLE,2161,0.658333,1.0
0.9,19,0.4183,0.5908,0.5,2711,5423,RT,2702,0.533333,0.0
0.9,19,0.4183,0.5908,0.5,2711,5423,H2O,2705,0.575,0.0
0.9,19,0.4183,0.5908,0.5,2711,5423,CAUSAL,2711,0.5125,0.0
0.9,19,0.4183,0.5908,0.5,2711,5423,ORACLE,2701,0.816667,1.0
0.9,19,0.4183,0.5908,0.6,3253,5423,RT,3245,0.7125,0.0
0.9,19,0.4183,0.5908,0.6,3253,5423,H2O,3251,0.725,0.0
0.9,19,0.4183,0.5908,0.6,3253,5423,CAUSAL,3252,0.570833,0.0
0.9,19,0.4183,0.5908,0.6,3253,5423,ORACLE,3241,0.845833,1.0
0.9,20,0.4205,0.8061,0.2,1089,5447,RT,1087,0.2375,0.0
0.9,20,0.4205,0.8061,0.2,1089,5447,H2O,1083,0.266667,0.0
0.9,20,0.4205,0.8061,0.2,1089,5447,CAUSAL,1087,0.375,0.0
0.9,20,0.4205,0.8061,0.2,1089,5447,ORACLE,1086,0.45,0.0
0.9,20,0.4205,0.8061,0.3,1634,5447,RT,1631,0.4125,0.0
0.9,20,0.4205,0.8061,0.3,1634,5447,H2O,1632,0.316667,0.0
0.9,20,0.4205,0.8061,0.3,1634,5447,CAUSAL,1633,0.420833,0.0
0.9,20,0.4205,0.8061,0.3,1634,5447,ORACLE,1630,0.745833,1.0
0.9,20,0.4205,0.8061,0.4,2178,5447,RT,2178,0.5,0.0
0.9,20,0.4205,0.8061,0.4,2178,5447,H2O,2170,0.425,0.0
0.9,20,0.4205,0.8061,0.4,2178,5447,CAUSAL,2172,0.4625,0.0
0.9,20,0.4205,0.8061,0.4,2178,5447,ORACLE,2175,0.820833,1.0
0.9,20,0.4205,0.8061,0.5,2723,5447,RT,2723,0.570833,0.0
0.9,20,0.4205,0.8061,0.5,2723,5447,H2O,2713,0.604167,0.0
0.9,20,0.4205,0.8061,0.5,2723,5447,CAUSAL,2716,0.5625,0.0
0.9,20,0.4205,0.8061,0.5,2723,5447,ORACLE,2717,0.8875,1.0
0.9,20,0.4205,0.8061,0.6,3268,5447,RT,3265,0.670833,0.0
0.9,20,0.4205,0.8061,0.6,3268,5447,H2O,3268,0.7625,0.0
0.9,20,0.4205,0.8061,0.6,3268,5447,CAUSAL,3264,0.575,0.0
0.9,20,0.4205,0.8061,0.6,3268,5447,ORACLE,3263,0.954167,1.0
0.9,21,0.354,0.338,0.2,912,4562,RT,909,0.283333,0.0
0.9,21,0.354,0.338,0.2,912,4562,H2O,905,0.283333,0.0
0.9,21,0.354,0.338,0.2,912,4562,CAUSAL,909,0.229167,0.0
0.9,21,0.354,0.338,0.2,912,4562,ORACLE,909,0.2875,0.0
0.9,21,0.354,0.338,0.3,1368,4562,RT,1367,0.358333,0.0
0.9,21,0.354,0.338,0.3,1368,4562,H2O,1366,0.420833,0.0
0.9,21,0.354,0.338,0.3,1368,4562,CAUSAL,1364,0.3875,0.0
0.9,21,0.354,0.338,0.3,1368,4562,ORACLE,1363,0.475,1.0
0.9,21,0.354,0.338,0.4,1824,4562,RT,1818,0.533333,0.0
0.9,21,0.354,0.338,0.4,1824,4562,H2O,1823,0.529167,0.0
0.9,21,0.354,0.338,0.4,1824,4562,CAUSAL,1817,0.3625,0.0
0.9,21,0.354,0.338,0.4,1824,4562,ORACLE,1823,0.9,1.0
0.9,21,0.354,0.338,0.5,2281,4562,RT,2277,0.691667,0.0
0.9,21,0.354,0.338,0.5,2281,4562,H2O,2281,0.6625,0.0
0.9,21,0.354,0.338,0.5,2281,4562,CAUSAL,2278,0.441667,0.0
0.9,21,0.354,0.338,0.5,2281,4562,ORACLE,2281,0.945833,1.0
0.9,21,0.354,0.338,0.6,2737,4562,RT,2731,0.741667,0.0
0.9,21,0.354,0.338,0.6,2737,4562,H2O,2730,0.791667,0.0
0.9,21,0.354,0.338,0.6,2737,4562,CAUSAL,2732,0.558333,0.0
0.9,21,0.354,0.338,0.6,2737,4562,ORACLE,2734,0.966667,1.0
0.9,22,0.7493,0.7625,0.2,854,4272,RT,854,0.191667,0.0
0.9,22,0.7493,0.7625,0.2,854,4272,H2O,847,0.1875,0.0
0.9,22,0.7493,0.7625,0.2,854,4272,CAUSAL,848,0.220833,0.0
0.9,22,0.7493,0.7625,0.2,854,4272,ORACLE,852,0.366667,0.0
0.9,22,0.7493,0.7625,0.3,1281,4272,RT,1277,0.270833,0.0
0.9,22,0.7493,0.7625,0.3,1281,4272,H2O,1274,0.283333,0.0
0.9,22,0.7493,0.7625,0.3,1281,4272,CAUSAL,1276,0.3125,0.0
0.9,22,0.7493,0.7625,0.3,1281,4272,ORACLE,1276,0.533333,1.0
0.9,22,0.7493,0.7625,0.4,1708,4272,RT,1708,0.3375,0.0
0.9,22,0.7493,0.7625,0.4,1708,4272,H2O,1707,0.345833,0.0
0.9,22,0.7493,0.7625,0.4,1708,4272,CAUSAL,1701,0.470833,0.0
0.9,22,0.7493,0.7625,0.4,1708,4272,ORACLE,1706,0.7875,1.0
0.9,22,0.7493,0.7625,0.5,2136,4272,RT,2135,0.4125,0.0
0.9,22,0.7493,0.7625,0.5,2136,4272,H2O,2132,0.454167,0.0
0.9,22,0.7493,0.7625,0.5,2136,4272,CAUSAL,2134,0.525,0.0
0.9,22,0.7493,0.7625,0.5,2136,4272,ORACLE,2136,0.820833,1.0
0.9,22,0.7493,0.7625,0.6,2563,4272,RT,2562,0.504167,0.0
0.9,22,0.7493,0.7625,0.6,2563,4272,H2O,2563,0.579167,0.0
0.9,22,0.7493,0.7625,0.6,2563,4272,CAUSAL,2561,0.7125,0.0
0.9,22,0.7493,0.7625,0.6,2563,4272,ORACLE,2563,0.870833,1.0
0.9,23,0.5347,0.5144,0.2,1031,5159,RT,1031,0.258333,0.0
0.9,23,0.5347,0.5144,0.2,1031,5159,H2O,1027,0.333333,0.0
0.9,23,0.5347,0.5144,0.2,1031,5159,CAUSAL,1027,0.25,0.0
0.9,23,0.5347,0.5144,0.2,1031,5159,ORACLE,1030,0.395833,1.0
0.9,23,0.5347,0.5144,0.3,1547,5159,RT,1544,0.379167,0.0
0.9,23,0.5347,0.5144,0.3,1547,5159,H2O,1546,0.3625,0.0
0.9,23,0.5347,0.5144,0.3,1547,5159,CAUSAL,1546,0.2875,0.0
0.9,23,0.5347,0.5144,0.3,1547,5159,ORACLE,1546,0.779167,1.0
0.9,23,0.5347,0.5144,0.4,2063,5159,RT,2063,0.391667,0.0
0.9,23,0.5347,0.5144,0.4,2063,5159,H2O,2056,0.45,0.0
0.9,23,0.5347,0.5144,0.4,2063,5159,CAUSAL,2063,0.4625,0.0
0.9,23,0.5347,0.5144,0.4,2063,5159,ORACLE,2057,0.866667,1.0
0.9,23,0.5347,0.5144,0.5,2579,5159,RT,2575,0.516667,0.0
0.9,23,0.5347,0.5144,0.5,2579,5159,H2O,2575,0.55,0.0
0.9,23,0.5347,0.5144,0.5,2579,5159,CAUSAL,2577,0.591667,0.0
0.9,23,0.5347,0.5144,0.5,2579,5159,ORACLE,2573,0.895833,1.0
0.9,23,0.5347,0.5144,0.6,3095,5159,RT,3078,0.704167,0.0
0.9,23,0.5347,0.5144,0.6,3095,5159,H2O,3092,0.6625,0.0
0.9,23,0.5347,0.5144,0.6,3095,5159,CAUSAL,3094,0.679167,0.0
0.9,23,0.5347,0.5144,0.6,3095,5159,ORACLE,3091,0.916667,1.0
0.9,24,0.4809,0.4599,0.2,999,4999,RT,994,0.320833,0.0
0.9,24,0.4809,0.4599,0.2,999,4999,H2O,994,0.266667,0.0
0.9,24,0.4809,0.4599,0.2,999,4999,CAUSAL,996,0.3125,0.0
0.9,24,0.4809,0.4599,0.2,999,4999,ORACLE,999,0.358333,1.0
0.9,24,0.4809,0.4599,0.3,1499,4999,RT,1492,0.395833,0.0
0.9,24,0.4809,0.4599,0.3,1499,4999,H2O,1496,0.458333,0.0
0.9,24,0.4809,0.4599,0.3,1499,4999,CAUSAL,1494,0.366667,0.0
0.9,24,0.4809,0.4599,0.3,1499,4999,ORACLE,1499,0.754167,1.0
0.9,24,0.4809,0.4599,0.4,1999,4999,RT,1996,0.55,0.0
0.9,24,0.4809,0.4599,0.4,1999,4999,H2O,1998,0.479167,0.0
0.9,24,0.4809,0.4599,0.4,1999,4999,CAUSAL,1983,0.475,0.0
0.9,24,0.4809,0.4599,0.4,1999,4999,ORACLE,1995,0.816667,1.0
0.9,24,0.4809,0.4599,0.5,2499,4999,RT,2494,0.575,0.0
0.9,24,0.4809,0.4599,0.5,2499,4999,H2O,2499,0.541667,0.0
0.9,24,0.4809,0.4599,0.5,2499,4999,CAUSAL,2493,0.55,0.0
0.9,24,0.4809,0.4599,0.5,2499,4999,ORACLE,2499,0.883333,1.0
0.9,24,0.4809,0.4599,0.6,2999,4999,RT,2989,0.625,0.0
0.9,24,0.4809,0.4599,0.6,2999,4999,H2O,2999,0.6875,0.0
0.9,24,0.4809,0.4599,0.6,2999,4999,CAUSAL,2994,0.666667,0.0
0.9,24,0.4809,0.4599,0.6,2999,4999,ORACLE,2994,0.925,1.0
0.9,25,0.5213,0.717,0.2,945,4726,RT,938,0.508333,0.0
0.9,25,0.5213,0.717,0.2,945,4726,H2O,945,0.458333,0.0
0.9,25,0.5213,0.717,0.2,945,4726,CAUSAL,942,0.108333,0.0
0.9,25,0.5213,0.717,0.2,945,4726,ORACLE,944,0.454167,0.0
0.9,25,0.5213,0.717,0.3,1417,4726,RT,1417,0.5125,0.0
0.9,25,0.5213,0.717,0.3,1417,4726,H2O,1412,0.5,0.0
0.9,25,0.5213,0.717,0.3,1417,4726,CAUSAL,1410,0.279167,0.0
0.9,25,0.5213,0.717,0.3,1417,4726,ORACLE,1410,0.720833,1.0
0.9,25,0.5213,0.717,0.4,1890,4726,RT,1889,0.579167,0.0
0.9,25,0.5213,0.717,0.4,1890,4726,H2O,1890,0.583333,0.0
0.9,25,0.5213,0.717,0.4,1890,4726,CAUSAL,1886,0.316667,0.0
0.9,25,0.5213,0.717,0.4,1890,4726,ORACLE,1880,0.816667,1.0
0.9,25,0.5213,0.717,0.5,2363,4726,RT,2358,0.716667,0.0
0.9,25,0.5213,0.717,0.5,2363,4726,H2O,2359,0.629167,0.0
0.9,25,0.5213,0.717,0.5,2363,4726,CAUSAL,2363,0.4375,0.0
0.9,25,0.5213,0.717,0.5,2363,4726,ORACLE,2363,0.829167,1.0
0.9,25,0.5213,0.717,0.6,2835,4726,RT,2825,0.8,0.0
0.9,25,0.5213,0.717,0.6,2835,4726,H2O,2832,0.691667,0.0
0.9,25,0.5213,0.717,0.6,2835,4726,CAUSAL,2835,0.516667,0.0
0.9,25,0.5213,0.717,0.6,2835,4726,ORACLE,2834,0.8625,1.0
0.9,26,0.36,0.4906,0.2,731,3656,RT,724,0.154167,0.0
0.9,26,0.36,0.4906,0.2,731,3656,H2O,731,0.308333,0.0
0.9,26,0.36,0.4906,0.2,731,3656,CAUSAL,728,0.183333,0.0
0.9,26,0.36,0.4906,0.2,731,3656,ORACLE,730,0.304167,0.0
0.9,26,0.36,0.4906,0.3,1096,3656,RT,1093,0.241667,0.0
0.9,26,0.36,0.4906,0.3,1096,3656,H2O,1088,0.3625,0.0
0.9,26,0.36,0.4906,0.3,1096,3656,CAUSAL,1089,0.291667,0.0
0.9,26,0.36,0.4906,0.3,1096,3656,ORACLE,1096,0.475,1.0
0.9,26,0.36,0.4906,0.4,1462,3656,RT,1457,0.316667,0.0
0.9,26,0.36,0.4906,0.4,1462,3656,H2O,1449,0.4875,0.0
0.9,26,0.36,0.4906,0.4,1462,3656,CAUSAL,1452,0.308333,0.0
0.9,26,0.36,0.4906,0.4,1462,3656,ORACLE,1458,0.716667,1.0
0.9,26,0.36,0.4906,0.5,1828,3656,RT,1823,0.475,0.0
0.9,26,0.36,0.4906,0.5,1828,3656,H2O,1828,0.533333,0.0
0.9,26,0.36,0.4906,0.5,1828,3656,CAUSAL,1824,0.4,0.0
0.9,26,0.36,0.4906,0.5,1828,3656,ORACLE,1823,0.845833,1.0
0.9,26,0.36,0.4906,0.6,2193,3656,RT,2192,0.620833,0.0
0.9,26,0.36,0.4906,0.6,2193,3656,H2O,2192,0.658333,0.0
0.9,26,0.36,0.4906,0.6,2193,3656,CAUSAL,2177,0.483333,0.0
0.9,26,0.36,0.4906,0.6,2193,3656,ORACLE,2186,0.916667,1.0
0.9,27,0.5352,0.6334,0.2,1013,5066,RT,1012,0.175,0.0
0.9,27,0.5352,0.6334,0.2,1013,5066,H2O,1006,0.166667,0.0
0.9,27,0.5352,0.6334,0.2,1013,5066,CAUSAL,1012,0.254167,0.0
0.9,27,0.5352,0.6334,0.2,1013,5066,ORACLE,1008,0.370833,0.0
0.9,27,0.5352,0.6334,0.3,1519,5066,RT,1515,0.316667,0.0
0.9,27,0.5352,0.6334,0.3,1519,5066,H2O,1519,0.275,0.0
0.9,27,0.5352,0.6334,0.3,1519,5066,CAUSAL,1511,0.308333,0.0
0.9,27,0.5352,0.6334,0.3,1519,5066,ORACLE,1511,0.779167,1.0
0.9,27,0.5352,0.6334,0.4,2026,5066,RT,2018,0.329167,0.0
0.9,27,0.5352,0.6334,0.4,2026,5066,H2O,2022,0.429167,0.0
0.9,27,0.5352,0.6334,0.4,2026,5066,CAUSAL,2014,0.408333,0.0
0.9,27,0.5352,0.6334,0.4,2026,5066,ORACLE,2026,0.845833,1.0
0.9,27,0.5352,0.6334,0.5,2533,5066,RT,2533,0.429167,0.0
0.9,27,0.5352,0.6334,0.5,2533,5066,H2O,2526,0.575,0.0
0.9,27,0.5352,0.6334,0.5,2533,5066,CAUSAL,2532,0.466667,0.0
0.9,27,0.5352,0.6334,0.5,2533,5066,ORACLE,2521,0.883333,1.0
0.9,27,0.5352,0.6334,0.6,3039,5066,RT,3031,0.45,0.0
0.9,27,0.5352,0.6334,0.6,3039,5066,H2O,3031,0.616667,0.0
0.9,27,0.5352,0.6334,0.6,3039,5066,CAUSAL,3028,0.708333,0.0
0.9,27,0.5352,0.6334,0.6,3039,5066,ORACLE,3033,0.920833,1.0
0.9,28,0.3477,0.7087,0.2,908,4543,RT,902,0.283333,0.0
0.9,28,0.3477,0.7087,0.2,908,4543,H2O,908,0.233333,0.0
0.9,28,0.3477,0.7087,0.2,908,4543,CAUSAL,907,0.154167,0.0
0.9,28,0.3477,0.7087,0.2,908,4543,ORACLE,905,0.283333,0.0
0.9,28,0.3477,0.7087,0.3,1362,4543,RT,1358,0.3375,0.0
0.9,28,0.3477,0.7087,0.3,1362,4543,H2O,1361,0.35,0.0
0.9,28,0.3477,0.7087,0.3,1362,4543,CAUSAL,1361,0.2625,0.0
0.9,28,0.3477,0.7087,0.3,1362,4543,ORACLE,1355,0.404167,0.0
0.9,28,0.3477,0.7087,0.4,1817,4543,RT,1817,0.391667,0.0
0.9,28,0.3477,0.7087,0.4,1817,4543,H2O,1809,0.433333,0.0
0.9,28,0.3477,0.7087,0.4,1817,4543,CAUSAL,1815,0.35,0.0
0.9,28,0.3477,0.7087,0.4,1817,4543,ORACLE,1809,0.658333,1.0
0.9,28,0.3477,0.7087,0.5,2271,4543,RT,2265,0.545833,0.0
0.9,28,0.3477,0.7087,0.5,2271,4543,H2O,2269,0.579167,0.0
0.9,28,0.3477,0.7087,0.5,2271,4543,CAUSAL,2266,0.4375,0.0
0.9,28,0.3477,0.7087,0.5,2271,4543,ORACLE,2268,0.8375,1.0
0.9,28,0.3477,0.7087,0.6,2725,4543,RT,2721,0.6,0.0
0.9,28,0.3477,0.7087,0.6,2725,4543,H2O,2716,0.704167,0.0
0.9,28,0.3477,0.7087,0.6,2725,4543,CAUSAL,2720,0.558333,0.0
0.9,28,0.3477,0.7087,0.6,2725,4543,ORACLE,2721,0.904167,1.0
0.9,29,0.508,0.563,0.2,1116,5580,RT,1113,0.25,0.0
0.9,29,0.508,0.563,0.2,1116,5580,H2O,1116,0.266667,0.0
0.9,29,0.508,0.563,0.2,1116,5580,CAUSAL,1113,0.333333,0.0
0.9,29,0.508,0.563,0.2,1116,5580,ORACLE,1111,0.3125,0.0
0.9,29,0.508,0.563,0.3,1674,5580,RT,1674,0.291667,0.0
0.9,29,0.508,0.563,0.3,1674,5580,H2O,1670,0.408333,0.0
0.9,29,0.508,0.563,0.3,1674,5580,CAUSAL,1674,0.3875,0.0
0.9,29,0.508,0.563,0.3,1674,5580,ORACLE,1672,0.3875,0.0
0.9,29,0.508,0.563,0.4,2232,5580,RT,2229,0.3625,0.0
0.9,29,0.508,0.563,0.4,2232,5580,H2O,2230,0.458333,0.0
0.9,29,0.508,0.563,0.4,2232,5580,CAUSAL,2225,0.408333,0.0
0.9,29,0.508,0.563,0.4,2232,5580,ORACLE,2232,0.754167,1.0
0.9,29,0.508,0.563,0.5,2790,5580,RT,2788,0.558333,0.0
0.9,29,0.508,0.563,0.5,2790,5580,H2O,2787,0.5375,0.0
0.9,29,0.508,0.563,0.5,2790,5580,CAUSAL,2783,0.595833,0.0
0.9,29,0.508,0.563,0.5,2790,5580,ORACLE,2790,0.854167,1.0
0.9,29,0.508,0.563,0.6,3348,5580,RT,3347,0.654167,0.0
0.9,29,0.508,0.563,0.6,3348,5580,H2O,3341,0.575,0.0
0.9,29,0.508,0.563,0.6,3348,5580,CAUSAL,3342,0.7,0.0
0.9,29,0.508,0.563,0.6,3348,5580,ORACLE,3345,0.904167,1.0
0.9,30,0.4255,0.476,0.2,970,4851,RT,967,0.225,0.0
0.9,30,0.4255,0.476,0.2,970,4851,H2O,966,0.266667,0.0
0.9,30,0.4255,0.476,0.2,970,4851,CAUSAL,966,0.216667,0.0
0.9,30,0.4255,0.476,0.2,970,4851,ORACLE,966,0.320833,0.0
0.9,30,0.4255,0.476,0.3,1455,4851,RT,1442,0.383333,0.0
0.9,30,0.4255,0.476,0.3,1455,4851,H2O,1446,0.3875,0.0
0.9,30,0.4255,0.476,0.3,1455,4851,CAUSAL,1450,0.283333,0.0
0.9,30,0.4255,0.476,0.3,1455,4851,ORACLE,1455,0.733333,1.0
0.9,30,0.4255,0.476,0.4,1940,4851,RT,1940,0.491667,0.0
0.9,30,0.4255,0.476,0.4,1940,4851,H2O,1938,0.454167,0.0
0.9,30,0.4255,0.476,0.4,1940,4851,CAUSAL,1940,0.4,0.0
0.9,30,0.4255,0.476,0.4,1940,4851,ORACLE,1933,0.820833,1.0
0.9,30,0.4255,0.476,0.5,2425,4851,RT,2416,0.545833,0.0
0.9,30,0.4255,0.476,0.5,2425,4851,H2O,2424,0.525,0.0
0.9,30,0.4255,0.476,0.5,2425,4851,CAUSAL,2416,0.5125,0.0
0.9,30,0.4255,0.476,0.5,2425,4851,ORACLE,2424,0.908333,1.0
0.9,30,0.4255,0.476,0.6,2910,4851,RT,2903,0.7375,0.0
0.9,30,0.4255,0.476,0.6,2910,4851,H2O,2901,0.6125,0.0
0.9,30,0.4255,0.476,0.6,2910,4851,CAUSAL,2904,0.6375,0.0
0.9,30,0.4255,0.476,0.6,2910,4851,ORACLE,2908,0.9375,1.0
0.9,31,0.3896,0.6885,0.2,970,4854,RT,966,0.266667,0.0
0.9,31,0.3896,0.6885,0.2,970,4854,H2O,966,0.366667,0.0
0.9,31,0.3896,0.6885,0.2,970,4854,CAUSAL,967,0.225,0.0
0.9,31,0.3896,0.6885,0.2,970,4854,ORACLE,967,0.245833,0.0
0.9,31,0.3896,0.6885,0.3,1456,4854,RT,1455,0.275,0.0
0.9,31,0.3896,0.6885,0.3,1456,4854,H2O,1456,0.4125,0.0
0.9,31,0.3896,0.6885,0.3,1456,4854,CAUSAL,1453,0.229167,0.0
0.9,31,0.3896,0.6885,0.3,1456,4854,ORACLE,1455,0.679167,1.0
0.9,31,0.3896,0.6885,0.4,1941,4854,RT,1935,0.416667,0.0
0.9,31,0.3896,0.6885,0.4,1941,4854,H2O,1934,0.458333,0.0
0.9,31,0.3896,0.6885,0.4,1941,4854,CAUSAL,1939,0.3125,0.0
0.9,31,0.3896,0.6885,0.4,1941,4854,ORACLE,1932,0.791667,1.0
0.9,31,0.3896,0.6885,0.5,2427,4854,RT,2425,0.525,0.0
0.9,31,0.3896,0.6885,0.5,2427,4854,H2O,2417,0.5625,0.0
0.9,31,0.3896,0.6885,0.5,2427,4854,CAUSAL,2426,0.425,0.0
0.9,31,0.3896,0.6885,0.5,2427,4854,ORACLE,2425,0.858333,1.0
0.9,31,0.3896,0.6885,0.6,2912,4854,RT,2907,0.575,0.0
0.9,31,0.3896,0.6885,0.6,2912,4854,H2O,2911,0.7,0.0
0.9,31,0.3896,0.6885,0.6,2912,4854,CAUSAL,2907,0.470833,0.0
0.9,31,0.3896,0.6885,0.6,2912,4854,ORACLE,2903,0.925,1.0
0.9,32,0.522,0.4688,0.2,829,4145,RT,826,0.270833,0.0
0.9,32,0.522,0.4688,0.2,829,4145,H2O,828,0.345833,0.0
0.9,32,0.522,0.4688,0.2,829,4145,CAUSAL,827,0.3625,0.0
0.9,32,0.522,0.4688,0.2,829,4145,ORACLE,827,0.695833,1.0
0.9,32,0.522,0.4688,0.3,1243,4145,RT,1243,0.3875,0.0
0.9,32,0.522,0.4688,0.3,1243,4145,H2O,1243,0.4125,0.0
0.9,32,0.522,0.4688,0.3,1243,4145,CAUSAL,1242,0.345833,0.0
0.9,32,0.522,0.4688,0.3,1243,4145,ORACLE,1243,0.775,1.0
0.9,32,0.522,0.4688,0.4,1658,4145,RT,1654,0.475,0.0
0.9,32,0.522,0.4688,0.4,1658,4145,H2O,1654,0.45,0.0
0.9,32,0.522,0.4688,0.4,1658,4145,CAUSAL,1649,0.554167,0.0
0.9,32,0.522,0.4688,0.4,1658,4145,ORACLE,1657,0.841667,1.0
0.9,32,0.522,0.4688,0.5,2072,4145,RT,2066,0.429167,0.0
0.9,32,0.522,0.4688,0.5,2072,4145,H2O,2071,0.6,0.0
0.9,32,0.522,0.4688,0.5,2072,4145,CAUSAL,2066,0.558333,0.0
0.9,32,0.522,0.4688,0.5,2072,4145,ORACLE,2069,0.879167,1.0
0.9,32,0.522,0.4688,0.6,2487,4145,RT,2483,0.575,0.0
0.9,32,0.522,0.4688,0.6,2487,4145,H2O,2484,0.629167,0.0
0.9,32,0.522,0.4688,0.6,2487,4145,CAUSAL,2481,0.683333,0.0
0.9,32,0.522,0.4688,0.6,2487,4145,ORACLE,2482,0.920833,1.0
0.9,33,0.2579,0.4314,0.2,952,4763,RT,951,0.279167,0.0
0.9,33,0.2579,0.4314,0.2,952,4763,H2O,946,0.216667,0.0
0.9,33,0.2579,0.4314,0.2,952,4763,CAUSAL,946,0.179167,0.0
0.9,33,0.2579,0.4314,0.2,952,4763,ORACLE,952,0.370833,0.0
0.9,33,0.2579,0.4314,0.3,1428,4763,RT,1424,0.3375,0.0
0.9,33,0.2579,0.4314,0.3,1428,4763,H2O,1421,0.3875,0.0
0.9,33,0.2579,0.4314,0.3,1428,4763,CAUSAL,1427,0.2,0.0
0.9,33,0.2579,0.4314,0.3,1428,4763,ORACLE,1426,0.795833,1.0
0.9,33,0.2579,0.4314,0.4,1905,4763,RT,1901,0.4375,0.0
0.9,33,0.2579,0.4314,0.4,1905,4763,H2O,1897,0.495833,0.0
0.9,33,0.2579,0.4314,0.4,1905,4763,CAUSAL,1900,0.279167,0.0
0.9,33,0.2579,0.4314,0.4,1905,4763,ORACLE,1904,0.8625,1.0
0.9,33,0.2579,0.4314,0.5,2381,4763,RT,2375,0.466667,0.0
0.9,33,0.2579,0.4314,0.5,2381,4763,H2O,2377,0.575,0.0
0.9,33,0.2579,0.4314,0.5,2381,4763,CAUSAL,2380,0.433333,0.0
0.9,33,0.2579,0.4314,0.5,2381,4763,ORACLE,2381,0.916667,1.0
0.9,33,0.2579,0.4314,0.6,2857,4763,RT,2855,0.629167,0.0
0.9,33,0.2579,0.4314,0.6,2857,4763,H2O,2851,0.658333,0.0
0.9,33,0.2579,0.4314,0.6,2857,4763,CAUSAL,2853,0.566667,0.0
0.9,33,0.2579,0.4314,0.6,2857,4763,ORACLE,2851,0.941667,1.0
0.9,34,0.422,0.4096,0.2,847,4236,RT,841,0.208333,0.0
0.9,34,0.422,0.4096,0.2,847,4236,H2O,843,0.354167,0.0
0.9,34,0.422,0.4096,0.2,847,4236,CAUSAL,847,0.225,0.0
0.9,34,0.422,0.4096,0.2,847,4236,ORACLE,847,0.258333,0.0
0.9,34,0.422,0.4096,0.3,1270,4236,RT,1264,0.325,0.0
0.9,34,0.422,0.4096,0.3,1270,4236,H2O,1267,0.4,0.0
0.9,34,0.422,0.4096,0.3,1270,4236,CAUSAL,1270,0.345833,0.0
0.9,34,0.422,0.4096,0.3,1270,4236,ORACLE,1267,0.516667,1.0
0.9,34,0.422,0.4096,0.4,1694,4236,RT,1691,0.416667,0.0
0.9,34,0.422,0.4096,0.4,1694,4236,H2O,1687,0.479167,0.0
0.9,34,0.422,0.4096,0.4,1694,4236,CAUSAL,1689,0.520833,0.0
0.9,34,0.422,0.4096,0.4,1694,4236,ORACLE,1693,0.808333,1.0
0.9,34,0.422,0.4096,0.5,2118,4236,RT,2118,0.616667,0.0
0.9,34,0.422,0.4096,0.5,2118,4236,H2O,2118,0.525,0.0
0.9,34,0.422,0.4096,0.5,2118,4236,CAUSAL,2113,0.491667,0.0
0.9,34,0.422,0.4096,0.5,2118,4236,ORACLE,2118,0.825,1.0
0.9,34,0.422,0.4096,0.6,2541,4236,RT,2536,0.695833,0.0
0.9,34,0.422,0.4096,0.6,2541,4236,H2O,2537,0.558333,0.0
0.9,34,0.422,0.4096,0.6,2541,4236,CAUSAL,2541,0.6125,0.0
0.9,34,0.422,0.4096,0.6,2541,4236,ORACLE,2534,0.870833,1.0
0.9,35,0.5849,0.5988,0.2,923,4618,RT,920,0.183333,0.0
0.9,35,0.5849,0.5988,0.2,923,4618,H2O,921,0.320833,0.0
0.9,35,0.5849,0.5988,0.2,923,4618,CAUSAL,921,0.229167,0.0
0.9,35,0.5849,0.5988,0.2,923,4618,ORACLE,923,0.483333,1.0
0.9,35,0.5849,0.5988,0.3,1385,4618,RT,1379,0.208333,0.0
0.9,35,0.5849,0.5988,0.3,1385,4618,H2O,1384,0.408333,0.0
0.9,35,0.5849,0.5988,0.3,1385,4618,CAUSAL,1378,0.45,0.0
0.9,35,0.5849,0.5988,0.3,1385,4618,ORACLE,1378,0.716667,1.0
0.9,35,0.5849,0.5988,0.4,1847,4618,RT,1846,0.375,0.0
0.9,35,0.5849,0.5988,0.4,1847,4618,H2O,1843,0.454167,0.0
0.9,35,0.5849,0.5988,0.4,1847,4618,CAUSAL,1844,0.516667,0.0
0.9,35,0.5849,0.5988,0.4,1847,4618,ORACLE,1837,0.804167,1.0
0.9,35,0.5849,0.5988,0.5,2309,4618,RT,2304,0.591667,0.0
0.9,35,0.5849,0.5988,0.5,2309,4618,H2O,2298,0.6,0.0
0.9,35,0.5849,0.5988,0.5,2309,4618,CAUSAL,2303,0.570833,0.0
0.9,35,0.5849,0.5988,0.5,2309,4618,ORACLE,2301,0.85,1.0
0.9,35,0.5849,0.5988,0.6,2770,4618,RT,2768,0.6625,0.0
0.9,35,0.5849,0.5988,0.6,2770,4618,H2O,2764,0.670833,0.0
0.9,35,0.5849,0.5988,0.6,2770,4618,CAUSAL,2766,0.679167,0.0
0.9,35,0.5849,0.5988,0.6,2770,4618,ORACLE,2759,0.879167,1.0
0.9,36,0.546,0.6199,0.2,908,4543,RT,901,0.241667,0.0
0.9,36,0.546,0.6199,0.2,908,4543,H2O,898,0.2375,0.0
0.9,36,0.546,0.6199,0.2,908,4543,CAUSAL,906,0.233333,0.0
0.9,36,0.546,0.6199,0.2,908,4543,ORACLE,908,0.429167,1.0
0.9,36,0.546,0.6199,0.3,1362,4543,RT,1352,0.254167,0.0
0.9,36,0.546,0.6199,0.3,1362,4543,H2O,1358,0.358333,0.0
0.9,36,0.546,0.6199,0.3,1362,4543,CAUSAL,1362,0.425,0.0
0.9,36,0.546,0.6199,0.3,1362,4543,ORACLE,1359,0.795833,1.0
0.9,36,0.546,0.6199,0.4,1817,4543,RT,1813,0.366667,0.0
0.9,36,0.546,0.6199,0.4,1817,4543,H2O,1811,0.325,0.0
0.9,36,0.546,0.6199,0.4,1817,4543,CAUSAL,1806,0.479167,0.0
0.9,36,0.546,0.6199,0.4,1817,4543,ORACLE,1809,0.854167,1.0
0.9,36,0.546,0.6199,0.5,2271,4543,RT,2268,0.5,0.0
0.9,36,0.546,0.6199,0.5,2271,4543,H2O,2265,0.4625,0.0
0.9,36,0.546,0.6199,0.5,2271,4543,CAUSAL,2260,0.6375,0.0
0.9,36,0.546,0.6199,0.5,2271,4543,ORACLE,2271,0.920833,1.0
0.9,36,0.546,0.6199,0.6,2725,4543,RT,2725,0.529167,0.0
0.9,36,0.546,0.6199,0.6,2725,4543,H2O,2724,0.641667,0.0
0.9,36,0.546,0.6199,0.6,2725,4543,CAUSAL,2725,0.7,0.0
0.9,36,0.546,0.6199,0.6,2725,4543,ORACLE,2716,0.9625,1.0
0.9,37,0.5895,0.5142,0.2,883,4418,RT,878,0.225,0.0
0.9,37,0.5895,0.5142,0.2,883,4418,H2O,879,0.3125,0.0
0.9,37,0.5895,0.5142,0.2,883,4418,CAUSAL,879,0.245833,0.0
0.9,37,0.5895,0.5142,0.2,883,4418,ORACLE,879,0.283333,0.0
0.9,37,0.5895,0.5142,0.3,1325,4418,RT,1318,0.279167,0.0
0.9,37,0.5895,0.5142,0.3,1325,4418,H2O,1324,0.4875,0.0
0.9,37,0.5895,0.5142,0.3,1325,4418,CAUSAL,1324,0.475,0.0
0.9,37,0.5895,0.5142,0.3,1325,4418,ORACLE,1325,0.4625,0.0
0.9,37,0.5895,0.5142,0.4,1767,4418,RT,1760,0.425,0.0
0.9,37,0.5895,0.5142,0.4,1767,4418,H2O,1767,0.570833,0.0
0.9,37,0.5895,0.5142,0.4,1767,4418,CAUSAL,1763,0.570833,0.0
0.9,37,0.5895,0.5142,0.4,1767,4418,ORACLE,1765,0.679167,1.0
0.9,37,0.5895,0.5142,0.5,2209,4418,RT,2209,0.558333,0.0
0.9,37,0.5895,0.5142,0.5,2209,4418,H2O,2198,0.6375,0.0
0.9,37,0.5895,0.5142,0.5,2209,4418,CAUSAL,2204,0.533333,0.0
0.9,37,0.5895,0.5142,0.5,2209,4418,ORACLE,2206,0.875,1.0
0.9,37,0.5895,0.5142,0.6,2650,4418,RT,2630,0.666667,0.0
0.9,37,0.5895,0.5142,0.6,2650,4418,H2O,2643,0.695833,0.0
0.9,37,0.5895,0.5142,0.6,2650,4418,CAUSAL,2647,0.741667,0.0
0.9,37,0.5895,0.5142,0.6,2650,4418,ORACLE,2634,0.920833,1.0
0.9,38,0.4392,0.558,0.2,955,4779,RT,954,0.179167,0.0
0.9,38,0.4392,0.558,0.2,955,4779,H2O,953,0.254167,0.0
0.9,38,0.4392,0.558,0.2,955,4779,CAUSAL,952,0.2375,0.0
0.9,38,0.4392,0.558,0.2,955,4779,ORACLE,948,0.225,0.0
0.9,38,0.4392,0.558,0.3,1433,4779,RT,1433,0.2875,0.0
0.9,38,0.4392,0.558,0.3,1433,4779,H2O,1431,0.3625,0.0
0.9,38,0.4392,0.558,0.3,1433,4779,CAUSAL,1429,0.308333,0.0
0.9,38,0.4392,0.558,0.3,1433,4779,ORACLE,1433,0.366667,1.0
0.9,38,0.4392,0.558,0.4,1911,4779,RT,1905,0.3375,0.0
0.9,38,0.4392,0.558,0.4,1911,4779,H2O,1908,0.441667,0.0
0.9,38,0.4392,0.558,0.4,1911,4779,CAUSAL,1910,0.445833,0.0
0.9,38,0.4392,0.558,0.4,1911,4779,ORACLE,1906,0.8125,1.0
0.9,38,0.4392,0.558,0.5,2389,4779,RT,2386,0.333333,0.0
0.9,38,0.4392,0.558,0.5,2389,4779,H2O,2387,0.6,0.0
0.9,38,0.4392,0.558,0.5,2389,4779,CAUSAL,2389,0.629167,0.0
0.9,38,0.4392,0.558,0.5,2389,4779,ORACLE,2378,0.841667,1.0
0.9,38,0.4392,0.558,0.6,2867,4779,RT,2864,0.641667,0.0
0.9,38,0.4392,0.558,0.6,2867,4779,H2O,2863,0.7,0.0
0.9,38,0.4392,0.558,0.6,2867,4779,CAUSAL,2860,0.745833,0.0
0.9,38,0.4392,0.558,0.6,2867,4779,ORACLE,2857,0.904167,1.0
0.9,39,0.6628,0.5918,0.2,1013,5065,RT,1011,0.204167,0.0
0.9,39,0.6628,0.5918,0.2,1013,5065,H2O,1012,0.241667,0.0
0.9,39,0.6628,0.5918,0.2,1013,5065,CAUSAL,1013,0.204167,0.0
0.9,39,0.6628,0.5918,0.2,1013,5065,ORACLE,1013,0.316667,0.0
0.9,39,0.6628,0.5918,0.3,1519,5065,RT,1518,0.354167,0.0
0.9,39,0.6628,0.5918,0.3,1519,5065,H2O,1514,0.320833,0.0
0.9,39,0.6628,0.5918,0.3,1519,5065,CAUSAL,1511,0.358333,0.0
0.9,39,0.6628,0.5918,0.3,1519,5065,ORACLE,1518,0.7375,1.0
0.9,39,0.6628,0.5918,0.4,2026,5065,RT,2025,0.45,0.0
0.9,39,0.6628,0.5918,0.4,2026,5065,H2O,2025,0.470833,0.0
0.9,39,0.6628,0.5918,0.4,2026,5065,CAUSAL,2026,0.379167,0.0
0.9,39,0.6628,0.5918,0.4,2026,5065,ORACLE,2019,0.825,1.0
0.9,39,0.6628,0.5918,0.5,2532,5065,RT,2530,0.416667,0.0
0.9,39,0.6628,0.5918,0.5,2532,5065,H2O,2527,0.5,0.0
0.9,39,0.6628,0.5918,0.5,2532,5065,CAUSAL,2525,0.5625,0.0
0.9,39,0.6628,0.5918,0.5,2532,5065,ORACLE,2512,0.929167,1.0
0.9,39,0.6628,0.5918,0.6,3039,5065,RT,3032,0.633333,0.0
0.9,39,0.6628,0.5918,0.6,3039,5065,H2O,3025,0.6375,0.0
0.9,39,0.6628,0.5918,0.6,3039,5065,CAUSAL,3039,0.754167,0.0
0.9,39,0.6628,0.5918,0.6,3039,5065,ORACLE,3033,0.966667,1.0
0.9,40,0.5359,0.636,0.2,883,4415,RT,877,0.275,0.0
0.9,40,0.5359,0.636,0.2,883,4415,H2O,878,0.266667,0.0
0.9,40,0.5359,0.636,0.2,883,4415,CAUSAL,883,0.220833,0.0
0.9,40,0.5359,0.636,0.2,883,4415,ORACLE,883,0.366667,0.0
0.9,40,0.5359,0.636,0.3,1324,4415,RT,1315,0.370833,0.0
0.9,40,0.5359,0.636,0.3,1324,4415,H2O,1315,0.375,0.0
0.9,40,0.5359,0.636,0.3,1324,4415,CAUSAL,1320,0.2625,0.0
0.9,40,0.5359,0.636,0.3,1324,4415,ORACLE,1321,0.508333,1.0
0.9,40,0.5359,0.636,0.4,1766,4415,RT,1765,0.458333,0.0
0.9,40,0.5359,0.636,0.4,1766,4415,H2O,1764,0.441667,0.0
0.9,40,0.5359,0.636,0.4,1766,4415,CAUSAL,1766,0.3375,0.0
0.9,40,0.5359,0.636,0.4,1766,4415,ORACLE,1765,0.841667,1.0
0.9,40,0.5359,0.636,0.5,2207,4415,RT,2202,0.5625,0.0
0.9,40,0.5359,0.636,0.5,2207,4415,H2O,2197,0.541667,0.0
0.9,40,0.5359,0.636,0.5,2207,4415,CAUSAL,2203,0.433333,0.0
0.9,40,0.5359,0.636,0.5,2207,4415,ORACLE,2206,0.858333,1.0
0.9,40,0.5359,0.636,0.6,2649,4415,RT,2643,0.5875,0.0
0.9,40,0.5359,0.636,0.6,2649,4415,H2O,2647,0.5875,0.0
0.9,40,0.5359,0.636,0.6,2649,4415,CAUSAL,2649,0.5375,0.0
0.9,40,0.5359,0.636,0.6,2649,4415,ORACLE,2648,0.895833,1.0
0.9,41,0.4537,0.5227,0.2,1066,5331,RT,1065,0.220833,0.0
0.9,41,0.4537,0.5227,0.2,1066,5331,H2O,1065,0.258333,0.0
0.9,41,0.4537,0.5227,0.2,1066,5331,CAUSAL,1058,0.125,0.0
0.9,41,0.4537,0.5227,0.2,1066,5331,ORACLE,1066,0.283333,0.0
0.9,41,0.4537,0.5227,0.3,1599,5331,RT,1596,0.2625,0.0
0.9,41,0.4537,0.5227,0.3,1599,5331,H2O,1599,0.4375,0.0
0.9,41,0.4537,0.5227,0.3,1599,5331,CAUSAL,1599,0.304167,0.0
0.9,41,0.4537,0.5227,0.3,1599,5331,ORACLE,1599,0.454167,0.0
0.9,41,0.4537,0.5227,0.4,2132,5331,RT,2125,0.3875,0.0
0.9,41,0.4537,0.5227,0.4,2132,5331,H2O,2126,0.420833,0.0
0.9,41,0.4537,0.5227,0.4,2132,5331,CAUSAL,2131,0.408333,0.0
0.9,41,0.4537,0.5227,0.4,2132,5331,ORACLE,2132,0.541667,1.0
0.9,41,0.4537,0.5227,0.5,2665,5331,RT,2664,0.508333,0.0
0.9,41,0.4537,0.5227,0.5,2665,5331,H2O,2658,0.545833,0.0
0.9,41,0.4537,0.5227,0.5,2665,5331,CAUSAL,2657,0.5125,0.0
0.9,41,0.4537,0.5227,0.5,2665,5331,ORACLE,2662,0.829167,1.0
0.9,41,0.4537,0.5227,0.6,3198,5331,RT,3195,0.579167,0.0
0.9,41,0.4537,0.5227,0.6,3198,5331,H2O,3194,0.604167,0.0
0.9,41,0.4537,0.5227,0.6,3198,5331,CAUSAL,3193,0.591667,0.0
0.9,41,0.4537,0.5227,0.6,3198,5331,ORACLE,3191,0.875,1.0
0.9,42,0.366,0.6204,0.2,846,4233,RT,836,0.3125,0.0
0.9,42,0.366,0.6204,0.2,846,4233,H2O,846,0.358333,0.0
0.9,42,0.366,0.6204,0.2,846,4233,CAUSAL,844,0.308333,0.0
0.9,42,0.366,0.6204,0.2,846,4233,ORACLE,846,0.445833,1.0
0.9,42,0.366,0.6204,0.3,1269,4233,RT,1266,0.416667,0.0
0.9,42,0.366,0.6204,0.3,1269,4233,H2O,1268,0.516667,0.0
0.9,42,0.366,0.6204,0.3,1269,4233,CAUSAL,1267,0.420833,0.0
0.9,42,0.366,0.6204,0.3,1269,4233,ORACLE,1266,0.741667,1.0
0.9,42,0.366,0.6204,0.4,1693,4233,RT,1683,0.525,0.0
0.9,42,0.366,0.6204,0.4,1693,4233,H2O,1693,0.525,0.0
0.9,42,0.366,0.6204,0.4,1693,4233,CAUSAL,1688,0.454167,0.0
0.9,42,0.366,0.6204,0.4,1693,4233,ORACLE,1685,0.825,1.0
0.9,42,0.366,0.6204,0.5,2116,4233,RT,2113,0.6625,0.0
0.9,42,0.366,0.6204,0.5,2116,4233,H2O,2103,0.633333,0.0
0.9,42,0.366,0.6204,0.5,2116,4233,CAUSAL,2109,0.625,0.0
0.9,42,0.366,0.6204,0.5,2116,4233,ORACLE,2110,0.904167,1.0
0.9,42,0.366,0.6204,0.6,2539,4233,RT,2539,0.675,0.0
0.9,42,0.366,0.6204,0.6,2539,4233,H2O,2529,0.679167,0.0
0.9,42,0.366,0.6204,0.6,2539,4233,CAUSAL,2532,0.5875,0.0
0.9,42,0.366,0.6204,0.6,2539,4233,ORACLE,2532,0.920833,1.0
0.9,43,0.5788,0.573,0.2,935,4675,RT,929,0.233333,0.0
0.9,43,0.5788,0.573,0.2,935,4675,H2O,935,0.304167,0.0
0.9,43,0.5788,0.573,0.2,935,4675,CAUSAL,926,0.291667,0.0
0.9,43,0.5788,0.573,0.2,935,4675,ORACLE,934,0.2875,0.0
0.9,43,0.5788,0.573,0.3,1402,4675,RT,1399,0.391667,0.0
0.9,43,0.5788,0.573,0.3,1402,4675,H2O,1401,0.454167,0.0
0.9,43,0.5788,0.573,0.3,1402,4675,CAUSAL,1402,0.395833,0.0
0.9,43,0.5788,0.573,0.3,1402,4675,ORACLE,1402,0.666667,1.0
0.9,43,0.5788,0.573,0.4,1870,4675,RT,1870,0.4625,0.0
0.9,43,0.5788,0.573,0.4,1870,4675,H2O,1866,0.475,0.0
0.9,43,0.5788,0.573,0.4,1870,4675,CAUSAL,1868,0.454167,0.0
0.9,43,0.5788,0.573,0.4,1870,4675,ORACLE,1862,0.808333,1.0
0.9,43,0.5788,0.573,0.5,2337,4675,RT,2331,0.6,0.0
0.9,43,0.5788,0.573,0.5,2337,4675,H2O,2336,0.554167,0.0
0.9,43,0.5788,0.573,0.5,2337,4675,CAUSAL,2330,0.554167,0.0
0.9,43,0.5788,0.573,0.5,2337,4675,ORACLE,2335,0.9,1.0
0.9,43,0.5788,0.573,0.6,2805,4675,RT,2805,0.666667,0.0
0.9,43,0.5788,0.573,0.6,2805,4675,H2O,2802,0.6875,0.0
0.9,43,0.5788,0.573,0.6,2805,4675,CAUSAL,2797,0.670833,0.0
0.9,43,0.5788,0.573,0.6,2805,4675,ORACLE,2803,0.9625,1.0
0.9,44,0.352,0.5011,0.2,725,3626,RT,725,0.245833,0.0
0.9,44,0.352,0.5011,0.2,725,3626,H2O,715,0.3125,0.0
0.9,44,0.352,0.5011,0.2,725,3626,CAUSAL,717,0.195833,0.0
0.9,44,0.352,0.5011,0.2,725,3626,ORACLE,722,0.45,0.0
0.9,44,0.352,0.5011,0.3,1087,3626,RT,1086,0.266667,0.0
0.9,44,0.352,0.5011,0.3,1087,3626,H2O,1082,0.333333,0.0
0.9,44,0.352,0.5011,0.3,1087,3626,CAUSAL,1077,0.270833,0.0
0.9,44,0.352,0.5011,0.3,1087,3626,ORACLE,1085,0.445833,1.0
0.9,44,0.352,0.5011,0.4,1450,3626,RT,1445,0.454167,0.0
0.9,44,0.352,0.5011,0.4,1450,3626,H2O,1449,0.354167,0.0
0.9,44,0.352,0.5011,0.4,1450,3626,CAUSAL,1449,0.3625,0.0
0.9,44,0.352,0.5011,0.4,1450,3626,ORACLE,1442,0.7625,1.0
0.9,44,0.352,0.5011,0.5,1813,3626,RT,1811,0.475,0.0
0.9,44,0.352,0.5011,0.5,1813,3626,H2O,1813,0.425,0.0
0.9,44,0.352,0.5011,0.5,1813,3626,CAUSAL,1813,0.4125,0.0
0.9,44,0.352,0.5011,0.5,1813,3626,ORACLE,1804,0.808333,1.0
0.9,44,0.352,0.5011,0.6,2175,3626,RT,2172,0.5375,0.0
0.9,44,0.352,0.5011,0.6,2175,3626,H2O,2173,0.5375,0.0
0.9,44,0.352,0.5011,0.6,2175,3626,CAUSAL,2167,0.608333,0.0
0.9,44,0.352,0.5011,0.6,2175,3626,ORACLE,2165,0.879167,1.0
0.9,45,0.4084,0.658,0.2,913,4568,RT,912,0.341667,0.0
0.9,45,0.4084,0.658,0.2,913,4568,H2O,910,0.270833,0.0
0.9,45,0.4084,0.658,0.2,913,4568,CAUSAL,906,0.295833,0.0
0.9,45,0.4084,0.658,0.2,913,4568,ORACLE,912,0.2625,0.0
0.9,45,0.4084,0.658,0.3,1370,4568,RT,1369,0.441667,0.0
0.9,45,0.4084,0.658,0.3,1370,4568,H2O,1364,0.420833,0.0
0.9,45,0.4084,0.658,0.3,1370,4568,CAUSAL,1369,0.375,0.0
0.9,45,0.4084,0.658,0.3,1370,4568,ORACLE,1365,0.575,1.0
0.9,45,0.4084,0.658,0.4,1827,4568,RT,1822,0.458333,0.0
0.9,45,0.4084,0.658,0.4,1827,4568,H2O,1813,0.566667,0.0
0.9,45,0.4084,0.658,0.4,1827,4568,CAUSAL,1822,0.433333,0.0
0.9,45,0.4084,0.658,0.4,1827,4568,ORACLE,1821,0.791667,1.0
0.9,45,0.4084,0.658,0.5,2284,4568,RT,2281,0.566667,0.0
0.9,45,0.4084,0.658,0.5,2284,4568,H2O,2269,0.675,0.0
0.9,45,0.4084,0.658,0.5,2284,4568,CAUSAL,2282,0.5125,0.0
0.9,45,0.4084,0.658,0.5,2284,4568,ORACLE,2280,0.854167,1.0
0.9,45,0.4084,0.658,0.6,2740,4568,RT,2735,0.6625,0.0
0.9,45,0.4084,0.658,0.6,2740,4568,H2O,2724,0.75,0.0
0.9,45,0.4084,0.658,0.6,2740,4568,CAUSAL,2735,0.504167,0.0
0.9,45,0.4084,0.658,0.6,2740,4568,ORACLE,2738,0.970833,1.0
0.9,46,0.5402,0.488,0.2,873,4366,RT,869,0.304167,0.0
0.9,46,0.5402,0.488,0.2,873,4366,H2O,868,0.241667,0.0
0.9,46,0.5402,0.488,0.2,873,4366,CAUSAL,871,0.333333,0.0
0.9,46,0.5402,0.488,0.2,873,4366,ORACLE,873,0.2875,0.0
0.9,46,0.5402,0.488,0.3,1309,4366,RT,1304,0.366667,0.0
0.9,46,0.5402,0.488,0.3,1309,4366,H2O,1309,0.2625,0.0
0.9,46,0.5402,0.488,0.3,1309,4366,CAUSAL,1306,0.445833,0.0
0.9,46,0.5402,0.488,0.3,1309,4366,ORACLE,1308,0.683333,1.0
0.9,46,0.5402,0.488,0.4,1746,4366,RT,1743,0.445833,0.0
0.9,46,0.5402,0.488,0.4,1746,4366,H2O,1741,0.416667,0.0
0.9,46,0.5402,0.488,0.4,1746,4366,CAUSAL,1744,0.520833,0.0
0.9,46,0.5402,0.488,0.4,1746,4366,ORACLE,1741,0.783333,1.0
0.9,46,0.5402,0.488,0.5,2183,4366,RT,2176,0.545833,0.0
0.9,46,0.5402,0.488,0.5,2183,4366,H2O,2182,0.575,0.0
0.9,46,0.5402,0.488,0.5,2183,4366,CAUSAL,2179,0.608333,0.0
0.9,46,0.5402,0.488,0.5,2183,4366,ORACLE,2183,0.879167,1.0
0.9,46,0.5402,0.488,0.6,2619,4366,RT,2615,0.570833,0.0
0.9,46,0.5402,0.488,0.6,2619,4366,H2O,2616,0.658333,0.0
0.9,46,0.5402,0.488,0.6,2619,4366,CAUSAL,2619,0.658333,0.0
0.9,46,0.5402,0.488,0.6,2619,4366,ORACLE,2617,0.904167,1.0
0.9,47,0.5855,0.5499,0.2,863,4317,RT,857,0.183333,0.0
0.9,47,0.5855,0.5499,0.2,863,4317,H2O,858,0.333333,0.0
0.9,47,0.5855,0.5499,0.2,863,4317,CAUSAL,863,0.195833,0.0
0.9,47,0.5855,0.5499,0.2,863,4317,ORACLE,859,0.4,0.0
0.9,47,0.5855,0.5499,0.3,1295,4317,RT,1295,0.2875,0.0
0.9,47,0.5855,0.5499,0.3,1295,4317,H2O,1295,0.408333,0.0
0.9,47,0.5855,0.5499,0.3,1295,4317,CAUSAL,1290,0.358333,0.0
0.9,47,0.5855,0.5499,0.3,1295,4317,ORACLE,1289,0.675,1.0
0.9,47,0.5855,0.5499,0.4,1726,4317,RT,1726,0.504167,0.0
0.9,47,0.5855,0.5499,0.4,1726,4317,H2O,1725,0.445833,0.0
0.9,47,0.5855,0.5499,0.4,1726,4317,CAUSAL,1721,0.3875,0.0
0.9,47,0.5855,0.5499,0.4,1726,4317,ORACLE,1726,0.745833,1.0
0.9,47,0.5855,0.5499,0.5,2158,4317,RT,2151,0.525,0.0
0.9,47,0.5855,0.5499,0.5,2158,4317,H2O,2154,0.604167,0.0
0.9,47,0.5855,0.5499,0.5,2158,4317,CAUSAL,2157,0.508333,0.0
0.9,47,0.5855,0.5499,0.5,2158,4317,ORACLE,2156,0.833333,1.0
0.9,47,0.5855,0.5499,0.6,2590,4317,RT,2585,0.629167,0.0
0.9,47,0.5855,0.5499,0.6,2590,4317,H2O,2585,0.654167,0.0
0.9,47,0.5855,0.5499,0.6,2590,4317,CAUSAL,2587,0.579167,0.0
0.9,47,0.5855,0.5499,0.6,2590,4317,ORACLE,2590,0.904167,1.0
0.9,48,0.5175,0.5521,0.2,993,4967,RT,991,0.25,0.0
0.9,48,0.5175,0.5521,0.2,993,4967,H2O,989,0.204167,0.0
0.9,48,0.5175,0.5521,0.2,993,4967,CAUSAL,992,0.208333,0.0
0.9,48,0.5175,0.5521,0.2,993,4967,ORACLE,990,0.275,0.0
0.9,48,0.5175,0.5521,0.3,1490,4967,RT,1486,0.341667,0.0
0.9,48,0.5175,0.5521,0.3,1490,4967,H2O,1490,0.279167,0.0
0.9,48,0.5175,0.5521,0.3,1490,4967,CAUSAL,1489,0.275,0.0
0.9,48,0.5175,0.5521,0.3,1490,4967,ORACLE,1490,0.366667,0.0
0.9,48,0.5175,0.5521,0.4,1986,4967,RT,1983,0.4,0.0
0.9,48,0.5175,0.5521,0.4,1986,4967,H2O,1985,0.395833,0.0
0.9,48,0.5175,0.5521,0.4,1986,4967,CAUSAL,1978,0.366667,0.0
0.9,48,0.5175,0.5521,0.4,1986,4967,ORACLE,1980,0.729167,1.0
0.9,48,0.5175,0.5521,0.5,2483,4967,RT,2483,0.491667,0.0
0.9,48,0.5175,0.5521,0.5,2483,4967,H2O,2480,0.545833,0.0
0.9,48,0.5175,0.5521,0.5,2483,4967,CAUSAL,2477,0.470833,0.0
0.9,48,0.5175,0.5521,0.5,2483,4967,ORACLE,2479,0.808333,1.0
0.9,48,0.5175,0.5521,0.6,2980,4967,RT,2978,0.5,0.0
0.9,48,0.5175,0.5521,0.6,2980,4967,H2O,2977,0.633333,0.0
0.9,48,0.5175,0.5521,0.6,2980,4967,CAUSAL,2980,0.495833,0.0
0.9,48,0.5175,0.5521,0.6,2980,4967,ORACLE,2978,0.875,1.0
0.9,49,0.3284,0.6108,0.2,980,4902,RT,976,0.1125,0.0
0.9,49,0.3284,0.6108,0.2,980,4902,H2O,976,0.266667,0.0
0.9,49,0.3284,0.6108,0.2,980,4902,CAUSAL,980,0.1375,0.0
0.9,49,0.3284,0.6108,0.2,980,4902,ORACLE,975,0.295833,0.0
0.9,49,0.3284,0.6108,0.3,1470,4902,RT,1464,0.291667,0.0
0.9,49,0.3284,0.6108,0.3,1470,4902,H2O,1467,0.475,0.0
0.9,49,0.3284,0.6108,0.3,1470,4902,CAUSAL,1464,0.183333,0.0
0.9,49,0.3284,0.6108,0.3,1470,4902,ORACLE,1466,0.3875,0.0
0.9,49,0.3284,0.6108,0.4,1960,4902,RT,1957,0.383333,0.0
0.9,49,0.3284,0.6108,0.4,1960,4902,H2O,1953,0.554167,0.0
0.9,49,0.3284,0.6108,0.4,1960,4902,CAUSAL,1959,0.2625,0.0
0.9,49,0.3284,0.6108,0.4,1960,4902,ORACLE,1951,0.4375,0.0
0.9,49,0.3284,0.6108,0.5,2451,4902,RT,2444,0.516667,0.0
0.9,49,0.3284,0.6108,0.5,2451,4902,H2O,2451,0.5875,0.0
0.9,49,0.3284,0.6108,0.5,2451,4902,CAUSAL,2451,0.3125,0.0
0.9,49,0.3284,0.6108,0.5,2451,4902,ORACLE,2444,0.6125,1.0
0.9,49,0.3284,0.6108,0.6,2941,4902,RT,2941,0.554167,0.0
0.9,49,0.3284,0.6108,0.6,2941,4902,H2O,2928,0.695833,0.0
0.9,49,0.3284,0.6108,0.6,2941,4902,CAUSAL,2940,0.4,0.0
0.9,49,0.3284,0.6108,0.6,2941,4902,ORACLE,2941,0.845833,1.0
0.9,50,0.6708,0.6199,0.2,826,4131,RT,826,0.25,0.0
0.9,50,0.6708,0.6199,0.2,826,4131,H2O,819,0.25,0.0
0.9,50,0.6708,0.6199,0.2,826,4131,CAUSAL,823,0.354167,0.0
0.9,50,0.6708,0.6199,0.2,826,4131,ORACLE,819,0.35,1.0
0.9,50,0.6708,0.6199,0.3,1239,4131,RT,1237,0.258333,0.0
0.9,50,0.6708,0.6199,0.3,1239,4131,H2O,1231,0.433333,0.0
0.9,50,0.6708,0.6199,0.3,1239,4131,CAUSAL,1229,0.5,0.0
0.9,50,0.6708,0.6199,0.3,1239,4131,ORACLE,1236,0.741667,1.0
0.9,50,0.6708,0.6199,0.4,1652,4131,RT,1644,0.425,0.0
0.9,50,0.6708,0.6199,0.4,1652,4131,H2O,1645,0.483333,0.0
0.9,50,0.6708,0.6199,0.4,1652,4131,CAUSAL,1639,0.633333,0.0
0.9,50,0.6708,0.6199,0.4,1652,4131,ORACLE,1648,0.8625,1.0
0.9,50,0.6708,0.6199,0.5,2065,4131,RT,2065,0.575,0.0
0.9,50,0.6708,0.6199,0.5,2065,4131,H2O,2063,0.558333,0.0
0.9,50,0.6708,0.6199,0.5,2065,4131,CAUSAL,2057,0.683333,0.0
0.9,50,0.6708,0.6199,0.5,2065,4131,ORACLE,2063,0.829167,1.0
0.9,50,0.6708,0.6199,0.6,2478,4131,RT,2477,0.679167,0.0
0.9,50,0.6708,0.6199,0.6,2478,4131,H2O,2473,0.625,0.0
0.9,50,0.6708,0.6199,0.6,2478,4131,CAUSAL,2476,0.741667,0.0
0.9,50,0.6708,0.6199,0.6,2478,4131,ORACLE,2477,0.920833,1.0
0.9,51,0.4074,0.6274,0.2,1082,5414,RT,1081,0.366667,0.0
0.9,51,0.4074,0.6274,0.2,1082,5414,H2O,1080,0.254167,0.0
0.9,51,0.4074,0.6274,0.2,1082,5414,CAUSAL,1079,0.2375,0.0
0.9,51,0.4074,0.6274,0.2,1082,5414,ORACLE,1079,0.529167,1.0
0.9,51,0.4074,0.6274,0.3,1624,5414,RT,1617,0.470833,0.0
0.9,51,0.4074,0.6274,0.3,1624,5414,H2O,1616,0.375,0.0
0.9,51,0.4074,0.6274,0.3,1624,5414,CAUSAL,1623,0.2625,0.0
0.9,51,0.4074,0.6274,0.3,1624,5414,ORACLE,1614,0.8,1.0
0.9,51,0.4074,0.6274,0.4,2165,5414,RT,2162,0.495833,0.0
0.9,51,0.4074,0.6274,0.4,2165,5414,H2O,2156,0.4375,0.0
0.9,51,0.4074,0.6274,0.4,2165,5414,CAUSAL,2163,0.354167,0.0
0.9,51,0.4074,0.6274,0.4,2165,5414,ORACLE,2160,0.841667,1.0
0.9,51,0.4074,0.6274,0.5,2707,5414,RT,2701,0.5875,0.0
0.9,51,0.4074,0.6274,0.5,2707,5414,H2O,2707,0.583333,0.0
0.9,51,0.4074,0.6274,0.5,2707,5414,CAUSAL,2696,0.516667,0.0
0.9,51,0.4074,0.6274,0.5,2707,5414,ORACLE,2707,0.879167,1.0
0.9,51,0.4074,0.6274,0.6,3248,5414,RT,3239,0.675,0.0
0.9,51,0.4074,0.6274,0.6,3248,5414,H2O,3243,0.7375,0.0
0.9,51,0.4074,0.6274,0.6,3248,5414,CAUSAL,3248,0.620833,0.0
0.9,51,0.4074,0.6274,0.6,3248,5414,ORACLE,3237,0.920833,1.0
0.9,52,0.528,0.5817,0.2,909,4549,RT,901,0.204167,0.0
0.9,52,0.528,0.5817,0.2,909,4549,H2O,901,0.170833,0.0
0.9,52,0.528,0.5817,0.2,909,4549,CAUSAL,904,0.233333,0.0
0.9,52,0.528,0.5817,0.2,909,4549,ORACLE,905,0.445833,0.0
0.9,52,0.528,0.5817,0.3,1364,4549,RT,1356,0.329167,0.0
0.9,52,0.528,0.5817,0.3,1364,4549,H2O,1362,0.3125,0.0
0.9,52,0.528,0.5817,0.3,1364,4549,CAUSAL,1362,0.475,0.0
0.9,52,0.528,0.5817,0.3,1364,4549,ORACLE,1362,0.7375,1.0
0.9,52,0.528,0.5817,0.4,1819,4549,RT,1818,0.320833,0.0
0.9,52,0.528,0.5817,0.4,1819,4549,H2O,1810,0.379167,0.0
0.9,52,0.528,0.5817,0.4,1819,4549,CAUSAL,1818,0.645833,0.0
0.9,52,0.528,0.5817,0.4,1819,4549,ORACLE,1816,0.795833,1.0
0.9,52,0.528,0.5817,0.5,2274,4549,RT,2269,0.445833,0.0
0.9,52,0.528,0.5817,0.5,2274,4549,H2O,2273,0.5125,0.0
0.9,52,0.528,0.5817,0.5,2274,4549,CAUSAL,2268,0.675,0.0
0.9,52,0.528,0.5817,0.5,2274,4549,ORACLE,2266,0.875,1.0
0.9,52,0.528,0.5817,0.6,2729,4549,RT,2723,0.566667,0.0
0.9,52,0.528,0.5817,0.6,2729,4549,H2O,2723,0.645833,0.0
0.9,52,0.528,0.5817,0.6,2729,4549,CAUSAL,2711,0.795833,0.0
0.9,52,0.528,0.5817,0.6,2729,4549,ORACLE,2723,0.9125,1.0
0.9,53,0.4062,0.8293,0.2,901,4508,RT,894,0.220833,0.0
0.9,53,0.4062,0.8293,0.2,901,4508,H2O,901,0.3,0.0
0.9,53,0.4062,0.8293,0.2,901,4508,CAUSAL,900,0.225,0.0
0.9,53,0.4062,0.8293,0.2,901,4508,ORACLE,895,0.4,0.0
0.9,53,0.4062,0.8293,0.3,1352,4508,RT,1351,0.333333,0.0
0.9,53,0.4062,0.8293,0.3,1352,4508,H2O,1345,0.329167,0.0
0.9,53,0.4062,0.8293,0.3,1352,4508,CAUSAL,1348,0.35,0.0
0.9,53,0.4062,0.8293,0.3,1352,4508,ORACLE,1346,0.704167,1.0
0.9,53,0.4062,0.8293,0.4,1803,4508,RT,1801,0.495833,0.0
0.9,53,0.4062,0.8293,0.4,1803,4508,H2O,1803,0.3875,0.0
0.9,53,0.4062,0.8293,0.4,1803,4508,CAUSAL,1800,0.4375,0.0
0.9,53,0.4062,0.8293,0.4,1803,4508,ORACLE,1802,0.825,1.0
0.9,53,0.4062,0.8293,0.5,2254,4508,RT,2247,0.583333,0.0
0.9,53,0.4062,0.8293,0.5,2254,4508,H2O,2252,0.525,0.0
0.9,53,0.4062,0.8293,0.5,2254,4508,CAUSAL,2254,0.595833,1.0
0.9,53,0.4062,0.8293,0.5,2254,4508,ORACLE,2246,0.891667,1.0
0.9,53,0.4062,0.8293,0.6,2704,4508,RT,2698,0.708333,0.0
0.9,53,0.4062,0.8293,0.6,2704,4508,H2O,2697,0.608333,0.0
0.9,53,0.4062,0.8293,0.6,2704,4508,CAUSAL,2699,0.5625,1.0
0.9,53,0.4062,0.8293,0.6,2704,4508,ORACLE,2700,0.916667,1.0
0.9,54,0.6116,0.7236,0.2,1061,5308,RT,1057,0.145833,0.0
0.9,54,0.6116,0.7236,0.2,1061,5308,H2O,1056,0.158333,0.0
0.9,54,0.6116,0.7236,0.2,1061,5308,CAUSAL,1061,0.329167,0.0
0.9,54,0.6116,0.7236,0.2,1061,5308,ORACLE,1058,0.425,0.0
0.9,54,0.6116,0.7236,0.3,1592,5308,RT,1590,0.245833,0.0
0.9,54,0.6116,0.7236,0.3,1592,5308,H2O,1590,0.279167,0.0
0.9,54,0.6116,0.7236,0.3,1592,5308,CAUSAL,1582,0.441667,0.0
0.9,54,0.6116,0.7236,0.3,1592,5308,ORACLE,1586,0.6875,1.0
0.9,54,0.6116,0.7236,0.4,2123,5308,RT,2117,0.3,0.0
0.9,54,0.6116,0.7236,0.4,2123,5308,H2O,2119,0.366667,0.0
0.9,54,0.6116,0.7236,0.4,2123,5308,CAUSAL,2115,0.4875,0.0
0.9,54,0.6116,0.7236,0.4,2123,5308,ORACLE,2122,0.795833,1.0
0.9,54,0.6116,0.7236,0.5,2654,5308,RT,2653,0.4,0.0
0.9,54,0.6116,0.7236,0.5,2654,5308,H2O,2653,0.358333,0.0
0.9,54,0.6116,0.7236,0.5,2654,5308,CAUSAL,2641,0.545833,0.0
0.9,54,0.6116,0.7236,0.5,2654,5308,ORACLE,2651,0.816667,1.0
0.9,54,0.6116,0.7236,0.6,3184,5308,RT,3175,0.458333,0.0
0.9,54,0.6116,0.7236,0.6,3184,5308,H2O,3184,0.5125,0.0
0.9,54,0.6116,0.7236,0.6,3184,5308,CAUSAL,3180,0.704167,0.0
0.9,54,0.6116,0.7236,0.6,3184,5308,ORACLE,3183,0.8875,1.0
0.9,55,0.1786,0.6296,0.2,745,3727,RT,742,0.158333,0.0
0.9,55,0.1786,0.6296,0.2,745,3727,H2O,744,0.175,0.0
0.9,55,0.1786,0.6296,0.2,745,3727,CAUSAL,739,0.220833,0.0
0.9,55,0.1786,0.6296,0.2,745,3727,ORACLE,742,0.295833,0.0
0.9,55,0.1786,0.6296,0.3,1118,3727,RT,1112,0.216667,0.0
0.9,55,0.1786,0.6296,0.3,1118,3727,H2O,1118,0.341667,0.0
0.9,55,0.1786,0.6296,0.3,1118,3727,CAUSAL,1110,0.275,0.0
0.9,55,0.1786,0.6296,0.3,1118,3727,ORACLE,1117,0.641667,1.0
0.9,55,0.1786,0.6296,0.4,1490,3727,RT,1486,0.391667,0.0
0.9,55,0.1786,0.6296,0.4,1490,3727,H2O,1483,0.358333,0.0
0.9,55,0.1786,0.6296,0.4,1490,3727,CAUSAL,1489,0.316667,0.0
0.9,55,0.1786,0.6296,0.4,1490,3727,ORACLE,1485,0.729167,1.0
0.9,55,0.1786,0.6296,0.5,1863,3727,RT,1861,0.441667,0.0
0.9,55,0.1786,0.6296,0.5,1863,3727,H2O,1854,0.4875,0.0
0.9,55,0.1786,0.6296,0.5,1863,3727,CAUSAL,1862,0.4625,0.0
0.9,55,0.1786,0.6296,0.5,1863,3727,ORACLE,1856,0.7875,1.0
0.9,55,0.1786,0.6296,0.6,2236,3727,RT,2236,0.608333,0.0
0.9,55,0.1786,0.6296,0.6,2236,3727,H2O,2227,0.566667,0.0
0.9,55,0.1786,0.6296,0.6,2236,3727,CAUSAL,2228,0.566667,0.0
0.9,55,0.1786,0.6296,0.6,2236,3727,ORACLE,2231,0.825,1.0
0.9,56,0.5052,0.4466,0.2,840,4204,RT,840,0.158333,0.0
0.9,56,0.5052,0.4466,0.2,840,4204,H2O,838,0.2625,0.0
0.9,56,0.5052,0.4466,0.2,840,4204,CAUSAL,837,0.216667,0.0
0.9,56,0.5052,0.4466,0.2,840,4204,ORACLE,833,0.379167,0.0
0.9,56,0.5052,0.4466,0.3,1261,4204,RT,1255,0.3375,0.0
0.9,56,0.5052,0.4466,0.3,1261,4204,H2O,1257,0.5,0.0
0.9,56,0.5052,0.4466,0.3,1261,4204,CAUSAL,1257,0.245833,0.0
0.9,56,0.5052,0.4466,0.3,1261,4204,ORACLE,1260,0.7875,1.0
0.9,56,0.5052,0.4466,0.4,1681,4204,RT,1681,0.370833,0.0
0.9,56,0.5052,0.4466,0.4,1681,4204,H2O,1674,0.475,0.0
0.9,56,0.5052,0.4466,0.4,1681,4204,CAUSAL,1681,0.4125,0.0
0.9,56,0.5052,0.4466,0.4,1681,4204,ORACLE,1676,0.904167,1.0
0.9,56,0.5052,0.4466,0.5,2102,4204,RT,2097,0.445833,0.0
0.9,56,0.5052,0.4466,0.5,2102,4204,H2O,2098,0.541667,0.0
0.9,56,0.5052,0.4466,0.5,2102,4204,CAUSAL,2102,0.420833,0.0
0.9,56,0.5052,0.4466,0.5,2102,4204,ORACLE,2101,0.916667,1.0
0.9,56,0.5052,0.4466,0.6,2522,4204,RT,2515,0.625,0.0
0.9,56,0.5052,0.4466,0.6,2522,4204,H2O,2519,0.679167,0.0
0.9,56,0.5052,0.4466,0.6,2522,4204,CAUSAL,2522,0.558333,0.0
0.9,56,0.5052,0.4466,0.6,2522,4204,ORACLE,2518,0.933333,1.0
0.9,57,0.5359,0.544,0.2,921,4608,RT,915,0.195833,0.0
0.9,57,0.5359,0.544,0.2,921,4608,H2O,921,0.25,0.0
0.9,57,0.5359,0.544,0.2,921,4608,CAUSAL,917,0.233333,0.0
0.9,57,0.5359,0.544,0.2,921,4608,ORACLE,921,0.245833,0.0
0.9,57,0.5359,0.544,0.3,1382,4608,RT,1381,0.2625,0.0
0.9,57,0.5359,0.544,0.3,1382,4608,H2O,1375,0.329167,0.0
0.9,57,0.5359,0.544,0.3,1382,4608,CAUSAL,1382,0.291667,0.0
0.9,57,0.5359,0.544,0.3,1382,4608,ORACLE,1380,0.491667,1.0
0.9,57,0.5359,0.544,0.4,1843,4608,RT,1839,0.408333,0.0
0.9,57,0.5359,0.544,0.4,1843,4608,H2O,1838,0.504167,0.0
0.9,57,0.5359,0.544,0.4,1843,4608,CAUSAL,1841,0.3,0.0
0.9,57,0.5359,0.544,0.4,1843,4608,ORACLE,1835,0.766667,1.0
0.9,57,0.5359,0.544,0.5,2304,4608,RT,2303,0.6,0.0
0.9,57,0.5359,0.544,0.5,2304,4608,H2O,2297,0.620833,0.0
0.9,57,0.5359,0.544,0.5,2304,4608,CAUSAL,2299,0.475,0.0
0.9,57,0.5359,0.544,0.5,2304,4608,ORACLE,2297,0.804167,1.0
0.9,57,0.5359,0.544,0.6,2764,4608,RT,2760,0.675,0.0
0.9,57,0.5359,0.544,0.6,2764,4608,H2O,2751,0.695833,0.0
0.9,57,0.5359,0.544,0.6,2764,4608,CAUSAL,2755,0.720833,0.0
0.9,57,0.5359,0.544,0.6,2764,4608,ORACLE,2761,0.904167,1.0
0.9,58,0.384,0.6636,0.2,945,4727,RT,944,0.3375,0.0
0.9,58,0.384,0.6636,0.2,945,4727,H2O,941,0.375,0.0
0.9,58,0.384,0.6636,0.2,945,4727,CAUSAL,941,0.216667,0.0
0.9,58,0.384,0.6636,0.2,945,4727,ORACLE,945,0.629167,1.0
0.9,58,0.384,0.6636,0.3,1418,4727,RT,1415,0.4625,0.0
0.9,58,0.384,0.6636,0.3,1418,4727,H2O,1418,0.420833,0.0
0.9,58,0.384,0.6636,0.3,1418,4727,CAUSAL,1415,0.408333,0.0
0.9,58,0.384,0.6636,0.3,1418,4727,ORACLE,1409,0.825,1.0
0.9,58,0.384,0.6636,0.4,1890,4727,RT,1888,0.5,0.0
0.9,58,0.384,0.6636,0.4,1890,4727,H2O,1880,0.520833,0.0
0.9,58,0.384,0.6636,0.4,1890,4727,CAUSAL,1880,0.545833,0.0
0.9,58,0.384,0.6636,0.4,1890,4727,ORACLE,1887,0.845833,1.0
0.9,58,0.384,0.6636,0.5,2363,4727,RT,2359,0.65,0.0
0.9,58,0.384,0.6636,0.5,2363,4727,H2O,2352,0.691667,0.0
0.9,58,0.384,0.6636,0.5,2363,4727,CAUSAL,2363,0.65,1.0
0.9,58,0.384,0.6636,0.5,2363,4727,ORACLE,2358,0.904167,1.0
0.9,58,0.384,0.6636,0.6,2836,4727,RT,2830,0.708333,0.0
0.9,58,0.384,0.6636,0.6,2836,4727,H2O,2829,0.75,0.0
0.9,58,0.384,0.6636,0.6,2836,4727,CAUSAL,2836,0.7625,1.0
0.9,58,0.384,0.6636,0.6,2836,4727,ORACLE,2835,0.95,1.0
0.9,59,0.5298,0.6836,0.2,917,4587,RT,910,0.1625,0.0
0.9,59,0.5298,0.6836,0.2,917,4587,H2O,911,0.1875,0.0
0.9,59,0.5298,0.6836,0.2,917,4587,CAUSAL,909,0.2,0.0
0.9,59,0.5298,0.6836,0.2,917,4587,ORACLE,917,0.458333,1.0
0.9,59,0.5298,0.6836,0.3,1376,4587,RT,1372,0.2625,0.0
0.9,59,0.5298,0.6836,0.3,1376,4587,H2O,1374,0.229167,0.0
0.9,59,0.5298,0.6836,0.3,1376,4587,CAUSAL,1376,0.345833,0.0
0.9,59,0.5298,0.6836,0.3,1376,4587,ORACLE,1376,0.804167,1.0
0.9,59,0.5298,0.6836,0.4,1834,4587,RT,1831,0.325,0.0
0.9,59,0.5298,0.6836,0.4,1834,4587,H2O,1830,0.3625,0.0
0.9,59,0.5298,0.6836,0.4,1834,4587,CAUSAL,1825,0.420833,0.0
0.9,59,0.5298,0.6836,0.4,1834,4587,ORACLE,1833,0.8,1.0
0.9,59,0.5298,0.6836,0.5,2293,4587,RT,2289,0.395833,0.0
0.9,59,0.5298,0.6836,0.5,2293,4587,H2O,2292,0.583333,0.0
0.9,59,0.5298,0.6836,0.5,2293,4587,CAUSAL,2284,0.425,0.0
0.9,59,0.5298,0.6836,0.5,2293,4587,ORACLE,2286,0.891667,1.0
0.9,59,0.5298,0.6836,0.6,2752,4587,RT,2750,0.679167,0.0
0.9,59,0.5298,0.6836,0.6,2752,4587,H2O,2752,0.629167,0.0
0.9,59,0.5298,0.6836,0.6,2752,4587,CAUSAL,2749,0.5125,0.0
0.9,59,0.5298,0.6836,0.6,2752,4587,ORACLE,2751,0.9375,1.0
0.9,60,0.6197,0.5547,0.2,894,4471,RT,886,0.320833,0.0
0.9,60,0.6197,0.5547,0.2,894,4471,H2O,892,0.454167,0.0
0.9,60,0.6197,0.5547,0.2,894,4471,CAUSAL,893,0.3875,0.0
0.9,60,0.6197,0.5547,0.2,894,4471,ORACLE,889,0.308333,0.0
0.9,60,0.6197,0.5547,0.3,1341,4471,RT,1329,0.358333,0.0
0.9,60,0.6197,0.5547,0.3,1341,4471,H2O,1326,0.495833,0.0
0.9,60,0.6197,0.5547,0.3,1341,4471,CAUSAL,1340,0.420833,0.0
0.9,60,0.6197,0.5547,0.3,1341,4471,ORACLE,1335,0.341667,0.0
0.9,60,0.6197,0.5547,0.4,1788,4471,RT,1784,0.5,0.0
0.9,60,0.6197,0.5547,0.4,1788,4471,H2O,1787,0.595833,0.0
0.9,60,0.6197,0.5547,0.4,1788,4471,CAUSAL,1776,0.520833,0.0
0.9,60,0.6197,0.5547,0.4,1788,4471,ORACLE,1784,0.720833,1.0
0.9,60,0.6197,0.5547,0.5,2235,4471,RT,2228,0.629167,0.0
0.9,60,0.6197,0.5547,0.5,2235,4471,H2O,2222,0.6625,0.0
0.9,60,0.6197,0.5547,0.5,2235,4471,CAUSAL,2234,0.679167,0.0
0.9,60,0.6197,0.5547,0.5,2235,4471,ORACLE,2230,0.866667,1.0
0.9,60,0.6197,0.5547,0.6,2682,4471,RT,2671,0.825,0.0
0.9,60,0.6197,0.5547,0.6,2682,4471,H2O,2681,0.733333,0.0
0.9,60,0.6197,0.5547,0.6,2682,4471,CAUSAL,2678,0.804167,0.0
0.9,60,0.6197,0.5547,0.6,2682,4471,ORACLE,2672,0.891667,1.0
0.9,61,0.4904,0.546,0.2,993,4967,RT,993,0.1875,0.0
0.9,61,0.4904,0.546,0.2,993,4967,H2O,992,0.3,0.0
0.9,61,0.4904,0.546,0.2,993,4967,CAUSAL,991,0.220833,0.0
0.9,61,0.4904,0.546,0.2,993,4967,ORACLE,987,0.3,0.0
0.9,61,0.4904,0.546,0.3,1490,4967,RT,1488,0.354167,0.0
0.9,61,0.4904,0.546,0.3,1490,4967,H2O,1480,0.383333,0.0
0.9,61,0.4904,0.546,0.3,1490,4967,CAUSAL,1489,0.341667,0.0
0.9,61,0.4904,0.546,0.3,1490,4967,ORACLE,1489,0.666667,1.0
0.9,61,0.4904,0.546,0.4,1986,4967,RT,1982,0.4375,0.0
0.9,61,0.4904,0.546,0.4,1986,4967,H2O,1979,0.504167,0.0
0.9,61,0.4904,0.546,0.4,1986,4967,CAUSAL,1975,0.45,0.0
0.9,61,0.4904,0.546,0.4,1986,4967,ORACLE,1980,0.816667,1.0
0.9,61,0.4904,0.546,0.5,2483,4967,RT,2478,0.591667,0.0
0.9,61,0.4904,0.546,0.5,2483,4967,H2O,2481,0.579167,0.0
0.9,61,0.4904,0.546,0.5,2483,4967,CAUSAL,2481,0.5875,0.0
0.9,61,0.4904,0.546,0.5,2483,4967,ORACLE,2482,0.845833,1.0
0.9,61,0.4904,0.546,0.6,2980,4967,RT,2970,0.629167,0.0
0.9,61,0.4904,0.546,0.6,2980,4967,H2O,2976,0.604167,0.0
0.9,61,0.4904,0.546,0.6,2980,4967,CAUSAL,2976,0.629167,0.0
0.9,61,0.4904,0.546,0.6,2980,4967,ORACLE,2978,0.925,1.0
0.9,62,0.402,0.4691,0.2,983,4915,RT,983,0.3,0.0
0.9,62,0.402,0.4691,0.2,983,4915,H2O,983,0.304167,0.0
0.9,62,0.402,0.4691,0.2,983,4915,CAUSAL,980,0.1375,0.0
0.9,62,0.402,0.4691,0.2,983,4915,ORACLE,976,0.695833,1.0
0.9,62,0.402,0.4691,0.3,1474,4915,RT,1465,0.354167,0.0
0.9,62,0.402,0.4691,0.3,1474,4915,H2O,1472,0.425,0.0
0.9,62,0.402,0.4691,0.3,1474,4915,CAUSAL,1472,0.2625,0.0
0.9,62,0.402,0.4691,0.3,1474,4915,ORACLE,1472,0.879167,1.0
0.9,62,0.402,0.4691,0.4,1966,4915,RT,1964,0.491667,0.0
0.9,62,0.402,0.4691,0.4,1966,4915,H2O,1956,0.475,0.0
0.9,62,0.402,0.4691,0.4,1966,4915,CAUSAL,1960,0.170833,0.0
0.9,62,0.402,0.4691,0.4,1966,4915,ORACLE,1960,0.916667,1.0
0.9,62,0.402,0.4691,0.5,2457,4915,RT,2456,0.483333,0.0
0.9,62,0.402,0.4691,0.5,2457,4915,H2O,2454,0.608333,0.0
0.9,62,0.402,0.4691,0.5,2457,4915,CAUSAL,2454,0.458333,0.0
0.9,62,0.402,0.4691,0.5,2457,4915,ORACLE,2455,0.95,1.0
0.9,62,0.402,0.4691,0.6,2949,4915,RT,2946,0.65,0.0
0.9,62,0.402,0.4691,0.6,2949,4915,H2O,2945,0.6875,0.0
0.9,62,0.402,0.4691,0.6,2949,4915,CAUSAL,2947,0.558333,0.0
0.9,62,0.402,0.4691,0.6,2949,4915,ORACLE,2940,0.9625,1.0
0.9,63,0.4991,0.5608,0.2,1086,5430,RT,1082,0.208333,0.0
0.9,63,0.4991,0.5608,0.2,1086,5430,H2O,1085,0.233333,0.0
0.9,63,0.4991,0.5608,0.2,1086,5430,CAUSAL,1082,0.329167,0.0
0.9,63,0.4991,0.5608,0.2,1086,5430,ORACLE,1079,0.291667,0.0
0.9,63,0.4991,0.5608,0.3,1629,5430,RT,1627,0.325,0.0
0.9,63,0.4991,0.5608,0.3,1629,5430,H2O,1627,0.325,0.0
0.9,63,0.4991,0.5608,0.3,1629,5430,CAUSAL,1627,0.425,0.0
0.9,63,0.4991,0.5608,0.3,1629,5430,ORACLE,1626,0.591667,1.0
0.9,63,0.4991,0.5608,0.4,2172,5430,RT,2169,0.458333,0.0
0.9,63,0.4991,0.5608,0.4,2172,5430,H2O,2165,0.458333,0.0
0.9,63,0.4991,0.5608,0.4,2172,5430,CAUSAL,2164,0.525,0.0
0.9,63,0.4991,0.5608,0.4,2172,5430,ORACLE,2161,0.733333,1.0
0.9,63,0.4991,0.5608,0.5,2715,5430,RT,2715,0.45,0.0
0.9,63,0.4991,0.5608,0.5,2715,5430,H2O,2710,0.508333,0.0
0.9,63,0.4991,0.5608,0.5,2715,5430,CAUSAL,2707,0.65,0.0
0.9,63,0.4991,0.5608,0.5,2715,5430,ORACLE,2703,0.795833,1.0
0.9,63,0.4991,0.5608,0.6,3258,5430,RT,3256,0.595833,0.0
0.9,63,0.4991,0.5608,0.6,3258,5430,H2O,3247,0.645833,0.0
0.9,63,0.4991,0.5608,0.6,3258,5430,CAUSAL,3244,0.745833,0.0
0.9,63,0.4991,0.5608,0.6,3258,5430,ORACLE,3251,0.870833,1.0
