n_blocks,prefix_tokens,prefix_MiB,pcie_bw_GBs,concurrency,p_rr,prefill_tps,gap_median_s,ttft_evict_recompute_s,fetch_contended_s,fetch_eff_s,ttft_prefetch_mean_s,ttft_prefetch_p90_s,prefetch_wins,win_margin_s,wasted_MiB_per_cycle,bw_bound
32,512,28.0,8.0,1,0.5,30000,0.2,0.01707,0.00367,0.00734,0.0,0.0,1,0.01707,14.0,0
32,512,28.0,8.0,1,0.5,60000,0.2,0.00853,0.00367,0.00734,0.0,0.0,1,0.00853,14.0,0
32,512,28.0,8.0,1,0.5,120000,0.2,0.00427,0.00367,0.00734,0.0,0.0,1,0.00427,14.0,0
32,512,28.0,8.0,1,0.5,30000,0.5,0.01707,0.00367,0.00734,0.0,0.0,1,0.01707,14.0,0
32,512,28.0,8.0,1,0.5,60000,0.5,0.00853,0.00367,0.00734,0.0,0.0,1,0.00853,14.0,0
32,512,28.0,8.0,1,0.5,120000,0.5,0.00427,0.00367,0.00734,0.0,0.0,1,0.00427,14.0,0
32,512,28.0,8.0,1,0.5,30000,1.0,0.01707,0.00367,0.00734,0.0,0.0,1,0.01707,14.0,0
32,512,28.0,8.0,1,0.5,60000,1.0,0.00853,0.00367,0.00734,0.0,0.0,1,0.00853,14.0,0
32,512,28.0,8.0,1,0.5,120000,1.0,0.00427,0.00367,0.00734,0.0,0.0,1,0.00427,14.0,0
32,512,28.0,8.0,1,0.5,30000,2.0,0.01707,0.00367,0.00734,0.0,0.0,1,0.01707,14.0,0
32,512,28.0,8.0,1,0.5,60000,2.0,0.00853,0.00367,0.00734,0.0,0.0,1,0.00853,14.0,0
32,512,28.0,8.0,1,0.5,120000,2.0,0.00427,0.00367,0.00734,0.0,0.0,1,0.00427,14.0,0
32,512,28.0,8.0,1,0.5,30000,5.0,0.01707,0.00367,0.00734,0.0,0.0,1,0.01707,14.0,0
32,512,28.0,8.0,1,0.5,60000,5.0,0.00853,0.00367,0.00734,0.0,0.0,1,0.00853,14.0,0
32,512,28.0,8.0,1,0.5,120000,5.0,0.00427,0.00367,0.00734,0.0,0.0,1,0.00427,14.0,0
32,512,28.0,8.0,1,0.5,30000,10.0,0.01707,0.00367,0.00734,0.0,0.0,1,0.01707,14.0,0
32,512,28.0,8.0,1,0.5,60000,10.0,0.00853,0.00367,0.00734,0.0,0.0,1,0.00853,14.0,0
32,512,28.0,8.0,1,0.5,120000,10.0,0.00427,0.00367,0.00734,0.0,0.0,1,0.00427,14.0,0
32,512,28.0,8.0,1,0.5,30000,30.0,0.01707,0.00367,0.00734,0.0,0.0,1,0.01707,14.0,0
32,512,28.0,8.0,1,0.5,60000,30.0,0.00853,0.00367,0.00734,0.0,0.0,1,0.00853,14.0,0
32,512,28.0,8.0,1,0.5,120000,30.0,0.00427,0.00367,0.00734,0.0,0.0,1,0.00427,14.0,0
32,512,28.0,8.0,1,0.7,30000,0.2,0.01707,0.00367,0.00524,0.0,0.0,1,0.01707,8.4,0
32,512,28.0,8.0,1,0.7,60000,0.2,0.00853,0.00367,0.00524,0.0,0.0,1,0.00853,8.4,0
32,512,28.0,8.0,1,0.7,120000,0.2,0.00427,0.00367,0.00524,0.0,0.0,1,0.00427,8.4,0
32,512,28.0,8.0,1,0.7,30000,0.5,0.01707,0.00367,0.00524,0.0,0.0,1,0.01707,8.4,0
32,512,28.0,8.0,1,0.7,60000,0.5,0.00853,0.00367,0.00524,0.0,0.0,1,0.00853,8.4,0
32,512,28.0,8.0,1,0.7,120000,0.5,0.00427,0.00367,0.00524,0.0,0.0,1,0.00427,8.4,0
32,512,28.0,8.0,1,0.7,30000,1.0,0.01707,0.00367,0.00524,0.0,0.0,1,0.01707,8.4,0
32,512,28.0,8.0,1,0.7,60000,1.0,0.00853,0.00367,0.00524,0.0,0.0,1,0.00853,8.4,0
32,512,28.0,8.0,1,0.7,120000,1.0,0.00427,0.00367,0.00524,0.0,0.0,1,0.00427,8.4,0
32,512,28.0,8.0,1,0.7,30000,2.0,0.01707,0.00367,0.00524,0.0,0.0,1,0.01707,8.4,0
32,512,28.0,8.0,1,0.7,60000,2.0,0.00853,0.00367,0.00524,0.0,0.0,1,0.00853,8.4,0
32,512,28.0,8.0,1,0.7,120000,2.0,0.00427,0.00367,0.00524,0.0,0.0,1,0.00427,8.4,0
32,512,28.0,8.0,1,0.7,30000,5.0,0.01707,0.00367,0.00524,0.0,0.0,1,0.01707,8.4,0
32,512,28.0,8.0,1,0.7,60000,5.0,0.00853,0.00367,0.00524,0.0,0.0,1,0.00853,8.4,0
32,512,28.0,8.0,1,0.7,120000,5.0,0.00427,0.00367,0.00524,0.0,0.0,1,0.00427,8.4,0
32,512,28.0,8.0,1,0.7,30000,10.0,0.01707,0.00367,0.00524,0.0,0.0,1,0.01707,8.4,0
32,512,28.0,8.0,1,0.7,60000,10.0,0.00853,0.00367,0.00524,0.0,0.0,1,0.00853,8.4,0
32,512,28.0,8.0,1,0.7,120000,10.0,0.00427,0.00367,0.00524,0.0,0.0,1,0.00427,8.4,0
32,512,28.0,8.0,1,0.7,30000,30.0,0.01707,0.00367,0.00524,0.0,0.0,1,0.01707,8.4,0
32,512,28.0,8.0,1,0.7,60000,30.0,0.00853,0.00367,0.00524,0.0,0.0,1,0.00853,8.4,0
32,512,28.0,8.0,1,0.7,120000,30.0,0.00427,0.00367,0.00524,0.0,0.0,1,0.00427,8.4,0
32,512,28.0,8.0,1,0.9,30000,0.2,0.01707,0.00367,0.00408,0.0,0.0,1,0.01707,2.8,0
32,512,28.0,8.0,1,0.9,60000,0.2,0.00853,0.00367,0.00408,0.0,0.0,1,0.00853,2.8,0
32,512,28.0,8.0,1,0.9,120000,0.2,0.00427,0.00367,0.00408,0.0,0.0,1,0.00427,2.8,0
32,512,28.0,8.0,1,0.9,30000,0.5,0.01707,0.00367,0.00408,0.0,0.0,1,0.01707,2.8,0
32,512,28.0,8.0,1,0.9,60000,0.5,0.00853,0.00367,0.00408,0.0,0.0,1,0.00853,2.8,0
32,512,28.0,8.0,1,0.9,120000,0.5,0.00427,0.00367,0.00408,0.0,0.0,1,0.00427,2.8,0
32,512,28.0,8.0,1,0.9,30000,1.0,0.01707,0.00367,0.00408,0.0,0.0,1,0.01707,2.8,0
32,512,28.0,8.0,1,0.9,60000,1.0,0.00853,0.00367,0.00408,0.0,0.0,1,0.00853,2.8,0
32,512,28.0,8.0,1,0.9,120000,1.0,0.00427,0.00367,0.00408,0.0,0.0,1,0.00427,2.8,0
32,512,28.0,8.0,1,0.9,30000,2.0,0.01707,0.00367,0.00408,0.0,0.0,1,0.01707,2.8,0
32,512,28.0,8.0,1,0.9,60000,2.0,0.00853,0.00367,0.00408,0.0,0.0,1,0.00853,2.8,0
32,512,28.0,8.0,1,0.9,120000,2.0,0.00427,0.00367,0.00408,0.0,0.0,1,0.00427,2.8,0
32,512,28.0,8.0,1,0.9,30000,5.0,0.01707,0.00367,0.00408,0.0,0.0,1,0.01707,2.8,0
32,512,28.0,8.0,1,0.9,60000,5.0,0.00853,0.00367,0.00408,0.0,0.0,1,0.00853,2.8,0
32,512,28.0,8.0,1,0.9,120000,5.0,0.00427,0.00367,0.00408,0.0,0.0,1,0.00427,2.8,0
32,512,28.0,8.0,1,0.9,30000,10.0,0.01707,0.00367,0.00408,0.0,0.0,1,0.01707,2.8,0
32,512,28.0,8.0,1,0.9,60000,10.0,0.00853,0.00367,0.00408,0.0,0.0,1,0.00853,2.8,0
32,512,28.0,8.0,1,0.9,120000,10.0,0.00427,0.00367,0.00408,0.0,0.0,1,0.00427,2.8,0
32,512,28.0,8.0,1,0.9,30000,30.0,0.01707,0.00367,0.00408,0.0,0.0,1,0.01707,2.8,0
32,512,28.0,8.0,1,0.9,60000,30.0,0.00853,0.00367,0.00408,0.0,0.0,1,0.00853,2.8,0
32,512,28.0,8.0,1,0.9,120000,30.0,0.00427,0.00367,0.00408,0.0,0.0,1,0.00427,2.8,0
32,512,28.0,8.0,1,0.99,30000,0.2,0.01707,0.00367,0.00371,0.0,0.0,1,0.01707,0.28,0
32,512,28.0,8.0,1,0.99,60000,0.2,0.00853,0.00367,0.00371,0.0,0.0,1,0.00853,0.28,0
32,512,28.0,8.0,1,0.99,120000,0.2,0.00427,0.00367,0.00371,0.0,0.0,1,0.00427,0.28,0
32,512,28.0,8.0,1,0.99,30000,0.5,0.01707,0.00367,0.00371,0.0,0.0,1,0.01707,0.28,0
32,512,28.0,8.0,1,0.99,60000,0.5,0.00853,0.00367,0.00371,0.0,0.0,1,0.00853,0.28,0
32,512,28.0,8.0,1,0.99,120000,0.5,0.00427,0.00367,0.00371,0.0,0.0,1,0.00427,0.28,0
32,512,28.0,8.0,1,0.99,30000,1.0,0.01707,0.00367,0.00371,0.0,0.0,1,0.01707,0.28,0
32,512,28.0,8.0,1,0.99,60000,1.0,0.00853,0.00367,0.00371,0.0,0.0,1,0.00853,0.28,0
32,512,28.0,8.0,1,0.99,120000,1.0,0.00427,0.00367,0.00371,0.0,0.0,1,0.00427,0.28,0
32,512,28.0,8.0,1,0.99,30000,2.0,0.01707,0.00367,0.00371,0.0,0.0,1,0.01707,0.28,0
32,512,28.0,8.0,1,0.99,60000,2.0,0.00853,0.00367,0.00371,0.0,0.0,1,0.00853,0.28,0
32,512,28.0,8.0,1,0.99,120000,2.0,0.00427,0.00367,0.00371,0.0,0.0,1,0.00427,0.28,0
32,512,28.0,8.0,1,0.99,30000,5.0,0.01707,0.00367,0.00371,0.0,0.0,1,0.01707,0.28,0
32,512,28.0,8.0,1,0.99,60000,5.0,0.00853,0.00367,0.00371,0.0,0.0,1,0.00853,0.28,0
32,512,28.0,8.0,1,0.99,120000,5.0,0.00427,0.00367,0.00371,0.0,0.0,1,0.00427,0.28,0
32,512,28.0,8.0,1,0.99,30000,10.0,0.01707,0.00367,0.00371,0.0,0.0,1,0.01707,0.28,0
32,512,28.0,8.0,1,0.99,60000,10.0,0.00853,0.00367,0.00371,0.0,0.0,1,0.00853,0.28,0
32,512,28.0,8.0,1,0.99,120000,10.0,0.00427,0.00367,0.00371,0.0,0.0,1,0.00427,0.28,0
32,512,28.0,8.0,1,0.99,30000,30.0,0.01707,0.00367,0.00371,0.0,0.0,1,0.01707,0.28,0
32,512,28.0,8.0,1,0.99,60000,30.0,0.00853,0.00367,0.00371,0.0,0.0,1,0.00853,0.28,0
32,512,28.0,8.0,1,0.99,120000,30.0,0.00427,0.00367,0.00371,0.0,0.0,1,0.00427,0.28,0
32,512,28.0,8.0,2,0.5,30000,0.2,0.01707,0.00734,0.01468,0.0,0.0,1,0.01707,14.0,0
32,512,28.0,8.0,2,0.5,60000,0.2,0.00853,0.00734,0.01468,0.0,0.0,1,0.00853,14.0,0
32,512,28.0,8.0,2,0.5,120000,0.2,0.00427,0.00734,0.01468,0.0,0.0,1,0.00427,14.0,0
32,512,28.0,8.0,2,0.5,30000,0.5,0.01707,0.00734,0.01468,0.0,0.0,1,0.01707,14.0,0
32,512,28.0,8.0,2,0.5,60000,0.5,0.00853,0.00734,0.01468,0.0,0.0,1,0.00853,14.0,0
32,512,28.0,8.0,2,0.5,120000,0.5,0.00427,0.00734,0.01468,0.0,0.0,1,0.00427,14.0,0
32,512,28.0,8.0,2,0.5,30000,1.0,0.01707,0.00734,0.01468,0.0,0.0,1,0.01707,14.0,0
32,512,28.0,8.0,2,0.5,60000,1.0,0.00853,0.00734,0.01468,0.0,0.0,1,0.00853,14.0,0
32,512,28.0,8.0,2,0.5,120000,1.0,0.00427,0.00734,0.01468,0.0,0.0,1,0.00427,14.0,0
32,512,28.0,8.0,2,0.5,30000,2.0,0.01707,0.00734,0.01468,0.0,0.0,1,0.01707,14.0,0
32,512,28.0,8.0,2,0.5,60000,2.0,0.00853,0.00734,0.01468,0.0,0.0,1,0.00853,14.0,0
32,512,28.0,8.0,2,0.5,120000,2.0,0.00427,0.00734,0.01468,0.0,0.0,1,0.00427,14.0,0
32,512,28.0,8.0,2,0.5,30000,5.0,0.01707,0.00734,0.01468,0.0,0.0,1,0.01707,14.0,0
32,512,28.0,8.0,2,0.5,60000,5.0,0.00853,0.00734,0.01468,0.0,0.0,1,0.00853,14.0,0
32,512,28.0,8.0,2,0.5,120000,5.0,0.00427,0.00734,0.01468,0.0,0.0,1,0.00427,14.0,0
32,512,28.0,8.0,2,0.5,30000,10.0,0.01707,0.00734,0.01468,0.0,0.0,1,0.01707,14.0,0
32,512,28.0,8.0,2,0.5,60000,10.0,0.00853,0.00734,0.01468,0.0,0.0,1,0.00853,14.0,0
32,512,28.0,8.0,2,0.5,120000,10.0,0.00427,0.00734,0.01468,0.0,0.0,1,0.00427,14.0,0
32,512,28.0,8.0,2,0.5,30000,30.0,0.01707,0.00734,0.01468,0.0,0.0,1,0.01707,14.0,0
32,512,28.0,8.0,2,0.5,60000,30.0,0.00853,0.00734,0.01468,0.0,0.0,1,0.00853,14.0,0
32,512,28.0,8.0,2,0.5,120000,30.0,0.00427,0.00734,0.01468,0.0,0.0,1,0.00427,14.0,0
32,512,28.0,8.0,2,0.7,30000,0.2,0.01707,0.00734,0.01049,0.0,0.0,1,0.01707,8.4,0
32,512,28.0,8.0,2,0.7,60000,0.2,0.00853,0.00734,0.01049,0.0,0.0,1,0.00853,8.4,0
32,512,28.0,8.0,2,0.7,120000,0.2,0.00427,0.00734,0.01049,0.0,0.0,1,0.00427,8.4,0
32,512,28.0,8.0,2,0.7,30000,0.5,0.01707,0.00734,0.01049,0.0,0.0,1,0.01707,8.4,0
32,512,28.0,8.0,2,0.7,60000,0.5,0.00853,0.00734,0.01049,0.0,0.0,1,0.00853,8.4,0
32,512,28.0,8.0,2,0.7,120000,0.5,0.00427,0.00734,0.01049,0.0,0.0,1,0.00427,8.4,0
32,512,28.0,8.0,2,0.7,30000,1.0,0.01707,0.00734,0.01049,0.0,0.0,1,0.01707,8.4,0
32,512,28.0,8.0,2,0.7,60000,1.0,0.00853,0.00734,0.01049,0.0,0.0,1,0.00853,8.4,0
32,512,28.0,8.0,2,0.7,120000,1.0,0.00427,0.00734,0.01049,0.0,0.0,1,0.00427,8.4,0
32,512,28.0,8.0,2,0.7,30000,2.0,0.01707,0.00734,0.01049,0.0,0.0,1,0.01707,8.4,0
32,512,28.0,8.0,2,0.7,60000,2.0,0.00853,0.00734,0.01049,0.0,0.0,1,0.00853,8.4,0
32,512,28.0,8.0,2,0.7,120000,2.0,0.00427,0.00734,0.01049,0.0,0.0,1,0.00427,8.4,0
32,512,28.0,8.0,2,0.7,30000,5.0,0.01707,0.00734,0.01049,0.0,0.0,1,0.01707,8.4,0
32,512,28.0,8.0,2,0.7,60000,5.0,0.00853,0.00734,0.01049,0.0,0.0,1,0.00853,8.4,0
32,512,28.0,8.0,2,0.7,120000,5.0,0.00427,0.00734,0.01049,0.0,0.0,1,0.00427,8.4,0
32,512,28.0,8.0,2,0.7,30000,10.0,0.01707,0.00734,0.01049,0.0,0.0,1,0.01707,8.4,0
32,512,28.0,8.0,2,0.7,60000,10.0,0.00853,0.00734,0.01049,0.0,0.0,1,0.00853,8.4,0
32,512,28.0,8.0,2,0.7,120000,10.0,0.00427,0.00734,0.01049,0.0,0.0,1,0.00427,8.4,0
32,512,28.0,8.0,2,0.7,30000,30.0,0.01707,0.00734,0.01049,0.0,0.0,1,0.01707,8.4,0
32,512,28.0,8.0,2,0.7,60000,30.0,0.00853,0.00734,0.01049,0.0,0.0,1,0.00853,8.4,0
32,512,28.0,8.0,2,0.7,120000,30.0,0.00427,0.00734,0.01049,0.0,0.0,1,0.00427,8.4,0
32,512,28.0,8.0,2,0.9,30000,0.2,0.01707,0.00734,0.00816,0.0,0.0,1,0.01707,2.8,0
32,512,28.0,8.0,2,0.9,60000,0.2,0.00853,0.00734,0.00816,0.0,0.0,1,0.00853,2.8,0
32,512,28.0,8.0,2,0.9,120000,0.2,0.00427,0.00734,0.00816,0.0,0.0,1,0.00427,2.8,0
32,512,28.0,8.0,2,0.9,30000,0.5,0.01707,0.00734,0.00816,0.0,0.0,1,0.01707,2.8,0
32,512,28.0,8.0,2,0.9,60000,0.5,0.00853,0.00734,0.00816,0.0,0.0,1,0.00853,2.8,0
32,512,28.0,8.0,2,0.9,120000,0.5,0.00427,0.00734,0.00816,0.0,0.0,1,0.00427,2.8,0
32,512,28.0,8.0,2,0.9,30000,1.0,0.01707,0.00734,0.00816,0.0,0.0,1,0.01707,2.8,0
32,512,28.0,8.0,2,0.9,60000,1.0,0.00853,0.00734,0.00816,0.0,0.0,1,0.00853,2.8,0
32,512,28.0,8.0,2,0.9,120000,1.0,0.00427,0.00734,0.00816,0.0,0.0,1,0.00427,2.8,0
32,512,28.0,8.0,2,0.9,30000,2.0,0.01707,0.00734,0.00816,0.0,0.0,1,0.01707,2.8,0
32,512,28.0,8.0,2,0.9,60000,2.0,0.00853,0.00734,0.00816,0.0,0.0,1,0.00853,2.8,0
32,512,28.0,8.0,2,0.9,120000,2.0,0.00427,0.00734,0.00816,0.0,0.0,1,0.00427,2.8,0
32,512,28.0,8.0,2,0.9,30000,5.0,0.01707,0.00734,0.00816,0.0,0.0,1,0.01707,2.8,0
32,512,28.0,8.0,2,0.9,60000,5.0,0.00853,0.00734,0.00816,0.0,0.0,1,0.00853,2.8,0
32,512,28.0,8.0,2,0.9,120000,5.0,0.00427,0.00734,0.00816,0.0,0.0,1,0.00427,2.8,0
32,512,28.0,8.0,2,0.9,30000,10.0,0.01707,0.00734,0.00816,0.0,0.0,1,0.01707,2.8,0
32,512,28.0,8.0,2,0.9,60000,10.0,0.00853,0.00734,0.00816,0.0,0.0,1,0.00853,2.8,0
32,512,28.0,8.0,2,0.9,120000,10.0,0.00427,0.00734,0.00816,0.0,0.0,1,0.00427,2.8,0
32,512,28.0,8.0,2,0.9,30000,30.0,0.01707,0.00734,0.00816,0.0,0.0,1,0.01707,2.8,0
32,512,28.0,8.0,2,0.9,60000,30.0,0.00853,0.00734,0.00816,0.0,0.0,1,0.00853,2.8,0
32,512,28.0,8.0,2,0.9,120000,30.0,0.00427,0.00734,0.00816,0.0,0.0,1,0.00427,2.8,0
32,512,28.0,8.0,2,0.99,30000,0.2,0.01707,0.00734,0.00741,0.0,0.0,1,0.01707,0.28,0
32,512,28.0,8.0,2,0.99,60000,0.2,0.00853,0.00734,0.00741,0.0,0.0,1,0.00853,0.28,0
32,512,28.0,8.0,2,0.99,120000,0.2,0.00427,0.00734,0.00741,0.0,0.0,1,0.00427,0.28,0
32,512,28.0,8.0,2,0.99,30000,0.5,0.01707,0.00734,0.00741,0.0,0.0,1,0.01707,0.28,0
32,512,28.0,8.0,2,0.99,60000,0.5,0.00853,0.00734,0.00741,0.0,0.0,1,0.00853,0.28,0
32,512,28.0,8.0,2,0.99,120000,0.5,0.00427,0.00734,0.00741,0.0,0.0,1,0.00427,0.28,0
32,512,28.0,8.0,2,0.99,30000,1.0,0.01707,0.00734,0.00741,0.0,0.0,1,0.01707,0.28,0
32,512,28.0,8.0,2,0.99,60000,1.0,0.00853,0.00734,0.00741,0.0,0.0,1,0.00853,0.28,0
32,512,28.0,8.0,2,0.99,120000,1.0,0.00427,0.00734,0.00741,0.0,0.0,1,0.00427,0.28,0
32,512,28.0,8.0,2,0.99,30000,2.0,0.01707,0.00734,0.00741,0.0,0.0,1,0.01707,0.28,0
32,512,28.0,8.0,2,0.99,60000,2.0,0.00853,0.00734,0.00741,0.0,0.0,1,0.00853,0.28,0
32,512,28.0,8.0,2,0.99,120000,2.0,0.00427,0.00734,0.00741,0.0,0.0,1,0.00427,0.28,0
32,512,28.0,8.0,2,0.99,30000,5.0,0.01707,0.00734,0.00741,0.0,0.0,1,0.01707,0.28,0
32,512,28.0,8.0,2,0.99,60000,5.0,0.00853,0.00734,0.00741,0.0,0.0,1,0.00853,0.28,0
32,512,28.0,8.0,2,0.99,120000,5.0,0.00427,0.00734,0.00741,0.0,0.0,1,0.00427,0.28,0
32,512,28.0,8.0,2,0.99,30000,10.0,0.01707,0.00734,0.00741,0.0,0.0,1,0.01707,0.28,0
32,512,28.0,8.0,2,0.99,60000,10.0,0.00853,0.00734,0.00741,0.0,0.0,1,0.00853,0.28,0
32,512,28.0,8.0,2,0.99,120000,10.0,0.00427,0.00734,0.00741,0.0,0.0,1,0.00427,0.28,0
32,512,28.0,8.0,2,0.99,30000,30.0,0.01707,0.00734,0.00741,0.0,0.0,1,0.01707,0.28,0
32,512,28.0,8.0,2,0.99,60000,30.0,0.00853,0.00734,0.00741,0.0,0.0,1,0.00853,0.28,0
32,512,28.0,8.0,2,0.99,120000,30.0,0.00427,0.00734,0.00741,0.0,0.0,1,0.00427,0.28,0
32,512,28.0,8.0,4,0.5,30000,0.2,0.01707,0.01468,0.02936,3e-05,0.0,1,0.01704,14.0,0
32,512,28.0,8.0,4,0.5,60000,0.2,0.00853,0.01468,0.02936,3e-05,0.0,1,0.00851,14.0,0
32,512,28.0,8.0,4,0.5,120000,0.2,0.00427,0.01468,0.02936,3e-05,0.0,1,0.00424,14.0,0
32,512,28.0,8.0,4,0.5,30000,0.5,0.01707,0.01468,0.02936,0.0,0.0,1,0.01707,14.0,0
32,512,28.0,8.0,4,0.5,60000,0.5,0.00853,0.01468,0.02936,0.0,0.0,1,0.00853,14.0,0
32,512,28.0,8.0,4,0.5,120000,0.5,0.00427,0.01468,0.02936,0.0,0.0,1,0.00427,14.0,0
32,512,28.0,8.0,4,0.5,30000,1.0,0.01707,0.01468,0.02936,0.0,0.0,1,0.01707,14.0,0
32,512,28.0,8.0,4,0.5,60000,1.0,0.00853,0.01468,0.02936,0.0,0.0,1,0.00853,14.0,0
32,512,28.0,8.0,4,0.5,120000,1.0,0.00427,0.01468,0.02936,0.0,0.0,1,0.00427,14.0,0
32,512,28.0,8.0,4,0.5,30000,2.0,0.01707,0.01468,0.02936,0.0,0.0,1,0.01707,14.0,0
32,512,28.0,8.0,4,0.5,60000,2.0,0.00853,0.01468,0.02936,0.0,0.0,1,0.00853,14.0,0
32,512,28.0,8.0,4,0.5,120000,2.0,0.00427,0.01468,0.02936,0.0,0.0,1,0.00427,14.0,0
32,512,28.0,8.0,4,0.5,30000,5.0,0.01707,0.01468,0.02936,0.0,0.0,1,0.01707,14.0,0
32,512,28.0,8.0,4,0.5,60000,5.0,0.00853,0.01468,0.02936,0.0,0.0,1,0.00853,14.0,0
32,512,28.0,8.0,4,0.5,120000,5.0,0.00427,0.01468,0.02936,0.0,0.0,1,0.00427,14.0,0
32,512,28.0,8.0,4,0.5,30000,10.0,0.01707,0.01468,0.02936,0.0,0.0,1,0.01707,14.0,0
32,512,28.0,8.0,4,0.5,60000,10.0,0.00853,0.01468,0.02936,0.0,0.0,1,0.00853,14.0,0
32,512,28.0,8.0,4,0.5,120000,10.0,0.00427,0.01468,0.02936,0.0,0.0,1,0.00427,14.0,0
32,512,28.0,8.0,4,0.5,30000,30.0,0.01707,0.01468,0.02936,0.0,0.0,1,0.01707,14.0,0
32,512,28.0,8.0,4,0.5,60000,30.0,0.00853,0.01468,0.02936,0.0,0.0,1,0.00853,14.0,0
32,512,28.0,8.0,4,0.5,120000,30.0,0.00427,0.01468,0.02936,0.0,0.0,1,0.00427,14.0,0
32,512,28.0,8.0,4,0.7,30000,0.2,0.01707,0.01468,0.02097,1e-05,0.0,1,0.01706,8.4,0
32,512,28.0,8.0,4,0.7,60000,0.2,0.00853,0.01468,0.02097,1e-05,0.0,1,0.00852,8.4,0
32,512,28.0,8.0,4,0.7,120000,0.2,0.00427,0.01468,0.02097,1e-05,0.0,1,0.00426,8.4,0
32,512,28.0,8.0,4,0.7,30000,0.5,0.01707,0.01468,0.02097,0.0,0.0,1,0.01707,8.4,0
32,512,28.0,8.0,4,0.7,60000,0.5,0.00853,0.01468,0.02097,0.0,0.0,1,0.00853,8.4,0
32,512,28.0,8.0,4,0.7,120000,0.5,0.00427,0.01468,0.02097,0.0,0.0,1,0.00427,8.4,0
32,512,28.0,8.0,4,0.7,30000,1.0,0.01707,0.01468,0.02097,0.0,0.0,1,0.01707,8.4,0
32,512,28.0,8.0,4,0.7,60000,1.0,0.00853,0.01468,0.02097,0.0,0.0,1,0.00853,8.4,0
32,512,28.0,8.0,4,0.7,120000,1.0,0.00427,0.01468,0.02097,0.0,0.0,1,0.00427,8.4,0
32,512,28.0,8.0,4,0.7,30000,2.0,0.01707,0.01468,0.02097,0.0,0.0,1,0.01707,8.4,0
32,512,28.0,8.0,4,0.7,60000,2.0,0.00853,0.01468,0.02097,0.0,0.0,1,0.00853,8.4,0
32,512,28.0,8.0,4,0.7,120000,2.0,0.00427,0.01468,0.02097,0.0,0.0,1,0.00427,8.4,0
32,512,28.0,8.0,4,0.7,30000,5.0,0.01707,0.01468,0.02097,0.0,0.0,1,0.01707,8.4,0
32,512,28.0,8.0,4,0.7,60000,5.0,0.00853,0.01468,0.02097,0.0,0.0,1,0.00853,8.4,0
32,512,28.0,8.0,4,0.7,120000,5.0,0.00427,0.01468,0.02097,0.0,0.0,1,0.00427,8.4,0
32,512,28.0,8.0,4,0.7,30000,10.0,0.01707,0.01468,0.02097,0.0,0.0,1,0.01707,8.4,0
32,512,28.0,8.0,4,0.7,60000,10.0,0.00853,0.01468,0.02097,0.0,0.0,1,0.00853,8.4,0
32,512,28.0,8.0,4,0.7,120000,10.0,0.00427,0.01468,0.02097,0.0,0.0,1,0.00427,8.4,0
32,512,28.0,8.0,4,0.7,30000,30.0,0.01707,0.01468,0.02097,0.0,0.0,1,0.01707,8.4,0
32,512,28.0,8.0,4,0.7,60000,30.0,0.00853,0.01468,0.02097,0.0,0.0,1,0.00853,8.4,0
32,512,28.0,8.0,4,0.7,120000,30.0,0.00427,0.01468,0.02097,0.0,0.0,1,0.00427,8.4,0
32,512,28.0,8.0,4,0.9,30000,0.2,0.01707,0.01468,0.01631,1e-05,0.0,1,0.01706,2.8,0
32,512,28.0,8.0,4,0.9,60000,0.2,0.00853,0.01468,0.01631,1e-05,0.0,1,0.00853,2.8,0
32,512,28.0,8.0,4,0.9,120000,0.2,0.00427,0.01468,0.01631,1e-05,0.0,1,0.00426,2.8,0
32,512,28.0,8.0,4,0.9,30000,0.5,0.01707,0.01468,0.01631,0.0,0.0,1,0.01707,2.8,0
32,512,28.0,8.0,4,0.9,60000,0.5,0.00853,0.01468,0.01631,0.0,0.0,1,0.00853,2.8,0
32,512,28.0,8.0,4,0.9,120000,0.5,0.00427,0.01468,0.01631,0.0,0.0,1,0.00427,2.8,0
32,512,28.0,8.0,4,0.9,30000,1.0,0.01707,0.01468,0.01631,0.0,0.0,1,0.01707,2.8,0
32,512,28.0,8.0,4,0.9,60000,1.0,0.00853,0.01468,0.01631,0.0,0.0,1,0.00853,2.8,0
32,512,28.0,8.0,4,0.9,120000,1.0,0.00427,0.01468,0.01631,0.0,0.0,1,0.00427,2.8,0
32,512,28.0,8.0,4,0.9,30000,2.0,0.01707,0.01468,0.01631,0.0,0.0,1,0.01707,2.8,0
32,512,28.0,8.0,4,0.9,60000,2.0,0.00853,0.01468,0.01631,0.0,0.0,1,0.00853,2.8,0
32,512,28.0,8.0,4,0.9,120000,2.0,0.00427,0.01468,0.01631,0.0,0.0,1,0.00427,2.8,0
32,512,28.0,8.0,4,0.9,30000,5.0,0.01707,0.01468,0.01631,0.0,0.0,1,0.01707,2.8,0
32,512,28.0,8.0,4,0.9,60000,5.0,0.00853,0.01468,0.01631,0.0,0.0,1,0.00853,2.8,0
32,512,28.0,8.0,4,0.9,120000,5.0,0.00427,0.01468,0.01631,0.0,0.0,1,0.00427,2.8,0
32,512,28.0,8.0,4,0.9,30000,10.0,0.01707,0.01468,0.01631,0.0,0.0,1,0.01707,2.8,0
32,512,28.0,8.0,4,0.9,60000,10.0,0.00853,0.01468,0.01631,0.0,0.0,1,0.00853,2.8,0
32,512,28.0,8.0,4,0.9,120000,10.0,0.00427,0.01468,0.01631,0.0,0.0,1,0.00427,2.8,0
32,512,28.0,8.0,4,0.9,30000,30.0,0.01707,0.01468,0.01631,0.0,0.0,1,0.01707,2.8,0
32,512,28.0,8.0,4,0.9,60000,30.0,0.00853,0.01468,0.01631,0.0,0.0,1,0.00853,2.8,0
32,512,28.0,8.0,4,0.9,120000,30.0,0.00427,0.01468,0.01631,0.0,0.0,1,0.00427,2.8,0
32,512,28.0,8.0,4,0.99,30000,0.2,0.01707,0.01468,0.01483,0.0,0.0,1,0.01707,0.28,0
32,512,28.0,8.0,4,0.99,60000,0.2,0.00853,0.01468,0.01483,0.0,0.0,1,0.00853,0.28,0
32,512,28.0,8.0,4,0.99,120000,0.2,0.00427,0.01468,0.01483,0.0,0.0,1,0.00427,0.28,0
32,512,28.0,8.0,4,0.99,30000,0.5,0.01707,0.01468,0.01483,0.0,0.0,1,0.01707,0.28,0
32,512,28.0,8.0,4,0.99,60000,0.5,0.00853,0.01468,0.01483,0.0,0.0,1,0.00853,0.28,0
32,512,28.0,8.0,4,0.99,120000,0.5,0.00427,0.01468,0.01483,0.0,0.0,1,0.00427,0.28,0
32,512,28.0,8.0,4,0.99,30000,1.0,0.01707,0.01468,0.01483,0.0,0.0,1,0.01707,0.28,0
32,512,28.0,8.0,4,0.99,60000,1.0,0.00853,0.01468,0.01483,0.0,0.0,1,0.00853,0.28,0
32,512,28.0,8.0,4,0.99,120000,1.0,0.00427,0.01468,0.01483,0.0,0.0,1,0.00427,0.28,0
32,512,28.0,8.0,4,0.99,30000,2.0,0.01707,0.01468,0.01483,0.0,0.0,1,0.01707,0.28,0
32,512,28.0,8.0,4,0.99,60000,2.0,0.00853,0.01468,0.01483,0.0,0.0,1,0.00853,0.28,0
32,512,28.0,8.0,4,0.99,120000,2.0,0.00427,0.01468,0.01483,0.0,0.0,1,0.00427,0.28,0
32,512,28.0,8.0,4,0.99,30000,5.0,0.01707,0.01468,0.01483,0.0,0.0,1,0.01707,0.28,0
32,512,28.0,8.0,4,0.99,60000,5.0,0.00853,0.01468,0.01483,0.0,0.0,1,0.00853,0.28,0
32,512,28.0,8.0,4,0.99,120000,5.0,0.00427,0.01468,0.01483,0.0,0.0,1,0.00427,0.28,0
32,512,28.0,8.0,4,0.99,30000,10.0,0.01707,0.01468,0.01483,0.0,0.0,1,0.01707,0.28,0
32,512,28.0,8.0,4,0.99,60000,10.0,0.00853,0.01468,0.01483,0.0,0.0,1,0.00853,0.28,0
32,512,28.0,8.0,4,0.99,120000,10.0,0.00427,0.01468,0.01483,0.0,0.0,1,0.00427,0.28,0
32,512,28.0,8.0,4,0.99,30000,30.0,0.01707,0.01468,0.01483,0.0,0.0,1,0.01707,0.28,0
32,512,28.0,8.0,4,0.99,60000,30.0,0.00853,0.01468,0.01483,0.0,0.0,1,0.00853,0.28,0
32,512,28.0,8.0,4,0.99,120000,30.0,0.00427,0.01468,0.01483,0.0,0.0,1,0.00427,0.28,0
32,512,28.0,8.0,8,0.5,30000,0.2,0.01707,0.02936,0.05872,0.00084,0.0,1,0.01623,14.0,0
32,512,28.0,8.0,8,0.5,60000,0.2,0.00853,0.02936,0.05872,0.00084,0.0,1,0.00769,14.0,0
32,512,28.0,8.0,8,0.5,120000,0.2,0.00427,0.02936,0.05872,0.00084,0.0,1,0.00343,14.0,0
32,512,28.0,8.0,8,0.5,30000,0.5,0.01707,0.02936,0.05872,4e-05,0.0,1,0.01702,14.0,0
32,512,28.0,8.0,8,0.5,60000,0.5,0.00853,0.02936,0.05872,4e-05,0.0,1,0.00849,14.0,0
32,512,28.0,8.0,8,0.5,120000,0.5,0.00427,0.02936,0.05872,4e-05,0.0,1,0.00422,14.0,0
32,512,28.0,8.0,8,0.5,30000,1.0,0.01707,0.02936,0.05872,1e-05,0.0,1,0.01706,14.0,0
32,512,28.0,8.0,8,0.5,60000,1.0,0.00853,0.02936,0.05872,1e-05,0.0,1,0.00853,14.0,0
32,512,28.0,8.0,8,0.5,120000,1.0,0.00427,0.02936,0.05872,1e-05,0.0,1,0.00426,14.0,0
32,512,28.0,8.0,8,0.5,30000,2.0,0.01707,0.02936,0.05872,0.0,0.0,1,0.01707,14.0,0
32,512,28.0,8.0,8,0.5,60000,2.0,0.00853,0.02936,0.05872,0.0,0.0,1,0.00853,14.0,0
32,512,28.0,8.0,8,0.5,120000,2.0,0.00427,0.02936,0.05872,0.0,0.0,1,0.00427,14.0,0
32,512,28.0,8.0,8,0.5,30000,5.0,0.01707,0.02936,0.05872,0.0,0.0,1,0.01707,14.0,0
32,512,28.0,8.0,8,0.5,60000,5.0,0.00853,0.02936,0.05872,0.0,0.0,1,0.00853,14.0,0
32,512,28.0,8.0,8,0.5,120000,5.0,0.00427,0.02936,0.05872,0.0,0.0,1,0.00427,14.0,0
32,512,28.0,8.0,8,0.5,30000,10.0,0.01707,0.02936,0.05872,0.0,0.0,1,0.01707,14.0,0
32,512,28.0,8.0,8,0.5,60000,10.0,0.00853,0.02936,0.05872,0.0,0.0,1,0.00853,14.0,0
32,512,28.0,8.0,8,0.5,120000,10.0,0.00427,0.02936,0.05872,0.0,0.0,1,0.00427,14.0,0
32,512,28.0,8.0,8,0.5,30000,30.0,0.01707,0.02936,0.05872,0.0,0.0,1,0.01707,14.0,0
32,512,28.0,8.0,8,0.5,60000,30.0,0.00853,0.02936,0.05872,0.0,0.0,1,0.00853,14.0,0
32,512,28.0,8.0,8,0.5,120000,30.0,0.00427,0.02936,0.05872,0.0,0.0,1,0.00427,14.0,0
32,512,28.0,8.0,8,0.7,30000,0.2,0.01707,0.02936,0.04194,0.00029,0.0,1,0.01677,8.4,0
32,512,28.0,8.0,8,0.7,60000,0.2,0.00853,0.02936,0.04194,0.00029,0.0,1,0.00824,8.4,0
32,512,28.0,8.0,8,0.7,120000,0.2,0.00427,0.02936,0.04194,0.00029,0.0,1,0.00397,8.4,0
32,512,28.0,8.0,8,0.7,30000,0.5,0.01707,0.02936,0.04194,1e-05,0.0,1,0.01706,8.4,0
32,512,28.0,8.0,8,0.7,60000,0.5,0.00853,0.02936,0.04194,1e-05,0.0,1,0.00853,8.4,0
32,512,28.0,8.0,8,0.7,120000,0.5,0.00427,0.02936,0.04194,1e-05,0.0,1,0.00426,8.4,0
32,512,28.0,8.0,8,0.7,30000,1.0,0.01707,0.02936,0.04194,0.0,0.0,1,0.01707,8.4,0
32,512,28.0,8.0,8,0.7,60000,1.0,0.00853,0.02936,0.04194,0.0,0.0,1,0.00853,8.4,0
32,512,28.0,8.0,8,0.7,120000,1.0,0.00427,0.02936,0.04194,0.0,0.0,1,0.00427,8.4,0
32,512,28.0,8.0,8,0.7,30000,2.0,0.01707,0.02936,0.04194,0.0,0.0,1,0.01707,8.4,0
32,512,28.0,8.0,8,0.7,60000,2.0,0.00853,0.02936,0.04194,0.0,0.0,1,0.00853,8.4,0
32,512,28.0,8.0,8,0.7,120000,2.0,0.00427,0.02936,0.04194,0.0,0.0,1,0.00427,8.4,0
32,512,28.0,8.0,8,0.7,30000,5.0,0.01707,0.02936,0.04194,0.0,0.0,1,0.01707,8.4,0
32,512,28.0,8.0,8,0.7,60000,5.0,0.00853,0.02936,0.04194,0.0,0.0,1,0.00853,8.4,0
32,512,28.0,8.0,8,0.7,120000,5.0,0.00427,0.02936,0.04194,0.0,0.0,1,0.00427,8.4,0
32,512,28.0,8.0,8,0.7,30000,10.0,0.01707,0.02936,0.04194,0.0,0.0,1,0.01707,8.4,0
32,512,28.0,8.0,8,0.7,60000,10.0,0.00853,0.02936,0.04194,0.0,0.0,1,0.00853,8.4,0
32,512,28.0,8.0,8,0.7,120000,10.0,0.00427,0.02936,0.04194,0.0,0.0,1,0.00427,8.4,0
32,512,28.0,8.0,8,0.7,30000,30.0,0.01707,0.02936,0.04194,0.0,0.0,1,0.01707,8.4,0
32,512,28.0,8.0,8,0.7,60000,30.0,0.00853,0.02936,0.04194,0.0,0.0,1,0.00853,8.4,0
32,512,28.0,8.0,8,0.7,120000,30.0,0.00427,0.02936,0.04194,0.0,0.0,1,0.00427,8.4,0
32,512,28.0,8.0,8,0.9,30000,0.2,0.01707,0.02936,0.03262,8e-05,0.0,1,0.01699,2.8,0
32,512,28.0,8.0,8,0.9,60000,0.2,0.00853,0.02936,0.03262,8e-05,0.0,1,0.00846,2.8,0
32,512,28.0,8.0,8,0.9,120000,0.2,0.00427,0.02936,0.03262,8e-05,0.0,1,0.00419,2.8,0
32,512,28.0,8.0,8,0.9,30000,0.5,0.01707,0.02936,0.03262,0.0,0.0,1,0.01707,2.8,0
32,512,28.0,8.0,8,0.9,60000,0.5,0.00853,0.02936,0.03262,0.0,0.0,1,0.00853,2.8,0
32,512,28.0,8.0,8,0.9,120000,0.5,0.00427,0.02936,0.03262,0.0,0.0,1,0.00427,2.8,0
32,512,28.0,8.0,8,0.9,30000,1.0,0.01707,0.02936,0.03262,0.0,0.0,1,0.01707,2.8,0
32,512,28.0,8.0,8,0.9,60000,1.0,0.00853,0.02936,0.03262,0.0,0.0,1,0.00853,2.8,0
32,512,28.0,8.0,8,0.9,120000,1.0,0.00427,0.02936,0.03262,0.0,0.0,1,0.00427,2.8,0
32,512,28.0,8.0,8,0.9,30000,2.0,0.01707,0.02936,0.03262,0.0,0.0,1,0.01707,2.8,0
32,512,28.0,8.0,8,0.9,60000,2.0,0.00853,0.02936,0.03262,0.0,0.0,1,0.00853,2.8,0
32,512,28.0,8.0,8,0.9,120000,2.0,0.00427,0.02936,0.03262,0.0,0.0,1,0.00427,2.8,0
32,512,28.0,8.0,8,0.9,30000,5.0,0.01707,0.02936,0.03262,0.0,0.0,1,0.01707,2.8,0
32,512,28.0,8.0,8,0.9,60000,5.0,0.00853,0.02936,0.03262,0.0,0.0,1,0.00853,2.8,0
32,512,28.0,8.0,8,0.9,120000,5.0,0.00427,0.02936,0.03262,0.0,0.0,1,0.00427,2.8,0
32,512,28.0,8.0,8,0.9,30000,10.0,0.01707,0.02936,0.03262,0.0,0.0,1,0.01707,2.8,0
32,512,28.0,8.0,8,0.9,60000,10.0,0.00853,0.02936,0.03262,0.0,0.0,1,0.00853,2.8,0
32,512,28.0,8.0,8,0.9,120000,10.0,0.00427,0.02936,0.03262,0.0,0.0,1,0.00427,2.8,0
32,512,28.0,8.0,8,0.9,30000,30.0,0.01707,0.02936,0.03262,0.0,0.0,1,0.01707,2.8,0
32,512,28.0,8.0,8,0.9,60000,30.0,0.00853,0.02936,0.03262,0.0,0.0,1,0.00853,2.8,0
32,512,28.0,8.0,8,0.9,120000,30.0,0.00427,0.02936,0.03262,0.0,0.0,1,0.00427,2.8,0
32,512,28.0,8.0,8,0.99,30000,0.2,0.01707,0.02936,0.02966,7e-05,0.0,1,0.01699,0.28,0
32,512,28.0,8.0,8,0.99,60000,0.2,0.00853,0.02936,0.02966,7e-05,0.0,1,0.00846,0.28,0
32,512,28.0,8.0,8,0.99,120000,0.2,0.00427,0.02936,0.02966,7e-05,0.0,1,0.00419,0.28,0
32,512,28.0,8.0,8,0.99,30000,0.5,0.01707,0.02936,0.02966,0.0,0.0,1,0.01707,0.28,0
32,512,28.0,8.0,8,0.99,60000,0.5,0.00853,0.02936,0.02966,0.0,0.0,1,0.00853,0.28,0
32,512,28.0,8.0,8,0.99,120000,0.5,0.00427,0.02936,0.02966,0.0,0.0,1,0.00427,0.28,0
32,512,28.0,8.0,8,0.99,30000,1.0,0.01707,0.02936,0.02966,0.0,0.0,1,0.01707,0.28,0
32,512,28.0,8.0,8,0.99,60000,1.0,0.00853,0.02936,0.02966,0.0,0.0,1,0.00853,0.28,0
32,512,28.0,8.0,8,0.99,120000,1.0,0.00427,0.02936,0.02966,0.0,0.0,1,0.00427,0.28,0
32,512,28.0,8.0,8,0.99,30000,2.0,0.01707,0.02936,0.02966,0.0,0.0,1,0.01707,0.28,0
32,512,28.0,8.0,8,0.99,60000,2.0,0.00853,0.02936,0.02966,0.0,0.0,1,0.00853,0.28,0
32,512,28.0,8.0,8,0.99,120000,2.0,0.00427,0.02936,0.02966,0.0,0.0,1,0.00427,0.28,0
32,512,28.0,8.0,8,0.99,30000,5.0,0.01707,0.02936,0.02966,0.0,0.0,1,0.01707,0.28,0
32,512,28.0,8.0,8,0.99,60000,5.0,0.00853,0.02936,0.02966,0.0,0.0,1,0.00853,0.28,0
32,512,28.0,8.0,8,0.99,120000,5.0,0.00427,0.02936,0.02966,0.0,0.0,1,0.00427,0.28,0
32,512,28.0,8.0,8,0.99,30000,10.0,0.01707,0.02936,0.02966,0.0,0.0,1,0.01707,0.28,0
32,512,28.0,8.0,8,0.99,60000,10.0,0.00853,0.02936,0.02966,0.0,0.0,1,0.00853,0.28,0
32,512,28.0,8.0,8,0.99,120000,10.0,0.00427,0.02936,0.02966,0.0,0.0,1,0.00427,0.28,0
32,512,28.0,8.0,8,0.99,30000,30.0,0.01707,0.02936,0.02966,0.0,0.0,1,0.01707,0.28,0
32,512,28.0,8.0,8,0.99,60000,30.0,0.00853,0.02936,0.02966,0.0,0.0,1,0.00853,0.28,0
32,512,28.0,8.0,8,0.99,120000,30.0,0.00427,0.02936,0.02966,0.0,0.0,1,0.00427,0.28,0
32,512,28.0,8.0,16,0.5,30000,0.2,0.01707,0.05872,0.11744,0.01072,0.04774,1,0.00634,14.0,0
32,512,28.0,8.0,16,0.5,60000,0.2,0.00853,0.05872,0.11744,0.01072,0.04774,0,-0.00219,14.0,0
32,512,28.0,8.0,16,0.5,120000,0.2,0.00427,0.05872,0.11744,0.01072,0.04774,0,-0.00646,14.0,0
32,512,28.0,8.0,16,0.5,30000,0.5,0.01707,0.05872,0.11744,0.00095,0.0,1,0.01611,14.0,0
32,512,28.0,8.0,16,0.5,60000,0.5,0.00853,0.05872,0.11744,0.00095,0.0,1,0.00758,14.0,0
32,512,28.0,8.0,16,0.5,120000,0.5,0.00427,0.05872,0.11744,0.00095,0.0,1,0.00331,14.0,0
32,512,28.0,8.0,16,0.5,30000,1.0,0.01707,0.05872,0.11744,0.0001,0.0,1,0.01697,14.0,0
32,512,28.0,8.0,16,0.5,60000,1.0,0.00853,0.05872,0.11744,0.0001,0.0,1,0.00844,14.0,0
32,512,28.0,8.0,16,0.5,120000,1.0,0.00427,0.05872,0.11744,0.0001,0.0,1,0.00417,14.0,0
32,512,28.0,8.0,16,0.5,30000,2.0,0.01707,0.05872,0.11744,0.0,0.0,1,0.01707,14.0,0
32,512,28.0,8.0,16,0.5,60000,2.0,0.00853,0.05872,0.11744,0.0,0.0,1,0.00853,14.0,0
32,512,28.0,8.0,16,0.5,120000,2.0,0.00427,0.05872,0.11744,0.0,0.0,1,0.00427,14.0,0
32,512,28.0,8.0,16,0.5,30000,5.0,0.01707,0.05872,0.11744,0.0,0.0,1,0.01707,14.0,0
32,512,28.0,8.0,16,0.5,60000,5.0,0.00853,0.05872,0.11744,0.0,0.0,1,0.00853,14.0,0
32,512,28.0,8.0,16,0.5,120000,5.0,0.00427,0.05872,0.11744,0.0,0.0,1,0.00427,14.0,0
32,512,28.0,8.0,16,0.5,30000,10.0,0.01707,0.05872,0.11744,0.0,0.0,1,0.01707,14.0,0
32,512,28.0,8.0,16,0.5,60000,10.0,0.00853,0.05872,0.11744,0.0,0.0,1,0.00853,14.0,0
32,512,28.0,8.0,16,0.5,120000,10.0,0.00427,0.05872,0.11744,0.0,0.0,1,0.00427,14.0,0
32,512,28.0,8.0,16,0.5,30000,30.0,0.01707,0.05872,0.11744,0.0,0.0,1,0.01707,14.0,0
32,512,28.0,8.0,16,0.5,60000,30.0,0.00853,0.05872,0.11744,0.0,0.0,1,0.00853,14.0,0
32,512,28.0,8.0,16,0.5,120000,30.0,0.00427,0.05872,0.11744,0.0,0.0,1,0.00427,14.0,0
32,512,28.0,8.0,16,0.7,30000,0.2,0.01707,0.05872,0.08389,0.00299,0.00829,1,0.01407,8.4,0
32,512,28.0,8.0,16,0.7,60000,0.2,0.00853,0.05872,0.08389,0.00299,0.00829,1,0.00554,8.4,0
32,512,28.0,8.0,16,0.7,120000,0.2,0.00427,0.05872,0.08389,0.00299,0.00829,1,0.00127,8.4,0
32,512,28.0,8.0,16,0.7,30000,0.5,0.01707,0.05872,0.08389,0.00016,0.0,1,0.01691,8.4,0
32,512,28.0,8.0,16,0.7,60000,0.5,0.00853,0.05872,0.08389,0.00016,0.0,1,0.00838,8.4,0
32,512,28.0,8.0,16,0.7,120000,0.5,0.00427,0.05872,0.08389,0.00016,0.0,1,0.00411,8.4,0
32,512,28.0,8.0,16,0.7,30000,1.0,0.01707,0.05872,0.08389,4e-05,0.0,1,0.01703,8.4,0
32,512,28.0,8.0,16,0.7,60000,1.0,0.00853,0.05872,0.08389,4e-05,0.0,1,0.0085,8.4,0
32,512,28.0,8.0,16,0.7,120000,1.0,0.00427,0.05872,0.08389,4e-05,0.0,1,0.00423,8.4,0
32,512,28.0,8.0,16,0.7,30000,2.0,0.01707,0.05872,0.08389,2e-05,0.0,1,0.01705,8.4,0
32,512,28.0,8.0,16,0.7,60000,2.0,0.00853,0.05872,0.08389,2e-05,0.0,1,0.00852,8.4,0
32,512,28.0,8.0,16,0.7,120000,2.0,0.00427,0.05872,0.08389,2e-05,0.0,1,0.00425,8.4,0
32,512,28.0,8.0,16,0.7,30000,5.0,0.01707,0.05872,0.08389,0.0,0.0,1,0.01707,8.4,0
32,512,28.0,8.0,16,0.7,60000,5.0,0.00853,0.05872,0.08389,0.0,0.0,1,0.00853,8.4,0
32,512,28.0,8.0,16,0.7,120000,5.0,0.00427,0.05872,0.08389,0.0,0.0,1,0.00427,8.4,0
32,512,28.0,8.0,16,0.7,30000,10.0,0.01707,0.05872,0.08389,0.0,0.0,1,0.01707,8.4,0
32,512,28.0,8.0,16,0.7,60000,10.0,0.00853,0.05872,0.08389,0.0,0.0,1,0.00853,8.4,0
32,512,28.0,8.0,16,0.7,120000,10.0,0.00427,0.05872,0.08389,0.0,0.0,1,0.00427,8.4,0
32,512,28.0,8.0,16,0.7,30000,30.0,0.01707,0.05872,0.08389,0.0,0.0,1,0.01707,8.4,0
32,512,28.0,8.0,16,0.7,60000,30.0,0.00853,0.05872,0.08389,0.0,0.0,1,0.00853,8.4,0
32,512,28.0,8.0,16,0.7,120000,30.0,0.00427,0.05872,0.08389,0.0,0.0,1,0.00427,8.4,0
32,512,28.0,8.0,16,0.9,30000,0.2,0.01707,0.05872,0.06524,0.00153,0.0,1,0.01553,2.8,0
32,512,28.0,8.0,16,0.9,60000,0.2,0.00853,0.05872,0.06524,0.00153,0.0,1,0.007,2.8,0
32,512,28.0,8.0,16,0.9,120000,0.2,0.00427,0.05872,0.06524,0.00153,0.0,1,0.00273,2.8,0
32,512,28.0,8.0,16,0.9,30000,0.5,0.01707,0.05872,0.06524,6e-05,0.0,1,0.01701,2.8,0
32,512,28.0,8.0,16,0.9,60000,0.5,0.00853,0.05872,0.06524,6e-05,0.0,1,0.00848,2.8,0
32,512,28.0,8.0,16,0.9,120000,0.5,0.00427,0.05872,0.06524,6e-05,0.0,1,0.00421,2.8,0
32,512,28.0,8.0,16,0.9,30000,1.0,0.01707,0.05872,0.06524,2e-05,0.0,1,0.01705,2.8,0
32,512,28.0,8.0,16,0.9,60000,1.0,0.00853,0.05872,0.06524,2e-05,0.0,1,0.00852,2.8,0
32,512,28.0,8.0,16,0.9,120000,1.0,0.00427,0.05872,0.06524,2e-05,0.0,1,0.00425,2.8,0
32,512,28.0,8.0,16,0.9,30000,2.0,0.01707,0.05872,0.06524,0.0,0.0,1,0.01707,2.8,0
32,512,28.0,8.0,16,0.9,60000,2.0,0.00853,0.05872,0.06524,0.0,0.0,1,0.00853,2.8,0
32,512,28.0,8.0,16,0.9,120000,2.0,0.00427,0.05872,0.06524,0.0,0.0,1,0.00427,2.8,0
32,512,28.0,8.0,16,0.9,30000,5.0,0.01707,0.05872,0.06524,0.0,0.0,1,0.01707,2.8,0
32,512,28.0,8.0,16,0.9,60000,5.0,0.00853,0.05872,0.06524,0.0,0.0,1,0.00853,2.8,0
32,512,28.0,8.0,16,0.9,120000,5.0,0.00427,0.05872,0.06524,0.0,0.0,1,0.00427,2.8,0
32,512,28.0,8.0,16,0.9,30000,10.0,0.01707,0.05872,0.06524,0.0,0.0,1,0.01707,2.8,0
32,512,28.0,8.0,16,0.9,60000,10.0,0.00853,0.05872,0.06524,0.0,0.0,1,0.00853,2.8,0
32,512,28.0,8.0,16,0.9,120000,10.0,0.00427,0.05872,0.06524,0.0,0.0,1,0.00427,2.8,0
32,512,28.0,8.0,16,0.9,30000,30.0,0.01707,0.05872,0.06524,0.0,0.0,1,0.01707,2.8,0
32,512,28.0,8.0,16,0.9,60000,30.0,0.00853,0.05872,0.06524,0.0,0.0,1,0.00853,2.8,0
32,512,28.0,8.0,16,0.9,120000,30.0,0.00427,0.05872,0.06524,0.0,0.0,1,0.00427,2.8,0
32,512,28.0,8.0,16,0.99,30000,0.2,0.01707,0.05872,0.05931,0.00086,0.0,1,0.01621,0.28,0
32,512,28.0,8.0,16,0.99,60000,0.2,0.00853,0.05872,0.05931,0.00086,0.0,1,0.00767,0.28,0
32,512,28.0,8.0,16,0.99,120000,0.2,0.00427,0.05872,0.05931,0.00086,0.0,1,0.00341,0.28,0
32,512,28.0,8.0,16,0.99,30000,0.5,0.01707,0.05872,0.05931,5e-05,0.0,1,0.01702,0.28,0
32,512,28.0,8.0,16,0.99,60000,0.5,0.00853,0.05872,0.05931,5e-05,0.0,1,0.00849,0.28,0
32,512,28.0,8.0,16,0.99,120000,0.5,0.00427,0.05872,0.05931,5e-05,0.0,1,0.00422,0.28,0
32,512,28.0,8.0,16,0.99,30000,1.0,0.01707,0.05872,0.05931,0.0,0.0,1,0.01707,0.28,0
32,512,28.0,8.0,16,0.99,60000,1.0,0.00853,0.05872,0.05931,0.0,0.0,1,0.00853,0.28,0
32,512,28.0,8.0,16,0.99,120000,1.0,0.00427,0.05872,0.05931,0.0,0.0,1,0.00427,0.28,0
32,512,28.0,8.0,16,0.99,30000,2.0,0.01707,0.05872,0.05931,0.0,0.0,1,0.01707,0.28,0
32,512,28.0,8.0,16,0.99,60000,2.0,0.00853,0.05872,0.05931,0.0,0.0,1,0.00853,0.28,0
32,512,28.0,8.0,16,0.99,120000,2.0,0.00427,0.05872,0.05931,0.0,0.0,1,0.00427,0.28,0
32,512,28.0,8.0,16,0.99,30000,5.0,0.01707,0.05872,0.05931,0.0,0.0,1,0.01707,0.28,0
32,512,28.0,8.0,16,0.99,60000,5.0,0.00853,0.05872,0.05931,0.0,0.0,1,0.00853,0.28,0
32,512,28.0,8.0,16,0.99,120000,5.0,0.00427,0.05872,0.05931,0.0,0.0,1,0.00427,0.28,0
32,512,28.0,8.0,16,0.99,30000,10.0,0.01707,0.05872,0.05931,0.0,0.0,1,0.01707,0.28,0
32,512,28.0,8.0,16,0.99,60000,10.0,0.00853,0.05872,0.05931,0.0,0.0,1,0.00853,0.28,0
32,512,28.0,8.0,16,0.99,120000,10.0,0.00427,0.05872,0.05931,0.0,0.0,1,0.00427,0.28,0
32,512,28.0,8.0,16,0.99,30000,30.0,0.01707,0.05872,0.05931,0.0,0.0,1,0.01707,0.28,0
32,512,28.0,8.0,16,0.99,60000,30.0,0.00853,0.05872,0.05931,0.0,0.0,1,0.00853,0.28,0
32,512,28.0,8.0,16,0.99,120000,30.0,0.00427,0.05872,0.05931,0.0,0.0,1,0.00427,0.28,0
32,512,28.0,8.0,32,0.5,30000,0.2,0.01707,0.11744,0.23488,0.06138,0.16157,0,-0.04431,14.0,1
32,512,28.0,8.0,32,0.5,60000,0.2,0.00853,0.11744,0.23488,0.06138,0.16157,0,-0.05284,14.0,1
32,512,28.0,8.0,32,0.5,120000,0.2,0.00427,0.11744,0.23488,0.06138,0.16157,0,-0.05711,14.0,1
32,512,28.0,8.0,32,0.5,30000,0.5,0.01707,0.11744,0.23488,0.01321,0.05884,1,0.00386,14.0,0
32,512,28.0,8.0,32,0.5,60000,0.5,0.00853,0.11744,0.23488,0.01321,0.05884,0,-0.00468,14.0,0
32,512,28.0,8.0,32,0.5,120000,0.5,0.00427,0.11744,0.23488,0.01321,0.05884,0,-0.00894,14.0,0
32,512,28.0,8.0,32,0.5,30000,1.0,0.01707,0.11744,0.23488,0.00271,0.0,1,0.01436,14.0,0
32,512,28.0,8.0,32,0.5,60000,1.0,0.00853,0.11744,0.23488,0.00271,0.0,1,0.00582,14.0,0
32,512,28.0,8.0,32,0.5,120000,1.0,0.00427,0.11744,0.23488,0.00271,0.0,1,0.00156,14.0,0
32,512,28.0,8.0,32,0.5,30000,2.0,0.01707,0.11744,0.23488,0.00022,0.0,1,0.01685,14.0,0
32,512,28.0,8.0,32,0.5,60000,2.0,0.00853,0.11744,0.23488,0.00022,0.0,1,0.00832,14.0,0
32,512,28.0,8.0,32,0.5,120000,2.0,0.00427,0.11744,0.23488,0.00022,0.0,1,0.00405,14.0,0
32,512,28.0,8.0,32,0.5,30000,5.0,0.01707,0.11744,0.23488,0.0,0.0,1,0.01707,14.0,0
32,512,28.0,8.0,32,0.5,60000,5.0,0.00853,0.11744,0.23488,0.0,0.0,1,0.00853,14.0,0
32,512,28.0,8.0,32,0.5,120000,5.0,0.00427,0.11744,0.23488,0.0,0.0,1,0.00427,14.0,0
32,512,28.0,8.0,32,0.5,30000,10.0,0.01707,0.11744,0.23488,0.0,0.0,1,0.01707,14.0,0
32,512,28.0,8.0,32,0.5,60000,10.0,0.00853,0.11744,0.23488,0.0,0.0,1,0.00853,14.0,0
32,512,28.0,8.0,32,0.5,120000,10.0,0.00427,0.11744,0.23488,0.0,0.0,1,0.00427,14.0,0
32,512,28.0,8.0,32,0.5,30000,30.0,0.01707,0.11744,0.23488,0.0,0.0,1,0.01707,14.0,0
32,512,28.0,8.0,32,0.5,60000,30.0,0.00853,0.11744,0.23488,0.0,0.0,1,0.00853,14.0,0
32,512,28.0,8.0,32,0.5,120000,30.0,0.00427,0.11744,0.23488,0.0,0.0,1,0.00427,14.0,0
32,512,28.0,8.0,32,0.7,30000,0.2,0.01707,0.11744,0.16777,0.02605,0.09468,0,-0.00898,8.4,0
32,512,28.0,8.0,32,0.7,60000,0.2,0.00853,0.11744,0.16777,0.02605,0.09468,0,-0.01751,8.4,0
32,512,28.0,8.0,32,0.7,120000,0.2,0.00427,0.11744,0.16777,0.02605,0.09468,0,-0.02178,8.4,0
32,512,28.0,8.0,32,0.7,30000,0.5,0.01707,0.11744,0.16777,0.00368,0.0,1,0.01339,8.4,0
32,512,28.0,8.0,32,0.7,60000,0.5,0.00853,0.11744,0.16777,0.00368,0.0,1,0.00486,8.4,0
32,512,28.0,8.0,32,0.7,120000,0.5,0.00427,0.11744,0.16777,0.00368,0.0,1,0.00059,8.4,0
32,512,28.0,8.0,32,0.7,30000,1.0,0.01707,0.11744,0.16777,0.00047,0.0,1,0.0166,8.4,0
32,512,28.0,8.0,32,0.7,60000,1.0,0.00853,0.11744,0.16777,0.00047,0.0,1,0.00806,8.4,0
32,512,28.0,8.0,32,0.7,120000,1.0,0.00427,0.11744,0.16777,0.00047,0.0,1,0.0038,8.4,0
32,512,28.0,8.0,32,0.7,30000,2.0,0.01707,0.11744,0.16777,2e-05,0.0,1,0.01705,8.4,0
32,512,28.0,8.0,32,0.7,60000,2.0,0.00853,0.11744,0.16777,2e-05,0.0,1,0.00852,8.4,0
32,512,28.0,8.0,32,0.7,120000,2.0,0.00427,0.11744,0.16777,2e-05,0.0,1,0.00425,8.4,0
32,512,28.0,8.0,32,0.7,30000,5.0,0.01707,0.11744,0.16777,0.0,0.0,1,0.01707,8.4,0
32,512,28.0,8.0,32,0.7,60000,5.0,0.00853,0.11744,0.16777,0.0,0.0,1,0.00853,8.4,0
32,512,28.0,8.0,32,0.7,120000,5.0,0.00427,0.11744,0.16777,0.0,0.0,1,0.00427,8.4,0
32,512,28.0,8.0,32,0.7,30000,10.0,0.01707,0.11744,0.16777,0.0,0.0,1,0.01707,8.4,0
32,512,28.0,8.0,32,0.7,60000,10.0,0.00853,0.11744,0.16777,0.0,0.0,1,0.00853,8.4,0
32,512,28.0,8.0,32,0.7,120000,10.0,0.00427,0.11744,0.16777,0.0,0.0,1,0.00427,8.4,0
32,512,28.0,8.0,32,0.7,30000,30.0,0.01707,0.11744,0.16777,0.0,0.0,1,0.01707,8.4,0
32,512,28.0,8.0,32,0.7,60000,30.0,0.00853,0.11744,0.16777,0.0,0.0,1,0.00853,8.4,0
32,512,28.0,8.0,32,0.7,120000,30.0,0.00427,0.11744,0.16777,0.0,0.0,1,0.00427,8.4,0
32,512,28.0,8.0,32,0.9,30000,0.2,0.01707,0.11744,0.13049,0.01479,0.06432,1,0.00228,2.8,0
32,512,28.0,8.0,32,0.9,60000,0.2,0.00853,0.11744,0.13049,0.01479,0.06432,0,-0.00625,2.8,0
32,512,28.0,8.0,32,0.9,120000,0.2,0.00427,0.11744,0.13049,0.01479,0.06432,0,-0.01052,2.8,0
32,512,28.0,8.0,32,0.9,30000,0.5,0.01707,0.11744,0.13049,0.00144,0.0,1,0.01563,2.8,0
32,512,28.0,8.0,32,0.9,60000,0.5,0.00853,0.11744,0.13049,0.00144,0.0,1,0.00709,2.8,0
32,512,28.0,8.0,32,0.9,120000,0.5,0.00427,0.11744,0.13049,0.00144,0.0,1,0.00283,2.8,0
32,512,28.0,8.0,32,0.9,30000,1.0,0.01707,0.11744,0.13049,8e-05,0.0,1,0.01698,2.8,0
32,512,28.0,8.0,32,0.9,60000,1.0,0.00853,0.11744,0.13049,8e-05,0.0,1,0.00845,2.8,0
32,512,28.0,8.0,32,0.9,120000,1.0,0.00427,0.11744,0.13049,8e-05,0.0,1,0.00418,2.8,0
32,512,28.0,8.0,32,0.9,30000,2.0,0.01707,0.11744,0.13049,0.0,0.0,1,0.01707,2.8,0
32,512,28.0,8.0,32,0.9,60000,2.0,0.00853,0.11744,0.13049,0.0,0.0,1,0.00853,2.8,0
32,512,28.0,8.0,32,0.9,120000,2.0,0.00427,0.11744,0.13049,0.0,0.0,1,0.00427,2.8,0
32,512,28.0,8.0,32,0.9,30000,5.0,0.01707,0.11744,0.13049,0.0,0.0,1,0.01707,2.8,0
32,512,28.0,8.0,32,0.9,60000,5.0,0.00853,0.11744,0.13049,0.0,0.0,1,0.00853,2.8,0
32,512,28.0,8.0,32,0.9,120000,5.0,0.00427,0.11744,0.13049,0.0,0.0,1,0.00427,2.8,0
32,512,28.0,8.0,32,0.9,30000,10.0,0.01707,0.11744,0.13049,0.0,0.0,1,0.01707,2.8,0
32,512,28.0,8.0,32,0.9,60000,10.0,0.00853,0.11744,0.13049,0.0,0.0,1,0.00853,2.8,0
32,512,28.0,8.0,32,0.9,120000,10.0,0.00427,0.11744,0.13049,0.0,0.0,1,0.00427,2.8,0
32,512,28.0,8.0,32,0.9,30000,30.0,0.01707,0.11744,0.13049,0.0,0.0,1,0.01707,2.8,0
32,512,28.0,8.0,32,0.9,60000,30.0,0.00853,0.11744,0.13049,0.0,0.0,1,0.00853,2.8,0
32,512,28.0,8.0,32,0.9,120000,30.0,0.00427,0.11744,0.13049,0.0,0.0,1,0.00427,2.8,0
32,512,28.0,8.0,32,0.99,30000,0.2,0.01707,0.11744,0.11863,0.01126,0.05113,1,0.00581,0.28,0
32,512,28.0,8.0,32,0.99,60000,0.2,0.00853,0.11744,0.11863,0.01126,0.05113,0,-0.00272,0.28,0
32,512,28.0,8.0,32,0.99,120000,0.2,0.00427,0.11744,0.11863,0.01126,0.05113,0,-0.00699,0.28,0
32,512,28.0,8.0,32,0.99,30000,0.5,0.01707,0.11744,0.11863,0.0011,0.0,1,0.01597,0.28,0
32,512,28.0,8.0,32,0.99,60000,0.5,0.00853,0.11744,0.11863,0.0011,0.0,1,0.00744,0.28,0
32,512,28.0,8.0,32,0.99,120000,0.5,0.00427,0.11744,0.11863,0.0011,0.0,1,0.00317,0.28,0
32,512,28.0,8.0,32,0.99,30000,1.0,0.01707,0.11744,0.11863,0.0001,0.0,1,0.01696,0.28,0
32,512,28.0,8.0,32,0.99,60000,1.0,0.00853,0.11744,0.11863,0.0001,0.0,1,0.00843,0.28,0
32,512,28.0,8.0,32,0.99,120000,1.0,0.00427,0.11744,0.11863,0.0001,0.0,1,0.00416,0.28,0
32,512,28.0,8.0,32,0.99,30000,2.0,0.01707,0.11744,0.11863,0.0,0.0,1,0.01707,0.28,0
32,512,28.0,8.0,32,0.99,60000,2.0,0.00853,0.11744,0.11863,0.0,0.0,1,0.00853,0.28,0
32,512,28.0,8.0,32,0.99,120000,2.0,0.00427,0.11744,0.11863,0.0,0.0,1,0.00427,0.28,0
32,512,28.0,8.0,32,0.99,30000,5.0,0.01707,0.11744,0.11863,0.0,0.0,1,0.01707,0.28,0
32,512,28.0,8.0,32,0.99,60000,5.0,0.00853,0.11744,0.11863,0.0,0.0,1,0.00853,0.28,0
32,512,28.0,8.0,32,0.99,120000,5.0,0.00427,0.11744,0.11863,0.0,0.0,1,0.00427,0.28,0
32,512,28.0,8.0,32,0.99,30000,10.0,0.01707,0.11744,0.11863,0.0,0.0,1,0.01707,0.28,0
32,512,28.0,8.0,32,0.99,60000,10.0,0.00853,0.11744,0.11863,0.0,0.0,1,0.00853,0.28,0
32,512,28.0,8.0,32,0.99,120000,10.0,0.00427,0.11744,0.11863,0.0,0.0,1,0.00427,0.28,0
32,512,28.0,8.0,32,0.99,30000,30.0,0.01707,0.11744,0.11863,0.0,0.0,1,0.01707,0.28,0
32,512,28.0,8.0,32,0.99,60000,30.0,0.00853,0.11744,0.11863,0.0,0.0,1,0.00853,0.28,0
32,512,28.0,8.0,32,0.99,120000,30.0,0.00427,0.11744,0.11863,0.0,0.0,1,0.00427,0.28,0
32,512,28.0,16.0,1,0.5,30000,0.2,0.01707,0.00184,0.00367,0.0,0.0,1,0.01707,14.0,0
32,512,28.0,16.0,1,0.5,60000,0.2,0.00853,0.00184,0.00367,0.0,0.0,1,0.00853,14.0,0
32,512,28.0,16.0,1,0.5,120000,0.2,0.00427,0.00184,0.00367,0.0,0.0,1,0.00427,14.0,0
32,512,28.0,16.0,1,0.5,30000,0.5,0.01707,0.00184,0.00367,0.0,0.0,1,0.01707,14.0,0
32,512,28.0,16.0,1,0.5,60000,0.5,0.00853,0.00184,0.00367,0.0,0.0,1,0.00853,14.0,0
32,512,28.0,16.0,1,0.5,120000,0.5,0.00427,0.00184,0.00367,0.0,0.0,1,0.00427,14.0,0
32,512,28.0,16.0,1,0.5,30000,1.0,0.01707,0.00184,0.00367,0.0,0.0,1,0.01707,14.0,0
32,512,28.0,16.0,1,0.5,60000,1.0,0.00853,0.00184,0.00367,0.0,0.0,1,0.00853,14.0,0
32,512,28.0,16.0,1,0.5,120000,1.0,0.00427,0.00184,0.00367,0.0,0.0,1,0.00427,14.0,0
32,512,28.0,16.0,1,0.5,30000,2.0,0.01707,0.00184,0.00367,0.0,0.0,1,0.01707,14.0,0
32,512,28.0,16.0,1,0.5,60000,2.0,0.00853,0.00184,0.00367,0.0,0.0,1,0.00853,14.0,0
32,512,28.0,16.0,1,0.5,120000,2.0,0.00427,0.00184,0.00367,0.0,0.0,1,0.00427,14.0,0
32,512,28.0,16.0,1,0.5,30000,5.0,0.01707,0.00184,0.00367,0.0,0.0,1,0.01707,14.0,0
32,512,28.0,16.0,1,0.5,60000,5.0,0.00853,0.00184,0.00367,0.0,0.0,1,0.00853,14.0,0
32,512,28.0,16.0,1,0.5,120000,5.0,0.00427,0.00184,0.00367,0.0,0.0,1,0.00427,14.0,0
32,512,28.0,16.0,1,0.5,30000,10.0,0.01707,0.00184,0.00367,0.0,0.0,1,0.01707,14.0,0
32,512,28.0,16.0,1,0.5,60000,10.0,0.00853,0.00184,0.00367,0.0,0.0,1,0.00853,14.0,0
32,512,28.0,16.0,1,0.5,120000,10.0,0.00427,0.00184,0.00367,0.0,0.0,1,0.00427,14.0,0
32,512,28.0,16.0,1,0.5,30000,30.0,0.01707,0.00184,0.00367,0.0,0.0,1,0.01707,14.0,0
32,512,28.0,16.0,1,0.5,60000,30.0,0.00853,0.00184,0.00367,0.0,0.0,1,0.00853,14.0,0
32,512,28.0,16.0,1,0.5,120000,30.0,0.00427,0.00184,0.00367,0.0,0.0,1,0.00427,14.0,0
32,512,28.0,16.0,1,0.7,30000,0.2,0.01707,0.00184,0.00262,0.0,0.0,1,0.01707,8.4,0
32,512,28.0,16.0,1,0.7,60000,0.2,0.00853,0.00184,0.00262,0.0,0.0,1,0.00853,8.4,0
32,512,28.0,16.0,1,0.7,120000,0.2,0.00427,0.00184,0.00262,0.0,0.0,1,0.00427,8.4,0
32,512,28.0,16.0,1,0.7,30000,0.5,0.01707,0.00184,0.00262,0.0,0.0,1,0.01707,8.4,0
32,512,28.0,16.0,1,0.7,60000,0.5,0.00853,0.00184,0.00262,0.0,0.0,1,0.00853,8.4,0
32,512,28.0,16.0,1,0.7,120000,0.5,0.00427,0.00184,0.00262,0.0,0.0,1,0.00427,8.4,0
32,512,28.0,16.0,1,0.7,30000,1.0,0.01707,0.00184,0.00262,0.0,0.0,1,0.01707,8.4,0
32,512,28.0,16.0,1,0.7,60000,1.0,0.00853,0.00184,0.00262,0.0,0.0,1,0.00853,8.4,0
32,512,28.0,16.0,1,0.7,120000,1.0,0.00427,0.00184,0.00262,0.0,0.0,1,0.00427,8.4,0
32,512,28.0,16.0,1,0.7,30000,2.0,0.01707,0.00184,0.00262,0.0,0.0,1,0.01707,8.4,0
32,512,28.0,16.0,1,0.7,60000,2.0,0.00853,0.00184,0.00262,0.0,0.0,1,0.00853,8.4,0
32,512,28.0,16.0,1,0.7,120000,2.0,0.00427,0.00184,0.00262,0.0,0.0,1,0.00427,8.4,0
32,512,28.0,16.0,1,0.7,30000,5.0,0.01707,0.00184,0.00262,0.0,0.0,1,0.01707,8.4,0
32,512,28.0,16.0,1,0.7,60000,5.0,0.00853,0.00184,0.00262,0.0,0.0,1,0.00853,8.4,0
32,512,28.0,16.0,1,0.7,120000,5.0,0.00427,0.00184,0.00262,0.0,0.0,1,0.00427,8.4,0
32,512,28.0,16.0,1,0.7,30000,10.0,0.01707,0.00184,0.00262,0.0,0.0,1,0.01707,8.4,0
32,512,28.0,16.0,1,0.7,60000,10.0,0.00853,0.00184,0.00262,0.0,0.0,1,0.00853,8.4,0
32,512,28.0,16.0,1,0.7,120000,10.0,0.00427,0.00184,0.00262,0.0,0.0,1,0.00427,8.4,0
32,512,28.0,16.0,1,0.7,30000,30.0,0.01707,0.00184,0.00262,0.0,0.0,1,0.01707,8.4,0
32,512,28.0,16.0,1,0.7,60000,30.0,0.00853,0.00184,0.00262,0.0,0.0,1,0.00853,8.4,0
32,512,28.0,16.0,1,0.7,120000,30.0,0.00427,0.00184,0.00262,0.0,0.0,1,0.00427,8.4,0
32,512,28.0,16.0,1,0.9,30000,0.2,0.01707,0.00184,0.00204,0.0,0.0,1,0.01707,2.8,0
32,512,28.0,16.0,1,0.9,60000,0.2,0.00853,0.00184,0.00204,0.0,0.0,1,0.00853,2.8,0
32,512,28.0,16.0,1,0.9,120000,0.2,0.00427,0.00184,0.00204,0.0,0.0,1,0.00427,2.8,0
32,512,28.0,16.0,1,0.9,30000,0.5,0.01707,0.00184,0.00204,0.0,0.0,1,0.01707,2.8,0
32,512,28.0,16.0,1,0.9,60000,0.5,0.00853,0.00184,0.00204,0.0,0.0,1,0.00853,2.8,0
32,512,28.0,16.0,1,0.9,120000,0.5,0.00427,0.00184,0.00204,0.0,0.0,1,0.00427,2.8,0
32,512,28.0,16.0,1,0.9,30000,1.0,0.01707,0.00184,0.00204,0.0,0.0,1,0.01707,2.8,0
32,512,28.0,16.0,1,0.9,60000,1.0,0.00853,0.00184,0.00204,0.0,0.0,1,0.00853,2.8,0
32,512,28.0,16.0,1,0.9,120000,1.0,0.00427,0.00184,0.00204,0.0,0.0,1,0.00427,2.8,0
32,512,28.0,16.0,1,0.9,30000,2.0,0.01707,0.00184,0.00204,0.0,0.0,1,0.01707,2.8,0
32,512,28.0,16.0,1,0.9,60000,2.0,0.00853,0.00184,0.00204,0.0,0.0,1,0.00853,2.8,0
32,512,28.0,16.0,1,0.9,120000,2.0,0.00427,0.00184,0.00204,0.0,0.0,1,0.00427,2.8,0
32,512,28.0,16.0,1,0.9,30000,5.0,0.01707,0.00184,0.00204,0.0,0.0,1,0.01707,2.8,0
32,512,28.0,16.0,1,0.9,60000,5.0,0.00853,0.00184,0.00204,0.0,0.0,1,0.00853,2.8,0
32,512,28.0,16.0,1,0.9,120000,5.0,0.00427,0.00184,0.00204,0.0,0.0,1,0.00427,2.8,0
32,512,28.0,16.0,1,0.9,30000,10.0,0.01707,0.00184,0.00204,0.0,0.0,1,0.01707,2.8,0
32,512,28.0,16.0,1,0.9,60000,10.0,0.00853,0.00184,0.00204,0.0,0.0,1,0.00853,2.8,0
32,512,28.0,16.0,1,0.9,120000,10.0,0.00427,0.00184,0.00204,0.0,0.0,1,0.00427,2.8,0
32,512,28.0,16.0,1,0.9,30000,30.0,0.01707,0.00184,0.00204,0.0,0.0,1,0.01707,2.8,0
32,512,28.0,16.0,1,0.9,60000,30.0,0.00853,0.00184,0.00204,0.0,0.0,1,0.00853,2.8,0
32,512,28.0,16.0,1,0.9,120000,30.0,0.00427,0.00184,0.00204,0.0,0.0,1,0.00427,2.8,0
32,512,28.0,16.0,1,0.99,30000,0.2,0.01707,0.00184,0.00185,0.0,0.0,1,0.01707,0.28,0
32,512,28.0,16.0,1,0.99,60000,0.2,0.00853,0.00184,0.00185,0.0,0.0,1,0.00853,0.28,0
32,512,28.0,16.0,1,0.99,120000,0.2,0.00427,0.00184,0.00185,0.0,0.0,1,0.00427,0.28,0
32,512,28.0,16.0,1,0.99,30000,0.5,0.01707,0.00184,0.00185,0.0,0.0,1,0.01707,0.28,0
32,512,28.0,16.0,1,0.99,60000,0.5,0.00853,0.00184,0.00185,0.0,0.0,1,0.00853,0.28,0
32,512,28.0,16.0,1,0.99,120000,0.5,0.00427,0.00184,0.00185,0.0,0.0,1,0.00427,0.28,0
32,512,28.0,16.0,1,0.99,30000,1.0,0.01707,0.00184,0.00185,0.0,0.0,1,0.01707,0.28,0
32,512,28.0,16.0,1,0.99,60000,1.0,0.00853,0.00184,0.00185,0.0,0.0,1,0.00853,0.28,0
32,512,28.0,16.0,1,0.99,120000,1.0,0.00427,0.00184,0.00185,0.0,0.0,1,0.00427,0.28,0
32,512,28.0,16.0,1,0.99,30000,2.0,0.01707,0.00184,0.00185,0.0,0.0,1,0.01707,0.28,0
32,512,28.0,16.0,1,0.99,60000,2.0,0.00853,0.00184,0.00185,0.0,0.0,1,0.00853,0.28,0
32,512,28.0,16.0,1,0.99,120000,2.0,0.00427,0.00184,0.00185,0.0,0.0,1,0.00427,0.28,0
32,512,28.0,16.0,1,0.99,30000,5.0,0.01707,0.00184,0.00185,0.0,0.0,1,0.01707,0.28,0
32,512,28.0,16.0,1,0.99,60000,5.0,0.00853,0.00184,0.00185,0.0,0.0,1,0.00853,0.28,0
32,512,28.0,16.0,1,0.99,120000,5.0,0.00427,0.00184,0.00185,0.0,0.0,1,0.00427,0.28,0
32,512,28.0,16.0,1,0.99,30000,10.0,0.01707,0.00184,0.00185,0.0,0.0,1,0.01707,0.28,0
32,512,28.0,16.0,1,0.99,60000,10.0,0.00853,0.00184,0.00185,0.0,0.0,1,0.00853,0.28,0
32,512,28.0,16.0,1,0.99,120000,10.0,0.00427,0.00184,0.00185,0.0,0.0,1,0.00427,0.28,0
32,512,28.0,16.0,1,0.99,30000,30.0,0.01707,0.00184,0.00185,0.0,0.0,1,0.01707,0.28,0
32,512,28.0,16.0,1,0.99,60000,30.0,0.00853,0.00184,0.00185,0.0,0.0,1,0.00853,0.28,0
32,512,28.0,16.0,1,0.99,120000,30.0,0.00427,0.00184,0.00185,0.0,0.0,1,0.00427,0.28,0
32,512,28.0,16.0,2,0.5,30000,0.2,0.01707,0.00367,0.00734,0.0,0.0,1,0.01707,14.0,0
32,512,28.0,16.0,2,0.5,60000,0.2,0.00853,0.00367,0.00734,0.0,0.0,1,0.00853,14.0,0
32,512,28.0,16.0,2,0.5,120000,0.2,0.00427,0.00367,0.00734,0.0,0.0,1,0.00427,14.0,0
32,512,28.0,16.0,2,0.5,30000,0.5,0.01707,0.00367,0.00734,0.0,0.0,1,0.01707,14.0,0
32,512,28.0,16.0,2,0.5,60000,0.5,0.00853,0.00367,0.00734,0.0,0.0,1,0.00853,14.0,0
32,512,28.0,16.0,2,0.5,120000,0.5,0.00427,0.00367,0.00734,0.0,0.0,1,0.00427,14.0,0
32,512,28.0,16.0,2,0.5,30000,1.0,0.01707,0.00367,0.00734,0.0,0.0,1,0.01707,14.0,0
32,512,28.0,16.0,2,0.5,60000,1.0,0.00853,0.00367,0.00734,0.0,0.0,1,0.00853,14.0,0
32,512,28.0,16.0,2,0.5,120000,1.0,0.00427,0.00367,0.00734,0.0,0.0,1,0.00427,14.0,0
32,512,28.0,16.0,2,0.5,30000,2.0,0.01707,0.00367,0.00734,0.0,0.0,1,0.01707,14.0,0
32,512,28.0,16.0,2,0.5,60000,2.0,0.00853,0.00367,0.00734,0.0,0.0,1,0.00853,14.0,0
32,512,28.0,16.0,2,0.5,120000,2.0,0.00427,0.00367,0.00734,0.0,0.0,1,0.00427,14.0,0
32,512,28.0,16.0,2,0.5,30000,5.0,0.01707,0.00367,0.00734,0.0,0.0,1,0.01707,14.0,0
32,512,28.0,16.0,2,0.5,60000,5.0,0.00853,0.00367,0.00734,0.0,0.0,1,0.00853,14.0,0
32,512,28.0,16.0,2,0.5,120000,5.0,0.00427,0.00367,0.00734,0.0,0.0,1,0.00427,14.0,0
32,512,28.0,16.0,2,0.5,30000,10.0,0.01707,0.00367,0.00734,0.0,0.0,1,0.01707,14.0,0
32,512,28.0,16.0,2,0.5,60000,10.0,0.00853,0.00367,0.00734,0.0,0.0,1,0.00853,14.0,0
32,512,28.0,16.0,2,0.5,120000,10.0,0.00427,0.00367,0.00734,0.0,0.0,1,0.00427,14.0,0
32,512,28.0,16.0,2,0.5,30000,30.0,0.01707,0.00367,0.00734,0.0,0.0,1,0.01707,14.0,0
32,512,28.0,16.0,2,0.5,60000,30.0,0.00853,0.00367,0.00734,0.0,0.0,1,0.00853,14.0,0
32,512,28.0,16.0,2,0.5,120000,30.0,0.00427,0.00367,0.00734,0.0,0.0,1,0.00427,14.0,0
32,512,28.0,16.0,2,0.7,30000,0.2,0.01707,0.00367,0.00524,0.0,0.0,1,0.01707,8.4,0
32,512,28.0,16.0,2,0.7,60000,0.2,0.00853,0.00367,0.00524,0.0,0.0,1,0.00853,8.4,0
32,512,28.0,16.0,2,0.7,120000,0.2,0.00427,0.00367,0.00524,0.0,0.0,1,0.00427,8.4,0
32,512,28.0,16.0,2,0.7,30000,0.5,0.01707,0.00367,0.00524,0.0,0.0,1,0.01707,8.4,0
32,512,28.0,16.0,2,0.7,60000,0.5,0.00853,0.00367,0.00524,0.0,0.0,1,0.00853,8.4,0
32,512,28.0,16.0,2,0.7,120000,0.5,0.00427,0.00367,0.00524,0.0,0.0,1,0.00427,8.4,0
32,512,28.0,16.0,2,0.7,30000,1.0,0.01707,0.00367,0.00524,0.0,0.0,1,0.01707,8.4,0
32,512,28.0,16.0,2,0.7,60000,1.0,0.00853,0.00367,0.00524,0.0,0.0,1,0.00853,8.4,0
32,512,28.0,16.0,2,0.7,120000,1.0,0.00427,0.00367,0.00524,0.0,0.0,1,0.00427,8.4,0
32,512,28.0,16.0,2,0.7,30000,2.0,0.01707,0.00367,0.00524,0.0,0.0,1,0.01707,8.4,0
32,512,28.0,16.0,2,0.7,60000,2.0,0.00853,0.00367,0.00524,0.0,0.0,1,0.00853,8.4,0
32,512,28.0,16.0,2,0.7,120000,2.0,0.00427,0.00367,0.00524,0.0,0.0,1,0.00427,8.4,0
32,512,28.0,16.0,2,0.7,30000,5.0,0.01707,0.00367,0.00524,0.0,0.0,1,0.01707,8.4,0
32,512,28.0,16.0,2,0.7,60000,5.0,0.00853,0.00367,0.00524,0.0,0.0,1,0.00853,8.4,0
32,512,28.0,16.0,2,0.7,120000,5.0,0.00427,0.00367,0.00524,0.0,0.0,1,0.00427,8.4,0
32,512,28.0,16.0,2,0.7,30000,10.0,0.01707,0.00367,0.00524,0.0,0.0,1,0.01707,8.4,0
32,512,28.0,16.0,2,0.7,60000,10.0,0.00853,0.00367,0.00524,0.0,0.0,1,0.00853,8.4,0
32,512,28.0,16.0,2,0.7,120000,10.0,0.00427,0.00367,0.00524,0.0,0.0,1,0.00427,8.4,0
32,512,28.0,16.0,2,0.7,30000,30.0,0.01707,0.00367,0.00524,0.0,0.0,1,0.01707,8.4,0
32,512,28.0,16.0,2,0.7,60000,30.0,0.00853,0.00367,0.00524,0.0,0.0,1,0.00853,8.4,0
32,512,28.0,16.0,2,0.7,120000,30.0,0.00427,0.00367,0.00524,0.0,0.0,1,0.00427,8.4,0
32,512,28.0,16.0,2,0.9,30000,0.2,0.01707,0.00367,0.00408,0.0,0.0,1,0.01707,2.8,0
32,512,28.0,16.0,2,0.9,60000,0.2,0.00853,0.00367,0.00408,0.0,0.0,1,0.00853,2.8,0
32,512,28.0,16.0,2,0.9,120000,0.2,0.00427,0.00367,0.00408,0.0,0.0,1,0.00427,2.8,0
32,512,28.0,16.0,2,0.9,30000,0.5,0.01707,0.00367,0.00408,0.0,0.0,1,0.01707,2.8,0
32,512,28.0,16.0,2,0.9,60000,0.5,0.00853,0.00367,0.00408,0.0,0.0,1,0.00853,2.8,0
32,512,28.0,16.0,2,0.9,120000,0.5,0.00427,0.00367,0.00408,0.0,0.0,1,0.00427,2.8,0
32,512,28.0,16.0,2,0.9,30000,1.0,0.01707,0.00367,0.00408,0.0,0.0,1,0.01707,2.8,0
32,512,28.0,16.0,2,0.9,60000,1.0,0.00853,0.00367,0.00408,0.0,0.0,1,0.00853,2.8,0
32,512,28.0,16.0,2,0.9,120000,1.0,0.00427,0.00367,0.00408,0.0,0.0,1,0.00427,2.8,0
32,512,28.0,16.0,2,0.9,30000,2.0,0.01707,0.00367,0.00408,0.0,0.0,1,0.01707,2.8,0
32,512,28.0,16.0,2,0.9,60000,2.0,0.00853,0.00367,0.00408,0.0,0.0,1,0.00853,2.8,0
32,512,28.0,16.0,2,0.9,120000,2.0,0.00427,0.00367,0.00408,0.0,0.0,1,0.00427,2.8,0
32,512,28.0,16.0,2,0.9,30000,5.0,0.01707,0.00367,0.00408,0.0,0.0,1,0.01707,2.8,0
32,512,28.0,16.0,2,0.9,60000,5.0,0.00853,0.00367,0.00408,0.0,0.0,1,0.00853,2.8,0
32,512,28.0,16.0,2,0.9,120000,5.0,0.00427,0.00367,0.00408,0.0,0.0,1,0.00427,2.8,0
32,512,28.0,16.0,2,0.9,30000,10.0,0.01707,0.00367,0.00408,0.0,0.0,1,0.01707,2.8,0
32,512,28.0,16.0,2,0.9,60000,10.0,0.00853,0.00367,0.00408,0.0,0.0,1,0.00853,2.8,0
32,512,28.0,16.0,2,0.9,120000,10.0,0.00427,0.00367,0.00408,0.0,0.0,1,0.00427,2.8,0
32,512,28.0,16.0,2,0.9,30000,30.0,0.01707,0.00367,0.00408,0.0,0.0,1,0.01707,2.8,0
32,512,28.0,16.0,2,0.9,60000,30.0,0.00853,0.00367,0.00408,0.0,0.0,1,0.00853,2.8,0
32,512,28.0,16.0,2,0.9,120000,30.0,0.00427,0.00367,0.00408,0.0,0.0,1,0.00427,2.8,0
32,512,28.0,16.0,2,0.99,30000,0.2,0.01707,0.00367,0.00371,0.0,0.0,1,0.01707,0.28,0
32,512,28.0,16.0,2,0.99,60000,0.2,0.00853,0.00367,0.00371,0.0,0.0,1,0.00853,0.28,0
32,512,28.0,16.0,2,0.99,120000,0.2,0.00427,0.00367,0.00371,0.0,0.0,1,0.00427,0.28,0
32,512,28.0,16.0,2,0.99,30000,0.5,0.01707,0.00367,0.00371,0.0,0.0,1,0.01707,0.28,0
32,512,28.0,16.0,2,0.99,60000,0.5,0.00853,0.00367,0.00371,0.0,0.0,1,0.00853,0.28,0
32,512,28.0,16.0,2,0.99,120000,0.5,0.00427,0.00367,0.00371,0.0,0.0,1,0.00427,0.28,0
32,512,28.0,16.0,2,0.99,30000,1.0,0.01707,0.00367,0.00371,0.0,0.0,1,0.01707,0.28,0
32,512,28.0,16.0,2,0.99,60000,1.0,0.00853,0.00367,0.00371,0.0,0.0,1,0.00853,0.28,0
32,512,28.0,16.0,2,0.99,120000,1.0,0.00427,0.00367,0.00371,0.0,0.0,1,0.00427,0.28,0
32,512,28.0,16.0,2,0.99,30000,2.0,0.01707,0.00367,0.00371,0.0,0.0,1,0.01707,0.28,0
32,512,28.0,16.0,2,0.99,60000,2.0,0.00853,0.00367,0.00371,0.0,0.0,1,0.00853,0.28,0
32,512,28.0,16.0,2,0.99,120000,2.0,0.00427,0.00367,0.00371,0.0,0.0,1,0.00427,0.28,0
32,512,28.0,16.0,2,0.99,30000,5.0,0.01707,0.00367,0.00371,0.0,0.0,1,0.01707,0.28,0
32,512,28.0,16.0,2,0.99,60000,5.0,0.00853,0.00367,0.00371,0.0,0.0,1,0.00853,0.28,0
32,512,28.0,16.0,2,0.99,120000,5.0,0.00427,0.00367,0.00371,0.0,0.0,1,0.00427,0.28,0
32,512,28.0,16.0,2,0.99,30000,10.0,0.01707,0.00367,0.00371,0.0,0.0,1,0.01707,0.28,0
32,512,28.0,16.0,2,0.99,60000,10.0,0.00853,0.00367,0.00371,0.0,0.0,1,0.00853,0.28,0
32,512,28.0,16.0,2,0.99,120000,10.0,0.00427,0.00367,0.00371,0.0,0.0,1,0.00427,0.28,0
32,512,28.0,16.0,2,0.99,30000,30.0,0.01707,0.00367,0.00371,0.0,0.0,1,0.01707,0.28,0
32,512,28.0,16.0,2,0.99,60000,30.0,0.00853,0.00367,0.00371,0.0,0.0,1,0.00853,0.28,0
32,512,28.0,16.0,2,0.99,120000,30.0,0.00427,0.00367,0.00371,0.0,0.0,1,0.00427,0.28,0
32,512,28.0,16.0,4,0.5,30000,0.2,0.01707,0.00734,0.01468,0.0,0.0,1,0.01707,14.0,0
32,512,28.0,16.0,4,0.5,60000,0.2,0.00853,0.00734,0.01468,0.0,0.0,1,0.00853,14.0,0
32,512,28.0,16.0,4,0.5,120000,0.2,0.00427,0.00734,0.01468,0.0,0.0,1,0.00427,14.0,0
32,512,28.0,16.0,4,0.5,30000,0.5,0.01707,0.00734,0.01468,0.0,0.0,1,0.01707,14.0,0
32,512,28.0,16.0,4,0.5,60000,0.5,0.00853,0.00734,0.01468,0.0,0.0,1,0.00853,14.0,0
32,512,28.0,16.0,4,0.5,120000,0.5,0.00427,0.00734,0.01468,0.0,0.0,1,0.00427,14.0,0
32,512,28.0,16.0,4,0.5,30000,1.0,0.01707,0.00734,0.01468,0.0,0.0,1,0.01707,14.0,0
32,512,28.0,16.0,4,0.5,60000,1.0,0.00853,0.00734,0.01468,0.0,0.0,1,0.00853,14.0,0
32,512,28.0,16.0,4,0.5,120000,1.0,0.00427,0.00734,0.01468,0.0,0.0,1,0.00427,14.0,0
32,512,28.0,16.0,4,0.5,30000,2.0,0.01707,0.00734,0.01468,0.0,0.0,1,0.01707,14.0,0
32,512,28.0,16.0,4,0.5,60000,2.0,0.00853,0.00734,0.01468,0.0,0.0,1,0.00853,14.0,0
32,512,28.0,16.0,4,0.5,120000,2.0,0.00427,0.00734,0.01468,0.0,0.0,1,0.00427,14.0,0
32,512,28.0,16.0,4,0.5,30000,5.0,0.01707,0.00734,0.01468,0.0,0.0,1,0.01707,14.0,0
32,512,28.0,16.0,4,0.5,60000,5.0,0.00853,0.00734,0.01468,0.0,0.0,1,0.00853,14.0,0
32,512,28.0,16.0,4,0.5,120000,5.0,0.00427,0.00734,0.01468,0.0,0.0,1,0.00427,14.0,0
32,512,28.0,16.0,4,0.5,30000,10.0,0.01707,0.00734,0.01468,0.0,0.0,1,0.01707,14.0,0
32,512,28.0,16.0,4,0.5,60000,10.0,0.00853,0.00734,0.01468,0.0,0.0,1,0.00853,14.0,0
32,512,28.0,16.0,4,0.5,120000,10.0,0.00427,0.00734,0.01468,0.0,0.0,1,0.00427,14.0,0
32,512,28.0,16.0,4,0.5,30000,30.0,0.01707,0.00734,0.01468,0.0,0.0,1,0.01707,14.0,0
32,512,28.0,16.0,4,0.5,60000,30.0,0.00853,0.00734,0.01468,0.0,0.0,1,0.00853,14.0,0
32,512,28.0,16.0,4,0.5,120000,30.0,0.00427,0.00734,0.01468,0.0,0.0,1,0.00427,14.0,0
32,512,28.0,16.0,4,0.7,30000,0.2,0.01707,0.00734,0.01049,0.0,0.0,1,0.01707,8.4,0
32,512,28.0,16.0,4,0.7,60000,0.2,0.00853,0.00734,0.01049,0.0,0.0,1,0.00853,8.4,0
32,512,28.0,16.0,4,0.7,120000,0.2,0.00427,0.00734,0.01049,0.0,0.0,1,0.00427,8.4,0
32,512,28.0,16.0,4,0.7,30000,0.5,0.01707,0.00734,0.01049,0.0,0.0,1,0.01707,8.4,0
32,512,28.0,16.0,4,0.7,60000,0.5,0.00853,0.00734,0.01049,0.0,0.0,1,0.00853,8.4,0
32,512,28.0,16.0,4,0.7,120000,0.5,0.00427,0.00734,0.01049,0.0,0.0,1,0.00427,8.4,0
32,512,28.0,16.0,4,0.7,30000,1.0,0.01707,0.00734,0.01049,0.0,0.0,1,0.01707,8.4,0
32,512,28.0,16.0,4,0.7,60000,1.0,0.00853,0.00734,0.01049,0.0,0.0,1,0.00853,8.4,0
32,512,28.0,16.0,4,0.7,120000,1.0,0.00427,0.00734,0.01049,0.0,0.0,1,0.00427,8.4,0
32,512,28.0,16.0,4,0.7,30000,2.0,0.01707,0.00734,0.01049,0.0,0.0,1,0.01707,8.4,0
32,512,28.0,16.0,4,0.7,60000,2.0,0.00853,0.00734,0.01049,0.0,0.0,1,0.00853,8.4,0
32,512,28.0,16.0,4,0.7,120000,2.0,0.00427,0.00734,0.01049,0.0,0.0,1,0.00427,8.4,0
32,512,28.0,16.0,4,0.7,30000,5.0,0.01707,0.00734,0.01049,0.0,0.0,1,0.01707,8.4,0
32,512,28.0,16.0,4,0.7,60000,5.0,0.00853,0.00734,0.01049,0.0,0.0,1,0.00853,8.4,0
32,512,28.0,16.0,4,0.7,120000,5.0,0.00427,0.00734,0.01049,0.0,0.0,1,0.00427,8.4,0
32,512,28.0,16.0,4,0.7,30000,10.0,0.01707,0.00734,0.01049,0.0,0.0,1,0.01707,8.4,0
32,512,28.0,16.0,4,0.7,60000,10.0,0.00853,0.00734,0.01049,0.0,0.0,1,0.00853,8.4,0
32,512,28.0,16.0,4,0.7,120000,10.0,0.00427,0.00734,0.01049,0.0,0.0,1,0.00427,8.4,0
32,512,28.0,16.0,4,0.7,30000,30.0,0.01707,0.00734,0.01049,0.0,0.0,1,0.01707,8.4,0
32,512,28.0,16.0,4,0.7,60000,30.0,0.00853,0.00734,0.01049,0.0,0.0,1,0.00853,8.4,0
32,512,28.0,16.0,4,0.7,120000,30.0,0.00427,0.00734,0.01049,0.0,0.0,1,0.00427,8.4,0
32,512,28.0,16.0,4,0.9,30000,0.2,0.01707,0.00734,0.00816,0.0,0.0,1,0.01707,2.8,0
32,512,28.0,16.0,4,0.9,60000,0.2,0.00853,0.00734,0.00816,0.0,0.0,1,0.00853,2.8,0
32,512,28.0,16.0,4,0.9,120000,0.2,0.00427,0.00734,0.00816,0.0,0.0,1,0.00427,2.8,0
32,512,28.0,16.0,4,0.9,30000,0.5,0.01707,0.00734,0.00816,0.0,0.0,1,0.01707,2.8,0
32,512,28.0,16.0,4,0.9,60000,0.5,0.00853,0.00734,0.00816,0.0,0.0,1,0.00853,2.8,0
32,512,28.0,16.0,4,0.9,120000,0.5,0.00427,0.00734,0.00816,0.0,0.0,1,0.00427,2.8,0
32,512,28.0,16.0,4,0.9,30000,1.0,0.01707,0.00734,0.00816,0.0,0.0,1,0.01707,2.8,0
32,512,28.0,16.0,4,0.9,60000,1.0,0.00853,0.00734,0.00816,0.0,0.0,1,0.00853,2.8,0
32,512,28.0,16.0,4,0.9,120000,1.0,0.00427,0.00734,0.00816,0.0,0.0,1,0.00427,2.8,0
32,512,28.0,16.0,4,0.9,30000,2.0,0.01707,0.00734,0.00816,0.0,0.0,1,0.01707,2.8,0
32,512,28.0,16.0,4,0.9,60000,2.0,0.00853,0.00734,0.00816,0.0,0.0,1,0.00853,2.8,0
32,512,28.0,16.0,4,0.9,120000,2.0,0.00427,0.00734,0.00816,0.0,0.0,1,0.00427,2.8,0
32,512,28.0,16.0,4,0.9,30000,5.0,0.01707,0.00734,0.00816,0.0,0.0,1,0.01707,2.8,0
32,512,28.0,16.0,4,0.9,60000,5.0,0.00853,0.00734,0.00816,0.0,0.0,1,0.00853,2.8,0
32,512,28.0,16.0,4,0.9,120000,5.0,0.00427,0.00734,0.00816,0.0,0.0,1,0.00427,2.8,0
32,512,28.0,16.0,4,0.9,30000,10.0,0.01707,0.00734,0.00816,0.0,0.0,1,0.01707,2.8,0
32,512,28.0,16.0,4,0.9,60000,10.0,0.00853,0.00734,0.00816,0.0,0.0,1,0.00853,2.8,0
32,512,28.0,16.0,4,0.9,120000,10.0,0.00427,0.00734,0.00816,0.0,0.0,1,0.00427,2.8,0
32,512,28.0,16.0,4,0.9,30000,30.0,0.01707,0.00734,0.00816,0.0,0.0,1,0.01707,2.8,0
32,512,28.0,16.0,4,0.9,60000,30.0,0.00853,0.00734,0.00816,0.0,0.0,1,0.00853,2.8,0
32,512,28.0,16.0,4,0.9,120000,30.0,0.00427,0.00734,0.00816,0.0,0.0,1,0.00427,2.8,0
32,512,28.0,16.0,4,0.99,30000,0.2,0.01707,0.00734,0.00741,0.0,0.0,1,0.01707,0.28,0
32,512,28.0,16.0,4,0.99,60000,0.2,0.00853,0.00734,0.00741,0.0,0.0,1,0.00853,0.28,0
32,512,28.0,16.0,4,0.99,120000,0.2,0.00427,0.00734,0.00741,0.0,0.0,1,0.00427,0.28,0
32,512,28.0,16.0,4,0.99,30000,0.5,0.01707,0.00734,0.00741,0.0,0.0,1,0.01707,0.28,0
32,512,28.0,16.0,4,0.99,60000,0.5,0.00853,0.00734,0.00741,0.0,0.0,1,0.00853,0.28,0
32,512,28.0,16.0,4,0.99,120000,0.5,0.00427,0.00734,0.00741,0.0,0.0,1,0.00427,0.28,0
32,512,28.0,16.0,4,0.99,30000,1.0,0.01707,0.00734,0.00741,0.0,0.0,1,0.01707,0.28,0
32,512,28.0,16.0,4,0.99,60000,1.0,0.00853,0.00734,0.00741,0.0,0.0,1,0.00853,0.28,0
32,512,28.0,16.0,4,0.99,120000,1.0,0.00427,0.00734,0.00741,0.0,0.0,1,0.00427,0.28,0
32,512,28.0,16.0,4,0.99,30000,2.0,0.01707,0.00734,0.00741,0.0,0.0,1,0.01707,0.28,0
32,512,28.0,16.0,4,0.99,60000,2.0,0.00853,0.00734,0.00741,0.0,0.0,1,0.00853,0.28,0
32,512,28.0,16.0,4,0.99,120000,2.0,0.00427,0.00734,0.00741,0.0,0.0,1,0.00427,0.28,0
32,512,28.0,16.0,4,0.99,30000,5.0,0.01707,0.00734,0.00741,0.0,0.0,1,0.01707,0.28,0
32,512,28.0,16.0,4,0.99,60000,5.0,0.00853,0.00734,0.00741,0.0,0.0,1,0.00853,0.28,0
32,512,28.0,16.0,4,0.99,120000,5.0,0.00427,0.00734,0.00741,0.0,0.0,1,0.00427,0.28,0
32,512,28.0,16.0,4,0.99,30000,10.0,0.01707,0.00734,0.00741,0.0,0.0,1,0.01707,0.28,0
32,512,28.0,16.0,4,0.99,60000,10.0,0.00853,0.00734,0.00741,0.0,0.0,1,0.00853,0.28,0
32,512,28.0,16.0,4,0.99,120000,10.0,0.00427,0.00734,0.00741,0.0,0.0,1,0.00427,0.28,0
32,512,28.0,16.0,4,0.99,30000,30.0,0.01707,0.00734,0.00741,0.0,0.0,1,0.01707,0.28,0
32,512,28.0,16.0,4,0.99,60000,30.0,0.00853,0.00734,0.00741,0.0,0.0,1,0.00853,0.28,0
32,512,28.0,16.0,4,0.99,120000,30.0,0.00427,0.00734,0.00741,0.0,0.0,1,0.00427,0.28,0
32,512,28.0,16.0,8,0.5,30000,0.2,0.01707,0.01468,0.02936,4e-05,0.0,1,0.01703,14.0,0
32,512,28.0,16.0,8,0.5,60000,0.2,0.00853,0.01468,0.02936,4e-05,0.0,1,0.00849,14.0,0
32,512,28.0,16.0,8,0.5,120000,0.2,0.00427,0.01468,0.02936,4e-05,0.0,1,0.00423,14.0,0
32,512,28.0,16.0,8,0.5,30000,0.5,0.01707,0.01468,0.02936,0.0,0.0,1,0.01707,14.0,0
32,512,28.0,16.0,8,0.5,60000,0.5,0.00853,0.01468,0.02936,0.0,0.0,1,0.00853,14.0,0
32,512,28.0,16.0,8,0.5,120000,0.5,0.00427,0.01468,0.02936,0.0,0.0,1,0.00427,14.0,0
32,512,28.0,16.0,8,0.5,30000,1.0,0.01707,0.01468,0.02936,0.0,0.0,1,0.01707,14.0,0
32,512,28.0,16.0,8,0.5,60000,1.0,0.00853,0.01468,0.02936,0.0,0.0,1,0.00853,14.0,0
32,512,28.0,16.0,8,0.5,120000,1.0,0.00427,0.01468,0.02936,0.0,0.0,1,0.00427,14.0,0
32,512,28.0,16.0,8,0.5,30000,2.0,0.01707,0.01468,0.02936,0.0,0.0,1,0.01707,14.0,0
32,512,28.0,16.0,8,0.5,60000,2.0,0.00853,0.01468,0.02936,0.0,0.0,1,0.00853,14.0,0
32,512,28.0,16.0,8,0.5,120000,2.0,0.00427,0.01468,0.02936,0.0,0.0,1,0.00427,14.0,0
32,512,28.0,16.0,8,0.5,30000,5.0,0.01707,0.01468,0.02936,0.0,0.0,1,0.01707,14.0,0
32,512,28.0,16.0,8,0.5,60000,5.0,0.00853,0.01468,0.02936,0.0,0.0,1,0.00853,14.0,0
32,512,28.0,16.0,8,0.5,120000,5.0,0.00427,0.01468,0.02936,0.0,0.0,1,0.00427,14.0,0
32,512,28.0,16.0,8,0.5,30000,10.0,0.01707,0.01468,0.02936,0.0,0.0,1,0.01707,14.0,0
32,512,28.0,16.0,8,0.5,60000,10.0,0.00853,0.01468,0.02936,0.0,0.0,1,0.00853,14.0,0
32,512,28.0,16.0,8,0.5,120000,10.0,0.00427,0.01468,0.02936,0.0,0.0,1,0.00427,14.0,0
32,512,28.0,16.0,8,0.5,30000,30.0,0.01707,0.01468,0.02936,0.0,0.0,1,0.01707,14.0,0
32,512,28.0,16.0,8,0.5,60000,30.0,0.00853,0.01468,0.02936,0.0,0.0,1,0.00853,14.0,0
32,512,28.0,16.0,8,0.5,120000,30.0,0.00427,0.01468,0.02936,0.0,0.0,1,0.00427,14.0,0
32,512,28.0,16.0,8,0.7,30000,0.2,0.01707,0.01468,0.02097,0.0,0.0,1,0.01707,8.4,0
32,512,28.0,16.0,8,0.7,60000,0.2,0.00853,0.01468,0.02097,0.0,0.0,1,0.00853,8.4,0
32,512,28.0,16.0,8,0.7,120000,0.2,0.00427,0.01468,0.02097,0.0,0.0,1,0.00427,8.4,0
32,512,28.0,16.0,8,0.7,30000,0.5,0.01707,0.01468,0.02097,0.0,0.0,1,0.01707,8.4,0
32,512,28.0,16.0,8,0.7,60000,0.5,0.00853,0.01468,0.02097,0.0,0.0,1,0.00853,8.4,0
32,512,28.0,16.0,8,0.7,120000,0.5,0.00427,0.01468,0.02097,0.0,0.0,1,0.00427,8.4,0
32,512,28.0,16.0,8,0.7,30000,1.0,0.01707,0.01468,0.02097,0.0,0.0,1,0.01707,8.4,0
32,512,28.0,16.0,8,0.7,60000,1.0,0.00853,0.01468,0.02097,0.0,0.0,1,0.00853,8.4,0
32,512,28.0,16.0,8,0.7,120000,1.0,0.00427,0.01468,0.02097,0.0,0.0,1,0.00427,8.4,0
32,512,28.0,16.0,8,0.7,30000,2.0,0.01707,0.01468,0.02097,0.0,0.0,1,0.01707,8.4,0
32,512,28.0,16.0,8,0.7,60000,2.0,0.00853,0.01468,0.02097,0.0,0.0,1,0.00853,8.4,0
32,512,28.0,16.0,8,0.7,120000,2.0,0.00427,0.01468,0.02097,0.0,0.0,1,0.00427,8.4,0
32,512,28.0,16.0,8,0.7,30000,5.0,0.01707,0.01468,0.02097,0.0,0.0,1,0.01707,8.4,0
32,512,28.0,16.0,8,0.7,60000,5.0,0.00853,0.01468,0.02097,0.0,0.0,1,0.00853,8.4,0
32,512,28.0,16.0,8,0.7,120000,5.0,0.00427,0.01468,0.02097,0.0,0.0,1,0.00427,8.4,0
32,512,28.0,16.0,8,0.7,30000,10.0,0.01707,0.01468,0.02097,0.0,0.0,1,0.01707,8.4,0
32,512,28.0,16.0,8,0.7,60000,10.0,0.00853,0.01468,0.02097,0.0,0.0,1,0.00853,8.4,0
32,512,28.0,16.0,8,0.7,120000,10.0,0.00427,0.01468,0.02097,0.0,0.0,1,0.00427,8.4,0
32,512,28.0,16.0,8,0.7,30000,30.0,0.01707,0.01468,0.02097,0.0,0.0,1,0.01707,8.4,0
32,512,28.0,16.0,8,0.7,60000,30.0,0.00853,0.01468,0.02097,0.0,0.0,1,0.00853,8.4,0
32,512,28.0,16.0,8,0.7,120000,30.0,0.00427,0.01468,0.02097,0.0,0.0,1,0.00427,8.4,0
32,512,28.0,16.0,8,0.9,30000,0.2,0.01707,0.01468,0.01631,0.0,0.0,1,0.01707,2.8,0
32,512,28.0,16.0,8,0.9,60000,0.2,0.00853,0.01468,0.01631,0.0,0.0,1,0.00853,2.8,0
32,512,28.0,16.0,8,0.9,120000,0.2,0.00427,0.01468,0.01631,0.0,0.0,1,0.00427,2.8,0
32,512,28.0,16.0,8,0.9,30000,0.5,0.01707,0.01468,0.01631,0.0,0.0,1,0.01707,2.8,0
32,512,28.0,16.0,8,0.9,60000,0.5,0.00853,0.01468,0.01631,0.0,0.0,1,0.00853,2.8,0
32,512,28.0,16.0,8,0.9,120000,0.5,0.00427,0.01468,0.01631,0.0,0.0,1,0.00427,2.8,0
32,512,28.0,16.0,8,0.9,30000,1.0,0.01707,0.01468,0.01631,0.0,0.0,1,0.01707,2.8,0
32,512,28.0,16.0,8,0.9,60000,1.0,0.00853,0.01468,0.01631,0.0,0.0,1,0.00853,2.8,0
32,512,28.0,16.0,8,0.9,120000,1.0,0.00427,0.01468,0.01631,0.0,0.0,1,0.00427,2.8,0
32,512,28.0,16.0,8,0.9,30000,2.0,0.01707,0.01468,0.01631,0.0,0.0,1,0.01707,2.8,0
32,512,28.0,16.0,8,0.9,60000,2.0,0.00853,0.01468,0.01631,0.0,0.0,1,0.00853,2.8,0
32,512,28.0,16.0,8,0.9,120000,2.0,0.00427,0.01468,0.01631,0.0,0.0,1,0.00427,2.8,0
32,512,28.0,16.0,8,0.9,30000,5.0,0.01707,0.01468,0.01631,0.0,0.0,1,0.01707,2.8,0
32,512,28.0,16.0,8,0.9,60000,5.0,0.00853,0.01468,0.01631,0.0,0.0,1,0.00853,2.8,0
32,512,28.0,16.0,8,0.9,120000,5.0,0.00427,0.01468,0.01631,0.0,0.0,1,0.00427,2.8,0
32,512,28.0,16.0,8,0.9,30000,10.0,0.01707,0.01468,0.01631,0.0,0.0,1,0.01707,2.8,0
32,512,28.0,16.0,8,0.9,60000,10.0,0.00853,0.01468,0.01631,0.0,0.0,1,0.00853,2.8,0
32,512,28.0,16.0,8,0.9,120000,10.0,0.00427,0.01468,0.01631,0.0,0.0,1,0.00427,2.8,0
32,512,28.0,16.0,8,0.9,30000,30.0,0.01707,0.01468,0.01631,0.0,0.0,1,0.01707,2.8,0
32,512,28.0,16.0,8,0.9,60000,30.0,0.00853,0.01468,0.01631,0.0,0.0,1,0.00853,2.8,0
32,512,28.0,16.0,8,0.9,120000,30.0,0.00427,0.01468,0.01631,0.0,0.0,1,0.00427,2.8,0
32,512,28.0,16.0,8,0.99,30000,0.2,0.01707,0.01468,0.01483,0.0,0.0,1,0.01706,0.28,0
32,512,28.0,16.0,8,0.99,60000,0.2,0.00853,0.01468,0.01483,0.0,0.0,1,0.00853,0.28,0
32,512,28.0,16.0,8,0.99,120000,0.2,0.00427,0.01468,0.01483,0.0,0.0,1,0.00426,0.28,0
32,512,28.0,16.0,8,0.99,30000,0.5,0.01707,0.01468,0.01483,0.0,0.0,1,0.01707,0.28,0
32,512,28.0,16.0,8,0.99,60000,0.5,0.00853,0.01468,0.01483,0.0,0.0,1,0.00853,0.28,0
32,512,28.0,16.0,8,0.99,120000,0.5,0.00427,0.01468,0.01483,0.0,0.0,1,0.00427,0.28,0
32,512,28.0,16.0,8,0.99,30000,1.0,0.01707,0.01468,0.01483,0.0,0.0,1,0.01707,0.28,0
32,512,28.0,16.0,8,0.99,60000,1.0,0.00853,0.01468,0.01483,0.0,0.0,1,0.00853,0.28,0
32,512,28.0,16.0,8,0.99,120000,1.0,0.00427,0.01468,0.01483,0.0,0.0,1,0.00427,0.28,0
32,512,28.0,16.0,8,0.99,30000,2.0,0.01707,0.01468,0.01483,0.0,0.0,1,0.01707,0.28,0
32,512,28.0,16.0,8,0.99,60000,2.0,0.00853,0.01468,0.01483,0.0,0.0,1,0.00853,0.28,0
32,512,28.0,16.0,8,0.99,120000,2.0,0.00427,0.01468,0.01483,0.0,0.0,1,0.00427,0.28,0
32,512,28.0,16.0,8,0.99,30000,5.0,0.01707,0.01468,0.01483,0.0,0.0,1,0.01707,0.28,0
32,512,28.0,16.0,8,0.99,60000,5.0,0.00853,0.01468,0.01483,0.0,0.0,1,0.00853,0.28,0
32,512,28.0,16.0,8,0.99,120000,5.0,0.00427,0.01468,0.01483,0.0,0.0,1,0.00427,0.28,0
32,512,28.0,16.0,8,0.99,30000,10.0,0.01707,0.01468,0.01483,0.0,0.0,1,0.01707,0.28,0
32,512,28.0,16.0,8,0.99,60000,10.0,0.00853,0.01468,0.01483,0.0,0.0,1,0.00853,0.28,0
32,512,28.0,16.0,8,0.99,120000,10.0,0.00427,0.01468,0.01483,0.0,0.0,1,0.00427,0.28,0
32,512,28.0,16.0,8,0.99,30000,30.0,0.01707,0.01468,0.01483,0.0,0.0,1,0.01707,0.28,0
32,512,28.0,16.0,8,0.99,60000,30.0,0.00853,0.01468,0.01483,0.0,0.0,1,0.00853,0.28,0
32,512,28.0,16.0,8,0.99,120000,30.0,0.00427,0.01468,0.01483,0.0,0.0,1,0.00427,0.28,0
32,512,28.0,16.0,16,0.5,30000,0.2,0.01707,0.02936,0.05872,0.00101,0.0,1,0.01606,14.0,0
32,512,28.0,16.0,16,0.5,60000,0.2,0.00853,0.02936,0.05872,0.00101,0.0,1,0.00753,14.0,0
32,512,28.0,16.0,16,0.5,120000,0.2,0.00427,0.02936,0.05872,0.00101,0.0,1,0.00326,14.0,0
32,512,28.0,16.0,16,0.5,30000,0.5,0.01707,0.02936,0.05872,3e-05,0.0,1,0.01704,14.0,0
32,512,28.0,16.0,16,0.5,60000,0.5,0.00853,0.02936,0.05872,3e-05,0.0,1,0.0085,14.0,0
32,512,28.0,16.0,16,0.5,120000,0.5,0.00427,0.02936,0.05872,3e-05,0.0,1,0.00424,14.0,0
32,512,28.0,16.0,16,0.5,30000,1.0,0.01707,0.02936,0.05872,0.0,0.0,1,0.01707,14.0,0
32,512,28.0,16.0,16,0.5,60000,1.0,0.00853,0.02936,0.05872,0.0,0.0,1,0.00853,14.0,0
32,512,28.0,16.0,16,0.5,120000,1.0,0.00427,0.02936,0.05872,0.0,0.0,1,0.00427,14.0,0
32,512,28.0,16.0,16,0.5,30000,2.0,0.01707,0.02936,0.05872,0.0,0.0,1,0.01707,14.0,0
32,512,28.0,16.0,16,0.5,60000,2.0,0.00853,0.02936,0.05872,0.0,0.0,1,0.00853,14.0,0
32,512,28.0,16.0,16,0.5,120000,2.0,0.00427,0.02936,0.05872,0.0,0.0,1,0.00427,14.0,0
32,512,28.0,16.0,16,0.5,30000,5.0,0.01707,0.02936,0.05872,0.0,0.0,1,0.01707,14.0,0
32,512,28.0,16.0,16,0.5,60000,5.0,0.00853,0.02936,0.05872,0.0,0.0,1,0.00853,14.0,0
32,512,28.0,16.0,16,0.5,120000,5.0,0.00427,0.02936,0.05872,0.0,0.0,1,0.00427,14.0,0
32,512,28.0,16.0,16,0.5,30000,10.0,0.01707,0.02936,0.05872,0.0,0.0,1,0.01707,14.0,0
32,512,28.0,16.0,16,0.5,60000,10.0,0.00853,0.02936,0.05872,0.0,0.0,1,0.00853,14.0,0
32,512,28.0,16.0,16,0.5,120000,10.0,0.00427,0.02936,0.05872,0.0,0.0,1,0.00427,14.0,0
32,512,28.0,16.0,16,0.5,30000,30.0,0.01707,0.02936,0.05872,0.0,0.0,1,0.01707,14.0,0
32,512,28.0,16.0,16,0.5,60000,30.0,0.00853,0.02936,0.05872,0.0,0.0,1,0.00853,14.0,0
32,512,28.0,16.0,16,0.5,120000,30.0,0.00427,0.02936,0.05872,0.0,0.0,1,0.00427,14.0,0
32,512,28.0,16.0,16,0.7,30000,0.2,0.01707,0.02936,0.04194,0.00025,0.0,1,0.01682,8.4,0
32,512,28.0,16.0,16,0.7,60000,0.2,0.00853,0.02936,0.04194,0.00025,0.0,1,0.00829,8.4,0
32,512,28.0,16.0,16,0.7,120000,0.2,0.00427,0.02936,0.04194,0.00025,0.0,1,0.00402,8.4,0
32,512,28.0,16.0,16,0.7,30000,0.5,0.01707,0.02936,0.04194,0.0,0.0,1,0.01707,8.4,0
32,512,28.0,16.0,16,0.7,60000,0.5,0.00853,0.02936,0.04194,0.0,0.0,1,0.00853,8.4,0
32,512,28.0,16.0,16,0.7,120000,0.5,0.00427,0.02936,0.04194,0.0,0.0,1,0.00427,8.4,0
32,512,28.0,16.0,16,0.7,30000,1.0,0.01707,0.02936,0.04194,0.0,0.0,1,0.01707,8.4,0
32,512,28.0,16.0,16,0.7,60000,1.0,0.00853,0.02936,0.04194,0.0,0.0,1,0.00853,8.4,0
32,512,28.0,16.0,16,0.7,120000,1.0,0.00427,0.02936,0.04194,0.0,0.0,1,0.00427,8.4,0
32,512,28.0,16.0,16,0.7,30000,2.0,0.01707,0.02936,0.04194,0.0,0.0,1,0.01707,8.4,0
32,512,28.0,16.0,16,0.7,60000,2.0,0.00853,0.02936,0.04194,0.0,0.0,1,0.00853,8.4,0
32,512,28.0,16.0,16,0.7,120000,2.0,0.00427,0.02936,0.04194,0.0,0.0,1,0.00427,8.4,0
32,512,28.0,16.0,16,0.7,30000,5.0,0.01707,0.02936,0.04194,0.0,0.0,1,0.01707,8.4,0
32,512,28.0,16.0,16,0.7,60000,5.0,0.00853,0.02936,0.04194,0.0,0.0,1,0.00853,8.4,0
32,512,28.0,16.0,16,0.7,120000,5.0,0.00427,0.02936,0.04194,0.0,0.0,1,0.00427,8.4,0
32,512,28.0,16.0,16,0.7,30000,10.0,0.01707,0.02936,0.04194,0.0,0.0,1,0.01707,8.4,0
32,512,28.0,16.0,16,0.7,60000,10.0,0.00853,0.02936,0.04194,0.0,0.0,1,0.00853,8.4,0
32,512,28.0,16.0,16,0.7,120000,10.0,0.00427,0.02936,0.04194,0.0,0.0,1,0.00427,8.4,0
32,512,28.0,16.0,16,0.7,30000,30.0,0.01707,0.02936,0.04194,0.0,0.0,1,0.01707,8.4,0
32,512,28.0,16.0,16,0.7,60000,30.0,0.00853,0.02936,0.04194,0.0,0.0,1,0.00853,8.4,0
32,512,28.0,16.0,16,0.7,120000,30.0,0.00427,0.02936,0.04194,0.0,0.0,1,0.00427,8.4,0
32,512,28.0,16.0,16,0.9,30000,0.2,0.01707,0.02936,0.03262,8e-05,0.0,1,0.01699,2.8,0
32,512,28.0,16.0,16,0.9,60000,0.2,0.00853,0.02936,0.03262,8e-05,0.0,1,0.00846,2.8,0
32,512,28.0,16.0,16,0.9,120000,0.2,0.00427,0.02936,0.03262,8e-05,0.0,1,0.00419,2.8,0
32,512,28.0,16.0,16,0.9,30000,0.5,0.01707,0.02936,0.03262,0.0,0.0,1,0.01706,2.8,0
32,512,28.0,16.0,16,0.9,60000,0.5,0.00853,0.02936,0.03262,0.0,0.0,1,0.00853,2.8,0
32,512,28.0,16.0,16,0.9,120000,0.5,0.00427,0.02936,0.03262,0.0,0.0,1,0.00426,2.8,0
32,512,28.0,16.0,16,0.9,30000,1.0,0.01707,0.02936,0.03262,0.0,0.0,1,0.01707,2.8,0
32,512,28.0,16.0,16,0.9,60000,1.0,0.00853,0.02936,0.03262,0.0,0.0,1,0.00853,2.8,0
32,512,28.0,16.0,16,0.9,120000,1.0,0.00427,0.02936,0.03262,0.0,0.0,1,0.00427,2.8,0
32,512,28.0,16.0,16,0.9,30000,2.0,0.01707,0.02936,0.03262,0.0,0.0,1,0.01707,2.8,0
32,512,28.0,16.0,16,0.9,60000,2.0,0.00853,0.02936,0.03262,0.0,0.0,1,0.00853,2.8,0
32,512,28.0,16.0,16,0.9,120000,2.0,0.00427,0.02936,0.03262,0.0,0.0,1,0.00427,2.8,0
32,512,28.0,16.0,16,0.9,30000,5.0,0.01707,0.02936,0.03262,0.0,0.0,1,0.01707,2.8,0
32,512,28.0,16.0,16,0.9,60000,5.0,0.00853,0.02936,0.03262,0.0,0.0,1,0.00853,2.8,0
32,512,28.0,16.0,16,0.9,120000,5.0,0.00427,0.02936,0.03262,0.0,0.0,1,0.00427,2.8,0
32,512,28.0,16.0,16,0.9,30000,10.0,0.01707,0.02936,0.03262,0.0,0.0,1,0.01707,2.8,0
32,512,28.0,16.0,16,0.9,60000,10.0,0.00853,0.02936,0.03262,0.0,0.0,1,0.00853,2.8,0
32,512,28.0,16.0,16,0.9,120000,10.0,0.00427,0.02936,0.03262,0.0,0.0,1,0.00427,2.8,0
32,512,28.0,16.0,16,0.9,30000,30.0,0.01707,0.02936,0.03262,0.0,0.0,1,0.01707,2.8,0
32,512,28.0,16.0,16,0.9,60000,30.0,0.00853,0.02936,0.03262,0.0,0.0,1,0.00853,2.8,0
32,512,28.0,16.0,16,0.9,120000,30.0,0.00427,0.02936,0.03262,0.0,0.0,1,0.00427,2.8,0
32,512,28.0,16.0,16,0.99,30000,0.2,0.01707,0.02936,0.02966,4e-05,0.0,1,0.01703,0.28,0
32,512,28.0,16.0,16,0.99,60000,0.2,0.00853,0.02936,0.02966,4e-05,0.0,1,0.00849,0.28,0
32,512,28.0,16.0,16,0.99,120000,0.2,0.00427,0.02936,0.02966,4e-05,0.0,1,0.00423,0.28,0
32,512,28.0,16.0,16,0.99,30000,0.5,0.01707,0.02936,0.02966,0.0,0.0,1,0.01707,0.28,0
32,512,28.0,16.0,16,0.99,60000,0.5,0.00853,0.02936,0.02966,0.0,0.0,1,0.00853,0.28,0
32,512,28.0,16.0,16,0.99,120000,0.5,0.00427,0.02936,0.02966,0.0,0.0,1,0.00427,0.28,0
32,512,28.0,16.0,16,0.99,30000,1.0,0.01707,0.02936,0.02966,0.0,0.0,1,0.01707,0.28,0
32,512,28.0,16.0,16,0.99,60000,1.0,0.00853,0.02936,0.02966,0.0,0.0,1,0.00853,0.28,0
32,512,28.0,16.0,16,0.99,120000,1.0,0.00427,0.02936,0.02966,0.0,0.0,1,0.00427,0.28,0
32,512,28.0,16.0,16,0.99,30000,2.0,0.01707,0.02936,0.02966,0.0,0.0,1,0.01707,0.28,0
32,512,28.0,16.0,16,0.99,60000,2.0,0.00853,0.02936,0.02966,0.0,0.0,1,0.00853,0.28,0
32,512,28.0,16.0,16,0.99,120000,2.0,0.00427,0.02936,0.02966,0.0,0.0,1,0.00427,0.28,0
32,512,28.0,16.0,16,0.99,30000,5.0,0.01707,0.02936,0.02966,0.0,0.0,1,0.01707,0.28,0
32,512,28.0,16.0,16,0.99,60000,5.0,0.00853,0.02936,0.02966,0.0,0.0,1,0.00853,0.28,0
32,512,28.0,16.0,16,0.99,120000,5.0,0.00427,0.02936,0.02966,0.0,0.0,1,0.00427,0.28,0
32,512,28.0,16.0,16,0.99,30000,10.0,0.01707,0.02936,0.02966,0.0,0.0,1,0.01707,0.28,0
32,512,28.0,16.0,16,0.99,60000,10.0,0.00853,0.02936,0.02966,0.0,0.0,1,0.00853,0.28,0
32,512,28.0,16.0,16,0.99,120000,10.0,0.00427,0.02936,0.02966,0.0,0.0,1,0.00427,0.28,0
32,512,28.0,16.0,16,0.99,30000,30.0,0.01707,0.02936,0.02966,0.0,0.0,1,0.01707,0.28,0
32,512,28.0,16.0,16,0.99,60000,30.0,0.00853,0.02936,0.02966,0.0,0.0,1,0.00853,0.28,0
32,512,28.0,16.0,16,0.99,120000,30.0,0.00427,0.02936,0.02966,0.0,0.0,1,0.00427,0.28,0
32,512,28.0,16.0,32,0.5,30000,0.2,0.01707,0.05872,0.11744,0.01054,0.0477,1,0.00653,14.0,0
32,512,28.0,16.0,32,0.5,60000,0.2,0.00853,0.05872,0.11744,0.01054,0.0477,0,-0.00201,14.0,0
32,512,28.0,16.0,32,0.5,120000,0.2,0.00427,0.05872,0.11744,0.01054,0.0477,0,-0.00627,14.0,0
32,512,28.0,16.0,32,0.5,30000,0.5,0.01707,0.05872,0.11744,0.00115,0.0,1,0.01592,14.0,0
32,512,28.0,16.0,32,0.5,60000,0.5,0.00853,0.05872,0.11744,0.00115,0.0,1,0.00738,14.0,0
32,512,28.0,16.0,32,0.5,120000,0.5,0.00427,0.05872,0.11744,0.00115,0.0,1,0.00312,14.0,0
32,512,28.0,16.0,32,0.5,30000,1.0,0.01707,0.05872,0.11744,0.00017,0.0,1,0.0169,14.0,0
32,512,28.0,16.0,32,0.5,60000,1.0,0.00853,0.05872,0.11744,0.00017,0.0,1,0.00837,14.0,0
32,512,28.0,16.0,32,0.5,120000,1.0,0.00427,0.05872,0.11744,0.00017,0.0,1,0.0041,14.0,0
32,512,28.0,16.0,32,0.5,30000,2.0,0.01707,0.05872,0.11744,2e-05,0.0,1,0.01705,14.0,0
32,512,28.0,16.0,32,0.5,60000,2.0,0.00853,0.05872,0.11744,2e-05,0.0,1,0.00851,14.0,0
32,512,28.0,16.0,32,0.5,120000,2.0,0.00427,0.05872,0.11744,2e-05,0.0,1,0.00425,14.0,0
32,512,28.0,16.0,32,0.5,30000,5.0,0.01707,0.05872,0.11744,0.0,0.0,1,0.01707,14.0,0
32,512,28.0,16.0,32,0.5,60000,5.0,0.00853,0.05872,0.11744,0.0,0.0,1,0.00853,14.0,0
32,512,28.0,16.0,32,0.5,120000,5.0,0.00427,0.05872,0.11744,0.0,0.0,1,0.00427,14.0,0
32,512,28.0,16.0,32,0.5,30000,10.0,0.01707,0.05872,0.11744,0.0,0.0,1,0.01707,14.0,0
32,512,28.0,16.0,32,0.5,60000,10.0,0.00853,0.05872,0.11744,0.0,0.0,1,0.00853,14.0,0
32,512,28.0,16.0,32,0.5,120000,10.0,0.00427,0.05872,0.11744,0.0,0.0,1,0.00427,14.0,0
32,512,28.0,16.0,32,0.5,30000,30.0,0.01707,0.05872,0.11744,0.0,0.0,1,0.01707,14.0,0
32,512,28.0,16.0,32,0.5,60000,30.0,0.00853,0.05872,0.11744,0.0,0.0,1,0.00853,14.0,0
32,512,28.0,16.0,32,0.5,120000,30.0,0.00427,0.05872,0.11744,0.0,0.0,1,0.00427,14.0,0
32,512,28.0,16.0,32,0.7,30000,0.2,0.01707,0.05872,0.08389,0.00366,0.01223,1,0.0134,8.4,0
32,512,28.0,16.0,32,0.7,60000,0.2,0.00853,0.05872,0.08389,0.00366,0.01223,1,0.00487,8.4,0
32,512,28.0,16.0,32,0.7,120000,0.2,0.00427,0.05872,0.08389,0.00366,0.01223,1,0.0006,8.4,0
32,512,28.0,16.0,32,0.7,30000,0.5,0.01707,0.05872,0.08389,0.00021,0.0,1,0.01685,8.4,0
32,512,28.0,16.0,32,0.7,60000,0.5,0.00853,0.05872,0.08389,0.00021,0.0,1,0.00832,8.4,0
32,512,28.0,16.0,32,0.7,120000,0.5,0.00427,0.05872,0.08389,0.00021,0.0,1,0.00405,8.4,0
32,512,28.0,16.0,32,0.7,30000,1.0,0.01707,0.05872,0.08389,2e-05,0.0,1,0.01705,8.4,0
32,512,28.0,16.0,32,0.7,60000,1.0,0.00853,0.05872,0.08389,2e-05,0.0,1,0.00851,8.4,0
32,512,28.0,16.0,32,0.7,120000,1.0,0.00427,0.05872,0.08389,2e-05,0.0,1,0.00425,8.4,0
32,512,28.0,16.0,32,0.7,30000,2.0,0.01707,0.05872,0.08389,0.0,0.0,1,0.01707,8.4,0
32,512,28.0,16.0,32,0.7,60000,2.0,0.00853,0.05872,0.08389,0.0,0.0,1,0.00853,8.4,0
32,512,28.0,16.0,32,0.7,120000,2.0,0.00427,0.05872,0.08389,0.0,0.0,1,0.00427,8.4,0
32,512,28.0,16.0,32,0.7,30000,5.0,0.01707,0.05872,0.08389,0.0,0.0,1,0.01707,8.4,0
32,512,28.0,16.0,32,0.7,60000,5.0,0.00853,0.05872,0.08389,0.0,0.0,1,0.00853,8.4,0
32,512,28.0,16.0,32,0.7,120000,5.0,0.00427,0.05872,0.08389,0.0,0.0,1,0.00427,8.4,0
32,512,28.0,16.0,32,0.7,30000,10.0,0.01707,0.05872,0.08389,0.0,0.0,1,0.01707,8.4,0
32,512,28.0,16.0,32,0.7,60000,10.0,0.00853,0.05872,0.08389,0.0,0.0,1,0.00853,8.4,0
32,512,28.0,16.0,32,0.7,120000,10.0,0.00427,0.05872,0.08389,0.0,0.0,1,0.00427,8.4,0
32,512,28.0,16.0,32,0.7,30000,30.0,0.01707,0.05872,0.08389,0.0,0.0,1,0.01707,8.4,0
32,512,28.0,16.0,32,0.7,60000,30.0,0.00853,0.05872,0.08389,0.0,0.0,1,0.00853,8.4,0
32,512,28.0,16.0,32,0.7,120000,30.0,0.00427,0.05872,0.08389,0.0,0.0,1,0.00427,8.4,0
32,512,28.0,16.0,32,0.9,30000,0.2,0.01707,0.05872,0.06524,0.00133,0.0,1,0.01573,2.8,0
32,512,28.0,16.0,32,0.9,60000,0.2,0.00853,0.05872,0.06524,0.00133,0.0,1,0.0072,2.8,0
32,512,28.0,16.0,32,0.9,120000,0.2,0.00427,0.05872,0.06524,0.00133,0.0,1,0.00293,2.8,0
32,512,28.0,16.0,32,0.9,30000,0.5,0.01707,0.05872,0.06524,5e-05,0.0,1,0.01701,2.8,0
32,512,28.0,16.0,32,0.9,60000,0.5,0.00853,0.05872,0.06524,5e-05,0.0,1,0.00848,2.8,0
32,512,28.0,16.0,32,0.9,120000,0.5,0.00427,0.05872,0.06524,5e-05,0.0,1,0.00421,2.8,0
32,512,28.0,16.0,32,0.9,30000,1.0,0.01707,0.05872,0.06524,2e-05,0.0,1,0.01705,2.8,0
32,512,28.0,16.0,32,0.9,60000,1.0,0.00853,0.05872,0.06524,2e-05,0.0,1,0.00852,2.8,0
32,512,28.0,16.0,32,0.9,120000,1.0,0.00427,0.05872,0.06524,2e-05,0.0,1,0.00425,2.8,0
32,512,28.0,16.0,32,0.9,30000,2.0,0.01707,0.05872,0.06524,0.0,0.0,1,0.01707,2.8,0
32,512,28.0,16.0,32,0.9,60000,2.0,0.00853,0.05872,0.06524,0.0,0.0,1,0.00853,2.8,0
32,512,28.0,16.0,32,0.9,120000,2.0,0.00427,0.05872,0.06524,0.0,0.0,1,0.00427,2.8,0
32,512,28.0,16.0,32,0.9,30000,5.0,0.01707,0.05872,0.06524,0.0,0.0,1,0.01707,2.8,0
32,512,28.0,16.0,32,0.9,60000,5.0,0.00853,0.05872,0.06524,0.0,0.0,1,0.00853,2.8,0
32,512,28.0,16.0,32,0.9,120000,5.0,0.00427,0.05872,0.06524,0.0,0.0,1,0.00427,2.8,0
32,512,28.0,16.0,32,0.9,30000,10.0,0.01707,0.05872,0.06524,0.0,0.0,1,0.01707,2.8,0
32,512,28.0,16.0,32,0.9,60000,10.0,0.00853,0.05872,0.06524,0.0,0.0,1,0.00853,2.8,0
32,512,28.0,16.0,32,0.9,120000,10.0,0.00427,0.05872,0.06524,0.0,0.0,1,0.00427,2.8,0
32,512,28.0,16.0,32,0.9,30000,30.0,0.01707,0.05872,0.06524,0.0,0.0,1,0.01707,2.8,0
32,512,28.0,16.0,32,0.9,60000,30.0,0.00853,0.05872,0.06524,0.0,0.0,1,0.00853,2.8,0
32,512,28.0,16.0,32,0.9,120000,30.0,0.00427,0.05872,0.06524,0.0,0.0,1,0.00427,2.8,0
32,512,28.0,16.0,32,0.99,30000,0.2,0.01707,0.05872,0.05931,0.00106,0.0,1,0.01601,0.28,0
32,512,28.0,16.0,32,0.99,60000,0.2,0.00853,0.05872,0.05931,0.00106,0.0,1,0.00747,0.28,0
32,512,28.0,16.0,32,0.99,120000,0.2,0.00427,0.05872,0.05931,0.00106,0.0,1,0.00321,0.28,0
32,512,28.0,16.0,32,0.99,30000,0.5,0.01707,0.05872,0.05931,5e-05,0.0,1,0.01701,0.28,0
32,512,28.0,16.0,32,0.99,60000,0.5,0.00853,0.05872,0.05931,5e-05,0.0,1,0.00848,0.28,0
32,512,28.0,16.0,32,0.99,120000,0.5,0.00427,0.05872,0.05931,5e-05,0.0,1,0.00421,0.28,0
32,512,28.0,16.0,32,0.99,30000,1.0,0.01707,0.05872,0.05931,0.0,0.0,1,0.01707,0.28,0
32,512,28.0,16.0,32,0.99,60000,1.0,0.00853,0.05872,0.05931,0.0,0.0,1,0.00853,0.28,0
32,512,28.0,16.0,32,0.99,120000,1.0,0.00427,0.05872,0.05931,0.0,0.0,1,0.00427,0.28,0
32,512,28.0,16.0,32,0.99,30000,2.0,0.01707,0.05872,0.05931,0.0,0.0,1,0.01707,0.28,0
32,512,28.0,16.0,32,0.99,60000,2.0,0.00853,0.05872,0.05931,0.0,0.0,1,0.00853,0.28,0
32,512,28.0,16.0,32,0.99,120000,2.0,0.00427,0.05872,0.05931,0.0,0.0,1,0.00427,0.28,0
32,512,28.0,16.0,32,0.99,30000,5.0,0.01707,0.05872,0.05931,0.0,0.0,1,0.01707,0.28,0
32,512,28.0,16.0,32,0.99,60000,5.0,0.00853,0.05872,0.05931,0.0,0.0,1,0.00853,0.28,0
32,512,28.0,16.0,32,0.99,120000,5.0,0.00427,0.05872,0.05931,0.0,0.0,1,0.00427,0.28,0
32,512,28.0,16.0,32,0.99,30000,10.0,0.01707,0.05872,0.05931,0.0,0.0,1,0.01707,0.28,0
32,512,28.0,16.0,32,0.99,60000,10.0,0.00853,0.05872,0.05931,0.0,0.0,1,0.00853,0.28,0
32,512,28.0,16.0,32,0.99,120000,10.0,0.00427,0.05872,0.05931,0.0,0.0,1,0.00427,0.28,0
32,512,28.0,16.0,32,0.99,30000,30.0,0.01707,0.05872,0.05931,0.0,0.0,1,0.01707,0.28,0
32,512,28.0,16.0,32,0.99,60000,30.0,0.00853,0.05872,0.05931,0.0,0.0,1,0.00853,0.28,0
32,512,28.0,16.0,32,0.99,120000,30.0,0.00427,0.05872,0.05931,0.0,0.0,1,0.00427,0.28,0
32,512,28.0,32.0,1,0.5,30000,0.2,0.01707,0.00092,0.00184,0.0,0.0,1,0.01707,14.0,0
32,512,28.0,32.0,1,0.5,60000,0.2,0.00853,0.00092,0.00184,0.0,0.0,1,0.00853,14.0,0
32,512,28.0,32.0,1,0.5,120000,0.2,0.00427,0.00092,0.00184,0.0,0.0,1,0.00427,14.0,0
32,512,28.0,32.0,1,0.5,30000,0.5,0.01707,0.00092,0.00184,0.0,0.0,1,0.01707,14.0,0
32,512,28.0,32.0,1,0.5,60000,0.5,0.00853,0.00092,0.00184,0.0,0.0,1,0.00853,14.0,0
32,512,28.0,32.0,1,0.5,120000,0.5,0.00427,0.00092,0.00184,0.0,0.0,1,0.00427,14.0,0
32,512,28.0,32.0,1,0.5,30000,1.0,0.01707,0.00092,0.00184,0.0,0.0,1,0.01707,14.0,0
32,512,28.0,32.0,1,0.5,60000,1.0,0.00853,0.00092,0.00184,0.0,0.0,1,0.00853,14.0,0
32,512,28.0,32.0,1,0.5,120000,1.0,0.00427,0.00092,0.00184,0.0,0.0,1,0.00427,14.0,0
32,512,28.0,32.0,1,0.5,30000,2.0,0.01707,0.00092,0.00184,0.0,0.0,1,0.01707,14.0,0
32,512,28.0,32.0,1,0.5,60000,2.0,0.00853,0.00092,0.00184,0.0,0.0,1,0.00853,14.0,0
32,512,28.0,32.0,1,0.5,120000,2.0,0.00427,0.00092,0.00184,0.0,0.0,1,0.00427,14.0,0
32,512,28.0,32.0,1,0.5,30000,5.0,0.01707,0.00092,0.00184,0.0,0.0,1,0.01707,14.0,0
32,512,28.0,32.0,1,0.5,60000,5.0,0.00853,0.00092,0.00184,0.0,0.0,1,0.00853,14.0,0
32,512,28.0,32.0,1,0.5,120000,5.0,0.00427,0.00092,0.00184,0.0,0.0,1,0.00427,14.0,0
32,512,28.0,32.0,1,0.5,30000,10.0,0.01707,0.00092,0.00184,0.0,0.0,1,0.01707,14.0,0
32,512,28.0,32.0,1,0.5,60000,10.0,0.00853,0.00092,0.00184,0.0,0.0,1,0.00853,14.0,0
32,512,28.0,32.0,1,0.5,120000,10.0,0.00427,0.00092,0.00184,0.0,0.0,1,0.00427,14.0,0
32,512,28.0,32.0,1,0.5,30000,30.0,0.01707,0.00092,0.00184,0.0,0.0,1,0.01707,14.0,0
32,512,28.0,32.0,1,0.5,60000,30.0,0.00853,0.00092,0.00184,0.0,0.0,1,0.00853,14.0,0
32,512,28.0,32.0,1,0.5,120000,30.0,0.00427,0.00092,0.00184,0.0,0.0,1,0.00427,14.0,0
32,512,28.0,32.0,1,0.7,30000,0.2,0.01707,0.00092,0.00131,0.0,0.0,1,0.01707,8.4,0
32,512,28.0,32.0,1,0.7,60000,0.2,0.00853,0.00092,0.00131,0.0,0.0,1,0.00853,8.4,0
32,512,28.0,32.0,1,0.7,120000,0.2,0.00427,0.00092,0.00131,0.0,0.0,1,0.00427,8.4,0
32,512,28.0,32.0,1,0.7,30000,0.5,0.01707,0.00092,0.00131,0.0,0.0,1,0.01707,8.4,0
32,512,28.0,32.0,1,0.7,60000,0.5,0.00853,0.00092,0.00131,0.0,0.0,1,0.00853,8.4,0
32,512,28.0,32.0,1,0.7,120000,0.5,0.00427,0.00092,0.00131,0.0,0.0,1,0.00427,8.4,0
32,512,28.0,32.0,1,0.7,30000,1.0,0.01707,0.00092,0.00131,0.0,0.0,1,0.01707,8.4,0
32,512,28.0,32.0,1,0.7,60000,1.0,0.00853,0.00092,0.00131,0.0,0.0,1,0.00853,8.4,0
32,512,28.0,32.0,1,0.7,120000,1.0,0.00427,0.00092,0.00131,0.0,0.0,1,0.00427,8.4,0
32,512,28.0,32.0,1,0.7,30000,2.0,0.01707,0.00092,0.00131,0.0,0.0,1,0.01707,8.4,0
32,512,28.0,32.0,1,0.7,60000,2.0,0.00853,0.00092,0.00131,0.0,0.0,1,0.00853,8.4,0
32,512,28.0,32.0,1,0.7,120000,2.0,0.00427,0.00092,0.00131,0.0,0.0,1,0.00427,8.4,0
32,512,28.0,32.0,1,0.7,30000,5.0,0.01707,0.00092,0.00131,0.0,0.0,1,0.01707,8.4,0
32,512,28.0,32.0,1,0.7,60000,5.0,0.00853,0.00092,0.00131,0.0,0.0,1,0.00853,8.4,0
32,512,28.0,32.0,1,0.7,120000,5.0,0.00427,0.00092,0.00131,0.0,0.0,1,0.00427,8.4,0
32,512,28.0,32.0,1,0.7,30000,10.0,0.01707,0.00092,0.00131,0.0,0.0,1,0.01707,8.4,0
32,512,28.0,32.0,1,0.7,60000,10.0,0.00853,0.00092,0.00131,0.0,0.0,1,0.00853,8.4,0
32,512,28.0,32.0,1,0.7,120000,10.0,0.00427,0.00092,0.00131,0.0,0.0,1,0.00427,8.4,0
32,512,28.0,32.0,1,0.7,30000,30.0,0.01707,0.00092,0.00131,0.0,0.0,1,0.01707,8.4,0
32,512,28.0,32.0,1,0.7,60000,30.0,0.00853,0.00092,0.00131,0.0,0.0,1,0.00853,8.4,0
32,512,28.0,32.0,1,0.7,120000,30.0,0.00427,0.00092,0.00131,0.0,0.0,1,0.00427,8.4,0
32,512,28.0,32.0,1,0.9,30000,0.2,0.01707,0.00092,0.00102,0.0,0.0,1,0.01707,2.8,0
32,512,28.0,32.0,1,0.9,60000,0.2,0.00853,0.00092,0.00102,0.0,0.0,1,0.00853,2.8,0
32,512,28.0,32.0,1,0.9,120000,0.2,0.00427,0.00092,0.00102,0.0,0.0,1,0.00427,2.8,0
32,512,28.0,32.0,1,0.9,30000,0.5,0.01707,0.00092,0.00102,0.0,0.0,1,0.01707,2.8,0
32,512,28.0,32.0,1,0.9,60000,0.5,0.00853,0.00092,0.00102,0.0,0.0,1,0.00853,2.8,0
32,512,28.0,32.0,1,0.9,120000,0.5,0.00427,0.00092,0.00102,0.0,0.0,1,0.00427,2.8,0
32,512,28.0,32.0,1,0.9,30000,1.0,0.01707,0.00092,0.00102,0.0,0.0,1,0.01707,2.8,0
32,512,28.0,32.0,1,0.9,60000,1.0,0.00853,0.00092,0.00102,0.0,0.0,1,0.00853,2.8,0
32,512,28.0,32.0,1,0.9,120000,1.0,0.00427,0.00092,0.00102,0.0,0.0,1,0.00427,2.8,0
32,512,28.0,32.0,1,0.9,30000,2.0,0.01707,0.00092,0.00102,0.0,0.0,1,0.01707,2.8,0
32,512,28.0,32.0,1,0.9,60000,2.0,0.00853,0.00092,0.00102,0.0,0.0,1,0.00853,2.8,0
32,512,28.0,32.0,1,0.9,120000,2.0,0.00427,0.00092,0.00102,0.0,0.0,1,0.00427,2.8,0
32,512,28.0,32.0,1,0.9,30000,5.0,0.01707,0.00092,0.00102,0.0,0.0,1,0.01707,2.8,0
32,512,28.0,32.0,1,0.9,60000,5.0,0.00853,0.00092,0.00102,0.0,0.0,1,0.00853,2.8,0
32,512,28.0,32.0,1,0.9,120000,5.0,0.00427,0.00092,0.00102,0.0,0.0,1,0.00427,2.8,0
32,512,28.0,32.0,1,0.9,30000,10.0,0.01707,0.00092,0.00102,0.0,0.0,1,0.01707,2.8,0
32,512,28.0,32.0,1,0.9,60000,10.0,0.00853,0.00092,0.00102,0.0,0.0,1,0.00853,2.8,0
32,512,28.0,32.0,1,0.9,120000,10.0,0.00427,0.00092,0.00102,0.0,0.0,1,0.00427,2.8,0
32,512,28.0,32.0,1,0.9,30000,30.0,0.01707,0.00092,0.00102,0.0,0.0,1,0.01707,2.8,0
32,512,28.0,32.0,1,0.9,60000,30.0,0.00853,0.00092,0.00102,0.0,0.0,1,0.00853,2.8,0
32,512,28.0,32.0,1,0.9,120000,30.0,0.00427,0.00092,0.00102,0.0,0.0,1,0.00427,2.8,0
32,512,28.0,32.0,1,0.99,30000,0.2,0.01707,0.00092,0.00093,0.0,0.0,1,0.01707,0.28,0
32,512,28.0,32.0,1,0.99,60000,0.2,0.00853,0.00092,0.00093,0.0,0.0,1,0.00853,0.28,0
32,512,28.0,32.0,1,0.99,120000,0.2,0.00427,0.00092,0.00093,0.0,0.0,1,0.00427,0.28,0
32,512,28.0,32.0,1,0.99,30000,0.5,0.01707,0.00092,0.00093,0.0,0.0,1,0.01707,0.28,0
32,512,28.0,32.0,1,0.99,60000,0.5,0.00853,0.00092,0.00093,0.0,0.0,1,0.00853,0.28,0
32,512,28.0,32.0,1,0.99,120000,0.5,0.00427,0.00092,0.00093,0.0,0.0,1,0.00427,0.28,0
32,512,28.0,32.0,1,0.99,30000,1.0,0.01707,0.00092,0.00093,0.0,0.0,1,0.01707,0.28,0
32,512,28.0,32.0,1,0.99,60000,1.0,0.00853,0.00092,0.00093,0.0,0.0,1,0.00853,0.28,0
32,512,28.0,32.0,1,0.99,120000,1.0,0.00427,0.00092,0.00093,0.0,0.0,1,0.00427,0.28,0
32,512,28.0,32.0,1,0.99,30000,2.0,0.01707,0.00092,0.00093,0.0,0.0,1,0.01707,0.28,0
32,512,28.0,32.0,1,0.99,60000,2.0,0.00853,0.00092,0.00093,0.0,0.0,1,0.00853,0.28,0
32,512,28.0,32.0,1,0.99,120000,2.0,0.00427,0.00092,0.00093,0.0,0.0,1,0.00427,0.28,0
32,512,28.0,32.0,1,0.99,30000,5.0,0.01707,0.00092,0.00093,0.0,0.0,1,0.01707,0.28,0
32,512,28.0,32.0,1,0.99,60000,5.0,0.00853,0.00092,0.00093,0.0,0.0,1,0.00853,0.28,0
32,512,28.0,32.0,1,0.99,120000,5.0,0.00427,0.00092,0.00093,0.0,0.0,1,0.00427,0.28,0
32,512,28.0,32.0,1,0.99,30000,10.0,0.01707,0.00092,0.00093,0.0,0.0,1,0.01707,0.28,0
32,512,28.0,32.0,1,0.99,60000,10.0,0.00853,0.00092,0.00093,0.0,0.0,1,0.00853,0.28,0
32,512,28.0,32.0,1,0.99,120000,10.0,0.00427,0.00092,0.00093,0.0,0.0,1,0.00427,0.28,0
32,512,28.0,32.0,1,0.99,30000,30.0,0.01707,0.00092,0.00093,0.0,0.0,1,0.01707,0.28,0
32,512,28.0,32.0,1,0.99,60000,30.0,0.00853,0.00092,0.00093,0.0,0.0,1,0.00853,0.28,0
32,512,28.0,32.0,1,0.99,120000,30.0,0.00427,0.00092,0.00093,0.0,0.0,1,0.00427,0.28,0
32,512,28.0,32.0,2,0.5,30000,0.2,0.01707,0.00184,0.00367,0.0,0.0,1,0.01707,14.0,0
32,512,28.0,32.0,2,0.5,60000,0.2,0.00853,0.00184,0.00367,0.0,0.0,1,0.00853,14.0,0
32,512,28.0,32.0,2,0.5,120000,0.2,0.00427,0.00184,0.00367,0.0,0.0,1,0.00427,14.0,0
32,512,28.0,32.0,2,0.5,30000,0.5,0.01707,0.00184,0.00367,0.0,0.0,1,0.01707,14.0,0
32,512,28.0,32.0,2,0.5,60000,0.5,0.00853,0.00184,0.00367,0.0,0.0,1,0.00853,14.0,0
32,512,28.0,32.0,2,0.5,120000,0.5,0.00427,0.00184,0.00367,0.0,0.0,1,0.00427,14.0,0
32,512,28.0,32.0,2,0.5,30000,1.0,0.01707,0.00184,0.00367,0.0,0.0,1,0.01707,14.0,0
32,512,28.0,32.0,2,0.5,60000,1.0,0.00853,0.00184,0.00367,0.0,0.0,1,0.00853,14.0,0
32,512,28.0,32.0,2,0.5,120000,1.0,0.00427,0.00184,0.00367,0.0,0.0,1,0.00427,14.0,0
32,512,28.0,32.0,2,0.5,30000,2.0,0.01707,0.00184,0.00367,0.0,0.0,1,0.01707,14.0,0
32,512,28.0,32.0,2,0.5,60000,2.0,0.00853,0.00184,0.00367,0.0,0.0,1,0.00853,14.0,0
32,512,28.0,32.0,2,0.5,120000,2.0,0.00427,0.00184,0.00367,0.0,0.0,1,0.00427,14.0,0
32,512,28.0,32.0,2,0.5,30000,5.0,0.01707,0.00184,0.00367,0.0,0.0,1,0.01707,14.0,0
32,512,28.0,32.0,2,0.5,60000,5.0,0.00853,0.00184,0.00367,0.0,0.0,1,0.00853,14.0,0
32,512,28.0,32.0,2,0.5,120000,5.0,0.00427,0.00184,0.00367,0.0,0.0,1,0.00427,14.0,0
32,512,28.0,32.0,2,0.5,30000,10.0,0.01707,0.00184,0.00367,0.0,0.0,1,0.01707,14.0,0
32,512,28.0,32.0,2,0.5,60000,10.0,0.00853,0.00184,0.00367,0.0,0.0,1,0.00853,14.0,0
32,512,28.0,32.0,2,0.5,120000,10.0,0.00427,0.00184,0.00367,0.0,0.0,1,0.00427,14.0,0
32,512,28.0,32.0,2,0.5,30000,30.0,0.01707,0.00184,0.00367,0.0,0.0,1,0.01707,14.0,0
32,512,28.0,32.0,2,0.5,60000,30.0,0.00853,0.00184,0.00367,0.0,0.0,1,0.00853,14.0,0
32,512,28.0,32.0,2,0.5,120000,30.0,0.00427,0.00184,0.00367,0.0,0.0,1,0.00427,14.0,0
32,512,28.0,32.0,2,0.7,30000,0.2,0.01707,0.00184,0.00262,0.0,0.0,1,0.01707,8.4,0
32,512,28.0,32.0,2,0.7,60000,0.2,0.00853,0.00184,0.00262,0.0,0.0,1,0.00853,8.4,0
32,512,28.0,32.0,2,0.7,120000,0.2,0.00427,0.00184,0.00262,0.0,0.0,1,0.00427,8.4,0
32,512,28.0,32.0,2,0.7,30000,0.5,0.01707,0.00184,0.00262,0.0,0.0,1,0.01707,8.4,0
32,512,28.0,32.0,2,0.7,60000,0.5,0.00853,0.00184,0.00262,0.0,0.0,1,0.00853,8.4,0
32,512,28.0,32.0,2,0.7,120000,0.5,0.00427,0.00184,0.00262,0.0,0.0,1,0.00427,8.4,0
32,512,28.0,32.0,2,0.7,30000,1.0,0.01707,0.00184,0.00262,0.0,0.0,1,0.01707,8.4,0
32,512,28.0,32.0,2,0.7,60000,1.0,0.00853,0.00184,0.00262,0.0,0.0,1,0.00853,8.4,0
32,512,28.0,32.0,2,0.7,120000,1.0,0.00427,0.00184,0.00262,0.0,0.0,1,0.00427,8.4,0
32,512,28.0,32.0,2,0.7,30000,2.0,0.01707,0.00184,0.00262,0.0,0.0,1,0.01707,8.4,0
32,512,28.0,32.0,2,0.7,60000,2.0,0.00853,0.00184,0.00262,0.0,0.0,1,0.00853,8.4,0
32,512,28.0,32.0,2,0.7,120000,2.0,0.00427,0.00184,0.00262,0.0,0.0,1,0.00427,8.4,0
32,512,28.0,32.0,2,0.7,30000,5.0,0.01707,0.00184,0.00262,0.0,0.0,1,0.01707,8.4,0
32,512,28.0,32.0,2,0.7,60000,5.0,0.00853,0.00184,0.00262,0.0,0.0,1,0.00853,8.4,0
32,512,28.0,32.0,2,0.7,120000,5.0,0.00427,0.00184,0.00262,0.0,0.0,1,0.00427,8.4,0
32,512,28.0,32.0,2,0.7,30000,10.0,0.01707,0.00184,0.00262,0.0,0.0,1,0.01707,8.4,0
32,512,28.0,32.0,2,0.7,60000,10.0,0.00853,0.00184,0.00262,0.0,0.0,1,0.00853,8.4,0
32,512,28.0,32.0,2,0.7,120000,10.0,0.00427,0.00184,0.00262,0.0,0.0,1,0.00427,8.4,0
32,512,28.0,32.0,2,0.7,30000,30.0,0.01707,0.00184,0.00262,0.0,0.0,1,0.01707,8.4,0
32,512,28.0,32.0,2,0.7,60000,30.0,0.00853,0.00184,0.00262,0.0,0.0,1,0.00853,8.4,0
32,512,28.0,32.0,2,0.7,120000,30.0,0.00427,0.00184,0.00262,0.0,0.0,1,0.00427,8.4,0
32,512,28.0,32.0,2,0.9,30000,0.2,0.01707,0.00184,0.00204,0.0,0.0,1,0.01707,2.8,0
32,512,28.0,32.0,2,0.9,60000,0.2,0.00853,0.00184,0.00204,0.0,0.0,1,0.00853,2.8,0
32,512,28.0,32.0,2,0.9,120000,0.2,0.00427,0.00184,0.00204,0.0,0.0,1,0.00427,2.8,0
32,512,28.0,32.0,2,0.9,30000,0.5,0.01707,0.00184,0.00204,0.0,0.0,1,0.01707,2.8,0
32,512,28.0,32.0,2,0.9,60000,0.5,0.00853,0.00184,0.00204,0.0,0.0,1,0.00853,2.8,0
32,512,28.0,32.0,2,0.9,120000,0.5,0.00427,0.00184,0.00204,0.0,0.0,1,0.00427,2.8,0
32,512,28.0,32.0,2,0.9,30000,1.0,0.01707,0.00184,0.00204,0.0,0.0,1,0.01707,2.8,0
32,512,28.0,32.0,2,0.9,60000,1.0,0.00853,0.00184,0.00204,0.0,0.0,1,0.00853,2.8,0
32,512,28.0,32.0,2,0.9,120000,1.0,0.00427,0.00184,0.00204,0.0,0.0,1,0.00427,2.8,0
32,512,28.0,32.0,2,0.9,30000,2.0,0.01707,0.00184,0.00204,0.0,0.0,1,0.01707,2.8,0
32,512,28.0,32.0,2,0.9,60000,2.0,0.00853,0.00184,0.00204,0.0,0.0,1,0.00853,2.8,0
32,512,28.0,32.0,2,0.9,120000,2.0,0.00427,0.00184,0.00204,0.0,0.0,1,0.00427,2.8,0
32,512,28.0,32.0,2,0.9,30000,5.0,0.01707,0.00184,0.00204,0.0,0.0,1,0.01707,2.8,0
32,512,28.0,32.0,2,0.9,60000,5.0,0.00853,0.00184,0.00204,0.0,0.0,1,0.00853,2.8,0
32,512,28.0,32.0,2,0.9,120000,5.0,0.00427,0.00184,0.00204,0.0,0.0,1,0.00427,2.8,0
32,512,28.0,32.0,2,0.9,30000,10.0,0.01707,0.00184,0.00204,0.0,0.0,1,0.01707,2.8,0
32,512,28.0,32.0,2,0.9,60000,10.0,0.00853,0.00184,0.00204,0.0,0.0,1,0.00853,2.8,0
32,512,28.0,32.0,2,0.9,120000,10.0,0.00427,0.00184,0.00204,0.0,0.0,1,0.00427,2.8,0
32,512,28.0,32.0,2,0.9,30000,30.0,0.01707,0.00184,0.00204,0.0,0.0,1,0.01707,2.8,0
32,512,28.0,32.0,2,0.9,60000,30.0,0.00853,0.00184,0.00204,0.0,0.0,1,0.00853,2.8,0
32,512,28.0,32.0,2,0.9,120000,30.0,0.00427,0.00184,0.00204,0.0,0.0,1,0.00427,2.8,0
32,512,28.0,32.0,2,0.99,30000,0.2,0.01707,0.00184,0.00185,0.0,0.0,1,0.01707,0.28,0
32,512,28.0,32.0,2,0.99,60000,0.2,0.00853,0.00184,0.00185,0.0,0.0,1,0.00853,0.28,0
32,512,28.0,32.0,2,0.99,120000,0.2,0.00427,0.00184,0.00185,0.0,0.0,1,0.00427,0.28,0
32,512,28.0,32.0,2,0.99,30000,0.5,0.01707,0.00184,0.00185,0.0,0.0,1,0.01707,0.28,0
32,512,28.0,32.0,2,0.99,60000,0.5,0.00853,0.00184,0.00185,0.0,0.0,1,0.00853,0.28,0
32,512,28.0,32.0,2,0.99,120000,0.5,0.00427,0.00184,0.00185,0.0,0.0,1,0.00427,0.28,0
32,512,28.0,32.0,2,0.99,30000,1.0,0.01707,0.00184,0.00185,0.0,0.0,1,0.01707,0.28,0
32,512,28.0,32.0,2,0.99,60000,1.0,0.00853,0.00184,0.00185,0.0,0.0,1,0.00853,0.28,0
32,512,28.0,32.0,2,0.99,120000,1.0,0.00427,0.00184,0.00185,0.0,0.0,1,0.00427,0.28,0
32,512,28.0,32.0,2,0.99,30000,2.0,0.01707,0.00184,0.00185,0.0,0.0,1,0.01707,0.28,0
32,512,28.0,32.0,2,0.99,60000,2.0,0.00853,0.00184,0.00185,0.0,0.0,1,0.00853,0.28,0
32,512,28.0,32.0,2,0.99,120000,2.0,0.00427,0.00184,0.00185,0.0,0.0,1,0.00427,0.28,0
32,512,28.0,32.0,2,0.99,30000,5.0,0.01707,0.00184,0.00185,0.0,0.0,1,0.01707,0.28,0
32,512,28.0,32.0,2,0.99,60000,5.0,0.00853,0.00184,0.00185,0.0,0.0,1,0.00853,0.28,0
32,512,28.0,32.0,2,0.99,120000,5.0,0.00427,0.00184,0.00185,0.0,0.0,1,0.00427,0.28,0
32,512,28.0,32.0,2,0.99,30000,10.0,0.01707,0.00184,0.00185,0.0,0.0,1,0.01707,0.28,0
32,512,28.0,32.0,2,0.99,60000,10.0,0.00853,0.00184,0.00185,0.0,0.0,1,0.00853,0.28,0
32,512,28.0,32.0,2,0.99,120000,10.0,0.00427,0.00184,0.00185,0.0,0.0,1,0.00427,0.28,0
32,512,28.0,32.0,2,0.99,30000,30.0,0.01707,0.00184,0.00185,0.0,0.0,1,0.01707,0.28,0
32,512,28.0,32.0,2,0.99,60000,30.0,0.00853,0.00184,0.00185,0.0,0.0,1,0.00853,0.28,0
32,512,28.0,32.0,2,0.99,120000,30.0,0.00427,0.00184,0.00185,0.0,0.0,1,0.00427,0.28,0
32,512,28.0,32.0,4,0.5,30000,0.2,0.01707,0.00367,0.00734,0.0,0.0,1,0.01707,14.0,0
32,512,28.0,32.0,4,0.5,60000,0.2,0.00853,0.00367,0.00734,0.0,0.0,1,0.00853,14.0,0
32,512,28.0,32.0,4,0.5,120000,0.2,0.00427,0.00367,0.00734,0.0,0.0,1,0.00427,14.0,0
32,512,28.0,32.0,4,0.5,30000,0.5,0.01707,0.00367,0.00734,0.0,0.0,1,0.01707,14.0,0
32,512,28.0,32.0,4,0.5,60000,0.5,0.00853,0.00367,0.00734,0.0,0.0,1,0.00853,14.0,0
32,512,28.0,32.0,4,0.5,120000,0.5,0.00427,0.00367,0.00734,0.0,0.0,1,0.00427,14.0,0
32,512,28.0,32.0,4,0.5,30000,1.0,0.01707,0.00367,0.00734,0.0,0.0,1,0.01707,14.0,0
32,512,28.0,32.0,4,0.5,60000,1.0,0.00853,0.00367,0.00734,0.0,0.0,1,0.00853,14.0,0
32,512,28.0,32.0,4,0.5,120000,1.0,0.00427,0.00367,0.00734,0.0,0.0,1,0.00427,14.0,0
32,512,28.0,32.0,4,0.5,30000,2.0,0.01707,0.00367,0.00734,0.0,0.0,1,0.01707,14.0,0
32,512,28.0,32.0,4,0.5,60000,2.0,0.00853,0.00367,0.00734,0.0,0.0,1,0.00853,14.0,0
32,512,28.0,32.0,4,0.5,120000,2.0,0.00427,0.00367,0.00734,0.0,0.0,1,0.00427,14.0,0
32,512,28.0,32.0,4,0.5,30000,5.0,0.01707,0.00367,0.00734,0.0,0.0,1,0.01707,14.0,0
32,512,28.0,32.0,4,0.5,60000,5.0,0.00853,0.00367,0.00734,0.0,0.0,1,0.00853,14.0,0
32,512,28.0,32.0,4,0.5,120000,5.0,0.00427,0.00367,0.00734,0.0,0.0,1,0.00427,14.0,0
32,512,28.0,32.0,4,0.5,30000,10.0,0.01707,0.00367,0.00734,0.0,0.0,1,0.01707,14.0,0
32,512,28.0,32.0,4,0.5,60000,10.0,0.00853,0.00367,0.00734,0.0,0.0,1,0.00853,14.0,0
32,512,28.0,32.0,4,0.5,120000,10.0,0.00427,0.00367,0.00734,0.0,0.0,1,0.00427,14.0,0
32,512,28.0,32.0,4,0.5,30000,30.0,0.01707,0.00367,0.00734,0.0,0.0,1,0.01707,14.0,0
32,512,28.0,32.0,4,0.5,60000,30.0,0.00853,0.00367,0.00734,0.0,0.0,1,0.00853,14.0,0
32,512,28.0,32.0,4,0.5,120000,30.0,0.00427,0.00367,0.00734,0.0,0.0,1,0.00427,14.0,0
32,512,28.0,32.0,4,0.7,30000,0.2,0.01707,0.00367,0.00524,0.0,0.0,1,0.01707,8.4,0
32,512,28.0,32.0,4,0.7,60000,0.2,0.00853,0.00367,0.00524,0.0,0.0,1,0.00853,8.4,0
32,512,28.0,32.0,4,0.7,120000,0.2,0.00427,0.00367,0.00524,0.0,0.0,1,0.00427,8.4,0
32,512,28.0,32.0,4,0.7,30000,0.5,0.01707,0.00367,0.00524,0.0,0.0,1,0.01707,8.4,0
32,512,28.0,32.0,4,0.7,60000,0.5,0.00853,0.00367,0.00524,0.0,0.0,1,0.00853,8.4,0
32,512,28.0,32.0,4,0.7,120000,0.5,0.00427,0.00367,0.00524,0.0,0.0,1,0.00427,8.4,0
32,512,28.0,32.0,4,0.7,30000,1.0,0.01707,0.00367,0.00524,0.0,0.0,1,0.01707,8.4,0
32,512,28.0,32.0,4,0.7,60000,1.0,0.00853,0.00367,0.00524,0.0,0.0,1,0.00853,8.4,0
32,512,28.0,32.0,4,0.7,120000,1.0,0.00427,0.00367,0.00524,0.0,0.0,1,0.00427,8.4,0
32,512,28.0,32.0,4,0.7,30000,2.0,0.01707,0.00367,0.00524,0.0,0.0,1,0.01707,8.4,0
32,512,28.0,32.0,4,0.7,60000,2.0,0.00853,0.00367,0.00524,0.0,0.0,1,0.00853,8.4,0
32,512,28.0,32.0,4,0.7,120000,2.0,0.00427,0.00367,0.00524,0.0,0.0,1,0.00427,8.4,0
32,512,28.0,32.0,4,0.7,30000,5.0,0.01707,0.00367,0.00524,0.0,0.0,1,0.01707,8.4,0
32,512,28.0,32.0,4,0.7,60000,5.0,0.00853,0.00367,0.00524,0.0,0.0,1,0.00853,8.4,0
32,512,28.0,32.0,4,0.7,120000,5.0,0.00427,0.00367,0.00524,0.0,0.0,1,0.00427,8.4,0
32,512,28.0,32.0,4,0.7,30000,10.0,0.01707,0.00367,0.00524,0.0,0.0,1,0.01707,8.4,0
32,512,28.0,32.0,4,0.7,60000,10.0,0.00853,0.00367,0.00524,0.0,0.0,1,0.00853,8.4,0
32,512,28.0,32.0,4,0.7,120000,10.0,0.00427,0.00367,0.00524,0.0,0.0,1,0.00427,8.4,0
32,512,28.0,32.0,4,0.7,30000,30.0,0.01707,0.00367,0.00524,0.0,0.0,1,0.01707,8.4,0
32,512,28.0,32.0,4,0.7,60000,30.0,0.00853,0.00367,0.00524,0.0,0.0,1,0.00853,8.4,0
32,512,28.0,32.0,4,0.7,120000,30.0,0.00427,0.00367,0.00524,0.0,0.0,1,0.00427,8.4,0
32,512,28.0,32.0,4,0.9,30000,0.2,0.01707,0.00367,0.00408,0.0,0.0,1,0.01707,2.8,0
32,512,28.0,32.0,4,0.9,60000,0.2,0.00853,0.00367,0.00408,0.0,0.0,1,0.00853,2.8,0
32,512,28.0,32.0,4,0.9,120000,0.2,0.00427,0.00367,0.00408,0.0,0.0,1,0.00427,2.8,0
32,512,28.0,32.0,4,0.9,30000,0.5,0.01707,0.00367,0.00408,0.0,0.0,1,0.01707,2.8,0
32,512,28.0,32.0,4,0.9,60000,0.5,0.00853,0.00367,0.00408,0.0,0.0,1,0.00853,2.8,0
32,512,28.0,32.0,4,0.9,120000,0.5,0.00427,0.00367,0.00408,0.0,0.0,1,0.00427,2.8,0
32,512,28.0,32.0,4,0.9,30000,1.0,0.01707,0.00367,0.00408,0.0,0.0,1,0.01707,2.8,0
32,512,28.0,32.0,4,0.9,60000,1.0,0.00853,0.00367,0.00408,0.0,0.0,1,0.00853,2.8,0
32,512,28.0,32.0,4,0.9,120000,1.0,0.00427,0.00367,0.00408,0.0,0.0,1,0.00427,2.8,0
32,512,28.0,32.0,4,0.9,30000,2.0,0.01707,0.00367,0.00408,0.0,0.0,1,0.01707,2.8,0
32,512,28.0,32.0,4,0.9,60000,2.0,0.00853,0.00367,0.00408,0.0,0.0,1,0.00853,2.8,0
32,512,28.0,32.0,4,0.9,120000,2.0,0.00427,0.00367,0.00408,0.0,0.0,1,0.00427,2.8,0
32,512,28.0,32.0,4,0.9,30000,5.0,0.01707,0.00367,0.00408,0.0,0.0,1,0.01707,2.8,0
32,512,28.0,32.0,4,0.9,60000,5.0,0.00853,0.00367,0.00408,0.0,0.0,1,0.00853,2.8,0
32,512,28.0,32.0,4,0.9,120000,5.0,0.00427,0.00367,0.00408,0.0,0.0,1,0.00427,2.8,0
32,512,28.0,32.0,4,0.9,30000,10.0,0.01707,0.00367,0.00408,0.0,0.0,1,0.01707,2.8,0
32,512,28.0,32.0,4,0.9,60000,10.0,0.00853,0.00367,0.00408,0.0,0.0,1,0.00853,2.8,0
32,512,28.0,32.0,4,0.9,120000,10.0,0.00427,0.00367,0.00408,0.0,0.0,1,0.00427,2.8,0
32,512,28.0,32.0,4,0.9,30000,30.0,0.01707,0.00367,0.00408,0.0,0.0,1,0.01707,2.8,0
32,512,28.0,32.0,4,0.9,60000,30.0,0.00853,0.00367,0.00408,0.0,0.0,1,0.00853,2.8,0
32,512,28.0,32.0,4,0.9,120000,30.0,0.00427,0.00367,0.00408,0.0,0.0,1,0.00427,2.8,0
32,512,28.0,32.0,4,0.99,30000,0.2,0.01707,0.00367,0.00371,0.0,0.0,1,0.01707,0.28,0
32,512,28.0,32.0,4,0.99,60000,0.2,0.00853,0.00367,0.00371,0.0,0.0,1,0.00853,0.28,0
32,512,28.0,32.0,4,0.99,120000,0.2,0.00427,0.00367,0.00371,0.0,0.0,1,0.00427,0.28,0
32,512,28.0,32.0,4,0.99,30000,0.5,0.01707,0.00367,0.00371,0.0,0.0,1,0.01707,0.28,0
32,512,28.0,32.0,4,0.99,60000,0.5,0.00853,0.00367,0.00371,0.0,0.0,1,0.00853,0.28,0
32,512,28.0,32.0,4,0.99,120000,0.5,0.00427,0.00367,0.00371,0.0,0.0,1,0.00427,0.28,0
32,512,28.0,32.0,4,0.99,30000,1.0,0.01707,0.00367,0.00371,0.0,0.0,1,0.01707,0.28,0
32,512,28.0,32.0,4,0.99,60000,1.0,0.00853,0.00367,0.00371,0.0,0.0,1,0.00853,0.28,0
32,512,28.0,32.0,4,0.99,120000,1.0,0.00427,0.00367,0.00371,0.0,0.0,1,0.00427,0.28,0
32,512,28.0,32.0,4,0.99,30000,2.0,0.01707,0.00367,0.00371,0.0,0.0,1,0.01707,0.28,0
32,512,28.0,32.0,4,0.99,60000,2.0,0.00853,0.00367,0.00371,0.0,0.0,1,0.00853,0.28,0
32,512,28.0,32.0,4,0.99,120000,2.0,0.00427,0.00367,0.00371,0.0,0.0,1,0.00427,0.28,0
32,512,28.0,32.0,4,0.99,30000,5.0,0.01707,0.00367,0.00371,0.0,0.0,1,0.01707,0.28,0
32,512,28.0,32.0,4,0.99,60000,5.0,0.00853,0.00367,0.00371,0.0,0.0,1,0.00853,0.28,0
32,512,28.0,32.0,4,0.99,120000,5.0,0.00427,0.00367,0.00371,0.0,0.0,1,0.00427,0.28,0
32,512,28.0,32.0,4,0.99,30000,10.0,0.01707,0.00367,0.00371,0.0,0.0,1,0.01707,0.28,0
32,512,28.0,32.0,4,0.99,60000,10.0,0.00853,0.00367,0.00371,0.0,0.0,1,0.00853,0.28,0
32,512,28.0,32.0,4,0.99,120000,10.0,0.00427,0.00367,0.00371,0.0,0.0,1,0.00427,0.28,0
32,512,28.0,32.0,4,0.99,30000,30.0,0.01707,0.00367,0.00371,0.0,0.0,1,0.01707,0.28,0
32,512,28.0,32.0,4,0.99,60000,30.0,0.00853,0.00367,0.00371,0.0,0.0,1,0.00853,0.28,0
32,512,28.0,32.0,4,0.99,120000,30.0,0.00427,0.00367,0.00371,0.0,0.0,1,0.00427,0.28,0
32,512,28.0,32.0,8,0.5,30000,0.2,0.01707,0.00734,0.01468,0.0,0.0,1,0.01706,14.0,0
32,512,28.0,32.0,8,0.5,60000,0.2,0.00853,0.00734,0.01468,0.0,0.0,1,0.00853,14.0,0
32,512,28.0,32.0,8,0.5,120000,0.2,0.00427,0.00734,0.01468,0.0,0.0,1,0.00426,14.0,0
32,512,28.0,32.0,8,0.5,30000,0.5,0.01707,0.00734,0.01468,0.0,0.0,1,0.01707,14.0,0
32,512,28.0,32.0,8,0.5,60000,0.5,0.00853,0.00734,0.01468,0.0,0.0,1,0.00853,14.0,0
32,512,28.0,32.0,8,0.5,120000,0.5,0.00427,0.00734,0.01468,0.0,0.0,1,0.00427,14.0,0
32,512,28.0,32.0,8,0.5,30000,1.0,0.01707,0.00734,0.01468,0.0,0.0,1,0.01707,14.0,0
32,512,28.0,32.0,8,0.5,60000,1.0,0.00853,0.00734,0.01468,0.0,0.0,1,0.00853,14.0,0
32,512,28.0,32.0,8,0.5,120000,1.0,0.00427,0.00734,0.01468,0.0,0.0,1,0.00427,14.0,0
32,512,28.0,32.0,8,0.5,30000,2.0,0.01707,0.00734,0.01468,0.0,0.0,1,0.01707,14.0,0
32,512,28.0,32.0,8,0.5,60000,2.0,0.00853,0.00734,0.01468,0.0,0.0,1,0.00853,14.0,0
32,512,28.0,32.0,8,0.5,120000,2.0,0.00427,0.00734,0.01468,0.0,0.0,1,0.00427,14.0,0
32,512,28.0,32.0,8,0.5,30000,5.0,0.01707,0.00734,0.01468,0.0,0.0,1,0.01707,14.0,0
32,512,28.0,32.0,8,0.5,60000,5.0,0.00853,0.00734,0.01468,0.0,0.0,1,0.00853,14.0,0
32,512,28.0,32.0,8,0.5,120000,5.0,0.00427,0.00734,0.01468,0.0,0.0,1,0.00427,14.0,0
32,512,28.0,32.0,8,0.5,30000,10.0,0.01707,0.00734,0.01468,0.0,0.0,1,0.01707,14.0,0
32,512,28.0,32.0,8,0.5,60000,10.0,0.00853,0.00734,0.01468,0.0,0.0,1,0.00853,14.0,0
32,512,28.0,32.0,8,0.5,120000,10.0,0.00427,0.00734,0.01468,0.0,0.0,1,0.00427,14.0,0
32,512,28.0,32.0,8,0.5,30000,30.0,0.01707,0.00734,0.01468,0.0,0.0,1,0.01707,14.0,0
32,512,28.0,32.0,8,0.5,60000,30.0,0.00853,0.00734,0.01468,0.0,0.0,1,0.00853,14.0,0
32,512,28.0,32.0,8,0.5,120000,30.0,0.00427,0.00734,0.01468,0.0,0.0,1,0.00427,14.0,0
32,512,28.0,32.0,8,0.7,30000,0.2,0.01707,0.00734,0.01049,0.0,0.0,1,0.01707,8.4,0
32,512,28.0,32.0,8,0.7,60000,0.2,0.00853,0.00734,0.01049,0.0,0.0,1,0.00853,8.4,0
32,512,28.0,32.0,8,0.7,120000,0.2,0.00427,0.00734,0.01049,0.0,0.0,1,0.00427,8.4,0
32,512,28.0,32.0,8,0.7,30000,0.5,0.01707,0.00734,0.01049,0.0,0.0,1,0.01707,8.4,0
32,512,28.0,32.0,8,0.7,60000,0.5,0.00853,0.00734,0.01049,0.0,0.0,1,0.00853,8.4,0
32,512,28.0,32.0,8,0.7,120000,0.5,0.00427,0.00734,0.01049,0.0,0.0,1,0.00427,8.4,0
32,512,28.0,32.0,8,0.7,30000,1.0,0.01707,0.00734,0.01049,0.0,0.0,1,0.01707,8.4,0
32,512,28.0,32.0,8,0.7,60000,1.0,0.00853,0.00734,0.01049,0.0,0.0,1,0.00853,8.4,0
32,512,28.0,32.0,8,0.7,120000,1.0,0.00427,0.00734,0.01049,0.0,0.0,1,0.00427,8.4,0
32,512,28.0,32.0,8,0.7,30000,2.0,0.01707,0.00734,0.01049,0.0,0.0,1,0.01707,8.4,0
32,512,28.0,32.0,8,0.7,60000,2.0,0.00853,0.00734,0.01049,0.0,0.0,1,0.00853,8.4,0
32,512,28.0,32.0,8,0.7,120000,2.0,0.00427,0.00734,0.01049,0.0,0.0,1,0.00427,8.4,0
32,512,28.0,32.0,8,0.7,30000,5.0,0.01707,0.00734,0.01049,0.0,0.0,1,0.01707,8.4,0
32,512,28.0,32.0,8,0.7,60000,5.0,0.00853,0.00734,0.01049,0.0,0.0,1,0.00853,8.4,0
32,512,28.0,32.0,8,0.7,120000,5.0,0.00427,0.00734,0.01049,0.0,0.0,1,0.00427,8.4,0
32,512,28.0,32.0,8,0.7,30000,10.0,0.01707,0.00734,0.01049,0.0,0.0,1,0.01707,8.4,0
32,512,28.0,32.0,8,0.7,60000,10.0,0.00853,0.00734,0.01049,0.0,0.0,1,0.00853,8.4,0
32,512,28.0,32.0,8,0.7,120000,10.0,0.00427,0.00734,0.01049,0.0,0.0,1,0.00427,8.4,0
32,512,28.0,32.0,8,0.7,30000,30.0,0.01707,0.00734,0.01049,0.0,0.0,1,0.01707,8.4,0
32,512,28.0,32.0,8,0.7,60000,30.0,0.00853,0.00734,0.01049,0.0,0.0,1,0.00853,8.4,0
32,512,28.0,32.0,8,0.7,120000,30.0,0.00427,0.00734,0.01049,0.0,0.0,1,0.00427,8.4,0
32,512,28.0,32.0,8,0.9,30000,0.2,0.01707,0.00734,0.00816,0.0,0.0,1,0.01707,2.8,0
32,512,28.0,32.0,8,0.9,60000,0.2,0.00853,0.00734,0.00816,0.0,0.0,1,0.00853,2.8,0
32,512,28.0,32.0,8,0.9,120000,0.2,0.00427,0.00734,0.00816,0.0,0.0,1,0.00427,2.8,0
32,512,28.0,32.0,8,0.9,30000,0.5,0.01707,0.00734,0.00816,0.0,0.0,1,0.01707,2.8,0
32,512,28.0,32.0,8,0.9,60000,0.5,0.00853,0.00734,0.00816,0.0,0.0,1,0.00853,2.8,0
32,512,28.0,32.0,8,0.9,120000,0.5,0.00427,0.00734,0.00816,0.0,0.0,1,0.00427,2.8,0
32,512,28.0,32.0,8,0.9,30000,1.0,0.01707,0.00734,0.00816,0.0,0.0,1,0.01707,2.8,0
32,512,28.0,32.0,8,0.9,60000,1.0,0.00853,0.00734,0.00816,0.0,0.0,1,0.00853,2.8,0
32,512,28.0,32.0,8,0.9,120000,1.0,0.00427,0.00734,0.00816,0.0,0.0,1,0.00427,2.8,0
32,512,28.0,32.0,8,0.9,30000,2.0,0.01707,0.00734,0.00816,0.0,0.0,1,0.01707,2.8,0
32,512,28.0,32.0,8,0.9,60000,2.0,0.00853,0.00734,0.00816,0.0,0.0,1,0.00853,2.8,0
32,512,28.0,32.0,8,0.9,120000,2.0,0.00427,0.00734,0.00816,0.0,0.0,1,0.00427,2.8,0
32,512,28.0,32.0,8,0.9,30000,5.0,0.01707,0.00734,0.00816,0.0,0.0,1,0.01707,2.8,0
32,512,28.0,32.0,8,0.9,60000,5.0,0.00853,0.00734,0.00816,0.0,0.0,1,0.00853,2.8,0
32,512,28.0,32.0,8,0.9,120000,5.0,0.00427,0.00734,0.00816,0.0,0.0,1,0.00427,2.8,0
32,512,28.0,32.0,8,0.9,30000,10.0,0.01707,0.00734,0.00816,0.0,0.0,1,0.01707,2.8,0
32,512,28.0,32.0,8,0.9,60000,10.0,0.00853,0.00734,0.00816,0.0,0.0,1,0.00853,2.8,0
32,512,28.0,32.0,8,0.9,120000,10.0,0.00427,0.00734,0.00816,0.0,0.0,1,0.00427,2.8,0
32,512,28.0,32.0,8,0.9,30000,30.0,0.01707,0.00734,0.00816,0.0,0.0,1,0.01707,2.8,0
32,512,28.0,32.0,8,0.9,60000,30.0,0.00853,0.00734,0.00816,0.0,0.0,1,0.00853,2.8,0
32,512,28.0,32.0,8,0.9,120000,30.0,0.00427,0.00734,0.00816,0.0,0.0,1,0.00427,2.8,0
32,512,28.0,32.0,8,0.99,30000,0.2,0.01707,0.00734,0.00741,0.0,0.0,1,0.01707,0.28,0
32,512,28.0,32.0,8,0.99,60000,0.2,0.00853,0.00734,0.00741,0.0,0.0,1,0.00853,0.28,0
32,512,28.0,32.0,8,0.99,120000,0.2,0.00427,0.00734,0.00741,0.0,0.0,1,0.00427,0.28,0
32,512,28.0,32.0,8,0.99,30000,0.5,0.01707,0.00734,0.00741,0.0,0.0,1,0.01707,0.28,0
32,512,28.0,32.0,8,0.99,60000,0.5,0.00853,0.00734,0.00741,0.0,0.0,1,0.00853,0.28,0
32,512,28.0,32.0,8,0.99,120000,0.5,0.00427,0.00734,0.00741,0.0,0.0,1,0.00427,0.28,0
32,512,28.0,32.0,8,0.99,30000,1.0,0.01707,0.00734,0.00741,0.0,0.0,1,0.01707,0.28,0
32,512,28.0,32.0,8,0.99,60000,1.0,0.00853,0.00734,0.00741,0.0,0.0,1,0.00853,0.28,0
32,512,28.0,32.0,8,0.99,120000,1.0,0.00427,0.00734,0.00741,0.0,0.0,1,0.00427,0.28,0
32,512,28.0,32.0,8,0.99,30000,2.0,0.01707,0.00734,0.00741,0.0,0.0,1,0.01707,0.28,0
32,512,28.0,32.0,8,0.99,60000,2.0,0.00853,0.00734,0.00741,0.0,0.0,1,0.00853,0.28,0
32,512,28.0,32.0,8,0.99,120000,2.0,0.00427,0.00734,0.00741,0.0,0.0,1,0.00427,0.28,0
32,512,28.0,32.0,8,0.99,30000,5.0,0.01707,0.00734,0.00741,0.0,0.0,1,0.01707,0.28,0
32,512,28.0,32.0,8,0.99,60000,5.0,0.00853,0.00734,0.00741,0.0,0.0,1,0.00853,0.28,0
32,512,28.0,32.0,8,0.99,120000,5.0,0.00427,0.00734,0.00741,0.0,0.0,1,0.00427,0.28,0
32,512,28.0,32.0,8,0.99,30000,10.0,0.01707,0.00734,0.00741,0.0,0.0,1,0.01707,0.28,0
32,512,28.0,32.0,8,0.99,60000,10.0,0.00853,0.00734,0.00741,0.0,0.0,1,0.00853,0.28,0
32,512,28.0,32.0,8,0.99,120000,10.0,0.00427,0.00734,0.00741,0.0,0.0,1,0.00427,0.28,0
32,512,28.0,32.0,8,0.99,30000,30.0,0.01707,0.00734,0.00741,0.0,0.0,1,0.01707,0.28,0
32,512,28.0,32.0,8,0.99,60000,30.0,0.00853,0.00734,0.00741,0.0,0.0,1,0.00853,0.28,0
32,512,28.0,32.0,8,0.99,120000,30.0,0.00427,0.00734,0.00741,0.0,0.0,1,0.00427,0.28,0
32,512,28.0,32.0,16,0.5,30000,0.2,0.01707,0.01468,0.02936,7e-05,0.0,1,0.01699,14.0,0
32,512,28.0,32.0,16,0.5,60000,0.2,0.00853,0.01468,0.02936,7e-05,0.0,1,0.00846,14.0,0
32,512,28.0,32.0,16,0.5,120000,0.2,0.00427,0.01468,0.02936,7e-05,0.0,1,0.00419,14.0,0
32,512,28.0,32.0,16,0.5,30000,0.5,0.01707,0.01468,0.02936,0.0,0.0,1,0.01707,14.0,0
32,512,28.0,32.0,16,0.5,60000,0.5,0.00853,0.01468,0.02936,0.0,0.0,1,0.00853,14.0,0
32,512,28.0,32.0,16,0.5,120000,0.5,0.00427,0.01468,0.02936,0.0,0.0,1,0.00427,14.0,0
32,512,28.0,32.0,16,0.5,30000,1.0,0.01707,0.01468,0.02936,0.0,0.0,1,0.01707,14.0,0
32,512,28.0,32.0,16,0.5,60000,1.0,0.00853,0.01468,0.02936,0.0,0.0,1,0.00853,14.0,0
32,512,28.0,32.0,16,0.5,120000,1.0,0.00427,0.01468,0.02936,0.0,0.0,1,0.00427,14.0,0
32,512,28.0,32.0,16,0.5,30000,2.0,0.01707,0.01468,0.02936,0.0,0.0,1,0.01707,14.0,0
32,512,28.0,32.0,16,0.5,60000,2.0,0.00853,0.01468,0.02936,0.0,0.0,1,0.00853,14.0,0
32,512,28.0,32.0,16,0.5,120000,2.0,0.00427,0.01468,0.02936,0.0,0.0,1,0.00427,14.0,0
32,512,28.0,32.0,16,0.5,30000,5.0,0.01707,0.01468,0.02936,0.0,0.0,1,0.01707,14.0,0
32,512,28.0,32.0,16,0.5,60000,5.0,0.00853,0.01468,0.02936,0.0,0.0,1,0.00853,14.0,0
32,512,28.0,32.0,16,0.5,120000,5.0,0.00427,0.01468,0.02936,0.0,0.0,1,0.00427,14.0,0
32,512,28.0,32.0,16,0.5,30000,10.0,0.01707,0.01468,0.02936,0.0,0.0,1,0.01707,14.0,0
32,512,28.0,32.0,16,0.5,60000,10.0,0.00853,0.01468,0.02936,0.0,0.0,1,0.00853,14.0,0
32,512,28.0,32.0,16,0.5,120000,10.0,0.00427,0.01468,0.02936,0.0,0.0,1,0.00427,14.0,0
32,512,28.0,32.0,16,0.5,30000,30.0,0.01707,0.01468,0.02936,0.0,0.0,1,0.01707,14.0,0
32,512,28.0,32.0,16,0.5,60000,30.0,0.00853,0.01468,0.02936,0.0,0.0,1,0.00853,14.0,0
32,512,28.0,32.0,16,0.5,120000,30.0,0.00427,0.01468,0.02936,0.0,0.0,1,0.00427,14.0,0
32,512,28.0,32.0,16,0.7,30000,0.2,0.01707,0.01468,0.02097,1e-05,0.0,1,0.01706,8.4,0
32,512,28.0,32.0,16,0.7,60000,0.2,0.00853,0.01468,0.02097,1e-05,0.0,1,0.00853,8.4,0
32,512,28.0,32.0,16,0.7,120000,0.2,0.00427,0.01468,0.02097,1e-05,0.0,1,0.00426,8.4,0
32,512,28.0,32.0,16,0.7,30000,0.5,0.01707,0.01468,0.02097,0.0,0.0,1,0.01707,8.4,0
32,512,28.0,32.0,16,0.7,60000,0.5,0.00853,0.01468,0.02097,0.0,0.0,1,0.00853,8.4,0
32,512,28.0,32.0,16,0.7,120000,0.5,0.00427,0.01468,0.02097,0.0,0.0,1,0.00427,8.4,0
32,512,28.0,32.0,16,0.7,30000,1.0,0.01707,0.01468,0.02097,0.0,0.0,1,0.01707,8.4,0
32,512,28.0,32.0,16,0.7,60000,1.0,0.00853,0.01468,0.02097,0.0,0.0,1,0.00853,8.4,0
32,512,28.0,32.0,16,0.7,120000,1.0,0.00427,0.01468,0.02097,0.0,0.0,1,0.00427,8.4,0
32,512,28.0,32.0,16,0.7,30000,2.0,0.01707,0.01468,0.02097,0.0,0.0,1,0.01707,8.4,0
32,512,28.0,32.0,16,0.7,60000,2.0,0.00853,0.01468,0.02097,0.0,0.0,1,0.00853,8.4,0
32,512,28.0,32.0,16,0.7,120000,2.0,0.00427,0.01468,0.02097,0.0,0.0,1,0.00427,8.4,0
32,512,28.0,32.0,16,0.7,30000,5.0,0.01707,0.01468,0.02097,0.0,0.0,1,0.01707,8.4,0
32,512,28.0,32.0,16,0.7,60000,5.0,0.00853,0.01468,0.02097,0.0,0.0,1,0.00853,8.4,0
32,512,28.0,32.0,16,0.7,120000,5.0,0.00427,0.01468,0.02097,0.0,0.0,1,0.00427,8.4,0
32,512,28.0,32.0,16,0.7,30000,10.0,0.01707,0.01468,0.02097,0.0,0.0,1,0.01707,8.4,0
32,512,28.0,32.0,16,0.7,60000,10.0,0.00853,0.01468,0.02097,0.0,0.0,1,0.00853,8.4,0
32,512,28.0,32.0,16,0.7,120000,10.0,0.00427,0.01468,0.02097,0.0,0.0,1,0.00427,8.4,0
32,512,28.0,32.0,16,0.7,30000,30.0,0.01707,0.01468,0.02097,0.0,0.0,1,0.01707,8.4,0
32,512,28.0,32.0,16,0.7,60000,30.0,0.00853,0.01468,0.02097,0.0,0.0,1,0.00853,8.4,0
32,512,28.0,32.0,16,0.7,120000,30.0,0.00427,0.01468,0.02097,0.0,0.0,1,0.00427,8.4,0
32,512,28.0,32.0,16,0.9,30000,0.2,0.01707,0.01468,0.01631,0.0,0.0,1,0.01706,2.8,0
32,512,28.0,32.0,16,0.9,60000,0.2,0.00853,0.01468,0.01631,0.0,0.0,1,0.00853,2.8,0
32,512,28.0,32.0,16,0.9,120000,0.2,0.00427,0.01468,0.01631,0.0,0.0,1,0.00426,2.8,0
32,512,28.0,32.0,16,0.9,30000,0.5,0.01707,0.01468,0.01631,0.0,0.0,1,0.01707,2.8,0
32,512,28.0,32.0,16,0.9,60000,0.5,0.00853,0.01468,0.01631,0.0,0.0,1,0.00853,2.8,0
32,512,28.0,32.0,16,0.9,120000,0.5,0.00427,0.01468,0.01631,0.0,0.0,1,0.00427,2.8,0
32,512,28.0,32.0,16,0.9,30000,1.0,0.01707,0.01468,0.01631,0.0,0.0,1,0.01707,2.8,0
32,512,28.0,32.0,16,0.9,60000,1.0,0.00853,0.01468,0.01631,0.0,0.0,1,0.00853,2.8,0
32,512,28.0,32.0,16,0.9,120000,1.0,0.00427,0.01468,0.01631,0.0,0.0,1,0.00427,2.8,0
32,512,28.0,32.0,16,0.9,30000,2.0,0.01707,0.01468,0.01631,0.0,0.0,1,0.01707,2.8,0
32,512,28.0,32.0,16,0.9,60000,2.0,0.00853,0.01468,0.01631,0.0,0.0,1,0.00853,2.8,0
32,512,28.0,32.0,16,0.9,120000,2.0,0.00427,0.01468,0.01631,0.0,0.0,1,0.00427,2.8,0
32,512,28.0,32.0,16,0.9,30000,5.0,0.01707,0.01468,0.01631,0.0,0.0,1,0.01707,2.8,0
32,512,28.0,32.0,16,0.9,60000,5.0,0.00853,0.01468,0.01631,0.0,0.0,1,0.00853,2.8,0
32,512,28.0,32.0,16,0.9,120000,5.0,0.00427,0.01468,0.01631,0.0,0.0,1,0.00427,2.8,0
32,512,28.0,32.0,16,0.9,30000,10.0,0.01707,0.01468,0.01631,0.0,0.0,1,0.01707,2.8,0
32,512,28.0,32.0,16,0.9,60000,10.0,0.00853,0.01468,0.01631,0.0,0.0,1,0.00853,2.8,0
32,512,28.0,32.0,16,0.9,120000,10.0,0.00427,0.01468,0.01631,0.0,0.0,1,0.00427,2.8,0
32,512,28.0,32.0,16,0.9,30000,30.0,0.01707,0.01468,0.01631,0.0,0.0,1,0.01707,2.8,0
32,512,28.0,32.0,16,0.9,60000,30.0,0.00853,0.01468,0.01631,0.0,0.0,1,0.00853,2.8,0
32,512,28.0,32.0,16,0.9,120000,30.0,0.00427,0.01468,0.01631,0.0,0.0,1,0.00427,2.8,0
32,512,28.0,32.0,16,0.99,30000,0.2,0.01707,0.01468,0.01483,0.0,0.0,1,0.01707,0.28,0
32,512,28.0,32.0,16,0.99,60000,0.2,0.00853,0.01468,0.01483,0.0,0.0,1,0.00853,0.28,0
32,512,28.0,32.0,16,0.99,120000,0.2,0.00427,0.01468,0.01483,0.0,0.0,1,0.00427,0.28,0
32,512,28.0,32.0,16,0.99,30000,0.5,0.01707,0.01468,0.01483,0.0,0.0,1,0.01707,0.28,0
32,512,28.0,32.0,16,0.99,60000,0.5,0.00853,0.01468,0.01483,0.0,0.0,1,0.00853,0.28,0
32,512,28.0,32.0,16,0.99,120000,0.5,0.00427,0.01468,0.01483,0.0,0.0,1,0.00427,0.28,0
32,512,28.0,32.0,16,0.99,30000,1.0,0.01707,0.01468,0.01483,0.0,0.0,1,0.01707,0.28,0
32,512,28.0,32.0,16,0.99,60000,1.0,0.00853,0.01468,0.01483,0.0,0.0,1,0.00853,0.28,0
32,512,28.0,32.0,16,0.99,120000,1.0,0.00427,0.01468,0.01483,0.0,0.0,1,0.00427,0.28,0
32,512,28.0,32.0,16,0.99,30000,2.0,0.01707,0.01468,0.01483,0.0,0.0,1,0.01707,0.28,0
32,512,28.0,32.0,16,0.99,60000,2.0,0.00853,0.01468,0.01483,0.0,0.0,1,0.00853,0.28,0
32,512,28.0,32.0,16,0.99,120000,2.0,0.00427,0.01468,0.01483,0.0,0.0,1,0.00427,0.28,0
32,512,28.0,32.0,16,0.99,30000,5.0,0.01707,0.01468,0.01483,0.0,0.0,1,0.01707,0.28,0
32,512,28.0,32.0,16,0.99,60000,5.0,0.00853,0.01468,0.01483,0.0,0.0,1,0.00853,0.28,0
32,512,28.0,32.0,16,0.99,120000,5.0,0.00427,0.01468,0.01483,0.0,0.0,1,0.00427,0.28,0
32,512,28.0,32.0,16,0.99,30000,10.0,0.01707,0.01468,0.01483,0.0,0.0,1,0.01707,0.28,0
32,512,28.0,32.0,16,0.99,60000,10.0,0.00853,0.01468,0.01483,0.0,0.0,1,0.00853,0.28,0
32,512,28.0,32.0,16,0.99,120000,10.0,0.00427,0.01468,0.01483,0.0,0.0,1,0.00427,0.28,0
32,512,28.0,32.0,16,0.99,30000,30.0,0.01707,0.01468,0.01483,0.0,0.0,1,0.01707,0.28,0
32,512,28.0,32.0,16,0.99,60000,30.0,0.00853,0.01468,0.01483,0.0,0.0,1,0.00853,0.28,0
32,512,28.0,32.0,16,0.99,120000,30.0,0.00427,0.01468,0.01483,0.0,0.0,1,0.00427,0.28,0
32,512,28.0,32.0,32,0.5,30000,0.2,0.01707,0.02936,0.05872,0.00119,0.0,1,0.01588,14.0,0
32,512,28.0,32.0,32,0.5,60000,0.2,0.00853,0.02936,0.05872,0.00119,0.0,1,0.00734,14.0,0
32,512,28.0,32.0,32,0.5,120000,0.2,0.00427,0.02936,0.05872,0.00119,0.0,1,0.00308,14.0,0
32,512,28.0,32.0,32,0.5,30000,0.5,0.01707,0.02936,0.05872,8e-05,0.0,1,0.01698,14.0,0
32,512,28.0,32.0,32,0.5,60000,0.5,0.00853,0.02936,0.05872,8e-05,0.0,1,0.00845,14.0,0
32,512,28.0,32.0,32,0.5,120000,0.5,0.00427,0.02936,0.05872,8e-05,0.0,1,0.00418,14.0,0
32,512,28.0,32.0,32,0.5,30000,1.0,0.01707,0.02936,0.05872,0.0,0.0,1,0.01707,14.0,0
32,512,28.0,32.0,32,0.5,60000,1.0,0.00853,0.02936,0.05872,0.0,0.0,1,0.00853,14.0,0
32,512,28.0,32.0,32,0.5,120000,1.0,0.00427,0.02936,0.05872,0.0,0.0,1,0.00427,14.0,0
32,512,28.0,32.0,32,0.5,30000,2.0,0.01707,0.02936,0.05872,0.0,0.0,1,0.01707,14.0,0
32,512,28.0,32.0,32,0.5,60000,2.0,0.00853,0.02936,0.05872,0.0,0.0,1,0.00853,14.0,0
32,512,28.0,32.0,32,0.5,120000,2.0,0.00427,0.02936,0.05872,0.0,0.0,1,0.00427,14.0,0
32,512,28.0,32.0,32,0.5,30000,5.0,0.01707,0.02936,0.05872,0.0,0.0,1,0.01707,14.0,0
32,512,28.0,32.0,32,0.5,60000,5.0,0.00853,0.02936,0.05872,0.0,0.0,1,0.00853,14.0,0
32,512,28.0,32.0,32,0.5,120000,5.0,0.00427,0.02936,0.05872,0.0,0.0,1,0.00427,14.0,0
32,512,28.0,32.0,32,0.5,30000,10.0,0.01707,0.02936,0.05872,0.0,0.0,1,0.01707,14.0,0
32,512,28.0,32.0,32,0.5,60000,10.0,0.00853,0.02936,0.05872,0.0,0.0,1,0.00853,14.0,0
32,512,28.0,32.0,32,0.5,120000,10.0,0.00427,0.02936,0.05872,0.0,0.0,1,0.00427,14.0,0
32,512,28.0,32.0,32,0.5,30000,30.0,0.01707,0.02936,0.05872,0.0,0.0,1,0.01707,14.0,0
32,512,28.0,32.0,32,0.5,60000,30.0,0.00853,0.02936,0.05872,0.0,0.0,1,0.00853,14.0,0
32,512,28.0,32.0,32,0.5,120000,30.0,0.00427,0.02936,0.05872,0.0,0.0,1,0.00427,14.0,0
32,512,28.0,32.0,32,0.7,30000,0.2,0.01707,0.02936,0.04194,0.00022,0.0,1,0.01684,8.4,0
32,512,28.0,32.0,32,0.7,60000,0.2,0.00853,0.02936,0.04194,0.00022,0.0,1,0.00831,8.4,0
32,512,28.0,32.0,32,0.7,120000,0.2,0.00427,0.02936,0.04194,0.00022,0.0,1,0.00404,8.4,0
32,512,28.0,32.0,32,0.7,30000,0.5,0.01707,0.02936,0.04194,2e-05,0.0,1,0.01705,8.4,0
32,512,28.0,32.0,32,0.7,60000,0.5,0.00853,0.02936,0.04194,2e-05,0.0,1,0.00851,8.4,0
32,512,28.0,32.0,32,0.7,120000,0.5,0.00427,0.02936,0.04194,2e-05,0.0,1,0.00425,8.4,0
32,512,28.0,32.0,32,0.7,30000,1.0,0.01707,0.02936,0.04194,0.0,0.0,1,0.01707,8.4,0
32,512,28.0,32.0,32,0.7,60000,1.0,0.00853,0.02936,0.04194,0.0,0.0,1,0.00853,8.4,0
32,512,28.0,32.0,32,0.7,120000,1.0,0.00427,0.02936,0.04194,0.0,0.0,1,0.00427,8.4,0
32,512,28.0,32.0,32,0.7,30000,2.0,0.01707,0.02936,0.04194,0.0,0.0,1,0.01707,8.4,0
32,512,28.0,32.0,32,0.7,60000,2.0,0.00853,0.02936,0.04194,0.0,0.0,1,0.00853,8.4,0
32,512,28.0,32.0,32,0.7,120000,2.0,0.00427,0.02936,0.04194,0.0,0.0,1,0.00427,8.4,0
32,512,28.0,32.0,32,0.7,30000,5.0,0.01707,0.02936,0.04194,0.0,0.0,1,0.01707,8.4,0
32,512,28.0,32.0,32,0.7,60000,5.0,0.00853,0.02936,0.04194,0.0,0.0,1,0.00853,8.4,0
32,512,28.0,32.0,32,0.7,120000,5.0,0.00427,0.02936,0.04194,0.0,0.0,1,0.00427,8.4,0
32,512,28.0,32.0,32,0.7,30000,10.0,0.01707,0.02936,0.04194,0.0,0.0,1,0.01707,8.4,0
32,512,28.0,32.0,32,0.7,60000,10.0,0.00853,0.02936,0.04194,0.0,0.0,1,0.00853,8.4,0
32,512,28.0,32.0,32,0.7,120000,10.0,0.00427,0.02936,0.04194,0.0,0.0,1,0.00427,8.4,0
32,512,28.0,32.0,32,0.7,30000,30.0,0.01707,0.02936,0.04194,0.0,0.0,1,0.01707,8.4,0
32,512,28.0,32.0,32,0.7,60000,30.0,0.00853,0.02936,0.04194,0.0,0.0,1,0.00853,8.4,0
32,512,28.0,32.0,32,0.7,120000,30.0,0.00427,0.02936,0.04194,0.0,0.0,1,0.00427,8.4,0
32,512,28.0,32.0,32,0.9,30000,0.2,0.01707,0.02936,0.03262,0.0001,0.0,1,0.01697,2.8,0
32,512,28.0,32.0,32,0.9,60000,0.2,0.00853,0.02936,0.03262,0.0001,0.0,1,0.00843,2.8,0
32,512,28.0,32.0,32,0.9,120000,0.2,0.00427,0.02936,0.03262,0.0001,0.0,1,0.00417,2.8,0
32,512,28.0,32.0,32,0.9,30000,0.5,0.01707,0.02936,0.03262,1e-05,0.0,1,0.01706,2.8,0
32,512,28.0,32.0,32,0.9,60000,0.5,0.00853,0.02936,0.03262,1e-05,0.0,1,0.00852,2.8,0
32,512,28.0,32.0,32,0.9,120000,0.5,0.00427,0.02936,0.03262,1e-05,0.0,1,0.00426,2.8,0
32,512,28.0,32.0,32,0.9,30000,1.0,0.01707,0.02936,0.03262,0.0,0.0,1,0.01707,2.8,0
32,512,28.0,32.0,32,0.9,60000,1.0,0.00853,0.02936,0.03262,0.0,0.0,1,0.00853,2.8,0
32,512,28.0,32.0,32,0.9,120000,1.0,0.00427,0.02936,0.03262,0.0,0.0,1,0.00427,2.8,0
32,512,28.0,32.0,32,0.9,30000,2.0,0.01707,0.02936,0.03262,0.0,0.0,1,0.01707,2.8,0
32,512,28.0,32.0,32,0.9,60000,2.0,0.00853,0.02936,0.03262,0.0,0.0,1,0.00853,2.8,0
32,512,28.0,32.0,32,0.9,120000,2.0,0.00427,0.02936,0.03262,0.0,0.0,1,0.00427,2.8,0
32,512,28.0,32.0,32,0.9,30000,5.0,0.01707,0.02936,0.03262,0.0,0.0,1,0.01707,2.8,0
32,512,28.0,32.0,32,0.9,60000,5.0,0.00853,0.02936,0.03262,0.0,0.0,1,0.00853,2.8,0
32,512,28.0,32.0,32,0.9,120000,5.0,0.00427,0.02936,0.03262,0.0,0.0,1,0.00427,2.8,0
32,512,28.0,32.0,32,0.9,30000,10.0,0.01707,0.02936,0.03262,0.0,0.0,1,0.01707,2.8,0
32,512,28.0,32.0,32,0.9,60000,10.0,0.00853,0.02936,0.03262,0.0,0.0,1,0.00853,2.8,0
32,512,28.0,32.0,32,0.9,120000,10.0,0.00427,0.02936,0.03262,0.0,0.0,1,0.00427,2.8,0
32,512,28.0,32.0,32,0.9,30000,30.0,0.01707,0.02936,0.03262,0.0,0.0,1,0.01707,2.8,0
32,512,28.0,32.0,32,0.9,60000,30.0,0.00853,0.02936,0.03262,0.0,0.0,1,0.00853,2.8,0
32,512,28.0,32.0,32,0.9,120000,30.0,0.00427,0.02936,0.03262,0.0,0.0,1,0.00427,2.8,0
32,512,28.0,32.0,32,0.99,30000,0.2,0.01707,0.02936,0.02966,5e-05,0.0,1,0.01702,0.28,0
32,512,28.0,32.0,32,0.99,60000,0.2,0.00853,0.02936,0.02966,5e-05,0.0,1,0.00848,0.28,0
32,512,28.0,32.0,32,0.99,120000,0.2,0.00427,0.02936,0.02966,5e-05,0.0,1,0.00422,0.28,0
32,512,28.0,32.0,32,0.99,30000,0.5,0.01707,0.02936,0.02966,0.0,0.0,1,0.01707,0.28,0
32,512,28.0,32.0,32,0.99,60000,0.5,0.00853,0.02936,0.02966,0.0,0.0,1,0.00853,0.28,0
32,512,28.0,32.0,32,0.99,120000,0.5,0.00427,0.02936,0.02966,0.0,0.0,1,0.00427,0.28,0
32,512,28.0,32.0,32,0.99,30000,1.0,0.01707,0.02936,0.02966,0.0,0.0,1,0.01707,0.28,0
32,512,28.0,32.0,32,0.99,60000,1.0,0.00853,0.02936,0.02966,0.0,0.0,1,0.00853,0.28,0
32,512,28.0,32.0,32,0.99,120000,1.0,0.00427,0.02936,0.02966,0.0,0.0,1,0.00427,0.28,0
32,512,28.0,32.0,32,0.99,30000,2.0,0.01707,0.02936,0.02966,0.0,0.0,1,0.01707,0.28,0
32,512,28.0,32.0,32,0.99,60000,2.0,0.00853,0.02936,0.02966,0.0,0.0,1,0.00853,0.28,0
32,512,28.0,32.0,32,0.99,120000,2.0,0.00427,0.02936,0.02966,0.0,0.0,1,0.00427,0.28,0
32,512,28.0,32.0,32,0.99,30000,5.0,0.01707,0.02936,0.02966,0.0,0.0,1,0.01707,0.28,0
32,512,28.0,32.0,32,0.99,60000,5.0,0.00853,0.02936,0.02966,0.0,0.0,1,0.00853,0.28,0
32,512,28.0,32.0,32,0.99,120000,5.0,0.00427,0.02936,0.02966,0.0,0.0,1,0.00427,0.28,0
32,512,28.0,32.0,32,0.99,30000,10.0,0.01707,0.02936,0.02966,0.0,0.0,1,0.01707,0.28,0
32,512,28.0,32.0,32,0.99,60000,10.0,0.00853,0.02936,0.02966,0.0,0.0,1,0.00853,0.28,0
32,512,28.0,32.0,32,0.99,120000,10.0,0.00427,0.02936,0.02966,0.0,0.0,1,0.00427,0.28,0
32,512,28.0,32.0,32,0.99,30000,30.0,0.01707,0.02936,0.02966,0.0,0.0,1,0.01707,0.28,0
32,512,28.0,32.0,32,0.99,60000,30.0,0.00853,0.02936,0.02966,0.0,0.0,1,0.00853,0.28,0
32,512,28.0,32.0,32,0.99,120000,30.0,0.00427,0.02936,0.02966,0.0,0.0,1,0.00427,0.28,0
64,1024,56.0,8.0,1,0.5,30000,0.2,0.03413,0.00734,0.01468,1e-05,0.0,1,0.03413,28.0,0
64,1024,56.0,8.0,1,0.5,60000,0.2,0.01707,0.00734,0.01468,1e-05,0.0,1,0.01706,28.0,0
64,1024,56.0,8.0,1,0.5,120000,0.2,0.00853,0.00734,0.01468,1e-05,0.0,1,0.00853,28.0,0
64,1024,56.0,8.0,1,0.5,30000,0.5,0.03413,0.00734,0.01468,0.0,0.0,1,0.03413,28.0,0
64,1024,56.0,8.0,1,0.5,60000,0.5,0.01707,0.00734,0.01468,0.0,0.0,1,0.01707,28.0,0
64,1024,56.0,8.0,1,0.5,120000,0.5,0.00853,0.00734,0.01468,0.0,0.0,1,0.00853,28.0,0
64,1024,56.0,8.0,1,0.5,30000,1.0,0.03413,0.00734,0.01468,0.0,0.0,1,0.03413,28.0,0
64,1024,56.0,8.0,1,0.5,60000,1.0,0.01707,0.00734,0.01468,0.0,0.0,1,0.01707,28.0,0
64,1024,56.0,8.0,1,0.5,120000,1.0,0.00853,0.00734,0.01468,0.0,0.0,1,0.00853,28.0,0
64,1024,56.0,8.0,1,0.5,30000,2.0,0.03413,0.00734,0.01468,0.0,0.0,1,0.03413,28.0,0
64,1024,56.0,8.0,1,0.5,60000,2.0,0.01707,0.00734,0.01468,0.0,0.0,1,0.01707,28.0,0
64,1024,56.0,8.0,1,0.5,120000,2.0,0.00853,0.00734,0.01468,0.0,0.0,1,0.00853,28.0,0
64,1024,56.0,8.0,1,0.5,30000,5.0,0.03413,0.00734,0.01468,0.0,0.0,1,0.03413,28.0,0
64,1024,56.0,8.0,1,0.5,60000,5.0,0.01707,0.00734,0.01468,0.0,0.0,1,0.01707,28.0,0
64,1024,56.0,8.0,1,0.5,120000,5.0,0.00853,0.00734,0.01468,0.0,0.0,1,0.00853,28.0,0
64,1024,56.0,8.0,1,0.5,30000,10.0,0.03413,0.00734,0.01468,0.0,0.0,1,0.03413,28.0,0
64,1024,56.0,8.0,1,0.5,60000,10.0,0.01707,0.00734,0.01468,0.0,0.0,1,0.01707,28.0,0
64,1024,56.0,8.0,1,0.5,120000,10.0,0.00853,0.00734,0.01468,0.0,0.0,1,0.00853,28.0,0
64,1024,56.0,8.0,1,0.5,30000,30.0,0.03413,0.00734,0.01468,0.0,0.0,1,0.03413,28.0,0
64,1024,56.0,8.0,1,0.5,60000,30.0,0.01707,0.00734,0.01468,0.0,0.0,1,0.01707,28.0,0
64,1024,56.0,8.0,1,0.5,120000,30.0,0.00853,0.00734,0.01468,0.0,0.0,1,0.00853,28.0,0
64,1024,56.0,8.0,1,0.7,30000,0.2,0.03413,0.00734,0.01049,0.0,0.0,1,0.03413,16.8,0
64,1024,56.0,8.0,1,0.7,60000,0.2,0.01707,0.00734,0.01049,0.0,0.0,1,0.01707,16.8,0
64,1024,56.0,8.0,1,0.7,120000,0.2,0.00853,0.00734,0.01049,0.0,0.0,1,0.00853,16.8,0
64,1024,56.0,8.0,1,0.7,30000,0.5,0.03413,0.00734,0.01049,0.0,0.0,1,0.03413,16.8,0
64,1024,56.0,8.0,1,0.7,60000,0.5,0.01707,0.00734,0.01049,0.0,0.0,1,0.01707,16.8,0
64,1024,56.0,8.0,1,0.7,120000,0.5,0.00853,0.00734,0.01049,0.0,0.0,1,0.00853,16.8,0
64,1024,56.0,8.0,1,0.7,30000,1.0,0.03413,0.00734,0.01049,0.0,0.0,1,0.03413,16.8,0
64,1024,56.0,8.0,1,0.7,60000,1.0,0.01707,0.00734,0.01049,0.0,0.0,1,0.01707,16.8,0
64,1024,56.0,8.0,1,0.7,120000,1.0,0.00853,0.00734,0.01049,0.0,0.0,1,0.00853,16.8,0
64,1024,56.0,8.0,1,0.7,30000,2.0,0.03413,0.00734,0.01049,0.0,0.0,1,0.03413,16.8,0
64,1024,56.0,8.0,1,0.7,60000,2.0,0.01707,0.00734,0.01049,0.0,0.0,1,0.01707,16.8,0
64,1024,56.0,8.0,1,0.7,120000,2.0,0.00853,0.00734,0.01049,0.0,0.0,1,0.00853,16.8,0
64,1024,56.0,8.0,1,0.7,30000,5.0,0.03413,0.00734,0.01049,0.0,0.0,1,0.03413,16.8,0
64,1024,56.0,8.0,1,0.7,60000,5.0,0.01707,0.00734,0.01049,0.0,0.0,1,0.01707,16.8,0
64,1024,56.0,8.0,1,0.7,120000,5.0,0.00853,0.00734,0.01049,0.0,0.0,1,0.00853,16.8,0
64,1024,56.0,8.0,1,0.7,30000,10.0,0.03413,0.00734,0.01049,0.0,0.0,1,0.03413,16.8,0
64,1024,56.0,8.0,1,0.7,60000,10.0,0.01707,0.00734,0.01049,0.0,0.0,1,0.01707,16.8,0
64,1024,56.0,8.0,1,0.7,120000,10.0,0.00853,0.00734,0.01049,0.0,0.0,1,0.00853,16.8,0
64,1024,56.0,8.0,1,0.7,30000,30.0,0.03413,0.00734,0.01049,0.0,0.0,1,0.03413,16.8,0
64,1024,56.0,8.0,1,0.7,60000,30.0,0.01707,0.00734,0.01049,0.0,0.0,1,0.01707,16.8,0
64,1024,56.0,8.0,1,0.7,120000,30.0,0.00853,0.00734,0.01049,0.0,0.0,1,0.00853,16.8,0
64,1024,56.0,8.0,1,0.9,30000,0.2,0.03413,0.00734,0.00816,0.0,0.0,1,0.03413,5.6,0
64,1024,56.0,8.0,1,0.9,60000,0.2,0.01707,0.00734,0.00816,0.0,0.0,1,0.01707,5.6,0
64,1024,56.0,8.0,1,0.9,120000,0.2,0.00853,0.00734,0.00816,0.0,0.0,1,0.00853,5.6,0
64,1024,56.0,8.0,1,0.9,30000,0.5,0.03413,0.00734,0.00816,0.0,0.0,1,0.03413,5.6,0
64,1024,56.0,8.0,1,0.9,60000,0.5,0.01707,0.00734,0.00816,0.0,0.0,1,0.01707,5.6,0
64,1024,56.0,8.0,1,0.9,120000,0.5,0.00853,0.00734,0.00816,0.0,0.0,1,0.00853,5.6,0
64,1024,56.0,8.0,1,0.9,30000,1.0,0.03413,0.00734,0.00816,0.0,0.0,1,0.03413,5.6,0
64,1024,56.0,8.0,1,0.9,60000,1.0,0.01707,0.00734,0.00816,0.0,0.0,1,0.01707,5.6,0
64,1024,56.0,8.0,1,0.9,120000,1.0,0.00853,0.00734,0.00816,0.0,0.0,1,0.00853,5.6,0
64,1024,56.0,8.0,1,0.9,30000,2.0,0.03413,0.00734,0.00816,0.0,0.0,1,0.03413,5.6,0
64,1024,56.0,8.0,1,0.9,60000,2.0,0.01707,0.00734,0.00816,0.0,0.0,1,0.01707,5.6,0
64,1024,56.0,8.0,1,0.9,120000,2.0,0.00853,0.00734,0.00816,0.0,0.0,1,0.00853,5.6,0
64,1024,56.0,8.0,1,0.9,30000,5.0,0.03413,0.00734,0.00816,0.0,0.0,1,0.03413,5.6,0
64,1024,56.0,8.0,1,0.9,60000,5.0,0.01707,0.00734,0.00816,0.0,0.0,1,0.01707,5.6,0
64,1024,56.0,8.0,1,0.9,120000,5.0,0.00853,0.00734,0.00816,0.0,0.0,1,0.00853,5.6,0
64,1024,56.0,8.0,1,0.9,30000,10.0,0.03413,0.00734,0.00816,0.0,0.0,1,0.03413,5.6,0
64,1024,56.0,8.0,1,0.9,60000,10.0,0.01707,0.00734,0.00816,0.0,0.0,1,0.01707,5.6,0
64,1024,56.0,8.0,1,0.9,120000,10.0,0.00853,0.00734,0.00816,0.0,0.0,1,0.00853,5.6,0
64,1024,56.0,8.0,1,0.9,30000,30.0,0.03413,0.00734,0.00816,0.0,0.0,1,0.03413,5.6,0
64,1024,56.0,8.0,1,0.9,60000,30.0,0.01707,0.00734,0.00816,0.0,0.0,1,0.01707,5.6,0
64,1024,56.0,8.0,1,0.9,120000,30.0,0.00853,0.00734,0.00816,0.0,0.0,1,0.00853,5.6,0
64,1024,56.0,8.0,1,0.99,30000,0.2,0.03413,0.00734,0.00741,0.0,0.0,1,0.03413,0.56,0
64,1024,56.0,8.0,1,0.99,60000,0.2,0.01707,0.00734,0.00741,0.0,0.0,1,0.01707,0.56,0
64,1024,56.0,8.0,1,0.99,120000,0.2,0.00853,0.00734,0.00741,0.0,0.0,1,0.00853,0.56,0
64,1024,56.0,8.0,1,0.99,30000,0.5,0.03413,0.00734,0.00741,0.0,0.0,1,0.03413,0.56,0
64,1024,56.0,8.0,1,0.99,60000,0.5,0.01707,0.00734,0.00741,0.0,0.0,1,0.01707,0.56,0
64,1024,56.0,8.0,1,0.99,120000,0.5,0.00853,0.00734,0.00741,0.0,0.0,1,0.00853,0.56,0
64,1024,56.0,8.0,1,0.99,30000,1.0,0.03413,0.00734,0.00741,0.0,0.0,1,0.03413,0.56,0
64,1024,56.0,8.0,1,0.99,60000,1.0,0.01707,0.00734,0.00741,0.0,0.0,1,0.01707,0.56,0
64,1024,56.0,8.0,1,0.99,120000,1.0,0.00853,0.00734,0.00741,0.0,0.0,1,0.00853,0.56,0
64,1024,56.0,8.0,1,0.99,30000,2.0,0.03413,0.00734,0.00741,0.0,0.0,1,0.03413,0.56,0
64,1024,56.0,8.0,1,0.99,60000,2.0,0.01707,0.00734,0.00741,0.0,0.0,1,0.01707,0.56,0
64,1024,56.0,8.0,1,0.99,120000,2.0,0.00853,0.00734,0.00741,0.0,0.0,1,0.00853,0.56,0
64,1024,56.0,8.0,1,0.99,30000,5.0,0.03413,0.00734,0.00741,0.0,0.0,1,0.03413,0.56,0
64,1024,56.0,8.0,1,0.99,60000,5.0,0.01707,0.00734,0.00741,0.0,0.0,1,0.01707,0.56,0
64,1024,56.0,8.0,1,0.99,120000,5.0,0.00853,0.00734,0.00741,0.0,0.0,1,0.00853,0.56,0
64,1024,56.0,8.0,1,0.99,30000,10.0,0.03413,0.00734,0.00741,0.0,0.0,1,0.03413,0.56,0
64,1024,56.0,8.0,1,0.99,60000,10.0,0.01707,0.00734,0.00741,0.0,0.0,1,0.01707,0.56,0
64,1024,56.0,8.0,1,0.99,120000,10.0,0.00853,0.00734,0.00741,0.0,0.0,1,0.00853,0.56,0
64,1024,56.0,8.0,1,0.99,30000,30.0,0.03413,0.00734,0.00741,0.0,0.0,1,0.03413,0.56,0
64,1024,56.0,8.0,1,0.99,60000,30.0,0.01707,0.00734,0.00741,0.0,0.0,1,0.01707,0.56,0
64,1024,56.0,8.0,1,0.99,120000,30.0,0.00853,0.00734,0.00741,0.0,0.0,1,0.00853,0.56,0
64,1024,56.0,8.0,2,0.5,30000,0.2,0.03413,0.01468,0.02936,4e-05,0.0,1,0.0341,28.0,0
64,1024,56.0,8.0,2,0.5,60000,0.2,0.01707,0.01468,0.02936,4e-05,0.0,1,0.01703,28.0,0
64,1024,56.0,8.0,2,0.5,120000,0.2,0.00853,0.01468,0.02936,4e-05,0.0,1,0.0085,28.0,0
64,1024,56.0,8.0,2,0.5,30000,0.5,0.03413,0.01468,0.02936,0.0,0.0,1,0.03413,28.0,0
64,1024,56.0,8.0,2,0.5,60000,0.5,0.01707,0.01468,0.02936,0.0,0.0,1,0.01707,28.0,0
64,1024,56.0,8.0,2,0.5,120000,0.5,0.00853,0.01468,0.02936,0.0,0.0,1,0.00853,28.0,0
64,1024,56.0,8.0,2,0.5,30000,1.0,0.03413,0.01468,0.02936,0.0,0.0,1,0.03413,28.0,0
64,1024,56.0,8.0,2,0.5,60000,1.0,0.01707,0.01468,0.02936,0.0,0.0,1,0.01707,28.0,0
64,1024,56.0,8.0,2,0.5,120000,1.0,0.00853,0.01468,0.02936,0.0,0.0,1,0.00853,28.0,0
64,1024,56.0,8.0,2,0.5,30000,2.0,0.03413,0.01468,0.02936,0.0,0.0,1,0.03413,28.0,0
64,1024,56.0,8.0,2,0.5,60000,2.0,0.01707,0.01468,0.02936,0.0,0.0,1,0.01707,28.0,0
64,1024,56.0,8.0,2,0.5,120000,2.0,0.00853,0.01468,0.02936,0.0,0.0,1,0.00853,28.0,0
64,1024,56.0,8.0,2,0.5,30000,5.0,0.03413,0.01468,0.02936,0.0,0.0,1,0.03413,28.0,0
64,1024,56.0,8.0,2,0.5,60000,5.0,0.01707,0.01468,0.02936,0.0,0.0,1,0.01707,28.0,0
64,1024,56.0,8.0,2,0.5,120000,5.0,0.00853,0.01468,0.02936,0.0,0.0,1,0.00853,28.0,0
64,1024,56.0,8.0,2,0.5,30000,10.0,0.03413,0.01468,0.02936,0.0,0.0,1,0.03413,28.0,0
64,1024,56.0,8.0,2,0.5,60000,10.0,0.01707,0.01468,0.02936,0.0,0.0,1,0.01707,28.0,0
64,1024,56.0,8.0,2,0.5,120000,10.0,0.00853,0.01468,0.02936,0.0,0.0,1,0.00853,28.0,0
64,1024,56.0,8.0,2,0.5,30000,30.0,0.03413,0.01468,0.02936,0.0,0.0,1,0.03413,28.0,0
64,1024,56.0,8.0,2,0.5,60000,30.0,0.01707,0.01468,0.02936,0.0,0.0,1,0.01707,28.0,0
64,1024,56.0,8.0,2,0.5,120000,30.0,0.00853,0.01468,0.02936,0.0,0.0,1,0.00853,28.0,0
64,1024,56.0,8.0,2,0.7,30000,0.2,0.03413,0.01468,0.02097,1e-05,0.0,1,0.03412,16.8,0
64,1024,56.0,8.0,2,0.7,60000,0.2,0.01707,0.01468,0.02097,1e-05,0.0,1,0.01705,16.8,0
64,1024,56.0,8.0,2,0.7,120000,0.2,0.00853,0.01468,0.02097,1e-05,0.0,1,0.00852,16.8,0
64,1024,56.0,8.0,2,0.7,30000,0.5,0.03413,0.01468,0.02097,0.0,0.0,1,0.03413,16.8,0
64,1024,56.0,8.0,2,0.7,60000,0.5,0.01707,0.01468,0.02097,0.0,0.0,1,0.01707,16.8,0
64,1024,56.0,8.0,2,0.7,120000,0.5,0.00853,0.01468,0.02097,0.0,0.0,1,0.00853,16.8,0
64,1024,56.0,8.0,2,0.7,30000,1.0,0.03413,0.01468,0.02097,0.0,0.0,1,0.03413,16.8,0
64,1024,56.0,8.0,2,0.7,60000,1.0,0.01707,0.01468,0.02097,0.0,0.0,1,0.01707,16.8,0
64,1024,56.0,8.0,2,0.7,120000,1.0,0.00853,0.01468,0.02097,0.0,0.0,1,0.00853,16.8,0
64,1024,56.0,8.0,2,0.7,30000,2.0,0.03413,0.01468,0.02097,0.0,0.0,1,0.03413,16.8,0
64,1024,56.0,8.0,2,0.7,60000,2.0,0.01707,0.01468,0.02097,0.0,0.0,1,0.01707,16.8,0
64,1024,56.0,8.0,2,0.7,120000,2.0,0.00853,0.01468,0.02097,0.0,0.0,1,0.00853,16.8,0
64,1024,56.0,8.0,2,0.7,30000,5.0,0.03413,0.01468,0.02097,0.0,0.0,1,0.03413,16.8,0
64,1024,56.0,8.0,2,0.7,60000,5.0,0.01707,0.01468,0.02097,0.0,0.0,1,0.01707,16.8,0
64,1024,56.0,8.0,2,0.7,120000,5.0,0.00853,0.01468,0.02097,0.0,0.0,1,0.00853,16.8,0
64,1024,56.0,8.0,2,0.7,30000,10.0,0.03413,0.01468,0.02097,0.0,0.0,1,0.03413,16.8,0
64,1024,56.0,8.0,2,0.7,60000,10.0,0.01707,0.01468,0.02097,0.0,0.0,1,0.01707,16.8,0
64,1024,56.0,8.0,2,0.7,120000,10.0,0.00853,0.01468,0.02097,0.0,0.0,1,0.00853,16.8,0
64,1024,56.0,8.0,2,0.7,30000,30.0,0.03413,0.01468,0.02097,0.0,0.0,1,0.03413,16.8,0
64,1024,56.0,8.0,2,0.7,60000,30.0,0.01707,0.01468,0.02097,0.0,0.0,1,0.01707,16.8,0
64,1024,56.0,8.0,2,0.7,120000,30.0,0.00853,0.01468,0.02097,0.0,0.0,1,0.00853,16.8,0
64,1024,56.0,8.0,2,0.9,30000,0.2,0.03413,0.01468,0.01631,1e-05,0.0,1,0.03413,5.6,0
64,1024,56.0,8.0,2,0.9,60000,0.2,0.01707,0.01468,0.01631,1e-05,0.0,1,0.01706,5.6,0
64,1024,56.0,8.0,2,0.9,120000,0.2,0.00853,0.01468,0.01631,1e-05,0.0,1,0.00853,5.6,0
64,1024,56.0,8.0,2,0.9,30000,0.5,0.03413,0.01468,0.01631,0.0,0.0,1,0.03413,5.6,0
64,1024,56.0,8.0,2,0.9,60000,0.5,0.01707,0.01468,0.01631,0.0,0.0,1,0.01707,5.6,0
64,1024,56.0,8.0,2,0.9,120000,0.5,0.00853,0.01468,0.01631,0.0,0.0,1,0.00853,5.6,0
64,1024,56.0,8.0,2,0.9,30000,1.0,0.03413,0.01468,0.01631,0.0,0.0,1,0.03413,5.6,0
64,1024,56.0,8.0,2,0.9,60000,1.0,0.01707,0.01468,0.01631,0.0,0.0,1,0.01707,5.6,0
64,1024,56.0,8.0,2,0.9,120000,1.0,0.00853,0.01468,0.01631,0.0,0.0,1,0.00853,5.6,0
64,1024,56.0,8.0,2,0.9,30000,2.0,0.03413,0.01468,0.01631,0.0,0.0,1,0.03413,5.6,0
64,1024,56.0,8.0,2,0.9,60000,2.0,0.01707,0.01468,0.01631,0.0,0.0,1,0.01707,5.6,0
64,1024,56.0,8.0,2,0.9,120000,2.0,0.00853,0.01468,0.01631,0.0,0.0,1,0.00853,5.6,0
64,1024,56.0,8.0,2,0.9,30000,5.0,0.03413,0.01468,0.01631,0.0,0.0,1,0.03413,5.6,0
64,1024,56.0,8.0,2,0.9,60000,5.0,0.01707,0.01468,0.01631,0.0,0.0,1,0.01707,5.6,0
64,1024,56.0,8.0,2,0.9,120000,5.0,0.00853,0.01468,0.01631,0.0,0.0,1,0.00853,5.6,0
64,1024,56.0,8.0,2,0.9,30000,10.0,0.03413,0.01468,0.01631,0.0,0.0,1,0.03413,5.6,0
64,1024,56.0,8.0,2,0.9,60000,10.0,0.01707,0.01468,0.01631,0.0,0.0,1,0.01707,5.6,0
64,1024,56.0,8.0,2,0.9,120000,10.0,0.00853,0.01468,0.01631,0.0,0.0,1,0.00853,5.6,0
64,1024,56.0,8.0,2,0.9,30000,30.0,0.03413,0.01468,0.01631,0.0,0.0,1,0.03413,5.6,0
64,1024,56.0,8.0,2,0.9,60000,30.0,0.01707,0.01468,0.01631,0.0,0.0,1,0.01707,5.6,0
64,1024,56.0,8.0,2,0.9,120000,30.0,0.00853,0.01468,0.01631,0.0,0.0,1,0.00853,5.6,0
64,1024,56.0,8.0,2,0.99,30000,0.2,0.03413,0.01468,0.01483,0.0,0.0,1,0.03413,0.56,0
64,1024,56.0,8.0,2,0.99,60000,0.2,0.01707,0.01468,0.01483,0.0,0.0,1,0.01707,0.56,0
64,1024,56.0,8.0,2,0.99,120000,0.2,0.00853,0.01468,0.01483,0.0,0.0,1,0.00853,0.56,0
64,1024,56.0,8.0,2,0.99,30000,0.5,0.03413,0.01468,0.01483,0.0,0.0,1,0.03413,0.56,0
64,1024,56.0,8.0,2,0.99,60000,0.5,0.01707,0.01468,0.01483,0.0,0.0,1,0.01707,0.56,0
64,1024,56.0,8.0,2,0.99,120000,0.5,0.00853,0.01468,0.01483,0.0,0.0,1,0.00853,0.56,0
64,1024,56.0,8.0,2,0.99,30000,1.0,0.03413,0.01468,0.01483,0.0,0.0,1,0.03413,0.56,0
64,1024,56.0,8.0,2,0.99,60000,1.0,0.01707,0.01468,0.01483,0.0,0.0,1,0.01707,0.56,0
64,1024,56.0,8.0,2,0.99,120000,1.0,0.00853,0.01468,0.01483,0.0,0.0,1,0.00853,0.56,0
64,1024,56.0,8.0,2,0.99,30000,2.0,0.03413,0.01468,0.01483,0.0,0.0,1,0.03413,0.56,0
64,1024,56.0,8.0,2,0.99,60000,2.0,0.01707,0.01468,0.01483,0.0,0.0,1,0.01707,0.56,0
64,1024,56.0,8.0,2,0.99,120000,2.0,0.00853,0.01468,0.01483,0.0,0.0,1,0.00853,0.56,0
64,1024,56.0,8.0,2,0.99,30000,5.0,0.03413,0.01468,0.01483,0.0,0.0,1,0.03413,0.56,0
64,1024,56.0,8.0,2,0.99,60000,5.0,0.01707,0.01468,0.01483,0.0,0.0,1,0.01707,0.56,0
64,1024,56.0,8.0,2,0.99,120000,5.0,0.00853,0.01468,0.01483,0.0,0.0,1,0.00853,0.56,0
64,1024,56.0,8.0,2,0.99,30000,10.0,0.03413,0.01468,0.01483,0.0,0.0,1,0.03413,0.56,0
64,1024,56.0,8.0,2,0.99,60000,10.0,0.01707,0.01468,0.01483,0.0,0.0,1,0.01707,0.56,0
64,1024,56.0,8.0,2,0.99,120000,10.0,0.00853,0.01468,0.01483,0.0,0.0,1,0.00853,0.56,0
64,1024,56.0,8.0,2,0.99,30000,30.0,0.03413,0.01468,0.01483,0.0,0.0,1,0.03413,0.56,0
64,1024,56.0,8.0,2,0.99,60000,30.0,0.01707,0.01468,0.01483,0.0,0.0,1,0.01707,0.56,0
64,1024,56.0,8.0,2,0.99,120000,30.0,0.00853,0.01468,0.01483,0.0,0.0,1,0.00853,0.56,0
64,1024,56.0,8.0,4,0.5,30000,0.2,0.03413,0.02936,0.05872,0.00097,0.0,1,0.03316,28.0,0
64,1024,56.0,8.0,4,0.5,60000,0.2,0.01707,0.02936,0.05872,0.00097,0.0,1,0.0161,28.0,0
64,1024,56.0,8.0,4,0.5,120000,0.2,0.00853,0.02936,0.05872,0.00097,0.0,1,0.00756,28.0,0
64,1024,56.0,8.0,4,0.5,30000,0.5,0.03413,0.02936,0.05872,6e-05,0.0,1,0.03407,28.0,0
64,1024,56.0,8.0,4,0.5,60000,0.5,0.01707,0.02936,0.05872,6e-05,0.0,1,0.017,28.0,0
64,1024,56.0,8.0,4,0.5,120000,0.5,0.00853,0.02936,0.05872,6e-05,0.0,1,0.00847,28.0,0
64,1024,56.0,8.0,4,0.5,30000,1.0,0.03413,0.02936,0.05872,0.0,0.0,1,0.03413,28.0,0
64,1024,56.0,8.0,4,0.5,60000,1.0,0.01707,0.02936,0.05872,0.0,0.0,1,0.01707,28.0,0
64,1024,56.0,8.0,4,0.5,120000,1.0,0.00853,0.02936,0.05872,0.0,0.0,1,0.00853,28.0,0
64,1024,56.0,8.0,4,0.5,30000,2.0,0.03413,0.02936,0.05872,0.0,0.0,1,0.03413,28.0,0
64,1024,56.0,8.0,4,0.5,60000,2.0,0.01707,0.02936,0.05872,0.0,0.0,1,0.01707,28.0,0
64,1024,56.0,8.0,4,0.5,120000,2.0,0.00853,0.02936,0.05872,0.0,0.0,1,0.00853,28.0,0
64,1024,56.0,8.0,4,0.5,30000,5.0,0.03413,0.02936,0.05872,0.0,0.0,1,0.03413,28.0,0
64,1024,56.0,8.0,4,0.5,60000,5.0,0.01707,0.02936,0.05872,0.0,0.0,1,0.01707,28.0,0
64,1024,56.0,8.0,4,0.5,120000,5.0,0.00853,0.02936,0.05872,0.0,0.0,1,0.00853,28.0,0
64,1024,56.0,8.0,4,0.5,30000,10.0,0.03413,0.02936,0.05872,0.0,0.0,1,0.03413,28.0,0
64,1024,56.0,8.0,4,0.5,60000,10.0,0.01707,0.02936,0.05872,0.0,0.0,1,0.01707,28.0,0
64,1024,56.0,8.0,4,0.5,120000,10.0,0.00853,0.02936,0.05872,0.0,0.0,1,0.00853,28.0,0
64,1024,56.0,8.0,4,0.5,30000,30.0,0.03413,0.02936,0.05872,0.0,0.0,1,0.03413,28.0,0
64,1024,56.0,8.0,4,0.5,60000,30.0,0.01707,0.02936,0.05872,0.0,0.0,1,0.01707,28.0,0
64,1024,56.0,8.0,4,0.5,120000,30.0,0.00853,0.02936,0.05872,0.0,0.0,1,0.00853,28.0,0
64,1024,56.0,8.0,4,0.7,30000,0.2,0.03413,0.02936,0.04194,0.00019,0.0,1,0.03394,16.8,0
64,1024,56.0,8.0,4,0.7,60000,0.2,0.01707,0.02936,0.04194,0.00019,0.0,1,0.01688,16.8,0
64,1024,56.0,8.0,4,0.7,120000,0.2,0.00853,0.02936,0.04194,0.00019,0.0,1,0.00834,16.8,0
64,1024,56.0,8.0,4,0.7,30000,0.5,0.03413,0.02936,0.04194,2e-05,0.0,1,0.03412,16.8,0
64,1024,56.0,8.0,4,0.7,60000,0.5,0.01707,0.02936,0.04194,2e-05,0.0,1,0.01705,16.8,0
64,1024,56.0,8.0,4,0.7,120000,0.5,0.00853,0.02936,0.04194,2e-05,0.0,1,0.00852,16.8,0
64,1024,56.0,8.0,4,0.7,30000,1.0,0.03413,0.02936,0.04194,0.0,0.0,1,0.03413,16.8,0
64,1024,56.0,8.0,4,0.7,60000,1.0,0.01707,0.02936,0.04194,0.0,0.0,1,0.01707,16.8,0
64,1024,56.0,8.0,4,0.7,120000,1.0,0.00853,0.02936,0.04194,0.0,0.0,1,0.00853,16.8,0
64,1024,56.0,8.0,4,0.7,30000,2.0,0.03413,0.02936,0.04194,0.0,0.0,1,0.03413,16.8,0
64,1024,56.0,8.0,4,0.7,60000,2.0,0.01707,0.02936,0.04194,0.0,0.0,1,0.01707,16.8,0
64,1024,56.0,8.0,4,0.7,120000,2.0,0.00853,0.02936,0.04194,0.0,0.0,1,0.00853,16.8,0
64,1024,56.0,8.0,4,0.7,30000,5.0,0.03413,0.02936,0.04194,0.0,0.0,1,0.03413,16.8,0
64,1024,56.0,8.0,4,0.7,60000,5.0,0.01707,0.02936,0.04194,0.0,0.0,1,0.01707,16.8,0
64,1024,56.0,8.0,4,0.7,120000,5.0,0.00853,0.02936,0.04194,0.0,0.0,1,0.00853,16.8,0
64,1024,56.0,8.0,4,0.7,30000,10.0,0.03413,0.02936,0.04194,0.0,0.0,1,0.03413,16.8,0
64,1024,56.0,8.0,4,0.7,60000,10.0,0.01707,0.02936,0.04194,0.0,0.0,1,0.01707,16.8,0
64,1024,56.0,8.0,4,0.7,120000,10.0,0.00853,0.02936,0.04194,0.0,0.0,1,0.00853,16.8,0
64,1024,56.0,8.0,4,0.7,30000,30.0,0.03413,0.02936,0.04194,0.0,0.0,1,0.03413,16.8,0
64,1024,56.0,8.0,4,0.7,60000,30.0,0.01707,0.02936,0.04194,0.0,0.0,1,0.01707,16.8,0
64,1024,56.0,8.0,4,0.7,120000,30.0,0.00853,0.02936,0.04194,0.0,0.0,1,0.00853,16.8,0
64,1024,56.0,8.0,4,0.9,30000,0.2,0.03413,0.02936,0.03262,7e-05,0.0,1,0.03407,5.6,0
64,1024,56.0,8.0,4,0.9,60000,0.2,0.01707,0.02936,0.03262,7e-05,0.0,1,0.017,5.6,0
64,1024,56.0,8.0,4,0.9,120000,0.2,0.00853,0.02936,0.03262,7e-05,0.0,1,0.00847,5.6,0
64,1024,56.0,8.0,4,0.9,30000,0.5,0.03413,0.02936,0.03262,0.0,0.0,1,0.03413,5.6,0
64,1024,56.0,8.0,4,0.9,60000,0.5,0.01707,0.02936,0.03262,0.0,0.0,1,0.01707,5.6,0
64,1024,56.0,8.0,4,0.9,120000,0.5,0.00853,0.02936,0.03262,0.0,0.0,1,0.00853,5.6,0
64,1024,56.0,8.0,4,0.9,30000,1.0,0.03413,0.02936,0.03262,0.0,0.0,1,0.03413,5.6,0
64,1024,56.0,8.0,4,0.9,60000,1.0,0.01707,0.02936,0.03262,0.0,0.0,1,0.01707,5.6,0
64,1024,56.0,8.0,4,0.9,120000,1.0,0.00853,0.02936,0.03262,0.0,0.0,1,0.00853,5.6,0
64,1024,56.0,8.0,4,0.9,30000,2.0,0.03413,0.02936,0.03262,0.0,0.0,1,0.03413,5.6,0
64,1024,56.0,8.0,4,0.9,60000,2.0,0.01707,0.02936,0.03262,0.0,0.0,1,0.01707,5.6,0
64,1024,56.0,8.0,4,0.9,120000,2.0,0.00853,0.02936,0.03262,0.0,0.0,1,0.00853,5.6,0
64,1024,56.0,8.0,4,0.9,30000,5.0,0.03413,0.02936,0.03262,0.0,0.0,1,0.03413,5.6,0
64,1024,56.0,8.0,4,0.9,60000,5.0,0.01707,0.02936,0.03262,0.0,0.0,1,0.01707,5.6,0
64,1024,56.0,8.0,4,0.9,120000,5.0,0.00853,0.02936,0.03262,0.0,0.0,1,0.00853,5.6,0
64,1024,56.0,8.0,4,0.9,30000,10.0,0.03413,0.02936,0.03262,0.0,0.0,1,0.03413,5.6,0
64,1024,56.0,8.0,4,0.9,60000,10.0,0.01707,0.02936,0.03262,0.0,0.0,1,0.01707,5.6,0
64,1024,56.0,8.0,4,0.9,120000,10.0,0.00853,0.02936,0.03262,0.0,0.0,1,0.00853,5.6,0
64,1024,56.0,8.0,4,0.9,30000,30.0,0.03413,0.02936,0.03262,0.0,0.0,1,0.03413,5.6,0
64,1024,56.0,8.0,4,0.9,60000,30.0,0.01707,0.02936,0.03262,0.0,0.0,1,0.01707,5.6,0
64,1024,56.0,8.0,4,0.9,120000,30.0,0.00853,0.02936,0.03262,0.0,0.0,1,0.00853,5.6,0
64,1024,56.0,8.0,4,0.99,30000,0.2,0.03413,0.02936,0.02966,9e-05,0.0,1,0.03405,0.56,0
64,1024,56.0,8.0,4,0.99,60000,0.2,0.01707,0.02936,0.02966,9e-05,0.0,1,0.01698,0.56,0
64,1024,56.0,8.0,4,0.99,120000,0.2,0.00853,0.02936,0.02966,9e-05,0.0,1,0.00845,0.56,0
64,1024,56.0,8.0,4,0.99,30000,0.5,0.03413,0.02936,0.02966,0.0,0.0,1,0.03413,0.56,0
64,1024,56.0,8.0,4,0.99,60000,0.5,0.01707,0.02936,0.02966,0.0,0.0,1,0.01706,0.56,0
64,1024,56.0,8.0,4,0.99,120000,0.5,0.00853,0.02936,0.02966,0.0,0.0,1,0.00853,0.56,0
64,1024,56.0,8.0,4,0.99,30000,1.0,0.03413,0.02936,0.02966,0.0,0.0,1,0.03413,0.56,0
64,1024,56.0,8.0,4,0.99,60000,1.0,0.01707,0.02936,0.02966,0.0,0.0,1,0.01707,0.56,0
64,1024,56.0,8.0,4,0.99,120000,1.0,0.00853,0.02936,0.02966,0.0,0.0,1,0.00853,0.56,0
64,1024,56.0,8.0,4,0.99,30000,2.0,0.03413,0.02936,0.02966,0.0,0.0,1,0.03413,0.56,0
64,1024,56.0,8.0,4,0.99,60000,2.0,0.01707,0.02936,0.02966,0.0,0.0,1,0.01707,0.56,0
64,1024,56.0,8.0,4,0.99,120000,2.0,0.00853,0.02936,0.02966,0.0,0.0,1,0.00853,0.56,0
64,1024,56.0,8.0,4,0.99,30000,5.0,0.03413,0.02936,0.02966,0.0,0.0,1,0.03413,0.56,0
64,1024,56.0,8.0,4,0.99,60000,5.0,0.01707,0.02936,0.02966,0.0,0.0,1,0.01707,0.56,0
64,1024,56.0,8.0,4,0.99,120000,5.0,0.00853,0.02936,0.02966,0.0,0.0,1,0.00853,0.56,0
64,1024,56.0,8.0,4,0.99,30000,10.0,0.03413,0.02936,0.02966,0.0,0.0,1,0.03413,0.56,0
64,1024,56.0,8.0,4,0.99,60000,10.0,0.01707,0.02936,0.02966,0.0,0.0,1,0.01707,0.56,0
64,1024,56.0,8.0,4,0.99,120000,10.0,0.00853,0.02936,0.02966,0.0,0.0,1,0.00853,0.56,0
64,1024,56.0,8.0,4,0.99,30000,30.0,0.03413,0.02936,0.02966,0.0,0.0,1,0.03413,0.56,0
64,1024,56.0,8.0,4,0.99,60000,30.0,0.01707,0.02936,0.02966,0.0,0.0,1,0.01707,0.56,0
64,1024,56.0,8.0,4,0.99,120000,30.0,0.00853,0.02936,0.02966,0.0,0.0,1,0.00853,0.56,0
64,1024,56.0,8.0,8,0.5,30000,0.2,0.03413,0.05872,0.11744,0.00988,0.04607,1,0.02426,28.0,0
64,1024,56.0,8.0,8,0.5,60000,0.2,0.01707,0.05872,0.11744,0.00988,0.04607,1,0.00719,28.0,0
64,1024,56.0,8.0,8,0.5,120000,0.2,0.00853,0.05872,0.11744,0.00988,0.04607,0,-0.00134,28.0,0
64,1024,56.0,8.0,8,0.5,30000,0.5,0.03413,0.05872,0.11744,0.00063,0.0,1,0.03351,28.0,0
64,1024,56.0,8.0,8,0.5,60000,0.5,0.01707,0.05872,0.11744,0.00063,0.0,1,0.01644,28.0,0
64,1024,56.0,8.0,8,0.5,120000,0.5,0.00853,0.05872,0.11744,0.00063,0.0,1,0.00791,28.0,0
64,1024,56.0,8.0,8,0.5,30000,1.0,0.03413,0.05872,0.11744,0.0001,0.0,1,0.03403,28.0,0
64,1024,56.0,8.0,8,0.5,60000,1.0,0.01707,0.05872,0.11744,0.0001,0.0,1,0.01696,28.0,0
64,1024,56.0,8.0,8,0.5,120000,1.0,0.00853,0.05872,0.11744,0.0001,0.0,1,0.00843,28.0,0
64,1024,56.0,8.0,8,0.5,30000,2.0,0.03413,0.05872,0.11744,0.0,0.0,1,0.03413,28.0,0
64,1024,56.0,8.0,8,0.5,60000,2.0,0.01707,0.05872,0.11744,0.0,0.0,1,0.01707,28.0,0
64,1024,56.0,8.0,8,0.5,120000,2.0,0.00853,0.05872,0.11744,0.0,0.0,1,0.00853,28.0,0
64,1024,56.0,8.0,8,0.5,30000,5.0,0.03413,0.05872,0.11744,0.0,0.0,1,0.03413,28.0,0
64,1024,56.0,8.0,8,0.5,60000,5.0,0.01707,0.05872,0.11744,0.0,0.0,1,0.01707,28.0,0
64,1024,56.0,8.0,8,0.5,120000,5.0,0.00853,0.05872,0.11744,0.0,0.0,1,0.00853,28.0,0
64,1024,56.0,8.0,8,0.5,30000,10.0,0.03413,0.05872,0.11744,0.0,0.0,1,0.03413,28.0,0
64,1024,56.0,8.0,8,0.5,60000,10.0,0.01707,0.05872,0.11744,0.0,0.0,1,0.01707,28.0,0
64,1024,56.0,8.0,8,0.5,120000,10.0,0.00853,0.05872,0.11744,0.0,0.0,1,0.00853,28.0,0
64,1024,56.0,8.0,8,0.5,30000,30.0,0.03413,0.05872,0.11744,0.0,0.0,1,0.03413,28.0,0
64,1024,56.0,8.0,8,0.5,60000,30.0,0.01707,0.05872,0.11744,0.0,0.0,1,0.01707,28.0,0
64,1024,56.0,8.0,8,0.5,120000,30.0,0.00853,0.05872,0.11744,0.0,0.0,1,0.00853,28.0,0
64,1024,56.0,8.0,8,0.7,30000,0.2,0.03413,0.05872,0.08389,0.00335,0.01209,1,0.03079,16.8,0
64,1024,56.0,8.0,8,0.7,60000,0.2,0.01707,0.05872,0.08389,0.00335,0.01209,1,0.01372,16.8,0
64,1024,56.0,8.0,8,0.7,120000,0.2,0.00853,0.05872,0.08389,0.00335,0.01209,1,0.00519,16.8,0
64,1024,56.0,8.0,8,0.7,30000,0.5,0.03413,0.05872,0.08389,0.00015,0.0,1,0.03399,16.8,0
64,1024,56.0,8.0,8,0.7,60000,0.5,0.01707,0.05872,0.08389,0.00015,0.0,1,0.01692,16.8,0
64,1024,56.0,8.0,8,0.7,120000,0.5,0.00853,0.05872,0.08389,0.00015,0.0,1,0.00839,16.8,0
64,1024,56.0,8.0,8,0.7,30000,1.0,0.03413,0.05872,0.08389,1e-05,0.0,1,0.03413,16.8,0
64,1024,56.0,8.0,8,0.7,60000,1.0,0.01707,0.05872,0.08389,1e-05,0.0,1,0.01706,16.8,0
64,1024,56.0,8.0,8,0.7,120000,1.0,0.00853,0.05872,0.08389,1e-05,0.0,1,0.00853,16.8,0
64,1024,56.0,8.0,8,0.7,30000,2.0,0.03413,0.05872,0.08389,0.0,0.0,1,0.03413,16.8,0
64,1024,56.0,8.0,8,0.7,60000,2.0,0.01707,0.05872,0.08389,0.0,0.0,1,0.01707,16.8,0
64,1024,56.0,8.0,8,0.7,120000,2.0,0.00853,0.05872,0.08389,0.0,0.0,1,0.00853,16.8,0
64,1024,56.0,8.0,8,0.7,30000,5.0,0.03413,0.05872,0.08389,0.0,0.0,1,0.03413,16.8,0
64,1024,56.0,8.0,8,0.7,60000,5.0,0.01707,0.05872,0.08389,0.0,0.0,1,0.01707,16.8,0
64,1024,56.0,8.0,8,0.7,120000,5.0,0.00853,0.05872,0.08389,0.0,0.0,1,0.00853,16.8,0
64,1024,56.0,8.0,8,0.7,30000,10.0,0.03413,0.05872,0.08389,0.0,0.0,1,0.03413,16.8,0
64,1024,56.0,8.0,8,0.7,60000,10.0,0.01707,0.05872,0.08389,0.0,0.0,1,0.01707,16.8,0
64,1024,56.0,8.0,8,0.7,120000,10.0,0.00853,0.05872,0.08389,0.0,0.0,1,0.00853,16.8,0
64,1024,56.0,8.0,8,0.7,30000,30.0,0.03413,0.05872,0.08389,0.0,0.0,1,0.03413,16.8,0
64,1024,56.0,8.0,8,0.7,60000,30.0,0.01707,0.05872,0.08389,0.0,0.0,1,0.01707,16.8,0
64,1024,56.0,8.0,8,0.7,120000,30.0,0.00853,0.05872,0.08389,0.0,0.0,1,0.00853,16.8,0
64,1024,56.0,8.0,8,0.9,30000,0.2,0.03413,0.05872,0.06524,0.00153,0.0,1,0.03261,5.6,0
64,1024,56.0,8.0,8,0.9,60000,0.2,0.01707,0.05872,0.06524,0.00153,0.0,1,0.01554,5.6,0
64,1024,56.0,8.0,8,0.9,120000,0.2,0.00853,0.05872,0.06524,0.00153,0.0,1,0.00701,5.6,0
64,1024,56.0,8.0,8,0.9,30000,0.5,0.03413,0.05872,0.06524,8e-05,0.0,1,0.03405,5.6,0
64,1024,56.0,8.0,8,0.9,60000,0.5,0.01707,0.05872,0.06524,8e-05,0.0,1,0.01698,5.6,0
64,1024,56.0,8.0,8,0.9,120000,0.5,0.00853,0.05872,0.06524,8e-05,0.0,1,0.00845,5.6,0
64,1024,56.0,8.0,8,0.9,30000,1.0,0.03413,0.05872,0.06524,0.0,0.0,1,0.03413,5.6,0
64,1024,56.0,8.0,8,0.9,60000,1.0,0.01707,0.05872,0.06524,0.0,0.0,1,0.01707,5.6,0
64,1024,56.0,8.0,8,0.9,120000,1.0,0.00853,0.05872,0.06524,0.0,0.0,1,0.00853,5.6,0
64,1024,56.0,8.0,8,0.9,30000,2.0,0.03413,0.05872,0.06524,0.0,0.0,1,0.03413,5.6,0
64,1024,56.0,8.0,8,0.9,60000,2.0,0.01707,0.05872,0.06524,0.0,0.0,1,0.01707,5.6,0
64,1024,56.0,8.0,8,0.9,120000,2.0,0.00853,0.05872,0.06524,0.0,0.0,1,0.00853,5.6,0
64,1024,56.0,8.0,8,0.9,30000,5.0,0.03413,0.05872,0.06524,0.0,0.0,1,0.03413,5.6,0
64,1024,56.0,8.0,8,0.9,60000,5.0,0.01707,0.05872,0.06524,0.0,0.0,1,0.01707,5.6,0
64,1024,56.0,8.0,8,0.9,120000,5.0,0.00853,0.05872,0.06524,0.0,0.0,1,0.00853,5.6,0
64,1024,56.0,8.0,8,0.9,30000,10.0,0.03413,0.05872,0.06524,0.0,0.0,1,0.03413,5.6,0
64,1024,56.0,8.0,8,0.9,60000,10.0,0.01707,0.05872,0.06524,0.0,0.0,1,0.01707,5.6,0
64,1024,56.0,8.0,8,0.9,120000,10.0,0.00853,0.05872,0.06524,0.0,0.0,1,0.00853,5.6,0
64,1024,56.0,8.0,8,0.9,30000,30.0,0.03413,0.05872,0.06524,0.0,0.0,1,0.03413,5.6,0
64,1024,56.0,8.0,8,0.9,60000,30.0,0.01707,0.05872,0.06524,0.0,0.0,1,0.01707,5.6,0
64,1024,56.0,8.0,8,0.9,120000,30.0,0.00853,0.05872,0.06524,0.0,0.0,1,0.00853,5.6,0
64,1024,56.0,8.0,8,0.99,30000,0.2,0.03413,0.05872,0.05931,0.00099,0.0,1,0.03315,0.56,0
64,1024,56.0,8.0,8,0.99,60000,0.2,0.01707,0.05872,0.05931,0.00099,0.0,1,0.01608,0.56,0
64,1024,56.0,8.0,8,0.99,120000,0.2,0.00853,0.05872,0.05931,0.00099,0.0,1,0.00755,0.56,0
64,1024,56.0,8.0,8,0.99,30000,0.5,0.03413,0.05872,0.05931,4e-05,0.0,1,0.03409,0.56,0
64,1024,56.0,8.0,8,0.99,60000,0.5,0.01707,0.05872,0.05931,4e-05,0.0,1,0.01703,0.56,0
64,1024,56.0,8.0,8,0.99,120000,0.5,0.00853,0.05872,0.05931,4e-05,0.0,1,0.00849,0.56,0
64,1024,56.0,8.0,8,0.99,30000,1.0,0.03413,0.05872,0.05931,0.0,0.0,1,0.03413,0.56,0
64,1024,56.0,8.0,8,0.99,60000,1.0,0.01707,0.05872,0.05931,0.0,0.0,1,0.01707,0.56,0
64,1024,56.0,8.0,8,0.99,120000,1.0,0.00853,0.05872,0.05931,0.0,0.0,1,0.00853,0.56,0
64,1024,56.0,8.0,8,0.99,30000,2.0,0.03413,0.05872,0.05931,0.0,0.0,1,0.03413,0.56,0
64,1024,56.0,8.0,8,0.99,60000,2.0,0.01707,0.05872,0.05931,0.0,0.0,1,0.01707,0.56,0
64,1024,56.0,8.0,8,0.99,120000,2.0,0.00853,0.05872,0.05931,0.0,0.0,1,0.00853,0.56,0
64,1024,56.0,8.0,8,0.99,30000,5.0,0.03413,0.05872,0.05931,0.0,0.0,1,0.03413,0.56,0
64,1024,56.0,8.0,8,0.99,60000,5.0,0.01707,0.05872,0.05931,0.0,0.0,1,0.01707,0.56,0
64,1024,56.0,8.0,8,0.99,120000,5.0,0.00853,0.05872,0.05931,0.0,0.0,1,0.00853,0.56,0
64,1024,56.0,8.0,8,0.99,30000,10.0,0.03413,0.05872,0.05931,0.0,0.0,1,0.03413,0.56,0
64,1024,56.0,8.0,8,0.99,60000,10.0,0.01707,0.05872,0.05931,0.0,0.0,1,0.01707,0.56,0
64,1024,56.0,8.0,8,0.99,120000,10.0,0.00853,0.05872,0.05931,0.0,0.0,1,0.00853,0.56,0
64,1024,56.0,8.0,8,0.99,30000,30.0,0.03413,0.05872,0.05931,0.0,0.0,1,0.03413,0.56,0
64,1024,56.0,8.0,8,0.99,60000,30.0,0.01707,0.05872,0.05931,0.0,0.0,1,0.01707,0.56,0
64,1024,56.0,8.0,8,0.99,120000,30.0,0.00853,0.05872,0.05931,0.0,0.0,1,0.00853,0.56,0
64,1024,56.0,8.0,16,0.5,30000,0.2,0.03413,0.11744,0.23488,0.05931,0.16339,0,-0.02518,28.0,1
64,1024,56.0,8.0,16,0.5,60000,0.2,0.01707,0.11744,0.23488,0.05931,0.16339,0,-0.04224,28.0,1
64,1024,56.0,8.0,16,0.5,120000,0.2,0.00853,0.11744,0.23488,0.05931,0.16339,0,-0.05078,28.0,1
64,1024,56.0,8.0,16,0.5,30000,0.5,0.03413,0.11744,0.23488,0.01452,0.06831,1,0.01962,28.0,0
64,1024,56.0,8.0,16,0.5,60000,0.5,0.01707,0.11744,0.23488,0.01452,0.06831,1,0.00255,28.0,0
64,1024,56.0,8.0,16,0.5,120000,0.5,0.00853,0.11744,0.23488,0.01452,0.06831,0,-0.00598,28.0,0
64,1024,56.0,8.0,16,0.5,30000,1.0,0.03413,0.11744,0.23488,0.0022,0.0,1,0.03193,28.0,0
64,1024,56.0,8.0,16,0.5,60000,1.0,0.01707,0.11744,0.23488,0.0022,0.0,1,0.01487,28.0,0
64,1024,56.0,8.0,16,0.5,120000,1.0,0.00853,0.11744,0.23488,0.0022,0.0,1,0.00633,28.0,0
64,1024,56.0,8.0,16,0.5,30000,2.0,0.03413,0.11744,0.23488,0.00013,0.0,1,0.034,28.0,0
64,1024,56.0,8.0,16,0.5,60000,2.0,0.01707,0.11744,0.23488,0.00013,0.0,1,0.01693,28.0,0
64,1024,56.0,8.0,16,0.5,120000,2.0,0.00853,0.11744,0.23488,0.00013,0.0,1,0.0084,28.0,0
64,1024,56.0,8.0,16,0.5,30000,5.0,0.03413,0.11744,0.23488,0.0,0.0,1,0.03413,28.0,0
64,1024,56.0,8.0,16,0.5,60000,5.0,0.01707,0.11744,0.23488,0.0,0.0,1,0.01707,28.0,0
64,1024,56.0,8.0,16,0.5,120000,5.0,0.00853,0.11744,0.23488,0.0,0.0,1,0.00853,28.0,0
64,1024,56.0,8.0,16,0.5,30000,10.0,0.03413,0.11744,0.23488,0.0,0.0,1,0.03413,28.0,0
64,1024,56.0,8.0,16,0.5,60000,10.0,0.01707,0.11744,0.23488,0.0,0.0,1,0.01707,28.0,0
64,1024,56.0,8.0,16,0.5,120000,10.0,0.00853,0.11744,0.23488,0.0,0.0,1,0.00853,28.0,0
64,1024,56.0,8.0,16,0.5,30000,30.0,0.03413,0.11744,0.23488,0.0,0.0,1,0.03413,28.0,0
64,1024,56.0,8.0,16,0.5,60000,30.0,0.01707,0.11744,0.23488,0.0,0.0,1,0.01707,28.0,0
64,1024,56.0,8.0,16,0.5,120000,30.0,0.00853,0.11744,0.23488,0.0,0.0,1,0.00853,28.0,0
64,1024,56.0,8.0,16,0.7,30000,0.2,0.03413,0.11744,0.16777,0.02551,0.09371,1,0.00862,16.8,0
64,1024,56.0,8.0,16,0.7,60000,0.2,0.01707,0.11744,0.16777,0.02551,0.09371,0,-0.00845,16.8,0
64,1024,56.0,8.0,16,0.7,120000,0.2,0.00853,0.11744,0.16777,0.02551,0.09371,0,-0.01698,16.8,0
64,1024,56.0,8.0,16,0.7,30000,0.5,0.03413,0.11744,0.16777,0.00357,0.0,1,0.03056,16.8,0
64,1024,56.0,8.0,16,0.7,60000,0.5,0.01707,0.11744,0.16777,0.00357,0.0,1,0.01349,16.8,0
64,1024,56.0,8.0,16,0.7,120000,0.5,0.00853,0.11744,0.16777,0.00357,0.0,1,0.00496,16.8,0
64,1024,56.0,8.0,16,0.7,30000,1.0,0.03413,0.11744,0.16777,0.00031,0.0,1,0.03383,16.8,0
64,1024,56.0,8.0,16,0.7,60000,1.0,0.01707,0.11744,0.16777,0.00031,0.0,1,0.01676,16.8,0
64,1024,56.0,8.0,16,0.7,120000,1.0,0.00853,0.11744,0.16777,0.00031,0.0,1,0.00823,16.8,0
64,1024,56.0,8.0,16,0.7,30000,2.0,0.03413,0.11744,0.16777,4e-05,0.0,1,0.0341,16.8,0
64,1024,56.0,8.0,16,0.7,60000,2.0,0.01707,0.11744,0.16777,4e-05,0.0,1,0.01703,16.8,0
64,1024,56.0,8.0,16,0.7,120000,2.0,0.00853,0.11744,0.16777,4e-05,0.0,1,0.0085,16.8,0
64,1024,56.0,8.0,16,0.7,30000,5.0,0.03413,0.11744,0.16777,0.0,0.0,1,0.03413,16.8,0
64,1024,56.0,8.0,16,0.7,60000,5.0,0.01707,0.11744,0.16777,0.0,0.0,1,0.01707,16.8,0
64,1024,56.0,8.0,16,0.7,120000,5.0,0.00853,0.11744,0.16777,0.0,0.0,1,0.00853,16.8,0
64,1024,56.0,8.0,16,0.7,30000,10.0,0.03413,0.11744,0.16777,0.0,0.0,1,0.03413,16.8,0
64,1024,56.0,8.0,16,0.7,60000,10.0,0.01707,0.11744,0.16777,0.0,0.0,1,0.01707,16.8,0
64,1024,56.0,8.0,16,0.7,120000,10.0,0.00853,0.11744,0.16777,0.0,0.0,1,0.00853,16.8,0
64,1024,56.0,8.0,16,0.7,30000,30.0,0.03413,0.11744,0.16777,0.0,0.0,1,0.03413,16.8,0
64,1024,56.0,8.0,16,0.7,60000,30.0,0.01707,0.11744,0.16777,0.0,0.0,1,0.01707,16.8,0
64,1024,56.0,8.0,16,0.7,120000,30.0,0.00853,0.11744,0.16777,0.0,0.0,1,0.00853,16.8,0
64,1024,56.0,8.0,16,0.9,30000,0.2,0.03413,0.11744,0.13049,0.01244,0.05479,1,0.02169,5.6,0
64,1024,56.0,8.0,16,0.9,60000,0.2,0.01707,0.11744,0.13049,0.01244,0.05479,1,0.00463,5.6,0
64,1024,56.0,8.0,16,0.9,120000,0.2,0.00853,0.11744,0.13049,0.01244,0.05479,0,-0.00391,5.6,0
64,1024,56.0,8.0,16,0.9,30000,0.5,0.03413,0.11744,0.13049,0.00128,0.0,1,0.03285,5.6,0
64,1024,56.0,8.0,16,0.9,60000,0.5,0.01707,0.11744,0.13049,0.00128,0.0,1,0.01579,5.6,0
64,1024,56.0,8.0,16,0.9,120000,0.5,0.00853,0.11744,0.13049,0.00128,0.0,1,0.00725,5.6,0
64,1024,56.0,8.0,16,0.9,30000,1.0,0.03413,0.11744,0.13049,0.00019,0.0,1,0.03394,5.6,0
64,1024,56.0,8.0,16,0.9,60000,1.0,0.01707,0.11744,0.13049,0.00019,0.0,1,0.01687,5.6,0
64,1024,56.0,8.0,16,0.9,120000,1.0,0.00853,0.11744,0.13049,0.00019,0.0,1,0.00834,5.6,0
64,1024,56.0,8.0,16,0.9,30000,2.0,0.03413,0.11744,0.13049,0.0,0.0,1,0.03413,5.6,0
64,1024,56.0,8.0,16,0.9,60000,2.0,0.01707,0.11744,0.13049,0.0,0.0,1,0.01707,5.6,0
64,1024,56.0,8.0,16,0.9,120000,2.0,0.00853,0.11744,0.13049,0.0,0.0,1,0.00853,5.6,0
64,1024,56.0,8.0,16,0.9,30000,5.0,0.03413,0.11744,0.13049,0.0,0.0,1,0.03413,5.6,0
64,1024,56.0,8.0,16,0.9,60000,5.0,0.01707,0.11744,0.13049,0.0,0.0,1,0.01707,5.6,0
64,1024,56.0,8.0,16,0.9,120000,5.0,0.00853,0.11744,0.13049,0.0,0.0,1,0.00853,5.6,0
64,1024,56.0,8.0,16,0.9,30000,10.0,0.03413,0.11744,0.13049,0.0,0.0,1,0.03413,5.6,0
64,1024,56.0,8.0,16,0.9,60000,10.0,0.01707,0.11744,0.13049,0.0,0.0,1,0.01707,5.6,0
64,1024,56.0,8.0,16,0.9,120000,10.0,0.00853,0.11744,0.13049,0.0,0.0,1,0.00853,5.6,0
64,1024,56.0,8.0,16,0.9,30000,30.0,0.03413,0.11744,0.13049,0.0,0.0,1,0.03413,5.6,0
64,1024,56.0,8.0,16,0.9,60000,30.0,0.01707,0.11744,0.13049,0.0,0.0,1,0.01707,5.6,0
64,1024,56.0,8.0,16,0.9,120000,30.0,0.00853,0.11744,0.13049,0.0,0.0,1,0.00853,5.6,0
64,1024,56.0,8.0,16,0.99,30000,0.2,0.03413,0.11744,0.11863,0.0107,0.05014,1,0.02343,0.56,0
64,1024,56.0,8.0,16,0.99,60000,0.2,0.01707,0.11744,0.11863,0.0107,0.05014,1,0.00636,0.56,0
64,1024,56.0,8.0,16,0.99,120000,0.2,0.00853,0.11744,0.11863,0.0107,0.05014,0,-0.00217,0.56,0
64,1024,56.0,8.0,16,0.99,30000,0.5,0.03413,0.11744,0.11863,0.00145,0.0,1,0.03268,0.56,0
64,1024,56.0,8.0,16,0.99,60000,0.5,0.01707,0.11744,0.11863,0.00145,0.0,1,0.01561,0.56,0
64,1024,56.0,8.0,16,0.99,120000,0.5,0.00853,0.11744,0.11863,0.00145,0.0,1,0.00708,0.56,0
64,1024,56.0,8.0,16,0.99,30000,1.0,0.03413,0.11744,0.11863,5e-05,0.0,1,0.03408,0.56,0
64,1024,56.0,8.0,16,0.99,60000,1.0,0.01707,0.11744,0.11863,5e-05,0.0,1,0.01702,0.56,0
64,1024,56.0,8.0,16,0.99,120000,1.0,0.00853,0.11744,0.11863,5e-05,0.0,1,0.00848,0.56,0
64,1024,56.0,8.0,16,0.99,30000,2.0,0.03413,0.11744,0.11863,0.0,0.0,1,0.03413,0.56,0
64,1024,56.0,8.0,16,0.99,60000,2.0,0.01707,0.11744,0.11863,0.0,0.0,1,0.01707,0.56,0
64,1024,56.0,8.0,16,0.99,120000,2.0,0.00853,0.11744,0.11863,0.0,0.0,1,0.00853,0.56,0
64,1024,56.0,8.0,16,0.99,30000,5.0,0.03413,0.11744,0.11863,0.0,0.0,1,0.03413,0.56,0
64,1024,56.0,8.0,16,0.99,60000,5.0,0.01707,0.11744,0.11863,0.0,0.0,1,0.01707,0.56,0
64,1024,56.0,8.0,16,0.99,120000,5.0,0.00853,0.11744,0.11863,0.0,0.0,1,0.00853,0.56,0
64,1024,56.0,8.0,16,0.99,30000,10.0,0.03413,0.11744,0.11863,0.0,0.0,1,0.03413,0.56,0
64,1024,56.0,8.0,16,0.99,60000,10.0,0.01707,0.11744,0.11863,0.0,0.0,1,0.01707,0.56,0
64,1024,56.0,8.0,16,0.99,120000,10.0,0.00853,0.11744,0.11863,0.0,0.0,1,0.00853,0.56,0
64,1024,56.0,8.0,16,0.99,30000,30.0,0.03413,0.11744,0.11863,0.0,0.0,1,0.03413,0.56,0
64,1024,56.0,8.0,16,0.99,60000,30.0,0.01707,0.11744,0.11863,0.0,0.0,1,0.01707,0.56,0
64,1024,56.0,8.0,16,0.99,120000,30.0,0.00853,0.11744,0.11863,0.0,0.0,1,0.00853,0.56,0
64,1024,56.0,8.0,32,0.5,30000,0.2,0.03413,0.23488,0.46976,0.2372,0.40115,0,-0.20307,28.0,1
64,1024,56.0,8.0,32,0.5,60000,0.2,0.01707,0.23488,0.46976,0.2372,0.40115,0,-0.22013,28.0,1
64,1024,56.0,8.0,32,0.5,120000,0.2,0.00853,0.23488,0.46976,0.2372,0.40115,0,-0.22867,28.0,1
64,1024,56.0,8.0,32,0.5,30000,0.5,0.03413,0.23488,0.46976,0.08996,0.28887,0,-0.05583,28.0,0
64,1024,56.0,8.0,32,0.5,60000,0.5,0.01707,0.23488,0.46976,0.08996,0.28887,0,-0.0729,28.0,0
64,1024,56.0,8.0,32,0.5,120000,0.5,0.00853,0.23488,0.46976,0.08996,0.28887,0,-0.08143,28.0,0
64,1024,56.0,8.0,32,0.5,30000,1.0,0.03413,0.23488,0.46976,0.02314,0.10394,1,0.011,28.0,0
64,1024,56.0,8.0,32,0.5,60000,1.0,0.01707,0.23488,0.46976,0.02314,0.10394,0,-0.00607,28.0,0
64,1024,56.0,8.0,32,0.5,120000,1.0,0.00853,0.23488,0.46976,0.02314,0.10394,0,-0.0146,28.0,0
64,1024,56.0,8.0,32,0.5,30000,2.0,0.03413,0.23488,0.46976,0.00369,0.0,1,0.03045,28.0,0
64,1024,56.0,8.0,32,0.5,60000,2.0,0.01707,0.23488,0.46976,0.00369,0.0,1,0.01338,28.0,0
64,1024,56.0,8.0,32,0.5,120000,2.0,0.00853,0.23488,0.46976,0.00369,0.0,1,0.00485,28.0,0
64,1024,56.0,8.0,32,0.5,30000,5.0,0.03413,0.23488,0.46976,5e-05,0.0,1,0.03408,28.0,0
64,1024,56.0,8.0,32,0.5,60000,5.0,0.01707,0.23488,0.46976,5e-05,0.0,1,0.01701,28.0,0
64,1024,56.0,8.0,32,0.5,120000,5.0,0.00853,0.23488,0.46976,5e-05,0.0,1,0.00848,28.0,0
64,1024,56.0,8.0,32,0.5,30000,10.0,0.03413,0.23488,0.46976,0.0,0.0,1,0.03413,28.0,0
64,1024,56.0,8.0,32,0.5,60000,10.0,0.01707,0.23488,0.46976,0.0,0.0,1,0.01707,28.0,0
64,1024,56.0,8.0,32,0.5,120000,10.0,0.00853,0.23488,0.46976,0.0,0.0,1,0.00853,28.0,0
64,1024,56.0,8.0,32,0.5,30000,30.0,0.03413,0.23488,0.46976,0.0,0.0,1,0.03413,28.0,0
64,1024,56.0,8.0,32,0.5,60000,30.0,0.01707,0.23488,0.46976,0.0,0.0,1,0.01707,28.0,0
64,1024,56.0,8.0,32,0.5,120000,30.0,0.00853,0.23488,0.46976,0.0,0.0,1,0.00853,28.0,0
64,1024,56.0,8.0,32,0.7,30000,0.2,0.03413,0.23488,0.33554,0.12773,0.26637,0,-0.09359,16.8,1
64,1024,56.0,8.0,32,0.7,60000,0.2,0.01707,0.23488,0.33554,0.12773,0.26637,0,-0.11066,16.8,1
64,1024,56.0,8.0,32,0.7,120000,0.2,0.00853,0.23488,0.33554,0.12773,0.26637,0,-0.11919,16.8,1
64,1024,56.0,8.0,32,0.7,30000,0.5,0.03413,0.23488,0.33554,0.03581,0.15706,0,-0.00168,16.8,0
64,1024,56.0,8.0,32,0.7,60000,0.5,0.01707,0.23488,0.33554,0.03581,0.15706,0,-0.01875,16.8,0
64,1024,56.0,8.0,32,0.7,120000,0.5,0.00853,0.23488,0.33554,0.03581,0.15706,0,-0.02728,16.8,0
64,1024,56.0,8.0,32,0.7,30000,1.0,0.03413,0.23488,0.33554,0.00673,0.0,1,0.0274,16.8,0
64,1024,56.0,8.0,32,0.7,60000,1.0,0.01707,0.23488,0.33554,0.00673,0.0,1,0.01033,16.8,0
64,1024,56.0,8.0,32,0.7,120000,1.0,0.00853,0.23488,0.33554,0.00673,0.0,1,0.0018,16.8,0
64,1024,56.0,8.0,32,0.7,30000,2.0,0.03413,0.23488,0.33554,0.00096,0.0,1,0.03318,16.8,0
64,1024,56.0,8.0,32,0.7,60000,2.0,0.01707,0.23488,0.33554,0.00096,0.0,1,0.01611,16.8,0
64,1024,56.0,8.0,32,0.7,120000,2.0,0.00853,0.23488,0.33554,0.00096,0.0,1,0.00758,16.8,0
64,1024,56.0,8.0,32,0.7,30000,5.0,0.03413,0.23488,0.33554,0.0,0.0,1,0.03413,16.8,0
64,1024,56.0,8.0,32,0.7,60000,5.0,0.01707,0.23488,0.33554,0.0,0.0,1,0.01707,16.8,0
64,1024,56.0,8.0,32,0.7,120000,5.0,0.00853,0.23488,0.33554,0.0,0.0,1,0.00853,16.8,0
64,1024,56.0,8.0,32,0.7,30000,10.0,0.03413,0.23488,0.33554,0.0,0.0,1,0.03413,16.8,0
64,1024,56.0,8.0,32,0.7,60000,10.0,0.01707,0.23488,0.33554,0.0,0.0,1,0.01707,16.8,0
64,1024,56.0,8.0,32,0.7,120000,10.0,0.00853,0.23488,0.33554,0.0,0.0,1,0.00853,16.8,0
64,1024,56.0,8.0,32,0.7,30000,30.0,0.03413,0.23488,0.33554,0.0,0.0,1,0.03413,16.8,0
64,1024,56.0,8.0,32,0.7,60000,30.0,0.01707,0.23488,0.33554,0.0,0.0,1,0.01707,16.8,0
64,1024,56.0,8.0,32,0.7,120000,30.0,0.00853,0.23488,0.33554,0.0,0.0,1,0.00853,16.8,0
64,1024,56.0,8.0,32,0.9,30000,0.2,0.03413,0.23488,0.26098,0.07737,0.19131,0,-0.04324,5.6,1
64,1024,56.0,8.0,32,0.9,60000,0.2,0.01707,0.23488,0.26098,0.07737,0.19131,0,-0.0603,5.6,1
64,1024,56.0,8.0,32,0.9,120000,0.2,0.00853,0.23488,0.26098,0.07737,0.19131,0,-0.06884,5.6,1
64,1024,56.0,8.0,32,0.9,30000,0.5,0.03413,0.23488,0.26098,0.01644,0.07032,1,0.0177,5.6,0
64,1024,56.0,8.0,32,0.9,60000,0.5,0.01707,0.23488,0.26098,0.01644,0.07032,1,0.00063,5.6,0
64,1024,56.0,8.0,32,0.9,120000,0.5,0.00853,0.23488,0.26098,0.01644,0.07032,0,-0.0079,5.6,0
64,1024,56.0,8.0,32,0.9,30000,1.0,0.03413,0.23488,0.26098,0.0034,0.0,1,0.03074,5.6,0
64,1024,56.0,8.0,32,0.9,60000,1.0,0.01707,0.23488,0.26098,0.0034,0.0,1,0.01367,5.6,0
64,1024,56.0,8.0,32,0.9,120000,1.0,0.00853,0.23488,0.26098,0.0034,0.0,1,0.00514,5.6,0
64,1024,56.0,8.0,32,0.9,30000,2.0,0.03413,0.23488,0.26098,0.00039,0.0,1,0.03374,5.6,0
64,1024,56.0,8.0,32,0.9,60000,2.0,0.01707,0.23488,0.26098,0.00039,0.0,1,0.01667,5.6,0
64,1024,56.0,8.0,32,0.9,120000,2.0,0.00853,0.23488,0.26098,0.00039,0.0,1,0.00814,5.6,0
64,1024,56.0,8.0,32,0.9,30000,5.0,0.03413,0.23488,0.26098,0.0,0.0,1,0.03413,5.6,0
64,1024,56.0,8.0,32,0.9,60000,5.0,0.01707,0.23488,0.26098,0.0,0.0,1,0.01707,5.6,0
64,1024,56.0,8.0,32,0.9,120000,5.0,0.00853,0.23488,0.26098,0.0,0.0,1,0.00853,5.6,0
64,1024,56.0,8.0,32,0.9,30000,10.0,0.03413,0.23488,0.26098,0.0,0.0,1,0.03413,5.6,0
64,1024,56.0,8.0,32,0.9,60000,10.0,0.01707,0.23488,0.26098,0.0,0.0,1,0.01707,5.6,0
64,1024,56.0,8.0,32,0.9,120000,10.0,0.00853,0.23488,0.26098,0.0,0.0,1,0.00853,5.6,0
64,1024,56.0,8.0,32,0.9,30000,30.0,0.03413,0.23488,0.26098,0.0,0.0,1,0.03413,5.6,0
64,1024,56.0,8.0,32,0.9,60000,30.0,0.01707,0.23488,0.26098,0.0,0.0,1,0.01707,5.6,0
64,1024,56.0,8.0,32,0.9,120000,30.0,0.00853,0.23488,0.26098,0.0,0.0,1,0.00853,5.6,0
64,1024,56.0,8.0,32,0.99,30000,0.2,0.03413,0.23488,0.23725,0.06438,0.16613,0,-0.03025,0.56,1
64,1024,56.0,8.0,32,0.99,60000,0.2,0.01707,0.23488,0.23725,0.06438,0.16613,0,-0.04731,0.56,1
64,1024,56.0,8.0,32,0.99,120000,0.2,0.00853,0.23488,0.23725,0.06438,0.16613,0,-0.05585,0.56,1
64,1024,56.0,8.0,32,0.99,30000,0.5,0.03413,0.23488,0.23725,0.01206,0.0523,1,0.02207,0.56,0
64,1024,56.0,8.0,32,0.99,60000,0.5,0.01707,0.23488,0.23725,0.01206,0.0523,1,0.005,0.56,0
64,1024,56.0,8.0,32,0.99,120000,0.5,0.00853,0.23488,0.23725,0.01206,0.0523,0,-0.00353,0.56,0
64,1024,56.0,8.0,32,0.99,30000,1.0,0.03413,0.23488,0.23725,0.00237,0.0,1,0.03177,0.56,0
64,1024,56.0,8.0,32,0.99,60000,1.0,0.01707,0.23488,0.23725,0.00237,0.0,1,0.0147,0.56,0
64,1024,56.0,8.0,32,0.99,120000,1.0,0.00853,0.23488,0.23725,0.00237,0.0,1,0.00617,0.56,0
64,1024,56.0,8.0,32,0.99,30000,2.0,0.03413,0.23488,0.23725,0.0003,0.0,1,0.03383,0.56,0
64,1024,56.0,8.0,32,0.99,60000,2.0,0.01707,0.23488,0.23725,0.0003,0.0,1,0.01677,0.56,0
64,1024,56.0,8.0,32,0.99,120000,2.0,0.00853,0.23488,0.23725,0.0003,0.0,1,0.00823,0.56,0
64,1024,56.0,8.0,32,0.99,30000,5.0,0.03413,0.23488,0.23725,0.0,0.0,1,0.03413,0.56,0
64,1024,56.0,8.0,32,0.99,60000,5.0,0.01707,0.23488,0.23725,0.0,0.0,1,0.01707,0.56,0
64,1024,56.0,8.0,32,0.99,120000,5.0,0.00853,0.23488,0.23725,0.0,0.0,1,0.00853,0.56,0
64,1024,56.0,8.0,32,0.99,30000,10.0,0.03413,0.23488,0.23725,0.0,0.0,1,0.03413,0.56,0
64,1024,56.0,8.0,32,0.99,60000,10.0,0.01707,0.23488,0.23725,0.0,0.0,1,0.01707,0.56,0
64,1024,56.0,8.0,32,0.99,120000,10.0,0.00853,0.23488,0.23725,0.0,0.0,1,0.00853,0.56,0
64,1024,56.0,8.0,32,0.99,30000,30.0,0.03413,0.23488,0.23725,0.0,0.0,1,0.03413,0.56,0
64,1024,56.0,8.0,32,0.99,60000,30.0,0.01707,0.23488,0.23725,0.0,0.0,1,0.01707,0.56,0
64,1024,56.0,8.0,32,0.99,120000,30.0,0.00853,0.23488,0.23725,0.0,0.0,1,0.00853,0.56,0
64,1024,56.0,16.0,1,0.5,30000,0.2,0.03413,0.00367,0.00734,0.0,0.0,1,0.03413,28.0,0
64,1024,56.0,16.0,1,0.5,60000,0.2,0.01707,0.00367,0.00734,0.0,0.0,1,0.01707,28.0,0
64,1024,56.0,16.0,1,0.5,120000,0.2,0.00853,0.00367,0.00734,0.0,0.0,1,0.00853,28.0,0
64,1024,56.0,16.0,1,0.5,30000,0.5,0.03413,0.00367,0.00734,0.0,0.0,1,0.03413,28.0,0
64,1024,56.0,16.0,1,0.5,60000,0.5,0.01707,0.00367,0.00734,0.0,0.0,1,0.01707,28.0,0
64,1024,56.0,16.0,1,0.5,120000,0.5,0.00853,0.00367,0.00734,0.0,0.0,1,0.00853,28.0,0
64,1024,56.0,16.0,1,0.5,30000,1.0,0.03413,0.00367,0.00734,0.0,0.0,1,0.03413,28.0,0
64,1024,56.0,16.0,1,0.5,60000,1.0,0.01707,0.00367,0.00734,0.0,0.0,1,0.01707,28.0,0
64,1024,56.0,16.0,1,0.5,120000,1.0,0.00853,0.00367,0.00734,0.0,0.0,1,0.00853,28.0,0
64,1024,56.0,16.0,1,0.5,30000,2.0,0.03413,0.00367,0.00734,0.0,0.0,1,0.03413,28.0,0
64,1024,56.0,16.0,1,0.5,60000,2.0,0.01707,0.00367,0.00734,0.0,0.0,1,0.01707,28.0,0
64,1024,56.0,16.0,1,0.5,120000,2.0,0.00853,0.00367,0.00734,0.0,0.0,1,0.00853,28.0,0
64,1024,56.0,16.0,1,0.5,30000,5.0,0.03413,0.00367,0.00734,0.0,0.0,1,0.03413,28.0,0
64,1024,56.0,16.0,1,0.5,60000,5.0,0.01707,0.00367,0.00734,0.0,0.0,1,0.01707,28.0,0
64,1024,56.0,16.0,1,0.5,120000,5.0,0.00853,0.00367,0.00734,0.0,0.0,1,0.00853,28.0,0
64,1024,56.0,16.0,1,0.5,30000,10.0,0.03413,0.00367,0.00734,0.0,0.0,1,0.03413,28.0,0
64,1024,56.0,16.0,1,0.5,60000,10.0,0.01707,0.00367,0.00734,0.0,0.0,1,0.01707,28.0,0
64,1024,56.0,16.0,1,0.5,120000,10.0,0.00853,0.00367,0.00734,0.0,0.0,1,0.00853,28.0,0
64,1024,56.0,16.0,1,0.5,30000,30.0,0.03413,0.00367,0.00734,0.0,0.0,1,0.03413,28.0,0
64,1024,56.0,16.0,1,0.5,60000,30.0,0.01707,0.00367,0.00734,0.0,0.0,1,0.01707,28.0,0
64,1024,56.0,16.0,1,0.5,120000,30.0,0.00853,0.00367,0.00734,0.0,0.0,1,0.00853,28.0,0
64,1024,56.0,16.0,1,0.7,30000,0.2,0.03413,0.00367,0.00524,0.0,0.0,1,0.03413,16.8,0
64,1024,56.0,16.0,1,0.7,60000,0.2,0.01707,0.00367,0.00524,0.0,0.0,1,0.01707,16.8,0
64,1024,56.0,16.0,1,0.7,120000,0.2,0.00853,0.00367,0.00524,0.0,0.0,1,0.00853,16.8,0
64,1024,56.0,16.0,1,0.7,30000,0.5,0.03413,0.00367,0.00524,0.0,0.0,1,0.03413,16.8,0
64,1024,56.0,16.0,1,0.7,60000,0.5,0.01707,0.00367,0.00524,0.0,0.0,1,0.01707,16.8,0
64,1024,56.0,16.0,1,0.7,120000,0.5,0.00853,0.00367,0.00524,0.0,0.0,1,0.00853,16.8,0
64,1024,56.0,16.0,1,0.7,30000,1.0,0.03413,0.00367,0.00524,0.0,0.0,1,0.03413,16.8,0
64,1024,56.0,16.0,1,0.7,60000,1.0,0.01707,0.00367,0.00524,0.0,0.0,1,0.01707,16.8,0
64,1024,56.0,16.0,1,0.7,120000,1.0,0.00853,0.00367,0.00524,0.0,0.0,1,0.00853,16.8,0
64,1024,56.0,16.0,1,0.7,30000,2.0,0.03413,0.00367,0.00524,0.0,0.0,1,0.03413,16.8,0
64,1024,56.0,16.0,1,0.7,60000,2.0,0.01707,0.00367,0.00524,0.0,0.0,1,0.01707,16.8,0
64,1024,56.0,16.0,1,0.7,120000,2.0,0.00853,0.00367,0.00524,0.0,0.0,1,0.00853,16.8,0
64,1024,56.0,16.0,1,0.7,30000,5.0,0.03413,0.00367,0.00524,0.0,0.0,1,0.03413,16.8,0
64,1024,56.0,16.0,1,0.7,60000,5.0,0.01707,0.00367,0.00524,0.0,0.0,1,0.01707,16.8,0
64,1024,56.0,16.0,1,0.7,120000,5.0,0.00853,0.00367,0.00524,0.0,0.0,1,0.00853,16.8,0
64,1024,56.0,16.0,1,0.7,30000,10.0,0.03413,0.00367,0.00524,0.0,0.0,1,0.03413,16.8,0
64,1024,56.0,16.0,1,0.7,60000,10.0,0.01707,0.00367,0.00524,0.0,0.0,1,0.01707,16.8,0
64,1024,56.0,16.0,1,0.7,120000,10.0,0.00853,0.00367,0.00524,0.0,0.0,1,0.00853,16.8,0
64,1024,56.0,16.0,1,0.7,30000,30.0,0.03413,0.00367,0.00524,0.0,0.0,1,0.03413,16.8,0
64,1024,56.0,16.0,1,0.7,60000,30.0,0.01707,0.00367,0.00524,0.0,0.0,1,0.01707,16.8,0
64,1024,56.0,16.0,1,0.7,120000,30.0,0.00853,0.00367,0.00524,0.0,0.0,1,0.00853,16.8,0
64,1024,56.0,16.0,1,0.9,30000,0.2,0.03413,0.00367,0.00408,0.0,0.0,1,0.03413,5.6,0
64,1024,56.0,16.0,1,0.9,60000,0.2,0.01707,0.00367,0.00408,0.0,0.0,1,0.01707,5.6,0
64,1024,56.0,16.0,1,0.9,120000,0.2,0.00853,0.00367,0.00408,0.0,0.0,1,0.00853,5.6,0
64,1024,56.0,16.0,1,0.9,30000,0.5,0.03413,0.00367,0.00408,0.0,0.0,1,0.03413,5.6,0
64,1024,56.0,16.0,1,0.9,60000,0.5,0.01707,0.00367,0.00408,0.0,0.0,1,0.01707,5.6,0
64,1024,56.0,16.0,1,0.9,120000,0.5,0.00853,0.00367,0.00408,0.0,0.0,1,0.00853,5.6,0
64,1024,56.0,16.0,1,0.9,30000,1.0,0.03413,0.00367,0.00408,0.0,0.0,1,0.03413,5.6,0
64,1024,56.0,16.0,1,0.9,60000,1.0,0.01707,0.00367,0.00408,0.0,0.0,1,0.01707,5.6,0
64,1024,56.0,16.0,1,0.9,120000,1.0,0.00853,0.00367,0.00408,0.0,0.0,1,0.00853,5.6,0
64,1024,56.0,16.0,1,0.9,30000,2.0,0.03413,0.00367,0.00408,0.0,0.0,1,0.03413,5.6,0
64,1024,56.0,16.0,1,0.9,60000,2.0,0.01707,0.00367,0.00408,0.0,0.0,1,0.01707,5.6,0
64,1024,56.0,16.0,1,0.9,120000,2.0,0.00853,0.00367,0.00408,0.0,0.0,1,0.00853,5.6,0
64,1024,56.0,16.0,1,0.9,30000,5.0,0.03413,0.00367,0.00408,0.0,0.0,1,0.03413,5.6,0
64,1024,56.0,16.0,1,0.9,60000,5.0,0.01707,0.00367,0.00408,0.0,0.0,1,0.01707,5.6,0
64,1024,56.0,16.0,1,0.9,120000,5.0,0.00853,0.00367,0.00408,0.0,0.0,1,0.00853,5.6,0
64,1024,56.0,16.0,1,0.9,30000,10.0,0.03413,0.00367,0.00408,0.0,0.0,1,0.03413,5.6,0
64,1024,56.0,16.0,1,0.9,60000,10.0,0.01707,0.00367,0.00408,0.0,0.0,1,0.01707,5.6,0
64,1024,56.0,16.0,1,0.9,120000,10.0,0.00853,0.00367,0.00408,0.0,0.0,1,0.00853,5.6,0
64,1024,56.0,16.0,1,0.9,30000,30.0,0.03413,0.00367,0.00408,0.0,0.0,1,0.03413,5.6,0
64,1024,56.0,16.0,1,0.9,60000,30.0,0.01707,0.00367,0.00408,0.0,0.0,1,0.01707,5.6,0
64,1024,56.0,16.0,1,0.9,120000,30.0,0.00853,0.00367,0.00408,0.0,0.0,1,0.00853,5.6,0
64,1024,56.0,16.0,1,0.99,30000,0.2,0.03413,0.00367,0.00371,0.0,0.0,1,0.03413,0.56,0
64,1024,56.0,16.0,1,0.99,60000,0.2,0.01707,0.00367,0.00371,0.0,0.0,1,0.01707,0.56,0
64,1024,56.0,16.0,1,0.99,120000,0.2,0.00853,0.00367,0.00371,0.0,0.0,1,0.00853,0.56,0
64,1024,56.0,16.0,1,0.99,30000,0.5,0.03413,0.00367,0.00371,0.0,0.0,1,0.03413,0.56,0
64,1024,56.0,16.0,1,0.99,60000,0.5,0.01707,0.00367,0.00371,0.0,0.0,1,0.01707,0.56,0
64,1024,56.0,16.0,1,0.99,120000,0.5,0.00853,0.00367,0.00371,0.0,0.0,1,0.00853,0.56,0
64,1024,56.0,16.0,1,0.99,30000,1.0,0.03413,0.00367,0.00371,0.0,0.0,1,0.03413,0.56,0
64,1024,56.0,16.0,1,0.99,60000,1.0,0.01707,0.00367,0.00371,0.0,0.0,1,0.01707,0.56,0
64,1024,56.0,16.0,1,0.99,120000,1.0,0.00853,0.00367,0.00371,0.0,0.0,1,0.00853,0.56,0
64,1024,56.0,16.0,1,0.99,30000,2.0,0.03413,0.00367,0.00371,0.0,0.0,1,0.03413,0.56,0
64,1024,56.0,16.0,1,0.99,60000,2.0,0.01707,0.00367,0.00371,0.0,0.0,1,0.01707,0.56,0
64,1024,56.0,16.0,1,0.99,120000,2.0,0.00853,0.00367,0.00371,0.0,0.0,1,0.00853,0.56,0
64,1024,56.0,16.0,1,0.99,30000,5.0,0.03413,0.00367,0.00371,0.0,0.0,1,0.03413,0.56,0
64,1024,56.0,16.0,1,0.99,60000,5.0,0.01707,0.00367,0.00371,0.0,0.0,1,0.01707,0.56,0
64,1024,56.0,16.0,1,0.99,120000,5.0,0.00853,0.00367,0.00371,0.0,0.0,1,0.00853,0.56,0
64,1024,56.0,16.0,1,0.99,30000,10.0,0.03413,0.00367,0.00371,0.0,0.0,1,0.03413,0.56,0
64,1024,56.0,16.0,1,0.99,60000,10.0,0.01707,0.00367,0.00371,0.0,0.0,1,0.01707,0.56,0
64,1024,56.0,16.0,1,0.99,120000,10.0,0.00853,0.00367,0.00371,0.0,0.0,1,0.00853,0.56,0
64,1024,56.0,16.0,1,0.99,30000,30.0,0.03413,0.00367,0.00371,0.0,0.0,1,0.03413,0.56,0
64,1024,56.0,16.0,1,0.99,60000,30.0,0.01707,0.00367,0.00371,0.0,0.0,1,0.01707,0.56,0
64,1024,56.0,16.0,1,0.99,120000,30.0,0.00853,0.00367,0.00371,0.0,0.0,1,0.00853,0.56,0
64,1024,56.0,16.0,2,0.5,30000,0.2,0.03413,0.00734,0.01468,0.0,0.0,1,0.03413,28.0,0
64,1024,56.0,16.0,2,0.5,60000,0.2,0.01707,0.00734,0.01468,0.0,0.0,1,0.01707,28.0,0
64,1024,56.0,16.0,2,0.5,120000,0.2,0.00853,0.00734,0.01468,0.0,0.0,1,0.00853,28.0,0
64,1024,56.0,16.0,2,0.5,30000,0.5,0.03413,0.00734,0.01468,0.0,0.0,1,0.03413,28.0,0
64,1024,56.0,16.0,2,0.5,60000,0.5,0.01707,0.00734,0.01468,0.0,0.0,1,0.01707,28.0,0
64,1024,56.0,16.0,2,0.5,120000,0.5,0.00853,0.00734,0.01468,0.0,0.0,1,0.00853,28.0,0
64,1024,56.0,16.0,2,0.5,30000,1.0,0.03413,0.00734,0.01468,0.0,0.0,1,0.03413,28.0,0
64,1024,56.0,16.0,2,0.5,60000,1.0,0.01707,0.00734,0.01468,0.0,0.0,1,0.01707,28.0,0
64,1024,56.0,16.0,2,0.5,120000,1.0,0.00853,0.00734,0.01468,0.0,0.0,1,0.00853,28.0,0
64,1024,56.0,16.0,2,0.5,30000,2.0,0.03413,0.00734,0.01468,0.0,0.0,1,0.03413,28.0,0
64,1024,56.0,16.0,2,0.5,60000,2.0,0.01707,0.00734,0.01468,0.0,0.0,1,0.01707,28.0,0
64,1024,56.0,16.0,2,0.5,120000,2.0,0.00853,0.00734,0.01468,0.0,0.0,1,0.00853,28.0,0
64,1024,56.0,16.0,2,0.5,30000,5.0,0.03413,0.00734,0.01468,0.0,0.0,1,0.03413,28.0,0
64,1024,56.0,16.0,2,0.5,60000,5.0,0.01707,0.00734,0.01468,0.0,0.0,1,0.01707,28.0,0
64,1024,56.0,16.0,2,0.5,120000,5.0,0.00853,0.00734,0.01468,0.0,0.0,1,0.00853,28.0,0
64,1024,56.0,16.0,2,0.5,30000,10.0,0.03413,0.00734,0.01468,0.0,0.0,1,0.03413,28.0,0
64,1024,56.0,16.0,2,0.5,60000,10.0,0.01707,0.00734,0.01468,0.0,0.0,1,0.01707,28.0,0
64,1024,56.0,16.0,2,0.5,120000,10.0,0.00853,0.00734,0.01468,0.0,0.0,1,0.00853,28.0,0
64,1024,56.0,16.0,2,0.5,30000,30.0,0.03413,0.00734,0.01468,0.0,0.0,1,0.03413,28.0,0
64,1024,56.0,16.0,2,0.5,60000,30.0,0.01707,0.00734,0.01468,0.0,0.0,1,0.01707,28.0,0
64,1024,56.0,16.0,2,0.5,120000,30.0,0.00853,0.00734,0.01468,0.0,0.0,1,0.00853,28.0,0
64,1024,56.0,16.0,2,0.7,30000,0.2,0.03413,0.00734,0.01049,0.0,0.0,1,0.03413,16.8,0
64,1024,56.0,16.0,2,0.7,60000,0.2,0.01707,0.00734,0.01049,0.0,0.0,1,0.01707,16.8,0
64,1024,56.0,16.0,2,0.7,120000,0.2,0.00853,0.00734,0.01049,0.0,0.0,1,0.00853,16.8,0
64,1024,56.0,16.0,2,0.7,30000,0.5,0.03413,0.00734,0.01049,0.0,0.0,1,0.03413,16.8,0
64,1024,56.0,16.0,2,0.7,60000,0.5,0.01707,0.00734,0.01049,0.0,0.0,1,0.01707,16.8,0
64,1024,56.0,16.0,2,0.7,120000,0.5,0.00853,0.00734,0.01049,0.0,0.0,1,0.00853,16.8,0
64,1024,56.0,16.0,2,0.7,30000,1.0,0.03413,0.00734,0.01049,0.0,0.0,1,0.03413,16.8,0
64,1024,56.0,16.0,2,0.7,60000,1.0,0.01707,0.00734,0.01049,0.0,0.0,1,0.01707,16.8,0
64,1024,56.0,16.0,2,0.7,120000,1.0,0.00853,0.00734,0.01049,0.0,0.0,1,0.00853,16.8,0
64,1024,56.0,16.0,2,0.7,30000,2.0,0.03413,0.00734,0.01049,0.0,0.0,1,0.03413,16.8,0
64,1024,56.0,16.0,2,0.7,60000,2.0,0.01707,0.00734,0.01049,0.0,0.0,1,0.01707,16.8,0
64,1024,56.0,16.0,2,0.7,120000,2.0,0.00853,0.00734,0.01049,0.0,0.0,1,0.00853,16.8,0
64,1024,56.0,16.0,2,0.7,30000,5.0,0.03413,0.00734,0.01049,0.0,0.0,1,0.03413,16.8,0
64,1024,56.0,16.0,2,0.7,60000,5.0,0.01707,0.00734,0.01049,0.0,0.0,1,0.01707,16.8,0
64,1024,56.0,16.0,2,0.7,120000,5.0,0.00853,0.00734,0.01049,0.0,0.0,1,0.00853,16.8,0
64,1024,56.0,16.0,2,0.7,30000,10.0,0.03413,0.00734,0.01049,0.0,0.0,1,0.03413,16.8,0
64,1024,56.0,16.0,2,0.7,60000,10.0,0.01707,0.00734,0.01049,0.0,0.0,1,0.01707,16.8,0
64,1024,56.0,16.0,2,0.7,120000,10.0,0.00853,0.00734,0.01049,0.0,0.0,1,0.00853,16.8,0
64,1024,56.0,16.0,2,0.7,30000,30.0,0.03413,0.00734,0.01049,0.0,0.0,1,0.03413,16.8,0
64,1024,56.0,16.0,2,0.7,60000,30.0,0.01707,0.00734,0.01049,0.0,0.0,1,0.01707,16.8,0
64,1024,56.0,16.0,2,0.7,120000,30.0,0.00853,0.00734,0.01049,0.0,0.0,1,0.00853,16.8,0
64,1024,56.0,16.0,2,0.9,30000,0.2,0.03413,0.00734,0.00816,0.0,0.0,1,0.03413,5.6,0
64,1024,56.0,16.0,2,0.9,60000,0.2,0.01707,0.00734,0.00816,0.0,0.0,1,0.01707,5.6,0
64,1024,56.0,16.0,2,0.9,120000,0.2,0.00853,0.00734,0.00816,0.0,0.0,1,0.00853,5.6,0
64,1024,56.0,16.0,2,0.9,30000,0.5,0.03413,0.00734,0.00816,0.0,0.0,1,0.03413,5.6,0
64,1024,56.0,16.0,2,0.9,60000,0.5,0.01707,0.00734,0.00816,0.0,0.0,1,0.01707,5.6,0
64,1024,56.0,16.0,2,0.9,120000,0.5,0.00853,0.00734,0.00816,0.0,0.0,1,0.00853,5.6,0
64,1024,56.0,16.0,2,0.9,30000,1.0,0.03413,0.00734,0.00816,0.0,0.0,1,0.03413,5.6,0
64,1024,56.0,16.0,2,0.9,60000,1.0,0.01707,0.00734,0.00816,0.0,0.0,1,0.01707,5.6,0
64,1024,56.0,16.0,2,0.9,120000,1.0,0.00853,0.00734,0.00816,0.0,0.0,1,0.00853,5.6,0
64,1024,56.0,16.0,2,0.9,30000,2.0,0.03413,0.00734,0.00816,0.0,0.0,1,0.03413,5.6,0
64,1024,56.0,16.0,2,0.9,60000,2.0,0.01707,0.00734,0.00816,0.0,0.0,1,0.01707,5.6,0
64,1024,56.0,16.0,2,0.9,120000,2.0,0.00853,0.00734,0.00816,0.0,0.0,1,0.00853,5.6,0
64,1024,56.0,16.0,2,0.9,30000,5.0,0.03413,0.00734,0.00816,0.0,0.0,1,0.03413,5.6,0
64,1024,56.0,16.0,2,0.9,60000,5.0,0.01707,0.00734,0.00816,0.0,0.0,1,0.01707,5.6,0
64,1024,56.0,16.0,2,0.9,120000,5.0,0.00853,0.00734,0.00816,0.0,0.0,1,0.00853,5.6,0
64,1024,56.0,16.0,2,0.9,30000,10.0,0.03413,0.00734,0.00816,0.0,0.0,1,0.03413,5.6,0
64,1024,56.0,16.0,2,0.9,60000,10.0,0.01707,0.00734,0.00816,0.0,0.0,1,0.01707,5.6,0
64,1024,56.0,16.0,2,0.9,120000,10.0,0.00853,0.00734,0.00816,0.0,0.0,1,0.00853,5.6,0
64,1024,56.0,16.0,2,0.9,30000,30.0,0.03413,0.00734,0.00816,0.0,0.0,1,0.03413,5.6,0
64,1024,56.0,16.0,2,0.9,60000,30.0,0.01707,0.00734,0.00816,0.0,0.0,1,0.01707,5.6,0
64,1024,56.0,16.0,2,0.9,120000,30.0,0.00853,0.00734,0.00816,0.0,0.0,1,0.00853,5.6,0
64,1024,56.0,16.0,2,0.99,30000,0.2,0.03413,0.00734,0.00741,0.0,0.0,1,0.03413,0.56,0
64,1024,56.0,16.0,2,0.99,60000,0.2,0.01707,0.00734,0.00741,0.0,0.0,1,0.01707,0.56,0
64,1024,56.0,16.0,2,0.99,120000,0.2,0.00853,0.00734,0.00741,0.0,0.0,1,0.00853,0.56,0
64,1024,56.0,16.0,2,0.99,30000,0.5,0.03413,0.00734,0.00741,0.0,0.0,1,0.03413,0.56,0
64,1024,56.0,16.0,2,0.99,60000,0.5,0.01707,0.00734,0.00741,0.0,0.0,1,0.01707,0.56,0
64,1024,56.0,16.0,2,0.99,120000,0.5,0.00853,0.00734,0.00741,0.0,0.0,1,0.00853,0.56,0
64,1024,56.0,16.0,2,0.99,30000,1.0,0.03413,0.00734,0.00741,0.0,0.0,1,0.03413,0.56,0
64,1024,56.0,16.0,2,0.99,60000,1.0,0.01707,0.00734,0.00741,0.0,0.0,1,0.01707,0.56,0
64,1024,56.0,16.0,2,0.99,120000,1.0,0.00853,0.00734,0.00741,0.0,0.0,1,0.00853,0.56,0
64,1024,56.0,16.0,2,0.99,30000,2.0,0.03413,0.00734,0.00741,0.0,0.0,1,0.03413,0.56,0
64,1024,56.0,16.0,2,0.99,60000,2.0,0.01707,0.00734,0.00741,0.0,0.0,1,0.01707,0.56,0
64,1024,56.0,16.0,2,0.99,120000,2.0,0.00853,0.00734,0.00741,0.0,0.0,1,0.00853,0.56,0
64,1024,56.0,16.0,2,0.99,30000,5.0,0.03413,0.00734,0.00741,0.0,0.0,1,0.03413,0.56,0
64,1024,56.0,16.0,2,0.99,60000,5.0,0.01707,0.00734,0.00741,0.0,0.0,1,0.01707,0.56,0
64,1024,56.0,16.0,2,0.99,120000,5.0,0.00853,0.00734,0.00741,0.0,0.0,1,0.00853,0.56,0
64,1024,56.0,16.0,2,0.99,30000,10.0,0.03413,0.00734,0.00741,0.0,0.0,1,0.03413,0.56,0
64,1024,56.0,16.0,2,0.99,60000,10.0,0.01707,0.00734,0.00741,0.0,0.0,1,0.01707,0.56,0
64,1024,56.0,16.0,2,0.99,120000,10.0,0.00853,0.00734,0.00741,0.0,0.0,1,0.00853,0.56,0
64,1024,56.0,16.0,2,0.99,30000,30.0,0.03413,0.00734,0.00741,0.0,0.0,1,0.03413,0.56,0
64,1024,56.0,16.0,2,0.99,60000,30.0,0.01707,0.00734,0.00741,0.0,0.0,1,0.01707,0.56,0
64,1024,56.0,16.0,2,0.99,120000,30.0,0.00853,0.00734,0.00741,0.0,0.0,1,0.00853,0.56,0
64,1024,56.0,16.0,4,0.5,30000,0.2,0.03413,0.01468,0.02936,3e-05,0.0,1,0.0341,28.0,0
64,1024,56.0,16.0,4,0.5,60000,0.2,0.01707,0.01468,0.02936,3e-05,0.0,1,0.01704,28.0,0
64,1024,56.0,16.0,4,0.5,120000,0.2,0.00853,0.01468,0.02936,3e-05,0.0,1,0.0085,28.0,0
64,1024,56.0,16.0,4,0.5,30000,0.5,0.03413,0.01468,0.02936,0.0,0.0,1,0.03413,28.0,0
64,1024,56.0,16.0,4,0.5,60000,0.5,0.01707,0.01468,0.02936,0.0,0.0,1,0.01707,28.0,0
64,1024,56.0,16.0,4,0.5,120000,0.5,0.00853,0.01468,0.02936,0.0,0.0,1,0.00853,28.0,0
64,1024,56.0,16.0,4,0.5,30000,1.0,0.03413,0.01468,0.02936,0.0,0.0,1,0.03413,28.0,0
64,1024,56.0,16.0,4,0.5,60000,1.0,0.01707,0.01468,0.02936,0.0,0.0,1,0.01707,28.0,0
64,1024,56.0,16.0,4,0.5,120000,1.0,0.00853,0.01468,0.02936,0.0,0.0,1,0.00853,28.0,0
64,1024,56.0,16.0,4,0.5,30000,2.0,0.03413,0.01468,0.02936,0.0,0.0,1,0.03413,28.0,0
64,1024,56.0,16.0,4,0.5,60000,2.0,0.01707,0.01468,0.02936,0.0,0.0,1,0.01707,28.0,0
64,1024,56.0,16.0,4,0.5,120000,2.0,0.00853,0.01468,0.02936,0.0,0.0,1,0.00853,28.0,0
64,1024,56.0,16.0,4,0.5,30000,5.0,0.03413,0.01468,0.02936,0.0,0.0,1,0.03413,28.0,0
64,1024,56.0,16.0,4,0.5,60000,5.0,0.01707,0.01468,0.02936,0.0,0.0,1,0.01707,28.0,0
64,1024,56.0,16.0,4,0.5,120000,5.0,0.00853,0.01468,0.02936,0.0,0.0,1,0.00853,28.0,0
64,1024,56.0,16.0,4,0.5,30000,10.0,0.03413,0.01468,0.02936,0.0,0.0,1,0.03413,28.0,0
64,1024,56.0,16.0,4,0.5,60000,10.0,0.01707,0.01468,0.02936,0.0,0.0,1,0.01707,28.0,0
64,1024,56.0,16.0,4,0.5,120000,10.0,0.00853,0.01468,0.02936,0.0,0.0,1,0.00853,28.0,0
64,1024,56.0,16.0,4,0.5,30000,30.0,0.03413,0.01468,0.02936,0.0,0.0,1,0.03413,28.0,0
64,1024,56.0,16.0,4,0.5,60000,30.0,0.01707,0.01468,0.02936,0.0,0.0,1,0.01707,28.0,0
64,1024,56.0,16.0,4,0.5,120000,30.0,0.00853,0.01468,0.02936,0.0,0.0,1,0.00853,28.0,0
64,1024,56.0,16.0,4,0.7,30000,0.2,0.03413,0.01468,0.02097,1e-05,0.0,1,0.03412,16.8,0
64,1024,56.0,16.0,4,0.7,60000,0.2,0.01707,0.01468,0.02097,1e-05,0.0,1,0.01705,16.8,0
64,1024,56.0,16.0,4,0.7,120000,0.2,0.00853,0.01468,0.02097,1e-05,0.0,1,0.00852,16.8,0
64,1024,56.0,16.0,4,0.7,30000,0.5,0.03413,0.01468,0.02097,0.0,0.0,1,0.03413,16.8,0
64,1024,56.0,16.0,4,0.7,60000,0.5,0.01707,0.01468,0.02097,0.0,0.0,1,0.01707,16.8,0
64,1024,56.0,16.0,4,0.7,120000,0.5,0.00853,0.01468,0.02097,0.0,0.0,1,0.00853,16.8,0
64,1024,56.0,16.0,4,0.7,30000,1.0,0.03413,0.01468,0.02097,0.0,0.0,1,0.03413,16.8,0
64,1024,56.0,16.0,4,0.7,60000,1.0,0.01707,0.01468,0.02097,0.0,0.0,1,0.01707,16.8,0
64,1024,56.0,16.0,4,0.7,120000,1.0,0.00853,0.01468,0.02097,0.0,0.0,1,0.00853,16.8,0
64,1024,56.0,16.0,4,0.7,30000,2.0,0.03413,0.01468,0.02097,0.0,0.0,1,0.03413,16.8,0
64,1024,56.0,16.0,4,0.7,60000,2.0,0.01707,0.01468,0.02097,0.0,0.0,1,0.01707,16.8,0
64,1024,56.0,16.0,4,0.7,120000,2.0,0.00853,0.01468,0.02097,0.0,0.0,1,0.00853,16.8,0
64,1024,56.0,16.0,4,0.7,30000,5.0,0.03413,0.01468,0.02097,0.0,0.0,1,0.03413,16.8,0
64,1024,56.0,16.0,4,0.7,60000,5.0,0.01707,0.01468,0.02097,0.0,0.0,1,0.01707,16.8,0
64,1024,56.0,16.0,4,0.7,120000,5.0,0.00853,0.01468,0.02097,0.0,0.0,1,0.00853,16.8,0
64,1024,56.0,16.0,4,0.7,30000,10.0,0.03413,0.01468,0.02097,0.0,0.0,1,0.03413,16.8,0
64,1024,56.0,16.0,4,0.7,60000,10.0,0.01707,0.01468,0.02097,0.0,0.0,1,0.01707,16.8,0
64,1024,56.0,16.0,4,0.7,120000,10.0,0.00853,0.01468,0.02097,0.0,0.0,1,0.00853,16.8,0
64,1024,56.0,16.0,4,0.7,30000,30.0,0.03413,0.01468,0.02097,0.0,0.0,1,0.03413,16.8,0
64,1024,56.0,16.0,4,0.7,60000,30.0,0.01707,0.01468,0.02097,0.0,0.0,1,0.01707,16.8,0
64,1024,56.0,16.0,4,0.7,120000,30.0,0.00853,0.01468,0.02097,0.0,0.0,1,0.00853,16.8,0
64,1024,56.0,16.0,4,0.9,30000,0.2,0.03413,0.01468,0.01631,0.0,0.0,1,0.03413,5.6,0
64,1024,56.0,16.0,4,0.9,60000,0.2,0.01707,0.01468,0.01631,0.0,0.0,1,0.01707,5.6,0
64,1024,56.0,16.0,4,0.9,120000,0.2,0.00853,0.01468,0.01631,0.0,0.0,1,0.00853,5.6,0
64,1024,56.0,16.0,4,0.9,30000,0.5,0.03413,0.01468,0.01631,0.0,0.0,1,0.03413,5.6,0
64,1024,56.0,16.0,4,0.9,60000,0.5,0.01707,0.01468,0.01631,0.0,0.0,1,0.01707,5.6,0
64,1024,56.0,16.0,4,0.9,120000,0.5,0.00853,0.01468,0.01631,0.0,0.0,1,0.00853,5.6,0
64,1024,56.0,16.0,4,0.9,30000,1.0,0.03413,0.01468,0.01631,0.0,0.0,1,0.03413,5.6,0
64,1024,56.0,16.0,4,0.9,60000,1.0,0.01707,0.01468,0.01631,0.0,0.0,1,0.01707,5.6,0
64,1024,56.0,16.0,4,0.9,120000,1.0,0.00853,0.01468,0.01631,0.0,0.0,1,0.00853,5.6,0
64,1024,56.0,16.0,4,0.9,30000,2.0,0.03413,0.01468,0.01631,0.0,0.0,1,0.03413,5.6,0
64,1024,56.0,16.0,4,0.9,60000,2.0,0.01707,0.01468,0.01631,0.0,0.0,1,0.01707,5.6,0
64,1024,56.0,16.0,4,0.9,120000,2.0,0.00853,0.01468,0.01631,0.0,0.0,1,0.00853,5.6,0
64,1024,56.0,16.0,4,0.9,30000,5.0,0.03413,0.01468,0.01631,0.0,0.0,1,0.03413,5.6,0
64,1024,56.0,16.0,4,0.9,60000,5.0,0.01707,0.01468,0.01631,0.0,0.0,1,0.01707,5.6,0
64,1024,56.0,16.0,4,0.9,120000,5.0,0.00853,0.01468,0.01631,0.0,0.0,1,0.00853,5.6,0
64,1024,56.0,16.0,4,0.9,30000,10.0,0.03413,0.01468,0.01631,0.0,0.0,1,0.03413,5.6,0
64,1024,56.0,16.0,4,0.9,60000,10.0,0.01707,0.01468,0.01631,0.0,0.0,1,0.01707,5.6,0
64,1024,56.0,16.0,4,0.9,120000,10.0,0.00853,0.01468,0.01631,0.0,0.0,1,0.00853,5.6,0
64,1024,56.0,16.0,4,0.9,30000,30.0,0.03413,0.01468,0.01631,0.0,0.0,1,0.03413,5.6,0
64,1024,56.0,16.0,4,0.9,60000,30.0,0.01707,0.01468,0.01631,0.0,0.0,1,0.01707,5.6,0
64,1024,56.0,16.0,4,0.9,120000,30.0,0.00853,0.01468,0.01631,0.0,0.0,1,0.00853,5.6,0
64,1024,56.0,16.0,4,0.99,30000,0.2,0.03413,0.01468,0.01483,0.0,0.0,1,0.03413,0.56,0
64,1024,56.0,16.0,4,0.99,60000,0.2,0.01707,0.01468,0.01483,0.0,0.0,1,0.01706,0.56,0
64,1024,56.0,16.0,4,0.99,120000,0.2,0.00853,0.01468,0.01483,0.0,0.0,1,0.00853,0.56,0
64,1024,56.0,16.0,4,0.99,30000,0.5,0.03413,0.01468,0.01483,0.0,0.0,1,0.03413,0.56,0
64,1024,56.0,16.0,4,0.99,60000,0.5,0.01707,0.01468,0.01483,0.0,0.0,1,0.01707,0.56,0
64,1024,56.0,16.0,4,0.99,120000,0.5,0.00853,0.01468,0.01483,0.0,0.0,1,0.00853,0.56,0
64,1024,56.0,16.0,4,0.99,30000,1.0,0.03413,0.01468,0.01483,0.0,0.0,1,0.03413,0.56,0
64,1024,56.0,16.0,4,0.99,60000,1.0,0.01707,0.01468,0.01483,0.0,0.0,1,0.01707,0.56,0
64,1024,56.0,16.0,4,0.99,120000,1.0,0.00853,0.01468,0.01483,0.0,0.0,1,0.00853,0.56,0
64,1024,56.0,16.0,4,0.99,30000,2.0,0.03413,0.01468,0.01483,0.0,0.0,1,0.03413,0.56,0
64,1024,56.0,16.0,4,0.99,60000,2.0,0.01707,0.01468,0.01483,0.0,0.0,1,0.01707,0.56,0
64,1024,56.0,16.0,4,0.99,120000,2.0,0.00853,0.01468,0.01483,0.0,0.0,1,0.00853,0.56,0
64,1024,56.0,16.0,4,0.99,30000,5.0,0.03413,0.01468,0.01483,0.0,0.0,1,0.03413,0.56,0
64,1024,56.0,16.0,4,0.99,60000,5.0,0.01707,0.01468,0.01483,0.0,0.0,1,0.01707,0.56,0
64,1024,56.0,16.0,4,0.99,120000,5.0,0.00853,0.01468,0.01483,0.0,0.0,1,0.00853,0.56,0
64,1024,56.0,16.0,4,0.99,30000,10.0,0.03413,0.01468,0.01483,0.0,0.0,1,0.03413,0.56,0
64,1024,56.0,16.0,4,0.99,60000,10.0,0.01707,0.01468,0.01483,0.0,0.0,1,0.01707,0.56,0
64,1024,56.0,16.0,4,0.99,120000,10.0,0.00853,0.01468,0.01483,0.0,0.0,1,0.00853,0.56,0
64,1024,56.0,16.0,4,0.99,30000,30.0,0.03413,0.01468,0.01483,0.0,0.0,1,0.03413,0.56,0
64,1024,56.0,16.0,4,0.99,60000,30.0,0.01707,0.01468,0.01483,0.0,0.0,1,0.01707,0.56,0
64,1024,56.0,16.0,4,0.99,120000,30.0,0.00853,0.01468,0.01483,0.0,0.0,1,0.00853,0.56,0
64,1024,56.0,16.0,8,0.5,30000,0.2,0.03413,0.02936,0.05872,0.00118,0.0,1,0.03295,28.0,0
64,1024,56.0,16.0,8,0.5,60000,0.2,0.01707,0.02936,0.05872,0.00118,0.0,1,0.01588,28.0,0
64,1024,56.0,16.0,8,0.5,120000,0.2,0.00853,0.02936,0.05872,0.00118,0.0,1,0.00735,28.0,0
64,1024,56.0,16.0,8,0.5,30000,0.5,0.03413,0.02936,0.05872,5e-05,0.0,1,0.03408,28.0,0
64,1024,56.0,16.0,8,0.5,60000,0.5,0.01707,0.02936,0.05872,5e-05,0.0,1,0.01702,28.0,0
64,1024,56.0,16.0,8,0.5,120000,0.5,0.00853,0.02936,0.05872,5e-05,0.0,1,0.00848,28.0,0
64,1024,56.0,16.0,8,0.5,30000,1.0,0.03413,0.02936,0.05872,0.0,0.0,1,0.03413,28.0,0
64,1024,56.0,16.0,8,0.5,60000,1.0,0.01707,0.02936,0.05872,0.0,0.0,1,0.01707,28.0,0
64,1024,56.0,16.0,8,0.5,120000,1.0,0.00853,0.02936,0.05872,0.0,0.0,1,0.00853,28.0,0
64,1024,56.0,16.0,8,0.5,30000,2.0,0.03413,0.02936,0.05872,0.0,0.0,1,0.03413,28.0,0
64,1024,56.0,16.0,8,0.5,60000,2.0,0.01707,0.02936,0.05872,0.0,0.0,1,0.01707,28.0,0
64,1024,56.0,16.0,8,0.5,120000,2.0,0.00853,0.02936,0.05872,0.0,0.0,1,0.00853,28.0,0
64,1024,56.0,16.0,8,0.5,30000,5.0,0.03413,0.02936,0.05872,0.0,0.0,1,0.03413,28.0,0
64,1024,56.0,16.0,8,0.5,60000,5.0,0.01707,0.02936,0.05872,0.0,0.0,1,0.01707,28.0,0
64,1024,56.0,16.0,8,0.5,120000,5.0,0.00853,0.02936,0.05872,0.0,0.0,1,0.00853,28.0,0
64,1024,56.0,16.0,8,0.5,30000,10.0,0.03413,0.02936,0.05872,0.0,0.0,1,0.03413,28.0,0
64,1024,56.0,16.0,8,0.5,60000,10.0,0.01707,0.02936,0.05872,0.0,0.0,1,0.01707,28.0,0
64,1024,56.0,16.0,8,0.5,120000,10.0,0.00853,0.02936,0.05872,0.0,0.0,1,0.00853,28.0,0
64,1024,56.0,16.0,8,0.5,30000,30.0,0.03413,0.02936,0.05872,0.0,0.0,1,0.03413,28.0,0
64,1024,56.0,16.0,8,0.5,60000,30.0,0.01707,0.02936,0.05872,0.0,0.0,1,0.01707,28.0,0
64,1024,56.0,16.0,8,0.5,120000,30.0,0.00853,0.02936,0.05872,0.0,0.0,1,0.00853,28.0,0
64,1024,56.0,16.0,8,0.7,30000,0.2,0.03413,0.02936,0.04194,0.00022,0.0,1,0.03392,16.8,0
64,1024,56.0,16.0,8,0.7,60000,0.2,0.01707,0.02936,0.04194,0.00022,0.0,1,0.01685,16.8,0
64,1024,56.0,16.0,8,0.7,120000,0.2,0.00853,0.02936,0.04194,0.00022,0.0,1,0.00832,16.8,0
64,1024,56.0,16.0,8,0.7,30000,0.5,0.03413,0.02936,0.04194,1e-05,0.0,1,0.03413,16.8,0
64,1024,56.0,16.0,8,0.7,60000,0.5,0.01707,0.02936,0.04194,1e-05,0.0,1,0.01706,16.8,0
64,1024,56.0,16.0,8,0.7,120000,0.5,0.00853,0.02936,0.04194,1e-05,0.0,1,0.00853,16.8,0
64,1024,56.0,16.0,8,0.7,30000,1.0,0.03413,0.02936,0.04194,0.0,0.0,1,0.03413,16.8,0
64,1024,56.0,16.0,8,0.7,60000,1.0,0.01707,0.02936,0.04194,0.0,0.0,1,0.01707,16.8,0
64,1024,56.0,16.0,8,0.7,120000,1.0,0.00853,0.02936,0.04194,0.0,0.0,1,0.00853,16.8,0
64,1024,56.0,16.0,8,0.7,30000,2.0,0.03413,0.02936,0.04194,0.0,0.0,1,0.03413,16.8,0
64,1024,56.0,16.0,8,0.7,60000,2.0,0.01707,0.02936,0.04194,0.0,0.0,1,0.01707,16.8,0
64,1024,56.0,16.0,8,0.7,120000,2.0,0.00853,0.02936,0.04194,0.0,0.0,1,0.00853,16.8,0
64,1024,56.0,16.0,8,0.7,30000,5.0,0.03413,0.02936,0.04194,0.0,0.0,1,0.03413,16.8,0
64,1024,56.0,16.0,8,0.7,60000,5.0,0.01707,0.02936,0.04194,0.0,0.0,1,0.01707,16.8,0
64,1024,56.0,16.0,8,0.7,120000,5.0,0.00853,0.02936,0.04194,0.0,0.0,1,0.00853,16.8,0
64,1024,56.0,16.0,8,0.7,30000,10.0,0.03413,0.02936,0.04194,0.0,0.0,1,0.03413,16.8,0
64,1024,56.0,16.0,8,0.7,60000,10.0,0.01707,0.02936,0.04194,0.0,0.0,1,0.01707,16.8,0
64,1024,56.0,16.0,8,0.7,120000,10.0,0.00853,0.02936,0.04194,0.0,0.0,1,0.00853,16.8,0
64,1024,56.0,16.0,8,0.7,30000,30.0,0.03413,0.02936,0.04194,0.0,0.0,1,0.03413,16.8,0
64,1024,56.0,16.0,8,0.7,60000,30.0,0.01707,0.02936,0.04194,0.0,0.0,1,0.01707,16.8,0
64,1024,56.0,16.0,8,0.7,120000,30.0,0.00853,0.02936,0.04194,0.0,0.0,1,0.00853,16.8,0
64,1024,56.0,16.0,8,0.9,30000,0.2,0.03413,0.02936,0.03262,8e-05,0.0,1,0.03405,5.6,0
64,1024,56.0,16.0,8,0.9,60000,0.2,0.01707,0.02936,0.03262,8e-05,0.0,1,0.01698,5.6,0
64,1024,56.0,16.0,8,0.9,120000,0.2,0.00853,0.02936,0.03262,8e-05,0.0,1,0.00845,5.6,0
64,1024,56.0,16.0,8,0.9,30000,0.5,0.03413,0.02936,0.03262,1e-05,0.0,1,0.03413,5.6,0
64,1024,56.0,16.0,8,0.9,60000,0.5,0.01707,0.02936,0.03262,1e-05,0.0,1,0.01706,5.6,0
64,1024,56.0,16.0,8,0.9,120000,0.5,0.00853,0.02936,0.03262,1e-05,0.0,1,0.00853,5.6,0
64,1024,56.0,16.0,8,0.9,30000,1.0,0.03413,0.02936,0.03262,0.0,0.0,1,0.03413,5.6,0
64,1024,56.0,16.0,8,0.9,60000,1.0,0.01707,0.02936,0.03262,0.0,0.0,1,0.01707,5.6,0
64,1024,56.0,16.0,8,0.9,120000,1.0,0.00853,0.02936,0.03262,0.0,0.0,1,0.00853,5.6,0
64,1024,56.0,16.0,8,0.9,30000,2.0,0.03413,0.02936,0.03262,0.0,0.0,1,0.03413,5.6,0
64,1024,56.0,16.0,8,0.9,60000,2.0,0.01707,0.02936,0.03262,0.0,0.0,1,0.01707,5.6,0
64,1024,56.0,16.0,8,0.9,120000,2.0,0.00853,0.02936,0.03262,0.0,0.0,1,0.00853,5.6,0
64,1024,56.0,16.0,8,0.9,30000,5.0,0.03413,0.02936,0.03262,0.0,0.0,1,0.03413,5.6,0
64,1024,56.0,16.0,8,0.9,60000,5.0,0.01707,0.02936,0.03262,0.0,0.0,1,0.01707,5.6,0
64,1024,56.0,16.0,8,0.9,120000,5.0,0.00853,0.02936,0.03262,0.0,0.0,1,0.00853,5.6,0
64,1024,56.0,16.0,8,0.9,30000,10.0,0.03413,0.02936,0.03262,0.0,0.0,1,0.03413,5.6,0
64,1024,56.0,16.0,8,0.9,60000,10.0,0.01707,0.02936,0.03262,0.0,0.0,1,0.01707,5.6,0
64,1024,56.0,16.0,8,0.9,120000,10.0,0.00853,0.02936,0.03262,0.0,0.0,1,0.00853,5.6,0
64,1024,56.0,16.0,8,0.9,30000,30.0,0.03413,0.02936,0.03262,0.0,0.0,1,0.03413,5.6,0
64,1024,56.0,16.0,8,0.9,60000,30.0,0.01707,0.02936,0.03262,0.0,0.0,1,0.01707,5.6,0
64,1024,56.0,16.0,8,0.9,120000,30.0,0.00853,0.02936,0.03262,0.0,0.0,1,0.00853,5.6,0
64,1024,56.0,16.0,8,0.99,30000,0.2,0.03413,0.02936,0.02966,5e-05,0.0,1,0.03408,0.56,0
64,1024,56.0,16.0,8,0.99,60000,0.2,0.01707,0.02936,0.02966,5e-05,0.0,1,0.01701,0.56,0
64,1024,56.0,16.0,8,0.99,120000,0.2,0.00853,0.02936,0.02966,5e-05,0.0,1,0.00848,0.56,0
64,1024,56.0,16.0,8,0.99,30000,0.5,0.03413,0.02936,0.02966,0.0,0.0,1,0.03413,0.56,0
64,1024,56.0,16.0,8,0.99,60000,0.5,0.01707,0.02936,0.02966,0.0,0.0,1,0.01707,0.56,0
64,1024,56.0,16.0,8,0.99,120000,0.5,0.00853,0.02936,0.02966,0.0,0.0,1,0.00853,0.56,0
64,1024,56.0,16.0,8,0.99,30000,1.0,0.03413,0.02936,0.02966,0.0,0.0,1,0.03413,0.56,0
64,1024,56.0,16.0,8,0.99,60000,1.0,0.01707,0.02936,0.02966,0.0,0.0,1,0.01707,0.56,0
64,1024,56.0,16.0,8,0.99,120000,1.0,0.00853,0.02936,0.02966,0.0,0.0,1,0.00853,0.56,0
64,1024,56.0,16.0,8,0.99,30000,2.0,0.03413,0.02936,0.02966,0.0,0.0,1,0.03413,0.56,0
64,1024,56.0,16.0,8,0.99,60000,2.0,0.01707,0.02936,0.02966,0.0,0.0,1,0.01707,0.56,0
64,1024,56.0,16.0,8,0.99,120000,2.0,0.00853,0.02936,0.02966,0.0,0.0,1,0.00853,0.56,0
64,1024,56.0,16.0,8,0.99,30000,5.0,0.03413,0.02936,0.02966,0.0,0.0,1,0.03413,0.56,0
64,1024,56.0,16.0,8,0.99,60000,5.0,0.01707,0.02936,0.02966,0.0,0.0,1,0.01707,0.56,0
64,1024,56.0,16.0,8,0.99,120000,5.0,0.00853,0.02936,0.02966,0.0,0.0,1,0.00853,0.56,0
64,1024,56.0,16.0,8,0.99,30000,10.0,0.03413,0.02936,0.02966,0.0,0.0,1,0.03413,0.56,0
64,1024,56.0,16.0,8,0.99,60000,10.0,0.01707,0.02936,0.02966,0.0,0.0,1,0.01707,0.56,0
64,1024,56.0,16.0,8,0.99,120000,10.0,0.00853,0.02936,0.02966,0.0,0.0,1,0.00853,0.56,0
64,1024,56.0,16.0,8,0.99,30000,30.0,0.03413,0.02936,0.02966,0.0,0.0,1,0.03413,0.56,0
64,1024,56.0,16.0,8,0.99,60000,30.0,0.01707,0.02936,0.02966,0.0,0.0,1,0.01707,0.56,0
64,1024,56.0,16.0,8,0.99,120000,30.0,0.00853,0.02936,0.02966,0.0,0.0,1,0.00853,0.56,0
64,1024,56.0,16.0,16,0.5,30000,0.2,0.03413,0.05872,0.11744,0.00965,0.04389,1,0.02448,28.0,0
64,1024,56.0,16.0,16,0.5,60000,0.2,0.01707,0.05872,0.11744,0.00965,0.04389,1,0.00742,28.0,0
64,1024,56.0,16.0,16,0.5,120000,0.2,0.00853,0.05872,0.11744,0.00965,0.04389,0,-0.00112,28.0,0
64,1024,56.0,16.0,16,0.5,30000,0.5,0.03413,0.05872,0.11744,0.00126,0.0,1,0.03287,28.0,0
64,1024,56.0,16.0,16,0.5,60000,0.5,0.01707,0.05872,0.11744,0.00126,0.0,1,0.01581,28.0,0
64,1024,56.0,16.0,16,0.5,120000,0.5,0.00853,0.05872,0.11744,0.00126,0.0,1,0.00727,28.0,0
64,1024,56.0,16.0,16,0.5,30000,1.0,0.03413,0.05872,0.11744,8e-05,0.0,1,0.03405,28.0,0
64,1024,56.0,16.0,16,0.5,60000,1.0,0.01707,0.05872,0.11744,8e-05,0.0,1,0.01698,28.0,0
64,1024,56.0,16.0,16,0.5,120000,1.0,0.00853,0.05872,0.11744,8e-05,0.0,1,0.00845,28.0,0
64,1024,56.0,16.0,16,0.5,30000,2.0,0.03413,0.05872,0.11744,0.0,0.0,1,0.03413,28.0,0
64,1024,56.0,16.0,16,0.5,60000,2.0,0.01707,0.05872,0.11744,0.0,0.0,1,0.01707,28.0,0
64,1024,56.0,16.0,16,0.5,120000,2.0,0.00853,0.05872,0.11744,0.0,0.0,1,0.00853,28.0,0
64,1024,56.0,16.0,16,0.5,30000,5.0,0.03413,0.05872,0.11744,0.0,0.0,1,0.03413,28.0,0
64,1024,56.0,16.0,16,0.5,60000,5.0,0.01707,0.05872,0.11744,0.0,0.0,1,0.01707,28.0,0
64,1024,56.0,16.0,16,0.5,120000,5.0,0.00853,0.05872,0.11744,0.0,0.0,1,0.00853,28.0,0
64,1024,56.0,16.0,16,0.5,30000,10.0,0.03413,0.05872,0.11744,0.0,0.0,1,0.03413,28.0,0
64,1024,56.0,16.0,16,0.5,60000,10.0,0.01707,0.05872,0.11744,0.0,0.0,1,0.01707,28.0,0
64,1024,56.0,16.0,16,0.5,120000,10.0,0.00853,0.05872,0.11744,0.0,0.0,1,0.00853,28.0,0
64,1024,56.0,16.0,16,0.5,30000,30.0,0.03413,0.05872,0.11744,0.0,0.0,1,0.03413,28.0,0
64,1024,56.0,16.0,16,0.5,60000,30.0,0.01707,0.05872,0.11744,0.0,0.0,1,0.01707,28.0,0
64,1024,56.0,16.0,16,0.5,120000,30.0,0.00853,0.05872,0.11744,0.0,0.0,1,0.00853,28.0,0
64,1024,56.0,16.0,16,0.7,30000,0.2,0.03413,0.05872,0.08389,0.00339,0.01097,1,0.03074,16.8,0
64,1024,56.0,16.0,16,0.7,60000,0.2,0.01707,0.05872,0.08389,0.00339,0.01097,1,0.01368,16.8,0
64,1024,56.0,16.0,16,0.7,120000,0.2,0.00853,0.05872,0.08389,0.00339,0.01097,1,0.00514,16.8,0
64,1024,56.0,16.0,16,0.7,30000,0.5,0.03413,0.05872,0.08389,0.00023,0.0,1,0.0339,16.8,0
64,1024,56.0,16.0,16,0.7,60000,0.5,0.01707,0.05872,0.08389,0.00023,0.0,1,0.01684,16.8,0
64,1024,56.0,16.0,16,0.7,120000,0.5,0.00853,0.05872,0.08389,0.00023,0.0,1,0.0083,16.8,0
64,1024,56.0,16.0,16,0.7,30000,1.0,0.03413,0.05872,0.08389,2e-05,0.0,1,0.03412,16.8,0
64,1024,56.0,16.0,16,0.7,60000,1.0,0.01707,0.05872,0.08389,2e-05,0.0,1,0.01705,16.8,0
64,1024,56.0,16.0,16,0.7,120000,1.0,0.00853,0.05872,0.08389,2e-05,0.0,1,0.00852,16.8,0
64,1024,56.0,16.0,16,0.7,30000,2.0,0.03413,0.05872,0.08389,0.0,0.0,1,0.03413,16.8,0
64,1024,56.0,16.0,16,0.7,60000,2.0,0.01707,0.05872,0.08389,0.0,0.0,1,0.01707,16.8,0
64,1024,56.0,16.0,16,0.7,120000,2.0,0.00853,0.05872,0.08389,0.0,0.0,1,0.00853,16.8,0
64,1024,56.0,16.0,16,0.7,30000,5.0,0.03413,0.05872,0.08389,0.0,0.0,1,0.03413,16.8,0
64,1024,56.0,16.0,16,0.7,60000,5.0,0.01707,0.05872,0.08389,0.0,0.0,1,0.01707,16.8,0
64,1024,56.0,16.0,16,0.7,120000,5.0,0.00853,0.05872,0.08389,0.0,0.0,1,0.00853,16.8,0
64,1024,56.0,16.0,16,0.7,30000,10.0,0.03413,0.05872,0.08389,0.0,0.0,1,0.03413,16.8,0
64,1024,56.0,16.0,16,0.7,60000,10.0,0.01707,0.05872,0.08389,0.0,0.0,1,0.01707,16.8,0
64,1024,56.0,16.0,16,0.7,120000,10.0,0.00853,0.05872,0.08389,0.0,0.0,1,0.00853,16.8,0
64,1024,56.0,16.0,16,0.7,30000,30.0,0.03413,0.05872,0.08389,0.0,0.0,1,0.03413,16.8,0
64,1024,56.0,16.0,16,0.7,60000,30.0,0.01707,0.05872,0.08389,0.0,0.0,1,0.01707,16.8,0
64,1024,56.0,16.0,16,0.7,120000,30.0,0.00853,0.05872,0.08389,0.0,0.0,1,0.00853,16.8,0
64,1024,56.0,16.0,16,0.9,30000,0.2,0.03413,0.05872,0.06524,0.00129,0.0,1,0.03285,5.6,0
64,1024,56.0,16.0,16,0.9,60000,0.2,0.01707,0.05872,0.06524,0.00129,0.0,1,0.01578,5.6,0
64,1024,56.0,16.0,16,0.9,120000,0.2,0.00853,0.05872,0.06524,0.00129,0.0,1,0.00725,5.6,0
64,1024,56.0,16.0,16,0.9,30000,0.5,0.03413,0.05872,0.06524,7e-05,0.0,1,0.03407,5.6,0
64,1024,56.0,16.0,16,0.9,60000,0.5,0.01707,0.05872,0.06524,7e-05,0.0,1,0.017,5.6,0
64,1024,56.0,16.0,16,0.9,120000,0.5,0.00853,0.05872,0.06524,7e-05,0.0,1,0.00847,5.6,0
64,1024,56.0,16.0,16,0.9,30000,1.0,0.03413,0.05872,0.06524,0.0,0.0,1,0.03413,5.6,0
64,1024,56.0,16.0,16,0.9,60000,1.0,0.01707,0.05872,0.06524,0.0,0.0,1,0.01707,5.6,0
64,1024,56.0,16.0,16,0.9,120000,1.0,0.00853,0.05872,0.06524,0.0,0.0,1,0.00853,5.6,0
64,1024,56.0,16.0,16,0.9,30000,2.0,0.03413,0.05872,0.06524,0.0,0.0,1,0.03413,5.6,0
64,1024,56.0,16.0,16,0.9,60000,2.0,0.01707,0.05872,0.06524,0.0,0.0,1,0.01707,5.6,0
64,1024,56.0,16.0,16,0.9,120000,2.0,0.00853,0.05872,0.06524,0.0,0.0,1,0.00853,5.6,0
64,1024,56.0,16.0,16,0.9,30000,5.0,0.03413,0.05872,0.06524,0.0,0.0,1,0.03413,5.6,0
64,1024,56.0,16.0,16,0.9,60000,5.0,0.01707,0.05872,0.06524,0.0,0.0,1,0.01707,5.6,0
64,1024,56.0,16.0,16,0.9,120000,5.0,0.00853,0.05872,0.06524,0.0,0.0,1,0.00853,5.6,0
64,1024,56.0,16.0,16,0.9,30000,10.0,0.03413,0.05872,0.06524,0.0,0.0,1,0.03413,5.6,0
64,1024,56.0,16.0,16,0.9,60000,10.0,0.01707,0.05872,0.06524,0.0,0.0,1,0.01707,5.6,0
64,1024,56.0,16.0,16,0.9,120000,10.0,0.00853,0.05872,0.06524,0.0,0.0,1,0.00853,5.6,0
64,1024,56.0,16.0,16,0.9,30000,30.0,0.03413,0.05872,0.06524,0.0,0.0,1,0.03413,5.6,0
64,1024,56.0,16.0,16,0.9,60000,30.0,0.01707,0.05872,0.06524,0.0,0.0,1,0.01707,5.6,0
64,1024,56.0,16.0,16,0.9,120000,30.0,0.00853,0.05872,0.06524,0.0,0.0,1,0.00853,5.6,0
64,1024,56.0,16.0,16,0.99,30000,0.2,0.03413,0.05872,0.05931,0.00082,0.0,1,0.03332,0.56,0
64,1024,56.0,16.0,16,0.99,60000,0.2,0.01707,0.05872,0.05931,0.00082,0.0,1,0.01625,0.56,0
64,1024,56.0,16.0,16,0.99,120000,0.2,0.00853,0.05872,0.05931,0.00082,0.0,1,0.00772,0.56,0
64,1024,56.0,16.0,16,0.99,30000,0.5,0.03413,0.05872,0.05931,0.0,0.0,1,0.03413,0.56,0
64,1024,56.0,16.0,16,0.99,60000,0.5,0.01707,0.05872,0.05931,0.0,0.0,1,0.01706,0.56,0
64,1024,56.0,16.0,16,0.99,120000,0.5,0.00853,0.05872,0.05931,0.0,0.0,1,0.00853,0.56,0
64,1024,56.0,16.0,16,0.99,30000,1.0,0.03413,0.05872,0.05931,2e-05,0.0,1,0.03412,0.56,0
64,1024,56.0,16.0,16,0.99,60000,1.0,0.01707,0.05872,0.05931,2e-05,0.0,1,0.01705,0.56,0
64,1024,56.0,16.0,16,0.99,120000,1.0,0.00853,0.05872,0.05931,2e-05,0.0,1,0.00852,0.56,0
64,1024,56.0,16.0,16,0.99,30000,2.0,0.03413,0.05872,0.05931,0.0,0.0,1,0.03413,0.56,0
64,1024,56.0,16.0,16,0.99,60000,2.0,0.01707,0.05872,0.05931,0.0,0.0,1,0.01707,0.56,0
64,1024,56.0,16.0,16,0.99,120000,2.0,0.00853,0.05872,0.05931,0.0,0.0,1,0.00853,0.56,0
64,1024,56.0,16.0,16,0.99,30000,5.0,0.03413,0.05872,0.05931,0.0,0.0,1,0.03413,0.56,0
64,1024,56.0,16.0,16,0.99,60000,5.0,0.01707,0.05872,0.05931,0.0,0.0,1,0.01707,0.56,0
64,1024,56.0,16.0,16,0.99,120000,5.0,0.00853,0.05872,0.05931,0.0,0.0,1,0.00853,0.56,0
64,1024,56.0,16.0,16,0.99,30000,10.0,0.03413,0.05872,0.05931,0.0,0.0,1,0.03413,0.56,0
64,1024,56.0,16.0,16,0.99,60000,10.0,0.01707,0.05872,0.05931,0.0,0.0,1,0.01707,0.56,0
64,1024,56.0,16.0,16,0.99,120000,10.0,0.00853,0.05872,0.05931,0.0,0.0,1,0.00853,0.56,0
64,1024,56.0,16.0,16,0.99,30000,30.0,0.03413,0.05872,0.05931,0.0,0.0,1,0.03413,0.56,0
64,1024,56.0,16.0,16,0.99,60000,30.0,0.01707,0.05872,0.05931,0.0,0.0,1,0.01707,0.56,0
64,1024,56.0,16.0,16,0.99,120000,30.0,0.00853,0.05872,0.05931,0.0,0.0,1,0.00853,0.56,0
64,1024,56.0,16.0,32,0.5,30000,0.2,0.03413,0.11744,0.23488,0.06313,0.16716,0,-0.029,28.0,1
64,1024,56.0,16.0,32,0.5,60000,0.2,0.01707,0.11744,0.23488,0.06313,0.16716,0,-0.04606,28.0,1
64,1024,56.0,16.0,32,0.5,120000,0.2,0.00853,0.11744,0.23488,0.06313,0.16716,0,-0.0546,28.0,1
64,1024,56.0,16.0,32,0.5,30000,0.5,0.03413,0.11744,0.23488,0.01234,0.05306,1,0.02179,28.0,0
64,1024,56.0,16.0,32,0.5,60000,0.5,0.01707,0.11744,0.23488,0.01234,0.05306,1,0.00472,28.0,0
64,1024,56.0,16.0,32,0.5,120000,0.5,0.00853,0.11744,0.23488,0.01234,0.05306,0,-0.00381,28.0,0
64,1024,56.0,16.0,32,0.5,30000,1.0,0.03413,0.11744,0.23488,0.00235,0.0,1,0.03178,28.0,0
64,1024,56.0,16.0,32,0.5,60000,1.0,0.01707,0.11744,0.23488,0.00235,0.0,1,0.01471,28.0,0
64,1024,56.0,16.0,32,0.5,120000,1.0,0.00853,0.11744,0.23488,0.00235,0.0,1,0.00618,28.0,0
64,1024,56.0,16.0,32,0.5,30000,2.0,0.03413,0.11744,0.23488,0.00024,0.0,1,0.0339,28.0,0
64,1024,56.0,16.0,32,0.5,60000,2.0,0.01707,0.11744,0.23488,0.00024,0.0,1,0.01683,28.0,0
64,1024,56.0,16.0,32,0.5,120000,2.0,0.00853,0.11744,0.23488,0.00024,0.0,1,0.0083,28.0,0
64,1024,56.0,16.0,32,0.5,30000,5.0,0.03413,0.11744,0.23488,0.0,0.0,1,0.03413,28.0,0
64,1024,56.0,16.0,32,0.5,60000,5.0,0.01707,0.11744,0.23488,0.0,0.0,1,0.01707,28.0,0
64,1024,56.0,16.0,32,0.5,120000,5.0,0.00853,0.11744,0.23488,0.0,0.0,1,0.00853,28.0,0
64,1024,56.0,16.0,32,0.5,30000,10.0,0.03413,0.11744,0.23488,0.0,0.0,1,0.03413,28.0,0
64,1024,56.0,16.0,32,0.5,60000,10.0,0.01707,0.11744,0.23488,0.0,0.0,1,0.01707,28.0,0
64,1024,56.0,16.0,32,0.5,120000,10.0,0.00853,0.11744,0.23488,0.0,0.0,1,0.00853,28.0,0
64,1024,56.0,16.0,32,0.5,30000,30.0,0.03413,0.11744,0.23488,0.0,0.0,1,0.03413,28.0,0
64,1024,56.0,16.0,32,0.5,60000,30.0,0.01707,0.11744,0.23488,0.0,0.0,1,0.01707,28.0,0
64,1024,56.0,16.0,32,0.5,120000,30.0,0.00853,0.11744,0.23488,0.0,0.0,1,0.00853,28.0,0
64,1024,56.0,16.0,32,0.7,30000,0.2,0.03413,0.11744,0.16777,0.02806,0.09634,1,0.00607,16.8,0
64,1024,56.0,16.0,32,0.7,60000,0.2,0.01707,0.11744,0.16777,0.02806,0.09634,0,-0.01099,16.8,0
64,1024,56.0,16.0,32,0.7,120000,0.2,0.00853,0.11744,0.16777,0.02806,0.09634,0,-0.01953,16.8,0
64,1024,56.0,16.0,32,0.7,30000,0.5,0.03413,0.11744,0.16777,0.00432,0.0,1,0.02981,16.8,0
64,1024,56.0,16.0,32,0.7,60000,0.5,0.01707,0.11744,0.16777,0.00432,0.0,1,0.01275,16.8,0
64,1024,56.0,16.0,32,0.7,120000,0.5,0.00853,0.11744,0.16777,0.00432,0.0,1,0.00421,16.8,0
64,1024,56.0,16.0,32,0.7,30000,1.0,0.03413,0.11744,0.16777,0.00051,0.0,1,0.03362,16.8,0
64,1024,56.0,16.0,32,0.7,60000,1.0,0.01707,0.11744,0.16777,0.00051,0.0,1,0.01655,16.8,0
64,1024,56.0,16.0,32,0.7,120000,1.0,0.00853,0.11744,0.16777,0.00051,0.0,1,0.00802,16.8,0
64,1024,56.0,16.0,32,0.7,30000,2.0,0.03413,0.11744,0.16777,6e-05,0.0,1,0.03407,16.8,0
64,1024,56.0,16.0,32,0.7,60000,2.0,0.01707,0.11744,0.16777,6e-05,0.0,1,0.017,16.8,0
64,1024,56.0,16.0,32,0.7,120000,2.0,0.00853,0.11744,0.16777,6e-05,0.0,1,0.00847,16.8,0
64,1024,56.0,16.0,32,0.7,30000,5.0,0.03413,0.11744,0.16777,0.0,0.0,1,0.03413,16.8,0
64,1024,56.0,16.0,32,0.7,60000,5.0,0.01707,0.11744,0.16777,0.0,0.0,1,0.01707,16.8,0
64,1024,56.0,16.0,32,0.7,120000,5.0,0.00853,0.11744,0.16777,0.0,0.0,1,0.00853,16.8,0
64,1024,56.0,16.0,32,0.7,30000,10.0,0.03413,0.11744,0.16777,0.0,0.0,1,0.03413,16.8,0
64,1024,56.0,16.0,32,0.7,60000,10.0,0.01707,0.11744,0.16777,0.0,0.0,1,0.01707,16.8,0
64,1024,56.0,16.0,32,0.7,120000,10.0,0.00853,0.11744,0.16777,0.0,0.0,1,0.00853,16.8,0
64,1024,56.0,16.0,32,0.7,30000,30.0,0.03413,0.11744,0.16777,0.0,0.0,1,0.03413,16.8,0
64,1024,56.0,16.0,32,0.7,60000,30.0,0.01707,0.11744,0.16777,0.0,0.0,1,0.01707,16.8,0
64,1024,56.0,16.0,32,0.7,120000,30.0,0.00853,0.11744,0.16777,0.0,0.0,1,0.00853,16.8,0
64,1024,56.0,16.0,32,0.9,30000,0.2,0.03413,0.11744,0.13049,0.01331,0.05714,1,0.02083,5.6,0
64,1024,56.0,16.0,32,0.9,60000,0.2,0.01707,0.11744,0.13049,0.01331,0.05714,1,0.00376,5.6,0
64,1024,56.0,16.0,32,0.9,120000,0.2,0.00853,0.11744,0.13049,0.01331,0.05714,0,-0.00477,5.6,0
64,1024,56.0,16.0,32,0.9,30000,0.5,0.03413,0.11744,0.13049,0.00144,0.0,1,0.0327,5.6,0
64,1024,56.0,16.0,32,0.9,60000,0.5,0.01707,0.11744,0.13049,0.00144,0.0,1,0.01563,5.6,0
64,1024,56.0,16.0,32,0.9,120000,0.5,0.00853,0.11744,0.13049,0.00144,0.0,1,0.0071,5.6,0
64,1024,56.0,16.0,32,0.9,30000,1.0,0.03413,0.11744,0.13049,9e-05,0.0,1,0.03404,5.6,0
64,1024,56.0,16.0,32,0.9,60000,1.0,0.01707,0.11744,0.13049,9e-05,0.0,1,0.01697,5.6,0
64,1024,56.0,16.0,32,0.9,120000,1.0,0.00853,0.11744,0.13049,9e-05,0.0,1,0.00844,5.6,0
64,1024,56.0,16.0,32,0.9,30000,2.0,0.03413,0.11744,0.13049,1e-05,0.0,1,0.03412,5.6,0
64,1024,56.0,16.0,32,0.9,60000,2.0,0.01707,0.11744,0.13049,1e-05,0.0,1,0.01706,5.6,0
64,1024,56.0,16.0,32,0.9,120000,2.0,0.00853,0.11744,0.13049,1e-05,0.0,1,0.00852,5.6,0
64,1024,56.0,16.0,32,0.9,30000,5.0,0.03413,0.11744,0.13049,0.0,0.0,1,0.03413,5.6,0
64,1024,56.0,16.0,32,0.9,60000,5.0,0.01707,0.11744,0.13049,0.0,0.0,1,0.01707,5.6,0
64,1024,56.0,16.0,32,0.9,120000,5.0,0.00853,0.11744,0.13049,0.0,0.0,1,0.00853,5.6,0
64,1024,56.0,16.0,32,0.9,30000,10.0,0.03413,0.11744,0.13049,0.0,0.0,1,0.03413,5.6,0
64,1024,56.0,16.0,32,0.9,60000,10.0,0.01707,0.11744,0.13049,0.0,0.0,1,0.01707,5.6,0
64,1024,56.0,16.0,32,0.9,120000,10.0,0.00853,0.11744,0.13049,0.0,0.0,1,0.00853,5.6,0
64,1024,56.0,16.0,32,0.9,30000,30.0,0.03413,0.11744,0.13049,0.0,0.0,1,0.03413,5.6,0
64,1024,56.0,16.0,32,0.9,60000,30.0,0.01707,0.11744,0.13049,0.0,0.0,1,0.01707,5.6,0
64,1024,56.0,16.0,32,0.9,120000,30.0,0.00853,0.11744,0.13049,0.0,0.0,1,0.00853,5.6,0
64,1024,56.0,16.0,32,0.99,30000,0.2,0.03413,0.11744,0.11863,0.01075,0.04821,1,0.02338,0.56,0
64,1024,56.0,16.0,32,0.99,60000,0.2,0.01707,0.11744,0.11863,0.01075,0.04821,1,0.00631,0.56,0
64,1024,56.0,16.0,32,0.99,120000,0.2,0.00853,0.11744,0.11863,0.01075,0.04821,0,-0.00222,0.56,0
64,1024,56.0,16.0,32,0.99,30000,0.5,0.03413,0.11744,0.11863,0.00102,0.0,1,0.03311,0.56,0
64,1024,56.0,16.0,32,0.99,60000,0.5,0.01707,0.11744,0.11863,0.00102,0.0,1,0.01604,0.56,0
64,1024,56.0,16.0,32,0.99,120000,0.5,0.00853,0.11744,0.11863,0.00102,0.0,1,0.00751,0.56,0
64,1024,56.0,16.0,32,0.99,30000,1.0,0.03413,0.11744,0.11863,5e-05,0.0,1,0.03409,0.56,0
64,1024,56.0,16.0,32,0.99,60000,1.0,0.01707,0.11744,0.11863,5e-05,0.0,1,0.01702,0.56,0
64,1024,56.0,16.0,32,0.99,120000,1.0,0.00853,0.11744,0.11863,5e-05,0.0,1,0.00849,0.56,0
64,1024,56.0,16.0,32,0.99,30000,2.0,0.03413,0.11744,0.11863,0.0,0.0,1,0.03413,0.56,0
64,1024,56.0,16.0,32,0.99,60000,2.0,0.01707,0.11744,0.11863,0.0,0.0,1,0.01707,0.56,0
64,1024,56.0,16.0,32,0.99,120000,2.0,0.00853,0.11744,0.11863,0.0,0.0,1,0.00853,0.56,0
64,1024,56.0,16.0,32,0.99,30000,5.0,0.03413,0.11744,0.11863,0.0,0.0,1,0.03413,0.56,0
64,1024,56.0,16.0,32,0.99,60000,5.0,0.01707,0.11744,0.11863,0.0,0.0,1,0.01707,0.56,0
64,1024,56.0,16.0,32,0.99,120000,5.0,0.00853,0.11744,0.11863,0.0,0.0,1,0.00853,0.56,0
64,1024,56.0,16.0,32,0.99,30000,10.0,0.03413,0.11744,0.11863,0.0,0.0,1,0.03413,0.56,0
64,1024,56.0,16.0,32,0.99,60000,10.0,0.01707,0.11744,0.11863,0.0,0.0,1,0.01707,0.56,0
64,1024,56.0,16.0,32,0.99,120000,10.0,0.00853,0.11744,0.11863,0.0,0.0,1,0.00853,0.56,0
64,1024,56.0,16.0,32,0.99,30000,30.0,0.03413,0.11744,0.11863,0.0,0.0,1,0.03413,0.56,0
64,1024,56.0,16.0,32,0.99,60000,30.0,0.01707,0.11744,0.11863,0.0,0.0,1,0.01707,0.56,0
64,1024,56.0,16.0,32,0.99,120000,30.0,0.00853,0.11744,0.11863,0.0,0.0,1,0.00853,0.56,0
64,1024,56.0,32.0,1,0.5,30000,0.2,0.03413,0.00184,0.00367,0.0,0.0,1,0.03413,28.0,0
64,1024,56.0,32.0,1,0.5,60000,0.2,0.01707,0.00184,0.00367,0.0,0.0,1,0.01707,28.0,0
64,1024,56.0,32.0,1,0.5,120000,0.2,0.00853,0.00184,0.00367,0.0,0.0,1,0.00853,28.0,0
64,1024,56.0,32.0,1,0.5,30000,0.5,0.03413,0.00184,0.00367,0.0,0.0,1,0.03413,28.0,0
64,1024,56.0,32.0,1,0.5,60000,0.5,0.01707,0.00184,0.00367,0.0,0.0,1,0.01707,28.0,0
64,1024,56.0,32.0,1,0.5,120000,0.5,0.00853,0.00184,0.00367,0.0,0.0,1,0.00853,28.0,0
64,1024,56.0,32.0,1,0.5,30000,1.0,0.03413,0.00184,0.00367,0.0,0.0,1,0.03413,28.0,0
64,1024,56.0,32.0,1,0.5,60000,1.0,0.01707,0.00184,0.00367,0.0,0.0,1,0.01707,28.0,0
64,1024,56.0,32.0,1,0.5,120000,1.0,0.00853,0.00184,0.00367,0.0,0.0,1,0.00853,28.0,0
64,1024,56.0,32.0,1,0.5,30000,2.0,0.03413,0.00184,0.00367,0.0,0.0,1,0.03413,28.0,0
64,1024,56.0,32.0,1,0.5,60000,2.0,0.01707,0.00184,0.00367,0.0,0.0,1,0.01707,28.0,0
64,1024,56.0,32.0,1,0.5,120000,2.0,0.00853,0.00184,0.00367,0.0,0.0,1,0.00853,28.0,0
64,1024,56.0,32.0,1,0.5,30000,5.0,0.03413,0.00184,0.00367,0.0,0.0,1,0.03413,28.0,0
64,1024,56.0,32.0,1,0.5,60000,5.0,0.01707,0.00184,0.00367,0.0,0.0,1,0.01707,28.0,0
64,1024,56.0,32.0,1,0.5,120000,5.0,0.00853,0.00184,0.00367,0.0,0.0,1,0.00853,28.0,0
64,1024,56.0,32.0,1,0.5,30000,10.0,0.03413,0.00184,0.00367,0.0,0.0,1,0.03413,28.0,0
64,1024,56.0,32.0,1,0.5,60000,10.0,0.01707,0.00184,0.00367,0.0,0.0,1,0.01707,28.0,0
64,1024,56.0,32.0,1,0.5,120000,10.0,0.00853,0.00184,0.00367,0.0,0.0,1,0.00853,28.0,0
64,1024,56.0,32.0,1,0.5,30000,30.0,0.03413,0.00184,0.00367,0.0,0.0,1,0.03413,28.0,0
64,1024,56.0,32.0,1,0.5,60000,30.0,0.01707,0.00184,0.00367,0.0,0.0,1,0.01707,28.0,0
64,1024,56.0,32.0,1,0.5,120000,30.0,0.00853,0.00184,0.00367,0.0,0.0,1,0.00853,28.0,0
64,1024,56.0,32.0,1,0.7,30000,0.2,0.03413,0.00184,0.00262,0.0,0.0,1,0.03413,16.8,0
64,1024,56.0,32.0,1,0.7,60000,0.2,0.01707,0.00184,0.00262,0.0,0.0,1,0.01707,16.8,0
64,1024,56.0,32.0,1,0.7,120000,0.2,0.00853,0.00184,0.00262,0.0,0.0,1,0.00853,16.8,0
64,1024,56.0,32.0,1,0.7,30000,0.5,0.03413,0.00184,0.00262,0.0,0.0,1,0.03413,16.8,0
64,1024,56.0,32.0,1,0.7,60000,0.5,0.01707,0.00184,0.00262,0.0,0.0,1,0.01707,16.8,0
64,1024,56.0,32.0,1,0.7,120000,0.5,0.00853,0.00184,0.00262,0.0,0.0,1,0.00853,16.8,0
64,1024,56.0,32.0,1,0.7,30000,1.0,0.03413,0.00184,0.00262,0.0,0.0,1,0.03413,16.8,0
64,1024,56.0,32.0,1,0.7,60000,1.0,0.01707,0.00184,0.00262,0.0,0.0,1,0.01707,16.8,0
64,1024,56.0,32.0,1,0.7,120000,1.0,0.00853,0.00184,0.00262,0.0,0.0,1,0.00853,16.8,0
64,1024,56.0,32.0,1,0.7,30000,2.0,0.03413,0.00184,0.00262,0.0,0.0,1,0.03413,16.8,0
64,1024,56.0,32.0,1,0.7,60000,2.0,0.01707,0.00184,0.00262,0.0,0.0,1,0.01707,16.8,0
64,1024,56.0,32.0,1,0.7,120000,2.0,0.00853,0.00184,0.00262,0.0,0.0,1,0.00853,16.8,0
64,1024,56.0,32.0,1,0.7,30000,5.0,0.03413,0.00184,0.00262,0.0,0.0,1,0.03413,16.8,0
64,1024,56.0,32.0,1,0.7,60000,5.0,0.01707,0.00184,0.00262,0.0,0.0,1,0.01707,16.8,0
64,1024,56.0,32.0,1,0.7,120000,5.0,0.00853,0.00184,0.00262,0.0,0.0,1,0.00853,16.8,0
64,1024,56.0,32.0,1,0.7,30000,10.0,0.03413,0.00184,0.00262,0.0,0.0,1,0.03413,16.8,0
64,1024,56.0,32.0,1,0.7,60000,10.0,0.01707,0.00184,0.00262,0.0,0.0,1,0.01707,16.8,0
64,1024,56.0,32.0,1,0.7,120000,10.0,0.00853,0.00184,0.00262,0.0,0.0,1,0.00853,16.8,0
64,1024,56.0,32.0,1,0.7,30000,30.0,0.03413,0.00184,0.00262,0.0,0.0,1,0.03413,16.8,0
64,1024,56.0,32.0,1,0.7,60000,30.0,0.01707,0.00184,0.00262,0.0,0.0,1,0.01707,16.8,0
64,1024,56.0,32.0,1,0.7,120000,30.0,0.00853,0.00184,0.00262,0.0,0.0,1,0.00853,16.8,0
64,1024,56.0,32.0,1,0.9,30000,0.2,0.03413,0.00184,0.00204,0.0,0.0,1,0.03413,5.6,0
64,1024,56.0,32.0,1,0.9,60000,0.2,0.01707,0.00184,0.00204,0.0,0.0,1,0.01707,5.6,0
64,1024,56.0,32.0,1,0.9,120000,0.2,0.00853,0.00184,0.00204,0.0,0.0,1,0.00853,5.6,0
64,1024,56.0,32.0,1,0.9,30000,0.5,0.03413,0.00184,0.00204,0.0,0.0,1,0.03413,5.6,0
64,1024,56.0,32.0,1,0.9,60000,0.5,0.01707,0.00184,0.00204,0.0,0.0,1,0.01707,5.6,0
64,1024,56.0,32.0,1,0.9,120000,0.5,0.00853,0.00184,0.00204,0.0,0.0,1,0.00853,5.6,0
64,1024,56.0,32.0,1,0.9,30000,1.0,0.03413,0.00184,0.00204,0.0,0.0,1,0.03413,5.6,0
64,1024,56.0,32.0,1,0.9,60000,1.0,0.01707,0.00184,0.00204,0.0,0.0,1,0.01707,5.6,0
64,1024,56.0,32.0,1,0.9,120000,1.0,0.00853,0.00184,0.00204,0.0,0.0,1,0.00853,5.6,0
64,1024,56.0,32.0,1,0.9,30000,2.0,0.03413,0.00184,0.00204,0.0,0.0,1,0.03413,5.6,0
64,1024,56.0,32.0,1,0.9,60000,2.0,0.01707,0.00184,0.00204,0.0,0.0,1,0.01707,5.6,0
64,1024,56.0,32.0,1,0.9,120000,2.0,0.00853,0.00184,0.00204,0.0,0.0,1,0.00853,5.6,0
64,1024,56.0,32.0,1,0.9,30000,5.0,0.03413,0.00184,0.00204,0.0,0.0,1,0.03413,5.6,0
64,1024,56.0,32.0,1,0.9,60000,5.0,0.01707,0.00184,0.00204,0.0,0.0,1,0.01707,5.6,0
64,1024,56.0,32.0,1,0.9,120000,5.0,0.00853,0.00184,0.00204,0.0,0.0,1,0.00853,5.6,0
64,1024,56.0,32.0,1,0.9,30000,10.0,0.03413,0.00184,0.00204,0.0,0.0,1,0.03413,5.6,0
64,1024,56.0,32.0,1,0.9,60000,10.0,0.01707,0.00184,0.00204,0.0,0.0,1,0.01707,5.6,0
64,1024,56.0,32.0,1,0.9,120000,10.0,0.00853,0.00184,0.00204,0.0,0.0,1,0.00853,5.6,0
64,1024,56.0,32.0,1,0.9,30000,30.0,0.03413,0.00184,0.00204,0.0,0.0,1,0.03413,5.6,0
64,1024,56.0,32.0,1,0.9,60000,30.0,0.01707,0.00184,0.00204,0.0,0.0,1,0.01707,5.6,0
64,1024,56.0,32.0,1,0.9,120000,30.0,0.00853,0.00184,0.00204,0.0,0.0,1,0.00853,5.6,0
64,1024,56.0,32.0,1,0.99,30000,0.2,0.03413,0.00184,0.00185,0.0,0.0,1,0.03413,0.56,0
64,1024,56.0,32.0,1,0.99,60000,0.2,0.01707,0.00184,0.00185,0.0,0.0,1,0.01707,0.56,0
64,1024,56.0,32.0,1,0.99,120000,0.2,0.00853,0.00184,0.00185,0.0,0.0,1,0.00853,0.56,0
64,1024,56.0,32.0,1,0.99,30000,0.5,0.03413,0.00184,0.00185,0.0,0.0,1,0.03413,0.56,0
64,1024,56.0,32.0,1,0.99,60000,0.5,0.01707,0.00184,0.00185,0.0,0.0,1,0.01707,0.56,0
64,1024,56.0,32.0,1,0.99,120000,0.5,0.00853,0.00184,0.00185,0.0,0.0,1,0.00853,0.56,0
64,1024,56.0,32.0,1,0.99,30000,1.0,0.03413,0.00184,0.00185,0.0,0.0,1,0.03413,0.56,0
64,1024,56.0,32.0,1,0.99,60000,1.0,0.01707,0.00184,0.00185,0.0,0.0,1,0.01707,0.56,0
64,1024,56.0,32.0,1,0.99,120000,1.0,0.00853,0.00184,0.00185,0.0,0.0,1,0.00853,0.56,0
64,1024,56.0,32.0,1,0.99,30000,2.0,0.03413,0.00184,0.00185,0.0,0.0,1,0.03413,0.56,0
64,1024,56.0,32.0,1,0.99,60000,2.0,0.01707,0.00184,0.00185,0.0,0.0,1,0.01707,0.56,0
64,1024,56.0,32.0,1,0.99,120000,2.0,0.00853,0.00184,0.00185,0.0,0.0,1,0.00853,0.56,0
64,1024,56.0,32.0,1,0.99,30000,5.0,0.03413,0.00184,0.00185,0.0,0.0,1,0.03413,0.56,0
64,1024,56.0,32.0,1,0.99,60000,5.0,0.01707,0.00184,0.00185,0.0,0.0,1,0.01707,0.56,0
64,1024,56.0,32.0,1,0.99,120000,5.0,0.00853,0.00184,0.00185,0.0,0.0,1,0.00853,0.56,0
64,1024,56.0,32.0,1,0.99,30000,10.0,0.03413,0.00184,0.00185,0.0,0.0,1,0.03413,0.56,0
64,1024,56.0,32.0,1,0.99,60000,10.0,0.01707,0.00184,0.00185,0.0,0.0,1,0.01707,0.56,0
64,1024,56.0,32.0,1,0.99,120000,10.0,0.00853,0.00184,0.00185,0.0,0.0,1,0.00853,0.56,0
64,1024,56.0,32.0,1,0.99,30000,30.0,0.03413,0.00184,0.00185,0.0,0.0,1,0.03413,0.56,0
64,1024,56.0,32.0,1,0.99,60000,30.0,0.01707,0.00184,0.00185,0.0,0.0,1,0.01707,0.56,0
64,1024,56.0,32.0,1,0.99,120000,30.0,0.00853,0.00184,0.00185,0.0,0.0,1,0.00853,0.56,0
64,1024,56.0,32.0,2,0.5,30000,0.2,0.03413,0.00367,0.00734,0.0,0.0,1,0.03413,28.0,0
64,1024,56.0,32.0,2,0.5,60000,0.2,0.01707,0.00367,0.00734,0.0,0.0,1,0.01707,28.0,0
64,1024,56.0,32.0,2,0.5,120000,0.2,0.00853,0.00367,0.00734,0.0,0.0,1,0.00853,28.0,0
64,1024,56.0,32.0,2,0.5,30000,0.5,0.03413,0.00367,0.00734,0.0,0.0,1,0.03413,28.0,0
64,1024,56.0,32.0,2,0.5,60000,0.5,0.01707,0.00367,0.00734,0.0,0.0,1,0.01707,28.0,0
64,1024,56.0,32.0,2,0.5,120000,0.5,0.00853,0.00367,0.00734,0.0,0.0,1,0.00853,28.0,0
64,1024,56.0,32.0,2,0.5,30000,1.0,0.03413,0.00367,0.00734,0.0,0.0,1,0.03413,28.0,0
64,1024,56.0,32.0,2,0.5,60000,1.0,0.01707,0.00367,0.00734,0.0,0.0,1,0.01707,28.0,0
64,1024,56.0,32.0,2,0.5,120000,1.0,0.00853,0.00367,0.00734,0.0,0.0,1,0.00853,28.0,0
64,1024,56.0,32.0,2,0.5,30000,2.0,0.03413,0.00367,0.00734,0.0,0.0,1,0.03413,28.0,0
64,1024,56.0,32.0,2,0.5,60000,2.0,0.01707,0.00367,0.00734,0.0,0.0,1,0.01707,28.0,0
64,1024,56.0,32.0,2,0.5,120000,2.0,0.00853,0.00367,0.00734,0.0,0.0,1,0.00853,28.0,0
64,1024,56.0,32.0,2,0.5,30000,5.0,0.03413,0.00367,0.00734,0.0,0.0,1,0.03413,28.0,0
64,1024,56.0,32.0,2,0.5,60000,5.0,0.01707,0.00367,0.00734,0.0,0.0,1,0.01707,28.0,0
64,1024,56.0,32.0,2,0.5,120000,5.0,0.00853,0.00367,0.00734,0.0,0.0,1,0.00853,28.0,0
64,1024,56.0,32.0,2,0.5,30000,10.0,0.03413,0.00367,0.00734,0.0,0.0,1,0.03413,28.0,0
64,1024,56.0,32.0,2,0.5,60000,10.0,0.01707,0.00367,0.00734,0.0,0.0,1,0.01707,28.0,0
64,1024,56.0,32.0,2,0.5,120000,10.0,0.00853,0.00367,0.00734,0.0,0.0,1,0.00853,28.0,0
64,1024,56.0,32.0,2,0.5,30000,30.0,0.03413,0.00367,0.00734,0.0,0.0,1,0.03413,28.0,0
64,1024,56.0,32.0,2,0.5,60000,30.0,0.01707,0.00367,0.00734,0.0,0.0,1,0.01707,28.0,0
64,1024,56.0,32.0,2,0.5,120000,30.0,0.00853,0.00367,0.00734,0.0,0.0,1,0.00853,28.0,0
64,1024,56.0,32.0,2,0.7,30000,0.2,0.03413,0.00367,0.00524,0.0,0.0,1,0.03413,16.8,0
64,1024,56.0,32.0,2,0.7,60000,0.2,0.01707,0.00367,0.00524,0.0,0.0,1,0.01707,16.8,0
64,1024,56.0,32.0,2,0.7,120000,0.2,0.00853,0.00367,0.00524,0.0,0.0,1,0.00853,16.8,0
64,1024,56.0,32.0,2,0.7,30000,0.5,0.03413,0.00367,0.00524,0.0,0.0,1,0.03413,16.8,0
64,1024,56.0,32.0,2,0.7,60000,0.5,0.01707,0.00367,0.00524,0.0,0.0,1,0.01707,16.8,0
64,1024,56.0,32.0,2,0.7,120000,0.5,0.00853,0.00367,0.00524,0.0,0.0,1,0.00853,16.8,0
64,1024,56.0,32.0,2,0.7,30000,1.0,0.03413,0.00367,0.00524,0.0,0.0,1,0.03413,16.8,0
64,1024,56.0,32.0,2,0.7,60000,1.0,0.01707,0.00367,0.00524,0.0,0.0,1,0.01707,16.8,0
64,1024,56.0,32.0,2,0.7,120000,1.0,0.00853,0.00367,0.00524,0.0,0.0,1,0.00853,16.8,0
64,1024,56.0,32.0,2,0.7,30000,2.0,0.03413,0.00367,0.00524,0.0,0.0,1,0.03413,16.8,0
64,1024,56.0,32.0,2,0.7,60000,2.0,0.01707,0.00367,0.00524,0.0,0.0,1,0.01707,16.8,0
64,1024,56.0,32.0,2,0.7,120000,2.0,0.00853,0.00367,0.00524,0.0,0.0,1,0.00853,16.8,0
64,1024,56.0,32.0,2,0.7,30000,5.0,0.03413,0.00367,0.00524,0.0,0.0,1,0.03413,16.8,0
64,1024,56.0,32.0,2,0.7,60000,5.0,0.01707,0.00367,0.00524,0.0,0.0,1,0.01707,16.8,0
64,1024,56.0,32.0,2,0.7,120000,5.0,0.00853,0.00367,0.00524,0.0,0.0,1,0.00853,16.8,0
64,1024,56.0,32.0,2,0.7,30000,10.0,0.03413,0.00367,0.00524,0.0,0.0,1,0.03413,16.8,0
64,1024,56.0,32.0,2,0.7,60000,10.0,0.01707,0.00367,0.00524,0.0,0.0,1,0.01707,16.8,0
64,1024,56.0,32.0,2,0.7,120000,10.0,0.00853,0.00367,0.00524,0.0,0.0,1,0.00853,16.8,0
64,1024,56.0,32.0,2,0.7,30000,30.0,0.03413,0.00367,0.00524,0.0,0.0,1,0.03413,16.8,0
64,1024,56.0,32.0,2,0.7,60000,30.0,0.01707,0.00367,0.00524,0.0,0.0,1,0.01707,16.8,0
64,1024,56.0,32.0,2,0.7,120000,30.0,0.00853,0.00367,0.00524,0.0,0.0,1,0.00853,16.8,0
64,1024,56.0,32.0,2,0.9,30000,0.2,0.03413,0.00367,0.00408,0.0,0.0,1,0.03413,5.6,0
64,1024,56.0,32.0,2,0.9,60000,0.2,0.01707,0.00367,0.00408,0.0,0.0,1,0.01707,5.6,0
64,1024,56.0,32.0,2,0.9,120000,0.2,0.00853,0.00367,0.00408,0.0,0.0,1,0.00853,5.6,0
64,1024,56.0,32.0,2,0.9,30000,0.5,0.03413,0.00367,0.00408,0.0,0.0,1,0.03413,5.6,0
64,1024,56.0,32.0,2,0.9,60000,0.5,0.01707,0.00367,0.00408,0.0,0.0,1,0.01707,5.6,0
64,1024,56.0,32.0,2,0.9,120000,0.5,0.00853,0.00367,0.00408,0.0,0.0,1,0.00853,5.6,0
64,1024,56.0,32.0,2,0.9,30000,1.0,0.03413,0.00367,0.00408,0.0,0.0,1,0.03413,5.6,0
64,1024,56.0,32.0,2,0.9,60000,1.0,0.01707,0.00367,0.00408,0.0,0.0,1,0.01707,5.6,0
64,1024,56.0,32.0,2,0.9,120000,1.0,0.00853,0.00367,0.00408,0.0,0.0,1,0.00853,5.6,0
64,1024,56.0,32.0,2,0.9,30000,2.0,0.03413,0.00367,0.00408,0.0,0.0,1,0.03413,5.6,0
64,1024,56.0,32.0,2,0.9,60000,2.0,0.01707,0.00367,0.00408,0.0,0.0,1,0.01707,5.6,0
64,1024,56.0,32.0,2,0.9,120000,2.0,0.00853,0.00367,0.00408,0.0,0.0,1,0.00853,5.6,0
64,1024,56.0,32.0,2,0.9,30000,5.0,0.03413,0.00367,0.00408,0.0,0.0,1,0.03413,5.6,0
64,1024,56.0,32.0,2,0.9,60000,5.0,0.01707,0.00367,0.00408,0.0,0.0,1,0.01707,5.6,0
64,1024,56.0,32.0,2,0.9,120000,5.0,0.00853,0.00367,0.00408,0.0,0.0,1,0.00853,5.6,0
64,1024,56.0,32.0,2,0.9,30000,10.0,0.03413,0.00367,0.00408,0.0,0.0,1,0.03413,5.6,0
64,1024,56.0,32.0,2,0.9,60000,10.0,0.01707,0.00367,0.00408,0.0,0.0,1,0.01707,5.6,0
64,1024,56.0,32.0,2,0.9,120000,10.0,0.00853,0.00367,0.00408,0.0,0.0,1,0.00853,5.6,0
64,1024,56.0,32.0,2,0.9,30000,30.0,0.03413,0.00367,0.00408,0.0,0.0,1,0.03413,5.6,0
64,1024,56.0,32.0,2,0.9,60000,30.0,0.01707,0.00367,0.00408,0.0,0.0,1,0.01707,5.6,0
64,1024,56.0,32.0,2,0.9,120000,30.0,0.00853,0.00367,0.00408,0.0,0.0,1,0.00853,5.6,0
64,1024,56.0,32.0,2,0.99,30000,0.2,0.03413,0.00367,0.00371,0.0,0.0,1,0.03413,0.56,0
64,1024,56.0,32.0,2,0.99,60000,0.2,0.01707,0.00367,0.00371,0.0,0.0,1,0.01707,0.56,0
64,1024,56.0,32.0,2,0.99,120000,0.2,0.00853,0.00367,0.00371,0.0,0.0,1,0.00853,0.56,0
64,1024,56.0,32.0,2,0.99,30000,0.5,0.03413,0.00367,0.00371,0.0,0.0,1,0.03413,0.56,0
64,1024,56.0,32.0,2,0.99,60000,0.5,0.01707,0.00367,0.00371,0.0,0.0,1,0.01707,0.56,0
64,1024,56.0,32.0,2,0.99,120000,0.5,0.00853,0.00367,0.00371,0.0,0.0,1,0.00853,0.56,0
64,1024,56.0,32.0,2,0.99,30000,1.0,0.03413,0.00367,0.00371,0.0,0.0,1,0.03413,0.56,0
64,1024,56.0,32.0,2,0.99,60000,1.0,0.01707,0.00367,0.00371,0.0,0.0,1,0.01707,0.56,0
64,1024,56.0,32.0,2,0.99,120000,1.0,0.00853,0.00367,0.00371,0.0,0.0,1,0.00853,0.56,0
64,1024,56.0,32.0,2,0.99,30000,2.0,0.03413,0.00367,0.00371,0.0,0.0,1,0.03413,0.56,0
64,1024,56.0,32.0,2,0.99,60000,2.0,0.01707,0.00367,0.00371,0.0,0.0,1,0.01707,0.56,0
64,1024,56.0,32.0,2,0.99,120000,2.0,0.00853,0.00367,0.00371,0.0,0.0,1,0.00853,0.56,0
64,1024,56.0,32.0,2,0.99,30000,5.0,0.03413,0.00367,0.00371,0.0,0.0,1,0.03413,0.56,0
64,1024,56.0,32.0,2,0.99,60000,5.0,0.01707,0.00367,0.00371,0.0,0.0,1,0.01707,0.56,0
64,1024,56.0,32.0,2,0.99,120000,5.0,0.00853,0.00367,0.00371,0.0,0.0,1,0.00853,0.56,0
64,1024,56.0,32.0,2,0.99,30000,10.0,0.03413,0.00367,0.00371,0.0,0.0,1,0.03413,0.56,0
64,1024,56.0,32.0,2,0.99,60000,10.0,0.01707,0.00367,0.00371,0.0,0.0,1,0.01707,0.56,0
64,1024,56.0,32.0,2,0.99,120000,10.0,0.00853,0.00367,0.00371,0.0,0.0,1,0.00853,0.56,0
64,1024,56.0,32.0,2,0.99,30000,30.0,0.03413,0.00367,0.00371,0.0,0.0,1,0.03413,0.56,0
64,1024,56.0,32.0,2,0.99,60000,30.0,0.01707,0.00367,0.00371,0.0,0.0,1,0.01707,0.56,0
64,1024,56.0,32.0,2,0.99,120000,30.0,0.00853,0.00367,0.00371,0.0,0.0,1,0.00853,0.56,0
64,1024,56.0,32.0,4,0.5,30000,0.2,0.03413,0.00734,0.01468,0.0,0.0,1,0.03413,28.0,0
64,1024,56.0,32.0,4,0.5,60000,0.2,0.01707,0.00734,0.01468,0.0,0.0,1,0.01707,28.0,0
64,1024,56.0,32.0,4,0.5,120000,0.2,0.00853,0.00734,0.01468,0.0,0.0,1,0.00853,28.0,0
64,1024,56.0,32.0,4,0.5,30000,0.5,0.03413,0.00734,0.01468,0.0,0.0,1,0.03413,28.0,0
64,1024,56.0,32.0,4,0.5,60000,0.5,0.01707,0.00734,0.01468,0.0,0.0,1,0.01707,28.0,0
64,1024,56.0,32.0,4,0.5,120000,0.5,0.00853,0.00734,0.01468,0.0,0.0,1,0.00853,28.0,0
64,1024,56.0,32.0,4,0.5,30000,1.0,0.03413,0.00734,0.01468,0.0,0.0,1,0.03413,28.0,0
64,1024,56.0,32.0,4,0.5,60000,1.0,0.01707,0.00734,0.01468,0.0,0.0,1,0.01707,28.0,0
64,1024,56.0,32.0,4,0.5,120000,1.0,0.00853,0.00734,0.01468,0.0,0.0,1,0.00853,28.0,0
64,1024,56.0,32.0,4,0.5,30000,2.0,0.03413,0.00734,0.01468,0.0,0.0,1,0.03413,28.0,0
64,1024,56.0,32.0,4,0.5,60000,2.0,0.01707,0.00734,0.01468,0.0,0.0,1,0.01707,28.0,0
64,1024,56.0,32.0,4,0.5,120000,2.0,0.00853,0.00734,0.01468,0.0,0.0,1,0.00853,28.0,0
64,1024,56.0,32.0,4,0.5,30000,5.0,0.03413,0.00734,0.01468,0.0,0.0,1,0.03413,28.0,0
64,1024,56.0,32.0,4,0.5,60000,5.0,0.01707,0.00734,0.01468,0.0,0.0,1,0.01707,28.0,0
64,1024,56.0,32.0,4,0.5,120000,5.0,0.00853,0.00734,0.01468,0.0,0.0,1,0.00853,28.0,0
64,1024,56.0,32.0,4,0.5,30000,10.0,0.03413,0.00734,0.01468,0.0,0.0,1,0.03413,28.0,0
64,1024,56.0,32.0,4,0.5,60000,10.0,0.01707,0.00734,0.01468,0.0,0.0,1,0.01707,28.0,0
64,1024,56.0,32.0,4,0.5,120000,10.0,0.00853,0.00734,0.01468,0.0,0.0,1,0.00853,28.0,0
64,1024,56.0,32.0,4,0.5,30000,30.0,0.03413,0.00734,0.01468,0.0,0.0,1,0.03413,28.0,0
64,1024,56.0,32.0,4,0.5,60000,30.0,0.01707,0.00734,0.01468,0.0,0.0,1,0.01707,28.0,0
64,1024,56.0,32.0,4,0.5,120000,30.0,0.00853,0.00734,0.01468,0.0,0.0,1,0.00853,28.0,0
64,1024,56.0,32.0,4,0.7,30000,0.2,0.03413,0.00734,0.01049,0.0,0.0,1,0.03413,16.8,0
64,1024,56.0,32.0,4,0.7,60000,0.2,0.01707,0.00734,0.01049,0.0,0.0,1,0.01707,16.8,0
64,1024,56.0,32.0,4,0.7,120000,0.2,0.00853,0.00734,0.01049,0.0,0.0,1,0.00853,16.8,0
64,1024,56.0,32.0,4,0.7,30000,0.5,0.03413,0.00734,0.01049,0.0,0.0,1,0.03413,16.8,0
64,1024,56.0,32.0,4,0.7,60000,0.5,0.01707,0.00734,0.01049,0.0,0.0,1,0.01707,16.8,0
64,1024,56.0,32.0,4,0.7,120000,0.5,0.00853,0.00734,0.01049,0.0,0.0,1,0.00853,16.8,0
64,1024,56.0,32.0,4,0.7,30000,1.0,0.03413,0.00734,0.01049,0.0,0.0,1,0.03413,16.8,0
64,1024,56.0,32.0,4,0.7,60000,1.0,0.01707,0.00734,0.01049,0.0,0.0,1,0.01707,16.8,0
64,1024,56.0,32.0,4,0.7,120000,1.0,0.00853,0.00734,0.01049,0.0,0.0,1,0.00853,16.8,0
64,1024,56.0,32.0,4,0.7,30000,2.0,0.03413,0.00734,0.01049,0.0,0.0,1,0.03413,16.8,0
64,1024,56.0,32.0,4,0.7,60000,2.0,0.01707,0.00734,0.01049,0.0,0.0,1,0.01707,16.8,0
64,1024,56.0,32.0,4,0.7,120000,2.0,0.00853,0.00734,0.01049,0.0,0.0,1,0.00853,16.8,0
64,1024,56.0,32.0,4,0.7,30000,5.0,0.03413,0.00734,0.01049,0.0,0.0,1,0.03413,16.8,0
64,1024,56.0,32.0,4,0.7,60000,5.0,0.01707,0.00734,0.01049,0.0,0.0,1,0.01707,16.8,0
64,1024,56.0,32.0,4,0.7,120000,5.0,0.00853,0.00734,0.01049,0.0,0.0,1,0.00853,16.8,0
64,1024,56.0,32.0,4,0.7,30000,10.0,0.03413,0.00734,0.01049,0.0,0.0,1,0.03413,16.8,0
64,1024,56.0,32.0,4,0.7,60000,10.0,0.01707,0.00734,0.01049,0.0,0.0,1,0.01707,16.8,0
64,1024,56.0,32.0,4,0.7,120000,10.0,0.00853,0.00734,0.01049,0.0,0.0,1,0.00853,16.8,0
64,1024,56.0,32.0,4,0.7,30000,30.0,0.03413,0.00734,0.01049,0.0,0.0,1,0.03413,16.8,0
64,1024,56.0,32.0,4,0.7,60000,30.0,0.01707,0.00734,0.01049,0.0,0.0,1,0.01707,16.8,0
64,1024,56.0,32.0,4,0.7,120000,30.0,0.00853,0.00734,0.01049,0.0,0.0,1,0.00853,16.8,0
64,1024,56.0,32.0,4,0.9,30000,0.2,0.03413,0.00734,0.00816,0.0,0.0,1,0.03413,5.6,0
64,1024,56.0,32.0,4,0.9,60000,0.2,0.01707,0.00734,0.00816,0.0,0.0,1,0.01707,5.6,0
64,1024,56.0,32.0,4,0.9,120000,0.2,0.00853,0.00734,0.00816,0.0,0.0,1,0.00853,5.6,0
64,1024,56.0,32.0,4,0.9,30000,0.5,0.03413,0.00734,0.00816,0.0,0.0,1,0.03413,5.6,0
64,1024,56.0,32.0,4,0.9,60000,0.5,0.01707,0.00734,0.00816,0.0,0.0,1,0.01707,5.6,0
64,1024,56.0,32.0,4,0.9,120000,0.5,0.00853,0.00734,0.00816,0.0,0.0,1,0.00853,5.6,0
64,1024,56.0,32.0,4,0.9,30000,1.0,0.03413,0.00734,0.00816,0.0,0.0,1,0.03413,5.6,0
64,1024,56.0,32.0,4,0.9,60000,1.0,0.01707,0.00734,0.00816,0.0,0.0,1,0.01707,5.6,0
64,1024,56.0,32.0,4,0.9,120000,1.0,0.00853,0.00734,0.00816,0.0,0.0,1,0.00853,5.6,0
64,1024,56.0,32.0,4,0.9,30000,2.0,0.03413,0.00734,0.00816,0.0,0.0,1,0.03413,5.6,0
64,1024,56.0,32.0,4,0.9,60000,2.0,0.01707,0.00734,0.00816,0.0,0.0,1,0.01707,5.6,0
64,1024,56.0,32.0,4,0.9,120000,2.0,0.00853,0.00734,0.00816,0.0,0.0,1,0.00853,5.6,0
64,1024,56.0,32.0,4,0.9,30000,5.0,0.03413,0.00734,0.00816,0.0,0.0,1,0.03413,5.6,0
64,1024,56.0,32.0,4,0.9,60000,5.0,0.01707,0.00734,0.00816,0.0,0.0,1,0.01707,5.6,0
64,1024,56.0,32.0,4,0.9,120000,5.0,0.00853,0.00734,0.00816,0.0,0.0,1,0.00853,5.6,0
64,1024,56.0,32.0,4,0.9,30000,10.0,0.03413,0.00734,0.00816,0.0,0.0,1,0.03413,5.6,0
64,1024,56.0,32.0,4,0.9,60000,10.0,0.01707,0.00734,0.00816,0.0,0.0,1,0.01707,5.6,0
64,1024,56.0,32.0,4,0.9,120000,10.0,0.00853,0.00734,0.00816,0.0,0.0,1,0.00853,5.6,0
64,1024,56.0,32.0,4,0.9,30000,30.0,0.03413,0.00734,0.00816,0.0,0.0,1,0.03413,5.6,0
64,1024,56.0,32.0,4,0.9,60000,30.0,0.01707,0.00734,0.00816,0.0,0.0,1,0.01707,5.6,0
64,1024,56.0,32.0,4,0.9,120000,30.0,0.00853,0.00734,0.00816,0.0,0.0,1,0.00853,5.6,0
64,1024,56.0,32.0,4,0.99,30000,0.2,0.03413,0.00734,0.00741,0.0,0.0,1,0.03413,0.56,0
64,1024,56.0,32.0,4,0.99,60000,0.2,0.01707,0.00734,0.00741,0.0,0.0,1,0.01707,0.56,0
64,1024,56.0,32.0,4,0.99,120000,0.2,0.00853,0.00734,0.00741,0.0,0.0,1,0.00853,0.56,0
64,1024,56.0,32.0,4,0.99,30000,0.5,0.03413,0.00734,0.00741,0.0,0.0,1,0.03413,0.56,0
64,1024,56.0,32.0,4,0.99,60000,0.5,0.01707,0.00734,0.00741,0.0,0.0,1,0.01707,0.56,0
64,1024,56.0,32.0,4,0.99,120000,0.5,0.00853,0.00734,0.00741,0.0,0.0,1,0.00853,0.56,0
64,1024,56.0,32.0,4,0.99,30000,1.0,0.03413,0.00734,0.00741,0.0,0.0,1,0.03413,0.56,0
64,1024,56.0,32.0,4,0.99,60000,1.0,0.01707,0.00734,0.00741,0.0,0.0,1,0.01707,0.56,0
64,1024,56.0,32.0,4,0.99,120000,1.0,0.00853,0.00734,0.00741,0.0,0.0,1,0.00853,0.56,0
64,1024,56.0,32.0,4,0.99,30000,2.0,0.03413,0.00734,0.00741,0.0,0.0,1,0.03413,0.56,0
64,1024,56.0,32.0,4,0.99,60000,2.0,0.01707,0.00734,0.00741,0.0,0.0,1,0.01707,0.56,0
64,1024,56.0,32.0,4,0.99,120000,2.0,0.00853,0.00734,0.00741,0.0,0.0,1,0.00853,0.56,0
64,1024,56.0,32.0,4,0.99,30000,5.0,0.03413,0.00734,0.00741,0.0,0.0,1,0.03413,0.56,0
64,1024,56.0,32.0,4,0.99,60000,5.0,0.01707,0.00734,0.00741,0.0,0.0,1,0.01707,0.56,0
64,1024,56.0,32.0,4,0.99,120000,5.0,0.00853,0.00734,0.00741,0.0,0.0,1,0.00853,0.56,0
64,1024,56.0,32.0,4,0.99,30000,10.0,0.03413,0.00734,0.00741,0.0,0.0,1,0.03413,0.56,0
64,1024,56.0,32.0,4,0.99,60000,10.0,0.01707,0.00734,0.00741,0.0,0.0,1,0.01707,0.56,0
64,1024,56.0,32.0,4,0.99,120000,10.0,0.00853,0.00734,0.00741,0.0,0.0,1,0.00853,0.56,0
64,1024,56.0,32.0,4,0.99,30000,30.0,0.03413,0.00734,0.00741,0.0,0.0,1,0.03413,0.56,0
64,1024,56.0,32.0,4,0.99,60000,30.0,0.01707,0.00734,0.00741,0.0,0.0,1,0.01707,0.56,0
64,1024,56.0,32.0,4,0.99,120000,30.0,0.00853,0.00734,0.00741,0.0,0.0,1,0.00853,0.56,0
64,1024,56.0,32.0,8,0.5,30000,0.2,0.03413,0.01468,0.02936,3e-05,0.0,1,0.03411,28.0,0
64,1024,56.0,32.0,8,0.5,60000,0.2,0.01707,0.01468,0.02936,3e-05,0.0,1,0.01704,28.0,0
64,1024,56.0,32.0,8,0.5,120000,0.2,0.00853,0.01468,0.02936,3e-05,0.0,1,0.00851,28.0,0
64,1024,56.0,32.0,8,0.5,30000,0.5,0.03413,0.01468,0.02936,0.0,0.0,1,0.03413,28.0,0
64,1024,56.0,32.0,8,0.5,60000,0.5,0.01707,0.01468,0.02936,0.0,0.0,1,0.01707,28.0,0
64,1024,56.0,32.0,8,0.5,120000,0.5,0.00853,0.01468,0.02936,0.0,0.0,1,0.00853,28.0,0
64,1024,56.0,32.0,8,0.5,30000,1.0,0.03413,0.01468,0.02936,0.0,0.0,1,0.03413,28.0,0
64,1024,56.0,32.0,8,0.5,60000,1.0,0.01707,0.01468,0.02936,0.0,0.0,1,0.01707,28.0,0
64,1024,56.0,32.0,8,0.5,120000,1.0,0.00853,0.01468,0.02936,0.0,0.0,1,0.00853,28.0,0
64,1024,56.0,32.0,8,0.5,30000,2.0,0.03413,0.01468,0.02936,0.0,0.0,1,0.03413,28.0,0
64,1024,56.0,32.0,8,0.5,60000,2.0,0.01707,0.01468,0.02936,0.0,0.0,1,0.01707,28.0,0
64,1024,56.0,32.0,8,0.5,120000,2.0,0.00853,0.01468,0.02936,0.0,0.0,1,0.00853,28.0,0
64,1024,56.0,32.0,8,0.5,30000,5.0,0.03413,0.01468,0.02936,0.0,0.0,1,0.03413,28.0,0
64,1024,56.0,32.0,8,0.5,60000,5.0,0.01707,0.01468,0.02936,0.0,0.0,1,0.01707,28.0,0
64,1024,56.0,32.0,8,0.5,120000,5.0,0.00853,0.01468,0.02936,0.0,0.0,1,0.00853,28.0,0
64,1024,56.0,32.0,8,0.5,30000,10.0,0.03413,0.01468,0.02936,0.0,0.0,1,0.03413,28.0,0
64,1024,56.0,32.0,8,0.5,60000,10.0,0.01707,0.01468,0.02936,0.0,0.0,1,0.01707,28.0,0
64,1024,56.0,32.0,8,0.5,120000,10.0,0.00853,0.01468,0.02936,0.0,0.0,1,0.00853,28.0,0
64,1024,56.0,32.0,8,0.5,30000,30.0,0.03413,0.01468,0.02936,0.0,0.0,1,0.03413,28.0,0
64,1024,56.0,32.0,8,0.5,60000,30.0,0.01707,0.01468,0.02936,0.0,0.0,1,0.01707,28.0,0
64,1024,56.0,32.0,8,0.5,120000,30.0,0.00853,0.01468,0.02936,0.0,0.0,1,0.00853,28.0,0
64,1024,56.0,32.0,8,0.7,30000,0.2,0.03413,0.01468,0.02097,0.0,0.0,1,0.03413,16.8,0
64,1024,56.0,32.0,8,0.7,60000,0.2,0.01707,0.01468,0.02097,0.0,0.0,1,0.01706,16.8,0
64,1024,56.0,32.0,8,0.7,120000,0.2,0.00853,0.01468,0.02097,0.0,0.0,1,0.00853,16.8,0
64,1024,56.0,32.0,8,0.7,30000,0.5,0.03413,0.01468,0.02097,0.0,0.0,1,0.03413,16.8,0
64,1024,56.0,32.0,8,0.7,60000,0.5,0.01707,0.01468,0.02097,0.0,0.0,1,0.01707,16.8,0
64,1024,56.0,32.0,8,0.7,120000,0.5,0.00853,0.01468,0.02097,0.0,0.0,1,0.00853,16.8,0
64,1024,56.0,32.0,8,0.7,30000,1.0,0.03413,0.01468,0.02097,0.0,0.0,1,0.03413,16.8,0
64,1024,56.0,32.0,8,0.7,60000,1.0,0.01707,0.01468,0.02097,0.0,0.0,1,0.01707,16.8,0
64,1024,56.0,32.0,8,0.7,120000,1.0,0.00853,0.01468,0.02097,0.0,0.0,1,0.00853,16.8,0
64,1024,56.0,32.0,8,0.7,30000,2.0,0.03413,0.01468,0.02097,0.0,0.0,1,0.03413,16.8,0
64,1024,56.0,32.0,8,0.7,60000,2.0,0.01707,0.01468,0.02097,0.0,0.0,1,0.01707,16.8,0
64,1024,56.0,32.0,8,0.7,120000,2.0,0.00853,0.01468,0.02097,0.0,0.0,1,0.00853,16.8,0
64,1024,56.0,32.0,8,0.7,30000,5.0,0.03413,0.01468,0.02097,0.0,0.0,1,0.03413,16.8,0
64,1024,56.0,32.0,8,0.7,60000,5.0,0.01707,0.01468,0.02097,0.0,0.0,1,0.01707,16.8,0
64,1024,56.0,32.0,8,0.7,120000,5.0,0.00853,0.01468,0.02097,0.0,0.0,1,0.00853,16.8,0
64,1024,56.0,32.0,8,0.7,30000,10.0,0.03413,0.01468,0.02097,0.0,0.0,1,0.03413,16.8,0
64,1024,56.0,32.0,8,0.7,60000,10.0,0.01707,0.01468,0.02097,0.0,0.0,1,0.01707,16.8,0
64,1024,56.0,32.0,8,0.7,120000,10.0,0.00853,0.01468,0.02097,0.0,0.0,1,0.00853,16.8,0
64,1024,56.0,32.0,8,0.7,30000,30.0,0.03413,0.01468,0.02097,0.0,0.0,1,0.03413,16.8,0
64,1024,56.0,32.0,8,0.7,60000,30.0,0.01707,0.01468,0.02097,0.0,0.0,1,0.01707,16.8,0
64,1024,56.0,32.0,8,0.7,120000,30.0,0.00853,0.01468,0.02097,0.0,0.0,1,0.00853,16.8,0
64,1024,56.0,32.0,8,0.9,30000,0.2,0.03413,0.01468,0.01631,0.0,0.0,1,0.03413,5.6,0
64,1024,56.0,32.0,8,0.9,60000,0.2,0.01707,0.01468,0.01631,0.0,0.0,1,0.01707,5.6,0
64,1024,56.0,32.0,8,0.9,120000,0.2,0.00853,0.01468,0.01631,0.0,0.0,1,0.00853,5.6,0
64,1024,56.0,32.0,8,0.9,30000,0.5,0.03413,0.01468,0.01631,0.0,0.0,1,0.03413,5.6,0
64,1024,56.0,32.0,8,0.9,60000,0.5,0.01707,0.01468,0.01631,0.0,0.0,1,0.01707,5.6,0
64,1024,56.0,32.0,8,0.9,120000,0.5,0.00853,0.01468,0.01631,0.0,0.0,1,0.00853,5.6,0
64,1024,56.0,32.0,8,0.9,30000,1.0,0.03413,0.01468,0.01631,0.0,0.0,1,0.03413,5.6,0
64,1024,56.0,32.0,8,0.9,60000,1.0,0.01707,0.01468,0.01631,0.0,0.0,1,0.01707,5.6,0
64,1024,56.0,32.0,8,0.9,120000,1.0,0.00853,0.01468,0.01631,0.0,0.0,1,0.00853,5.6,0
64,1024,56.0,32.0,8,0.9,30000,2.0,0.03413,0.01468,0.01631,0.0,0.0,1,0.03413,5.6,0
64,1024,56.0,32.0,8,0.9,60000,2.0,0.01707,0.01468,0.01631,0.0,0.0,1,0.01707,5.6,0
64,1024,56.0,32.0,8,0.9,120000,2.0,0.00853,0.01468,0.01631,0.0,0.0,1,0.00853,5.6,0
64,1024,56.0,32.0,8,0.9,30000,5.0,0.03413,0.01468,0.01631,0.0,0.0,1,0.03413,5.6,0
64,1024,56.0,32.0,8,0.9,60000,5.0,0.01707,0.01468,0.01631,0.0,0.0,1,0.01707,5.6,0
64,1024,56.0,32.0,8,0.9,120000,5.0,0.00853,0.01468,0.01631,0.0,0.0,1,0.00853,5.6,0
64,1024,56.0,32.0,8,0.9,30000,10.0,0.03413,0.01468,0.01631,0.0,0.0,1,0.03413,5.6,0
64,1024,56.0,32.0,8,0.9,60000,10.0,0.01707,0.01468,0.01631,0.0,0.0,1,0.01707,5.6,0
64,1024,56.0,32.0,8,0.9,120000,10.0,0.00853,0.01468,0.01631,0.0,0.0,1,0.00853,5.6,0
64,1024,56.0,32.0,8,0.9,30000,30.0,0.03413,0.01468,0.01631,0.0,0.0,1,0.03413,5.6,0
64,1024,56.0,32.0,8,0.9,60000,30.0,0.01707,0.01468,0.01631,0.0,0.0,1,0.01707,5.6,0
64,1024,56.0,32.0,8,0.9,120000,30.0,0.00853,0.01468,0.01631,0.0,0.0,1,0.00853,5.6,0
64,1024,56.0,32.0,8,0.99,30000,0.2,0.03413,0.01468,0.01483,0.0,0.0,1,0.03413,0.56,0
64,1024,56.0,32.0,8,0.99,60000,0.2,0.01707,0.01468,0.01483,0.0,0.0,1,0.01707,0.56,0
64,1024,56.0,32.0,8,0.99,120000,0.2,0.00853,0.01468,0.01483,0.0,0.0,1,0.00853,0.56,0
64,1024,56.0,32.0,8,0.99,30000,0.5,0.03413,0.01468,0.01483,0.0,0.0,1,0.03413,0.56,0
64,1024,56.0,32.0,8,0.99,60000,0.5,0.01707,0.01468,0.01483,0.0,0.0,1,0.01707,0.56,0
64,1024,56.0,32.0,8,0.99,120000,0.5,0.00853,0.01468,0.01483,0.0,0.0,1,0.00853,0.56,0
64,1024,56.0,32.0,8,0.99,30000,1.0,0.03413,0.01468,0.01483,0.0,0.0,1,0.03413,0.56,0
64,1024,56.0,32.0,8,0.99,60000,1.0,0.01707,0.01468,0.01483,0.0,0.0,1,0.01707,0.56,0
64,1024,56.0,32.0,8,0.99,120000,1.0,0.00853,0.01468,0.01483,0.0,0.0,1,0.00853,0.56,0
64,1024,56.0,32.0,8,0.99,30000,2.0,0.03413,0.01468,0.01483,0.0,0.0,1,0.03413,0.56,0
64,1024,56.0,32.0,8,0.99,60000,2.0,0.01707,0.01468,0.01483,0.0,0.0,1,0.01707,0.56,0
64,1024,56.0,32.0,8,0.99,120000,2.0,0.00853,0.01468,0.01483,0.0,0.0,1,0.00853,0.56,0
64,1024,56.0,32.0,8,0.99,30000,5.0,0.03413,0.01468,0.01483,0.0,0.0,1,0.03413,0.56,0
64,1024,56.0,32.0,8,0.99,60000,5.0,0.01707,0.01468,0.01483,0.0,0.0,1,0.01707,0.56,0
64,1024,56.0,32.0,8,0.99,120000,5.0,0.00853,0.01468,0.01483,0.0,0.0,1,0.00853,0.56,0
64,1024,56.0,32.0,8,0.99,30000,10.0,0.03413,0.01468,0.01483,0.0,0.0,1,0.03413,0.56,0
64,1024,56.0,32.0,8,0.99,60000,10.0,0.01707,0.01468,0.01483,0.0,0.0,1,0.01707,0.56,0
64,1024,56.0,32.0,8,0.99,120000,10.0,0.00853,0.01468,0.01483,0.0,0.0,1,0.00853,0.56,0
64,1024,56.0,32.0,8,0.99,30000,30.0,0.03413,0.01468,0.01483,0.0,0.0,1,0.03413,0.56,0
64,1024,56.0,32.0,8,0.99,60000,30.0,0.01707,0.01468,0.01483,0.0,0.0,1,0.01707,0.56,0
64,1024,56.0,32.0,8,0.99,120000,30.0,0.00853,0.01468,0.01483,0.0,0.0,1,0.00853,0.56,0
64,1024,56.0,32.0,16,0.5,30000,0.2,0.03413,0.02936,0.05872,0.0012,0.0,1,0.03294,28.0,0
64,1024,56.0,32.0,16,0.5,60000,0.2,0.01707,0.02936,0.05872,0.0012,0.0,1,0.01587,28.0,0
64,1024,56.0,32.0,16,0.5,120000,0.2,0.00853,0.02936,0.05872,0.0012,0.0,1,0.00734,28.0,0
64,1024,56.0,32.0,16,0.5,30000,0.5,0.03413,0.02936,0.05872,7e-05,0.0,1,0.03406,28.0,0
64,1024,56.0,32.0,16,0.5,60000,0.5,0.01707,0.02936,0.05872,7e-05,0.0,1,0.017,28.0,0
64,1024,56.0,32.0,16,0.5,120000,0.5,0.00853,0.02936,0.05872,7e-05,0.0,1,0.00846,28.0,0
64,1024,56.0,32.0,16,0.5,30000,1.0,0.03413,0.02936,0.05872,0.0,0.0,1,0.03413,28.0,0
64,1024,56.0,32.0,16,0.5,60000,1.0,0.01707,0.02936,0.05872,0.0,0.0,1,0.01707,28.0,0
64,1024,56.0,32.0,16,0.5,120000,1.0,0.00853,0.02936,0.05872,0.0,0.0,1,0.00853,28.0,0
64,1024,56.0,32.0,16,0.5,30000,2.0,0.03413,0.02936,0.05872,0.0,0.0,1,0.03413,28.0,0
64,1024,56.0,32.0,16,0.5,60000,2.0,0.01707,0.02936,0.05872,0.0,0.0,1,0.01707,28.0,0
64,1024,56.0,32.0,16,0.5,120000,2.0,0.00853,0.02936,0.05872,0.0,0.0,1,0.00853,28.0,0
64,1024,56.0,32.0,16,0.5,30000,5.0,0.03413,0.02936,0.05872,0.0,0.0,1,0.03413,28.0,0
64,1024,56.0,32.0,16,0.5,60000,5.0,0.01707,0.02936,0.05872,0.0,0.0,1,0.01707,28.0,0
64,1024,56.0,32.0,16,0.5,120000,5.0,0.00853,0.02936,0.05872,0.0,0.0,1,0.00853,28.0,0
64,1024,56.0,32.0,16,0.5,30000,10.0,0.03413,0.02936,0.05872,0.0,0.0,1,0.03413,28.0,0
64,1024,56.0,32.0,16,0.5,60000,10.0,0.01707,0.02936,0.05872,0.0,0.0,1,0.01707,28.0,0
64,1024,56.0,32.0,16,0.5,120000,10.0,0.00853,0.02936,0.05872,0.0,0.0,1,0.00853,28.0,0
64,1024,56.0,32.0,16,0.5,30000,30.0,0.03413,0.02936,0.05872,0.0,0.0,1,0.03413,28.0,0
64,1024,56.0,32.0,16,0.5,60000,30.0,0.01707,0.02936,0.05872,0.0,0.0,1,0.01707,28.0,0
64,1024,56.0,32.0,16,0.5,120000,30.0,0.00853,0.02936,0.05872,0.0,0.0,1,0.00853,28.0,0
64,1024,56.0,32.0,16,0.7,30000,0.2,0.03413,0.02936,0.04194,0.00026,0.0,1,0.03387,16.8,0
64,1024,56.0,32.0,16,0.7,60000,0.2,0.01707,0.02936,0.04194,0.00026,0.0,1,0.0168,16.8,0
64,1024,56.0,32.0,16,0.7,120000,0.2,0.00853,0.02936,0.04194,0.00026,0.0,1,0.00827,16.8,0
64,1024,56.0,32.0,16,0.7,30000,0.5,0.03413,0.02936,0.04194,0.0,0.0,1,0.03413,16.8,0
64,1024,56.0,32.0,16,0.7,60000,0.5,0.01707,0.02936,0.04194,0.0,0.0,1,0.01706,16.8,0
64,1024,56.0,32.0,16,0.7,120000,0.5,0.00853,0.02936,0.04194,0.0,0.0,1,0.00853,16.8,0
64,1024,56.0,32.0,16,0.7,30000,1.0,0.03413,0.02936,0.04194,0.0,0.0,1,0.03413,16.8,0
64,1024,56.0,32.0,16,0.7,60000,1.0,0.01707,0.02936,0.04194,0.0,0.0,1,0.01707,16.8,0
64,1024,56.0,32.0,16,0.7,120000,1.0,0.00853,0.02936,0.04194,0.0,0.0,1,0.00853,16.8,0
64,1024,56.0,32.0,16,0.7,30000,2.0,0.03413,0.02936,0.04194,0.0,0.0,1,0.03413,16.8,0
64,1024,56.0,32.0,16,0.7,60000,2.0,0.01707,0.02936,0.04194,0.0,0.0,1,0.01707,16.8,0
64,1024,56.0,32.0,16,0.7,120000,2.0,0.00853,0.02936,0.04194,0.0,0.0,1,0.00853,16.8,0
64,1024,56.0,32.0,16,0.7,30000,5.0,0.03413,0.02936,0.04194,0.0,0.0,1,0.03413,16.8,0
64,1024,56.0,32.0,16,0.7,60000,5.0,0.01707,0.02936,0.04194,0.0,0.0,1,0.01707,16.8,0
64,1024,56.0,32.0,16,0.7,120000,5.0,0.00853,0.02936,0.04194,0.0,0.0,1,0.00853,16.8,0
64,1024,56.0,32.0,16,0.7,30000,10.0,0.03413,0.02936,0.04194,0.0,0.0,1,0.03413,16.8,0
64,1024,56.0,32.0,16,0.7,60000,10.0,0.01707,0.02936,0.04194,0.0,0.0,1,0.01707,16.8,0
64,1024,56.0,32.0,16,0.7,120000,10.0,0.00853,0.02936,0.04194,0.0,0.0,1,0.00853,16.8,0
64,1024,56.0,32.0,16,0.7,30000,30.0,0.03413,0.02936,0.04194,0.0,0.0,1,0.03413,16.8,0
64,1024,56.0,32.0,16,0.7,60000,30.0,0.01707,0.02936,0.04194,0.0,0.0,1,0.01707,16.8,0
64,1024,56.0,32.0,16,0.7,120000,30.0,0.00853,0.02936,0.04194,0.0,0.0,1,0.00853,16.8,0
64,1024,56.0,32.0,16,0.9,30000,0.2,0.03413,0.02936,0.03262,7e-05,0.0,1,0.03406,5.6,0
64,1024,56.0,32.0,16,0.9,60000,0.2,0.01707,0.02936,0.03262,7e-05,0.0,1,0.017,5.6,0
64,1024,56.0,32.0,16,0.9,120000,0.2,0.00853,0.02936,0.03262,7e-05,0.0,1,0.00846,5.6,0
64,1024,56.0,32.0,16,0.9,30000,0.5,0.03413,0.02936,0.03262,0.0,0.0,1,0.03413,5.6,0
64,1024,56.0,32.0,16,0.9,60000,0.5,0.01707,0.02936,0.03262,0.0,0.0,1,0.01707,5.6,0
64,1024,56.0,32.0,16,0.9,120000,0.5,0.00853,0.02936,0.03262,0.0,0.0,1,0.00853,5.6,0
64,1024,56.0,32.0,16,0.9,30000,1.0,0.03413,0.02936,0.03262,0.0,0.0,1,0.03413,5.6,0
64,1024,56.0,32.0,16,0.9,60000,1.0,0.01707,0.02936,0.03262,0.0,0.0,1,0.01707,5.6,0
64,1024,56.0,32.0,16,0.9,120000,1.0,0.00853,0.02936,0.03262,0.0,0.0,1,0.00853,5.6,0
64,1024,56.0,32.0,16,0.9,30000,2.0,0.03413,0.02936,0.03262,0.0,0.0,1,0.03413,5.6,0
64,1024,56.0,32.0,16,0.9,60000,2.0,0.01707,0.02936,0.03262,0.0,0.0,1,0.01707,5.6,0
64,1024,56.0,32.0,16,0.9,120000,2.0,0.00853,0.02936,0.03262,0.0,0.0,1,0.00853,5.6,0
64,1024,56.0,32.0,16,0.9,30000,5.0,0.03413,0.02936,0.03262,0.0,0.0,1,0.03413,5.6,0
64,1024,56.0,32.0,16,0.9,60000,5.0,0.01707,0.02936,0.03262,0.0,0.0,1,0.01707,5.6,0
64,1024,56.0,32.0,16,0.9,120000,5.0,0.00853,0.02936,0.03262,0.0,0.0,1,0.00853,5.6,0
64,1024,56.0,32.0,16,0.9,30000,10.0,0.03413,0.02936,0.03262,0.0,0.0,1,0.03413,5.6,0
64,1024,56.0,32.0,16,0.9,60000,10.0,0.01707,0.02936,0.03262,0.0,0.0,1,0.01707,5.6,0
64,1024,56.0,32.0,16,0.9,120000,10.0,0.00853,0.02936,0.03262,0.0,0.0,1,0.00853,5.6,0
64,1024,56.0,32.0,16,0.9,30000,30.0,0.03413,0.02936,0.03262,0.0,0.0,1,0.03413,5.6,0
64,1024,56.0,32.0,16,0.9,60000,30.0,0.01707,0.02936,0.03262,0.0,0.0,1,0.01707,5.6,0
64,1024,56.0,32.0,16,0.9,120000,30.0,0.00853,0.02936,0.03262,0.0,0.0,1,0.00853,5.6,0
64,1024,56.0,32.0,16,0.99,30000,0.2,0.03413,0.02936,0.02966,2e-05,0.0,1,0.03411,0.56,0
64,1024,56.0,32.0,16,0.99,60000,0.2,0.01707,0.02936,0.02966,2e-05,0.0,1,0.01704,0.56,0
64,1024,56.0,32.0,16,0.99,120000,0.2,0.00853,0.02936,0.02966,2e-05,0.0,1,0.00851,0.56,0
64,1024,56.0,32.0,16,0.99,30000,0.5,0.03413,0.02936,0.02966,0.0,0.0,1,0.03413,0.56,0
64,1024,56.0,32.0,16,0.99,60000,0.5,0.01707,0.02936,0.02966,0.0,0.0,1,0.01706,0.56,0
64,1024,56.0,32.0,16,0.99,120000,0.5,0.00853,0.02936,0.02966,0.0,0.0,1,0.00853,0.56,0
64,1024,56.0,32.0,16,0.99,30000,1.0,0.03413,0.02936,0.02966,0.0,0.0,1,0.03413,0.56,0
64,1024,56.0,32.0,16,0.99,60000,1.0,0.01707,0.02936,0.02966,0.0,0.0,1,0.01707,0.56,0
64,1024,56.0,32.0,16,0.99,120000,1.0,0.00853,0.02936,0.02966,0.0,0.0,1,0.00853,0.56,0
64,1024,56.0,32.0,16,0.99,30000,2.0,0.03413,0.02936,0.02966,0.0,0.0,1,0.03413,0.56,0
64,1024,56.0,32.0,16,0.99,60000,2.0,0.01707,0.02936,0.02966,0.0,0.0,1,0.01707,0.56,0
64,1024,56.0,32.0,16,0.99,120000,2.0,0.00853,0.02936,0.02966,0.0,0.0,1,0.00853,0.56,0
64,1024,56.0,32.0,16,0.99,30000,5.0,0.03413,0.02936,0.02966,0.0,0.0,1,0.03413,0.56,0
64,1024,56.0,32.0,16,0.99,60000,5.0,0.01707,0.02936,0.02966,0.0,0.0,1,0.01707,0.56,0
64,1024,56.0,32.0,16,0.99,120000,5.0,0.00853,0.02936,0.02966,0.0,0.0,1,0.00853,0.56,0
64,1024,56.0,32.0,16,0.99,30000,10.0,0.03413,0.02936,0.02966,0.0,0.0,1,0.03413,0.56,0
64,1024,56.0,32.0,16,0.99,60000,10.0,0.01707,0.02936,0.02966,0.0,0.0,1,0.01707,0.56,0
64,1024,56.0,32.0,16,0.99,120000,10.0,0.00853,0.02936,0.02966,0.0,0.0,1,0.00853,0.56,0
64,1024,56.0,32.0,16,0.99,30000,30.0,0.03413,0.02936,0.02966,0.0,0.0,1,0.03413,0.56,0
64,1024,56.0,32.0,16,0.99,60000,30.0,0.01707,0.02936,0.02966,0.0,0.0,1,0.01707,0.56,0
64,1024,56.0,32.0,16,0.99,120000,30.0,0.00853,0.02936,0.02966,0.0,0.0,1,0.00853,0.56,0
64,1024,56.0,32.0,32,0.5,30000,0.2,0.03413,0.05872,0.11744,0.01002,0.04552,1,0.02411,28.0,0
64,1024,56.0,32.0,32,0.5,60000,0.2,0.01707,0.05872,0.11744,0.01002,0.04552,1,0.00705,28.0,0
64,1024,56.0,32.0,32,0.5,120000,0.2,0.00853,0.05872,0.11744,0.01002,0.04552,0,-0.00149,28.0,0
64,1024,56.0,32.0,32,0.5,30000,0.5,0.03413,0.05872,0.11744,0.00092,0.0,1,0.03321,28.0,0
64,1024,56.0,32.0,32,0.5,60000,0.5,0.01707,0.05872,0.11744,0.00092,0.0,1,0.01615,28.0,0
64,1024,56.0,32.0,32,0.5,120000,0.5,0.00853,0.05872,0.11744,0.00092,0.0,1,0.00761,28.0,0
64,1024,56.0,32.0,32,0.5,30000,1.0,0.03413,0.05872,0.11744,7e-05,0.0,1,0.03407,28.0,0
64,1024,56.0,32.0,32,0.5,60000,1.0,0.01707,0.05872,0.11744,7e-05,0.0,1,0.017,28.0,0
64,1024,56.0,32.0,32,0.5,120000,1.0,0.00853,0.05872,0.11744,7e-05,0.0,1,0.00847,28.0,0
64,1024,56.0,32.0,32,0.5,30000,2.0,0.03413,0.05872,0.11744,0.0,0.0,1,0.03413,28.0,0
64,1024,56.0,32.0,32,0.5,60000,2.0,0.01707,0.05872,0.11744,0.0,0.0,1,0.01707,28.0,0
64,1024,56.0,32.0,32,0.5,120000,2.0,0.00853,0.05872,0.11744,0.0,0.0,1,0.00853,28.0,0
64,1024,56.0,32.0,32,0.5,30000,5.0,0.03413,0.05872,0.11744,0.0,0.0,1,0.03413,28.0,0
64,1024,56.0,32.0,32,0.5,60000,5.0,0.01707,0.05872,0.11744,0.0,0.0,1,0.01707,28.0,0
64,1024,56.0,32.0,32,0.5,120000,5.0,0.00853,0.05872,0.11744,0.0,0.0,1,0.00853,28.0,0
64,1024,56.0,32.0,32,0.5,30000,10.0,0.03413,0.05872,0.11744,0.0,0.0,1,0.03413,28.0,0
64,1024,56.0,32.0,32,0.5,60000,10.0,0.01707,0.05872,0.11744,0.0,0.0,1,0.01707,28.0,0
64,1024,56.0,32.0,32,0.5,120000,10.0,0.00853,0.05872,0.11744,0.0,0.0,1,0.00853,28.0,0
64,1024,56.0,32.0,32,0.5,30000,30.0,0.03413,0.05872,0.11744,0.0,0.0,1,0.03413,28.0,0
64,1024,56.0,32.0,32,0.5,60000,30.0,0.01707,0.05872,0.11744,0.0,0.0,1,0.01707,28.0,0
64,1024,56.0,32.0,32,0.5,120000,30.0,0.00853,0.05872,0.11744,0.0,0.0,1,0.00853,28.0,0
64,1024,56.0,32.0,32,0.7,30000,0.2,0.03413,0.05872,0.08389,0.00383,0.01573,1,0.03031,16.8,0
64,1024,56.0,32.0,32,0.7,60000,0.2,0.01707,0.05872,0.08389,0.00383,0.01573,1,0.01324,16.8,0
64,1024,56.0,32.0,32,0.7,120000,0.2,0.00853,0.05872,0.08389,0.00383,0.01573,1,0.00471,16.8,0
64,1024,56.0,32.0,32,0.7,30000,0.5,0.03413,0.05872,0.08389,0.00028,0.0,1,0.03385,16.8,0
64,1024,56.0,32.0,32,0.7,60000,0.5,0.01707,0.05872,0.08389,0.00028,0.0,1,0.01679,16.8,0
64,1024,56.0,32.0,32,0.7,120000,0.5,0.00853,0.05872,0.08389,0.00028,0.0,1,0.00825,16.8,0
64,1024,56.0,32.0,32,0.7,30000,1.0,0.03413,0.05872,0.08389,1e-05,0.0,1,0.03412,16.8,0
64,1024,56.0,32.0,32,0.7,60000,1.0,0.01707,0.05872,0.08389,1e-05,0.0,1,0.01706,16.8,0
64,1024,56.0,32.0,32,0.7,120000,1.0,0.00853,0.05872,0.08389,1e-05,0.0,1,0.00852,16.8,0
64,1024,56.0,32.0,32,0.7,30000,2.0,0.03413,0.05872,0.08389,0.0,0.0,1,0.03413,16.8,0
64,1024,56.0,32.0,32,0.7,60000,2.0,0.01707,0.05872,0.08389,0.0,0.0,1,0.01707,16.8,0
64,1024,56.0,32.0,32,0.7,120000,2.0,0.00853,0.05872,0.08389,0.0,0.0,1,0.00853,16.8,0
64,1024,56.0,32.0,32,0.7,30000,5.0,0.03413,0.05872,0.08389,0.0,0.0,1,0.03413,16.8,0
64,1024,56.0,32.0,32,0.7,60000,5.0,0.01707,0.05872,0.08389,0.0,0.0,1,0.01707,16.8,0
64,1024,56.0,32.0,32,0.7,120000,5.0,0.00853,0.05872,0.08389,0.0,0.0,1,0.00853,16.8,0
64,1024,56.0,32.0,32,0.7,30000,10.0,0.03413,0.05872,0.08389,0.0,0.0,1,0.03413,16.8,0
64,1024,56.0,32.0,32,0.7,60000,10.0,0.01707,0.05872,0.08389,0.0,0.0,1,0.01707,16.8,0
64,1024,56.0,32.0,32,0.7,120000,10.0,0.00853,0.05872,0.08389,0.0,0.0,1,0.00853,16.8,0
64,1024,56.0,32.0,32,0.7,30000,30.0,0.03413,0.05872,0.08389,0.0,0.0,1,0.03413,16.8,0
64,1024,56.0,32.0,32,0.7,60000,30.0,0.01707,0.05872,0.08389,0.0,0.0,1,0.01707,16.8,0
64,1024,56.0,32.0,32,0.7,120000,30.0,0.00853,0.05872,0.08389,0.0,0.0,1,0.00853,16.8,0
64,1024,56.0,32.0,32,0.9,30000,0.2,0.03413,0.05872,0.06524,0.00155,0.0,1,0.03258,5.6,0
64,1024,56.0,32.0,32,0.9,60000,0.2,0.01707,0.05872,0.06524,0.00155,0.0,1,0.01552,5.6,0
64,1024,56.0,32.0,32,0.9,120000,0.2,0.00853,0.05872,0.06524,0.00155,0.0,1,0.00698,5.6,0
64,1024,56.0,32.0,32,0.9,30000,0.5,0.03413,0.05872,0.06524,4e-05,0.0,1,0.0341,5.6,0
64,1024,56.0,32.0,32,0.9,60000,0.5,0.01707,0.05872,0.06524,4e-05,0.0,1,0.01703,5.6,0
64,1024,56.0,32.0,32,0.9,120000,0.5,0.00853,0.05872,0.06524,4e-05,0.0,1,0.0085,5.6,0
64,1024,56.0,32.0,32,0.9,30000,1.0,0.03413,0.05872,0.06524,0.0,0.0,1,0.03413,5.6,0
64,1024,56.0,32.0,32,0.9,60000,1.0,0.01707,0.05872,0.06524,0.0,0.0,1,0.01707,5.6,0
64,1024,56.0,32.0,32,0.9,120000,1.0,0.00853,0.05872,0.06524,0.0,0.0,1,0.00853,5.6,0
64,1024,56.0,32.0,32,0.9,30000,2.0,0.03413,0.05872,0.06524,0.0,0.0,1,0.03413,5.6,0
64,1024,56.0,32.0,32,0.9,60000,2.0,0.01707,0.05872,0.06524,0.0,0.0,1,0.01707,5.6,0
64,1024,56.0,32.0,32,0.9,120000,2.0,0.00853,0.05872,0.06524,0.0,0.0,1,0.00853,5.6,0
64,1024,56.0,32.0,32,0.9,30000,5.0,0.03413,0.05872,0.06524,0.0,0.0,1,0.03413,5.6,0
64,1024,56.0,32.0,32,0.9,60000,5.0,0.01707,0.05872,0.06524,0.0,0.0,1,0.01707,5.6,0
64,1024,56.0,32.0,32,0.9,120000,5.0,0.00853,0.05872,0.06524,0.0,0.0,1,0.00853,5.6,0
64,1024,56.0,32.0,32,0.9,30000,10.0,0.03413,0.05872,0.06524,0.0,0.0,1,0.03413,5.6,0
64,1024,56.0,32.0,32,0.9,60000,10.0,0.01707,0.05872,0.06524,0.0,0.0,1,0.01707,5.6,0
64,1024,56.0,32.0,32,0.9,120000,10.0,0.00853,0.05872,0.06524,0.0,0.0,1,0.00853,5.6,0
64,1024,56.0,32.0,32,0.9,30000,30.0,0.03413,0.05872,0.06524,0.0,0.0,1,0.03413,5.6,0
64,1024,56.0,32.0,32,0.9,60000,30.0,0.01707,0.05872,0.06524,0.0,0.0,1,0.01707,5.6,0
64,1024,56.0,32.0,32,0.9,120000,30.0,0.00853,0.05872,0.06524,0.0,0.0,1,0.00853,5.6,0
64,1024,56.0,32.0,32,0.99,30000,0.2,0.03413,0.05872,0.05931,0.00097,0.0,1,0.03317,0.56,0
64,1024,56.0,32.0,32,0.99,60000,0.2,0.01707,0.05872,0.05931,0.00097,0.0,1,0.0161,0.56,0
64,1024,56.0,32.0,32,0.99,120000,0.2,0.00853,0.05872,0.05931,0.00097,0.0,1,0.00757,0.56,0
64,1024,56.0,32.0,32,0.99,30000,0.5,0.03413,0.05872,0.05931,3e-05,0.0,1,0.0341,0.56,0
64,1024,56.0,32.0,32,0.99,60000,0.5,0.01707,0.05872,0.05931,3e-05,0.0,1,0.01704,0.56,0
64,1024,56.0,32.0,32,0.99,120000,0.5,0.00853,0.05872,0.05931,3e-05,0.0,1,0.0085,0.56,0
64,1024,56.0,32.0,32,0.99,30000,1.0,0.03413,0.05872,0.05931,1e-05,0.0,1,0.03413,0.56,0
64,1024,56.0,32.0,32,0.99,60000,1.0,0.01707,0.05872,0.05931,1e-05,0.0,1,0.01706,0.56,0
64,1024,56.0,32.0,32,0.99,120000,1.0,0.00853,0.05872,0.05931,1e-05,0.0,1,0.00853,0.56,0
64,1024,56.0,32.0,32,0.99,30000,2.0,0.03413,0.05872,0.05931,0.0,0.0,1,0.03413,0.56,0
64,1024,56.0,32.0,32,0.99,60000,2.0,0.01707,0.05872,0.05931,0.0,0.0,1,0.01707,0.56,0
64,1024,56.0,32.0,32,0.99,120000,2.0,0.00853,0.05872,0.05931,0.0,0.0,1,0.00853,0.56,0
64,1024,56.0,32.0,32,0.99,30000,5.0,0.03413,0.05872,0.05931,0.0,0.0,1,0.03413,0.56,0
64,1024,56.0,32.0,32,0.99,60000,5.0,0.01707,0.05872,0.05931,0.0,0.0,1,0.01707,0.56,0
64,1024,56.0,32.0,32,0.99,120000,5.0,0.00853,0.05872,0.05931,0.0,0.0,1,0.00853,0.56,0
64,1024,56.0,32.0,32,0.99,30000,10.0,0.03413,0.05872,0.05931,0.0,0.0,1,0.03413,0.56,0
64,1024,56.0,32.0,32,0.99,60000,10.0,0.01707,0.05872,0.05931,0.0,0.0,1,0.01707,0.56,0
64,1024,56.0,32.0,32,0.99,120000,10.0,0.00853,0.05872,0.05931,0.0,0.0,1,0.00853,0.56,0
64,1024,56.0,32.0,32,0.99,30000,30.0,0.03413,0.05872,0.05931,0.0,0.0,1,0.03413,0.56,0
64,1024,56.0,32.0,32,0.99,60000,30.0,0.01707,0.05872,0.05931,0.0,0.0,1,0.01707,0.56,0
64,1024,56.0,32.0,32,0.99,120000,30.0,0.00853,0.05872,0.05931,0.0,0.0,1,0.00853,0.56,0
128,2048,112.0,8.0,1,0.5,30000,0.2,0.06827,0.01468,0.02936,3e-05,0.0,1,0.06823,56.0,0
128,2048,112.0,8.0,1,0.5,60000,0.2,0.03413,0.01468,0.02936,3e-05,0.0,1,0.0341,56.0,0
128,2048,112.0,8.0,1,0.5,120000,0.2,0.01707,0.01468,0.02936,3e-05,0.0,1,0.01703,56.0,0
128,2048,112.0,8.0,1,0.5,30000,0.5,0.06827,0.01468,0.02936,0.0,0.0,1,0.06826,56.0,0
128,2048,112.0,8.0,1,0.5,60000,0.5,0.03413,0.01468,0.02936,0.0,0.0,1,0.03413,56.0,0
128,2048,112.0,8.0,1,0.5,120000,0.5,0.01707,0.01468,0.02936,0.0,0.0,1,0.01706,56.0,0
128,2048,112.0,8.0,1,0.5,30000,1.0,0.06827,0.01468,0.02936,0.0,0.0,1,0.06827,56.0,0
128,2048,112.0,8.0,1,0.5,60000,1.0,0.03413,0.01468,0.02936,0.0,0.0,1,0.03413,56.0,0
128,2048,112.0,8.0,1,0.5,120000,1.0,0.01707,0.01468,0.02936,0.0,0.0,1,0.01707,56.0,0
128,2048,112.0,8.0,1,0.5,30000,2.0,0.06827,0.01468,0.02936,0.0,0.0,1,0.06827,56.0,0
128,2048,112.0,8.0,1,0.5,60000,2.0,0.03413,0.01468,0.02936,0.0,0.0,1,0.03413,56.0,0
128,2048,112.0,8.0,1,0.5,120000,2.0,0.01707,0.01468,0.02936,0.0,0.0,1,0.01707,56.0,0
128,2048,112.0,8.0,1,0.5,30000,5.0,0.06827,0.01468,0.02936,0.0,0.0,1,0.06827,56.0,0
128,2048,112.0,8.0,1,0.5,60000,5.0,0.03413,0.01468,0.02936,0.0,0.0,1,0.03413,56.0,0
128,2048,112.0,8.0,1,0.5,120000,5.0,0.01707,0.01468,0.02936,0.0,0.0,1,0.01707,56.0,0
128,2048,112.0,8.0,1,0.5,30000,10.0,0.06827,0.01468,0.02936,0.0,0.0,1,0.06827,56.0,0
128,2048,112.0,8.0,1,0.5,60000,10.0,0.03413,0.01468,0.02936,0.0,0.0,1,0.03413,56.0,0
128,2048,112.0,8.0,1,0.5,120000,10.0,0.01707,0.01468,0.02936,0.0,0.0,1,0.01707,56.0,0
128,2048,112.0,8.0,1,0.5,30000,30.0,0.06827,0.01468,0.02936,0.0,0.0,1,0.06827,56.0,0
128,2048,112.0,8.0,1,0.5,60000,30.0,0.03413,0.01468,0.02936,0.0,0.0,1,0.03413,56.0,0
128,2048,112.0,8.0,1,0.5,120000,30.0,0.01707,0.01468,0.02936,0.0,0.0,1,0.01707,56.0,0
128,2048,112.0,8.0,1,0.7,30000,0.2,0.06827,0.01468,0.02097,1e-05,0.0,1,0.06825,33.6,0
128,2048,112.0,8.0,1,0.7,60000,0.2,0.03413,0.01468,0.02097,1e-05,0.0,1,0.03412,33.6,0
128,2048,112.0,8.0,1,0.7,120000,0.2,0.01707,0.01468,0.02097,1e-05,0.0,1,0.01705,33.6,0
128,2048,112.0,8.0,1,0.7,30000,0.5,0.06827,0.01468,0.02097,0.0,0.0,1,0.06827,33.6,0
128,2048,112.0,8.0,1,0.7,60000,0.5,0.03413,0.01468,0.02097,0.0,0.0,1,0.03413,33.6,0
128,2048,112.0,8.0,1,0.7,120000,0.5,0.01707,0.01468,0.02097,0.0,0.0,1,0.01707,33.6,0
128,2048,112.0,8.0,1,0.7,30000,1.0,0.06827,0.01468,0.02097,0.0,0.0,1,0.06827,33.6,0
128,2048,112.0,8.0,1,0.7,60000,1.0,0.03413,0.01468,0.02097,0.0,0.0,1,0.03413,33.6,0
128,2048,112.0,8.0,1,0.7,120000,1.0,0.01707,0.01468,0.02097,0.0,0.0,1,0.01707,33.6,0
128,2048,112.0,8.0,1,0.7,30000,2.0,0.06827,0.01468,0.02097,0.0,0.0,1,0.06827,33.6,0
128,2048,112.0,8.0,1,0.7,60000,2.0,0.03413,0.01468,0.02097,0.0,0.0,1,0.03413,33.6,0
128,2048,112.0,8.0,1,0.7,120000,2.0,0.01707,0.01468,0.02097,0.0,0.0,1,0.01707,33.6,0
128,2048,112.0,8.0,1,0.7,30000,5.0,0.06827,0.01468,0.02097,0.0,0.0,1,0.06827,33.6,0
128,2048,112.0,8.0,1,0.7,60000,5.0,0.03413,0.01468,0.02097,0.0,0.0,1,0.03413,33.6,0
128,2048,112.0,8.0,1,0.7,120000,5.0,0.01707,0.01468,0.02097,0.0,0.0,1,0.01707,33.6,0
128,2048,112.0,8.0,1,0.7,30000,10.0,0.06827,0.01468,0.02097,0.0,0.0,1,0.06827,33.6,0
128,2048,112.0,8.0,1,0.7,60000,10.0,0.03413,0.01468,0.02097,0.0,0.0,1,0.03413,33.6,0
128,2048,112.0,8.0,1,0.7,120000,10.0,0.01707,0.01468,0.02097,0.0,0.0,1,0.01707,33.6,0
128,2048,112.0,8.0,1,0.7,30000,30.0,0.06827,0.01468,0.02097,0.0,0.0,1,0.06827,33.6,0
128,2048,112.0,8.0,1,0.7,60000,30.0,0.03413,0.01468,0.02097,0.0,0.0,1,0.03413,33.6,0
128,2048,112.0,8.0,1,0.7,120000,30.0,0.01707,0.01468,0.02097,0.0,0.0,1,0.01707,33.6,0
128,2048,112.0,8.0,1,0.9,30000,0.2,0.06827,0.01468,0.01631,0.0,0.0,1,0.06826,11.2,0
128,2048,112.0,8.0,1,0.9,60000,0.2,0.03413,0.01468,0.01631,0.0,0.0,1,0.03413,11.2,0
128,2048,112.0,8.0,1,0.9,120000,0.2,0.01707,0.01468,0.01631,0.0,0.0,1,0.01706,11.2,0
128,2048,112.0,8.0,1,0.9,30000,0.5,0.06827,0.01468,0.01631,0.0,0.0,1,0.06827,11.2,0
128,2048,112.0,8.0,1,0.9,60000,0.5,0.03413,0.01468,0.01631,0.0,0.0,1,0.03413,11.2,0
128,2048,112.0,8.0,1,0.9,120000,0.5,0.01707,0.01468,0.01631,0.0,0.0,1,0.01707,11.2,0
128,2048,112.0,8.0,1,0.9,30000,1.0,0.06827,0.01468,0.01631,0.0,0.0,1,0.06827,11.2,0
128,2048,112.0,8.0,1,0.9,60000,1.0,0.03413,0.01468,0.01631,0.0,0.0,1,0.03413,11.2,0
128,2048,112.0,8.0,1,0.9,120000,1.0,0.01707,0.01468,0.01631,0.0,0.0,1,0.01707,11.2,0
128,2048,112.0,8.0,1,0.9,30000,2.0,0.06827,0.01468,0.01631,0.0,0.0,1,0.06827,11.2,0
128,2048,112.0,8.0,1,0.9,60000,2.0,0.03413,0.01468,0.01631,0.0,0.0,1,0.03413,11.2,0
128,2048,112.0,8.0,1,0.9,120000,2.0,0.01707,0.01468,0.01631,0.0,0.0,1,0.01707,11.2,0
128,2048,112.0,8.0,1,0.9,30000,5.0,0.06827,0.01468,0.01631,0.0,0.0,1,0.06827,11.2,0
128,2048,112.0,8.0,1,0.9,60000,5.0,0.03413,0.01468,0.01631,0.0,0.0,1,0.03413,11.2,0
128,2048,112.0,8.0,1,0.9,120000,5.0,0.01707,0.01468,0.01631,0.0,0.0,1,0.01707,11.2,0
128,2048,112.0,8.0,1,0.9,30000,10.0,0.06827,0.01468,0.01631,0.0,0.0,1,0.06827,11.2,0
128,2048,112.0,8.0,1,0.9,60000,10.0,0.03413,0.01468,0.01631,0.0,0.0,1,0.03413,11.2,0
128,2048,112.0,8.0,1,0.9,120000,10.0,0.01707,0.01468,0.01631,0.0,0.0,1,0.01707,11.2,0
128,2048,112.0,8.0,1,0.9,30000,30.0,0.06827,0.01468,0.01631,0.0,0.0,1,0.06827,11.2,0
128,2048,112.0,8.0,1,0.9,60000,30.0,0.03413,0.01468,0.01631,0.0,0.0,1,0.03413,11.2,0
128,2048,112.0,8.0,1,0.9,120000,30.0,0.01707,0.01468,0.01631,0.0,0.0,1,0.01707,11.2,0
128,2048,112.0,8.0,1,0.99,30000,0.2,0.06827,0.01468,0.01483,0.0,0.0,1,0.06827,1.12,0
128,2048,112.0,8.0,1,0.99,60000,0.2,0.03413,0.01468,0.01483,0.0,0.0,1,0.03413,1.12,0
128,2048,112.0,8.0,1,0.99,120000,0.2,0.01707,0.01468,0.01483,0.0,0.0,1,0.01707,1.12,0
128,2048,112.0,8.0,1,0.99,30000,0.5,0.06827,0.01468,0.01483,0.0,0.0,1,0.06827,1.12,0
128,2048,112.0,8.0,1,0.99,60000,0.5,0.03413,0.01468,0.01483,0.0,0.0,1,0.03413,1.12,0
128,2048,112.0,8.0,1,0.99,120000,0.5,0.01707,0.01468,0.01483,0.0,0.0,1,0.01707,1.12,0
128,2048,112.0,8.0,1,0.99,30000,1.0,0.06827,0.01468,0.01483,0.0,0.0,1,0.06827,1.12,0
128,2048,112.0,8.0,1,0.99,60000,1.0,0.03413,0.01468,0.01483,0.0,0.0,1,0.03413,1.12,0
128,2048,112.0,8.0,1,0.99,120000,1.0,0.01707,0.01468,0.01483,0.0,0.0,1,0.01707,1.12,0
128,2048,112.0,8.0,1,0.99,30000,2.0,0.06827,0.01468,0.01483,0.0,0.0,1,0.06827,1.12,0
128,2048,112.0,8.0,1,0.99,60000,2.0,0.03413,0.01468,0.01483,0.0,0.0,1,0.03413,1.12,0
128,2048,112.0,8.0,1,0.99,120000,2.0,0.01707,0.01468,0.01483,0.0,0.0,1,0.01707,1.12,0
128,2048,112.0,8.0,1,0.99,30000,5.0,0.06827,0.01468,0.01483,0.0,0.0,1,0.06827,1.12,0
128,2048,112.0,8.0,1,0.99,60000,5.0,0.03413,0.01468,0.01483,0.0,0.0,1,0.03413,1.12,0
128,2048,112.0,8.0,1,0.99,120000,5.0,0.01707,0.01468,0.01483,0.0,0.0,1,0.01707,1.12,0
128,2048,112.0,8.0,1,0.99,30000,10.0,0.06827,0.01468,0.01483,0.0,0.0,1,0.06827,1.12,0
128,2048,112.0,8.0,1,0.99,60000,10.0,0.03413,0.01468,0.01483,0.0,0.0,1,0.03413,1.12,0
128,2048,112.0,8.0,1,0.99,120000,10.0,0.01707,0.01468,0.01483,0.0,0.0,1,0.01707,1.12,0
128,2048,112.0,8.0,1,0.99,30000,30.0,0.06827,0.01468,0.01483,0.0,0.0,1,0.06827,1.12,0
128,2048,112.0,8.0,1,0.99,60000,30.0,0.03413,0.01468,0.01483,0.0,0.0,1,0.03413,1.12,0
128,2048,112.0,8.0,1,0.99,120000,30.0,0.01707,0.01468,0.01483,0.0,0.0,1,0.01707,1.12,0
128,2048,112.0,8.0,2,0.5,30000,0.2,0.06827,0.02936,0.05872,0.00104,0.0,1,0.06722,56.0,0
128,2048,112.0,8.0,2,0.5,60000,0.2,0.03413,0.02936,0.05872,0.00104,0.0,1,0.03309,56.0,0
128,2048,112.0,8.0,2,0.5,120000,0.2,0.01707,0.02936,0.05872,0.00104,0.0,1,0.01602,56.0,0
128,2048,112.0,8.0,2,0.5,30000,0.5,0.06827,0.02936,0.05872,4e-05,0.0,1,0.06823,56.0,0
128,2048,112.0,8.0,2,0.5,60000,0.5,0.03413,0.02936,0.05872,4e-05,0.0,1,0.03409,56.0,0
128,2048,112.0,8.0,2,0.5,120000,0.5,0.01707,0.02936,0.05872,4e-05,0.0,1,0.01703,56.0,0
128,2048,112.0,8.0,2,0.5,30000,1.0,0.06827,0.02936,0.05872,0.0,0.0,1,0.06827,56.0,0
128,2048,112.0,8.0,2,0.5,60000,1.0,0.03413,0.02936,0.05872,0.0,0.0,1,0.03413,56.0,0
128,2048,112.0,8.0,2,0.5,120000,1.0,0.01707,0.02936,0.05872,0.0,0.0,1,0.01707,56.0,0
128,2048,112.0,8.0,2,0.5,30000,2.0,0.06827,0.02936,0.05872,0.0,0.0,1,0.06827,56.0,0
128,2048,112.0,8.0,2,0.5,60000,2.0,0.03413,0.02936,0.05872,0.0,0.0,1,0.03413,56.0,0
128,2048,112.0,8.0,2,0.5,120000,2.0,0.01707,0.02936,0.05872,0.0,0.0,1,0.01707,56.0,0
128,2048,112.0,8.0,2,0.5,30000,5.0,0.06827,0.02936,0.05872,0.0,0.0,1,0.06827,56.0,0
128,2048,112.0,8.0,2,0.5,60000,5.0,0.03413,0.02936,0.05872,0.0,0.0,1,0.03413,56.0,0
128,2048,112.0,8.0,2,0.5,120000,5.0,0.01707,0.02936,0.05872,0.0,0.0,1,0.01707,56.0,0
128,2048,112.0,8.0,2,0.5,30000,10.0,0.06827,0.02936,0.05872,0.0,0.0,1,0.06827,56.0,0
128,2048,112.0,8.0,2,0.5,60000,10.0,0.03413,0.02936,0.05872,0.0,0.0,1,0.03413,56.0,0
128,2048,112.0,8.0,2,0.5,120000,10.0,0.01707,0.02936,0.05872,0.0,0.0,1,0.01707,56.0,0
128,2048,112.0,8.0,2,0.5,30000,30.0,0.06827,0.02936,0.05872,0.0,0.0,1,0.06827,56.0,0
128,2048,112.0,8.0,2,0.5,60000,30.0,0.03413,0.02936,0.05872,0.0,0.0,1,0.03413,56.0,0
128,2048,112.0,8.0,2,0.5,120000,30.0,0.01707,0.02936,0.05872,0.0,0.0,1,0.01707,56.0,0
128,2048,112.0,8.0,2,0.7,30000,0.2,0.06827,0.02936,0.04194,0.00028,0.0,1,0.06799,33.6,0
128,2048,112.0,8.0,2,0.7,60000,0.2,0.03413,0.02936,0.04194,0.00028,0.0,1,0.03386,33.6,0
128,2048,112.0,8.0,2,0.7,120000,0.2,0.01707,0.02936,0.04194,0.00028,0.0,1,0.01679,33.6,0
128,2048,112.0,8.0,2,0.7,30000,0.5,0.06827,0.02936,0.04194,1e-05,0.0,1,0.06826,33.6,0
128,2048,112.0,8.0,2,0.7,60000,0.5,0.03413,0.02936,0.04194,1e-05,0.0,1,0.03412,33.6,0
128,2048,112.0,8.0,2,0.7,120000,0.5,0.01707,0.02936,0.04194,1e-05,0.0,1,0.01706,33.6,0
128,2048,112.0,8.0,2,0.7,30000,1.0,0.06827,0.02936,0.04194,0.0,0.0,1,0.06827,33.6,0
128,2048,112.0,8.0,2,0.7,60000,1.0,0.03413,0.02936,0.04194,0.0,0.0,1,0.03413,33.6,0
128,2048,112.0,8.0,2,0.7,120000,1.0,0.01707,0.02936,0.04194,0.0,0.0,1,0.01707,33.6,0
128,2048,112.0,8.0,2,0.7,30000,2.0,0.06827,0.02936,0.04194,0.0,0.0,1,0.06827,33.6,0
128,2048,112.0,8.0,2,0.7,60000,2.0,0.03413,0.02936,0.04194,0.0,0.0,1,0.03413,33.6,0
128,2048,112.0,8.0,2,0.7,120000,2.0,0.01707,0.02936,0.04194,0.0,0.0,1,0.01707,33.6,0
128,2048,112.0,8.0,2,0.7,30000,5.0,0.06827,0.02936,0.04194,0.0,0.0,1,0.06827,33.6,0
128,2048,112.0,8.0,2,0.7,60000,5.0,0.03413,0.02936,0.04194,0.0,0.0,1,0.03413,33.6,0
128,2048,112.0,8.0,2,0.7,120000,5.0,0.01707,0.02936,0.04194,0.0,0.0,1,0.01707,33.6,0
128,2048,112.0,8.0,2,0.7,30000,10.0,0.06827,0.02936,0.04194,0.0,0.0,1,0.06827,33.6,0
128,2048,112.0,8.0,2,0.7,60000,10.0,0.03413,0.02936,0.04194,0.0,0.0,1,0.03413,33.6,0
128,2048,112.0,8.0,2,0.7,120000,10.0,0.01707,0.02936,0.04194,0.0,0.0,1,0.01707,33.6,0
128,2048,112.0,8.0,2,0.7,30000,30.0,0.06827,0.02936,0.04194,0.0,0.0,1,0.06827,33.6,0
128,2048,112.0,8.0,2,0.7,60000,30.0,0.03413,0.02936,0.04194,0.0,0.0,1,0.03413,33.6,0
128,2048,112.0,8.0,2,0.7,120000,30.0,0.01707,0.02936,0.04194,0.0,0.0,1,0.01707,33.6,0
128,2048,112.0,8.0,2,0.9,30000,0.2,0.06827,0.02936,0.03262,0.00012,0.0,1,0.06815,11.2,0
128,2048,112.0,8.0,2,0.9,60000,0.2,0.03413,0.02936,0.03262,0.00012,0.0,1,0.03401,11.2,0
128,2048,112.0,8.0,2,0.9,120000,0.2,0.01707,0.02936,0.03262,0.00012,0.0,1,0.01695,11.2,0
128,2048,112.0,8.0,2,0.9,30000,0.5,0.06827,0.02936,0.03262,0.0,0.0,1,0.06826,11.2,0
128,2048,112.0,8.0,2,0.9,60000,0.5,0.03413,0.02936,0.03262,0.0,0.0,1,0.03413,11.2,0
128,2048,112.0,8.0,2,0.9,120000,0.5,0.01707,0.02936,0.03262,0.0,0.0,1,0.01706,11.2,0
128,2048,112.0,8.0,2,0.9,30000,1.0,0.06827,0.02936,0.03262,0.0,0.0,1,0.06827,11.2,0
128,2048,112.0,8.0,2,0.9,60000,1.0,0.03413,0.02936,0.03262,0.0,0.0,1,0.03413,11.2,0
128,2048,112.0,8.0,2,0.9,120000,1.0,0.01707,0.02936,0.03262,0.0,0.0,1,0.01707,11.2,0
128,2048,112.0,8.0,2,0.9,30000,2.0,0.06827,0.02936,0.03262,0.0,0.0,1,0.06827,11.2,0
128,2048,112.0,8.0,2,0.9,60000,2.0,0.03413,0.02936,0.03262,0.0,0.0,1,0.03413,11.2,0
128,2048,112.0,8.0,2,0.9,120000,2.0,0.01707,0.02936,0.03262,0.0,0.0,1,0.01707,11.2,0
128,2048,112.0,8.0,2,0.9,30000,5.0,0.06827,0.02936,0.03262,0.0,0.0,1,0.06827,11.2,0
128,2048,112.0,8.0,2,0.9,60000,5.0,0.03413,0.02936,0.03262,0.0,0.0,1,0.03413,11.2,0
128,2048,112.0,8.0,2,0.9,120000,5.0,0.01707,0.02936,0.03262,0.0,0.0,1,0.01707,11.2,0
128,2048,112.0,8.0,2,0.9,30000,10.0,0.06827,0.02936,0.03262,0.0,0.0,1,0.06827,11.2,0
128,2048,112.0,8.0,2,0.9,60000,10.0,0.03413,0.02936,0.03262,0.0,0.0,1,0.03413,11.2,0
128,2048,112.0,8.0,2,0.9,120000,10.0,0.01707,0.02936,0.03262,0.0,0.0,1,0.01707,11.2,0
128,2048,112.0,8.0,2,0.9,30000,30.0,0.06827,0.02936,0.03262,0.0,0.0,1,0.06827,11.2,0
128,2048,112.0,8.0,2,0.9,60000,30.0,0.03413,0.02936,0.03262,0.0,0.0,1,0.03413,11.2,0
128,2048,112.0,8.0,2,0.9,120000,30.0,0.01707,0.02936,0.03262,0.0,0.0,1,0.01707,11.2,0
128,2048,112.0,8.0,2,0.99,30000,0.2,0.06827,0.02936,0.02966,5e-05,0.0,1,0.06822,1.12,0
128,2048,112.0,8.0,2,0.99,60000,0.2,0.03413,0.02936,0.02966,5e-05,0.0,1,0.03408,1.12,0
128,2048,112.0,8.0,2,0.99,120000,0.2,0.01707,0.02936,0.02966,5e-05,0.0,1,0.01702,1.12,0
128,2048,112.0,8.0,2,0.99,30000,0.5,0.06827,0.02936,0.02966,0.0,0.0,1,0.06827,1.12,0
128,2048,112.0,8.0,2,0.99,60000,0.5,0.03413,0.02936,0.02966,0.0,0.0,1,0.03413,1.12,0
128,2048,112.0,8.0,2,0.99,120000,0.5,0.01707,0.02936,0.02966,0.0,0.0,1,0.01707,1.12,0
128,2048,112.0,8.0,2,0.99,30000,1.0,0.06827,0.02936,0.02966,0.0,0.0,1,0.06827,1.12,0
128,2048,112.0,8.0,2,0.99,60000,1.0,0.03413,0.02936,0.02966,0.0,0.0,1,0.03413,1.12,0
128,2048,112.0,8.0,2,0.99,120000,1.0,0.01707,0.02936,0.02966,0.0,0.0,1,0.01707,1.12,0
128,2048,112.0,8.0,2,0.99,30000,2.0,0.06827,0.02936,0.02966,0.0,0.0,1,0.06827,1.12,0
128,2048,112.0,8.0,2,0.99,60000,2.0,0.03413,0.02936,0.02966,0.0,0.0,1,0.03413,1.12,0
128,2048,112.0,8.0,2,0.99,120000,2.0,0.01707,0.02936,0.02966,0.0,0.0,1,0.01707,1.12,0
128,2048,112.0,8.0,2,0.99,30000,5.0,0.06827,0.02936,0.02966,0.0,0.0,1,0.06827,1.12,0
128,2048,112.0,8.0,2,0.99,60000,5.0,0.03413,0.02936,0.02966,0.0,0.0,1,0.03413,1.12,0
128,2048,112.0,8.0,2,0.99,120000,5.0,0.01707,0.02936,0.02966,0.0,0.0,1,0.01707,1.12,0
128,2048,112.0,8.0,2,0.99,30000,10.0,0.06827,0.02936,0.02966,0.0,0.0,1,0.06827,1.12,0
128,2048,112.0,8.0,2,0.99,60000,10.0,0.03413,0.02936,0.02966,0.0,0.0,1,0.03413,1.12,0
128,2048,112.0,8.0,2,0.99,120000,10.0,0.01707,0.02936,0.02966,0.0,0.0,1,0.01707,1.12,0
128,2048,112.0,8.0,2,0.99,30000,30.0,0.06827,0.02936,0.02966,0.0,0.0,1,0.06827,1.12,0
128,2048,112.0,8.0,2,0.99,60000,30.0,0.03413,0.02936,0.02966,0.0,0.0,1,0.03413,1.12,0
128,2048,112.0,8.0,2,0.99,120000,30.0,0.01707,0.02936,0.02966,0.0,0.0,1,0.01707,1.12,0
128,2048,112.0,8.0,4,0.5,30000,0.2,0.06827,0.05872,0.11744,0.01012,0.0483,1,0.05815,56.0,0
128,2048,112.0,8.0,4,0.5,60000,0.2,0.03413,0.05872,0.11744,0.01012,0.0483,1,0.02402,56.0,0
128,2048,112.0,8.0,4,0.5,120000,0.2,0.01707,0.05872,0.11744,0.01012,0.0483,1,0.00695,56.0,0
128,2048,112.0,8.0,4,0.5,30000,0.5,0.06827,0.05872,0.11744,0.00123,0.0,1,0.06704,56.0,0
128,2048,112.0,8.0,4,0.5,60000,0.5,0.03413,0.05872,0.11744,0.00123,0.0,1,0.0329,56.0,0
128,2048,112.0,8.0,4,0.5,120000,0.5,0.01707,0.05872,0.11744,0.00123,0.0,1,0.01584,56.0,0
128,2048,112.0,8.0,4,0.5,30000,1.0,0.06827,0.05872,0.11744,0.00011,0.0,1,0.06816,56.0,0
128,2048,112.0,8.0,4,0.5,60000,1.0,0.03413,0.05872,0.11744,0.00011,0.0,1,0.03402,56.0,0
128,2048,112.0,8.0,4,0.5,120000,1.0,0.01707,0.05872,0.11744,0.00011,0.0,1,0.01696,56.0,0
128,2048,112.0,8.0,4,0.5,30000,2.0,0.06827,0.05872,0.11744,0.0,0.0,1,0.06827,56.0,0
128,2048,112.0,8.0,4,0.5,60000,2.0,0.03413,0.05872,0.11744,0.0,0.0,1,0.03413,56.0,0
128,2048,112.0,8.0,4,0.5,120000,2.0,0.01707,0.05872,0.11744,0.0,0.0,1,0.01707,56.0,0
128,2048,112.0,8.0,4,0.5,30000,5.0,0.06827,0.05872,0.11744,0.0,0.0,1,0.06827,56.0,0
128,2048,112.0,8.0,4,0.5,60000,5.0,0.03413,0.05872,0.11744,0.0,0.0,1,0.03413,56.0,0
128,2048,112.0,8.0,4,0.5,120000,5.0,0.01707,0.05872,0.11744,0.0,0.0,1,0.01707,56.0,0
128,2048,112.0,8.0,4,0.5,30000,10.0,0.06827,0.05872,0.11744,0.0,0.0,1,0.06827,56.0,0
128,2048,112.0,8.0,4,0.5,60000,10.0,0.03413,0.05872,0.11744,0.0,0.0,1,0.03413,56.0,0
128,2048,112.0,8.0,4,0.5,120000,10.0,0.01707,0.05872,0.11744,0.0,0.0,1,0.01707,56.0,0
128,2048,112.0,8.0,4,0.5,30000,30.0,0.06827,0.05872,0.11744,0.0,0.0,1,0.06827,56.0,0
128,2048,112.0,8.0,4,0.5,60000,30.0,0.03413,0.05872,0.11744,0.0,0.0,1,0.03413,56.0,0
128,2048,112.0,8.0,4,0.5,120000,30.0,0.01707,0.05872,0.11744,0.0,0.0,1,0.01707,56.0,0
128,2048,112.0,8.0,4,0.7,30000,0.2,0.06827,0.05872,0.08389,0.0035,0.01105,1,0.06477,33.6,0
128,2048,112.0,8.0,4,0.7,60000,0.2,0.03413,0.05872,0.08389,0.0035,0.01105,1,0.03063,33.6,0
128,2048,112.0,8.0,4,0.7,120000,0.2,0.01707,0.05872,0.08389,0.0035,0.01105,1,0.01357,33.6,0
128,2048,112.0,8.0,4,0.7,30000,0.5,0.06827,0.05872,0.08389,0.00022,0.0,1,0.06805,33.6,0
128,2048,112.0,8.0,4,0.7,60000,0.5,0.03413,0.05872,0.08389,0.00022,0.0,1,0.03392,33.6,0
128,2048,112.0,8.0,4,0.7,120000,0.5,0.01707,0.05872,0.08389,0.00022,0.0,1,0.01685,33.6,0
128,2048,112.0,8.0,4,0.7,30000,1.0,0.06827,0.05872,0.08389,1e-05,0.0,1,0.06826,33.6,0
128,2048,112.0,8.0,4,0.7,60000,1.0,0.03413,0.05872,0.08389,1e-05,0.0,1,0.03413,33.6,0
128,2048,112.0,8.0,4,0.7,120000,1.0,0.01707,0.05872,0.08389,1e-05,0.0,1,0.01706,33.6,0
128,2048,112.0,8.0,4,0.7,30000,2.0,0.06827,0.05872,0.08389,0.0,0.0,1,0.06827,33.6,0
128,2048,112.0,8.0,4,0.7,60000,2.0,0.03413,0.05872,0.08389,0.0,0.0,1,0.03413,33.6,0
128,2048,112.0,8.0,4,0.7,120000,2.0,0.01707,0.05872,0.08389,0.0,0.0,1,0.01707,33.6,0
128,2048,112.0,8.0,4,0.7,30000,5.0,0.06827,0.05872,0.08389,0.0,0.0,1,0.06827,33.6,0
128,2048,112.0,8.0,4,0.7,60000,5.0,0.03413,0.05872,0.08389,0.0,0.0,1,0.03413,33.6,0
128,2048,112.0,8.0,4,0.7,120000,5.0,0.01707,0.05872,0.08389,0.0,0.0,1,0.01707,33.6,0
128,2048,112.0,8.0,4,0.7,30000,10.0,0.06827,0.05872,0.08389,0.0,0.0,1,0.06827,33.6,0
128,2048,112.0,8.0,4,0.7,60000,10.0,0.03413,0.05872,0.08389,0.0,0.0,1,0.03413,33.6,0
128,2048,112.0,8.0,4,0.7,120000,10.0,0.01707,0.05872,0.08389,0.0,0.0,1,0.01707,33.6,0
128,2048,112.0,8.0,4,0.7,30000,30.0,0.06827,0.05872,0.08389,0.0,0.0,1,0.06827,33.6,0
128,2048,112.0,8.0,4,0.7,60000,30.0,0.03413,0.05872,0.08389,0.0,0.0,1,0.03413,33.6,0
128,2048,112.0,8.0,4,0.7,120000,30.0,0.01707,0.05872,0.08389,0.0,0.0,1,0.01707,33.6,0
128,2048,112.0,8.0,4,0.9,30000,0.2,0.06827,0.05872,0.06524,0.00143,0.0,1,0.06684,11.2,0
128,2048,112.0,8.0,4,0.9,60000,0.2,0.03413,0.05872,0.06524,0.00143,0.0,1,0.0327,11.2,0
128,2048,112.0,8.0,4,0.9,120000,0.2,0.01707,0.05872,0.06524,0.00143,0.0,1,0.01564,11.2,0
128,2048,112.0,8.0,4,0.9,30000,0.5,0.06827,0.05872,0.06524,8e-05,0.0,1,0.06819,11.2,0
128,2048,112.0,8.0,4,0.9,60000,0.5,0.03413,0.05872,0.06524,8e-05,0.0,1,0.03406,11.2,0
128,2048,112.0,8.0,4,0.9,120000,0.5,0.01707,0.05872,0.06524,8e-05,0.0,1,0.01699,11.2,0
128,2048,112.0,8.0,4,0.9,30000,1.0,0.06827,0.05872,0.06524,0.0,0.0,1,0.06827,11.2,0
128,2048,112.0,8.0,4,0.9,60000,1.0,0.03413,0.05872,0.06524,0.0,0.0,1,0.03413,11.2,0
128,2048,112.0,8.0,4,0.9,120000,1.0,0.01707,0.05872,0.06524,0.0,0.0,1,0.01707,11.2,0
128,2048,112.0,8.0,4,0.9,30000,2.0,0.06827,0.05872,0.06524,0.0,0.0,1,0.06827,11.2,0
128,2048,112.0,8.0,4,0.9,60000,2.0,0.03413,0.05872,0.06524,0.0,0.0,1,0.03413,11.2,0
128,2048,112.0,8.0,4,0.9,120000,2.0,0.01707,0.05872,0.06524,0.0,0.0,1,0.01707,11.2,0
128,2048,112.0,8.0,4,0.9,30000,5.0,0.06827,0.05872,0.06524,0.0,0.0,1,0.06827,11.2,0
128,2048,112.0,8.0,4,0.9,60000,5.0,0.03413,0.05872,0.06524,0.0,0.0,1,0.03413,11.2,0
128,2048,112.0,8.0,4,0.9,120000,5.0,0.01707,0.05872,0.06524,0.0,0.0,1,0.01707,11.2,0
128,2048,112.0,8.0,4,0.9,30000,10.0,0.06827,0.05872,0.06524,0.0,0.0,1,0.06827,11.2,0
128,2048,112.0,8.0,4,0.9,60000,10.0,0.03413,0.05872,0.06524,0.0,0.0,1,0.03413,11.2,0
128,2048,112.0,8.0,4,0.9,120000,10.0,0.01707,0.05872,0.06524,0.0,0.0,1,0.01707,11.2,0
128,2048,112.0,8.0,4,0.9,30000,30.0,0.06827,0.05872,0.06524,0.0,0.0,1,0.06827,11.2,0
128,2048,112.0,8.0,4,0.9,60000,30.0,0.03413,0.05872,0.06524,0.0,0.0,1,0.03413,11.2,0
128,2048,112.0,8.0,4,0.9,120000,30.0,0.01707,0.05872,0.06524,0.0,0.0,1,0.01707,11.2,0
128,2048,112.0,8.0,4,0.99,30000,0.2,0.06827,0.05872,0.05931,0.00114,0.0,1,0.06712,1.12,0
128,2048,112.0,8.0,4,0.99,60000,0.2,0.03413,0.05872,0.05931,0.00114,0.0,1,0.03299,1.12,0
128,2048,112.0,8.0,4,0.99,120000,0.2,0.01707,0.05872,0.05931,0.00114,0.0,1,0.01592,1.12,0
128,2048,112.0,8.0,4,0.99,30000,0.5,0.06827,0.05872,0.05931,4e-05,0.0,1,0.06823,1.12,0
128,2048,112.0,8.0,4,0.99,60000,0.5,0.03413,0.05872,0.05931,4e-05,0.0,1,0.0341,1.12,0
128,2048,112.0,8.0,4,0.99,120000,0.5,0.01707,0.05872,0.05931,4e-05,0.0,1,0.01703,1.12,0
128,2048,112.0,8.0,4,0.99,30000,1.0,0.06827,0.05872,0.05931,0.0,0.0,1,0.06826,1.12,0
128,2048,112.0,8.0,4,0.99,60000,1.0,0.03413,0.05872,0.05931,0.0,0.0,1,0.03413,1.12,0
128,2048,112.0,8.0,4,0.99,120000,1.0,0.01707,0.05872,0.05931,0.0,0.0,1,0.01706,1.12,0
128,2048,112.0,8.0,4,0.99,30000,2.0,0.06827,0.05872,0.05931,0.0,0.0,1,0.06827,1.12,0
128,2048,112.0,8.0,4,0.99,60000,2.0,0.03413,0.05872,0.05931,0.0,0.0,1,0.03413,1.12,0
128,2048,112.0,8.0,4,0.99,120000,2.0,0.01707,0.05872,0.05931,0.0,0.0,1,0.01707,1.12,0
128,2048,112.0,8.0,4,0.99,30000,5.0,0.06827,0.05872,0.05931,0.0,0.0,1,0.06827,1.12,0
128,2048,112.0,8.0,4,0.99,60000,5.0,0.03413,0.05872,0.05931,0.0,0.0,1,0.03413,1.12,0
128,2048,112.0,8.0,4,0.99,120000,5.0,0.01707,0.05872,0.05931,0.0,0.0,1,0.01707,1.12,0
128,2048,112.0,8.0,4,0.99,30000,10.0,0.06827,0.05872,0.05931,0.0,0.0,1,0.06827,1.12,0
128,2048,112.0,8.0,4,0.99,60000,10.0,0.03413,0.05872,0.05931,0.0,0.0,1,0.03413,1.12,0
128,2048,112.0,8.0,4,0.99,120000,10.0,0.01707,0.05872,0.05931,0.0,0.0,1,0.01707,1.12,0
128,2048,112.0,8.0,4,0.99,30000,30.0,0.06827,0.05872,0.05931,0.0,0.0,1,0.06827,1.12,0
128,2048,112.0,8.0,4,0.99,60000,30.0,0.03413,0.05872,0.05931,0.0,0.0,1,0.03413,1.12,0
128,2048,112.0,8.0,4,0.99,120000,30.0,0.01707,0.05872,0.05931,0.0,0.0,1,0.01707,1.12,0
128,2048,112.0,8.0,8,0.5,30000,0.2,0.06827,0.11744,0.23488,0.05982,0.16359,1,0.00845,56.0,1
128,2048,112.0,8.0,8,0.5,60000,0.2,0.03413,0.11744,0.23488,0.05982,0.16359,0,-0.02568,56.0,1
128,2048,112.0,8.0,8,0.5,120000,0.2,0.01707,0.11744,0.23488,0.05982,0.16359,0,-0.04275,56.0,1
128,2048,112.0,8.0,8,0.5,30000,0.5,0.06827,0.11744,0.23488,0.01385,0.05839,1,0.05442,56.0,0
128,2048,112.0,8.0,8,0.5,60000,0.5,0.03413,0.11744,0.23488,0.01385,0.05839,1,0.02029,56.0,0
128,2048,112.0,8.0,8,0.5,120000,0.5,0.01707,0.11744,0.23488,0.01385,0.05839,1,0.00322,56.0,0
128,2048,112.0,8.0,8,0.5,30000,1.0,0.06827,0.11744,0.23488,0.00181,0.0,1,0.06646,56.0,0
128,2048,112.0,8.0,8,0.5,60000,1.0,0.03413,0.11744,0.23488,0.00181,0.0,1,0.03232,56.0,0
128,2048,112.0,8.0,8,0.5,120000,1.0,0.01707,0.11744,0.23488,0.00181,0.0,1,0.01526,56.0,0
128,2048,112.0,8.0,8,0.5,30000,2.0,0.06827,0.11744,0.23488,0.00027,0.0,1,0.068,56.0,0
128,2048,112.0,8.0,8,0.5,60000,2.0,0.03413,0.11744,0.23488,0.00027,0.0,1,0.03387,56.0,0
128,2048,112.0,8.0,8,0.5,120000,2.0,0.01707,0.11744,0.23488,0.00027,0.0,1,0.0168,56.0,0
128,2048,112.0,8.0,8,0.5,30000,5.0,0.06827,0.11744,0.23488,0.0,0.0,1,0.06827,56.0,0
128,2048,112.0,8.0,8,0.5,60000,5.0,0.03413,0.11744,0.23488,0.0,0.0,1,0.03413,56.0,0
128,2048,112.0,8.0,8,0.5,120000,5.0,0.01707,0.11744,0.23488,0.0,0.0,1,0.01707,56.0,0
128,2048,112.0,8.0,8,0.5,30000,10.0,0.06827,0.11744,0.23488,0.0,0.0,1,0.06827,56.0,0
128,2048,112.0,8.0,8,0.5,60000,10.0,0.03413,0.11744,0.23488,0.0,0.0,1,0.03413,56.0,0
128,2048,112.0,8.0,8,0.5,120000,10.0,0.01707,0.11744,0.23488,0.0,0.0,1,0.01707,56.0,0
128,2048,112.0,8.0,8,0.5,30000,30.0,0.06827,0.11744,0.23488,0.0,0.0,1,0.06827,56.0,0
128,2048,112.0,8.0,8,0.5,60000,30.0,0.03413,0.11744,0.23488,0.0,0.0,1,0.03413,56.0,0
128,2048,112.0,8.0,8,0.5,120000,30.0,0.01707,0.11744,0.23488,0.0,0.0,1,0.01707,56.0,0
128,2048,112.0,8.0,8,0.7,30000,0.2,0.06827,0.11744,0.16777,0.0284,0.0981,1,0.03987,33.6,0
128,2048,112.0,8.0,8,0.7,60000,0.2,0.03413,0.11744,0.16777,0.0284,0.0981,1,0.00574,33.6,0
128,2048,112.0,8.0,8,0.7,120000,0.2,0.01707,0.11744,0.16777,0.0284,0.0981,0,-0.01133,33.6,0
128,2048,112.0,8.0,8,0.7,30000,0.5,0.06827,0.11744,0.16777,0.00389,0.0,1,0.06437,33.6,0
128,2048,112.0,8.0,8,0.7,60000,0.5,0.03413,0.11744,0.16777,0.00389,0.0,1,0.03024,33.6,0
128,2048,112.0,8.0,8,0.7,120000,0.5,0.01707,0.11744,0.16777,0.00389,0.0,1,0.01317,33.6,0
128,2048,112.0,8.0,8,0.7,30000,1.0,0.06827,0.11744,0.16777,0.00038,0.0,1,0.06789,33.6,0
128,2048,112.0,8.0,8,0.7,60000,1.0,0.03413,0.11744,0.16777,0.00038,0.0,1,0.03376,33.6,0
128,2048,112.0,8.0,8,0.7,120000,1.0,0.01707,0.11744,0.16777,0.00038,0.0,1,0.01669,33.6,0
128,2048,112.0,8.0,8,0.7,30000,2.0,0.06827,0.11744,0.16777,0.0,0.0,1,0.06826,33.6,0
128,2048,112.0,8.0,8,0.7,60000,2.0,0.03413,0.11744,0.16777,0.0,0.0,1,0.03413,33.6,0
128,2048,112.0,8.0,8,0.7,120000,2.0,0.01707,0.11744,0.16777,0.0,0.0,1,0.01706,33.6,0
128,2048,112.0,8.0,8,0.7,30000,5.0,0.06827,0.11744,0.16777,0.0,0.0,1,0.06827,33.6,0
128,2048,112.0,8.0,8,0.7,60000,5.0,0.03413,0.11744,0.16777,0.0,0.0,1,0.03413,33.6,0
128,2048,112.0,8.0,8,0.7,120000,5.0,0.01707,0.11744,0.16777,0.0,0.0,1,0.01707,33.6,0
128,2048,112.0,8.0,8,0.7,30000,10.0,0.06827,0.11744,0.16777,0.0,0.0,1,0.06827,33.6,0
128,2048,112.0,8.0,8,0.7,60000,10.0,0.03413,0.11744,0.16777,0.0,0.0,1,0.03413,33.6,0
128,2048,112.0,8.0,8,0.7,120000,10.0,0.01707,0.11744,0.16777,0.0,0.0,1,0.01707,33.6,0
128,2048,112.0,8.0,8,0.7,30000,30.0,0.06827,0.11744,0.16777,0.0,0.0,1,0.06827,33.6,0
128,2048,112.0,8.0,8,0.7,60000,30.0,0.03413,0.11744,0.16777,0.0,0.0,1,0.03413,33.6,0
128,2048,112.0,8.0,8,0.7,120000,30.0,0.01707,0.11744,0.16777,0.0,0.0,1,0.01707,33.6,0
128,2048,112.0,8.0,8,0.9,30000,0.2,0.06827,0.11744,0.13049,0.01312,0.05716,1,0.05514,11.2,0
128,2048,112.0,8.0,8,0.9,60000,0.2,0.03413,0.11744,0.13049,0.01312,0.05716,1,0.02101,11.2,0
128,2048,112.0,8.0,8,0.9,120000,0.2,0.01707,0.11744,0.13049,0.01312,0.05716,1,0.00394,11.2,0
128,2048,112.0,8.0,8,0.9,30000,0.5,0.06827,0.11744,0.13049,0.00147,0.0,1,0.0668,11.2,0
128,2048,112.0,8.0,8,0.9,60000,0.5,0.03413,0.11744,0.13049,0.00147,0.0,1,0.03266,11.2,0
128,2048,112.0,8.0,8,0.9,120000,0.5,0.01707,0.11744,0.13049,0.00147,0.0,1,0.0156,11.2,0
128,2048,112.0,8.0,8,0.9,30000,1.0,0.06827,0.11744,0.13049,9e-05,0.0,1,0.06817,11.2,0
128,2048,112.0,8.0,8,0.9,60000,1.0,0.03413,0.11744,0.13049,9e-05,0.0,1,0.03404,11.2,0
128,2048,112.0,8.0,8,0.9,120000,1.0,0.01707,0.11744,0.13049,9e-05,0.0,1,0.01697,11.2,0
128,2048,112.0,8.0,8,0.9,30000,2.0,0.06827,0.11744,0.13049,0.0,0.0,1,0.06827,11.2,0
128,2048,112.0,8.0,8,0.9,60000,2.0,0.03413,0.11744,0.13049,0.0,0.0,1,0.03413,11.2,0
128,2048,112.0,8.0,8,0.9,120000,2.0,0.01707,0.11744,0.13049,0.0,0.0,1,0.01707,11.2,0
128,2048,112.0,8.0,8,0.9,30000,5.0,0.06827,0.11744,0.13049,0.0,0.0,1,0.06827,11.2,0
128,2048,112.0,8.0,8,0.9,60000,5.0,0.03413,0.11744,0.13049,0.0,0.0,1,0.03413,11.2,0
128,2048,112.0,8.0,8,0.9,120000,5.0,0.01707,0.11744,0.13049,0.0,0.0,1,0.01707,11.2,0
128,2048,112.0,8.0,8,0.9,30000,10.0,0.06827,0.11744,0.13049,0.0,0.0,1,0.06827,11.2,0
128,2048,112.0,8.0,8,0.9,60000,10.0,0.03413,0.11744,0.13049,0.0,0.0,1,0.03413,11.2,0
128,2048,112.0,8.0,8,0.9,120000,10.0,0.01707,0.11744,0.13049,0.0,0.0,1,0.01707,11.2,0
128,2048,112.0,8.0,8,0.9,30000,30.0,0.06827,0.11744,0.13049,0.0,0.0,1,0.06827,11.2,0
128,2048,112.0,8.0,8,0.9,60000,30.0,0.03413,0.11744,0.13049,0.0,0.0,1,0.03413,11.2,0
128,2048,112.0,8.0,8,0.9,120000,30.0,0.01707,0.11744,0.13049,0.0,0.0,1,0.01707,11.2,0
128,2048,112.0,8.0,8,0.99,30000,0.2,0.06827,0.11744,0.11863,0.01121,0.05014,1,0.05705,1.12,0
128,2048,112.0,8.0,8,0.99,60000,0.2,0.03413,0.11744,0.11863,0.01121,0.05014,1,0.02292,1.12,0
128,2048,112.0,8.0,8,0.99,120000,0.2,0.01707,0.11744,0.11863,0.01121,0.05014,1,0.00585,1.12,0
128,2048,112.0,8.0,8,0.99,30000,0.5,0.06827,0.11744,0.11863,0.00128,0.0,1,0.06698,1.12,0
128,2048,112.0,8.0,8,0.99,60000,0.5,0.03413,0.11744,0.11863,0.00128,0.0,1,0.03285,1.12,0
128,2048,112.0,8.0,8,0.99,120000,0.5,0.01707,0.11744,0.11863,0.00128,0.0,1,0.01578,1.12,0
128,2048,112.0,8.0,8,0.99,30000,1.0,0.06827,0.11744,0.11863,0.00011,0.0,1,0.06816,1.12,0
128,2048,112.0,8.0,8,0.99,60000,1.0,0.03413,0.11744,0.11863,0.00011,0.0,1,0.03402,1.12,0
128,2048,112.0,8.0,8,0.99,120000,1.0,0.01707,0.11744,0.11863,0.00011,0.0,1,0.01696,1.12,0
128,2048,112.0,8.0,8,0.99,30000,2.0,0.06827,0.11744,0.11863,0.0,0.0,1,0.06827,1.12,0
128,2048,112.0,8.0,8,0.99,60000,2.0,0.03413,0.11744,0.11863,0.0,0.0,1,0.03413,1.12,0
128,2048,112.0,8.0,8,0.99,120000,2.0,0.01707,0.11744,0.11863,0.0,0.0,1,0.01707,1.12,0
128,2048,112.0,8.0,8,0.99,30000,5.0,0.06827,0.11744,0.11863,0.0,0.0,1,0.06827,1.12,0
128,2048,112.0,8.0,8,0.99,60000,5.0,0.03413,0.11744,0.11863,0.0,0.0,1,0.03413,1.12,0
128,2048,112.0,8.0,8,0.99,120000,5.0,0.01707,0.11744,0.11863,0.0,0.0,1,0.01707,1.12,0
128,2048,112.0,8.0,8,0.99,30000,10.0,0.06827,0.11744,0.11863,0.0,0.0,1,0.06827,1.12,0
128,2048,112.0,8.0,8,0.99,60000,10.0,0.03413,0.11744,0.11863,0.0,0.0,1,0.03413,1.12,0
128,2048,112.0,8.0,8,0.99,120000,10.0,0.01707,0.11744,0.11863,0.0,0.0,1,0.01707,1.12,0
128,2048,112.0,8.0,8,0.99,30000,30.0,0.06827,0.11744,0.11863,0.0,0.0,1,0.06827,1.12,0
128,2048,112.0,8.0,8,0.99,60000,30.0,0.03413,0.11744,0.11863,0.0,0.0,1,0.03413,1.12,0
128,2048,112.0,8.0,8,0.99,120000,30.0,0.01707,0.11744,0.11863,0.0,0.0,1,0.01707,1.12,0
128,2048,112.0,8.0,16,0.5,30000,0.2,0.06827,0.23488,0.46976,0.23551,0.3947,0,-0.16724,56.0,1
128,2048,112.0,8.0,16,0.5,60000,0.2,0.03413,0.23488,0.46976,0.23551,0.3947,0,-0.20138,56.0,1
128,2048,112.0,8.0,16,0.5,120000,0.2,0.01707,0.23488,0.46976,0.23551,0.3947,0,-0.21844,56.0,1
128,2048,112.0,8.0,16,0.5,30000,0.5,0.06827,0.23488,0.46976,0.09004,0.29639,0,-0.02177,56.0,0
128,2048,112.0,8.0,16,0.5,60000,0.5,0.03413,0.23488,0.46976,0.09004,0.29639,0,-0.0559,56.0,0
128,2048,112.0,8.0,16,0.5,120000,0.5,0.01707,0.23488,0.46976,0.09004,0.29639,0,-0.07297,56.0,0
128,2048,112.0,8.0,16,0.5,30000,1.0,0.06827,0.23488,0.46976,0.02418,0.10101,1,0.04409,56.0,0
128,2048,112.0,8.0,16,0.5,60000,1.0,0.03413,0.23488,0.46976,0.02418,0.10101,1,0.00996,56.0,0
128,2048,112.0,8.0,16,0.5,120000,1.0,0.01707,0.23488,0.46976,0.02418,0.10101,0,-0.00711,56.0,0
128,2048,112.0,8.0,16,0.5,30000,2.0,0.06827,0.23488,0.46976,0.0042,0.0,1,0.06407,56.0,0
128,2048,112.0,8.0,16,0.5,60000,2.0,0.03413,0.23488,0.46976,0.0042,0.0,1,0.02994,56.0,0
128,2048,112.0,8.0,16,0.5,120000,2.0,0.01707,0.23488,0.46976,0.0042,0.0,1,0.01287,56.0,0
128,2048,112.0,8.0,16,0.5,30000,5.0,0.06827,0.23488,0.46976,0.00013,0.0,1,0.06814,56.0,0
128,2048,112.0,8.0,16,0.5,60000,5.0,0.03413,0.23488,0.46976,0.00013,0.0,1,0.03401,56.0,0
128,2048,112.0,8.0,16,0.5,120000,5.0,0.01707,0.23488,0.46976,0.00013,0.0,1,0.01694,56.0,0
128,2048,112.0,8.0,16,0.5,30000,10.0,0.06827,0.23488,0.46976,0.0,0.0,1,0.06827,56.0,0
128,2048,112.0,8.0,16,0.5,60000,10.0,0.03413,0.23488,0.46976,0.0,0.0,1,0.03413,56.0,0
128,2048,112.0,8.0,16,0.5,120000,10.0,0.01707,0.23488,0.46976,0.0,0.0,1,0.01707,56.0,0
128,2048,112.0,8.0,16,0.5,30000,30.0,0.06827,0.23488,0.46976,0.0,0.0,1,0.06827,56.0,0
128,2048,112.0,8.0,16,0.5,60000,30.0,0.03413,0.23488,0.46976,0.0,0.0,1,0.03413,56.0,0
128,2048,112.0,8.0,16,0.5,120000,30.0,0.01707,0.23488,0.46976,0.0,0.0,1,0.01707,56.0,0
128,2048,112.0,8.0,16,0.7,30000,0.2,0.06827,0.23488,0.33554,0.12862,0.26178,0,-0.06036,33.6,1
128,2048,112.0,8.0,16,0.7,60000,0.2,0.03413,0.23488,0.33554,0.12862,0.26178,0,-0.09449,33.6,1
128,2048,112.0,8.0,16,0.7,120000,0.2,0.01707,0.23488,0.33554,0.12862,0.26178,0,-0.11156,33.6,1
128,2048,112.0,8.0,16,0.7,30000,0.5,0.06827,0.23488,0.33554,0.0339,0.14801,1,0.03437,33.6,0
128,2048,112.0,8.0,16,0.7,60000,0.5,0.03413,0.23488,0.33554,0.0339,0.14801,1,0.00023,33.6,0
128,2048,112.0,8.0,16,0.7,120000,0.5,0.01707,0.23488,0.33554,0.0339,0.14801,0,-0.01683,33.6,0
128,2048,112.0,8.0,16,0.7,30000,1.0,0.06827,0.23488,0.33554,0.00776,0.0,1,0.0605,33.6,0
128,2048,112.0,8.0,16,0.7,60000,1.0,0.03413,0.23488,0.33554,0.00776,0.0,1,0.02637,33.6,0
128,2048,112.0,8.0,16,0.7,120000,1.0,0.01707,0.23488,0.33554,0.00776,0.0,1,0.0093,33.6,0
128,2048,112.0,8.0,16,0.7,30000,2.0,0.06827,0.23488,0.33554,0.00088,0.0,1,0.06739,33.6,0
128,2048,112.0,8.0,16,0.7,60000,2.0,0.03413,0.23488,0.33554,0.00088,0.0,1,0.03325,33.6,0
128,2048,112.0,8.0,16,0.7,120000,2.0,0.01707,0.23488,0.33554,0.00088,0.0,1,0.01619,33.6,0
128,2048,112.0,8.0,16,0.7,30000,5.0,0.06827,0.23488,0.33554,0.0,0.0,1,0.06827,33.6,0
128,2048,112.0,8.0,16,0.7,60000,5.0,0.03413,0.23488,0.33554,0.0,0.0,1,0.03413,33.6,0
128,2048,112.0,8.0,16,0.7,120000,5.0,0.01707,0.23488,0.33554,0.0,0.0,1,0.01707,33.6,0
128,2048,112.0,8.0,16,0.7,30000,10.0,0.06827,0.23488,0.33554,0.0,0.0,1,0.06827,33.6,0
128,2048,112.0,8.0,16,0.7,60000,10.0,0.03413,0.23488,0.33554,0.0,0.0,1,0.03413,33.6,0
128,2048,112.0,8.0,16,0.7,120000,10.0,0.01707,0.23488,0.33554,0.0,0.0,1,0.01707,33.6,0
128,2048,112.0,8.0,16,0.7,30000,30.0,0.06827,0.23488,0.33554,0.0,0.0,1,0.06827,33.6,0
128,2048,112.0,8.0,16,0.7,60000,30.0,0.03413,0.23488,0.33554,0.0,0.0,1,0.03413,33.6,0
128,2048,112.0,8.0,16,0.7,120000,30.0,0.01707,0.23488,0.33554,0.0,0.0,1,0.01707,33.6,0
128,2048,112.0,8.0,16,0.9,30000,0.2,0.06827,0.23488,0.26098,0.07542,0.19263,0,-0.00715,11.2,1
128,2048,112.0,8.0,16,0.9,60000,0.2,0.03413,0.23488,0.26098,0.07542,0.19263,0,-0.04128,11.2,1
128,2048,112.0,8.0,16,0.9,120000,0.2,0.01707,0.23488,0.26098,0.07542,0.19263,0,-0.05835,11.2,1
128,2048,112.0,8.0,16,0.9,30000,0.5,0.06827,0.23488,0.26098,0.01905,0.08766,1,0.04922,11.2,0
128,2048,112.0,8.0,16,0.9,60000,0.5,0.03413,0.23488,0.26098,0.01905,0.08766,1,0.01509,11.2,0
128,2048,112.0,8.0,16,0.9,120000,0.5,0.01707,0.23488,0.26098,0.01905,0.08766,0,-0.00198,11.2,0
128,2048,112.0,8.0,16,0.9,30000,1.0,0.06827,0.23488,0.26098,0.0027,0.0,1,0.06557,11.2,0
128,2048,112.0,8.0,16,0.9,60000,1.0,0.03413,0.23488,0.26098,0.0027,0.0,1,0.03143,11.2,0
128,2048,112.0,8.0,16,0.9,120000,1.0,0.01707,0.23488,0.26098,0.0027,0.0,1,0.01437,11.2,0
128,2048,112.0,8.0,16,0.9,30000,2.0,0.06827,0.23488,0.26098,0.00031,0.0,1,0.06796,11.2,0
128,2048,112.0,8.0,16,0.9,60000,2.0,0.03413,0.23488,0.26098,0.00031,0.0,1,0.03382,11.2,0
128,2048,112.0,8.0,16,0.9,120000,2.0,0.01707,0.23488,0.26098,0.00031,0.0,1,0.01676,11.2,0
128,2048,112.0,8.0,16,0.9,30000,5.0,0.06827,0.23488,0.26098,0.0,0.0,1,0.06827,11.2,0
128,2048,112.0,8.0,16,0.9,60000,5.0,0.03413,0.23488,0.26098,0.0,0.0,1,0.03413,11.2,0
128,2048,112.0,8.0,16,0.9,120000,5.0,0.01707,0.23488,0.26098,0.0,0.0,1,0.01707,11.2,0
128,2048,112.0,8.0,16,0.9,30000,10.0,0.06827,0.23488,0.26098,0.0,0.0,1,0.06827,11.2,0
128,2048,112.0,8.0,16,0.9,60000,10.0,0.03413,0.23488,0.26098,0.0,0.0,1,0.03413,11.2,0
128,2048,112.0,8.0,16,0.9,120000,10.0,0.01707,0.23488,0.26098,0.0,0.0,1,0.01707,11.2,0
128,2048,112.0,8.0,16,0.9,30000,30.0,0.06827,0.23488,0.26098,0.0,0.0,1,0.06827,11.2,0
128,2048,112.0,8.0,16,0.9,60000,30.0,0.03413,0.23488,0.26098,0.0,0.0,1,0.03413,11.2,0
128,2048,112.0,8.0,16,0.9,120000,30.0,0.01707,0.23488,0.26098,0.0,0.0,1,0.01707,11.2,0
128,2048,112.0,8.0,16,0.99,30000,0.2,0.06827,0.23488,0.23725,0.05955,0.16376,1,0.00872,1.12,1
128,2048,112.0,8.0,16,0.99,60000,0.2,0.03413,0.23488,0.23725,0.05955,0.16376,0,-0.02541,1.12,1
128,2048,112.0,8.0,16,0.99,120000,0.2,0.01707,0.23488,0.23725,0.05955,0.16376,0,-0.04248,1.12,1
128,2048,112.0,8.0,16,0.99,30000,0.5,0.06827,0.23488,0.23725,0.01216,0.05225,1,0.05611,1.12,0
128,2048,112.0,8.0,16,0.99,60000,0.5,0.03413,0.23488,0.23725,0.01216,0.05225,1,0.02197,1.12,0
128,2048,112.0,8.0,16,0.99,120000,0.5,0.01707,0.23488,0.23725,0.01216,0.05225,1,0.00491,1.12,0
128,2048,112.0,8.0,16,0.99,30000,1.0,0.06827,0.23488,0.23725,0.00251,0.0,1,0.06575,1.12,0
128,2048,112.0,8.0,16,0.99,60000,1.0,0.03413,0.23488,0.23725,0.00251,0.0,1,0.03162,1.12,0
128,2048,112.0,8.0,16,0.99,120000,1.0,0.01707,0.23488,0.23725,0.00251,0.0,1,0.01455,1.12,0
128,2048,112.0,8.0,16,0.99,30000,2.0,0.06827,0.23488,0.23725,0.00029,0.0,1,0.06798,1.12,0
128,2048,112.0,8.0,16,0.99,60000,2.0,0.03413,0.23488,0.23725,0.00029,0.0,1,0.03385,1.12,0
128,2048,112.0,8.0,16,0.99,120000,2.0,0.01707,0.23488,0.23725,0.00029,0.0,1,0.01678,1.12,0
128,2048,112.0,8.0,16,0.99,30000,5.0,0.06827,0.23488,0.23725,3e-05,0.0,1,0.06824,1.12,0
128,2048,112.0,8.0,16,0.99,60000,5.0,0.03413,0.23488,0.23725,3e-05,0.0,1,0.0341,1.12,0
128,2048,112.0,8.0,16,0.99,120000,5.0,0.01707,0.23488,0.23725,3e-05,0.0,1,0.01704,1.12,0
128,2048,112.0,8.0,16,0.99,30000,10.0,0.06827,0.23488,0.23725,0.0,0.0,1,0.06827,1.12,0
128,2048,112.0,8.0,16,0.99,60000,10.0,0.03413,0.23488,0.23725,0.0,0.0,1,0.03413,1.12,0
128,2048,112.0,8.0,16,0.99,120000,10.0,0.01707,0.23488,0.23725,0.0,0.0,1,0.01707,1.12,0
128,2048,112.0,8.0,16,0.99,30000,30.0,0.06827,0.23488,0.23725,0.0,0.0,1,0.06827,1.12,0
128,2048,112.0,8.0,16,0.99,60000,30.0,0.03413,0.23488,0.23725,0.0,0.0,1,0.03413,1.12,0
128,2048,112.0,8.0,16,0.99,120000,30.0,0.01707,0.23488,0.23725,0.0,0.0,1,0.01707,1.12,0
128,2048,112.0,8.0,32,0.5,30000,0.2,0.06827,0.46976,0.93952,0.68045,0.87135,0,-0.61219,56.0,1
128,2048,112.0,8.0,32,0.5,60000,0.2,0.03413,0.46976,0.93952,0.68045,0.87135,0,-0.64632,56.0,1
128,2048,112.0,8.0,32,0.5,120000,0.2,0.01707,0.46976,0.93952,0.68045,0.87135,0,-0.66339,56.0,1
128,2048,112.0,8.0,32,0.5,30000,0.5,0.06827,0.46976,0.93952,0.39036,0.75766,0,-0.32209,56.0,1
128,2048,112.0,8.0,32,0.5,60000,0.5,0.03413,0.46976,0.93952,0.39036,0.75766,0,-0.35623,56.0,1
128,2048,112.0,8.0,32,0.5,120000,0.5,0.01707,0.46976,0.93952,0.39036,0.75766,0,-0.37329,56.0,1
128,2048,112.0,8.0,32,0.5,30000,1.0,0.06827,0.46976,0.93952,0.17999,0.57752,0,-0.11172,56.0,0
128,2048,112.0,8.0,32,0.5,60000,1.0,0.03413,0.46976,0.93952,0.17999,0.57752,0,-0.14586,56.0,0
128,2048,112.0,8.0,32,0.5,120000,1.0,0.01707,0.46976,0.93952,0.17999,0.57752,0,-0.16292,56.0,0
128,2048,112.0,8.0,32,0.5,30000,2.0,0.06827,0.46976,0.93952,0.04927,0.22251,1,0.019,56.0,0
128,2048,112.0,8.0,32,0.5,60000,2.0,0.03413,0.46976,0.93952,0.04927,0.22251,0,-0.01513,56.0,0
128,2048,112.0,8.0,32,0.5,120000,2.0,0.01707,0.46976,0.93952,0.04927,0.22251,0,-0.0322,56.0,0
128,2048,112.0,8.0,32,0.5,30000,5.0,0.06827,0.46976,0.93952,0.00229,0.0,1,0.06597,56.0,0
128,2048,112.0,8.0,32,0.5,60000,5.0,0.03413,0.46976,0.93952,0.00229,0.0,1,0.03184,56.0,0
128,2048,112.0,8.0,32,0.5,120000,5.0,0.01707,0.46976,0.93952,0.00229,0.0,1,0.01477,56.0,0
128,2048,112.0,8.0,32,0.5,30000,10.0,0.06827,0.46976,0.93952,0.00046,0.0,1,0.06781,56.0,0
128,2048,112.0,8.0,32,0.5,60000,10.0,0.03413,0.46976,0.93952,0.00046,0.0,1,0.03367,56.0,0
128,2048,112.0,8.0,32,0.5,120000,10.0,0.01707,0.46976,0.93952,0.00046,0.0,1,0.01661,56.0,0
128,2048,112.0,8.0,32,0.5,30000,30.0,0.06827,0.46976,0.93952,0.0,0.0,1,0.06827,56.0,0
128,2048,112.0,8.0,32,0.5,60000,30.0,0.03413,0.46976,0.93952,0.0,0.0,1,0.03413,56.0,0
128,2048,112.0,8.0,32,0.5,120000,30.0,0.01707,0.46976,0.93952,0.0,0.0,1,0.01707,56.0,0
128,2048,112.0,8.0,32,0.7,30000,0.2,0.06827,0.46976,0.67109,0.41966,0.60257,0,-0.35139,33.6,1
128,2048,112.0,8.0,32,0.7,60000,0.2,0.03413,0.46976,0.67109,0.41966,0.60257,0,-0.38552,33.6,1
128,2048,112.0,8.0,32,0.7,120000,0.2,0.01707,0.46976,0.67109,0.41966,0.60257,0,-0.40259,33.6,1
128,2048,112.0,8.0,32,0.7,30000,0.5,0.06827,0.46976,0.67109,0.20249,0.49871,0,-0.13422,33.6,1
128,2048,112.0,8.0,32,0.7,60000,0.5,0.03413,0.46976,0.67109,0.20249,0.49871,0,-0.16835,33.6,1
128,2048,112.0,8.0,32,0.7,120000,0.5,0.01707,0.46976,0.67109,0.20249,0.49871,0,-0.18542,33.6,1
128,2048,112.0,8.0,32,0.7,30000,1.0,0.06827,0.46976,0.67109,0.07234,0.30519,0,-0.00407,33.6,0
128,2048,112.0,8.0,32,0.7,60000,1.0,0.03413,0.46976,0.67109,0.07234,0.30519,0,-0.03821,33.6,0
128,2048,112.0,8.0,32,0.7,120000,1.0,0.01707,0.46976,0.67109,0.07234,0.30519,0,-0.05527,33.6,0
128,2048,112.0,8.0,32,0.7,30000,2.0,0.06827,0.46976,0.67109,0.01688,0.0,1,0.05138,33.6,0
128,2048,112.0,8.0,32,0.7,60000,2.0,0.03413,0.46976,0.67109,0.01688,0.0,1,0.01725,33.6,0
128,2048,112.0,8.0,32,0.7,120000,2.0,0.01707,0.46976,0.67109,0.01688,0.0,1,0.00018,33.6,0
128,2048,112.0,8.0,32,0.7,30000,5.0,0.06827,0.46976,0.67109,0.00052,0.0,1,0.06774,33.6,0
128,2048,112.0,8.0,32,0.7,60000,5.0,0.03413,0.46976,0.67109,0.00052,0.0,1,0.03361,33.6,0
128,2048,112.0,8.0,32,0.7,120000,5.0,0.01707,0.46976,0.67109,0.00052,0.0,1,0.01654,33.6,0
128,2048,112.0,8.0,32,0.7,30000,10.0,0.06827,0.46976,0.67109,2e-05,0.0,1,0.06824,33.6,0
128,2048,112.0,8.0,32,0.7,60000,10.0,0.03413,0.46976,0.67109,2e-05,0.0,1,0.03411,33.6,0
128,2048,112.0,8.0,32,0.7,120000,10.0,0.01707,0.46976,0.67109,2e-05,0.0,1,0.01704,33.6,0
128,2048,112.0,8.0,32,0.7,30000,30.0,0.06827,0.46976,0.67109,0.0,0.0,1,0.06827,33.6,0
128,2048,112.0,8.0,32,0.7,60000,30.0,0.03413,0.46976,0.67109,0.0,0.0,1,0.03413,33.6,0
128,2048,112.0,8.0,32,0.7,120000,30.0,0.01707,0.46976,0.67109,0.0,0.0,1,0.01707,33.6,0
128,2048,112.0,8.0,32,0.9,30000,0.2,0.06827,0.46976,0.52196,0.28426,0.44891,0,-0.216,11.2,1
128,2048,112.0,8.0,32,0.9,60000,0.2,0.03413,0.46976,0.52196,0.28426,0.44891,0,-0.25013,11.2,1
128,2048,112.0,8.0,32,0.9,120000,0.2,0.01707,0.46976,0.52196,0.28426,0.44891,0,-0.2672,11.2,1
128,2048,112.0,8.0,32,0.9,30000,0.5,0.06827,0.46976,0.52196,0.11738,0.34098,0,-0.04912,11.2,1
128,2048,112.0,8.0,32,0.9,60000,0.5,0.03413,0.46976,0.52196,0.11738,0.34098,0,-0.08325,11.2,1
128,2048,112.0,8.0,32,0.9,120000,0.5,0.01707,0.46976,0.52196,0.11738,0.34098,0,-0.10032,11.2,1
128,2048,112.0,8.0,32,0.9,30000,1.0,0.06827,0.46976,0.52196,0.03317,0.15895,1,0.03509,11.2,0
128,2048,112.0,8.0,32,0.9,60000,1.0,0.03413,0.46976,0.52196,0.03317,0.15895,1,0.00096,11.2,0
128,2048,112.0,8.0,32,0.9,120000,1.0,0.01707,0.46976,0.52196,0.03317,0.15895,0,-0.01611,11.2,0
128,2048,112.0,8.0,32,0.9,30000,2.0,0.06827,0.46976,0.52196,0.00486,0.0,1,0.06341,11.2,0
128,2048,112.0,8.0,32,0.9,60000,2.0,0.03413,0.46976,0.52196,0.00486,0.0,1,0.02928,11.2,0
128,2048,112.0,8.0,32,0.9,120000,2.0,0.01707,0.46976,0.52196,0.00486,0.0,1,0.01221,11.2,0
128,2048,112.0,8.0,32,0.9,30000,5.0,0.06827,0.46976,0.52196,0.00034,0.0,1,0.06792,11.2,0
128,2048,112.0,8.0,32,0.9,60000,5.0,0.03413,0.46976,0.52196,0.00034,0.0,1,0.03379,11.2,0
128,2048,112.0,8.0,32,0.9,120000,5.0,0.01707,0.46976,0.52196,0.00034,0.0,1,0.01672,11.2,0
128,2048,112.0,8.0,32,0.9,30000,10.0,0.06827,0.46976,0.52196,0.0,0.0,1,0.06827,11.2,0
128,2048,112.0,8.0,32,0.9,60000,10.0,0.03413,0.46976,0.52196,0.0,0.0,1,0.03413,11.2,0
128,2048,112.0,8.0,32,0.9,120000,10.0,0.01707,0.46976,0.52196,0.0,0.0,1,0.01707,11.2,0
128,2048,112.0,8.0,32,0.9,30000,30.0,0.06827,0.46976,0.52196,0.0,0.0,1,0.06827,11.2,0
128,2048,112.0,8.0,32,0.9,60000,30.0,0.03413,0.46976,0.52196,0.0,0.0,1,0.03413,11.2,0
128,2048,112.0,8.0,32,0.9,120000,30.0,0.01707,0.46976,0.52196,0.0,0.0,1,0.01707,11.2,0
128,2048,112.0,8.0,32,0.99,30000,0.2,0.06827,0.46976,0.47451,0.24468,0.40283,0,-0.17641,1.12,1
128,2048,112.0,8.0,32,0.99,60000,0.2,0.03413,0.46976,0.47451,0.24468,0.40283,0,-0.21054,1.12,1
128,2048,112.0,8.0,32,0.99,120000,0.2,0.01707,0.46976,0.47451,0.24468,0.40283,0,-0.22761,1.12,1
128,2048,112.0,8.0,32,0.99,30000,0.5,0.06827,0.46976,0.47451,0.08949,0.2861,0,-0.02123,1.12,0
128,2048,112.0,8.0,32,0.99,60000,0.5,0.03413,0.46976,0.47451,0.08949,0.2861,0,-0.05536,1.12,0
128,2048,112.0,8.0,32,0.99,120000,0.5,0.01707,0.46976,0.47451,0.08949,0.2861,0,-0.07243,1.12,0
128,2048,112.0,8.0,32,0.99,30000,1.0,0.06827,0.46976,0.47451,0.02701,0.12199,1,0.04126,1.12,0
128,2048,112.0,8.0,32,0.99,60000,1.0,0.03413,0.46976,0.47451,0.02701,0.12199,1,0.00713,1.12,0
128,2048,112.0,8.0,32,0.99,120000,1.0,0.01707,0.46976,0.47451,0.02701,0.12199,0,-0.00994,1.12,0
128,2048,112.0,8.0,32,0.99,30000,2.0,0.06827,0.46976,0.47451,0.0048,0.0,1,0.06347,1.12,0
128,2048,112.0,8.0,32,0.99,60000,2.0,0.03413,0.46976,0.47451,0.0048,0.0,1,0.02933,1.12,0
128,2048,112.0,8.0,32,0.99,120000,2.0,0.01707,0.46976,0.47451,0.0048,0.0,1,0.01227,1.12,0
128,2048,112.0,8.0,32,0.99,30000,5.0,0.06827,0.46976,0.47451,0.00032,0.0,1,0.06795,1.12,0
128,2048,112.0,8.0,32,0.99,60000,5.0,0.03413,0.46976,0.47451,0.00032,0.0,1,0.03381,1.12,0
128,2048,112.0,8.0,32,0.99,120000,5.0,0.01707,0.46976,0.47451,0.00032,0.0,1,0.01675,1.12,0
128,2048,112.0,8.0,32,0.99,30000,10.0,0.06827,0.46976,0.47451,0.0,0.0,1,0.06827,1.12,0
128,2048,112.0,8.0,32,0.99,60000,10.0,0.03413,0.46976,0.47451,0.0,0.0,1,0.03413,1.12,0
128,2048,112.0,8.0,32,0.99,120000,10.0,0.01707,0.46976,0.47451,0.0,0.0,1,0.01707,1.12,0
128,2048,112.0,8.0,32,0.99,30000,30.0,0.06827,0.46976,0.47451,0.0,0.0,1,0.06827,1.12,0
128,2048,112.0,8.0,32,0.99,60000,30.0,0.03413,0.46976,0.47451,0.0,0.0,1,0.03413,1.12,0
128,2048,112.0,8.0,32,0.99,120000,30.0,0.01707,0.46976,0.47451,0.0,0.0,1,0.01707,1.12,0
128,2048,112.0,16.0,1,0.5,30000,0.2,0.06827,0.00734,0.01468,0.0,0.0,1,0.06826,56.0,0
128,2048,112.0,16.0,1,0.5,60000,0.2,0.03413,0.00734,0.01468,0.0,0.0,1,0.03413,56.0,0
128,2048,112.0,16.0,1,0.5,120000,0.2,0.01707,0.00734,0.01468,0.0,0.0,1,0.01706,56.0,0
128,2048,112.0,16.0,1,0.5,30000,0.5,0.06827,0.00734,0.01468,0.0,0.0,1,0.06827,56.0,0
128,2048,112.0,16.0,1,0.5,60000,0.5,0.03413,0.00734,0.01468,0.0,0.0,1,0.03413,56.0,0
128,2048,112.0,16.0,1,0.5,120000,0.5,0.01707,0.00734,0.01468,0.0,0.0,1,0.01707,56.0,0
128,2048,112.0,16.0,1,0.5,30000,1.0,0.06827,0.00734,0.01468,0.0,0.0,1,0.06827,56.0,0
128,2048,112.0,16.0,1,0.5,60000,1.0,0.03413,0.00734,0.01468,0.0,0.0,1,0.03413,56.0,0
128,2048,112.0,16.0,1,0.5,120000,1.0,0.01707,0.00734,0.01468,0.0,0.0,1,0.01707,56.0,0
128,2048,112.0,16.0,1,0.5,30000,2.0,0.06827,0.00734,0.01468,0.0,0.0,1,0.06827,56.0,0
128,2048,112.0,16.0,1,0.5,60000,2.0,0.03413,0.00734,0.01468,0.0,0.0,1,0.03413,56.0,0
128,2048,112.0,16.0,1,0.5,120000,2.0,0.01707,0.00734,0.01468,0.0,0.0,1,0.01707,56.0,0
128,2048,112.0,16.0,1,0.5,30000,5.0,0.06827,0.00734,0.01468,0.0,0.0,1,0.06827,56.0,0
128,2048,112.0,16.0,1,0.5,60000,5.0,0.03413,0.00734,0.01468,0.0,0.0,1,0.03413,56.0,0
128,2048,112.0,16.0,1,0.5,120000,5.0,0.01707,0.00734,0.01468,0.0,0.0,1,0.01707,56.0,0
128,2048,112.0,16.0,1,0.5,30000,10.0,0.06827,0.00734,0.01468,0.0,0.0,1,0.06827,56.0,0
128,2048,112.0,16.0,1,0.5,60000,10.0,0.03413,0.00734,0.01468,0.0,0.0,1,0.03413,56.0,0
128,2048,112.0,16.0,1,0.5,120000,10.0,0.01707,0.00734,0.01468,0.0,0.0,1,0.01707,56.0,0
128,2048,112.0,16.0,1,0.5,30000,30.0,0.06827,0.00734,0.01468,0.0,0.0,1,0.06827,56.0,0
128,2048,112.0,16.0,1,0.5,60000,30.0,0.03413,0.00734,0.01468,0.0,0.0,1,0.03413,56.0,0
128,2048,112.0,16.0,1,0.5,120000,30.0,0.01707,0.00734,0.01468,0.0,0.0,1,0.01707,56.0,0
128,2048,112.0,16.0,1,0.7,30000,0.2,0.06827,0.00734,0.01049,0.0,0.0,1,0.06826,33.6,0
128,2048,112.0,16.0,1,0.7,60000,0.2,0.03413,0.00734,0.01049,0.0,0.0,1,0.03413,33.6,0
128,2048,112.0,16.0,1,0.7,120000,0.2,0.01707,0.00734,0.01049,0.0,0.0,1,0.01706,33.6,0
128,2048,112.0,16.0,1,0.7,30000,0.5,0.06827,0.00734,0.01049,0.0,0.0,1,0.06827,33.6,0
128,2048,112.0,16.0,1,0.7,60000,0.5,0.03413,0.00734,0.01049,0.0,0.0,1,0.03413,33.6,0
128,2048,112.0,16.0,1,0.7,120000,0.5,0.01707,0.00734,0.01049,0.0,0.0,1,0.01707,33.6,0
128,2048,112.0,16.0,1,0.7,30000,1.0,0.06827,0.00734,0.01049,0.0,0.0,1,0.06827,33.6,0
128,2048,112.0,16.0,1,0.7,60000,1.0,0.03413,0.00734,0.01049,0.0,0.0,1,0.03413,33.6,0
128,2048,112.0,16.0,1,0.7,120000,1.0,0.01707,0.00734,0.01049,0.0,0.0,1,0.01707,33.6,0
128,2048,112.0,16.0,1,0.7,30000,2.0,0.06827,0.00734,0.01049,0.0,0.0,1,0.06827,33.6,0
128,2048,112.0,16.0,1,0.7,60000,2.0,0.03413,0.00734,0.01049,0.0,0.0,1,0.03413,33.6,0
128,2048,112.0,16.0,1,0.7,120000,2.0,0.01707,0.00734,0.01049,0.0,0.0,1,0.01707,33.6,0
128,2048,112.0,16.0,1,0.7,30000,5.0,0.06827,0.00734,0.01049,0.0,0.0,1,0.06827,33.6,0
128,2048,112.0,16.0,1,0.7,60000,5.0,0.03413,0.00734,0.01049,0.0,0.0,1,0.03413,33.6,0
128,2048,112.0,16.0,1,0.7,120000,5.0,0.01707,0.00734,0.01049,0.0,0.0,1,0.01707,33.6,0
128,2048,112.0,16.0,1,0.7,30000,10.0,0.06827,0.00734,0.01049,0.0,0.0,1,0.06827,33.6,0
128,2048,112.0,16.0,1,0.7,60000,10.0,0.03413,0.00734,0.01049,0.0,0.0,1,0.03413,33.6,0
128,2048,112.0,16.0,1,0.7,120000,10.0,0.01707,0.00734,0.01049,0.0,0.0,1,0.01707,33.6,0
128,2048,112.0,16.0,1,0.7,30000,30.0,0.06827,0.00734,0.01049,0.0,0.0,1,0.06827,33.6,0
128,2048,112.0,16.0,1,0.7,60000,30.0,0.03413,0.00734,0.01049,0.0,0.0,1,0.03413,33.6,0
128,2048,112.0,16.0,1,0.7,120000,30.0,0.01707,0.00734,0.01049,0.0,0.0,1,0.01707,33.6,0
128,2048,112.0,16.0,1,0.9,30000,0.2,0.06827,0.00734,0.00816,0.0,0.0,1,0.06827,11.2,0
128,2048,112.0,16.0,1,0.9,60000,0.2,0.03413,0.00734,0.00816,0.0,0.0,1,0.03413,11.2,0
128,2048,112.0,16.0,1,0.9,120000,0.2,0.01707,0.00734,0.00816,0.0,0.0,1,0.01707,11.2,0
128,2048,112.0,16.0,1,0.9,30000,0.5,0.06827,0.00734,0.00816,0.0,0.0,1,0.06827,11.2,0
128,2048,112.0,16.0,1,0.9,60000,0.5,0.03413,0.00734,0.00816,0.0,0.0,1,0.03413,11.2,0
128,2048,112.0,16.0,1,0.9,120000,0.5,0.01707,0.00734,0.00816,0.0,0.0,1,0.01707,11.2,0
128,2048,112.0,16.0,1,0.9,30000,1.0,0.06827,0.00734,0.00816,0.0,0.0,1,0.06827,11.2,0
128,2048,112.0,16.0,1,0.9,60000,1.0,0.03413,0.00734,0.00816,0.0,0.0,1,0.03413,11.2,0
128,2048,112.0,16.0,1,0.9,120000,1.0,0.01707,0.00734,0.00816,0.0,0.0,1,0.01707,11.2,0
128,2048,112.0,16.0,1,0.9,30000,2.0,0.06827,0.00734,0.00816,0.0,0.0,1,0.06827,11.2,0
128,2048,112.0,16.0,1,0.9,60000,2.0,0.03413,0.00734,0.00816,0.0,0.0,1,0.03413,11.2,0
128,2048,112.0,16.0,1,0.9,120000,2.0,0.01707,0.00734,0.00816,0.0,0.0,1,0.01707,11.2,0
128,2048,112.0,16.0,1,0.9,30000,5.0,0.06827,0.00734,0.00816,0.0,0.0,1,0.06827,11.2,0
128,2048,112.0,16.0,1,0.9,60000,5.0,0.03413,0.00734,0.00816,0.0,0.0,1,0.03413,11.2,0
128,2048,112.0,16.0,1,0.9,120000,5.0,0.01707,0.00734,0.00816,0.0,0.0,1,0.01707,11.2,0
128,2048,112.0,16.0,1,0.9,30000,10.0,0.06827,0.00734,0.00816,0.0,0.0,1,0.06827,11.2,0
128,2048,112.0,16.0,1,0.9,60000,10.0,0.03413,0.00734,0.00816,0.0,0.0,1,0.03413,11.2,0
128,2048,112.0,16.0,1,0.9,120000,10.0,0.01707,0.00734,0.00816,0.0,0.0,1,0.01707,11.2,0
128,2048,112.0,16.0,1,0.9,30000,30.0,0.06827,0.00734,0.00816,0.0,0.0,1,0.06827,11.2,0
128,2048,112.0,16.0,1,0.9,60000,30.0,0.03413,0.00734,0.00816,0.0,0.0,1,0.03413,11.2,0
128,2048,112.0,16.0,1,0.9,120000,30.0,0.01707,0.00734,0.00816,0.0,0.0,1,0.01707,11.2,0
128,2048,112.0,16.0,1,0.99,30000,0.2,0.06827,0.00734,0.00741,0.0,0.0,1,0.06827,1.12,0
128,2048,112.0,16.0,1,0.99,60000,0.2,0.03413,0.00734,0.00741,0.0,0.0,1,0.03413,1.12,0
128,2048,112.0,16.0,1,0.99,120000,0.2,0.01707,0.00734,0.00741,0.0,0.0,1,0.01707,1.12,0
128,2048,112.0,16.0,1,0.99,30000,0.5,0.06827,0.00734,0.00741,0.0,0.0,1,0.06827,1.12,0
128,2048,112.0,16.0,1,0.99,60000,0.5,0.03413,0.00734,0.00741,0.0,0.0,1,0.03413,1.12,0
128,2048,112.0,16.0,1,0.99,120000,0.5,0.01707,0.00734,0.00741,0.0,0.0,1,0.01707,1.12,0
128,2048,112.0,16.0,1,0.99,30000,1.0,0.06827,0.00734,0.00741,0.0,0.0,1,0.06827,1.12,0
128,2048,112.0,16.0,1,0.99,60000,1.0,0.03413,0.00734,0.00741,0.0,0.0,1,0.03413,1.12,0
128,2048,112.0,16.0,1,0.99,120000,1.0,0.01707,0.00734,0.00741,0.0,0.0,1,0.01707,1.12,0
128,2048,112.0,16.0,1,0.99,30000,2.0,0.06827,0.00734,0.00741,0.0,0.0,1,0.06827,1.12,0
128,2048,112.0,16.0,1,0.99,60000,2.0,0.03413,0.00734,0.00741,0.0,0.0,1,0.03413,1.12,0
128,2048,112.0,16.0,1,0.99,120000,2.0,0.01707,0.00734,0.00741,0.0,0.0,1,0.01707,1.12,0
128,2048,112.0,16.0,1,0.99,30000,5.0,0.06827,0.00734,0.00741,0.0,0.0,1,0.06827,1.12,0
128,2048,112.0,16.0,1,0.99,60000,5.0,0.03413,0.00734,0.00741,0.0,0.0,1,0.03413,1.12,0
128,2048,112.0,16.0,1,0.99,120000,5.0,0.01707,0.00734,0.00741,0.0,0.0,1,0.01707,1.12,0
128,2048,112.0,16.0,1,0.99,30000,10.0,0.06827,0.00734,0.00741,0.0,0.0,1,0.06827,1.12,0
128,2048,112.0,16.0,1,0.99,60000,10.0,0.03413,0.00734,0.00741,0.0,0.0,1,0.03413,1.12,0
128,2048,112.0,16.0,1,0.99,120000,10.0,0.01707,0.00734,0.00741,0.0,0.0,1,0.01707,1.12,0
128,2048,112.0,16.0,1,0.99,30000,30.0,0.06827,0.00734,0.00741,0.0,0.0,1,0.06827,1.12,0
128,2048,112.0,16.0,1,0.99,60000,30.0,0.03413,0.00734,0.00741,0.0,0.0,1,0.03413,1.12,0
128,2048,112.0,16.0,1,0.99,120000,30.0,0.01707,0.00734,0.00741,0.0,0.0,1,0.01707,1.12,0
128,2048,112.0,16.0,2,0.5,30000,0.2,0.06827,0.01468,0.02936,4e-05,0.0,1,0.06822,56.0,0
128,2048,112.0,16.0,2,0.5,60000,0.2,0.03413,0.01468,0.02936,4e-05,0.0,1,0.03409,56.0,0
128,2048,112.0,16.0,2,0.5,120000,0.2,0.01707,0.01468,0.02936,4e-05,0.0,1,0.01702,56.0,0
128,2048,112.0,16.0,2,0.5,30000,0.5,0.06827,0.01468,0.02936,0.0,0.0,1,0.06827,56.0,0
128,2048,112.0,16.0,2,0.5,60000,0.5,0.03413,0.01468,0.02936,0.0,0.0,1,0.03413,56.0,0
128,2048,112.0,16.0,2,0.5,120000,0.5,0.01707,0.01468,0.02936,0.0,0.0,1,0.01707,56.0,0
128,2048,112.0,16.0,2,0.5,30000,1.0,0.06827,0.01468,0.02936,0.0,0.0,1,0.06827,56.0,0
128,2048,112.0,16.0,2,0.5,60000,1.0,0.03413,0.01468,0.02936,0.0,0.0,1,0.03413,56.0,0
128,2048,112.0,16.0,2,0.5,120000,1.0,0.01707,0.01468,0.02936,0.0,0.0,1,0.01707,56.0,0
128,2048,112.0,16.0,2,0.5,30000,2.0,0.06827,0.01468,0.02936,0.0,0.0,1,0.06827,56.0,0
128,2048,112.0,16.0,2,0.5,60000,2.0,0.03413,0.01468,0.02936,0.0,0.0,1,0.03413,56.0,0
128,2048,112.0,16.0,2,0.5,120000,2.0,0.01707,0.01468,0.02936,0.0,0.0,1,0.01707,56.0,0
128,2048,112.0,16.0,2,0.5,30000,5.0,0.06827,0.01468,0.02936,0.0,0.0,1,0.06827,56.0,0
128,2048,112.0,16.0,2,0.5,60000,5.0,0.03413,0.01468,0.02936,0.0,0.0,1,0.03413,56.0,0
128,2048,112.0,16.0,2,0.5,120000,5.0,0.01707,0.01468,0.02936,0.0,0.0,1,0.01707,56.0,0
128,2048,112.0,16.0,2,0.5,30000,10.0,0.06827,0.01468,0.02936,0.0,0.0,1,0.06827,56.0,0
128,2048,112.0,16.0,2,0.5,60000,10.0,0.03413,0.01468,0.02936,0.0,0.0,1,0.03413,56.0,0
128,2048,112.0,16.0,2,0.5,120000,10.0,0.01707,0.01468,0.02936,0.0,0.0,1,0.01707,56.0,0
128,2048,112.0,16.0,2,0.5,30000,30.0,0.06827,0.01468,0.02936,0.0,0.0,1,0.06827,56.0,0
128,2048,112.0,16.0,2,0.5,60000,30.0,0.03413,0.01468,0.02936,0.0,0.0,1,0.03413,56.0,0
128,2048,112.0,16.0,2,0.5,120000,30.0,0.01707,0.01468,0.02936,0.0,0.0,1,0.01707,56.0,0
128,2048,112.0,16.0,2,0.7,30000,0.2,0.06827,0.01468,0.02097,1e-05,0.0,1,0.06826,33.6,0
128,2048,112.0,16.0,2,0.7,60000,0.2,0.03413,0.01468,0.02097,1e-05,0.0,1,0.03413,33.6,0
128,2048,112.0,16.0,2,0.7,120000,0.2,0.01707,0.01468,0.02097,1e-05,0.0,1,0.01706,33.6,0
128,2048,112.0,16.0,2,0.7,30000,0.5,0.06827,0.01468,0.02097,0.0,0.0,1,0.06827,33.6,0
128,2048,112.0,16.0,2,0.7,60000,0.5,0.03413,0.01468,0.02097,0.0,0.0,1,0.03413,33.6,0
128,2048,112.0,16.0,2,0.7,120000,0.5,0.01707,0.01468,0.02097,0.0,0.0,1,0.01707,33.6,0
128,2048,112.0,16.0,2,0.7,30000,1.0,0.06827,0.01468,0.02097,0.0,0.0,1,0.06827,33.6,0
128,2048,112.0,16.0,2,0.7,60000,1.0,0.03413,0.01468,0.02097,0.0,0.0,1,0.03413,33.6,0
128,2048,112.0,16.0,2,0.7,120000,1.0,0.01707,0.01468,0.02097,0.0,0.0,1,0.01707,33.6,0
128,2048,112.0,16.0,2,0.7,30000,2.0,0.06827,0.01468,0.02097,0.0,0.0,1,0.06827,33.6,0
128,2048,112.0,16.0,2,0.7,60000,2.0,0.03413,0.01468,0.02097,0.0,0.0,1,0.03413,33.6,0
128,2048,112.0,16.0,2,0.7,120000,2.0,0.01707,0.01468,0.02097,0.0,0.0,1,0.01707,33.6,0
128,2048,112.0,16.0,2,0.7,30000,5.0,0.06827,0.01468,0.02097,0.0,0.0,1,0.06827,33.6,0
128,2048,112.0,16.0,2,0.7,60000,5.0,0.03413,0.01468,0.02097,0.0,0.0,1,0.03413,33.6,0
128,2048,112.0,16.0,2,0.7,120000,5.0,0.01707,0.01468,0.02097,0.0,0.0,1,0.01707,33.6,0
128,2048,112.0,16.0,2,0.7,30000,10.0,0.06827,0.01468,0.02097,0.0,0.0,1,0.06827,33.6,0
128,2048,112.0,16.0,2,0.7,60000,10.0,0.03413,0.01468,0.02097,0.0,0.0,1,0.03413,33.6,0
128,2048,112.0,16.0,2,0.7,120000,10.0,0.01707,0.01468,0.02097,0.0,0.0,1,0.01707,33.6,0
128,2048,112.0,16.0,2,0.7,30000,30.0,0.06827,0.01468,0.02097,0.0,0.0,1,0.06827,33.6,0
128,2048,112.0,16.0,2,0.7,60000,30.0,0.03413,0.01468,0.02097,0.0,0.0,1,0.03413,33.6,0
128,2048,112.0,16.0,2,0.7,120000,30.0,0.01707,0.01468,0.02097,0.0,0.0,1,0.01707,33.6,0
128,2048,112.0,16.0,2,0.9,30000,0.2,0.06827,0.01468,0.01631,0.0,0.0,1,0.06826,11.2,0
128,2048,112.0,16.0,2,0.9,60000,0.2,0.03413,0.01468,0.01631,0.0,0.0,1,0.03413,11.2,0
128,2048,112.0,16.0,2,0.9,120000,0.2,0.01707,0.01468,0.01631,0.0,0.0,1,0.01706,11.2,0
128,2048,112.0,16.0,2,0.9,30000,0.5,0.06827,0.01468,0.01631,0.0,0.0,1,0.06827,11.2,0
128,2048,112.0,16.0,2,0.9,60000,0.5,0.03413,0.01468,0.01631,0.0,0.0,1,0.03413,11.2,0
128,2048,112.0,16.0,2,0.9,120000,0.5,0.01707,0.01468,0.01631,0.0,0.0,1,0.01707,11.2,0
128,2048,112.0,16.0,2,0.9,30000,1.0,0.06827,0.01468,0.01631,0.0,0.0,1,0.06827,11.2,0
128,2048,112.0,16.0,2,0.9,60000,1.0,0.03413,0.01468,0.01631,0.0,0.0,1,0.03413,11.2,0
128,2048,112.0,16.0,2,0.9,120000,1.0,0.01707,0.01468,0.01631,0.0,0.0,1,0.01707,11.2,0
128,2048,112.0,16.0,2,0.9,30000,2.0,0.06827,0.01468,0.01631,0.0,0.0,1,0.06827,11.2,0
128,2048,112.0,16.0,2,0.9,60000,2.0,0.03413,0.01468,0.01631,0.0,0.0,1,0.03413,11.2,0
128,2048,112.0,16.0,2,0.9,120000,2.0,0.01707,0.01468,0.01631,0.0,0.0,1,0.01707,11.2,0
128,2048,112.0,16.0,2,0.9,30000,5.0,0.06827,0.01468,0.01631,0.0,0.0,1,0.06827,11.2,0
128,2048,112.0,16.0,2,0.9,60000,5.0,0.03413,0.01468,0.01631,0.0,0.0,1,0.03413,11.2,0
128,2048,112.0,16.0,2,0.9,120000,5.0,0.01707,0.01468,0.01631,0.0,0.0,1,0.01707,11.2,0
128,2048,112.0,16.0,2,0.9,30000,10.0,0.06827,0.01468,0.01631,0.0,0.0,1,0.06827,11.2,0
128,2048,112.0,16.0,2,0.9,60000,10.0,0.03413,0.01468,0.01631,0.0,0.0,1,0.03413,11.2,0
128,2048,112.0,16.0,2,0.9,120000,10.0,0.01707,0.01468,0.01631,0.0,0.0,1,0.01707,11.2,0
128,2048,112.0,16.0,2,0.9,30000,30.0,0.06827,0.01468,0.01631,0.0,0.0,1,0.06827,11.2,0
128,2048,112.0,16.0,2,0.9,60000,30.0,0.03413,0.01468,0.01631,0.0,0.0,1,0.03413,11.2,0
128,2048,112.0,16.0,2,0.9,120000,30.0,0.01707,0.01468,0.01631,0.0,0.0,1,0.01707,11.2,0
128,2048,112.0,16.0,2,0.99,30000,0.2,0.06827,0.01468,0.01483,0.0,0.0,1,0.06827,1.12,0
128,2048,112.0,16.0,2,0.99,60000,0.2,0.03413,0.01468,0.01483,0.0,0.0,1,0.03413,1.12,0
128,2048,112.0,16.0,2,0.99,120000,0.2,0.01707,0.01468,0.01483,0.0,0.0,1,0.01707,1.12,0
128,2048,112.0,16.0,2,0.99,30000,0.5,0.06827,0.01468,0.01483,0.0,0.0,1,0.06827,1.12,0
128,2048,112.0,16.0,2,0.99,60000,0.5,0.03413,0.01468,0.01483,0.0,0.0,1,0.03413,1.12,0
128,2048,112.0,16.0,2,0.99,120000,0.5,0.01707,0.01468,0.01483,0.0,0.0,1,0.01707,1.12,0
128,2048,112.0,16.0,2,0.99,30000,1.0,0.06827,0.01468,0.01483,0.0,0.0,1,0.06827,1.12,0
128,2048,112.0,16.0,2,0.99,60000,1.0,0.03413,0.01468,0.01483,0.0,0.0,1,0.03413,1.12,0
128,2048,112.0,16.0,2,0.99,120000,1.0,0.01707,0.01468,0.01483,0.0,0.0,1,0.01707,1.12,0
128,2048,112.0,16.0,2,0.99,30000,2.0,0.06827,0.01468,0.01483,0.0,0.0,1,0.06827,1.12,0
128,2048,112.0,16.0,2,0.99,60000,2.0,0.03413,0.01468,0.01483,0.0,0.0,1,0.03413,1.12,0
128,2048,112.0,16.0,2,0.99,120000,2.0,0.01707,0.01468,0.01483,0.0,0.0,1,0.01707,1.12,0
128,2048,112.0,16.0,2,0.99,30000,5.0,0.06827,0.01468,0.01483,0.0,0.0,1,0.06827,1.12,0
128,2048,112.0,16.0,2,0.99,60000,5.0,0.03413,0.01468,0.01483,0.0,0.0,1,0.03413,1.12,0
128,2048,112.0,16.0,2,0.99,120000,5.0,0.01707,0.01468,0.01483,0.0,0.0,1,0.01707,1.12,0
128,2048,112.0,16.0,2,0.99,30000,10.0,0.06827,0.01468,0.01483,0.0,0.0,1,0.06827,1.12,0
128,2048,112.0,16.0,2,0.99,60000,10.0,0.03413,0.01468,0.01483,0.0,0.0,1,0.03413,1.12,0
128,2048,112.0,16.0,2,0.99,120000,10.0,0.01707,0.01468,0.01483,0.0,0.0,1,0.01707,1.12,0
128,2048,112.0,16.0,2,0.99,30000,30.0,0.06827,0.01468,0.01483,0.0,0.0,1,0.06827,1.12,0
128,2048,112.0,16.0,2,0.99,60000,30.0,0.03413,0.01468,0.01483,0.0,0.0,1,0.03413,1.12,0
128,2048,112.0,16.0,2,0.99,120000,30.0,0.01707,0.01468,0.01483,0.0,0.0,1,0.01707,1.12,0
128,2048,112.0,16.0,4,0.5,30000,0.2,0.06827,0.02936,0.05872,0.00117,0.0,1,0.0671,56.0,0
128,2048,112.0,16.0,4,0.5,60000,0.2,0.03413,0.02936,0.05872,0.00117,0.0,1,0.03296,56.0,0
128,2048,112.0,16.0,4,0.5,120000,0.2,0.01707,0.02936,0.05872,0.00117,0.0,1,0.0159,56.0,0
128,2048,112.0,16.0,4,0.5,30000,0.5,0.06827,0.02936,0.05872,5e-05,0.0,1,0.06821,56.0,0
128,2048,112.0,16.0,4,0.5,60000,0.5,0.03413,0.02936,0.05872,5e-05,0.0,1,0.03408,56.0,0
128,2048,112.0,16.0,4,0.5,120000,0.5,0.01707,0.02936,0.05872,5e-05,0.0,1,0.01701,56.0,0
128,2048,112.0,16.0,4,0.5,30000,1.0,0.06827,0.02936,0.05872,0.0,0.0,1,0.06827,56.0,0
128,2048,112.0,16.0,4,0.5,60000,1.0,0.03413,0.02936,0.05872,0.0,0.0,1,0.03413,56.0,0
128,2048,112.0,16.0,4,0.5,120000,1.0,0.01707,0.02936,0.05872,0.0,0.0,1,0.01707,56.0,0
128,2048,112.0,16.0,4,0.5,30000,2.0,0.06827,0.02936,0.05872,0.0,0.0,1,0.06827,56.0,0
128,2048,112.0,16.0,4,0.5,60000,2.0,0.03413,0.02936,0.05872,0.0,0.0,1,0.03413,56.0,0
128,2048,112.0,16.0,4,0.5,120000,2.0,0.01707,0.02936,0.05872,0.0,0.0,1,0.01707,56.0,0
128,2048,112.0,16.0,4,0.5,30000,5.0,0.06827,0.02936,0.05872,0.0,0.0,1,0.06827,56.0,0
128,2048,112.0,16.0,4,0.5,60000,5.0,0.03413,0.02936,0.05872,0.0,0.0,1,0.03413,56.0,0
128,2048,112.0,16.0,4,0.5,120000,5.0,0.01707,0.02936,0.05872,0.0,0.0,1,0.01707,56.0,0
128,2048,112.0,16.0,4,0.5,30000,10.0,0.06827,0.02936,0.05872,0.0,0.0,1,0.06827,56.0,0
128,2048,112.0,16.0,4,0.5,60000,10.0,0.03413,0.02936,0.05872,0.0,0.0,1,0.03413,56.0,0
128,2048,112.0,16.0,4,0.5,120000,10.0,0.01707,0.02936,0.05872,0.0,0.0,1,0.01707,56.0,0
128,2048,112.0,16.0,4,0.5,30000,30.0,0.06827,0.02936,0.05872,0.0,0.0,1,0.06827,56.0,0
128,2048,112.0,16.0,4,0.5,60000,30.0,0.03413,0.02936,0.05872,0.0,0.0,1,0.03413,56.0,0
128,2048,112.0,16.0,4,0.5,120000,30.0,0.01707,0.02936,0.05872,0.0,0.0,1,0.01707,56.0,0
128,2048,112.0,16.0,4,0.7,30000,0.2,0.06827,0.02936,0.04194,0.00022,0.0,1,0.06805,33.6,0
128,2048,112.0,16.0,4,0.7,60000,0.2,0.03413,0.02936,0.04194,0.00022,0.0,1,0.03392,33.6,0
128,2048,112.0,16.0,4,0.7,120000,0.2,0.01707,0.02936,0.04194,0.00022,0.0,1,0.01685,33.6,0
128,2048,112.0,16.0,4,0.7,30000,0.5,0.06827,0.02936,0.04194,1e-05,0.0,1,0.06826,33.6,0
128,2048,112.0,16.0,4,0.7,60000,0.5,0.03413,0.02936,0.04194,1e-05,0.0,1,0.03412,33.6,0
128,2048,112.0,16.0,4,0.7,120000,0.5,0.01707,0.02936,0.04194,1e-05,0.0,1,0.01706,33.6,0
128,2048,112.0,16.0,4,0.7,30000,1.0,0.06827,0.02936,0.04194,0.0,0.0,1,0.06827,33.6,0
128,2048,112.0,16.0,4,0.7,60000,1.0,0.03413,0.02936,0.04194,0.0,0.0,1,0.03413,33.6,0
128,2048,112.0,16.0,4,0.7,120000,1.0,0.01707,0.02936,0.04194,0.0,0.0,1,0.01707,33.6,0
128,2048,112.0,16.0,4,0.7,30000,2.0,0.06827,0.02936,0.04194,0.0,0.0,1,0.06827,33.6,0
128,2048,112.0,16.0,4,0.7,60000,2.0,0.03413,0.02936,0.04194,0.0,0.0,1,0.03413,33.6,0
128,2048,112.0,16.0,4,0.7,120000,2.0,0.01707,0.02936,0.04194,0.0,0.0,1,0.01707,33.6,0
128,2048,112.0,16.0,4,0.7,30000,5.0,0.06827,0.02936,0.04194,0.0,0.0,1,0.06827,33.6,0
128,2048,112.0,16.0,4,0.7,60000,5.0,0.03413,0.02936,0.04194,0.0,0.0,1,0.03413,33.6,0
128,2048,112.0,16.0,4,0.7,120000,5.0,0.01707,0.02936,0.04194,0.0,0.0,1,0.01707,33.6,0
128,2048,112.0,16.0,4,0.7,30000,10.0,0.06827,0.02936,0.04194,0.0,0.0,1,0.06827,33.6,0
128,2048,112.0,16.0,4,0.7,60000,10.0,0.03413,0.02936,0.04194,0.0,0.0,1,0.03413,33.6,0
128,2048,112.0,16.0,4,0.7,120000,10.0,0.01707,0.02936,0.04194,0.0,0.0,1,0.01707,33.6,0
128,2048,112.0,16.0,4,0.7,30000,30.0,0.06827,0.02936,0.04194,0.0,0.0,1,0.06827,33.6,0
128,2048,112.0,16.0,4,0.7,60000,30.0,0.03413,0.02936,0.04194,0.0,0.0,1,0.03413,33.6,0
128,2048,112.0,16.0,4,0.7,120000,30.0,0.01707,0.02936,0.04194,0.0,0.0,1,0.01707,33.6,0
128,2048,112.0,16.0,4,0.9,30000,0.2,0.06827,0.02936,0.03262,0.00012,0.0,1,0.06815,11.2,0
128,2048,112.0,16.0,4,0.9,60000,0.2,0.03413,0.02936,0.03262,0.00012,0.0,1,0.03401,11.2,0
128,2048,112.0,16.0,4,0.9,120000,0.2,0.01707,0.02936,0.03262,0.00012,0.0,1,0.01695,11.2,0
128,2048,112.0,16.0,4,0.9,30000,0.5,0.06827,0.02936,0.03262,0.0,0.0,1,0.06826,11.2,0
128,2048,112.0,16.0,4,0.9,60000,0.5,0.03413,0.02936,0.03262,0.0,0.0,1,0.03413,11.2,0
128,2048,112.0,16.0,4,0.9,120000,0.5,0.01707,0.02936,0.03262,0.0,0.0,1,0.01706,11.2,0
128,2048,112.0,16.0,4,0.9,30000,1.0,0.06827,0.02936,0.03262,0.0,0.0,1,0.06827,11.2,0
128,2048,112.0,16.0,4,0.9,60000,1.0,0.03413,0.02936,0.03262,0.0,0.0,1,0.03413,11.2,0
128,2048,112.0,16.0,4,0.9,120000,1.0,0.01707,0.02936,0.03262,0.0,0.0,1,0.01707,11.2,0
128,2048,112.0,16.0,4,0.9,30000,2.0,0.06827,0.02936,0.03262,0.0,0.0,1,0.06827,11.2,0
128,2048,112.0,16.0,4,0.9,60000,2.0,0.03413,0.02936,0.03262,0.0,0.0,1,0.03413,11.2,0
128,2048,112.0,16.0,4,0.9,120000,2.0,0.01707,0.02936,0.03262,0.0,0.0,1,0.01707,11.2,0
128,2048,112.0,16.0,4,0.9,30000,5.0,0.06827,0.02936,0.03262,0.0,0.0,1,0.06827,11.2,0
128,2048,112.0,16.0,4,0.9,60000,5.0,0.03413,0.02936,0.03262,0.0,0.0,1,0.03413,11.2,0
128,2048,112.0,16.0,4,0.9,120000,5.0,0.01707,0.02936,0.03262,0.0,0.0,1,0.01707,11.2,0
128,2048,112.0,16.0,4,0.9,30000,10.0,0.06827,0.02936,0.03262,0.0,0.0,1,0.06827,11.2,0
128,2048,112.0,16.0,4,0.9,60000,10.0,0.03413,0.02936,0.03262,0.0,0.0,1,0.03413,11.2,0
128,2048,112.0,16.0,4,0.9,120000,10.0,0.01707,0.02936,0.03262,0.0,0.0,1,0.01707,11.2,0
128,2048,112.0,16.0,4,0.9,30000,30.0,0.06827,0.02936,0.03262,0.0,0.0,1,0.06827,11.2,0
128,2048,112.0,16.0,4,0.9,60000,30.0,0.03413,0.02936,0.03262,0.0,0.0,1,0.03413,11.2,0
128,2048,112.0,16.0,4,0.9,120000,30.0,0.01707,0.02936,0.03262,0.0,0.0,1,0.01707,11.2,0
128,2048,112.0,16.0,4,0.99,30000,0.2,0.06827,0.02936,0.02966,5e-05,0.0,1,0.06821,1.12,0
128,2048,112.0,16.0,4,0.99,60000,0.2,0.03413,0.02936,0.02966,5e-05,0.0,1,0.03408,1.12,0
128,2048,112.0,16.0,4,0.99,120000,0.2,0.01707,0.02936,0.02966,5e-05,0.0,1,0.01701,1.12,0
128,2048,112.0,16.0,4,0.99,30000,0.5,0.06827,0.02936,0.02966,0.0,0.0,1,0.06827,1.12,0
128,2048,112.0,16.0,4,0.99,60000,0.5,0.03413,0.02936,0.02966,0.0,0.0,1,0.03413,1.12,0
128,2048,112.0,16.0,4,0.99,120000,0.5,0.01707,0.02936,0.02966,0.0,0.0,1,0.01707,1.12,0
128,2048,112.0,16.0,4,0.99,30000,1.0,0.06827,0.02936,0.02966,0.0,0.0,1,0.06827,1.12,0
128,2048,112.0,16.0,4,0.99,60000,1.0,0.03413,0.02936,0.02966,0.0,0.0,1,0.03413,1.12,0
128,2048,112.0,16.0,4,0.99,120000,1.0,0.01707,0.02936,0.02966,0.0,0.0,1,0.01707,1.12,0
128,2048,112.0,16.0,4,0.99,30000,2.0,0.06827,0.02936,0.02966,0.0,0.0,1,0.06827,1.12,0
128,2048,112.0,16.0,4,0.99,60000,2.0,0.03413,0.02936,0.02966,0.0,0.0,1,0.03413,1.12,0
128,2048,112.0,16.0,4,0.99,120000,2.0,0.01707,0.02936,0.02966,0.0,0.0,1,0.01707,1.12,0
128,2048,112.0,16.0,4,0.99,30000,5.0,0.06827,0.02936,0.02966,0.0,0.0,1,0.06827,1.12,0
128,2048,112.0,16.0,4,0.99,60000,5.0,0.03413,0.02936,0.02966,0.0,0.0,1,0.03413,1.12,0
128,2048,112.0,16.0,4,0.99,120000,5.0,0.01707,0.02936,0.02966,0.0,0.0,1,0.01707,1.12,0
128,2048,112.0,16.0,4,0.99,30000,10.0,0.06827,0.02936,0.02966,0.0,0.0,1,0.06827,1.12,0
128,2048,112.0,16.0,4,0.99,60000,10.0,0.03413,0.02936,0.02966,0.0,0.0,1,0.03413,1.12,0
128,2048,112.0,16.0,4,0.99,120000,10.0,0.01707,0.02936,0.02966,0.0,0.0,1,0.01707,1.12,0
128,2048,112.0,16.0,4,0.99,30000,30.0,0.06827,0.02936,0.02966,0.0,0.0,1,0.06827,1.12,0
128,2048,112.0,16.0,4,0.99,60000,30.0,0.03413,0.02936,0.02966,0.0,0.0,1,0.03413,1.12,0
128,2048,112.0,16.0,4,0.99,120000,30.0,0.01707,0.02936,0.02966,0.0,0.0,1,0.01707,1.12,0
128,2048,112.0,16.0,8,0.5,30000,0.2,0.06827,0.05872,0.11744,0.00917,0.04335,1,0.05909,56.0,0
128,2048,112.0,16.0,8,0.5,60000,0.2,0.03413,0.05872,0.11744,0.00917,0.04335,1,0.02496,56.0,0
128,2048,112.0,16.0,8,0.5,120000,0.2,0.01707,0.05872,0.11744,0.00917,0.04335,1,0.00789,56.0,0
128,2048,112.0,16.0,8,0.5,30000,0.5,0.06827,0.05872,0.11744,0.00084,0.0,1,0.06743,56.0,0
128,2048,112.0,16.0,8,0.5,60000,0.5,0.03413,0.05872,0.11744,0.00084,0.0,1,0.03329,56.0,0
128,2048,112.0,16.0,8,0.5,120000,0.5,0.01707,0.05872,0.11744,0.00084,0.0,1,0.01623,56.0,0
128,2048,112.0,16.0,8,0.5,30000,1.0,0.06827,0.05872,0.11744,4e-05,0.0,1,0.06823,56.0,0
128,2048,112.0,16.0,8,0.5,60000,1.0,0.03413,0.05872,0.11744,4e-05,0.0,1,0.03409,56.0,0
128,2048,112.0,16.0,8,0.5,120000,1.0,0.01707,0.05872,0.11744,4e-05,0.0,1,0.01703,56.0,0
128,2048,112.0,16.0,8,0.5,30000,2.0,0.06827,0.05872,0.11744,0.0,0.0,1,0.06827,56.0,0
128,2048,112.0,16.0,8,0.5,60000,2.0,0.03413,0.05872,0.11744,0.0,0.0,1,0.03413,56.0,0
128,2048,112.0,16.0,8,0.5,120000,2.0,0.01707,0.05872,0.11744,0.0,0.0,1,0.01707,56.0,0
128,2048,112.0,16.0,8,0.5,30000,5.0,0.06827,0.05872,0.11744,0.0,0.0,1,0.06827,56.0,0
128,2048,112.0,16.0,8,0.5,60000,5.0,0.03413,0.05872,0.11744,0.0,0.0,1,0.03413,56.0,0
128,2048,112.0,16.0,8,0.5,120000,5.0,0.01707,0.05872,0.11744,0.0,0.0,1,0.01707,56.0,0
128,2048,112.0,16.0,8,0.5,30000,10.0,0.06827,0.05872,0.11744,0.0,0.0,1,0.06827,56.0,0
128,2048,112.0,16.0,8,0.5,60000,10.0,0.03413,0.05872,0.11744,0.0,0.0,1,0.03413,56.0,0
128,2048,112.0,16.0,8,0.5,120000,10.0,0.01707,0.05872,0.11744,0.0,0.0,1,0.01707,56.0,0
128,2048,112.0,16.0,8,0.5,30000,30.0,0.06827,0.05872,0.11744,0.0,0.0,1,0.06827,56.0,0
128,2048,112.0,16.0,8,0.5,60000,30.0,0.03413,0.05872,0.11744,0.0,0.0,1,0.03413,56.0,0
128,2048,112.0,16.0,8,0.5,120000,30.0,0.01707,0.05872,0.11744,0.0,0.0,1,0.01707,56.0,0
128,2048,112.0,16.0,8,0.7,30000,0.2,0.06827,0.05872,0.08389,0.00384,0.01323,1,0.06442,33.6,0
128,2048,112.0,16.0,8,0.7,60000,0.2,0.03413,0.05872,0.08389,0.00384,0.01323,1,0.03029,33.6,0
128,2048,112.0,16.0,8,0.7,120000,0.2,0.01707,0.05872,0.08389,0.00384,0.01323,1,0.01322,33.6,0
128,2048,112.0,16.0,8,0.7,30000,0.5,0.06827,0.05872,0.08389,0.00023,0.0,1,0.06804,33.6,0
128,2048,112.0,16.0,8,0.7,60000,0.5,0.03413,0.05872,0.08389,0.00023,0.0,1,0.0339,33.6,0
128,2048,112.0,16.0,8,0.7,120000,0.5,0.01707,0.05872,0.08389,0.00023,0.0,1,0.01684,33.6,0
128,2048,112.0,16.0,8,0.7,30000,1.0,0.06827,0.05872,0.08389,2e-05,0.0,1,0.06824,33.6,0
128,2048,112.0,16.0,8,0.7,60000,1.0,0.03413,0.05872,0.08389,2e-05,0.0,1,0.03411,33.6,0
128,2048,112.0,16.0,8,0.7,120000,1.0,0.01707,0.05872,0.08389,2e-05,0.0,1,0.01704,33.6,0
128,2048,112.0,16.0,8,0.7,30000,2.0,0.06827,0.05872,0.08389,0.0,0.0,1,0.06827,33.6,0
128,2048,112.0,16.0,8,0.7,60000,2.0,0.03413,0.05872,0.08389,0.0,0.0,1,0.03413,33.6,0
128,2048,112.0,16.0,8,0.7,120000,2.0,0.01707,0.05872,0.08389,0.0,0.0,1,0.01707,33.6,0
128,2048,112.0,16.0,8,0.7,30000,5.0,0.06827,0.05872,0.08389,0.0,0.0,1,0.06827,33.6,0
128,2048,112.0,16.0,8,0.7,60000,5.0,0.03413,0.05872,0.08389,0.0,0.0,1,0.03413,33.6,0
128,2048,112.0,16.0,8,0.7,120000,5.0,0.01707,0.05872,0.08389,0.0,0.0,1,0.01707,33.6,0
128,2048,112.0,16.0,8,0.7,30000,10.0,0.06827,0.05872,0.08389,0.0,0.0,1,0.06827,33.6,0
128,2048,112.0,16.0,8,0.7,60000,10.0,0.03413,0.05872,0.08389,0.0,0.0,1,0.03413,33.6,0
128,2048,112.0,16.0,8,0.7,120000,10.0,0.01707,0.05872,0.08389,0.0,0.0,1,0.01707,33.6,0
128,2048,112.0,16.0,8,0.7,30000,30.0,0.06827,0.05872,0.08389,0.0,0.0,1,0.06827,33.6,0
128,2048,112.0,16.0,8,0.7,60000,30.0,0.03413,0.05872,0.08389,0.0,0.0,1,0.03413,33.6,0
128,2048,112.0,16.0,8,0.7,120000,30.0,0.01707,0.05872,0.08389,0.0,0.0,1,0.01707,33.6,0
128,2048,112.0,16.0,8,0.9,30000,0.2,0.06827,0.05872,0.06524,0.00123,0.0,1,0.06703,11.2,0
128,2048,112.0,16.0,8,0.9,60000,0.2,0.03413,0.05872,0.06524,0.00123,0.0,1,0.0329,11.2,0
128,2048,112.0,16.0,8,0.9,120000,0.2,0.01707,0.05872,0.06524,0.00123,0.0,1,0.01583,11.2,0
128,2048,112.0,16.0,8,0.9,30000,0.5,0.06827,0.05872,0.06524,5e-05,0.0,1,0.06822,11.2,0
128,2048,112.0,16.0,8,0.9,60000,0.5,0.03413,0.05872,0.06524,5e-05,0.0,1,0.03408,11.2,0
128,2048,112.0,16.0,8,0.9,120000,0.5,0.01707,0.05872,0.06524,5e-05,0.0,1,0.01702,11.2,0
128,2048,112.0,16.0,8,0.9,30000,1.0,0.06827,0.05872,0.06524,0.0,0.0,1,0.06827,11.2,0
128,2048,112.0,16.0,8,0.9,60000,1.0,0.03413,0.05872,0.06524,0.0,0.0,1,0.03413,11.2,0
128,2048,112.0,16.0,8,0.9,120000,1.0,0.01707,0.05872,0.06524,0.0,0.0,1,0.01707,11.2,0
128,2048,112.0,16.0,8,0.9,30000,2.0,0.06827,0.05872,0.06524,0.0,0.0,1,0.06827,11.2,0
128,2048,112.0,16.0,8,0.9,60000,2.0,0.03413,0.05872,0.06524,0.0,0.0,1,0.03413,11.2,0
128,2048,112.0,16.0,8,0.9,120000,2.0,0.01707,0.05872,0.06524,0.0,0.0,1,0.01707,11.2,0
128,2048,112.0,16.0,8,0.9,30000,5.0,0.06827,0.05872,0.06524,0.0,0.0,1,0.06827,11.2,0
128,2048,112.0,16.0,8,0.9,60000,5.0,0.03413,0.05872,0.06524,0.0,0.0,1,0.03413,11.2,0
128,2048,112.0,16.0,8,0.9,120000,5.0,0.01707,0.05872,0.06524,0.0,0.0,1,0.01707,11.2,0
128,2048,112.0,16.0,8,0.9,30000,10.0,0.06827,0.05872,0.06524,0.0,0.0,1,0.06827,11.2,0
128,2048,112.0,16.0,8,0.9,60000,10.0,0.03413,0.05872,0.06524,0.0,0.0,1,0.03413,11.2,0
128,2048,112.0,16.0,8,0.9,120000,10.0,0.01707,0.05872,0.06524,0.0,0.0,1,0.01707,11.2,0
128,2048,112.0,16.0,8,0.9,30000,30.0,0.06827,0.05872,0.06524,0.0,0.0,1,0.06827,11.2,0
128,2048,112.0,16.0,8,0.9,60000,30.0,0.03413,0.05872,0.06524,0.0,0.0,1,0.03413,11.2,0
128,2048,112.0,16.0,8,0.9,120000,30.0,0.01707,0.05872,0.06524,0.0,0.0,1,0.01707,11.2,0
128,2048,112.0,16.0,8,0.99,30000,0.2,0.06827,0.05872,0.05931,0.00096,0.0,1,0.06731,1.12,0
128,2048,112.0,16.0,8,0.99,60000,0.2,0.03413,0.05872,0.05931,0.00096,0.0,1,0.03317,1.12,0
128,2048,112.0,16.0,8,0.99,120000,0.2,0.01707,0.05872,0.05931,0.00096,0.0,1,0.01611,1.12,0
128,2048,112.0,16.0,8,0.99,30000,0.5,0.06827,0.05872,0.05931,7e-05,0.0,1,0.06819,1.12,0
128,2048,112.0,16.0,8,0.99,60000,0.5,0.03413,0.05872,0.05931,7e-05,0.0,1,0.03406,1.12,0
128,2048,112.0,16.0,8,0.99,120000,0.5,0.01707,0.05872,0.05931,7e-05,0.0,1,0.01699,1.12,0
128,2048,112.0,16.0,8,0.99,30000,1.0,0.06827,0.05872,0.05931,0.0,0.0,1,0.06827,1.12,0
128,2048,112.0,16.0,8,0.99,60000,1.0,0.03413,0.05872,0.05931,0.0,0.0,1,0.03413,1.12,0
128,2048,112.0,16.0,8,0.99,120000,1.0,0.01707,0.05872,0.05931,0.0,0.0,1,0.01707,1.12,0
128,2048,112.0,16.0,8,0.99,30000,2.0,0.06827,0.05872,0.05931,0.0,0.0,1,0.06827,1.12,0
128,2048,112.0,16.0,8,0.99,60000,2.0,0.03413,0.05872,0.05931,0.0,0.0,1,0.03413,1.12,0
128,2048,112.0,16.0,8,0.99,120000,2.0,0.01707,0.05872,0.05931,0.0,0.0,1,0.01707,1.12,0
128,2048,112.0,16.0,8,0.99,30000,5.0,0.06827,0.05872,0.05931,0.0,0.0,1,0.06827,1.12,0
128,2048,112.0,16.0,8,0.99,60000,5.0,0.03413,0.05872,0.05931,0.0,0.0,1,0.03413,1.12,0
128,2048,112.0,16.0,8,0.99,120000,5.0,0.01707,0.05872,0.05931,0.0,0.0,1,0.01707,1.12,0
128,2048,112.0,16.0,8,0.99,30000,10.0,0.06827,0.05872,0.05931,0.0,0.0,1,0.06827,1.12,0
128,2048,112.0,16.0,8,0.99,60000,10.0,0.03413,0.05872,0.05931,0.0,0.0,1,0.03413,1.12,0
128,2048,112.0,16.0,8,0.99,120000,10.0,0.01707,0.05872,0.05931,0.0,0.0,1,0.01707,1.12,0
128,2048,112.0,16.0,8,0.99,30000,30.0,0.06827,0.05872,0.05931,0.0,0.0,1,0.06827,1.12,0
128,2048,112.0,16.0,8,0.99,60000,30.0,0.03413,0.05872,0.05931,0.0,0.0,1,0.03413,1.12,0
128,2048,112.0,16.0,8,0.99,120000,30.0,0.01707,0.05872,0.05931,0.0,0.0,1,0.01707,1.12,0
128,2048,112.0,16.0,16,0.5,30000,0.2,0.06827,0.11744,0.23488,0.05975,0.1631,1,0.00851,56.0,1
128,2048,112.0,16.0,16,0.5,60000,0.2,0.03413,0.11744,0.23488,0.05975,0.1631,0,-0.02562,56.0,1
128,2048,112.0,16.0,16,0.5,120000,0.2,0.01707,0.11744,0.23488,0.05975,0.1631,0,-0.04269,56.0,1
128,2048,112.0,16.0,16,0.5,30000,0.5,0.06827,0.11744,0.23488,0.01219,0.05144,1,0.05607,56.0,0
128,2048,112.0,16.0,16,0.5,60000,0.5,0.03413,0.11744,0.23488,0.01219,0.05144,1,0.02194,56.0,0
128,2048,112.0,16.0,16,0.5,120000,0.5,0.01707,0.11744,0.23488,0.01219,0.05144,1,0.00487,56.0,0
128,2048,112.0,16.0,16,0.5,30000,1.0,0.06827,0.11744,0.23488,0.00246,0.0,1,0.06581,56.0,0
128,2048,112.0,16.0,16,0.5,60000,1.0,0.03413,0.11744,0.23488,0.00246,0.0,1,0.03167,56.0,0
128,2048,112.0,16.0,16,0.5,120000,1.0,0.01707,0.11744,0.23488,0.00246,0.0,1,0.01461,56.0,0
128,2048,112.0,16.0,16,0.5,30000,2.0,0.06827,0.11744,0.23488,8e-05,0.0,1,0.06818,56.0,0
128,2048,112.0,16.0,16,0.5,60000,2.0,0.03413,0.11744,0.23488,8e-05,0.0,1,0.03405,56.0,0
128,2048,112.0,16.0,16,0.5,120000,2.0,0.01707,0.11744,0.23488,8e-05,0.0,1,0.01698,56.0,0
128,2048,112.0,16.0,16,0.5,30000,5.0,0.06827,0.11744,0.23488,0.0,0.0,1,0.06827,56.0,0
128,2048,112.0,16.0,16,0.5,60000,5.0,0.03413,0.11744,0.23488,0.0,0.0,1,0.03413,56.0,0
128,2048,112.0,16.0,16,0.5,120000,5.0,0.01707,0.11744,0.23488,0.0,0.0,1,0.01707,56.0,0
128,2048,112.0,16.0,16,0.5,30000,10.0,0.06827,0.11744,0.23488,0.0,0.0,1,0.06827,56.0,0
128,2048,112.0,16.0,16,0.5,60000,10.0,0.03413,0.11744,0.23488,0.0,0.0,1,0.03413,56.0,0
128,2048,112.0,16.0,16,0.5,120000,10.0,0.01707,0.11744,0.23488,0.0,0.0,1,0.01707,56.0,0
128,2048,112.0,16.0,16,0.5,30000,30.0,0.06827,0.11744,0.23488,0.0,0.0,1,0.06827,56.0,0
128,2048,112.0,16.0,16,0.5,60000,30.0,0.03413,0.11744,0.23488,0.0,0.0,1,0.03413,56.0,0
128,2048,112.0,16.0,16,0.5,120000,30.0,0.01707,0.11744,0.23488,0.0,0.0,1,0.01707,56.0,0
128,2048,112.0,16.0,16,0.7,30000,0.2,0.06827,0.11744,0.16777,0.02739,0.0974,1,0.04088,33.6,0
128,2048,112.0,16.0,16,0.7,60000,0.2,0.03413,0.11744,0.16777,0.02739,0.0974,1,0.00674,33.6,0
128,2048,112.0,16.0,16,0.7,120000,0.2,0.01707,0.11744,0.16777,0.02739,0.0974,0,-0.01032,33.6,0
128,2048,112.0,16.0,16,0.7,30000,0.5,0.06827,0.11744,0.16777,0.00391,0.0,1,0.06436,33.6,0
128,2048,112.0,16.0,16,0.7,60000,0.5,0.03413,0.11744,0.16777,0.00391,0.0,1,0.03022,33.6,0
128,2048,112.0,16.0,16,0.7,120000,0.5,0.01707,0.11744,0.16777,0.00391,0.0,1,0.01316,33.6,0
128,2048,112.0,16.0,16,0.7,30000,1.0,0.06827,0.11744,0.16777,0.00062,0.0,1,0.06765,33.6,0
128,2048,112.0,16.0,16,0.7,60000,1.0,0.03413,0.11744,0.16777,0.00062,0.0,1,0.03351,33.6,0
128,2048,112.0,16.0,16,0.7,120000,1.0,0.01707,0.11744,0.16777,0.00062,0.0,1,0.01645,33.6,0
128,2048,112.0,16.0,16,0.7,30000,2.0,0.06827,0.11744,0.16777,0.0,0.0,1,0.06827,33.6,0
128,2048,112.0,16.0,16,0.7,60000,2.0,0.03413,0.11744,0.16777,0.0,0.0,1,0.03413,33.6,0
128,2048,112.0,16.0,16,0.7,120000,2.0,0.01707,0.11744,0.16777,0.0,0.0,1,0.01707,33.6,0
128,2048,112.0,16.0,16,0.7,30000,5.0,0.06827,0.11744,0.16777,0.0,0.0,1,0.06827,33.6,0
128,2048,112.0,16.0,16,0.7,60000,5.0,0.03413,0.11744,0.16777,0.0,0.0,1,0.03413,33.6,0
128,2048,112.0,16.0,16,0.7,120000,5.0,0.01707,0.11744,0.16777,0.0,0.0,1,0.01707,33.6,0
128,2048,112.0,16.0,16,0.7,30000,10.0,0.06827,0.11744,0.16777,0.0,0.0,1,0.06827,33.6,0
128,2048,112.0,16.0,16,0.7,60000,10.0,0.03413,0.11744,0.16777,0.0,0.0,1,0.03413,33.6,0
128,2048,112.0,16.0,16,0.7,120000,10.0,0.01707,0.11744,0.16777,0.0,0.0,1,0.01707,33.6,0
128,2048,112.0,16.0,16,0.7,30000,30.0,0.06827,0.11744,0.16777,0.0,0.0,1,0.06827,33.6,0
128,2048,112.0,16.0,16,0.7,60000,30.0,0.03413,0.11744,0.16777,0.0,0.0,1,0.03413,33.6,0
128,2048,112.0,16.0,16,0.7,120000,30.0,0.01707,0.11744,0.16777,0.0,0.0,1,0.01707,33.6,0
128,2048,112.0,16.0,16,0.9,30000,0.2,0.06827,0.11744,0.13049,0.01353,0.05871,1,0.05473,11.2,0
128,2048,112.0,16.0,16,0.9,60000,0.2,0.03413,0.11744,0.13049,0.01353,0.05871,1,0.0206,11.2,0
128,2048,112.0,16.0,16,0.9,120000,0.2,0.01707,0.11744,0.13049,0.01353,0.05871,1,0.00353,11.2,0
128,2048,112.0,16.0,16,0.9,30000,0.5,0.06827,0.11744,0.13049,0.00131,0.0,1,0.06696,11.2,0
128,2048,112.0,16.0,16,0.9,60000,0.5,0.03413,0.11744,0.13049,0.00131,0.0,1,0.03282,11.2,0
128,2048,112.0,16.0,16,0.9,120000,0.5,0.01707,0.11744,0.13049,0.00131,0.0,1,0.01576,11.2,0
128,2048,112.0,16.0,16,0.9,30000,1.0,0.06827,0.11744,0.13049,0.00014,0.0,1,0.06813,11.2,0
128,2048,112.0,16.0,16,0.9,60000,1.0,0.03413,0.11744,0.13049,0.00014,0.0,1,0.034,11.2,0
128,2048,112.0,16.0,16,0.9,120000,1.0,0.01707,0.11744,0.13049,0.00014,0.0,1,0.01693,11.2,0
128,2048,112.0,16.0,16,0.9,30000,2.0,0.06827,0.11744,0.13049,0.0,0.0,1,0.06827,11.2,0
128,2048,112.0,16.0,16,0.9,60000,2.0,0.03413,0.11744,0.13049,0.0,0.0,1,0.03413,11.2,0
128,2048,112.0,16.0,16,0.9,120000,2.0,0.01707,0.11744,0.13049,0.0,0.0,1,0.01707,11.2,0
128,2048,112.0,16.0,16,0.9,30000,5.0,0.06827,0.11744,0.13049,0.0,0.0,1,0.06827,11.2,0
128,2048,112.0,16.0,16,0.9,60000,5.0,0.03413,0.11744,0.13049,0.0,0.0,1,0.03413,11.2,0
128,2048,112.0,16.0,16,0.9,120000,5.0,0.01707,0.11744,0.13049,0.0,0.0,1,0.01707,11.2,0
128,2048,112.0,16.0,16,0.9,30000,10.0,0.06827,0.11744,0.13049,0.0,0.0,1,0.06827,11.2,0
128,2048,112.0,16.0,16,0.9,60000,10.0,0.03413,0.11744,0.13049,0.0,0.0,1,0.03413,11.2,0
128,2048,112.0,16.0,16,0.9,120000,10.0,0.01707,0.11744,0.13049,0.0,0.0,1,0.01707,11.2,0
128,2048,112.0,16.0,16,0.9,30000,30.0,0.06827,0.11744,0.13049,0.0,0.0,1,0.06827,11.2,0
128,2048,112.0,16.0,16,0.9,60000,30.0,0.03413,0.11744,0.13049,0.0,0.0,1,0.03413,11.2,0
128,2048,112.0,16.0,16,0.9,120000,30.0,0.01707,0.11744,0.13049,0.0,0.0,1,0.01707,11.2,0
128,2048,112.0,16.0,16,0.99,30000,0.2,0.06827,0.11744,0.11863,0.00945,0.04453,1,0.05881,1.12,0
128,2048,112.0,16.0,16,0.99,60000,0.2,0.03413,0.11744,0.11863,0.00945,0.04453,1,0.02468,1.12,0
128,2048,112.0,16.0,16,0.99,120000,0.2,0.01707,0.11744,0.11863,0.00945,0.04453,1,0.00761,1.12,0
128,2048,112.0,16.0,16,0.99,30000,0.5,0.06827,0.11744,0.11863,0.0009,0.0,1,0.06737,1.12,0
128,2048,112.0,16.0,16,0.99,60000,0.5,0.03413,0.11744,0.11863,0.0009,0.0,1,0.03323,1.12,0
128,2048,112.0,16.0,16,0.99,120000,0.5,0.01707,0.11744,0.11863,0.0009,0.0,1,0.01617,1.12,0
128,2048,112.0,16.0,16,0.99,30000,1.0,0.06827,0.11744,0.11863,9e-05,0.0,1,0.06817,1.12,0
128,2048,112.0,16.0,16,0.99,60000,1.0,0.03413,0.11744,0.11863,9e-05,0.0,1,0.03404,1.12,0
128,2048,112.0,16.0,16,0.99,120000,1.0,0.01707,0.11744,0.11863,9e-05,0.0,1,0.01697,1.12,0
128,2048,112.0,16.0,16,0.99,30000,2.0,0.06827,0.11744,0.11863,0.0,0.0,1,0.06827,1.12,0
128,2048,112.0,16.0,16,0.99,60000,2.0,0.03413,0.11744,0.11863,0.0,0.0,1,0.03413,1.12,0
128,2048,112.0,16.0,16,0.99,120000,2.0,0.01707,0.11744,0.11863,0.0,0.0,1,0.01707,1.12,0
128,2048,112.0,16.0,16,0.99,30000,5.0,0.06827,0.11744,0.11863,0.0,0.0,1,0.06827,1.12,0
128,2048,112.0,16.0,16,0.99,60000,5.0,0.03413,0.11744,0.11863,0.0,0.0,1,0.03413,1.12,0
128,2048,112.0,16.0,16,0.99,120000,5.0,0.01707,0.11744,0.11863,0.0,0.0,1,0.01707,1.12,0
128,2048,112.0,16.0,16,0.99,30000,10.0,0.06827,0.11744,0.11863,0.0,0.0,1,0.06827,1.12,0
128,2048,112.0,16.0,16,0.99,60000,10.0,0.03413,0.11744,0.11863,0.0,0.0,1,0.03413,1.12,0
128,2048,112.0,16.0,16,0.99,120000,10.0,0.01707,0.11744,0.11863,0.0,0.0,1,0.01707,1.12,0
128,2048,112.0,16.0,16,0.99,30000,30.0,0.06827,0.11744,0.11863,0.0,0.0,1,0.06827,1.12,0
128,2048,112.0,16.0,16,0.99,60000,30.0,0.03413,0.11744,0.11863,0.0,0.0,1,0.03413,1.12,0
128,2048,112.0,16.0,16,0.99,120000,30.0,0.01707,0.11744,0.11863,0.0,0.0,1,0.01707,1.12,0
128,2048,112.0,16.0,32,0.5,30000,0.2,0.06827,0.23488,0.46976,0.23273,0.39521,0,-0.16446,56.0,1
128,2048,112.0,16.0,32,0.5,60000,0.2,0.03413,0.23488,0.46976,0.23273,0.39521,0,-0.19859,56.0,1
128,2048,112.0,16.0,32,0.5,120000,0.2,0.01707,0.23488,0.46976,0.23273,0.39521,0,-0.21566,56.0,1
128,2048,112.0,16.0,32,0.5,30000,0.5,0.06827,0.23488,0.46976,0.08884,0.29441,0,-0.02057,56.0,0
128,2048,112.0,16.0,32,0.5,60000,0.5,0.03413,0.23488,0.46976,0.08884,0.29441,0,-0.05471,56.0,0
128,2048,112.0,16.0,32,0.5,120000,0.5,0.01707,0.23488,0.46976,0.08884,0.29441,0,-0.07177,56.0,0
128,2048,112.0,16.0,32,0.5,30000,1.0,0.06827,0.23488,0.46976,0.02491,0.11315,1,0.04336,56.0,0
128,2048,112.0,16.0,32,0.5,60000,1.0,0.03413,0.23488,0.46976,0.02491,0.11315,1,0.00923,56.0,0
128,2048,112.0,16.0,32,0.5,120000,1.0,0.01707,0.23488,0.46976,0.02491,0.11315,0,-0.00784,56.0,0
128,2048,112.0,16.0,32,0.5,30000,2.0,0.06827,0.23488,0.46976,0.0038,0.0,1,0.06447,56.0,0
128,2048,112.0,16.0,32,0.5,60000,2.0,0.03413,0.23488,0.46976,0.0038,0.0,1,0.03033,56.0,0
128,2048,112.0,16.0,32,0.5,120000,2.0,0.01707,0.23488,0.46976,0.0038,0.0,1,0.01327,56.0,0
128,2048,112.0,16.0,32,0.5,30000,5.0,0.06827,0.23488,0.46976,0.0,0.0,1,0.06827,56.0,0
128,2048,112.0,16.0,32,0.5,60000,5.0,0.03413,0.23488,0.46976,0.0,0.0,1,0.03413,56.0,0
128,2048,112.0,16.0,32,0.5,120000,5.0,0.01707,0.23488,0.46976,0.0,0.0,1,0.01707,56.0,0
128,2048,112.0,16.0,32,0.5,30000,10.0,0.06827,0.23488,0.46976,0.0,0.0,1,0.06827,56.0,0
128,2048,112.0,16.0,32,0.5,60000,10.0,0.03413,0.23488,0.46976,0.0,0.0,1,0.03413,56.0,0
128,2048,112.0,16.0,32,0.5,120000,10.0,0.01707,0.23488,0.46976,0.0,0.0,1,0.01707,56.0,0
128,2048,112.0,16.0,32,0.5,30000,30.0,0.06827,0.23488,0.46976,0.0,0.0,1,0.06827,56.0,0
128,2048,112.0,16.0,32,0.5,60000,30.0,0.03413,0.23488,0.46976,0.0,0.0,1,0.03413,56.0,0
128,2048,112.0,16.0,32,0.5,120000,30.0,0.01707,0.23488,0.46976,0.0,0.0,1,0.01707,56.0,0
128,2048,112.0,16.0,32,0.7,30000,0.2,0.06827,0.23488,0.33554,0.12698,0.26135,0,-0.05871,33.6,1
128,2048,112.0,16.0,32,0.7,60000,0.2,0.03413,0.23488,0.33554,0.12698,0.26135,0,-0.09285,33.6,1
128,2048,112.0,16.0,32,0.7,120000,0.2,0.01707,0.23488,0.33554,0.12698,0.26135,0,-0.10991,33.6,1
128,2048,112.0,16.0,32,0.7,30000,0.5,0.06827,0.23488,0.33554,0.03747,0.1579,1,0.0308,33.6,0
128,2048,112.0,16.0,32,0.7,60000,0.5,0.03413,0.23488,0.33554,0.03747,0.1579,0,-0.00333,33.6,0
128,2048,112.0,16.0,32,0.7,120000,0.5,0.01707,0.23488,0.33554,0.03747,0.1579,0,-0.0204,33.6,0
128,2048,112.0,16.0,32,0.7,30000,1.0,0.06827,0.23488,0.33554,0.00893,0.0,1,0.05934,33.6,0
128,2048,112.0,16.0,32,0.7,60000,1.0,0.03413,0.23488,0.33554,0.00893,0.0,1,0.0252,33.6,0
128,2048,112.0,16.0,32,0.7,120000,1.0,0.01707,0.23488,0.33554,0.00893,0.0,1,0.00814,33.6,0
128,2048,112.0,16.0,32,0.7,30000,2.0,0.06827,0.23488,0.33554,0.00124,0.0,1,0.06702,33.6,0
128,2048,112.0,16.0,32,0.7,60000,2.0,0.03413,0.23488,0.33554,0.00124,0.0,1,0.03289,33.6,0
128,2048,112.0,16.0,32,0.7,120000,2.0,0.01707,0.23488,0.33554,0.00124,0.0,1,0.01582,33.6,0
128,2048,112.0,16.0,32,0.7,30000,5.0,0.06827,0.23488,0.33554,3e-05,0.0,1,0.06823,33.6,0
128,2048,112.0,16.0,32,0.7,60000,5.0,0.03413,0.23488,0.33554,3e-05,0.0,1,0.0341,33.6,0
128,2048,112.0,16.0,32,0.7,120000,5.0,0.01707,0.23488,0.33554,3e-05,0.0,1,0.01703,33.6,0
128,2048,112.0,16.0,32,0.7,30000,10.0,0.06827,0.23488,0.33554,0.0,0.0,1,0.06827,33.6,0
128,2048,112.0,16.0,32,0.7,60000,10.0,0.03413,0.23488,0.33554,0.0,0.0,1,0.03413,33.6,0
128,2048,112.0,16.0,32,0.7,120000,10.0,0.01707,0.23488,0.33554,0.0,0.0,1,0.01707,33.6,0
128,2048,112.0,16.0,32,0.7,30000,30.0,0.06827,0.23488,0.33554,0.0,0.0,1,0.06827,33.6,0
128,2048,112.0,16.0,32,0.7,60000,30.0,0.03413,0.23488,0.33554,0.0,0.0,1,0.03413,33.6,0
128,2048,112.0,16.0,32,0.7,120000,30.0,0.01707,0.23488,0.33554,0.0,0.0,1,0.01707,33.6,0
128,2048,112.0,16.0,32,0.9,30000,0.2,0.06827,0.23488,0.26098,0.07553,0.18779,0,-0.00726,11.2,1
128,2048,112.0,16.0,32,0.9,60000,0.2,0.03413,0.23488,0.26098,0.07553,0.18779,0,-0.0414,11.2,1
128,2048,112.0,16.0,32,0.9,120000,0.2,0.01707,0.23488,0.26098,0.07553,0.18779,0,-0.05846,11.2,1
128,2048,112.0,16.0,32,0.9,30000,0.5,0.06827,0.23488,0.26098,0.01806,0.0867,1,0.05021,11.2,0
128,2048,112.0,16.0,32,0.9,60000,0.5,0.03413,0.23488,0.26098,0.01806,0.0867,1,0.01608,11.2,0
128,2048,112.0,16.0,32,0.9,120000,0.5,0.01707,0.23488,0.26098,0.01806,0.0867,0,-0.00099,11.2,0
128,2048,112.0,16.0,32,0.9,30000,1.0,0.06827,0.23488,0.26098,0.00351,0.0,1,0.06475,11.2,0
128,2048,112.0,16.0,32,0.9,60000,1.0,0.03413,0.23488,0.26098,0.00351,0.0,1,0.03062,11.2,0
128,2048,112.0,16.0,32,0.9,120000,1.0,0.01707,0.23488,0.26098,0.00351,0.0,1,0.01355,11.2,0
128,2048,112.0,16.0,32,0.9,30000,2.0,0.06827,0.23488,0.26098,0.00031,0.0,1,0.06796,11.2,0
128,2048,112.0,16.0,32,0.9,60000,2.0,0.03413,0.23488,0.26098,0.00031,0.0,1,0.03382,11.2,0
128,2048,112.0,16.0,32,0.9,120000,2.0,0.01707,0.23488,0.26098,0.00031,0.0,1,0.01676,11.2,0
128,2048,112.0,16.0,32,0.9,30000,5.0,0.06827,0.23488,0.26098,0.0,0.0,1,0.06827,11.2,0
128,2048,112.0,16.0,32,0.9,60000,5.0,0.03413,0.23488,0.26098,0.0,0.0,1,0.03413,11.2,0
128,2048,112.0,16.0,32,0.9,120000,5.0,0.01707,0.23488,0.26098,0.0,0.0,1,0.01707,11.2,0
128,2048,112.0,16.0,32,0.9,30000,10.0,0.06827,0.23488,0.26098,0.0,0.0,1,0.06827,11.2,0
128,2048,112.0,16.0,32,0.9,60000,10.0,0.03413,0.23488,0.26098,0.0,0.0,1,0.03413,11.2,0
128,2048,112.0,16.0,32,0.9,120000,10.0,0.01707,0.23488,0.26098,0.0,0.0,1,0.01707,11.2,0
128,2048,112.0,16.0,32,0.9,30000,30.0,0.06827,0.23488,0.26098,0.0,0.0,1,0.06827,11.2,0
128,2048,112.0,16.0,32,0.9,60000,30.0,0.03413,0.23488,0.26098,0.0,0.0,1,0.03413,11.2,0
128,2048,112.0,16.0,32,0.9,120000,30.0,0.01707,0.23488,0.26098,0.0,0.0,1,0.01707,11.2,0
128,2048,112.0,16.0,32,0.99,30000,0.2,0.06827,0.23488,0.23725,0.06339,0.16568,1,0.00487,1.12,1
128,2048,112.0,16.0,32,0.99,60000,0.2,0.03413,0.23488,0.23725,0.06339,0.16568,0,-0.02926,1.12,1
128,2048,112.0,16.0,32,0.99,120000,0.2,0.01707,0.23488,0.23725,0.06339,0.16568,0,-0.04633,1.12,1
128,2048,112.0,16.0,32,0.99,30000,0.5,0.06827,0.23488,0.23725,0.01248,0.05153,1,0.05578,1.12,0
128,2048,112.0,16.0,32,0.99,60000,0.5,0.03413,0.23488,0.23725,0.01248,0.05153,1,0.02165,1.12,0
128,2048,112.0,16.0,32,0.99,120000,0.5,0.01707,0.23488,0.23725,0.01248,0.05153,1,0.00458,1.12,0
128,2048,112.0,16.0,32,0.99,30000,1.0,0.06827,0.23488,0.23725,0.00265,0.0,1,0.06561,1.12,0
128,2048,112.0,16.0,32,0.99,60000,1.0,0.03413,0.23488,0.23725,0.00265,0.0,1,0.03148,1.12,0
128,2048,112.0,16.0,32,0.99,120000,1.0,0.01707,0.23488,0.23725,0.00265,0.0,1,0.01441,1.12,0
128,2048,112.0,16.0,32,0.99,30000,2.0,0.06827,0.23488,0.23725,0.00017,0.0,1,0.0681,1.12,0
128,2048,112.0,16.0,32,0.99,60000,2.0,0.03413,0.23488,0.23725,0.00017,0.0,1,0.03397,1.12,0
128,2048,112.0,16.0,32,0.99,120000,2.0,0.01707,0.23488,0.23725,0.00017,0.0,1,0.0169,1.12,0
128,2048,112.0,16.0,32,0.99,30000,5.0,0.06827,0.23488,0.23725,0.0,0.0,1,0.06827,1.12,0
128,2048,112.0,16.0,32,0.99,60000,5.0,0.03413,0.23488,0.23725,0.0,0.0,1,0.03413,1.12,0
128,2048,112.0,16.0,32,0.99,120000,5.0,0.01707,0.23488,0.23725,0.0,0.0,1,0.01707,1.12,0
128,2048,112.0,16.0,32,0.99,30000,10.0,0.06827,0.23488,0.23725,0.0,0.0,1,0.06827,1.12,0
128,2048,112.0,16.0,32,0.99,60000,10.0,0.03413,0.23488,0.23725,0.0,0.0,1,0.03413,1.12,0
128,2048,112.0,16.0,32,0.99,120000,10.0,0.01707,0.23488,0.23725,0.0,0.0,1,0.01707,1.12,0
128,2048,112.0,16.0,32,0.99,30000,30.0,0.06827,0.23488,0.23725,0.0,0.0,1,0.06827,1.12,0
128,2048,112.0,16.0,32,0.99,60000,30.0,0.03413,0.23488,0.23725,0.0,0.0,1,0.03413,1.12,0
128,2048,112.0,16.0,32,0.99,120000,30.0,0.01707,0.23488,0.23725,0.0,0.0,1,0.01707,1.12,0
128,2048,112.0,32.0,1,0.5,30000,0.2,0.06827,0.00367,0.00734,0.0,0.0,1,0.06827,56.0,0
128,2048,112.0,32.0,1,0.5,60000,0.2,0.03413,0.00367,0.00734,0.0,0.0,1,0.03413,56.0,0
128,2048,112.0,32.0,1,0.5,120000,0.2,0.01707,0.00367,0.00734,0.0,0.0,1,0.01707,56.0,0
128,2048,112.0,32.0,1,0.5,30000,0.5,0.06827,0.00367,0.00734,0.0,0.0,1,0.06827,56.0,0
128,2048,112.0,32.0,1,0.5,60000,0.5,0.03413,0.00367,0.00734,0.0,0.0,1,0.03413,56.0,0
128,2048,112.0,32.0,1,0.5,120000,0.5,0.01707,0.00367,0.00734,0.0,0.0,1,0.01707,56.0,0
128,2048,112.0,32.0,1,0.5,30000,1.0,0.06827,0.00367,0.00734,0.0,0.0,1,0.06827,56.0,0
128,2048,112.0,32.0,1,0.5,60000,1.0,0.03413,0.00367,0.00734,0.0,0.0,1,0.03413,56.0,0
128,2048,112.0,32.0,1,0.5,120000,1.0,0.01707,0.00367,0.00734,0.0,0.0,1,0.01707,56.0,0
128,2048,112.0,32.0,1,0.5,30000,2.0,0.06827,0.00367,0.00734,0.0,0.0,1,0.06827,56.0,0
128,2048,112.0,32.0,1,0.5,60000,2.0,0.03413,0.00367,0.00734,0.0,0.0,1,0.03413,56.0,0
128,2048,112.0,32.0,1,0.5,120000,2.0,0.01707,0.00367,0.00734,0.0,0.0,1,0.01707,56.0,0
128,2048,112.0,32.0,1,0.5,30000,5.0,0.06827,0.00367,0.00734,0.0,0.0,1,0.06827,56.0,0
128,2048,112.0,32.0,1,0.5,60000,5.0,0.03413,0.00367,0.00734,0.0,0.0,1,0.03413,56.0,0
128,2048,112.0,32.0,1,0.5,120000,5.0,0.01707,0.00367,0.00734,0.0,0.0,1,0.01707,56.0,0
128,2048,112.0,32.0,1,0.5,30000,10.0,0.06827,0.00367,0.00734,0.0,0.0,1,0.06827,56.0,0
128,2048,112.0,32.0,1,0.5,60000,10.0,0.03413,0.00367,0.00734,0.0,0.0,1,0.03413,56.0,0
128,2048,112.0,32.0,1,0.5,120000,10.0,0.01707,0.00367,0.00734,0.0,0.0,1,0.01707,56.0,0
128,2048,112.0,32.0,1,0.5,30000,30.0,0.06827,0.00367,0.00734,0.0,0.0,1,0.06827,56.0,0
128,2048,112.0,32.0,1,0.5,60000,30.0,0.03413,0.00367,0.00734,0.0,0.0,1,0.03413,56.0,0
128,2048,112.0,32.0,1,0.5,120000,30.0,0.01707,0.00367,0.00734,0.0,0.0,1,0.01707,56.0,0
128,2048,112.0,32.0,1,0.7,30000,0.2,0.06827,0.00367,0.00524,0.0,0.0,1,0.06827,33.6,0
128,2048,112.0,32.0,1,0.7,60000,0.2,0.03413,0.00367,0.00524,0.0,0.0,1,0.03413,33.6,0
128,2048,112.0,32.0,1,0.7,120000,0.2,0.01707,0.00367,0.00524,0.0,0.0,1,0.01707,33.6,0
128,2048,112.0,32.0,1,0.7,30000,0.5,0.06827,0.00367,0.00524,0.0,0.0,1,0.06827,33.6,0
128,2048,112.0,32.0,1,0.7,60000,0.5,0.03413,0.00367,0.00524,0.0,0.0,1,0.03413,33.6,0
128,2048,112.0,32.0,1,0.7,120000,0.5,0.01707,0.00367,0.00524,0.0,0.0,1,0.01707,33.6,0
128,2048,112.0,32.0,1,0.7,30000,1.0,0.06827,0.00367,0.00524,0.0,0.0,1,0.06827,33.6,0
128,2048,112.0,32.0,1,0.7,60000,1.0,0.03413,0.00367,0.00524,0.0,0.0,1,0.03413,33.6,0
128,2048,112.0,32.0,1,0.7,120000,1.0,0.01707,0.00367,0.00524,0.0,0.0,1,0.01707,33.6,0
128,2048,112.0,32.0,1,0.7,30000,2.0,0.06827,0.00367,0.00524,0.0,0.0,1,0.06827,33.6,0
128,2048,112.0,32.0,1,0.7,60000,2.0,0.03413,0.00367,0.00524,0.0,0.0,1,0.03413,33.6,0
128,2048,112.0,32.0,1,0.7,120000,2.0,0.01707,0.00367,0.00524,0.0,0.0,1,0.01707,33.6,0
128,2048,112.0,32.0,1,0.7,30000,5.0,0.06827,0.00367,0.00524,0.0,0.0,1,0.06827,33.6,0
128,2048,112.0,32.0,1,0.7,60000,5.0,0.03413,0.00367,0.00524,0.0,0.0,1,0.03413,33.6,0
128,2048,112.0,32.0,1,0.7,120000,5.0,0.01707,0.00367,0.00524,0.0,0.0,1,0.01707,33.6,0
128,2048,112.0,32.0,1,0.7,30000,10.0,0.06827,0.00367,0.00524,0.0,0.0,1,0.06827,33.6,0
128,2048,112.0,32.0,1,0.7,60000,10.0,0.03413,0.00367,0.00524,0.0,0.0,1,0.03413,33.6,0
128,2048,112.0,32.0,1,0.7,120000,10.0,0.01707,0.00367,0.00524,0.0,0.0,1,0.01707,33.6,0
128,2048,112.0,32.0,1,0.7,30000,30.0,0.06827,0.00367,0.00524,0.0,0.0,1,0.06827,33.6,0
128,2048,112.0,32.0,1,0.7,60000,30.0,0.03413,0.00367,0.00524,0.0,0.0,1,0.03413,33.6,0
128,2048,112.0,32.0,1,0.7,120000,30.0,0.01707,0.00367,0.00524,0.0,0.0,1,0.01707,33.6,0
128,2048,112.0,32.0,1,0.9,30000,0.2,0.06827,0.00367,0.00408,0.0,0.0,1,0.06827,11.2,0
128,2048,112.0,32.0,1,0.9,60000,0.2,0.03413,0.00367,0.00408,0.0,0.0,1,0.03413,11.2,0
128,2048,112.0,32.0,1,0.9,120000,0.2,0.01707,0.00367,0.00408,0.0,0.0,1,0.01707,11.2,0
128,2048,112.0,32.0,1,0.9,30000,0.5,0.06827,0.00367,0.00408,0.0,0.0,1,0.06827,11.2,0
128,2048,112.0,32.0,1,0.9,60000,0.5,0.03413,0.00367,0.00408,0.0,0.0,1,0.03413,11.2,0
128,2048,112.0,32.0,1,0.9,120000,0.5,0.01707,0.00367,0.00408,0.0,0.0,1,0.01707,11.2,0
128,2048,112.0,32.0,1,0.9,30000,1.0,0.06827,0.00367,0.00408,0.0,0.0,1,0.06827,11.2,0
128,2048,112.0,32.0,1,0.9,60000,1.0,0.03413,0.00367,0.00408,0.0,0.0,1,0.03413,11.2,0
128,2048,112.0,32.0,1,0.9,120000,1.0,0.01707,0.00367,0.00408,0.0,0.0,1,0.01707,11.2,0
128,2048,112.0,32.0,1,0.9,30000,2.0,0.06827,0.00367,0.00408,0.0,0.0,1,0.06827,11.2,0
128,2048,112.0,32.0,1,0.9,60000,2.0,0.03413,0.00367,0.00408,0.0,0.0,1,0.03413,11.2,0
128,2048,112.0,32.0,1,0.9,120000,2.0,0.01707,0.00367,0.00408,0.0,0.0,1,0.01707,11.2,0
128,2048,112.0,32.0,1,0.9,30000,5.0,0.06827,0.00367,0.00408,0.0,0.0,1,0.06827,11.2,0
128,2048,112.0,32.0,1,0.9,60000,5.0,0.03413,0.00367,0.00408,0.0,0.0,1,0.03413,11.2,0
128,2048,112.0,32.0,1,0.9,120000,5.0,0.01707,0.00367,0.00408,0.0,0.0,1,0.01707,11.2,0
128,2048,112.0,32.0,1,0.9,30000,10.0,0.06827,0.00367,0.00408,0.0,0.0,1,0.06827,11.2,0
128,2048,112.0,32.0,1,0.9,60000,10.0,0.03413,0.00367,0.00408,0.0,0.0,1,0.03413,11.2,0
128,2048,112.0,32.0,1,0.9,120000,10.0,0.01707,0.00367,0.00408,0.0,0.0,1,0.01707,11.2,0
128,2048,112.0,32.0,1,0.9,30000,30.0,0.06827,0.00367,0.00408,0.0,0.0,1,0.06827,11.2,0
128,2048,112.0,32.0,1,0.9,60000,30.0,0.03413,0.00367,0.00408,0.0,0.0,1,0.03413,11.2,0
128,2048,112.0,32.0,1,0.9,120000,30.0,0.01707,0.00367,0.00408,0.0,0.0,1,0.01707,11.2,0
128,2048,112.0,32.0,1,0.99,30000,0.2,0.06827,0.00367,0.00371,0.0,0.0,1,0.06827,1.12,0
128,2048,112.0,32.0,1,0.99,60000,0.2,0.03413,0.00367,0.00371,0.0,0.0,1,0.03413,1.12,0
128,2048,112.0,32.0,1,0.99,120000,0.2,0.01707,0.00367,0.00371,0.0,0.0,1,0.01707,1.12,0
128,2048,112.0,32.0,1,0.99,30000,0.5,0.06827,0.00367,0.00371,0.0,0.0,1,0.06827,1.12,0
128,2048,112.0,32.0,1,0.99,60000,0.5,0.03413,0.00367,0.00371,0.0,0.0,1,0.03413,1.12,0
128,2048,112.0,32.0,1,0.99,120000,0.5,0.01707,0.00367,0.00371,0.0,0.0,1,0.01707,1.12,0
128,2048,112.0,32.0,1,0.99,30000,1.0,0.06827,0.00367,0.00371,0.0,0.0,1,0.06827,1.12,0
128,2048,112.0,32.0,1,0.99,60000,1.0,0.03413,0.00367,0.00371,0.0,0.0,1,0.03413,1.12,0
128,2048,112.0,32.0,1,0.99,120000,1.0,0.01707,0.00367,0.00371,0.0,0.0,1,0.01707,1.12,0
128,2048,112.0,32.0,1,0.99,30000,2.0,0.06827,0.00367,0.00371,0.0,0.0,1,0.06827,1.12,0
128,2048,112.0,32.0,1,0.99,60000,2.0,0.03413,0.00367,0.00371,0.0,0.0,1,0.03413,1.12,0
128,2048,112.0,32.0,1,0.99,120000,2.0,0.01707,0.00367,0.00371,0.0,0.0,1,0.01707,1.12,0
128,2048,112.0,32.0,1,0.99,30000,5.0,0.06827,0.00367,0.00371,0.0,0.0,1,0.06827,1.12,0
128,2048,112.0,32.0,1,0.99,60000,5.0,0.03413,0.00367,0.00371,0.0,0.0,1,0.03413,1.12,0
128,2048,112.0,32.0,1,0.99,120000,5.0,0.01707,0.00367,0.00371,0.0,0.0,1,0.01707,1.12,0
128,2048,112.0,32.0,1,0.99,30000,10.0,0.06827,0.00367,0.00371,0.0,0.0,1,0.06827,1.12,0
128,2048,112.0,32.0,1,0.99,60000,10.0,0.03413,0.00367,0.00371,0.0,0.0,1,0.03413,1.12,0
128,2048,112.0,32.0,1,0.99,120000,10.0,0.01707,0.00367,0.00371,0.0,0.0,1,0.01707,1.12,0
128,2048,112.0,32.0,1,0.99,30000,30.0,0.06827,0.00367,0.00371,0.0,0.0,1,0.06827,1.12,0
128,2048,112.0,32.0,1,0.99,60000,30.0,0.03413,0.00367,0.00371,0.0,0.0,1,0.03413,1.12,0
128,2048,112.0,32.0,1,0.99,120000,30.0,0.01707,0.00367,0.00371,0.0,0.0,1,0.01707,1.12,0
128,2048,112.0,32.0,2,0.5,30000,0.2,0.06827,0.00734,0.01468,0.0,0.0,1,0.06826,56.0,0
128,2048,112.0,32.0,2,0.5,60000,0.2,0.03413,0.00734,0.01468,0.0,0.0,1,0.03413,56.0,0
128,2048,112.0,32.0,2,0.5,120000,0.2,0.01707,0.00734,0.01468,0.0,0.0,1,0.01706,56.0,0
128,2048,112.0,32.0,2,0.5,30000,0.5,0.06827,0.00734,0.01468,0.0,0.0,1,0.06827,56.0,0
128,2048,112.0,32.0,2,0.5,60000,0.5,0.03413,0.00734,0.01468,0.0,0.0,1,0.03413,56.0,0
128,2048,112.0,32.0,2,0.5,120000,0.5,0.01707,0.00734,0.01468,0.0,0.0,1,0.01707,56.0,0
128,2048,112.0,32.0,2,0.5,30000,1.0,0.06827,0.00734,0.01468,0.0,0.0,1,0.06827,56.0,0
128,2048,112.0,32.0,2,0.5,60000,1.0,0.03413,0.00734,0.01468,0.0,0.0,1,0.03413,56.0,0
128,2048,112.0,32.0,2,0.5,120000,1.0,0.01707,0.00734,0.01468,0.0,0.0,1,0.01707,56.0,0
128,2048,112.0,32.0,2,0.5,30000,2.0,0.06827,0.00734,0.01468,0.0,0.0,1,0.06827,56.0,0
128,2048,112.0,32.0,2,0.5,60000,2.0,0.03413,0.00734,0.01468,0.0,0.0,1,0.03413,56.0,0
128,2048,112.0,32.0,2,0.5,120000,2.0,0.01707,0.00734,0.01468,0.0,0.0,1,0.01707,56.0,0
128,2048,112.0,32.0,2,0.5,30000,5.0,0.06827,0.00734,0.01468,0.0,0.0,1,0.06827,56.0,0
128,2048,112.0,32.0,2,0.5,60000,5.0,0.03413,0.00734,0.01468,0.0,0.0,1,0.03413,56.0,0
128,2048,112.0,32.0,2,0.5,120000,5.0,0.01707,0.00734,0.01468,0.0,0.0,1,0.01707,56.0,0
128,2048,112.0,32.0,2,0.5,30000,10.0,0.06827,0.00734,0.01468,0.0,0.0,1,0.06827,56.0,0
128,2048,112.0,32.0,2,0.5,60000,10.0,0.03413,0.00734,0.01468,0.0,0.0,1,0.03413,56.0,0
128,2048,112.0,32.0,2,0.5,120000,10.0,0.01707,0.00734,0.01468,0.0,0.0,1,0.01707,56.0,0
128,2048,112.0,32.0,2,0.5,30000,30.0,0.06827,0.00734,0.01468,0.0,0.0,1,0.06827,56.0,0
128,2048,112.0,32.0,2,0.5,60000,30.0,0.03413,0.00734,0.01468,0.0,0.0,1,0.03413,56.0,0
128,2048,112.0,32.0,2,0.5,120000,30.0,0.01707,0.00734,0.01468,0.0,0.0,1,0.01707,56.0,0
128,2048,112.0,32.0,2,0.7,30000,0.2,0.06827,0.00734,0.01049,0.0,0.0,1,0.06826,33.6,0
128,2048,112.0,32.0,2,0.7,60000,0.2,0.03413,0.00734,0.01049,0.0,0.0,1,0.03413,33.6,0
128,2048,112.0,32.0,2,0.7,120000,0.2,0.01707,0.00734,0.01049,0.0,0.0,1,0.01706,33.6,0
128,2048,112.0,32.0,2,0.7,30000,0.5,0.06827,0.00734,0.01049,0.0,0.0,1,0.06827,33.6,0
128,2048,112.0,32.0,2,0.7,60000,0.5,0.03413,0.00734,0.01049,0.0,0.0,1,0.03413,33.6,0
128,2048,112.0,32.0,2,0.7,120000,0.5,0.01707,0.00734,0.01049,0.0,0.0,1,0.01707,33.6,0
128,2048,112.0,32.0,2,0.7,30000,1.0,0.06827,0.00734,0.01049,0.0,0.0,1,0.06827,33.6,0
128,2048,112.0,32.0,2,0.7,60000,1.0,0.03413,0.00734,0.01049,0.0,0.0,1,0.03413,33.6,0
128,2048,112.0,32.0,2,0.7,120000,1.0,0.01707,0.00734,0.01049,0.0,0.0,1,0.01707,33.6,0
128,2048,112.0,32.0,2,0.7,30000,2.0,0.06827,0.00734,0.01049,0.0,0.0,1,0.06827,33.6,0
128,2048,112.0,32.0,2,0.7,60000,2.0,0.03413,0.00734,0.01049,0.0,0.0,1,0.03413,33.6,0
128,2048,112.0,32.0,2,0.7,120000,2.0,0.01707,0.00734,0.01049,0.0,0.0,1,0.01707,33.6,0
128,2048,112.0,32.0,2,0.7,30000,5.0,0.06827,0.00734,0.01049,0.0,0.0,1,0.06827,33.6,0
128,2048,112.0,32.0,2,0.7,60000,5.0,0.03413,0.00734,0.01049,0.0,0.0,1,0.03413,33.6,0
128,2048,112.0,32.0,2,0.7,120000,5.0,0.01707,0.00734,0.01049,0.0,0.0,1,0.01707,33.6,0
128,2048,112.0,32.0,2,0.7,30000,10.0,0.06827,0.00734,0.01049,0.0,0.0,1,0.06827,33.6,0
128,2048,112.0,32.0,2,0.7,60000,10.0,0.03413,0.00734,0.01049,0.0,0.0,1,0.03413,33.6,0
128,2048,112.0,32.0,2,0.7,120000,10.0,0.01707,0.00734,0.01049,0.0,0.0,1,0.01707,33.6,0
128,2048,112.0,32.0,2,0.7,30000,30.0,0.06827,0.00734,0.01049,0.0,0.0,1,0.06827,33.6,0
128,2048,112.0,32.0,2,0.7,60000,30.0,0.03413,0.00734,0.01049,0.0,0.0,1,0.03413,33.6,0
128,2048,112.0,32.0,2,0.7,120000,30.0,0.01707,0.00734,0.01049,0.0,0.0,1,0.01707,33.6,0
128,2048,112.0,32.0,2,0.9,30000,0.2,0.06827,0.00734,0.00816,0.0,0.0,1,0.06827,11.2,0
128,2048,112.0,32.0,2,0.9,60000,0.2,0.03413,0.00734,0.00816,0.0,0.0,1,0.03413,11.2,0
128,2048,112.0,32.0,2,0.9,120000,0.2,0.01707,0.00734,0.00816,0.0,0.0,1,0.01707,11.2,0
128,2048,112.0,32.0,2,0.9,30000,0.5,0.06827,0.00734,0.00816,0.0,0.0,1,0.06827,11.2,0
128,2048,112.0,32.0,2,0.9,60000,0.5,0.03413,0.00734,0.00816,0.0,0.0,1,0.03413,11.2,0
128,2048,112.0,32.0,2,0.9,120000,0.5,0.01707,0.00734,0.00816,0.0,0.0,1,0.01707,11.2,0
128,2048,112.0,32.0,2,0.9,30000,1.0,0.06827,0.00734,0.00816,0.0,0.0,1,0.06827,11.2,0
128,2048,112.0,32.0,2,0.9,60000,1.0,0.03413,0.00734,0.00816,0.0,0.0,1,0.03413,11.2,0
128,2048,112.0,32.0,2,0.9,120000,1.0,0.01707,0.00734,0.00816,0.0,0.0,1,0.01707,11.2,0
128,2048,112.0,32.0,2,0.9,30000,2.0,0.06827,0.00734,0.00816,0.0,0.0,1,0.06827,11.2,0
128,2048,112.0,32.0,2,0.9,60000,2.0,0.03413,0.00734,0.00816,0.0,0.0,1,0.03413,11.2,0
128,2048,112.0,32.0,2,0.9,120000,2.0,0.01707,0.00734,0.00816,0.0,0.0,1,0.01707,11.2,0
128,2048,112.0,32.0,2,0.9,30000,5.0,0.06827,0.00734,0.00816,0.0,0.0,1,0.06827,11.2,0
128,2048,112.0,32.0,2,0.9,60000,5.0,0.03413,0.00734,0.00816,0.0,0.0,1,0.03413,11.2,0
128,2048,112.0,32.0,2,0.9,120000,5.0,0.01707,0.00734,0.00816,0.0,0.0,1,0.01707,11.2,0
128,2048,112.0,32.0,2,0.9,30000,10.0,0.06827,0.00734,0.00816,0.0,0.0,1,0.06827,11.2,0
128,2048,112.0,32.0,2,0.9,60000,10.0,0.03413,0.00734,0.00816,0.0,0.0,1,0.03413,11.2,0
128,2048,112.0,32.0,2,0.9,120000,10.0,0.01707,0.00734,0.00816,0.0,0.0,1,0.01707,11.2,0
128,2048,112.0,32.0,2,0.9,30000,30.0,0.06827,0.00734,0.00816,0.0,0.0,1,0.06827,11.2,0
128,2048,112.0,32.0,2,0.9,60000,30.0,0.03413,0.00734,0.00816,0.0,0.0,1,0.03413,11.2,0
128,2048,112.0,32.0,2,0.9,120000,30.0,0.01707,0.00734,0.00816,0.0,0.0,1,0.01707,11.2,0
128,2048,112.0,32.0,2,0.99,30000,0.2,0.06827,0.00734,0.00741,0.0,0.0,1,0.06827,1.12,0
128,2048,112.0,32.0,2,0.99,60000,0.2,0.03413,0.00734,0.00741,0.0,0.0,1,0.03413,1.12,0
128,2048,112.0,32.0,2,0.99,120000,0.2,0.01707,0.00734,0.00741,0.0,0.0,1,0.01707,1.12,0
128,2048,112.0,32.0,2,0.99,30000,0.5,0.06827,0.00734,0.00741,0.0,0.0,1,0.06827,1.12,0
128,2048,112.0,32.0,2,0.99,60000,0.5,0.03413,0.00734,0.00741,0.0,0.0,1,0.03413,1.12,0
128,2048,112.0,32.0,2,0.99,120000,0.5,0.01707,0.00734,0.00741,0.0,0.0,1,0.01707,1.12,0
128,2048,112.0,32.0,2,0.99,30000,1.0,0.06827,0.00734,0.00741,0.0,0.0,1,0.06827,1.12,0
128,2048,112.0,32.0,2,0.99,60000,1.0,0.03413,0.00734,0.00741,0.0,0.0,1,0.03413,1.12,0
128,2048,112.0,32.0,2,0.99,120000,1.0,0.01707,0.00734,0.00741,0.0,0.0,1,0.01707,1.12,0
128,2048,112.0,32.0,2,0.99,30000,2.0,0.06827,0.00734,0.00741,0.0,0.0,1,0.06827,1.12,0
128,2048,112.0,32.0,2,0.99,60000,2.0,0.03413,0.00734,0.00741,0.0,0.0,1,0.03413,1.12,0
128,2048,112.0,32.0,2,0.99,120000,2.0,0.01707,0.00734,0.00741,0.0,0.0,1,0.01707,1.12,0
128,2048,112.0,32.0,2,0.99,30000,5.0,0.06827,0.00734,0.00741,0.0,0.0,1,0.06827,1.12,0
128,2048,112.0,32.0,2,0.99,60000,5.0,0.03413,0.00734,0.00741,0.0,0.0,1,0.03413,1.12,0
128,2048,112.0,32.0,2,0.99,120000,5.0,0.01707,0.00734,0.00741,0.0,0.0,1,0.01707,1.12,0
128,2048,112.0,32.0,2,0.99,30000,10.0,0.06827,0.00734,0.00741,0.0,0.0,1,0.06827,1.12,0
128,2048,112.0,32.0,2,0.99,60000,10.0,0.03413,0.00734,0.00741,0.0,0.0,1,0.03413,1.12,0
128,2048,112.0,32.0,2,0.99,120000,10.0,0.01707,0.00734,0.00741,0.0,0.0,1,0.01707,1.12,0
128,2048,112.0,32.0,2,0.99,30000,30.0,0.06827,0.00734,0.00741,0.0,0.0,1,0.06827,1.12,0
128,2048,112.0,32.0,2,0.99,60000,30.0,0.03413,0.00734,0.00741,0.0,0.0,1,0.03413,1.12,0
128,2048,112.0,32.0,2,0.99,120000,30.0,0.01707,0.00734,0.00741,0.0,0.0,1,0.01707,1.12,0
128,2048,112.0,32.0,4,0.5,30000,0.2,0.06827,0.01468,0.02936,3e-05,0.0,1,0.06824,56.0,0
128,2048,112.0,32.0,4,0.5,60000,0.2,0.03413,0.01468,0.02936,3e-05,0.0,1,0.0341,56.0,0
128,2048,112.0,32.0,4,0.5,120000,0.2,0.01707,0.01468,0.02936,3e-05,0.0,1,0.01704,56.0,0
128,2048,112.0,32.0,4,0.5,30000,0.5,0.06827,0.01468,0.02936,0.0,0.0,1,0.06826,56.0,0
128,2048,112.0,32.0,4,0.5,60000,0.5,0.03413,0.01468,0.02936,0.0,0.0,1,0.03413,56.0,0
128,2048,112.0,32.0,4,0.5,120000,0.5,0.01707,0.01468,0.02936,0.0,0.0,1,0.01706,56.0,0
128,2048,112.0,32.0,4,0.5,30000,1.0,0.06827,0.01468,0.02936,0.0,0.0,1,0.06827,56.0,0
128,2048,112.0,32.0,4,0.5,60000,1.0,0.03413,0.01468,0.02936,0.0,0.0,1,0.03413,56.0,0
128,2048,112.0,32.0,4,0.5,120000,1.0,0.01707,0.01468,0.02936,0.0,0.0,1,0.01707,56.0,0
128,2048,112.0,32.0,4,0.5,30000,2.0,0.06827,0.01468,0.02936,0.0,0.0,1,0.06827,56.0,0
128,2048,112.0,32.0,4,0.5,60000,2.0,0.03413,0.01468,0.02936,0.0,0.0,1,0.03413,56.0,0
128,2048,112.0,32.0,4,0.5,120000,2.0,0.01707,0.01468,0.02936,0.0,0.0,1,0.01707,56.0,0
128,2048,112.0,32.0,4,0.5,30000,5.0,0.06827,0.01468,0.02936,0.0,0.0,1,0.06827,56.0,0
128,2048,112.0,32.0,4,0.5,60000,5.0,0.03413,0.01468,0.02936,0.0,0.0,1,0.03413,56.0,0
128,2048,112.0,32.0,4,0.5,120000,5.0,0.01707,0.01468,0.02936,0.0,0.0,1,0.01707,56.0,0
128,2048,112.0,32.0,4,0.5,30000,10.0,0.06827,0.01468,0.02936,0.0,0.0,1,0.06827,56.0,0
128,2048,112.0,32.0,4,0.5,60000,10.0,0.03413,0.01468,0.02936,0.0,0.0,1,0.03413,56.0,0
128,2048,112.0,32.0,4,0.5,120000,10.0,0.01707,0.01468,0.02936,0.0,0.0,1,0.01707,56.0,0
128,2048,112.0,32.0,4,0.5,30000,30.0,0.06827,0.01468,0.02936,0.0,0.0,1,0.06827,56.0,0
128,2048,112.0,32.0,4,0.5,60000,30.0,0.03413,0.01468,0.02936,0.0,0.0,1,0.03413,56.0,0
128,2048,112.0,32.0,4,0.5,120000,30.0,0.01707,0.01468,0.02936,0.0,0.0,1,0.01707,56.0,0
128,2048,112.0,32.0,4,0.7,30000,0.2,0.06827,0.01468,0.02097,2e-05,0.0,1,0.06825,33.6,0
128,2048,112.0,32.0,4,0.7,60000,0.2,0.03413,0.01468,0.02097,2e-05,0.0,1,0.03412,33.6,0
128,2048,112.0,32.0,4,0.7,120000,0.2,0.01707,0.01468,0.02097,2e-05,0.0,1,0.01705,33.6,0
128,2048,112.0,32.0,4,0.7,30000,0.5,0.06827,0.01468,0.02097,0.0,0.0,1,0.06827,33.6,0
128,2048,112.0,32.0,4,0.7,60000,0.5,0.03413,0.01468,0.02097,0.0,0.0,1,0.03413,33.6,0
128,2048,112.0,32.0,4,0.7,120000,0.5,0.01707,0.01468,0.02097,0.0,0.0,1,0.01707,33.6,0
128,2048,112.0,32.0,4,0.7,30000,1.0,0.06827,0.01468,0.02097,0.0,0.0,1,0.06827,33.6,0
128,2048,112.0,32.0,4,0.7,60000,1.0,0.03413,0.01468,0.02097,0.0,0.0,1,0.03413,33.6,0
128,2048,112.0,32.0,4,0.7,120000,1.0,0.01707,0.01468,0.02097,0.0,0.0,1,0.01707,33.6,0
128,2048,112.0,32.0,4,0.7,30000,2.0,0.06827,0.01468,0.02097,0.0,0.0,1,0.06827,33.6,0
128,2048,112.0,32.0,4,0.7,60000,2.0,0.03413,0.01468,0.02097,0.0,0.0,1,0.03413,33.6,0
128,2048,112.0,32.0,4,0.7,120000,2.0,0.01707,0.01468,0.02097,0.0,0.0,1,0.01707,33.6,0
128,2048,112.0,32.0,4,0.7,30000,5.0,0.06827,0.01468,0.02097,0.0,0.0,1,0.06827,33.6,0
128,2048,112.0,32.0,4,0.7,60000,5.0,0.03413,0.01468,0.02097,0.0,0.0,1,0.03413,33.6,0
128,2048,112.0,32.0,4,0.7,120000,5.0,0.01707,0.01468,0.02097,0.0,0.0,1,0.01707,33.6,0
128,2048,112.0,32.0,4,0.7,30000,10.0,0.06827,0.01468,0.02097,0.0,0.0,1,0.06827,33.6,0
128,2048,112.0,32.0,4,0.7,60000,10.0,0.03413,0.01468,0.02097,0.0,0.0,1,0.03413,33.6,0
128,2048,112.0,32.0,4,0.7,120000,10.0,0.01707,0.01468,0.02097,0.0,0.0,1,0.01707,33.6,0
128,2048,112.0,32.0,4,0.7,30000,30.0,0.06827,0.01468,0.02097,0.0,0.0,1,0.06827,33.6,0
128,2048,112.0,32.0,4,0.7,60000,30.0,0.03413,0.01468,0.02097,0.0,0.0,1,0.03413,33.6,0
128,2048,112.0,32.0,4,0.7,120000,30.0,0.01707,0.01468,0.02097,0.0,0.0,1,0.01707,33.6,0
128,2048,112.0,32.0,4,0.9,30000,0.2,0.06827,0.01468,0.01631,0.0,0.0,1,0.06827,11.2,0
128,2048,112.0,32.0,4,0.9,60000,0.2,0.03413,0.01468,0.01631,0.0,0.0,1,0.03413,11.2,0
128,2048,112.0,32.0,4,0.9,120000,0.2,0.01707,0.01468,0.01631,0.0,0.0,1,0.01707,11.2,0
128,2048,112.0,32.0,4,0.9,30000,0.5,0.06827,0.01468,0.01631,0.0,0.0,1,0.06827,11.2,0
128,2048,112.0,32.0,4,0.9,60000,0.5,0.03413,0.01468,0.01631,0.0,0.0,1,0.03413,11.2,0
128,2048,112.0,32.0,4,0.9,120000,0.5,0.01707,0.01468,0.01631,0.0,0.0,1,0.01707,11.2,0
128,2048,112.0,32.0,4,0.9,30000,1.0,0.06827,0.01468,0.01631,0.0,0.0,1,0.06827,11.2,0
128,2048,112.0,32.0,4,0.9,60000,1.0,0.03413,0.01468,0.01631,0.0,0.0,1,0.03413,11.2,0
128,2048,112.0,32.0,4,0.9,120000,1.0,0.01707,0.01468,0.01631,0.0,0.0,1,0.01707,11.2,0
128,2048,112.0,32.0,4,0.9,30000,2.0,0.06827,0.01468,0.01631,0.0,0.0,1,0.06827,11.2,0
128,2048,112.0,32.0,4,0.9,60000,2.0,0.03413,0.01468,0.01631,0.0,0.0,1,0.03413,11.2,0
128,2048,112.0,32.0,4,0.9,120000,2.0,0.01707,0.01468,0.01631,0.0,0.0,1,0.01707,11.2,0
128,2048,112.0,32.0,4,0.9,30000,5.0,0.06827,0.01468,0.01631,0.0,0.0,1,0.06827,11.2,0
128,2048,112.0,32.0,4,0.9,60000,5.0,0.03413,0.01468,0.01631,0.0,0.0,1,0.03413,11.2,0
128,2048,112.0,32.0,4,0.9,120000,5.0,0.01707,0.01468,0.01631,0.0,0.0,1,0.01707,11.2,0
128,2048,112.0,32.0,4,0.9,30000,10.0,0.06827,0.01468,0.01631,0.0,0.0,1,0.06827,11.2,0
128,2048,112.0,32.0,4,0.9,60000,10.0,0.03413,0.01468,0.01631,0.0,0.0,1,0.03413,11.2,0
128,2048,112.0,32.0,4,0.9,120000,10.0,0.01707,0.01468,0.01631,0.0,0.0,1,0.01707,11.2,0
128,2048,112.0,32.0,4,0.9,30000,30.0,0.06827,0.01468,0.01631,0.0,0.0,1,0.06827,11.2,0
128,2048,112.0,32.0,4,0.9,60000,30.0,0.03413,0.01468,0.01631,0.0,0.0,1,0.03413,11.2,0
128,2048,112.0,32.0,4,0.9,120000,30.0,0.01707,0.01468,0.01631,0.0,0.0,1,0.01707,11.2,0
128,2048,112.0,32.0,4,0.99,30000,0.2,0.06827,0.01468,0.01483,0.0,0.0,1,0.06827,1.12,0
128,2048,112.0,32.0,4,0.99,60000,0.2,0.03413,0.01468,0.01483,0.0,0.0,1,0.03413,1.12,0
128,2048,112.0,32.0,4,0.99,120000,0.2,0.01707,0.01468,0.01483,0.0,0.0,1,0.01707,1.12,0
128,2048,112.0,32.0,4,0.99,30000,0.5,0.06827,0.01468,0.01483,0.0,0.0,1,0.06827,1.12,0
128,2048,112.0,32.0,4,0.99,60000,0.5,0.03413,0.01468,0.01483,0.0,0.0,1,0.03413,1.12,0
128,2048,112.0,32.0,4,0.99,120000,0.5,0.01707,0.01468,0.01483,0.0,0.0,1,0.01707,1.12,0
128,2048,112.0,32.0,4,0.99,30000,1.0,0.06827,0.01468,0.01483,0.0,0.0,1,0.06827,1.12,0
128,2048,112.0,32.0,4,0.99,60000,1.0,0.03413,0.01468,0.01483,0.0,0.0,1,0.03413,1.12,0
128,2048,112.0,32.0,4,0.99,120000,1.0,0.01707,0.01468,0.01483,0.0,0.0,1,0.01707,1.12,0
128,2048,112.0,32.0,4,0.99,30000,2.0,0.06827,0.01468,0.01483,0.0,0.0,1,0.06827,1.12,0
128,2048,112.0,32.0,4,0.99,60000,2.0,0.03413,0.01468,0.01483,0.0,0.0,1,0.03413,1.12,0
128,2048,112.0,32.0,4,0.99,120000,2.0,0.01707,0.01468,0.01483,0.0,0.0,1,0.01707,1.12,0
128,2048,112.0,32.0,4,0.99,30000,5.0,0.06827,0.01468,0.01483,0.0,0.0,1,0.06827,1.12,0
128,2048,112.0,32.0,4,0.99,60000,5.0,0.03413,0.01468,0.01483,0.0,0.0,1,0.03413,1.12,0
128,2048,112.0,32.0,4,0.99,120000,5.0,0.01707,0.01468,0.01483,0.0,0.0,1,0.01707,1.12,0
128,2048,112.0,32.0,4,0.99,30000,10.0,0.06827,0.01468,0.01483,0.0,0.0,1,0.06827,1.12,0
128,2048,112.0,32.0,4,0.99,60000,10.0,0.03413,0.01468,0.01483,0.0,0.0,1,0.03413,1.12,0
128,2048,112.0,32.0,4,0.99,120000,10.0,0.01707,0.01468,0.01483,0.0,0.0,1,0.01707,1.12,0
128,2048,112.0,32.0,4,0.99,30000,30.0,0.06827,0.01468,0.01483,0.0,0.0,1,0.06827,1.12,0
128,2048,112.0,32.0,4,0.99,60000,30.0,0.03413,0.01468,0.01483,0.0,0.0,1,0.03413,1.12,0
128,2048,112.0,32.0,4,0.99,120000,30.0,0.01707,0.01468,0.01483,0.0,0.0,1,0.01707,1.12,0
128,2048,112.0,32.0,8,0.5,30000,0.2,0.06827,0.02936,0.05872,0.00105,0.0,1,0.06722,56.0,0
128,2048,112.0,32.0,8,0.5,60000,0.2,0.03413,0.02936,0.05872,0.00105,0.0,1,0.03308,56.0,0
128,2048,112.0,32.0,8,0.5,120000,0.2,0.01707,0.02936,0.05872,0.00105,0.0,1,0.01602,56.0,0
128,2048,112.0,32.0,8,0.5,30000,0.5,0.06827,0.02936,0.05872,5e-05,0.0,1,0.06822,56.0,0
128,2048,112.0,32.0,8,0.5,60000,0.5,0.03413,0.02936,0.05872,5e-05,0.0,1,0.03409,56.0,0
128,2048,112.0,32.0,8,0.5,120000,0.5,0.01707,0.02936,0.05872,5e-05,0.0,1,0.01702,56.0,0
128,2048,112.0,32.0,8,0.5,30000,1.0,0.06827,0.02936,0.05872,0.0,0.0,1,0.06827,56.0,0
128,2048,112.0,32.0,8,0.5,60000,1.0,0.03413,0.02936,0.05872,0.0,0.0,1,0.03413,56.0,0
128,2048,112.0,32.0,8,0.5,120000,1.0,0.01707,0.02936,0.05872,0.0,0.0,1,0.01707,56.0,0
128,2048,112.0,32.0,8,0.5,30000,2.0,0.06827,0.02936,0.05872,0.0,0.0,1,0.06827,56.0,0
128,2048,112.0,32.0,8,0.5,60000,2.0,0.03413,0.02936,0.05872,0.0,0.0,1,0.03413,56.0,0
128,2048,112.0,32.0,8,0.5,120000,2.0,0.01707,0.02936,0.05872,0.0,0.0,1,0.01707,56.0,0
128,2048,112.0,32.0,8,0.5,30000,5.0,0.06827,0.02936,0.05872,0.0,0.0,1,0.06827,56.0,0
128,2048,112.0,32.0,8,0.5,60000,5.0,0.03413,0.02936,0.05872,0.0,0.0,1,0.03413,56.0,0
128,2048,112.0,32.0,8,0.5,120000,5.0,0.01707,0.02936,0.05872,0.0,0.0,1,0.01707,56.0,0
128,2048,112.0,32.0,8,0.5,30000,10.0,0.06827,0.02936,0.05872,0.0,0.0,1,0.06827,56.0,0
128,2048,112.0,32.0,8,0.5,60000,10.0,0.03413,0.02936,0.05872,0.0,0.0,1,0.03413,56.0,0
128,2048,112.0,32.0,8,0.5,120000,10.0,0.01707,0.02936,0.05872,0.0,0.0,1,0.01707,56.0,0
128,2048,112.0,32.0,8,0.5,30000,30.0,0.06827,0.02936,0.05872,0.0,0.0,1,0.06827,56.0,0
128,2048,112.0,32.0,8,0.5,60000,30.0,0.03413,0.02936,0.05872,0.0,0.0,1,0.03413,56.0,0
128,2048,112.0,32.0,8,0.5,120000,30.0,0.01707,0.02936,0.05872,0.0,0.0,1,0.01707,56.0,0
128,2048,112.0,32.0,8,0.7,30000,0.2,0.06827,0.02936,0.04194,0.00024,0.0,1,0.06803,33.6,0
128,2048,112.0,32.0,8,0.7,60000,0.2,0.03413,0.02936,0.04194,0.00024,0.0,1,0.03389,33.6,0
128,2048,112.0,32.0,8,0.7,120000,0.2,0.01707,0.02936,0.04194,0.00024,0.0,1,0.01683,33.6,0
128,2048,112.0,32.0,8,0.7,30000,0.5,0.06827,0.02936,0.04194,1e-05,0.0,1,0.06826,33.6,0
128,2048,112.0,32.0,8,0.7,60000,0.5,0.03413,0.02936,0.04194,1e-05,0.0,1,0.03413,33.6,0
128,2048,112.0,32.0,8,0.7,120000,0.5,0.01707,0.02936,0.04194,1e-05,0.0,1,0.01706,33.6,0
128,2048,112.0,32.0,8,0.7,30000,1.0,0.06827,0.02936,0.04194,0.0,0.0,1,0.06827,33.6,0
128,2048,112.0,32.0,8,0.7,60000,1.0,0.03413,0.02936,0.04194,0.0,0.0,1,0.03413,33.6,0
128,2048,112.0,32.0,8,0.7,120000,1.0,0.01707,0.02936,0.04194,0.0,0.0,1,0.01707,33.6,0
128,2048,112.0,32.0,8,0.7,30000,2.0,0.06827,0.02936,0.04194,0.0,0.0,1,0.06827,33.6,0
128,2048,112.0,32.0,8,0.7,60000,2.0,0.03413,0.02936,0.04194,0.0,0.0,1,0.03413,33.6,0
128,2048,112.0,32.0,8,0.7,120000,2.0,0.01707,0.02936,0.04194,0.0,0.0,1,0.01707,33.6,0
128,2048,112.0,32.0,8,0.7,30000,5.0,0.06827,0.02936,0.04194,0.0,0.0,1,0.06827,33.6,0
128,2048,112.0,32.0,8,0.7,60000,5.0,0.03413,0.02936,0.04194,0.0,0.0,1,0.03413,33.6,0
128,2048,112.0,32.0,8,0.7,120000,5.0,0.01707,0.02936,0.04194,0.0,0.0,1,0.01707,33.6,0
128,2048,112.0,32.0,8,0.7,30000,10.0,0.06827,0.02936,0.04194,0.0,0.0,1,0.06827,33.6,0
128,2048,112.0,32.0,8,0.7,60000,10.0,0.03413,0.02936,0.04194,0.0,0.0,1,0.03413,33.6,0
128,2048,112.0,32.0,8,0.7,120000,10.0,0.01707,0.02936,0.04194,0.0,0.0,1,0.01707,33.6,0
128,2048,112.0,32.0,8,0.7,30000,30.0,0.06827,0.02936,0.04194,0.0,0.0,1,0.06827,33.6,0
128,2048,112.0,32.0,8,0.7,60000,30.0,0.03413,0.02936,0.04194,0.0,0.0,1,0.03413,33.6,0
128,2048,112.0,32.0,8,0.7,120000,30.0,0.01707,0.02936,0.04194,0.0,0.0,1,0.01707,33.6,0
128,2048,112.0,32.0,8,0.9,30000,0.2,0.06827,0.02936,0.03262,9e-05,0.0,1,0.06818,11.2,0
128,2048,112.0,32.0,8,0.9,60000,0.2,0.03413,0.02936,0.03262,9e-05,0.0,1,0.03405,11.2,0
128,2048,112.0,32.0,8,0.9,120000,0.2,0.01707,0.02936,0.03262,9e-05,0.0,1,0.01698,11.2,0
128,2048,112.0,32.0,8,0.9,30000,0.5,0.06827,0.02936,0.03262,0.0,0.0,1,0.06827,11.2,0
128,2048,112.0,32.0,8,0.9,60000,0.5,0.03413,0.02936,0.03262,0.0,0.0,1,0.03413,11.2,0
128,2048,112.0,32.0,8,0.9,120000,0.5,0.01707,0.02936,0.03262,0.0,0.0,1,0.01707,11.2,0
128,2048,112.0,32.0,8,0.9,30000,1.0,0.06827,0.02936,0.03262,0.0,0.0,1,0.06827,11.2,0
128,2048,112.0,32.0,8,0.9,60000,1.0,0.03413,0.02936,0.03262,0.0,0.0,1,0.03413,11.2,0
128,2048,112.0,32.0,8,0.9,120000,1.0,0.01707,0.02936,0.03262,0.0,0.0,1,0.01707,11.2,0
128,2048,112.0,32.0,8,0.9,30000,2.0,0.06827,0.02936,0.03262,0.0,0.0,1,0.06827,11.2,0
128,2048,112.0,32.0,8,0.9,60000,2.0,0.03413,0.02936,0.03262,0.0,0.0,1,0.03413,11.2,0
128,2048,112.0,32.0,8,0.9,120000,2.0,0.01707,0.02936,0.03262,0.0,0.0,1,0.01707,11.2,0
128,2048,112.0,32.0,8,0.9,30000,5.0,0.06827,0.02936,0.03262,0.0,0.0,1,0.06827,11.2,0
128,2048,112.0,32.0,8,0.9,60000,5.0,0.03413,0.02936,0.03262,0.0,0.0,1,0.03413,11.2,0
128,2048,112.0,32.0,8,0.9,120000,5.0,0.01707,0.02936,0.03262,0.0,0.0,1,0.01707,11.2,0
128,2048,112.0,32.0,8,0.9,30000,10.0,0.06827,0.02936,0.03262,0.0,0.0,1,0.06827,11.2,0
128,2048,112.0,32.0,8,0.9,60000,10.0,0.03413,0.02936,0.03262,0.0,0.0,1,0.03413,11.2,0
128,2048,112.0,32.0,8,0.9,120000,10.0,0.01707,0.02936,0.03262,0.0,0.0,1,0.01707,11.2,0
128,2048,112.0,32.0,8,0.9,30000,30.0,0.06827,0.02936,0.03262,0.0,0.0,1,0.06827,11.2,0
128,2048,112.0,32.0,8,0.9,60000,30.0,0.03413,0.02936,0.03262,0.0,0.0,1,0.03413,11.2,0
128,2048,112.0,32.0,8,0.9,120000,30.0,0.01707,0.02936,0.03262,0.0,0.0,1,0.01707,11.2,0
128,2048,112.0,32.0,8,0.99,30000,0.2,0.06827,0.02936,0.02966,4e-05,0.0,1,0.06823,1.12,0
128,2048,112.0,32.0,8,0.99,60000,0.2,0.03413,0.02936,0.02966,4e-05,0.0,1,0.03409,1.12,0
128,2048,112.0,32.0,8,0.99,120000,0.2,0.01707,0.02936,0.02966,4e-05,0.0,1,0.01703,1.12,0
128,2048,112.0,32.0,8,0.99,30000,0.5,0.06827,0.02936,0.02966,0.0,0.0,1,0.06827,1.12,0
128,2048,112.0,32.0,8,0.99,60000,0.5,0.03413,0.02936,0.02966,0.0,0.0,1,0.03413,1.12,0
128,2048,112.0,32.0,8,0.99,120000,0.5,0.01707,0.02936,0.02966,0.0,0.0,1,0.01707,1.12,0
128,2048,112.0,32.0,8,0.99,30000,1.0,0.06827,0.02936,0.02966,0.0,0.0,1,0.06827,1.12,0
128,2048,112.0,32.0,8,0.99,60000,1.0,0.03413,0.02936,0.02966,0.0,0.0,1,0.03413,1.12,0
128,2048,112.0,32.0,8,0.99,120000,1.0,0.01707,0.02936,0.02966,0.0,0.0,1,0.01707,1.12,0
128,2048,112.0,32.0,8,0.99,30000,2.0,0.06827,0.02936,0.02966,0.0,0.0,1,0.06827,1.12,0
128,2048,112.0,32.0,8,0.99,60000,2.0,0.03413,0.02936,0.02966,0.0,0.0,1,0.03413,1.12,0
128,2048,112.0,32.0,8,0.99,120000,2.0,0.01707,0.02936,0.02966,0.0,0.0,1,0.01707,1.12,0
128,2048,112.0,32.0,8,0.99,30000,5.0,0.06827,0.02936,0.02966,0.0,0.0,1,0.06827,1.12,0
128,2048,112.0,32.0,8,0.99,60000,5.0,0.03413,0.02936,0.02966,0.0,0.0,1,0.03413,1.12,0
128,2048,112.0,32.0,8,0.99,120000,5.0,0.01707,0.02936,0.02966,0.0,0.0,1,0.01707,1.12,0
128,2048,112.0,32.0,8,0.99,30000,10.0,0.06827,0.02936,0.02966,0.0,0.0,1,0.06827,1.12,0
128,2048,112.0,32.0,8,0.99,60000,10.0,0.03413,0.02936,0.02966,0.0,0.0,1,0.03413,1.12,0
128,2048,112.0,32.0,8,0.99,120000,10.0,0.01707,0.02936,0.02966,0.0,0.0,1,0.01707,1.12,0
128,2048,112.0,32.0,8,0.99,30000,30.0,0.06827,0.02936,0.02966,0.0,0.0,1,0.06827,1.12,0
128,2048,112.0,32.0,8,0.99,60000,30.0,0.03413,0.02936,0.02966,0.0,0.0,1,0.03413,1.12,0
128,2048,112.0,32.0,8,0.99,120000,30.0,0.01707,0.02936,0.02966,0.0,0.0,1,0.01707,1.12,0
128,2048,112.0,32.0,16,0.5,30000,0.2,0.06827,0.05872,0.11744,0.00937,0.04256,1,0.05889,56.0,0
128,2048,112.0,32.0,16,0.5,60000,0.2,0.03413,0.05872,0.11744,0.00937,0.04256,1,0.02476,56.0,0
128,2048,112.0,32.0,16,0.5,120000,0.2,0.01707,0.05872,0.11744,0.00937,0.04256,1,0.00769,56.0,0
128,2048,112.0,32.0,16,0.5,30000,0.5,0.06827,0.05872,0.11744,0.00107,0.0,1,0.0672,56.0,0
128,2048,112.0,32.0,16,0.5,60000,0.5,0.03413,0.05872,0.11744,0.00107,0.0,1,0.03307,56.0,0
128,2048,112.0,32.0,16,0.5,120000,0.5,0.01707,0.05872,0.11744,0.00107,0.0,1,0.016,56.0,0
128,2048,112.0,32.0,16,0.5,30000,1.0,0.06827,0.05872,0.11744,0.00012,0.0,1,0.06815,56.0,0
128,2048,112.0,32.0,16,0.5,60000,1.0,0.03413,0.05872,0.11744,0.00012,0.0,1,0.03402,56.0,0
128,2048,112.0,32.0,16,0.5,120000,1.0,0.01707,0.05872,0.11744,0.00012,0.0,1,0.01695,56.0,0
128,2048,112.0,32.0,16,0.5,30000,2.0,0.06827,0.05872,0.11744,0.0,0.0,1,0.06826,56.0,0
128,2048,112.0,32.0,16,0.5,60000,2.0,0.03413,0.05872,0.11744,0.0,0.0,1,0.03413,56.0,0
128,2048,112.0,32.0,16,0.5,120000,2.0,0.01707,0.05872,0.11744,0.0,0.0,1,0.01706,56.0,0
128,2048,112.0,32.0,16,0.5,30000,5.0,0.06827,0.05872,0.11744,0.0,0.0,1,0.06827,56.0,0
128,2048,112.0,32.0,16,0.5,60000,5.0,0.03413,0.05872,0.11744,0.0,0.0,1,0.03413,56.0,0
128,2048,112.0,32.0,16,0.5,120000,5.0,0.01707,0.05872,0.11744,0.0,0.0,1,0.01707,56.0,0
128,2048,112.0,32.0,16,0.5,30000,10.0,0.06827,0.05872,0.11744,0.0,0.0,1,0.06827,56.0,0
128,2048,112.0,32.0,16,0.5,60000,10.0,0.03413,0.05872,0.11744,0.0,0.0,1,0.03413,56.0,0
128,2048,112.0,32.0,16,0.5,120000,10.0,0.01707,0.05872,0.11744,0.0,0.0,1,0.01707,56.0,0
128,2048,112.0,32.0,16,0.5,30000,30.0,0.06827,0.05872,0.11744,0.0,0.0,1,0.06827,56.0,0
128,2048,112.0,32.0,16,0.5,60000,30.0,0.03413,0.05872,0.11744,0.0,0.0,1,0.03413,56.0,0
128,2048,112.0,32.0,16,0.5,120000,30.0,0.01707,0.05872,0.11744,0.0,0.0,1,0.01707,56.0,0
128,2048,112.0,32.0,16,0.7,30000,0.2,0.06827,0.05872,0.08389,0.00353,0.01394,1,0.06473,33.6,0
128,2048,112.0,32.0,16,0.7,60000,0.2,0.03413,0.05872,0.08389,0.00353,0.01394,1,0.0306,33.6,0
128,2048,112.0,32.0,16,0.7,120000,0.2,0.01707,0.05872,0.08389,0.00353,0.01394,1,0.01353,33.6,0
128,2048,112.0,32.0,16,0.7,30000,0.5,0.06827,0.05872,0.08389,0.00022,0.0,1,0.06805,33.6,0
128,2048,112.0,32.0,16,0.7,60000,0.5,0.03413,0.05872,0.08389,0.00022,0.0,1,0.03391,33.6,0
128,2048,112.0,32.0,16,0.7,120000,0.5,0.01707,0.05872,0.08389,0.00022,0.0,1,0.01685,33.6,0
128,2048,112.0,32.0,16,0.7,30000,1.0,0.06827,0.05872,0.08389,0.0,0.0,1,0.06827,33.6,0
128,2048,112.0,32.0,16,0.7,60000,1.0,0.03413,0.05872,0.08389,0.0,0.0,1,0.03413,33.6,0
128,2048,112.0,32.0,16,0.7,120000,1.0,0.01707,0.05872,0.08389,0.0,0.0,1,0.01707,33.6,0
128,2048,112.0,32.0,16,0.7,30000,2.0,0.06827,0.05872,0.08389,0.0,0.0,1,0.06827,33.6,0
128,2048,112.0,32.0,16,0.7,60000,2.0,0.03413,0.05872,0.08389,0.0,0.0,1,0.03413,33.6,0
128,2048,112.0,32.0,16,0.7,120000,2.0,0.01707,0.05872,0.08389,0.0,0.0,1,0.01707,33.6,0
128,2048,112.0,32.0,16,0.7,30000,5.0,0.06827,0.05872,0.08389,0.0,0.0,1,0.06827,33.6,0
128,2048,112.0,32.0,16,0.7,60000,5.0,0.03413,0.05872,0.08389,0.0,0.0,1,0.03413,33.6,0
128,2048,112.0,32.0,16,0.7,120000,5.0,0.01707,0.05872,0.08389,0.0,0.0,1,0.01707,33.6,0
128,2048,112.0,32.0,16,0.7,30000,10.0,0.06827,0.05872,0.08389,0.0,0.0,1,0.06827,33.6,0
128,2048,112.0,32.0,16,0.7,60000,10.0,0.03413,0.05872,0.08389,0.0,0.0,1,0.03413,33.6,0
128,2048,112.0,32.0,16,0.7,120000,10.0,0.01707,0.05872,0.08389,0.0,0.0,1,0.01707,33.6,0
128,2048,112.0,32.0,16,0.7,30000,30.0,0.06827,0.05872,0.08389,0.0,0.0,1,0.06827,33.6,0
128,2048,112.0,32.0,16,0.7,60000,30.0,0.03413,0.05872,0.08389,0.0,0.0,1,0.03413,33.6,0
128,2048,112.0,32.0,16,0.7,120000,30.0,0.01707,0.05872,0.08389,0.0,0.0,1,0.01707,33.6,0
128,2048,112.0,32.0,16,0.9,30000,0.2,0.06827,0.05872,0.06524,0.00138,0.0,1,0.06689,11.2,0
128,2048,112.0,32.0,16,0.9,60000,0.2,0.03413,0.05872,0.06524,0.00138,0.0,1,0.03276,11.2,0
128,2048,112.0,32.0,16,0.9,120000,0.2,0.01707,0.05872,0.06524,0.00138,0.0,1,0.01569,11.2,0
128,2048,112.0,32.0,16,0.9,30000,0.5,0.06827,0.05872,0.06524,3e-05,0.0,1,0.06823,11.2,0
128,2048,112.0,32.0,16,0.9,60000,0.5,0.03413,0.05872,0.06524,3e-05,0.0,1,0.0341,11.2,0
128,2048,112.0,32.0,16,0.9,120000,0.5,0.01707,0.05872,0.06524,3e-05,0.0,1,0.01703,11.2,0
128,2048,112.0,32.0,16,0.9,30000,1.0,0.06827,0.05872,0.06524,0.0,0.0,1,0.06826,11.2,0
128,2048,112.0,32.0,16,0.9,60000,1.0,0.03413,0.05872,0.06524,0.0,0.0,1,0.03413,11.2,0
128,2048,112.0,32.0,16,0.9,120000,1.0,0.01707,0.05872,0.06524,0.0,0.0,1,0.01706,11.2,0
128,2048,112.0,32.0,16,0.9,30000,2.0,0.06827,0.05872,0.06524,0.0,0.0,1,0.06827,11.2,0
128,2048,112.0,32.0,16,0.9,60000,2.0,0.03413,0.05872,0.06524,0.0,0.0,1,0.03413,11.2,0
128,2048,112.0,32.0,16,0.9,120000,2.0,0.01707,0.05872,0.06524,0.0,0.0,1,0.01707,11.2,0
128,2048,112.0,32.0,16,0.9,30000,5.0,0.06827,0.05872,0.06524,0.0,0.0,1,0.06827,11.2,0
128,2048,112.0,32.0,16,0.9,60000,5.0,0.03413,0.05872,0.06524,0.0,0.0,1,0.03413,11.2,0
128,2048,112.0,32.0,16,0.9,120000,5.0,0.01707,0.05872,0.06524,0.0,0.0,1,0.01707,11.2,0
128,2048,112.0,32.0,16,0.9,30000,10.0,0.06827,0.05872,0.06524,0.0,0.0,1,0.06827,11.2,0
128,2048,112.0,32.0,16,0.9,60000,10.0,0.03413,0.05872,0.06524,0.0,0.0,1,0.03413,11.2,0
128,2048,112.0,32.0,16,0.9,120000,10.0,0.01707,0.05872,0.06524,0.0,0.0,1,0.01707,11.2,0
128,2048,112.0,32.0,16,0.9,30000,30.0,0.06827,0.05872,0.06524,0.0,0.0,1,0.06827,11.2,0
128,2048,112.0,32.0,16,0.9,60000,30.0,0.03413,0.05872,0.06524,0.0,0.0,1,0.03413,11.2,0
128,2048,112.0,32.0,16,0.9,120000,30.0,0.01707,0.05872,0.06524,0.0,0.0,1,0.01707,11.2,0
128,2048,112.0,32.0,16,0.99,30000,0.2,0.06827,0.05872,0.05931,0.00096,0.0,1,0.06731,1.12,0
128,2048,112.0,32.0,16,0.99,60000,0.2,0.03413,0.05872,0.05931,0.00096,0.0,1,0.03318,1.12,0
128,2048,112.0,32.0,16,0.99,120000,0.2,0.01707,0.05872,0.05931,0.00096,0.0,1,0.01611,1.12,0
128,2048,112.0,32.0,16,0.99,30000,0.5,0.06827,0.05872,0.05931,4e-05,0.0,1,0.06823,1.12,0
128,2048,112.0,32.0,16,0.99,60000,0.5,0.03413,0.05872,0.05931,4e-05,0.0,1,0.0341,1.12,0
128,2048,112.0,32.0,16,0.99,120000,0.5,0.01707,0.05872,0.05931,4e-05,0.0,1,0.01703,1.12,0
128,2048,112.0,32.0,16,0.99,30000,1.0,0.06827,0.05872,0.05931,1e-05,0.0,1,0.06826,1.12,0
128,2048,112.0,32.0,16,0.99,60000,1.0,0.03413,0.05872,0.05931,1e-05,0.0,1,0.03413,1.12,0
128,2048,112.0,32.0,16,0.99,120000,1.0,0.01707,0.05872,0.05931,1e-05,0.0,1,0.01706,1.12,0
128,2048,112.0,32.0,16,0.99,30000,2.0,0.06827,0.05872,0.05931,0.0,0.0,1,0.06827,1.12,0
128,2048,112.0,32.0,16,0.99,60000,2.0,0.03413,0.05872,0.05931,0.0,0.0,1,0.03413,1.12,0
128,2048,112.0,32.0,16,0.99,120000,2.0,0.01707,0.05872,0.05931,0.0,0.0,1,0.01707,1.12,0
128,2048,112.0,32.0,16,0.99,30000,5.0,0.06827,0.05872,0.05931,0.0,0.0,1,0.06827,1.12,0
128,2048,112.0,32.0,16,0.99,60000,5.0,0.03413,0.05872,0.05931,0.0,0.0,1,0.03413,1.12,0
128,2048,112.0,32.0,16,0.99,120000,5.0,0.01707,0.05872,0.05931,0.0,0.0,1,0.01707,1.12,0
128,2048,112.0,32.0,16,0.99,30000,10.0,0.06827,0.05872,0.05931,0.0,0.0,1,0.06827,1.12,0
128,2048,112.0,32.0,16,0.99,60000,10.0,0.03413,0.05872,0.05931,0.0,0.0,1,0.03413,1.12,0
128,2048,112.0,32.0,16,0.99,120000,10.0,0.01707,0.05872,0.05931,0.0,0.0,1,0.01707,1.12,0
128,2048,112.0,32.0,16,0.99,30000,30.0,0.06827,0.05872,0.05931,0.0,0.0,1,0.06827,1.12,0
128,2048,112.0,32.0,16,0.99,60000,30.0,0.03413,0.05872,0.05931,0.0,0.0,1,0.03413,1.12,0
128,2048,112.0,32.0,16,0.99,120000,30.0,0.01707,0.05872,0.05931,0.0,0.0,1,0.01707,1.12,0
128,2048,112.0,32.0,32,0.5,30000,0.2,0.06827,0.11744,0.23488,0.06282,0.16557,1,0.00545,56.0,1
128,2048,112.0,32.0,32,0.5,60000,0.2,0.03413,0.11744,0.23488,0.06282,0.16557,0,-0.02869,56.0,1
128,2048,112.0,32.0,32,0.5,120000,0.2,0.01707,0.11744,0.23488,0.06282,0.16557,0,-0.04575,56.0,1
128,2048,112.0,32.0,32,0.5,30000,0.5,0.06827,0.11744,0.23488,0.01314,0.05934,1,0.05513,56.0,0
128,2048,112.0,32.0,32,0.5,60000,0.5,0.03413,0.11744,0.23488,0.01314,0.05934,1,0.021,56.0,0
128,2048,112.0,32.0,32,0.5,120000,0.5,0.01707,0.11744,0.23488,0.01314,0.05934,1,0.00393,56.0,0
128,2048,112.0,32.0,32,0.5,30000,1.0,0.06827,0.11744,0.23488,0.0021,0.0,1,0.06616,56.0,0
128,2048,112.0,32.0,32,0.5,60000,1.0,0.03413,0.11744,0.23488,0.0021,0.0,1,0.03203,56.0,0
128,2048,112.0,32.0,32,0.5,120000,1.0,0.01707,0.11744,0.23488,0.0021,0.0,1,0.01496,56.0,0
128,2048,112.0,32.0,32,0.5,30000,2.0,0.06827,0.11744,0.23488,0.00019,0.0,1,0.06808,56.0,0
128,2048,112.0,32.0,32,0.5,60000,2.0,0.03413,0.11744,0.23488,0.00019,0.0,1,0.03394,56.0,0
128,2048,112.0,32.0,32,0.5,120000,2.0,0.01707,0.11744,0.23488,0.00019,0.0,1,0.01688,56.0,0
128,2048,112.0,32.0,32,0.5,30000,5.0,0.06827,0.11744,0.23488,0.0,0.0,1,0.06827,56.0,0
128,2048,112.0,32.0,32,0.5,60000,5.0,0.03413,0.11744,0.23488,0.0,0.0,1,0.03413,56.0,0
128,2048,112.0,32.0,32,0.5,120000,5.0,0.01707,0.11744,0.23488,0.0,0.0,1,0.01707,56.0,0
128,2048,112.0,32.0,32,0.5,30000,10.0,0.06827,0.11744,0.23488,0.0,0.0,1,0.06827,56.0,0
128,2048,112.0,32.0,32,0.5,60000,10.0,0.03413,0.11744,0.23488,0.0,0.0,1,0.03413,56.0,0
128,2048,112.0,32.0,32,0.5,120000,10.0,0.01707,0.11744,0.23488,0.0,0.0,1,0.01707,56.0,0
128,2048,112.0,32.0,32,0.5,30000,30.0,0.06827,0.11744,0.23488,0.0,0.0,1,0.06827,56.0,0
128,2048,112.0,32.0,32,0.5,60000,30.0,0.03413,0.11744,0.23488,0.0,0.0,1,0.03413,56.0,0
128,2048,112.0,32.0,32,0.5,120000,30.0,0.01707,0.11744,0.23488,0.0,0.0,1,0.01707,56.0,0
128,2048,112.0,32.0,32,0.7,30000,0.2,0.06827,0.11744,0.16777,0.02793,0.09898,1,0.04033,33.6,0
128,2048,112.0,32.0,32,0.7,60000,0.2,0.03413,0.11744,0.16777,0.02793,0.09898,1,0.0062,33.6,0
128,2048,112.0,32.0,32,0.7,120000,0.2,0.01707,0.11744,0.16777,0.02793,0.09898,0,-0.01087,33.6,0
128,2048,112.0,32.0,32,0.7,30000,0.5,0.06827,0.11744,0.16777,0.00455,0.0,1,0.06372,33.6,0
128,2048,112.0,32.0,32,0.7,60000,0.5,0.03413,0.11744,0.16777,0.00455,0.0,1,0.02959,33.6,0
128,2048,112.0,32.0,32,0.7,120000,0.5,0.01707,0.11744,0.16777,0.00455,0.0,1,0.01252,33.6,0
128,2048,112.0,32.0,32,0.7,30000,1.0,0.06827,0.11744,0.16777,0.00044,0.0,1,0.06783,33.6,0
128,2048,112.0,32.0,32,0.7,60000,1.0,0.03413,0.11744,0.16777,0.00044,0.0,1,0.0337,33.6,0
128,2048,112.0,32.0,32,0.7,120000,1.0,0.01707,0.11744,0.16777,0.00044,0.0,1,0.01663,33.6,0
128,2048,112.0,32.0,32,0.7,30000,2.0,0.06827,0.11744,0.16777,4e-05,0.0,1,0.06822,33.6,0
128,2048,112.0,32.0,32,0.7,60000,2.0,0.03413,0.11744,0.16777,4e-05,0.0,1,0.03409,33.6,0
128,2048,112.0,32.0,32,0.7,120000,2.0,0.01707,0.11744,0.16777,4e-05,0.0,1,0.01702,33.6,0
128,2048,112.0,32.0,32,0.7,30000,5.0,0.06827,0.11744,0.16777,0.0,0.0,1,0.06827,33.6,0
128,2048,112.0,32.0,32,0.7,60000,5.0,0.03413,0.11744,0.16777,0.0,0.0,1,0.03413,33.6,0
128,2048,112.0,32.0,32,0.7,120000,5.0,0.01707,0.11744,0.16777,0.0,0.0,1,0.01707,33.6,0
128,2048,112.0,32.0,32,0.7,30000,10.0,0.06827,0.11744,0.16777,0.0,0.0,1,0.06827,33.6,0
128,2048,112.0,32.0,32,0.7,60000,10.0,0.03413,0.11744,0.16777,0.0,0.0,1,0.03413,33.6,0
128,2048,112.0,32.0,32,0.7,120000,10.0,0.01707,0.11744,0.16777,0.0,0.0,1,0.01707,33.6,0
128,2048,112.0,32.0,32,0.7,30000,30.0,0.06827,0.11744,0.16777,0.0,0.0,1,0.06827,33.6,0
128,2048,112.0,32.0,32,0.7,60000,30.0,0.03413,0.11744,0.16777,0.0,0.0,1,0.03413,33.6,0
128,2048,112.0,32.0,32,0.7,120000,30.0,0.01707,0.11744,0.16777,0.0,0.0,1,0.01707,33.6,0
128,2048,112.0,32.0,32,0.9,30000,0.2,0.06827,0.11744,0.13049,0.01398,0.05989,1,0.05429,11.2,0
128,2048,112.0,32.0,32,0.9,60000,0.2,0.03413,0.11744,0.13049,0.01398,0.05989,1,0.02016,11.2,0
128,2048,112.0,32.0,32,0.9,120000,0.2,0.01707,0.11744,0.13049,0.01398,0.05989,1,0.00309,11.2,0
128,2048,112.0,32.0,32,0.9,30000,0.5,0.06827,0.11744,0.13049,0.00164,0.0,1,0.06663,11.2,0
128,2048,112.0,32.0,32,0.9,60000,0.5,0.03413,0.11744,0.13049,0.00164,0.0,1,0.0325,11.2,0
128,2048,112.0,32.0,32,0.9,120000,0.5,0.01707,0.11744,0.13049,0.00164,0.0,1,0.01543,11.2,0
128,2048,112.0,32.0,32,0.9,30000,1.0,0.06827,0.11744,0.13049,0.00018,0.0,1,0.06809,11.2,0
128,2048,112.0,32.0,32,0.9,60000,1.0,0.03413,0.11744,0.13049,0.00018,0.0,1,0.03396,11.2,0
128,2048,112.0,32.0,32,0.9,120000,1.0,0.01707,0.11744,0.13049,0.00018,0.0,1,0.01689,11.2,0
128,2048,112.0,32.0,32,0.9,30000,2.0,0.06827,0.11744,0.13049,2e-05,0.0,1,0.06824,11.2,0
128,2048,112.0,32.0,32,0.9,60000,2.0,0.03413,0.11744,0.13049,2e-05,0.0,1,0.03411,11.2,0
128,2048,112.0,32.0,32,0.9,120000,2.0,0.01707,0.11744,0.13049,2e-05,0.0,1,0.01704,11.2,0
128,2048,112.0,32.0,32,0.9,30000,5.0,0.06827,0.11744,0.13049,0.0,0.0,1,0.06827,11.2,0
128,2048,112.0,32.0,32,0.9,60000,5.0,0.03413,0.11744,0.13049,0.0,0.0,1,0.03413,11.2,0
128,2048,112.0,32.0,32,0.9,120000,5.0,0.01707,0.11744,0.13049,0.0,0.0,1,0.01707,11.2,0
128,2048,112.0,32.0,32,0.9,30000,10.0,0.06827,0.11744,0.13049,0.0,0.0,1,0.06827,11.2,0
128,2048,112.0,32.0,32,0.9,60000,10.0,0.03413,0.11744,0.13049,0.0,0.0,1,0.03413,11.2,0
128,2048,112.0,32.0,32,0.9,120000,10.0,0.01707,0.11744,0.13049,0.0,0.0,1,0.01707,11.2,0
128,2048,112.0,32.0,32,0.9,30000,30.0,0.06827,0.11744,0.13049,0.0,0.0,1,0.06827,11.2,0
128,2048,112.0,32.0,32,0.9,60000,30.0,0.03413,0.11744,0.13049,0.0,0.0,1,0.03413,11.2,0
128,2048,112.0,32.0,32,0.9,120000,30.0,0.01707,0.11744,0.13049,0.0,0.0,1,0.01707,11.2,0
128,2048,112.0,32.0,32,0.99,30000,0.2,0.06827,0.11744,0.11863,0.01025,0.04593,1,0.05802,1.12,0
128,2048,112.0,32.0,32,0.99,60000,0.2,0.03413,0.11744,0.11863,0.01025,0.04593,1,0.02389,1.12,0
128,2048,112.0,32.0,32,0.99,120000,0.2,0.01707,0.11744,0.11863,0.01025,0.04593,1,0.00682,1.12,0
128,2048,112.0,32.0,32,0.99,30000,0.5,0.06827,0.11744,0.11863,0.001,0.0,1,0.06727,1.12,0
128,2048,112.0,32.0,32,0.99,60000,0.5,0.03413,0.11744,0.11863,0.001,0.0,1,0.03313,1.12,0
128,2048,112.0,32.0,32,0.99,120000,0.5,0.01707,0.11744,0.11863,0.001,0.0,1,0.01607,1.12,0
128,2048,112.0,32.0,32,0.99,30000,1.0,0.06827,0.11744,0.11863,7e-05,0.0,1,0.06819,1.12,0
128,2048,112.0,32.0,32,0.99,60000,1.0,0.03413,0.11744,0.11863,7e-05,0.0,1,0.03406,1.12,0
128,2048,112.0,32.0,32,0.99,120000,1.0,0.01707,0.11744,0.11863,7e-05,0.0,1,0.01699,1.12,0
128,2048,112.0,32.0,32,0.99,30000,2.0,0.06827,0.11744,0.11863,0.0,0.0,1,0.06827,1.12,0
128,2048,112.0,32.0,32,0.99,60000,2.0,0.03413,0.11744,0.11863,0.0,0.0,1,0.03413,1.12,0
128,2048,112.0,32.0,32,0.99,120000,2.0,0.01707,0.11744,0.11863,0.0,0.0,1,0.01707,1.12,0
128,2048,112.0,32.0,32,0.99,30000,5.0,0.06827,0.11744,0.11863,0.0,0.0,1,0.06827,1.12,0
128,2048,112.0,32.0,32,0.99,60000,5.0,0.03413,0.11744,0.11863,0.0,0.0,1,0.03413,1.12,0
128,2048,112.0,32.0,32,0.99,120000,5.0,0.01707,0.11744,0.11863,0.0,0.0,1,0.01707,1.12,0
128,2048,112.0,32.0,32,0.99,30000,10.0,0.06827,0.11744,0.11863,0.0,0.0,1,0.06827,1.12,0
128,2048,112.0,32.0,32,0.99,60000,10.0,0.03413,0.11744,0.11863,0.0,0.0,1,0.03413,1.12,0
128,2048,112.0,32.0,32,0.99,120000,10.0,0.01707,0.11744,0.11863,0.0,0.0,1,0.01707,1.12,0
128,2048,112.0,32.0,32,0.99,30000,30.0,0.06827,0.11744,0.11863,0.0,0.0,1,0.06827,1.12,0
128,2048,112.0,32.0,32,0.99,60000,30.0,0.03413,0.11744,0.11863,0.0,0.0,1,0.03413,1.12,0
128,2048,112.0,32.0,32,0.99,120000,30.0,0.01707,0.11744,0.11863,0.0,0.0,1,0.01707,1.12,0
256,4096,224.0,8.0,1,0.5,30000,0.2,0.13653,0.02936,0.05872,0.00094,0.0,1,0.13559,112.0,0
256,4096,224.0,8.0,1,0.5,60000,0.2,0.06827,0.02936,0.05872,0.00094,0.0,1,0.06732,112.0,0
256,4096,224.0,8.0,1,0.5,120000,0.2,0.03413,0.02936,0.05872,0.00094,0.0,1,0.03319,112.0,0
256,4096,224.0,8.0,1,0.5,30000,0.5,0.13653,0.02936,0.05872,4e-05,0.0,1,0.13649,112.0,0
256,4096,224.0,8.0,1,0.5,60000,0.5,0.06827,0.02936,0.05872,4e-05,0.0,1,0.06822,112.0,0
256,4096,224.0,8.0,1,0.5,120000,0.5,0.03413,0.02936,0.05872,4e-05,0.0,1,0.03409,112.0,0
256,4096,224.0,8.0,1,0.5,30000,1.0,0.13653,0.02936,0.05872,0.0,0.0,1,0.13653,112.0,0
256,4096,224.0,8.0,1,0.5,60000,1.0,0.06827,0.02936,0.05872,0.0,0.0,1,0.06826,112.0,0
256,4096,224.0,8.0,1,0.5,120000,1.0,0.03413,0.02936,0.05872,0.0,0.0,1,0.03413,112.0,0
256,4096,224.0,8.0,1,0.5,30000,2.0,0.13653,0.02936,0.05872,0.0,0.0,1,0.13653,112.0,0
256,4096,224.0,8.0,1,0.5,60000,2.0,0.06827,0.02936,0.05872,0.0,0.0,1,0.06827,112.0,0
256,4096,224.0,8.0,1,0.5,120000,2.0,0.03413,0.02936,0.05872,0.0,0.0,1,0.03413,112.0,0
256,4096,224.0,8.0,1,0.5,30000,5.0,0.13653,0.02936,0.05872,0.0,0.0,1,0.13653,112.0,0
256,4096,224.0,8.0,1,0.5,60000,5.0,0.06827,0.02936,0.05872,0.0,0.0,1,0.06827,112.0,0
256,4096,224.0,8.0,1,0.5,120000,5.0,0.03413,0.02936,0.05872,0.0,0.0,1,0.03413,112.0,0
256,4096,224.0,8.0,1,0.5,30000,10.0,0.13653,0.02936,0.05872,0.0,0.0,1,0.13653,112.0,0
256,4096,224.0,8.0,1,0.5,60000,10.0,0.06827,0.02936,0.05872,0.0,0.0,1,0.06827,112.0,0
256,4096,224.0,8.0,1,0.5,120000,10.0,0.03413,0.02936,0.05872,0.0,0.0,1,0.03413,112.0,0
256,4096,224.0,8.0,1,0.5,30000,30.0,0.13653,0.02936,0.05872,0.0,0.0,1,0.13653,112.0,0
256,4096,224.0,8.0,1,0.5,60000,30.0,0.06827,0.02936,0.05872,0.0,0.0,1,0.06827,112.0,0
256,4096,224.0,8.0,1,0.5,120000,30.0,0.03413,0.02936,0.05872,0.0,0.0,1,0.03413,112.0,0
256,4096,224.0,8.0,1,0.7,30000,0.2,0.13653,0.02936,0.04194,0.00022,0.0,1,0.13631,67.2,0
256,4096,224.0,8.0,1,0.7,60000,0.2,0.06827,0.02936,0.04194,0.00022,0.0,1,0.06804,67.2,0
256,4096,224.0,8.0,1,0.7,120000,0.2,0.03413,0.02936,0.04194,0.00022,0.0,1,0.03391,67.2,0
256,4096,224.0,8.0,1,0.7,30000,0.5,0.13653,0.02936,0.04194,1e-05,0.0,1,0.13652,67.2,0
256,4096,224.0,8.0,1,0.7,60000,0.5,0.06827,0.02936,0.04194,1e-05,0.0,1,0.06826,67.2,0
256,4096,224.0,8.0,1,0.7,120000,0.5,0.03413,0.02936,0.04194,1e-05,0.0,1,0.03412,67.2,0
256,4096,224.0,8.0,1,0.7,30000,1.0,0.13653,0.02936,0.04194,0.0,0.0,1,0.13653,67.2,0
256,4096,224.0,8.0,1,0.7,60000,1.0,0.06827,0.02936,0.04194,0.0,0.0,1,0.06827,67.2,0
256,4096,224.0,8.0,1,0.7,120000,1.0,0.03413,0.02936,0.04194,0.0,0.0,1,0.03413,67.2,0
256,4096,224.0,8.0,1,0.7,30000,2.0,0.13653,0.02936,0.04194,0.0,0.0,1,0.13653,67.2,0
256,4096,224.0,8.0,1,0.7,60000,2.0,0.06827,0.02936,0.04194,0.0,0.0,1,0.06827,67.2,0
256,4096,224.0,8.0,1,0.7,120000,2.0,0.03413,0.02936,0.04194,0.0,0.0,1,0.03413,67.2,0
256,4096,224.0,8.0,1,0.7,30000,5.0,0.13653,0.02936,0.04194,0.0,0.0,1,0.13653,67.2,0
256,4096,224.0,8.0,1,0.7,60000,5.0,0.06827,0.02936,0.04194,0.0,0.0,1,0.06827,67.2,0
256,4096,224.0,8.0,1,0.7,120000,5.0,0.03413,0.02936,0.04194,0.0,0.0,1,0.03413,67.2,0
256,4096,224.0,8.0,1,0.7,30000,10.0,0.13653,0.02936,0.04194,0.0,0.0,1,0.13653,67.2,0
256,4096,224.0,8.0,1,0.7,60000,10.0,0.06827,0.02936,0.04194,0.0,0.0,1,0.06827,67.2,0
256,4096,224.0,8.0,1,0.7,120000,10.0,0.03413,0.02936,0.04194,0.0,0.0,1,0.03413,67.2,0
256,4096,224.0,8.0,1,0.7,30000,30.0,0.13653,0.02936,0.04194,0.0,0.0,1,0.13653,67.2,0
256,4096,224.0,8.0,1,0.7,60000,30.0,0.06827,0.02936,0.04194,0.0,0.0,1,0.06827,67.2,0
256,4096,224.0,8.0,1,0.7,120000,30.0,0.03413,0.02936,0.04194,0.0,0.0,1,0.03413,67.2,0
256,4096,224.0,8.0,1,0.9,30000,0.2,0.13653,0.02936,0.03262,0.0001,0.0,1,0.13644,22.4,0
256,4096,224.0,8.0,1,0.9,60000,0.2,0.06827,0.02936,0.03262,0.0001,0.0,1,0.06817,22.4,0
256,4096,224.0,8.0,1,0.9,120000,0.2,0.03413,0.02936,0.03262,0.0001,0.0,1,0.03404,22.4,0
256,4096,224.0,8.0,1,0.9,30000,0.5,0.13653,0.02936,0.03262,0.0,0.0,1,0.13653,22.4,0
256,4096,224.0,8.0,1,0.9,60000,0.5,0.06827,0.02936,0.03262,0.0,0.0,1,0.06827,22.4,0
256,4096,224.0,8.0,1,0.9,120000,0.5,0.03413,0.02936,0.03262,0.0,0.0,1,0.03413,22.4,0
256,4096,224.0,8.0,1,0.9,30000,1.0,0.13653,0.02936,0.03262,0.0,0.0,1,0.13653,22.4,0
256,4096,224.0,8.0,1,0.9,60000,1.0,0.06827,0.02936,0.03262,0.0,0.0,1,0.06827,22.4,0
256,4096,224.0,8.0,1,0.9,120000,1.0,0.03413,0.02936,0.03262,0.0,0.0,1,0.03413,22.4,0
256,4096,224.0,8.0,1,0.9,30000,2.0,0.13653,0.02936,0.03262,0.0,0.0,1,0.13653,22.4,0
256,4096,224.0,8.0,1,0.9,60000,2.0,0.06827,0.02936,0.03262,0.0,0.0,1,0.06827,22.4,0
256,4096,224.0,8.0,1,0.9,120000,2.0,0.03413,0.02936,0.03262,0.0,0.0,1,0.03413,22.4,0
256,4096,224.0,8.0,1,0.9,30000,5.0,0.13653,0.02936,0.03262,0.0,0.0,1,0.13653,22.4,0
256,4096,224.0,8.0,1,0.9,60000,5.0,0.06827,0.02936,0.03262,0.0,0.0,1,0.06827,22.4,0
256,4096,224.0,8.0,1,0.9,120000,5.0,0.03413,0.02936,0.03262,0.0,0.0,1,0.03413,22.4,0
256,4096,224.0,8.0,1,0.9,30000,10.0,0.13653,0.02936,0.03262,0.0,0.0,1,0.13653,22.4,0
256,4096,224.0,8.0,1,0.9,60000,10.0,0.06827,0.02936,0.03262,0.0,0.0,1,0.06827,22.4,0
256,4096,224.0,8.0,1,0.9,120000,10.0,0.03413,0.02936,0.03262,0.0,0.0,1,0.03413,22.4,0
256,4096,224.0,8.0,1,0.9,30000,30.0,0.13653,0.02936,0.03262,0.0,0.0,1,0.13653,22.4,0
256,4096,224.0,8.0,1,0.9,60000,30.0,0.06827,0.02936,0.03262,0.0,0.0,1,0.06827,22.4,0
256,4096,224.0,8.0,1,0.9,120000,30.0,0.03413,0.02936,0.03262,0.0,0.0,1,0.03413,22.4,0
256,4096,224.0,8.0,1,0.99,30000,0.2,0.13653,0.02936,0.02966,7e-05,0.0,1,0.13647,2.24,0
256,4096,224.0,8.0,1,0.99,60000,0.2,0.06827,0.02936,0.02966,7e-05,0.0,1,0.0682,2.24,0
256,4096,224.0,8.0,1,0.99,120000,0.2,0.03413,0.02936,0.02966,7e-05,0.0,1,0.03407,2.24,0
256,4096,224.0,8.0,1,0.99,30000,0.5,0.13653,0.02936,0.02966,0.0,0.0,1,0.13653,2.24,0
256,4096,224.0,8.0,1,0.99,60000,0.5,0.06827,0.02936,0.02966,0.0,0.0,1,0.06827,2.24,0
256,4096,224.0,8.0,1,0.99,120000,0.5,0.03413,0.02936,0.02966,0.0,0.0,1,0.03413,2.24,0
256,4096,224.0,8.0,1,0.99,30000,1.0,0.13653,0.02936,0.02966,0.0,0.0,1,0.13653,2.24,0
256,4096,224.0,8.0,1,0.99,60000,1.0,0.06827,0.02936,0.02966,0.0,0.0,1,0.06827,2.24,0
256,4096,224.0,8.0,1,0.99,120000,1.0,0.03413,0.02936,0.02966,0.0,0.0,1,0.03413,2.24,0
256,4096,224.0,8.0,1,0.99,30000,2.0,0.13653,0.02936,0.02966,0.0,0.0,1,0.13653,2.24,0
256,4096,224.0,8.0,1,0.99,60000,2.0,0.06827,0.02936,0.02966,0.0,0.0,1,0.06827,2.24,0
256,4096,224.0,8.0,1,0.99,120000,2.0,0.03413,0.02936,0.02966,0.0,0.0,1,0.03413,2.24,0
256,4096,224.0,8.0,1,0.99,30000,5.0,0.13653,0.02936,0.02966,0.0,0.0,1,0.13653,2.24,0
256,4096,224.0,8.0,1,0.99,60000,5.0,0.06827,0.02936,0.02966,0.0,0.0,1,0.06827,2.24,0
256,4096,224.0,8.0,1,0.99,120000,5.0,0.03413,0.02936,0.02966,0.0,0.0,1,0.03413,2.24,0
256,4096,224.0,8.0,1,0.99,30000,10.0,0.13653,0.02936,0.02966,0.0,0.0,1,0.13653,2.24,0
256,4096,224.0,8.0,1,0.99,60000,10.0,0.06827,0.02936,0.02966,0.0,0.0,1,0.06827,2.24,0
256,4096,224.0,8.0,1,0.99,120000,10.0,0.03413,0.02936,0.02966,0.0,0.0,1,0.03413,2.24,0
256,4096,224.0,8.0,1,0.99,30000,30.0,0.13653,0.02936,0.02966,0.0,0.0,1,0.13653,2.24,0
256,4096,224.0,8.0,1,0.99,60000,30.0,0.06827,0.02936,0.02966,0.0,0.0,1,0.06827,2.24,0
256,4096,224.0,8.0,1,0.99,120000,30.0,0.03413,0.02936,0.02966,0.0,0.0,1,0.03413,2.24,0
256,4096,224.0,8.0,2,0.5,30000,0.2,0.13653,0.05872,0.11744,0.00979,0.04418,1,0.12674,112.0,0
256,4096,224.0,8.0,2,0.5,60000,0.2,0.06827,0.05872,0.11744,0.00979,0.04418,1,0.05848,112.0,0
256,4096,224.0,8.0,2,0.5,120000,0.2,0.03413,0.05872,0.11744,0.00979,0.04418,1,0.02434,112.0,0
256,4096,224.0,8.0,2,0.5,30000,0.5,0.13653,0.05872,0.11744,0.00088,0.0,1,0.13566,112.0,0
256,4096,224.0,8.0,2,0.5,60000,0.5,0.06827,0.05872,0.11744,0.00088,0.0,1,0.06739,112.0,0
256,4096,224.0,8.0,2,0.5,120000,0.5,0.03413,0.05872,0.11744,0.00088,0.0,1,0.03326,112.0,0
256,4096,224.0,8.0,2,0.5,30000,1.0,0.13653,0.05872,0.11744,0.0,0.0,1,0.13653,112.0,0
256,4096,224.0,8.0,2,0.5,60000,1.0,0.06827,0.05872,0.11744,0.0,0.0,1,0.06826,112.0,0
256,4096,224.0,8.0,2,0.5,120000,1.0,0.03413,0.05872,0.11744,0.0,0.0,1,0.03413,112.0,0
256,4096,224.0,8.0,2,0.5,30000,2.0,0.13653,0.05872,0.11744,1e-05,0.0,1,0.13652,112.0,0
256,4096,224.0,8.0,2,0.5,60000,2.0,0.06827,0.05872,0.11744,1e-05,0.0,1,0.06826,112.0,0
256,4096,224.0,8.0,2,0.5,120000,2.0,0.03413,0.05872,0.11744,1e-05,0.0,1,0.03412,112.0,0
256,4096,224.0,8.0,2,0.5,30000,5.0,0.13653,0.05872,0.11744,0.0,0.0,1,0.13653,112.0,0
256,4096,224.0,8.0,2,0.5,60000,5.0,0.06827,0.05872,0.11744,0.0,0.0,1,0.06827,112.0,0
256,4096,224.0,8.0,2,0.5,120000,5.0,0.03413,0.05872,0.11744,0.0,0.0,1,0.03413,112.0,0
256,4096,224.0,8.0,2,0.5,30000,10.0,0.13653,0.05872,0.11744,0.0,0.0,1,0.13653,112.0,0
256,4096,224.0,8.0,2,0.5,60000,10.0,0.06827,0.05872,0.11744,0.0,0.0,1,0.06827,112.0,0
256,4096,224.0,8.0,2,0.5,120000,10.0,0.03413,0.05872,0.11744,0.0,0.0,1,0.03413,112.0,0
256,4096,224.0,8.0,2,0.5,30000,30.0,0.13653,0.05872,0.11744,0.0,0.0,1,0.13653,112.0,0
256,4096,224.0,8.0,2,0.5,60000,30.0,0.06827,0.05872,0.11744,0.0,0.0,1,0.06827,112.0,0
256,4096,224.0,8.0,2,0.5,120000,30.0,0.03413,0.05872,0.11744,0.0,0.0,1,0.03413,112.0,0
256,4096,224.0,8.0,2,0.7,30000,0.2,0.13653,0.05872,0.08389,0.00381,0.01471,1,0.13272,67.2,0
256,4096,224.0,8.0,2,0.7,60000,0.2,0.06827,0.05872,0.08389,0.00381,0.01471,1,0.06446,67.2,0
256,4096,224.0,8.0,2,0.7,120000,0.2,0.03413,0.05872,0.08389,0.00381,0.01471,1,0.03032,67.2,0
256,4096,224.0,8.0,2,0.7,30000,0.5,0.13653,0.05872,0.08389,0.00025,0.0,1,0.13629,67.2,0
256,4096,224.0,8.0,2,0.7,60000,0.5,0.06827,0.05872,0.08389,0.00025,0.0,1,0.06802,67.2,0
256,4096,224.0,8.0,2,0.7,120000,0.5,0.03413,0.05872,0.08389,0.00025,0.0,1,0.03389,67.2,0
256,4096,224.0,8.0,2,0.7,30000,1.0,0.13653,0.05872,0.08389,0.0,0.0,1,0.13653,67.2,0
256,4096,224.0,8.0,2,0.7,60000,1.0,0.06827,0.05872,0.08389,0.0,0.0,1,0.06827,67.2,0
256,4096,224.0,8.0,2,0.7,120000,1.0,0.03413,0.05872,0.08389,0.0,0.0,1,0.03413,67.2,0
256,4096,224.0,8.0,2,0.7,30000,2.0,0.13653,0.05872,0.08389,0.0,0.0,1,0.13653,67.2,0
256,4096,224.0,8.0,2,0.7,60000,2.0,0.06827,0.05872,0.08389,0.0,0.0,1,0.06827,67.2,0
256,4096,224.0,8.0,2,0.7,120000,2.0,0.03413,0.05872,0.08389,0.0,0.0,1,0.03413,67.2,0
256,4096,224.0,8.0,2,0.7,30000,5.0,0.13653,0.05872,0.08389,0.0,0.0,1,0.13653,67.2,0
256,4096,224.0,8.0,2,0.7,60000,5.0,0.06827,0.05872,0.08389,0.0,0.0,1,0.06827,67.2,0
256,4096,224.0,8.0,2,0.7,120000,5.0,0.03413,0.05872,0.08389,0.0,0.0,1,0.03413,67.2,0
256,4096,224.0,8.0,2,0.7,30000,10.0,0.13653,0.05872,0.08389,0.0,0.0,1,0.13653,67.2,0
256,4096,224.0,8.0,2,0.7,60000,10.0,0.06827,0.05872,0.08389,0.0,0.0,1,0.06827,67.2,0
256,4096,224.0,8.0,2,0.7,120000,10.0,0.03413,0.05872,0.08389,0.0,0.0,1,0.03413,67.2,0
256,4096,224.0,8.0,2,0.7,30000,30.0,0.13653,0.05872,0.08389,0.0,0.0,1,0.13653,67.2,0
256,4096,224.0,8.0,2,0.7,60000,30.0,0.06827,0.05872,0.08389,0.0,0.0,1,0.06827,67.2,0
256,4096,224.0,8.0,2,0.7,120000,30.0,0.03413,0.05872,0.08389,0.0,0.0,1,0.03413,67.2,0
256,4096,224.0,8.0,2,0.9,30000,0.2,0.13653,0.05872,0.06524,0.00145,0.0,1,0.13509,22.4,0
256,4096,224.0,8.0,2,0.9,60000,0.2,0.06827,0.05872,0.06524,0.00145,0.0,1,0.06682,22.4,0
256,4096,224.0,8.0,2,0.9,120000,0.2,0.03413,0.05872,0.06524,0.00145,0.0,1,0.03269,22.4,0
256,4096,224.0,8.0,2,0.9,30000,0.5,0.13653,0.05872,0.06524,7e-05,0.0,1,0.13646,22.4,0
256,4096,224.0,8.0,2,0.9,60000,0.5,0.06827,0.05872,0.06524,7e-05,0.0,1,0.06819,22.4,0
256,4096,224.0,8.0,2,0.9,120000,0.5,0.03413,0.05872,0.06524,7e-05,0.0,1,0.03406,22.4,0
256,4096,224.0,8.0,2,0.9,30000,1.0,0.13653,0.05872,0.06524,1e-05,0.0,1,0.13652,22.4,0
256,4096,224.0,8.0,2,0.9,60000,1.0,0.06827,0.05872,0.06524,1e-05,0.0,1,0.06826,22.4,0
256,4096,224.0,8.0,2,0.9,120000,1.0,0.03413,0.05872,0.06524,1e-05,0.0,1,0.03412,22.4,0
256,4096,224.0,8.0,2,0.9,30000,2.0,0.13653,0.05872,0.06524,0.0,0.0,1,0.13653,22.4,0
256,4096,224.0,8.0,2,0.9,60000,2.0,0.06827,0.05872,0.06524,0.0,0.0,1,0.06827,22.4,0
256,4096,224.0,8.0,2,0.9,120000,2.0,0.03413,0.05872,0.06524,0.0,0.0,1,0.03413,22.4,0
256,4096,224.0,8.0,2,0.9,30000,5.0,0.13653,0.05872,0.06524,0.0,0.0,1,0.13653,22.4,0
256,4096,224.0,8.0,2,0.9,60000,5.0,0.06827,0.05872,0.06524,0.0,0.0,1,0.06827,22.4,0
256,4096,224.0,8.0,2,0.9,120000,5.0,0.03413,0.05872,0.06524,0.0,0.0,1,0.03413,22.4,0
256,4096,224.0,8.0,2,0.9,30000,10.0,0.13653,0.05872,0.06524,0.0,0.0,1,0.13653,22.4,0
256,4096,224.0,8.0,2,0.9,60000,10.0,0.06827,0.05872,0.06524,0.0,0.0,1,0.06827,22.4,0
256,4096,224.0,8.0,2,0.9,120000,10.0,0.03413,0.05872,0.06524,0.0,0.0,1,0.03413,22.4,0
256,4096,224.0,8.0,2,0.9,30000,30.0,0.13653,0.05872,0.06524,0.0,0.0,1,0.13653,22.4,0
256,4096,224.0,8.0,2,0.9,60000,30.0,0.06827,0.05872,0.06524,0.0,0.0,1,0.06827,22.4,0
256,4096,224.0,8.0,2,0.9,120000,30.0,0.03413,0.05872,0.06524,0.0,0.0,1,0.03413,22.4,0
256,4096,224.0,8.0,2,0.99,30000,0.2,0.13653,0.05872,0.05931,0.00085,0.0,1,0.13568,2.24,0
256,4096,224.0,8.0,2,0.99,60000,0.2,0.06827,0.05872,0.05931,0.00085,0.0,1,0.06742,2.24,0
256,4096,224.0,8.0,2,0.99,120000,0.2,0.03413,0.05872,0.05931,0.00085,0.0,1,0.03328,2.24,0
256,4096,224.0,8.0,2,0.99,30000,0.5,0.13653,0.05872,0.05931,4e-05,0.0,1,0.1365,2.24,0
256,4096,224.0,8.0,2,0.99,60000,0.5,0.06827,0.05872,0.05931,4e-05,0.0,1,0.06823,2.24,0
256,4096,224.0,8.0,2,0.99,120000,0.5,0.03413,0.05872,0.05931,4e-05,0.0,1,0.0341,2.24,0
256,4096,224.0,8.0,2,0.99,30000,1.0,0.13653,0.05872,0.05931,0.0,0.0,1,0.13653,2.24,0
256,4096,224.0,8.0,2,0.99,60000,1.0,0.06827,0.05872,0.05931,0.0,0.0,1,0.06827,2.24,0
256,4096,224.0,8.0,2,0.99,120000,1.0,0.03413,0.05872,0.05931,0.0,0.0,1,0.03413,2.24,0
256,4096,224.0,8.0,2,0.99,30000,2.0,0.13653,0.05872,0.05931,0.0,0.0,1,0.13653,2.24,0
256,4096,224.0,8.0,2,0.99,60000,2.0,0.06827,0.05872,0.05931,0.0,0.0,1,0.06827,2.24,0
256,4096,224.0,8.0,2,0.99,120000,2.0,0.03413,0.05872,0.05931,0.0,0.0,1,0.03413,2.24,0
256,4096,224.0,8.0,2,0.99,30000,5.0,0.13653,0.05872,0.05931,0.0,0.0,1,0.13653,2.24,0
256,4096,224.0,8.0,2,0.99,60000,5.0,0.06827,0.05872,0.05931,0.0,0.0,1,0.06827,2.24,0
256,4096,224.0,8.0,2,0.99,120000,5.0,0.03413,0.05872,0.05931,0.0,0.0,1,0.03413,2.24,0
256,4096,224.0,8.0,2,0.99,30000,10.0,0.13653,0.05872,0.05931,0.0,0.0,1,0.13653,2.24,0
256,4096,224.0,8.0,2,0.99,60000,10.0,0.06827,0.05872,0.05931,0.0,0.0,1,0.06827,2.24,0
256,4096,224.0,8.0,2,0.99,120000,10.0,0.03413,0.05872,0.05931,0.0,0.0,1,0.03413,2.24,0
256,4096,224.0,8.0,2,0.99,30000,30.0,0.13653,0.05872,0.05931,0.0,0.0,1,0.13653,2.24,0
256,4096,224.0,8.0,2,0.99,60000,30.0,0.06827,0.05872,0.05931,0.0,0.0,1,0.06827,2.24,0
256,4096,224.0,8.0,2,0.99,120000,30.0,0.03413,0.05872,0.05931,0.0,0.0,1,0.03413,2.24,0
256,4096,224.0,8.0,4,0.5,30000,0.2,0.13653,0.11744,0.23488,0.06028,0.16291,1,0.07625,112.0,1
256,4096,224.0,8.0,4,0.5,60000,0.2,0.06827,0.11744,0.23488,0.06028,0.16291,1,0.00799,112.0,1
256,4096,224.0,8.0,4,0.5,120000,0.2,0.03413,0.11744,0.23488,0.06028,0.16291,0,-0.02615,112.0,1
256,4096,224.0,8.0,4,0.5,30000,0.5,0.13653,0.11744,0.23488,0.01262,0.05816,1,0.12391,112.0,0
256,4096,224.0,8.0,4,0.5,60000,0.5,0.06827,0.11744,0.23488,0.01262,0.05816,1,0.05565,112.0,0
256,4096,224.0,8.0,4,0.5,120000,0.5,0.03413,0.11744,0.23488,0.01262,0.05816,1,0.02151,112.0,0
256,4096,224.0,8.0,4,0.5,30000,1.0,0.13653,0.11744,0.23488,0.00186,0.0,1,0.13468,112.0,0
256,4096,224.0,8.0,4,0.5,60000,1.0,0.06827,0.11744,0.23488,0.00186,0.0,1,0.06641,112.0,0
256,4096,224.0,8.0,4,0.5,120000,1.0,0.03413,0.11744,0.23488,0.00186,0.0,1,0.03228,112.0,0
256,4096,224.0,8.0,4,0.5,30000,2.0,0.13653,0.11744,0.23488,2e-05,0.0,1,0.13652,112.0,0
256,4096,224.0,8.0,4,0.5,60000,2.0,0.06827,0.11744,0.23488,2e-05,0.0,1,0.06825,112.0,0
256,4096,224.0,8.0,4,0.5,120000,2.0,0.03413,0.11744,0.23488,2e-05,0.0,1,0.03412,112.0,0
256,4096,224.0,8.0,4,0.5,30000,5.0,0.13653,0.11744,0.23488,0.0,0.0,1,0.13653,112.0,0
256,4096,224.0,8.0,4,0.5,60000,5.0,0.06827,0.11744,0.23488,0.0,0.0,1,0.06827,112.0,0
256,4096,224.0,8.0,4,0.5,120000,5.0,0.03413,0.11744,0.23488,0.0,0.0,1,0.03413,112.0,0
256,4096,224.0,8.0,4,0.5,30000,10.0,0.13653,0.11744,0.23488,0.0,0.0,1,0.13653,112.0,0
256,4096,224.0,8.0,4,0.5,60000,10.0,0.06827,0.11744,0.23488,0.0,0.0,1,0.06827,112.0,0
256,4096,224.0,8.0,4,0.5,120000,10.0,0.03413,0.11744,0.23488,0.0,0.0,1,0.03413,112.0,0
256,4096,224.0,8.0,4,0.5,30000,30.0,0.13653,0.11744,0.23488,0.0,0.0,1,0.13653,112.0,0
256,4096,224.0,8.0,4,0.5,60000,30.0,0.06827,0.11744,0.23488,0.0,0.0,1,0.06827,112.0,0
256,4096,224.0,8.0,4,0.5,120000,30.0,0.03413,0.11744,0.23488,0.0,0.0,1,0.03413,112.0,0
256,4096,224.0,8.0,4,0.7,30000,0.2,0.13653,0.11744,0.16777,0.02625,0.09741,1,0.11028,67.2,0
256,4096,224.0,8.0,4,0.7,60000,0.2,0.06827,0.11744,0.16777,0.02625,0.09741,1,0.04201,67.2,0
256,4096,224.0,8.0,4,0.7,120000,0.2,0.03413,0.11744,0.16777,0.02625,0.09741,1,0.00788,67.2,0
256,4096,224.0,8.0,4,0.7,30000,0.5,0.13653,0.11744,0.16777,0.0033,0.0,1,0.13323,67.2,0
256,4096,224.0,8.0,4,0.7,60000,0.5,0.06827,0.11744,0.16777,0.0033,0.0,1,0.06497,67.2,0
256,4096,224.0,8.0,4,0.7,120000,0.5,0.03413,0.11744,0.16777,0.0033,0.0,1,0.03083,67.2,0
256,4096,224.0,8.0,4,0.7,30000,1.0,0.13653,0.11744,0.16777,0.00028,0.0,1,0.13625,67.2,0
256,4096,224.0,8.0,4,0.7,60000,1.0,0.06827,0.11744,0.16777,0.00028,0.0,1,0.06799,67.2,0
256,4096,224.0,8.0,4,0.7,120000,1.0,0.03413,0.11744,0.16777,0.00028,0.0,1,0.03385,67.2,0
256,4096,224.0,8.0,4,0.7,30000,2.0,0.13653,0.11744,0.16777,0.0,0.0,1,0.13653,67.2,0
256,4096,224.0,8.0,4,0.7,60000,2.0,0.06827,0.11744,0.16777,0.0,0.0,1,0.06827,67.2,0
256,4096,224.0,8.0,4,0.7,120000,2.0,0.03413,0.11744,0.16777,0.0,0.0,1,0.03413,67.2,0
256,4096,224.0,8.0,4,0.7,30000,5.0,0.13653,0.11744,0.16777,0.0,0.0,1,0.13653,67.2,0
256,4096,224.0,8.0,4,0.7,60000,5.0,0.06827,0.11744,0.16777,0.0,0.0,1,0.06827,67.2,0
256,4096,224.0,8.0,4,0.7,120000,5.0,0.03413,0.11744,0.16777,0.0,0.0,1,0.03413,67.2,0
256,4096,224.0,8.0,4,0.7,30000,10.0,0.13653,0.11744,0.16777,0.0,0.0,1,0.13653,67.2,0
256,4096,224.0,8.0,4,0.7,60000,10.0,0.06827,0.11744,0.16777,0.0,0.0,1,0.06827,67.2,0
256,4096,224.0,8.0,4,0.7,120000,10.0,0.03413,0.11744,0.16777,0.0,0.0,1,0.03413,67.2,0
256,4096,224.0,8.0,4,0.7,30000,30.0,0.13653,0.11744,0.16777,0.0,0.0,1,0.13653,67.2,0
256,4096,224.0,8.0,4,0.7,60000,30.0,0.06827,0.11744,0.16777,0.0,0.0,1,0.06827,67.2,0
256,4096,224.0,8.0,4,0.7,120000,30.0,0.03413,0.11744,0.16777,0.0,0.0,1,0.03413,67.2,0
256,4096,224.0,8.0,4,0.9,30000,0.2,0.13653,0.11744,0.13049,0.01353,0.05714,1,0.12301,22.4,0
256,4096,224.0,8.0,4,0.9,60000,0.2,0.06827,0.11744,0.13049,0.01353,0.05714,1,0.05474,22.4,0
256,4096,224.0,8.0,4,0.9,120000,0.2,0.03413,0.11744,0.13049,0.01353,0.05714,1,0.02061,22.4,0
256,4096,224.0,8.0,4,0.9,30000,0.5,0.13653,0.11744,0.13049,0.00142,0.0,1,0.13511,22.4,0
256,4096,224.0,8.0,4,0.9,60000,0.5,0.06827,0.11744,0.13049,0.00142,0.0,1,0.06685,22.4,0
256,4096,224.0,8.0,4,0.9,120000,0.5,0.03413,0.11744,0.13049,0.00142,0.0,1,0.03271,22.4,0
256,4096,224.0,8.0,4,0.9,30000,1.0,0.13653,0.11744,0.13049,0.00016,0.0,1,0.13638,22.4,0
256,4096,224.0,8.0,4,0.9,60000,1.0,0.06827,0.11744,0.13049,0.00016,0.0,1,0.06811,22.4,0
256,4096,224.0,8.0,4,0.9,120000,1.0,0.03413,0.11744,0.13049,0.00016,0.0,1,0.03398,22.4,0
256,4096,224.0,8.0,4,0.9,30000,2.0,0.13653,0.11744,0.13049,0.0,0.0,1,0.13653,22.4,0
256,4096,224.0,8.0,4,0.9,60000,2.0,0.06827,0.11744,0.13049,0.0,0.0,1,0.06827,22.4,0
256,4096,224.0,8.0,4,0.9,120000,2.0,0.03413,0.11744,0.13049,0.0,0.0,1,0.03413,22.4,0
256,4096,224.0,8.0,4,0.9,30000,5.0,0.13653,0.11744,0.13049,0.0,0.0,1,0.13653,22.4,0
256,4096,224.0,8.0,4,0.9,60000,5.0,0.06827,0.11744,0.13049,0.0,0.0,1,0.06827,22.4,0
256,4096,224.0,8.0,4,0.9,120000,5.0,0.03413,0.11744,0.13049,0.0,0.0,1,0.03413,22.4,0
256,4096,224.0,8.0,4,0.9,30000,10.0,0.13653,0.11744,0.13049,0.0,0.0,1,0.13653,22.4,0
256,4096,224.0,8.0,4,0.9,60000,10.0,0.06827,0.11744,0.13049,0.0,0.0,1,0.06827,22.4,0
256,4096,224.0,8.0,4,0.9,120000,10.0,0.03413,0.11744,0.13049,0.0,0.0,1,0.03413,22.4,0
256,4096,224.0,8.0,4,0.9,30000,30.0,0.13653,0.11744,0.13049,0.0,0.0,1,0.13653,22.4,0
256,4096,224.0,8.0,4,0.9,60000,30.0,0.06827,0.11744,0.13049,0.0,0.0,1,0.06827,22.4,0
256,4096,224.0,8.0,4,0.9,120000,30.0,0.03413,0.11744,0.13049,0.0,0.0,1,0.03413,22.4,0
256,4096,224.0,8.0,4,0.99,30000,0.2,0.13653,0.11744,0.11863,0.01074,0.04815,1,0.12579,2.24,0
256,4096,224.0,8.0,4,0.99,60000,0.2,0.06827,0.11744,0.11863,0.01074,0.04815,1,0.05752,2.24,0
256,4096,224.0,8.0,4,0.99,120000,0.2,0.03413,0.11744,0.11863,0.01074,0.04815,1,0.02339,2.24,0
256,4096,224.0,8.0,4,0.99,30000,0.5,0.13653,0.11744,0.11863,0.00094,0.0,1,0.13559,2.24,0
256,4096,224.0,8.0,4,0.99,60000,0.5,0.06827,0.11744,0.11863,0.00094,0.0,1,0.06733,2.24,0
256,4096,224.0,8.0,4,0.99,120000,0.5,0.03413,0.11744,0.11863,0.00094,0.0,1,0.03319,2.24,0
256,4096,224.0,8.0,4,0.99,30000,1.0,0.13653,0.11744,0.11863,0.00011,0.0,1,0.13643,2.24,0
256,4096,224.0,8.0,4,0.99,60000,1.0,0.06827,0.11744,0.11863,0.00011,0.0,1,0.06816,2.24,0
256,4096,224.0,8.0,4,0.99,120000,1.0,0.03413,0.11744,0.11863,0.00011,0.0,1,0.03403,2.24,0
256,4096,224.0,8.0,4,0.99,30000,2.0,0.13653,0.11744,0.11863,0.0,0.0,1,0.13653,2.24,0
256,4096,224.0,8.0,4,0.99,60000,2.0,0.06827,0.11744,0.11863,0.0,0.0,1,0.06827,2.24,0
256,4096,224.0,8.0,4,0.99,120000,2.0,0.03413,0.11744,0.11863,0.0,0.0,1,0.03413,2.24,0
256,4096,224.0,8.0,4,0.99,30000,5.0,0.13653,0.11744,0.11863,0.0,0.0,1,0.13653,2.24,0
256,4096,224.0,8.0,4,0.99,60000,5.0,0.06827,0.11744,0.11863,0.0,0.0,1,0.06827,2.24,0
256,4096,224.0,8.0,4,0.99,120000,5.0,0.03413,0.11744,0.11863,0.0,0.0,1,0.03413,2.24,0
256,4096,224.0,8.0,4,0.99,30000,10.0,0.13653,0.11744,0.11863,0.0,0.0,1,0.13653,2.24,0
256,4096,224.0,8.0,4,0.99,60000,10.0,0.06827,0.11744,0.11863,0.0,0.0,1,0.06827,2.24,0
256,4096,224.0,8.0,4,0.99,120000,10.0,0.03413,0.11744,0.11863,0.0,0.0,1,0.03413,2.24,0
256,4096,224.0,8.0,4,0.99,30000,30.0,0.13653,0.11744,0.11863,0.0,0.0,1,0.13653,2.24,0
256,4096,224.0,8.0,4,0.99,60000,30.0,0.06827,0.11744,0.11863,0.0,0.0,1,0.06827,2.24,0
256,4096,224.0,8.0,4,0.99,120000,30.0,0.03413,0.11744,0.11863,0.0,0.0,1,0.03413,2.24,0
256,4096,224.0,8.0,8,0.5,30000,0.2,0.13653,0.23488,0.46976,0.24028,0.39766,0,-0.10375,112.0,1
256,4096,224.0,8.0,8,0.5,60000,0.2,0.06827,0.23488,0.46976,0.24028,0.39766,0,-0.17202,112.0,1
256,4096,224.0,8.0,8,0.5,120000,0.2,0.03413,0.23488,0.46976,0.24028,0.39766,0,-0.20615,112.0,1
256,4096,224.0,8.0,8,0.5,30000,0.5,0.13653,0.23488,0.46976,0.08963,0.28794,1,0.04691,112.0,0
256,4096,224.0,8.0,8,0.5,60000,0.5,0.06827,0.23488,0.46976,0.08963,0.28794,0,-0.02136,112.0,0
256,4096,224.0,8.0,8,0.5,120000,0.5,0.03413,0.23488,0.46976,0.08963,0.28794,0,-0.05549,112.0,0
256,4096,224.0,8.0,8,0.5,30000,1.0,0.13653,0.23488,0.46976,0.02529,0.10988,1,0.11124,112.0,0
256,4096,224.0,8.0,8,0.5,60000,1.0,0.06827,0.23488,0.46976,0.02529,0.10988,1,0.04297,112.0,0
256,4096,224.0,8.0,8,0.5,120000,1.0,0.03413,0.23488,0.46976,0.02529,0.10988,1,0.00884,112.0,0
256,4096,224.0,8.0,8,0.5,30000,2.0,0.13653,0.23488,0.46976,0.0039,0.0,1,0.13263,112.0,0
256,4096,224.0,8.0,8,0.5,60000,2.0,0.06827,0.23488,0.46976,0.0039,0.0,1,0.06437,112.0,0
256,4096,224.0,8.0,8,0.5,120000,2.0,0.03413,0.23488,0.46976,0.0039,0.0,1,0.03023,112.0,0
256,4096,224.0,8.0,8,0.5,30000,5.0,0.13653,0.23488,0.46976,0.00022,0.0,1,0.13631,112.0,0
256,4096,224.0,8.0,8,0.5,60000,5.0,0.06827,0.23488,0.46976,0.00022,0.0,1,0.06805,112.0,0
256,4096,224.0,8.0,8,0.5,120000,5.0,0.03413,0.23488,0.46976,0.00022,0.0,1,0.03391,112.0,0
256,4096,224.0,8.0,8,0.5,30000,10.0,0.13653,0.23488,0.46976,0.0,0.0,1,0.13653,112.0,0
256,4096,224.0,8.0,8,0.5,60000,10.0,0.06827,0.23488,0.46976,0.0,0.0,1,0.06827,112.0,0
256,4096,224.0,8.0,8,0.5,120000,10.0,0.03413,0.23488,0.46976,0.0,0.0,1,0.03413,112.0,0
256,4096,224.0,8.0,8,0.5,30000,30.0,0.13653,0.23488,0.46976,0.0,0.0,1,0.13653,112.0,0
256,4096,224.0,8.0,8,0.5,60000,30.0,0.06827,0.23488,0.46976,0.0,0.0,1,0.06827,112.0,0
256,4096,224.0,8.0,8,0.5,120000,30.0,0.03413,0.23488,0.46976,0.0,0.0,1,0.03413,112.0,0
256,4096,224.0,8.0,8,0.7,30000,0.2,0.13653,0.23488,0.33554,0.12767,0.26346,1,0.00886,67.2,1
256,4096,224.0,8.0,8,0.7,60000,0.2,0.06827,0.23488,0.33554,0.12767,0.26346,0,-0.05941,67.2,1
256,4096,224.0,8.0,8,0.7,120000,0.2,0.03413,0.23488,0.33554,0.12767,0.26346,0,-0.09354,67.2,1
256,4096,224.0,8.0,8,0.7,30000,0.5,0.13653,0.23488,0.33554,0.03637,0.15273,1,0.10016,67.2,0
256,4096,224.0,8.0,8,0.7,60000,0.5,0.06827,0.23488,0.33554,0.03637,0.15273,1,0.03189,67.2,0
256,4096,224.0,8.0,8,0.7,120000,0.5,0.03413,0.23488,0.33554,0.03637,0.15273,0,-0.00224,67.2,0
256,4096,224.0,8.0,8,0.7,30000,1.0,0.13653,0.23488,0.33554,0.00864,0.0,1,0.12789,67.2,0
256,4096,224.0,8.0,8,0.7,60000,1.0,0.06827,0.23488,0.33554,0.00864,0.0,1,0.05962,67.2,0
256,4096,224.0,8.0,8,0.7,120000,1.0,0.03413,0.23488,0.33554,0.00864,0.0,1,0.02549,67.2,0
256,4096,224.0,8.0,8,0.7,30000,2.0,0.13653,0.23488,0.33554,0.00066,0.0,1,0.13588,67.2,0
256,4096,224.0,8.0,8,0.7,60000,2.0,0.06827,0.23488,0.33554,0.00066,0.0,1,0.06761,67.2,0
256,4096,224.0,8.0,8,0.7,120000,2.0,0.03413,0.23488,0.33554,0.00066,0.0,1,0.03348,67.2,0
256,4096,224.0,8.0,8,0.7,30000,5.0,0.13653,0.23488,0.33554,1e-05,0.0,1,0.13652,67.2,0
256,4096,224.0,8.0,8,0.7,60000,5.0,0.06827,0.23488,0.33554,1e-05,0.0,1,0.06825,67.2,0
256,4096,224.0,8.0,8,0.7,120000,5.0,0.03413,0.23488,0.33554,1e-05,0.0,1,0.03412,67.2,0
256,4096,224.0,8.0,8,0.7,30000,10.0,0.13653,0.23488,0.33554,0.0,0.0,1,0.13653,67.2,0
256,4096,224.0,8.0,8,0.7,60000,10.0,0.06827,0.23488,0.33554,0.0,0.0,1,0.06827,67.2,0
256,4096,224.0,8.0,8,0.7,120000,10.0,0.03413,0.23488,0.33554,0.0,0.0,1,0.03413,67.2,0
256,4096,224.0,8.0,8,0.7,30000,30.0,0.13653,0.23488,0.33554,0.0,0.0,1,0.13653,67.2,0
256,4096,224.0,8.0,8,0.7,60000,30.0,0.06827,0.23488,0.33554,0.0,0.0,1,0.06827,67.2,0
256,4096,224.0,8.0,8,0.7,120000,30.0,0.03413,0.23488,0.33554,0.0,0.0,1,0.03413,67.2,0
256,4096,224.0,8.0,8,0.9,30000,0.2,0.13653,0.23488,0.26098,0.08228,0.19681,1,0.05425,22.4,1
256,4096,224.0,8.0,8,0.9,60000,0.2,0.06827,0.23488,0.26098,0.08228,0.19681,0,-0.01402,22.4,1
256,4096,224.0,8.0,8,0.9,120000,0.2,0.03413,0.23488,0.26098,0.08228,0.19681,0,-0.04815,22.4,1
256,4096,224.0,8.0,8,0.9,30000,0.5,0.13653,0.23488,0.26098,0.01805,0.08374,1,0.11848,22.4,0
256,4096,224.0,8.0,8,0.9,60000,0.5,0.06827,0.23488,0.26098,0.01805,0.08374,1,0.05021,22.4,0
256,4096,224.0,8.0,8,0.9,120000,0.5,0.03413,0.23488,0.26098,0.01805,0.08374,1,0.01608,22.4,0
256,4096,224.0,8.0,8,0.9,30000,1.0,0.13653,0.23488,0.26098,0.00303,0.0,1,0.13351,22.4,0
256,4096,224.0,8.0,8,0.9,60000,1.0,0.06827,0.23488,0.26098,0.00303,0.0,1,0.06524,22.4,0
256,4096,224.0,8.0,8,0.9,120000,1.0,0.03413,0.23488,0.26098,0.00303,0.0,1,0.03111,22.4,0
256,4096,224.0,8.0,8,0.9,30000,2.0,0.13653,0.23488,0.26098,0.00036,0.0,1,0.13617,22.4,0
256,4096,224.0,8.0,8,0.9,60000,2.0,0.06827,0.23488,0.26098,0.00036,0.0,1,0.06791,22.4,0
256,4096,224.0,8.0,8,0.9,120000,2.0,0.03413,0.23488,0.26098,0.00036,0.0,1,0.03377,22.4,0
256,4096,224.0,8.0,8,0.9,30000,5.0,0.13653,0.23488,0.26098,0.0,0.0,1,0.13653,22.4,0
256,4096,224.0,8.0,8,0.9,60000,5.0,0.06827,0.23488,0.26098,0.0,0.0,1,0.06827,22.4,0
256,4096,224.0,8.0,8,0.9,120000,5.0,0.03413,0.23488,0.26098,0.0,0.0,1,0.03413,22.4,0
256,4096,224.0,8.0,8,0.9,30000,10.0,0.13653,0.23488,0.26098,0.0,0.0,1,0.13653,22.4,0
256,4096,224.0,8.0,8,0.9,60000,10.0,0.06827,0.23488,0.26098,0.0,0.0,1,0.06827,22.4,0
256,4096,224.0,8.0,8,0.9,120000,10.0,0.03413,0.23488,0.26098,0.0,0.0,1,0.03413,22.4,0
256,4096,224.0,8.0,8,0.9,30000,30.0,0.13653,0.23488,0.26098,0.0,0.0,1,0.13653,22.4,0
256,4096,224.0,8.0,8,0.9,60000,30.0,0.06827,0.23488,0.26098,0.0,0.0,1,0.06827,22.4,0
256,4096,224.0,8.0,8,0.9,120000,30.0,0.03413,0.23488,0.26098,0.0,0.0,1,0.03413,22.4,0
256,4096,224.0,8.0,8,0.99,30000,0.2,0.13653,0.23488,0.23725,0.06185,0.16502,1,0.07468,2.24,1
256,4096,224.0,8.0,8,0.99,60000,0.2,0.06827,0.23488,0.23725,0.06185,0.16502,1,0.00641,2.24,1
256,4096,224.0,8.0,8,0.99,120000,0.2,0.03413,0.23488,0.23725,0.06185,0.16502,0,-0.02772,2.24,1
256,4096,224.0,8.0,8,0.99,30000,0.5,0.13653,0.23488,0.23725,0.01207,0.05304,1,0.12446,2.24,0
256,4096,224.0,8.0,8,0.99,60000,0.5,0.06827,0.23488,0.23725,0.01207,0.05304,1,0.05619,2.24,0
256,4096,224.0,8.0,8,0.99,120000,0.5,0.03413,0.23488,0.23725,0.01207,0.05304,1,0.02206,2.24,0
256,4096,224.0,8.0,8,0.99,30000,1.0,0.13653,0.23488,0.23725,0.00205,0.0,1,0.13448,2.24,0
256,4096,224.0,8.0,8,0.99,60000,1.0,0.06827,0.23488,0.23725,0.00205,0.0,1,0.06622,2.24,0
256,4096,224.0,8.0,8,0.99,120000,1.0,0.03413,0.23488,0.23725,0.00205,0.0,1,0.03208,2.24,0
256,4096,224.0,8.0,8,0.99,30000,2.0,0.13653,0.23488,0.23725,0.00024,0.0,1,0.1363,2.24,0
256,4096,224.0,8.0,8,0.99,60000,2.0,0.06827,0.23488,0.23725,0.00024,0.0,1,0.06803,2.24,0
256,4096,224.0,8.0,8,0.99,120000,2.0,0.03413,0.23488,0.23725,0.00024,0.0,1,0.0339,2.24,0
256,4096,224.0,8.0,8,0.99,30000,5.0,0.13653,0.23488,0.23725,0.0,0.0,1,0.13653,2.24,0
256,4096,224.0,8.0,8,0.99,60000,5.0,0.06827,0.23488,0.23725,0.0,0.0,1,0.06827,2.24,0
256,4096,224.0,8.0,8,0.99,120000,5.0,0.03413,0.23488,0.23725,0.0,0.0,1,0.03413,2.24,0
256,4096,224.0,8.0,8,0.99,30000,10.0,0.13653,0.23488,0.23725,0.0,0.0,1,0.13653,2.24,0
256,4096,224.0,8.0,8,0.99,60000,10.0,0.06827,0.23488,0.23725,0.0,0.0,1,0.06827,2.24,0
256,4096,224.0,8.0,8,0.99,120000,10.0,0.03413,0.23488,0.23725,0.0,0.0,1,0.03413,2.24,0
256,4096,224.0,8.0,8,0.99,30000,30.0,0.13653,0.23488,0.23725,0.0,0.0,1,0.13653,2.24,0
256,4096,224.0,8.0,8,0.99,60000,30.0,0.06827,0.23488,0.23725,0.0,0.0,1,0.06827,2.24,0
256,4096,224.0,8.0,8,0.99,120000,30.0,0.03413,0.23488,0.23725,0.0,0.0,1,0.03413,2.24,0
256,4096,224.0,8.0,16,0.5,30000,0.2,0.13653,0.46976,0.93952,0.67482,0.86624,0,-0.53828,112.0,1
256,4096,224.0,8.0,16,0.5,60000,0.2,0.06827,0.46976,0.93952,0.67482,0.86624,0,-0.60655,112.0,1
256,4096,224.0,8.0,16,0.5,120000,0.2,0.03413,0.46976,0.93952,0.67482,0.86624,0,-0.64068,112.0,1
256,4096,224.0,8.0,16,0.5,30000,0.5,0.13653,0.46976,0.93952,0.38849,0.75618,0,-0.25196,112.0,1
256,4096,224.0,8.0,16,0.5,60000,0.5,0.06827,0.46976,0.93952,0.38849,0.75618,0,-0.32023,112.0,1
256,4096,224.0,8.0,16,0.5,120000,0.5,0.03413,0.46976,0.93952,0.38849,0.75618,0,-0.35436,112.0,1
256,4096,224.0,8.0,16,0.5,30000,1.0,0.13653,0.46976,0.93952,0.17345,0.58118,0,-0.03692,112.0,0
256,4096,224.0,8.0,16,0.5,60000,1.0,0.06827,0.46976,0.93952,0.17345,0.58118,0,-0.10519,112.0,0
256,4096,224.0,8.0,16,0.5,120000,1.0,0.03413,0.46976,0.93952,0.17345,0.58118,0,-0.13932,112.0,0
256,4096,224.0,8.0,16,0.5,30000,2.0,0.13653,0.46976,0.93952,0.04922,0.2349,1,0.08732,112.0,0
256,4096,224.0,8.0,16,0.5,60000,2.0,0.06827,0.46976,0.93952,0.04922,0.2349,1,0.01905,112.0,0
256,4096,224.0,8.0,16,0.5,120000,2.0,0.03413,0.46976,0.93952,0.04922,0.2349,0,-0.01508,112.0,0
256,4096,224.0,8.0,16,0.5,30000,5.0,0.13653,0.46976,0.93952,0.00294,0.0,1,0.13359,112.0,0
256,4096,224.0,8.0,16,0.5,60000,5.0,0.06827,0.46976,0.93952,0.00294,0.0,1,0.06533,112.0,0
256,4096,224.0,8.0,16,0.5,120000,5.0,0.03413,0.46976,0.93952,0.00294,0.0,1,0.03119,112.0,0
256,4096,224.0,8.0,16,0.5,30000,10.0,0.13653,0.46976,0.93952,0.00047,0.0,1,0.13606,112.0,0
256,4096,224.0,8.0,16,0.5,60000,10.0,0.06827,0.46976,0.93952,0.00047,0.0,1,0.0678,112.0,0
256,4096,224.0,8.0,16,0.5,120000,10.0,0.03413,0.46976,0.93952,0.00047,0.0,1,0.03366,112.0,0
256,4096,224.0,8.0,16,0.5,30000,30.0,0.13653,0.46976,0.93952,0.0,0.0,1,0.13653,112.0,0
256,4096,224.0,8.0,16,0.5,60000,30.0,0.06827,0.46976,0.93952,0.0,0.0,1,0.06827,112.0,0
256,4096,224.0,8.0,16,0.5,120000,30.0,0.03413,0.46976,0.93952,0.0,0.0,1,0.03413,112.0,0
256,4096,224.0,8.0,16,0.7,30000,0.2,0.13653,0.46976,0.67109,0.41943,0.59593,0,-0.2829,67.2,1
256,4096,224.0,8.0,16,0.7,60000,0.2,0.06827,0.46976,0.67109,0.41943,0.59593,0,-0.35117,67.2,1
256,4096,224.0,8.0,16,0.7,120000,0.2,0.03413,0.46976,0.67109,0.41943,0.59593,0,-0.3853,67.2,1
256,4096,224.0,8.0,16,0.7,30000,0.5,0.13653,0.46976,0.67109,0.20267,0.49272,0,-0.06613,67.2,1
256,4096,224.0,8.0,16,0.7,60000,0.5,0.06827,0.46976,0.67109,0.20267,0.49272,0,-0.1344,67.2,1
256,4096,224.0,8.0,16,0.7,120000,0.5,0.03413,0.46976,0.67109,0.20267,0.49272,0,-0.16853,67.2,1
256,4096,224.0,8.0,16,0.7,30000,1.0,0.13653,0.46976,0.67109,0.07172,0.32319,1,0.06481,67.2,0
256,4096,224.0,8.0,16,0.7,60000,1.0,0.06827,0.46976,0.67109,0.07172,0.32319,0,-0.00345,67.2,0
256,4096,224.0,8.0,16,0.7,120000,1.0,0.03413,0.46976,0.67109,0.07172,0.32319,0,-0.03759,67.2,0
256,4096,224.0,8.0,16,0.7,30000,2.0,0.13653,0.46976,0.67109,0.01373,0.0,1,0.1228,67.2,0
256,4096,224.0,8.0,16,0.7,60000,2.0,0.06827,0.46976,0.67109,0.01373,0.0,1,0.05454,67.2,0
256,4096,224.0,8.0,16,0.7,120000,2.0,0.03413,0.46976,0.67109,0.01373,0.0,1,0.0204,67.2,0
256,4096,224.0,8.0,16,0.7,30000,5.0,0.13653,0.46976,0.67109,0.00113,0.0,1,0.1354,67.2,0
256,4096,224.0,8.0,16,0.7,60000,5.0,0.06827,0.46976,0.67109,0.00113,0.0,1,0.06713,67.2,0
256,4096,224.0,8.0,16,0.7,120000,5.0,0.03413,0.46976,0.67109,0.00113,0.0,1,0.033,67.2,0
256,4096,224.0,8.0,16,0.7,30000,10.0,0.13653,0.46976,0.67109,4e-05,0.0,1,0.1365,67.2,0
256,4096,224.0,8.0,16,0.7,60000,10.0,0.06827,0.46976,0.67109,4e-05,0.0,1,0.06823,67.2,0
256,4096,224.0,8.0,16,0.7,120000,10.0,0.03413,0.46976,0.67109,4e-05,0.0,1,0.0341,67.2,0
256,4096,224.0,8.0,16,0.7,30000,30.0,0.13653,0.46976,0.67109,0.0,0.0,1,0.13653,67.2,0
256,4096,224.0,8.0,16,0.7,60000,30.0,0.06827,0.46976,0.67109,0.0,0.0,1,0.06827,67.2,0
256,4096,224.0,8.0,16,0.7,120000,30.0,0.03413,0.46976,0.67109,0.0,0.0,1,0.03413,67.2,0
256,4096,224.0,8.0,16,0.9,30000,0.2,0.13653,0.46976,0.52196,0.28642,0.45007,0,-0.14989,22.4,1
256,4096,224.0,8.0,16,0.9,60000,0.2,0.06827,0.46976,0.52196,0.28642,0.45007,0,-0.21815,22.4,1
256,4096,224.0,8.0,16,0.9,120000,0.2,0.03413,0.46976,0.52196,0.28642,0.45007,0,-0.25229,22.4,1
256,4096,224.0,8.0,16,0.9,30000,0.5,0.13653,0.46976,0.52196,0.11823,0.34284,1,0.0183,22.4,1
256,4096,224.0,8.0,16,0.9,60000,0.5,0.06827,0.46976,0.52196,0.11823,0.34284,0,-0.04997,22.4,1
256,4096,224.0,8.0,16,0.9,120000,0.5,0.03413,0.46976,0.52196,0.11823,0.34284,0,-0.0841,22.4,1
256,4096,224.0,8.0,16,0.9,30000,1.0,0.13653,0.46976,0.52196,0.03591,0.16459,1,0.10063,22.4,0
256,4096,224.0,8.0,16,0.9,60000,1.0,0.06827,0.46976,0.52196,0.03591,0.16459,1,0.03236,22.4,0
256,4096,224.0,8.0,16,0.9,120000,1.0,0.03413,0.46976,0.52196,0.03591,0.16459,0,-0.00177,22.4,0
256,4096,224.0,8.0,16,0.9,30000,2.0,0.13653,0.46976,0.52196,0.00669,0.0,1,0.12984,22.4,0
256,4096,224.0,8.0,16,0.9,60000,2.0,0.06827,0.46976,0.52196,0.00669,0.0,1,0.06158,22.4,0
256,4096,224.0,8.0,16,0.9,120000,2.0,0.03413,0.46976,0.52196,0.00669,0.0,1,0.02744,22.4,0
256,4096,224.0,8.0,16,0.9,30000,5.0,0.13653,0.46976,0.52196,0.0001,0.0,1,0.13643,22.4,0
256,4096,224.0,8.0,16,0.9,60000,5.0,0.06827,0.46976,0.52196,0.0001,0.0,1,0.06817,22.4,0
256,4096,224.0,8.0,16,0.9,120000,5.0,0.03413,0.46976,0.52196,0.0001,0.0,1,0.03403,22.4,0
256,4096,224.0,8.0,16,0.9,30000,10.0,0.13653,0.46976,0.52196,0.0,0.0,1,0.13653,22.4,0
256,4096,224.0,8.0,16,0.9,60000,10.0,0.06827,0.46976,0.52196,0.0,0.0,1,0.06827,22.4,0
256,4096,224.0,8.0,16,0.9,120000,10.0,0.03413,0.46976,0.52196,0.0,0.0,1,0.03413,22.4,0
256,4096,224.0,8.0,16,0.9,30000,30.0,0.13653,0.46976,0.52196,0.0,0.0,1,0.13653,22.4,0
256,4096,224.0,8.0,16,0.9,60000,30.0,0.06827,0.46976,0.52196,0.0,0.0,1,0.06827,22.4,0
256,4096,224.0,8.0,16,0.9,120000,30.0,0.03413,0.46976,0.52196,0.0,0.0,1,0.03413,22.4,0
256,4096,224.0,8.0,16,0.99,30000,0.2,0.13653,0.46976,0.47451,0.24136,0.40879,0,-0.10483,2.24,1
256,4096,224.0,8.0,16,0.99,60000,0.2,0.06827,0.46976,0.47451,0.24136,0.40879,0,-0.1731,2.24,1
256,4096,224.0,8.0,16,0.99,120000,0.2,0.03413,0.46976,0.47451,0.24136,0.40879,0,-0.20723,2.24,1
256,4096,224.0,8.0,16,0.99,30000,0.5,0.13653,0.46976,0.47451,0.0868,0.27795,1,0.04974,2.24,0
256,4096,224.0,8.0,16,0.99,60000,0.5,0.06827,0.46976,0.47451,0.0868,0.27795,0,-0.01853,2.24,0
256,4096,224.0,8.0,16,0.99,120000,0.5,0.03413,0.46976,0.47451,0.0868,0.27795,0,-0.05266,2.24,0
256,4096,224.0,8.0,16,0.99,30000,1.0,0.13653,0.46976,0.47451,0.02377,0.10296,1,0.11277,2.24,0
256,4096,224.0,8.0,16,0.99,60000,1.0,0.06827,0.46976,0.47451,0.02377,0.10296,1,0.0445,2.24,0
256,4096,224.0,8.0,16,0.99,120000,1.0,0.03413,0.46976,0.47451,0.02377,0.10296,1,0.01037,2.24,0
256,4096,224.0,8.0,16,0.99,30000,2.0,0.13653,0.46976,0.47451,0.00345,0.0,1,0.13308,2.24,0
256,4096,224.0,8.0,16,0.99,60000,2.0,0.06827,0.46976,0.47451,0.00345,0.0,1,0.06482,2.24,0
256,4096,224.0,8.0,16,0.99,120000,2.0,0.03413,0.46976,0.47451,0.00345,0.0,1,0.03068,2.24,0
256,4096,224.0,8.0,16,0.99,30000,5.0,0.13653,0.46976,0.47451,5e-05,0.0,1,0.13648,2.24,0
256,4096,224.0,8.0,16,0.99,60000,5.0,0.06827,0.46976,0.47451,5e-05,0.0,1,0.06822,2.24,0
256,4096,224.0,8.0,16,0.99,120000,5.0,0.03413,0.46976,0.47451,5e-05,0.0,1,0.03408,2.24,0
256,4096,224.0,8.0,16,0.99,30000,10.0,0.13653,0.46976,0.47451,0.0,0.0,1,0.13653,2.24,0
256,4096,224.0,8.0,16,0.99,60000,10.0,0.06827,0.46976,0.47451,0.0,0.0,1,0.06827,2.24,0
256,4096,224.0,8.0,16,0.99,120000,10.0,0.03413,0.46976,0.47451,0.0,0.0,1,0.03413,2.24,0
256,4096,224.0,8.0,16,0.99,30000,30.0,0.13653,0.46976,0.47451,0.0,0.0,1,0.13653,2.24,0
256,4096,224.0,8.0,16,0.99,60000,30.0,0.06827,0.46976,0.47451,0.0,0.0,1,0.06827,2.24,0
256,4096,224.0,8.0,16,0.99,120000,30.0,0.03413,0.46976,0.47451,0.0,0.0,1,0.03413,2.24,0
256,4096,224.0,8.0,32,0.5,30000,0.2,0.13653,0.93952,1.87905,1.59588,1.80725,0,-1.45935,112.0,1
256,4096,224.0,8.0,32,0.5,60000,0.2,0.06827,0.93952,1.87905,1.59588,1.80725,0,-1.52762,112.0,1
256,4096,224.0,8.0,32,0.5,120000,0.2,0.03413,0.93952,1.87905,1.59588,1.80725,0,-1.56175,112.0,1
256,4096,224.0,8.0,32,0.5,30000,0.5,0.13653,0.93952,1.87905,1.22288,1.70096,0,-1.08635,112.0,1
256,4096,224.0,8.0,32,0.5,60000,0.5,0.06827,0.93952,1.87905,1.22288,1.70096,0,-1.15462,112.0,1
256,4096,224.0,8.0,32,0.5,120000,0.5,0.03413,0.93952,1.87905,1.22288,1.70096,0,-1.18875,112.0,1
256,4096,224.0,8.0,32,0.5,30000,1.0,0.13653,0.93952,1.87905,0.78506,1.50249,0,-0.64853,112.0,1
256,4096,224.0,8.0,32,0.5,60000,1.0,0.06827,0.93952,1.87905,0.78506,1.50249,0,-0.7168,112.0,1
256,4096,224.0,8.0,32,0.5,120000,1.0,0.03413,0.93952,1.87905,0.78506,1.50249,0,-0.75093,112.0,1
256,4096,224.0,8.0,32,0.5,30000,2.0,0.13653,0.93952,1.87905,0.36976,1.207,0,-0.23323,112.0,0
256,4096,224.0,8.0,32,0.5,60000,2.0,0.06827,0.93952,1.87905,0.36976,1.207,0,-0.3015,112.0,0
256,4096,224.0,8.0,32,0.5,120000,2.0,0.03413,0.93952,1.87905,0.36976,1.207,0,-0.33563,112.0,0
256,4096,224.0,8.0,32,0.5,30000,5.0,0.13653,0.93952,1.87905,0.06533,0.16033,1,0.0712,112.0,0
256,4096,224.0,8.0,32,0.5,60000,5.0,0.06827,0.93952,1.87905,0.06533,0.16033,1,0.00293,112.0,0
256,4096,224.0,8.0,32,0.5,120000,5.0,0.03413,0.93952,1.87905,0.06533,0.16033,0,-0.0312,112.0,0
256,4096,224.0,8.0,32,0.5,30000,10.0,0.13653,0.93952,1.87905,0.0122,0.0,1,0.12434,112.0,0
256,4096,224.0,8.0,32,0.5,60000,10.0,0.06827,0.93952,1.87905,0.0122,0.0,1,0.05607,112.0,0
256,4096,224.0,8.0,32,0.5,120000,10.0,0.03413,0.93952,1.87905,0.0122,0.0,1,0.02194,112.0,0
256,4096,224.0,8.0,32,0.5,30000,30.0,0.13653,0.93952,1.87905,0.0,0.0,1,0.13653,112.0,0
256,4096,224.0,8.0,32,0.5,60000,30.0,0.06827,0.93952,1.87905,0.0,0.0,1,0.06827,112.0,0
256,4096,224.0,8.0,32,0.5,120000,30.0,0.03413,0.93952,1.87905,0.0,0.0,1,0.03413,112.0,0
256,4096,224.0,8.0,32,0.7,30000,0.2,0.13653,0.93952,1.34218,1.07171,1.2747,0,-0.93517,67.2,1
256,4096,224.0,8.0,32,0.7,60000,0.2,0.06827,0.93952,1.34218,1.07171,1.2747,0,-1.00344,67.2,1
256,4096,224.0,8.0,32,0.7,120000,0.2,0.03413,0.93952,1.34218,1.07171,1.2747,0,-1.03757,67.2,1
256,4096,224.0,8.0,32,0.7,30000,0.5,0.13653,0.93952,1.34218,0.72342,1.16355,0,-0.58689,67.2,1
256,4096,224.0,8.0,32,0.7,60000,0.5,0.06827,0.93952,1.34218,0.72342,1.16355,0,-0.65515,67.2,1
256,4096,224.0,8.0,32,0.7,120000,0.5,0.03413,0.93952,1.34218,0.72342,1.16355,0,-0.68929,67.2,1
256,4096,224.0,8.0,32,0.7,30000,1.0,0.13653,0.93952,1.34218,0.39624,0.97889,0,-0.25971,67.2,1
256,4096,224.0,8.0,32,0.7,60000,1.0,0.06827,0.93952,1.34218,0.39624,0.97889,0,-0.32798,67.2,1
256,4096,224.0,8.0,32,0.7,120000,1.0,0.03413,0.93952,1.34218,0.39624,0.97889,0,-0.36211,67.2,1
256,4096,224.0,8.0,32,0.7,30000,2.0,0.13653,0.93952,1.34218,0.148,0.61494,0,-0.01147,67.2,0
256,4096,224.0,8.0,32,0.7,60000,2.0,0.06827,0.93952,1.34218,0.148,0.61494,0,-0.07974,67.2,0
256,4096,224.0,8.0,32,0.7,120000,2.0,0.03413,0.93952,1.34218,0.148,0.61494,0,-0.11387,67.2,0
256,4096,224.0,8.0,32,0.7,30000,5.0,0.13653,0.93952,1.34218,0.01754,0.0,1,0.11899,67.2,0
256,4096,224.0,8.0,32,0.7,60000,5.0,0.06827,0.93952,1.34218,0.01754,0.0,1,0.05073,67.2,0
256,4096,224.0,8.0,32,0.7,120000,5.0,0.03413,0.93952,1.34218,0.01754,0.0,1,0.01659,67.2,0
256,4096,224.0,8.0,32,0.7,30000,10.0,0.13653,0.93952,1.34218,0.00262,0.0,1,0.13392,67.2,0
256,4096,224.0,8.0,32,0.7,60000,10.0,0.06827,0.93952,1.34218,0.00262,0.0,1,0.06565,67.2,0
256,4096,224.0,8.0,32,0.7,120000,10.0,0.03413,0.93952,1.34218,0.00262,0.0,1,0.03152,67.2,0
256,4096,224.0,8.0,32,0.7,30000,30.0,0.13653,0.93952,1.34218,0.0,0.0,1,0.13653,67.2,0
256,4096,224.0,8.0,32,0.7,60000,30.0,0.06827,0.93952,1.34218,0.0,0.0,1,0.06827,67.2,0
256,4096,224.0,8.0,32,0.7,120000,30.0,0.03413,0.93952,1.34218,0.0,0.0,1,0.03413,67.2,0
256,4096,224.0,8.0,32,0.9,30000,0.2,0.13653,0.93952,1.04392,0.78776,0.97526,0,-0.65122,22.4,1
256,4096,224.0,8.0,32,0.9,60000,0.2,0.06827,0.93952,1.04392,0.78776,0.97526,0,-0.71949,22.4,1
256,4096,224.0,8.0,32,0.9,120000,0.2,0.03413,0.93952,1.04392,0.78776,0.97526,0,-0.75362,22.4,1
256,4096,224.0,8.0,32,0.9,30000,0.5,0.13653,0.93952,1.04392,0.47995,0.86398,0,-0.34342,22.4,1
256,4096,224.0,8.0,32,0.9,60000,0.5,0.06827,0.93952,1.04392,0.47995,0.86398,0,-0.41168,22.4,1
256,4096,224.0,8.0,32,0.9,120000,0.5,0.03413,0.93952,1.04392,0.47995,0.86398,0,-0.44582,22.4,1
256,4096,224.0,8.0,32,0.9,30000,1.0,0.13653,0.93952,1.04392,0.23567,0.68593,0,-0.09913,22.4,1
256,4096,224.0,8.0,32,0.9,60000,1.0,0.06827,0.93952,1.04392,0.23567,0.68593,0,-0.1674,22.4,1
256,4096,224.0,8.0,32,0.9,120000,1.0,0.03413,0.93952,1.04392,0.23567,0.68593,0,-0.20153,22.4,1
256,4096,224.0,8.0,32,0.9,30000,2.0,0.13653,0.93952,1.04392,0.06888,0.31251,1,0.06765,22.4,0
256,4096,224.0,8.0,32,0.9,60000,2.0,0.06827,0.93952,1.04392,0.06888,0.31251,0,-0.00062,22.4,0
256,4096,224.0,8.0,32,0.9,120000,2.0,0.03413,0.93952,1.04392,0.06888,0.31251,0,-0.03475,22.4,0
256,4096,224.0,8.0,32,0.9,30000,5.0,0.13653,0.93952,1.04392,0.00876,0.0,1,0.12778,22.4,0
256,4096,224.0,8.0,32,0.9,60000,5.0,0.06827,0.93952,1.04392,0.00876,0.0,1,0.05951,22.4,0
256,4096,224.0,8.0,32,0.9,120000,5.0,0.03413,0.93952,1.04392,0.00876,0.0,1,0.02538,22.4,0
256,4096,224.0,8.0,32,0.9,30000,10.0,0.13653,0.93952,1.04392,0.0002,0.0,1,0.13633,22.4,0
256,4096,224.0,8.0,32,0.9,60000,10.0,0.06827,0.93952,1.04392,0.0002,0.0,1,0.06806,22.4,0
256,4096,224.0,8.0,32,0.9,120000,10.0,0.03413,0.93952,1.04392,0.0002,0.0,1,0.03393,22.4,0
256,4096,224.0,8.0,32,0.9,30000,30.0,0.13653,0.93952,1.04392,0.0,0.0,1,0.13653,22.4,0
256,4096,224.0,8.0,32,0.9,60000,30.0,0.06827,0.93952,1.04392,0.0,0.0,1,0.06827,22.4,0
256,4096,224.0,8.0,32,0.9,120000,30.0,0.03413,0.93952,1.04392,0.0,0.0,1,0.03413,22.4,0
256,4096,224.0,8.0,32,0.99,30000,0.2,0.13653,0.93952,0.94901,0.6866,0.87614,0,-0.55006,2.24,1
256,4096,224.0,8.0,32,0.99,60000,0.2,0.06827,0.93952,0.94901,0.6866,0.87614,0,-0.61833,2.24,1
256,4096,224.0,8.0,32,0.99,120000,0.2,0.03413,0.93952,0.94901,0.6866,0.87614,0,-0.65246,2.24,1
256,4096,224.0,8.0,32,0.99,30000,0.5,0.13653,0.93952,0.94901,0.40956,0.7734,0,-0.27302,2.24,1
256,4096,224.0,8.0,32,0.99,60000,0.5,0.06827,0.93952,0.94901,0.40956,0.7734,0,-0.34129,2.24,1
256,4096,224.0,8.0,32,0.99,120000,0.5,0.03413,0.93952,0.94901,0.40956,0.7734,0,-0.37542,2.24,1
256,4096,224.0,8.0,32,0.99,30000,1.0,0.13653,0.93952,0.94901,0.18473,0.58124,0,-0.04819,2.24,0
256,4096,224.0,8.0,32,0.99,60000,1.0,0.06827,0.93952,0.94901,0.18473,0.58124,0,-0.11646,2.24,0
256,4096,224.0,8.0,32,0.99,120000,1.0,0.03413,0.93952,0.94901,0.18473,0.58124,0,-0.15059,2.24,0
256,4096,224.0,8.0,32,0.99,30000,2.0,0.13653,0.93952,0.94901,0.05286,0.22786,1,0.08367,2.24,0
256,4096,224.0,8.0,32,0.99,60000,2.0,0.06827,0.93952,0.94901,0.05286,0.22786,1,0.0154,2.24,0
256,4096,224.0,8.0,32,0.99,120000,2.0,0.03413,0.93952,0.94901,0.05286,0.22786,0,-0.01873,2.24,0
256,4096,224.0,8.0,32,0.99,30000,5.0,0.13653,0.93952,0.94901,0.00508,0.0,1,0.13146,2.24,0
256,4096,224.0,8.0,32,0.99,60000,5.0,0.06827,0.93952,0.94901,0.00508,0.0,1,0.06319,2.24,0
256,4096,224.0,8.0,32,0.99,120000,5.0,0.03413,0.93952,0.94901,0.00508,0.0,1,0.02906,2.24,0
256,4096,224.0,8.0,32,0.99,30000,10.0,0.13653,0.93952,0.94901,0.00056,0.0,1,0.13597,2.24,0
256,4096,224.0,8.0,32,0.99,60000,10.0,0.06827,0.93952,0.94901,0.00056,0.0,1,0.06771,2.24,0
256,4096,224.0,8.0,32,0.99,120000,10.0,0.03413,0.93952,0.94901,0.00056,0.0,1,0.03357,2.24,0
256,4096,224.0,8.0,32,0.99,30000,30.0,0.13653,0.93952,0.94901,0.0,0.0,1,0.13653,2.24,0
256,4096,224.0,8.0,32,0.99,60000,30.0,0.06827,0.93952,0.94901,0.0,0.0,1,0.06827,2.24,0
256,4096,224.0,8.0,32,0.99,120000,30.0,0.03413,0.93952,0.94901,0.0,0.0,1,0.03413,2.24,0
256,4096,224.0,16.0,1,0.5,30000,0.2,0.13653,0.01468,0.02936,5e-05,0.0,1,0.13649,112.0,0
256,4096,224.0,16.0,1,0.5,60000,0.2,0.06827,0.01468,0.02936,5e-05,0.0,1,0.06822,112.0,0
256,4096,224.0,16.0,1,0.5,120000,0.2,0.03413,0.01468,0.02936,5e-05,0.0,1,0.03409,112.0,0
256,4096,224.0,16.0,1,0.5,30000,0.5,0.13653,0.01468,0.02936,0.0,0.0,1,0.13653,112.0,0
256,4096,224.0,16.0,1,0.5,60000,0.5,0.06827,0.01468,0.02936,0.0,0.0,1,0.06827,112.0,0
256,4096,224.0,16.0,1,0.5,120000,0.5,0.03413,0.01468,0.02936,0.0,0.0,1,0.03413,112.0,0
256,4096,224.0,16.0,1,0.5,30000,1.0,0.13653,0.01468,0.02936,0.0,0.0,1,0.13653,112.0,0
256,4096,224.0,16.0,1,0.5,60000,1.0,0.06827,0.01468,0.02936,0.0,0.0,1,0.06827,112.0,0
256,4096,224.0,16.0,1,0.5,120000,1.0,0.03413,0.01468,0.02936,0.0,0.0,1,0.03413,112.0,0
256,4096,224.0,16.0,1,0.5,30000,2.0,0.13653,0.01468,0.02936,0.0,0.0,1,0.13653,112.0,0
256,4096,224.0,16.0,1,0.5,60000,2.0,0.06827,0.01468,0.02936,0.0,0.0,1,0.06827,112.0,0
256,4096,224.0,16.0,1,0.5,120000,2.0,0.03413,0.01468,0.02936,0.0,0.0,1,0.03413,112.0,0
256,4096,224.0,16.0,1,0.5,30000,5.0,0.13653,0.01468,0.02936,0.0,0.0,1,0.13653,112.0,0
256,4096,224.0,16.0,1,0.5,60000,5.0,0.06827,0.01468,0.02936,0.0,0.0,1,0.06827,112.0,0
256,4096,224.0,16.0,1,0.5,120000,5.0,0.03413,0.01468,0.02936,0.0,0.0,1,0.03413,112.0,0
256,4096,224.0,16.0,1,0.5,30000,10.0,0.13653,0.01468,0.02936,0.0,0.0,1,0.13653,112.0,0
256,4096,224.0,16.0,1,0.5,60000,10.0,0.06827,0.01468,0.02936,0.0,0.0,1,0.06827,112.0,0
256,4096,224.0,16.0,1,0.5,120000,10.0,0.03413,0.01468,0.02936,0.0,0.0,1,0.03413,112.0,0
256,4096,224.0,16.0,1,0.5,30000,30.0,0.13653,0.01468,0.02936,0.0,0.0,1,0.13653,112.0,0
256,4096,224.0,16.0,1,0.5,60000,30.0,0.06827,0.01468,0.02936,0.0,0.0,1,0.06827,112.0,0
256,4096,224.0,16.0,1,0.5,120000,30.0,0.03413,0.01468,0.02936,0.0,0.0,1,0.03413,112.0,0
256,4096,224.0,16.0,1,0.7,30000,0.2,0.13653,0.01468,0.02097,1e-05,0.0,1,0.13652,67.2,0
256,4096,224.0,16.0,1,0.7,60000,0.2,0.06827,0.01468,0.02097,1e-05,0.0,1,0.06825,67.2,0
256,4096,224.0,16.0,1,0.7,120000,0.2,0.03413,0.01468,0.02097,1e-05,0.0,1,0.03412,67.2,0
256,4096,224.0,16.0,1,0.7,30000,0.5,0.13653,0.01468,0.02097,0.0,0.0,1,0.13653,67.2,0
256,4096,224.0,16.0,1,0.7,60000,0.5,0.06827,0.01468,0.02097,0.0,0.0,1,0.06827,67.2,0
256,4096,224.0,16.0,1,0.7,120000,0.5,0.03413,0.01468,0.02097,0.0,0.0,1,0.03413,67.2,0
256,4096,224.0,16.0,1,0.7,30000,1.0,0.13653,0.01468,0.02097,0.0,0.0,1,0.13653,67.2,0
256,4096,224.0,16.0,1,0.7,60000,1.0,0.06827,0.01468,0.02097,0.0,0.0,1,0.06827,67.2,0
256,4096,224.0,16.0,1,0.7,120000,1.0,0.03413,0.01468,0.02097,0.0,0.0,1,0.03413,67.2,0
256,4096,224.0,16.0,1,0.7,30000,2.0,0.13653,0.01468,0.02097,0.0,0.0,1,0.13653,67.2,0
256,4096,224.0,16.0,1,0.7,60000,2.0,0.06827,0.01468,0.02097,0.0,0.0,1,0.06827,67.2,0
256,4096,224.0,16.0,1,0.7,120000,2.0,0.03413,0.01468,0.02097,0.0,0.0,1,0.03413,67.2,0
256,4096,224.0,16.0,1,0.7,30000,5.0,0.13653,0.01468,0.02097,0.0,0.0,1,0.13653,67.2,0
256,4096,224.0,16.0,1,0.7,60000,5.0,0.06827,0.01468,0.02097,0.0,0.0,1,0.06827,67.2,0
256,4096,224.0,16.0,1,0.7,120000,5.0,0.03413,0.01468,0.02097,0.0,0.0,1,0.03413,67.2,0
256,4096,224.0,16.0,1,0.7,30000,10.0,0.13653,0.01468,0.02097,0.0,0.0,1,0.13653,67.2,0
256,4096,224.0,16.0,1,0.7,60000,10.0,0.06827,0.01468,0.02097,0.0,0.0,1,0.06827,67.2,0
256,4096,224.0,16.0,1,0.7,120000,10.0,0.03413,0.01468,0.02097,0.0,0.0,1,0.03413,67.2,0
256,4096,224.0,16.0,1,0.7,30000,30.0,0.13653,0.01468,0.02097,0.0,0.0,1,0.13653,67.2,0
256,4096,224.0,16.0,1,0.7,60000,30.0,0.06827,0.01468,0.02097,0.0,0.0,1,0.06827,67.2,0
256,4096,224.0,16.0,1,0.7,120000,30.0,0.03413,0.01468,0.02097,0.0,0.0,1,0.03413,67.2,0
256,4096,224.0,16.0,1,0.9,30000,0.2,0.13653,0.01468,0.01631,0.0,0.0,1,0.13653,22.4,0
256,4096,224.0,16.0,1,0.9,60000,0.2,0.06827,0.01468,0.01631,0.0,0.0,1,0.06826,22.4,0
256,4096,224.0,16.0,1,0.9,120000,0.2,0.03413,0.01468,0.01631,0.0,0.0,1,0.03413,22.4,0
256,4096,224.0,16.0,1,0.9,30000,0.5,0.13653,0.01468,0.01631,0.0,0.0,1,0.13653,22.4,0
256,4096,224.0,16.0,1,0.9,60000,0.5,0.06827,0.01468,0.01631,0.0,0.0,1,0.06827,22.4,0
256,4096,224.0,16.0,1,0.9,120000,0.5,0.03413,0.01468,0.01631,0.0,0.0,1,0.03413,22.4,0
256,4096,224.0,16.0,1,0.9,30000,1.0,0.13653,0.01468,0.01631,0.0,0.0,1,0.13653,22.4,0
256,4096,224.0,16.0,1,0.9,60000,1.0,0.06827,0.01468,0.01631,0.0,0.0,1,0.06827,22.4,0
256,4096,224.0,16.0,1,0.9,120000,1.0,0.03413,0.01468,0.01631,0.0,0.0,1,0.03413,22.4,0
256,4096,224.0,16.0,1,0.9,30000,2.0,0.13653,0.01468,0.01631,0.0,0.0,1,0.13653,22.4,0
256,4096,224.0,16.0,1,0.9,60000,2.0,0.06827,0.01468,0.01631,0.0,0.0,1,0.06827,22.4,0
256,4096,224.0,16.0,1,0.9,120000,2.0,0.03413,0.01468,0.01631,0.0,0.0,1,0.03413,22.4,0
256,4096,224.0,16.0,1,0.9,30000,5.0,0.13653,0.01468,0.01631,0.0,0.0,1,0.13653,22.4,0
256,4096,224.0,16.0,1,0.9,60000,5.0,0.06827,0.01468,0.01631,0.0,0.0,1,0.06827,22.4,0
256,4096,224.0,16.0,1,0.9,120000,5.0,0.03413,0.01468,0.01631,0.0,0.0,1,0.03413,22.4,0
256,4096,224.0,16.0,1,0.9,30000,10.0,0.13653,0.01468,0.01631,0.0,0.0,1,0.13653,22.4,0
256,4096,224.0,16.0,1,0.9,60000,10.0,0.06827,0.01468,0.01631,0.0,0.0,1,0.06827,22.4,0
256,4096,224.0,16.0,1,0.9,120000,10.0,0.03413,0.01468,0.01631,0.0,0.0,1,0.03413,22.4,0
256,4096,224.0,16.0,1,0.9,30000,30.0,0.13653,0.01468,0.01631,0.0,0.0,1,0.13653,22.4,0
256,4096,224.0,16.0,1,0.9,60000,30.0,0.06827,0.01468,0.01631,0.0,0.0,1,0.06827,22.4,0
256,4096,224.0,16.0,1,0.9,120000,30.0,0.03413,0.01468,0.01631,0.0,0.0,1,0.03413,22.4,0
256,4096,224.0,16.0,1,0.99,30000,0.2,0.13653,0.01468,0.01483,0.0,0.0,1,0.13653,2.24,0
256,4096,224.0,16.0,1,0.99,60000,0.2,0.06827,0.01468,0.01483,0.0,0.0,1,0.06827,2.24,0
256,4096,224.0,16.0,1,0.99,120000,0.2,0.03413,0.01468,0.01483,0.0,0.0,1,0.03413,2.24,0
256,4096,224.0,16.0,1,0.99,30000,0.5,0.13653,0.01468,0.01483,0.0,0.0,1,0.13653,2.24,0
256,4096,224.0,16.0,1,0.99,60000,0.5,0.06827,0.01468,0.01483,0.0,0.0,1,0.06827,2.24,0
256,4096,224.0,16.0,1,0.99,120000,0.5,0.03413,0.01468,0.01483,0.0,0.0,1,0.03413,2.24,0
256,4096,224.0,16.0,1,0.99,30000,1.0,0.13653,0.01468,0.01483,0.0,0.0,1,0.13653,2.24,0
256,4096,224.0,16.0,1,0.99,60000,1.0,0.06827,0.01468,0.01483,0.0,0.0,1,0.06827,2.24,0
256,4096,224.0,16.0,1,0.99,120000,1.0,0.03413,0.01468,0.01483,0.0,0.0,1,0.03413,2.24,0
256,4096,224.0,16.0,1,0.99,30000,2.0,0.13653,0.01468,0.01483,0.0,0.0,1,0.13653,2.24,0
256,4096,224.0,16.0,1,0.99,60000,2.0,0.06827,0.01468,0.01483,0.0,0.0,1,0.06827,2.24,0
256,4096,224.0,16.0,1,0.99,120000,2.0,0.03413,0.01468,0.01483,0.0,0.0,1,0.03413,2.24,0
256,4096,224.0,16.0,1,0.99,30000,5.0,0.13653,0.01468,0.01483,0.0,0.0,1,0.13653,2.24,0
256,4096,224.0,16.0,1,0.99,60000,5.0,0.06827,0.01468,0.01483,0.0,0.0,1,0.06827,2.24,0
256,4096,224.0,16.0,1,0.99,120000,5.0,0.03413,0.01468,0.01483,0.0,0.0,1,0.03413,2.24,0
256,4096,224.0,16.0,1,0.99,30000,10.0,0.13653,0.01468,0.01483,0.0,0.0,1,0.13653,2.24,0
256,4096,224.0,16.0,1,0.99,60000,10.0,0.06827,0.01468,0.01483,0.0,0.0,1,0.06827,2.24,0
256,4096,224.0,16.0,1,0.99,120000,10.0,0.03413,0.01468,0.01483,0.0,0.0,1,0.03413,2.24,0
256,4096,224.0,16.0,1,0.99,30000,30.0,0.13653,0.01468,0.01483,0.0,0.0,1,0.13653,2.24,0
256,4096,224.0,16.0,1,0.99,60000,30.0,0.06827,0.01468,0.01483,0.0,0.0,1,0.06827,2.24,0
256,4096,224.0,16.0,1,0.99,120000,30.0,0.03413,0.01468,0.01483,0.0,0.0,1,0.03413,2.24,0
256,4096,224.0,16.0,2,0.5,30000,0.2,0.13653,0.02936,0.05872,0.00104,0.0,1,0.13549,112.0,0
256,4096,224.0,16.0,2,0.5,60000,0.2,0.06827,0.02936,0.05872,0.00104,0.0,1,0.06722,112.0,0
256,4096,224.0,16.0,2,0.5,120000,0.2,0.03413,0.02936,0.05872,0.00104,0.0,1,0.03309,112.0,0
256,4096,224.0,16.0,2,0.5,30000,0.5,0.13653,0.02936,0.05872,6e-05,0.0,1,0.13647,112.0,0
256,4096,224.0,16.0,2,0.5,60000,0.5,0.06827,0.02936,0.05872,6e-05,0.0,1,0.0682,112.0,0
256,4096,224.0,16.0,2,0.5,120000,0.5,0.03413,0.02936,0.05872,6e-05,0.0,1,0.03407,112.0,0
256,4096,224.0,16.0,2,0.5,30000,1.0,0.13653,0.02936,0.05872,0.0,0.0,1,0.13653,112.0,0
256,4096,224.0,16.0,2,0.5,60000,1.0,0.06827,0.02936,0.05872,0.0,0.0,1,0.06827,112.0,0
256,4096,224.0,16.0,2,0.5,120000,1.0,0.03413,0.02936,0.05872,0.0,0.0,1,0.03413,112.0,0
256,4096,224.0,16.0,2,0.5,30000,2.0,0.13653,0.02936,0.05872,0.0,0.0,1,0.13653,112.0,0
256,4096,224.0,16.0,2,0.5,60000,2.0,0.06827,0.02936,0.05872,0.0,0.0,1,0.06827,112.0,0
256,4096,224.0,16.0,2,0.5,120000,2.0,0.03413,0.02936,0.05872,0.0,0.0,1,0.03413,112.0,0
256,4096,224.0,16.0,2,0.5,30000,5.0,0.13653,0.02936,0.05872,0.0,0.0,1,0.13653,112.0,0
256,4096,224.0,16.0,2,0.5,60000,5.0,0.06827,0.02936,0.05872,0.0,0.0,1,0.06827,112.0,0
256,4096,224.0,16.0,2,0.5,120000,5.0,0.03413,0.02936,0.05872,0.0,0.0,1,0.03413,112.0,0
256,4096,224.0,16.0,2,0.5,30000,10.0,0.13653,0.02936,0.05872,0.0,0.0,1,0.13653,112.0,0
256,4096,224.0,16.0,2,0.5,60000,10.0,0.06827,0.02936,0.05872,0.0,0.0,1,0.06827,112.0,0
256,4096,224.0,16.0,2,0.5,120000,10.0,0.03413,0.02936,0.05872,0.0,0.0,1,0.03413,112.0,0
256,4096,224.0,16.0,2,0.5,30000,30.0,0.13653,0.02936,0.05872,0.0,0.0,1,0.13653,112.0,0
256,4096,224.0,16.0,2,0.5,60000,30.0,0.06827,0.02936,0.05872,0.0,0.0,1,0.06827,112.0,0
256,4096,224.0,16.0,2,0.5,120000,30.0,0.03413,0.02936,0.05872,0.0,0.0,1,0.03413,112.0,0
256,4096,224.0,16.0,2,0.7,30000,0.2,0.13653,0.02936,0.04194,0.00021,0.0,1,0.13632,67.2,0
256,4096,224.0,16.0,2,0.7,60000,0.2,0.06827,0.02936,0.04194,0.00021,0.0,1,0.06805,67.2,0
256,4096,224.0,16.0,2,0.7,120000,0.2,0.03413,0.02936,0.04194,0.00021,0.0,1,0.03392,67.2,0
256,4096,224.0,16.0,2,0.7,30000,0.5,0.13653,0.02936,0.04194,0.0,0.0,1,0.13653,67.2,0
256,4096,224.0,16.0,2,0.7,60000,0.5,0.06827,0.02936,0.04194,0.0,0.0,1,0.06826,67.2,0
256,4096,224.0,16.0,2,0.7,120000,0.5,0.03413,0.02936,0.04194,0.0,0.0,1,0.03413,67.2,0
256,4096,224.0,16.0,2,0.7,30000,1.0,0.13653,0.02936,0.04194,0.0,0.0,1,0.13653,67.2,0
256,4096,224.0,16.0,2,0.7,60000,1.0,0.06827,0.02936,0.04194,0.0,0.0,1,0.06827,67.2,0
256,4096,224.0,16.0,2,0.7,120000,1.0,0.03413,0.02936,0.04194,0.0,0.0,1,0.03413,67.2,0
256,4096,224.0,16.0,2,0.7,30000,2.0,0.13653,0.02936,0.04194,0.0,0.0,1,0.13653,67.2,0
256,4096,224.0,16.0,2,0.7,60000,2.0,0.06827,0.02936,0.04194,0.0,0.0,1,0.06827,67.2,0
256,4096,224.0,16.0,2,0.7,120000,2.0,0.03413,0.02936,0.04194,0.0,0.0,1,0.03413,67.2,0
256,4096,224.0,16.0,2,0.7,30000,5.0,0.13653,0.02936,0.04194,0.0,0.0,1,0.13653,67.2,0
256,4096,224.0,16.0,2,0.7,60000,5.0,0.06827,0.02936,0.04194,0.0,0.0,1,0.06827,67.2,0
256,4096,224.0,16.0,2,0.7,120000,5.0,0.03413,0.02936,0.04194,0.0,0.0,1,0.03413,67.2,0
256,4096,224.0,16.0,2,0.7,30000,10.0,0.13653,0.02936,0.04194,0.0,0.0,1,0.13653,67.2,0
256,4096,224.0,16.0,2,0.7,60000,10.0,0.06827,0.02936,0.04194,0.0,0.0,1,0.06827,67.2,0
256,4096,224.0,16.0,2,0.7,120000,10.0,0.03413,0.02936,0.04194,0.0,0.0,1,0.03413,67.2,0
256,4096,224.0,16.0,2,0.7,30000,30.0,0.13653,0.02936,0.04194,0.0,0.0,1,0.13653,67.2,0
256,4096,224.0,16.0,2,0.7,60000,30.0,0.06827,0.02936,0.04194,0.0,0.0,1,0.06827,67.2,0
256,4096,224.0,16.0,2,0.7,120000,30.0,0.03413,0.02936,0.04194,0.0,0.0,1,0.03413,67.2,0
256,4096,224.0,16.0,2,0.9,30000,0.2,0.13653,0.02936,0.03262,8e-05,0.0,1,0.13645,22.4,0
256,4096,224.0,16.0,2,0.9,60000,0.2,0.06827,0.02936,0.03262,8e-05,0.0,1,0.06818,22.4,0
256,4096,224.0,16.0,2,0.9,120000,0.2,0.03413,0.02936,0.03262,8e-05,0.0,1,0.03405,22.4,0
256,4096,224.0,16.0,2,0.9,30000,0.5,0.13653,0.02936,0.03262,1e-05,0.0,1,0.13652,22.4,0
256,4096,224.0,16.0,2,0.9,60000,0.5,0.06827,0.02936,0.03262,1e-05,0.0,1,0.06826,22.4,0
256,4096,224.0,16.0,2,0.9,120000,0.5,0.03413,0.02936,0.03262,1e-05,0.0,1,0.03412,22.4,0
256,4096,224.0,16.0,2,0.9,30000,1.0,0.13653,0.02936,0.03262,0.0,0.0,1,0.13653,22.4,0
256,4096,224.0,16.0,2,0.9,60000,1.0,0.06827,0.02936,0.03262,0.0,0.0,1,0.06827,22.4,0
256,4096,224.0,16.0,2,0.9,120000,1.0,0.03413,0.02936,0.03262,0.0,0.0,1,0.03413,22.4,0
256,4096,224.0,16.0,2,0.9,30000,2.0,0.13653,0.02936,0.03262,0.0,0.0,1,0.13653,22.4,0
256,4096,224.0,16.0,2,0.9,60000,2.0,0.06827,0.02936,0.03262,0.0,0.0,1,0.06827,22.4,0
256,4096,224.0,16.0,2,0.9,120000,2.0,0.03413,0.02936,0.03262,0.0,0.0,1,0.03413,22.4,0
256,4096,224.0,16.0,2,0.9,30000,5.0,0.13653,0.02936,0.03262,0.0,0.0,1,0.13653,22.4,0
256,4096,224.0,16.0,2,0.9,60000,5.0,0.06827,0.02936,0.03262,0.0,0.0,1,0.06827,22.4,0
256,4096,224.0,16.0,2,0.9,120000,5.0,0.03413,0.02936,0.03262,0.0,0.0,1,0.03413,22.4,0
256,4096,224.0,16.0,2,0.9,30000,10.0,0.13653,0.02936,0.03262,0.0,0.0,1,0.13653,22.4,0
256,4096,224.0,16.0,2,0.9,60000,10.0,0.06827,0.02936,0.03262,0.0,0.0,1,0.06827,22.4,0
256,4096,224.0,16.0,2,0.9,120000,10.0,0.03413,0.02936,0.03262,0.0,0.0,1,0.03413,22.4,0
256,4096,224.0,16.0,2,0.9,30000,30.0,0.13653,0.02936,0.03262,0.0,0.0,1,0.13653,22.4,0
256,4096,224.0,16.0,2,0.9,60000,30.0,0.06827,0.02936,0.03262,0.0,0.0,1,0.06827,22.4,0
256,4096,224.0,16.0,2,0.9,120000,30.0,0.03413,0.02936,0.03262,0.0,0.0,1,0.03413,22.4,0
256,4096,224.0,16.0,2,0.99,30000,0.2,0.13653,0.02936,0.02966,9e-05,0.0,1,0.13645,2.24,0
256,4096,224.0,16.0,2,0.99,60000,0.2,0.06827,0.02936,0.02966,9e-05,0.0,1,0.06818,2.24,0
256,4096,224.0,16.0,2,0.99,120000,0.2,0.03413,0.02936,0.02966,9e-05,0.0,1,0.03405,2.24,0
256,4096,224.0,16.0,2,0.99,30000,0.5,0.13653,0.02936,0.02966,0.0,0.0,1,0.13653,2.24,0
256,4096,224.0,16.0,2,0.99,60000,0.5,0.06827,0.02936,0.02966,0.0,0.0,1,0.06827,2.24,0
256,4096,224.0,16.0,2,0.99,120000,0.5,0.03413,0.02936,0.02966,0.0,0.0,1,0.03413,2.24,0
256,4096,224.0,16.0,2,0.99,30000,1.0,0.13653,0.02936,0.02966,0.0,0.0,1,0.13653,2.24,0
256,4096,224.0,16.0,2,0.99,60000,1.0,0.06827,0.02936,0.02966,0.0,0.0,1,0.06827,2.24,0
256,4096,224.0,16.0,2,0.99,120000,1.0,0.03413,0.02936,0.02966,0.0,0.0,1,0.03413,2.24,0
256,4096,224.0,16.0,2,0.99,30000,2.0,0.13653,0.02936,0.02966,0.0,0.0,1,0.13653,2.24,0
256,4096,224.0,16.0,2,0.99,60000,2.0,0.06827,0.02936,0.02966,0.0,0.0,1,0.06827,2.24,0
256,4096,224.0,16.0,2,0.99,120000,2.0,0.03413,0.02936,0.02966,0.0,0.0,1,0.03413,2.24,0
256,4096,224.0,16.0,2,0.99,30000,5.0,0.13653,0.02936,0.02966,0.0,0.0,1,0.13653,2.24,0
256,4096,224.0,16.0,2,0.99,60000,5.0,0.06827,0.02936,0.02966,0.0,0.0,1,0.06827,2.24,0
256,4096,224.0,16.0,2,0.99,120000,5.0,0.03413,0.02936,0.02966,0.0,0.0,1,0.03413,2.24,0
256,4096,224.0,16.0,2,0.99,30000,10.0,0.13653,0.02936,0.02966,0.0,0.0,1,0.13653,2.24,0
256,4096,224.0,16.0,2,0.99,60000,10.0,0.06827,0.02936,0.02966,0.0,0.0,1,0.06827,2.24,0
256,4096,224.0,16.0,2,0.99,120000,10.0,0.03413,0.02936,0.02966,0.0,0.0,1,0.03413,2.24,0
256,4096,224.0,16.0,2,0.99,30000,30.0,0.13653,0.02936,0.02966,0.0,0.0,1,0.13653,2.24,0
256,4096,224.0,16.0,2,0.99,60000,30.0,0.06827,0.02936,0.02966,0.0,0.0,1,0.06827,2.24,0
256,4096,224.0,16.0,2,0.99,120000,30.0,0.03413,0.02936,0.02966,0.0,0.0,1,0.03413,2.24,0
256,4096,224.0,16.0,4,0.5,30000,0.2,0.13653,0.05872,0.11744,0.01033,0.04637,1,0.1262,112.0,0
256,4096,224.0,16.0,4,0.5,60000,0.2,0.06827,0.05872,0.11744,0.01033,0.04637,1,0.05794,112.0,0
256,4096,224.0,16.0,4,0.5,120000,0.2,0.03413,0.05872,0.11744,0.01033,0.04637,1,0.0238,112.0,0
256,4096,224.0,16.0,4,0.5,30000,0.5,0.13653,0.05872,0.11744,0.00117,0.0,1,0.13536,112.0,0
256,4096,224.0,16.0,4,0.5,60000,0.5,0.06827,0.05872,0.11744,0.00117,0.0,1,0.0671,112.0,0
256,4096,224.0,16.0,4,0.5,120000,0.5,0.03413,0.05872,0.11744,0.00117,0.0,1,0.03296,112.0,0
256,4096,224.0,16.0,4,0.5,30000,1.0,0.13653,0.05872,0.11744,6e-05,0.0,1,0.13648,112.0,0
256,4096,224.0,16.0,4,0.5,60000,1.0,0.06827,0.05872,0.11744,6e-05,0.0,1,0.06821,112.0,0
256,4096,224.0,16.0,4,0.5,120000,1.0,0.03413,0.05872,0.11744,6e-05,0.0,1,0.03408,112.0,0
256,4096,224.0,16.0,4,0.5,30000,2.0,0.13653,0.05872,0.11744,0.0,0.0,1,0.13653,112.0,0
256,4096,224.0,16.0,4,0.5,60000,2.0,0.06827,0.05872,0.11744,0.0,0.0,1,0.06827,112.0,0
256,4096,224.0,16.0,4,0.5,120000,2.0,0.03413,0.05872,0.11744,0.0,0.0,1,0.03413,112.0,0
256,4096,224.0,16.0,4,0.5,30000,5.0,0.13653,0.05872,0.11744,0.0,0.0,1,0.13653,112.0,0
256,4096,224.0,16.0,4,0.5,60000,5.0,0.06827,0.05872,0.11744,0.0,0.0,1,0.06827,112.0,0
256,4096,224.0,16.0,4,0.5,120000,5.0,0.03413,0.05872,0.11744,0.0,0.0,1,0.03413,112.0,0
256,4096,224.0,16.0,4,0.5,30000,10.0,0.13653,0.05872,0.11744,0.0,0.0,1,0.13653,112.0,0
256,4096,224.0,16.0,4,0.5,60000,10.0,0.06827,0.05872,0.11744,0.0,0.0,1,0.06827,112.0,0
256,4096,224.0,16.0,4,0.5,120000,10.0,0.03413,0.05872,0.11744,0.0,0.0,1,0.03413,112.0,0
256,4096,224.0,16.0,4,0.5,30000,30.0,0.13653,0.05872,0.11744,0.0,0.0,1,0.13653,112.0,0
256,4096,224.0,16.0,4,0.5,60000,30.0,0.06827,0.05872,0.11744,0.0,0.0,1,0.06827,112.0,0
256,4096,224.0,16.0,4,0.5,120000,30.0,0.03413,0.05872,0.11744,0.0,0.0,1,0.03413,112.0,0
256,4096,224.0,16.0,4,0.7,30000,0.2,0.13653,0.05872,0.08389,0.00334,0.01197,1,0.13319,67.2,0
256,4096,224.0,16.0,4,0.7,60000,0.2,0.06827,0.05872,0.08389,0.00334,0.01197,1,0.06492,67.2,0
256,4096,224.0,16.0,4,0.7,120000,0.2,0.03413,0.05872,0.08389,0.00334,0.01197,1,0.03079,67.2,0
256,4096,224.0,16.0,4,0.7,30000,0.5,0.13653,0.05872,0.08389,0.00023,0.0,1,0.13631,67.2,0
256,4096,224.0,16.0,4,0.7,60000,0.5,0.06827,0.05872,0.08389,0.00023,0.0,1,0.06804,67.2,0
256,4096,224.0,16.0,4,0.7,120000,0.5,0.03413,0.05872,0.08389,0.00023,0.0,1,0.03391,67.2,0
256,4096,224.0,16.0,4,0.7,30000,1.0,0.13653,0.05872,0.08389,2e-05,0.0,1,0.13651,67.2,0
256,4096,224.0,16.0,4,0.7,60000,1.0,0.06827,0.05872,0.08389,2e-05,0.0,1,0.06825,67.2,0
256,4096,224.0,16.0,4,0.7,120000,1.0,0.03413,0.05872,0.08389,2e-05,0.0,1,0.03411,67.2,0
256,4096,224.0,16.0,4,0.7,30000,2.0,0.13653,0.05872,0.08389,0.0,0.0,1,0.13653,67.2,0
256,4096,224.0,16.0,4,0.7,60000,2.0,0.06827,0.05872,0.08389,0.0,0.0,1,0.06827,67.2,0
256,4096,224.0,16.0,4,0.7,120000,2.0,0.03413,0.05872,0.08389,0.0,0.0,1,0.03413,67.2,0
256,4096,224.0,16.0,4,0.7,30000,5.0,0.13653,0.05872,0.08389,0.0,0.0,1,0.13653,67.2,0
256,4096,224.0,16.0,4,0.7,60000,5.0,0.06827,0.05872,0.08389,0.0,0.0,1,0.06827,67.2,0
256,4096,224.0,16.0,4,0.7,120000,5.0,0.03413,0.05872,0.08389,0.0,0.0,1,0.03413,67.2,0
256,4096,224.0,16.0,4,0.7,30000,10.0,0.13653,0.05872,0.08389,0.0,0.0,1,0.13653,67.2,0
256,4096,224.0,16.0,4,0.7,60000,10.0,0.06827,0.05872,0.08389,0.0,0.0,1,0.06827,67.2,0
256,4096,224.0,16.0,4,0.7,120000,10.0,0.03413,0.05872,0.08389,0.0,0.0,1,0.03413,67.2,0
256,4096,224.0,16.0,4,0.7,30000,30.0,0.13653,0.05872,0.08389,0.0,0.0,1,0.13653,67.2,0
256,4096,224.0,16.0,4,0.7,60000,30.0,0.06827,0.05872,0.08389,0.0,0.0,1,0.06827,67.2,0
256,4096,224.0,16.0,4,0.7,120000,30.0,0.03413,0.05872,0.08389,0.0,0.0,1,0.03413,67.2,0
256,4096,224.0,16.0,4,0.9,30000,0.2,0.13653,0.05872,0.06524,0.00123,0.0,1,0.13531,22.4,0
256,4096,224.0,16.0,4,0.9,60000,0.2,0.06827,0.05872,0.06524,0.00123,0.0,1,0.06704,22.4,0
256,4096,224.0,16.0,4,0.9,120000,0.2,0.03413,0.05872,0.06524,0.00123,0.0,1,0.03291,22.4,0
256,4096,224.0,16.0,4,0.9,30000,0.5,0.13653,0.05872,0.06524,5e-05,0.0,1,0.13648,22.4,0
256,4096,224.0,16.0,4,0.9,60000,0.5,0.06827,0.05872,0.06524,5e-05,0.0,1,0.06822,22.4,0
256,4096,224.0,16.0,4,0.9,120000,0.5,0.03413,0.05872,0.06524,5e-05,0.0,1,0.03408,22.4,0
256,4096,224.0,16.0,4,0.9,30000,1.0,0.13653,0.05872,0.06524,0.0,0.0,1,0.13653,22.4,0
256,4096,224.0,16.0,4,0.9,60000,1.0,0.06827,0.05872,0.06524,0.0,0.0,1,0.06827,22.4,0
256,4096,224.0,16.0,4,0.9,120000,1.0,0.03413,0.05872,0.06524,0.0,0.0,1,0.03413,22.4,0
256,4096,224.0,16.0,4,0.9,30000,2.0,0.13653,0.05872,0.06524,0.0,0.0,1,0.13653,22.4,0
256,4096,224.0,16.0,4,0.9,60000,2.0,0.06827,0.05872,0.06524,0.0,0.0,1,0.06827,22.4,0
256,4096,224.0,16.0,4,0.9,120000,2.0,0.03413,0.05872,0.06524,0.0,0.0,1,0.03413,22.4,0
256,4096,224.0,16.0,4,0.9,30000,5.0,0.13653,0.05872,0.06524,0.0,0.0,1,0.13653,22.4,0
256,4096,224.0,16.0,4,0.9,60000,5.0,0.06827,0.05872,0.06524,0.0,0.0,1,0.06827,22.4,0
256,4096,224.0,16.0,4,0.9,120000,5.0,0.03413,0.05872,0.06524,0.0,0.0,1,0.03413,22.4,0
256,4096,224.0,16.0,4,0.9,30000,10.0,0.13653,0.05872,0.06524,0.0,0.0,1,0.13653,22.4,0
256,4096,224.0,16.0,4,0.9,60000,10.0,0.06827,0.05872,0.06524,0.0,0.0,1,0.06827,22.4,0
256,4096,224.0,16.0,4,0.9,120000,10.0,0.03413,0.05872,0.06524,0.0,0.0,1,0.03413,22.4,0
256,4096,224.0,16.0,4,0.9,30000,30.0,0.13653,0.05872,0.06524,0.0,0.0,1,0.13653,22.4,0
256,4096,224.0,16.0,4,0.9,60000,30.0,0.06827,0.05872,0.06524,0.0,0.0,1,0.06827,22.4,0
256,4096,224.0,16.0,4,0.9,120000,30.0,0.03413,0.05872,0.06524,0.0,0.0,1,0.03413,22.4,0
256,4096,224.0,16.0,4,0.99,30000,0.2,0.13653,0.05872,0.05931,0.00111,0.0,1,0.13542,2.24,0
256,4096,224.0,16.0,4,0.99,60000,0.2,0.06827,0.05872,0.05931,0.00111,0.0,1,0.06715,2.24,0
256,4096,224.0,16.0,4,0.99,120000,0.2,0.03413,0.05872,0.05931,0.00111,0.0,1,0.03302,2.24,0
256,4096,224.0,16.0,4,0.99,30000,0.5,0.13653,0.05872,0.05931,4e-05,0.0,1,0.13649,2.24,0
256,4096,224.0,16.0,4,0.99,60000,0.5,0.06827,0.05872,0.05931,4e-05,0.0,1,0.06823,2.24,0
256,4096,224.0,16.0,4,0.99,120000,0.5,0.03413,0.05872,0.05931,4e-05,0.0,1,0.03409,2.24,0
256,4096,224.0,16.0,4,0.99,30000,1.0,0.13653,0.05872,0.05931,0.0,0.0,1,0.13653,2.24,0
256,4096,224.0,16.0,4,0.99,60000,1.0,0.06827,0.05872,0.05931,0.0,0.0,1,0.06826,2.24,0
256,4096,224.0,16.0,4,0.99,120000,1.0,0.03413,0.05872,0.05931,0.0,0.0,1,0.03413,2.24,0
256,4096,224.0,16.0,4,0.99,30000,2.0,0.13653,0.05872,0.05931,0.0,0.0,1,0.13653,2.24,0
256,4096,224.0,16.0,4,0.99,60000,2.0,0.06827,0.05872,0.05931,0.0,0.0,1,0.06827,2.24,0
256,4096,224.0,16.0,4,0.99,120000,2.0,0.03413,0.05872,0.05931,0.0,0.0,1,0.03413,2.24,0
256,4096,224.0,16.0,4,0.99,30000,5.0,0.13653,0.05872,0.05931,0.0,0.0,1,0.13653,2.24,0
256,4096,224.0,16.0,4,0.99,60000,5.0,0.06827,0.05872,0.05931,0.0,0.0,1,0.06827,2.24,0
256,4096,224.0,16.0,4,0.99,120000,5.0,0.03413,0.05872,0.05931,0.0,0.0,1,0.03413,2.24,0
256,4096,224.0,16.0,4,0.99,30000,10.0,0.13653,0.05872,0.05931,0.0,0.0,1,0.13653,2.24,0
256,4096,224.0,16.0,4,0.99,60000,10.0,0.06827,0.05872,0.05931,0.0,0.0,1,0.06827,2.24,0
256,4096,224.0,16.0,4,0.99,120000,10.0,0.03413,0.05872,0.05931,0.0,0.0,1,0.03413,2.24,0
256,4096,224.0,16.0,4,0.99,30000,30.0,0.13653,0.05872,0.05931,0.0,0.0,1,0.13653,2.24,0
256,4096,224.0,16.0,4,0.99,60000,30.0,0.06827,0.05872,0.05931,0.0,0.0,1,0.06827,2.24,0
256,4096,224.0,16.0,4,0.99,120000,30.0,0.03413,0.05872,0.05931,0.0,0.0,1,0.03413,2.24,0
256,4096,224.0,16.0,8,0.5,30000,0.2,0.13653,0.11744,0.23488,0.05921,0.15846,1,0.07733,112.0,1
256,4096,224.0,16.0,8,0.5,60000,0.2,0.06827,0.11744,0.23488,0.05921,0.15846,1,0.00906,112.0,1
256,4096,224.0,16.0,8,0.5,120000,0.2,0.03413,0.11744,0.23488,0.05921,0.15846,0,-0.02507,112.0,1
256,4096,224.0,16.0,8,0.5,30000,0.5,0.13653,0.11744,0.23488,0.01352,0.06434,1,0.12301,112.0,0
256,4096,224.0,16.0,8,0.5,60000,0.5,0.06827,0.11744,0.23488,0.01352,0.06434,1,0.05475,112.0,0
256,4096,224.0,16.0,8,0.5,120000,0.5,0.03413,0.11744,0.23488,0.01352,0.06434,1,0.02061,112.0,0
256,4096,224.0,16.0,8,0.5,30000,1.0,0.13653,0.11744,0.23488,0.00235,0.0,1,0.13419,112.0,0
256,4096,224.0,16.0,8,0.5,60000,1.0,0.06827,0.11744,0.23488,0.00235,0.0,1,0.06592,112.0,0
256,4096,224.0,16.0,8,0.5,120000,1.0,0.03413,0.11744,0.23488,0.00235,0.0,1,0.03179,112.0,0
256,4096,224.0,16.0,8,0.5,30000,2.0,0.13653,0.11744,0.23488,0.00022,0.0,1,0.13632,112.0,0
256,4096,224.0,16.0,8,0.5,60000,2.0,0.06827,0.11744,0.23488,0.00022,0.0,1,0.06805,112.0,0
256,4096,224.0,16.0,8,0.5,120000,2.0,0.03413,0.11744,0.23488,0.00022,0.0,1,0.03392,112.0,0
256,4096,224.0,16.0,8,0.5,30000,5.0,0.13653,0.11744,0.23488,0.0,0.0,1,0.13653,112.0,0
256,4096,224.0,16.0,8,0.5,60000,5.0,0.06827,0.11744,0.23488,0.0,0.0,1,0.06827,112.0,0
256,4096,224.0,16.0,8,0.5,120000,5.0,0.03413,0.11744,0.23488,0.0,0.0,1,0.03413,112.0,0
256,4096,224.0,16.0,8,0.5,30000,10.0,0.13653,0.11744,0.23488,0.0,0.0,1,0.13653,112.0,0
256,4096,224.0,16.0,8,0.5,60000,10.0,0.06827,0.11744,0.23488,0.0,0.0,1,0.06827,112.0,0
256,4096,224.0,16.0,8,0.5,120000,10.0,0.03413,0.11744,0.23488,0.0,0.0,1,0.03413,112.0,0
256,4096,224.0,16.0,8,0.5,30000,30.0,0.13653,0.11744,0.23488,0.0,0.0,1,0.13653,112.0,0
256,4096,224.0,16.0,8,0.5,60000,30.0,0.06827,0.11744,0.23488,0.0,0.0,1,0.06827,112.0,0
256,4096,224.0,16.0,8,0.5,120000,30.0,0.03413,0.11744,0.23488,0.0,0.0,1,0.03413,112.0,0
256,4096,224.0,16.0,8,0.7,30000,0.2,0.13653,0.11744,0.16777,0.02796,0.09714,1,0.10857,67.2,0
256,4096,224.0,16.0,8,0.7,60000,0.2,0.06827,0.11744,0.16777,0.02796,0.09714,1,0.04031,67.2,0
256,4096,224.0,16.0,8,0.7,120000,0.2,0.03413,0.11744,0.16777,0.02796,0.09714,1,0.00617,67.2,0
256,4096,224.0,16.0,8,0.7,30000,0.5,0.13653,0.11744,0.16777,0.00419,0.0,1,0.13235,67.2,0
256,4096,224.0,16.0,8,0.7,60000,0.5,0.06827,0.11744,0.16777,0.00419,0.0,1,0.06408,67.2,0
256,4096,224.0,16.0,8,0.7,120000,0.5,0.03413,0.11744,0.16777,0.00419,0.0,1,0.02995,67.2,0
256,4096,224.0,16.0,8,0.7,30000,1.0,0.13653,0.11744,0.16777,0.00042,0.0,1,0.13611,67.2,0
256,4096,224.0,16.0,8,0.7,60000,1.0,0.06827,0.11744,0.16777,0.00042,0.0,1,0.06785,67.2,0
256,4096,224.0,16.0,8,0.7,120000,1.0,0.03413,0.11744,0.16777,0.00042,0.0,1,0.03371,67.2,0
256,4096,224.0,16.0,8,0.7,30000,2.0,0.13653,0.11744,0.16777,4e-05,0.0,1,0.1365,67.2,0
256,4096,224.0,16.0,8,0.7,60000,2.0,0.06827,0.11744,0.16777,4e-05,0.0,1,0.06823,67.2,0
256,4096,224.0,16.0,8,0.7,120000,2.0,0.03413,0.11744,0.16777,4e-05,0.0,1,0.0341,67.2,0
256,4096,224.0,16.0,8,0.7,30000,5.0,0.13653,0.11744,0.16777,0.0,0.0,1,0.13653,67.2,0
256,4096,224.0,16.0,8,0.7,60000,5.0,0.06827,0.11744,0.16777,0.0,0.0,1,0.06827,67.2,0
256,4096,224.0,16.0,8,0.7,120000,5.0,0.03413,0.11744,0.16777,0.0,0.0,1,0.03413,67.2,0
256,4096,224.0,16.0,8,0.7,30000,10.0,0.13653,0.11744,0.16777,0.0,0.0,1,0.13653,67.2,0
256,4096,224.0,16.0,8,0.7,60000,10.0,0.06827,0.11744,0.16777,0.0,0.0,1,0.06827,67.2,0
256,4096,224.0,16.0,8,0.7,120000,10.0,0.03413,0.11744,0.16777,0.0,0.0,1,0.03413,67.2,0
256,4096,224.0,16.0,8,0.7,30000,30.0,0.13653,0.11744,0.16777,0.0,0.0,1,0.13653,67.2,0
256,4096,224.0,16.0,8,0.7,60000,30.0,0.06827,0.11744,0.16777,0.0,0.0,1,0.06827,67.2,0
256,4096,224.0,16.0,8,0.7,120000,30.0,0.03413,0.11744,0.16777,0.0,0.0,1,0.03413,67.2,0
256,4096,224.0,16.0,8,0.9,30000,0.2,0.13653,0.11744,0.13049,0.012,0.05479,1,0.12453,22.4,0
256,4096,224.0,16.0,8,0.9,60000,0.2,0.06827,0.11744,0.13049,0.012,0.05479,1,0.05626,22.4,0
256,4096,224.0,16.0,8,0.9,120000,0.2,0.03413,0.11744,0.13049,0.012,0.05479,1,0.02213,22.4,0
256,4096,224.0,16.0,8,0.9,30000,0.5,0.13653,0.11744,0.13049,0.00126,0.0,1,0.13528,22.4,0
256,4096,224.0,16.0,8,0.9,60000,0.5,0.06827,0.11744,0.13049,0.00126,0.0,1,0.06701,22.4,0
256,4096,224.0,16.0,8,0.9,120000,0.5,0.03413,0.11744,0.13049,0.00126,0.0,1,0.03288,22.4,0
256,4096,224.0,16.0,8,0.9,30000,1.0,0.13653,0.11744,0.13049,0.00018,0.0,1,0.13635,22.4,0
256,4096,224.0,16.0,8,0.9,60000,1.0,0.06827,0.11744,0.13049,0.00018,0.0,1,0.06809,22.4,0
256,4096,224.0,16.0,8,0.9,120000,1.0,0.03413,0.11744,0.13049,0.00018,0.0,1,0.03395,22.4,0
256,4096,224.0,16.0,8,0.9,30000,2.0,0.13653,0.11744,0.13049,2e-05,0.0,1,0.13651,22.4,0
256,4096,224.0,16.0,8,0.9,60000,2.0,0.06827,0.11744,0.13049,2e-05,0.0,1,0.06824,22.4,0
256,4096,224.0,16.0,8,0.9,120000,2.0,0.03413,0.11744,0.13049,2e-05,0.0,1,0.03411,22.4,0
256,4096,224.0,16.0,8,0.9,30000,5.0,0.13653,0.11744,0.13049,0.0,0.0,1,0.13653,22.4,0
256,4096,224.0,16.0,8,0.9,60000,5.0,0.06827,0.11744,0.13049,0.0,0.0,1,0.06827,22.4,0
256,4096,224.0,16.0,8,0.9,120000,5.0,0.03413,0.11744,0.13049,0.0,0.0,1,0.03413,22.4,0
256,4096,224.0,16.0,8,0.9,30000,10.0,0.13653,0.11744,0.13049,0.0,0.0,1,0.13653,22.4,0
256,4096,224.0,16.0,8,0.9,60000,10.0,0.06827,0.11744,0.13049,0.0,0.0,1,0.06827,22.4,0
256,4096,224.0,16.0,8,0.9,120000,10.0,0.03413,0.11744,0.13049,0.0,0.0,1,0.03413,22.4,0
256,4096,224.0,16.0,8,0.9,30000,30.0,0.13653,0.11744,0.13049,0.0,0.0,1,0.13653,22.4,0
256,4096,224.0,16.0,8,0.9,60000,30.0,0.06827,0.11744,0.13049,0.0,0.0,1,0.06827,22.4,0
256,4096,224.0,16.0,8,0.9,120000,30.0,0.03413,0.11744,0.13049,0.0,0.0,1,0.03413,22.4,0
256,4096,224.0,16.0,8,0.99,30000,0.2,0.13653,0.11744,0.11863,0.01047,0.05017,1,0.12606,2.24,0
256,4096,224.0,16.0,8,0.99,60000,0.2,0.06827,0.11744,0.11863,0.01047,0.05017,1,0.0578,2.24,0
256,4096,224.0,16.0,8,0.99,120000,0.2,0.03413,0.11744,0.11863,0.01047,0.05017,1,0.02366,2.24,0
256,4096,224.0,16.0,8,0.99,30000,0.5,0.13653,0.11744,0.11863,0.00098,0.0,1,0.13555,2.24,0
256,4096,224.0,16.0,8,0.99,60000,0.5,0.06827,0.11744,0.11863,0.00098,0.0,1,0.06728,2.24,0
256,4096,224.0,16.0,8,0.99,120000,0.5,0.03413,0.11744,0.11863,0.00098,0.0,1,0.03315,2.24,0
256,4096,224.0,16.0,8,0.99,30000,1.0,0.13653,0.11744,0.11863,0.00012,0.0,1,0.13641,2.24,0
256,4096,224.0,16.0,8,0.99,60000,1.0,0.06827,0.11744,0.11863,0.00012,0.0,1,0.06814,2.24,0
256,4096,224.0,16.0,8,0.99,120000,1.0,0.03413,0.11744,0.11863,0.00012,0.0,1,0.03401,2.24,0
256,4096,224.0,16.0,8,0.99,30000,2.0,0.13653,0.11744,0.11863,0.0,0.0,1,0.13653,2.24,0
256,4096,224.0,16.0,8,0.99,60000,2.0,0.06827,0.11744,0.11863,0.0,0.0,1,0.06827,2.24,0
256,4096,224.0,16.0,8,0.99,120000,2.0,0.03413,0.11744,0.11863,0.0,0.0,1,0.03413,2.24,0
256,4096,224.0,16.0,8,0.99,30000,5.0,0.13653,0.11744,0.11863,0.0,0.0,1,0.13653,2.24,0
256,4096,224.0,16.0,8,0.99,60000,5.0,0.06827,0.11744,0.11863,0.0,0.0,1,0.06827,2.24,0
256,4096,224.0,16.0,8,0.99,120000,5.0,0.03413,0.11744,0.11863,0.0,0.0,1,0.03413,2.24,0
256,4096,224.0,16.0,8,0.99,30000,10.0,0.13653,0.11744,0.11863,0.0,0.0,1,0.13653,2.24,0
256,4096,224.0,16.0,8,0.99,60000,10.0,0.06827,0.11744,0.11863,0.0,0.0,1,0.06827,2.24,0
256,4096,224.0,16.0,8,0.99,120000,10.0,0.03413,0.11744,0.11863,0.0,0.0,1,0.03413,2.24,0
256,4096,224.0,16.0,8,0.99,30000,30.0,0.13653,0.11744,0.11863,0.0,0.0,1,0.13653,2.24,0
256,4096,224.0,16.0,8,0.99,60000,30.0,0.06827,0.11744,0.11863,0.0,0.0,1,0.06827,2.24,0
256,4096,224.0,16.0,8,0.99,120000,30.0,0.03413,0.11744,0.11863,0.0,0.0,1,0.03413,2.24,0
256,4096,224.0,16.0,16,0.5,30000,0.2,0.13653,0.23488,0.46976,0.23538,0.39908,0,-0.09884,112.0,1
256,4096,224.0,16.0,16,0.5,60000,0.2,0.06827,0.23488,0.46976,0.23538,0.39908,0,-0.16711,112.0,1
256,4096,224.0,16.0,16,0.5,120000,0.2,0.03413,0.23488,0.46976,0.23538,0.39908,0,-0.20124,112.0,1
256,4096,224.0,16.0,16,0.5,30000,0.5,0.13653,0.23488,0.46976,0.09146,0.29133,1,0.04508,112.0,0
256,4096,224.0,16.0,16,0.5,60000,0.5,0.06827,0.23488,0.46976,0.09146,0.29133,0,-0.02319,112.0,0
256,4096,224.0,16.0,16,0.5,120000,0.5,0.03413,0.23488,0.46976,0.09146,0.29133,0,-0.05732,112.0,0
256,4096,224.0,16.0,16,0.5,30000,1.0,0.13653,0.23488,0.46976,0.02438,0.10553,1,0.11216,112.0,0
256,4096,224.0,16.0,16,0.5,60000,1.0,0.06827,0.23488,0.46976,0.02438,0.10553,1,0.04389,112.0,0
256,4096,224.0,16.0,16,0.5,120000,1.0,0.03413,0.23488,0.46976,0.02438,0.10553,1,0.00976,112.0,0
256,4096,224.0,16.0,16,0.5,30000,2.0,0.13653,0.23488,0.46976,0.00417,0.0,1,0.13237,112.0,0
256,4096,224.0,16.0,16,0.5,60000,2.0,0.06827,0.23488,0.46976,0.00417,0.0,1,0.0641,112.0,0
256,4096,224.0,16.0,16,0.5,120000,2.0,0.03413,0.23488,0.46976,0.00417,0.0,1,0.02997,112.0,0
256,4096,224.0,16.0,16,0.5,30000,5.0,0.13653,0.23488,0.46976,9e-05,0.0,1,0.13645,112.0,0
256,4096,224.0,16.0,16,0.5,60000,5.0,0.06827,0.23488,0.46976,9e-05,0.0,1,0.06818,112.0,0
256,4096,224.0,16.0,16,0.5,120000,5.0,0.03413,0.23488,0.46976,9e-05,0.0,1,0.03405,112.0,0
256,4096,224.0,16.0,16,0.5,30000,10.0,0.13653,0.23488,0.46976,0.0,0.0,1,0.13653,112.0,0
256,4096,224.0,16.0,16,0.5,60000,10.0,0.06827,0.23488,0.46976,0.0,0.0,1,0.06827,112.0,0
256,4096,224.0,16.0,16,0.5,120000,10.0,0.03413,0.23488,0.46976,0.0,0.0,1,0.03413,112.0,0
256,4096,224.0,16.0,16,0.5,30000,30.0,0.13653,0.23488,0.46976,0.0,0.0,1,0.13653,112.0,0
256,4096,224.0,16.0,16,0.5,60000,30.0,0.06827,0.23488,0.46976,0.0,0.0,1,0.06827,112.0,0
256,4096,224.0,16.0,16,0.5,120000,30.0,0.03413,0.23488,0.46976,0.0,0.0,1,0.03413,112.0,0
256,4096,224.0,16.0,16,0.7,30000,0.2,0.13653,0.23488,0.33554,0.13194,0.2632,1,0.00459,67.2,1
256,4096,224.0,16.0,16,0.7,60000,0.2,0.06827,0.23488,0.33554,0.13194,0.2632,0,-0.06367,67.2,1
256,4096,224.0,16.0,16,0.7,120000,0.2,0.03413,0.23488,0.33554,0.13194,0.2632,0,-0.09781,67.2,1
256,4096,224.0,16.0,16,0.7,30000,0.5,0.13653,0.23488,0.33554,0.03799,0.1617,1,0.09854,67.2,0
256,4096,224.0,16.0,16,0.7,60000,0.5,0.06827,0.23488,0.33554,0.03799,0.1617,1,0.03028,67.2,0
256,4096,224.0,16.0,16,0.7,120000,0.5,0.03413,0.23488,0.33554,0.03799,0.1617,0,-0.00386,67.2,0
256,4096,224.0,16.0,16,0.7,30000,1.0,0.13653,0.23488,0.33554,0.00969,0.0,1,0.12685,67.2,0
256,4096,224.0,16.0,16,0.7,60000,1.0,0.06827,0.23488,0.33554,0.00969,0.0,1,0.05858,67.2,0
256,4096,224.0,16.0,16,0.7,120000,1.0,0.03413,0.23488,0.33554,0.00969,0.0,1,0.02445,67.2,0
256,4096,224.0,16.0,16,0.7,30000,2.0,0.13653,0.23488,0.33554,0.00119,0.0,1,0.13535,67.2,0
256,4096,224.0,16.0,16,0.7,60000,2.0,0.06827,0.23488,0.33554,0.00119,0.0,1,0.06708,67.2,0
256,4096,224.0,16.0,16,0.7,120000,2.0,0.03413,0.23488,0.33554,0.00119,0.0,1,0.03295,67.2,0
256,4096,224.0,16.0,16,0.7,30000,5.0,0.13653,0.23488,0.33554,0.0,0.0,1,0.13653,67.2,0
256,4096,224.0,16.0,16,0.7,60000,5.0,0.06827,0.23488,0.33554,0.0,0.0,1,0.06827,67.2,0
256,4096,224.0,16.0,16,0.7,120000,5.0,0.03413,0.23488,0.33554,0.0,0.0,1,0.03413,67.2,0
256,4096,224.0,16.0,16,0.7,30000,10.0,0.13653,0.23488,0.33554,0.0,0.0,1,0.13653,67.2,0
256,4096,224.0,16.0,16,0.7,60000,10.0,0.06827,0.23488,0.33554,0.0,0.0,1,0.06827,67.2,0
256,4096,224.0,16.0,16,0.7,120000,10.0,0.03413,0.23488,0.33554,0.0,0.0,1,0.03413,67.2,0
256,4096,224.0,16.0,16,0.7,30000,30.0,0.13653,0.23488,0.33554,0.0,0.0,1,0.13653,67.2,0
256,4096,224.0,16.0,16,0.7,60000,30.0,0.06827,0.23488,0.33554,0.0,0.0,1,0.06827,67.2,0
256,4096,224.0,16.0,16,0.7,120000,30.0,0.03413,0.23488,0.33554,0.0,0.0,1,0.03413,67.2,0
256,4096,224.0,16.0,16,0.9,30000,0.2,0.13653,0.23488,0.26098,0.07417,0.18895,1,0.06237,22.4,1
256,4096,224.0,16.0,16,0.9,60000,0.2,0.06827,0.23488,0.26098,0.07417,0.18895,0,-0.0059,22.4,1
256,4096,224.0,16.0,16,0.9,120000,0.2,0.03413,0.23488,0.26098,0.07417,0.18895,0,-0.04003,22.4,1
256,4096,224.0,16.0,16,0.9,30000,0.5,0.13653,0.23488,0.26098,0.0186,0.08569,1,0.11794,22.4,0
256,4096,224.0,16.0,16,0.9,60000,0.5,0.06827,0.23488,0.26098,0.0186,0.08569,1,0.04967,22.4,0
256,4096,224.0,16.0,16,0.9,120000,0.5,0.03413,0.23488,0.26098,0.0186,0.08569,1,0.01554,22.4,0
256,4096,224.0,16.0,16,0.9,30000,1.0,0.13653,0.23488,0.26098,0.0029,0.0,1,0.13363,22.4,0
256,4096,224.0,16.0,16,0.9,60000,1.0,0.06827,0.23488,0.26098,0.0029,0.0,1,0.06536,22.4,0
256,4096,224.0,16.0,16,0.9,120000,1.0,0.03413,0.23488,0.26098,0.0029,0.0,1,0.03123,22.4,0
256,4096,224.0,16.0,16,0.9,30000,2.0,0.13653,0.23488,0.26098,0.00048,0.0,1,0.13605,22.4,0
256,4096,224.0,16.0,16,0.9,60000,2.0,0.06827,0.23488,0.26098,0.00048,0.0,1,0.06779,22.4,0
256,4096,224.0,16.0,16,0.9,120000,2.0,0.03413,0.23488,0.26098,0.00048,0.0,1,0.03365,22.4,0
256,4096,224.0,16.0,16,0.9,30000,5.0,0.13653,0.23488,0.26098,0.0,0.0,1,0.13653,22.4,0
256,4096,224.0,16.0,16,0.9,60000,5.0,0.06827,0.23488,0.26098,0.0,0.0,1,0.06827,22.4,0
256,4096,224.0,16.0,16,0.9,120000,5.0,0.03413,0.23488,0.26098,0.0,0.0,1,0.03413,22.4,0
256,4096,224.0,16.0,16,0.9,30000,10.0,0.13653,0.23488,0.26098,0.0,0.0,1,0.13653,22.4,0
256,4096,224.0,16.0,16,0.9,60000,10.0,0.06827,0.23488,0.26098,0.0,0.0,1,0.06827,22.4,0
256,4096,224.0,16.0,16,0.9,120000,10.0,0.03413,0.23488,0.26098,0.0,0.0,1,0.03413,22.4,0
256,4096,224.0,16.0,16,0.9,30000,30.0,0.13653,0.23488,0.26098,0.0,0.0,1,0.13653,22.4,0
256,4096,224.0,16.0,16,0.9,60000,30.0,0.06827,0.23488,0.26098,0.0,0.0,1,0.06827,22.4,0
256,4096,224.0,16.0,16,0.9,120000,30.0,0.03413,0.23488,0.26098,0.0,0.0,1,0.03413,22.4,0
256,4096,224.0,16.0,16,0.99,30000,0.2,0.13653,0.23488,0.23725,0.06389,0.16739,1,0.07264,2.24,1
256,4096,224.0,16.0,16,0.99,60000,0.2,0.06827,0.23488,0.23725,0.06389,0.16739,1,0.00437,2.24,1
256,4096,224.0,16.0,16,0.99,120000,0.2,0.03413,0.23488,0.23725,0.06389,0.16739,0,-0.02976,2.24,1
256,4096,224.0,16.0,16,0.99,30000,0.5,0.13653,0.23488,0.23725,0.01229,0.05181,1,0.12425,2.24,0
256,4096,224.0,16.0,16,0.99,60000,0.5,0.06827,0.23488,0.23725,0.01229,0.05181,1,0.05598,2.24,0
256,4096,224.0,16.0,16,0.99,120000,0.5,0.03413,0.23488,0.23725,0.01229,0.05181,1,0.02185,2.24,0
256,4096,224.0,16.0,16,0.99,30000,1.0,0.13653,0.23488,0.23725,0.00204,0.0,1,0.13449,2.24,0
256,4096,224.0,16.0,16,0.99,60000,1.0,0.06827,0.23488,0.23725,0.00204,0.0,1,0.06622,2.24,0
256,4096,224.0,16.0,16,0.99,120000,1.0,0.03413,0.23488,0.23725,0.00204,0.0,1,0.03209,2.24,0
256,4096,224.0,16.0,16,0.99,30000,2.0,0.13653,0.23488,0.23725,8e-05,0.0,1,0.13645,2.24,0
256,4096,224.0,16.0,16,0.99,60000,2.0,0.06827,0.23488,0.23725,8e-05,0.0,1,0.06818,2.24,0
256,4096,224.0,16.0,16,0.99,120000,2.0,0.03413,0.23488,0.23725,8e-05,0.0,1,0.03405,2.24,0
256,4096,224.0,16.0,16,0.99,30000,5.0,0.13653,0.23488,0.23725,0.0,0.0,1,0.13653,2.24,0
256,4096,224.0,16.0,16,0.99,60000,5.0,0.06827,0.23488,0.23725,0.0,0.0,1,0.06827,2.24,0
256,4096,224.0,16.0,16,0.99,120000,5.0,0.03413,0.23488,0.23725,0.0,0.0,1,0.03413,2.24,0
256,4096,224.0,16.0,16,0.99,30000,10.0,0.13653,0.23488,0.23725,0.0,0.0,1,0.13653,2.24,0
256,4096,224.0,16.0,16,0.99,60000,10.0,0.06827,0.23488,0.23725,0.0,0.0,1,0.06827,2.24,0
256,4096,224.0,16.0,16,0.99,120000,10.0,0.03413,0.23488,0.23725,0.0,0.0,1,0.03413,2.24,0
256,4096,224.0,16.0,16,0.99,30000,30.0,0.13653,0.23488,0.23725,0.0,0.0,1,0.13653,2.24,0
256,4096,224.0,16.0,16,0.99,60000,30.0,0.06827,0.23488,0.23725,0.0,0.0,1,0.06827,2.24,0
256,4096,224.0,16.0,16,0.99,120000,30.0,0.03413,0.23488,0.23725,0.0,0.0,1,0.03413,2.24,0
256,4096,224.0,16.0,32,0.5,30000,0.2,0.13653,0.46976,0.93952,0.67495,0.86942,0,-0.53842,112.0,1
256,4096,224.0,16.0,32,0.5,60000,0.2,0.06827,0.46976,0.93952,0.67495,0.86942,0,-0.60668,112.0,1
256,4096,224.0,16.0,32,0.5,120000,0.2,0.03413,0.46976,0.93952,0.67495,0.86942,0,-0.64082,112.0,1
256,4096,224.0,16.0,32,0.5,30000,0.5,0.13653,0.46976,0.93952,0.40181,0.76354,0,-0.26528,112.0,1
256,4096,224.0,16.0,32,0.5,60000,0.5,0.06827,0.46976,0.93952,0.40181,0.76354,0,-0.33354,112.0,1
256,4096,224.0,16.0,32,0.5,120000,0.5,0.03413,0.46976,0.93952,0.40181,0.76354,0,-0.36768,112.0,1
256,4096,224.0,16.0,32,0.5,30000,1.0,0.13653,0.46976,0.93952,0.17546,0.57362,0,-0.03892,112.0,0
256,4096,224.0,16.0,32,0.5,60000,1.0,0.06827,0.46976,0.93952,0.17546,0.57362,0,-0.10719,112.0,0
256,4096,224.0,16.0,32,0.5,120000,1.0,0.03413,0.46976,0.93952,0.17546,0.57362,0,-0.14132,112.0,0
256,4096,224.0,16.0,32,0.5,30000,2.0,0.13653,0.46976,0.93952,0.04543,0.18556,1,0.09111,112.0,0
256,4096,224.0,16.0,32,0.5,60000,2.0,0.06827,0.46976,0.93952,0.04543,0.18556,1,0.02284,112.0,0
256,4096,224.0,16.0,32,0.5,120000,2.0,0.03413,0.46976,0.93952,0.04543,0.18556,0,-0.01129,112.0,0
256,4096,224.0,16.0,32,0.5,30000,5.0,0.13653,0.46976,0.93952,0.00249,0.0,1,0.13405,112.0,0
256,4096,224.0,16.0,32,0.5,60000,5.0,0.06827,0.46976,0.93952,0.00249,0.0,1,0.06578,112.0,0
256,4096,224.0,16.0,32,0.5,120000,5.0,0.03413,0.46976,0.93952,0.00249,0.0,1,0.03165,112.0,0
256,4096,224.0,16.0,32,0.5,30000,10.0,0.13653,0.46976,0.93952,9e-05,0.0,1,0.13644,112.0,0
256,4096,224.0,16.0,32,0.5,60000,10.0,0.06827,0.46976,0.93952,9e-05,0.0,1,0.06818,112.0,0
256,4096,224.0,16.0,32,0.5,120000,10.0,0.03413,0.46976,0.93952,9e-05,0.0,1,0.03404,112.0,0
256,4096,224.0,16.0,32,0.5,30000,30.0,0.13653,0.46976,0.93952,0.0,0.0,1,0.13653,112.0,0
256,4096,224.0,16.0,32,0.5,60000,30.0,0.06827,0.46976,0.93952,0.0,0.0,1,0.06827,112.0,0
256,4096,224.0,16.0,32,0.5,120000,30.0,0.03413,0.46976,0.93952,0.0,0.0,1,0.03413,112.0,0
256,4096,224.0,16.0,32,0.7,30000,0.2,0.13653,0.46976,0.67109,0.41015,0.59934,0,-0.27361,67.2,1
256,4096,224.0,16.0,32,0.7,60000,0.2,0.06827,0.46976,0.67109,0.41015,0.59934,0,-0.34188,67.2,1
256,4096,224.0,16.0,32,0.7,120000,0.2,0.03413,0.46976,0.67109,0.41015,0.59934,0,-0.37601,67.2,1
256,4096,224.0,16.0,32,0.7,30000,0.5,0.13653,0.46976,0.67109,0.20169,0.49906,0,-0.06515,67.2,1
256,4096,224.0,16.0,32,0.7,60000,0.5,0.06827,0.46976,0.67109,0.20169,0.49906,0,-0.13342,67.2,1
256,4096,224.0,16.0,32,0.7,120000,0.5,0.03413,0.46976,0.67109,0.20169,0.49906,0,-0.16755,67.2,1
256,4096,224.0,16.0,32,0.7,30000,1.0,0.13653,0.46976,0.67109,0.07033,0.30699,1,0.0662,67.2,0
256,4096,224.0,16.0,32,0.7,60000,1.0,0.06827,0.46976,0.67109,0.07033,0.30699,0,-0.00206,67.2,0
256,4096,224.0,16.0,32,0.7,120000,1.0,0.03413,0.46976,0.67109,0.07033,0.30699,0,-0.0362,67.2,0
256,4096,224.0,16.0,32,0.7,30000,2.0,0.13653,0.46976,0.67109,0.01471,0.0,1,0.12182,67.2,0
256,4096,224.0,16.0,32,0.7,60000,2.0,0.06827,0.46976,0.67109,0.01471,0.0,1,0.05355,67.2,0
256,4096,224.0,16.0,32,0.7,120000,2.0,0.03413,0.46976,0.67109,0.01471,0.0,1,0.01942,67.2,0
256,4096,224.0,16.0,32,0.7,30000,5.0,0.13653,0.46976,0.67109,0.00052,0.0,1,0.13601,67.2,0
256,4096,224.0,16.0,32,0.7,60000,5.0,0.06827,0.46976,0.67109,0.00052,0.0,1,0.06775,67.2,0
256,4096,224.0,16.0,32,0.7,120000,5.0,0.03413,0.46976,0.67109,0.00052,0.0,1,0.03361,67.2,0
256,4096,224.0,16.0,32,0.7,30000,10.0,0.13653,0.46976,0.67109,0.0,0.0,1,0.13653,67.2,0
256,4096,224.0,16.0,32,0.7,60000,10.0,0.06827,0.46976,0.67109,0.0,0.0,1,0.06827,67.2,0
256,4096,224.0,16.0,32,0.7,120000,10.0,0.03413,0.46976,0.67109,0.0,0.0,1,0.03413,67.2,0
256,4096,224.0,16.0,32,0.7,30000,30.0,0.13653,0.46976,0.67109,0.0,0.0,1,0.13653,67.2,0
256,4096,224.0,16.0,32,0.7,60000,30.0,0.06827,0.46976,0.67109,0.0,0.0,1,0.06827,67.2,0
256,4096,224.0,16.0,32,0.7,120000,30.0,0.03413,0.46976,0.67109,0.0,0.0,1,0.03413,67.2,0
256,4096,224.0,16.0,32,0.9,30000,0.2,0.13653,0.46976,0.52196,0.27318,0.45166,0,-0.13665,22.4,1
256,4096,224.0,16.0,32,0.9,60000,0.2,0.06827,0.46976,0.52196,0.27318,0.45166,0,-0.20492,22.4,1
256,4096,224.0,16.0,32,0.9,120000,0.2,0.03413,0.46976,0.52196,0.27318,0.45166,0,-0.23905,22.4,1
256,4096,224.0,16.0,32,0.9,30000,0.5,0.13653,0.46976,0.52196,0.11479,0.33812,1,0.02174,22.4,1
256,4096,224.0,16.0,32,0.9,60000,0.5,0.06827,0.46976,0.52196,0.11479,0.33812,0,-0.04653,22.4,1
256,4096,224.0,16.0,32,0.9,120000,0.5,0.03413,0.46976,0.52196,0.11479,0.33812,0,-0.08066,22.4,1
256,4096,224.0,16.0,32,0.9,30000,1.0,0.13653,0.46976,0.52196,0.03571,0.15996,1,0.10083,22.4,0
256,4096,224.0,16.0,32,0.9,60000,1.0,0.06827,0.46976,0.52196,0.03571,0.15996,1,0.03256,22.4,0
256,4096,224.0,16.0,32,0.9,120000,1.0,0.03413,0.46976,0.52196,0.03571,0.15996,0,-0.00157,22.4,0
256,4096,224.0,16.0,32,0.9,30000,2.0,0.13653,0.46976,0.52196,0.00489,0.0,1,0.13164,22.4,0
256,4096,224.0,16.0,32,0.9,60000,2.0,0.06827,0.46976,0.52196,0.00489,0.0,1,0.06338,22.4,0
256,4096,224.0,16.0,32,0.9,120000,2.0,0.03413,0.46976,0.52196,0.00489,0.0,1,0.02924,22.4,0
256,4096,224.0,16.0,32,0.9,30000,5.0,0.13653,0.46976,0.52196,0.00037,0.0,1,0.13616,22.4,0
256,4096,224.0,16.0,32,0.9,60000,5.0,0.06827,0.46976,0.52196,0.00037,0.0,1,0.06789,22.4,0
256,4096,224.0,16.0,32,0.9,120000,5.0,0.03413,0.46976,0.52196,0.00037,0.0,1,0.03376,22.4,0
256,4096,224.0,16.0,32,0.9,30000,10.0,0.13653,0.46976,0.52196,0.0,0.0,1,0.13653,22.4,0
256,4096,224.0,16.0,32,0.9,60000,10.0,0.06827,0.46976,0.52196,0.0,0.0,1,0.06827,22.4,0
256,4096,224.0,16.0,32,0.9,120000,10.0,0.03413,0.46976,0.52196,0.0,0.0,1,0.03413,22.4,0
256,4096,224.0,16.0,32,0.9,30000,30.0,0.13653,0.46976,0.52196,0.0,0.0,1,0.13653,22.4,0
256,4096,224.0,16.0,32,0.9,60000,30.0,0.06827,0.46976,0.52196,0.0,0.0,1,0.06827,22.4,0
256,4096,224.0,16.0,32,0.9,120000,30.0,0.03413,0.46976,0.52196,0.0,0.0,1,0.03413,22.4,0
256,4096,224.0,16.0,32,0.99,30000,0.2,0.13653,0.46976,0.47451,0.23589,0.40459,0,-0.09936,2.24,1
256,4096,224.0,16.0,32,0.99,60000,0.2,0.06827,0.46976,0.47451,0.23589,0.40459,0,-0.16762,2.24,1
256,4096,224.0,16.0,32,0.99,120000,0.2,0.03413,0.46976,0.47451,0.23589,0.40459,0,-0.20176,2.24,1
256,4096,224.0,16.0,32,0.99,30000,0.5,0.13653,0.46976,0.47451,0.0907,0.30055,1,0.04583,2.24,0
256,4096,224.0,16.0,32,0.99,60000,0.5,0.06827,0.46976,0.47451,0.0907,0.30055,0,-0.02243,2.24,0
256,4096,224.0,16.0,32,0.99,120000,0.5,0.03413,0.46976,0.47451,0.0907,0.30055,0,-0.05657,2.24,0
256,4096,224.0,16.0,32,0.99,30000,1.0,0.13653,0.46976,0.47451,0.02304,0.10059,1,0.1135,2.24,0
256,4096,224.0,16.0,32,0.99,60000,1.0,0.06827,0.46976,0.47451,0.02304,0.10059,1,0.04523,2.24,0
256,4096,224.0,16.0,32,0.99,120000,1.0,0.03413,0.46976,0.47451,0.02304,0.10059,1,0.0111,2.24,0
256,4096,224.0,16.0,32,0.99,30000,2.0,0.13653,0.46976,0.47451,0.0035,0.0,1,0.13303,2.24,0
256,4096,224.0,16.0,32,0.99,60000,2.0,0.06827,0.46976,0.47451,0.0035,0.0,1,0.06476,2.24,0
256,4096,224.0,16.0,32,0.99,120000,2.0,0.03413,0.46976,0.47451,0.0035,0.0,1,0.03063,2.24,0
256,4096,224.0,16.0,32,0.99,30000,5.0,0.13653,0.46976,0.47451,0.00016,0.0,1,0.13637,2.24,0
256,4096,224.0,16.0,32,0.99,60000,5.0,0.06827,0.46976,0.47451,0.00016,0.0,1,0.06811,2.24,0
256,4096,224.0,16.0,32,0.99,120000,5.0,0.03413,0.46976,0.47451,0.00016,0.0,1,0.03397,2.24,0
256,4096,224.0,16.0,32,0.99,30000,10.0,0.13653,0.46976,0.47451,0.0,0.0,1,0.13653,2.24,0
256,4096,224.0,16.0,32,0.99,60000,10.0,0.06827,0.46976,0.47451,0.0,0.0,1,0.06827,2.24,0
256,4096,224.0,16.0,32,0.99,120000,10.0,0.03413,0.46976,0.47451,0.0,0.0,1,0.03413,2.24,0
256,4096,224.0,16.0,32,0.99,30000,30.0,0.13653,0.46976,0.47451,0.0,0.0,1,0.13653,2.24,0
256,4096,224.0,16.0,32,0.99,60000,30.0,0.06827,0.46976,0.47451,0.0,0.0,1,0.06827,2.24,0
256,4096,224.0,16.0,32,0.99,120000,30.0,0.03413,0.46976,0.47451,0.0,0.0,1,0.03413,2.24,0
256,4096,224.0,32.0,1,0.5,30000,0.2,0.13653,0.00734,0.01468,0.0,0.0,1,0.13653,112.0,0
256,4096,224.0,32.0,1,0.5,60000,0.2,0.06827,0.00734,0.01468,0.0,0.0,1,0.06826,112.0,0
256,4096,224.0,32.0,1,0.5,120000,0.2,0.03413,0.00734,0.01468,0.0,0.0,1,0.03413,112.0,0
256,4096,224.0,32.0,1,0.5,30000,0.5,0.13653,0.00734,0.01468,0.0,0.0,1,0.13653,112.0,0
256,4096,224.0,32.0,1,0.5,60000,0.5,0.06827,0.00734,0.01468,0.0,0.0,1,0.06827,112.0,0
256,4096,224.0,32.0,1,0.5,120000,0.5,0.03413,0.00734,0.01468,0.0,0.0,1,0.03413,112.0,0
256,4096,224.0,32.0,1,0.5,30000,1.0,0.13653,0.00734,0.01468,0.0,0.0,1,0.13653,112.0,0
256,4096,224.0,32.0,1,0.5,60000,1.0,0.06827,0.00734,0.01468,0.0,0.0,1,0.06827,112.0,0
256,4096,224.0,32.0,1,0.5,120000,1.0,0.03413,0.00734,0.01468,0.0,0.0,1,0.03413,112.0,0
256,4096,224.0,32.0,1,0.5,30000,2.0,0.13653,0.00734,0.01468,0.0,0.0,1,0.13653,112.0,0
256,4096,224.0,32.0,1,0.5,60000,2.0,0.06827,0.00734,0.01468,0.0,0.0,1,0.06827,112.0,0
256,4096,224.0,32.0,1,0.5,120000,2.0,0.03413,0.00734,0.01468,0.0,0.0,1,0.03413,112.0,0
256,4096,224.0,32.0,1,0.5,30000,5.0,0.13653,0.00734,0.01468,0.0,0.0,1,0.13653,112.0,0
256,4096,224.0,32.0,1,0.5,60000,5.0,0.06827,0.00734,0.01468,0.0,0.0,1,0.06827,112.0,0
256,4096,224.0,32.0,1,0.5,120000,5.0,0.03413,0.00734,0.01468,0.0,0.0,1,0.03413,112.0,0
256,4096,224.0,32.0,1,0.5,30000,10.0,0.13653,0.00734,0.01468,0.0,0.0,1,0.13653,112.0,0
256,4096,224.0,32.0,1,0.5,60000,10.0,0.06827,0.00734,0.01468,0.0,0.0,1,0.06827,112.0,0
256,4096,224.0,32.0,1,0.5,120000,10.0,0.03413,0.00734,0.01468,0.0,0.0,1,0.03413,112.0,0
256,4096,224.0,32.0,1,0.5,30000,30.0,0.13653,0.00734,0.01468,0.0,0.0,1,0.13653,112.0,0
256,4096,224.0,32.0,1,0.5,60000,30.0,0.06827,0.00734,0.01468,0.0,0.0,1,0.06827,112.0,0
256,4096,224.0,32.0,1,0.5,120000,30.0,0.03413,0.00734,0.01468,0.0,0.0,1,0.03413,112.0,0
256,4096,224.0,32.0,1,0.7,30000,0.2,0.13653,0.00734,0.01049,0.0,0.0,1,0.13653,67.2,0
256,4096,224.0,32.0,1,0.7,60000,0.2,0.06827,0.00734,0.01049,0.0,0.0,1,0.06827,67.2,0
256,4096,224.0,32.0,1,0.7,120000,0.2,0.03413,0.00734,0.01049,0.0,0.0,1,0.03413,67.2,0
256,4096,224.0,32.0,1,0.7,30000,0.5,0.13653,0.00734,0.01049,0.0,0.0,1,0.13653,67.2,0
256,4096,224.0,32.0,1,0.7,60000,0.5,0.06827,0.00734,0.01049,0.0,0.0,1,0.06827,67.2,0
256,4096,224.0,32.0,1,0.7,120000,0.5,0.03413,0.00734,0.01049,0.0,0.0,1,0.03413,67.2,0
256,4096,224.0,32.0,1,0.7,30000,1.0,0.13653,0.00734,0.01049,0.0,0.0,1,0.13653,67.2,0
256,4096,224.0,32.0,1,0.7,60000,1.0,0.06827,0.00734,0.01049,0.0,0.0,1,0.06827,67.2,0
256,4096,224.0,32.0,1,0.7,120000,1.0,0.03413,0.00734,0.01049,0.0,0.0,1,0.03413,67.2,0
256,4096,224.0,32.0,1,0.7,30000,2.0,0.13653,0.00734,0.01049,0.0,0.0,1,0.13653,67.2,0
256,4096,224.0,32.0,1,0.7,60000,2.0,0.06827,0.00734,0.01049,0.0,0.0,1,0.06827,67.2,0
256,4096,224.0,32.0,1,0.7,120000,2.0,0.03413,0.00734,0.01049,0.0,0.0,1,0.03413,67.2,0
256,4096,224.0,32.0,1,0.7,30000,5.0,0.13653,0.00734,0.01049,0.0,0.0,1,0.13653,67.2,0
256,4096,224.0,32.0,1,0.7,60000,5.0,0.06827,0.00734,0.01049,0.0,0.0,1,0.06827,67.2,0
256,4096,224.0,32.0,1,0.7,120000,5.0,0.03413,0.00734,0.01049,0.0,0.0,1,0.03413,67.2,0
256,4096,224.0,32.0,1,0.7,30000,10.0,0.13653,0.00734,0.01049,0.0,0.0,1,0.13653,67.2,0
256,4096,224.0,32.0,1,0.7,60000,10.0,0.06827,0.00734,0.01049,0.0,0.0,1,0.06827,67.2,0
256,4096,224.0,32.0,1,0.7,120000,10.0,0.03413,0.00734,0.01049,0.0,0.0,1,0.03413,67.2,0
256,4096,224.0,32.0,1,0.7,30000,30.0,0.13653,0.00734,0.01049,0.0,0.0,1,0.13653,67.2,0
256,4096,224.0,32.0,1,0.7,60000,30.0,0.06827,0.00734,0.01049,0.0,0.0,1,0.06827,67.2,0
256,4096,224.0,32.0,1,0.7,120000,30.0,0.03413,0.00734,0.01049,0.0,0.0,1,0.03413,67.2,0
256,4096,224.0,32.0,1,0.9,30000,0.2,0.13653,0.00734,0.00816,0.0,0.0,1,0.13653,22.4,0
256,4096,224.0,32.0,1,0.9,60000,0.2,0.06827,0.00734,0.00816,0.0,0.0,1,0.06827,22.4,0
256,4096,224.0,32.0,1,0.9,120000,0.2,0.03413,0.00734,0.00816,0.0,0.0,1,0.03413,22.4,0
256,4096,224.0,32.0,1,0.9,30000,0.5,0.13653,0.00734,0.00816,0.0,0.0,1,0.13653,22.4,0
256,4096,224.0,32.0,1,0.9,60000,0.5,0.06827,0.00734,0.00816,0.0,0.0,1,0.06827,22.4,0
256,4096,224.0,32.0,1,0.9,120000,0.5,0.03413,0.00734,0.00816,0.0,0.0,1,0.03413,22.4,0
256,4096,224.0,32.0,1,0.9,30000,1.0,0.13653,0.00734,0.00816,0.0,0.0,1,0.13653,22.4,0
256,4096,224.0,32.0,1,0.9,60000,1.0,0.06827,0.00734,0.00816,0.0,0.0,1,0.06827,22.4,0
256,4096,224.0,32.0,1,0.9,120000,1.0,0.03413,0.00734,0.00816,0.0,0.0,1,0.03413,22.4,0
256,4096,224.0,32.0,1,0.9,30000,2.0,0.13653,0.00734,0.00816,0.0,0.0,1,0.13653,22.4,0
256,4096,224.0,32.0,1,0.9,60000,2.0,0.06827,0.00734,0.00816,0.0,0.0,1,0.06827,22.4,0
256,4096,224.0,32.0,1,0.9,120000,2.0,0.03413,0.00734,0.00816,0.0,0.0,1,0.03413,22.4,0
256,4096,224.0,32.0,1,0.9,30000,5.0,0.13653,0.00734,0.00816,0.0,0.0,1,0.13653,22.4,0
256,4096,224.0,32.0,1,0.9,60000,5.0,0.06827,0.00734,0.00816,0.0,0.0,1,0.06827,22.4,0
256,4096,224.0,32.0,1,0.9,120000,5.0,0.03413,0.00734,0.00816,0.0,0.0,1,0.03413,22.4,0
256,4096,224.0,32.0,1,0.9,30000,10.0,0.13653,0.00734,0.00816,0.0,0.0,1,0.13653,22.4,0
256,4096,224.0,32.0,1,0.9,60000,10.0,0.06827,0.00734,0.00816,0.0,0.0,1,0.06827,22.4,0
256,4096,224.0,32.0,1,0.9,120000,10.0,0.03413,0.00734,0.00816,0.0,0.0,1,0.03413,22.4,0
256,4096,224.0,32.0,1,0.9,30000,30.0,0.13653,0.00734,0.00816,0.0,0.0,1,0.13653,22.4,0
256,4096,224.0,32.0,1,0.9,60000,30.0,0.06827,0.00734,0.00816,0.0,0.0,1,0.06827,22.4,0
256,4096,224.0,32.0,1,0.9,120000,30.0,0.03413,0.00734,0.00816,0.0,0.0,1,0.03413,22.4,0
256,4096,224.0,32.0,1,0.99,30000,0.2,0.13653,0.00734,0.00741,0.0,0.0,1,0.13653,2.24,0
256,4096,224.0,32.0,1,0.99,60000,0.2,0.06827,0.00734,0.00741,0.0,0.0,1,0.06827,2.24,0
256,4096,224.0,32.0,1,0.99,120000,0.2,0.03413,0.00734,0.00741,0.0,0.0,1,0.03413,2.24,0
256,4096,224.0,32.0,1,0.99,30000,0.5,0.13653,0.00734,0.00741,0.0,0.0,1,0.13653,2.24,0
256,4096,224.0,32.0,1,0.99,60000,0.5,0.06827,0.00734,0.00741,0.0,0.0,1,0.06827,2.24,0
256,4096,224.0,32.0,1,0.99,120000,0.5,0.03413,0.00734,0.00741,0.0,0.0,1,0.03413,2.24,0
256,4096,224.0,32.0,1,0.99,30000,1.0,0.13653,0.00734,0.00741,0.0,0.0,1,0.13653,2.24,0
256,4096,224.0,32.0,1,0.99,60000,1.0,0.06827,0.00734,0.00741,0.0,0.0,1,0.06827,2.24,0
256,4096,224.0,32.0,1,0.99,120000,1.0,0.03413,0.00734,0.00741,0.0,0.0,1,0.03413,2.24,0
256,4096,224.0,32.0,1,0.99,30000,2.0,0.13653,0.00734,0.00741,0.0,0.0,1,0.13653,2.24,0
256,4096,224.0,32.0,1,0.99,60000,2.0,0.06827,0.00734,0.00741,0.0,0.0,1,0.06827,2.24,0
256,4096,224.0,32.0,1,0.99,120000,2.0,0.03413,0.00734,0.00741,0.0,0.0,1,0.03413,2.24,0
256,4096,224.0,32.0,1,0.99,30000,5.0,0.13653,0.00734,0.00741,0.0,0.0,1,0.13653,2.24,0
256,4096,224.0,32.0,1,0.99,60000,5.0,0.06827,0.00734,0.00741,0.0,0.0,1,0.06827,2.24,0
256,4096,224.0,32.0,1,0.99,120000,5.0,0.03413,0.00734,0.00741,0.0,0.0,1,0.03413,2.24,0
256,4096,224.0,32.0,1,0.99,30000,10.0,0.13653,0.00734,0.00741,0.0,0.0,1,0.13653,2.24,0
256,4096,224.0,32.0,1,0.99,60000,10.0,0.06827,0.00734,0.00741,0.0,0.0,1,0.06827,2.24,0
256,4096,224.0,32.0,1,0.99,120000,10.0,0.03413,0.00734,0.00741,0.0,0.0,1,0.03413,2.24,0
256,4096,224.0,32.0,1,0.99,30000,30.0,0.13653,0.00734,0.00741,0.0,0.0,1,0.13653,2.24,0
256,4096,224.0,32.0,1,0.99,60000,30.0,0.06827,0.00734,0.00741,0.0,0.0,1,0.06827,2.24,0
256,4096,224.0,32.0,1,0.99,120000,30.0,0.03413,0.00734,0.00741,0.0,0.0,1,0.03413,2.24,0
256,4096,224.0,32.0,2,0.5,30000,0.2,0.13653,0.01468,0.02936,4e-05,0.0,1,0.13649,112.0,0
256,4096,224.0,32.0,2,0.5,60000,0.2,0.06827,0.01468,0.02936,4e-05,0.0,1,0.06823,112.0,0
256,4096,224.0,32.0,2,0.5,120000,0.2,0.03413,0.01468,0.02936,4e-05,0.0,1,0.03409,112.0,0
256,4096,224.0,32.0,2,0.5,30000,0.5,0.13653,0.01468,0.02936,0.0,0.0,1,0.13653,112.0,0
256,4096,224.0,32.0,2,0.5,60000,0.5,0.06827,0.01468,0.02936,0.0,0.0,1,0.06827,112.0,0
256,4096,224.0,32.0,2,0.5,120000,0.5,0.03413,0.01468,0.02936,0.0,0.0,1,0.03413,112.0,0
256,4096,224.0,32.0,2,0.5,30000,1.0,0.13653,0.01468,0.02936,0.0,0.0,1,0.13653,112.0,0
256,4096,224.0,32.0,2,0.5,60000,1.0,0.06827,0.01468,0.02936,0.0,0.0,1,0.06827,112.0,0
256,4096,224.0,32.0,2,0.5,120000,1.0,0.03413,0.01468,0.02936,0.0,0.0,1,0.03413,112.0,0
256,4096,224.0,32.0,2,0.5,30000,2.0,0.13653,0.01468,0.02936,0.0,0.0,1,0.13653,112.0,0
256,4096,224.0,32.0,2,0.5,60000,2.0,0.06827,0.01468,0.02936,0.0,0.0,1,0.06827,112.0,0
256,4096,224.0,32.0,2,0.5,120000,2.0,0.03413,0.01468,0.02936,0.0,0.0,1,0.03413,112.0,0
256,4096,224.0,32.0,2,0.5,30000,5.0,0.13653,0.01468,0.02936,0.0,0.0,1,0.13653,112.0,0
256,4096,224.0,32.0,2,0.5,60000,5.0,0.06827,0.01468,0.02936,0.0,0.0,1,0.06827,112.0,0
256,4096,224.0,32.0,2,0.5,120000,5.0,0.03413,0.01468,0.02936,0.0,0.0,1,0.03413,112.0,0
256,4096,224.0,32.0,2,0.5,30000,10.0,0.13653,0.01468,0.02936,0.0,0.0,1,0.13653,112.0,0
256,4096,224.0,32.0,2,0.5,60000,10.0,0.06827,0.01468,0.02936,0.0,0.0,1,0.06827,112.0,0
256,4096,224.0,32.0,2,0.5,120000,10.0,0.03413,0.01468,0.02936,0.0,0.0,1,0.03413,112.0,0
256,4096,224.0,32.0,2,0.5,30000,30.0,0.13653,0.01468,0.02936,0.0,0.0,1,0.13653,112.0,0
256,4096,224.0,32.0,2,0.5,60000,30.0,0.06827,0.01468,0.02936,0.0,0.0,1,0.06827,112.0,0
256,4096,224.0,32.0,2,0.5,120000,30.0,0.03413,0.01468,0.02936,0.0,0.0,1,0.03413,112.0,0
256,4096,224.0,32.0,2,0.7,30000,0.2,0.13653,0.01468,0.02097,1e-05,0.0,1,0.13653,67.2,0
256,4096,224.0,32.0,2,0.7,60000,0.2,0.06827,0.01468,0.02097,1e-05,0.0,1,0.06826,67.2,0
256,4096,224.0,32.0,2,0.7,120000,0.2,0.03413,0.01468,0.02097,1e-05,0.0,1,0.03413,67.2,0
256,4096,224.0,32.0,2,0.7,30000,0.5,0.13653,0.01468,0.02097,0.0,0.0,1,0.13653,67.2,0
256,4096,224.0,32.0,2,0.7,60000,0.5,0.06827,0.01468,0.02097,0.0,0.0,1,0.06827,67.2,0
256,4096,224.0,32.0,2,0.7,120000,0.5,0.03413,0.01468,0.02097,0.0,0.0,1,0.03413,67.2,0
256,4096,224.0,32.0,2,0.7,30000,1.0,0.13653,0.01468,0.02097,0.0,0.0,1,0.13653,67.2,0
256,4096,224.0,32.0,2,0.7,60000,1.0,0.06827,0.01468,0.02097,0.0,0.0,1,0.06827,67.2,0
256,4096,224.0,32.0,2,0.7,120000,1.0,0.03413,0.01468,0.02097,0.0,0.0,1,0.03413,67.2,0
256,4096,224.0,32.0,2,0.7,30000,2.0,0.13653,0.01468,0.02097,0.0,0.0,1,0.13653,67.2,0
256,4096,224.0,32.0,2,0.7,60000,2.0,0.06827,0.01468,0.02097,0.0,0.0,1,0.06827,67.2,0
256,4096,224.0,32.0,2,0.7,120000,2.0,0.03413,0.01468,0.02097,0.0,0.0,1,0.03413,67.2,0
256,4096,224.0,32.0,2,0.7,30000,5.0,0.13653,0.01468,0.02097,0.0,0.0,1,0.13653,67.2,0
256,4096,224.0,32.0,2,0.7,60000,5.0,0.06827,0.01468,0.02097,0.0,0.0,1,0.06827,67.2,0
256,4096,224.0,32.0,2,0.7,120000,5.0,0.03413,0.01468,0.02097,0.0,0.0,1,0.03413,67.2,0
256,4096,224.0,32.0,2,0.7,30000,10.0,0.13653,0.01468,0.02097,0.0,0.0,1,0.13653,67.2,0
256,4096,224.0,32.0,2,0.7,60000,10.0,0.06827,0.01468,0.02097,0.0,0.0,1,0.06827,67.2,0
256,4096,224.0,32.0,2,0.7,120000,10.0,0.03413,0.01468,0.02097,0.0,0.0,1,0.03413,67.2,0
256,4096,224.0,32.0,2,0.7,30000,30.0,0.13653,0.01468,0.02097,0.0,0.0,1,0.13653,67.2,0
256,4096,224.0,32.0,2,0.7,60000,30.0,0.06827,0.01468,0.02097,0.0,0.0,1,0.06827,67.2,0
256,4096,224.0,32.0,2,0.7,120000,30.0,0.03413,0.01468,0.02097,0.0,0.0,1,0.03413,67.2,0
256,4096,224.0,32.0,2,0.9,30000,0.2,0.13653,0.01468,0.01631,0.0,0.0,1,0.13653,22.4,0
256,4096,224.0,32.0,2,0.9,60000,0.2,0.06827,0.01468,0.01631,0.0,0.0,1,0.06827,22.4,0
256,4096,224.0,32.0,2,0.9,120000,0.2,0.03413,0.01468,0.01631,0.0,0.0,1,0.03413,22.4,0
256,4096,224.0,32.0,2,0.9,30000,0.5,0.13653,0.01468,0.01631,0.0,0.0,1,0.13653,22.4,0
256,4096,224.0,32.0,2,0.9,60000,0.5,0.06827,0.01468,0.01631,0.0,0.0,1,0.06827,22.4,0
256,4096,224.0,32.0,2,0.9,120000,0.5,0.03413,0.01468,0.01631,0.0,0.0,1,0.03413,22.4,0
256,4096,224.0,32.0,2,0.9,30000,1.0,0.13653,0.01468,0.01631,0.0,0.0,1,0.13653,22.4,0
256,4096,224.0,32.0,2,0.9,60000,1.0,0.06827,0.01468,0.01631,0.0,0.0,1,0.06827,22.4,0
256,4096,224.0,32.0,2,0.9,120000,1.0,0.03413,0.01468,0.01631,0.0,0.0,1,0.03413,22.4,0
256,4096,224.0,32.0,2,0.9,30000,2.0,0.13653,0.01468,0.01631,0.0,0.0,1,0.13653,22.4,0
256,4096,224.0,32.0,2,0.9,60000,2.0,0.06827,0.01468,0.01631,0.0,0.0,1,0.06827,22.4,0
256,4096,224.0,32.0,2,0.9,120000,2.0,0.03413,0.01468,0.01631,0.0,0.0,1,0.03413,22.4,0
256,4096,224.0,32.0,2,0.9,30000,5.0,0.13653,0.01468,0.01631,0.0,0.0,1,0.13653,22.4,0
256,4096,224.0,32.0,2,0.9,60000,5.0,0.06827,0.01468,0.01631,0.0,0.0,1,0.06827,22.4,0
256,4096,224.0,32.0,2,0.9,120000,5.0,0.03413,0.01468,0.01631,0.0,0.0,1,0.03413,22.4,0
256,4096,224.0,32.0,2,0.9,30000,10.0,0.13653,0.01468,0.01631,0.0,0.0,1,0.13653,22.4,0
256,4096,224.0,32.0,2,0.9,60000,10.0,0.06827,0.01468,0.01631,0.0,0.0,1,0.06827,22.4,0
256,4096,224.0,32.0,2,0.9,120000,10.0,0.03413,0.01468,0.01631,0.0,0.0,1,0.03413,22.4,0
256,4096,224.0,32.0,2,0.9,30000,30.0,0.13653,0.01468,0.01631,0.0,0.0,1,0.13653,22.4,0
256,4096,224.0,32.0,2,0.9,60000,30.0,0.06827,0.01468,0.01631,0.0,0.0,1,0.06827,22.4,0
256,4096,224.0,32.0,2,0.9,120000,30.0,0.03413,0.01468,0.01631,0.0,0.0,1,0.03413,22.4,0
256,4096,224.0,32.0,2,0.99,30000,0.2,0.13653,0.01468,0.01483,0.0,0.0,1,0.13653,2.24,0
256,4096,224.0,32.0,2,0.99,60000,0.2,0.06827,0.01468,0.01483,0.0,0.0,1,0.06826,2.24,0
256,4096,224.0,32.0,2,0.99,120000,0.2,0.03413,0.01468,0.01483,0.0,0.0,1,0.03413,2.24,0
256,4096,224.0,32.0,2,0.99,30000,0.5,0.13653,0.01468,0.01483,0.0,0.0,1,0.13653,2.24,0
256,4096,224.0,32.0,2,0.99,60000,0.5,0.06827,0.01468,0.01483,0.0,0.0,1,0.06827,2.24,0
256,4096,224.0,32.0,2,0.99,120000,0.5,0.03413,0.01468,0.01483,0.0,0.0,1,0.03413,2.24,0
256,4096,224.0,32.0,2,0.99,30000,1.0,0.13653,0.01468,0.01483,0.0,0.0,1,0.13653,2.24,0
256,4096,224.0,32.0,2,0.99,60000,1.0,0.06827,0.01468,0.01483,0.0,0.0,1,0.06827,2.24,0
256,4096,224.0,32.0,2,0.99,120000,1.0,0.03413,0.01468,0.01483,0.0,0.0,1,0.03413,2.24,0
256,4096,224.0,32.0,2,0.99,30000,2.0,0.13653,0.01468,0.01483,0.0,0.0,1,0.13653,2.24,0
256,4096,224.0,32.0,2,0.99,60000,2.0,0.06827,0.01468,0.01483,0.0,0.0,1,0.06827,2.24,0
256,4096,224.0,32.0,2,0.99,120000,2.0,0.03413,0.01468,0.01483,0.0,0.0,1,0.03413,2.24,0
256,4096,224.0,32.0,2,0.99,30000,5.0,0.13653,0.01468,0.01483,0.0,0.0,1,0.13653,2.24,0
256,4096,224.0,32.0,2,0.99,60000,5.0,0.06827,0.01468,0.01483,0.0,0.0,1,0.06827,2.24,0
256,4096,224.0,32.0,2,0.99,120000,5.0,0.03413,0.01468,0.01483,0.0,0.0,1,0.03413,2.24,0
256,4096,224.0,32.0,2,0.99,30000,10.0,0.13653,0.01468,0.01483,0.0,0.0,1,0.13653,2.24,0
256,4096,224.0,32.0,2,0.99,60000,10.0,0.06827,0.01468,0.01483,0.0,0.0,1,0.06827,2.24,0
256,4096,224.0,32.0,2,0.99,120000,10.0,0.03413,0.01468,0.01483,0.0,0.0,1,0.03413,2.24,0
256,4096,224.0,32.0,2,0.99,30000,30.0,0.13653,0.01468,0.01483,0.0,0.0,1,0.13653,2.24,0
256,4096,224.0,32.0,2,0.99,60000,30.0,0.06827,0.01468,0.01483,0.0,0.0,1,0.06827,2.24,0
256,4096,224.0,32.0,2,0.99,120000,30.0,0.03413,0.01468,0.01483,0.0,0.0,1,0.03413,2.24,0
256,4096,224.0,32.0,4,0.5,30000,0.2,0.13653,0.02936,0.05872,0.00103,0.0,1,0.13551,112.0,0
256,4096,224.0,32.0,4,0.5,60000,0.2,0.06827,0.02936,0.05872,0.00103,0.0,1,0.06724,112.0,0
256,4096,224.0,32.0,4,0.5,120000,0.2,0.03413,0.02936,0.05872,0.00103,0.0,1,0.03311,112.0,0
256,4096,224.0,32.0,4,0.5,30000,0.5,0.13653,0.02936,0.05872,1e-05,0.0,1,0.13652,112.0,0
256,4096,224.0,32.0,4,0.5,60000,0.5,0.06827,0.02936,0.05872,1e-05,0.0,1,0.06826,112.0,0
256,4096,224.0,32.0,4,0.5,120000,0.5,0.03413,0.02936,0.05872,1e-05,0.0,1,0.03412,112.0,0
256,4096,224.0,32.0,4,0.5,30000,1.0,0.13653,0.02936,0.05872,0.0,0.0,1,0.13653,112.0,0
256,4096,224.0,32.0,4,0.5,60000,1.0,0.06827,0.02936,0.05872,0.0,0.0,1,0.06827,112.0,0
256,4096,224.0,32.0,4,0.5,120000,1.0,0.03413,0.02936,0.05872,0.0,0.0,1,0.03413,112.0,0
256,4096,224.0,32.0,4,0.5,30000,2.0,0.13653,0.02936,0.05872,0.0,0.0,1,0.13653,112.0,0
256,4096,224.0,32.0,4,0.5,60000,2.0,0.06827,0.02936,0.05872,0.0,0.0,1,0.06827,112.0,0
256,4096,224.0,32.0,4,0.5,120000,2.0,0.03413,0.02936,0.05872,0.0,0.0,1,0.03413,112.0,0
256,4096,224.0,32.0,4,0.5,30000,5.0,0.13653,0.02936,0.05872,0.0,0.0,1,0.13653,112.0,0
256,4096,224.0,32.0,4,0.5,60000,5.0,0.06827,0.02936,0.05872,0.0,0.0,1,0.06827,112.0,0
256,4096,224.0,32.0,4,0.5,120000,5.0,0.03413,0.02936,0.05872,0.0,0.0,1,0.03413,112.0,0
256,4096,224.0,32.0,4,0.5,30000,10.0,0.13653,0.02936,0.05872,0.0,0.0,1,0.13653,112.0,0
256,4096,224.0,32.0,4,0.5,60000,10.0,0.06827,0.02936,0.05872,0.0,0.0,1,0.06827,112.0,0
256,4096,224.0,32.0,4,0.5,120000,10.0,0.03413,0.02936,0.05872,0.0,0.0,1,0.03413,112.0,0
256,4096,224.0,32.0,4,0.5,30000,30.0,0.13653,0.02936,0.05872,0.0,0.0,1,0.13653,112.0,0
256,4096,224.0,32.0,4,0.5,60000,30.0,0.06827,0.02936,0.05872,0.0,0.0,1,0.06827,112.0,0
256,4096,224.0,32.0,4,0.5,120000,30.0,0.03413,0.02936,0.05872,0.0,0.0,1,0.03413,112.0,0
256,4096,224.0,32.0,4,0.7,30000,0.2,0.13653,0.02936,0.04194,0.00027,0.0,1,0.13627,67.2,0
256,4096,224.0,32.0,4,0.7,60000,0.2,0.06827,0.02936,0.04194,0.00027,0.0,1,0.068,67.2,0
256,4096,224.0,32.0,4,0.7,120000,0.2,0.03413,0.02936,0.04194,0.00027,0.0,1,0.03387,67.2,0
256,4096,224.0,32.0,4,0.7,30000,0.5,0.13653,0.02936,0.04194,0.0,0.0,1,0.13653,67.2,0
256,4096,224.0,32.0,4,0.7,60000,0.5,0.06827,0.02936,0.04194,0.0,0.0,1,0.06827,67.2,0
256,4096,224.0,32.0,4,0.7,120000,0.5,0.03413,0.02936,0.04194,0.0,0.0,1,0.03413,67.2,0
256,4096,224.0,32.0,4,0.7,30000,1.0,0.13653,0.02936,0.04194,0.0,0.0,1,0.13653,67.2,0
256,4096,224.0,32.0,4,0.7,60000,1.0,0.06827,0.02936,0.04194,0.0,0.0,1,0.06827,67.2,0
256,4096,224.0,32.0,4,0.7,120000,1.0,0.03413,0.02936,0.04194,0.0,0.0,1,0.03413,67.2,0
256,4096,224.0,32.0,4,0.7,30000,2.0,0.13653,0.02936,0.04194,0.0,0.0,1,0.13653,67.2,0
256,4096,224.0,32.0,4,0.7,60000,2.0,0.06827,0.02936,0.04194,0.0,0.0,1,0.06827,67.2,0
256,4096,224.0,32.0,4,0.7,120000,2.0,0.03413,0.02936,0.04194,0.0,0.0,1,0.03413,67.2,0
256,4096,224.0,32.0,4,0.7,30000,5.0,0.13653,0.02936,0.04194,0.0,0.0,1,0.13653,67.2,0
256,4096,224.0,32.0,4,0.7,60000,5.0,0.06827,0.02936,0.04194,0.0,0.0,1,0.06827,67.2,0
256,4096,224.0,32.0,4,0.7,120000,5.0,0.03413,0.02936,0.04194,0.0,0.0,1,0.03413,67.2,0
256,4096,224.0,32.0,4,0.7,30000,10.0,0.13653,0.02936,0.04194,0.0,0.0,1,0.13653,67.2,0
256,4096,224.0,32.0,4,0.7,60000,10.0,0.06827,0.02936,0.04194,0.0,0.0,1,0.06827,67.2,0
256,4096,224.0,32.0,4,0.7,120000,10.0,0.03413,0.02936,0.04194,0.0,0.0,1,0.03413,67.2,0
256,4096,224.0,32.0,4,0.7,30000,30.0,0.13653,0.02936,0.04194,0.0,0.0,1,0.13653,67.2,0
256,4096,224.0,32.0,4,0.7,60000,30.0,0.06827,0.02936,0.04194,0.0,0.0,1,0.06827,67.2,0
256,4096,224.0,32.0,4,0.7,120000,30.0,0.03413,0.02936,0.04194,0.0,0.0,1,0.03413,67.2,0
256,4096,224.0,32.0,4,0.9,30000,0.2,0.13653,0.02936,0.03262,7e-05,0.0,1,0.13646,22.4,0
256,4096,224.0,32.0,4,0.9,60000,0.2,0.06827,0.02936,0.03262,7e-05,0.0,1,0.0682,22.4,0
256,4096,224.0,32.0,4,0.9,120000,0.2,0.03413,0.02936,0.03262,7e-05,0.0,1,0.03406,22.4,0
256,4096,224.0,32.0,4,0.9,30000,0.5,0.13653,0.02936,0.03262,0.0,0.0,1,0.13653,22.4,0
256,4096,224.0,32.0,4,0.9,60000,0.5,0.06827,0.02936,0.03262,0.0,0.0,1,0.06826,22.4,0
256,4096,224.0,32.0,4,0.9,120000,0.5,0.03413,0.02936,0.03262,0.0,0.0,1,0.03413,22.4,0
256,4096,224.0,32.0,4,0.9,30000,1.0,0.13653,0.02936,0.03262,0.0,0.0,1,0.13653,22.4,0
256,4096,224.0,32.0,4,0.9,60000,1.0,0.06827,0.02936,0.03262,0.0,0.0,1,0.06827,22.4,0
256,4096,224.0,32.0,4,0.9,120000,1.0,0.03413,0.02936,0.03262,0.0,0.0,1,0.03413,22.4,0
256,4096,224.0,32.0,4,0.9,30000,2.0,0.13653,0.02936,0.03262,0.0,0.0,1,0.13653,22.4,0
256,4096,224.0,32.0,4,0.9,60000,2.0,0.06827,0.02936,0.03262,0.0,0.0,1,0.06827,22.4,0
256,4096,224.0,32.0,4,0.9,120000,2.0,0.03413,0.02936,0.03262,0.0,0.0,1,0.03413,22.4,0
256,4096,224.0,32.0,4,0.9,30000,5.0,0.13653,0.02936,0.03262,0.0,0.0,1,0.13653,22.4,0
256,4096,224.0,32.0,4,0.9,60000,5.0,0.06827,0.02936,0.03262,0.0,0.0,1,0.06827,22.4,0
256,4096,224.0,32.0,4,0.9,120000,5.0,0.03413,0.02936,0.03262,0.0,0.0,1,0.03413,22.4,0
256,4096,224.0,32.0,4,0.9,30000,10.0,0.13653,0.02936,0.03262,0.0,0.0,1,0.13653,22.4,0
256,4096,224.0,32.0,4,0.9,60000,10.0,0.06827,0.02936,0.03262,0.0,0.0,1,0.06827,22.4,0
256,4096,224.0,32.0,4,0.9,120000,10.0,0.03413,0.02936,0.03262,0.0,0.0,1,0.03413,22.4,0
256,4096,224.0,32.0,4,0.9,30000,30.0,0.13653,0.02936,0.03262,0.0,0.0,1,0.13653,22.4,0
256,4096,224.0,32.0,4,0.9,60000,30.0,0.06827,0.02936,0.03262,0.0,0.0,1,0.06827,22.4,0
256,4096,224.0,32.0,4,0.9,120000,30.0,0.03413,0.02936,0.03262,0.0,0.0,1,0.03413,22.4,0
256,4096,224.0,32.0,4,0.99,30000,0.2,0.13653,0.02936,0.02966,0.0001,0.0,1,0.13644,2.24,0
256,4096,224.0,32.0,4,0.99,60000,0.2,0.06827,0.02936,0.02966,0.0001,0.0,1,0.06817,2.24,0
256,4096,224.0,32.0,4,0.99,120000,0.2,0.03413,0.02936,0.02966,0.0001,0.0,1,0.03404,2.24,0
256,4096,224.0,32.0,4,0.99,30000,0.5,0.13653,0.02936,0.02966,0.0,0.0,1,0.13653,2.24,0
256,4096,224.0,32.0,4,0.99,60000,0.5,0.06827,0.02936,0.02966,0.0,0.0,1,0.06827,2.24,0
256,4096,224.0,32.0,4,0.99,120000,0.5,0.03413,0.02936,0.02966,0.0,0.0,1,0.03413,2.24,0
256,4096,224.0,32.0,4,0.99,30000,1.0,0.13653,0.02936,0.02966,0.0,0.0,1,0.13653,2.24,0
256,4096,224.0,32.0,4,0.99,60000,1.0,0.06827,0.02936,0.02966,0.0,0.0,1,0.06827,2.24,0
256,4096,224.0,32.0,4,0.99,120000,1.0,0.03413,0.02936,0.02966,0.0,0.0,1,0.03413,2.24,0
256,4096,224.0,32.0,4,0.99,30000,2.0,0.13653,0.02936,0.02966,0.0,0.0,1,0.13653,2.24,0
256,4096,224.0,32.0,4,0.99,60000,2.0,0.06827,0.02936,0.02966,0.0,0.0,1,0.06827,2.24,0
256,4096,224.0,32.0,4,0.99,120000,2.0,0.03413,0.02936,0.02966,0.0,0.0,1,0.03413,2.24,0
256,4096,224.0,32.0,4,0.99,30000,5.0,0.13653,0.02936,0.02966,0.0,0.0,1,0.13653,2.24,0
256,4096,224.0,32.0,4,0.99,60000,5.0,0.06827,0.02936,0.02966,0.0,0.0,1,0.06827,2.24,0
256,4096,224.0,32.0,4,0.99,120000,5.0,0.03413,0.02936,0.02966,0.0,0.0,1,0.03413,2.24,0
256,4096,224.0,32.0,4,0.99,30000,10.0,0.13653,0.02936,0.02966,0.0,0.0,1,0.13653,2.24,0
256,4096,224.0,32.0,4,0.99,60000,10.0,0.06827,0.02936,0.02966,0.0,0.0,1,0.06827,2.24,0
256,4096,224.0,32.0,4,0.99,120000,10.0,0.03413,0.02936,0.02966,0.0,0.0,1,0.03413,2.24,0
256,4096,224.0,32.0,4,0.99,30000,30.0,0.13653,0.02936,0.02966,0.0,0.0,1,0.13653,2.24,0
256,4096,224.0,32.0,4,0.99,60000,30.0,0.06827,0.02936,0.02966,0.0,0.0,1,0.06827,2.24,0
256,4096,224.0,32.0,4,0.99,120000,30.0,0.03413,0.02936,0.02966,0.0,0.0,1,0.03413,2.24,0
256,4096,224.0,32.0,8,0.5,30000,0.2,0.13653,0.05872,0.11744,0.00954,0.04302,1,0.12699,112.0,0
256,4096,224.0,32.0,8,0.5,60000,0.2,0.06827,0.05872,0.11744,0.00954,0.04302,1,0.05872,112.0,0
256,4096,224.0,32.0,8,0.5,120000,0.2,0.03413,0.05872,0.11744,0.00954,0.04302,1,0.02459,112.0,0
256,4096,224.0,32.0,8,0.5,30000,0.5,0.13653,0.05872,0.11744,0.00097,0.0,1,0.13556,112.0,0
256,4096,224.0,32.0,8,0.5,60000,0.5,0.06827,0.05872,0.11744,0.00097,0.0,1,0.0673,112.0,0
256,4096,224.0,32.0,8,0.5,120000,0.5,0.03413,0.05872,0.11744,0.00097,0.0,1,0.03316,112.0,0
256,4096,224.0,32.0,8,0.5,30000,1.0,0.13653,0.05872,0.11744,0.00014,0.0,1,0.13639,112.0,0
256,4096,224.0,32.0,8,0.5,60000,1.0,0.06827,0.05872,0.11744,0.00014,0.0,1,0.06812,112.0,0
256,4096,224.0,32.0,8,0.5,120000,1.0,0.03413,0.05872,0.11744,0.00014,0.0,1,0.03399,112.0,0
256,4096,224.0,32.0,8,0.5,30000,2.0,0.13653,0.05872,0.11744,0.0,0.0,1,0.13653,112.0,0
256,4096,224.0,32.0,8,0.5,60000,2.0,0.06827,0.05872,0.11744,0.0,0.0,1,0.06827,112.0,0
256,4096,224.0,32.0,8,0.5,120000,2.0,0.03413,0.05872,0.11744,0.0,0.0,1,0.03413,112.0,0
256,4096,224.0,32.0,8,0.5,30000,5.0,0.13653,0.05872,0.11744,0.0,0.0,1,0.13653,112.0,0
256,4096,224.0,32.0,8,0.5,60000,5.0,0.06827,0.05872,0.11744,0.0,0.0,1,0.06827,112.0,0
256,4096,224.0,32.0,8,0.5,120000,5.0,0.03413,0.05872,0.11744,0.0,0.0,1,0.03413,112.0,0
256,4096,224.0,32.0,8,0.5,30000,10.0,0.13653,0.05872,0.11744,0.0,0.0,1,0.13653,112.0,0
256,4096,224.0,32.0,8,0.5,60000,10.0,0.06827,0.05872,0.11744,0.0,0.0,1,0.06827,112.0,0
256,4096,224.0,32.0,8,0.5,120000,10.0,0.03413,0.05872,0.11744,0.0,0.0,1,0.03413,112.0,0
256,4096,224.0,32.0,8,0.5,30000,30.0,0.13653,0.05872,0.11744,0.0,0.0,1,0.13653,112.0,0
256,4096,224.0,32.0,8,0.5,60000,30.0,0.06827,0.05872,0.11744,0.0,0.0,1,0.06827,112.0,0
256,4096,224.0,32.0,8,0.5,120000,30.0,0.03413,0.05872,0.11744,0.0,0.0,1,0.03413,112.0,0
256,4096,224.0,32.0,8,0.7,30000,0.2,0.13653,0.05872,0.08389,0.0039,0.01628,1,0.13264,67.2,0
256,4096,224.0,32.0,8,0.7,60000,0.2,0.06827,0.05872,0.08389,0.0039,0.01628,1,0.06437,67.2,0
256,4096,224.0,32.0,8,0.7,120000,0.2,0.03413,0.05872,0.08389,0.0039,0.01628,1,0.03024,67.2,0
256,4096,224.0,32.0,8,0.7,30000,0.5,0.13653,0.05872,0.08389,0.00022,0.0,1,0.13631,67.2,0
256,4096,224.0,32.0,8,0.7,60000,0.5,0.06827,0.05872,0.08389,0.00022,0.0,1,0.06804,67.2,0
256,4096,224.0,32.0,8,0.7,120000,0.5,0.03413,0.05872,0.08389,0.00022,0.0,1,0.03391,67.2,0
256,4096,224.0,32.0,8,0.7,30000,1.0,0.13653,0.05872,0.08389,1e-05,0.0,1,0.13653,67.2,0
256,4096,224.0,32.0,8,0.7,60000,1.0,0.06827,0.05872,0.08389,1e-05,0.0,1,0.06826,67.2,0
256,4096,224.0,32.0,8,0.7,120000,1.0,0.03413,0.05872,0.08389,1e-05,0.0,1,0.03413,67.2,0
256,4096,224.0,32.0,8,0.7,30000,2.0,0.13653,0.05872,0.08389,0.0,0.0,1,0.13653,67.2,0
256,4096,224.0,32.0,8,0.7,60000,2.0,0.06827,0.05872,0.08389,0.0,0.0,1,0.06827,67.2,0
256,4096,224.0,32.0,8,0.7,120000,2.0,0.03413,0.05872,0.08389,0.0,0.0,1,0.03413,67.2,0
256,4096,224.0,32.0,8,0.7,30000,5.0,0.13653,0.05872,0.08389,0.0,0.0,1,0.13653,67.2,0
256,4096,224.0,32.0,8,0.7,60000,5.0,0.06827,0.05872,0.08389,0.0,0.0,1,0.06827,67.2,0
256,4096,224.0,32.0,8,0.7,120000,5.0,0.03413,0.05872,0.08389,0.0,0.0,1,0.03413,67.2,0
256,4096,224.0,32.0,8,0.7,30000,10.0,0.13653,0.05872,0.08389,0.0,0.0,1,0.13653,67.2,0
256,4096,224.0,32.0,8,0.7,60000,10.0,0.06827,0.05872,0.08389,0.0,0.0,1,0.06827,67.2,0
256,4096,224.0,32.0,8,0.7,120000,10.0,0.03413,0.05872,0.08389,0.0,0.0,1,0.03413,67.2,0
256,4096,224.0,32.0,8,0.7,30000,30.0,0.13653,0.05872,0.08389,0.0,0.0,1,0.13653,67.2,0
256,4096,224.0,32.0,8,0.7,60000,30.0,0.06827,0.05872,0.08389,0.0,0.0,1,0.06827,67.2,0
256,4096,224.0,32.0,8,0.7,120000,30.0,0.03413,0.05872,0.08389,0.0,0.0,1,0.03413,67.2,0
256,4096,224.0,32.0,8,0.9,30000,0.2,0.13653,0.05872,0.06524,0.00141,0.0,1,0.13512,22.4,0
256,4096,224.0,32.0,8,0.9,60000,0.2,0.06827,0.05872,0.06524,0.00141,0.0,1,0.06685,22.4,0
256,4096,224.0,32.0,8,0.9,120000,0.2,0.03413,0.05872,0.06524,0.00141,0.0,1,0.03272,22.4,0
256,4096,224.0,32.0,8,0.9,30000,0.5,0.13653,0.05872,0.06524,9e-05,0.0,1,0.13644,22.4,0
256,4096,224.0,32.0,8,0.9,60000,0.5,0.06827,0.05872,0.06524,9e-05,0.0,1,0.06817,22.4,0
256,4096,224.0,32.0,8,0.9,120000,0.5,0.03413,0.05872,0.06524,9e-05,0.0,1,0.03404,22.4,0
256,4096,224.0,32.0,8,0.9,30000,1.0,0.13653,0.05872,0.06524,1e-05,0.0,1,0.13653,22.4,0
256,4096,224.0,32.0,8,0.9,60000,1.0,0.06827,0.05872,0.06524,1e-05,0.0,1,0.06826,22.4,0
256,4096,224.0,32.0,8,0.9,120000,1.0,0.03413,0.05872,0.06524,1e-05,0.0,1,0.03413,22.4,0
256,4096,224.0,32.0,8,0.9,30000,2.0,0.13653,0.05872,0.06524,0.0,0.0,1,0.13653,22.4,0
256,4096,224.0,32.0,8,0.9,60000,2.0,0.06827,0.05872,0.06524,0.0,0.0,1,0.06827,22.4,0
256,4096,224.0,32.0,8,0.9,120000,2.0,0.03413,0.05872,0.06524,0.0,0.0,1,0.03413,22.4,0
256,4096,224.0,32.0,8,0.9,30000,5.0,0.13653,0.05872,0.06524,0.0,0.0,1,0.13653,22.4,0
256,4096,224.0,32.0,8,0.9,60000,5.0,0.06827,0.05872,0.06524,0.0,0.0,1,0.06827,22.4,0
256,4096,224.0,32.0,8,0.9,120000,5.0,0.03413,0.05872,0.06524,0.0,0.0,1,0.03413,22.4,0
256,4096,224.0,32.0,8,0.9,30000,10.0,0.13653,0.05872,0.06524,0.0,0.0,1,0.13653,22.4,0
256,4096,224.0,32.0,8,0.9,60000,10.0,0.06827,0.05872,0.06524,0.0,0.0,1,0.06827,22.4,0
256,4096,224.0,32.0,8,0.9,120000,10.0,0.03413,0.05872,0.06524,0.0,0.0,1,0.03413,22.4,0
256,4096,224.0,32.0,8,0.9,30000,30.0,0.13653,0.05872,0.06524,0.0,0.0,1,0.13653,22.4,0
256,4096,224.0,32.0,8,0.9,60000,30.0,0.06827,0.05872,0.06524,0.0,0.0,1,0.06827,22.4,0
256,4096,224.0,32.0,8,0.9,120000,30.0,0.03413,0.05872,0.06524,0.0,0.0,1,0.03413,22.4,0
256,4096,224.0,32.0,8,0.99,30000,0.2,0.13653,0.05872,0.05931,0.00092,0.0,1,0.13562,2.24,0
256,4096,224.0,32.0,8,0.99,60000,0.2,0.06827,0.05872,0.05931,0.00092,0.0,1,0.06735,2.24,0
256,4096,224.0,32.0,8,0.99,120000,0.2,0.03413,0.05872,0.05931,0.00092,0.0,1,0.03322,2.24,0
256,4096,224.0,32.0,8,0.99,30000,0.5,0.13653,0.05872,0.05931,6e-05,0.0,1,0.13647,2.24,0
256,4096,224.0,32.0,8,0.99,60000,0.5,0.06827,0.05872,0.05931,6e-05,0.0,1,0.0682,2.24,0
256,4096,224.0,32.0,8,0.99,120000,0.5,0.03413,0.05872,0.05931,6e-05,0.0,1,0.03407,2.24,0
256,4096,224.0,32.0,8,0.99,30000,1.0,0.13653,0.05872,0.05931,0.0,0.0,1,0.13653,2.24,0
256,4096,224.0,32.0,8,0.99,60000,1.0,0.06827,0.05872,0.05931,0.0,0.0,1,0.06827,2.24,0
256,4096,224.0,32.0,8,0.99,120000,1.0,0.03413,0.05872,0.05931,0.0,0.0,1,0.03413,2.24,0
256,4096,224.0,32.0,8,0.99,30000,2.0,0.13653,0.05872,0.05931,0.0,0.0,1,0.13653,2.24,0
256,4096,224.0,32.0,8,0.99,60000,2.0,0.06827,0.05872,0.05931,0.0,0.0,1,0.06827,2.24,0
256,4096,224.0,32.0,8,0.99,120000,2.0,0.03413,0.05872,0.05931,0.0,0.0,1,0.03413,2.24,0
256,4096,224.0,32.0,8,0.99,30000,5.0,0.13653,0.05872,0.05931,0.0,0.0,1,0.13653,2.24,0
256,4096,224.0,32.0,8,0.99,60000,5.0,0.06827,0.05872,0.05931,0.0,0.0,1,0.06827,2.24,0
256,4096,224.0,32.0,8,0.99,120000,5.0,0.03413,0.05872,0.05931,0.0,0.0,1,0.03413,2.24,0
256,4096,224.0,32.0,8,0.99,30000,10.0,0.13653,0.05872,0.05931,0.0,0.0,1,0.13653,2.24,0
256,4096,224.0,32.0,8,0.99,60000,10.0,0.06827,0.05872,0.05931,0.0,0.0,1,0.06827,2.24,0
256,4096,224.0,32.0,8,0.99,120000,10.0,0.03413,0.05872,0.05931,0.0,0.0,1,0.03413,2.24,0
256,4096,224.0,32.0,8,0.99,30000,30.0,0.13653,0.05872,0.05931,0.0,0.0,1,0.13653,2.24,0
256,4096,224.0,32.0,8,0.99,60000,30.0,0.06827,0.05872,0.05931,0.0,0.0,1,0.06827,2.24,0
256,4096,224.0,32.0,8,0.99,120000,30.0,0.03413,0.05872,0.05931,0.0,0.0,1,0.03413,2.24,0
256,4096,224.0,32.0,16,0.5,30000,0.2,0.13653,0.11744,0.23488,0.06065,0.16325,1,0.07588,112.0,1
256,4096,224.0,32.0,16,0.5,60000,0.2,0.06827,0.11744,0.23488,0.06065,0.16325,1,0.00761,112.0,1
256,4096,224.0,32.0,16,0.5,120000,0.2,0.03413,0.11744,0.23488,0.06065,0.16325,0,-0.02652,112.0,1
256,4096,224.0,32.0,16,0.5,30000,0.5,0.13653,0.11744,0.23488,0.01157,0.04905,1,0.12497,112.0,0
256,4096,224.0,32.0,16,0.5,60000,0.5,0.06827,0.11744,0.23488,0.01157,0.04905,1,0.0567,112.0,0
256,4096,224.0,32.0,16,0.5,120000,0.5,0.03413,0.11744,0.23488,0.01157,0.04905,1,0.02257,112.0,0
256,4096,224.0,32.0,16,0.5,30000,1.0,0.13653,0.11744,0.23488,0.00187,0.0,1,0.13466,112.0,0
256,4096,224.0,32.0,16,0.5,60000,1.0,0.06827,0.11744,0.23488,0.00187,0.0,1,0.06639,112.0,0
256,4096,224.0,32.0,16,0.5,120000,1.0,0.03413,0.11744,0.23488,0.00187,0.0,1,0.03226,112.0,0
256,4096,224.0,32.0,16,0.5,30000,2.0,0.13653,0.11744,0.23488,0.00027,0.0,1,0.13626,112.0,0
256,4096,224.0,32.0,16,0.5,60000,2.0,0.06827,0.11744,0.23488,0.00027,0.0,1,0.068,112.0,0
256,4096,224.0,32.0,16,0.5,120000,2.0,0.03413,0.11744,0.23488,0.00027,0.0,1,0.03386,112.0,0
256,4096,224.0,32.0,16,0.5,30000,5.0,0.13653,0.11744,0.23488,0.0,0.0,1,0.13653,112.0,0
256,4096,224.0,32.0,16,0.5,60000,5.0,0.06827,0.11744,0.23488,0.0,0.0,1,0.06827,112.0,0
256,4096,224.0,32.0,16,0.5,120000,5.0,0.03413,0.11744,0.23488,0.0,0.0,1,0.03413,112.0,0
256,4096,224.0,32.0,16,0.5,30000,10.0,0.13653,0.11744,0.23488,0.0,0.0,1,0.13653,112.0,0
256,4096,224.0,32.0,16,0.5,60000,10.0,0.06827,0.11744,0.23488,0.0,0.0,1,0.06827,112.0,0
256,4096,224.0,32.0,16,0.5,120000,10.0,0.03413,0.11744,0.23488,0.0,0.0,1,0.03413,112.0,0
256,4096,224.0,32.0,16,0.5,30000,30.0,0.13653,0.11744,0.23488,0.0,0.0,1,0.13653,112.0,0
256,4096,224.0,32.0,16,0.5,60000,30.0,0.06827,0.11744,0.23488,0.0,0.0,1,0.06827,112.0,0
256,4096,224.0,32.0,16,0.5,120000,30.0,0.03413,0.11744,0.23488,0.0,0.0,1,0.03413,112.0,0
256,4096,224.0,32.0,16,0.7,30000,0.2,0.13653,0.11744,0.16777,0.02761,0.09989,1,0.10892,67.2,0
256,4096,224.0,32.0,16,0.7,60000,0.2,0.06827,0.11744,0.16777,0.02761,0.09989,1,0.04065,67.2,0
256,4096,224.0,32.0,16,0.7,120000,0.2,0.03413,0.11744,0.16777,0.02761,0.09989,1,0.00652,67.2,0
256,4096,224.0,32.0,16,0.7,30000,0.5,0.13653,0.11744,0.16777,0.00407,0.0,1,0.13247,67.2,0
256,4096,224.0,32.0,16,0.7,60000,0.5,0.06827,0.11744,0.16777,0.00407,0.0,1,0.0642,67.2,0
256,4096,224.0,32.0,16,0.7,120000,0.5,0.03413,0.11744,0.16777,0.00407,0.0,1,0.03007,67.2,0
256,4096,224.0,32.0,16,0.7,30000,1.0,0.13653,0.11744,0.16777,0.00063,0.0,1,0.1359,67.2,0
256,4096,224.0,32.0,16,0.7,60000,1.0,0.06827,0.11744,0.16777,0.00063,0.0,1,0.06764,67.2,0
256,4096,224.0,32.0,16,0.7,120000,1.0,0.03413,0.11744,0.16777,0.00063,0.0,1,0.0335,67.2,0
256,4096,224.0,32.0,16,0.7,30000,2.0,0.13653,0.11744,0.16777,7e-05,0.0,1,0.13647,67.2,0
256,4096,224.0,32.0,16,0.7,60000,2.0,0.06827,0.11744,0.16777,7e-05,0.0,1,0.0682,67.2,0
256,4096,224.0,32.0,16,0.7,120000,2.0,0.03413,0.11744,0.16777,7e-05,0.0,1,0.03407,67.2,0
256,4096,224.0,32.0,16,0.7,30000,5.0,0.13653,0.11744,0.16777,0.0,0.0,1,0.13653,67.2,0
256,4096,224.0,32.0,16,0.7,60000,5.0,0.06827,0.11744,0.16777,0.0,0.0,1,0.06827,67.2,0
256,4096,224.0,32.0,16,0.7,120000,5.0,0.03413,0.11744,0.16777,0.0,0.0,1,0.03413,67.2,0
256,4096,224.0,32.0,16,0.7,30000,10.0,0.13653,0.11744,0.16777,0.0,0.0,1,0.13653,67.2,0
256,4096,224.0,32.0,16,0.7,60000,10.0,0.06827,0.11744,0.16777,0.0,0.0,1,0.06827,67.2,0
256,4096,224.0,32.0,16,0.7,120000,10.0,0.03413,0.11744,0.16777,0.0,0.0,1,0.03413,67.2,0
256,4096,224.0,32.0,16,0.7,30000,30.0,0.13653,0.11744,0.16777,0.0,0.0,1,0.13653,67.2,0
256,4096,224.0,32.0,16,0.7,60000,30.0,0.06827,0.11744,0.16777,0.0,0.0,1,0.06827,67.2,0
256,4096,224.0,32.0,16,0.7,120000,30.0,0.03413,0.11744,0.16777,0.0,0.0,1,0.03413,67.2,0
256,4096,224.0,32.0,16,0.9,30000,0.2,0.13653,0.11744,0.13049,0.01418,0.05926,1,0.12235,22.4,0
256,4096,224.0,32.0,16,0.9,60000,0.2,0.06827,0.11744,0.13049,0.01418,0.05926,1,0.05409,22.4,0
256,4096,224.0,32.0,16,0.9,120000,0.2,0.03413,0.11744,0.13049,0.01418,0.05926,1,0.01995,22.4,0
256,4096,224.0,32.0,16,0.9,30000,0.5,0.13653,0.11744,0.13049,0.00147,0.0,1,0.13506,22.4,0
256,4096,224.0,32.0,16,0.9,60000,0.5,0.06827,0.11744,0.13049,0.00147,0.0,1,0.0668,22.4,0
256,4096,224.0,32.0,16,0.9,120000,0.5,0.03413,0.11744,0.13049,0.00147,0.0,1,0.03266,22.4,0
256,4096,224.0,32.0,16,0.9,30000,1.0,0.13653,0.11744,0.13049,0.00014,0.0,1,0.13639,22.4,0
256,4096,224.0,32.0,16,0.9,60000,1.0,0.06827,0.11744,0.13049,0.00014,0.0,1,0.06812,22.4,0
256,4096,224.0,32.0,16,0.9,120000,1.0,0.03413,0.11744,0.13049,0.00014,0.0,1,0.03399,22.4,0
256,4096,224.0,32.0,16,0.9,30000,2.0,0.13653,0.11744,0.13049,0.0,0.0,1,0.13653,22.4,0
256,4096,224.0,32.0,16,0.9,60000,2.0,0.06827,0.11744,0.13049,0.0,0.0,1,0.06827,22.4,0
256,4096,224.0,32.0,16,0.9,120000,2.0,0.03413,0.11744,0.13049,0.0,0.0,1,0.03413,22.4,0
256,4096,224.0,32.0,16,0.9,30000,5.0,0.13653,0.11744,0.13049,0.0,0.0,1,0.13653,22.4,0
256,4096,224.0,32.0,16,0.9,60000,5.0,0.06827,0.11744,0.13049,0.0,0.0,1,0.06827,22.4,0
256,4096,224.0,32.0,16,0.9,120000,5.0,0.03413,0.11744,0.13049,0.0,0.0,1,0.03413,22.4,0
256,4096,224.0,32.0,16,0.9,30000,10.0,0.13653,0.11744,0.13049,0.0,0.0,1,0.13653,22.4,0
256,4096,224.0,32.0,16,0.9,60000,10.0,0.06827,0.11744,0.13049,0.0,0.0,1,0.06827,22.4,0
256,4096,224.0,32.0,16,0.9,120000,10.0,0.03413,0.11744,0.13049,0.0,0.0,1,0.03413,22.4,0
256,4096,224.0,32.0,16,0.9,30000,30.0,0.13653,0.11744,0.13049,0.0,0.0,1,0.13653,22.4,0
256,4096,224.0,32.0,16,0.9,60000,30.0,0.06827,0.11744,0.13049,0.0,0.0,1,0.06827,22.4,0
256,4096,224.0,32.0,16,0.9,120000,30.0,0.03413,0.11744,0.13049,0.0,0.0,1,0.03413,22.4,0
256,4096,224.0,32.0,16,0.99,30000,0.2,0.13653,0.11744,0.11863,0.01079,0.04845,1,0.12575,2.24,0
256,4096,224.0,32.0,16,0.99,60000,0.2,0.06827,0.11744,0.11863,0.01079,0.04845,1,0.05748,2.24,0
256,4096,224.0,32.0,16,0.99,120000,0.2,0.03413,0.11744,0.11863,0.01079,0.04845,1,0.02335,2.24,0
256,4096,224.0,32.0,16,0.99,30000,0.5,0.13653,0.11744,0.11863,0.00086,0.0,1,0.13567,2.24,0
256,4096,224.0,32.0,16,0.99,60000,0.5,0.06827,0.11744,0.11863,0.00086,0.0,1,0.06741,2.24,0
256,4096,224.0,32.0,16,0.99,120000,0.5,0.03413,0.11744,0.11863,0.00086,0.0,1,0.03327,2.24,0
256,4096,224.0,32.0,16,0.99,30000,1.0,0.13653,0.11744,0.11863,0.00023,0.0,1,0.1363,2.24,0
256,4096,224.0,32.0,16,0.99,60000,1.0,0.06827,0.11744,0.11863,0.00023,0.0,1,0.06804,2.24,0
256,4096,224.0,32.0,16,0.99,120000,1.0,0.03413,0.11744,0.11863,0.00023,0.0,1,0.0339,2.24,0
256,4096,224.0,32.0,16,0.99,30000,2.0,0.13653,0.11744,0.11863,0.0,0.0,1,0.13653,2.24,0
256,4096,224.0,32.0,16,0.99,60000,2.0,0.06827,0.11744,0.11863,0.0,0.0,1,0.06827,2.24,0
256,4096,224.0,32.0,16,0.99,120000,2.0,0.03413,0.11744,0.11863,0.0,0.0,1,0.03413,2.24,0
256,4096,224.0,32.0,16,0.99,30000,5.0,0.13653,0.11744,0.11863,0.0,0.0,1,0.13653,2.24,0
256,4096,224.0,32.0,16,0.99,60000,5.0,0.06827,0.11744,0.11863,0.0,0.0,1,0.06827,2.24,0
256,4096,224.0,32.0,16,0.99,120000,5.0,0.03413,0.11744,0.11863,0.0,0.0,1,0.03413,2.24,0
256,4096,224.0,32.0,16,0.99,30000,10.0,0.13653,0.11744,0.11863,0.0,0.0,1,0.13653,2.24,0
256,4096,224.0,32.0,16,0.99,60000,10.0,0.06827,0.11744,0.11863,0.0,0.0,1,0.06827,2.24,0
256,4096,224.0,32.0,16,0.99,120000,10.0,0.03413,0.11744,0.11863,0.0,0.0,1,0.03413,2.24,0
256,4096,224.0,32.0,16,0.99,30000,30.0,0.13653,0.11744,0.11863,0.0,0.0,1,0.13653,2.24,0
256,4096,224.0,32.0,16,0.99,60000,30.0,0.06827,0.11744,0.11863,0.0,0.0,1,0.06827,2.24,0
256,4096,224.0,32.0,16,0.99,120000,30.0,0.03413,0.11744,0.11863,0.0,0.0,1,0.03413,2.24,0
256,4096,224.0,32.0,32,0.5,30000,0.2,0.13653,0.23488,0.46976,0.23851,0.40217,0,-0.10197,112.0,1
256,4096,224.0,32.0,32,0.5,60000,0.2,0.06827,0.23488,0.46976,0.23851,0.40217,0,-0.17024,112.0,1
256,4096,224.0,32.0,32,0.5,120000,0.2,0.03413,0.23488,0.46976,0.23851,0.40217,0,-0.20437,112.0,1
256,4096,224.0,32.0,32,0.5,30000,0.5,0.13653,0.23488,0.46976,0.08695,0.28152,1,0.04959,112.0,0
256,4096,224.0,32.0,32,0.5,60000,0.5,0.06827,0.23488,0.46976,0.08695,0.28152,0,-0.01868,112.0,0
256,4096,224.0,32.0,32,0.5,120000,0.5,0.03413,0.23488,0.46976,0.08695,0.28152,0,-0.05281,112.0,0
256,4096,224.0,32.0,32,0.5,30000,1.0,0.13653,0.23488,0.46976,0.02653,0.12905,1,0.11001,112.0,0
256,4096,224.0,32.0,32,0.5,60000,1.0,0.06827,0.23488,0.46976,0.02653,0.12905,1,0.04174,112.0,0
256,4096,224.0,32.0,32,0.5,120000,1.0,0.03413,0.23488,0.46976,0.02653,0.12905,1,0.00761,112.0,0
256,4096,224.0,32.0,32,0.5,30000,2.0,0.13653,0.23488,0.46976,0.00435,0.0,1,0.13219,112.0,0
256,4096,224.0,32.0,32,0.5,60000,2.0,0.06827,0.23488,0.46976,0.00435,0.0,1,0.06392,112.0,0
256,4096,224.0,32.0,32,0.5,120000,2.0,0.03413,0.23488,0.46976,0.00435,0.0,1,0.02979,112.0,0
256,4096,224.0,32.0,32,0.5,30000,5.0,0.13653,0.23488,0.46976,1e-05,0.0,1,0.13652,112.0,0
256,4096,224.0,32.0,32,0.5,60000,5.0,0.06827,0.23488,0.46976,1e-05,0.0,1,0.06826,112.0,0
256,4096,224.0,32.0,32,0.5,120000,5.0,0.03413,0.23488,0.46976,1e-05,0.0,1,0.03412,112.0,0
256,4096,224.0,32.0,32,0.5,30000,10.0,0.13653,0.23488,0.46976,0.0,0.0,1,0.13653,112.0,0
256,4096,224.0,32.0,32,0.5,60000,10.0,0.06827,0.23488,0.46976,0.0,0.0,1,0.06827,112.0,0
256,4096,224.0,32.0,32,0.5,120000,10.0,0.03413,0.23488,0.46976,0.0,0.0,1,0.03413,112.0,0
256,4096,224.0,32.0,32,0.5,30000,30.0,0.13653,0.23488,0.46976,0.0,0.0,1,0.13653,112.0,0
256,4096,224.0,32.0,32,0.5,60000,30.0,0.06827,0.23488,0.46976,0.0,0.0,1,0.06827,112.0,0
256,4096,224.0,32.0,32,0.5,120000,30.0,0.03413,0.23488,0.46976,0.0,0.0,1,0.03413,112.0,0
256,4096,224.0,32.0,32,0.7,30000,0.2,0.13653,0.23488,0.33554,0.12593,0.26329,1,0.0106,67.2,1
256,4096,224.0,32.0,32,0.7,60000,0.2,0.06827,0.23488,0.33554,0.12593,0.26329,0,-0.05766,67.2,1
256,4096,224.0,32.0,32,0.7,120000,0.2,0.03413,0.23488,0.33554,0.12593,0.26329,0,-0.0918,67.2,1
256,4096,224.0,32.0,32,0.7,30000,0.5,0.13653,0.23488,0.33554,0.03752,0.15743,1,0.09901,67.2,0
256,4096,224.0,32.0,32,0.7,60000,0.5,0.06827,0.23488,0.33554,0.03752,0.15743,1,0.03075,67.2,0
256,4096,224.0,32.0,32,0.7,120000,0.5,0.03413,0.23488,0.33554,0.03752,0.15743,0,-0.00339,67.2,0
256,4096,224.0,32.0,32,0.7,30000,1.0,0.13653,0.23488,0.33554,0.00712,0.0,1,0.12942,67.2,0
256,4096,224.0,32.0,32,0.7,60000,1.0,0.06827,0.23488,0.33554,0.00712,0.0,1,0.06115,67.2,0
256,4096,224.0,32.0,32,0.7,120000,1.0,0.03413,0.23488,0.33554,0.00712,0.0,1,0.02702,67.2,0
256,4096,224.0,32.0,32,0.7,30000,2.0,0.13653,0.23488,0.33554,0.00115,0.0,1,0.13538,67.2,0
256,4096,224.0,32.0,32,0.7,60000,2.0,0.06827,0.23488,0.33554,0.00115,0.0,1,0.06712,67.2,0
256,4096,224.0,32.0,32,0.7,120000,2.0,0.03413,0.23488,0.33554,0.00115,0.0,1,0.03298,67.2,0
256,4096,224.0,32.0,32,0.7,30000,5.0,0.13653,0.23488,0.33554,0.0,0.0,1,0.13653,67.2,0
256,4096,224.0,32.0,32,0.7,60000,5.0,0.06827,0.23488,0.33554,0.0,0.0,1,0.06827,67.2,0
256,4096,224.0,32.0,32,0.7,120000,5.0,0.03413,0.23488,0.33554,0.0,0.0,1,0.03413,67.2,0
256,4096,224.0,32.0,32,0.7,30000,10.0,0.13653,0.23488,0.33554,0.0,0.0,1,0.13653,67.2,0
256,4096,224.0,32.0,32,0.7,60000,10.0,0.06827,0.23488,0.33554,0.0,0.0,1,0.06827,67.2,0
256,4096,224.0,32.0,32,0.7,120000,10.0,0.03413,0.23488,0.33554,0.0,0.0,1,0.03413,67.2,0
256,4096,224.0,32.0,32,0.7,30000,30.0,0.13653,0.23488,0.33554,0.0,0.0,1,0.13653,67.2,0
256,4096,224.0,32.0,32,0.7,60000,30.0,0.06827,0.23488,0.33554,0.0,0.0,1,0.06827,67.2,0
256,4096,224.0,32.0,32,0.7,120000,30.0,0.03413,0.23488,0.33554,0.0,0.0,1,0.03413,67.2,0
256,4096,224.0,32.0,32,0.9,30000,0.2,0.13653,0.23488,0.26098,0.07653,0.18828,1,0.06001,22.4,1
256,4096,224.0,32.0,32,0.9,60000,0.2,0.06827,0.23488,0.26098,0.07653,0.18828,0,-0.00826,22.4,1
256,4096,224.0,32.0,32,0.9,120000,0.2,0.03413,0.23488,0.26098,0.07653,0.18828,0,-0.04239,22.4,1
256,4096,224.0,32.0,32,0.9,30000,0.5,0.13653,0.23488,0.26098,0.0177,0.08094,1,0.11883,22.4,0
256,4096,224.0,32.0,32,0.9,60000,0.5,0.06827,0.23488,0.26098,0.0177,0.08094,1,0.05056,22.4,0
256,4096,224.0,32.0,32,0.9,120000,0.5,0.03413,0.23488,0.26098,0.0177,0.08094,1,0.01643,22.4,0
256,4096,224.0,32.0,32,0.9,30000,1.0,0.13653,0.23488,0.26098,0.00259,0.0,1,0.13394,22.4,0
256,4096,224.0,32.0,32,0.9,60000,1.0,0.06827,0.23488,0.26098,0.00259,0.0,1,0.06568,22.4,0
256,4096,224.0,32.0,32,0.9,120000,1.0,0.03413,0.23488,0.26098,0.00259,0.0,1,0.03154,22.4,0
256,4096,224.0,32.0,32,0.9,30000,2.0,0.13653,0.23488,0.26098,0.00035,0.0,1,0.13618,22.4,0
256,4096,224.0,32.0,32,0.9,60000,2.0,0.06827,0.23488,0.26098,0.00035,0.0,1,0.06791,22.4,0
256,4096,224.0,32.0,32,0.9,120000,2.0,0.03413,0.23488,0.26098,0.00035,0.0,1,0.03378,22.4,0
256,4096,224.0,32.0,32,0.9,30000,5.0,0.13653,0.23488,0.26098,0.0,0.0,1,0.13653,22.4,0
256,4096,224.0,32.0,32,0.9,60000,5.0,0.06827,0.23488,0.26098,0.0,0.0,1,0.06827,22.4,0
256,4096,224.0,32.0,32,0.9,120000,5.0,0.03413,0.23488,0.26098,0.0,0.0,1,0.03413,22.4,0
256,4096,224.0,32.0,32,0.9,30000,10.0,0.13653,0.23488,0.26098,0.0,0.0,1,0.13653,22.4,0
256,4096,224.0,32.0,32,0.9,60000,10.0,0.06827,0.23488,0.26098,0.0,0.0,1,0.06827,22.4,0
256,4096,224.0,32.0,32,0.9,120000,10.0,0.03413,0.23488,0.26098,0.0,0.0,1,0.03413,22.4,0
256,4096,224.0,32.0,32,0.9,30000,30.0,0.13653,0.23488,0.26098,0.0,0.0,1,0.13653,22.4,0
256,4096,224.0,32.0,32,0.9,60000,30.0,0.06827,0.23488,0.26098,0.0,0.0,1,0.06827,22.4,0
256,4096,224.0,32.0,32,0.9,120000,30.0,0.03413,0.23488,0.26098,0.0,0.0,1,0.03413,22.4,0
256,4096,224.0,32.0,32,0.99,30000,0.2,0.13653,0.23488,0.23725,0.06308,0.16659,1,0.07345,2.24,1
256,4096,224.0,32.0,32,0.99,60000,0.2,0.06827,0.23488,0.23725,0.06308,0.16659,1,0.00518,2.24,1
256,4096,224.0,32.0,32,0.99,120000,0.2,0.03413,0.23488,0.23725,0.06308,0.16659,0,-0.02895,2.24,1
256,4096,224.0,32.0,32,0.99,30000,0.5,0.13653,0.23488,0.23725,0.01297,0.05347,1,0.12356,2.24,0
256,4096,224.0,32.0,32,0.99,60000,0.5,0.06827,0.23488,0.23725,0.01297,0.05347,1,0.05529,2.24,0
256,4096,224.0,32.0,32,0.99,120000,0.5,0.03413,0.23488,0.23725,0.01297,0.05347,1,0.02116,2.24,0
256,4096,224.0,32.0,32,0.99,30000,1.0,0.13653,0.23488,0.23725,0.00197,0.0,1,0.13456,2.24,0
256,4096,224.0,32.0,32,0.99,60000,1.0,0.06827,0.23488,0.23725,0.00197,0.0,1,0.0663,2.24,0
256,4096,224.0,32.0,32,0.99,120000,1.0,0.03413,0.23488,0.23725,0.00197,0.0,1,0.03216,2.24,0
256,4096,224.0,32.0,32,0.99,30000,2.0,0.13653,0.23488,0.23725,0.00014,0.0,1,0.13639,2.24,0
256,4096,224.0,32.0,32,0.99,60000,2.0,0.06827,0.23488,0.23725,0.00014,0.0,1,0.06812,2.24,0
256,4096,224.0,32.0,32,0.99,120000,2.0,0.03413,0.23488,0.23725,0.00014,0.0,1,0.03399,2.24,0
256,4096,224.0,32.0,32,0.99,30000,5.0,0.13653,0.23488,0.23725,0.0,0.0,1,0.13653,2.24,0
256,4096,224.0,32.0,32,0.99,60000,5.0,0.06827,0.23488,0.23725,0.0,0.0,1,0.06827,2.24,0
256,4096,224.0,32.0,32,0.99,120000,5.0,0.03413,0.23488,0.23725,0.0,0.0,1,0.03413,2.24,0
256,4096,224.0,32.0,32,0.99,30000,10.0,0.13653,0.23488,0.23725,0.0,0.0,1,0.13653,2.24,0
256,4096,224.0,32.0,32,0.99,60000,10.0,0.06827,0.23488,0.23725,0.0,0.0,1,0.06827,2.24,0
256,4096,224.0,32.0,32,0.99,120000,10.0,0.03413,0.23488,0.23725,0.0,0.0,1,0.03413,2.24,0
256,4096,224.0,32.0,32,0.99,30000,30.0,0.13653,0.23488,0.23725,0.0,0.0,1,0.13653,2.24,0
256,4096,224.0,32.0,32,0.99,60000,30.0,0.06827,0.23488,0.23725,0.0,0.0,1,0.06827,2.24,0
256,4096,224.0,32.0,32,0.99,120000,30.0,0.03413,0.23488,0.23725,0.0,0.0,1,0.03413,2.24,0
512,8192,448.0,8.0,1,0.5,30000,0.2,0.27307,0.05872,0.11744,0.01029,0.04718,1,0.26278,224.0,0
512,8192,448.0,8.0,1,0.5,60000,0.2,0.13653,0.05872,0.11744,0.01029,0.04718,1,0.12624,224.0,0
512,8192,448.0,8.0,1,0.5,120000,0.2,0.06827,0.05872,0.11744,0.01029,0.04718,1,0.05798,224.0,0
512,8192,448.0,8.0,1,0.5,30000,0.5,0.27307,0.05872,0.11744,0.00108,0.0,1,0.27199,224.0,0
512,8192,448.0,8.0,1,0.5,60000,0.5,0.13653,0.05872,0.11744,0.00108,0.0,1,0.13546,224.0,0
512,8192,448.0,8.0,1,0.5,120000,0.5,0.06827,0.05872,0.11744,0.00108,0.0,1,0.06719,224.0,0
512,8192,448.0,8.0,1,0.5,30000,1.0,0.27307,0.05872,0.11744,6e-05,0.0,1,0.273,224.0,0
512,8192,448.0,8.0,1,0.5,60000,1.0,0.13653,0.05872,0.11744,6e-05,0.0,1,0.13647,224.0,0
512,8192,448.0,8.0,1,0.5,120000,1.0,0.06827,0.05872,0.11744,6e-05,0.0,1,0.0682,224.0,0
512,8192,448.0,8.0,1,0.5,30000,2.0,0.27307,0.05872,0.11744,0.0,0.0,1,0.27307,224.0,0
512,8192,448.0,8.0,1,0.5,60000,2.0,0.13653,0.05872,0.11744,0.0,0.0,1,0.13653,224.0,0
512,8192,448.0,8.0,1,0.5,120000,2.0,0.06827,0.05872,0.11744,0.0,0.0,1,0.06827,224.0,0
512,8192,448.0,8.0,1,0.5,30000,5.0,0.27307,0.05872,0.11744,0.0,0.0,1,0.27307,224.0,0
512,8192,448.0,8.0,1,0.5,60000,5.0,0.13653,0.05872,0.11744,0.0,0.0,1,0.13653,224.0,0
512,8192,448.0,8.0,1,0.5,120000,5.0,0.06827,0.05872,0.11744,0.0,0.0,1,0.06827,224.0,0
512,8192,448.0,8.0,1,0.5,30000,10.0,0.27307,0.05872,0.11744,0.0,0.0,1,0.27307,224.0,0
512,8192,448.0,8.0,1,0.5,60000,10.0,0.13653,0.05872,0.11744,0.0,0.0,1,0.13653,224.0,0
512,8192,448.0,8.0,1,0.5,120000,10.0,0.06827,0.05872,0.11744,0.0,0.0,1,0.06827,224.0,0
512,8192,448.0,8.0,1,0.5,30000,30.0,0.27307,0.05872,0.11744,0.0,0.0,1,0.27307,224.0,0
512,8192,448.0,8.0,1,0.5,60000,30.0,0.13653,0.05872,0.11744,0.0,0.0,1,0.13653,224.0,0
512,8192,448.0,8.0,1,0.5,120000,30.0,0.06827,0.05872,0.11744,0.0,0.0,1,0.06827,224.0,0
512,8192,448.0,8.0,1,0.7,30000,0.2,0.27307,0.05872,0.08389,0.0036,0.01201,1,0.26947,134.4,0
512,8192,448.0,8.0,1,0.7,60000,0.2,0.13653,0.05872,0.08389,0.0036,0.01201,1,0.13293,134.4,0
512,8192,448.0,8.0,1,0.7,120000,0.2,0.06827,0.05872,0.08389,0.0036,0.01201,1,0.06467,134.4,0
512,8192,448.0,8.0,1,0.7,30000,0.5,0.27307,0.05872,0.08389,0.00025,0.0,1,0.27282,134.4,0
512,8192,448.0,8.0,1,0.7,60000,0.5,0.13653,0.05872,0.08389,0.00025,0.0,1,0.13628,134.4,0
512,8192,448.0,8.0,1,0.7,120000,0.5,0.06827,0.05872,0.08389,0.00025,0.0,1,0.06802,134.4,0
512,8192,448.0,8.0,1,0.7,30000,1.0,0.27307,0.05872,0.08389,4e-05,0.0,1,0.27303,134.4,0
512,8192,448.0,8.0,1,0.7,60000,1.0,0.13653,0.05872,0.08389,4e-05,0.0,1,0.1365,134.4,0
512,8192,448.0,8.0,1,0.7,120000,1.0,0.06827,0.05872,0.08389,4e-05,0.0,1,0.06823,134.4,0
512,8192,448.0,8.0,1,0.7,30000,2.0,0.27307,0.05872,0.08389,0.0,0.0,1,0.27307,134.4,0
512,8192,448.0,8.0,1,0.7,60000,2.0,0.13653,0.05872,0.08389,0.0,0.0,1,0.13653,134.4,0
512,8192,448.0,8.0,1,0.7,120000,2.0,0.06827,0.05872,0.08389,0.0,0.0,1,0.06827,134.4,0
512,8192,448.0,8.0,1,0.7,30000,5.0,0.27307,0.05872,0.08389,0.0,0.0,1,0.27307,134.4,0
512,8192,448.0,8.0,1,0.7,60000,5.0,0.13653,0.05872,0.08389,0.0,0.0,1,0.13653,134.4,0
512,8192,448.0,8.0,1,0.7,120000,5.0,0.06827,0.05872,0.08389,0.0,0.0,1,0.06827,134.4,0
512,8192,448.0,8.0,1,0.7,30000,10.0,0.27307,0.05872,0.08389,0.0,0.0,1,0.27307,134.4,0
512,8192,448.0,8.0,1,0.7,60000,10.0,0.13653,0.05872,0.08389,0.0,0.0,1,0.13653,134.4,0
512,8192,448.0,8.0,1,0.7,120000,10.0,0.06827,0.05872,0.08389,0.0,0.0,1,0.06827,134.4,0
512,8192,448.0,8.0,1,0.7,30000,30.0,0.27307,0.05872,0.08389,0.0,0.0,1,0.27307,134.4,0
512,8192,448.0,8.0,1,0.7,60000,30.0,0.13653,0.05872,0.08389,0.0,0.0,1,0.13653,134.4,0
512,8192,448.0,8.0,1,0.7,120000,30.0,0.06827,0.05872,0.08389,0.0,0.0,1,0.06827,134.4,0
512,8192,448.0,8.0,1,0.9,30000,0.2,0.27307,0.05872,0.06524,0.00136,0.0,1,0.27171,44.8,0
512,8192,448.0,8.0,1,0.9,60000,0.2,0.13653,0.05872,0.06524,0.00136,0.0,1,0.13517,44.8,0
512,8192,448.0,8.0,1,0.9,120000,0.2,0.06827,0.05872,0.06524,0.00136,0.0,1,0.06691,44.8,0
512,8192,448.0,8.0,1,0.9,30000,0.5,0.27307,0.05872,0.06524,9e-05,0.0,1,0.27298,44.8,0
512,8192,448.0,8.0,1,0.9,60000,0.5,0.13653,0.05872,0.06524,9e-05,0.0,1,0.13645,44.8,0
512,8192,448.0,8.0,1,0.9,120000,0.5,0.06827,0.05872,0.06524,9e-05,0.0,1,0.06818,44.8,0
512,8192,448.0,8.0,1,0.9,30000,1.0,0.27307,0.05872,0.06524,1e-05,0.0,1,0.27306,44.8,0
512,8192,448.0,8.0,1,0.9,60000,1.0,0.13653,0.05872,0.06524,1e-05,0.0,1,0.13653,44.8,0
512,8192,448.0,8.0,1,0.9,120000,1.0,0.06827,0.05872,0.06524,1e-05,0.0,1,0.06826,44.8,0
512,8192,448.0,8.0,1,0.9,30000,2.0,0.27307,0.05872,0.06524,0.0,0.0,1,0.27307,44.8,0
512,8192,448.0,8.0,1,0.9,60000,2.0,0.13653,0.05872,0.06524,0.0,0.0,1,0.13653,44.8,0
512,8192,448.0,8.0,1,0.9,120000,2.0,0.06827,0.05872,0.06524,0.0,0.0,1,0.06827,44.8,0
512,8192,448.0,8.0,1,0.9,30000,5.0,0.27307,0.05872,0.06524,0.0,0.0,1,0.27307,44.8,0
512,8192,448.0,8.0,1,0.9,60000,5.0,0.13653,0.05872,0.06524,0.0,0.0,1,0.13653,44.8,0
512,8192,448.0,8.0,1,0.9,120000,5.0,0.06827,0.05872,0.06524,0.0,0.0,1,0.06827,44.8,0
512,8192,448.0,8.0,1,0.9,30000,10.0,0.27307,0.05872,0.06524,0.0,0.0,1,0.27307,44.8,0
512,8192,448.0,8.0,1,0.9,60000,10.0,0.13653,0.05872,0.06524,0.0,0.0,1,0.13653,44.8,0
512,8192,448.0,8.0,1,0.9,120000,10.0,0.06827,0.05872,0.06524,0.0,0.0,1,0.06827,44.8,0
512,8192,448.0,8.0,1,0.9,30000,30.0,0.27307,0.05872,0.06524,0.0,0.0,1,0.27307,44.8,0
512,8192,448.0,8.0,1,0.9,60000,30.0,0.13653,0.05872,0.06524,0.0,0.0,1,0.13653,44.8,0
512,8192,448.0,8.0,1,0.9,120000,30.0,0.06827,0.05872,0.06524,0.0,0.0,1,0.06827,44.8,0
512,8192,448.0,8.0,1,0.99,30000,0.2,0.27307,0.05872,0.05931,0.00107,0.0,1,0.272,4.48,0
512,8192,448.0,8.0,1,0.99,60000,0.2,0.13653,0.05872,0.05931,0.00107,0.0,1,0.13547,4.48,0
512,8192,448.0,8.0,1,0.99,120000,0.2,0.06827,0.05872,0.05931,0.00107,0.0,1,0.0672,4.48,0
512,8192,448.0,8.0,1,0.99,30000,0.5,0.27307,0.05872,0.05931,6e-05,0.0,1,0.27301,4.48,0
512,8192,448.0,8.0,1,0.99,60000,0.5,0.13653,0.05872,0.05931,6e-05,0.0,1,0.13648,4.48,0
512,8192,448.0,8.0,1,0.99,120000,0.5,0.06827,0.05872,0.05931,6e-05,0.0,1,0.06821,4.48,0
512,8192,448.0,8.0,1,0.99,30000,1.0,0.27307,0.05872,0.05931,0.0,0.0,1,0.27307,4.48,0
512,8192,448.0,8.0,1,0.99,60000,1.0,0.13653,0.05872,0.05931,0.0,0.0,1,0.13653,4.48,0
512,8192,448.0,8.0,1,0.99,120000,1.0,0.06827,0.05872,0.05931,0.0,0.0,1,0.06827,4.48,0
512,8192,448.0,8.0,1,0.99,30000,2.0,0.27307,0.05872,0.05931,0.0,0.0,1,0.27307,4.48,0
512,8192,448.0,8.0,1,0.99,60000,2.0,0.13653,0.05872,0.05931,0.0,0.0,1,0.13653,4.48,0
512,8192,448.0,8.0,1,0.99,120000,2.0,0.06827,0.05872,0.05931,0.0,0.0,1,0.06827,4.48,0
512,8192,448.0,8.0,1,0.99,30000,5.0,0.27307,0.05872,0.05931,0.0,0.0,1,0.27307,4.48,0
512,8192,448.0,8.0,1,0.99,60000,5.0,0.13653,0.05872,0.05931,0.0,0.0,1,0.13653,4.48,0
512,8192,448.0,8.0,1,0.99,120000,5.0,0.06827,0.05872,0.05931,0.0,0.0,1,0.06827,4.48,0
512,8192,448.0,8.0,1,0.99,30000,10.0,0.27307,0.05872,0.05931,0.0,0.0,1,0.27307,4.48,0
512,8192,448.0,8.0,1,0.99,60000,10.0,0.13653,0.05872,0.05931,0.0,0.0,1,0.13653,4.48,0
512,8192,448.0,8.0,1,0.99,120000,10.0,0.06827,0.05872,0.05931,0.0,0.0,1,0.06827,4.48,0
512,8192,448.0,8.0,1,0.99,30000,30.0,0.27307,0.05872,0.05931,0.0,0.0,1,0.27307,4.48,0
512,8192,448.0,8.0,1,0.99,60000,30.0,0.13653,0.05872,0.05931,0.0,0.0,1,0.13653,4.48,0
512,8192,448.0,8.0,1,0.99,120000,30.0,0.06827,0.05872,0.05931,0.0,0.0,1,0.06827,4.48,0
512,8192,448.0,8.0,2,0.5,30000,0.2,0.27307,0.11744,0.23488,0.05915,0.16558,1,0.21391,224.0,1
512,8192,448.0,8.0,2,0.5,60000,0.2,0.13653,0.11744,0.23488,0.05915,0.16558,1,0.07738,224.0,1
512,8192,448.0,8.0,2,0.5,120000,0.2,0.06827,0.11744,0.23488,0.05915,0.16558,1,0.00911,224.0,1
512,8192,448.0,8.0,2,0.5,30000,0.5,0.27307,0.11744,0.23488,0.0124,0.05352,1,0.26067,224.0,0
512,8192,448.0,8.0,2,0.5,60000,0.5,0.13653,0.11744,0.23488,0.0124,0.05352,1,0.12414,224.0,0
512,8192,448.0,8.0,2,0.5,120000,0.5,0.06827,0.11744,0.23488,0.0124,0.05352,1,0.05587,224.0,0
512,8192,448.0,8.0,2,0.5,30000,1.0,0.27307,0.11744,0.23488,0.00253,0.0,1,0.27054,224.0,0
512,8192,448.0,8.0,2,0.5,60000,1.0,0.13653,0.11744,0.23488,0.00253,0.0,1,0.13401,224.0,0
512,8192,448.0,8.0,2,0.5,120000,1.0,0.06827,0.11744,0.23488,0.00253,0.0,1,0.06574,224.0,0
512,8192,448.0,8.0,2,0.5,30000,2.0,0.27307,0.11744,0.23488,0.00021,0.0,1,0.27285,224.0,0
512,8192,448.0,8.0,2,0.5,60000,2.0,0.13653,0.11744,0.23488,0.00021,0.0,1,0.13632,224.0,0
512,8192,448.0,8.0,2,0.5,120000,2.0,0.06827,0.11744,0.23488,0.00021,0.0,1,0.06805,224.0,0
512,8192,448.0,8.0,2,0.5,30000,5.0,0.27307,0.11744,0.23488,0.0,0.0,1,0.27307,224.0,0
512,8192,448.0,8.0,2,0.5,60000,5.0,0.13653,0.11744,0.23488,0.0,0.0,1,0.13653,224.0,0
512,8192,448.0,8.0,2,0.5,120000,5.0,0.06827,0.11744,0.23488,0.0,0.0,1,0.06827,224.0,0
512,8192,448.0,8.0,2,0.5,30000,10.0,0.27307,0.11744,0.23488,0.0,0.0,1,0.27307,224.0,0
512,8192,448.0,8.0,2,0.5,60000,10.0,0.13653,0.11744,0.23488,0.0,0.0,1,0.13653,224.0,0
512,8192,448.0,8.0,2,0.5,120000,10.0,0.06827,0.11744,0.23488,0.0,0.0,1,0.06827,224.0,0
512,8192,448.0,8.0,2,0.5,30000,30.0,0.27307,0.11744,0.23488,0.0,0.0,1,0.27307,224.0,0
512,8192,448.0,8.0,2,0.5,60000,30.0,0.13653,0.11744,0.23488,0.0,0.0,1,0.13653,224.0,0
512,8192,448.0,8.0,2,0.5,120000,30.0,0.06827,0.11744,0.23488,0.0,0.0,1,0.06827,224.0,0
512,8192,448.0,8.0,2,0.7,30000,0.2,0.27307,0.11744,0.16777,0.02667,0.09398,1,0.24639,134.4,0
512,8192,448.0,8.0,2,0.7,60000,0.2,0.13653,0.11744,0.16777,0.02667,0.09398,1,0.10986,134.4,0
512,8192,448.0,8.0,2,0.7,120000,0.2,0.06827,0.11744,0.16777,0.02667,0.09398,1,0.04159,134.4,0
512,8192,448.0,8.0,2,0.7,30000,0.5,0.27307,0.11744,0.16777,0.00362,0.0,1,0.26944,134.4,0
512,8192,448.0,8.0,2,0.7,60000,0.5,0.13653,0.11744,0.16777,0.00362,0.0,1,0.13291,134.4,0
512,8192,448.0,8.0,2,0.7,120000,0.5,0.06827,0.11744,0.16777,0.00362,0.0,1,0.06464,134.4,0
512,8192,448.0,8.0,2,0.7,30000,1.0,0.27307,0.11744,0.16777,0.0005,0.0,1,0.27256,134.4,0
512,8192,448.0,8.0,2,0.7,60000,1.0,0.13653,0.11744,0.16777,0.0005,0.0,1,0.13603,134.4,0
512,8192,448.0,8.0,2,0.7,120000,1.0,0.06827,0.11744,0.16777,0.0005,0.0,1,0.06776,134.4,0
512,8192,448.0,8.0,2,0.7,30000,2.0,0.27307,0.11744,0.16777,2e-05,0.0,1,0.27304,134.4,0
512,8192,448.0,8.0,2,0.7,60000,2.0,0.13653,0.11744,0.16777,2e-05,0.0,1,0.13651,134.4,0
512,8192,448.0,8.0,2,0.7,120000,2.0,0.06827,0.11744,0.16777,2e-05,0.0,1,0.06824,134.4,0
512,8192,448.0,8.0,2,0.7,30000,5.0,0.27307,0.11744,0.16777,0.0,0.0,1,0.27307,134.4,0
512,8192,448.0,8.0,2,0.7,60000,5.0,0.13653,0.11744,0.16777,0.0,0.0,1,0.13653,134.4,0
512,8192,448.0,8.0,2,0.7,120000,5.0,0.06827,0.11744,0.16777,0.0,0.0,1,0.06827,134.4,0
512,8192,448.0,8.0,2,0.7,30000,10.0,0.27307,0.11744,0.16777,0.0,0.0,1,0.27307,134.4,0
512,8192,448.0,8.0,2,0.7,60000,10.0,0.13653,0.11744,0.16777,0.0,0.0,1,0.13653,134.4,0
512,8192,448.0,8.0,2,0.7,120000,10.0,0.06827,0.11744,0.16777,0.0,0.0,1,0.06827,134.4,0
512,8192,448.0,8.0,2,0.7,30000,30.0,0.27307,0.11744,0.16777,0.0,0.0,1,0.27307,134.4,0
512,8192,448.0,8.0,2,0.7,60000,30.0,0.13653,0.11744,0.16777,0.0,0.0,1,0.13653,134.4,0
512,8192,448.0,8.0,2,0.7,120000,30.0,0.06827,0.11744,0.16777,0.0,0.0,1,0.06827,134.4,0
512,8192,448.0,8.0,2,0.9,30000,0.2,0.27307,0.11744,0.13049,0.01371,0.05791,1,0.25936,44.8,0
512,8192,448.0,8.0,2,0.9,60000,0.2,0.13653,0.11744,0.13049,0.01371,0.05791,1,0.12282,44.8,0
512,8192,448.0,8.0,2,0.9,120000,0.2,0.06827,0.11744,0.13049,0.01371,0.05791,1,0.05456,44.8,0
512,8192,448.0,8.0,2,0.9,30000,0.5,0.27307,0.11744,0.13049,0.00132,0.0,1,0.27175,44.8,0
512,8192,448.0,8.0,2,0.9,60000,0.5,0.13653,0.11744,0.13049,0.00132,0.0,1,0.13522,44.8,0
512,8192,448.0,8.0,2,0.9,120000,0.5,0.06827,0.11744,0.13049,0.00132,0.0,1,0.06695,44.8,0
512,8192,448.0,8.0,2,0.9,30000,1.0,0.27307,0.11744,0.13049,0.00024,0.0,1,0.27282,44.8,0
512,8192,448.0,8.0,2,0.9,60000,1.0,0.13653,0.11744,0.13049,0.00024,0.0,1,0.13629,44.8,0
512,8192,448.0,8.0,2,0.9,120000,1.0,0.06827,0.11744,0.13049,0.00024,0.0,1,0.06802,44.8,0
512,8192,448.0,8.0,2,0.9,30000,2.0,0.27307,0.11744,0.13049,1e-05,0.0,1,0.27306,44.8,0
512,8192,448.0,8.0,2,0.9,60000,2.0,0.13653,0.11744,0.13049,1e-05,0.0,1,0.13652,44.8,0
512,8192,448.0,8.0,2,0.9,120000,2.0,0.06827,0.11744,0.13049,1e-05,0.0,1,0.06826,44.8,0
512,8192,448.0,8.0,2,0.9,30000,5.0,0.27307,0.11744,0.13049,0.0,0.0,1,0.27307,44.8,0
512,8192,448.0,8.0,2,0.9,60000,5.0,0.13653,0.11744,0.13049,0.0,0.0,1,0.13653,44.8,0
512,8192,448.0,8.0,2,0.9,120000,5.0,0.06827,0.11744,0.13049,0.0,0.0,1,0.06827,44.8,0
512,8192,448.0,8.0,2,0.9,30000,10.0,0.27307,0.11744,0.13049,0.0,0.0,1,0.27307,44.8,0
512,8192,448.0,8.0,2,0.9,60000,10.0,0.13653,0.11744,0.13049,0.0,0.0,1,0.13653,44.8,0
512,8192,448.0,8.0,2,0.9,120000,10.0,0.06827,0.11744,0.13049,0.0,0.0,1,0.06827,44.8,0
512,8192,448.0,8.0,2,0.9,30000,30.0,0.27307,0.11744,0.13049,0.0,0.0,1,0.27307,44.8,0
512,8192,448.0,8.0,2,0.9,60000,30.0,0.13653,0.11744,0.13049,0.0,0.0,1,0.13653,44.8,0
512,8192,448.0,8.0,2,0.9,120000,30.0,0.06827,0.11744,0.13049,0.0,0.0,1,0.06827,44.8,0
512,8192,448.0,8.0,2,0.99,30000,0.2,0.27307,0.11744,0.11863,0.01065,0.04829,1,0.26241,4.48,0
512,8192,448.0,8.0,2,0.99,60000,0.2,0.13653,0.11744,0.11863,0.01065,0.04829,1,0.12588,4.48,0
512,8192,448.0,8.0,2,0.99,120000,0.2,0.06827,0.11744,0.11863,0.01065,0.04829,1,0.05761,4.48,0
512,8192,448.0,8.0,2,0.99,30000,0.5,0.27307,0.11744,0.11863,0.00105,0.0,1,0.27201,4.48,0
512,8192,448.0,8.0,2,0.99,60000,0.5,0.13653,0.11744,0.11863,0.00105,0.0,1,0.13548,4.48,0
512,8192,448.0,8.0,2,0.99,120000,0.5,0.06827,0.11744,0.11863,0.00105,0.0,1,0.06721,4.48,0
512,8192,448.0,8.0,2,0.99,30000,1.0,0.27307,0.11744,0.11863,9e-05,0.0,1,0.27298,4.48,0
512,8192,448.0,8.0,2,0.99,60000,1.0,0.13653,0.11744,0.11863,9e-05,0.0,1,0.13644,4.48,0
512,8192,448.0,8.0,2,0.99,120000,1.0,0.06827,0.11744,0.11863,9e-05,0.0,1,0.06818,4.48,0
512,8192,448.0,8.0,2,0.99,30000,2.0,0.27307,0.11744,0.11863,1e-05,0.0,1,0.27306,4.48,0
512,8192,448.0,8.0,2,0.99,60000,2.0,0.13653,0.11744,0.11863,1e-05,0.0,1,0.13652,4.48,0
512,8192,448.0,8.0,2,0.99,120000,2.0,0.06827,0.11744,0.11863,1e-05,0.0,1,0.06826,4.48,0
512,8192,448.0,8.0,2,0.99,30000,5.0,0.27307,0.11744,0.11863,0.0,0.0,1,0.27307,4.48,0
512,8192,448.0,8.0,2,0.99,60000,5.0,0.13653,0.11744,0.11863,0.0,0.0,1,0.13653,4.48,0
512,8192,448.0,8.0,2,0.99,120000,5.0,0.06827,0.11744,0.11863,0.0,0.0,1,0.06827,4.48,0
512,8192,448.0,8.0,2,0.99,30000,10.0,0.27307,0.11744,0.11863,0.0,0.0,1,0.27307,4.48,0
512,8192,448.0,8.0,2,0.99,60000,10.0,0.13653,0.11744,0.11863,0.0,0.0,1,0.13653,4.48,0
512,8192,448.0,8.0,2,0.99,120000,10.0,0.06827,0.11744,0.11863,0.0,0.0,1,0.06827,4.48,0
512,8192,448.0,8.0,2,0.99,30000,30.0,0.27307,0.11744,0.11863,0.0,0.0,1,0.27307,4.48,0
512,8192,448.0,8.0,2,0.99,60000,30.0,0.13653,0.11744,0.11863,0.0,0.0,1,0.13653,4.48,0
512,8192,448.0,8.0,2,0.99,120000,30.0,0.06827,0.11744,0.11863,0.0,0.0,1,0.06827,4.48,0
512,8192,448.0,8.0,4,0.5,30000,0.2,0.27307,0.23488,0.46976,0.23504,0.39802,1,0.03803,224.0,1
512,8192,448.0,8.0,4,0.5,60000,0.2,0.13653,0.23488,0.46976,0.23504,0.39802,0,-0.0985,224.0,1
512,8192,448.0,8.0,4,0.5,120000,0.2,0.06827,0.23488,0.46976,0.23504,0.39802,0,-0.16677,224.0,1
512,8192,448.0,8.0,4,0.5,30000,0.5,0.27307,0.23488,0.46976,0.09099,0.29837,1,0.18208,224.0,0
512,8192,448.0,8.0,4,0.5,60000,0.5,0.13653,0.23488,0.46976,0.09099,0.29837,1,0.04554,224.0,0
512,8192,448.0,8.0,4,0.5,120000,0.5,0.06827,0.23488,0.46976,0.09099,0.29837,0,-0.02272,224.0,0
512,8192,448.0,8.0,4,0.5,30000,1.0,0.27307,0.23488,0.46976,0.0237,0.10652,1,0.24937,224.0,0
512,8192,448.0,8.0,4,0.5,60000,1.0,0.13653,0.23488,0.46976,0.0237,0.10652,1,0.11283,224.0,0
512,8192,448.0,8.0,4,0.5,120000,1.0,0.06827,0.23488,0.46976,0.0237,0.10652,1,0.04457,224.0,0
512,8192,448.0,8.0,4,0.5,30000,2.0,0.27307,0.23488,0.46976,0.00395,0.0,1,0.26912,224.0,0
512,8192,448.0,8.0,4,0.5,60000,2.0,0.13653,0.23488,0.46976,0.00395,0.0,1,0.13258,224.0,0
512,8192,448.0,8.0,4,0.5,120000,2.0,0.06827,0.23488,0.46976,0.00395,0.0,1,0.06432,224.0,0
512,8192,448.0,8.0,4,0.5,30000,5.0,0.27307,0.23488,0.46976,0.0001,0.0,1,0.27297,224.0,0
512,8192,448.0,8.0,4,0.5,60000,5.0,0.13653,0.23488,0.46976,0.0001,0.0,1,0.13643,224.0,0
512,8192,448.0,8.0,4,0.5,120000,5.0,0.06827,0.23488,0.46976,0.0001,0.0,1,0.06817,224.0,0
512,8192,448.0,8.0,4,0.5,30000,10.0,0.27307,0.23488,0.46976,0.0,0.0,1,0.27307,224.0,0
512,8192,448.0,8.0,4,0.5,60000,10.0,0.13653,0.23488,0.46976,0.0,0.0,1,0.13653,224.0,0
512,8192,448.0,8.0,4,0.5,120000,10.0,0.06827,0.23488,0.46976,0.0,0.0,1,0.06827,224.0,0
512,8192,448.0,8.0,4,0.5,30000,30.0,0.27307,0.23488,0.46976,0.0,0.0,1,0.27307,224.0,0
512,8192,448.0,8.0,4,0.5,60000,30.0,0.13653,0.23488,0.46976,0.0,0.0,1,0.13653,224.0,0
512,8192,448.0,8.0,4,0.5,120000,30.0,0.06827,0.23488,0.46976,0.0,0.0,1,0.06827,224.0,0
512,8192,448.0,8.0,4,0.7,30000,0.2,0.27307,0.23488,0.33554,0.12363,0.26216,1,0.14944,134.4,1
512,8192,448.0,8.0,4,0.7,60000,0.2,0.13653,0.23488,0.33554,0.12363,0.26216,1,0.01291,134.4,1
512,8192,448.0,8.0,4,0.7,120000,0.2,0.06827,0.23488,0.33554,0.12363,0.26216,0,-0.05536,134.4,1
512,8192,448.0,8.0,4,0.7,30000,0.5,0.27307,0.23488,0.33554,0.03742,0.15869,1,0.23565,134.4,0
512,8192,448.0,8.0,4,0.7,60000,0.5,0.13653,0.23488,0.33554,0.03742,0.15869,1,0.09911,134.4,0
512,8192,448.0,8.0,4,0.7,120000,0.5,0.06827,0.23488,0.33554,0.03742,0.15869,1,0.03085,134.4,0
512,8192,448.0,8.0,4,0.7,30000,1.0,0.27307,0.23488,0.33554,0.00786,0.0,1,0.26521,134.4,0
512,8192,448.0,8.0,4,0.7,60000,1.0,0.13653,0.23488,0.33554,0.00786,0.0,1,0.12868,134.4,0
512,8192,448.0,8.0,4,0.7,120000,1.0,0.06827,0.23488,0.33554,0.00786,0.0,1,0.06041,134.4,0
512,8192,448.0,8.0,4,0.7,30000,2.0,0.27307,0.23488,0.33554,0.00072,0.0,1,0.27235,134.4,0
512,8192,448.0,8.0,4,0.7,60000,2.0,0.13653,0.23488,0.33554,0.00072,0.0,1,0.13582,134.4,0
512,8192,448.0,8.0,4,0.7,120000,2.0,0.06827,0.23488,0.33554,0.00072,0.0,1,0.06755,134.4,0
512,8192,448.0,8.0,4,0.7,30000,5.0,0.27307,0.23488,0.33554,9e-05,0.0,1,0.27297,134.4,0
512,8192,448.0,8.0,4,0.7,60000,5.0,0.13653,0.23488,0.33554,9e-05,0.0,1,0.13644,134.4,0
512,8192,448.0,8.0,4,0.7,120000,5.0,0.06827,0.23488,0.33554,9e-05,0.0,1,0.06817,134.4,0
512,8192,448.0,8.0,4,0.7,30000,10.0,0.27307,0.23488,0.33554,0.0,0.0,1,0.27307,134.4,0
512,8192,448.0,8.0,4,0.7,60000,10.0,0.13653,0.23488,0.33554,0.0,0.0,1,0.13653,134.4,0
512,8192,448.0,8.0,4,0.7,120000,10.0,0.06827,0.23488,0.33554,0.0,0.0,1,0.06827,134.4,0
512,8192,448.0,8.0,4,0.7,30000,30.0,0.27307,0.23488,0.33554,0.0,0.0,1,0.27307,134.4,0
512,8192,448.0,8.0,4,0.7,60000,30.0,0.13653,0.23488,0.33554,0.0,0.0,1,0.13653,134.4,0
512,8192,448.0,8.0,4,0.7,120000,30.0,0.06827,0.23488,0.33554,0.0,0.0,1,0.06827,134.4,0
512,8192,448.0,8.0,4,0.9,30000,0.2,0.27307,0.23488,0.26098,0.07688,0.19105,1,0.19619,44.8,1
512,8192,448.0,8.0,4,0.9,60000,0.2,0.13653,0.23488,0.26098,0.07688,0.19105,1,0.05966,44.8,1
512,8192,448.0,8.0,4,0.9,120000,0.2,0.06827,0.23488,0.26098,0.07688,0.19105,0,-0.00861,44.8,1
512,8192,448.0,8.0,4,0.9,30000,0.5,0.27307,0.23488,0.26098,0.01809,0.08819,1,0.25498,44.8,0
512,8192,448.0,8.0,4,0.9,60000,0.5,0.13653,0.23488,0.26098,0.01809,0.08819,1,0.11845,44.8,0
512,8192,448.0,8.0,4,0.9,120000,0.5,0.06827,0.23488,0.26098,0.01809,0.08819,1,0.05018,44.8,0
512,8192,448.0,8.0,4,0.9,30000,1.0,0.27307,0.23488,0.26098,0.00362,0.0,1,0.26945,44.8,0
512,8192,448.0,8.0,4,0.9,60000,1.0,0.13653,0.23488,0.26098,0.00362,0.0,1,0.13291,44.8,0
512,8192,448.0,8.0,4,0.9,120000,1.0,0.06827,0.23488,0.26098,0.00362,0.0,1,0.06465,44.8,0
512,8192,448.0,8.0,4,0.9,30000,2.0,0.27307,0.23488,0.26098,0.0003,0.0,1,0.27277,44.8,0
512,8192,448.0,8.0,4,0.9,60000,2.0,0.13653,0.23488,0.26098,0.0003,0.0,1,0.13624,44.8,0
512,8192,448.0,8.0,4,0.9,120000,2.0,0.06827,0.23488,0.26098,0.0003,0.0,1,0.06797,44.8,0
512,8192,448.0,8.0,4,0.9,30000,5.0,0.27307,0.23488,0.26098,0.0,0.0,1,0.27307,44.8,0
512,8192,448.0,8.0,4,0.9,60000,5.0,0.13653,0.23488,0.26098,0.0,0.0,1,0.13653,44.8,0
512,8192,448.0,8.0,4,0.9,120000,5.0,0.06827,0.23488,0.26098,0.0,0.0,1,0.06827,44.8,0
512,8192,448.0,8.0,4,0.9,30000,10.0,0.27307,0.23488,0.26098,0.0,0.0,1,0.27307,44.8,0
512,8192,448.0,8.0,4,0.9,60000,10.0,0.13653,0.23488,0.26098,0.0,0.0,1,0.13653,44.8,0
512,8192,448.0,8.0,4,0.9,120000,10.0,0.06827,0.23488,0.26098,0.0,0.0,1,0.06827,44.8,0
512,8192,448.0,8.0,4,0.9,30000,30.0,0.27307,0.23488,0.26098,0.0,0.0,1,0.27307,44.8,0
512,8192,448.0,8.0,4,0.9,60000,30.0,0.13653,0.23488,0.26098,0.0,0.0,1,0.13653,44.8,0
512,8192,448.0,8.0,4,0.9,120000,30.0,0.06827,0.23488,0.26098,0.0,0.0,1,0.06827,44.8,0
512,8192,448.0,8.0,4,0.99,30000,0.2,0.27307,0.23488,0.23725,0.06216,0.16648,1,0.21091,4.48,1
512,8192,448.0,8.0,4,0.99,60000,0.2,0.13653,0.23488,0.23725,0.06216,0.16648,1,0.07438,4.48,1
512,8192,448.0,8.0,4,0.99,120000,0.2,0.06827,0.23488,0.23725,0.06216,0.16648,1,0.00611,4.48,1
512,8192,448.0,8.0,4,0.99,30000,0.5,0.27307,0.23488,0.23725,0.01279,0.05455,1,0.26028,4.48,0
512,8192,448.0,8.0,4,0.99,60000,0.5,0.13653,0.23488,0.23725,0.01279,0.05455,1,0.12374,4.48,0
512,8192,448.0,8.0,4,0.99,120000,0.5,0.06827,0.23488,0.23725,0.01279,0.05455,1,0.05548,4.48,0
512,8192,448.0,8.0,4,0.99,30000,1.0,0.27307,0.23488,0.23725,0.00198,0.0,1,0.27109,4.48,0
512,8192,448.0,8.0,4,0.99,60000,1.0,0.13653,0.23488,0.23725,0.00198,0.0,1,0.13456,4.48,0
512,8192,448.0,8.0,4,0.99,120000,1.0,0.06827,0.23488,0.23725,0.00198,0.0,1,0.06629,4.48,0
512,8192,448.0,8.0,4,0.99,30000,2.0,0.27307,0.23488,0.23725,0.00025,0.0,1,0.27282,4.48,0
512,8192,448.0,8.0,4,0.99,60000,2.0,0.13653,0.23488,0.23725,0.00025,0.0,1,0.13629,4.48,0
512,8192,448.0,8.0,4,0.99,120000,2.0,0.06827,0.23488,0.23725,0.00025,0.0,1,0.06802,4.48,0
512,8192,448.0,8.0,4,0.99,30000,5.0,0.27307,0.23488,0.23725,0.0,0.0,1,0.27307,4.48,0
512,8192,448.0,8.0,4,0.99,60000,5.0,0.13653,0.23488,0.23725,0.0,0.0,1,0.13653,4.48,0
512,8192,448.0,8.0,4,0.99,120000,5.0,0.06827,0.23488,0.23725,0.0,0.0,1,0.06827,4.48,0
512,8192,448.0,8.0,4,0.99,30000,10.0,0.27307,0.23488,0.23725,0.0,0.0,1,0.27307,4.48,0
512,8192,448.0,8.0,4,0.99,60000,10.0,0.13653,0.23488,0.23725,0.0,0.0,1,0.13653,4.48,0
512,8192,448.0,8.0,4,0.99,120000,10.0,0.06827,0.23488,0.23725,0.0,0.0,1,0.06827,4.48,0
512,8192,448.0,8.0,4,0.99,30000,30.0,0.27307,0.23488,0.23725,0.0,0.0,1,0.27307,4.48,0
512,8192,448.0,8.0,4,0.99,60000,30.0,0.13653,0.23488,0.23725,0.0,0.0,1,0.13653,4.48,0
512,8192,448.0,8.0,4,0.99,120000,30.0,0.06827,0.23488,0.23725,0.0,0.0,1,0.06827,4.48,0
512,8192,448.0,8.0,8,0.5,30000,0.2,0.27307,0.46976,0.93952,0.67188,0.87318,0,-0.39881,224.0,1
512,8192,448.0,8.0,8,0.5,60000,0.2,0.13653,0.46976,0.93952,0.67188,0.87318,0,-0.53534,224.0,1
512,8192,448.0,8.0,8,0.5,120000,0.2,0.06827,0.46976,0.93952,0.67188,0.87318,0,-0.60361,224.0,1
512,8192,448.0,8.0,8,0.5,30000,0.5,0.27307,0.46976,0.93952,0.40135,0.76334,0,-0.12829,224.0,1
512,8192,448.0,8.0,8,0.5,60000,0.5,0.13653,0.46976,0.93952,0.40135,0.76334,0,-0.26482,224.0,1
512,8192,448.0,8.0,8,0.5,120000,0.5,0.06827,0.46976,0.93952,0.40135,0.76334,0,-0.33309,224.0,1
512,8192,448.0,8.0,8,0.5,30000,1.0,0.27307,0.46976,0.93952,0.17467,0.5653,1,0.0984,224.0,0
512,8192,448.0,8.0,8,0.5,60000,1.0,0.13653,0.46976,0.93952,0.17467,0.5653,0,-0.03814,224.0,0
512,8192,448.0,8.0,8,0.5,120000,1.0,0.06827,0.46976,0.93952,0.17467,0.5653,0,-0.1064,224.0,0
512,8192,448.0,8.0,8,0.5,30000,2.0,0.27307,0.46976,0.93952,0.04627,0.18132,1,0.2268,224.0,0
512,8192,448.0,8.0,8,0.5,60000,2.0,0.13653,0.46976,0.93952,0.04627,0.18132,1,0.09027,224.0,0
512,8192,448.0,8.0,8,0.5,120000,2.0,0.06827,0.46976,0.93952,0.04627,0.18132,1,0.022,224.0,0
512,8192,448.0,8.0,8,0.5,30000,5.0,0.27307,0.46976,0.93952,0.00293,0.0,1,0.27013,224.0,0
512,8192,448.0,8.0,8,0.5,60000,5.0,0.13653,0.46976,0.93952,0.00293,0.0,1,0.1336,224.0,0
512,8192,448.0,8.0,8,0.5,120000,5.0,0.06827,0.46976,0.93952,0.00293,0.0,1,0.06533,224.0,0
512,8192,448.0,8.0,8,0.5,30000,10.0,0.27307,0.46976,0.93952,0.00038,0.0,1,0.27268,224.0,0
512,8192,448.0,8.0,8,0.5,60000,10.0,0.13653,0.46976,0.93952,0.00038,0.0,1,0.13615,224.0,0
512,8192,448.0,8.0,8,0.5,120000,10.0,0.06827,0.46976,0.93952,0.00038,0.0,1,0.06788,224.0,0
512,8192,448.0,8.0,8,0.5,30000,30.0,0.27307,0.46976,0.93952,0.0,0.0,1,0.27307,224.0,0
512,8192,448.0,8.0,8,0.5,60000,30.0,0.13653,0.46976,0.93952,0.0,0.0,1,0.13653,224.0,0
512,8192,448.0,8.0,8,0.5,120000,30.0,0.06827,0.46976,0.93952,0.0,0.0,1,0.06827,224.0,0
512,8192,448.0,8.0,8,0.7,30000,0.2,0.27307,0.46976,0.67109,0.41461,0.59556,0,-0.14154,134.4,1
512,8192,448.0,8.0,8,0.7,60000,0.2,0.13653,0.46976,0.67109,0.41461,0.59556,0,-0.27807,134.4,1
512,8192,448.0,8.0,8,0.7,120000,0.2,0.06827,0.46976,0.67109,0.41461,0.59556,0,-0.34634,134.4,1
512,8192,448.0,8.0,8,0.7,30000,0.5,0.27307,0.46976,0.67109,0.19823,0.49181,1,0.07484,134.4,1
512,8192,448.0,8.0,8,0.7,60000,0.5,0.13653,0.46976,0.67109,0.19823,0.49181,0,-0.0617,134.4,1
512,8192,448.0,8.0,8,0.7,120000,0.5,0.06827,0.46976,0.67109,0.19823,0.49181,0,-0.12996,134.4,1
512,8192,448.0,8.0,8,0.7,30000,1.0,0.27307,0.46976,0.67109,0.07779,0.31691,1,0.19527,134.4,0
512,8192,448.0,8.0,8,0.7,60000,1.0,0.13653,0.46976,0.67109,0.07779,0.31691,1,0.05874,134.4,0
512,8192,448.0,8.0,8,0.7,120000,1.0,0.06827,0.46976,0.67109,0.07779,0.31691,0,-0.00953,134.4,0
512,8192,448.0,8.0,8,0.7,30000,2.0,0.27307,0.46976,0.67109,0.01706,0.0,1,0.25601,134.4,0
512,8192,448.0,8.0,8,0.7,60000,2.0,0.13653,0.46976,0.67109,0.01706,0.0,1,0.11948,134.4,0
512,8192,448.0,8.0,8,0.7,120000,2.0,0.06827,0.46976,0.67109,0.01706,0.0,1,0.05121,134.4,0
512,8192,448.0,8.0,8,0.7,30000,5.0,0.27307,0.46976,0.67109,0.0012,0.0,1,0.27187,134.4,0
512,8192,448.0,8.0,8,0.7,60000,5.0,0.13653,0.46976,0.67109,0.0012,0.0,1,0.13534,134.4,0
512,8192,448.0,8.0,8,0.7,120000,5.0,0.06827,0.46976,0.67109,0.0012,0.0,1,0.06707,134.4,0
512,8192,448.0,8.0,8,0.7,30000,10.0,0.27307,0.46976,0.67109,0.0,0.0,1,0.27307,134.4,0
512,8192,448.0,8.0,8,0.7,60000,10.0,0.13653,0.46976,0.67109,0.0,0.0,1,0.13653,134.4,0
512,8192,448.0,8.0,8,0.7,120000,10.0,0.06827,0.46976,0.67109,0.0,0.0,1,0.06827,134.4,0
512,8192,448.0,8.0,8,0.7,30000,30.0,0.27307,0.46976,0.67109,0.0,0.0,1,0.27307,134.4,0
512,8192,448.0,8.0,8,0.7,60000,30.0,0.13653,0.46976,0.67109,0.0,0.0,1,0.13653,134.4,0
512,8192,448.0,8.0,8,0.7,120000,30.0,0.06827,0.46976,0.67109,0.0,0.0,1,0.06827,134.4,0
512,8192,448.0,8.0,8,0.9,30000,0.2,0.27307,0.46976,0.52196,0.28183,0.44861,0,-0.00877,44.8,1
512,8192,448.0,8.0,8,0.9,60000,0.2,0.13653,0.46976,0.52196,0.28183,0.44861,0,-0.1453,44.8,1
512,8192,448.0,8.0,8,0.9,120000,0.2,0.06827,0.46976,0.52196,0.28183,0.44861,0,-0.21357,44.8,1
512,8192,448.0,8.0,8,0.9,30000,0.5,0.27307,0.46976,0.52196,0.11654,0.34827,1,0.15653,44.8,1
512,8192,448.0,8.0,8,0.9,60000,0.5,0.13653,0.46976,0.52196,0.11654,0.34827,1,0.01999,44.8,1
512,8192,448.0,8.0,8,0.9,120000,0.5,0.06827,0.46976,0.52196,0.11654,0.34827,0,-0.04827,44.8,1
512,8192,448.0,8.0,8,0.9,30000,1.0,0.27307,0.46976,0.52196,0.03578,0.16066,1,0.23729,44.8,0
512,8192,448.0,8.0,8,0.9,60000,1.0,0.13653,0.46976,0.52196,0.03578,0.16066,1,0.10076,44.8,0
512,8192,448.0,8.0,8,0.9,120000,1.0,0.06827,0.46976,0.52196,0.03578,0.16066,1,0.03249,44.8,0
512,8192,448.0,8.0,8,0.9,30000,2.0,0.27307,0.46976,0.52196,0.00712,0.0,1,0.26595,44.8,0
512,8192,448.0,8.0,8,0.9,60000,2.0,0.13653,0.46976,0.52196,0.00712,0.0,1,0.12942,44.8,0
512,8192,448.0,8.0,8,0.9,120000,2.0,0.06827,0.46976,0.52196,0.00712,0.0,1,0.06115,44.8,0
512,8192,448.0,8.0,8,0.9,30000,5.0,0.27307,0.46976,0.52196,0.00013,0.0,1,0.27294,44.8,0
512,8192,448.0,8.0,8,0.9,60000,5.0,0.13653,0.46976,0.52196,0.00013,0.0,1,0.13641,44.8,0
512,8192,448.0,8.0,8,0.9,120000,5.0,0.06827,0.46976,0.52196,0.00013,0.0,1,0.06814,44.8,0
512,8192,448.0,8.0,8,0.9,30000,10.0,0.27307,0.46976,0.52196,0.0,0.0,1,0.27307,44.8,0
512,8192,448.0,8.0,8,0.9,60000,10.0,0.13653,0.46976,0.52196,0.0,0.0,1,0.13653,44.8,0
512,8192,448.0,8.0,8,0.9,120000,10.0,0.06827,0.46976,0.52196,0.0,0.0,1,0.06827,44.8,0
512,8192,448.0,8.0,8,0.9,30000,30.0,0.27307,0.46976,0.52196,0.0,0.0,1,0.27307,44.8,0
512,8192,448.0,8.0,8,0.9,60000,30.0,0.13653,0.46976,0.52196,0.0,0.0,1,0.13653,44.8,0
512,8192,448.0,8.0,8,0.9,120000,30.0,0.06827,0.46976,0.52196,0.0,0.0,1,0.06827,44.8,0
512,8192,448.0,8.0,8,0.99,30000,0.2,0.27307,0.46976,0.47451,0.24081,0.40033,1,0.03226,4.48,1
512,8192,448.0,8.0,8,0.99,60000,0.2,0.13653,0.46976,0.47451,0.24081,0.40033,0,-0.10428,4.48,1
512,8192,448.0,8.0,8,0.99,120000,0.2,0.06827,0.46976,0.47451,0.24081,0.40033,0,-0.17254,4.48,1
512,8192,448.0,8.0,8,0.99,30000,0.5,0.27307,0.46976,0.47451,0.08662,0.28812,1,0.18644,4.48,0
512,8192,448.0,8.0,8,0.99,60000,0.5,0.13653,0.46976,0.47451,0.08662,0.28812,1,0.04991,4.48,0
512,8192,448.0,8.0,8,0.99,120000,0.5,0.06827,0.46976,0.47451,0.08662,0.28812,0,-0.01836,4.48,0
512,8192,448.0,8.0,8,0.99,30000,1.0,0.27307,0.46976,0.47451,0.02832,0.1287,1,0.24475,4.48,0
512,8192,448.0,8.0,8,0.99,60000,1.0,0.13653,0.46976,0.47451,0.02832,0.1287,1,0.10822,4.48,0
512,8192,448.0,8.0,8,0.99,120000,1.0,0.06827,0.46976,0.47451,0.02832,0.1287,1,0.03995,4.48,0
512,8192,448.0,8.0,8,0.99,30000,2.0,0.27307,0.46976,0.47451,0.00467,0.0,1,0.2684,4.48,0
512,8192,448.0,8.0,8,0.99,60000,2.0,0.13653,0.46976,0.47451,0.00467,0.0,1,0.13186,4.48,0
512,8192,448.0,8.0,8,0.99,120000,2.0,0.06827,0.46976,0.47451,0.00467,0.0,1,0.0636,4.48,0
512,8192,448.0,8.0,8,0.99,30000,5.0,0.27307,0.46976,0.47451,0.00026,0.0,1,0.27281,4.48,0
512,8192,448.0,8.0,8,0.99,60000,5.0,0.13653,0.46976,0.47451,0.00026,0.0,1,0.13627,4.48,0
512,8192,448.0,8.0,8,0.99,120000,5.0,0.06827,0.46976,0.47451,0.00026,0.0,1,0.06801,4.48,0
512,8192,448.0,8.0,8,0.99,30000,10.0,0.27307,0.46976,0.47451,0.0,0.0,1,0.27307,4.48,0
512,8192,448.0,8.0,8,0.99,60000,10.0,0.13653,0.46976,0.47451,0.0,0.0,1,0.13653,4.48,0
512,8192,448.0,8.0,8,0.99,120000,10.0,0.06827,0.46976,0.47451,0.0,0.0,1,0.06827,4.48,0
512,8192,448.0,8.0,8,0.99,30000,30.0,0.27307,0.46976,0.47451,0.0,0.0,1,0.27307,4.48,0
512,8192,448.0,8.0,8,0.99,60000,30.0,0.13653,0.46976,0.47451,0.0,0.0,1,0.13653,4.48,0
512,8192,448.0,8.0,8,0.99,120000,30.0,0.06827,0.46976,0.47451,0.0,0.0,1,0.06827,4.48,0
512,8192,448.0,8.0,16,0.5,30000,0.2,0.27307,0.93952,1.87905,1.60591,1.80373,0,-1.33284,224.0,1
512,8192,448.0,8.0,16,0.5,60000,0.2,0.13653,0.93952,1.87905,1.60591,1.80373,0,-1.46938,224.0,1
512,8192,448.0,8.0,16,0.5,120000,0.2,0.06827,0.93952,1.87905,1.60591,1.80373,0,-1.53764,224.0,1
512,8192,448.0,8.0,16,0.5,30000,0.5,0.27307,0.93952,1.87905,1.23281,1.69676,0,-0.95974,224.0,1
512,8192,448.0,8.0,16,0.5,60000,0.5,0.13653,0.93952,1.87905,1.23281,1.69676,0,-1.09628,224.0,1
512,8192,448.0,8.0,16,0.5,120000,0.5,0.06827,0.93952,1.87905,1.23281,1.69676,0,-1.16454,224.0,1
512,8192,448.0,8.0,16,0.5,30000,1.0,0.27307,0.93952,1.87905,0.77717,1.50102,0,-0.5041,224.0,1
512,8192,448.0,8.0,16,0.5,60000,1.0,0.13653,0.93952,1.87905,0.77717,1.50102,0,-0.64063,224.0,1
512,8192,448.0,8.0,16,0.5,120000,1.0,0.06827,0.93952,1.87905,0.77717,1.50102,0,-0.7089,224.0,1
512,8192,448.0,8.0,16,0.5,30000,2.0,0.27307,0.93952,1.87905,0.33953,1.13267,0,-0.06646,224.0,0
512,8192,448.0,8.0,16,0.5,60000,2.0,0.13653,0.93952,1.87905,0.33953,1.13267,0,-0.203,224.0,0
512,8192,448.0,8.0,16,0.5,120000,2.0,0.06827,0.93952,1.87905,0.33953,1.13267,0,-0.27126,224.0,0
512,8192,448.0,8.0,16,0.5,30000,5.0,0.27307,0.93952,1.87905,0.05314,0.03535,1,0.21993,224.0,0
512,8192,448.0,8.0,16,0.5,60000,5.0,0.13653,0.93952,1.87905,0.05314,0.03535,1,0.08339,224.0,0
512,8192,448.0,8.0,16,0.5,120000,5.0,0.06827,0.93952,1.87905,0.05314,0.03535,1,0.01513,224.0,0
512,8192,448.0,8.0,16,0.5,30000,10.0,0.27307,0.93952,1.87905,0.00892,0.0,1,0.26415,224.0,0
512,8192,448.0,8.0,16,0.5,60000,10.0,0.13653,0.93952,1.87905,0.00892,0.0,1,0.12762,224.0,0
512,8192,448.0,8.0,16,0.5,120000,10.0,0.06827,0.93952,1.87905,0.00892,0.0,1,0.05935,224.0,0
512,8192,448.0,8.0,16,0.5,30000,30.0,0.27307,0.93952,1.87905,0.0005,0.0,1,0.27256,224.0,0
512,8192,448.0,8.0,16,0.5,60000,30.0,0.13653,0.93952,1.87905,0.0005,0.0,1,0.13603,224.0,0
512,8192,448.0,8.0,16,0.5,120000,30.0,0.06827,0.93952,1.87905,0.0005,0.0,1,0.06776,224.0,0
512,8192,448.0,8.0,16,0.7,30000,0.2,0.27307,0.93952,1.34218,1.07373,1.26584,0,-0.80067,134.4,1
512,8192,448.0,8.0,16,0.7,60000,0.2,0.13653,0.93952,1.34218,1.07373,1.26584,0,-0.9372,134.4,1
512,8192,448.0,8.0,16,0.7,120000,0.2,0.06827,0.93952,1.34218,1.07373,1.26584,0,-1.00547,134.4,1
512,8192,448.0,8.0,16,0.7,30000,0.5,0.27307,0.93952,1.34218,0.72749,1.15525,0,-0.45442,134.4,1
512,8192,448.0,8.0,16,0.7,60000,0.5,0.13653,0.93952,1.34218,0.72749,1.15525,0,-0.59096,134.4,1
512,8192,448.0,8.0,16,0.7,120000,0.5,0.06827,0.93952,1.34218,0.72749,1.15525,0,-0.65922,134.4,1
512,8192,448.0,8.0,16,0.7,30000,1.0,0.27307,0.93952,1.34218,0.40232,0.97038,0,-0.12925,134.4,1
512,8192,448.0,8.0,16,0.7,60000,1.0,0.13653,0.93952,1.34218,0.40232,0.97038,0,-0.26579,134.4,1
512,8192,448.0,8.0,16,0.7,120000,1.0,0.06827,0.93952,1.34218,0.40232,0.97038,0,-0.33405,134.4,1
512,8192,448.0,8.0,16,0.7,30000,2.0,0.27307,0.93952,1.34218,0.15138,0.64164,1,0.12168,134.4,0
512,8192,448.0,8.0,16,0.7,60000,2.0,0.13653,0.93952,1.34218,0.15138,0.64164,0,-0.01485,134.4,0
512,8192,448.0,8.0,16,0.7,120000,2.0,0.06827,0.93952,1.34218,0.15138,0.64164,0,-0.08312,134.4,0
512,8192,448.0,8.0,16,0.7,30000,5.0,0.27307,0.93952,1.34218,0.01743,0.0,1,0.25564,134.4,0
512,8192,448.0,8.0,16,0.7,60000,5.0,0.13653,0.93952,1.34218,0.01743,0.0,1,0.11911,134.4,0
512,8192,448.0,8.0,16,0.7,120000,5.0,0.06827,0.93952,1.34218,0.01743,0.0,1,0.05084,134.4,0
512,8192,448.0,8.0,16,0.7,30000,10.0,0.27307,0.93952,1.34218,0.00353,0.0,1,0.26954,134.4,0
512,8192,448.0,8.0,16,0.7,60000,10.0,0.13653,0.93952,1.34218,0.00353,0.0,1,0.13301,134.4,0
512,8192,448.0,8.0,16,0.7,120000,10.0,0.06827,0.93952,1.34218,0.00353,0.0,1,0.06474,134.4,0
512,8192,448.0,8.0,16,0.7,30000,30.0,0.27307,0.93952,1.34218,0.0,0.0,1,0.27307,134.4,0
512,8192,448.0,8.0,16,0.7,60000,30.0,0.13653,0.93952,1.34218,0.0,0.0,1,0.13653,134.4,0
512,8192,448.0,8.0,16,0.7,120000,30.0,0.06827,0.93952,1.34218,0.0,0.0,1,0.06827,134.4,0
512,8192,448.0,8.0,16,0.9,30000,0.2,0.27307,0.93952,1.04392,0.78036,0.97285,0,-0.50729,44.8,1
512,8192,448.0,8.0,16,0.9,60000,0.2,0.13653,0.93952,1.04392,0.78036,0.97285,0,-0.64383,44.8,1
512,8192,448.0,8.0,16,0.9,120000,0.2,0.06827,0.93952,1.04392,0.78036,0.97285,0,-0.71209,44.8,1
512,8192,448.0,8.0,16,0.9,30000,0.5,0.27307,0.93952,1.04392,0.48792,0.86073,0,-0.21485,44.8,1
512,8192,448.0,8.0,16,0.9,60000,0.5,0.13653,0.93952,1.04392,0.48792,0.86073,0,-0.35139,44.8,1
512,8192,448.0,8.0,16,0.9,120000,0.5,0.06827,0.93952,1.04392,0.48792,0.86073,0,-0.41965,44.8,1
512,8192,448.0,8.0,16,0.9,30000,1.0,0.27307,0.93952,1.04392,0.24086,0.69339,1,0.0322,44.8,1
512,8192,448.0,8.0,16,0.9,60000,1.0,0.13653,0.93952,1.04392,0.24086,0.69339,0,-0.10433,44.8,1
512,8192,448.0,8.0,16,0.9,120000,1.0,0.06827,0.93952,1.04392,0.24086,0.69339,0,-0.1726,44.8,1
512,8192,448.0,8.0,16,0.9,30000,2.0,0.27307,0.93952,1.04392,0.07004,0.32957,1,0.20302,44.8,0
512,8192,448.0,8.0,16,0.9,60000,2.0,0.13653,0.93952,1.04392,0.07004,0.32957,1,0.06649,44.8,0
512,8192,448.0,8.0,16,0.9,120000,2.0,0.06827,0.93952,1.04392,0.07004,0.32957,0,-0.00178,44.8,0
512,8192,448.0,8.0,16,0.9,30000,5.0,0.27307,0.93952,1.04392,0.00745,0.0,1,0.26562,44.8,0
512,8192,448.0,8.0,16,0.9,60000,5.0,0.13653,0.93952,1.04392,0.00745,0.0,1,0.12909,44.8,0
512,8192,448.0,8.0,16,0.9,120000,5.0,0.06827,0.93952,1.04392,0.00745,0.0,1,0.06082,44.8,0
512,8192,448.0,8.0,16,0.9,30000,10.0,0.27307,0.93952,1.04392,0.00043,0.0,1,0.27264,44.8,0
512,8192,448.0,8.0,16,0.9,60000,10.0,0.13653,0.93952,1.04392,0.00043,0.0,1,0.1361,44.8,0
512,8192,448.0,8.0,16,0.9,120000,10.0,0.06827,0.93952,1.04392,0.00043,0.0,1,0.06784,44.8,0
512,8192,448.0,8.0,16,0.9,30000,30.0,0.27307,0.93952,1.04392,0.0,0.0,1,0.27307,44.8,0
512,8192,448.0,8.0,16,0.9,60000,30.0,0.13653,0.93952,1.04392,0.0,0.0,1,0.13653,44.8,0
512,8192,448.0,8.0,16,0.9,120000,30.0,0.06827,0.93952,1.04392,0.0,0.0,1,0.06827,44.8,0
512,8192,448.0,8.0,16,0.99,30000,0.2,0.27307,0.93952,0.94901,0.67361,0.87428,0,-0.40055,4.48,1
512,8192,448.0,8.0,16,0.99,60000,0.2,0.13653,0.93952,0.94901,0.67361,0.87428,0,-0.53708,4.48,1
512,8192,448.0,8.0,16,0.99,120000,0.2,0.06827,0.93952,0.94901,0.67361,0.87428,0,-0.60535,4.48,1
512,8192,448.0,8.0,16,0.99,30000,0.5,0.27307,0.93952,0.94901,0.40667,0.78206,0,-0.1336,4.48,1
512,8192,448.0,8.0,16,0.99,60000,0.5,0.13653,0.93952,0.94901,0.40667,0.78206,0,-0.27013,4.48,1
512,8192,448.0,8.0,16,0.99,120000,0.5,0.06827,0.93952,0.94901,0.40667,0.78206,0,-0.3384,4.48,1
512,8192,448.0,8.0,16,0.99,30000,1.0,0.27307,0.93952,0.94901,0.18091,0.5798,1,0.09215,4.48,0
512,8192,448.0,8.0,16,0.99,60000,1.0,0.13653,0.93952,0.94901,0.18091,0.5798,0,-0.04438,4.48,0
512,8192,448.0,8.0,16,0.99,120000,1.0,0.06827,0.93952,0.94901,0.18091,0.5798,0,-0.11265,4.48,0
512,8192,448.0,8.0,16,0.99,30000,2.0,0.27307,0.93952,0.94901,0.05386,0.2578,1,0.21921,4.48,0
512,8192,448.0,8.0,16,0.99,60000,2.0,0.13653,0.93952,0.94901,0.05386,0.2578,1,0.08268,4.48,0
512,8192,448.0,8.0,16,0.99,120000,2.0,0.06827,0.93952,0.94901,0.05386,0.2578,1,0.01441,4.48,0
512,8192,448.0,8.0,16,0.99,30000,5.0,0.27307,0.93952,0.94901,0.00383,0.0,1,0.26924,4.48,0
512,8192,448.0,8.0,16,0.99,60000,5.0,0.13653,0.93952,0.94901,0.00383,0.0,1,0.1327,4.48,0
512,8192,448.0,8.0,16,0.99,120000,5.0,0.06827,0.93952,0.94901,0.00383,0.0,1,0.06444,4.48,0
512,8192,448.0,8.0,16,0.99,30000,10.0,0.27307,0.93952,0.94901,0.00072,0.0,1,0.27234,4.48,0
512,8192,448.0,8.0,16,0.99,60000,10.0,0.13653,0.93952,0.94901,0.00072,0.0,1,0.13581,4.48,0
512,8192,448.0,8.0,16,0.99,120000,10.0,0.06827,0.93952,0.94901,0.00072,0.0,1,0.06754,4.48,0
512,8192,448.0,8.0,16,0.99,30000,30.0,0.27307,0.93952,0.94901,0.0,0.0,1,0.27307,4.48,0
512,8192,448.0,8.0,16,0.99,60000,30.0,0.13653,0.93952,0.94901,0.0,0.0,1,0.13653,4.48,0
512,8192,448.0,8.0,16,0.99,120000,30.0,0.06827,0.93952,0.94901,0.0,0.0,1,0.06827,4.48,0
512,8192,448.0,8.0,32,0.5,30000,0.2,0.27307,1.87905,3.7581,3.48192,3.68678,0,-3.20885,224.0,1
512,8192,448.0,8.0,32,0.5,60000,0.2,0.13653,1.87905,3.7581,3.48192,3.68678,0,-3.34538,224.0,1
512,8192,448.0,8.0,32,0.5,120000,0.2,0.06827,1.87905,3.7581,3.48192,3.68678,0,-3.41365,224.0,1
512,8192,448.0,8.0,32,0.5,30000,0.5,0.27307,1.87905,3.7581,3.07729,3.57335,0,-2.80423,224.0,1
512,8192,448.0,8.0,32,0.5,60000,0.5,0.13653,1.87905,3.7581,3.07729,3.57335,0,-2.94076,224.0,1
512,8192,448.0,8.0,32,0.5,120000,0.5,0.06827,1.87905,3.7581,3.07729,3.57335,0,-3.00903,224.0,1
512,8192,448.0,8.0,32,0.5,30000,1.0,0.27307,1.87905,3.7581,2.44737,3.37056,0,-2.17431,224.0,1
512,8192,448.0,8.0,32,0.5,60000,1.0,0.13653,1.87905,3.7581,2.44737,3.37056,0,-2.31084,224.0,1
512,8192,448.0,8.0,32,0.5,120000,1.0,0.06827,1.87905,3.7581,2.44737,3.37056,0,-2.37911,224.0,1
512,8192,448.0,8.0,32,0.5,30000,2.0,0.27307,1.87905,3.7581,1.54497,3.01375,0,-1.2719,224.0,1
512,8192,448.0,8.0,32,0.5,60000,2.0,0.13653,1.87905,3.7581,1.54497,3.01375,0,-1.40844,224.0,1
512,8192,448.0,8.0,32,0.5,120000,2.0,0.06827,1.87905,3.7581,1.54497,3.01375,0,-1.4767,224.0,1
512,8192,448.0,8.0,32,0.5,30000,5.0,0.27307,1.87905,3.7581,0.48435,1.84006,0,-0.21128,224.0,0
512,8192,448.0,8.0,32,0.5,60000,5.0,0.13653,1.87905,3.7581,0.48435,1.84006,0,-0.34782,224.0,0
512,8192,448.0,8.0,32,0.5,120000,5.0,0.06827,1.87905,3.7581,0.48435,1.84006,0,-0.41608,224.0,0
512,8192,448.0,8.0,32,0.5,30000,10.0,0.27307,1.87905,3.7581,0.11728,0.13456,1,0.15579,224.0,0
512,8192,448.0,8.0,32,0.5,60000,10.0,0.13653,1.87905,3.7581,0.11728,0.13456,1,0.01926,224.0,0
512,8192,448.0,8.0,32,0.5,120000,10.0,0.06827,1.87905,3.7581,0.11728,0.13456,0,-0.04901,224.0,0
512,8192,448.0,8.0,32,0.5,30000,30.0,0.27307,1.87905,3.7581,0.00239,0.0,1,0.27068,224.0,0
512,8192,448.0,8.0,32,0.5,60000,30.0,0.13653,1.87905,3.7581,0.00239,0.0,1,0.13414,224.0,0
512,8192,448.0,8.0,32,0.5,120000,30.0,0.06827,1.87905,3.7581,0.00239,0.0,1,0.06588,224.0,0
512,8192,448.0,8.0,32,0.7,30000,0.2,0.27307,1.87905,2.68435,2.40262,2.6155,0,-2.12955,134.4,1
512,8192,448.0,8.0,32,0.7,60000,0.2,0.13653,1.87905,2.68435,2.40262,2.6155,0,-2.26608,134.4,1
512,8192,448.0,8.0,32,0.7,120000,0.2,0.06827,1.87905,2.68435,2.40262,2.6155,0,-2.33435,134.4,1
512,8192,448.0,8.0,32,0.7,30000,0.5,0.27307,1.87905,2.68435,2.01197,2.50795,0,-1.7389,134.4,1
512,8192,448.0,8.0,32,0.7,60000,0.5,0.13653,1.87905,2.68435,2.01197,2.50795,0,-1.87543,134.4,1
512,8192,448.0,8.0,32,0.7,120000,0.5,0.06827,1.87905,2.68435,2.01197,2.50795,0,-1.9437,134.4,1
512,8192,448.0,8.0,32,0.7,30000,1.0,0.27307,1.87905,2.68435,1.4722,2.32779,0,-1.19913,134.4,1
512,8192,448.0,8.0,32,0.7,60000,1.0,0.13653,1.87905,2.68435,1.4722,2.32779,0,-1.33567,134.4,1
512,8192,448.0,8.0,32,0.7,120000,1.0,0.06827,1.87905,2.68435,1.4722,2.32779,0,-1.40393,134.4,1
512,8192,448.0,8.0,32,0.7,30000,2.0,0.27307,1.87905,2.68435,0.81085,1.93802,0,-0.53779,134.4,1
512,8192,448.0,8.0,32,0.7,60000,2.0,0.13653,1.87905,2.68435,0.81085,1.93802,0,-0.67432,134.4,1
512,8192,448.0,8.0,32,0.7,120000,2.0,0.06827,1.87905,2.68435,0.81085,1.93802,0,-0.74259,134.4,1
512,8192,448.0,8.0,32,0.7,30000,5.0,0.27307,1.87905,2.68435,0.19835,0.87767,1,0.07472,134.4,0
512,8192,448.0,8.0,32,0.7,60000,5.0,0.13653,1.87905,2.68435,0.19835,0.87767,0,-0.06181,134.4,0
512,8192,448.0,8.0,32,0.7,120000,5.0,0.06827,1.87905,2.68435,0.19835,0.87767,0,-0.13008,134.4,0
512,8192,448.0,8.0,32,0.7,30000,10.0,0.27307,1.87905,2.68435,0.03453,0.0,1,0.23853,134.4,0
512,8192,448.0,8.0,32,0.7,60000,10.0,0.13653,1.87905,2.68435,0.03453,0.0,1,0.102,134.4,0
512,8192,448.0,8.0,32,0.7,120000,10.0,0.06827,1.87905,2.68435,0.03453,0.0,1,0.03373,134.4,0
512,8192,448.0,8.0,32,0.7,30000,30.0,0.27307,1.87905,2.68435,0.00149,0.0,1,0.27158,134.4,0
512,8192,448.0,8.0,32,0.7,60000,30.0,0.13653,1.87905,2.68435,0.00149,0.0,1,0.13505,134.4,0
512,8192,448.0,8.0,32,0.7,120000,30.0,0.06827,1.87905,2.68435,0.00149,0.0,1,0.06678,134.4,0
512,8192,448.0,8.0,32,0.9,30000,0.2,0.27307,1.87905,2.08783,1.81286,2.01908,0,-1.53979,44.8,1
512,8192,448.0,8.0,32,0.9,60000,0.2,0.13653,1.87905,2.08783,1.81286,2.01908,0,-1.67633,44.8,1
512,8192,448.0,8.0,32,0.9,120000,0.2,0.06827,1.87905,2.08783,1.81286,2.01908,0,-1.74459,44.8,1
512,8192,448.0,8.0,32,0.9,30000,0.5,0.27307,1.87905,2.08783,1.44916,1.91201,0,-1.17609,44.8,1
512,8192,448.0,8.0,32,0.9,60000,0.5,0.13653,1.87905,2.08783,1.44916,1.91201,0,-1.31262,44.8,1
512,8192,448.0,8.0,32,0.9,120000,0.5,0.06827,1.87905,2.08783,1.44916,1.91201,0,-1.38089,44.8,1
512,8192,448.0,8.0,32,0.9,30000,1.0,0.27307,1.87905,2.08783,0.96043,1.73758,0,-0.68736,44.8,1
512,8192,448.0,8.0,32,0.9,60000,1.0,0.13653,1.87905,2.08783,0.96043,1.73758,0,-0.82389,44.8,1
512,8192,448.0,8.0,32,0.9,120000,1.0,0.06827,1.87905,2.08783,0.96043,1.73758,0,-0.89216,44.8,1
512,8192,448.0,8.0,32,0.9,30000,2.0,0.27307,1.87905,2.08783,0.46343,1.38424,0,-0.19037,44.8,1
512,8192,448.0,8.0,32,0.9,60000,2.0,0.13653,1.87905,2.08783,0.46343,1.38424,0,-0.3269,44.8,1
512,8192,448.0,8.0,32,0.9,120000,2.0,0.06827,1.87905,2.08783,0.46343,1.38424,0,-0.39517,44.8,1
512,8192,448.0,8.0,32,0.9,30000,5.0,0.27307,1.87905,2.08783,0.09518,0.39789,1,0.17789,44.8,0
512,8192,448.0,8.0,32,0.9,60000,5.0,0.13653,1.87905,2.08783,0.09518,0.39789,1,0.04135,44.8,0
512,8192,448.0,8.0,32,0.9,120000,5.0,0.06827,1.87905,2.08783,0.09518,0.39789,0,-0.02691,44.8,0
512,8192,448.0,8.0,32,0.9,30000,10.0,0.27307,1.87905,2.08783,0.0159,0.0,1,0.25717,44.8,0
512,8192,448.0,8.0,32,0.9,60000,10.0,0.13653,1.87905,2.08783,0.0159,0.0,1,0.12063,44.8,0
512,8192,448.0,8.0,32,0.9,120000,10.0,0.06827,1.87905,2.08783,0.0159,0.0,1,0.05237,44.8,0
512,8192,448.0,8.0,32,0.9,30000,30.0,0.27307,1.87905,2.08783,0.00135,0.0,1,0.27171,44.8,0
512,8192,448.0,8.0,32,0.9,60000,30.0,0.13653,1.87905,2.08783,0.00135,0.0,1,0.13518,44.8,0
512,8192,448.0,8.0,32,0.9,120000,30.0,0.06827,1.87905,2.08783,0.00135,0.0,1,0.06691,44.8,0
512,8192,448.0,8.0,32,0.99,30000,0.2,0.27307,1.87905,1.89803,1.61124,1.82689,0,-1.33818,4.48,1
512,8192,448.0,8.0,32,0.99,60000,0.2,0.13653,1.87905,1.89803,1.61124,1.82689,0,-1.47471,4.48,1
512,8192,448.0,8.0,32,0.99,120000,0.2,0.06827,1.87905,1.89803,1.61124,1.82689,0,-1.54298,4.48,1
512,8192,448.0,8.0,32,0.99,30000,0.5,0.27307,1.87905,1.89803,1.25043,1.72007,0,-0.97736,4.48,1
512,8192,448.0,8.0,32,0.99,60000,0.5,0.13653,1.87905,1.89803,1.25043,1.72007,0,-1.11389,4.48,1
512,8192,448.0,8.0,32,0.99,120000,0.5,0.06827,1.87905,1.89803,1.25043,1.72007,0,-1.18216,4.48,1
512,8192,448.0,8.0,32,0.99,30000,1.0,0.27307,1.87905,1.89803,0.83122,1.55201,0,-0.55816,4.48,1
512,8192,448.0,8.0,32,0.99,60000,1.0,0.13653,1.87905,1.89803,0.83122,1.55201,0,-0.69469,4.48,1
512,8192,448.0,8.0,32,0.99,120000,1.0,0.06827,1.87905,1.89803,0.83122,1.55201,0,-0.76296,4.48,1
512,8192,448.0,8.0,32,0.99,30000,2.0,0.27307,1.87905,1.89803,0.364,1.17798,0,-0.09093,4.48,0
512,8192,448.0,8.0,32,0.99,60000,2.0,0.13653,1.87905,1.89803,0.364,1.17798,0,-0.22747,4.48,0
512,8192,448.0,8.0,32,0.99,120000,2.0,0.06827,1.87905,1.89803,0.364,1.17798,0,-0.29573,4.48,0
512,8192,448.0,8.0,32,0.99,30000,5.0,0.27307,1.87905,1.89803,0.05469,0.01584,1,0.21838,4.48,0
512,8192,448.0,8.0,32,0.99,60000,5.0,0.13653,1.87905,1.89803,0.05469,0.01584,1,0.08185,4.48,0
512,8192,448.0,8.0,32,0.99,120000,5.0,0.06827,1.87905,1.89803,0.05469,0.01584,1,0.01358,4.48,0
512,8192,448.0,8.0,32,0.99,30000,10.0,0.27307,1.87905,1.89803,0.00969,0.0,1,0.26338,4.48,0
512,8192,448.0,8.0,32,0.99,60000,10.0,0.13653,1.87905,1.89803,0.00969,0.0,1,0.12685,4.48,0
512,8192,448.0,8.0,32,0.99,120000,10.0,0.06827,1.87905,1.89803,0.00969,0.0,1,0.05858,4.48,0
512,8192,448.0,8.0,32,0.99,30000,30.0,0.27307,1.87905,1.89803,3e-05,0.0,1,0.27304,4.48,0
512,8192,448.0,8.0,32,0.99,60000,30.0,0.13653,1.87905,1.89803,3e-05,0.0,1,0.13651,4.48,0
512,8192,448.0,8.0,32,0.99,120000,30.0,0.06827,1.87905,1.89803,3e-05,0.0,1,0.06824,4.48,0
512,8192,448.0,16.0,1,0.5,30000,0.2,0.27307,0.02936,0.05872,0.0011,0.0,1,0.27196,224.0,0
512,8192,448.0,16.0,1,0.5,60000,0.2,0.13653,0.02936,0.05872,0.0011,0.0,1,0.13543,224.0,0
512,8192,448.0,16.0,1,0.5,120000,0.2,0.06827,0.02936,0.05872,0.0011,0.0,1,0.06716,224.0,0
512,8192,448.0,16.0,1,0.5,30000,0.5,0.27307,0.02936,0.05872,6e-05,0.0,1,0.273,224.0,0
512,8192,448.0,16.0,1,0.5,60000,0.5,0.13653,0.02936,0.05872,6e-05,0.0,1,0.13647,224.0,0
512,8192,448.0,16.0,1,0.5,120000,0.5,0.06827,0.02936,0.05872,6e-05,0.0,1,0.0682,224.0,0
512,8192,448.0,16.0,1,0.5,30000,1.0,0.27307,0.02936,0.05872,0.0,0.0,1,0.27307,224.0,0
512,8192,448.0,16.0,1,0.5,60000,1.0,0.13653,0.02936,0.05872,0.0,0.0,1,0.13653,224.0,0
512,8192,448.0,16.0,1,0.5,120000,1.0,0.06827,0.02936,0.05872,0.0,0.0,1,0.06827,224.0,0
512,8192,448.0,16.0,1,0.5,30000,2.0,0.27307,0.02936,0.05872,0.0,0.0,1,0.27307,224.0,0
512,8192,448.0,16.0,1,0.5,60000,2.0,0.13653,0.02936,0.05872,0.0,0.0,1,0.13653,224.0,0
512,8192,448.0,16.0,1,0.5,120000,2.0,0.06827,0.02936,0.05872,0.0,0.0,1,0.06827,224.0,0
512,8192,448.0,16.0,1,0.5,30000,5.0,0.27307,0.02936,0.05872,0.0,0.0,1,0.27307,224.0,0
512,8192,448.0,16.0,1,0.5,60000,5.0,0.13653,0.02936,0.05872,0.0,0.0,1,0.13653,224.0,0
512,8192,448.0,16.0,1,0.5,120000,5.0,0.06827,0.02936,0.05872,0.0,0.0,1,0.06827,224.0,0
512,8192,448.0,16.0,1,0.5,30000,10.0,0.27307,0.02936,0.05872,0.0,0.0,1,0.27307,224.0,0
512,8192,448.0,16.0,1,0.5,60000,10.0,0.13653,0.02936,0.05872,0.0,0.0,1,0.13653,224.0,0
512,8192,448.0,16.0,1,0.5,120000,10.0,0.06827,0.02936,0.05872,0.0,0.0,1,0.06827,224.0,0
512,8192,448.0,16.0,1,0.5,30000,30.0,0.27307,0.02936,0.05872,0.0,0.0,1,0.27307,224.0,0
512,8192,448.0,16.0,1,0.5,60000,30.0,0.13653,0.02936,0.05872,0.0,0.0,1,0.13653,224.0,0
512,8192,448.0,16.0,1,0.5,120000,30.0,0.06827,0.02936,0.05872,0.0,0.0,1,0.06827,224.0,0
512,8192,448.0,16.0,1,0.7,30000,0.2,0.27307,0.02936,0.04194,0.00023,0.0,1,0.27284,134.4,0
512,8192,448.0,16.0,1,0.7,60000,0.2,0.13653,0.02936,0.04194,0.00023,0.0,1,0.1363,134.4,0
512,8192,448.0,16.0,1,0.7,120000,0.2,0.06827,0.02936,0.04194,0.00023,0.0,1,0.06804,134.4,0
512,8192,448.0,16.0,1,0.7,30000,0.5,0.27307,0.02936,0.04194,0.0,0.0,1,0.27306,134.4,0
512,8192,448.0,16.0,1,0.7,60000,0.5,0.13653,0.02936,0.04194,0.0,0.0,1,0.13653,134.4,0
512,8192,448.0,16.0,1,0.7,120000,0.5,0.06827,0.02936,0.04194,0.0,0.0,1,0.06826,134.4,0
512,8192,448.0,16.0,1,0.7,30000,1.0,0.27307,0.02936,0.04194,0.0,0.0,1,0.27307,134.4,0
512,8192,448.0,16.0,1,0.7,60000,1.0,0.13653,0.02936,0.04194,0.0,0.0,1,0.13653,134.4,0
512,8192,448.0,16.0,1,0.7,120000,1.0,0.06827,0.02936,0.04194,0.0,0.0,1,0.06827,134.4,0
512,8192,448.0,16.0,1,0.7,30000,2.0,0.27307,0.02936,0.04194,0.0,0.0,1,0.27307,134.4,0
512,8192,448.0,16.0,1,0.7,60000,2.0,0.13653,0.02936,0.04194,0.0,0.0,1,0.13653,134.4,0
512,8192,448.0,16.0,1,0.7,120000,2.0,0.06827,0.02936,0.04194,0.0,0.0,1,0.06827,134.4,0
512,8192,448.0,16.0,1,0.7,30000,5.0,0.27307,0.02936,0.04194,0.0,0.0,1,0.27307,134.4,0
512,8192,448.0,16.0,1,0.7,60000,5.0,0.13653,0.02936,0.04194,0.0,0.0,1,0.13653,134.4,0
512,8192,448.0,16.0,1,0.7,120000,5.0,0.06827,0.02936,0.04194,0.0,0.0,1,0.06827,134.4,0
512,8192,448.0,16.0,1,0.7,30000,10.0,0.27307,0.02936,0.04194,0.0,0.0,1,0.27307,134.4,0
512,8192,448.0,16.0,1,0.7,60000,10.0,0.13653,0.02936,0.04194,0.0,0.0,1,0.13653,134.4,0
512,8192,448.0,16.0,1,0.7,120000,10.0,0.06827,0.02936,0.04194,0.0,0.0,1,0.06827,134.4,0
512,8192,448.0,16.0,1,0.7,30000,30.0,0.27307,0.02936,0.04194,0.0,0.0,1,0.27307,134.4,0
512,8192,448.0,16.0,1,0.7,60000,30.0,0.13653,0.02936,0.04194,0.0,0.0,1,0.13653,134.4,0
512,8192,448.0,16.0,1,0.7,120000,30.0,0.06827,0.02936,0.04194,0.0,0.0,1,0.06827,134.4,0
512,8192,448.0,16.0,1,0.9,30000,0.2,0.27307,0.02936,0.03262,7e-05,0.0,1,0.273,44.8,0
512,8192,448.0,16.0,1,0.9,60000,0.2,0.13653,0.02936,0.03262,7e-05,0.0,1,0.13646,44.8,0
512,8192,448.0,16.0,1,0.9,120000,0.2,0.06827,0.02936,0.03262,7e-05,0.0,1,0.0682,44.8,0
512,8192,448.0,16.0,1,0.9,30000,0.5,0.27307,0.02936,0.03262,0.0,0.0,1,0.27307,44.8,0
512,8192,448.0,16.0,1,0.9,60000,0.5,0.13653,0.02936,0.03262,0.0,0.0,1,0.13653,44.8,0
512,8192,448.0,16.0,1,0.9,120000,0.5,0.06827,0.02936,0.03262,0.0,0.0,1,0.06827,44.8,0
512,8192,448.0,16.0,1,0.9,30000,1.0,0.27307,0.02936,0.03262,0.0,0.0,1,0.27307,44.8,0
512,8192,448.0,16.0,1,0.9,60000,1.0,0.13653,0.02936,0.03262,0.0,0.0,1,0.13653,44.8,0
512,8192,448.0,16.0,1,0.9,120000,1.0,0.06827,0.02936,0.03262,0.0,0.0,1,0.06827,44.8,0
512,8192,448.0,16.0,1,0.9,30000,2.0,0.27307,0.02936,0.03262,0.0,0.0,1,0.27307,44.8,0
512,8192,448.0,16.0,1,0.9,60000,2.0,0.13653,0.02936,0.03262,0.0,0.0,1,0.13653,44.8,0
512,8192,448.0,16.0,1,0.9,120000,2.0,0.06827,0.02936,0.03262,0.0,0.0,1,0.06827,44.8,0
512,8192,448.0,16.0,1,0.9,30000,5.0,0.27307,0.02936,0.03262,0.0,0.0,1,0.27307,44.8,0
512,8192,448.0,16.0,1,0.9,60000,5.0,0.13653,0.02936,0.03262,0.0,0.0,1,0.13653,44.8,0
512,8192,448.0,16.0,1,0.9,120000,5.0,0.06827,0.02936,0.03262,0.0,0.0,1,0.06827,44.8,0
512,8192,448.0,16.0,1,0.9,30000,10.0,0.27307,0.02936,0.03262,0.0,0.0,1,0.27307,44.8,0
512,8192,448.0,16.0,1,0.9,60000,10.0,0.13653,0.02936,0.03262,0.0,0.0,1,0.13653,44.8,0
512,8192,448.0,16.0,1,0.9,120000,10.0,0.06827,0.02936,0.03262,0.0,0.0,1,0.06827,44.8,0
512,8192,448.0,16.0,1,0.9,30000,30.0,0.27307,0.02936,0.03262,0.0,0.0,1,0.27307,44.8,0
512,8192,448.0,16.0,1,0.9,60000,30.0,0.13653,0.02936,0.03262,0.0,0.0,1,0.13653,44.8,0
512,8192,448.0,16.0,1,0.9,120000,30.0,0.06827,0.02936,0.03262,0.0,0.0,1,0.06827,44.8,0
512,8192,448.0,16.0,1,0.99,30000,0.2,0.27307,0.02936,0.02966,4e-05,0.0,1,0.27303,4.48,0
512,8192,448.0,16.0,1,0.99,60000,0.2,0.13653,0.02936,0.02966,4e-05,0.0,1,0.13649,4.48,0
512,8192,448.0,16.0,1,0.99,120000,0.2,0.06827,0.02936,0.02966,4e-05,0.0,1,0.06823,4.48,0
512,8192,448.0,16.0,1,0.99,30000,0.5,0.27307,0.02936,0.02966,0.0,0.0,1,0.27306,4.48,0
512,8192,448.0,16.0,1,0.99,60000,0.5,0.13653,0.02936,0.02966,0.0,0.0,1,0.13653,4.48,0
512,8192,448.0,16.0,1,0.99,120000,0.5,0.06827,0.02936,0.02966,0.0,0.0,1,0.06826,4.48,0
512,8192,448.0,16.0,1,0.99,30000,1.0,0.27307,0.02936,0.02966,0.0,0.0,1,0.27307,4.48,0
512,8192,448.0,16.0,1,0.99,60000,1.0,0.13653,0.02936,0.02966,0.0,0.0,1,0.13653,4.48,0
512,8192,448.0,16.0,1,0.99,120000,1.0,0.06827,0.02936,0.02966,0.0,0.0,1,0.06827,4.48,0
512,8192,448.0,16.0,1,0.99,30000,2.0,0.27307,0.02936,0.02966,0.0,0.0,1,0.27307,4.48,0
512,8192,448.0,16.0,1,0.99,60000,2.0,0.13653,0.02936,0.02966,0.0,0.0,1,0.13653,4.48,0
512,8192,448.0,16.0,1,0.99,120000,2.0,0.06827,0.02936,0.02966,0.0,0.0,1,0.06827,4.48,0
512,8192,448.0,16.0,1,0.99,30000,5.0,0.27307,0.02936,0.02966,0.0,0.0,1,0.27307,4.48,0
512,8192,448.0,16.0,1,0.99,60000,5.0,0.13653,0.02936,0.02966,0.0,0.0,1,0.13653,4.48,0
512,8192,448.0,16.0,1,0.99,120000,5.0,0.06827,0.02936,0.02966,0.0,0.0,1,0.06827,4.48,0
512,8192,448.0,16.0,1,0.99,30000,10.0,0.27307,0.02936,0.02966,0.0,0.0,1,0.27307,4.48,0
512,8192,448.0,16.0,1,0.99,60000,10.0,0.13653,0.02936,0.02966,0.0,0.0,1,0.13653,4.48,0
512,8192,448.0,16.0,1,0.99,120000,10.0,0.06827,0.02936,0.02966,0.0,0.0,1,0.06827,4.48,0
512,8192,448.0,16.0,1,0.99,30000,30.0,0.27307,0.02936,0.02966,0.0,0.0,1,0.27307,4.48,0
512,8192,448.0,16.0,1,0.99,60000,30.0,0.13653,0.02936,0.02966,0.0,0.0,1,0.13653,4.48,0
512,8192,448.0,16.0,1,0.99,120000,30.0,0.06827,0.02936,0.02966,0.0,0.0,1,0.06827,4.48,0
512,8192,448.0,16.0,2,0.5,30000,0.2,0.27307,0.05872,0.11744,0.00942,0.04313,1,0.26365,224.0,0
512,8192,448.0,16.0,2,0.5,60000,0.2,0.13653,0.05872,0.11744,0.00942,0.04313,1,0.12712,224.0,0
512,8192,448.0,16.0,2,0.5,120000,0.2,0.06827,0.05872,0.11744,0.00942,0.04313,1,0.05885,224.0,0
512,8192,448.0,16.0,2,0.5,30000,0.5,0.27307,0.05872,0.11744,0.00098,0.0,1,0.27209,224.0,0
512,8192,448.0,16.0,2,0.5,60000,0.5,0.13653,0.05872,0.11744,0.00098,0.0,1,0.13556,224.0,0
512,8192,448.0,16.0,2,0.5,120000,0.5,0.06827,0.05872,0.11744,0.00098,0.0,1,0.06729,224.0,0
512,8192,448.0,16.0,2,0.5,30000,1.0,0.27307,0.05872,0.11744,9e-05,0.0,1,0.27298,224.0,0
512,8192,448.0,16.0,2,0.5,60000,1.0,0.13653,0.05872,0.11744,9e-05,0.0,1,0.13645,224.0,0
512,8192,448.0,16.0,2,0.5,120000,1.0,0.06827,0.05872,0.11744,9e-05,0.0,1,0.06818,224.0,0
512,8192,448.0,16.0,2,0.5,30000,2.0,0.27307,0.05872,0.11744,0.0,0.0,1,0.27307,224.0,0
512,8192,448.0,16.0,2,0.5,60000,2.0,0.13653,0.05872,0.11744,0.0,0.0,1,0.13653,224.0,0
512,8192,448.0,16.0,2,0.5,120000,2.0,0.06827,0.05872,0.11744,0.0,0.0,1,0.06827,224.0,0
512,8192,448.0,16.0,2,0.5,30000,5.0,0.27307,0.05872,0.11744,0.0,0.0,1,0.27307,224.0,0
512,8192,448.0,16.0,2,0.5,60000,5.0,0.13653,0.05872,0.11744,0.0,0.0,1,0.13653,224.0,0
512,8192,448.0,16.0,2,0.5,120000,5.0,0.06827,0.05872,0.11744,0.0,0.0,1,0.06827,224.0,0
512,8192,448.0,16.0,2,0.5,30000,10.0,0.27307,0.05872,0.11744,0.0,0.0,1,0.27307,224.0,0
512,8192,448.0,16.0,2,0.5,60000,10.0,0.13653,0.05872,0.11744,0.0,0.0,1,0.13653,224.0,0
512,8192,448.0,16.0,2,0.5,120000,10.0,0.06827,0.05872,0.11744,0.0,0.0,1,0.06827,224.0,0
512,8192,448.0,16.0,2,0.5,30000,30.0,0.27307,0.05872,0.11744,0.0,0.0,1,0.27307,224.0,0
512,8192,448.0,16.0,2,0.5,60000,30.0,0.13653,0.05872,0.11744,0.0,0.0,1,0.13653,224.0,0
512,8192,448.0,16.0,2,0.5,120000,30.0,0.06827,0.05872,0.11744,0.0,0.0,1,0.06827,224.0,0
512,8192,448.0,16.0,2,0.7,30000,0.2,0.27307,0.05872,0.08389,0.00403,0.01809,1,0.26904,134.4,0
512,8192,448.0,16.0,2,0.7,60000,0.2,0.13653,0.05872,0.08389,0.00403,0.01809,1,0.1325,134.4,0
512,8192,448.0,16.0,2,0.7,120000,0.2,0.06827,0.05872,0.08389,0.00403,0.01809,1,0.06424,134.4,0
512,8192,448.0,16.0,2,0.7,30000,0.5,0.27307,0.05872,0.08389,0.00018,0.0,1,0.27289,134.4,0
512,8192,448.0,16.0,2,0.7,60000,0.5,0.13653,0.05872,0.08389,0.00018,0.0,1,0.13635,134.4,0
512,8192,448.0,16.0,2,0.7,120000,0.5,0.06827,0.05872,0.08389,0.00018,0.0,1,0.06809,134.4,0
512,8192,448.0,16.0,2,0.7,30000,1.0,0.27307,0.05872,0.08389,0.0,0.0,1,0.27307,134.4,0
512,8192,448.0,16.0,2,0.7,60000,1.0,0.13653,0.05872,0.08389,0.0,0.0,1,0.13653,134.4,0
512,8192,448.0,16.0,2,0.7,120000,1.0,0.06827,0.05872,0.08389,0.0,0.0,1,0.06827,134.4,0
512,8192,448.0,16.0,2,0.7,30000,2.0,0.27307,0.05872,0.08389,0.0,0.0,1,0.27307,134.4,0
512,8192,448.0,16.0,2,0.7,60000,2.0,0.13653,0.05872,0.08389,0.0,0.0,1,0.13653,134.4,0
512,8192,448.0,16.0,2,0.7,120000,2.0,0.06827,0.05872,0.08389,0.0,0.0,1,0.06827,134.4,0
512,8192,448.0,16.0,2,0.7,30000,5.0,0.27307,0.05872,0.08389,0.0,0.0,1,0.27307,134.4,0
512,8192,448.0,16.0,2,0.7,60000,5.0,0.13653,0.05872,0.08389,0.0,0.0,1,0.13653,134.4,0
512,8192,448.0,16.0,2,0.7,120000,5.0,0.06827,0.05872,0.08389,0.0,0.0,1,0.06827,134.4,0
512,8192,448.0,16.0,2,0.7,30000,10.0,0.27307,0.05872,0.08389,0.0,0.0,1,0.27307,134.4,0
512,8192,448.0,16.0,2,0.7,60000,10.0,0.13653,0.05872,0.08389,0.0,0.0,1,0.13653,134.4,0
512,8192,448.0,16.0,2,0.7,120000,10.0,0.06827,0.05872,0.08389,0.0,0.0,1,0.06827,134.4,0
512,8192,448.0,16.0,2,0.7,30000,30.0,0.27307,0.05872,0.08389,0.0,0.0,1,0.27307,134.4,0
512,8192,448.0,16.0,2,0.7,60000,30.0,0.13653,0.05872,0.08389,0.0,0.0,1,0.13653,134.4,0
512,8192,448.0,16.0,2,0.7,120000,30.0,0.06827,0.05872,0.08389,0.0,0.0,1,0.06827,134.4,0
512,8192,448.0,16.0,2,0.9,30000,0.2,0.27307,0.05872,0.06524,0.00142,0.0,1,0.27165,44.8,0
512,8192,448.0,16.0,2,0.9,60000,0.2,0.13653,0.05872,0.06524,0.00142,0.0,1,0.13512,44.8,0
512,8192,448.0,16.0,2,0.9,120000,0.2,0.06827,0.05872,0.06524,0.00142,0.0,1,0.06685,44.8,0
512,8192,448.0,16.0,2,0.9,30000,0.5,0.27307,0.05872,0.06524,8e-05,0.0,1,0.27298,44.8,0
512,8192,448.0,16.0,2,0.9,60000,0.5,0.13653,0.05872,0.06524,8e-05,0.0,1,0.13645,44.8,0
512,8192,448.0,16.0,2,0.9,120000,0.5,0.06827,0.05872,0.06524,8e-05,0.0,1,0.06818,44.8,0
512,8192,448.0,16.0,2,0.9,30000,1.0,0.27307,0.05872,0.06524,0.0,0.0,1,0.27307,44.8,0
512,8192,448.0,16.0,2,0.9,60000,1.0,0.13653,0.05872,0.06524,0.0,0.0,1,0.13653,44.8,0
512,8192,448.0,16.0,2,0.9,120000,1.0,0.06827,0.05872,0.06524,0.0,0.0,1,0.06827,44.8,0
512,8192,448.0,16.0,2,0.9,30000,2.0,0.27307,0.05872,0.06524,0.0,0.0,1,0.27307,44.8,0
512,8192,448.0,16.0,2,0.9,60000,2.0,0.13653,0.05872,0.06524,0.0,0.0,1,0.13653,44.8,0
512,8192,448.0,16.0,2,0.9,120000,2.0,0.06827,0.05872,0.06524,0.0,0.0,1,0.06827,44.8,0
512,8192,448.0,16.0,2,0.9,30000,5.0,0.27307,0.05872,0.06524,0.0,0.0,1,0.27307,44.8,0
512,8192,448.0,16.0,2,0.9,60000,5.0,0.13653,0.05872,0.06524,0.0,0.0,1,0.13653,44.8,0
512,8192,448.0,16.0,2,0.9,120000,5.0,0.06827,0.05872,0.06524,0.0,0.0,1,0.06827,44.8,0
512,8192,448.0,16.0,2,0.9,30000,10.0,0.27307,0.05872,0.06524,0.0,0.0,1,0.27307,44.8,0
512,8192,448.0,16.0,2,0.9,60000,10.0,0.13653,0.05872,0.06524,0.0,0.0,1,0.13653,44.8,0
512,8192,448.0,16.0,2,0.9,120000,10.0,0.06827,0.05872,0.06524,0.0,0.0,1,0.06827,44.8,0
512,8192,448.0,16.0,2,0.9,30000,30.0,0.27307,0.05872,0.06524,0.0,0.0,1,0.27307,44.8,0
512,8192,448.0,16.0,2,0.9,60000,30.0,0.13653,0.05872,0.06524,0.0,0.0,1,0.13653,44.8,0
512,8192,448.0,16.0,2,0.9,120000,30.0,0.06827,0.05872,0.06524,0.0,0.0,1,0.06827,44.8,0
512,8192,448.0,16.0,2,0.99,30000,0.2,0.27307,0.05872,0.05931,0.0013,0.0,1,0.27177,4.48,0
512,8192,448.0,16.0,2,0.99,60000,0.2,0.13653,0.05872,0.05931,0.0013,0.0,1,0.13524,4.48,0
512,8192,448.0,16.0,2,0.99,120000,0.2,0.06827,0.05872,0.05931,0.0013,0.0,1,0.06697,4.48,0
512,8192,448.0,16.0,2,0.99,30000,0.5,0.27307,0.05872,0.05931,3e-05,0.0,1,0.27304,4.48,0
512,8192,448.0,16.0,2,0.99,60000,0.5,0.13653,0.05872,0.05931,3e-05,0.0,1,0.1365,4.48,0
512,8192,448.0,16.0,2,0.99,120000,0.5,0.06827,0.05872,0.05931,3e-05,0.0,1,0.06824,4.48,0
512,8192,448.0,16.0,2,0.99,30000,1.0,0.27307,0.05872,0.05931,1e-05,0.0,1,0.27305,4.48,0
512,8192,448.0,16.0,2,0.99,60000,1.0,0.13653,0.05872,0.05931,1e-05,0.0,1,0.13652,4.48,0
512,8192,448.0,16.0,2,0.99,120000,1.0,0.06827,0.05872,0.05931,1e-05,0.0,1,0.06825,4.48,0
512,8192,448.0,16.0,2,0.99,30000,2.0,0.27307,0.05872,0.05931,0.0,0.0,1,0.27307,4.48,0
512,8192,448.0,16.0,2,0.99,60000,2.0,0.13653,0.05872,0.05931,0.0,0.0,1,0.13653,4.48,0
512,8192,448.0,16.0,2,0.99,120000,2.0,0.06827,0.05872,0.05931,0.0,0.0,1,0.06827,4.48,0
512,8192,448.0,16.0,2,0.99,30000,5.0,0.27307,0.05872,0.05931,0.0,0.0,1,0.27307,4.48,0
512,8192,448.0,16.0,2,0.99,60000,5.0,0.13653,0.05872,0.05931,0.0,0.0,1,0.13653,4.48,0
512,8192,448.0,16.0,2,0.99,120000,5.0,0.06827,0.05872,0.05931,0.0,0.0,1,0.06827,4.48,0
512,8192,448.0,16.0,2,0.99,30000,10.0,0.27307,0.05872,0.05931,0.0,0.0,1,0.27307,4.48,0
512,8192,448.0,16.0,2,0.99,60000,10.0,0.13653,0.05872,0.05931,0.0,0.0,1,0.13653,4.48,0
512,8192,448.0,16.0,2,0.99,120000,10.0,0.06827,0.05872,0.05931,0.0,0.0,1,0.06827,4.48,0
512,8192,448.0,16.0,2,0.99,30000,30.0,0.27307,0.05872,0.05931,0.0,0.0,1,0.27307,4.48,0
512,8192,448.0,16.0,2,0.99,60000,30.0,0.13653,0.05872,0.05931,0.0,0.0,1,0.13653,4.48,0
512,8192,448.0,16.0,2,0.99,120000,30.0,0.06827,0.05872,0.05931,0.0,0.0,1,0.06827,4.48,0
512,8192,448.0,16.0,4,0.5,30000,0.2,0.27307,0.11744,0.23488,0.06061,0.16368,1,0.21246,224.0,1
512,8192,448.0,16.0,4,0.5,60000,0.2,0.13653,0.11744,0.23488,0.06061,0.16368,1,0.07593,224.0,1
512,8192,448.0,16.0,4,0.5,120000,0.2,0.06827,0.11744,0.23488,0.06061,0.16368,1,0.00766,224.0,1
512,8192,448.0,16.0,4,0.5,30000,0.5,0.27307,0.11744,0.23488,0.01317,0.0612,1,0.25989,224.0,0
512,8192,448.0,16.0,4,0.5,60000,0.5,0.13653,0.11744,0.23488,0.01317,0.0612,1,0.12336,224.0,0
512,8192,448.0,16.0,4,0.5,120000,0.5,0.06827,0.11744,0.23488,0.01317,0.0612,1,0.05509,224.0,0
512,8192,448.0,16.0,4,0.5,30000,1.0,0.27307,0.11744,0.23488,0.0022,0.0,1,0.27087,224.0,0
512,8192,448.0,16.0,4,0.5,60000,1.0,0.13653,0.11744,0.23488,0.0022,0.0,1,0.13433,224.0,0
512,8192,448.0,16.0,4,0.5,120000,1.0,0.06827,0.11744,0.23488,0.0022,0.0,1,0.06607,224.0,0
512,8192,448.0,16.0,4,0.5,30000,2.0,0.27307,0.11744,0.23488,7e-05,0.0,1,0.273,224.0,0
512,8192,448.0,16.0,4,0.5,60000,2.0,0.13653,0.11744,0.23488,7e-05,0.0,1,0.13647,224.0,0
512,8192,448.0,16.0,4,0.5,120000,2.0,0.06827,0.11744,0.23488,7e-05,0.0,1,0.0682,224.0,0
512,8192,448.0,16.0,4,0.5,30000,5.0,0.27307,0.11744,0.23488,0.0,0.0,1,0.27307,224.0,0
512,8192,448.0,16.0,4,0.5,60000,5.0,0.13653,0.11744,0.23488,0.0,0.0,1,0.13653,224.0,0
512,8192,448.0,16.0,4,0.5,120000,5.0,0.06827,0.11744,0.23488,0.0,0.0,1,0.06827,224.0,0
512,8192,448.0,16.0,4,0.5,30000,10.0,0.27307,0.11744,0.23488,0.0,0.0,1,0.27307,224.0,0
512,8192,448.0,16.0,4,0.5,60000,10.0,0.13653,0.11744,0.23488,0.0,0.0,1,0.13653,224.0,0
512,8192,448.0,16.0,4,0.5,120000,10.0,0.06827,0.11744,0.23488,0.0,0.0,1,0.06827,224.0,0
512,8192,448.0,16.0,4,0.5,30000,30.0,0.27307,0.11744,0.23488,0.0,0.0,1,0.27307,224.0,0
512,8192,448.0,16.0,4,0.5,60000,30.0,0.13653,0.11744,0.23488,0.0,0.0,1,0.13653,224.0,0
512,8192,448.0,16.0,4,0.5,120000,30.0,0.06827,0.11744,0.23488,0.0,0.0,1,0.06827,224.0,0
512,8192,448.0,16.0,4,0.7,30000,0.2,0.27307,0.11744,0.16777,0.02466,0.09321,1,0.2484,134.4,0
512,8192,448.0,16.0,4,0.7,60000,0.2,0.13653,0.11744,0.16777,0.02466,0.09321,1,0.11187,134.4,0
512,8192,448.0,16.0,4,0.7,120000,0.2,0.06827,0.11744,0.16777,0.02466,0.09321,1,0.0436,134.4,0
512,8192,448.0,16.0,4,0.7,30000,0.5,0.27307,0.11744,0.16777,0.00384,0.0,1,0.26923,134.4,0
512,8192,448.0,16.0,4,0.7,60000,0.5,0.13653,0.11744,0.16777,0.00384,0.0,1,0.1327,134.4,0
512,8192,448.0,16.0,4,0.7,120000,0.5,0.06827,0.11744,0.16777,0.00384,0.0,1,0.06443,134.4,0
512,8192,448.0,16.0,4,0.7,30000,1.0,0.27307,0.11744,0.16777,0.00057,0.0,1,0.2725,134.4,0
512,8192,448.0,16.0,4,0.7,60000,1.0,0.13653,0.11744,0.16777,0.00057,0.0,1,0.13596,134.4,0
512,8192,448.0,16.0,4,0.7,120000,1.0,0.06827,0.11744,0.16777,0.00057,0.0,1,0.0677,134.4,0
512,8192,448.0,16.0,4,0.7,30000,2.0,0.27307,0.11744,0.16777,7e-05,0.0,1,0.273,134.4,0
512,8192,448.0,16.0,4,0.7,60000,2.0,0.13653,0.11744,0.16777,7e-05,0.0,1,0.13647,134.4,0
512,8192,448.0,16.0,4,0.7,120000,2.0,0.06827,0.11744,0.16777,7e-05,0.0,1,0.0682,134.4,0
512,8192,448.0,16.0,4,0.7,30000,5.0,0.27307,0.11744,0.16777,0.0,0.0,1,0.27307,134.4,0
512,8192,448.0,16.0,4,0.7,60000,5.0,0.13653,0.11744,0.16777,0.0,0.0,1,0.13653,134.4,0
512,8192,448.0,16.0,4,0.7,120000,5.0,0.06827,0.11744,0.16777,0.0,0.0,1,0.06827,134.4,0
512,8192,448.0,16.0,4,0.7,30000,10.0,0.27307,0.11744,0.16777,0.0,0.0,1,0.27307,134.4,0
512,8192,448.0,16.0,4,0.7,60000,10.0,0.13653,0.11744,0.16777,0.0,0.0,1,0.13653,134.4,0
512,8192,448.0,16.0,4,0.7,120000,10.0,0.06827,0.11744,0.16777,0.0,0.0,1,0.06827,134.4,0
512,8192,448.0,16.0,4,0.7,30000,30.0,0.27307,0.11744,0.16777,0.0,0.0,1,0.27307,134.4,0
512,8192,448.0,16.0,4,0.7,60000,30.0,0.13653,0.11744,0.16777,0.0,0.0,1,0.13653,134.4,0
512,8192,448.0,16.0,4,0.7,120000,30.0,0.06827,0.11744,0.16777,0.0,0.0,1,0.06827,134.4,0
512,8192,448.0,16.0,4,0.9,30000,0.2,0.27307,0.11744,0.13049,0.01466,0.06248,1,0.25841,44.8,0
512,8192,448.0,16.0,4,0.9,60000,0.2,0.13653,0.11744,0.13049,0.01466,0.06248,1,0.12187,44.8,0
512,8192,448.0,16.0,4,0.9,120000,0.2,0.06827,0.11744,0.13049,0.01466,0.06248,1,0.05361,44.8,0
512,8192,448.0,16.0,4,0.9,30000,0.5,0.27307,0.11744,0.13049,0.00147,0.0,1,0.2716,44.8,0
512,8192,448.0,16.0,4,0.9,60000,0.5,0.13653,0.11744,0.13049,0.00147,0.0,1,0.13507,44.8,0
512,8192,448.0,16.0,4,0.9,120000,0.5,0.06827,0.11744,0.13049,0.00147,0.0,1,0.0668,44.8,0
512,8192,448.0,16.0,4,0.9,30000,1.0,0.27307,0.11744,0.13049,0.00011,0.0,1,0.27295,44.8,0
512,8192,448.0,16.0,4,0.9,60000,1.0,0.13653,0.11744,0.13049,0.00011,0.0,1,0.13642,44.8,0
512,8192,448.0,16.0,4,0.9,120000,1.0,0.06827,0.11744,0.13049,0.00011,0.0,1,0.06815,44.8,0
512,8192,448.0,16.0,4,0.9,30000,2.0,0.27307,0.11744,0.13049,0.0,0.0,1,0.27307,44.8,0
512,8192,448.0,16.0,4,0.9,60000,2.0,0.13653,0.11744,0.13049,0.0,0.0,1,0.13653,44.8,0
512,8192,448.0,16.0,4,0.9,120000,2.0,0.06827,0.11744,0.13049,0.0,0.0,1,0.06827,44.8,0
512,8192,448.0,16.0,4,0.9,30000,5.0,0.27307,0.11744,0.13049,0.0,0.0,1,0.27307,44.8,0
512,8192,448.0,16.0,4,0.9,60000,5.0,0.13653,0.11744,0.13049,0.0,0.0,1,0.13653,44.8,0
512,8192,448.0,16.0,4,0.9,120000,5.0,0.06827,0.11744,0.13049,0.0,0.0,1,0.06827,44.8,0
512,8192,448.0,16.0,4,0.9,30000,10.0,0.27307,0.11744,0.13049,0.0,0.0,1,0.27307,44.8,0
512,8192,448.0,16.0,4,0.9,60000,10.0,0.13653,0.11744,0.13049,0.0,0.0,1,0.13653,44.8,0
512,8192,448.0,16.0,4,0.9,120000,10.0,0.06827,0.11744,0.13049,0.0,0.0,1,0.06827,44.8,0
512,8192,448.0,16.0,4,0.9,30000,30.0,0.27307,0.11744,0.13049,0.0,0.0,1,0.27307,44.8,0
512,8192,448.0,16.0,4,0.9,60000,30.0,0.13653,0.11744,0.13049,0.0,0.0,1,0.13653,44.8,0
512,8192,448.0,16.0,4,0.9,120000,30.0,0.06827,0.11744,0.13049,0.0,0.0,1,0.06827,44.8,0
512,8192,448.0,16.0,4,0.99,30000,0.2,0.27307,0.11744,0.11863,0.0109,0.04752,1,0.26217,4.48,0
512,8192,448.0,16.0,4,0.99,60000,0.2,0.13653,0.11744,0.11863,0.0109,0.04752,1,0.12564,4.48,0
512,8192,448.0,16.0,4,0.99,120000,0.2,0.06827,0.11744,0.11863,0.0109,0.04752,1,0.05737,4.48,0
512,8192,448.0,16.0,4,0.99,30000,0.5,0.27307,0.11744,0.11863,0.00092,0.0,1,0.27215,4.48,0
512,8192,448.0,16.0,4,0.99,60000,0.5,0.13653,0.11744,0.11863,0.00092,0.0,1,0.13561,4.48,0
512,8192,448.0,16.0,4,0.99,120000,0.5,0.06827,0.11744,0.11863,0.00092,0.0,1,0.06735,4.48,0
512,8192,448.0,16.0,4,0.99,30000,1.0,0.27307,0.11744,0.11863,9e-05,0.0,1,0.27297,4.48,0
512,8192,448.0,16.0,4,0.99,60000,1.0,0.13653,0.11744,0.11863,9e-05,0.0,1,0.13644,4.48,0
512,8192,448.0,16.0,4,0.99,120000,1.0,0.06827,0.11744,0.11863,9e-05,0.0,1,0.06817,4.48,0
512,8192,448.0,16.0,4,0.99,30000,2.0,0.27307,0.11744,0.11863,0.0,0.0,1,0.27307,4.48,0
512,8192,448.0,16.0,4,0.99,60000,2.0,0.13653,0.11744,0.11863,0.0,0.0,1,0.13653,4.48,0
512,8192,448.0,16.0,4,0.99,120000,2.0,0.06827,0.11744,0.11863,0.0,0.0,1,0.06827,4.48,0
512,8192,448.0,16.0,4,0.99,30000,5.0,0.27307,0.11744,0.11863,0.0,0.0,1,0.27307,4.48,0
512,8192,448.0,16.0,4,0.99,60000,5.0,0.13653,0.11744,0.11863,0.0,0.0,1,0.13653,4.48,0
512,8192,448.0,16.0,4,0.99,120000,5.0,0.06827,0.11744,0.11863,0.0,0.0,1,0.06827,4.48,0
512,8192,448.0,16.0,4,0.99,30000,10.0,0.27307,0.11744,0.11863,0.0,0.0,1,0.27307,4.48,0
512,8192,448.0,16.0,4,0.99,60000,10.0,0.13653,0.11744,0.11863,0.0,0.0,1,0.13653,4.48,0
512,8192,448.0,16.0,4,0.99,120000,10.0,0.06827,0.11744,0.11863,0.0,0.0,1,0.06827,4.48,0
512,8192,448.0,16.0,4,0.99,30000,30.0,0.27307,0.11744,0.11863,0.0,0.0,1,0.27307,4.48,0
512,8192,448.0,16.0,4,0.99,60000,30.0,0.13653,0.11744,0.11863,0.0,0.0,1,0.13653,4.48,0
512,8192,448.0,16.0,4,0.99,120000,30.0,0.06827,0.11744,0.11863,0.0,0.0,1,0.06827,4.48,0
512,8192,448.0,16.0,8,0.5,30000,0.2,0.27307,0.23488,0.46976,0.24411,0.39817,1,0.02895,224.0,1
512,8192,448.0,16.0,8,0.5,60000,0.2,0.13653,0.23488,0.46976,0.24411,0.39817,0,-0.10758,224.0,1
512,8192,448.0,16.0,8,0.5,120000,0.2,0.06827,0.23488,0.46976,0.24411,0.39817,0,-0.17585,224.0,1
512,8192,448.0,16.0,8,0.5,30000,0.5,0.27307,0.23488,0.46976,0.09097,0.29184,1,0.1821,224.0,0
512,8192,448.0,16.0,8,0.5,60000,0.5,0.13653,0.23488,0.46976,0.09097,0.29184,1,0.04556,224.0,0
512,8192,448.0,16.0,8,0.5,120000,0.5,0.06827,0.23488,0.46976,0.09097,0.29184,0,-0.0227,224.0,0
512,8192,448.0,16.0,8,0.5,30000,1.0,0.27307,0.23488,0.46976,0.02518,0.10915,1,0.24788,224.0,0
512,8192,448.0,16.0,8,0.5,60000,1.0,0.13653,0.23488,0.46976,0.02518,0.10915,1,0.11135,224.0,0
512,8192,448.0,16.0,8,0.5,120000,1.0,0.06827,0.23488,0.46976,0.02518,0.10915,1,0.04308,224.0,0
512,8192,448.0,16.0,8,0.5,30000,2.0,0.27307,0.23488,0.46976,0.0048,0.0,1,0.26827,224.0,0
512,8192,448.0,16.0,8,0.5,60000,2.0,0.13653,0.23488,0.46976,0.0048,0.0,1,0.13173,224.0,0
512,8192,448.0,16.0,8,0.5,120000,2.0,0.06827,0.23488,0.46976,0.0048,0.0,1,0.06347,224.0,0
512,8192,448.0,16.0,8,0.5,30000,5.0,0.27307,0.23488,0.46976,0.00016,0.0,1,0.27291,224.0,0
512,8192,448.0,16.0,8,0.5,60000,5.0,0.13653,0.23488,0.46976,0.00016,0.0,1,0.13638,224.0,0
512,8192,448.0,16.0,8,0.5,120000,5.0,0.06827,0.23488,0.46976,0.00016,0.0,1,0.06811,224.0,0
512,8192,448.0,16.0,8,0.5,30000,10.0,0.27307,0.23488,0.46976,0.0,0.0,1,0.27307,224.0,0
512,8192,448.0,16.0,8,0.5,60000,10.0,0.13653,0.23488,0.46976,0.0,0.0,1,0.13653,224.0,0
512,8192,448.0,16.0,8,0.5,120000,10.0,0.06827,0.23488,0.46976,0.0,0.0,1,0.06827,224.0,0
512,8192,448.0,16.0,8,0.5,30000,30.0,0.27307,0.23488,0.46976,0.0,0.0,1,0.27307,224.0,0
512,8192,448.0,16.0,8,0.5,60000,30.0,0.13653,0.23488,0.46976,0.0,0.0,1,0.13653,224.0,0
512,8192,448.0,16.0,8,0.5,120000,30.0,0.06827,0.23488,0.46976,0.0,0.0,1,0.06827,224.0,0
512,8192,448.0,16.0,8,0.7,30000,0.2,0.27307,0.23488,0.33554,0.13106,0.26876,1,0.142,134.4,1
512,8192,448.0,16.0,8,0.7,60000,0.2,0.13653,0.23488,0.33554,0.13106,0.26876,1,0.00547,134.4,1
512,8192,448.0,16.0,8,0.7,120000,0.2,0.06827,0.23488,0.33554,0.13106,0.26876,0,-0.0628,134.4,1
512,8192,448.0,16.0,8,0.7,30000,0.5,0.27307,0.23488,0.33554,0.03659,0.1573,1,0.23647,134.4,0
512,8192,448.0,16.0,8,0.7,60000,0.5,0.13653,0.23488,0.33554,0.03659,0.1573,1,0.09994,134.4,0
512,8192,448.0,16.0,8,0.7,120000,0.5,0.06827,0.23488,0.33554,0.03659,0.1573,1,0.03167,134.4,0
512,8192,448.0,16.0,8,0.7,30000,1.0,0.27307,0.23488,0.33554,0.00819,0.0,1,0.26488,134.4,0
512,8192,448.0,16.0,8,0.7,60000,1.0,0.13653,0.23488,0.33554,0.00819,0.0,1,0.12835,134.4,0
512,8192,448.0,16.0,8,0.7,120000,1.0,0.06827,0.23488,0.33554,0.00819,0.0,1,0.06008,134.4,0
512,8192,448.0,16.0,8,0.7,30000,2.0,0.27307,0.23488,0.33554,0.00114,0.0,1,0.27193,134.4,0
512,8192,448.0,16.0,8,0.7,60000,2.0,0.13653,0.23488,0.33554,0.00114,0.0,1,0.1354,134.4,0
512,8192,448.0,16.0,8,0.7,120000,2.0,0.06827,0.23488,0.33554,0.00114,0.0,1,0.06713,134.4,0
512,8192,448.0,16.0,8,0.7,30000,5.0,0.27307,0.23488,0.33554,4e-05,0.0,1,0.27303,134.4,0
512,8192,448.0,16.0,8,0.7,60000,5.0,0.13653,0.23488,0.33554,4e-05,0.0,1,0.1365,134.4,0
512,8192,448.0,16.0,8,0.7,120000,5.0,0.06827,0.23488,0.33554,4e-05,0.0,1,0.06823,134.4,0
512,8192,448.0,16.0,8,0.7,30000,10.0,0.27307,0.23488,0.33554,0.0,0.0,1,0.27307,134.4,0
512,8192,448.0,16.0,8,0.7,60000,10.0,0.13653,0.23488,0.33554,0.0,0.0,1,0.13653,134.4,0
512,8192,448.0,16.0,8,0.7,120000,10.0,0.06827,0.23488,0.33554,0.0,0.0,1,0.06827,134.4,0
512,8192,448.0,16.0,8,0.7,30000,30.0,0.27307,0.23488,0.33554,0.0,0.0,1,0.27307,134.4,0
512,8192,448.0,16.0,8,0.7,60000,30.0,0.13653,0.23488,0.33554,0.0,0.0,1,0.13653,134.4,0
512,8192,448.0,16.0,8,0.7,120000,30.0,0.06827,0.23488,0.33554,0.0,0.0,1,0.06827,134.4,0
512,8192,448.0,16.0,8,0.9,30000,0.2,0.27307,0.23488,0.26098,0.0765,0.19104,1,0.19657,44.8,1
512,8192,448.0,16.0,8,0.9,60000,0.2,0.13653,0.23488,0.26098,0.0765,0.19104,1,0.06003,44.8,1
512,8192,448.0,16.0,8,0.9,120000,0.2,0.06827,0.23488,0.26098,0.0765,0.19104,0,-0.00823,44.8,1
512,8192,448.0,16.0,8,0.9,30000,0.5,0.27307,0.23488,0.26098,0.01918,0.09161,1,0.25389,44.8,0
512,8192,448.0,16.0,8,0.9,60000,0.5,0.13653,0.23488,0.26098,0.01918,0.09161,1,0.11736,44.8,0
512,8192,448.0,16.0,8,0.9,120000,0.5,0.06827,0.23488,0.26098,0.01918,0.09161,1,0.04909,44.8,0
512,8192,448.0,16.0,8,0.9,30000,1.0,0.27307,0.23488,0.26098,0.00321,0.0,1,0.26986,44.8,0
512,8192,448.0,16.0,8,0.9,60000,1.0,0.13653,0.23488,0.26098,0.00321,0.0,1,0.13333,44.8,0
512,8192,448.0,16.0,8,0.9,120000,1.0,0.06827,0.23488,0.26098,0.00321,0.0,1,0.06506,44.8,0
512,8192,448.0,16.0,8,0.9,30000,2.0,0.27307,0.23488,0.26098,0.00028,0.0,1,0.27279,44.8,0
512,8192,448.0,16.0,8,0.9,60000,2.0,0.13653,0.23488,0.26098,0.00028,0.0,1,0.13625,44.8,0
512,8192,448.0,16.0,8,0.9,120000,2.0,0.06827,0.23488,0.26098,0.00028,0.0,1,0.06799,44.8,0
512,8192,448.0,16.0,8,0.9,30000,5.0,0.27307,0.23488,0.26098,0.0,0.0,1,0.27307,44.8,0
512,8192,448.0,16.0,8,0.9,60000,5.0,0.13653,0.23488,0.26098,0.0,0.0,1,0.13653,44.8,0
512,8192,448.0,16.0,8,0.9,120000,5.0,0.06827,0.23488,0.26098,0.0,0.0,1,0.06827,44.8,0
512,8192,448.0,16.0,8,0.9,30000,10.0,0.27307,0.23488,0.26098,0.0,0.0,1,0.27307,44.8,0
512,8192,448.0,16.0,8,0.9,60000,10.0,0.13653,0.23488,0.26098,0.0,0.0,1,0.13653,44.8,0
512,8192,448.0,16.0,8,0.9,120000,10.0,0.06827,0.23488,0.26098,0.0,0.0,1,0.06827,44.8,0
512,8192,448.0,16.0,8,0.9,30000,30.0,0.27307,0.23488,0.26098,0.0,0.0,1,0.27307,44.8,0
512,8192,448.0,16.0,8,0.9,60000,30.0,0.13653,0.23488,0.26098,0.0,0.0,1,0.13653,44.8,0
512,8192,448.0,16.0,8,0.9,120000,30.0,0.06827,0.23488,0.26098,0.0,0.0,1,0.06827,44.8,0
512,8192,448.0,16.0,8,0.99,30000,0.2,0.27307,0.23488,0.23725,0.05914,0.16438,1,0.21393,4.48,1
512,8192,448.0,16.0,8,0.99,60000,0.2,0.13653,0.23488,0.23725,0.05914,0.16438,1,0.07739,4.48,1
512,8192,448.0,16.0,8,0.99,120000,0.2,0.06827,0.23488,0.23725,0.05914,0.16438,1,0.00913,4.48,1
512,8192,448.0,16.0,8,0.99,30000,0.5,0.27307,0.23488,0.23725,0.01265,0.05661,1,0.26042,4.48,0
512,8192,448.0,16.0,8,0.99,60000,0.5,0.13653,0.23488,0.23725,0.01265,0.05661,1,0.12388,4.48,0
512,8192,448.0,16.0,8,0.99,120000,0.5,0.06827,0.23488,0.23725,0.01265,0.05661,1,0.05562,4.48,0
512,8192,448.0,16.0,8,0.99,30000,1.0,0.27307,0.23488,0.23725,0.00181,0.0,1,0.27126,4.48,0
512,8192,448.0,16.0,8,0.99,60000,1.0,0.13653,0.23488,0.23725,0.00181,0.0,1,0.13473,4.48,0
512,8192,448.0,16.0,8,0.99,120000,1.0,0.06827,0.23488,0.23725,0.00181,0.0,1,0.06646,4.48,0
512,8192,448.0,16.0,8,0.99,30000,2.0,0.27307,0.23488,0.23725,0.00018,0.0,1,0.27288,4.48,0
512,8192,448.0,16.0,8,0.99,60000,2.0,0.13653,0.23488,0.23725,0.00018,0.0,1,0.13635,4.48,0
512,8192,448.0,16.0,8,0.99,120000,2.0,0.06827,0.23488,0.23725,0.00018,0.0,1,0.06808,4.48,0
512,8192,448.0,16.0,8,0.99,30000,5.0,0.27307,0.23488,0.23725,0.0,0.0,1,0.27307,4.48,0
512,8192,448.0,16.0,8,0.99,60000,5.0,0.13653,0.23488,0.23725,0.0,0.0,1,0.13653,4.48,0
512,8192,448.0,16.0,8,0.99,120000,5.0,0.06827,0.23488,0.23725,0.0,0.0,1,0.06827,4.48,0
512,8192,448.0,16.0,8,0.99,30000,10.0,0.27307,0.23488,0.23725,0.0,0.0,1,0.27307,4.48,0
512,8192,448.0,16.0,8,0.99,60000,10.0,0.13653,0.23488,0.23725,0.0,0.0,1,0.13653,4.48,0
512,8192,448.0,16.0,8,0.99,120000,10.0,0.06827,0.23488,0.23725,0.0,0.0,1,0.06827,4.48,0
512,8192,448.0,16.0,8,0.99,30000,30.0,0.27307,0.23488,0.23725,0.0,0.0,1,0.27307,4.48,0
512,8192,448.0,16.0,8,0.99,60000,30.0,0.13653,0.23488,0.23725,0.0,0.0,1,0.13653,4.48,0
512,8192,448.0,16.0,8,0.99,120000,30.0,0.06827,0.23488,0.23725,0.0,0.0,1,0.06827,4.48,0
512,8192,448.0,16.0,16,0.5,30000,0.2,0.27307,0.46976,0.93952,0.66932,0.8694,0,-0.39625,224.0,1
512,8192,448.0,16.0,16,0.5,60000,0.2,0.13653,0.46976,0.93952,0.66932,0.8694,0,-0.53278,224.0,1
512,8192,448.0,16.0,16,0.5,120000,0.2,0.06827,0.46976,0.93952,0.66932,0.8694,0,-0.60105,224.0,1
512,8192,448.0,16.0,16,0.5,30000,0.5,0.27307,0.46976,0.93952,0.39979,0.76562,0,-0.12672,224.0,1
512,8192,448.0,16.0,16,0.5,60000,0.5,0.13653,0.46976,0.93952,0.39979,0.76562,0,-0.26325,224.0,1
512,8192,448.0,16.0,16,0.5,120000,0.5,0.06827,0.46976,0.93952,0.39979,0.76562,0,-0.33152,224.0,1
512,8192,448.0,16.0,16,0.5,30000,1.0,0.27307,0.46976,0.93952,0.19002,0.58973,1,0.08304,224.0,0
512,8192,448.0,16.0,16,0.5,60000,1.0,0.13653,0.46976,0.93952,0.19002,0.58973,0,-0.05349,224.0,0
512,8192,448.0,16.0,16,0.5,120000,1.0,0.06827,0.46976,0.93952,0.19002,0.58973,0,-0.12176,224.0,0
512,8192,448.0,16.0,16,0.5,30000,2.0,0.27307,0.46976,0.93952,0.0509,0.22536,1,0.22216,224.0,0
512,8192,448.0,16.0,16,0.5,60000,2.0,0.13653,0.46976,0.93952,0.0509,0.22536,1,0.08563,224.0,0
512,8192,448.0,16.0,16,0.5,120000,2.0,0.06827,0.46976,0.93952,0.0509,0.22536,1,0.01736,224.0,0
512,8192,448.0,16.0,16,0.5,30000,5.0,0.27307,0.46976,0.93952,0.00397,0.0,1,0.2691,224.0,0
512,8192,448.0,16.0,16,0.5,60000,5.0,0.13653,0.46976,0.93952,0.00397,0.0,1,0.13256,224.0,0
512,8192,448.0,16.0,16,0.5,120000,5.0,0.06827,0.46976,0.93952,0.00397,0.0,1,0.0643,224.0,0
512,8192,448.0,16.0,16,0.5,30000,10.0,0.27307,0.46976,0.93952,0.00019,0.0,1,0.27288,224.0,0
512,8192,448.0,16.0,16,0.5,60000,10.0,0.13653,0.46976,0.93952,0.00019,0.0,1,0.13635,224.0,0
512,8192,448.0,16.0,16,0.5,120000,10.0,0.06827,0.46976,0.93952,0.00019,0.0,1,0.06808,224.0,0
512,8192,448.0,16.0,16,0.5,30000,30.0,0.27307,0.46976,0.93952,0.0,0.0,1,0.27307,224.0,0
512,8192,448.0,16.0,16,0.5,60000,30.0,0.13653,0.46976,0.93952,0.0,0.0,1,0.13653,224.0,0
512,8192,448.0,16.0,16,0.5,120000,30.0,0.06827,0.46976,0.93952,0.0,0.0,1,0.06827,224.0,0
512,8192,448.0,16.0,16,0.7,30000,0.2,0.27307,0.46976,0.67109,0.41892,0.59928,0,-0.14585,134.4,1
512,8192,448.0,16.0,16,0.7,60000,0.2,0.13653,0.46976,0.67109,0.41892,0.59928,0,-0.28238,134.4,1
512,8192,448.0,16.0,16,0.7,120000,0.2,0.06827,0.46976,0.67109,0.41892,0.59928,0,-0.35065,134.4,1
512,8192,448.0,16.0,16,0.7,30000,0.5,0.27307,0.46976,0.67109,0.20425,0.49197,1,0.06882,134.4,1
512,8192,448.0,16.0,16,0.7,60000,0.5,0.13653,0.46976,0.67109,0.20425,0.49197,0,-0.06771,134.4,1
512,8192,448.0,16.0,16,0.7,120000,0.5,0.06827,0.46976,0.67109,0.20425,0.49197,0,-0.13598,134.4,1
512,8192,448.0,16.0,16,0.7,30000,1.0,0.27307,0.46976,0.67109,0.07386,0.31533,1,0.19921,134.4,0
512,8192,448.0,16.0,16,0.7,60000,1.0,0.13653,0.46976,0.67109,0.07386,0.31533,1,0.06268,134.4,0
512,8192,448.0,16.0,16,0.7,120000,1.0,0.06827,0.46976,0.67109,0.07386,0.31533,0,-0.00559,134.4,0
512,8192,448.0,16.0,16,0.7,30000,2.0,0.27307,0.46976,0.67109,0.01694,0.0,1,0.25613,134.4,0
512,8192,448.0,16.0,16,0.7,60000,2.0,0.13653,0.46976,0.67109,0.01694,0.0,1,0.11959,134.4,0
512,8192,448.0,16.0,16,0.7,120000,2.0,0.06827,0.46976,0.67109,0.01694,0.0,1,0.05133,134.4,0
512,8192,448.0,16.0,16,0.7,30000,5.0,0.27307,0.46976,0.67109,0.00109,0.0,1,0.27198,134.4,0
512,8192,448.0,16.0,16,0.7,60000,5.0,0.13653,0.46976,0.67109,0.00109,0.0,1,0.13544,134.4,0
512,8192,448.0,16.0,16,0.7,120000,5.0,0.06827,0.46976,0.67109,0.00109,0.0,1,0.06718,134.4,0
512,8192,448.0,16.0,16,0.7,30000,10.0,0.27307,0.46976,0.67109,0.0,0.0,1,0.27307,134.4,0
512,8192,448.0,16.0,16,0.7,60000,10.0,0.13653,0.46976,0.67109,0.0,0.0,1,0.13653,134.4,0
512,8192,448.0,16.0,16,0.7,120000,10.0,0.06827,0.46976,0.67109,0.0,0.0,1,0.06827,134.4,0
512,8192,448.0,16.0,16,0.7,30000,30.0,0.27307,0.46976,0.67109,0.0,0.0,1,0.27307,134.4,0
512,8192,448.0,16.0,16,0.7,60000,30.0,0.13653,0.46976,0.67109,0.0,0.0,1,0.13653,134.4,0
512,8192,448.0,16.0,16,0.7,120000,30.0,0.06827,0.46976,0.67109,0.0,0.0,1,0.06827,134.4,0
512,8192,448.0,16.0,16,0.9,30000,0.2,0.27307,0.46976,0.52196,0.28262,0.45229,0,-0.00956,44.8,1
512,8192,448.0,16.0,16,0.9,60000,0.2,0.13653,0.46976,0.52196,0.28262,0.45229,0,-0.14609,44.8,1
512,8192,448.0,16.0,16,0.9,120000,0.2,0.06827,0.46976,0.52196,0.28262,0.45229,0,-0.21436,44.8,1
512,8192,448.0,16.0,16,0.9,30000,0.5,0.27307,0.46976,0.52196,0.11564,0.34259,1,0.15742,44.8,1
512,8192,448.0,16.0,16,0.9,60000,0.5,0.13653,0.46976,0.52196,0.11564,0.34259,1,0.02089,44.8,1
512,8192,448.0,16.0,16,0.9,120000,0.5,0.06827,0.46976,0.52196,0.11564,0.34259,0,-0.04738,44.8,1
512,8192,448.0,16.0,16,0.9,30000,1.0,0.27307,0.46976,0.52196,0.03708,0.1702,1,0.23599,44.8,0
512,8192,448.0,16.0,16,0.9,60000,1.0,0.13653,0.46976,0.52196,0.03708,0.1702,1,0.09945,44.8,0
512,8192,448.0,16.0,16,0.9,120000,1.0,0.06827,0.46976,0.52196,0.03708,0.1702,1,0.03119,44.8,0
512,8192,448.0,16.0,16,0.9,30000,2.0,0.27307,0.46976,0.52196,0.00575,0.0,1,0.26731,44.8,0
512,8192,448.0,16.0,16,0.9,60000,2.0,0.13653,0.46976,0.52196,0.00575,0.0,1,0.13078,44.8,0
512,8192,448.0,16.0,16,0.9,120000,2.0,0.06827,0.46976,0.52196,0.00575,0.0,1,0.06251,44.8,0
512,8192,448.0,16.0,16,0.9,30000,5.0,0.27307,0.46976,0.52196,5e-05,0.0,1,0.27302,44.8,0
512,8192,448.0,16.0,16,0.9,60000,5.0,0.13653,0.46976,0.52196,5e-05,0.0,1,0.13649,44.8,0
512,8192,448.0,16.0,16,0.9,120000,5.0,0.06827,0.46976,0.52196,5e-05,0.0,1,0.06822,44.8,0
512,8192,448.0,16.0,16,0.9,30000,10.0,0.27307,0.46976,0.52196,0.0,0.0,1,0.27307,44.8,0
512,8192,448.0,16.0,16,0.9,60000,10.0,0.13653,0.46976,0.52196,0.0,0.0,1,0.13653,44.8,0
512,8192,448.0,16.0,16,0.9,120000,10.0,0.06827,0.46976,0.52196,0.0,0.0,1,0.06827,44.8,0
512,8192,448.0,16.0,16,0.9,30000,30.0,0.27307,0.46976,0.52196,0.0,0.0,1,0.27307,44.8,0
512,8192,448.0,16.0,16,0.9,60000,30.0,0.13653,0.46976,0.52196,0.0,0.0,1,0.13653,44.8,0
512,8192,448.0,16.0,16,0.9,120000,30.0,0.06827,0.46976,0.52196,0.0,0.0,1,0.06827,44.8,0
512,8192,448.0,16.0,16,0.99,30000,0.2,0.27307,0.46976,0.47451,0.23777,0.40315,1,0.03529,4.48,1
512,8192,448.0,16.0,16,0.99,60000,0.2,0.13653,0.46976,0.47451,0.23777,0.40315,0,-0.10124,4.48,1
512,8192,448.0,16.0,16,0.99,120000,0.2,0.06827,0.46976,0.47451,0.23777,0.40315,0,-0.16951,4.48,1
512,8192,448.0,16.0,16,0.99,30000,0.5,0.27307,0.46976,0.47451,0.08909,0.29493,1,0.18398,4.48,0
512,8192,448.0,16.0,16,0.99,60000,0.5,0.13653,0.46976,0.47451,0.08909,0.29493,1,0.04744,4.48,0
512,8192,448.0,16.0,16,0.99,120000,0.5,0.06827,0.46976,0.47451,0.08909,0.29493,0,-0.02082,4.48,0
512,8192,448.0,16.0,16,0.99,30000,1.0,0.27307,0.46976,0.47451,0.02916,0.13728,1,0.24391,4.48,0
512,8192,448.0,16.0,16,0.99,60000,1.0,0.13653,0.46976,0.47451,0.02916,0.13728,1,0.10737,4.48,0
512,8192,448.0,16.0,16,0.99,120000,1.0,0.06827,0.46976,0.47451,0.02916,0.13728,1,0.03911,4.48,0
512,8192,448.0,16.0,16,0.99,30000,2.0,0.27307,0.46976,0.47451,0.00464,0.0,1,0.26843,4.48,0
512,8192,448.0,16.0,16,0.99,60000,2.0,0.13653,0.46976,0.47451,0.00464,0.0,1,0.13189,4.48,0
512,8192,448.0,16.0,16,0.99,120000,2.0,0.06827,0.46976,0.47451,0.00464,0.0,1,0.06363,4.48,0
512,8192,448.0,16.0,16,0.99,30000,5.0,0.27307,0.46976,0.47451,0.00013,0.0,1,0.27294,4.48,0
512,8192,448.0,16.0,16,0.99,60000,5.0,0.13653,0.46976,0.47451,0.00013,0.0,1,0.13641,4.48,0
512,8192,448.0,16.0,16,0.99,120000,5.0,0.06827,0.46976,0.47451,0.00013,0.0,1,0.06814,4.48,0
512,8192,448.0,16.0,16,0.99,30000,10.0,0.27307,0.46976,0.47451,0.0,0.0,1,0.27307,4.48,0
512,8192,448.0,16.0,16,0.99,60000,10.0,0.13653,0.46976,0.47451,0.0,0.0,1,0.13653,4.48,0
512,8192,448.0,16.0,16,0.99,120000,10.0,0.06827,0.46976,0.47451,0.0,0.0,1,0.06827,4.48,0
512,8192,448.0,16.0,16,0.99,30000,30.0,0.27307,0.46976,0.47451,0.0,0.0,1,0.27307,4.48,0
512,8192,448.0,16.0,16,0.99,60000,30.0,0.13653,0.46976,0.47451,0.0,0.0,1,0.13653,4.48,0
512,8192,448.0,16.0,16,0.99,120000,30.0,0.06827,0.46976,0.47451,0.0,0.0,1,0.06827,4.48,0
512,8192,448.0,16.0,32,0.5,30000,0.2,0.27307,0.93952,1.87905,1.60037,1.80361,0,-1.3273,224.0,1
512,8192,448.0,16.0,32,0.5,60000,0.2,0.13653,0.93952,1.87905,1.60037,1.80361,0,-1.46384,224.0,1
512,8192,448.0,16.0,32,0.5,120000,0.2,0.06827,0.93952,1.87905,1.60037,1.80361,0,-1.5321,224.0,1
512,8192,448.0,16.0,32,0.5,30000,0.5,0.27307,0.93952,1.87905,1.23648,1.69559,0,-0.96341,224.0,1
512,8192,448.0,16.0,32,0.5,60000,0.5,0.13653,0.93952,1.87905,1.23648,1.69559,0,-1.09995,224.0,1
512,8192,448.0,16.0,32,0.5,120000,0.5,0.06827,0.93952,1.87905,1.23648,1.69559,0,-1.16821,224.0,1
512,8192,448.0,16.0,32,0.5,30000,1.0,0.27307,0.93952,1.87905,0.78174,1.51637,0,-0.50868,224.0,1
512,8192,448.0,16.0,32,0.5,60000,1.0,0.13653,0.93952,1.87905,0.78174,1.51637,0,-0.64521,224.0,1
512,8192,448.0,16.0,32,0.5,120000,1.0,0.06827,0.93952,1.87905,0.78174,1.51637,0,-0.71348,224.0,1
512,8192,448.0,16.0,32,0.5,30000,2.0,0.27307,0.93952,1.87905,0.36247,1.17851,0,-0.08941,224.0,0
512,8192,448.0,16.0,32,0.5,60000,2.0,0.13653,0.93952,1.87905,0.36247,1.17851,0,-0.22594,224.0,0
512,8192,448.0,16.0,32,0.5,120000,2.0,0.06827,0.93952,1.87905,0.36247,1.17851,0,-0.29421,224.0,0
512,8192,448.0,16.0,32,0.5,30000,5.0,0.27307,0.93952,1.87905,0.05866,0.05312,1,0.2144,224.0,0
512,8192,448.0,16.0,32,0.5,60000,5.0,0.13653,0.93952,1.87905,0.05866,0.05312,1,0.07787,224.0,0
512,8192,448.0,16.0,32,0.5,120000,5.0,0.06827,0.93952,1.87905,0.05866,0.05312,1,0.0096,224.0,0
512,8192,448.0,16.0,32,0.5,30000,10.0,0.27307,0.93952,1.87905,0.00985,0.0,1,0.26322,224.0,0
512,8192,448.0,16.0,32,0.5,60000,10.0,0.13653,0.93952,1.87905,0.00985,0.0,1,0.12669,224.0,0
512,8192,448.0,16.0,32,0.5,120000,10.0,0.06827,0.93952,1.87905,0.00985,0.0,1,0.05842,224.0,0
512,8192,448.0,16.0,32,0.5,30000,30.0,0.27307,0.93952,1.87905,0.0,0.0,1,0.27307,224.0,0
512,8192,448.0,16.0,32,0.5,60000,30.0,0.13653,0.93952,1.87905,0.0,0.0,1,0.13653,224.0,0
512,8192,448.0,16.0,32,0.5,120000,30.0,0.06827,0.93952,1.87905,0.0,0.0,1,0.06827,224.0,0
512,8192,448.0,16.0,32,0.7,30000,0.2,0.27307,0.93952,1.34218,1.06675,1.26946,0,-0.79368,134.4,1
512,8192,448.0,16.0,32,0.7,60000,0.2,0.13653,0.93952,1.34218,1.06675,1.26946,0,-0.93021,134.4,1
512,8192,448.0,16.0,32,0.7,120000,0.2,0.06827,0.93952,1.34218,1.06675,1.26946,0,-0.99848,134.4,1
512,8192,448.0,16.0,32,0.7,30000,0.5,0.27307,0.93952,1.34218,0.73945,1.16744,0,-0.46639,134.4,1
512,8192,448.0,16.0,32,0.7,60000,0.5,0.13653,0.93952,1.34218,0.73945,1.16744,0,-0.60292,134.4,1
512,8192,448.0,16.0,32,0.7,120000,0.5,0.06827,0.93952,1.34218,0.73945,1.16744,0,-0.67119,134.4,1
512,8192,448.0,16.0,32,0.7,30000,1.0,0.27307,0.93952,1.34218,0.41556,0.99114,0,-0.14249,134.4,1
512,8192,448.0,16.0,32,0.7,60000,1.0,0.13653,0.93952,1.34218,0.41556,0.99114,0,-0.27903,134.4,1
512,8192,448.0,16.0,32,0.7,120000,1.0,0.06827,0.93952,1.34218,0.41556,0.99114,0,-0.34729,134.4,1
512,8192,448.0,16.0,32,0.7,30000,2.0,0.27307,0.93952,1.34218,0.1426,0.61834,1,0.13046,134.4,0
512,8192,448.0,16.0,32,0.7,60000,2.0,0.13653,0.93952,1.34218,0.1426,0.61834,0,-0.00607,134.4,0
512,8192,448.0,16.0,32,0.7,120000,2.0,0.06827,0.93952,1.34218,0.1426,0.61834,0,-0.07434,134.4,0
512,8192,448.0,16.0,32,0.7,30000,5.0,0.27307,0.93952,1.34218,0.01852,0.0,1,0.25455,134.4,0
512,8192,448.0,16.0,32,0.7,60000,5.0,0.13653,0.93952,1.34218,0.01852,0.0,1,0.11802,134.4,0
512,8192,448.0,16.0,32,0.7,120000,5.0,0.06827,0.93952,1.34218,0.01852,0.0,1,0.04975,134.4,0
512,8192,448.0,16.0,32,0.7,30000,10.0,0.27307,0.93952,1.34218,0.00134,0.0,1,0.27172,134.4,0
512,8192,448.0,16.0,32,0.7,60000,10.0,0.13653,0.93952,1.34218,0.00134,0.0,1,0.13519,134.4,0
512,8192,448.0,16.0,32,0.7,120000,10.0,0.06827,0.93952,1.34218,0.00134,0.0,1,0.06692,134.4,0
512,8192,448.0,16.0,32,0.7,30000,30.0,0.27307,0.93952,1.34218,0.0,0.0,1,0.27307,134.4,0
512,8192,448.0,16.0,32,0.7,60000,30.0,0.13653,0.93952,1.34218,0.0,0.0,1,0.13653,134.4,0
512,8192,448.0,16.0,32,0.7,120000,30.0,0.06827,0.93952,1.34218,0.0,0.0,1,0.06827,134.4,0
512,8192,448.0,16.0,32,0.9,30000,0.2,0.27307,0.93952,1.04392,0.77967,0.97371,0,-0.5066,44.8,1
512,8192,448.0,16.0,32,0.9,60000,0.2,0.13653,0.93952,1.04392,0.77967,0.97371,0,-0.64314,44.8,1
512,8192,448.0,16.0,32,0.9,120000,0.2,0.06827,0.93952,1.04392,0.77967,0.97371,0,-0.7114,44.8,1
512,8192,448.0,16.0,32,0.9,30000,0.5,0.27307,0.93952,1.04392,0.47195,0.862,0,-0.19889,44.8,1
512,8192,448.0,16.0,32,0.9,60000,0.5,0.13653,0.93952,1.04392,0.47195,0.862,0,-0.33542,44.8,1
512,8192,448.0,16.0,32,0.9,120000,0.5,0.06827,0.93952,1.04392,0.47195,0.862,0,-0.40369,44.8,1
512,8192,448.0,16.0,32,0.9,30000,1.0,0.27307,0.93952,1.04392,0.23255,0.68364,1,0.04052,44.8,1
512,8192,448.0,16.0,32,0.9,60000,1.0,0.13653,0.93952,1.04392,0.23255,0.68364,0,-0.09602,44.8,1
512,8192,448.0,16.0,32,0.9,120000,1.0,0.06827,0.93952,1.04392,0.23255,0.68364,0,-0.16428,44.8,1
512,8192,448.0,16.0,32,0.9,30000,2.0,0.27307,0.93952,1.04392,0.07428,0.3465,1,0.19878,44.8,0
512,8192,448.0,16.0,32,0.9,60000,2.0,0.13653,0.93952,1.04392,0.07428,0.3465,1,0.06225,44.8,0
512,8192,448.0,16.0,32,0.9,120000,2.0,0.06827,0.93952,1.04392,0.07428,0.3465,0,-0.00602,44.8,0
512,8192,448.0,16.0,32,0.9,30000,5.0,0.27307,0.93952,1.04392,0.00674,0.0,1,0.26633,44.8,0
512,8192,448.0,16.0,32,0.9,60000,5.0,0.13653,0.93952,1.04392,0.00674,0.0,1,0.12979,44.8,0
512,8192,448.0,16.0,32,0.9,120000,5.0,0.06827,0.93952,1.04392,0.00674,0.0,1,0.06153,44.8,0
512,8192,448.0,16.0,32,0.9,30000,10.0,0.27307,0.93952,1.04392,0.00023,0.0,1,0.27284,44.8,0
512,8192,448.0,16.0,32,0.9,60000,10.0,0.13653,0.93952,1.04392,0.00023,0.0,1,0.1363,44.8,0
512,8192,448.0,16.0,32,0.9,120000,10.0,0.06827,0.93952,1.04392,0.00023,0.0,1,0.06804,44.8,0
512,8192,448.0,16.0,32,0.9,30000,30.0,0.27307,0.93952,1.04392,0.0,0.0,1,0.27307,44.8,0
512,8192,448.0,16.0,32,0.9,60000,30.0,0.13653,0.93952,1.04392,0.0,0.0,1,0.13653,44.8,0
512,8192,448.0,16.0,32,0.9,120000,30.0,0.06827,0.93952,1.04392,0.0,0.0,1,0.06827,44.8,0
512,8192,448.0,16.0,32,0.99,30000,0.2,0.27307,0.93952,0.94901,0.68876,0.87762,0,-0.41569,4.48,1
512,8192,448.0,16.0,32,0.99,60000,0.2,0.13653,0.93952,0.94901,0.68876,0.87762,0,-0.55223,4.48,1
512,8192,448.0,16.0,32,0.99,120000,0.2,0.06827,0.93952,0.94901,0.68876,0.87762,0,-0.62049,4.48,1
512,8192,448.0,16.0,32,0.99,30000,0.5,0.27307,0.93952,0.94901,0.4061,0.77893,0,-0.13303,4.48,1
512,8192,448.0,16.0,32,0.99,60000,0.5,0.13653,0.93952,0.94901,0.4061,0.77893,0,-0.26957,4.48,1
512,8192,448.0,16.0,32,0.99,120000,0.5,0.06827,0.93952,0.94901,0.4061,0.77893,0,-0.33783,4.48,1
512,8192,448.0,16.0,32,0.99,30000,1.0,0.27307,0.93952,0.94901,0.18529,0.58925,1,0.08778,4.48,0
512,8192,448.0,16.0,32,0.99,60000,1.0,0.13653,0.93952,0.94901,0.18529,0.58925,0,-0.04875,4.48,0
512,8192,448.0,16.0,32,0.99,120000,1.0,0.06827,0.93952,0.94901,0.18529,0.58925,0,-0.11702,4.48,0
512,8192,448.0,16.0,32,0.99,30000,2.0,0.27307,0.93952,0.94901,0.0526,0.23914,1,0.22047,4.48,0
512,8192,448.0,16.0,32,0.99,60000,2.0,0.13653,0.93952,0.94901,0.0526,0.23914,1,0.08393,4.48,0
512,8192,448.0,16.0,32,0.99,120000,2.0,0.06827,0.93952,0.94901,0.0526,0.23914,1,0.01567,4.48,0
512,8192,448.0,16.0,32,0.99,30000,5.0,0.27307,0.93952,0.94901,0.00327,0.0,1,0.26979,4.48,0
512,8192,448.0,16.0,32,0.99,60000,5.0,0.13653,0.93952,0.94901,0.00327,0.0,1,0.13326,4.48,0
512,8192,448.0,16.0,32,0.99,120000,5.0,0.06827,0.93952,0.94901,0.00327,0.0,1,0.06499,4.48,0
512,8192,448.0,16.0,32,0.99,30000,10.0,0.27307,0.93952,0.94901,0.00103,0.0,1,0.27204,4.48,0
512,8192,448.0,16.0,32,0.99,60000,10.0,0.13653,0.93952,0.94901,0.00103,0.0,1,0.1355,4.48,0
512,8192,448.0,16.0,32,0.99,120000,10.0,0.06827,0.93952,0.94901,0.00103,0.0,1,0.06724,4.48,0
512,8192,448.0,16.0,32,0.99,30000,30.0,0.27307,0.93952,0.94901,0.0,0.0,1,0.27307,4.48,0
512,8192,448.0,16.0,32,0.99,60000,30.0,0.13653,0.93952,0.94901,0.0,0.0,1,0.13653,4.48,0
512,8192,448.0,16.0,32,0.99,120000,30.0,0.06827,0.93952,0.94901,0.0,0.0,1,0.06827,4.48,0
512,8192,448.0,32.0,1,0.5,30000,0.2,0.27307,0.01468,0.02936,5e-05,0.0,1,0.27302,224.0,0
512,8192,448.0,32.0,1,0.5,60000,0.2,0.13653,0.01468,0.02936,5e-05,0.0,1,0.13649,224.0,0
512,8192,448.0,32.0,1,0.5,120000,0.2,0.06827,0.01468,0.02936,5e-05,0.0,1,0.06822,224.0,0
512,8192,448.0,32.0,1,0.5,30000,0.5,0.27307,0.01468,0.02936,0.0,0.0,1,0.27307,224.0,0
512,8192,448.0,32.0,1,0.5,60000,0.5,0.13653,0.01468,0.02936,0.0,0.0,1,0.13653,224.0,0
512,8192,448.0,32.0,1,0.5,120000,0.5,0.06827,0.01468,0.02936,0.0,0.0,1,0.06827,224.0,0
512,8192,448.0,32.0,1,0.5,30000,1.0,0.27307,0.01468,0.02936,0.0,0.0,1,0.27307,224.0,0
512,8192,448.0,32.0,1,0.5,60000,1.0,0.13653,0.01468,0.02936,0.0,0.0,1,0.13653,224.0,0
512,8192,448.0,32.0,1,0.5,120000,1.0,0.06827,0.01468,0.02936,0.0,0.0,1,0.06827,224.0,0
512,8192,448.0,32.0,1,0.5,30000,2.0,0.27307,0.01468,0.02936,0.0,0.0,1,0.27307,224.0,0
512,8192,448.0,32.0,1,0.5,60000,2.0,0.13653,0.01468,0.02936,0.0,0.0,1,0.13653,224.0,0
512,8192,448.0,32.0,1,0.5,120000,2.0,0.06827,0.01468,0.02936,0.0,0.0,1,0.06827,224.0,0
512,8192,448.0,32.0,1,0.5,30000,5.0,0.27307,0.01468,0.02936,0.0,0.0,1,0.27307,224.0,0
512,8192,448.0,32.0,1,0.5,60000,5.0,0.13653,0.01468,0.02936,0.0,0.0,1,0.13653,224.0,0
512,8192,448.0,32.0,1,0.5,120000,5.0,0.06827,0.01468,0.02936,0.0,0.0,1,0.06827,224.0,0
512,8192,448.0,32.0,1,0.5,30000,10.0,0.27307,0.01468,0.02936,0.0,0.0,1,0.27307,224.0,0
512,8192,448.0,32.0,1,0.5,60000,10.0,0.13653,0.01468,0.02936,0.0,0.0,1,0.13653,224.0,0
512,8192,448.0,32.0,1,0.5,120000,10.0,0.06827,0.01468,0.02936,0.0,0.0,1,0.06827,224.0,0
512,8192,448.0,32.0,1,0.5,30000,30.0,0.27307,0.01468,0.02936,0.0,0.0,1,0.27307,224.0,0
512,8192,448.0,32.0,1,0.5,60000,30.0,0.13653,0.01468,0.02936,0.0,0.0,1,0.13653,224.0,0
512,8192,448.0,32.0,1,0.5,120000,30.0,0.06827,0.01468,0.02936,0.0,0.0,1,0.06827,224.0,0
512,8192,448.0,32.0,1,0.7,30000,0.2,0.27307,0.01468,0.02097,1e-05,0.0,1,0.27305,134.4,0
512,8192,448.0,32.0,1,0.7,60000,0.2,0.13653,0.01468,0.02097,1e-05,0.0,1,0.13652,134.4,0
512,8192,448.0,32.0,1,0.7,120000,0.2,0.06827,0.01468,0.02097,1e-05,0.0,1,0.06825,134.4,0
512,8192,448.0,32.0,1,0.7,30000,0.5,0.27307,0.01468,0.02097,0.0,0.0,1,0.27307,134.4,0
512,8192,448.0,32.0,1,0.7,60000,0.5,0.13653,0.01468,0.02097,0.0,0.0,1,0.13653,134.4,0
512,8192,448.0,32.0,1,0.7,120000,0.5,0.06827,0.01468,0.02097,0.0,0.0,1,0.06827,134.4,0
512,8192,448.0,32.0,1,0.7,30000,1.0,0.27307,0.01468,0.02097,0.0,0.0,1,0.27307,134.4,0
512,8192,448.0,32.0,1,0.7,60000,1.0,0.13653,0.01468,0.02097,0.0,0.0,1,0.13653,134.4,0
512,8192,448.0,32.0,1,0.7,120000,1.0,0.06827,0.01468,0.02097,0.0,0.0,1,0.06827,134.4,0
512,8192,448.0,32.0,1,0.7,30000,2.0,0.27307,0.01468,0.02097,0.0,0.0,1,0.27307,134.4,0
512,8192,448.0,32.0,1,0.7,60000,2.0,0.13653,0.01468,0.02097,0.0,0.0,1,0.13653,134.4,0
512,8192,448.0,32.0,1,0.7,120000,2.0,0.06827,0.01468,0.02097,0.0,0.0,1,0.06827,134.4,0
512,8192,448.0,32.0,1,0.7,30000,5.0,0.27307,0.01468,0.02097,0.0,0.0,1,0.27307,134.4,0
512,8192,448.0,32.0,1,0.7,60000,5.0,0.13653,0.01468,0.02097,0.0,0.0,1,0.13653,134.4,0
512,8192,448.0,32.0,1,0.7,120000,5.0,0.06827,0.01468,0.02097,0.0,0.0,1,0.06827,134.4,0
512,8192,448.0,32.0,1,0.7,30000,10.0,0.27307,0.01468,0.02097,0.0,0.0,1,0.27307,134.4,0
512,8192,448.0,32.0,1,0.7,60000,10.0,0.13653,0.01468,0.02097,0.0,0.0,1,0.13653,134.4,0
512,8192,448.0,32.0,1,0.7,120000,10.0,0.06827,0.01468,0.02097,0.0,0.0,1,0.06827,134.4,0
512,8192,448.0,32.0,1,0.7,30000,30.0,0.27307,0.01468,0.02097,0.0,0.0,1,0.27307,134.4,0
512,8192,448.0,32.0,1,0.7,60000,30.0,0.13653,0.01468,0.02097,0.0,0.0,1,0.13653,134.4,0
512,8192,448.0,32.0,1,0.7,120000,30.0,0.06827,0.01468,0.02097,0.0,0.0,1,0.06827,134.4,0
512,8192,448.0,32.0,1,0.9,30000,0.2,0.27307,0.01468,0.01631,0.0,0.0,1,0.27307,44.8,0
512,8192,448.0,32.0,1,0.9,60000,0.2,0.13653,0.01468,0.01631,0.0,0.0,1,0.13653,44.8,0
512,8192,448.0,32.0,1,0.9,120000,0.2,0.06827,0.01468,0.01631,0.0,0.0,1,0.06827,44.8,0
512,8192,448.0,32.0,1,0.9,30000,0.5,0.27307,0.01468,0.01631,0.0,0.0,1,0.27307,44.8,0
512,8192,448.0,32.0,1,0.9,60000,0.5,0.13653,0.01468,0.01631,0.0,0.0,1,0.13653,44.8,0
512,8192,448.0,32.0,1,0.9,120000,0.5,0.06827,0.01468,0.01631,0.0,0.0,1,0.06827,44.8,0
512,8192,448.0,32.0,1,0.9,30000,1.0,0.27307,0.01468,0.01631,0.0,0.0,1,0.27307,44.8,0
512,8192,448.0,32.0,1,0.9,60000,1.0,0.13653,0.01468,0.01631,0.0,0.0,1,0.13653,44.8,0
512,8192,448.0,32.0,1,0.9,120000,1.0,0.06827,0.01468,0.01631,0.0,0.0,1,0.06827,44.8,0
512,8192,448.0,32.0,1,0.9,30000,2.0,0.27307,0.01468,0.01631,0.0,0.0,1,0.27307,44.8,0
512,8192,448.0,32.0,1,0.9,60000,2.0,0.13653,0.01468,0.01631,0.0,0.0,1,0.13653,44.8,0
512,8192,448.0,32.0,1,0.9,120000,2.0,0.06827,0.01468,0.01631,0.0,0.0,1,0.06827,44.8,0
512,8192,448.0,32.0,1,0.9,30000,5.0,0.27307,0.01468,0.01631,0.0,0.0,1,0.27307,44.8,0
512,8192,448.0,32.0,1,0.9,60000,5.0,0.13653,0.01468,0.01631,0.0,0.0,1,0.13653,44.8,0
512,8192,448.0,32.0,1,0.9,120000,5.0,0.06827,0.01468,0.01631,0.0,0.0,1,0.06827,44.8,0
512,8192,448.0,32.0,1,0.9,30000,10.0,0.27307,0.01468,0.01631,0.0,0.0,1,0.27307,44.8,0
512,8192,448.0,32.0,1,0.9,60000,10.0,0.13653,0.01468,0.01631,0.0,0.0,1,0.13653,44.8,0
512,8192,448.0,32.0,1,0.9,120000,10.0,0.06827,0.01468,0.01631,0.0,0.0,1,0.06827,44.8,0
512,8192,448.0,32.0,1,0.9,30000,30.0,0.27307,0.01468,0.01631,0.0,0.0,1,0.27307,44.8,0
512,8192,448.0,32.0,1,0.9,60000,30.0,0.13653,0.01468,0.01631,0.0,0.0,1,0.13653,44.8,0
512,8192,448.0,32.0,1,0.9,120000,30.0,0.06827,0.01468,0.01631,0.0,0.0,1,0.06827,44.8,0
512,8192,448.0,32.0,1,0.99,30000,0.2,0.27307,0.01468,0.01483,1e-05,0.0,1,0.27306,4.48,0
512,8192,448.0,32.0,1,0.99,60000,0.2,0.13653,0.01468,0.01483,1e-05,0.0,1,0.13653,4.48,0
512,8192,448.0,32.0,1,0.99,120000,0.2,0.06827,0.01468,0.01483,1e-05,0.0,1,0.06826,4.48,0
512,8192,448.0,32.0,1,0.99,30000,0.5,0.27307,0.01468,0.01483,0.0,0.0,1,0.27307,4.48,0
512,8192,448.0,32.0,1,0.99,60000,0.5,0.13653,0.01468,0.01483,0.0,0.0,1,0.13653,4.48,0
512,8192,448.0,32.0,1,0.99,120000,0.5,0.06827,0.01468,0.01483,0.0,0.0,1,0.06827,4.48,0
512,8192,448.0,32.0,1,0.99,30000,1.0,0.27307,0.01468,0.01483,0.0,0.0,1,0.27307,4.48,0
512,8192,448.0,32.0,1,0.99,60000,1.0,0.13653,0.01468,0.01483,0.0,0.0,1,0.13653,4.48,0
512,8192,448.0,32.0,1,0.99,120000,1.0,0.06827,0.01468,0.01483,0.0,0.0,1,0.06827,4.48,0
512,8192,448.0,32.0,1,0.99,30000,2.0,0.27307,0.01468,0.01483,0.0,0.0,1,0.27307,4.48,0
512,8192,448.0,32.0,1,0.99,60000,2.0,0.13653,0.01468,0.01483,0.0,0.0,1,0.13653,4.48,0
512,8192,448.0,32.0,1,0.99,120000,2.0,0.06827,0.01468,0.01483,0.0,0.0,1,0.06827,4.48,0
512,8192,448.0,32.0,1,0.99,30000,5.0,0.27307,0.01468,0.01483,0.0,0.0,1,0.27307,4.48,0
512,8192,448.0,32.0,1,0.99,60000,5.0,0.13653,0.01468,0.01483,0.0,0.0,1,0.13653,4.48,0
512,8192,448.0,32.0,1,0.99,120000,5.0,0.06827,0.01468,0.01483,0.0,0.0,1,0.06827,4.48,0
512,8192,448.0,32.0,1,0.99,30000,10.0,0.27307,0.01468,0.01483,0.0,0.0,1,0.27307,4.48,0
512,8192,448.0,32.0,1,0.99,60000,10.0,0.13653,0.01468,0.01483,0.0,0.0,1,0.13653,4.48,0
512,8192,448.0,32.0,1,0.99,120000,10.0,0.06827,0.01468,0.01483,0.0,0.0,1,0.06827,4.48,0
512,8192,448.0,32.0,1,0.99,30000,30.0,0.27307,0.01468,0.01483,0.0,0.0,1,0.27307,4.48,0
512,8192,448.0,32.0,1,0.99,60000,30.0,0.13653,0.01468,0.01483,0.0,0.0,1,0.13653,4.48,0
512,8192,448.0,32.0,1,0.99,120000,30.0,0.06827,0.01468,0.01483,0.0,0.0,1,0.06827,4.48,0
512,8192,448.0,32.0,2,0.5,30000,0.2,0.27307,0.02936,0.05872,0.00102,0.0,1,0.27205,224.0,0
512,8192,448.0,32.0,2,0.5,60000,0.2,0.13653,0.02936,0.05872,0.00102,0.0,1,0.13551,224.0,0
512,8192,448.0,32.0,2,0.5,120000,0.2,0.06827,0.02936,0.05872,0.00102,0.0,1,0.06725,224.0,0
512,8192,448.0,32.0,2,0.5,30000,0.5,0.27307,0.02936,0.05872,8e-05,0.0,1,0.27298,224.0,0
512,8192,448.0,32.0,2,0.5,60000,0.5,0.13653,0.02936,0.05872,8e-05,0.0,1,0.13645,224.0,0
512,8192,448.0,32.0,2,0.5,120000,0.5,0.06827,0.02936,0.05872,8e-05,0.0,1,0.06818,224.0,0
512,8192,448.0,32.0,2,0.5,30000,1.0,0.27307,0.02936,0.05872,1e-05,0.0,1,0.27306,224.0,0
512,8192,448.0,32.0,2,0.5,60000,1.0,0.13653,0.02936,0.05872,1e-05,0.0,1,0.13653,224.0,0
512,8192,448.0,32.0,2,0.5,120000,1.0,0.06827,0.02936,0.05872,1e-05,0.0,1,0.06826,224.0,0
512,8192,448.0,32.0,2,0.5,30000,2.0,0.27307,0.02936,0.05872,0.0,0.0,1,0.27307,224.0,0
512,8192,448.0,32.0,2,0.5,60000,2.0,0.13653,0.02936,0.05872,0.0,0.0,1,0.13653,224.0,0
512,8192,448.0,32.0,2,0.5,120000,2.0,0.06827,0.02936,0.05872,0.0,0.0,1,0.06827,224.0,0
512,8192,448.0,32.0,2,0.5,30000,5.0,0.27307,0.02936,0.05872,0.0,0.0,1,0.27307,224.0,0
512,8192,448.0,32.0,2,0.5,60000,5.0,0.13653,0.02936,0.05872,0.0,0.0,1,0.13653,224.0,0
512,8192,448.0,32.0,2,0.5,120000,5.0,0.06827,0.02936,0.05872,0.0,0.0,1,0.06827,224.0,0
512,8192,448.0,32.0,2,0.5,30000,10.0,0.27307,0.02936,0.05872,0.0,0.0,1,0.27307,224.0,0
512,8192,448.0,32.0,2,0.5,60000,10.0,0.13653,0.02936,0.05872,0.0,0.0,1,0.13653,224.0,0
512,8192,448.0,32.0,2,0.5,120000,10.0,0.06827,0.02936,0.05872,0.0,0.0,1,0.06827,224.0,0
512,8192,448.0,32.0,2,0.5,30000,30.0,0.27307,0.02936,0.05872,0.0,0.0,1,0.27307,224.0,0
512,8192,448.0,32.0,2,0.5,60000,30.0,0.13653,0.02936,0.05872,0.0,0.0,1,0.13653,224.0,0
512,8192,448.0,32.0,2,0.5,120000,30.0,0.06827,0.02936,0.05872,0.0,0.0,1,0.06827,224.0,0
512,8192,448.0,32.0,2,0.7,30000,0.2,0.27307,0.02936,0.04194,0.00018,0.0,1,0.27289,134.4,0
512,8192,448.0,32.0,2,0.7,60000,0.2,0.13653,0.02936,0.04194,0.00018,0.0,1,0.13635,134.4,0
512,8192,448.0,32.0,2,0.7,120000,0.2,0.06827,0.02936,0.04194,0.00018,0.0,1,0.06809,134.4,0
512,8192,448.0,32.0,2,0.7,30000,0.5,0.27307,0.02936,0.04194,0.0,0.0,1,0.27307,134.4,0
512,8192,448.0,32.0,2,0.7,60000,0.5,0.13653,0.02936,0.04194,0.0,0.0,1,0.13653,134.4,0
512,8192,448.0,32.0,2,0.7,120000,0.5,0.06827,0.02936,0.04194,0.0,0.0,1,0.06827,134.4,0
512,8192,448.0,32.0,2,0.7,30000,1.0,0.27307,0.02936,0.04194,0.0,0.0,1,0.27307,134.4,0
512,8192,448.0,32.0,2,0.7,60000,1.0,0.13653,0.02936,0.04194,0.0,0.0,1,0.13653,134.4,0
512,8192,448.0,32.0,2,0.7,120000,1.0,0.06827,0.02936,0.04194,0.0,0.0,1,0.06827,134.4,0
512,8192,448.0,32.0,2,0.7,30000,2.0,0.27307,0.02936,0.04194,0.0,0.0,1,0.27307,134.4,0
512,8192,448.0,32.0,2,0.7,60000,2.0,0.13653,0.02936,0.04194,0.0,0.0,1,0.13653,134.4,0
512,8192,448.0,32.0,2,0.7,120000,2.0,0.06827,0.02936,0.04194,0.0,0.0,1,0.06827,134.4,0
512,8192,448.0,32.0,2,0.7,30000,5.0,0.27307,0.02936,0.04194,0.0,0.0,1,0.27307,134.4,0
512,8192,448.0,32.0,2,0.7,60000,5.0,0.13653,0.02936,0.04194,0.0,0.0,1,0.13653,134.4,0
512,8192,448.0,32.0,2,0.7,120000,5.0,0.06827,0.02936,0.04194,0.0,0.0,1,0.06827,134.4,0
512,8192,448.0,32.0,2,0.7,30000,10.0,0.27307,0.02936,0.04194,0.0,0.0,1,0.27307,134.4,0
512,8192,448.0,32.0,2,0.7,60000,10.0,0.13653,0.02936,0.04194,0.0,0.0,1,0.13653,134.4,0
512,8192,448.0,32.0,2,0.7,120000,10.0,0.06827,0.02936,0.04194,0.0,0.0,1,0.06827,134.4,0
512,8192,448.0,32.0,2,0.7,30000,30.0,0.27307,0.02936,0.04194,0.0,0.0,1,0.27307,134.4,0
512,8192,448.0,32.0,2,0.7,60000,30.0,0.13653,0.02936,0.04194,0.0,0.0,1,0.13653,134.4,0
512,8192,448.0,32.0,2,0.7,120000,30.0,0.06827,0.02936,0.04194,0.0,0.0,1,0.06827,134.4,0
512,8192,448.0,32.0,2,0.9,30000,0.2,0.27307,0.02936,0.03262,0.0001,0.0,1,0.27297,44.8,0
512,8192,448.0,32.0,2,0.9,60000,0.2,0.13653,0.02936,0.03262,0.0001,0.0,1,0.13644,44.8,0
512,8192,448.0,32.0,2,0.9,120000,0.2,0.06827,0.02936,0.03262,0.0001,0.0,1,0.06817,44.8,0
512,8192,448.0,32.0,2,0.9,30000,0.5,0.27307,0.02936,0.03262,0.0,0.0,1,0.27307,44.8,0
512,8192,448.0,32.0,2,0.9,60000,0.5,0.13653,0.02936,0.03262,0.0,0.0,1,0.13653,44.8,0
512,8192,448.0,32.0,2,0.9,120000,0.5,0.06827,0.02936,0.03262,0.0,0.0,1,0.06827,44.8,0
512,8192,448.0,32.0,2,0.9,30000,1.0,0.27307,0.02936,0.03262,0.0,0.0,1,0.27307,44.8,0
512,8192,448.0,32.0,2,0.9,60000,1.0,0.13653,0.02936,0.03262,0.0,0.0,1,0.13653,44.8,0
512,8192,448.0,32.0,2,0.9,120000,1.0,0.06827,0.02936,0.03262,0.0,0.0,1,0.06827,44.8,0
512,8192,448.0,32.0,2,0.9,30000,2.0,0.27307,0.02936,0.03262,0.0,0.0,1,0.27307,44.8,0
512,8192,448.0,32.0,2,0.9,60000,2.0,0.13653,0.02936,0.03262,0.0,0.0,1,0.13653,44.8,0
512,8192,448.0,32.0,2,0.9,120000,2.0,0.06827,0.02936,0.03262,0.0,0.0,1,0.06827,44.8,0
512,8192,448.0,32.0,2,0.9,30000,5.0,0.27307,0.02936,0.03262,0.0,0.0,1,0.27307,44.8,0
512,8192,448.0,32.0,2,0.9,60000,5.0,0.13653,0.02936,0.03262,0.0,0.0,1,0.13653,44.8,0
512,8192,448.0,32.0,2,0.9,120000,5.0,0.06827,0.02936,0.03262,0.0,0.0,1,0.06827,44.8,0
512,8192,448.0,32.0,2,0.9,30000,10.0,0.27307,0.02936,0.03262,0.0,0.0,1,0.27307,44.8,0
512,8192,448.0,32.0,2,0.9,60000,10.0,0.13653,0.02936,0.03262,0.0,0.0,1,0.13653,44.8,0
512,8192,448.0,32.0,2,0.9,120000,10.0,0.06827,0.02936,0.03262,0.0,0.0,1,0.06827,44.8,0
512,8192,448.0,32.0,2,0.9,30000,30.0,0.27307,0.02936,0.03262,0.0,0.0,1,0.27307,44.8,0
512,8192,448.0,32.0,2,0.9,60000,30.0,0.13653,0.02936,0.03262,0.0,0.0,1,0.13653,44.8,0
512,8192,448.0,32.0,2,0.9,120000,30.0,0.06827,0.02936,0.03262,0.0,0.0,1,0.06827,44.8,0
512,8192,448.0,32.0,2,0.99,30000,0.2,0.27307,0.02936,0.02966,2e-05,0.0,1,0.27304,4.48,0
512,8192,448.0,32.0,2,0.99,60000,0.2,0.13653,0.02936,0.02966,2e-05,0.0,1,0.13651,4.48,0
512,8192,448.0,32.0,2,0.99,120000,0.2,0.06827,0.02936,0.02966,2e-05,0.0,1,0.06824,4.48,0
512,8192,448.0,32.0,2,0.99,30000,0.5,0.27307,0.02936,0.02966,0.0,0.0,1,0.27307,4.48,0
512,8192,448.0,32.0,2,0.99,60000,0.5,0.13653,0.02936,0.02966,0.0,0.0,1,0.13653,4.48,0
512,8192,448.0,32.0,2,0.99,120000,0.5,0.06827,0.02936,0.02966,0.0,0.0,1,0.06827,4.48,0
512,8192,448.0,32.0,2,0.99,30000,1.0,0.27307,0.02936,0.02966,0.0,0.0,1,0.27307,4.48,0
512,8192,448.0,32.0,2,0.99,60000,1.0,0.13653,0.02936,0.02966,0.0,0.0,1,0.13653,4.48,0
512,8192,448.0,32.0,2,0.99,120000,1.0,0.06827,0.02936,0.02966,0.0,0.0,1,0.06827,4.48,0
512,8192,448.0,32.0,2,0.99,30000,2.0,0.27307,0.02936,0.02966,0.0,0.0,1,0.27307,4.48,0
512,8192,448.0,32.0,2,0.99,60000,2.0,0.13653,0.02936,0.02966,0.0,0.0,1,0.13653,4.48,0
512,8192,448.0,32.0,2,0.99,120000,2.0,0.06827,0.02936,0.02966,0.0,0.0,1,0.06827,4.48,0
512,8192,448.0,32.0,2,0.99,30000,5.0,0.27307,0.02936,0.02966,0.0,0.0,1,0.27307,4.48,0
512,8192,448.0,32.0,2,0.99,60000,5.0,0.13653,0.02936,0.02966,0.0,0.0,1,0.13653,4.48,0
512,8192,448.0,32.0,2,0.99,120000,5.0,0.06827,0.02936,0.02966,0.0,0.0,1,0.06827,4.48,0
512,8192,448.0,32.0,2,0.99,30000,10.0,0.27307,0.02936,0.02966,0.0,0.0,1,0.27307,4.48,0
512,8192,448.0,32.0,2,0.99,60000,10.0,0.13653,0.02936,0.02966,0.0,0.0,1,0.13653,4.48,0
512,8192,448.0,32.0,2,0.99,120000,10.0,0.06827,0.02936,0.02966,0.0,0.0,1,0.06827,4.48,0
512,8192,448.0,32.0,2,0.99,30000,30.0,0.27307,0.02936,0.02966,0.0,0.0,1,0.27307,4.48,0
512,8192,448.0,32.0,2,0.99,60000,30.0,0.13653,0.02936,0.02966,0.0,0.0,1,0.13653,4.48,0
512,8192,448.0,32.0,2,0.99,120000,30.0,0.06827,0.02936,0.02966,0.0,0.0,1,0.06827,4.48,0
512,8192,448.0,32.0,4,0.5,30000,0.2,0.27307,0.05872,0.11744,0.01038,0.04728,1,0.26268,224.0,0
512,8192,448.0,32.0,4,0.5,60000,0.2,0.13653,0.05872,0.11744,0.01038,0.04728,1,0.12615,224.0,0
512,8192,448.0,32.0,4,0.5,120000,0.2,0.06827,0.05872,0.11744,0.01038,0.04728,1,0.05788,224.0,0
512,8192,448.0,32.0,4,0.5,30000,0.5,0.27307,0.05872,0.11744,0.0008,0.0,1,0.27227,224.0,0
512,8192,448.0,32.0,4,0.5,60000,0.5,0.13653,0.05872,0.11744,0.0008,0.0,1,0.13573,224.0,0
512,8192,448.0,32.0,4,0.5,120000,0.5,0.06827,0.05872,0.11744,0.0008,0.0,1,0.06747,224.0,0
512,8192,448.0,32.0,4,0.5,30000,1.0,0.27307,0.05872,0.11744,9e-05,0.0,1,0.27297,224.0,0
512,8192,448.0,32.0,4,0.5,60000,1.0,0.13653,0.05872,0.11744,9e-05,0.0,1,0.13644,224.0,0
512,8192,448.0,32.0,4,0.5,120000,1.0,0.06827,0.05872,0.11744,9e-05,0.0,1,0.06817,224.0,0
512,8192,448.0,32.0,4,0.5,30000,2.0,0.27307,0.05872,0.11744,0.0,0.0,1,0.27307,224.0,0
512,8192,448.0,32.0,4,0.5,60000,2.0,0.13653,0.05872,0.11744,0.0,0.0,1,0.13653,224.0,0
512,8192,448.0,32.0,4,0.5,120000,2.0,0.06827,0.05872,0.11744,0.0,0.0,1,0.06827,224.0,0
512,8192,448.0,32.0,4,0.5,30000,5.0,0.27307,0.05872,0.11744,0.0,0.0,1,0.27307,224.0,0
512,8192,448.0,32.0,4,0.5,60000,5.0,0.13653,0.05872,0.11744,0.0,0.0,1,0.13653,224.0,0
512,8192,448.0,32.0,4,0.5,120000,5.0,0.06827,0.05872,0.11744,0.0,0.0,1,0.06827,224.0,0
512,8192,448.0,32.0,4,0.5,30000,10.0,0.27307,0.05872,0.11744,0.0,0.0,1,0.27307,224.0,0
512,8192,448.0,32.0,4,0.5,60000,10.0,0.13653,0.05872,0.11744,0.0,0.0,1,0.13653,224.0,0
512,8192,448.0,32.0,4,0.5,120000,10.0,0.06827,0.05872,0.11744,0.0,0.0,1,0.06827,224.0,0
512,8192,448.0,32.0,4,0.5,30000,30.0,0.27307,0.05872,0.11744,0.0,0.0,1,0.27307,224.0,0
512,8192,448.0,32.0,4,0.5,60000,30.0,0.13653,0.05872,0.11744,0.0,0.0,1,0.13653,224.0,0
512,8192,448.0,32.0,4,0.5,120000,30.0,0.06827,0.05872,0.11744,0.0,0.0,1,0.06827,224.0,0
512,8192,448.0,32.0,4,0.7,30000,0.2,0.27307,0.05872,0.08389,0.0034,0.01327,1,0.26967,134.4,0
512,8192,448.0,32.0,4,0.7,60000,0.2,0.13653,0.05872,0.08389,0.0034,0.01327,1,0.13314,134.4,0
512,8192,448.0,32.0,4,0.7,120000,0.2,0.06827,0.05872,0.08389,0.0034,0.01327,1,0.06487,134.4,0
512,8192,448.0,32.0,4,0.7,30000,0.5,0.27307,0.05872,0.08389,0.00019,0.0,1,0.27287,134.4,0
512,8192,448.0,32.0,4,0.7,60000,0.5,0.13653,0.05872,0.08389,0.00019,0.0,1,0.13634,134.4,0
512,8192,448.0,32.0,4,0.7,120000,0.5,0.06827,0.05872,0.08389,0.00019,0.0,1,0.06807,134.4,0
512,8192,448.0,32.0,4,0.7,30000,1.0,0.27307,0.05872,0.08389,1e-05,0.0,1,0.27305,134.4,0
512,8192,448.0,32.0,4,0.7,60000,1.0,0.13653,0.05872,0.08389,1e-05,0.0,1,0.13652,134.4,0
512,8192,448.0,32.0,4,0.7,120000,1.0,0.06827,0.05872,0.08389,1e-05,0.0,1,0.06825,134.4,0
512,8192,448.0,32.0,4,0.7,30000,2.0,0.27307,0.05872,0.08389,0.0,0.0,1,0.27306,134.4,0
512,8192,448.0,32.0,4,0.7,60000,2.0,0.13653,0.05872,0.08389,0.0,0.0,1,0.13653,134.4,0
512,8192,448.0,32.0,4,0.7,120000,2.0,0.06827,0.05872,0.08389,0.0,0.0,1,0.06826,134.4,0
512,8192,448.0,32.0,4,0.7,30000,5.0,0.27307,0.05872,0.08389,0.0,0.0,1,0.27307,134.4,0
512,8192,448.0,32.0,4,0.7,60000,5.0,0.13653,0.05872,0.08389,0.0,0.0,1,0.13653,134.4,0
512,8192,448.0,32.0,4,0.7,120000,5.0,0.06827,0.05872,0.08389,0.0,0.0,1,0.06827,134.4,0
512,8192,448.0,32.0,4,0.7,30000,10.0,0.27307,0.05872,0.08389,0.0,0.0,1,0.27307,134.4,0
512,8192,448.0,32.0,4,0.7,60000,10.0,0.13653,0.05872,0.08389,0.0,0.0,1,0.13653,134.4,0
512,8192,448.0,32.0,4,0.7,120000,10.0,0.06827,0.05872,0.08389,0.0,0.0,1,0.06827,134.4,0
512,8192,448.0,32.0,4,0.7,30000,30.0,0.27307,0.05872,0.08389,0.0,0.0,1,0.27307,134.4,0
512,8192,448.0,32.0,4,0.7,60000,30.0,0.13653,0.05872,0.08389,0.0,0.0,1,0.13653,134.4,0
512,8192,448.0,32.0,4,0.7,120000,30.0,0.06827,0.05872,0.08389,0.0,0.0,1,0.06827,134.4,0
512,8192,448.0,32.0,4,0.9,30000,0.2,0.27307,0.05872,0.06524,0.0014,0.0,1,0.27166,44.8,0
512,8192,448.0,32.0,4,0.9,60000,0.2,0.13653,0.05872,0.06524,0.0014,0.0,1,0.13513,44.8,0
512,8192,448.0,32.0,4,0.9,120000,0.2,0.06827,0.05872,0.06524,0.0014,0.0,1,0.06686,44.8,0
512,8192,448.0,32.0,4,0.9,30000,0.5,0.27307,0.05872,0.06524,5e-05,0.0,1,0.27301,44.8,0
512,8192,448.0,32.0,4,0.9,60000,0.5,0.13653,0.05872,0.06524,5e-05,0.0,1,0.13648,44.8,0
512,8192,448.0,32.0,4,0.9,120000,0.5,0.06827,0.05872,0.06524,5e-05,0.0,1,0.06821,44.8,0
512,8192,448.0,32.0,4,0.9,30000,1.0,0.27307,0.05872,0.06524,0.0,0.0,1,0.27307,44.8,0
512,8192,448.0,32.0,4,0.9,60000,1.0,0.13653,0.05872,0.06524,0.0,0.0,1,0.13653,44.8,0
512,8192,448.0,32.0,4,0.9,120000,1.0,0.06827,0.05872,0.06524,0.0,0.0,1,0.06827,44.8,0
512,8192,448.0,32.0,4,0.9,30000,2.0,0.27307,0.05872,0.06524,0.0,0.0,1,0.27307,44.8,0
512,8192,448.0,32.0,4,0.9,60000,2.0,0.13653,0.05872,0.06524,0.0,0.0,1,0.13653,44.8,0
512,8192,448.0,32.0,4,0.9,120000,2.0,0.06827,0.05872,0.06524,0.0,0.0,1,0.06827,44.8,0
512,8192,448.0,32.0,4,0.9,30000,5.0,0.27307,0.05872,0.06524,0.0,0.0,1,0.27307,44.8,0
512,8192,448.0,32.0,4,0.9,60000,5.0,0.13653,0.05872,0.06524,0.0,0.0,1,0.13653,44.8,0
512,8192,448.0,32.0,4,0.9,120000,5.0,0.06827,0.05872,0.06524,0.0,0.0,1,0.06827,44.8,0
512,8192,448.0,32.0,4,0.9,30000,10.0,0.27307,0.05872,0.06524,0.0,0.0,1,0.27307,44.8,0
512,8192,448.0,32.0,4,0.9,60000,10.0,0.13653,0.05872,0.06524,0.0,0.0,1,0.13653,44.8,0
512,8192,448.0,32.0,4,0.9,120000,10.0,0.06827,0.05872,0.06524,0.0,0.0,1,0.06827,44.8,0
512,8192,448.0,32.0,4,0.9,30000,30.0,0.27307,0.05872,0.06524,0.0,0.0,1,0.27307,44.8,0
512,8192,448.0,32.0,4,0.9,60000,30.0,0.13653,0.05872,0.06524,0.0,0.0,1,0.13653,44.8,0
512,8192,448.0,32.0,4,0.9,120000,30.0,0.06827,0.05872,0.06524,0.0,0.0,1,0.06827,44.8,0
512,8192,448.0,32.0,4,0.99,30000,0.2,0.27307,0.05872,0.05931,0.00103,0.0,1,0.27203,4.48,0
512,8192,448.0,32.0,4,0.99,60000,0.2,0.13653,0.05872,0.05931,0.00103,0.0,1,0.1355,4.48,0
512,8192,448.0,32.0,4,0.99,120000,0.2,0.06827,0.05872,0.05931,0.00103,0.0,1,0.06723,4.48,0
512,8192,448.0,32.0,4,0.99,30000,0.5,0.27307,0.05872,0.05931,3e-05,0.0,1,0.27304,4.48,0
512,8192,448.0,32.0,4,0.99,60000,0.5,0.13653,0.05872,0.05931,3e-05,0.0,1,0.1365,4.48,0
512,8192,448.0,32.0,4,0.99,120000,0.5,0.06827,0.05872,0.05931,3e-05,0.0,1,0.06824,4.48,0
512,8192,448.0,32.0,4,0.99,30000,1.0,0.27307,0.05872,0.05931,0.0,0.0,1,0.27307,4.48,0
512,8192,448.0,32.0,4,0.99,60000,1.0,0.13653,0.05872,0.05931,0.0,0.0,1,0.13653,4.48,0
512,8192,448.0,32.0,4,0.99,120000,1.0,0.06827,0.05872,0.05931,0.0,0.0,1,0.06827,4.48,0
512,8192,448.0,32.0,4,0.99,30000,2.0,0.27307,0.05872,0.05931,0.0,0.0,1,0.27307,4.48,0
512,8192,448.0,32.0,4,0.99,60000,2.0,0.13653,0.05872,0.05931,0.0,0.0,1,0.13653,4.48,0
512,8192,448.0,32.0,4,0.99,120000,2.0,0.06827,0.05872,0.05931,0.0,0.0,1,0.06827,4.48,0
512,8192,448.0,32.0,4,0.99,30000,5.0,0.27307,0.05872,0.05931,0.0,0.0,1,0.27307,4.48,0
512,8192,448.0,32.0,4,0.99,60000,5.0,0.13653,0.05872,0.05931,0.0,0.0,1,0.13653,4.48,0
512,8192,448.0,32.0,4,0.99,120000,5.0,0.06827,0.05872,0.05931,0.0,0.0,1,0.06827,4.48,0
512,8192,448.0,32.0,4,0.99,30000,10.0,0.27307,0.05872,0.05931,0.0,0.0,1,0.27307,4.48,0
512,8192,448.0,32.0,4,0.99,60000,10.0,0.13653,0.05872,0.05931,0.0,0.0,1,0.13653,4.48,0
512,8192,448.0,32.0,4,0.99,120000,10.0,0.06827,0.05872,0.05931,0.0,0.0,1,0.06827,4.48,0
512,8192,448.0,32.0,4,0.99,30000,30.0,0.27307,0.05872,0.05931,0.0,0.0,1,0.27307,4.48,0
512,8192,448.0,32.0,4,0.99,60000,30.0,0.13653,0.05872,0.05931,0.0,0.0,1,0.13653,4.48,0
512,8192,448.0,32.0,4,0.99,120000,30.0,0.06827,0.05872,0.05931,0.0,0.0,1,0.06827,4.48,0
512,8192,448.0,32.0,8,0.5,30000,0.2,0.27307,0.11744,0.23488,0.06081,0.16233,1,0.21225,224.0,1
512,8192,448.0,32.0,8,0.5,60000,0.2,0.13653,0.11744,0.23488,0.06081,0.16233,1,0.07572,224.0,1
512,8192,448.0,32.0,8,0.5,120000,0.2,0.06827,0.11744,0.23488,0.06081,0.16233,1,0.00745,224.0,1
512,8192,448.0,32.0,8,0.5,30000,0.5,0.27307,0.11744,0.23488,0.01302,0.0621,1,0.26005,224.0,0
512,8192,448.0,32.0,8,0.5,60000,0.5,0.13653,0.11744,0.23488,0.01302,0.0621,1,0.12352,224.0,0
512,8192,448.0,32.0,8,0.5,120000,0.5,0.06827,0.11744,0.23488,0.01302,0.0621,1,0.05525,224.0,0
512,8192,448.0,32.0,8,0.5,30000,1.0,0.27307,0.11744,0.23488,0.00212,0.0,1,0.27094,224.0,0
512,8192,448.0,32.0,8,0.5,60000,1.0,0.13653,0.11744,0.23488,0.00212,0.0,1,0.13441,224.0,0
512,8192,448.0,32.0,8,0.5,120000,1.0,0.06827,0.11744,0.23488,0.00212,0.0,1,0.06614,224.0,0
512,8192,448.0,32.0,8,0.5,30000,2.0,0.27307,0.11744,0.23488,0.00029,0.0,1,0.27278,224.0,0
512,8192,448.0,32.0,8,0.5,60000,2.0,0.13653,0.11744,0.23488,0.00029,0.0,1,0.13625,224.0,0
512,8192,448.0,32.0,8,0.5,120000,2.0,0.06827,0.11744,0.23488,0.00029,0.0,1,0.06798,224.0,0
512,8192,448.0,32.0,8,0.5,30000,5.0,0.27307,0.11744,0.23488,0.0,0.0,1,0.27307,224.0,0
512,8192,448.0,32.0,8,0.5,60000,5.0,0.13653,0.11744,0.23488,0.0,0.0,1,0.13653,224.0,0
512,8192,448.0,32.0,8,0.5,120000,5.0,0.06827,0.11744,0.23488,0.0,0.0,1,0.06827,224.0,0
512,8192,448.0,32.0,8,0.5,30000,10.0,0.27307,0.11744,0.23488,0.0,0.0,1,0.27307,224.0,0
512,8192,448.0,32.0,8,0.5,60000,10.0,0.13653,0.11744,0.23488,0.0,0.0,1,0.13653,224.0,0
512,8192,448.0,32.0,8,0.5,120000,10.0,0.06827,0.11744,0.23488,0.0,0.0,1,0.06827,224.0,0
512,8192,448.0,32.0,8,0.5,30000,30.0,0.27307,0.11744,0.23488,0.0,0.0,1,0.27307,224.0,0
512,8192,448.0,32.0,8,0.5,60000,30.0,0.13653,0.11744,0.23488,0.0,0.0,1,0.13653,224.0,0
512,8192,448.0,32.0,8,0.5,120000,30.0,0.06827,0.11744,0.23488,0.0,0.0,1,0.06827,224.0,0
512,8192,448.0,32.0,8,0.7,30000,0.2,0.27307,0.11744,0.16777,0.02405,0.08991,1,0.24902,134.4,0
512,8192,448.0,32.0,8,0.7,60000,0.2,0.13653,0.11744,0.16777,0.02405,0.08991,1,0.11249,134.4,0
512,8192,448.0,32.0,8,0.7,120000,0.2,0.06827,0.11744,0.16777,0.02405,0.08991,1,0.04422,134.4,0
512,8192,448.0,32.0,8,0.7,30000,0.5,0.27307,0.11744,0.16777,0.00409,0.0,1,0.26898,134.4,0
512,8192,448.0,32.0,8,0.7,60000,0.5,0.13653,0.11744,0.16777,0.00409,0.0,1,0.13244,134.4,0
512,8192,448.0,32.0,8,0.7,120000,0.5,0.06827,0.11744,0.16777,0.00409,0.0,1,0.06418,134.4,0
512,8192,448.0,32.0,8,0.7,30000,1.0,0.27307,0.11744,0.16777,0.00051,0.0,1,0.27256,134.4,0
512,8192,448.0,32.0,8,0.7,60000,1.0,0.13653,0.11744,0.16777,0.00051,0.0,1,0.13603,134.4,0
512,8192,448.0,32.0,8,0.7,120000,1.0,0.06827,0.11744,0.16777,0.00051,0.0,1,0.06776,134.4,0
512,8192,448.0,32.0,8,0.7,30000,2.0,0.27307,0.11744,0.16777,4e-05,0.0,1,0.27303,134.4,0
512,8192,448.0,32.0,8,0.7,60000,2.0,0.13653,0.11744,0.16777,4e-05,0.0,1,0.13649,134.4,0
512,8192,448.0,32.0,8,0.7,120000,2.0,0.06827,0.11744,0.16777,4e-05,0.0,1,0.06823,134.4,0
512,8192,448.0,32.0,8,0.7,30000,5.0,0.27307,0.11744,0.16777,0.0,0.0,1,0.27307,134.4,0
512,8192,448.0,32.0,8,0.7,60000,5.0,0.13653,0.11744,0.16777,0.0,0.0,1,0.13653,134.4,0
512,8192,448.0,32.0,8,0.7,120000,5.0,0.06827,0.11744,0.16777,0.0,0.0,1,0.06827,134.4,0
512,8192,448.0,32.0,8,0.7,30000,10.0,0.27307,0.11744,0.16777,0.0,0.0,1,0.27307,134.4,0
512,8192,448.0,32.0,8,0.7,60000,10.0,0.13653,0.11744,0.16777,0.0,0.0,1,0.13653,134.4,0
512,8192,448.0,32.0,8,0.7,120000,10.0,0.06827,0.11744,0.16777,0.0,0.0,1,0.06827,134.4,0
512,8192,448.0,32.0,8,0.7,30000,30.0,0.27307,0.11744,0.16777,0.0,0.0,1,0.27307,134.4,0
512,8192,448.0,32.0,8,0.7,60000,30.0,0.13653,0.11744,0.16777,0.0,0.0,1,0.13653,134.4,0
512,8192,448.0,32.0,8,0.7,120000,30.0,0.06827,0.11744,0.16777,0.0,0.0,1,0.06827,134.4,0
512,8192,448.0,32.0,8,0.9,30000,0.2,0.27307,0.11744,0.13049,0.01327,0.05842,1,0.2598,44.8,0
512,8192,448.0,32.0,8,0.9,60000,0.2,0.13653,0.11744,0.13049,0.01327,0.05842,1,0.12327,44.8,0
512,8192,448.0,32.0,8,0.9,120000,0.2,0.06827,0.11744,0.13049,0.01327,0.05842,1,0.055,44.8,0
512,8192,448.0,32.0,8,0.9,30000,0.5,0.27307,0.11744,0.13049,0.00119,0.0,1,0.27187,44.8,0
512,8192,448.0,32.0,8,0.9,60000,0.5,0.13653,0.11744,0.13049,0.00119,0.0,1,0.13534,44.8,0
512,8192,448.0,32.0,8,0.9,120000,0.5,0.06827,0.11744,0.13049,0.00119,0.0,1,0.06707,44.8,0
512,8192,448.0,32.0,8,0.9,30000,1.0,0.27307,0.11744,0.13049,0.00011,0.0,1,0.27296,44.8,0
512,8192,448.0,32.0,8,0.9,60000,1.0,0.13653,0.11744,0.13049,0.00011,0.0,1,0.13642,44.8,0
512,8192,448.0,32.0,8,0.9,120000,1.0,0.06827,0.11744,0.13049,0.00011,0.0,1,0.06816,44.8,0
512,8192,448.0,32.0,8,0.9,30000,2.0,0.27307,0.11744,0.13049,2e-05,0.0,1,0.27305,44.8,0
512,8192,448.0,32.0,8,0.9,60000,2.0,0.13653,0.11744,0.13049,2e-05,0.0,1,0.13651,44.8,0
512,8192,448.0,32.0,8,0.9,120000,2.0,0.06827,0.11744,0.13049,2e-05,0.0,1,0.06825,44.8,0
512,8192,448.0,32.0,8,0.9,30000,5.0,0.27307,0.11744,0.13049,0.0,0.0,1,0.27307,44.8,0
512,8192,448.0,32.0,8,0.9,60000,5.0,0.13653,0.11744,0.13049,0.0,0.0,1,0.13653,44.8,0
512,8192,448.0,32.0,8,0.9,120000,5.0,0.06827,0.11744,0.13049,0.0,0.0,1,0.06827,44.8,0
512,8192,448.0,32.0,8,0.9,30000,10.0,0.27307,0.11744,0.13049,0.0,0.0,1,0.27307,44.8,0
512,8192,448.0,32.0,8,0.9,60000,10.0,0.13653,0.11744,0.13049,0.0,0.0,1,0.13653,44.8,0
512,8192,448.0,32.0,8,0.9,120000,10.0,0.06827,0.11744,0.13049,0.0,0.0,1,0.06827,44.8,0
512,8192,448.0,32.0,8,0.9,30000,30.0,0.27307,0.11744,0.13049,0.0,0.0,1,0.27307,44.8,0
512,8192,448.0,32.0,8,0.9,60000,30.0,0.13653,0.11744,0.13049,0.0,0.0,1,0.13653,44.8,0
512,8192,448.0,32.0,8,0.9,120000,30.0,0.06827,0.11744,0.13049,0.0,0.0,1,0.06827,44.8,0
512,8192,448.0,32.0,8,0.99,30000,0.2,0.27307,0.11744,0.11863,0.01072,0.0481,1,0.26234,4.48,0
512,8192,448.0,32.0,8,0.99,60000,0.2,0.13653,0.11744,0.11863,0.01072,0.0481,1,0.12581,4.48,0
512,8192,448.0,32.0,8,0.99,120000,0.2,0.06827,0.11744,0.11863,0.01072,0.0481,1,0.05754,4.48,0
512,8192,448.0,32.0,8,0.99,30000,0.5,0.27307,0.11744,0.11863,0.00101,0.0,1,0.27205,4.48,0
512,8192,448.0,32.0,8,0.99,60000,0.5,0.13653,0.11744,0.11863,0.00101,0.0,1,0.13552,4.48,0
512,8192,448.0,32.0,8,0.99,120000,0.5,0.06827,0.11744,0.11863,0.00101,0.0,1,0.06725,4.48,0
512,8192,448.0,32.0,8,0.99,30000,1.0,0.27307,0.11744,0.11863,8e-05,0.0,1,0.27299,4.48,0
512,8192,448.0,32.0,8,0.99,60000,1.0,0.13653,0.11744,0.11863,8e-05,0.0,1,0.13646,4.48,0
512,8192,448.0,32.0,8,0.99,120000,1.0,0.06827,0.11744,0.11863,8e-05,0.0,1,0.06819,4.48,0
512,8192,448.0,32.0,8,0.99,30000,2.0,0.27307,0.11744,0.11863,0.0,0.0,1,0.27307,4.48,0
512,8192,448.0,32.0,8,0.99,60000,2.0,0.13653,0.11744,0.11863,0.0,0.0,1,0.13653,4.48,0
512,8192,448.0,32.0,8,0.99,120000,2.0,0.06827,0.11744,0.11863,0.0,0.0,1,0.06827,4.48,0
512,8192,448.0,32.0,8,0.99,30000,5.0,0.27307,0.11744,0.11863,0.0,0.0,1,0.27307,4.48,0
512,8192,448.0,32.0,8,0.99,60000,5.0,0.13653,0.11744,0.11863,0.0,0.0,1,0.13653,4.48,0
512,8192,448.0,32.0,8,0.99,120000,5.0,0.06827,0.11744,0.11863,0.0,0.0,1,0.06827,4.48,0
512,8192,448.0,32.0,8,0.99,30000,10.0,0.27307,0.11744,0.11863,0.0,0.0,1,0.27307,4.48,0
512,8192,448.0,32.0,8,0.99,60000,10.0,0.13653,0.11744,0.11863,0.0,0.0,1,0.13653,4.48,0
512,8192,448.0,32.0,8,0.99,120000,10.0,0.06827,0.11744,0.11863,0.0,0.0,1,0.06827,4.48,0
512,8192,448.0,32.0,8,0.99,30000,30.0,0.27307,0.11744,0.11863,0.0,0.0,1,0.27307,4.48,0
512,8192,448.0,32.0,8,0.99,60000,30.0,0.13653,0.11744,0.11863,0.0,0.0,1,0.13653,4.48,0
512,8192,448.0,32.0,8,0.99,120000,30.0,0.06827,0.11744,0.11863,0.0,0.0,1,0.06827,4.48,0
512,8192,448.0,32.0,16,0.5,30000,0.2,0.27307,0.23488,0.46976,0.23943,0.4026,1,0.03363,224.0,1
512,8192,448.0,32.0,16,0.5,60000,0.2,0.13653,0.23488,0.46976,0.23943,0.4026,0,-0.1029,224.0,1
512,8192,448.0,32.0,16,0.5,120000,0.2,0.06827,0.23488,0.46976,0.23943,0.4026,0,-0.17117,224.0,1
512,8192,448.0,32.0,16,0.5,30000,0.5,0.27307,0.23488,0.46976,0.08538,0.28863,1,0.18769,224.0,0
512,8192,448.0,32.0,16,0.5,60000,0.5,0.13653,0.23488,0.46976,0.08538,0.28863,1,0.05116,224.0,0
512,8192,448.0,32.0,16,0.5,120000,0.5,0.06827,0.23488,0.46976,0.08538,0.28863,0,-0.01711,224.0,0
512,8192,448.0,32.0,16,0.5,30000,1.0,0.27307,0.23488,0.46976,0.02689,0.12873,1,0.24618,224.0,0
512,8192,448.0,32.0,16,0.5,60000,1.0,0.13653,0.23488,0.46976,0.02689,0.12873,1,0.10964,224.0,0
512,8192,448.0,32.0,16,0.5,120000,1.0,0.06827,0.23488,0.46976,0.02689,0.12873,1,0.04138,224.0,0
512,8192,448.0,32.0,16,0.5,30000,2.0,0.27307,0.23488,0.46976,0.00451,0.0,1,0.26856,224.0,0
512,8192,448.0,32.0,16,0.5,60000,2.0,0.13653,0.23488,0.46976,0.00451,0.0,1,0.13203,224.0,0
512,8192,448.0,32.0,16,0.5,120000,2.0,0.06827,0.23488,0.46976,0.00451,0.0,1,0.06376,224.0,0
512,8192,448.0,32.0,16,0.5,30000,5.0,0.27307,0.23488,0.46976,0.00032,0.0,1,0.27275,224.0,0
512,8192,448.0,32.0,16,0.5,60000,5.0,0.13653,0.23488,0.46976,0.00032,0.0,1,0.13622,224.0,0
512,8192,448.0,32.0,16,0.5,120000,5.0,0.06827,0.23488,0.46976,0.00032,0.0,1,0.06795,224.0,0
512,8192,448.0,32.0,16,0.5,30000,10.0,0.27307,0.23488,0.46976,0.0,0.0,1,0.27307,224.0,0
512,8192,448.0,32.0,16,0.5,60000,10.0,0.13653,0.23488,0.46976,0.0,0.0,1,0.13653,224.0,0
512,8192,448.0,32.0,16,0.5,120000,10.0,0.06827,0.23488,0.46976,0.0,0.0,1,0.06827,224.0,0
512,8192,448.0,32.0,16,0.5,30000,30.0,0.27307,0.23488,0.46976,0.0,0.0,1,0.27307,224.0,0
512,8192,448.0,32.0,16,0.5,60000,30.0,0.13653,0.23488,0.46976,0.0,0.0,1,0.13653,224.0,0
512,8192,448.0,32.0,16,0.5,120000,30.0,0.06827,0.23488,0.46976,0.0,0.0,1,0.06827,224.0,0
512,8192,448.0,32.0,16,0.7,30000,0.2,0.27307,0.23488,0.33554,0.12621,0.26352,1,0.14686,134.4,1
512,8192,448.0,32.0,16,0.7,60000,0.2,0.13653,0.23488,0.33554,0.12621,0.26352,1,0.01033,134.4,1
512,8192,448.0,32.0,16,0.7,120000,0.2,0.06827,0.23488,0.33554,0.12621,0.26352,0,-0.05794,134.4,1
512,8192,448.0,32.0,16,0.7,30000,0.5,0.27307,0.23488,0.33554,0.03421,0.1498,1,0.23886,134.4,0
512,8192,448.0,32.0,16,0.7,60000,0.5,0.13653,0.23488,0.33554,0.03421,0.1498,1,0.10233,134.4,0
512,8192,448.0,32.0,16,0.7,120000,0.5,0.06827,0.23488,0.33554,0.03421,0.1498,1,0.03406,134.4,0
512,8192,448.0,32.0,16,0.7,30000,1.0,0.27307,0.23488,0.33554,0.00873,0.0,1,0.26434,134.4,0
512,8192,448.0,32.0,16,0.7,60000,1.0,0.13653,0.23488,0.33554,0.00873,0.0,1,0.1278,134.4,0
512,8192,448.0,32.0,16,0.7,120000,1.0,0.06827,0.23488,0.33554,0.00873,0.0,1,0.05954,134.4,0
512,8192,448.0,32.0,16,0.7,30000,2.0,0.27307,0.23488,0.33554,0.00131,0.0,1,0.27175,134.4,0
512,8192,448.0,32.0,16,0.7,60000,2.0,0.13653,0.23488,0.33554,0.00131,0.0,1,0.13522,134.4,0
512,8192,448.0,32.0,16,0.7,120000,2.0,0.06827,0.23488,0.33554,0.00131,0.0,1,0.06695,134.4,0
512,8192,448.0,32.0,16,0.7,30000,5.0,0.27307,0.23488,0.33554,0.0,0.0,1,0.27307,134.4,0
512,8192,448.0,32.0,16,0.7,60000,5.0,0.13653,0.23488,0.33554,0.0,0.0,1,0.13653,134.4,0
512,8192,448.0,32.0,16,0.7,120000,5.0,0.06827,0.23488,0.33554,0.0,0.0,1,0.06827,134.4,0
512,8192,448.0,32.0,16,0.7,30000,10.0,0.27307,0.23488,0.33554,0.0,0.0,1,0.27307,134.4,0
512,8192,448.0,32.0,16,0.7,60000,10.0,0.13653,0.23488,0.33554,0.0,0.0,1,0.13653,134.4,0
512,8192,448.0,32.0,16,0.7,120000,10.0,0.06827,0.23488,0.33554,0.0,0.0,1,0.06827,134.4,0
512,8192,448.0,32.0,16,0.7,30000,30.0,0.27307,0.23488,0.33554,0.0,0.0,1,0.27307,134.4,0
512,8192,448.0,32.0,16,0.7,60000,30.0,0.13653,0.23488,0.33554,0.0,0.0,1,0.13653,134.4,0
512,8192,448.0,32.0,16,0.7,120000,30.0,0.06827,0.23488,0.33554,0.0,0.0,1,0.06827,134.4,0
512,8192,448.0,32.0,16,0.9,30000,0.2,0.27307,0.23488,0.26098,0.07698,0.18842,1,0.19609,44.8,1
512,8192,448.0,32.0,16,0.9,60000,0.2,0.13653,0.23488,0.26098,0.07698,0.18842,1,0.05955,44.8,1
512,8192,448.0,32.0,16,0.9,120000,0.2,0.06827,0.23488,0.26098,0.07698,0.18842,0,-0.00871,44.8,1
512,8192,448.0,32.0,16,0.9,30000,0.5,0.27307,0.23488,0.26098,0.01644,0.07387,1,0.25663,44.8,0
512,8192,448.0,32.0,16,0.9,60000,0.5,0.13653,0.23488,0.26098,0.01644,0.07387,1,0.1201,44.8,0
512,8192,448.0,32.0,16,0.9,120000,0.5,0.06827,0.23488,0.26098,0.01644,0.07387,1,0.05183,44.8,0
512,8192,448.0,32.0,16,0.9,30000,1.0,0.27307,0.23488,0.26098,0.0031,0.0,1,0.26996,44.8,0
512,8192,448.0,32.0,16,0.9,60000,1.0,0.13653,0.23488,0.26098,0.0031,0.0,1,0.13343,44.8,0
512,8192,448.0,32.0,16,0.9,120000,1.0,0.06827,0.23488,0.26098,0.0031,0.0,1,0.06516,44.8,0
512,8192,448.0,32.0,16,0.9,30000,2.0,0.27307,0.23488,0.26098,0.00018,0.0,1,0.27289,44.8,0
512,8192,448.0,32.0,16,0.9,60000,2.0,0.13653,0.23488,0.26098,0.00018,0.0,1,0.13635,44.8,0
512,8192,448.0,32.0,16,0.9,120000,2.0,0.06827,0.23488,0.26098,0.00018,0.0,1,0.06809,44.8,0
512,8192,448.0,32.0,16,0.9,30000,5.0,0.27307,0.23488,0.26098,0.0,0.0,1,0.27307,44.8,0
512,8192,448.0,32.0,16,0.9,60000,5.0,0.13653,0.23488,0.26098,0.0,0.0,1,0.13653,44.8,0
512,8192,448.0,32.0,16,0.9,120000,5.0,0.06827,0.23488,0.26098,0.0,0.0,1,0.06827,44.8,0
512,8192,448.0,32.0,16,0.9,30000,10.0,0.27307,0.23488,0.26098,0.0,0.0,1,0.27307,44.8,0
512,8192,448.0,32.0,16,0.9,60000,10.0,0.13653,0.23488,0.26098,0.0,0.0,1,0.13653,44.8,0
512,8192,448.0,32.0,16,0.9,120000,10.0,0.06827,0.23488,0.26098,0.0,0.0,1,0.06827,44.8,0
512,8192,448.0,32.0,16,0.9,30000,30.0,0.27307,0.23488,0.26098,0.0,0.0,1,0.27307,44.8,0
512,8192,448.0,32.0,16,0.9,60000,30.0,0.13653,0.23488,0.26098,0.0,0.0,1,0.13653,44.8,0
512,8192,448.0,32.0,16,0.9,120000,30.0,0.06827,0.23488,0.26098,0.0,0.0,1,0.06827,44.8,0
512,8192,448.0,32.0,16,0.99,30000,0.2,0.27307,0.23488,0.23725,0.05926,0.1649,1,0.21381,4.48,1
512,8192,448.0,32.0,16,0.99,60000,0.2,0.13653,0.23488,0.23725,0.05926,0.1649,1,0.07728,4.48,1
512,8192,448.0,32.0,16,0.99,120000,0.2,0.06827,0.23488,0.23725,0.05926,0.1649,1,0.00901,4.48,1
512,8192,448.0,32.0,16,0.99,30000,0.5,0.27307,0.23488,0.23725,0.01253,0.05707,1,0.26054,4.48,0
512,8192,448.0,32.0,16,0.99,60000,0.5,0.13653,0.23488,0.23725,0.01253,0.05707,1,0.12401,4.48,0
512,8192,448.0,32.0,16,0.99,120000,0.5,0.06827,0.23488,0.23725,0.01253,0.05707,1,0.05574,4.48,0
512,8192,448.0,32.0,16,0.99,30000,1.0,0.27307,0.23488,0.23725,0.00201,0.0,1,0.27106,4.48,0
512,8192,448.0,32.0,16,0.99,60000,1.0,0.13653,0.23488,0.23725,0.00201,0.0,1,0.13452,4.48,0
512,8192,448.0,32.0,16,0.99,120000,1.0,0.06827,0.23488,0.23725,0.00201,0.0,1,0.06626,4.48,0
512,8192,448.0,32.0,16,0.99,30000,2.0,0.27307,0.23488,0.23725,0.00019,0.0,1,0.27288,4.48,0
512,8192,448.0,32.0,16,0.99,60000,2.0,0.13653,0.23488,0.23725,0.00019,0.0,1,0.13635,4.48,0
512,8192,448.0,32.0,16,0.99,120000,2.0,0.06827,0.23488,0.23725,0.00019,0.0,1,0.06808,4.48,0
512,8192,448.0,32.0,16,0.99,30000,5.0,0.27307,0.23488,0.23725,0.0,0.0,1,0.27307,4.48,0
512,8192,448.0,32.0,16,0.99,60000,5.0,0.13653,0.23488,0.23725,0.0,0.0,1,0.13653,4.48,0
512,8192,448.0,32.0,16,0.99,120000,5.0,0.06827,0.23488,0.23725,0.0,0.0,1,0.06827,4.48,0
512,8192,448.0,32.0,16,0.99,30000,10.0,0.27307,0.23488,0.23725,0.0,0.0,1,0.27307,4.48,0
512,8192,448.0,32.0,16,0.99,60000,10.0,0.13653,0.23488,0.23725,0.0,0.0,1,0.13653,4.48,0
512,8192,448.0,32.0,16,0.99,120000,10.0,0.06827,0.23488,0.23725,0.0,0.0,1,0.06827,4.48,0
512,8192,448.0,32.0,16,0.99,30000,30.0,0.27307,0.23488,0.23725,0.0,0.0,1,0.27307,4.48,0
512,8192,448.0,32.0,16,0.99,60000,30.0,0.13653,0.23488,0.23725,0.0,0.0,1,0.13653,4.48,0
512,8192,448.0,32.0,16,0.99,120000,30.0,0.06827,0.23488,0.23725,0.0,0.0,1,0.06827,4.48,0
512,8192,448.0,32.0,32,0.5,30000,0.2,0.27307,0.46976,0.93952,0.67844,0.86939,0,-0.40537,224.0,1
512,8192,448.0,32.0,32,0.5,60000,0.2,0.13653,0.46976,0.93952,0.67844,0.86939,0,-0.5419,224.0,1
512,8192,448.0,32.0,32,0.5,120000,0.2,0.06827,0.46976,0.93952,0.67844,0.86939,0,-0.61017,224.0,1
512,8192,448.0,32.0,32,0.5,30000,0.5,0.27307,0.46976,0.93952,0.38951,0.75433,0,-0.11644,224.0,1
512,8192,448.0,32.0,32,0.5,60000,0.5,0.13653,0.46976,0.93952,0.38951,0.75433,0,-0.25297,224.0,1
512,8192,448.0,32.0,32,0.5,120000,0.5,0.06827,0.46976,0.93952,0.38951,0.75433,0,-0.32124,224.0,1
512,8192,448.0,32.0,32,0.5,30000,1.0,0.27307,0.46976,0.93952,0.1762,0.57037,1,0.09687,224.0,0
512,8192,448.0,32.0,32,0.5,60000,1.0,0.13653,0.46976,0.93952,0.1762,0.57037,0,-0.03966,224.0,0
512,8192,448.0,32.0,32,0.5,120000,1.0,0.06827,0.46976,0.93952,0.1762,0.57037,0,-0.10793,224.0,0
512,8192,448.0,32.0,32,0.5,30000,2.0,0.27307,0.46976,0.93952,0.05191,0.22403,1,0.22116,224.0,0
512,8192,448.0,32.0,32,0.5,60000,2.0,0.13653,0.46976,0.93952,0.05191,0.22403,1,0.08463,224.0,0
512,8192,448.0,32.0,32,0.5,120000,2.0,0.06827,0.46976,0.93952,0.05191,0.22403,1,0.01636,224.0,0
512,8192,448.0,32.0,32,0.5,30000,5.0,0.27307,0.46976,0.93952,0.0054,0.0,1,0.26766,224.0,0
512,8192,448.0,32.0,32,0.5,60000,5.0,0.13653,0.46976,0.93952,0.0054,0.0,1,0.13113,224.0,0
512,8192,448.0,32.0,32,0.5,120000,5.0,0.06827,0.46976,0.93952,0.0054,0.0,1,0.06286,224.0,0
512,8192,448.0,32.0,32,0.5,30000,10.0,0.27307,0.46976,0.93952,0.00023,0.0,1,0.27284,224.0,0
512,8192,448.0,32.0,32,0.5,60000,10.0,0.13653,0.46976,0.93952,0.00023,0.0,1,0.13631,224.0,0
512,8192,448.0,32.0,32,0.5,120000,10.0,0.06827,0.46976,0.93952,0.00023,0.0,1,0.06804,224.0,0
512,8192,448.0,32.0,32,0.5,30000,30.0,0.27307,0.46976,0.93952,0.0,0.0,1,0.27307,224.0,0
512,8192,448.0,32.0,32,0.5,60000,30.0,0.13653,0.46976,0.93952,0.0,0.0,1,0.13653,224.0,0
512,8192,448.0,32.0,32,0.5,120000,30.0,0.06827,0.46976,0.93952,0.0,0.0,1,0.06827,224.0,0
512,8192,448.0,32.0,32,0.7,30000,0.2,0.27307,0.46976,0.67109,0.41148,0.60193,0,-0.13841,134.4,1
512,8192,448.0,32.0,32,0.7,60000,0.2,0.13653,0.46976,0.67109,0.41148,0.60193,0,-0.27495,134.4,1
512,8192,448.0,32.0,32,0.7,120000,0.2,0.06827,0.46976,0.67109,0.41148,0.60193,0,-0.34321,134.4,1
512,8192,448.0,32.0,32,0.7,30000,0.5,0.27307,0.46976,0.67109,0.20189,0.48962,1,0.07118,134.4,1
512,8192,448.0,32.0,32,0.7,60000,0.5,0.13653,0.46976,0.67109,0.20189,0.48962,0,-0.06535,134.4,1
512,8192,448.0,32.0,32,0.7,120000,0.5,0.06827,0.46976,0.67109,0.20189,0.48962,0,-0.13362,134.4,1
512,8192,448.0,32.0,32,0.7,30000,1.0,0.27307,0.46976,0.67109,0.07244,0.30967,1,0.20063,134.4,0
512,8192,448.0,32.0,32,0.7,60000,1.0,0.13653,0.46976,0.67109,0.07244,0.30967,1,0.0641,134.4,0
512,8192,448.0,32.0,32,0.7,120000,1.0,0.06827,0.46976,0.67109,0.07244,0.30967,0,-0.00417,134.4,0
512,8192,448.0,32.0,32,0.7,30000,2.0,0.27307,0.46976,0.67109,0.01726,0.0,1,0.25581,134.4,0
512,8192,448.0,32.0,32,0.7,60000,2.0,0.13653,0.46976,0.67109,0.01726,0.0,1,0.11928,134.4,0
512,8192,448.0,32.0,32,0.7,120000,2.0,0.06827,0.46976,0.67109,0.01726,0.0,1,0.05101,134.4,0
512,8192,448.0,32.0,32,0.7,30000,5.0,0.27307,0.46976,0.67109,0.00079,0.0,1,0.27228,134.4,0
512,8192,448.0,32.0,32,0.7,60000,5.0,0.13653,0.46976,0.67109,0.00079,0.0,1,0.13574,134.4,0
512,8192,448.0,32.0,32,0.7,120000,5.0,0.06827,0.46976,0.67109,0.00079,0.0,1,0.06748,134.4,0
512,8192,448.0,32.0,32,0.7,30000,10.0,0.27307,0.46976,0.67109,0.00019,0.0,1,0.27288,134.4,0
512,8192,448.0,32.0,32,0.7,60000,10.0,0.13653,0.46976,0.67109,0.00019,0.0,1,0.13635,134.4,0
512,8192,448.0,32.0,32,0.7,120000,10.0,0.06827,0.46976,0.67109,0.00019,0.0,1,0.06808,134.4,0
512,8192,448.0,32.0,32,0.7,30000,30.0,0.27307,0.46976,0.67109,0.0,0.0,1,0.27307,134.4,0
512,8192,448.0,32.0,32,0.7,60000,30.0,0.13653,0.46976,0.67109,0.0,0.0,1,0.13653,134.4,0
512,8192,448.0,32.0,32,0.7,120000,30.0,0.06827,0.46976,0.67109,0.0,0.0,1,0.06827,134.4,0
512,8192,448.0,32.0,32,0.9,30000,0.2,0.27307,0.46976,0.52196,0.28409,0.44848,0,-0.01102,44.8,1
512,8192,448.0,32.0,32,0.9,60000,0.2,0.13653,0.46976,0.52196,0.28409,0.44848,0,-0.14756,44.8,1
512,8192,448.0,32.0,32,0.9,120000,0.2,0.06827,0.46976,0.52196,0.28409,0.44848,0,-0.21582,44.8,1
512,8192,448.0,32.0,32,0.9,30000,0.5,0.27307,0.46976,0.52196,0.1163,0.34306,1,0.15677,44.8,1
512,8192,448.0,32.0,32,0.9,60000,0.5,0.13653,0.46976,0.52196,0.1163,0.34306,1,0.02023,44.8,1
512,8192,448.0,32.0,32,0.9,120000,0.5,0.06827,0.46976,0.52196,0.1163,0.34306,0,-0.04803,44.8,1
512,8192,448.0,32.0,32,0.9,30000,1.0,0.27307,0.46976,0.52196,0.03751,0.1715,1,0.23556,44.8,0
512,8192,448.0,32.0,32,0.9,60000,1.0,0.13653,0.46976,0.52196,0.03751,0.1715,1,0.09902,44.8,0
512,8192,448.0,32.0,32,0.9,120000,1.0,0.06827,0.46976,0.52196,0.03751,0.1715,1,0.03076,44.8,0
512,8192,448.0,32.0,32,0.9,30000,2.0,0.27307,0.46976,0.52196,0.00645,0.0,1,0.26661,44.8,0
512,8192,448.0,32.0,32,0.9,60000,2.0,0.13653,0.46976,0.52196,0.00645,0.0,1,0.13008,44.8,0
512,8192,448.0,32.0,32,0.9,120000,2.0,0.06827,0.46976,0.52196,0.00645,0.0,1,0.06181,44.8,0
512,8192,448.0,32.0,32,0.9,30000,5.0,0.27307,0.46976,0.52196,0.00015,0.0,1,0.27291,44.8,0
512,8192,448.0,32.0,32,0.9,60000,5.0,0.13653,0.46976,0.52196,0.00015,0.0,1,0.13638,44.8,0
512,8192,448.0,32.0,32,0.9,120000,5.0,0.06827,0.46976,0.52196,0.00015,0.0,1,0.06811,44.8,0
512,8192,448.0,32.0,32,0.9,30000,10.0,0.27307,0.46976,0.52196,1e-05,0.0,1,0.27306,44.8,0
512,8192,448.0,32.0,32,0.9,60000,10.0,0.13653,0.46976,0.52196,1e-05,0.0,1,0.13652,44.8,0
512,8192,448.0,32.0,32,0.9,120000,10.0,0.06827,0.46976,0.52196,1e-05,0.0,1,0.06826,44.8,0
512,8192,448.0,32.0,32,0.9,30000,30.0,0.27307,0.46976,0.52196,0.0,0.0,1,0.27307,44.8,0
512,8192,448.0,32.0,32,0.9,60000,30.0,0.13653,0.46976,0.52196,0.0,0.0,1,0.13653,44.8,0
512,8192,448.0,32.0,32,0.9,120000,30.0,0.06827,0.46976,0.52196,0.0,0.0,1,0.06827,44.8,0
512,8192,448.0,32.0,32,0.99,30000,0.2,0.27307,0.46976,0.47451,0.23949,0.40431,1,0.03358,4.48,1
512,8192,448.0,32.0,32,0.99,60000,0.2,0.13653,0.46976,0.47451,0.23949,0.40431,0,-0.10295,4.48,1
512,8192,448.0,32.0,32,0.99,120000,0.2,0.06827,0.46976,0.47451,0.23949,0.40431,0,-0.17122,4.48,1
512,8192,448.0,32.0,32,0.99,30000,0.5,0.27307,0.46976,0.47451,0.0957,0.30157,1,0.17737,4.48,0
512,8192,448.0,32.0,32,0.99,60000,0.5,0.13653,0.46976,0.47451,0.0957,0.30157,1,0.04084,4.48,0
512,8192,448.0,32.0,32,0.99,120000,0.5,0.06827,0.46976,0.47451,0.0957,0.30157,0,-0.02743,4.48,0
512,8192,448.0,32.0,32,0.99,30000,1.0,0.27307,0.46976,0.47451,0.02629,0.12565,1,0.24677,4.48,0
512,8192,448.0,32.0,32,0.99,60000,1.0,0.13653,0.46976,0.47451,0.02629,0.12565,1,0.11024,4.48,0
512,8192,448.0,32.0,32,0.99,120000,1.0,0.06827,0.46976,0.47451,0.02629,0.12565,1,0.04197,4.48,0
512,8192,448.0,32.0,32,0.99,30000,2.0,0.27307,0.46976,0.47451,0.00399,0.0,1,0.26908,4.48,0
512,8192,448.0,32.0,32,0.99,60000,2.0,0.13653,0.46976,0.47451,0.00399,0.0,1,0.13255,4.48,0
512,8192,448.0,32.0,32,0.99,120000,2.0,0.06827,0.46976,0.47451,0.00399,0.0,1,0.06428,4.48,0
512,8192,448.0,32.0,32,0.99,30000,5.0,0.27307,0.46976,0.47451,3e-05,0.0,1,0.27304,4.48,0
512,8192,448.0,32.0,32,0.99,60000,5.0,0.13653,0.46976,0.47451,3e-05,0.0,1,0.13651,4.48,0
512,8192,448.0,32.0,32,0.99,120000,5.0,0.06827,0.46976,0.47451,3e-05,0.0,1,0.06824,4.48,0
512,8192,448.0,32.0,32,0.99,30000,10.0,0.27307,0.46976,0.47451,0.0,0.0,1,0.27307,4.48,0
512,8192,448.0,32.0,32,0.99,60000,10.0,0.13653,0.46976,0.47451,0.0,0.0,1,0.13653,4.48,0
512,8192,448.0,32.0,32,0.99,120000,10.0,0.06827,0.46976,0.47451,0.0,0.0,1,0.06827,4.48,0
512,8192,448.0,32.0,32,0.99,30000,30.0,0.27307,0.46976,0.47451,0.0,0.0,1,0.27307,4.48,0
512,8192,448.0,32.0,32,0.99,60000,30.0,0.13653,0.46976,0.47451,0.0,0.0,1,0.13653,4.48,0
512,8192,448.0,32.0,32,0.99,120000,30.0,0.06827,0.46976,0.47451,0.0,0.0,1,0.06827,4.48,0
